Date,Survival Overall Est,Survival Overall LCL 80,Survival Overall UCL 80,Survival Sacramento Est,Survival Sacramento LCL 80,Survival Sacramento UCL 80,Survival Yolo Est,Survival Yolo LCL 80,Survival Yolo UCL 80,Survival Sutter Est,Survival Sutter LCL 80,Survival Sutter UCL 80,Survival Steamboat Est,Survival Steamboat LCL 80,Survival Steamboat UCL 80,Survival Interior Delta Est,Survival Interior Delta LCL 80,Survival Interior Delta UCL 80,Routing Probability Sacramento Est,Routing Probability Sacramento LCL 80,Routing Probability Sacramento UCL 80,Routing Probability Yolo Est,Routing Probability Yolo LCL 80,Routing Probability Yolo UCL 80,Routing Probability Sutter Est,Routing Probability Sutter LCL 80,Routing Probability Sutter UCL 80,Routing Probability Steamboat Est,Routing Probability Steamboat LCL 80,Routing Probability Steamboat UCL 80,Routing Probability Interior Delta Est,Routing Probability Interior Delta LCL 80,Routing Probability Interior Delta UCL 80,Median Travel Time Overall Est,Median Travel Time Overall LCL 80,Median Travel Time Overall UCL 80,Median Travel Time Sacramento Est,Median Travel Time Sacramento LCL 80,Median Travel Time Sacramento UCL 80,Median Travel Time Yolo Est,Median Travel Time Yolo LCL 80,Median Travel Time Yolo UCL 80,Median Travel Time Sutter Est,Median Travel Time Sutter LCL 80,Median Travel Time Sutter UCL 80,Median Travel Time Steamboat Est,Median Travel Time Steamboat LCL 80,Median Travel Time Steamboat UCL 80,Median Travel Time Interior Delta Est,Median Travel Time Interior Delta LCL 80,Median Travel Time Interior Delta UCL 80
2024-10-01,0.0187162266963667,0.00210327285519848,0.0450178432991361,0.0185339050882129,0.00155145790662994,0.042494370385986,NA,NA,NA,0.031743146066958,0.00341956533856608,0.0749955595476251,0.0167064724492422,0.00114541590421725,0.0413730534942648,0.00794838394950302,0.000354011535583148,0.018757835661197,0.594827664061016,0.558263200282043,0.631012538093821,1.07025194063221e-09,3.97404618154532e-13,1.29169880573583e-09,0.136895953185427,0.113507903822799,0.162003540105387,0.138364975793566,0.116225030629796,0.160101090495128,0.129911405889739,0.103388950643972,0.159167548131172,6.26945458020905,5.70335577321824,6.58544624410729,5.799,5,6,NA,NA,NA,6.002,6,6,5.482,5,6,9.548,9,10
2024-10-02,0.0168574170094912,0.00184430121320712,0.0409988032028301,0.0164185405582513,0.00132213882913715,0.0376880285171633,NA,NA,NA,0.0299554344601057,0.00313055381909457,0.0714863511598342,0.0150547824071896,0.000994683924352979,0.0369989093120797,0.00700556915734363,0.000284272223120054,0.0170422347117699,0.592302193888263,0.554442917766502,0.629373931318683,1.15785661477497e-09,4.04002568910039e-13,1.34050284382684e-09,0.137265501416228,0.113295391197542,0.162873264930812,0.13982851769742,0.116831176941272,0.162801115271366,0.130603785840233,0.103394172971068,0.160986985012698,6.33087226246072,5.81080287545954,6.61259663033119,5.857,5,6,NA,NA,NA,6.012,6,6,5.549,5,6,9.653,9,11
2024-10-03,0.013462487358238,0.00128125260608259,0.0333897537259422,0.0128885565307346,0.000888365824434161,0.0302872525800524,NA,NA,NA,0.0250273528486931,0.00225749464847465,0.0606090085188519,0.0119566544562439,0.000664214891746868,0.029540335160384,0.00551555664801912,0.000180280339504853,0.0137638816453307,0.590268301372974,0.551559404810359,0.628127755601902,1.32766984428432e-09,3.77712295856728e-13,1.44593588705599e-09,0.137571482355684,0.113072112295455,0.163838284122165,0.141034721276017,0.117558698908949,0.164276657925738,0.131125493667655,0.103285846942801,0.162105028020661,6.45110595208968,6.22381344063712,6.6896282724988,5.941,6,6,NA,NA,NA,6.074,6,6,5.771,5,6,9.869,9,11
2024-10-04,0.0127169962051515,0.00125298165424888,0.0312459903785998,0.0120069387524206,0.000798169750712076,0.0284491756206511,NA,NA,NA,0.0245070865297538,0.0022403844521233,0.0593303848602057,0.0112234517804155,0.000612451685720524,0.0279342853579954,0.00515456090783352,0.000165518012583566,0.0130660398605577,0.588940585212655,0.549510143033487,0.627409311950021,1.52229266619261e-09,3.70401875107851e-13,1.5412209012177e-09,0.137775114530951,0.112882778888771,0.164476129440526,0.141834587950104,0.11793230488501,0.165977444947045,0.131449710783998,0.103068651519931,0.162803162140922,6.49618673848691,6.28093725789929,6.7170780196235,5.977,6,6,NA,NA,NA,6.072,6,6,5.829,5,6,9.975,9,11
2024-10-05,0.0117027306517927,0.00115198524396193,0.0283555546063435,0.0109605753169802,0.000683623870611885,0.0264462689125352,NA,NA,NA,0.0230613006445425,0.00199704068663683,0.0555201244945412,0.0102480605902574,0.000518750902272114,0.0252410733013135,0.0047037994183398,0.000142214437419699,0.0114400681859245,0.588181806223102,0.5483885237239,0.627053689384261,1.69984892609225e-09,3.7159897429279e-13,1.67735510317274e-09,0.13789142380449,0.112818512000582,0.164938119489814,0.14229131667534,0.118110215729385,0.167057590807586,0.131635451597219,0.102980543244908,0.163173388142546,6.52810811092271,6.31404370705562,6.73945025085555,6.001,6,6,NA,NA,NA,6.051,6,6,5.891,5,6,10.064,9,11
2024-10-06,0.00855487317680128,0.000655421137505209,0.0209326747301948,0.00800580268484302,0.000395221386072813,0.0191585586130469,NA,NA,NA,0.0169523541368416,0.0011352591948505,0.0433777274118751,0.00741770423826664,0.000291408256815684,0.0180747409123405,0.00341326953692121,7.77376533765576e-05,0.00809131099577064,0.58770715051032,0.547852140478292,0.626882132111337,1.81241089316453e-09,3.89591390715844e-13,1.76458766121417e-09,0.137959986243577,0.112655872461776,0.165202740562754,0.142562892978136,0.11818662071068,0.167534369895678,0.131769968455555,0.103056369779704,0.16341725774482,6.62931474356496,6.36788813833711,6.83385711877767,6.071,6,6,NA,NA,NA,6.119,6,7,6.049,6,6,10.275,9,11
2024-10-07,0.00662856480104313,0.000390472939719492,0.0165425473084992,0.00622136510343063,0.000256393265723376,0.0150296721960502,NA,NA,NA,0.0130715567660309,0.000709567798816939,0.0336488714139368,0.00574181359169052,0.000188733163970791,0.0140533222591337,0.00260642561594865,5.30365530404483e-05,0.00587078391242855,0.587212294984632,0.547302333878816,0.626733174425083,1.90830485206206e-09,4.12503342763039e-13,1.85822141055733e-09,0.138025018471349,0.112557821598966,0.165493176989097,0.142823962087042,0.118221820948951,0.16800688600592,0.131938722548672,0.10291630418106,0.163671782024104,6.85190064363146,6.40594018521517,7.35839738759167,6.292,6,7,NA,NA,NA,6.32,6,7,6.237,6,7,10.549,9,11
2024-10-08,0.00636812767598274,0.000380442764444632,0.0159658404768249,0.00598698582296034,0.00026011461939665,0.0142974215516307,NA,NA,NA,0.0124987431559418,0.000677572229002952,0.0311240665249172,0.00558579588466194,0.000196189006712808,0.0136028471440616,0.0024441405309815,5.5115932307731e-05,0.00536304609425482,0.586435478188097,0.546070533319203,0.626362936730034,2.01225531402731e-09,4.36690277915456e-13,1.95891793534454e-09,0.13812729451125,0.112540164063307,0.165930135450621,0.143233772921762,0.118257056740579,0.16887450350438,0.132203452366636,0.102756126803231,0.164328721506626,7.01072921549047,6.44497245890495,7.55707076952847,6.45,6,7,NA,NA,NA,6.532,6,7,6.37,6,7,10.686,9,12
2024-10-09,0.00721500553756249,0.00050908339543825,0.0183648895160576,0.00676512712806382,0.000350449066506885,0.0159509095013861,NA,NA,NA,0.0142004822134661,0.00090263431790406,0.035198394047775,0.00645767218990247,0.000278224163196106,0.015865189597491,0.00269211455098734,7.50686569262116e-05,0.00593798933383587,0.585256961553309,0.544205634597842,0.625698899799591,2.12913893422047e-09,4.64246698120626e-13,2.06679242282646e-09,0.138290170649025,0.112299698128744,0.166537593476859,0.143881038964847,0.118437719669471,0.169830107778412,0.13257182670368,0.1027548604335,0.165093234683367,7.01891493657232,6.45774728821999,7.59399547033479,6.444,6,7,NA,NA,NA,6.616,6,7,6.352,6,7,10.692,9,12
2024-10-10,0.00850286122095869,0.0007320272970779,0.0212324782387841,0.007903824467842,0.000496956094287046,0.0187691608887361,NA,NA,NA,0.0170032994675644,0.00135126855555419,0.0415435586368104,0.00774819139400904,0.000437844089156446,0.0190057966187074,0.00308128446084075,0.000104239510417923,0.00704363721242223,0.583801051727991,0.541786165207705,0.624957104203092,2.26057823874367e-09,5.00603619203852e-13,2.17969345020134e-09,0.138501363844664,0.111961942695827,0.167510726160903,0.144714004347394,0.118435467289055,0.171106166763905,0.132983577819373,0.102626704932882,0.165976612676104,7.07927585858205,6.47142876890723,7.63833162802003,6.505,6,7,NA,NA,NA,6.689,6,7,6.372,6,7,10.771,10,12
2024-10-11,0.0122508847186031,0.00148229847560662,0.0294803779391462,0.0112645138805726,0.0010248754054473,0.0268098357702292,NA,NA,NA,0.0250560964701645,0.00277301876870805,0.0605643828419962,0.0113262656784532,0.000851824377750511,0.0266568727158282,0.00431310346684492,0.000193992845953412,0.0101787545854194,0.582397114600464,0.53985797882834,0.624208997875985,2.41217709562293e-09,5.28488481040626e-13,2.29824340465926e-09,0.138713560881375,0.111573730695296,0.168497375867279,0.145545723579406,0.11856440787211,0.172336301931227,0.133343598526577,0.102484836564473,0.16677436659188,6.95417846573807,6.46253840462103,7.56552715608237,6.384,6,7,NA,NA,NA,6.526,6,7,6.227,6,7,10.68,10,12
2024-10-12,0.0171179944978066,0.00290207973843306,0.0381457948177392,0.0156379443807006,0.0018264365629798,0.0359552782511611,NA,NA,NA,0.0355154993686649,0.00501924357024736,0.0812719489732826,0.0159949297310481,0.00154750386591574,0.0380641592524263,0.00586955770363848,0.000354765394661982,0.0146692782061466,0.581355073666437,0.538170536425258,0.623621122585692,2.6539166587777e-09,5.32661509335739e-13,2.46275845383941e-09,0.138875264524733,0.111325803531999,0.168951083708688,0.146176934272035,0.118673813042957,0.173235212982797,0.133592724882878,0.102346889237841,0.167428823428015,6.83427894567191,6.41843439051948,7.40450394050238,6.276,6,7,NA,NA,NA,6.293,6,7,6.129,6,7,10.587,9,12
2024-10-13,0.0142105606496863,0.00215464214517077,0.0323558355334338,0.0130599863852065,0.00150425772640216,0.0302688016429499,NA,NA,NA,0.0291684010549255,0.00382000087761688,0.0678519646226017,0.0133669599103068,0.00123275796337724,0.0308521562466754,0.00474393835269573,0.000296933234826946,0.0110942369275581,0.58071338396447,0.537093080673667,0.623397771510264,2.91810978471348e-09,5.48801711538866e-13,2.60585454264511e-09,0.138974520370345,0.111083923222683,0.169162343100247,0.146564295885398,0.118750303376575,0.173695973016554,0.133747796861676,0.102277896160261,0.167852538858737,7.17846137146781,6.51645910785466,7.7835040599794,6.652,6,7,NA,NA,NA,6.509,6,7,6.476,6,7,10.926,10,12
2024-10-14,0.0122091667046138,0.00172941441571038,0.02770475445965,0.0113904633954027,0.00132086296092189,0.026523738348898,NA,NA,NA,0.024216700981075,0.00303563303709686,0.0571859368409789,0.0117124103582947,0.00118467723456689,0.026897537921977,0.00393867525389479,0.00028596233923922,0.00918641727944988,0.580287870591301,0.536505825252779,0.623188087486295,3.12642909020339e-09,5.84469151933733e-13,2.78404064559199e-09,0.139037898139553,0.111050098444069,0.16929467490702,0.146812827432595,0.118799124510494,0.174184896193766,0.133861400710121,0.102238142546742,0.168143376933178,7.65677718173766,6.82846111740861,8.4731523746202,7.153,6,8,NA,NA,NA,6.935,6,8,6.958,6,8,11.353,10,13
2024-10-15,0.0153841490672217,0.00272931277346045,0.0339560942956245,0.0145658507092302,0.00222845823002997,0.0328290212279102,NA,NA,NA,0.0293292170716522,0.00465950131806592,0.0668802603924821,0.0152411648346017,0.0020660100950659,0.0339668750387645,0.00478330437776291,0.000461030359732288,0.0106069515898883,0.579908807346309,0.53594226236882,0.622989981713024,3.31682508813683e-09,6.25166296871765e-13,2.94716501711898e-09,0.139092992562753,0.111031642636893,0.169436860519703,0.147029539720377,0.118855024090851,0.174623484336075,0.133968657053735,0.102228229207282,0.168413741419465,7.73572782276528,7.12002513372828,8.48623444806462,7.226,7,8,NA,NA,NA,7.067,6,8,7.038,6,8,11.401,10,13
2024-10-16,0.0225787000205553,0.0053749052996345,0.0458878225410318,0.0216507813465925,0.0045712273079559,0.0454907148832081,NA,NA,NA,0.0413626791964244,0.00900242386050007,0.0866581345567944,0.0231535923565066,0.0043054087550612,0.0490811978607753,0.00681212364570533,0.000904772965298271,0.0149589096166575,0.579526632128561,0.535368855355364,0.622797749159063,3.5374662017277e-09,6.59419513829153e-13,3.1262394334933e-09,0.139149882518397,0.110963188191404,0.169695643849466,0.147252507784662,0.118878412311858,0.175101594980602,0.134070974030913,0.102230097364583,0.168681588647818,7.61485545964963,7.03842612849732,8.39007713126224,7.097,7,8,NA,NA,NA,7.023,6,8,6.891,6,8,11.267,10,12
2024-10-17,0.0328852209225281,0.0107715808072085,0.0608276099879135,0.0318177844990831,0.00927811421642704,0.0622263719187037,NA,NA,NA,0.0582521200668775,0.0171243887658224,0.113417141738986,0.0347429550817854,0.00863944224818223,0.0699473537272331,0.00972294131016386,0.00174295529895903,0.0209872961223338,0.579199080325352,0.534874936475411,0.622639803696464,3.78039672995812e-09,6.85034585019114e-13,3.31662889367678e-09,0.139201261219933,0.110899313955522,0.169959147880599,0.147452452597961,0.118909376201082,0.175526047352843,0.134147202076358,0.102229122302404,0.168894971380903,7.52575052439462,6.92283427532993,8.09840582316106,6.998,6,8,NA,NA,NA,6.989,6,8,6.763,6,7,11.197,10,12
2024-10-18,0.0592619376993082,0.0278803298010418,0.0963329524671483,0.0575111184851843,0.023439199349867,0.10108072824962,NA,NA,NA,0.103374955758805,0.0439114611299303,0.175174065142632,0.0637842829136111,0.022445928419118,0.114957836980915,0.017331093823714,0.00425492540364542,0.0354729227138097,0.579011353545905,0.534670850072512,0.622555203777703,4.00903503803834e-09,7.21858546459423e-13,3.52283169247221e-09,0.139232551463552,0.110854009890437,0.170131285967117,0.147573336883483,0.118931194336073,0.175669233096294,0.134182754098025,0.102225377321508,0.169002026099663,7.26818687043602,6.60193487670852,7.71974276181108,6.741,6,7,NA,NA,NA,6.779,6,7,6.446,6,7,10.957,10,12
2024-10-19,0.103614474665442,0.0640974387445993,0.147300858435128,0.100604542878041,0.0527185307852911,0.158149307022125,NA,NA,NA,0.179712089670039,0.09888438538633,0.27279017004312,0.112646177980037,0.0472038553152487,0.186188827341222,0.0301170385618507,0.0089409846464915,0.0581347757458333,0.578959368898065,0.5346062440453,0.622532145041225,4.25170117438173e-09,7.6145508761259e-13,3.7733368616745e-09,0.139240890432466,0.110840646123191,0.170179963471952,0.147605899530526,0.118937151207331,0.17570204161585,0.134193836887241,0.102224104000864,0.169026336714584,6.93962659649288,6.47483258293657,7.48602565675003,6.392,6,7,NA,NA,NA,6.455,6,7,6.126,6,7,10.698,10,12
2024-10-20,0.119980266839195,0.079295760963463,0.165671003957164,0.116633289565464,0.0650254227130144,0.176393276410611,NA,NA,NA,0.207106548949598,0.122201063533045,0.306579136380441,0.131067388299908,0.0575589077622283,0.213005070277651,0.0346376244411735,0.010698380016332,0.0663160447417215,0.578915106030107,0.534543549417625,0.622522887611154,4.53143070104236e-09,7.97166379954886e-13,4.04042501021459e-09,0.139243772453756,0.110838565414591,0.170179195573047,0.147619496996652,0.118937558180974,0.175712058338365,0.134221619988054,0.102229207978353,0.169074674527878,6.87343945918188,6.44931359837471,7.43988385133054,6.312,6,7,NA,NA,NA,6.402,6,7,6.088,6,6,10.645,10,12
2024-10-21,0.120923825860185,0.0807076172729674,0.166359896178814,0.117729599496454,0.0667052781182758,0.176722793673113,NA,NA,NA,0.207557392711869,0.12360103829113,0.305105766652603,0.132832028962922,0.0594016751990343,0.213054589771338,0.0345824965244614,0.0109498073878637,0.0655422350065242,0.578722607775213,0.53425865859211,0.622453022929128,4.70693213273154e-09,8.7482027280645e-13,4.25191824473278e-09,0.139266527528095,0.11081189602411,0.170260317055029,0.147712068001972,0.118949451288245,0.175898498101783,0.134298791987788,0.102240263560354,0.169273592164897,6.8820331479102,6.44915737186172,7.45336216487784,6.321,6,7,NA,NA,NA,6.414,6,7,6.1,6,7,10.645,10,12
2024-10-22,0.121804886849813,0.0822099110841669,0.166483454542124,0.118640784531454,0.0678399879202886,0.177559872674647,NA,NA,NA,0.208107607197228,0.125806820071254,0.303164614613198,0.134879007016702,0.0614869558576723,0.214568668132435,0.0344537726834155,0.0111487632970445,0.0644854754320946,0.578332220284461,0.533715176306925,0.62230693331301,4.95671064099263e-09,9.38343748517879e-13,4.46392958120975e-09,0.139320755560579,0.110741179027844,0.170392850077427,0.147926717838846,0.118979189035043,0.176331817092097,0.134420301359404,0.102250940987067,0.169578535186407,6.88522032849958,6.45229858537879,7.4528532697225,6.317,6,7,NA,NA,NA,6.431,6,7,6.111,6,7,10.655,10,12
2024-10-23,0.123465745598524,0.0836596051293143,0.16689223484368,0.12016500012584,0.0701006002133276,0.178168021223445,NA,NA,NA,0.210534194484859,0.128215030991213,0.303889593517553,0.137830378577352,0.0642371441188085,0.218822773215152,0.0345595672735817,0.0114439538256898,0.0640476956462488,0.577850195228078,0.533022979812415,0.622102712735171,5.25762965952987e-09,9.9470080018057e-13,4.68195979866087e-09,0.139393027784992,0.110594779828895,0.170554933477054,0.148209467724021,0.119034127446003,0.177007122725137,0.13454730400528,0.102255635582912,0.169897749017247,6.90851170460054,6.46600391766393,7.47090573923779,6.342,6,7,NA,NA,NA,6.452,6,7,6.116,6,7,10.69,10,12
2024-10-24,0.130822202068155,0.0912183807637996,0.173747597159831,0.127207186427351,0.0762274818235086,0.18588360791901,NA,NA,NA,0.222968487899215,0.139506394495017,0.315541145598872,0.146934760908671,0.0702727182233061,0.228714821253222,0.0362718557046563,0.0123617898750878,0.0668550124280034,0.577444685687996,0.532141640678439,0.621928451045383,5.56293386522761e-09,1.06054242508437e-12,4.92156870744371e-09,0.139456731066126,0.110406077575926,0.170698738757749,0.148456918139435,0.119108130273345,0.177622862756412,0.134641659543508,0.102254733168935,0.17013771437354,6.93227830502962,6.4671470648615,7.48286605811752,6.374,6,7,NA,NA,NA,6.448,6,7,6.127,6,7,10.716,10,12
2024-10-25,0.135012603296825,0.0955869767983149,0.177471674001344,0.131470361938694,0.0814872101358051,0.188531765268858,NA,NA,NA,0.228947876742202,0.145189986676748,0.320528095196351,0.152351245455852,0.0742931953530466,0.234812586367459,0.0370432594845185,0.0131029103086218,0.0679694499127451,0.577201224849217,0.531750565711527,0.62182324744303,6.09542940592223e-09,1.06370830624433e-12,5.3018969513103e-09,0.139496226312646,0.110317560708252,0.170788467389501,0.148609516395144,0.119160098364045,0.178003036692637,0.134693026347564,0.102223538832111,0.170267995716014,7.01102172583169,6.48559195855223,7.53860774418509,6.474,6,7,NA,NA,NA,6.475,6,7,6.191,6,7,10.771,10,12
2024-10-26,0.141500337969635,0.102962456291767,0.183410553058178,0.138481808639244,0.0888417896080282,0.193734598564509,NA,NA,NA,0.236074436170214,0.153505886742626,0.324426843090001,0.161024102134342,0.082591252735444,0.242727417710868,0.0383489920673797,0.0142361549630423,0.0699913486891873,0.577094596980309,0.531599928633931,0.621778729125651,6.57429013526106e-09,1.09957132886287e-12,5.68188417740705e-09,0.139514006186248,0.110297244163675,0.170829363196702,0.14867771101778,0.119184223564331,0.178175283753896,0.134713679241373,0.10220359087845,0.170315080382442,7.0779461516086,6.52121502516883,7.59060640517094,6.557,6,7,NA,NA,NA,6.493,6,7,6.271,6,7,10.805,10,12
2024-10-27,0.141070653122968,0.103423574527258,0.182271049323586,0.139205269923325,0.0922798880704403,0.192360226255578,NA,NA,NA,0.228509436844843,0.15135698339442,0.310410054271915,0.162901396419461,0.0881233856269148,0.241255256936865,0.0377737944443826,0.0148740971093661,0.0677905407096143,0.577067025753702,0.531555587119619,0.621768905885303,6.98136325834472e-09,1.19513721507313e-12,6.04688067744797e-09,0.139520135824801,0.110291197479892,0.170843765714512,0.148700162136042,0.119193048250492,0.17823433291112,0.134712669304093,0.102200176825883,0.170306685327743,7.15427018492205,6.5723056899347,7.62745734986887,6.64,6,7,NA,NA,NA,6.573,6,7,6.341,6,7,10.854,10,12
2024-10-28,0.149359412688952,0.111940201106085,0.188539547599213,0.148556578701886,0.102474028969887,0.201012543211692,NA,NA,NA,0.23415648961076,0.161255313616636,0.311514674523763,0.17544673219584,0.102071961019971,0.254787435844702,0.0396705206941933,0.0164661066861659,0.0706478713470328,0.577129696822972,0.531604918255446,0.621794484602847,7.32046692376751e-09,1.3116816195708e-12,6.39948328274324e-09,0.139515647159982,0.110294181614591,0.17083401421857,0.148679541788419,0.119188518356317,0.178182300023214,0.134675106908161,0.102194927901855,0.170241998463275,7.15352799284179,6.56023016315218,7.62391129425076,6.643,6,7,NA,NA,NA,6.58,6,7,6.314,6,7,10.863,10,12
2024-10-29,0.164945377101326,0.127734419347772,0.20439617615438,0.165136764108444,0.118005902294341,0.216068877291504,NA,NA,NA,0.251513601786323,0.178578183198486,0.324595495514206,0.196234444502203,0.119851866741238,0.275525733868636,0.0436709961837372,0.0186822713329534,0.0758500530325056,0.577378306609903,0.532031570864722,0.621895270328131,7.66611790506045e-09,1.44099738134237e-12,6.77034426626716e-09,0.139485353142822,0.110337520402931,0.17076672289338,0.148556992911728,0.119149750519169,0.17787106620229,0.134579339669429,0.102227192339037,0.170036832923253,7.10573591063669,6.53938413286323,7.5979079045842,6.588,6,7,NA,NA,NA,6.556,6,7,6.248,6,7,10.841,10,12
2024-10-30,0.184910444097426,0.15078211934703,0.222756623964485,0.186259871697385,0.137278630359705,0.237173677149315,NA,NA,NA,0.275564561315816,0.199477022253324,0.348670803157765,0.221518248852556,0.141759117592097,0.303223458503997,0.0488916220501204,0.0219338434372334,0.0837105740105971,0.577844455824943,0.532935401444633,0.622089246035612,8.11975758042875e-09,1.58254781452942e-12,7.20255282614571e-09,0.13941942325004,0.110494247940138,0.170619953020375,0.148296911853555,0.119065639541005,0.177216942761238,0.134439200951705,0.102215954717456,0.169704418736026,7.05854466474365,6.50427551798717,7.55740273676526,6.538,6,7,NA,NA,NA,6.504,6,7,6.214,6,7,10.8,10,12
2024-10-31,0.199368183298001,0.164824062508819,0.236965717240768,0.202164410504047,0.153464409742071,0.252754636518544,NA,NA,NA,0.290019518431734,0.214014176773268,0.361370181550122,0.240339220043049,0.159750931592521,0.324460757633724,0.052528132319604,0.0239645588251743,0.087553536827687,0.57837048230036,0.53371785984014,0.622300109876071,8.53374203288685e-09,1.74071313024846e-12,7.63686168626448e-09,0.139338343700566,0.110698731684773,0.170438374033787,0.147981171877887,0.119007989875648,0.176440178356914,0.134309993587445,0.102214191814146,0.169368983751045,7.02173494638609,6.49733046898088,7.54160187217876,6.499,6,7,NA,NA,NA,6.464,6,7,6.204,6,7,10.75,10,12
2024-11-01,0.207475312435646,0.173401154218317,0.243526828088002,0.211754167598994,0.163850116153861,0.261829654232306,NA,NA,NA,0.293593961759146,0.220113273361741,0.362398293076175,0.252780897723147,0.174053699549231,0.334898820553346,0.0542515329826585,0.0251313172425314,0.0895191192122838,0.57873074431947,0.534276718413081,0.622444147205136,8.83533292747906e-09,1.91929405071851e-12,8.0429048316891e-09,0.139278724470262,0.110785267041885,0.170303315960999,0.147751362759121,0.118963859955463,0.175979397916147,0.134239159615815,0.102219830495585,0.169165144608854,6.98232265512933,6.48492505528424,7.51387613301793,6.447,6,7,NA,NA,NA,6.44,6,7,6.192,6,7,10.719,10,12
2024-11-02,0.216282197939665,0.181376707119376,0.25228543958687,0.221858781953882,0.172829416696205,0.27228823820064,NA,NA,NA,0.297938408593567,0.228079768288725,0.365156771038113,0.267247379784616,0.189515865471892,0.350395153340565,0.0559742315895917,0.025933129380735,0.0914578195230014,0.57883888651757,0.534434371991161,0.622491734558007,9.13008589668317e-09,2.11856346273822e-12,8.46465138551936e-09,0.139257419977876,0.110819337400072,0.170246512520527,0.147671062326661,0.118947562966999,0.17582098044856,0.134232622047807,0.10222672665743,0.169120184377162,6.94440988703153,6.46781582740865,7.49085032974416,6.399,6,7,NA,NA,NA,6.421,6,7,6.168,6,7,10.687,10,12
2024-11-03,0.226340620195144,0.190426237725385,0.264285848549746,0.232958851098555,0.183516079267258,0.285403775905981,NA,NA,NA,0.304765763964845,0.233439812047949,0.372905587051592,0.283757448273282,0.203641903295438,0.368249392353071,0.057959993629242,0.0259735955014396,0.0963049264623798,0.578750572000096,0.534286998456146,0.622462671803263,9.49380511231176e-09,2.33901108883977e-12,8.93679823063966e-09,0.139267300708762,0.1108089403895,0.170267923133866,0.147711681280067,0.11895222013203,0.175904687802699,0.13427043651727,0.102232772050509,0.169201781239505,6.91901609323505,6.46635671893115,7.47582240993997,6.368,6,7,NA,NA,NA,6.412,6,7,6.135,6,7,10.677,10,12
2024-11-04,0.23513922842324,0.197613457731333,0.274349047957394,0.242466827409128,0.191851544725477,0.297303567476199,NA,NA,NA,0.311189990714222,0.238210212780938,0.381380456396333,0.298594480301256,0.216378709370384,0.388440553072704,0.0596845994961476,0.0266804315233346,0.099242488276687,0.578557415056472,0.53403240241526,0.62239059601854,9.73634449378455e-09,2.63987210733205e-12,9.37500324682098e-09,0.139295205951815,0.110771772167341,0.170337313642567,0.147821490921597,0.118969620785599,0.176127078410862,0.134325878333772,0.102236284896263,0.169336094516395,6.88427159061776,6.45091972351496,7.45120658159547,6.323,6,7,NA,NA,NA,6.409,6,7,6.104,6,7,10.653,10,12
2024-11-05,0.239144729678657,0.201004575979325,0.279699290108533,0.246762541562377,0.194519164274244,0.303561832263205,NA,NA,NA,0.313184748975965,0.239958761180895,0.386866579471695,0.30647231911152,0.220942449557142,0.397440337595901,0.0603369759703399,0.0269113272396776,0.0998393036381209,0.57835650212321,0.53374515753188,0.62231391985279,1.04013226841204e-08,2.85483752344522e-12,1.00319065790331e-08,0.139325652864974,0.110729685395048,0.170405926194307,0.147940403198239,0.118982984705435,0.176366079313388,0.134377431412254,0.10223732824431,0.169464630704874,6.87150186004096,6.44964865911196,7.43986312388612,6.306,6,7,NA,NA,NA,6.411,6,7,6.087,6,6,10.646,10,12
2024-11-06,0.240581996199209,0.202054810698191,0.281382686810695,0.248238203929103,0.194400812025787,0.30621638720783,NA,NA,NA,0.313870254069424,0.238368930516463,0.387914248697527,0.309713954602652,0.223150555701234,0.401443740064057,0.0604702750508922,0.0267942838553394,0.100683056855542,0.578189814559272,0.53350468052407,0.622248057484697,1.11359498743357e-08,3.15050423125757e-12,1.07716378357789e-08,0.139350301726344,0.110696123645185,0.170461903884085,0.148036853137322,0.119008393313269,0.176579920384192,0.134423019441113,0.102239122054197,0.169575571395077,6.86794598690178,6.45042934843011,7.43985019856211,6.299,6,7,NA,NA,NA,6.414,6,7,6.083,6,6,10.651,10,12
2024-11-07,0.239867750740386,0.20031750883899,0.281610760062022,0.247466306725967,0.193761264694139,0.307610501330472,NA,NA,NA,0.3126073378409,0.235165613187492,0.387901504574889,0.309443098072971,0.222534098617782,0.401775429824356,0.0601147635844953,0.0263753493570556,0.100860122885785,0.578030000931367,0.533271483897564,0.622182135771735,1.18519784218819e-08,3.48255953225493e-12,1.15454399142043e-08,0.139373987626958,0.110659581627187,0.17051526290449,0.148129431163251,0.119024494363052,0.176815722061138,0.134466568426446,0.102241016119589,0.169684223015248,6.87562940701115,6.4515193451625,7.44663138235777,6.308,6,7,NA,NA,NA,6.412,6,7,6.089,6,6,10.662,10,12
2024-11-08,0.239575087359141,0.199541492834646,0.281407255191257,0.247244329181827,0.193566835698144,0.309112214995841,NA,NA,NA,0.311132927260152,0.233658623161923,0.386787514633507,0.309931728355665,0.221906488293797,0.404144348912876,0.0598762009100344,0.0265057973100411,0.100347658497774,0.577884834088147,0.532938579300488,0.622122189830816,1.25899691414884e-08,3.81966778053132e-12,1.23685018061383e-08,0.139396894318792,0.110597392266515,0.170567039207641,0.148218040125989,0.11904200966134,0.177041746811552,0.134500218877103,0.10224041608612,0.169775523628845,6.89913980331961,6.46294209672267,7.46471495546801,6.335,6,7,NA,NA,NA,6.421,6,7,6.108,6,7,10.689,10,12
2024-11-09,0.240819426443505,0.19854903270777,0.283893447720848,0.248788572497205,0.192738259970164,0.311733598878727,NA,NA,NA,0.310207749940424,0.232428348404367,0.387607981303031,0.312987304854932,0.223820984728374,0.408283742922434,0.0600536017373161,0.0261363667116414,0.100500647346821,0.577798611791856,0.532759720521474,0.622088579561154,1.35185469805191e-08,3.98881084286284e-12,1.33188576559214e-08,0.139411309871991,0.110561389312592,0.17060042325856,0.148272947764467,0.119053566190337,0.177186541204328,0.134517117053139,0.102238642293916,0.169827753926718,6.9337522101419,6.46949963063562,7.48837129347808,6.381,6,7,NA,NA,NA,6.444,6,7,6.124,6,7,10.709,10,12
2024-11-10,0.24304225912983,0.199247380080207,0.286873074044439,0.251470747600343,0.191918764962161,0.317022454961923,NA,NA,NA,0.309535016045021,0.229182915293636,0.38954501846839,0.31767351484324,0.226779807719104,0.413955620284854,0.0605569316225092,0.0260429129695257,0.102628582809072,0.577773879454648,0.532733141812529,0.622082789278009,1.45033583940263e-08,4.18164819857661e-12,1.4227437082657e-08,0.139416872222137,0.110554404458423,0.170613977888883,0.148292719827333,0.119059973176033,0.177247995938625,0.134516513992525,0.102236015605383,0.169841995830909,6.96103638303227,6.4806229032239,7.49995306297439,6.415,6,7,NA,NA,NA,6.464,6,7,6.136,6,7,10.731,10,12
2024-11-11,0.246259211984719,0.200543598186282,0.291967533514665,0.255250410984608,0.19359734201802,0.322430004192602,NA,NA,NA,0.309730698473818,0.226501556888102,0.392890570912861,0.323586991149853,0.230198922848536,0.424035905146638,0.0614678778892498,0.0261460117621503,0.104342151254053,0.577821900352599,0.532844269455633,0.622107699362926,1.51908362774294e-08,4.63380193333345e-12,1.51649311384012e-08,0.139413718302398,0.1105742493645,0.170607920619747,0.148276778510581,0.119058108232792,0.177222950981897,0.134487587643586,0.10222919932739,0.169799086928573,6.96628908398948,6.48166550789725,7.50284119107939,6.42,6,7,NA,NA,NA,6.465,6,7,6.136,6,7,10.747,10,12
2024-11-12,0.250117944593413,0.202021356812036,0.297831746139544,0.259824425806982,0.194987551704126,0.330949197225077,NA,NA,NA,0.310330968296081,0.22392292988679,0.396816348869048,0.329939948921574,0.234412453006535,0.434412821327135,0.0627995003620001,0.0266204619879179,0.106972101532454,0.578008025962768,0.533111006221583,0.622190440948068,1.59166744779369e-08,5.14253289393293e-12,1.61751516501557e-08,0.139391452015139,0.110645132710649,0.170559777660348,0.148184349602229,0.119044131049015,0.17701424375243,0.13441615650319,0.102218221527577,0.169660575400321,6.97576252612862,6.48443850571797,7.5141170537384,6.429,6,7,NA,NA,NA,6.465,6,7,6.138,6,7,10.778,10,12
2024-11-13,0.253544906521052,0.203107630305412,0.305237427642925,0.264120276326105,0.195242294641009,0.336534526681618,NA,NA,NA,0.309603333306623,0.21980918077981,0.399607894897838,0.335403579283654,0.236323588140863,0.442159705073608,0.064443923318178,0.0267579218990698,0.11052601277176,0.578358925335051,0.533505482791848,0.622324607212255,1.67965146487326e-08,5.62933448993173e-12,1.73165943828051e-08,0.13934509843466,0.110714084923247,0.170458129304461,0.147995841606281,0.11901430878354,0.176582504166215,0.134300117827494,0.102206129707347,0.169423141098688,6.98235048879769,6.4866037523183,7.52327464437305,6.43,6,7,NA,NA,NA,6.456,6,7,6.136,6,7,10.835,10,12
2024-11-14,0.260284157079991,0.206852012184005,0.313557836386397,0.271940926304076,0.197959676135193,0.348165614810686,NA,NA,NA,0.311808304624416,0.2199552052216,0.402851072090884,0.345055838461634,0.241846009015316,0.454322000159063,0.0678260559973104,0.0277638828385391,0.118373848196882,0.578876449430016,0.534241825736756,0.62250988471914,1.76336157552428e-08,6.24905053576909e-12,1.84995627917671e-08,0.139279035638804,0.110814952175387,0.170311083883866,0.147724688843581,0.118974621258262,0.176050993431562,0.134119808453983,0.10218750785557,0.169072109343643,6.9957214433613,6.49933513802416,7.53932765760617,6.431,6,7,NA,NA,NA,6.444,6,7,6.135,6,7,10.947,10,12
2024-11-15,0.267628309256449,0.212019944713389,0.325616908248733,0.280496372197639,0.201189133589698,0.359396926959231,NA,NA,NA,0.313257571229164,0.214992994354684,0.409759095895281,0.354496940245665,0.251146385340092,0.467318561060953,0.0733487917243131,0.0303652737477614,0.127521425365073,0.579755723780349,0.535401708452415,0.622804296877979,1.85128952782609e-08,6.96019940016286e-12,1.97681089947222e-08,0.139175486189604,0.110988375390744,0.170011274667228,0.147293129720391,0.11888021256473,0.175604421012665,0.133775641796762,0.102167220072712,0.168349221165449,7.04912905242356,6.53446685376805,7.5984346671477,6.476,6,7,NA,NA,NA,6.458,6,7,6.149,6,7,11.132,10,12
2024-11-16,0.280093788650674,0.219916637382685,0.342086762068674,0.294766593544858,0.21186623843844,0.377487324094135,NA,NA,NA,0.317720069823019,0.214916617351757,0.418909026397125,0.36791790310571,0.261352849791858,0.482963305743256,0.0843875671949548,0.0373555803878083,0.143455734495369,0.581590502724985,0.538256871441852,0.62375202712438,1.93437655643837e-08,7.89577051705798e-12,2.10607522439814e-08,0.138961855881255,0.111445404382799,0.169080220907763,0.146405336614179,0.118764121698798,0.174394368806251,0.133042285435815,0.102242089252452,0.166718943054151,7.13161476888784,6.56873742702226,7.62882087490643,6.577,6,7,NA,NA,NA,6.485,6,7,6.176,6,7,11.28,10,12
2024-11-17,0.299163179105006,0.234508163127131,0.368217230469141,0.316742012820315,0.231112651903877,0.404581530668986,NA,NA,NA,0.324239210809241,0.218213192926059,0.429157023386333,0.384696906013021,0.274540556136797,0.503896332459677,0.104596272066467,0.0501805502262329,0.167599840334063,0.585443994779524,0.544389968999204,0.626028353464375,2.04042068205476e-08,8.71738687064043e-12,2.2586227740541e-08,0.138495386384721,0.112290107444649,0.16725636115591,0.14448830529667,0.118482461145962,0.17095299369155,0.131572293134879,0.102492428472162,0.163406523648974,7.1594946749299,6.58802042592101,7.59357214598926,6.654,6,7,NA,NA,NA,6.491,6,7,6.201,6,7,11.158,10,12
2024-11-18,0.332647653250458,0.260283431724063,0.406588262658241,0.35472406864393,0.26542894395245,0.444603945041743,NA,NA,NA,0.339208237192487,0.229232304821828,0.447139273539013,0.41264008861701,0.307908349539319,0.526081254931737,0.140281965853694,0.0757465428834896,0.211227205043109,0.592616125592127,0.555232501876764,0.629455577623796,2.20575562209951e-08,9.17356758416915e-12,2.45758414528941e-08,0.137586401628497,0.113155549993945,0.16346274833721,0.140786058267165,0.117030337516067,0.164450012393941,0.129011392454655,0.102839494273159,0.158127793817403,6.98321218742841,6.51310497938294,7.45632881832328,6.501,6,7,NA,NA,NA,6.434,6,7,6.121,6,7,10.71,10,11
2024-11-19,0.382821315392978,0.302823482243169,0.462418638091932,0.410293310775105,0.315488546530339,0.506285043363874,NA,NA,NA,0.365967467543385,0.253290100941738,0.474946030747149,0.453614719325874,0.34528400661125,0.565757567610289,0.195009125419297,0.118879925668686,0.279074141332854,0.603881605951295,0.571786911609558,0.635904752361673,2.39764531194134e-08,9.99909974815781e-12,2.66629135630388e-08,0.136099766069344,0.114750675355712,0.159208158671074,0.134763180495778,0.114702690877458,0.153931906724693,0.12525542350713,0.102037490911463,0.149696213238814,6.59295869859249,6.40555772654055,6.81674060297204,6.082,6,6,NA,NA,NA,6.25,6,7,6.012,6,6,10.046,10,11
2024-11-20,0.453930436102435,0.370570702119434,0.53589705172566,0.486543624715075,0.390890995795245,0.577167206870575,NA,NA,NA,0.412752339516071,0.297907054295215,0.517513016082443,0.513990639290054,0.404908986805607,0.616924541113732,0.271224073210823,0.18151695265882,0.365170062018417,0.618407824909099,0.592250229014785,0.645406563140081,2.34275021055712e-08,1.25191676565454e-11,2.7451461356407e-08,0.134117713232571,0.116384503495479,0.15288151434811,0.12674952455004,0.110158003947456,0.142858558802259,0.120724913880788,0.101696677903943,0.140382219032388,6.39336890439181,6.28647484096262,6.52591145480205,5.998,6,6,NA,NA,NA,6.032,6,6,5.889,5,6,9.348,9,10
2024-11-21,0.528415496331786,0.433524024717787,0.610092554700286,0.563759609222253,0.456087079365726,0.652933021347154,NA,NA,NA,0.467705419170127,0.353510290318771,0.569208451636626,0.57726664843665,0.465733979233477,0.675227548045348,0.356088343806909,0.251183673909637,0.461700858195396,0.633552599572985,0.610408120050512,0.657551912094165,2.08191941962217e-08,1.96173876085239e-11,2.71306245228838e-08,0.132008571217841,0.116519819408534,0.148155032709515,0.11819389923667,0.103549190516585,0.13314980923696,0.116244909153309,0.100073553412354,0.133224553902048,5.7647955335077,5.45680280927044,6.26873326575183,5.304,5,6,NA,NA,NA,5.909,6,6,5.13,5,6,8.749,8,9
2024-11-22,0.620912586993584,0.554970480646458,0.67979207710603,0.65787111294652,0.585780154912299,0.722320940084656,NA,NA,NA,0.545128951309212,0.451292203045822,0.63245022740012,0.662472672878876,0.584188149553132,0.734432930904224,0.455885806968014,0.344885261739914,0.563749491856411,0.64655022837503,0.62262461873934,0.66986753766825,1.50622243890893e-08,3.26698533389457e-11,2.65199647766792e-08,0.13019399714951,0.114320353995981,0.147246288839558,0.110766536541905,0.094866637971287,0.126725718364079,0.11248922287133,0.0965340370420369,0.129401330426806,5.35677286334978,5.28942261441204,5.45531475461325,5,5,5,NA,NA,NA,5.144,5,6,5,5,5,8.006,8,8
2024-11-23,0.700657634828662,0.657609981410223,0.741706194115666,0.737319847765575,0.689096582984007,0.78082871549543,NA,NA,NA,0.616505506725429,0.531726792840309,0.694864343556441,0.737308252745852,0.683543024216457,0.786782769720577,0.545178491878549,0.426516757840088,0.657982104338679,0.65641368707677,0.629422574814493,0.682069085166898,9.97851890345014e-09,1.07712110224851e-10,2.31959409861691e-08,0.128835186172332,0.111477346605376,0.147115288468228,0.105117707498488,0.0871937822693075,0.123973038236347,0.10963340927389,0.093493919193249,0.127454254449055,5.10289722218118,4.5218554818996,5.33651179580767,4.812,4,5,NA,NA,NA,5.001,5,5,4.67,4,5,7.377,7,8
2024-11-24,0.725777931258604,0.681163649576914,0.766459351503036,0.760403841575702,0.713321294553591,0.803534098119323,NA,NA,NA,0.642290958271391,0.557648158112084,0.718304363913693,0.758920461299572,0.706308033301424,0.805958432338213,0.580850271514538,0.459108787799836,0.693238976695357,0.662965822790363,0.633521760072345,0.691611060856803,1.02245766267117e-08,1.6345777415345e-10,2.56675909843613e-08,0.127944489453954,0.108946068752899,0.14782009740641,0.101309507109618,0.0815704657982166,0.122344303146651,0.107780170421488,0.0908477431242841,0.127152213002911,4.46848175952666,4.36927945198265,4.53843474802159,4.031,4,4,NA,NA,NA,4.91,5,5,4.077,4,4,7.003,7,7
2024-11-25,0.729636040376664,0.683404646233819,0.771809782935601,0.764952302405432,0.714785888662546,0.810759667957028,NA,NA,NA,0.648803316784783,0.561740510778017,0.727431710656194,0.76424080960478,0.709160558295749,0.812419279437055,0.575120532897492,0.452024485666508,0.692834638246087,0.664735921232002,0.635038044831427,0.693827371649114,1.12947858645698e-08,2.17759054025543e-10,2.89513181919894e-08,0.12767479762028,0.107580764813428,0.148067762662862,0.100089061007618,0.0798811205856239,0.121484732385046,0.107500208845315,0.0903519612830408,0.127111521905891,4.39700943210395,4.2804464735734,4.49412009406329,4.002,4,4,NA,NA,NA,4.694,4,5,4.023,4,4,6.836,6,7
2024-11-26,0.715362229420546,0.664430801812252,0.761267652739578,0.755210853182003,0.699105911523298,0.804868680416444,NA,NA,NA,0.637123301650132,0.546859966164336,0.721060041763862,0.757205685504859,0.696249241935106,0.810391189248785,0.527197084448469,0.398242459622983,0.651080724324707,0.660578043863694,0.632298268898701,0.687768613353463,1.2915380933381e-08,2.88408416989639e-10,3.33780701030444e-08,0.128152263420308,0.109470848903337,0.147469155857613,0.102086845105673,0.0826466789867632,0.122497138893883,0.109182834694944,0.0926495906080452,0.127732519805309,4.41471900850856,4.27809005121765,4.50946239915023,4.022,4,4,NA,NA,NA,4.717,4,5,4.049,4,4,6.781,6,7
2024-11-27,0.686360265719662,0.629167663345426,0.738175996356109,0.733164310886596,0.670358283903144,0.789509718185915,NA,NA,NA,0.61055484828006,0.512340756928245,0.704285753049325,0.739741128483468,0.667260944111892,0.801288063322157,0.451971129374935,0.317705022014823,0.590289451888963,0.651536864007039,0.626908279229505,0.675922327528942,1.35185631942865e-08,2.92519589590674e-10,3.46149092125546e-08,0.129252169518436,0.112311683069393,0.146650314288688,0.106823527292928,0.0895159262853694,0.124543215879939,0.112387425663034,0.0962787886433021,0.129814382432023,4.62458490556073,4.34513147893533,5.21134212936251,4.237,4,5,NA,NA,NA,4.879,4,5,4.225,4,5,6.958,6,7
2024-11-28,0.648549253481092,0.584808526897204,0.706451636164213,0.701900083048179,0.630502343247589,0.766740186380282,NA,NA,NA,0.575912909793644,0.458117760560728,0.682633888017162,0.715009435068467,0.631590434506669,0.785219611214304,0.372274904278787,0.234926163280594,0.525698245661997,0.640457040807916,0.617154026892549,0.663900990880897,1.38772077059657e-08,2.69836224783969e-10,3.54362436028284e-08,0.130644917547146,0.115179279927402,0.147441202739189,0.112800430834906,0.0974631566401108,0.128179797892195,0.116097596932824,0.0995681538087741,0.133042765902269,5.1282986063439,4.5244363559501,5.36587374409332,4.826,4,5,NA,NA,NA,4.991,5,5,4.683,4,5,7.385,7,8
2024-11-29,0.607093529687626,0.537666565423114,0.670613290200273,0.66405922521516,0.584776772646662,0.737143923594832,NA,NA,NA,0.539355660850928,0.409895861867277,0.658227472518845,0.685239007301481,0.595326510190347,0.765774375792042,0.30506264692125,0.166026946970448,0.462939247599984,0.630116440298957,0.606196083916064,0.65481451714667,1.51715464249963e-08,2.27960153643061e-10,3.78004831863101e-08,0.131993229344099,0.116714842656859,0.148090200645855,0.11848895317289,0.103422606467791,0.133425787545574,0.119401362012508,0.10199441447277,0.137314337793608,5.3410295474848,5.22715696026226,5.43933048565462,4.996,5,5,NA,NA,NA,5.039,5,5,4.958,5,5,7.875,7,8
2024-11-30,0.566093069995007,0.494480916771993,0.634222165341857,0.623255653985543,0.53880446251157,0.704699188396725,NA,NA,NA,0.50545081785733,0.365776036099834,0.631121583293981,0.652900475929464,0.551725631746185,0.743422595979845,0.254826863729162,0.123230106616336,0.410501822229465,0.621858032325316,0.596908266416936,0.648095845403833,1.76255371728673e-08,1.91885914154346e-10,4.00790205184527e-08,0.133103074529762,0.116941634735621,0.150998535979027,0.123082738153599,0.10760575254632,0.138302493866493,0.121956137365786,0.102607698960531,0.142070675012479,5.42389464034229,5.30839401135967,5.55845489174304,5,5,5,NA,NA,NA,5.167,5,6,4.999,5,5,8.296,8,9
2024-12-01,0.527449571524693,0.454140514756154,0.597768735813258,0.582527526637677,0.493304325220581,0.668085525337289,NA,NA,NA,0.475919731720325,0.330881473295507,0.604151910388634,0.620170770204831,0.517011325757052,0.720651124165476,0.216933799021778,0.0973727605310655,0.361615158734826,0.615331807568235,0.587777498276713,0.643212855654553,2.05611677467494e-08,1.74104289009455e-10,4.4482675388473e-08,0.133993998033478,0.116233017674771,0.153155870107093,0.126719818074568,0.110355626754519,0.143019488165697,0.123954355762551,0.102684404730523,0.146003837393748,5.51770041112579,5.34405998416909,5.66989805482237,5.02,5,5,NA,NA,NA,5.404,5,6,5.018,5,5,8.623,8,9
2024-12-02,0.492467789322356,0.417727048097913,0.564767112054956,0.544306394688897,0.452032103127648,0.631971894084635,NA,NA,NA,0.451374274028558,0.306714623336156,0.578759546461978,0.589522282765523,0.483325379624894,0.696973105884788,0.187078698532398,0.0797895384582404,0.317275974801123,0.609660395183196,0.580248117805094,0.63952879911137,2.36959403613269e-08,1.61548766735189e-10,5.02106848478593e-08,0.134778624856405,0.115567033750334,0.155418444847266,0.129894852724365,0.112443302820145,0.146921203511179,0.125666103540094,0.102613915583287,0.149200883214849,5.68136186627832,5.41322082264668,6.24049543083292,5.159,5,6,NA,NA,NA,5.645,5,6,5.057,5,5,8.903,8,10
2024-12-03,0.457144636715522,0.380030135096341,0.530633394229785,0.50467723948908,0.411076492741774,0.595024428645518,NA,NA,NA,0.42728459684992,0.286025351244415,0.5556240534661,0.556378050352754,0.445373444812567,0.67036443300047,0.162040790931598,0.0673619775964867,0.278372803396899,0.604581376214072,0.573249745148759,0.636509964310912,2.75200871543745e-08,1.52951925767748e-10,5.70394698989265e-08,0.13549506510643,0.11502261281903,0.157625323177801,0.132774759810633,0.1140655841461,0.151121587350912,0.127148771348778,0.102974301953688,0.152664427836581,5.921059005658,5.49731200726622,6.40133136647706,5.428,5,6,NA,NA,NA,5.832,5,6,5.179,5,6,9.139,8,10
2024-12-04,0.426088026182791,0.348138028607498,0.501080994676264,0.469168726098821,0.372491733588396,0.559628344421297,NA,NA,NA,0.406510593173179,0.270921202933652,0.532230314162329,0.526063148000814,0.411390513145901,0.644103011094169,0.143027800116331,0.0589939446287361,0.248481193486549,0.600336412081646,0.56632965575118,0.634155724645643,3.24994648745108e-08,1.46064370692202e-10,6.40738618668071e-08,0.136106398089534,0.114285236587571,0.159728203807209,0.135217280653163,0.115329551011173,0.154692112143437,0.128339876676192,0.103245136487907,0.15500694948219,6.19144986955586,5.61969447549343,6.53294883755868,5.74,5,6,NA,NA,NA,5.941,6,6,5.397,5,6,9.405,9,10
2024-12-05,0.401696588628896,0.322927397411025,0.477616181057703,0.440892685766913,0.340926748199612,0.532896916695604,NA,NA,NA,0.389972770360337,0.258016553912036,0.513924560432736,0.501766201957711,0.386399096155502,0.624015831967671,0.130024249856412,0.0523841462037266,0.229071737642561,0.597120673546881,0.561394290673675,0.632373616215046,3.84471809180986e-08,1.46502480221054e-10,7.26822316120018e-08,0.13657854918912,0.113972400959767,0.161035751983894,0.137092544233007,0.116052620946533,0.157782360301143,0.129208194583812,0.103413971699942,0.157291270056225,6.35633660390482,6.093217559287,6.60474166776726,5.905,6,6,NA,NA,NA,5.98,6,6,5.608,5,6,9.634,9,10
2024-12-06,0.386541059228071,0.309105816016953,0.463643446579864,0.422959998979162,0.322010030398058,0.519347144992537,NA,NA,NA,0.379548043965844,0.248440009228282,0.501311969844438,0.487222591359134,0.370270615914698,0.609980287769027,0.122968550196394,0.0470488938878889,0.22063705003068,0.594902608718786,0.558364935325314,0.631184603420917,4.45668063510647e-08,1.49052071712033e-10,7.98243873455701e-08,0.136911682566483,0.113508798014971,0.162023937685916,0.138406787038349,0.116246333154764,0.160209939835365,0.129778877109577,0.1033201989173,0.158731989889506,6.45128472164752,6.26071291652399,6.66846877634161,5.969,6,6,NA,NA,NA,6.022,6,6,5.778,5,6,9.831,9,11
2024-12-07,0.373564733722856,0.291929268775913,0.453679358196275,0.407740542703519,0.302648309238321,0.510139675005256,NA,NA,NA,0.368226234750952,0.235245249666049,0.492841580556404,0.473801868606013,0.35259197411571,0.600175072110549,0.119304273820986,0.0437347871564376,0.216384671442029,0.593587975568349,0.556587296697438,0.630130020550864,5.2123509271587e-08,1.5661765919823e-10,8.89149974445061e-08,0.137121021279529,0.113459204831985,0.162647088497062,0.139221667337905,0.116590389754816,0.161616406467778,0.130069283690708,0.103334781495215,0.159302489750137,6.51914754959309,6.32701599797526,6.72928542321446,5.999,6,6,NA,NA,NA,6.058,6,6,5.887,5,6,10.055,9,11
2024-12-08,0.370846576502667,0.285647550496693,0.453526319266965,0.404020888014144,0.296323159326258,0.509812841950918,NA,NA,NA,0.36387528618744,0.224971385508642,0.494559750017725,0.471193604954106,0.34618260857292,0.602494298587884,0.122403135275983,0.0440293377357603,0.222196001655006,0.593297437153084,0.556267715165199,0.629944804032901,5.79696101551779e-08,1.73502167504405e-10,9.80843240809228e-08,0.137198864701114,0.113398173624522,0.162640997395412,0.139502019756363,0.116680669207,0.16212720424359,0.130001620419829,0.103218740742986,0.159214476175785,6.58110351188046,6.3729667969663,6.7827264989533,6.024,6,6,NA,NA,NA,6.102,6,7,5.951,6,6,10.3,9,11
2024-12-09,0.373994618348865,0.284361128493559,0.458921527551047,0.406965528913908,0.29665335424592,0.515766430857777,NA,NA,NA,0.36200362225657,0.21985284889118,0.497686019408921,0.472013123878701,0.344796623229991,0.605384920212721,0.132926736744819,0.050026690403834,0.237268929599578,0.59461277811219,0.558261605277269,0.630973173605525,6.51031730302937e-08,1.84779926544588e-10,1.1107973389418e-07,0.137073107593855,0.113454589081274,0.162133237331021,0.138954117683375,0.116344995140368,0.16118714846565,0.129359931507407,0.103107340915458,0.15796402113012,6.62408725009593,6.40944936163645,6.84978213679412,6.05,6,6,NA,NA,NA,6.147,6,7,5.975,6,6,10.462,10,11
2024-12-10,0.382897759307728,0.286455549897174,0.473549384640596,0.416354888963543,0.29908170638546,0.528528792286209,NA,NA,NA,0.362203632899184,0.219608045991783,0.50172596562863,0.473953022447324,0.339357616856628,0.610289490282538,0.153486478850339,0.0628710317201945,0.261377592449393,0.598497327496811,0.56446219660046,0.632537068970156,7.28837820099686e-08,1.96350637423898e-10,1.24426917165038e-07,0.136610135845848,0.113974453282964,0.160869530172375,0.137041413495984,0.115886383442677,0.157412404706356,0.127851050277575,0.102883204979588,0.154939792145986,6.59554726602943,6.40676180237262,6.77096549731908,6.04,6,6,NA,NA,NA,6.139,6,7,5.976,6,6,10.343,10,11
2024-12-11,0.40606643263531,0.295081566092393,0.505922511044567,0.441057157857665,0.314006819659607,0.555595697717228,NA,NA,NA,0.372759024704261,0.227207288943274,0.517430111596515,0.486933860200982,0.346443525516518,0.622456009250569,0.18911182765938,0.0846941961968549,0.312063884610855,0.60581127692776,0.575219085182116,0.636951402312795,8.04289878517013e-08,2.17763949210177e-10,1.36949314734368e-07,0.135677602887787,0.114992829658186,0.158071535666477,0.133235445037672,0.114150688301375,0.15211510078769,0.125275594717793,0.102178743318088,0.149070796247144,6.49831034620011,6.35546174514983,6.64129539148164,6.005,6,6,NA,NA,NA,6.067,6,6,5.94,6,6,9.94,9,11
2024-12-12,0.446339866026293,0.322600521236046,0.552116312278554,0.483510717390053,0.34585277635561,0.603560643943288,NA,NA,NA,0.39779134094352,0.251274341736293,0.540165536693886,0.515778149890555,0.371817139956892,0.652822318637052,0.240656441546456,0.117487137901805,0.378983969312178,0.61651398817691,0.589781916908928,0.643991872676173,8.68612768861155e-08,2.51883803754317e-10,1.49926550266823e-07,0.134250345754714,0.116194844303568,0.153655998079456,0.12743817891376,0.110582512367495,0.143900558106638,0.121797400293339,0.102089825660787,0.142252242526929,6.35856394924798,6.21467443324284,6.51932354407966,5.969,6,6,NA,NA,NA,6,6,6,5.702,5,6,9.407,9,10
2024-12-13,0.50413414499088,0.377390975491293,0.611113985522218,0.543613268199847,0.405323928369608,0.664826010557534,NA,NA,NA,0.440239118563799,0.292819121722489,0.579723932521123,0.563802202372707,0.421643996244563,0.691838251662275,0.305761990255302,0.160069945027562,0.465873345495814,0.628871776084861,0.60532597233592,0.653585370952156,8.9912654334079e-08,3.21700994457167e-10,1.59999441765491e-07,0.132546247673926,0.117166834794377,0.149416662055525,0.120521963541669,0.105514426758537,0.135366122685323,0.118059922786889,0.100984273159858,0.135642362895654,5.7774253801225,5.46804813425165,6.27758926096942,5.304,5,6,NA,NA,NA,5.88,5,6,5.1,5,5.10000000000002,8.868,8,9
2024-12-14,0.575090542301573,0.467565639133381,0.6693925586319,0.616688826968885,0.495486264960973,0.719365045775264,NA,NA,NA,0.498067039583949,0.352869615442977,0.636900257837544,0.628753741658058,0.501146748802425,0.742639748821055,0.378535577701457,0.211356207704681,0.557160774952878,0.640003926349091,0.616958138835214,0.66357996668892,8.2152255744296e-08,4.7618594684874e-10,1.62191330138831e-07,0.130984796790665,0.115794684335213,0.147262233265172,0.114160764638309,0.0990374398556978,0.129468196390003,0.114850430069679,0.098700441008077,0.131500490074461,5.39813908060518,5.30519992905127,5.51192777213236,5,5,5,NA,NA,NA,5.235,5,6,5.001,5,5,8.198,8,9
2024-12-15,0.651163315035577,0.567682144742213,0.727752752229809,0.694779086059325,0.600384718024518,0.775212542640475,NA,NA,NA,0.564155836568941,0.419438695969305,0.694361280814419,0.70272792583093,0.595102636467765,0.791483204474768,0.450695784501391,0.269414672169045,0.636308984916291,0.648170956681642,0.624474402758231,0.671885382861217,6.46225902430957e-08,1.20084419529653e-09,1.51173286025728e-07,0.1298373871095,0.11396449295742,0.146860770448748,0.10944303662029,0.0929194047103284,0.125896518593497,0.112548554965978,0.096555317656703,0.129772939980082,5.3126439505658,5.22070628644779,5.3884006375843,4.994,5,5,NA,NA,NA,5.015,5,5,4.936,5,5,7.856,7,8
2024-12-16,0.678505622599695,0.596437712356846,0.753165122217703,0.721839024911202,0.62871169110871,0.800508056229594,NA,NA,NA,0.590377188979732,0.445637606896194,0.718877538945992,0.727970445265465,0.627505719496445,0.813560275770684,0.479369412887255,0.292838137966116,0.667355104029972,0.653115258171016,0.627700435478315,0.677780243403738,6.63551710354191e-08,2.02998621439156e-09,1.71069872557959e-07,0.129138856522001,0.112129424679905,0.146627229619159,0.106520860463016,0.0891314232025332,0.124467055778852,0.111224958488796,0.0950576208167231,0.128600039540548,4.95852473841862,4.45573173474899,5.33397633003463,4.613,4,5,NA,NA,NA,4.998,5,5,4.489,4,5,7.39,7,8
2024-12-17,0.681148647199256,0.596384897632179,0.754577553577018,0.725171660265498,0.632946042197734,0.802225591741516,NA,NA,NA,0.595573469870187,0.45430060379854,0.72168569794835,0.731205173848624,0.630713853473809,0.814125524044356,0.474105958480695,0.292156631997502,0.655917319472236,0.654129121538567,0.62823291724962,0.679136099748329,7.3500262550836e-08,2.63302414725449e-09,1.85803392880555e-07,0.128962285711263,0.111691672350424,0.146746295481063,0.105762613153078,0.0878825317618377,0.124248844755311,0.111145906096829,0.0950023750270665,0.128687161068238,4.74071485412677,4.42395091833496,5.24737091662852,4.352,4,5,NA,NA,NA,4.977,5,5,4.285,4,5,7.188,7,8
2024-12-18,0.677084668609939,0.597484037576425,0.746804884185992,0.724165908123405,0.636171566222032,0.798205510350588,NA,NA,NA,0.593777063530134,0.45579502318412,0.716393640281882,0.731546502574256,0.636626523030871,0.811645651616064,0.448583801376924,0.274381079525364,0.627901003494398,0.651075277120842,0.626676587799278,0.675229479094228,8.25220492701366e-08,3.19080257348595e-09,2.09813457470595e-07,0.129319681187466,0.112529935216046,0.146750554185933,0.107271065390737,0.090104712825748,0.124803214988216,0.112333893778906,0.0961379699408926,0.12982952015194,4.83886117709526,4.43277280602689,5.29091821634551,4.469,4,5,NA,NA,NA,4.98,5,5,4.373,4,5,7.261,7,8
2024-12-19,0.662595880224483,0.588612418043541,0.729271509030207,0.713420317029291,0.631164184418766,0.783170521477945,NA,NA,NA,0.581269150761115,0.442444213133842,0.699660641621455,0.723104013036701,0.631645045737078,0.800356260670316,0.41030216147336,0.241999753430839,0.587329699047684,0.645384164695879,0.621722649724669,0.669046134587118,9.08407748419046e-08,3.58694598188393e-09,2.29356220081662e-07,0.130037563785659,0.11405698160577,0.146848048259684,0.110325925119303,0.0943283681869578,0.126272642434852,0.114252255558385,0.0983865747025428,0.131146393862833,5.1511395286025,4.55029366272029,5.36948224600206,4.833,4,5,NA,NA,NA,5,5,5,4.655,4,5,7.6,7,8
2024-12-20,0.643156243479437,0.574475931657365,0.705910025016545,0.696392492492045,0.61909494242784,0.765267506387194,NA,NA,NA,0.564063161366041,0.429146439243366,0.679632115849869,0.708150782756672,0.61941703407887,0.783209473306056,0.37615908511502,0.222493884730761,0.541029880100682,0.639658840696486,0.616370734319175,0.663162358830313,1.00101565589673e-07,3.72389751633684e-09,2.54003007716511e-07,0.130790077563473,0.115670414310801,0.147321365532399,0.11351415818214,0.098104411392326,0.128895019856045,0.116036823456335,0.0996635522079078,0.133073525134268,5.33246976539517,5.23109666230053,5.42769485625438,4.988,5,5,NA,NA,NA,5.027,5,5,4.908,5,5,7.988,7.90000000000001,8
2024-12-21,0.627502453087939,0.565756946420101,0.686568772218642,0.680892032890966,0.608163608392609,0.746509557496355,NA,NA,NA,0.550761753775044,0.425355337199512,0.660262777624663,0.693186908753208,0.609895770070613,0.766659529414852,0.359607593880874,0.219754901777821,0.507968165385047,0.636070726016605,0.612863022765173,0.65966276726618,1.13176783961146e-07,3.53684430809839e-09,2.73495020913869e-07,0.131292163665212,0.116061438039154,0.147579434576736,0.115613139934992,0.100414003725722,0.130845675278561,0.117023857206407,0.100522953404229,0.134002024894991,5.38959893134851,5.30157375815712,5.50528413367301,5,5,5,NA,NA,NA,5.063,5,5,4.979,5,5,8.28,8,9
2024-12-22,0.625038910863475,0.568214056317869,0.67916538632519,0.676954944611685,0.609240137694413,0.737173574169397,NA,NA,NA,0.549077620953006,0.438159419965554,0.650198426108657,0.687785786157131,0.610867097383158,0.756751751657087,0.367167266487872,0.238795190476775,0.499183801878723,0.635561510430176,0.61227945170711,0.659204784927996,1.28696435240846e-07,3.73224529642649e-09,3.01823527180807e-07,0.131405308326579,0.116136195968206,0.147685048033011,0.116065558551258,0.101024493811759,0.131106375967494,0.116967493995551,0.100520408381171,0.134067237611196,5.41287381755929,5.3127057968543,5.53144041186755,5,5,5,NA,NA,NA,5.107,5,6,4.995,5,5,8.414,8,9
2024-12-23,0.63835966178952,0.587207834919975,0.68757550789202,0.68787231931411,0.62910053887409,0.741029632131235,NA,NA,NA,0.560714518333342,0.460067000620592,0.652896624179261,0.695720213518637,0.629014205341446,0.756659801258805,0.397820263320707,0.277878125546294,0.522576555434071,0.638186291715523,0.614703776604184,0.661620696492577,1.44855414064396e-07,4.24799261134026e-09,3.38131076130181e-07,0.131104678133511,0.116003598735566,0.147480188163156,0.11479028519038,0.0998267301042892,0.130170584327526,0.115918600105172,0.0996892969120429,0.132879911118618,5.39664118321632,5.30754353705498,5.51230212736724,5,5,5,NA,NA,NA,5.104,5,6,4.997,5,5,8.307,8,9
2024-12-24,0.658914707054853,0.613272415479379,0.703380147975552,0.705114354877652,0.652058301306038,0.753506031299399,NA,NA,NA,0.57875318468721,0.485861788643171,0.66455955302953,0.70936502383576,0.649592210014118,0.765191097920556,0.441492888924776,0.324719264148428,0.561949288862511,0.643250637189458,0.619621269589416,0.666561686220305,1.62447658735231e-07,4.92624742284899e-09,3.79214507285627e-07,0.130468372524183,0.115073849590609,0.147300401883896,0.112114127612675,0.0967543664897341,0.127706263994012,0.114166700226026,0.0983990158091102,0.130978344993767,5.35787936765341,5.29237264863037,5.44428112121047,5,5,5,NA,NA,NA,5.052,5,5,4.988,5,5,8.087,8,9
2024-12-25,0.684014143238563,0.641331437475514,0.725145075496765,0.726624412654348,0.677823578399586,0.770805981253283,NA,NA,NA,0.601548500605149,0.516228374037587,0.681383528058926,0.727766256665484,0.671924358936806,0.778336395673415,0.490762977978198,0.37318228516882,0.605458383698131,0.649404804736503,0.625647117112117,0.673500089106553,1.77484494489167e-07,6.81430007636066e-09,4.35051837178639e-07,0.129674626156832,0.113587274688301,0.14664879114554,0.1087725185135,0.0921600350978758,0.125462961598407,0.11214787310867,0.0960548381940395,0.129385275275666,5.30809749662605,5.21667468835907,5.38778785591437,4.988,5,5,NA,NA,NA,5.008,5,5,4.905,5,5,7.897,7,8
2024-12-26,0.708140407259036,0.668096490774306,0.746261388327347,0.747162668047763,0.702053295092864,0.789472201823407,NA,NA,NA,0.624146830146112,0.540629071690505,0.699740338015941,0.746252711339318,0.693885617676608,0.793236967918417,0.538181301373708,0.419900240403806,0.649572201811948,0.655407209126623,0.628966993800031,0.68090771772731,1.97289431435978e-07,9.64213685197331e-09,4.97102134478389e-07,0.128899761398631,0.111578303176337,0.14690011929283,0.105484300169596,0.0876642214201858,0.124164794676609,0.110208532015718,0.0940778429610436,0.128024696050129,5.05354670050146,4.499680236535,5.35012075406127,4.719,4,5,NA,NA,NA,4.999,5,5,4.559,4,5,7.576,7,8
2024-12-27,0.725087038662118,0.685016708050237,0.76188878295413,0.760585842254617,0.717535406069656,0.800201872019528,NA,NA,NA,0.640688965779537,0.558078146404854,0.713995972725686,0.758445989067658,0.707547668308806,0.802324494196695,0.57730498635734,0.456798812034547,0.684814880076496,0.660641374746154,0.63261332162593,0.687712355117469,2.23713738049722e-07,1.16714421832329e-08,5.60475749239194e-07,0.12823445374901,0.109790185073572,0.146956492039497,0.102621692992706,0.0836719884441647,0.123158121367883,0.108502254798392,0.0916812492882984,0.127233585299282,4.61205624774134,4.40861236165211,5.19324647958846,4.179,4,5,NA,NA,NA,4.969,5,5,4.192,4,5,7.22,7,8
2024-12-28,0.737364897399722,0.698374292189262,0.774480047987762,0.76976206664883,0.727787800656172,0.808709032308472,NA,NA,NA,0.653199011934001,0.571967766107365,0.723543903582267,0.76679379028802,0.716164928882589,0.809770533470902,0.608946038205273,0.491697777889604,0.715377237305246,0.665055564579448,0.635470122221348,0.694447077631392,2.58276317480199e-07,1.52262164776775e-08,6.63494899799932e-07,0.127684245239094,0.107828378677527,0.148140381749054,0.100221208376379,0.0801573518451388,0.121587121571489,0.107038723528761,0.0895799573283563,0.126738766405767,4.45986836787497,4.3559102403705,4.53591826041587,4.025,4,4,NA,NA,NA,4.877,4,5,4.059,4,4,7.041,7,7
2024-12-29,0.744724982789584,0.702395625670834,0.783809266857594,0.774723123683148,0.730272945827144,0.81620563401416,NA,NA,NA,0.661297906570687,0.577282558521375,0.735248757699334,0.771490958134382,0.719009677514659,0.816018605292559,0.630591558944853,0.509397484913915,0.738758733969889,0.668670442801932,0.637604467669659,0.699156759826382,2.99657567972999e-07,1.91160949405104e-08,7.57494420492242e-07,0.127237848799212,0.105859991615153,0.148934372612775,0.0982423944486353,0.0770587703812926,0.120510670300985,0.105849014292652,0.0877184458249393,0.126835071337236,4.40836446635832,4.29297316919444,4.49959323189533,4.002,4,4,NA,NA,NA,4.72,4,5,4.023,4,4,6.959,7,7
2024-12-30,0.747560505794537,0.700826536716165,0.790784091871438,0.776396947369641,0.725234382286188,0.823712390109256,NA,NA,NA,0.664994323224958,0.576840781960032,0.74385998405416,0.773738403731299,0.719870726368566,0.822156540603078,0.638925209838481,0.506862461056214,0.756538466234226,0.671067123611177,0.639023319354869,0.702576052533749,3.52219003569599e-07,2.49339208138307e-08,8.95864977542667e-07,0.126936161957667,0.104900164816994,0.15010349355015,0.0968837584109671,0.0750817444384771,0.119877804617923,0.105112603801185,0.0864707300222773,0.126549667539257,4.37281846628695,4.25517218194542,4.4816848414154,4,4,4,NA,NA,NA,4.584,4,5,4.009,4,4,6.832,6,7
2024-12-31,0.746480234990365,0.693744751474668,0.794901617268325,0.775825704914456,0.716571164268254,0.829393642268163,NA,NA,NA,0.664231536047598,0.570126775810901,0.751402674662327,0.774302378490713,0.713940416464451,0.828092143875818,0.632567088330812,0.488260525849407,0.759273673318673,0.671499109052578,0.639275630269491,0.70314691666239,4.15508093293163e-07,3.20825637644666e-08,1.04637140215976e-06,0.126869830712531,0.104619438530017,0.150228605928718,0.0965663033072521,0.0745962433974114,0.119697866059194,0.105064341419546,0.0863297083009489,0.126548932495976,4.35931100147856,4.23190717388694,4.47955461474767,4,4,4,NA,NA,NA,4.54,4,5,4.008,4,4,6.76,6,7
2025-01-01,0.742283720717405,0.683006784413835,0.795684377686065,0.773600339539376,0.70731883077968,0.832572208064817,NA,NA,NA,0.659356615231562,0.560358015781155,0.753412545364473,0.773337592671272,0.706795900794534,0.834272636091815,0.614822942985283,0.459138604734232,0.754758646104269,0.669888043565525,0.638403950383015,0.700670715812384,4.86839827938127e-07,3.92530320153796e-08,1.20624840753571e-06,0.12705152239959,0.105205751778139,0.149890644565973,0.0973679483152753,0.0758961633699942,0.11994903817205,0.105691998879782,0.0874737516207327,0.126864800039361,4.37586533596263,4.25558465969706,4.4865033835627,4,4,4,NA,NA,NA,4.581,4,5,4.018,4,4,6.84,6,7
2025-01-02,0.735554144802365,0.672756480715571,0.791482703997465,0.769394740519098,0.700024712963291,0.831486206170362,NA,NA,NA,0.651312636905579,0.546685507177476,0.750264714787311,0.770183137805478,0.699389034734493,0.834806877017338,0.59245899110952,0.428853568086735,0.742908226192261,0.667100159801487,0.636956689386314,0.697383777104273,5.5232939446525e-07,4.67611658753397e-08,1.35364437014782e-06,0.127380946042627,0.106407992149096,0.148802571911114,0.0988450813172952,0.0778705423722019,0.120517445925105,0.106673260509196,0.0889445331254754,0.126763912406034,4.40764614786563,4.28746328698023,4.50251352590739,4.004,4,4,NA,NA,NA,4.685,4,5,4.026,4,4,6.955,7,7
2025-01-03,0.727262274148686,0.663474947665345,0.783848575447382,0.763179392543471,0.694454765207084,0.824660920438987,NA,NA,NA,0.642129584096267,0.533155198300511,0.74454682371195,0.764558344463152,0.692121946672129,0.830025386762361,0.571868257977433,0.40899306171342,0.723100942110808,0.664366411315176,0.634486081690209,0.693393342489774,6.09991774278766e-07,5.20578777378391e-08,1.53344494709431e-06,0.127711149366155,0.107907992709339,0.147969040707175,0.100323427785712,0.0802499182809246,0.121367170466823,0.107598401541182,0.0904362818295995,0.127232765799648,4.44531200894015,4.31696331111825,4.52243861775344,4.024,4,4,NA,NA,NA,4.796,4,5,4.046,4,4,7.004,7,7
2025-01-04,0.719892387030143,0.65629607448369,0.776547697441071,0.757342625341495,0.688151016257509,0.8174844513454,NA,NA,NA,0.634908451662442,0.527050788319255,0.736673334583438,0.758926299594372,0.685059073591814,0.822861449459071,0.554916575797309,0.39665834387931,0.703025401653096,0.662284721773902,0.633707740691812,0.690641954572537,6.90312892281581e-07,6.01608765642042e-08,1.71975224574214e-06,0.127963609458821,0.109118812103608,0.147600558183369,0.101437722753108,0.0817231636317192,0.122428229377098,0.108313255701278,0.0915197681399072,0.127529326376456,4.47153053063428,4.34145925389155,4.54297439023543,4.043,4,4,NA,NA,NA,4.851,4,5,4.067,4,4,7.023,7,7
2025-01-05,0.713974136436837,0.649853574437984,0.770930443711543,0.75322293635232,0.68301222786121,0.814118387573227,NA,NA,NA,0.629579252381853,0.522360717814561,0.731169082973685,0.755200003181919,0.681786511839352,0.819984563424382,0.537002231724067,0.379170935314245,0.687213132038464,0.660307828002165,0.632429773838936,0.68753072094217,8.01839488349932e-07,7.35817035133742e-08,1.99672871924311e-06,0.128198792111407,0.109694416752794,0.147054149617764,0.102458175885125,0.0830587245852384,0.122920562791791,0.109034402161815,0.0924755615960623,0.127600899696197,4.51151861704726,4.37087166975076,4.60714466972116,4.082,4,4,NA,NA,NA,4.895,4,5,4.114,4,5,7.034,7,7
2025-01-06,0.70616015290946,0.640353742552431,0.765273603049965,0.748026596252512,0.676690216855285,0.811722486155278,NA,NA,NA,0.622193357017974,0.512358997135281,0.725935888525347,0.751018634561143,0.67375161776606,0.819137544006035,0.512048544949878,0.352349982190602,0.668835287686151,0.657517634656021,0.630250971153344,0.683441177192549,9.39398961148018e-07,9.13024475525887e-08,2.31585831588422e-06,0.128532460313954,0.110733420413357,0.147018124552098,0.103897660918641,0.0851338829095458,0.123509218916089,0.110051304712422,0.0939360099546814,0.127660093906217,4.62080153960208,4.40127811616302,5.20419368115884,4.213,4,5,NA,NA,NA,4.939,5,5,4.202,4,5,7.08,7,7
2025-01-07,0.693316266901809,0.625053395136069,0.755050864911015,0.738353770457565,0.662758410615228,0.803621438763891,NA,NA,NA,0.609750430828684,0.491757309965394,0.717703167149362,0.742906582749782,0.660632785802586,0.812987647066165,0.479146695541508,0.315265258058374,0.643584825924935,0.653603156983271,0.62794078338124,0.678331361235729,1.09003968790923e-06,1.09244276687828e-07,2.68785531926707e-06,0.129011708751623,0.111757852458151,0.146670439255519,0.105963245667944,0.0882467248376446,0.124246770933901,0.111420798557474,0.0953592492098597,0.128934078636157,4.79914437017018,4.42583220811933,5.27393237371877,4.426,4,5,NA,NA,NA,4.972,5,5,4.346,4,5,7.218,7,8
2025-01-08,0.677778662089577,0.60503850152881,0.742754791685324,0.725958422302426,0.646349454969815,0.793841614567631,NA,NA,NA,0.594639965536736,0.471504720770673,0.707309267796842,0.73241469566474,0.64682170679968,0.806134443939617,0.444373360590164,0.280678943161096,0.614024498582972,0.649104383745151,0.624950639314573,0.672760234439444,1.2563046159645e-06,1.26827291889988e-07,3.04672722963919e-06,0.129575655073918,0.113128717132537,0.146556091587261,0.108384675065047,0.0917365132466184,0.125248293688595,0.112934029811267,0.0968729146112203,0.13031270862148,5.02896844532852,4.46722281762575,5.34940933227575,4.698,4,5,NA,NA,NA,4.993,5,5,4.547,4,5,7.434,7,8
2025-01-09,0.662312554441222,0.586967281828318,0.729742309725895,0.713116499487679,0.628488317640067,0.78453599603558,NA,NA,NA,0.579533730343281,0.447822081994193,0.697875554866432,0.721860341525158,0.628992827250122,0.800769031334377,0.413010095379206,0.246426705902083,0.591006457014504,0.644834421115558,0.621194885008672,0.668663134643357,1.46229701706355e-06,1.5047363957526e-07,3.52543607207555e-06,0.130121149440801,0.114383494319744,0.147022915135921,0.110708132958634,0.0948676864800722,0.126541188847535,0.114334834187989,0.0985571050663994,0.131234557775181,5.21326396538166,5.06270722641662,5.37750323187406,4.903,5,5,NA,NA,NA,5,5,5,4.759,4,5,7.642,7,8
2025-01-10,0.647309926441675,0.567450574002757,0.720160439994795,0.700076555374961,0.609872792345937,0.776712438168023,NA,NA,NA,0.564973095698855,0.425690094167781,0.689501345739641,0.711469233400867,0.611292850616176,0.795575767720004,0.385751311684887,0.210111700624127,0.57350946380023,0.641129856768428,0.617612250331098,0.664794514228094,1.72279074042511e-06,1.78354496454026e-07,4.09077635969567e-06,0.130599597064137,0.115343355856927,0.147442666855472,0.112727439158707,0.0972515208874954,0.128100933649917,0.115541384217987,0.0992977150227031,0.132538860115844,5.29856977694756,5.20781049178284,5.39449985016009,4.979,5,5,NA,NA,NA,5.011,5,5,4.876,4,5,7.807,7,8
2025-01-11,0.632951792166371,0.548819196814221,0.709390433646956,0.687230034002876,0.591335705282369,0.769467082983432,NA,NA,NA,0.551353674848192,0.401795501913011,0.681851041949876,0.701537706266534,0.595442350769705,0.79149643419838,0.361295470418632,0.185758811878154,0.553427447584005,0.637803684336747,0.614396585222316,0.661785766690219,2.05141889856172e-06,2.16478870215566e-07,4.87647250294055e-06,0.131030921497458,0.115899551152097,0.14739155471314,0.114533828244715,0.0992501757227787,0.130108645226416,0.116629514502181,0.10028454090164,0.133663493196379,5.33435718255436,5.23538708784603,5.41241619165772,4.996,5,5,NA,NA,NA,5.027,5,5,4.942,5,5,7.913,7,8
2025-01-12,0.617197610580758,0.530726430081396,0.695179533647894,0.67256481463912,0.573256082154546,0.759502667536386,NA,NA,NA,0.537200167259695,0.381617796595475,0.675537830225297,0.689931879708638,0.578135286415153,0.785191685562288,0.337130125917341,0.166018818370409,0.53113496329797,0.634548686741826,0.611225886137645,0.658274079998698,2.46184629763955e-06,2.63990895496752e-07,5.6724363348584e-06,0.131453948567831,0.11612892780901,0.147691851862632,0.116295033121306,0.101147163279988,0.13122670113057,0.11769986972274,0.101024629246146,0.135078495640457,5.35679243031474,5.27357400336814,5.44941082304091,4.999,5,5,NA,NA,NA,5.041,5,5,4.976,5,5,8.013,8,8
2025-01-13,0.600910107488854,0.513892907754454,0.679890805304908,0.657115258363424,0.553038238375173,0.747830251060701,NA,NA,NA,0.523491611415063,0.362734305667504,0.665812662641928,0.677812915116787,0.562202068478255,0.776256267589871,0.31293315040233,0.146529758524764,0.500806922533631,0.631130574774429,0.607312435276724,0.655574619087445,2.97641399845763e-06,3.25055913282933e-07,6.77040935276941e-06,0.131899663684238,0.116497379722971,0.147957693289198,0.118141442276046,0.103192307369203,0.132907774796956,0.118825342851288,0.101657093774803,0.136455267073122,5.38014141823001,5.29689746381966,5.4890480901753,5,5,5,NA,NA,NA,5.068,5,5,4.994,5,5,8.127,8,9
2025-01-14,0.582429074451252,0.495650227761847,0.663034998335264,0.639059720422432,0.53565682517633,0.732690304911698,NA,NA,NA,0.508815635725013,0.346776572062268,0.65344722478527,0.663602948808482,0.548314516411968,0.765337401892827,0.287640717862244,0.128241856655655,0.471505993592928,0.627390110243026,0.603400449706153,0.652708176154233,3.6263303056574e-06,4.09150261199462e-07,8.26404074776113e-06,0.132390233512845,0.117151597563807,0.149081325401845,0.120164052621495,0.10515168289836,0.135099477983865,0.120051977292328,0.102225450025085,0.138477867587452,5.40611086931249,5.30741956664065,5.52564148630646,5,5,5,NA,NA,NA,5.113,5,6,5,5,5,8.255,8,9
2025-01-15,0.563495800929072,0.477614409590167,0.644920756607247,0.620177807978315,0.514283536425823,0.715820626855704,NA,NA,NA,0.494575798675639,0.331280116701756,0.640541519383078,0.64944404838465,0.529318071002017,0.754734280759375,0.262689816857883,0.109811307548226,0.445128235577872,0.623245102500515,0.598618756184367,0.649444513494038,4.45476410070582e-06,5.09767397844202e-07,1.01588414810658e-05,0.132940273498716,0.117111156589362,0.150440622034034,0.122420758967348,0.106908831373189,0.137556691179824,0.121389410269321,0.102434577505752,0.140944345832894,5.44022232990166,5.31882566840954,5.5786094952261,5,5,5,NA,NA,NA,5.196,5,6,5.001,5,5,8.406,8,9
2025-01-16,0.540847251736892,0.453382113409299,0.625348996401739,0.596683653017941,0.48889544047099,0.695816153341799,NA,NA,NA,0.477595849766619,0.313033849897063,0.628026690415455,0.631411509936638,0.508399942368624,0.743307322391425,0.237734043970729,0.093419299279165,0.417417670760955,0.618822558957773,0.592699522140531,0.64578912041135,5.52722146646041e-06,6.31330098306379e-07,1.2504975940178e-05,0.133537181677798,0.116662691953884,0.151890811990404,0.124858103069708,0.10922572750661,0.140605063771594,0.122776629073255,0.102653592119742,0.143437140310797,5.49190127575314,5.33470482794945,5.6473752647204,5.009,5,5,NA,NA,NA,5.33,5,6,5.007,5,5,8.589,8,9
2025-01-17,0.516520881444612,0.423050530680276,0.604808029814894,0.570671545128556,0.458528263676509,0.676009436257754,NA,NA,NA,0.459231681886902,0.292528586345409,0.610603967621333,0.611293805439574,0.482269067407183,0.729980948600874,0.214930778820874,0.0789619916827877,0.387494643082543,0.61447511508343,0.586313149168384,0.642534994827679,6.95331128474967e-06,7.47690872684481e-07,1.59012288484531e-05,0.134134365610079,0.116021332105363,0.153418711968442,0.127284724155196,0.110725581781627,0.143571366142033,0.124098841840011,0.102673844002279,0.146160211862843,5.58814620764919,5.37004761272828,5.78296821625681,5.079,5,5,NA,NA,NA,5.489,5,6,5.029,5,5,8.78,8,9
2025-01-18,0.492037514309018,0.395898903385749,0.584172733685266,0.543866517758775,0.426016179583383,0.654356162461009,NA,NA,NA,0.440461995117407,0.270186759159441,0.594599632293928,0.590261275021695,0.460252449538252,0.716541393922297,0.195316572900001,0.0667245172720672,0.361692113138958,0.610556286404192,0.581488354289192,0.639957127799195,8.88152373273121e-06,9.16731917828579e-07,1.99806044256873e-05,0.134680578008207,0.115604313652108,0.155218711643079,0.129493229463931,0.112167734083189,0.146397886137652,0.125261024599937,0.102666964440421,0.148324563807408,5.7719732530106,5.43975782032539,6.31142531186524,5.276,5,6,NA,NA,NA,5.681,5,6,5.091,5,5,8.984,8,10
2025-01-19,0.467701725526699,0.367671100924213,0.562848330777205,0.516788836788073,0.393531139909837,0.632046524183262,NA,NA,NA,0.421470295783236,0.24810088492819,0.579952884985074,0.568136852514406,0.426999770267409,0.701450215254715,0.178671073968668,0.0576927544441283,0.336479391860369,0.607220105165124,0.577138594826329,0.637959352998231,1.15080649276726e-05,1.11064164907377e-06,2.62101975847939e-05,0.135151385368882,0.115306056088975,0.156676544676795,0.13138808421972,0.113558567050377,0.148881026004015,0.126228917181347,0.10273700555215,0.150554861133163,6.00236615510852,5.52117447518264,6.43128572014706,5.547,5,6,NA,NA,NA,5.846,5,6,5.233,5,6,9.156,8,10
2025-01-20,0.445232453490127,0.339436739917928,0.545844091465485,0.491546566404585,0.360796823653208,0.615694113698643,NA,NA,NA,0.403740261894252,0.229992126473169,0.566052445003811,0.546577758364035,0.402562662391556,0.687316126204898,0.165204043156171,0.0509654376191459,0.316951161186148,0.604506094089,0.573301627739784,0.636463619387842,1.50517070327908e-05,1.47231712835447e-06,3.42492316439861e-05,0.135541359132777,0.115018097848305,0.157749558628209,0.132950300967528,0.114110805963017,0.151183658363477,0.126987194103663,0.102859245184205,0.152373966087023,6.2124435552223,5.63705716728086,6.52338669505839,5.785,5,6,NA,NA,NA,5.938,6,6,5.429,5,6,9.344,9,10
2025-01-21,0.424565669074852,0.311968787447753,0.532299739679487,0.46827972006722,0.329876398946485,0.600016253693175,NA,NA,NA,0.386928653252314,0.213944402832031,0.554012328326836,0.525276757075687,0.373159085458356,0.675208036873031,0.154516978097815,0.0457113330219408,0.302896973269707,0.602523463413187,0.570055945375819,0.63554072807853,1.98969278288273e-05,2.0011611461464e-06,4.46643496600701e-05,0.135833186840183,0.114670470723179,0.158771439334625,0.134114239629205,0.11454351696129,0.153068038473168,0.127509213189596,0.102925700874451,0.153694225516045,6.32334642013916,5.97279986836433,6.57418120308433,5.896,5,6,NA,NA,NA,5.971,6,6,5.571,5,6,9.489,9,10
2025-01-22,0.410668797371684,0.293765318983417,0.521502684665838,0.452596876457608,0.312351147236519,0.587000605220323,NA,NA,NA,0.375415090891429,0.203329375531417,0.544467906522177,0.510596139209442,0.349732200266471,0.66645773936124,0.147903954537584,0.0425921881455568,0.293857074354944,0.601325770020928,0.568341509491943,0.63482045230688,2.67669810036882e-05,2.69556983170566e-06,6.02195004771956e-05,0.136011765212555,0.114500816094664,0.159301537701323,0.134824811657593,0.115124753868052,0.15418126881958,0.12781088612792,0.103077267196396,0.154262715012203,6.36828864732579,6.17429702437869,6.59041960399415,5.929,6,6,NA,NA,NA,5.981,6,6,5.632,5,6,9.597,9,10
2025-01-23,0.400151807916689,0.278640591219213,0.517277829638101,0.440732717955011,0.29330286961138,0.580152260043143,NA,NA,NA,0.36637736070233,0.194290333886087,0.537995708208472,0.499032854834171,0.333409539664402,0.659133093833398,0.143564835616227,0.0397768223006783,0.287431380665576,0.600675177441773,0.567233188033734,0.634481518279814,3.62798210899275e-05,3.81261177892015e-06,8.26208916335175e-05,0.136106062735708,0.11435105907892,0.159730649501388,0.135201035958447,0.115358111194157,0.154656598168683,0.127981444042981,0.103044450682269,0.154409315460958,6.3932275902348,6.20139268339326,6.60450720936502,5.946,6,6,NA,NA,NA,5.989,6,6,5.666,5,6,9.653,9,10
2025-01-24,0.397222082591873,0.275051370352566,0.514897095143494,0.437181672905821,0.288025665096168,0.578255249330428,NA,NA,NA,0.363878504903192,0.190496594556401,0.537167469115785,0.496492760183463,0.330261846849067,0.65810954153497,0.142889885830017,0.0389024849739632,0.286721079246522,0.600221557872884,0.566276355509132,0.634155654848738,4.95397262147434e-05,5.7718995009662e-06,0.000112545622535724,0.136170944382635,0.114222650508947,0.160008518773113,0.135459849536251,0.115444546756259,0.154967198321912,0.128098108482015,0.103075446709684,0.154483432217129,6.41585686556178,6.22198414577643,6.62928835130043,5.953,6,6,NA,NA,NA,6,6,6,5.702,5,6,9.732,9,11
2025-01-25,0.394228317605013,0.269985973033235,0.513446512612171,0.433400830647225,0.283182909635535,0.575859177117171,NA,NA,NA,0.360820959648735,0.184585389867974,0.536427343567945,0.493282908258617,0.322436352599017,0.656394431655608,0.143877051960976,0.0391833942194169,0.28699494258774,0.599948387670651,0.566068153984645,0.633889988362642,6.93239007008242e-05,8.87755470291655e-06,0.000153536418201072,0.136219531762639,0.114182535566622,0.160118957044018,0.135648143009185,0.115422095087557,0.155385358158042,0.128114613656824,0.103077636065695,0.154736233024478,6.45469901858859,6.25999284176755,6.66221180514735,5.968,6,6,NA,NA,NA,6.005,6,6,5.739,5,6,9.903,9,11
2025-01-26,0.393460828539967,0.265496329597178,0.513100680724974,0.431821547154715,0.279638545518567,0.575590806489975,NA,NA,NA,0.358924719884437,0.1802218959775,0.535194587262258,0.490939238423117,0.320583942160711,0.656190453203311,0.149233509956568,0.0430451440184109,0.293192163789102,0.600349982297098,0.566917641432079,0.633928877614896,9.9552114530136e-05,1.42349655829864e-05,0.000219591460426169,0.136190954641855,0.114296992234966,0.159995159593328,0.135517432395415,0.11542145851537,0.155042535465728,0.127842078551102,0.102937828664955,0.154338749312104,6.50498501936912,6.31470198123744,6.72062323608999,5.981,6,6,NA,NA,NA,6.028,6,6,5.792,5,6,10.136,9,11
2025-01-27,0.393014423615424,0.256551575552553,0.517522213297061,0.430211442316972,0.270271784894336,0.575648912309571,NA,NA,NA,0.355918149083162,0.17638234924525,0.532959601959574,0.485019646301382,0.310306183121634,0.656550995196795,0.161244567789204,0.0529134025880777,0.308661931492227,0.60230909371611,0.570085571641193,0.634912250912675,0.000147509483362418,2.34187165022545e-05,0.000317704993254381,0.135967042856414,0.114614294001299,0.159071440736635,0.134590727915796,0.114860336776611,0.153991524654797,0.126985626028317,0.102553413051054,0.152545452043574,6.53574991341517,6.35621228111509,6.73355574504872,5.993,6,6,NA,NA,NA,6.059,6,6,5.836,5,6,10.222,9,11
2025-01-28,0.402801509117952,0.25418575355045,0.532230208809368,0.439119313496018,0.273472132651028,0.586072270290363,NA,NA,NA,0.36024208164605,0.182538496120487,0.537149696909521,0.486014599223814,0.301076018233127,0.658324792907476,0.187355245055186,0.0715169115584802,0.340062465169188,0.606911466426126,0.57692501368017,0.637459073162104,0.000226418616326636,3.93647450829337e-05,0.000484466514019548,0.135396001891137,0.11513363083426,0.157206189334878,0.132256401590733,0.113850865112604,0.150068429469837,0.125209711475678,0.102323030718046,0.148918503086429,6.51960492223213,6.3540085763948,6.69156963134184,5.998,6,6,NA,NA,NA,6.071,6,6,5.848,5,6,10.028,9,11
2025-01-29,0.429100793302883,0.267973598066743,0.563457550615506,0.464747002483242,0.2879547469493,0.613830747367305,NA,NA,NA,0.3777665179444,0.198981082078014,0.551599504571576,0.50077879503728,0.308204254392484,0.671180563277109,0.233786547359034,0.106671826219486,0.390917567218658,0.615072763190881,0.588111323881342,0.642904083971159,0.000362900071587775,7.10702127893399e-05,0.000761221325843311,0.13433758390282,0.116173402855622,0.153734846485156,0.127949491645553,0.110630737463239,0.144486337174589,0.122277261189158,0.102199973530513,0.14292386010367,6.4377815092895,6.27029487520868,6.61023356920726,5.978,6,6,NA,NA,NA,6.04,6,6,5.739,5,6,9.569,9,10
2025-01-30,0.477705792482626,0.311295833966336,0.608520480556364,0.512451612488716,0.329712666010879,0.65542970173658,0.0635351142827333,2.27348945725111e-12,0.00805207107830414,0.415469568860815,0.240633221665104,0.582629256814984,0.536729489850777,0.345401845688989,0.696149612191486,0.305950541394034,0.165157783547402,0.468286850198066,0.626815807322234,0.602787206246938,0.651585039987758,0.000613024267787308,0.000135149573961596,0.00125170094663178,0.132764400978396,0.117173655472091,0.150023698607539,0.12155955427745,0.106388614104543,0.136735263053813,0.118247213154133,0.101067453028241,0.136125978386393,6.11509871674707,5.59779253958101,6.46688282765562,5.651,5,6,121.814,114,144,5.957,6,6,5.324,5,6,8.964,9,9
2025-01-31,0.544768310746666,0.386548038204081,0.664600473654164,0.57745271652243,0.40688411837445,0.707117713694726,0.0656207326769852,2.84310999659286e-12,0.00832295504165565,0.472783313369101,0.305675481760969,0.625794544614403,0.591127936500055,0.411379011334309,0.731523905004931,0.402119381429235,0.24824828694494,0.558008207460239,0.640855734639167,0.617444460626361,0.664172563065551,0.00110830793193515,0.000312141364814322,0.00212294947015917,0.130821525441988,0.115302849276228,0.147332176401327,0.113688870274401,0.0984297892743161,0.128960766343823,0.113525561712509,0.0976197511668842,0.130126894285195,5.55359984800884,5.38940095624193,5.73375394812162,5.001,5,5,120.817,113,142,5.496,5,6,5.004,5,5,8.17,8,9
2025-02-01,0.613516081227809,0.471649558862956,0.719217350210239,0.642464848359519,0.493946075865209,0.755747968197918,0.0679272801895262,3.73519684566691e-12,0.00860363211900104,0.536996055750072,0.384583380648099,0.672167151263679,0.648260035174369,0.499033202081052,0.768059809133506,0.507397342343183,0.347513287970039,0.657590952163773,0.655055142431386,0.627639375224586,0.680592434372284,0.00223301503254195,0.000825797452837019,0.00399760098653784,0.128732059131248,0.111134157573071,0.146721206709646,0.105353508579956,0.087965230359106,0.12363413592296,0.108626274824867,0.0924973946664286,0.127056660607914,5.52801379991092,5.29924378617011,5.78368136411051,4.992,5,5,119.836,111.9,141,5.02,5,5,4.939,5,5,7.587,7,8
2025-02-02,0.701778378971749,0.625067031802062,0.771656994031986,0.72809978628624,0.644734589769347,0.802577750625354,0.0734298559830453,6.17766221685743e-12,0.00903970708894203,0.624360744885216,0.505703221874518,0.728692754885772,0.72948454250745,0.640303937450123,0.809913566672098,0.633318598681275,0.494620559530717,0.759646240834098,0.666886689876991,0.634468818052214,0.698009553488315,0.005353076338749,0.00280617724620133,0.00832198798898123,0.126560174649486,0.104787091133534,0.148821234455487,0.0973663569481481,0.0767107014044437,0.119412098945176,0.103833702186625,0.085609743419523,0.125237765045386,5.04004697543962,4.5866410527254,5.47776045071203,4.003,4,4,118.879,110,140,4.883,4,5,4.045,4,4,6.961,7,7
2025-02-03,0.757181448765399,0.700293826754025,0.813761809996696,0.786513458737638,0.725505062328932,0.847204711345329,0.0771761283564122,1.06641975009766e-11,0.00941851526074406,0.6913980742867,0.589919233730169,0.784302822604569,0.786180422728386,0.718807594736785,0.847977921458468,0.732797718532996,0.601290617491801,0.841354687572307,0.670760119860694,0.63389148042985,0.708075270803816,0.0173283343464274,0.0110865768110797,0.0243776138376135,0.123580104615833,0.0977724886376065,0.151037318126653,0.08963871662906,0.0659991045191389,0.115593599168414,0.0986927245479856,0.0776002328845321,0.123087939404367,6.22516848334556,5.10392211005233,7.29123333392297,4,4,4,117.935,109,139,4.188,4,5,4.001,4,4,6.325,6,7
2025-02-04,0.73874591517295,0.67253619668778,0.806456679796781,0.813222259268304,0.749406278141193,0.873961977498647,0.0783019943750989,1.41966444739965e-11,0.00963673809943711,0.728276238226158,0.621710171525027,0.82030698472641,0.812830390222304,0.745815497919748,0.872873015457749,0.787301238859551,0.655048173067611,0.890870764657395,0.632778364099646,0.586172499848177,0.676467984943828,0.0851005369742941,0.0487144608083236,0.123366259399208,0.114145033348967,0.0860143319717499,0.144546273290643,0.07886519222719,0.0548308712945252,0.104884091771475,0.0891108733499035,0.0663974145949501,0.11456512314264,13.6342784618669,7.15012983966325,19.1595644970316,3.787,3,4,116.988,108.9,138,4.014,4,4,3.835,3,4,6.019,6,6
2025-02-05,0.149179100074115,0.0449502355060692,0.166720498072474,0.831085755085028,0.760760627146658,0.895570214508557,0.0785959117541956,1.91683384312862e-11,0.00895602260487571,0.750990496815363,0.64018314717781,0.850109738747284,0.831093955624521,0.759855203430265,0.896202658078408,0.812023086298897,0.678004112216951,0.912875338051259,0.0661928844512376,0.0361207805584342,0.102175677307901,0.905208183586166,0.854012281878205,0.947899791757335,0.0117780574082657,0.00584080649511439,0.0189184152227637,0.00779679251152988,0.00370751080844775,0.0129297062660864,0.00902408204280096,0.00440140993688568,0.0148088967630692,105.280245537226,89.9718819896468,126.488089108598,3.068,3,3,116.012,107.9,137,3.799,3,4,3.173,3,4,5.852,5,6
2025-02-06,0.0843608892009198,0.00158869150900873,0.0294330176659738,0.846210778841981,0.765087815171036,0.916502543477609,0.0785506078846735,2.17976555431225e-11,0.00800156138059934,0.765323276663913,0.650864560748641,0.871197547671373,0.846301123863657,0.76812299747661,0.919483267429407,0.820058793778022,0.686402188478987,0.922039582541039,0.005352142358763,0.00106657057406661,0.0116632950366998,0.992369919640251,0.983348764755526,0.998507639089646,0.000951002953206785,0.000186382851182124,0.00208042403067099,0.000611006233970557,0.000118155325614067,0.00133487751290563,0.000715928813808195,0.000137354771906854,0.00152703961615559,114.09525509856,105.283250663419,135.044328768579,3.001,3,3,114.955,106.9,136,3.284,3,4,3.012,3,3,5.763,5,6
2025-02-07,0.0798645280859423,0.000244786497811818,0.0125929507652539,0.856893082576625,0.769937848096633,0.933856722071019,0.0784346793679001,2.38645559066103e-11,0.00765152002011086,0.772834237448825,0.650004656480291,0.883577384300895,0.856649381193233,0.771944898015503,0.936519301381026,0.820208937294757,0.683113812944817,0.924800432100039,0.0013010467617907,0.000152206256280546,0.00307350233009371,0.998147290324062,0.995614751483437,0.999780963306602,0.000231436557927914,2.63245426747828e-05,0.000542124146577181,0.000146994267516923,1.72699680184256e-05,0.000350549952548878,0.000173232088702053,1.89036288606567e-05,0.00039792419775239,113.756279236264,104.966370205134,134.639902759652,2.837,2,3,113.964,105.9,135,3.16,3,4,2.885,2,3,5.735,5,6
2025-02-08,0.078944462096884,0.000104119095156444,0.00898773629683917,0.860816487852093,0.768535392067462,0.941125971693155,0.0783163417580346,2.5802502346104e-11,0.00803304459416167,0.773711417141801,0.648071119523435,0.88693315293761,0.860310988105891,0.772459348386682,0.94334043522575,0.815138239966831,0.672899698824773,0.923931411643521,0.000568388064883254,6.32778672929295e-05,0.00137219258577675,0.999189223457162,0.998057873183094,0.999906818048238,0.000101321868406611,1.16060519203026e-05,0.00023382385711066,6.4789659845355e-05,7.38211207971132e-06,0.000152680282292929,7.62769497031965e-05,8.69639097089352e-06,0.000172130278916054,112.879705537213,104.315979760593,133.840655778689,2.701,2,3,112.97,104.9,134,3.164,3,4,2.787,2,3,5.769,5,6
2025-02-09,0.0791176943987345,0.000181065934567992,0.0118901339898623,0.859511392173332,0.767051767825444,0.940299814658062,0.0780870047778279,2.76848111919792e-11,0.00816956416902631,0.769990662960712,0.642730944065151,0.884757255536751,0.859045078706106,0.769997019997112,0.942119320406847,0.807051833659075,0.659926138767311,0.920715139663536,0.00093454736276784,0.000115600220727774,0.0022189537122874,0.998665047541574,0.99683365374469,0.999830088714683,0.000166784050061479,2.11096520020506e-05,0.000384723436173899,0.000107525523210316,1.34966219875673e-05,0.000250486708577497,0.000126095522386273,1.58066445922243e-05,0.000283044032954221,111.840939414659,102.97292576955,131.986077383092,2.779,2,3,111.988,103,132,3.234,3,4,2.832,2,3,5.842,5,6
2025-02-10,0.0797478377888726,0.000418525058400619,0.0144688602544895,0.856917185116537,0.766339637023608,0.936946875525336,0.0777907122830439,2.98219190973944e-11,0.00826028293028204,0.765806132410802,0.638036587884889,0.880150718057053,0.856610610695283,0.768747828432177,0.93903338670727,0.800673501218391,0.653195957527311,0.916935859294638,0.00177965083783894,0.000257067198495056,0.00416237431008773,0.997454162168101,0.994037150755315,0.999634635214249,0.000318063491661946,4.49730905040687e-05,0.000721222758204052,0.000206727161673215,2.89310183382691e-05,0.00047563163802018,0.000241396340725233,3.36606154685212e-05,0.000540850261501414,110.750672550348,101.852682277913,130.946959735662,2.89,2,3,111.028,102,131,3.31,3,4,2.914,3,3,5.91,5,6
2025-02-11,0.0808610679680592,0.00086051196071597,0.021405594962719,0.855180121486047,0.76708494588171,0.934321784990064,0.0774167376088123,3.17791052694683e-11,0.00878670768788823,0.763809553846656,0.638247269235867,0.877025737639849,0.854899545263111,0.769446882547837,0.936693160650988,0.798809565215401,0.655035635325529,0.91293912335285,0.00313653717749446,0.000533303550101261,0.00710090477879128,0.995508984730248,0.989798125351816,0.999231783097517,0.000560919935143421,9.43534484433667e-05,0.00125755753551075,0.000366678938283952,6.19109286397126e-05,0.000821016608225945,0.000426879218829977,7.12366133284384e-05,0.000931723008804102,109.590750354752,100.340974709186,129.844239933318,2.939,3,3,110.075,101,130,3.277,3,4,2.955,3,3,5.926,5,6
2025-02-12,0.0824673777318318,0.00149418430528941,0.0293699392973173,0.855488477191349,0.768400908066923,0.93366669897804,0.0771009725051113,3.44952267078581e-11,0.0092777115645468,0.764813063188611,0.645740809786187,0.873725915690796,0.854966367258663,0.76891213004163,0.935012681098966,0.801093790108122,0.660858106161192,0.909480518537414,0.00488303088512926,0.000964859214808592,0.0107011059745446,0.993006716189473,0.984653595431359,0.998588189673483,0.000872969121982167,0.000171145028237118,0.00190812208993809,0.000572080531669092,0.000111693645728452,0.0012651061967964,0.000665203271746779,0.000128953445336949,0.00141717125192868,108.353029216521,98.8727545830357,128.654245226454,2.906,3,3,109.1,100,129,3.25,3,4,2.923,3,3,5.919,5,6
2025-02-13,0.0842737553058237,0.00225183351953205,0.0339077825931453,0.857431347708707,0.773100694691749,0.933003457209373,0.0770068713921934,3.7238627960325e-11,0.00967591976184138,0.767283538343427,0.655125889826499,0.872252980675962,0.856511427398152,0.774482372951611,0.9349228429472,0.804804611303475,0.669836762086944,0.907406596259384,0.00659655183130309,0.00151874355079666,0.0140058004521247,0.990551777619659,0.979836948011142,0.997820121869387,0.00117906930027123,0.000258219020429728,0.0025100774573547,0.000773456244924432,0.00017036625149346,0.00163182840640415,0.000899145003841951,0.000196549339469951,0.00188158446137146,107.132334968894,97.5803799669533,127.159453449451,2.881,2,3,108.132,99,128,3.261,3,4,2.91,3,3,5.904,5,6
2025-02-14,0.0827178132773693,0.00176023092698804,0.0305425312129085,0.857656924746959,0.776506659077118,0.931613827066141,0.0769254049687367,4.0201358071402e-11,0.00977799855057262,0.767533397128059,0.658485408929128,0.870253684414746,0.856421441604732,0.777108133230384,0.933032555630013,0.805865752749457,0.675773557978237,0.906095643921881,0.00525236285659127,0.00119028850920043,0.0112528953593341,0.99247206939294,0.983803330899292,0.99828971741349,0.000939524244420826,0.000208082610003955,0.00200830749868129,0.000618173415779595,0.000133419673474761,0.00133402480089677,0.000717870090268538,0.000156321883924821,0.00152185793248088,106.367952680211,96.842505800958,126.302537459161,2.914,3,3,107.157,98,127,3.297,3,4,2.931,3,3,5.905,5,6
2025-02-15,0.0834898029542998,0.00228351477638137,0.0333075895257016,0.855467855669032,0.778336351331728,0.927444766576086,0.0766969913557967,4.35737661837361e-11,0.0101562821602198,0.765023007743669,0.659400933977211,0.86526067769123,0.854060971746989,0.778373005841523,0.928619590987001,0.803687079551819,0.673387860137756,0.902372431667746,0.00617112046229906,0.00156446471175982,0.0128353033180004,0.991145951270131,0.981365191564776,0.997734613138616,0.00110449758617102,0.000266925810103578,0.00229891529998937,0.00073125274891986,0.000174746533338439,0.00154249794455778,0.00084717793247865,0.000204510837132454,0.00178050474774516,105.276214117764,95.457100531209,125.015172700045,2.944,3,3,106.195,97,126,3.349,3,4,2.963,3,3,5.921,5,6
2025-02-16,0.087338137867355,0.00429375430670697,0.0447123950583859,0.852085390304951,0.779454231964923,0.921763768798697,0.0764027294850105,4.80903610017839e-11,0.0107436699729865,0.761052984507291,0.658477686066902,0.859380058600382,0.850501897801437,0.780468425973232,0.922089385112306,0.799865866470664,0.673432711838768,0.897535740425644,0.00996920619748192,0.00295820541014838,0.0198848028134494,0.985679605807608,0.971374064181826,0.995663516692366,0.00178563580995332,0.000507471894917919,0.00353624212544303,0.00119026261469857,0.000337304923946203,0.00236798098185233,0.00137528957025796,0.000393640603644784,0.00276576411078079,103.754791029283,93.4024935286834,123.290503262544,2.974,3,3,105.225,96,125,3.442,3,4,2.999,3,3,5.949,5,6
2025-02-17,0.0944458447638051,0.00821507485137032,0.0614859438410022,0.848050535194553,0.780292433355105,0.914236868239357,0.07617359275938,5.16964626148724e-11,0.0114629245860341,0.756390669033534,0.658882086070766,0.851097463336326,0.846246241161241,0.781414735709156,0.914120695712541,0.795747704707071,0.674856382655483,0.89214882691568,0.0167289425981766,0.0058774911090371,0.031315234874184,0.975935864449352,0.95477912529664,0.991282488546733,0.00299927235412902,0.00101613990060023,0.00570251920399204,0.00201505346014693,0.000674182888791929,0.00381284559000619,0.00232086713819585,0.000785102314906746,0.00436428964397993,101.809648964458,90.5093633306413,121.419372418329,2.996,3,3,104.254,95,124,3.58,3,4,3.037,3,3,5.976,6,6
2025-02-18,0.111301791129451,0.0187577261158165,0.0983014000934841,0.843311041080304,0.781364143118199,0.905630362150593,0.0759315875655295,5.55163094455908e-11,0.0120179373798449,0.751319735617894,0.659582077125254,0.842092333051149,0.841287116923796,0.780392041427824,0.905018278015191,0.791643342650974,0.675354724971604,0.886730040576501,0.0325534908567954,0.0144571093392723,0.0565900016022861,0.953113847335955,0.918563474887301,0.979342170569229,0.00584152908427193,0.00241734833393288,0.010207503874501,0.003951757520583,0.00160164308100431,0.00701534850963848,0.00453937520239485,0.00186213008551446,0.00804893335016228,98.5644907165954,85.4813612259052,118.062749355607,3.017,3,3,103.275,94,122.1,3.713,3,4,3.086,3,3,5.991,6,6
2025-02-19,0.14318773353386,0.0427880720929289,0.15463120154006,0.838190485600107,0.781039814506988,0.895798995522059,0.0757344029018049,5.99878037876023e-11,0.0126433658929584,0.746126749881685,0.657938446783989,0.831847563733423,0.835945689962708,0.778829533282999,0.895771020757054,0.786924360039132,0.673388302678113,0.879869986389714,0.0624467342608644,0.0338188824505552,0.0972016625241845,0.909941972584361,0.860431261017944,0.951053851989884,0.0112177544310148,0.00556806487155889,0.018030627935527,0.00763954202364828,0.00371309424700674,0.0124413587858025,0.00875399670011183,0.00421698485611911,0.0142303873846455,93.3541223506189,78.2690908960499,112.714105876007,3.06,3,3,102.303,93,121,3.815,3,4,3.163,3,4,6.007,6,6
2025-02-20,0.190727055482792,0.085220459215864,0.224857741551955,0.83284971149531,0.779297948232872,0.885966349068028,0.0755597103125253,6.56180068584197e-11,0.0135390338379935,0.740474124041619,0.653542345563204,0.822335877622386,0.830394752536543,0.777216909261814,0.885845585337509,0.780312236079391,0.670677717324248,0.872197266493485,0.107278198786885,0.0685714625026891,0.150824635197358,0.845024867885292,0.783529440764488,0.899697219162434,0.0193052381635257,0.011126164023457,0.0288779850717085,0.0132535375973273,0.00744543809507024,0.0199324324908482,0.0151381575669699,0.00859253103131297,0.0226743779074666,86.0910196900337,69.9716860761088,104.910111128519,3.122,3,4,101.315,92,120,3.911,3,4,3.268,3,4,6.032,6,6
2025-02-21,0.279253345062455,0.17406746272392,0.333519880209691,0.827508445909902,0.777329556358648,0.876194375895006,0.0753823568665915,6.98739042888143e-11,0.014189189899607,0.734373314028782,0.650290071491392,0.812259726858236,0.824819406125597,0.774869792502602,0.877160516453561,0.771421276920103,0.665365839137617,0.863856236670659,0.191122351755845,0.143031294729337,0.242147704874457,0.723301540731931,0.654819698400902,0.789636994401104,0.0344895977261739,0.0231570612628727,0.04674279216898,0.0238999355112838,0.0150447090216967,0.0335391065557626,0.0271865742747662,0.0180223727162015,0.0378748914255826,73.4802320650844,57.7753946195588,90.5952708916315,3.254,3,4,100.33,91,119,3.964,4,4,3.379,3,4,6.057,6,6
2025-02-22,0.40604275051402,0.314956376915564,0.467426536388724,0.821753244539678,0.777376510762113,0.866522637037309,0.0752450137299538,7.43147311114659e-11,0.0146046703870003,0.72748125334841,0.646613259046456,0.801474234641819,0.81880744331243,0.771518331514766,0.866511454900283,0.759265756794634,0.654508831254229,0.852088735260081,0.312345255397044,0.261326566220142,0.363967716474175,0.54658525787475,0.475748171727527,0.610568346244289,0.0565903551731224,0.0417092995142519,0.073366838026804,0.0396257909660541,0.0270433572308398,0.0536773265314107,0.0448533405890292,0.0324687050009391,0.0582250758875334,55.9104171781876,43.351232070851,69.3804060226451,3.426,3,4,99.34,90,118,4.013,4,4,3.529,3,4,6.098,6,7
2025-02-23,0.538100355525338,0.458164028047476,0.610326514110761,0.815606454612256,0.775073981986267,0.856648365005081,0.0751298140510999,7.91187098372318e-11,0.0153298213662445,0.719608910213244,0.64060140465771,0.790634514628903,0.81242584678135,0.768123792534641,0.855465778374893,0.74281023277637,0.637649243217539,0.835356383919217,0.440511295793126,0.389504163831733,0.491661389307324,0.358366998991576,0.295369428348334,0.42489213217056,0.0802458824329808,0.0615404012166166,0.101084747840436,0.0568688529039143,0.0398712586773987,0.0754713200744964,0.064006969878403,0.0478564744087874,0.0810410054671017,37.699069858069,27.1278818921473,48.2269436279509,3.621,3,4,98.361,88.9,117,4.048,4,4,3.683,3,4,6.144,6,7
2025-02-24,0.656241327245523,0.591366346037,0.72980486028554,0.809252625732071,0.771554245931789,0.847048844757874,0.0750186060600197,8.28795500406109e-11,0.0163429882445072,0.71081879416364,0.63181800759511,0.779755622301511,0.805839500598553,0.76356919623013,0.845969069701431,0.721464637765257,0.616364724923988,0.813803615121038,0.557349480483143,0.509477259271094,0.609777275635721,0.184725487342673,0.129040621040994,0.247045357856865,0.102246736624708,0.0802521543293311,0.126618342132555,0.0734912095812121,0.0526458494102414,0.0951517584026012,0.0821870859682639,0.0632878995990292,0.103445881404154,21.2891617331685,12.875694502217,29.1384998173434,3.818,3,4,97.368,87.9,116,4.089,4,4,3.837,3,4,6.21,6,7
2025-02-25,0.734890248629624,0.690639917014885,0.779847080471035,0.801877064386533,0.767455440247905,0.836492524663492,0.0749349563160345,8.88680514151309e-11,0.0172972331370797,0.700353057432107,0.622816713952508,0.767347538443095,0.798210110835892,0.756999591638027,0.835570312961291,0.693945961884597,0.589490398515579,0.78834013689008,0.638559022974616,0.599050817611051,0.679407622088013,0.0609768446557965,0.0308789485902293,0.0976178071444012,0.118178299394859,0.0943370724194565,0.144460860539174,0.0863855569278683,0.0635449735402671,0.110030765212595,0.0959002760468599,0.076304778701067,0.118170289414887,9.82691435882241,5.80982528399679,13.9121027452616,3.949,4,4,96.368,86.9,115,4.161,4,5,3.938,4,4,6.306,6,7
2025-02-26,0.766892395672558,0.735544261931854,0.79807372456867,0.794365208141982,0.762039554479203,0.826265786142774,NA,NA,NA,0.688962710356497,0.613200088016955,0.754073251037532,0.790409267444301,0.75000444377491,0.826982126970655,0.66124164670213,0.558541856168678,0.756449855262313,0.675676729114029,0.6411249010474,0.7088844369572,0,0,0,0.126377845669453,0.10232850984686,0.151563737827184,0.0942357471611309,0.0713680147384558,0.118855575802195,0.103709678055387,0.0844873171840638,0.125758953385955,4.2826984246066,4.18081556074517,4.42215121749985,3.993,4,4,NA,NA,NA,4.242,4,5,3.985,4,4,6.492,6,7
2025-02-27,0.753328665043759,0.72170947013621,0.784041128657174,0.784666455130632,0.753775686887712,0.815593103870619,NA,NA,NA,0.675073739487949,0.603159804067958,0.738996540891755,0.780489559452729,0.738798306102127,0.816736211169683,0.623147817627554,0.520903728688441,0.717238005418529,0.670780739298369,0.638873955058468,0.70202280817545,0,0,0,0.12694045402162,0.104917983936981,0.15023878253261,0.0968119235068292,0.0750058384045249,0.119678548166417,0.105466883173181,0.0870076759857002,0.126652281747543,4.33103402708743,4.20564481245285,4.46268686875983,4,4,4,NA,NA,NA,4.35,4,5,4,4,4,6.722,6,7
2025-02-28,0.739687381670272,0.708053382236022,0.770589844772105,0.775076562064057,0.743464092982942,0.806234649317673,NA,NA,NA,0.661104513804903,0.591684770689341,0.724698849744993,0.770991545377966,0.728998977064101,0.807376949525191,0.584459560092815,0.482659209993194,0.680585130495436,0.665717280789075,0.635946473051908,0.695093285766476,0,0,0,0.127536290161011,0.106986260792137,0.148321295448894,0.0995014168999175,0.0790383308561435,0.120925212267874,0.107245012149997,0.0899413718224623,0.127083470692873,4.37939658483392,4.27174826877891,4.4898863996932,4,4,4,NA,NA,NA,4.509,4,5,4.006,4,4,6.925,7,7
2025-03-01,0.725069880464659,0.692809776400888,0.757235832801444,0.764119550028864,0.731026078069683,0.796361664982723,NA,NA,NA,0.646405749241835,0.575499652135636,0.711105542369613,0.760559631772205,0.717561527647726,0.799384373099675,0.547542307296987,0.442775145734245,0.645804708191499,0.660929671189472,0.632744493703117,0.688339935911324,0,0,0,0.128113641324036,0.109416604733479,0.147313039462334,0.102071061154348,0.0825255884727672,0.122691257042848,0.108885626332144,0.0921741198175453,0.127586213566636,4.43137392067879,4.3073643227299,4.51969702655758,4.011,4,4,NA,NA,NA,4.713,4,5,4.03,4,4,7.029,7,7
2025-03-02,0.713508402943685,0.679801110918158,0.747659585209923,0.755636424314447,0.719719107535852,0.789868142479947,NA,NA,NA,0.634816841956273,0.56073674689918,0.701130281369252,0.752924830885864,0.708054028100346,0.793553168847437,0.517428427546842,0.410445405562025,0.619876300501896,0.656836923391786,0.629844822767687,0.68252331838378,0,0,0,0.128617998650343,0.110991414024521,0.14690826248091,0.104285334670785,0.0857528540673418,0.123658713267151,0.110259743287087,0.0941023420582473,0.127945046314901,4.53107912562656,4.38136816044159,4.65840690744162,4.088,4,4,NA,NA,NA,4.893,4,5,4.105,4,5,7.151,7,8
2025-03-03,0.702759786186652,0.667595039565932,0.737947799170794,0.7473318974465,0.708902350568001,0.783553692778254,NA,NA,NA,0.624422633423405,0.549690328682758,0.692040138281802,0.745645521664833,0.698285779536465,0.788994661063589,0.491608421674651,0.380215265530875,0.597232496186198,0.653531028645138,0.627657821347167,0.678282131823552,0,0,0,0.129030685955685,0.111806053590905,0.146662314796426,0.106074087452306,0.0884466086960631,0.124273711118924,0.111364197946871,0.0952519369215985,0.128843414872017,4.67294300782211,4.41832698409051,5.23390696850528,4.249,4,5,NA,NA,NA,4.952,5,5,4.193,4,5,7.292,7,8
2025-03-04,0.693666778726719,0.65717624666991,0.729873428665556,0.740421221118296,0.70023922837286,0.7796259016279,NA,NA,NA,0.615794361957408,0.539305636048274,0.685645165490918,0.740106140845877,0.689936775336674,0.784716313721182,0.468647102349227,0.354392898610741,0.578854019261253,0.650684764319503,0.626676542387713,0.674798565233618,0,0,0,0.129387422425404,0.112661962155415,0.14685604565263,0.10760378345875,0.0906199884388883,0.124946977505189,0.112324029796343,0.0962179510666096,0.129734413557027,4.80847679180373,4.43890804350868,5.31525554493763,4.403,4,5,NA,NA,NA,4.975,5,5,4.3,4,5,7.452,7,8
2025-03-05,0.684853803633136,0.647944965340922,0.72125221482257,0.733622708451517,0.692876969350356,0.773430253778986,NA,NA,NA,0.60778104178686,0.528703945321094,0.681212890233695,0.734672914798572,0.683522195480499,0.780733220318924,0.446898424022186,0.334476290455785,0.559859966549367,0.647906962410206,0.624219474450536,0.671737262678458,0,0,0,0.129737210919523,0.113658509274157,0.146675304261856,0.109094056281462,0.092739873782303,0.125668402917492,0.11326177038881,0.0971829138205803,0.130600576142218,4.9854598000697,4.47113721816792,5.34935429754826,4.621,4,5,NA,NA,NA,4.993,5,5,4.428,4,5,7.597,7,8
2025-03-06,0.673819448752681,0.63681918026744,0.710299568515021,0.724244930653109,0.6835422092092,0.764037351009929,NA,NA,NA,0.598480818973524,0.520627780156083,0.671056877873413,0.726026490106058,0.677379826619633,0.773180500456435,0.425115674644638,0.315042868769436,0.536114914810458,0.645068631529576,0.621338778057422,0.668985634146886,0,0,0,0.130098466354944,0.114367046075213,0.147018556170576,0.110625315511659,0.0947004366814608,0.126482780241904,0.114207586603821,0.0983675144542378,0.131081722124226,5.16970070144488,4.58914214905469,5.37519581699261,4.843,4,5,NA,NA,NA,4.999,5,5,4.643,4,5,7.72,7,8
2025-03-07,0.661650279250717,0.625705254096303,0.697610188577567,0.713391199316524,0.673203361868966,0.752842071155544,NA,NA,NA,0.588788927252703,0.513807769299808,0.657420842271259,0.715278242707892,0.666103254095959,0.762388707539943,0.404311277646282,0.300149209631637,0.513089065758946,0.64227550696318,0.618745485668405,0.66583783221256,0,0,0,0.130458557074112,0.115129721855691,0.147288283736035,0.112143359212316,0.0965553008507386,0.1278212747662,0.115122576750391,0.0990507941067054,0.13198451563105,5.28448642773525,5.19276631905116,5.39362313046594,4.965,5,5,NA,NA,NA,5.008,5,5,4.809,4,5,7.841,7,8
2025-03-08,0.650511809833268,0.614958057849325,0.686212221947022,0.703328032617449,0.663739426467839,0.742638125455808,NA,NA,NA,0.580059741378527,0.506818006007748,0.646557598682566,0.705220944703118,0.653804253483383,0.752675242026679,0.386149442607292,0.286260759341636,0.492221930996028,0.63968733365651,0.616315544365154,0.663145568989794,0,0,0,0.130797354178998,0.115704870586073,0.147303076894316,0.113563805638183,0.0982280880161438,0.129020896945252,0.115951506526308,0.0996080569561592,0.13298196739067,5.32667002251522,5.23201783766578,5.40679147573683,4.989,5,5,NA,NA,NA,5.018,5,5,4.915,5,5,7.939,7,8
2025-03-09,0.641091708288062,0.605250611391477,0.677023335749034,0.694621608224041,0.653974532637859,0.735987725430795,NA,NA,NA,0.572211258184953,0.500328683862887,0.637674585813186,0.696903170083635,0.642482935150725,0.745718351468872,0.372179222610928,0.271655482862456,0.4816116669767,0.637506299418543,0.614190434447416,0.661267517443883,0,0,0,0.131090360850542,0.11592197665425,0.147321532291843,0.114785094648357,0.0995638633170167,0.130276456017247,0.116618245082557,0.100278894339356,0.133644252033993,5.35321621621687,5.27700847813709,5.44081616479957,4.998,5,5,NA,NA,NA,5.026,5,5,4.957,5,5,8.052,8,9
2025-03-10,0.63469135520957,0.595897488097383,0.672409769161323,0.688374722950702,0.64528744327175,0.732778645681696,NA,NA,NA,0.565850508270263,0.491490410066057,0.63518021300277,0.691554732712814,0.636086813602967,0.743988646441516,0.365133023596687,0.261855117270604,0.476529022620357,0.636090539863088,0.612857518101938,0.659648779583254,0,0,0,0.131292697780153,0.116025086543153,0.147562657369978,0.115621453187149,0.100458642396564,0.130845859546986,0.11699530916961,0.100518052612706,0.133958308578629,5.37212601427101,5.29395422107863,5.4781803863764,4.999,5,5,NA,NA,NA,5.034,5,5,4.977,5,5,8.17,8,9
2025-03-11,0.633612967992344,0.591991268610403,0.674631151463204,0.686794607266621,0.639011067969448,0.733262185578253,NA,NA,NA,0.56283667183311,0.482929760823418,0.639032181314608,0.6912213527623,0.633513476815328,0.746166948677985,0.368043569545313,0.256717949657427,0.486629276376287,0.635937364771989,0.612633551787255,0.659538899592539,0,0,0,0.13133617788134,0.115992414368128,0.147565787906492,0.115792060743309,0.100684428670691,0.131021005944797,0.116934396603362,0.100499780903708,0.133924332494033,5.38331513763093,5.30212193536217,5.49536275816608,5,5,5,NA,NA,NA,5.043,5,5,4.987,5,5,8.241,8,9
2025-03-12,0.638857214220768,0.592360756090801,0.684318296476578,0.690916694501577,0.638205220990154,0.740804765039105,NA,NA,NA,0.564586923102629,0.473512654259374,0.647201139435909,0.696491975158594,0.635902482503435,0.754624211860442,0.381571266509348,0.260164176943028,0.508474529556453,0.637321965767093,0.614003362027365,0.660959742309709,0,0,0,0.131176139360202,0.115993968148975,0.147550155127129,0.115115253189784,0.100112709326656,0.130451966869411,0.116386641682921,0.100160821383436,0.133303707270077,5.37998766468949,5.3006842281993,5.49093757787427,5,5,5,NA,NA,NA,5.041,5,5,4.987,5,5,8.23,8,9
2025-03-13,0.649090010809918,0.598880803238675,0.697707678927964,0.699502479944452,0.643078673657417,0.75310172522184,NA,NA,NA,0.570973865194011,0.469820410792673,0.661792422897695,0.705503808719146,0.639653923948039,0.764691017152354,0.403546420414489,0.273153036942486,0.540578053570085,0.639988725943338,0.616775324735755,0.66301047104039,0,0,0,0.130841205324499,0.115703575075258,0.147301022393177,0.113711055347767,0.0986238392966975,0.129154580663711,0.115459013384397,0.0992711428805766,0.13233464805996,5.36603136215233,5.29472394747351,5.46422221884727,5,5,5,NA,NA,NA,5.034,5,5,4.977,5,5,8.154,8,9
2025-03-14,0.662299029075649,0.609973965071913,0.713245755130041,0.71056199729418,0.65132424157081,0.764387799623585,NA,NA,NA,0.580934443957448,0.475799131946167,0.674483702348611,0.716013674940201,0.650038629160178,0.775489306283781,0.431628722701364,0.294264521001409,0.569239962409872,0.643428512437523,0.619945428592852,0.666887092651544,0,0,0,0.130403345670768,0.114969493803521,0.147235492344939,0.111873839277732,0.0963693909713596,0.127493648696041,0.114294302613977,0.0984816974405252,0.131075617023583,5.33950293394315,5.27540548192838,5.41352540187614,4.993,5,5,NA,NA,NA,5.015,5,5,4.94,5,5,8.051,8,8
2025-03-15,0.677483506090015,0.626075944985486,0.727847046288232,0.723018148442574,0.664820516389414,0.775153011008442,NA,NA,NA,0.593792431438509,0.491325369501743,0.687795287145893,0.727163060602101,0.662929657476878,0.785752031314407,0.46503833864822,0.326502495210472,0.602628968064346,0.647432560281042,0.62359529161846,0.671038910105875,0,0,0,0.129897862537265,0.113970696550163,0.146766535405713,0.109740891505119,0.0932375217330199,0.126004429437007,0.112928685676573,0.0968331980018957,0.130297275058804,5.28016745590026,5.19102488275003,5.38727214518402,4.954,5,5,NA,NA,NA,5.007,5,5,4.79,4,5,7.937,8,8
2025-03-16,0.692914484242739,0.642498732439552,0.740269210569121,0.735181312147989,0.680111342212003,0.78518415407855,NA,NA,NA,0.608260537268385,0.508656223513785,0.69976664377922,0.737581649202455,0.675669328317535,0.793710196708749,0.501184796321424,0.365552332742862,0.631872928021571,0.652055076688687,0.627486167410445,0.676505839572519,0,0,0,0.129314158552436,0.112590826835461,0.146833875540699,0.107260231728027,0.0901472509983706,0.124845203850021,0.11137053303085,0.0952696586734971,0.12859126820315,5.08226769951742,4.53163504178525,5.35891901848752,4.733,4,5,NA,NA,NA,4.998,5,5,4.552,4,5,7.735,7,8
2025-03-17,0.708516855015836,0.661298754738817,0.752462789569919,0.747711088428096,0.696214629533728,0.794154901616993,NA,NA,NA,0.624275785494445,0.530644739040803,0.710525864672223,0.748371694498801,0.690845661888028,0.800626122557675,0.535187716124761,0.403003736747636,0.661325623279835,0.656811891605457,0.629739791614666,0.682404429214007,0,0,0,0.128703061729469,0.111268835600715,0.147018956339021,0.104647794796931,0.0863823587927379,0.123799731220057,0.109837251868143,0.0936731249334539,0.1275019159424,4.72039652352752,4.42266788878035,5.27161903232772,4.3,4,5,NA,NA,NA,4.981,5,5,4.243,4,5,7.381,7,8
2025-03-18,0.723847019989424,0.679992685074905,0.763926141526458,0.761070152380889,0.71464293004415,0.803338724525968,NA,NA,NA,0.640543592777912,0.553176659584705,0.720207679348115,0.760397006123624,0.707099781278231,0.806680687537654,0.561652179884558,0.433865786955352,0.682298534530777,0.660497605369183,0.632483348676873,0.687549868395027,0,0,0,0.128220096691177,0.109764051537351,0.146951652630799,0.102572779351451,0.083531799690105,0.123058338864559,0.108709518588189,0.0919738212926763,0.127483764313529,4.50872576657849,4.3858023888804,4.61072862975627,4.061,4,4,NA,NA,NA,4.908,5,5,4.084,4,4,7.158,7,8
2025-03-19,0.733024243382476,0.695116839565594,0.769703557589887,0.769423111636086,0.728278894529399,0.806960932547043,NA,NA,NA,0.650777344491771,0.565679692976284,0.723980159475316,0.767748908743584,0.720877002209407,0.809806494387719,0.575024252719269,0.454415170421393,0.685428424648227,0.662329987503021,0.633533494537757,0.690758883763184,0,0,0,0.127976586264216,0.109129029794976,0.147571394006093,0.101514655434129,0.0817868788980899,0.122472670621394,0.108178770798635,0.0913628857988869,0.127484612477546,4.46125876966215,4.3343216997439,4.543994262499,4.026,4,4,NA,NA,NA,4.831,4,5,4.051,4,4,7.074,7,7
2025-03-20,0.734678789659884,0.702854368504407,0.767023809712581,0.771021568217464,0.736916808096289,0.804071405860447,NA,NA,NA,0.653634967140069,0.575857410757995,0.720820567766033,0.768218610082684,0.723978825449404,0.805870218806768,0.576556174001052,0.469623453072157,0.676177087986772,0.662618612153691,0.633527726922867,0.691236206675139,0,0,0,0.12793281689535,0.109024715134395,0.147714484130399,0.101319393363379,0.0814037520521613,0.122401496566065,0.10812917758758,0.0912477901178539,0.127447817177749,4.45348852418559,4.32466109084681,4.54230645514377,4.023,4,4,NA,NA,NA,4.8,4,5,4.045,4,4,7.063,7,7
2025-03-21,0.733460753231766,0.704733768759047,0.76161271406422,0.770292277914175,0.740757901775706,0.79924652338393,NA,NA,NA,0.653722341062245,0.583885219388964,0.716806843115961,0.765769595092254,0.723646072622333,0.801699525301318,0.572474790092511,0.472424725860958,0.664902151075578,0.66202795956477,0.633638210947518,0.690129711539328,0,0,0,0.127999777158458,0.109197956527192,0.147362278901974,0.10160895536641,0.0820340836668413,0.122505105784223,0.108363307910362,0.0915618547836993,0.127434441788617,4.46740242515337,4.33593840772831,4.55586603409795,4.035,4,4,NA,NA,NA,4.827,4,5,4.056,4,4,7.068,7,7
2025-03-22,0.728761933643989,0.700296008024216,0.756511381563063,0.766434916228997,0.736702139100229,0.795763544474813,NA,NA,NA,0.650684827044359,0.586412131513544,0.71103001328063,0.759187346464755,0.714214429848916,0.797831989340262,0.563446799994681,0.466343729922522,0.652840808623867,0.660874387530228,0.632773717941566,0.688348351702607,0,0,0,0.128136617902214,0.109660282621235,0.147055997546827,0.102204523149891,0.0828497213035346,0.122797812696044,0.108784471417668,0.0920359939381188,0.127559325850322,4.49786700967852,4.36222384912219,4.59435354382143,4.064,4,4,NA,NA,NA,4.872,4,5,4.077,4,4,7.089,7,7
2025-03-23,0.719232346617955,0.686271150216387,0.751321307221118,0.757994653323823,0.723450382579858,0.789963761711464,NA,NA,NA,0.643368447699948,0.581593304113905,0.70531595824742,0.746691496009974,0.692298854722704,0.793099100940944,0.548901964554257,0.450066496105956,0.643784596518993,0.65929170827853,0.631534861179115,0.685850254297677,0,0,0,0.128327749028541,0.109969581088917,0.146987962792063,0.103036843025082,0.083970764683009,0.123303699978299,0.109343699667846,0.0928990753750165,0.127636090737267,4.53577991597958,4.37859582232637,5.07391147987763,4.105,4,5,NA,NA,NA,4.895,4,5,4.102,4,5,7.119,7,8
2025-03-24,0.702674610858503,0.664481346064577,0.73869185176418,0.742527475171118,0.700843126386387,0.781089372149391,NA,NA,NA,0.629611484359039,0.560123551438585,0.696912660164515,0.726516711335308,0.66154655340235,0.782523136757559,0.527613243885479,0.421844223055083,0.634109821169233,0.657444670109132,0.630117293691025,0.683331860058249,0,0,0,0.128553626043653,0.11078721428986,0.146975806758177,0.104018083542992,0.0854416248229682,0.12361252605577,0.109983620304223,0.09383302617011,0.12761325739403,4.55868872631785,4.39363140710229,5.10913588142291,4.123,4,5,NA,NA,NA,4.919,5,5,4.111,4,5,7.164,7,8
2025-03-25,0.674041986013993,0.632990492712959,0.712177109834593,0.714320792984491,0.670031531606738,0.755514871182176,NA,NA,NA,0.604729349207673,0.533383838798868,0.676005608708899,0.694767005930583,0.624672588631153,0.756667450154635,0.496842954412817,0.389738622324021,0.60808814732789,0.655488912988261,0.629221263916482,0.680984877099975,0,0,0,0.128795484456129,0.111468116988193,0.146927281036404,0.105065260847482,0.0869743955173378,0.123985335922044,0.110650341708128,0.0944727326803569,0.128215626416467,4.62302695600291,4.41098883233177,5.20915451624804,4.189,4,5,NA,NA,NA,4.945,5,5,4.166,4,5,7.253,7,8
2025-03-26,0.632100510283827,0.589921838482846,0.673576976166173,0.671561140566627,0.623833037442347,0.716757712190282,NA,NA,NA,0.5674925113601,0.497913313088287,0.637080249471528,0.651438248621481,0.58059269904336,0.71562800436013,0.457309383997812,0.355353571671763,0.566111511162453,0.65357215331151,0.627695877156527,0.678344605364572,0,0,0,0.129035742961949,0.11180681790585,0.146685604453628,0.106101973112551,0.0884900115955038,0.124298358212625,0.11129013061399,0.0951139730831713,0.128789317057856,4.82015598799497,4.4346842684581,5.31497190738707,4.43,4,5,NA,NA,NA,4.979,5,5,4.332,4,5,7.391,7,8
2025-03-27,0.611571749628233,0.569369439813124,0.655457067170268,0.650914914900162,0.605173885995609,0.697466782931751,NA,NA,NA,0.54901363346297,0.48283160792516,0.616192962840621,0.632042813450468,0.562603602032382,0.695685099825479,0.435473567142292,0.338921997078647,0.533754070569774,0.651888213585713,0.627201519923883,0.676398316557673,0,0,0,0.129250965352658,0.112363797064652,0.14684386474567,0.107027312523326,0.0897735989608033,0.124832140536927,0.111833508538303,0.0956412694805712,0.12933917765746,5.02883177462522,4.48383569137907,5.35352639252305,4.684,4,5,NA,NA,NA,4.995,5,5,4.549,4,5,7.534,7,8
2025-03-28,0.62272139994575,0.586132563210818,0.660021881655314,0.663439043198899,0.623993147595473,0.703578774743486,NA,NA,NA,0.558452594383268,0.495412671084877,0.619908318362846,0.646185857525627,0.584736812970355,0.702768201627506,0.4387711890404,0.346989068758384,0.533220998791558,0.650689159271914,0.6266957506056,0.674743498743043,0,0,0,0.129409359137845,0.112782138969946,0.146878950288058,0.107705911734342,0.0907380314643935,0.125015781046307,0.112195569855898,0.0961053498930658,0.129668995667113,5.11823675829658,4.53065714735909,5.36355626026803,4.785,4,5,NA,NA,NA,4.997,5,5,4.64,4,5,7.646,7,8
2025-03-29,0.635392847909586,0.602284816171549,0.668771087463226,0.676970537499769,0.641741601638432,0.711800673301532,NA,NA,NA,0.568671352342935,0.511101089409406,0.626243671795877,0.662320400083596,0.608847738707782,0.713315325672912,0.446296833931305,0.357781636807474,0.534075932084831,0.650221375342795,0.626386054383985,0.674265146051726,0,0,0,0.129478585215399,0.11290750548312,0.146689073153213,0.108001081032884,0.0911807907865474,0.125076032438486,0.112298958408923,0.0961635477219337,0.129622950569764,5.1435883352969,4.54731603141846,5.36818006560725,4.806,4,5,NA,NA,NA,5,5,5,4.672,4,5,7.716,7,8
2025-03-30,0.654735412014445,0.624830540520541,0.683138595088795,0.696897690656834,0.664886756047756,0.729072185316244,NA,NA,NA,0.584469396982049,0.529576039424343,0.638102368767642,0.68553480790112,0.636118509324347,0.730772850223381,0.462144512379276,0.37486929328199,0.544422907624498,0.650632075611717,0.626651728177993,0.674697791926133,0,0,0,0.129436355160309,0.11281906421566,0.146743711227898,0.107819590474598,0.0909920940460183,0.12507815558481,0.112111978753376,0.0960550730927537,0.1295266630494,5.120200950312,4.54014312563861,5.3642191085004,4.78,4,5,NA,NA,NA,4.997,5,5,4.624,4,5,7.711,7,8
2025-03-31,0.676181617584918,0.648604831665236,0.704487233593551,0.718526792891891,0.687878502697831,0.748754324734485,NA,NA,NA,0.602351232953576,0.543631575400725,0.658225144048132,0.71028396431078,0.664554898689073,0.752463411279611,0.482370798575868,0.390588924115228,0.566494397537264,0.65178677243176,0.627381050196999,0.676343463172495,0,0,0,0.12929424456959,0.112519349455906,0.1468089965162,0.107212039918806,0.0899769015675639,0.124902102791476,0.111706943079844,0.0955202127001737,0.128959068893035,5.01568451438888,4.48399073312134,5.35485066420007,4.654,4,5,NA,NA,NA,4.996,5,5,4.502,4,5,7.641,7,8
2025-04-01,0.69689404663413,0.667995768093353,0.72422254859858,0.739288979445771,0.708297530657842,0.768694648152314,NA,NA,NA,0.620436658900241,0.558874438476786,0.676219776089831,0.732479069674656,0.686247427227881,0.7726542893333,0.503190567875316,0.408486782745438,0.58850043101824,0.653158707617498,0.627702471072429,0.677916702218983,0,0,0,0.129117780304926,0.112094266629133,0.14662933785128,0.106458219677727,0.089028993010915,0.124468588108258,0.111265292399849,0.0951221740821485,0.128665644481684,4.86195433583306,4.44687000403935,5.3250410185676,4.464,4,5,NA,NA,NA,4.989,5,5,4.352,4,5,7.536,7,8
2025-04-02,0.706976979114182,0.678516676008904,0.734572983520064,0.749075433482044,0.717488166506516,0.778888574419162,NA,NA,NA,0.630016387137174,0.569037090083372,0.687120022683131,0.741207595780811,0.693396974654519,0.782813001154308,0.51599049746695,0.420460257409598,0.604142131814261,0.654200154348551,0.628252369854523,0.679250230194603,0,0,0,0.12898164912168,0.111724296366829,0.146701933802118,0.105875995614781,0.08819733087636,0.124245530826158,0.110942200914988,0.094892154450602,0.128520537990054,4.78152582948561,4.43174650101954,5.29769443787665,4.371,4,5,NA,NA,NA,4.976,5,5,4.259,4,5,7.472,7,8
2025-04-03,0.706114762412249,0.674989229145148,0.73617284362428,0.74765898437595,0.713393877628783,0.779367166521471,NA,NA,NA,0.630298692970081,0.570986214846453,0.689657991377997,0.737079063917664,0.684505974456667,0.782217995835066,0.519649280490768,0.424414860859896,0.610198608082815,0.654808250637234,0.628747497855234,0.680077074637062,0,0,0,0.128902972829172,0.111632332847783,0.146828524921682,0.105537870893007,0.087598871911801,0.124252727224533,0.110750905640587,0.0946038866317656,0.128318896189805,4.74968274548348,4.42361810797689,5.27773878031615,4.34,4,5,NA,NA,NA,4.971,5,5,4.244,4,5,7.394,7,8
2025-04-04,0.699472284890861,0.665412546348466,0.732878997198054,0.740502927242501,0.703294268871542,0.775324503848986,NA,NA,NA,0.625516976648226,0.561675364978567,0.688831602709426,0.726997294522503,0.667579683417539,0.7776476231624,0.516868996135675,0.418053258064339,0.617228896281686,0.655162436553296,0.62900783170659,0.68058210832147,0,0,0,0.128854741409826,0.111574260873406,0.146890946188822,0.105328940647635,0.0873195885001012,0.124073454507697,0.110653881389243,0.0944965110215098,0.128192547727796,4.7131417809738,4.42002678801662,5.26359603154243,4.3,4,5,NA,NA,NA,4.967,5,5,4.217,4,5,7.335,7,8
2025-04-05,0.685962152608537,0.646738556045286,0.72305743427758,0.726591397679001,0.684824793018198,0.765884607943724,NA,NA,NA,0.614670822851356,0.546106208416277,0.681915231076328,0.710421570607818,0.645044153170541,0.767247053904723,0.505693200181019,0.40278765218604,0.611532482378402,0.655089799805714,0.628925143912461,0.680485687651616,0,0,0,0.128855569652947,0.11157744456125,0.146881674256132,0.105331762807816,0.0873543861444285,0.124065914040589,0.110722867733523,0.0945564835530872,0.128251962200858,4.68349136071353,4.41789957757904,5.24043475300014,4.264,4,5,NA,NA,NA,4.96,5,5,4.198,4,5,7.307,7,8
2025-04-06,0.673295275631696,0.628600288275737,0.714453045035188,0.714126888197347,0.666620075654686,0.757092658952686,NA,NA,NA,0.604587864818422,0.532608292508956,0.676282520432365,0.694644590091233,0.623429797278119,0.758546581761935,0.492592564581227,0.381175967866487,0.605536675000488,0.654276878652205,0.628280715635072,0.679462841633485,0,0,0,0.128952187987177,0.111691637652984,0.146702186203388,0.105747897682289,0.0879365841676323,0.124245117416125,0.11102303567833,0.0948912183658534,0.128571806778564,4.70628837843608,4.41956812257964,5.25717417714264,4.292,4,5,NA,NA,NA,4.959,5,5,4.2,4,5,7.336,7,8
2025-04-07,0.651072507514478,0.603009155199356,0.694958216308236,0.691712100578812,0.636879644398619,0.74010178785246,NA,NA,NA,0.585939347643087,0.508027608181392,0.661948502142474,0.66830458875404,0.588184158171407,0.740917548897504,0.472380061258611,0.351508642016198,0.594207769929922,0.653089401114143,0.627601065383332,0.677920254153427,0,0,0,0.129102446283332,0.112096150253311,0.146626777164885,0.106393975204279,0.0888783339450087,0.124463600996717,0.111414177398245,0.0952667967493891,0.128891810151466,4.79934482067745,4.43091297496334,5.30063159007957,4.406,4,5,NA,NA,NA,4.978,5,5,4.272,4,5,7.4,7,8
2025-04-08,0.619776580842934,0.56607466146101,0.669396801175355,0.659449622047366,0.597581154765747,0.714023519710576,NA,NA,NA,0.559189261631904,0.473958341107667,0.640980700794467,0.632616211291068,0.543764146803168,0.712500657048478,0.446575853960716,0.321697667689829,0.573046002301552,0.652096619449517,0.627338625157635,0.676692260853296,0,0,0,0.12922884300024,0.112325386580481,0.14676740558173,0.106935620364673,0.0896512604570248,0.124702543790717,0.11173891718557,0.0955229586613154,0.129123699540513,4.87755441212754,4.44413010676955,5.31839206438084,4.504,4,5,NA,NA,NA,4.987,5,5,4.344,4,5,7.439,7,8
2025-04-09,0.580329521495953,0.520072829426357,0.639241728936593,0.61833649187287,0.549398764458061,0.684252055685705,NA,NA,NA,0.525143896111899,0.432092689783205,0.611388754263976,0.589332605909917,0.494987770670181,0.675612137798258,0.415004672697287,0.289681387551017,0.544322620925108,0.651265081582824,0.626895141202161,0.675580774682142,0,0,0,0.129332010913632,0.112535301170436,0.146765827416787,0.107376331852411,0.090273365118591,0.124907592558059,0.112026575651134,0.0957981311741697,0.129492961092563,4.94260719677778,4.45680860860993,5.3325541814183,4.586,4,5,NA,NA,NA,4.993,5,5,4.413,4,5,7.462,7,8
2025-04-10,0.540219643709983,0.469268528153292,0.611371192915169,0.576508106609073,0.4996045912726,0.655605282983721,NA,NA,NA,0.490617970462598,0.394334410026183,0.584866708155217,0.546203543194193,0.445952338704742,0.643582258974428,0.382167348136388,0.252041205765859,0.512057242381099,0.650284856007674,0.626342862251847,0.67427160521404,0,0,0,0.129451783805253,0.112845972044549,0.146748532826638,0.107886705194316,0.0910366286795141,0.125046931988366,0.112376654992757,0.0963282575547307,0.12980432726544,4.99424173422712,4.46554674453723,5.34238721283258,4.652,4,5,NA,NA,NA,4.996,5,5,4.459,4,5,7.484,7,8
2025-04-11,0.504939840417704,0.425724444244239,0.586806356566938,0.539935294642722,0.451268868931544,0.627262504933963,NA,NA,NA,0.460762422313939,0.358409923811653,0.560173486438077,0.508405032629063,0.396321337180607,0.612931295239718,0.351666607962872,0.224342838702538,0.483622142945354,0.648941897942222,0.625106405806165,0.672524942482249,0,0,0,0.129616433906957,0.113307847584533,0.146526467193697,0.108586538315472,0.0919482903816995,0.125346584339919,0.11285512983535,0.096763881418337,0.130288022587848,5.06050826813723,4.48995344551316,5.35181883658346,4.737,4,5,NA,NA,NA,4.996,5,5,4.519,4,5,7.516,7,8
2025-04-12,0.467980807239502,0.378824456769194,0.561774505012029,0.501710161067107,0.401982673723905,0.601169736020185,NA,NA,NA,0.429773321415327,0.322068505038374,0.537921218677098,0.469149307333214,0.350122306202462,0.580543750007137,0.318832801824859,0.194710872658276,0.453633915081282,0.647110354994433,0.623533680572085,0.671106278139855,0,0,0,0.129842134795014,0.113948581125378,0.146913283111537,0.109543460243237,0.0933897343922163,0.125839644561347,0.113504049967315,0.0974175837978828,0.130688928563273,5.10662277720659,4.5156991974187,5.35871992335954,4.789,4,5,NA,NA,NA,4.998,5,5,4.559,4,5,7.572,7,8
2025-04-13,0.435648672329794,0.340778123210526,0.536685100220781,0.468505822306313,0.362253013810968,0.576206368629417,NA,NA,NA,0.40326116086669,0.29187119621764,0.51749877026803,0.435123578254042,0.310784452018553,0.550940745396119,0.288408214342604,0.16820599704726,0.423548985176081,0.644656508608459,0.621044918852489,0.668542293123766,0,0,0,0.130148357325683,0.114458054091211,0.147006530131863,0.110837267328847,0.0949787537651867,0.126653032118124,0.114357866737011,0.0985530026868577,0.131216111817858,5.1335721890913,4.5554147015779,5.36520217004496,4.812,4,5,NA,NA,NA,4.998,5,5,4.572,4,5,7.644,7,8
2025-04-14,0.370728371807276,0.261093121891451,0.488000405007497,0.399983780749514,0.277658100457869,0.528434233854241,NA,NA,NA,0.346551128979281,0.225946662699454,0.475997272491792,0.369510915983322,0.237825724664022,0.500070687325973,0.23713864970395,0.123943703792189,0.369228558837359,0.641604584851545,0.618017389437071,0.665219394602907,0,0,0,0.130537058624206,0.11515109174738,0.147396524533212,0.112472926654671,0.0969803552077443,0.128082030153392,0.115385429869579,0.0991560661391981,0.132270178283645,5.26874642862297,5.1680106674021,5.39127464298011,4.954,5,5,NA,NA,NA,5.01,5,5,4.76,4,5,7.805,7,8
2025-04-15,0.355285431222858,0.247723676297354,0.471029436894037,0.384352588409234,0.264178579269029,0.513838362317752,NA,NA,NA,0.335847163655129,0.21878211222809,0.461506224773973,0.353571831286372,0.221960333053427,0.484051502527513,0.220113278293336,0.111956881943959,0.348758915332402,0.63831646622608,0.614726451799595,0.661959634651677,0,0,0,0.130967348771863,0.115784132433578,0.14717948258697,0.114274939391322,0.0990551910232812,0.129834396172667,0.116441245610735,0.100153996654938,0.133482515698684,5.3221149256043,5.21965147785003,5.41458095078919,4.983,5,5,NA,NA,NA,5.024,5,5,4.877,4,5,7.952,7,8
2025-04-16,0.357908046669165,0.257738072593702,0.466417691817796,0.38790653507561,0.274558466540259,0.505524998575921,NA,NA,NA,0.342671003884063,0.228162403368593,0.466703692296344,0.354272395650643,0.222373272235506,0.479661833487466,0.216806655050959,0.10909971023742,0.342626520345034,0.635479059958548,0.612226380976309,0.65918817527303,0,0,0,0.13135062302909,0.11584313471908,0.147529322714644,0.115871021653775,0.100722277358563,0.131000060393904,0.117299295358586,0.100691163202004,0.134611461954028,5.35364316951935,5.25656110658878,5.45593945572688,4.997,5,5,NA,NA,NA,5.038,5,5,4.921,5,5,8.067,8,9
2025-04-17,0.375689277535881,0.284826248026899,0.469232760667888,0.407655005716259,0.298862601174632,0.514246301182974,NA,NA,NA,0.36420333296551,0.247339354740494,0.481264470646769,0.368440566636217,0.239794448403398,0.495243725467985,0.22474940711436,0.111590583903196,0.354810500787413,0.63367868151704,0.610202711713848,0.65760943777763,0,0,0,0.131597430140014,0.116129125943494,0.147708373239278,0.116894209032191,0.101704177015593,0.131824206013788,0.117829679310755,0.101066407256829,0.135191327265177,5.35843899519624,5.2657638383869,5.46023914083979,4.999,5,5,NA,NA,NA,5.032,5,5,4.921,5,5,8.091,8,9
2025-04-18,0.325274437482027,0.226144177518224,0.427743366613042,0.353258581020091,0.238528495130351,0.469106521439287,NA,NA,NA,0.31910895984095,0.202106851875717,0.444117450769041,0.31605796357817,0.186207758001407,0.446220240124642,0.192334381852727,0.0894289726596163,0.314461695161223,0.632588767203422,0.609015257053682,0.656772625445664,0,0,0,0.131736319273525,0.116380104551661,0.147816897270304,0.117470969696946,0.102482757837983,0.132270011380343,0.118203943826107,0.101340343441732,0.135650568205827,5.36458641293584,5.27833710700337,5.46397572222636,4.999,5,5,NA,NA,NA,5.04,5,5,4.956,5,5,8.09,8,9
2025-04-19,0.259891642059639,0.153169280605485,0.379788759419226,0.282555262399585,0.164050427914145,0.413540454761178,NA,NA,NA,0.258329396482502,0.143176691450241,0.392423888916248,0.251472042770484,0.125554735982395,0.385509252870873,0.150139484667039,0.0621477746438526,0.266086111730556,0.631077437277845,0.607229117373413,0.655555543621089,0,0,0,0.131918965040385,0.116592959234125,0.148045823059153,0.118228784890448,0.103264754748798,0.133078657212627,0.118774812791322,0.10161984691594,0.136339163255423,5.37403925964711,5.29098519444021,5.48206825252717,5,5,5,NA,NA,NA,5.059,5,5,4.975,5,5,8.111,8,9
2025-04-20,0.223463050121806,0.118846782092426,0.344851907513931,0.243304942224061,0.127099376566243,0.378698819776575,NA,NA,NA,0.226136785482509,0.114004273084508,0.362729227792802,0.216447548583284,0.0989144097477305,0.352130302861984,0.123892472687224,0.045977646792258,0.228141950059512,0.628304628657675,0.604414400770673,0.653411974069879,0,0,0,0.132266596485224,0.116943836565424,0.148747288910844,0.119664181644132,0.104687296493071,0.134457616160393,0.119764593212969,0.102214110916809,0.138218477121485,5.39134897908688,5.29989682296868,5.50959472091698,5,5,5,NA,NA,NA,5.107,5,6,4.989,5,5,8.163,8,9
2025-04-21,0.202394908392727,0.103297056452491,0.319073401221425,0.220673683072597,0.109184829237078,0.352101576669982,NA,NA,NA,0.209989141437707,0.100603706352538,0.34112263443815,0.197108162731989,0.0860170116704561,0.326249972938947,0.105763500543936,0.0372245169089515,0.196529401329296,0.624058024199323,0.59935134089388,0.650134503854751,0,0,0,0.132818756367107,0.116957552676467,0.150139554236696,0.121931449335106,0.106571008760316,0.136939928994274,0.121191770098465,0.102304392609617,0.140389707726583,5.43072392287139,5.31303699164818,5.56840160769294,5,5,5,NA,NA,NA,5.225,5,6,4.997,5,5,8.311,8,9
2025-04-22,0.188850635271064,0.095765879536228,0.296288029861612,0.206029575154816,0.103017285241416,0.32568325415801,NA,NA,NA,0.202045344209165,0.0970197167420247,0.328166981639238,0.185764768758696,0.0821380497489244,0.307037085579331,0.0917453605145723,0.032483502481891,0.169589039491449,0.618745092127984,0.592686233024523,0.645709643572779,0,0,0,0.133533572576873,0.116658506667326,0.151966856887831,0.124849851375694,0.109204437876182,0.140712081966041,0.122871483919449,0.102692995377589,0.143570818949585,5.54654025381537,5.34658045455574,5.70986593253102,5.047,5,5,NA,NA,NA,5.522,5,6,5.036,5,5,8.605,8,9
2025-04-23,0.206020212841439,0.120336199573744,0.299690566689547,0.224637150776488,0.129473261277612,0.325995420285482,NA,NA,NA,0.226606267467678,0.125578232815243,0.343299066344866,0.205632629816435,0.105972976242468,0.317008054622997,0.0934473279385208,0.0373826866360717,0.164682134116587,0.613390572701884,0.585103994152876,0.641673434439587,0,0,0,0.134277024465163,0.115841031792803,0.153775282912894,0.127866427608692,0.111135432465616,0.144372371411653,0.124465975224261,0.102481616489189,0.146552912378488,5.69420497567203,5.41834089543489,6.25915071301741,5.175,5,6,NA,NA,NA,5.688,5,6,5.103,5,6,8.866,8,10
2025-04-24,0.19852525775926,0.121131936437079,0.283322067241039,0.215787448370278,0.128318988274964,0.308121025229802,NA,NA,NA,0.223899798074787,0.129958906715431,0.329452776074374,0.201858131403872,0.110819347669858,0.302782200922346,0.0853644638728386,0.0344673993921711,0.147770899953283,0.609057804427457,0.57963182291849,0.639007872202131,0,0,0,0.134894629376551,0.115539200836517,0.155859602672097,0.130355306658276,0.112803448452048,0.14742515179192,0.125692259537716,0.102706563573113,0.149283457433376,6.08203584536171,5.55479567308009,6.48154848619443,5.623,5,6,NA,NA,NA,5.943,6,6,5.362,5,6,9.205,8,10
2025-04-25,0.2533514925716,0.188331808517904,0.318021759885504,0.273995274501963,0.195534950116772,0.352207877330461,NA,NA,NA,0.293023379681706,0.19920594149418,0.38924145660415,0.260518485154831,0.168848689341481,0.356026532220968,0.106501585429285,0.0464804961392202,0.180084595280276,0.606100251980749,0.575536778424279,0.637412225836506,0,0,0,0.135323346887443,0.115101886451001,0.157173133015319,0.132072536792849,0.113941943393409,0.14989246653537,0.126503864338959,0.102832167884883,0.151287669023482,6.03095673881518,5.54690083630495,6.45468525267072,5.554,5,6,NA,NA,NA,5.939,6,6,5.229,5,6,9.251,8,10
2025-04-26,0.27574149692158,0.212057224291918,0.337264593802445,0.295582441955328,0.216695327174787,0.37564157414614,NA,NA,NA,0.332721814915813,0.226980848763053,0.44201109297364,0.282212528354392,0.181502900078431,0.389853837470275,0.116180612894637,0.0488409907948855,0.198103307628544,0.604206106503718,0.572666525867399,0.636280759581208,0,0,0,0.135601424117134,0.114902777794089,0.158050415875256,0.133180715627579,0.114196145096983,0.151495206971911,0.127011753751568,0.102826932488005,0.152401196787853,5.96913171952989,5.52471825821197,6.41504662698202,5.469,5,6,NA,NA,NA,5.903,5,6,5.174,5,6,9.254,8,10
2025-04-27,0.27201728121131,0.201892922042651,0.342120734753562,0.288032164620744,0.193232864923987,0.385242846532634,NA,NA,NA,0.348962113929879,0.224020582599635,0.481288867098264,0.271853184122389,0.15226022252214,0.402119750144974,0.116795593833094,0.0415753567395097,0.215163103339104,0.603051257564092,0.570904919473957,0.635836007024812,0,0,0,0.135778014265388,0.114773130037446,0.15864341406687,0.133879227384725,0.114452842623161,0.152694698399247,0.127291500785795,0.10280084011509,0.153170705324853,5.89333915432396,5.49575598390961,6.38049954632854,5.376,5,6,NA,NA,NA,5.841,5,6,5.112,5,6,9.223,8,10
2025-04-28,0.228231494623119,0.154567564037658,0.305261287259783,0.238467382892539,0.134193510463862,0.347665186251475,NA,NA,NA,0.312828819009362,0.179271363933562,0.456274647788676,0.219649388435654,0.0962861975111716,0.355874266038927,0.100710852926377,0.027890081571502,0.19853458451722,0.602652948107939,0.570364777204173,0.635485400375966,0,0,0,0.135853151102323,0.114715245718494,0.158829650028066,0.134169079947618,0.114627851921606,0.153064812608196,0.127324820842121,0.102744665364633,0.153336855026957,5.85431686643511,5.46868843186429,6.35552739065426,5.34,5,6,NA,NA,NA,5.771,5,6,5.047,5,5,9.226,8,10
2025-04-29,0.150984983000809,0.0853994021414805,0.224025415885275,0.156369604215415,0.0694631531447501,0.250188423543778,NA,NA,NA,0.216530240410311,0.10218058700215,0.339780826843937,0.139717003299745,0.0457059362429645,0.252325938145787,0.0686192617803116,0.0144908206874317,0.145569941902319,0.60315477911893,0.57095977375734,0.63574395044857,0,0,0,0.135798208052904,0.114801313780239,0.158699966975247,0.133941392968433,0.114477214643608,0.152786289695104,0.127105619859733,0.102746249914445,0.152793848843368,5.8574382728925,5.46646067802788,6.355027598271,5.353,5,6,NA,NA,NA,5.711,5,6,5.06,5,5,9.246,8,10
2025-04-30,0.0680214435053399,0.021984057341741,0.127535859069353,0.0704460263041748,0.0179577047101766,0.137419003859812,NA,NA,NA,0.0984682655171898,0.0278322033429474,0.190156519511228,0.0608912489559636,0.0116139000359388,0.12608885246447,0.0317797420495114,0.00434697554645078,0.0743995071601359,0.604279809358384,0.572773442961755,0.636300380471218,0,0,0,0.135636657663514,0.114909997643645,0.158119400142501,0.13329811657103,0.114238569478395,0.151945935729775,0.126785416407072,0.102680474981473,0.151962525423416,6.02472692173015,5.53030607852307,6.42960400239265,5.573,5,6,NA,NA,NA,5.805,5,6,5.161,5,6,9.322,9,10
2025-05-01,0.0373561899418731,0.0068647368015234,0.0837506546127987,0.0388250043633397,0.00583859983703857,0.0851676990056783,NA,NA,NA,0.0535752170959974,0.00901651887467783,0.117462029016033,0.0329929616789172,0.00380176172784575,0.0766826954783144,0.01763534680285,0.00144445054545195,0.0412786589118832,0.605109929884789,0.574269985305359,0.636682435164498,0,0,0,0.135495762212801,0.114966190891609,0.157655137218323,0.132748564285911,0.114099086874222,0.150854985963994,0.126645743616498,0.102767115516719,0.15162138268668,6.12610730100351,5.56778883629816,6.47028662522034,5.698,5,6,NA,NA,NA,5.879,5,6,5.294,5,6,9.31,9,10
2025-05-02,0.0243826588795885,0.00280506145248417,0.0603385982081007,0.0253437916514495,0.00238031259531074,0.0623224141753728,NA,NA,NA,0.0349422670629566,0.00382637200088852,0.0834847758100387,0.0215792364768252,0.00169531772743741,0.0529685697141086,0.0114188094480929,0.000649692855073123,0.0264952004227632,0.604757240854742,0.57376945386183,0.636558332035162,0,0,0,0.135515504284724,0.115024751165318,0.157664051843884,0.132843226499711,0.114119271568086,0.151043012227182,0.126884028360824,0.102816522212574,0.152121204029642,6.23958989243116,5.67823572780003,6.52511473032139,5.817,5,6,NA,NA,NA,5.972,6,6,5.476,5,6,9.339,9,10
2025-05-03,0.0227555750929615,0.00245073467241296,0.0562626755874749,0.0235113499758491,0.00214764546020186,0.0579600084345987,NA,NA,NA,0.0333379235518142,0.00343412314685324,0.0786935854023426,0.0203352285227926,0.00149821479382891,0.0499263433220356,0.0103983726994081,0.000555129033816985,0.0248222594260885,0.603009049402244,0.570849702251655,0.635789896615524,0,0,0,0.135738954756656,0.114756716536325,0.158438792328723,0.133748179522768,0.114382567676445,0.152497160436774,0.127503816318331,0.102972702689278,0.153497522980823,6.24373624821258,5.67095329471536,6.54811739363731,5.795,5,6,NA,NA,NA,6.003,6,6,5.525,5,6,9.377,9,10
2025-05-04,0.0270633538703636,0.00361943006891155,0.0643347903934851,0.0276586727907547,0.00295408909336215,0.0657276683622217,NA,NA,NA,0.0412624902317711,0.00538271473177518,0.0956397633298717,0.0244017303620143,0.00217761805577464,0.0589575148543667,0.0120184421425015,0.000725092616856376,0.0283086682456904,0.600229464524734,0.566154805206811,0.634089389873501,0,0,0,0.136122092279653,0.114225620723561,0.159709852410437,0.135282721947615,0.115360578929852,0.154760746804674,0.128365721247998,0.103246685666002,0.15512567931284,6.01707058493789,5.5567967722755,6.4621826982562,5.502,5,6,NA,NA,NA,5.957,6,6,5.245,5,6,9.304,8,10
2025-05-05,0.0267583691724113,0.00385481186253426,0.0626612901462437,0.0268663503694424,0.00309910968624752,0.0613476818355832,NA,NA,NA,0.0432374248549036,0.00600934641283074,0.0990823113241132,0.0241783666388878,0.0022653600199282,0.0581154019923935,0.0116108895155115,0.000666625199396129,0.0280550186937305,0.597122075950011,0.561523362742915,0.632385271747845,0,0,0,0.136568584584201,0.113999074298623,0.161010508585131,0.137059235551112,0.116050008988009,0.157712824701434,0.129250103914675,0.103438588500842,0.15743998719579,5.99297169713411,5.54310441192044,6.45378832784329,5.459,5,6,NA,NA,NA,5.944,6,6,5.205,5,6,9.353,8,10
2025-05-06,0.0242286092718005,0.00347128400092209,0.0565971543814733,0.0237980935812906,0.00259097369212167,0.0531493474054335,NA,NA,NA,0.0418104050148704,0.00580732549642697,0.0955544909962355,0.0217325087254708,0.00191877368296192,0.0516749587269093,0.010381655829285,0.000557690795411553,0.0259609482843878,0.594471770099037,0.557659108711939,0.630696337040114,0,0,0,0.13696709047055,0.11351074869186,0.162118961242768,0.138632707932415,0.116276364880019,0.160574594226844,0.129928431497998,0.103400822007278,0.159206001817472,6.09369484235469,5.58709549210581,6.51759763087423,5.572,5,6,NA,NA,NA,5.962,6,6,5.273,5,6,9.496,9,10
2025-05-07,0.0212588324878474,0.00307346701198338,0.0490366932533302,0.0205101135321977,0.002070509334785,0.0467547595996331,NA,NA,NA,0.0386304514284442,0.00514746917015898,0.0875372983158975,0.0187580818966552,0.00143716125680817,0.0446454427583958,0.00911418315691758,0.00043479533192161,0.0230217079671545,0.592988668520383,0.555734475136186,0.629836722996031,0,0,0,0.137215311829589,0.113341680273517,0.16284908445945,0.139596988010151,0.116795068920173,0.162298797261811,0.130199031639877,0.103284930768412,0.159746570409679,6.27909598563408,5.70483049345383,6.5983248764427,5.804,5,6,NA,NA,NA,5.966,6,6,5.384,5,6,9.731,9,11
2025-05-08,0.0147317054719145,0.00162305201987451,0.0352815682914683,0.01419225560293,0.00103189814624758,0.0333974828929325,NA,NA,NA,0.0270150553530932,0.00275373471882195,0.0630401352877773,0.0126855708527175,0.000704482674215263,0.0314708749328709,0.00643690254728215,0.000234067713951661,0.0161576233858465,0.593227182678833,0.556259322184945,0.629838448557465,0,0,0,0.1372245942784,0.113363891934467,0.162759251262407,0.139607387747085,0.116748520320352,0.162297356478681,0.129940835295682,0.103229390095523,0.159094257466506,6.518349630325,6.30677640911496,6.7443646207405,6.021,6,6,NA,NA,NA,5.999,6,6,5.841,5,6,10.061,9,11
2025-05-09,0.00829435930703524,0.000481100167599486,0.021010261217133,0.00816712504888936,0.000340592998945389,0.0194839135937615,NA,NA,NA,0.0144071276427603,0.000790145237758203,0.0359646900883452,0.00698210417587047,0.000254186866724785,0.0173156043017386,0.0037538299348572,9.211784508552e-05,0.00845722985549897,0.595249244957217,0.558969137079801,0.631415262368971,0,0,0,0.136962383135437,0.1135179508617,0.161969875336493,0.138550242650628,0.116247334102961,0.160302405359933,0.129238129256718,0.103156335556087,0.15747993958396,6.80288620282726,6.41821409155259,7.34300148287171,6.337,6,7,NA,NA,NA,6.152,6,7,6.142,6,7,10.341,9,11
2025-05-10,0.00714693501632793,0.000337399829102882,0.0184395549410354,0.00721730379033087,0.000278817211106836,0.0179509189566894,NA,NA,NA,0.0115118570617022,0.00050378445894657,0.0290295586875974,0.00603261518709753,0.000195785623965294,0.0146924290933862,0.00330133654209164,7.92429179428459e-05,0.00742146603973212,0.598150362830319,0.563181821228541,0.632698242432536,0,0,0,0.136540240884409,0.113961789046155,0.160988959831441,0.13687856921215,0.115960305864432,0.157153834321374,0.128430827073121,0.1032139890661,0.15587919127163,6.99209917875624,6.45562522737923,7.53294388040237,6.521,6,7,NA,NA,NA,6.487,6,7,6.363,6,7,10.388,9,11
2025-05-11,0.0093188029549821,0.000527984590009625,0.0239251684113305,0.00953892618112521,0.000452890370018517,0.024242317199525,NA,NA,NA,0.0142707701022728,0.000796393028253449,0.0347420139850032,0.00803388173355692,0.000338158232445682,0.0197664262629885,0.00430935853312909,0.000128989999358387,0.0100438190545272,0.60048304317642,0.566998663192808,0.634173083594767,0,0,0,0.136175390576098,0.11428641700112,0.159957904308586,0.135448089282992,0.115425987817695,0.154998961057801,0.12789347696449,0.102937817927061,0.15441919731831,6.79416708917065,6.40848607342737,7.43837103735568,6.291,6,7,NA,NA,NA,6.472,6,7,6.166,6,7,10.163,9,11
2025-05-12,0.0132514678977695,0.00103353874071597,0.0335448525962899,0.0136019578490195,0.000881523530515636,0.0345842274025616,NA,NA,NA,0.0199541975167085,0.00150182694760054,0.0470587838547591,0.0116695857417602,0.000659215352237824,0.0285886829746448,0.00607064423082964,0.000243693005060359,0.0140976409085496,0.601382107366495,0.568441535665164,0.634874514324698,0,0,0,0.136013648432037,0.114513409674557,0.159301200267375,0.134823468102654,0.115090283983968,0.154162053603866,0.127780776098814,0.103082717648285,0.154216272316026,6.58427724640986,6.35266448653713,6.81683088473817,6.064,6,6,NA,NA,NA,6.311,6,7,5.996,6,6,9.943,9,11
2025-05-13,0.0231172098560426,0.00279620144927634,0.0556614854804693,0.0236350844250493,0.00238535748350123,0.0563683421550611,NA,NA,NA,0.0351962849897804,0.004200776944915,0.0817044266765271,0.0206459245125243,0.00170718046637206,0.0502298991218467,0.0104403979032665,0.000585106596190679,0.0242862028223982,0.600834549500525,0.567269508340892,0.634548700123571,0,0,0,0.136068036809637,0.114417576376685,0.159536833210206,0.135052647404009,0.115236626630477,0.154371490009828,0.128044766285828,0.103096046319788,0.15443843343131,6.32596461063265,5.84233833973776,6.57951125233268,5.873,5,6,NA,NA,NA,6.018,6,6,5.604,5,6,9.538,9,10
2025-05-14,0.0311240973556745,0.00505707658034049,0.0709041742933335,0.0315039321938653,0.00407951452364359,0.0707224267521386,NA,NA,NA,0.0490040493674355,0.00768661537065517,0.109095249037296,0.0278863955026215,0.00290897978837101,0.0659942308793794,0.0138822631011336,0.000911768980189997,0.0338649487089161,0.599293567170646,0.564575249866741,0.633555643044266,0,0,0,0.136278012922313,0.114175535522,0.16015267662854,0.135894277259738,0.115627677355608,0.155639608349194,0.128534142647303,0.10328327599539,0.155589091524127,5.96030475407964,5.52970440847914,6.419462940179,5.437,5,6,NA,NA,NA,5.896,5,6,5.157,5,6,9.321,8,10
2025-05-15,0.0272094142643341,0.0042068134778144,0.0632393340749155,0.0271285471119342,0.00314815949236285,0.060316690136455,NA,NA,NA,0.0449525706529073,0.0065100672425096,0.101472514889043,0.0241947377214206,0.00221370176479073,0.0566607097508311,0.012065291076512,0.000683625869299099,0.0296471143614586,0.59744620719084,0.561988392739963,0.63250758488395,0,0,0,0.136544799736176,0.114014982788043,0.160861279264618,0.136954926850192,0.116030564686002,0.15738068308939,0.129054066222792,0.103350960871251,0.156850229948898,5.89345537293511,5.50734190599313,6.38981977211418,5.346,5,6,NA,NA,NA,5.839,5,6,5.106,5,6,9.322,8,10
2025-05-16,0.0187820383738217,0.00221763982405042,0.0446341585235948,0.0184196715127859,0.00146062797967431,0.0418577013144797,NA,NA,NA,0.0325913320475172,0.00358175902975869,0.0769036280294167,0.0164410135670037,0.00108290179406256,0.0394500989095088,0.00834917855520829,0.000335433720626429,0.0208329182132643,0.59589010716774,0.559510575266986,0.631535005240914,0,0,0,0.136776772791452,0.1136815163592,0.161636930395693,0.137872430437135,0.116086600867419,0.159288956260306,0.129460689603674,0.103348067787422,0.157953126126777,6.0010896213846,5.53744552525867,6.45687209570655,5.476,5,6,NA,NA,NA,5.889,5,6,5.168,5,6,9.431,9,10
2025-05-17,0.0132104442589366,0.00114205435788117,0.0322314183935906,0.0127725573536216,0.000726293219258951,0.0296108874186184,NA,NA,NA,0.0238820125250624,0.00193044507875108,0.0585043942410496,0.0113360555742139,0.000523973290338991,0.028109481502475,0.00591255862814479,0.000163738731906625,0.0144050381471732,0.594881379977645,0.558304232674522,0.631221974491143,0,0,0,0.136932821699104,0.113519496148097,0.162024835827238,0.138485237309685,0.116264435430513,0.160289238267915,0.129700561013566,0.103289523893591,0.158505862910482,6.17834616479571,5.63322878809284,6.53927795300919,5.695,5,6,NA,NA,NA,5.952,6,6,5.296,5,6,9.577,9,10.1
2025-05-18,0.00997887775501459,0.000691547086713609,0.0237002799363066,0.00957340709029058,0.000426297074260599,0.0225720183392852,NA,NA,NA,0.0184674810556926,0.00117762925593044,0.0456472918344097,0.00839462481274102,0.000301145780345159,0.0209864491315705,0.00450956690487803,9.2471581608425e-05,0.0106149326302168,0.59447213125344,0.557748871141668,0.630878045723933,0,0,0,0.137007602817436,0.113492997482491,0.162222526446686,0.138771962357309,0.116326110032662,0.160733170945051,0.129748303571815,0.103314371938545,0.158537047401602,6.35422432315132,6.03752837793244,6.61276172630791,5.896,5,6,NA,NA,NA,5.973,6,6,5.516,5,6,9.748,9,11
2025-05-19,0.00655603070164307,0.000290421333935834,0.0160085112199858,0.00630888690768706,0.000185284663706266,0.0147549096135456,NA,NA,NA,0.0120693372256069,0.000502804373758907,0.0300713140156982,0.00539617876766528,0.00012723933477701,0.0134111424977316,0.00302429382741172,4.08911422521276e-05,0.00671046926794218,0.594814838618181,0.558196619433248,0.631174153383508,0,0,0,0.13698029044195,0.113522700226453,0.162067964454656,0.138650638306249,0.116300854633632,0.160520070764642,0.129554232633621,0.103240694255785,0.158025419817601,6.49649957273737,6.30601308279717,6.70087353285348,6,6,6,NA,NA,NA,6.015,6,6,5.855,5,6,9.967,9,11
2025-05-20,0.00426286882161906,0.000106493894470734,0.0104845341666121,0.00415773258459783,7.41652823689761e-05,0.00945774043989052,NA,NA,NA,0.00758034976954866,0.000179090944937126,0.0173580434310309,0.00344380302167185,5.13931168129709e-05,0.00779584997849721,0.00202364553617608,1.89834330983997e-05,0.00414778618630837,0.596061353479917,0.56021994795624,0.631895100577782,0,0,0,0.136818651248559,0.113663053646474,0.161693512094547,0.137998807727842,0.116088736753895,0.159495169735693,0.129121187543681,0.103201643304956,0.157249194583225,6.77704947037193,6.40810777663017,7.34663117848351,6.307,6,7,NA,NA,NA,6.247,6,7,6.09,6,6,10.245,9,11
2025-05-21,0.00477810937701404,0.000132591097921618,0.0118275866418667,0.00472143557019046,9.60967638698515e-05,0.0111563864428877,NA,NA,NA,0.00818464804438564,0.000218431620173202,0.0191506111721008,0.00388303968310245,6.61587086204869e-05,0.00876510052414282,0.00229568029069648,2.57591259829997e-05,0.00476335713480038,0.59788764437642,0.562741572255361,0.632676595830466,0,0,0,0.136557198411403,0.113941361594562,0.160983877782092,0.136960132292971,0.116036856297302,0.157352371145082,0.128595024919206,0.103320329177862,0.156366058500067,6.76482239948734,6.40862457996959,7.3508455382974,6.289,6,7,NA,NA,NA,6.303,6,7,6.097,6,7,10.181,9,11
2025-05-22,0.00612919260919383,0.000209572483509877,0.0154181349027736,0.00611054630603024,0.000154106256947607,0.014777769643138,NA,NA,NA,0.0101870311734348,0.000329762567562222,0.0243981433054884,0.00504800982242226,0.000110124940040123,0.0119985036105558,0.00296511693146513,4.21996212917792e-05,0.00657892740482694,0.599546951821455,0.565463498201507,0.633579068237197,0,0,0,0.136307558184908,0.114165341779901,0.160363216582824,0.135975743297995,0.115549301669712,0.155992620945734,0.128169746695642,0.103062055079453,0.15490758302489,6.55385239241839,6.35687279838255,6.73648432692952,6.041,6,6,NA,NA,NA,6.167,6,7,6.004,6,6,9.946,9,11
2025-05-23,0.00740145127862048,0.000293658027821884,0.0190291538694542,0.0074042314719045,0.00021530916317173,0.0184389403094459,NA,NA,NA,0.0120987558615086,0.000447695595951981,0.0289032369907824,0.00616943887160393,0.00015608764633711,0.0149449958791999,0.00360496821100614,5.90520919193444e-05,0.00831371173888755,0.600584528912462,0.567200693098789,0.634340261234576,0,0,0,0.136144590968916,0.114301137764695,0.15981357221565,0.13533626141106,0.115438409101511,0.154759189313429,0.127934618707562,0.102984946640041,0.154426247119047,6.46823959311519,6.31607605225606,6.64420017616749,5.996,6,6,NA,NA,NA,6.061,6,6,5.917,6,6,9.7,9,11
2025-05-24,0.00762341397547071,0.000309192145238044,0.0193282697528461,0.00759308921876561,0.000228540622507648,0.0185690202855632,NA,NA,NA,0.0125642863047188,0.000479988892500128,0.0298930737215062,0.00637686881887571,0.000165136773920087,0.0150711617665908,0.00373150973257709,6.0234456610281e-05,0.00840191595138553,0.600917121906651,0.567650864312736,0.634662376665776,0,0,0,0.136080013465389,0.114411633906235,0.159548635520849,0.135088639967447,0.115282211541124,0.154494899762544,0.127914224660512,0.103023091033366,0.154402640169482,6.40495271656976,6.22115137773554,6.62287654347737,5.946,6,6,NA,NA,NA,6.072,6,6,5.756,5,6,9.602,9,10
2025-05-25,0.0111895791769398,0.000689440012123952,0.028421616275191,0.0110439648068844,0.000465782688592131,0.0271422819860608,NA,NA,NA,0.0189157776708929,0.00108912959067937,0.0473412525055289,0.00940391190369782,0.000320403942705821,0.0233875026920466,0.00546387540275785,0.000109709534770947,0.0127741357420626,0.600453128230433,0.566663026336417,0.634322819189861,0,0,0,0.136128762831284,0.114279815959457,0.159713603285969,0.135292184271244,0.115385062258352,0.154786150974739,0.128125924667039,0.103104091093822,0.154500844719973,5.93086785084925,5.51798300736891,6.39164886426566,5.415,5,6,NA,NA,NA,5.878,5,6,5.163,5,6,9.217,8,10
2025-05-26,0.00953012568855945,0.000526318368220723,0.0241258684027397,0.00924478809727034,0.000320612684499005,0.0222726038833452,NA,NA,NA,0.0168923489240399,0.000868820361634762,0.0419121444484587,0.00790043235591855,0.00021709111548254,0.0196881463697464,0.00468731870875962,7.22316184182754e-05,0.0111189254777902,0.599253930937614,0.564611800651486,0.633557939540869,0,0,0,0.136289840282915,0.114176533860542,0.160150706675907,0.135939370105038,0.115635372512577,0.155795595386277,0.128516858674433,0.103270817371639,0.155576300713773,5.7111808069793,5.44026690309019,6.20979443556683,5.14,5,6,NA,NA,NA,5.717,5,6,5.043,5,5,9.074,8,10
2025-05-27,0.00564690098630765,0.000186241648420042,0.0138543555960081,0.00534834021978722,0.000103049285674953,0.0122360687458076,NA,NA,NA,0.010643775232108,0.000309260219051412,0.0258127467999986,0.00453620532249542,6.77770805925067e-05,0.0105445626177882,0.00282365071381267,2.14772441042591e-05,0.00619036730954778,0.597712200550361,0.562557289568597,0.632657291665351,0,0,0,0.136509807690019,0.114040520900802,0.16074834996169,0.136815656297423,0.115963163376165,0.157233752516023,0.128962335462197,0.103313971532859,0.156755015084122,5.68075868500919,5.40647695824178,6.11457005684944,5.11,5,6,NA,NA,NA,5.673,5,6,5.017,5,5,9.04,8,10
2025-05-28,0.00311775426575633,5.37183966995614e-05,0.00701909802936204,0.00287702970143406,2.54623658685113e-05,0.00586121854933981,NA,NA,NA,0.00627097269008457,9.43993081956638e-05,0.0141414772387484,0.00238222882005436,1.73067080635489e-05,0.00498016956516299,0.00159304139607165,4.72837594000055e-06,0.00293491830332373,0.596289742291303,0.56015831691236,0.631790953969188,0,0,0,0.13671883408869,0.113737762097612,0.16143576281988,0.137644782998448,0.11610397303026,0.158939338358069,0.129346640621559,0.103395782908335,0.15769944526354,5.71136798359944,5.39713373847459,6.25516166005948,5.14,5,6,NA,NA,NA,5.706,5,6,5.012,5,5,9.093,8,10
2025-05-29,0.00183807114280128,1.75881137141597e-05,0.00367760171084877,0.00166456553019588,7.38982860651075e-06,0.00288904460720042,NA,NA,NA,0.00388609450429096,3.14049038392048e-05,0.00783150966787619,0.00131883381373175,4.61180349511341e-06,0.00252058436159961,0.000960366534086083,1.1420125915337e-06,0.00141774355281931,0.595223057062038,0.558671894428208,0.631297022746825,0,0,0,0.1368769183215,0.113536428420228,0.161932687590994,0.138270909232694,0.11622548012944,0.159923407949962,0.129629115383768,0.103257958854335,0.158479496088829,5.7902319854677,5.439779192175,6.33983406901189,5.235,5,6,NA,NA,NA,5.718,5,6,5.047,5,5,9.21,8,10
2025-05-30,0.000798297784308659,2.1423974914718e-06,0.00120005077279212,0.000719482654937385,8.52070505890563e-07,0.000911685825905779,NA,NA,NA,0.0017391711154634,3.93655577844984e-06,0.00254485082708673,0.000511622674761933,5.02815210171644e-07,0.000689769496504228,0.000432131595355796,1.23633387452163e-07,0.00038542044207372,0.594426851183649,0.55762670488327,0.630650385971667,0,0,0,0.136988896491703,0.113517381245008,0.162153459675918,0.138717263267222,0.116292852997992,0.160622444100046,0.129866989057426,0.103357738098183,0.159186986622826,6.16228271094125,5.60621767836472,6.52638736020183,5.698,5,6,NA,NA,NA,5.883,5,6,5.264,5,6,9.541,9,10
2025-05-31,0.000420478411988267,3.1789284659189e-07,0.000429770359105257,0.000379716778023646,1.26098800906946e-07,0.000317556111170943,NA,NA,NA,0.000934175189944847,5.57102357212606e-07,0.000874499335483329,0.000243201012405218,8.21869874587637e-08,0.000230373477844716,0.000230155052815796,2.10085816898065e-08,0.000131504487107671,0.593527112349963,0.556573539472009,0.630109867997943,0,0,0,0.137106712096034,0.113441529779117,0.162678033465923,0.139190914312437,0.116639625397224,0.161475853704349,0.130175261241565,0.10343679104587,0.159760835355067,6.46176520154133,6.28019828777573,6.67358473836781,5.973,6,6,NA,NA,NA,6.027,6,6,5.811,5,6,9.842,9,11
2025-06-01,0.000372332798194797,2.26805764573124e-07,0.000349326857332386,0.000334034539059784,9.16000035470069e-08,0.000254587060768525,NA,NA,NA,0.000840510300051019,4.13278001716279e-07,0.000717708519794465,0.00021334661218651,5.92069099659728e-08,0.000189385898350537,0.000201139818832841,1.56300055106986e-08,0.000104181414655809,0.592166385708776,0.554345691487365,0.629285443630903,0,0,0,0.137291726559418,0.113282425532828,0.162882292807517,0.139929831023037,0.11691145648931,0.162945567931605,0.13061205670877,0.103389586307973,0.161000024615441,6.51415702300124,6.32829329503019,6.72689307988625,5.988,6,6,NA,NA,NA,6.105,6,7,5.902,6,6,9.982,9,11
2025-06-02,0.000389531619521553,2.89685277884127e-07,0.0003935922010185,0.000344740516586706,1.14342748592105e-07,0.000278338582009663,NA,NA,NA,0.000897662185879727,5.552856047074e-07,0.000827468888162362,0.000227100962912332,7.65392594424264e-08,0.000216689035266309,0.00020727541330269,1.85503528447976e-08,0.000116919441575334,0.590444618664276,0.551845065788877,0.628248044349984,0,0,0,0.13754034609785,0.113095544519775,0.163748727748645,0.140914191728748,0.117507128126506,0.164113710923279,0.131100843509126,0.103302874885845,0.162035208925561,6.49965626565128,6.30943797291383,6.72843137310796,5.971,6,6,NA,NA,NA,6.1,6,7,5.859,5,6,9.985,9,11
2025-06-03,0.000416139896733217,4.13849093596839e-07,0.000477621065349796,0.000362619232656773,1.59516476476062e-07,0.000323957319703085,NA,NA,NA,0.000982216560173549,7.80390979795401e-07,0.00102866769941853,0.000245168420845375,1.05004134881118e-07,0.000265246460696149,0.000218751605696048,2.35549310363136e-08,0.000136717787550511,0.588853039936499,0.549451246124466,0.627337249562784,0,0,0,0.137779800159616,0.112882684219711,0.164505584897346,0.141856545193173,0.117932207073585,0.166125706813641,0.131510614710712,0.103077318372137,0.162930521927466,6.45822416394903,6.23283003967043,6.71120778065546,5.942,6,6,NA,NA,NA,6.054,6,6,5.75,5,6,9.953,9,11
2025-06-04,0.000412043681281684,4.82126556544415e-07,0.000497187913445491,0.000354147790340909,1.72368668279202e-07,0.000330995505454156,NA,NA,NA,0.000996633095944672,9.37953315570923e-07,0.00110303600059944,0.000240188600072067,1.09739718929929e-07,0.000268725090346067,0.000215365025007979,2.30272691636835e-08,0.000139485137144919,0.587753746850994,0.547954591316379,0.626894314186642,0,0,0,0.137949582444873,0.112684673552453,0.16516314566565,0.142521551233163,0.118180836238298,0.167444839568312,0.131775119470969,0.103064908351822,0.163446117651829,6.44125259907589,6.19857456986781,6.70421887490108,5.924,6,6,NA,NA,NA,6.04,6,6,5.697,5,6,9.97,9,11
2025-06-05,0.000386169525980615,4.61976016384478e-07,0.000442020005400594,0.00032847158383549,1.55381642026533e-07,0.000302182870242415,NA,NA,NA,0.000953258623804602,9.18347884216933e-07,0.00107541750022958,0.000219958665498609,9.66318923901167e-08,0.000237334457768239,0.000202166088251132,1.98584773143585e-08,0.00013037287607457,0.587156969512275,0.547200860692574,0.626685870746401,0,0,0,0.138045199495269,0.112549016060221,0.16549942068603,0.142893614739039,0.118228861548471,0.168267655978814,0.131904216253417,0.102915532381392,0.16361207748237,6.46896207997608,6.23887365529242,6.71691794486651,5.953,6,6,NA,NA,NA,6.035,6,6,5.723,5,6,10.023,9,11
2025-06-06,0.000355419631006068,3.82896962692943e-07,0.000401556448146588,0.000301058352962123,1.25267635115064e-07,0.000265405725215439,NA,NA,NA,0.000886676718733331,7.88772098698755e-07,0.000945402516080587,0.000197228899299941,7.93801152025089e-08,0.000208549952742979,0.000187332644200556,1.58242048681091e-08,0.000114046105170037,0.586955523225905,0.546898277580712,0.626563207828823,0,0,0,0.13808160783657,0.112522744440025,0.165671609470124,0.143032579811962,0.1182407921417,0.168623503298467,0.131930289125563,0.102860071328813,0.163636027162888,6.48736072136924,6.27247492141829,6.7198767762853,5.976,6,6,NA,NA,NA,6.018,6,6,5.736,5,6,10.064,9,11
2025-06-07,0.000268298242038885,1.71750515419209e-07,0.000245050300532805,0.000228139326251464,5.49918729020538e-08,0.000164364557768457,NA,NA,NA,0.000673019410068141,3.56657781744699e-07,0.000582412836669383,0.00013967734779336,3.34137596331294e-08,0.00012629475825983,0.000142876944314647,7.4563849986503e-09,6.97825348390268e-05,0.587049343779801,0.547057952591358,0.626596699746068,0,0,0,0.138074485768621,0.112531275366381,0.165636059909873,0.142999914030014,0.118237988902398,0.168532477038006,0.131876256421564,0.102874505927953,0.163546909930063,6.61461255365958,6.38458789156658,6.8531258582875,6.053,6,6,NA,NA,NA,6.104,6,7,5.96,6,6,10.354,9,11
2025-06-08,0.000252085232285425,1.37977220970383e-07,0.000218986866079445,0.000216009755859129,4.53494196613988e-08,0.000147677446202689,NA,NA,NA,0.000626924154386451,2.88005133073402e-07,0.000504375871655686,0.000129396958222391,2.80896072301557e-08,0.00011286280933093,0.000134639266768161,7.03635815552463e-09,6.33182331324217e-05,0.587410055103533,0.547538574344471,0.62677915753741,0,0,0,0.13803087502581,0.112574949900243,0.16543141723468,0.142822043572188,0.118223014284584,0.167975487466499,0.131737026298469,0.102952496209017,0.163329825982372,6.73967543901963,6.40767809547327,7.2842911774439,6.201,6,7,NA,NA,NA,6.16,6,7,6.026,6,6,10.514,9,11
2025-06-09,0.000242299304798783,1.20236052802854e-07,0.000201052887339465,0.00021049206324436,4.08856228005535e-08,0.000136550002646119,NA,NA,NA,0.000590897760603435,2.37708205447677e-07,0.000453017591139455,0.000123897053520958,2.83971443248279e-08,0.000106003685947354,0.000129754096525688,6.59213031157735e-09,6.09914933531601e-05,0.588116468208575,0.548519784108053,0.627173517906239,0,0,0,0.137938288175803,0.112762037811866,0.16500436263304,0.142450108566377,0.118091332386973,0.167235574102637,0.131495135049246,0.102907039328286,0.162943923777079,6.87877110624616,6.43877606314026,7.44325274540565,6.371,6,7,NA,NA,NA,6.273,6,7,6.108,6,7,10.613,10,12
2025-06-10,0.000238644454337957,1.07430876616482e-07,0.000192988369386141,0.000210488169018824,4.16345221483659e-08,0.000137303961874644,NA,NA,NA,0.000567673701602679,2.12758733198648e-07,0.000419075691823029,0.000123125990542805,2.91459137893262e-08,0.000104289521436402,0.000128060559833648,7.01009005776106e-09,6.03821206306966e-05,0.589182304821098,0.550084447478434,0.627748631064949,0,0,0,0.13779094458322,0.112879972386432,0.164475487069113,0.141863605222529,0.117996387345751,0.166182619561862,0.131163145373152,0.103070935348627,0.162267581771529,7.101538997393,6.5275582754771,7.59901570795114,6.611,6,7,NA,NA,NA,6.555,6,7,6.297,6,7,10.744,10,12
2025-06-11,0.000308012366818189,2.07134462247722e-07,0.00029115162885759,0.000274246916986277,7.99374212610615e-08,0.000211974259462647,NA,NA,NA,0.000713740516064847,4.06907464195443e-07,0.000624336302438363,0.00016725766780212,5.40005029388129e-08,0.000162230936593309,0.0001654023276283,1.38254951417326e-08,9.67388547747609e-05,0.590464072518696,0.552409046768755,0.62831435171206,0,0,0,0.13760682128189,0.113024094073522,0.163790820455299,0.141134848528072,0.117645273810119,0.164537058285221,0.130794257671342,0.103227793508555,0.16147348861079,6.84058384193031,6.43618055797107,7.42252817465829,6.325,6,7,NA,NA,NA,6.357,6,7,6.092,6,6,10.483,10,11
2025-06-12,0.000374192513840065,3.39113515344764e-07,0.000392368019778868,0.000335475879385041,1.36651174906558e-07,0.000296728939638785,NA,NA,NA,0.000849622418695818,6.36336223994397e-07,0.0008217326585725,0.000210780759974392,8.7844420894116e-08,0.000218433167237691,0.000201768001765667,2.26221628682017e-08,0.000128373242905742,0.591724590540356,0.554347176613687,0.628861750706509,0,0,0,0.137420355098939,0.113185009352797,0.163031331826209,0.140399738721198,0.117173335480027,0.163633667170571,0.130455315639506,0.103285723593296,0.160629915279479,6.65468165718023,6.39623260412808,7.09411305300871,6.105,6,7,NA,NA,NA,6.225,6,7,6.011,6,6,10.288,9,11
2025-06-13,0.000443257190450629,5.00262002217223e-07,0.000503035443702771,0.000398823219453784,2.03051943720253e-07,0.000381713751838015,NA,NA,NA,0.000992536811257093,9.12113866565249e-07,0.00105029871573289,0.000256931444146054,1.32884531185619e-07,0.000281182209450219,0.000240382930383149,3.24789175542817e-08,0.000160065689701296,0.592753496874547,0.555598545612476,0.629496089625546,0,0,0,0.137265883274792,0.113316878274873,0.162878174308796,0.139791938278073,0.116862557737926,0.162719654008154,0.130188681572588,0.103291019463436,0.159851940105187,6.55304629172614,6.3592560790061,6.75881007723019,6.021,6,6,NA,NA,NA,6.094,6,6,5.949,6,6,10.105,9,11
2025-06-14,0.000478872870758159,5.70396642483446e-07,0.000572029751273929,0.000431685227385201,2.33814989855283e-07,0.000423518770558421,NA,NA,NA,0.001063977844543,1.02577334267643e-06,0.0011410257197587,0.000280926844184519,1.50642861019405e-07,0.000313349271922168,0.000261742090305417,3.64270500200689e-08,0.000179597856036839,0.593502927494741,0.556566182396634,0.630239942160659,0,0,0,0.137152624445902,0.113434412899726,0.162758783878186,0.1393464472124,0.116627308436241,0.161764787129757,0.129998000846957,0.10331217594697,0.159396428081815,6.50546297258281,6.32331416712704,6.7073534725926,5.999,6,6,NA,NA,NA,6.048,6,6,5.862,5,6,9.987,9,11
2025-06-15,0.000460167072283041,4.83216741509805e-07,0.000520856503710381,0.00041539960116209,1.94407922055191e-07,0.000391127764857865,NA,NA,NA,0.00102068718360449,8.40127451485928e-07,0.00104173016907002,0.000267808185585999,1.26924436268276e-07,0.000287739959434866,0.000252986435151761,3.20368785371233e-08,0.000163799156085359,0.594007404828193,0.557195976675343,0.630589740119097,0,0,0,0.137074883059344,0.113463035937012,0.162541606520064,0.139041186922498,0.116455015485286,0.161168799411825,0.129876525189965,0.103368323263311,0.159069425343129,6.53294169377068,6.34200328831198,6.73432747578832,6.014,6,6,NA,NA,NA,6.065,6,6,5.909,6,6,10.065,9,11
2025-06-16,0.000479964369914607,5.23120514565187e-07,0.00054796288407438,0.000434456071614808,2.16686822650908e-07,0.000414557264725668,NA,NA,NA,0.00105880269747595,9.33038616323034e-07,0.00113550445495525,0.000280371626652746,1.4053076064014e-07,0.000309968523971998,0.000263545623738911,3.5533900730236e-08,0.000173676387741466,0.594282654079447,0.557533919642164,0.630743048962129,0,0,0,0.137032045674669,0.113486200018374,0.162343008120996,0.138873134683687,0.116351143347898,0.160868259907946,0.129812165562197,0.103336359996778,0.158881585549681,6.55294205601011,6.34212869243288,6.78514083586248,6.044,6,6,NA,NA,NA,6.049,6,6,5.907,5,6,10.105,9,11
2025-06-17,0.000423477525648644,3.47483987549435e-07,0.000438482566521502,0.000387122984013819,1.4754031308347e-07,0.000329210251293551,NA,NA,NA,0.000921799442099372,6.24455675896759e-07,0.000854165055798957,0.000243767037428123,9.55105352555749e-08,0.000234362698061431,0.000231899600097104,2.86228829971322e-08,0.000141156953939121,0.594425550090438,0.557725793590547,0.630835967218578,0,0,0,0.137011751315352,0.113497904391813,0.16224592497098,0.138792546891737,0.116323138025994,0.160744805749824,0.129770151702473,0.103315315272086,0.158757584989183,6.7498243654313,6.3946636824261,7.31871957149903,6.25,6,7,NA,NA,NA,6.164,6,7,6.094,6,7,10.356,9,11
2025-06-18,0.00038054990561553,2.53964709123028e-07,0.000357253147920877,0.000352709257335009,1.22615319320913e-07,0.000280232947292626,NA,NA,NA,0.000808729000610878,4.69776478273489e-07,0.000673123147960154,0.000220068325742083,8.98879639143412e-08,0.000198605888697498,0.000206258366491732,2.70974364580347e-08,0.000116612836943943,0.59457787949372,0.557938311954271,0.630939226121079,0,0,0,0.136990839015843,0.11351447345159,0.162145093190581,0.138709036265261,0.116302286761057,0.160611273773495,0.129722245225176,0.103292789360564,0.158622959008704,7.17444050606536,6.49808525622891,7.71930555650906,6.673,6,7,NA,NA,NA,6.656,6,7,6.516,6,7,10.72,10,12
2025-06-19,0.00043624101504356,4.01336139866713e-07,0.000437168172460536,0.000407713917610098,2.18156283626132e-07,0.000362308433698588,NA,NA,NA,0.000904018709728894,7.60982605102668e-07,0.000816119927634743,0.000264776196865274,1.41380144810308e-07,0.000253858907296178,0.00023248200288651,4.51621688826022e-08,0.000147482312876683,0.594757451826852,0.558179336160236,0.631126836282779,0,0,0,0.136964500242243,0.113537724102213,0.162053666418095,0.138604859057251,0.116286163459072,0.16044615583418,0.129673188873655,0.103270068864853,0.158489724771995,7.25867823112201,6.54426245543492,7.69396440668759,6.757,6,7,NA,NA,NA,6.822,6,7,6.581,6,7,10.745,10,12
2025-06-20,0.000624607229495689,1.04489725061645e-06,0.000769853323819552,0.000584184917513641,5.56446292578066e-07,0.000660526283903569,NA,NA,NA,0.00127262050888305,1.89736980934952e-06,0.00149743154641773,0.000404848588874302,3.77103794744506e-07,0.000456429896990955,0.000327503891401698,1.11882582029559e-07,0.000272146586521842,0.594899231970607,0.558363633829886,0.631265937064215,0,0,0,0.1369426263942,0.113527020049085,0.162018917335886,0.138518957127347,0.116272470186521,0.160311604300517,0.129639184507846,0.103254066719647,0.158403479586947,6.935080129072,6.44991822988522,7.52045747127865,6.424,6,7,NA,NA,NA,6.584,6,7,6.208,6,7,10.423,10,11
2025-06-21,0.000940518760601075,2.85845351274941e-06,0.00144926995936652,0.000877432909541083,1.51559272438112e-06,0.00121411702125883,NA,NA,NA,0.00190094053890732,5.07068936009848e-06,0.00291720838239596,0.000643121226668835,1.01766410780416e-06,0.000878425357638224,0.0004872973768022,2.95139655820272e-07,0.000529650223297063,0.59496189141872,0.558418821222032,0.631288562843513,0,0,0,0.136930901920849,0.113516957527263,0.162003332592727,0.138473863274432,0.116264837435286,0.160243503999149,0.129633343386,0.103250970326842,0.158397102524611,6.55180323039806,6.3541856441375,6.74087452531346,6.022,6,6,NA,NA,NA,6.154,6,7,5.962,6,6,10.033,9,11
2025-06-22,0.00115325710371552,4.84452633855901e-06,0.0019248672284352,0.00107080575009752,2.40706605351065e-06,0.00163355450908128,NA,NA,NA,0.00233865233353045,8.57638006030418e-06,0.00394511714920145,0.000807436298135652,1.64104214056763e-06,0.0012450332312151,0.000596333424197373,4.92441436899587e-07,0.000709791739364593,0.594895258205108,0.558326275098039,0.631239161548712,0,0,0,0.136936789214019,0.11352449129705,0.162019623325917,0.13849892306276,0.116267931535271,0.16028967326544,0.129669029518112,0.103267691224774,0.158495866991781,6.44702516616642,6.24557069940092,6.6625457639654,5.962,6,6,NA,NA,NA,6.045,6,6,5.769,5,6,9.815,9,11
2025-06-23,0.00121648310242609,5.81326438972007e-06,0.00207136038537256,0.00111824222857212,2.70637787622512e-06,0.00172128691940404,NA,NA,NA,0.00250996420292333,1.03319254439073e-05,0.00434947875817328,0.000854260873244831,1.84863901072944e-06,0.00133735991502252,0.000633761975275625,5.05885679046165e-07,0.000755057752904935,0.594674064433018,0.557949825473965,0.630979111764305,0,0,0,0.136966414091716,0.113529923145597,0.162074609462363,0.138616951147192,0.116285988602086,0.160485182170621,0.129742570328074,0.103302364082463,0.158675780095234,6.26727547339489,5.71935203295892,6.59331757964219,5.774,5,6,NA,NA,NA,6,6,6,5.484,5,6,9.649,9,11
2025-06-24,0.00123165134768125,6.52432762455419e-06,0.00215539527471361,0.00111505753090873,2.77698121628809e-06,0.001712699173766,NA,NA,NA,0.00261751144081977,1.17430020221436e-05,0.00467372838509754,0.00085643902996002,1.75732983427992e-06,0.00139087587159526,0.000649545623146219,4.41560697236704e-07,0.000796962797277161,0.594383441137901,0.557572454967959,0.630731092568002,0,0,0,0.137010305134144,0.113491273359733,0.162251624557676,0.138788691786443,0.116328254300089,0.160765959207136,0.129817561941512,0.103338088008275,0.158820795308545,6.08239274632166,5.58724722689589,6.51673824751,5.562,5,6,NA,NA,NA,5.929,6,6,5.269,5,6,9.497,8,10
2025-06-25,0.00114614971567083,5.89023181577548e-06,0.00200020901768811,0.00102221699066348,2.32484361670224e-06,0.00150771038415302,NA,NA,NA,0.00251404126788284,1.06494940461388e-05,0.00438586175551834,0.000775216310599358,1.37067710042028e-06,0.00127015850967644,0.000616086521506127,3.22743680458403e-07,0.000730279761620756,0.594222985054262,0.557386484938699,0.630687127971118,0,0,0,0.13704237103284,0.113470538189442,0.162396248094663,0.138908977866611,0.116377777197213,0.161011593546677,0.129825666046286,0.103359438747979,0.158724050365146,5.92059871079231,5.49734957810606,6.41518040281453,5.375,5,6,NA,NA,NA,5.813,5,6,5.129,5,6,9.383,8,10
2025-06-26,0.000699240069964281,1.69409435215499e-06,0.000994216056039908,0.000619160048865419,6.09230782288444e-07,0.000718778132420876,NA,NA,NA,0.0015751793634458,3.02050951146663e-06,0.00211631336774511,0.00043167297342437,3.50904378890586e-07,0.000586059238827825,0.000391943091755876,8.25211312196207e-08,0.000318735989121429,0.594496474142229,0.557862532769237,0.63089853149917,0,0,0,0.137022505405962,0.113483333954306,0.162279949147321,0.138816732109799,0.11635379010721,0.160826805747961,0.12966428834201,0.103307104346184,0.158301621934545,6.14460386163507,5.60124756002983,6.53495122503372,5.659,5,6,NA,NA,NA,5.871,5,6,5.221,5,6,9.649,9,11
2025-06-27,0.00042681344090961,3.90929168019073e-07,0.000456692484574191,0.000381397118370882,1.45690824114239e-07,0.000336147626375718,NA,NA,NA,0.000963204701448324,6.92000395328055e-07,0.000945383200480012,0.000236695089276384,8.07985531653412e-08,0.000235968313594303,0.000249056593671355,2.20175281171429e-08,0.000152783757403034,0.595631825855632,0.55964406995681,0.631589433082419,0,0,0,0.136891013889539,0.113551545395615,0.161811745903218,0.138274452183337,0.116152167268584,0.159915246984058,0.129202708071492,0.103205775101992,0.157350398574023,6.56779785140984,6.28549470744324,6.96122076149495,6.097,6,6,NA,NA,NA,5.977,6,6,5.78,5,6,10.202,9,11
2025-06-28,0.000283648436053515,1.01296627453953e-07,0.000212829592945614,0.000260952319586936,4.29269143541317e-08,0.000161669848845187,NA,NA,NA,0.000617495565988118,1.58498206268551e-07,0.000414358091897427,0.000144107466024506,2.68912783104e-08,0.00010690430154438,0.000170107241102415,9.57258856638007e-09,7.25107086824833e-05,0.598044677116865,0.563206301773761,0.632651445312306,0,0,0,0.13657978994129,0.113943320995407,0.160832113675983,0.137016134355064,0.115998442592152,0.157594307121306,0.128359398586781,0.103218726097056,0.155821522412227,7.32583945100512,6.49028238029726,8.35944467581217,6.941,6,8,NA,NA,NA,6.298,6,7,6.587,6,8,10.993,10,13
2025-06-29,0.000262364467489389,7.40463292311831e-08,0.000180959612572094,0.000249992375678791,3.85834485376422e-08,0.000141372731098878,NA,NA,NA,0.000532533442758218,1.11869851381203e-07,0.000295292054494042,0.000133692348856708,2.26334422023891e-08,8.97460877159277e-05,0.000158986012873834,9.43679271129527e-09,6.52084949812398e-05,0.601662224112452,0.569250637706676,0.634698216496008,0,0,0,0.136079150459441,0.114422583140122,0.159531316691925,0.135013271756347,0.11519898551208,0.15429781415541,0.12724535367176,0.102637630811694,0.153204241916405,7.95412055548226,6.77043928779778,9.39432489076415,7.579,6,9,NA,NA,NA,7.006,6,8,7.324,6,9,11.404,10,13
2025-06-30,0.000324170692475726,1.0877486649083e-07,0.000253363059361658,0.000317135354830007,6.5417960868312e-08,0.000193476394712928,NA,NA,NA,0.000609391747656232,1.56476456908117e-07,0.000356230583329933,0.000176911060190787,4.11810649613122e-08,0.00012215582210855,0.00019687564458582,1.72790334994719e-08,8.92512202456e-05,0.605554682423216,0.574933301255302,0.636823590432019,0,0,0,0.135512434430656,0.114920373758519,0.157699141775733,0.132760515563966,0.114106933569239,0.150804581677166,0.126172367582162,0.102624491238544,0.150681642306826,7.8719293385111,6.7399367527753,9.21685137261033,7.461,6,9,NA,NA,NA,7.175,6,8,7.297,6,9,11.199,10,13
2025-07-01,0.000451286364665764,2.11806684596142e-07,0.000393417569239974,0.000447650669305135,1.41859922848542e-07,0.000335883400049995,NA,NA,NA,0.000795970167179782,3.0746838338939e-07,0.000537838645638257,0.00027076792866059,8.6838144400884e-08,0.000191116101744537,0.000274317800769442,3.8134154690543e-08,0.000138306341991003,0.608561485847142,0.578893339785423,0.638625892896108,0,0,0,0.135061785258614,0.115387764664585,0.156520784763506,0.130973778753092,0.113219010357869,0.148191088414323,0.125402950141152,0.102481523399062,0.148906970305276,7.57511522285266,6.57354686470454,8.49194879512045,7.142,6,8,NA,NA,NA,7.067,6,8,7.009,6,8,10.815,10,12
2025-07-02,0.000636972280110254,4.25931062770836e-07,0.000612905380992578,0.000633961430842913,3.07330059312613e-07,0.00056338536593612,NA,NA,NA,0.00107361990103247,6.15616954330587e-07,0.000870125027328843,0.000423510964856893,1.8977258968333e-07,0.000315488751665353,0.00038700506727948,9.06473873610853e-08,0.000248531946007431,0.61036310011592,0.581283683185458,0.639918385395527,0,0,0,0.134790496141696,0.115615927629047,0.155494124474643,0.12989677757937,0.112419657214912,0.146945845652907,0.124949626163014,0.102487321967828,0.147740539739082,7.33967187397741,6.51599978154966,8.15716580053454,6.898,6,8,NA,NA,NA,6.96,6,8,6.762,6,7,10.508,10,11
2025-07-03,0.00111033890897261,1.44462235853271e-06,0.00139135670066906,0.00110790874129154,1.0781842116121e-06,0.00126995035963342,NA,NA,NA,0.0018097530427286,2.12854709512566e-06,0.00202040157561475,0.00079064575537544,6.91709676990673e-07,0.00076717982320837,0.000670540342487196,3.06258426914365e-07,0.000581686811870449,0.611349530610959,0.582493921975524,0.640333658770445,0,0,0,0.134643225396133,0.115584840558641,0.154833945728997,0.129310228713195,0.11201438833216,0.14613110501576,0.124697015279712,0.102399328019115,0.147131334592051,6.69302425061757,6.35509084346491,7.3445378122344,6.238,6,7,NA,NA,NA,6.364,6,7,6.113,6,7,9.877,9,11
2025-07-04,0.00161863240156279,3.52494521227271e-06,0.00248300999716581,0.00162005094607149,2.72617216839587e-06,0.0023336950182283,NA,NA,NA,0.00258046786497267,5.14343251305668e-06,0.00363276324689174,0.00119710029061703,1.72915108485747e-06,0.00142525900487335,0.000969372889210694,7.86134088058653e-07,0.00107162828817947,0.611874634171267,0.58306318775323,0.640617385529618,0,0,0,0.134564585867366,0.115648218906478,0.154579207385124,0.128996955825474,0.111823923348028,0.145675429053981,0.124563824135892,0.102385144255019,0.146848756181938,6.43897847077514,6.30072760545518,6.60198162280891,6,6,6,NA,NA,NA,6.068,6,6,5.916,6,6,9.536,9,10
2025-07-05,0.00213169688762024,7.12881173083239e-06,0.00381134850064866,0.00213812538589405,5.26903647178039e-06,0.00352483041336685,NA,NA,NA,0.00335271790094194,1.03268363589711e-05,0.00543091582208674,0.00161185238157574,3.51555962321483e-06,0.00219092650161526,0.00126863961896514,1.59623808255305e-06,0.00163758780270111,0.61211716512674,0.583435607714374,0.640792553557122,0,0,0,0.134526791079589,0.115627025238094,0.1544547225892,0.1288471322572,0.111749417104162,0.145526905240605,0.12450891153647,0.102410079501932,0.146700045389754,6.3074474818857,6.10749286063717,6.52364048639506,5.91,6,6,NA,NA,NA,5.99,6,6,5.657,5,6,9.274,9,10
2025-07-06,0.00235644858390222,9.37310603567951e-06,0.00436259255181759,0.00236294019189612,7.01908378759784e-06,0.00403763155541176,NA,NA,NA,0.00369691465681546,1.34292158460242e-05,0.00622439454082259,0.00179959936869599,4.48770396250425e-06,0.00257559358966559,0.00139829047174176,2.02033563546234e-06,0.0018987293096222,0.612141033069143,0.583476928378869,0.640808459638951,0,0,0,0.134518363720147,0.115632625151189,0.154419147172016,0.128815851849443,0.111744659081341,0.145420386131317,0.124524751361267,0.102412081953668,0.146735336876879,6.19465317299295,5.62789004178022,6.47633880243506,5.788,5,6,NA,NA,NA,5.976,6,6,5.485,5,6,9.166,8,10
2025-07-07,0.00267228954815269,1.32005058280899e-05,0.00521503155380769,0.00267162889706732,1.02008155201083e-05,0.00483892565908977,NA,NA,NA,0.00422291859189385,1.87358431585145e-05,0.0074717411828684,0.00205305261765309,6.10764256510963e-06,0.0031343414646032,0.00158123851191342,2.62484531917855e-06,0.00224618751602701,0.61190223041227,0.583099022467915,0.640631324446604,0,0,0,0.134546457644405,0.115665410804989,0.154548173094196,0.128931444512189,0.111778823135214,0.145637112383285,0.124619867431136,0.102407588961427,0.14695629278089,5.91728995523031,5.50619780165756,6.37297114275216,5.444,5,6,NA,NA,NA,5.911,6,6,5.176,5,6,9.015,8,10
2025-07-08,0.00275239657047684,1.44248066483372e-05,0.00545290059069544,0.00273379063220533,1.06625724593649e-05,0.00513055867310945,NA,NA,NA,0.00443729376229933,2.10014195738449e-05,0.00815132230040683,0.00210665159485826,6.44862550961301e-06,0.00330104382209266,0.00162999227174766,2.7041115336311e-06,0.00243524751442798,0.611439819225874,0.582567372527033,0.64033315475268,0,0,0,0.134610875079308,0.115616066565101,0.154757627644448,0.129190694285796,0.111976657492271,0.145816942180882,0.124758611409021,0.102415933537788,0.147197786702189,5.77071598978734,5.45197307820203,6.29567009334596,5.264,5,6,NA,NA,NA,5.81,5,6,5.08,5,5,8.927,8,10
2025-07-09,0.00265630632422928,1.45093003585721e-05,0.00517266213489916,0.00262209682304565,9.82930364509848e-06,0.00475986892622207,NA,NA,NA,0.00437879875593332,2.1279666503763e-05,0.008141766283832,0.00200267900429612,5.752884601638e-06,0.00315163566526676,0.0015792343508305,2.39569165781815e-06,0.00234243637603095,0.611037575540403,0.582077935254953,0.64020223853598,0,0,0,0.134673309190594,0.115571182751395,0.155028364523182,0.129438822274116,0.11213900984195,0.146379892758531,0.124850292994886,0.102441663619536,0.147425615042365,5.66436342789277,5.40378208162356,6.21274805058196,5.147,5,6,NA,NA,NA,5.637,5,6,5.028,5,5,8.886,8,10
2025-07-10,0.00195173461072992,6.98707695820384e-06,0.00338202491679384,0.00192209622751713,4.26708773311906e-06,0.00313129164171199,NA,NA,NA,0.00326516632626442,9.77192009311443e-06,0.00528890831226685,0.00142531030130227,2.57833295859258e-06,0.00200768807399259,0.00117516829458254,1.10723606178419e-06,0.00146785767786982,0.610986365070395,0.58203053660808,0.640159399701877,0,0,0,0.134687068219614,0.115590588682672,0.155072377794489,0.129490931214597,0.112170339312509,0.146441824032758,0.124835635495394,0.102429870521181,0.147408323715375,5.8271746061946,5.44549664170253,6.34556017805787,5.353,5,6,NA,NA,NA,5.71,5,6,5.098,5,5,9.032,8,10
2025-07-11,0.00129217876095892,2.09490735556466e-06,0.00178077894899228,0.00127731698195422,1.31960003762221e-06,0.00161953130591447,NA,NA,NA,0.00215921969515683,2.78715788506986e-06,0.00257003763604279,0.000913937696708129,8.34174788584655e-07,0.000987939248253214,0.000786991444305142,3.56008779126245e-07,0.000720747029456532,0.611239469394721,0.58235161842227,0.640276844762188,0,0,0,0.134651956591834,0.115582694492212,0.15491098427837,0.129349697506422,0.112051719230474,0.146238023633426,0.124758876507023,0.102382842571258,0.147220453775487,6.27907108036915,5.74395215672008,6.5289073123564,5.871,5,6,NA,NA,NA,5.952,6,6,5.603,5,6,9.331,9,10
2025-07-12,0.00111493539037264,1.22285397803764e-06,0.00137764623299645,0.00110645677447707,8.70240496600758e-07,0.00125258290327926,NA,NA,NA,0.00184327220745732,1.81286654507658e-06,0.0019724896428491,0.000791116543311292,5.67680005897564e-07,0.000760512722693147,0.000676976091456297,2.49121389894701e-07,0.000559441875305853,0.611454834703875,0.582614557113763,0.640343118280055,0,0,0,0.134616397866598,0.115611070339734,0.15476746610844,0.129209628581234,0.111981462472129,0.145883276910914,0.124719138848293,0.102399475733805,0.147130353733475,6.47617583915643,6.30719842720142,6.64529854293146,6.027,6,6,NA,NA,NA,6.111,6,7,5.952,6,6,9.616,9,10
2025-07-13,0.00140031166795698,2.21499159245521e-06,0.00198569779077274,0.00139276411442855,1.66036290636402e-06,0.00177113506590054,NA,NA,NA,0.00228308630078461,3.35763901673219e-06,0.00290708725490122,0.00102070481383905,1.05009930816634e-06,0.00110165149323714,0.000841600139881964,4.77001130432652e-07,0.000831483210733765,0.611378651932978,0.58251196250242,0.640305376268636,0,0,0,0.134621149241894,0.115610391400438,0.154815401113089,0.129231886608749,0.111995044638164,0.145927952747493,0.124768312216379,0.102401949073608,0.147210583422867,6.4024250614767,6.25229474276158,6.57646940902646,5.972,6,6,NA,NA,NA,6.041,6,6,5.858,5,6,9.462,9,10
2025-07-14,0.00164641158826235,3.54962193940857e-06,0.00257885484998943,0.00163892545677156,2.63535999691227e-06,0.00237427191165427,NA,NA,NA,0.0026666464811734,5.30929106315995e-06,0.00378273807970306,0.00122214518685693,1.67608237846784e-06,0.00141090912005837,0.000979744654458453,7.56704426030281e-07,0.00107848441183744,0.611021594260903,0.582060036826768,0.640176378490736,0,0,0,0.134667216735991,0.115579528222541,0.155050911029505,0.12941911752078,0.112127802980736,0.146356425795899,0.124892071482326,0.102493439905072,0.147501390879507,6.35480917477695,6.18950668020354,6.55590845551389,5.938,6,6,NA,NA,NA,6.018,6,6,5.762,5,6,9.369,9,10
2025-07-15,0.00190851093761601,5.60407484475145e-06,0.00333104529716113,0.0018984526856567,4.11438821098741e-06,0.00301965560610424,NA,NA,NA,0.00309245335397036,8.39848455414291e-06,0.00479454335681928,0.00143333421923753,2.62009651093306e-06,0.00186180905681712,0.00112502018932102,1.16600762497681e-06,0.00135014210693929,0.610507973164115,0.5815009728512,0.639876265086328,0,0,0,0.134737901148492,0.115668243716992,0.155274798636262,0.129703839719509,0.11222310850376,0.146642944075868,0.125050285967884,0.102526292414463,0.147885263196695,6.26801926913723,5.72467210807378,6.51904420851964,5.859,5,6,NA,NA,NA,5.991,6,6,5.576,5,6,9.28,9,10
2025-07-16,0.00216974934980372,8.32049454692656e-06,0.0040666304097944,0.00215379429866495,6.17653856462025e-06,0.00360775981108338,NA,NA,NA,0.0035380873637292,1.19822996453719e-05,0.00602934112622634,0.00163787859687741,3.83264681677313e-06,0.00234403421356626,0.00126961909824881,1.59138568151174e-06,0.00167496555468414,0.60999505900862,0.580755916106241,0.639635458214607,0,0,0,0.134812679448514,0.115557477934331,0.155707452029861,0.130002836951676,0.112475808115814,0.146952588057413,0.12518942459119,0.102568174308337,0.148284542005347,6.16873503064361,5.60067717714691,6.47330469545488,5.756,5,6,NA,NA,NA,5.963,6,6,5.395,5,6,9.203,9,10
2025-07-17,0.00236237177521437,1.0957254945862e-05,0.00452324879905739,0.00234255302757318,7.74866320824165e-06,0.00418948125118,NA,NA,NA,0.00387362304423958,1.56541847486721e-05,0.00702964740099933,0.0017788974064459,4.79952928959085e-06,0.00272309152031809,0.00137697430555451,2.05906229842069e-06,0.0019046163554037,0.609688145612696,0.580384250256542,0.639424424923926,0,0,0,0.134861821594733,0.115576038976404,0.155800513550353,0.130197116548434,0.112648022122153,0.147093690349791,0.125252916244137,0.102518567010197,0.148526192537361,6.07948623379121,5.54669915210866,6.43911117550658,5.665,5,6,NA,NA,NA,5.904,6,6,5.269,5,6,9.131,8,10
2025-07-18,0.00212753131788116,8.58723383677698e-06,0.00390180674439585,0.00211317711404856,6.1556442536411e-06,0.00355998122295904,NA,NA,NA,0.00348575552763033,1.23772669734304e-05,0.00607084414023076,0.00158422491509199,3.73984166507253e-06,0.00226458343564044,0.0012435991775512,1.64956812846518e-06,0.00161265233364237,0.609709830440917,0.580429224938315,0.639443777957459,0,0,0,0.134864247401669,0.115576309777142,0.155800269414056,0.130203989363155,0.112657525338965,0.147102045162318,0.12522193279426,0.102522465480985,0.148451024294364,6.19863889997958,5.60883292305587,6.48545874753192,5.807,5,6,NA,NA,NA,5.921,6,6,5.458,5,6,9.175,9,10
2025-07-19,0.00181028373840229,5.35263461307891e-06,0.00305366949343823,0.00180503847782343,3.8374954053042e-06,0.0028704917918955,NA,NA,NA,0.00293755305470543,7.73690857583489e-06,0.00465272378806442,0.00133994938033638,2.51852076190804e-06,0.00171301113563774,0.00106202474733841,1.16045515879401e-06,0.00128455050233018,0.609982274595273,0.580776547302264,0.639646019131731,0,0,0,0.134827945904565,0.115561259772004,0.155734693930495,0.130057149704449,0.112516126021353,0.146976604381836,0.125132629795713,0.102518087088958,0.148186520832398,6.36861084839098,6.23081631593932,6.53059426930754,5.97,6,6,NA,NA,NA,6.008,6,6,5.825,5,6,9.265,9,10
2025-07-20,0.00193319965628253,6.27512160259988e-06,0.0033060178992536,0.00193506335719314,4.73944168376273e-06,0.0031759893299472,NA,NA,NA,0.0030915995012942,9.01743315788508e-06,0.00494397247269707,0.00144781519702199,3.04175638344165e-06,0.00190450677248731,0.00113014221167509,1.37433254989727e-06,0.00142369963018701,0.610307892149925,0.581186470977082,0.639837486849132,0,0,0,0.134780735134897,0.115595563551206,0.155522842116088,0.129868237195764,0.112393004015035,0.146919701152439,0.125043135519415,0.102517856261517,0.147911487685375,6.3609560415467,6.2439034515729,6.49716480722102,5.984,6,6,NA,NA,NA,6.033,6,6,5.875,5,6,9.061,9,10
2025-07-21,0.0022979201096241,9.81035854585395e-06,0.00429781615427325,0.00230552535714153,7.41515184648301e-06,0.00404822369279764,NA,NA,NA,0.00363155191711238,1.4033662565151e-05,0.00627238895869756,0.00174911648769849,4.92792914308164e-06,0.00254524762814197,0.0013366923661666,2.15892303960722e-06,0.00182741171271554,0.610526946586839,0.581453888914112,0.639895786709556,0,0,0,0.134747772915747,0.115673907342751,0.155351290994494,0.129736931618711,0.112253571761657,0.146699483003176,0.124988348878703,0.102543304129284,0.147770996263185,6.2796596276642,6.12727892357124,6.43105677475073,5.945,6,6,NA,NA,NA,6,6,6,5.731,5,6,8.785,8,9
2025-07-22,0.00261914683597798,1.38442706272946e-05,0.00500469613100895,0.00262743371420946,1.06733594769752e-05,0.00482232884948434,NA,NA,NA,0.00412651946069004,1.99932185535415e-05,0.00731214125328628,0.00201611986224657,6.78072537481924e-06,0.00313706034539659,0.0015175891087093,3.04696960414629e-06,0.00222007451036466,0.610626647221578,0.581576550180435,0.639920086847814,0,0,0,0.134733142198205,0.115682233278607,0.155269192831567,0.129678487843063,0.112217036138436,0.146626776715342,0.124961722737155,0.102534132830613,0.14770395611458,6.15768557714342,6.00440255626034,6.33772459632323,5.902,6,6,NA,NA,NA,5.987,6,6,5.616,5,6,8.152,8,9
2025-07-23,0.00332708268476796,2.53313597287559e-05,0.00703476849233094,0.00333706001945727,1.97070153808725e-05,0.00701183891010247,NA,NA,NA,0.00524001155794004,3.62554198424024e-05,0.0103397869122468,0.0025790971329504,1.2259437127713e-05,0.00446492004822471,0.00191877466275083,5.19379659511445e-06,0.00316130176224175,0.610692636990699,0.581660376130793,0.63995331063931,0,0,0,0.134724303457001,0.11566332551831,0.155256027617765,0.12964278579716,0.112206973704445,0.146593507881213,0.12494027375514,0.102524829790665,0.147652353296743,5.74184997310415,5.35317654789748,6.18721996866662,5.43,5,6,NA,NA,NA,5.818,5,6,5.13,5,6,7.822,7,8
2025-07-24,0.00320212288170401,2.30398923749323e-05,0.00674250592011791,0.00320817212363046,1.77105276454388e-05,0.00654736599118891,NA,NA,NA,0.00506294887376321,3.25865962678615e-05,0.00986767245131151,0.00246965462396433,1.11152664822729e-05,0.00420146494828874,0.00185474422004247,4.6427601823706e-06,0.00302020736877605,0.610772197904435,0.581761206622454,0.640012364253277,0,0,0,0.134713135406131,0.115640028157142,0.155209180715912,0.129597951093788,0.112212967771763,0.146551377936553,0.124916715595646,0.102515612508106,0.147594216491366,5.39388737159032,5.21814526262148,5.9687743893312,5.127,5,6,NA,NA,NA,5.471,5,6,5.027,5,5,6.997,7,7
2025-07-25,0.00275268275483813,1.54882824597841e-05,0.00553037997525485,0.00275327255314133,1.18971053179081e-05,0.00530318961291443,NA,NA,NA,0.00437472062477162,2.19544771234256e-05,0.00820802338027262,0.00210665228278546,7.25556629858225e-06,0.00334143035991299,0.00160648484191711,3.11723586794495e-06,0.00237054511750014,0.61083909005446,0.581844462065721,0.640067815662087,0,0,0,0.134702617841604,0.115616512725338,0.155169987469815,0.12955629395837,0.112218140322572,0.146511616124843,0.124901998145566,0.102505824043615,0.147554606061851,5.12999557000027,5.1026400668534,5.1530791366062,5,5,5,NA,NA,NA,5.038,5,5,5,5,5,6,6,6
2025-07-26,0.00258150403718305,1.31628367956412e-05,0.00507156243646838,0.00257570888435659,9.90705816853259e-06,0.00476703072209914,NA,NA,NA,0.00413208105749901,1.83660419127188e-05,0.00749667955588022,0.00196817743107206,6.08095460557371e-06,0.00307051255372786,0.00151220294729239,2.54266315320347e-06,0.00215432115704445,0.610838668862312,0.581841135052143,0.640079200260007,0,0,0,0.134700435209172,0.115608913112733,0.155170513793821,0.129548632454445,0.112218363356837,0.146502994832049,0.12491226347407,0.102510516640857,0.147573173875281,4.99938004913119,5,5,5,5,5,NA,NA,NA,5,5,5,4.995,5,5,5,5,5
2025-07-27,0.00265464169706167,1.43712340371399e-05,0.00526205903753357,0.00264166881783551,1.02737044915239e-05,0.004879812049714,NA,NA,NA,0.00428533166572258,2.04067206839064e-05,0.00794854601378637,0.00201821032735439,6.47847081178749e-06,0.00321900118929811,0.00155650696399722,2.63713606159976e-06,0.002291381303803,0.610727061168529,0.581697643593948,0.640009772584481,0,0,0,0.13471356470668,0.115632907526776,0.155236421904168,0.129602579422943,0.112210183322989,0.146552208256432,0.124956794701848,0.102535932702393,0.147674625078492,4,4,4,4,4,4,NA,NA,NA,4,4,4,4,4,4,4,4,4
2025-07-28,0.0023645944145021,1.07801720272008e-05,0.00448253281247649,0.00234507970369481,7.41377739877147e-06,0.00414095062218018,NA,NA,NA,0.00386266417546632,1.51409546595984e-05,0.00691374629347057,0.00177911007805201,4.53670788293549e-06,0.0027028804322034,0.00139357963884137,1.86684891228588e-06,0.00191256949879332,0.610510798906663,0.581444625758351,0.639862705273093,0,0,0,0.134742806068997,0.115669766619655,0.155287804717086,0.129720561114194,0.112237065551013,0.146659107215414,0.125025833910145,0.102535184935365,0.147840076997754,3,3,3,3,3,3,NA,NA,NA,3,3,3,3,3,3,3,3,3
2025-07-29,0.00200408957069384,6.87890779370404e-06,0.00354122291082799,0.00198176272029592,4.69098939977647e-06,0.0032093716365125,NA,NA,NA,0.00331081381563516,9.71960753626896e-06,0.00544868300337204,0.00148803798173986,2.92294485282108e-06,0.00206186752162337,0.00118799952846799,1.2166123332084e-06,0.00149242396560176,0.610274924801821,0.581188918907612,0.639796503878047,0,0,0,0.134777134033288,0.1155857118697,0.155516337799137,0.129857962532213,0.112385859977264,0.146906561389877,0.125089978632678,0.102524957853045,0.148000424611388,2,2,2,2,2,2,NA,NA,NA,2,2,2,2,2,2,2,2,2
2025-07-30,0.00181480381928274,5.36447420252975e-06,0.00307591934592973,0.0017925022978958,3.61982055310596e-06,0.00274505724046736,NA,NA,NA,0.0030165866072852,7.51316471584488e-06,0.00472875558051907,0.00133376102656604,2.23693855797214e-06,0.0017368664457493,0.00107953485585713,9.4186073340953e-07,0.00126375725363126,0.610122602214027,0.580970060142149,0.639733494638501,0,0,0,0.134800550228469,0.115566498431118,0.155641325389295,0.129951215952064,0.112447189714924,0.146943941494463,0.12512563160544,0.102532279089839,0.148094986474368,1,1,1,1,1,1,NA,NA,NA,1,1,1,1,1,1,1,1,1
2025-07-31,0.00158544260312689,3.74323591279747e-06,0.00251150852534806,0.00156551796877206,2.5270015662021e-06,0.00224315475172374,NA,NA,NA,0.00264566634004654,5.22963447831905e-06,0.00382626501944009,0.00115259798652052,1.52162367854393e-06,0.00137740010775331,0.000946467495795333,6.66996313561542e-07,0.00105335389034616,0.610069755215731,0.580879270816771,0.63969812716152,0,0,0,0.134809009412011,0.115558507072064,0.155678215095623,0.129984814663543,0.112463222510971,0.146952828880654,0.125136420708715,0.102533671742867,0.148150551363753,0,0,0,0,0,0,NA,NA,NA,0,0,0,0,0,0,0,0,0
