Date,Survival Overall Est,Survival Overall LCL 80,Survival Overall UCL 80,Survival Sacramento Est,Survival Sacramento LCL 80,Survival Sacramento UCL 80,Survival Yolo Est,Survival Yolo LCL 80,Survival Yolo UCL 80,Survival Sutter Est,Survival Sutter LCL 80,Survival Sutter UCL 80,Survival Steamboat Est,Survival Steamboat LCL 80,Survival Steamboat UCL 80,Survival Interior Delta Est,Survival Interior Delta LCL 80,Survival Interior Delta UCL 80,Routing Probability Sacramento Est,Routing Probability Sacramento LCL 80,Routing Probability Sacramento UCL 80,Routing Probability Yolo Est,Routing Probability Yolo LCL 80,Routing Probability Yolo UCL 80,Routing Probability Sutter Est,Routing Probability Sutter LCL 80,Routing Probability Sutter UCL 80,Routing Probability Steamboat Est,Routing Probability Steamboat LCL 80,Routing Probability Steamboat UCL 80,Routing Probability Interior Delta Est,Routing Probability Interior Delta LCL 80,Routing Probability Interior Delta UCL 80,Median Travel Time Overall Est,Median Travel Time Overall LCL 80,Median Travel Time Overall UCL 80,Median Travel Time Sacramento Est,Median Travel Time Sacramento LCL 80,Median Travel Time Sacramento UCL 80,Median Travel Time Yolo Est,Median Travel Time Yolo LCL 80,Median Travel Time Yolo UCL 80,Median Travel Time Sutter Est,Median Travel Time Sutter LCL 80,Median Travel Time Sutter UCL 80,Median Travel Time Steamboat Est,Median Travel Time Steamboat LCL 80,Median Travel Time Steamboat UCL 80,Median Travel Time Interior Delta Est,Median Travel Time Interior Delta LCL 80,Median Travel Time Interior Delta UCL 80
2023-10-01,0.0593643011946116,0.0191137870728998,0.110422988048724,0.0611947560174221,0.0173887413620427,0.11809171579207,NA,NA,NA,0.0909084035785133,0.0247770408273178,0.181323019347491,0.0548134078009032,0.0117764875336679,0.118490084586214,0.0233509399727837,0.00335481039330146,0.0541244613772459,0.596034699931976,0.562372895637325,0.631977767841013,1.17304267656048e-09,2.0253375119459e-13,8.91928065890705e-10,0.136322960483801,0.11337031264808,0.159222075430874,0.137990600852474,0.11624253267848,0.160409136499476,0.129651737558707,0.104394719352532,0.156377129302347,6.28148610516388,5.7236577087762,6.5754045038568,5.835,5,6,NA,NA,NA,5.987,6,6,5.447,5,6,9.532,9,10
2023-10-02,0.057841481777395,0.0185190121800535,0.106782196548903,0.058922135596157,0.0163887406909534,0.113461824663437,NA,NA,NA,0.092254546328066,0.025299184629223,0.182828581185319,0.0531258629806818,0.0110155518548558,0.115581990283042,0.0225620448637895,0.00302972061430977,0.0529226872400492,0.594636966624623,0.560503192605188,0.631032856502143,1.22231024131266e-09,2.13587668259494e-13,9.31229838878059e-10,0.136499554802405,0.113301981813795,0.159605882316467,0.138797252980096,0.116591845037209,0.161848959689841,0.130066224370566,0.10427735125448,0.157126205417469,6.18076348298607,5.64354483847364,6.5367749782959,5.712,5,6,NA,NA,NA,5.967,6,6,5.311,5,6,9.473,9,10
2023-10-03,0.044066908230069,0.0118019792274586,0.0854294722503864,0.0442461067525332,0.0101558900230411,0.0895756274091603,NA,NA,NA,0.0736990105028591,0.0170373737647893,0.155486048729168,0.040146893185912,0.00665798991819474,0.0921446590751215,0.0170047463616713,0.00183179749082775,0.0413929697889771,0.593043570628226,0.557693302199481,0.629609977133752,1.30609127995645e-09,2.18830054767489e-13,9.67742037055748e-10,0.136704534395255,0.112935705613614,0.160508485802635,0.139731353448782,0.116938790488509,0.163352480382197,0.130520540221646,0.104332446690659,0.157927422962006,6.20752954948075,5.66263496290734,6.55763517929283,5.736,5,6,NA,NA,NA,5.977,6,6,5.346,5,6,9.512,9,10
2023-10-04,0.0308801233179522,0.00638938715761491,0.0637748592762398,0.030550217761015,0.00514133959298939,0.0676077900184456,NA,NA,NA,0.0541102583367034,0.00976463469222202,0.121377328449488,0.0278812846047641,0.00340387870961383,0.0690114649389312,0.0117333208657018,0.000930678348372611,0.0288294824051306,0.591399826300963,0.55506005109921,0.628209938868115,1.45104544565568e-09,2.17862143361337e-13,1.03086876667098e-09,0.136919676461201,0.112566430808623,0.161732581522603,0.140709482051443,0.117297796862989,0.165062848394299,0.130971013735348,0.104209228650939,0.158703359957484,6.31268016804641,5.79842783344794,6.60341275514153,5.854,5,6,NA,NA,NA,5.994,6,6,5.484,5,6,9.606,9,11
2023-10-05,0.02171967013168,0.00339972670531628,0.0482393438087365,0.0212435139765588,0.00264250561089862,0.0490065468479842,NA,NA,NA,0.0394627797114669,0.00566610286355815,0.0914206550394617,0.0194536779867367,0.00177985494127398,0.0501642013160845,0.00807926708566603,0.000484303212547681,0.0209005186025268,0.589885467765964,0.552100683670301,0.627358195474068,1.60886493388361e-09,2.1703180341397e-13,1.11161565727236e-09,0.137123053440001,0.112248860849414,0.162573341895483,0.141632049130941,0.117617004659017,0.166773953288937,0.131359428054229,0.104317762927723,0.159795561050123,6.45592777958272,6.2522975123622,6.68149828916083,5.965,6,6,NA,NA,NA,6.032,6,6,5.738,5,6,9.876,9,11
2023-10-06,0.0157588416294759,0.00199461698350061,0.036877127861987,0.0153709554485917,0.0015611376656691,0.0363187986727752,NA,NA,NA,0.0290073589319775,0.00324550016454197,0.0676427218737409,0.0140671350923577,0.00108595083637032,0.0363446201216061,0.00571095388586924,0.000281709082897835,0.0147013813386811,0.588731309770283,0.550498727217775,0.627039467323448,1.76327467956344e-09,2.19330583939361e-13,1.19345161780491e-09,0.137282857996843,0.112185104532271,0.162919637453144,0.142355767080901,0.11775535142309,0.168069292923543,0.131630063388698,0.104269399797848,0.160369171696421,6.62165615175309,6.36562578832512,6.98088658606898,6.087,6,6,NA,NA,NA,6.105,6,7,6.009,6,6,10.212,9,11
2023-10-07,0.0122971416105984,0.00129073846845474,0.0292784484188161,0.0120912322348929,0.00107460847517156,0.0283003321595128,NA,NA,NA,0.0222421695024323,0.00205105692752181,0.0535637964520656,0.0110578917831738,0.00077598411517006,0.0279487641710245,0.00433406317362329,0.0002005326549297,0.0108141775854503,0.588057206492065,0.549480606428326,0.626935559088673,1.92407004305046e-09,2.22945719899307e-13,1.28214524273632e-09,0.137377472487186,0.111895837527895,0.16320200171723,0.1427841963582,0.117774239036441,0.168963351685778,0.131781122738479,0.104247370434246,0.160804266386465,6.95188684712065,6.43062264099454,7.55020932196482,6.423,6,7,NA,NA,NA,6.392,6,7,6.334,6,7,10.561,9,12
2023-10-08,0.0112170381913962,0.00120007021558003,0.0261715313383032,0.0111649335491495,0.00109179097322315,0.0251879645872328,NA,NA,NA,0.0195655631806227,0.00190268186742478,0.0485748379564461,0.010312198560911,0.000790666648943105,0.0259574607082847,0.00385063299786359,0.000213062003875239,0.00937925981577891,0.587692764088479,0.548909854738525,0.6268119745401,2.07795267317287e-09,2.29630898679371e-13,1.36750457312119e-09,0.137425242877783,0.111794288175341,0.163303591583178,0.143001242575767,0.117784521647973,0.169294259909059,0.131880748380019,0.104192314910215,0.161084747410032,7.42447854839637,6.58022130050693,8.3236973263903,6.907,6,8,NA,NA,NA,6.916,6,8,6.779,6,8,10.962,10,12
2023-10-09,0.0158599966739225,0.00243140110968783,0.0357094722729185,0.0158869425962408,0.00221560423508449,0.0354325272634263,NA,NA,NA,0.026961568692052,0.00383530975442028,0.0625266493929382,0.0149905389033922,0.00165626402515091,0.0359599535067919,0.00533553073051786,0.000435672741629107,0.0130308298814667,0.587309680180883,0.548137907807571,0.626483849362778,2.20150012261497e-09,2.42073170971866e-13,1.43121418577404e-09,0.137471096805755,0.111669514136573,0.163409097998707,0.143209974829317,0.117862775929206,0.169576296418428,0.132009245982545,0.104136488726188,0.16139975011716,7.36497084740732,6.57625378534893,8.06273639033389,6.837,6,7,NA,NA,NA,6.934,6,8,6.705,6,7,10.887,10,12
2023-10-10,0.0266464367904346,0.00595393343256501,0.055302079222897,0.0267360426517876,0.00550970049074055,0.0566822884724165,NA,NA,NA,0.0447413490934677,0.00917943212550099,0.0971124175094094,0.0257633370722337,0.00415508466136628,0.0595504928383729,0.00882191986741944,0.00105357178852911,0.0212753270505772,0.586703349024218,0.54723010084901,0.625971843472473,2.32635671010425e-09,2.5720954691252e-13,1.50090135344053e-09,0.137546296470073,0.11146742157177,0.163548179152064,0.143551104850953,0.118046387474883,0.17009039666756,0.132199247328399,0.104139427253501,0.161864765387082,7.09792804714985,6.50141390335214,7.63293724004428,6.574,6,7,NA,NA,NA,6.736,6,7,6.365,6,7,10.601,10,12
2023-10-11,0.0427100762138864,0.0136012183615366,0.0812947636916683,0.042768086258635,0.0124705348478197,0.0840075547536338,NA,NA,NA,0.0716847695794438,0.0198144225417539,0.142895280152421,0.0419525900335837,0.00976501556260031,0.0873696857511835,0.0139505845120839,0.00223567528719982,0.0318260964668319,0.585885778944288,0.545946453857631,0.625944860373069,2.43957472757263e-09,2.74362354680511e-13,1.5810988926464e-09,0.137652112386591,0.111328999119956,0.163810909108068,0.144029840352224,0.118190937039171,0.170943142256281,0.132432265877321,0.104242958864823,0.162319693012468,6.86029152429059,6.44556792431989,7.46258274024181,6.303,6,7,NA,NA,NA,6.547,6,7,6.135,6,7,10.438,9,11
2023-10-12,0.0636324065617438,0.0269880807523399,0.107974035687119,0.0634171825892872,0.0234851484048831,0.112468630601301,NA,NA,NA,0.107872911338519,0.0390117156860158,0.193016523524751,0.0630194191903519,0.0188090058331962,0.124934672349407,0.0205520806327481,0.0042324491359067,0.0436508664358989,0.585000745279715,0.544373403327601,0.625371436760438,2.60026984601345e-09,2.84896616315544e-13,1.66967884599301e-09,0.137770468059836,0.111163829246339,0.164449414747393,0.144564321642553,0.118277307407286,0.171822964436746,0.132664462417626,0.104231820389788,0.163144142144304,6.68756398864419,6.40783191150315,7.1668485207514,6.118,6,7,NA,NA,NA,6.33,6,7,6.015,6,6,10.308,9,11
2023-10-13,0.0837714702381333,0.0428703600609882,0.130398079661079,0.0830597265676299,0.0360950060268328,0.140723332107632,NA,NA,NA,0.143829534132196,0.0605753653080523,0.24318390541441,0.0832595942016951,0.0274929746417146,0.160456550409936,0.0268111186090476,0.00625384289616113,0.0549240384810911,0.58422418741933,0.543035861766791,0.624913072247692,2.78937739464404e-09,2.91230141437616e-13,1.75325383464183e-09,0.137877079414965,0.110989690188323,0.165050097476618,0.145045202228301,0.118360185875269,0.172622517853696,0.132853528148026,0.104240531741167,0.163734299836527,6.60675259019842,6.38296889285515,6.84519946450857,6.032,6,6,NA,NA,NA,6.194,6,7,5.984,6,6,10.242,9,11
2023-10-14,0.080321520761407,0.0398121047473756,0.125696966589205,0.0793202963920294,0.0336781252308409,0.135498988361356,NA,NA,NA,0.139336900913066,0.0580539867916476,0.235561682878358,0.0799465545239549,0.0260709588948085,0.154204322837632,0.0255574776972423,0.00578991823808428,0.0529794234700783,0.583658816394439,0.542153824397802,0.624713640914219,3.00917198077952e-09,3.05188063959494e-13,1.83906530836217e-09,0.137954886665905,0.110818176012274,0.165374119410911,0.145396045994139,0.118490378227468,0.173330651936161,0.132990247936345,0.104162571724695,0.164138800839825,6.60912347342219,6.38218598935224,6.85220749849836,6.032,6,6,NA,NA,NA,6.203,6,7,5.977,6,6,10.256,9,11
2023-10-15,0.0689137967882458,0.0311801068901972,0.112148552670193,0.0677454366911042,0.0263354336518131,0.118131476109179,NA,NA,NA,0.121025048841298,0.0475266550631131,0.21196043770619,0.0685340368994919,0.0209462012128739,0.137009601089552,0.0218704887155366,0.00461585225745164,0.0461351131206304,0.583238034364528,0.541660273200346,0.62461064892688,3.21562218649143e-09,3.25494463518137e-13,1.95165229976955e-09,0.13801076805438,0.110717119502015,0.165564412667024,0.145647923421367,0.118641049969417,0.173854520860558,0.133103270944103,0.104138874908187,0.164422742732284,6.66743205271651,6.40298994466792,7.02847863247077,6.085,6,6,NA,NA,NA,6.306,6,7,5.997,6,6,10.33,9,11
2023-10-16,0.0798587039889469,0.0402621338012709,0.125487712350919,0.0780720501332191,0.0323631490541835,0.136567011940174,NA,NA,NA,0.142315935038065,0.0582399832688606,0.240057481255923,0.0792796283851348,0.0249170549756314,0.154889414876972,0.0252696830075308,0.0054494921253484,0.0526885830789565,0.582832466183987,0.541104886666435,0.62451278039051,3.34219255708316e-09,3.51892191219238e-13,2.05003133784534e-09,0.138065087600326,0.110731242549925,0.165744544143512,0.145892190228555,0.118709533766886,0.174344372730359,0.13321025264494,0.104123599559507,0.164562763211879,6.6278906404313,6.39054249923035,6.88986826401183,6.047,6,6,NA,NA,NA,6.231,6,7,5.975,6,6,10.298,9,11
2023-10-17,0.0760611983332228,0.037850084436544,0.120767764141742,0.0740750518766467,0.0296189528386887,0.131284610366246,NA,NA,NA,0.137151656820985,0.0543406117507642,0.233835205951739,0.0752145621700252,0.0227148163946424,0.148576175600363,0.0239979714290415,0.00509832549271315,0.0504816845601188,0.582482113328386,0.540592814681173,0.624430807710422,3.50883306211254e-09,3.80716087514059e-13,2.13517605651077e-09,0.138116387555684,0.110649930110321,0.165809534211417,0.146122110919965,0.118841985943684,0.174733657742299,0.133279384687131,0.104069046676999,0.164652188053945,6.64421329295577,6.39769866659213,6.92931145306858,6.062,6,6,NA,NA,NA,6.208,6,7,5.995,6,6,10.353,9,11
2023-10-18,0.0658045586878217,0.0295573759763348,0.108890795601424,0.0641435204086002,0.0243988351769551,0.116086790507931,NA,NA,NA,0.118651145864625,0.0443511996143692,0.209567668630649,0.064891508168914,0.0186074326101043,0.130429060730077,0.0207251605182198,0.00423474833691274,0.0441116495367281,0.582389568225431,0.540401287401871,0.62444634358388,3.75001418788577e-09,4.0566830176931e-13,2.23961504684738e-09,0.138136458281686,0.110637193077041,0.165829335478069,0.1462112232643,0.118922007493257,0.174788410879655,0.133262746478568,0.104045892236128,0.164640459634688,6.72054457658441,6.41390218278417,7.24220044221638,6.149,6,7,NA,NA,NA,6.245,6,7,6.035,6,6,10.461,9,11
2023-10-19,0.0591986171113191,0.0247932965624529,0.100702069058821,0.0580554965582061,0.02031768848495,0.104720276967744,NA,NA,NA,0.105187237957306,0.0382437781813978,0.190144373102645,0.0584402700029237,0.0165243778020795,0.11866048179917,0.0186302638687188,0.0037702747147459,0.039882335122119,0.582668868818292,0.54072648540237,0.624570003245394,4.0013402305098e-09,4.2879875628533e-13,2.35955968242148e-09,0.138104757128836,0.110650524519292,0.16578083795095,0.146067806922793,0.118846026608028,0.17440431967007,0.133158563128738,0.104088933951835,0.164517344228187,6.83877403664011,6.43986997982768,7.40291417881368,6.293,6,7,NA,NA,NA,6.332,6,7,6.098,6,6,10.564,10,12
2023-10-20,0.0612270808917013,0.0260604805143104,0.103663924578064,0.0605468526864048,0.0220524169447794,0.10731169969001,NA,NA,NA,0.106341152717764,0.0391487841385287,0.190659647139909,0.0607675710175054,0.0180355766006363,0.120493036827382,0.0192116239315854,0.00413980607054415,0.0405394552212093,0.583174704359464,0.541406135587526,0.62469899667994,4.28609429808373e-09,4.52242493686173e-13,2.48754835712556e-09,0.138037220452812,0.110728853813019,0.165649289619744,0.145763791492591,0.11867667710638,0.17378001445132,0.133024279409038,0.104109823511045,0.164340388540526,6.87073360896805,6.44826640571906,7.43344127086627,6.327,6,7,NA,NA,NA,6.354,6,7,6.14,6,7,10.589,10,12
2023-10-21,0.0625435112618459,0.0269909547247745,0.105531160742406,0.0624222525556337,0.0240250285167268,0.109956893093283,NA,NA,NA,0.105705489260909,0.0396899322468044,0.186964483381907,0.0626646187164137,0.019507400316256,0.121366825960521,0.0194517257251436,0.00443980956982513,0.0410719704185257,0.58362906587991,0.54207196663294,0.624786170083508,4.46394586159488e-09,4.88188432861076e-13,2.62056494997282e-09,0.137972703772555,0.110771533393026,0.165384109147516,0.145473750325117,0.118504270001263,0.173297016401499,0.132924475558473,0.104140665313606,0.164077425185452,6.99826967129119,6.48705926441516,7.55331043717569,6.47,6,7,NA,NA,NA,6.445,6,7,6.277,6,7,10.677,10,12
2023-10-22,0.0789570803916298,0.0389286688828816,0.123876489545903,0.0794881375239433,0.0360586059281334,0.131811337093172,NA,NA,NA,0.129658330317116,0.0562126708988603,0.217419270538264,0.0802632493094698,0.0303098571771856,0.146360545001261,0.0241767743993468,0.00673654962697028,0.0474038347923557,0.583872990200549,0.542481540175372,0.624824614135483,4.74909378156847e-09,5.10837182852878e-13,2.78015227185227e-09,0.137936595382393,0.110848592229422,0.165185879787495,0.145311620807697,0.118421156908236,0.173046614902681,0.132878788860267,0.104160897978403,0.163915413495318,6.96426231596923,6.46615960334452,7.50570855029443,6.434,6,7,NA,NA,NA,6.384,6,7,6.301,6,7,10.615,9,12
2023-10-23,0.0881223171922598,0.0466923358326997,0.133357623430844,0.0897200369042994,0.0450911394736605,0.143170541751149,NA,NA,NA,0.138698885692042,0.0649968294288475,0.225165795067296,0.0917792036006623,0.038470065021714,0.158062688726747,0.0263727732609302,0.00875270608678112,0.0493587752915961,0.583940711369316,0.542591766285183,0.624830063588566,4.68799954148006e-09,5.8550233622566e-13,2.89901461693092e-09,0.137925562592678,0.110873621669565,0.165135942501554,0.145262467748349,0.118409757064962,0.172963214435167,0.132871253601658,0.104167929426003,0.163873960264558,7.03061633395371,6.48911133131709,7.56171145987242,6.518,6,7,NA,NA,NA,6.421,6,7,6.383,6,7,10.624,9,12
2023-10-24,0.0945531640312899,0.0525883049319623,0.141327284353272,0.0974578425981528,0.0526077204801067,0.150328924942309,NA,NA,NA,0.140717702585592,0.0715693174383782,0.22132319563843,0.102068683316031,0.0480299713805157,0.165816262491385,0.0275354208595327,0.0102527740203549,0.0494876340987711,0.583907096350688,0.542528036875053,0.624809578120218,4.81680779711502e-09,6.40499370444522e-13,3.05248647289185e-09,0.137927771940798,0.110871250883179,0.165173515147373,0.145273123777954,0.118411443141666,0.172971673042651,0.132892003113752,0.104169147813701,0.163911253001347,7.14209212213483,6.54072570815906,7.62132210727999,6.635,6,7,NA,NA,NA,6.561,6,7,6.489,6,7,10.686,10,12
2023-10-25,0.126642780826652,0.0843209742517073,0.172238699879662,0.131667612999073,0.0850505716201636,0.185565306101603,NA,NA,NA,0.179270982416833,0.109402279772217,0.256973423208152,0.141702371393563,0.0818863668138388,0.208523927117443,0.03602084728133,0.0160036728133559,0.0608441812599094,0.583763033011208,0.542289057303568,0.624760432485017,5.09143707319953e-09,6.72367664852696e-13,3.22130419832587e-09,0.137944313906703,0.110837424809454,0.165308577221365,0.14534844548475,0.118462388249115,0.173177621653117,0.132944202505901,0.104164082852079,0.164037561518197,7.0814269058476,6.50949879927927,7.58185206599909,6.58,6,7,NA,NA,NA,6.537,6,7,6.388,6,7,10.604,10,12
2023-10-26,0.173651828905257,0.135197201293706,0.215233661178335,0.181520353867498,0.135503705753759,0.232261397097245,NA,NA,NA,0.236086546964479,0.166851801678996,0.309854316795669,0.200568989827784,0.133679192462764,0.27221560542699,0.0484271516704202,0.0238394500082825,0.0797307198636714,0.583501971971487,0.541971819615044,0.624686985021225,5.15591064818341e-09,7.51319815455366e-13,3.39119646518738e-09,0.137977087099908,0.110774714602591,0.165446188546302,0.145496945472585,0.118555738747283,0.173528448593479,0.133023990300109,0.104150858538756,0.164231469264054,6.93771324437658,6.46557219911675,7.46433395153231,6.415,6,7,NA,NA,NA,6.451,6,7,6.227,6,7,10.511,9,12
2023-10-27,0.226008825685219,0.190907882543434,0.26143443596668,0.236924467688904,0.192218505733646,0.282044547786933,NA,NA,NA,0.298436013451894,0.229714820586227,0.362675158745288,0.267777287922967,0.193051435859161,0.34548025368318,0.0620114715104618,0.0320402783360582,0.0999055576623134,0.583154653418561,0.541561657908618,0.624590846798222,5.40888242199827e-09,7.97167031124778e-13,3.57977180491485e-09,0.138021058667194,0.110702378222465,0.1655956433361,0.14569600393847,0.11868668972741,0.173992017505963,0.133128278566893,0.10413594936313,0.164453439902023,6.75861573334359,6.41845052518636,7.30902874222861,6.201,6,7,NA,NA,NA,6.323,6,7,6.067,6,6,10.409,9,11
2023-10-28,0.247390464259254,0.212651472765368,0.281706769217746,0.259486540242033,0.214068918591342,0.30626334300233,NA,NA,NA,0.321061473564999,0.249454033691948,0.387190302972539,0.298855980095277,0.221446837189775,0.381158828788262,0.0668893131896291,0.0337979860035996,0.106108007099997,0.582706520553209,0.540985056830681,0.624460825445844,5.6469468928232e-09,8.63283230374621e-13,3.77917142902311e-09,0.138077565903156,0.110719910385096,0.165776205341696,0.145951512143523,0.118707187000006,0.174586113916771,0.133264395753164,0.10411793731778,0.164625736258143,6.69752817103001,6.41281030944054,7.14880775524537,6.12,6,7,NA,NA,NA,6.29,6,7,6.03,6,6,10.378,9,11
2023-10-29,0.259275530970083,0.224187892661732,0.295671171508667,0.271478954804355,0.224748520477456,0.320680355970585,NA,NA,NA,0.335634386245475,0.258111564972055,0.4057823729047,0.316781811305294,0.235744173510802,0.404764284251957,0.0693295735129207,0.0350942237432191,0.110869514040052,0.582125654393079,0.540160930475909,0.624260344708999,5.86485162590511e-09,9.3898515243751e-13,3.98993523161922e-09,0.138152574527092,0.110600425684572,0.16588511938935,0.146290083789993,0.118889162523585,0.175114349037656,0.133431681424984,0.103981208632466,0.164829045523734,6.66320677111956,6.40443248639141,6.95942690292822,6.074,6,6,NA,NA,NA,6.277,6,7,6.011,6,6,10.349,9,11
2023-10-30,0.258654895818747,0.222935596292392,0.296880653803911,0.269820423823973,0.221524561888365,0.319796794033722,NA,NA,NA,0.338335075014763,0.258331135775496,0.409786091227815,0.317394883713072,0.236220152347,0.407799269539396,0.0686473361943354,0.0346195025697751,0.1111957318389,0.581457148358808,0.539178684330233,0.623988209481498,6.11766635813143e-09,1.01782638775391e-12,4.21543481982074e-09,0.138240496452604,0.110488059080116,0.16601121512178,0.146686531458869,0.118854318425663,0.175486490158622,0.133615817612053,0.103845955742256,0.165059066377374,6.64796329329304,6.40057925048898,6.91870940423411,6.053,6,6,NA,NA,NA,6.278,6,7,5.991,6,6,10.344,9,11
2023-10-31,0.251253643470166,0.214956892203302,0.289105420104766,0.26061788142164,0.213730349555885,0.310723598009292,NA,NA,NA,0.336044417019508,0.257902319847269,0.410198601509003,0.307662050687537,0.225670880134804,0.399482842396199,0.0664384594757932,0.0330187110709967,0.109503799291987,0.580749548532504,0.538091602224994,0.623655969725812,6.42427094286806e-09,1.10021220730724e-12,4.45759537765099e-09,0.138333288853685,0.110328911401814,0.166322303959532,0.147104576238778,0.118780896810579,0.17641914004183,0.133812579950762,0.103727668409345,0.165534886177348,6.64691819359926,6.39695971038027,6.91884126925212,6.049,6,6,NA,NA,NA,6.303,6,7,5.976,6,6,10.337,9,11
2023-11-01,0.239829804308809,0.202633690303096,0.280138172648662,0.246843262243702,0.197799574414342,0.297971832189799,NA,NA,NA,0.331859659259839,0.255239975906721,0.406983288758349,0.291060193805169,0.206366153685258,0.38075518157765,0.0634190531760988,0.030653058136776,0.10779146926965,0.579990021701726,0.53703292450473,0.623138207124623,6.77999253073348e-09,1.2052482891462e-12,4.71795469212615e-09,0.138433947040735,0.110137187794,0.166964264504222,0.147557396703051,0.119017874756291,0.177264301711409,0.134018627774496,0.103727276265877,0.166030295703246,6.64699560976167,6.39480880494575,6.92382890127468,6.048,6,6,NA,NA,NA,6.309,6,7,5.959,6,6,10.346,9,11
2023-11-02,0.225630220249776,0.188754230982485,0.267499874159125,0.23011540947868,0.180173531642853,0.282260332269597,NA,NA,NA,0.325544810815927,0.246480700943981,0.405057438235231,0.269684050847674,0.183477023551111,0.362655248476601,0.0598013492598364,0.0276823880078617,0.103952957324651,0.579234191409001,0.53586706770012,0.622969049407253,7.27985429701344e-09,1.30598391949353e-12,5.03459396075922e-09,0.138537227316622,0.10999385612335,0.167345523186736,0.148021442134993,0.119053814073619,0.177871622222111,0.134207131859529,0.103705760123656,0.166487525671629,6.64946884609681,6.3941589947354,6.94158643828473,6.05,6,6,NA,NA,NA,6.307,6,7,5.948,6,6,10.363,9,11
2023-11-03,0.21110626474613,0.17238904347228,0.253040740332646,0.213542582539157,0.162346187148509,0.267990189635834,NA,NA,NA,0.316860523868437,0.232907298520866,0.400576624025827,0.247830696146342,0.158728497185636,0.343140873732554,0.0559879660712367,0.0252041885050457,0.0985104544277407,0.578613037869716,0.53485133821395,0.62286690200437,8.00119669694904e-09,1.36119907102241e-12,5.4609431252362e-09,0.138623375313547,0.109893999078631,0.167638063757184,0.148408417649852,0.119088441864052,0.178375252834738,0.134355161165687,0.103569576621726,0.166851854554746,6.69332316635051,6.40702899484906,7.13780832457092,6.099,6,7,NA,NA,NA,6.314,6,7,5.972,6,6,10.439,9,12
2023-11-04,0.198893017379731,0.159927864760442,0.241549452863156,0.200292906909004,0.149283880603657,0.255119969661428,NA,NA,NA,0.305745791489065,0.220320506389266,0.393727571424611,0.230652674446288,0.141970320416999,0.324854636316592,0.0524193702239569,0.0232060400445884,0.0909450463701764,0.578141429802744,0.534097812632249,0.622775065824239,9.03852770903381e-09,1.36544285644312e-12,6.15944106813909e-09,0.138686881863081,0.10978668929827,0.167850071497998,0.148693827043924,0.119185295118021,0.178958975984952,0.134477852251723,0.10346634260467,0.167145079216568,6.77524102800557,6.43397335912593,7.33743011363514,6.193,6,7,NA,NA,NA,6.348,6,7,6.035,6,6,10.536,9,12
2023-11-05,0.190144042052849,0.152739645583569,0.230684638470393,0.191485743560936,0.142766054993913,0.244666691082116,NA,NA,NA,0.29249857764519,0.209616636479066,0.374789965762772,0.221052960251616,0.136151409113314,0.309697774544917,0.0493943664842866,0.0221974487287844,0.085621034698813,0.577690102349625,0.533405154938424,0.622624536265646,1.00212244530537e-08,1.3520831066076e-12,6.83634839803619e-09,0.138745999001075,0.109620972726816,0.168049175517584,0.148959325234047,0.119228717003316,0.179354068109194,0.134604563394028,0.103367648924598,0.167427638701757,6.88990625302819,6.46533218145128,7.4465562634592,6.331,6,7,NA,NA,NA,6.406,6,7,6.13,6,7,10.624,10,12
2023-11-06,0.183490208741689,0.14678420421858,0.223179816892564,0.185220694873766,0.138838067014841,0.235181360237602,NA,NA,NA,0.277460992150135,0.200613150252821,0.353362556933152,0.216923305314815,0.138421291621533,0.301024045087924,0.0468276534042914,0.0217520734334237,0.0811150948226766,0.577191922522122,0.532646014748332,0.622339126527207,1.06589587936884e-08,1.4201565091229e-12,7.24596386466167e-09,0.138812986272147,0.109502575264097,0.168275678036489,0.149259714181045,0.119358795486079,0.179742071444254,0.134735366365728,0.103268957020064,0.167807975215118,6.97567106667121,6.49842306397265,7.48909519739929,6.431,6,7,NA,NA,NA,6.478,6,7,6.195,6,7,10.684,10,12
2023-11-07,0.184926649660877,0.149544825508096,0.222427895847851,0.187018010758379,0.141935304591826,0.234518903802538,NA,NA,NA,0.274085907168905,0.200530890229612,0.345843579547071,0.223067567640957,0.144909069633183,0.304135141462197,0.0465296295006521,0.0219019580065403,0.0781805043706135,0.576720547369261,0.532049257940959,0.622060207734211,1.12336336492077e-08,1.51944355240857e-12,7.70625262979544e-09,0.138878200799119,0.109392648105651,0.168493360616726,0.149551828228727,0.119509113456568,0.180137849744572,0.13484941236926,0.103255010885814,0.168199611320256,6.99893384341938,6.5157785373788,7.51532292809969,6.457,6,7,NA,NA,NA,6.533,6,7,6.177,6,7,10.71,10,12
2023-11-08,0.195531231901506,0.160361746874139,0.232000396037201,0.197820011659621,0.152408993324154,0.246601200607532,NA,NA,NA,0.286456301692771,0.21066148538945,0.354970593371204,0.239048963285245,0.15928026058913,0.321713935331361,0.0487948085215377,0.023053708008537,0.0818047618596547,0.576352497780388,0.531616228268472,0.621847636864418,1.17684258255691e-08,1.64390209251548e-12,8.1506843531202e-09,0.138930192661956,0.109304620052588,0.168665711195916,0.149784408622973,0.119599156856963,0.180714583598639,0.134932889166257,0.103201838604679,0.168351605575515,6.98142308392777,6.51561029445023,7.49637719090428,6.43,6,7,NA,NA,NA,6.543,6,7,6.141,6,7,10.718,10,12
2023-11-09,0.204262697548476,0.168727845394078,0.242712677631066,0.206615278016946,0.159652180663926,0.256845545361504,NA,NA,NA,0.298076162589062,0.221638001139274,0.371471969949239,0.251157299081506,0.169130758400357,0.336487270385623,0.0507590591087978,0.0239585662668675,0.0847188012735459,0.576115877837197,0.531266642270433,0.621723554673303,1.28278796020944e-08,1.67324550930415e-12,8.58715697323061e-09,0.138965146843923,0.109243653512988,0.16878223492541,0.149940503701229,0.119658574648615,0.180956149305714,0.134978458789772,0.103170536892065,0.168449015917684,6.95529364916279,6.4998578093723,7.48612609119189,6.397,6,7,NA,NA,NA,6.517,6,7,6.116,6,7,10.721,10,12
2023-11-10,0.206754566709396,0.170187884756118,0.246409807388979,0.209212088241777,0.161933831572366,0.260093776066893,NA,NA,NA,0.300818191897268,0.224143651219844,0.376951323016193,0.254853310609523,0.171254813108945,0.342700728229954,0.0512621222733217,0.0243084412586363,0.0847486844385035,0.576029653454488,0.531143482043804,0.62171311500404,1.37184128361295e-08,1.7982653552167e-12,9.1126285259857e-09,0.138979468114016,0.109216192613901,0.168830380248101,0.150004221178388,0.119681374801666,0.181049406816846,0.134986643534694,0.103141725992186,0.168500354521623,6.94384732650442,6.49675909164711,7.47627885739219,6.382,6,7,NA,NA,NA,6.497,6,7,6.107,6,7,10.731,10,12
2023-11-11,0.20731639274254,0.170724687886436,0.246367488184535,0.210021339918669,0.162611565789741,0.260159922327285,NA,NA,NA,0.300010555158726,0.223316544331412,0.375245077151082,0.256165805096566,0.172458509481071,0.343988434150943,0.0513367028287777,0.0242231031070068,0.0848116267497524,0.57606290182301,0.531197147260003,0.621737045167974,1.46711264004643e-08,1.97029823740431e-12,9.84884570013462e-09,0.138976114220385,0.109219189026036,0.168820408221812,0.149988736095334,0.119673723334523,0.181025094976316,0.134972233190146,0.103141368096184,0.168467925033234,6.95269428889483,6.49722766427072,7.48396847876445,6.391,6,7,NA,NA,NA,6.494,6,7,6.114,6,7,10.754,10,12
2023-11-12,0.209935436657461,0.173219918321472,0.249262903318004,0.212998199878472,0.165319133733327,0.263522307707761,NA,NA,NA,0.301546072616837,0.224282183746034,0.37791831794775,0.260197206162958,0.176888756795854,0.348712021028569,0.0520058176082722,0.0245031690994015,0.0857298483061227,0.576145066053306,0.531321262651509,0.621798350605328,1.51826439924841e-08,2.19159540354617e-12,1.04174196808639e-08,0.13896625668553,0.109232941006387,0.168790452286208,0.149943774239328,0.11965474115405,0.180957820862656,0.134944887839193,0.103154405972268,0.16839751085719,6.95851305876328,6.50051511075025,7.48603774130034,6.396,6,7,NA,NA,NA,6.495,6,7,6.116,6,7,10.771,10,12
2023-11-13,0.212771674063173,0.175959690275709,0.251951597621026,0.216242594302936,0.168346161564925,0.266868637864354,NA,NA,NA,0.303021498208911,0.225684101506398,0.378917467000274,0.264478625753154,0.18099713167642,0.355118157063896,0.0528908390253619,0.0248913875218942,0.0876683911609498,0.576291549721545,0.53153563657248,0.621993149525668,1.54593168911697e-08,2.45730561273619e-12,1.0901792677332e-08,0.138950317025681,0.109253460883143,0.168741370048461,0.149871134899269,0.11962364962387,0.180861464318348,0.134886982894188,0.10316645189533,0.168257604428518,6.95958532357857,6.50031110940997,7.48778263028279,6.398,6,7,NA,NA,NA,6.491,6,7,6.108,6,7,10.785,10,12
2023-11-14,0.215893555907188,0.178934393575798,0.255330421926619,0.219954715618737,0.171943060200513,0.27077053883147,NA,NA,NA,0.304597059233867,0.227609922836428,0.381269294655775,0.268454700440023,0.184769129454215,0.360322928809897,0.0540805993074701,0.0258051178817086,0.0901265920599584,0.576622281141074,0.532036390576033,0.62229583782074,1.61298451275363e-08,2.7306442269403e-12,1.15987284879551e-08,0.138912147058979,0.109306908390356,0.16861309616517,0.149698737477757,0.119551722840654,0.18055846359624,0.134766818192345,0.10318366552928,0.168028832951001,6.9511595482388,6.49482473907662,7.48264321524201,6.391,6,7,NA,NA,NA,6.461,6,7,6.101,6,7,10.794,10,12
2023-11-15,0.220504683375009,0.182763605445391,0.26057288247658,0.225589467763407,0.176983813445137,0.276625456255469,NA,NA,NA,0.307073747909175,0.229487638725326,0.384013168797015,0.27361121075908,0.189643629748967,0.36748430670148,0.0558284347756217,0.0266852902948582,0.0923193929027383,0.577238249837478,0.532977458502675,0.622542103331027,1.70154973191424e-08,3.02421250790658e-12,1.24352023587475e-08,0.138835361065249,0.109432937838401,0.16835243372075,0.149353685241005,0.119342957513713,0.179891146152606,0.134572686840771,0.103278052393915,0.167472120764765,6.94970167790037,6.4930856858601,7.48401413982506,6.397,6,7,NA,NA,NA,6.44,6,7,6.107,6,7,10.776,10,12
2023-11-16,0.226919020324259,0.188513254623836,0.267835357666525,0.233577397723382,0.184626022958562,0.285959152885566,NA,NA,NA,0.309455145269627,0.231635506491524,0.386370792429585,0.281431196100724,0.198610740015052,0.372684796302749,0.0580216046895036,0.0277578071237457,0.0960652882314987,0.578088619294001,0.534224198567733,0.622702814777341,1.77648360655204e-08,3.36832752519503e-12,1.32424796536867e-08,0.138721610604637,0.109757859535547,0.167965139578372,0.148843854580678,0.11920311188908,0.179210743129409,0.134345897755848,0.103453933722742,0.166840837344606,6.97452453073685,6.51183375917029,7.48556358289613,6.443,6,7,NA,NA,NA,6.431,6,7,6.141,6,7,10.742,10,12
2023-11-17,0.235552229508627,0.196776442749189,0.276460015676342,0.24411640638123,0.192541847233772,0.296900680961469,NA,NA,NA,0.311969435261016,0.232169800701536,0.387335046826706,0.293870454885027,0.210661152330964,0.380221079321438,0.0605550049194959,0.0287978547480414,0.100492285562887,0.578901240021512,0.535501257168432,0.622867415077652,1.86181067681777e-08,3.75919301822185e-12,1.41422602719074e-08,0.138606174851101,0.109925287971317,0.167574809732535,0.148326953643512,0.119056425904423,0.178239499121987,0.134165612865768,0.10363212600801,0.166375746692958,6.9851788900983,6.50745444738598,7.48946789344701,6.462,6,7,NA,NA,NA,6.447,6,7,6.174,6,7,10.694,10,12
2023-11-18,0.245668603695723,0.203848104112563,0.287519092700369,0.256011330263899,0.200248437922607,0.312603318272966,NA,NA,NA,0.314924278420558,0.232691899156183,0.39240396364806,0.310575254034248,0.222986833074435,0.398227577744807,0.0631965447504641,0.0299906943059419,0.105600915199566,0.579386869112377,0.536162788445318,0.622959916895361,1.93865495717022e-08,4.20208079744791e-12,1.50401923002805e-08,0.138533394412488,0.110006794072624,0.167320126828086,0.148001279736124,0.11905079027272,0.177784288298163,0.134078437352462,0.103670783674905,0.166166500676999,6.95454131405305,6.49441248270442,7.46686533077797,6.426,6,7,NA,NA,NA,6.443,6,7,6.169,6,7,10.631,10,12
2023-11-19,0.255818526789732,0.210256961910835,0.300552821400799,0.267513447341505,0.205701787947565,0.329918155680209,NA,NA,NA,0.318393705926895,0.2296018799382,0.40249096809613,0.328696418574694,0.236335449958662,0.422948530017601,0.0657095947875623,0.0296176732097734,0.111135917383133,0.57951324669863,0.536345009563378,0.622990737351902,1.92841965337607e-08,4.79658219848413e-12,1.5625468987688e-08,0.138511105286209,0.110030221041219,0.167242083418089,0.147901925734936,0.11904948406301,0.177672784818027,0.134073702996028,0.103686904069577,0.166153696026631,6.9058807333219,6.47393060948892,7.44742937406224,6.366,6,7,NA,NA,NA,6.432,6,7,6.133,6,7,10.577,10,12
2023-11-20,0.26446169030951,0.21426307497798,0.312514028230144,0.277096077928436,0.210063485144649,0.34726468880215,NA,NA,NA,0.321620607893649,0.22368752708623,0.414404736214329,0.344698442424154,0.243158142235697,0.446378277367503,0.0678838980116193,0.0282631782199925,0.118147886618917,0.579396453039057,0.536173620762173,0.622977664761587,1.92497111944608e-08,5.59108545913222e-12,1.66960452901958e-08,0.138523886720524,0.110013445858943,0.167292112630114,0.147959623906697,0.119051084075984,0.177759230505485,0.13412001708401,0.103696738965592,0.166261746939357,6.88027599238109,6.4634863428135,7.42637274570609,6.337,6,7,NA,NA,NA,6.416,6,7,6.113,6,7,10.55,9,12
2023-11-21,0.269590585542595,0.213147601097233,0.324599371142651,0.282856196514471,0.209039616356923,0.360934999064798,NA,NA,NA,0.321486658764572,0.217438758371093,0.424634348437659,0.355684355764777,0.247009916837597,0.463520255904217,0.0693028636688385,0.0260088644611562,0.125934126622248,0.579160172556082,0.535827353827114,0.622940131911276,1.89500433246934e-08,6.74801875115158e-12,1.73129769033093e-08,0.13855532070857,0.109976172083577,0.167408983567644,0.148100772909513,0.119054053968882,0.17794608589499,0.134183714875791,0.103687288471322,0.166412475593168,6.87406933817947,6.4622920456011,7.42642983892883,6.33,6,7,NA,NA,NA,6.402,6,7,6.112,6,7,10.547,9,12
2023-11-22,0.271799892394634,0.208248519376214,0.335248260238969,0.285599205841809,0.201547062454928,0.372314096702404,NA,NA,NA,0.317406296220746,0.205589578052154,0.429655841554411,0.362949311272473,0.245479445431904,0.48239238252429,0.0700884208039006,0.0242029143874151,0.13151391778703,0.578925334080829,0.535443864279711,0.622901720796089,1.99387404310456e-08,7.50627392313111e-12,1.85174502226136e-08,0.138587639904991,0.109938371078379,0.167519191643015,0.148245711994523,0.119056885124616,0.178135178630646,0.134241294080917,0.103635434851793,0.166548469912827,6.87463158090686,6.46321769002418,7.42966647262899,6.33,6,7,NA,NA,NA,6.398,6,7,6.107,6,7,10.56,9,12
2023-11-23,0.274321116347845,0.204921303031102,0.347079139520842,0.288669778975629,0.194618202862543,0.387281384236637,NA,NA,NA,0.313642493914764,0.190662192929974,0.436673945146765,0.370621324598416,0.245016702905665,0.500399726807431,0.0709857892927872,0.0225603558842947,0.135805126910922,0.57873809894343,0.53515019263906,0.622869735047747,2.1779338318675e-08,7.98887876714832e-12,1.99258101611303e-08,0.138613782111513,0.109907943722512,0.167608065525743,0.148362671033421,0.119061798583922,0.178286061953207,0.134285426132297,0.103593956196628,0.166649184892912,6.8586775154769,6.45767106284831,7.40962085048965,6.306,6,7,NA,NA,NA,6.392,6,7,6.09,6,6,10.572,10,12
2023-11-24,0.273954957109819,0.197859037014559,0.355094302474578,0.288607825837273,0.187026163911414,0.393527062988367,NA,NA,NA,0.308048086551823,0.178704689786282,0.440182345240171,0.373379089315692,0.239858777497602,0.516070113821096,0.0711697283217649,0.0211245669015687,0.13738677582064,0.578611355533518,0.534976379925939,0.622843864521629,2.30975002123899e-08,8.84997772942328e-12,2.14359943590211e-08,0.138632967169979,0.109886425265587,0.167673710387837,0.148448097335649,0.119088443063998,0.178460365392448,0.134307556863354,0.103565652238262,0.166695483380469,6.8427415008885,6.4560862644006,7.40340667885724,6.277,6,7,NA,NA,NA,6.398,6,7,6.076,6,6,10.589,10,12
2023-11-25,0.269971308887936,0.185273611919868,0.358252644014226,0.284679311469294,0.176101240886874,0.396602268451883,NA,NA,NA,0.30032196863513,0.16620528764376,0.438729809944296,0.369609630968959,0.233212597072798,0.522140896833725,0.07045248327199,0.0205400425690088,0.138480619333188,0.578598095350364,0.534998265849219,0.622832810695075,2.45375800317926e-08,9.80381803232356e-12,2.30972928557361e-08,0.138638263942006,0.109882007843456,0.167692028600436,0.148470925601473,0.119092389326434,0.178541304310944,0.134292690568578,0.103562196839006,0.166652307251279,6.83990047653216,6.46202126573318,7.40728682796627,6.266,6,7,NA,NA,NA,6.405,6,7,6.068,6,6,10.615,10,12
2023-11-26,0.261283478584331,0.165628834077909,0.356626869481773,0.275838638364054,0.16067047881162,0.392169554049186,NA,NA,NA,0.288605690896191,0.147887984256288,0.434386687759645,0.358045237617455,0.207541299290219,0.517064608485479,0.0685389580679013,0.0193303962744133,0.137915210415462,0.578756260019207,0.5352448331148,0.622846176133893,2.6148727035187e-08,1.09514448632136e-11,2.47031337223939e-08,0.138621581210824,0.109904142750248,0.167635740999536,0.14839494656027,0.119061784944764,0.17839327282345,0.134227186060972,0.103596585851664,0.166495978742603,6.83283188735923,6.46104802617152,7.39978507423972,6.251,6,7,NA,NA,NA,6.403,6,7,6.058,6,6,10.64,10,12
2023-11-27,0.261691539935439,0.164497317860967,0.356964131927073,0.276648317498187,0.1593334700565,0.393397140289514,NA,NA,NA,0.287682283300275,0.145609813092092,0.435749307943141,0.358086348201742,0.204886056239069,0.520103918512738,0.0688975499015866,0.0197922009414755,0.137605846745991,0.579122429999597,0.535805658041199,0.622893216848521,2.77459048261556e-08,1.22927155747209e-11,2.64198704351631e-08,0.138576998775722,0.109959369494645,0.167483986654124,0.148193879227994,0.119053597613044,0.17800189112799,0.134106664250782,0.103653694445119,0.166223035410415,6.8219467367664,6.45726989589729,7.38688349657612,6.234,6,7,NA,NA,NA,6.406,6,7,6.048,6,6,10.644,10,12
2023-11-28,0.260030487835239,0.160591429238723,0.357047103316424,0.275302264993746,0.155415222880278,0.392927240690653,NA,NA,NA,0.285457195150578,0.143642630838472,0.434793199391116,0.35438923035639,0.200317123328959,0.52101529683175,0.0686130095911881,0.0201626230804403,0.135470570833038,0.579673458250615,0.536570407205435,0.622998321486598,2.97250613684788e-08,1.36457729513860e-11,2.86069809517345e-08,0.138504849828569,0.110045489941157,0.167220860491887,0.147869456498465,0.119046516754914,0.177538083662013,0.13395220569729,0.103649371581781,0.165851972616174,6.81268480302359,6.44755162098181,7.37713920243034,6.223,6,7,NA,NA,NA,6.412,6,7,6.043,6,6,10.627,10,12
2023-11-29,0.258054848621805,0.157857651353834,0.353886214902456,0.273498309909775,0.151338864566183,0.390084362504376,NA,NA,NA,0.284309977760582,0.143245015802961,0.431446040026834,0.349551076603797,0.195879540534626,0.514849155115093,0.0681450003169571,0.0208048252658428,0.132740958337592,0.580265103284508,0.537311396736021,0.6234465622621,3.16826690318678e-08,1.54714818326969e-11,3.10115686923321e-08,0.138423865395653,0.110142045143626,0.166816535277085,0.147505461069301,0.119042919964517,0.176807261207925,0.133805538567869,0.103655420262329,0.165482165012635,6.78577130435688,6.44104176484614,7.33440708569159,6.189,6,7,NA,NA,NA,6.408,6,7,6.035,6,6,10.588,10,12
2023-11-30,0.260152516324116,0.161461139193049,0.352483562188585,0.275802680512852,0.157542991170256,0.387021398693441,NA,NA,NA,0.289011794380671,0.152865957970128,0.429383760479084,0.349743326274927,0.200143756006769,0.506407107399192,0.0687668811025223,0.0221394882731476,0.132842320061559,0.580752334037503,0.537889971758136,0.623770518568293,3.27775651520331e-08,1.75576008378007e-11,3.28936762622279e-08,0.138357310023377,0.110298933233941,0.166408370933145,0.147205941939131,0.118864739835089,0.176190447386411,0.133684381222424,0.103715415213783,0.16517725620669,6.76734468854148,6.43637512345343,7.30532201097595,6.172,6,7,NA,NA,NA,6.395,6,7,6.029,6,6,10.549,10,12
2023-12-01,0.261273503905567,0.165022437220027,0.350838884373042,0.27702964940383,0.163510253337467,0.383820766413166,NA,NA,NA,0.292871136772423,0.162510667717149,0.427924764386605,0.348336437579989,0.206290495892816,0.500686622106917,0.0693525349733389,0.0234972398684117,0.131417110649188,0.581171594835165,0.538513884066026,0.623883698809767,3.41695451984396e-08,1.99904379914269e-11,3.50438947612826e-08,0.138302542197698,0.110410891661133,0.166062710324304,0.146959111815516,0.118798267921088,0.175784636575954,0.133566716982076,0.103795582301145,0.165020560144981,6.75989446781083,6.43505673848304,7.29525980765255,6.173,6,7,NA,NA,NA,6.366,6,7,6.029,6,6,10.526,10,12
2023-12-02,0.267250341320927,0.179687940218914,0.349888002236205,0.283577747213053,0.178185460305617,0.386461332044984,NA,NA,NA,0.300859162993807,0.177703078461416,0.42902395049453,0.353649210113341,0.219097967161902,0.494839984739407,0.0714812492716859,0.0258653488288515,0.133564512815268,0.581642856457183,0.539275186659078,0.624157204516001,3.64016826490525e-08,2.2736315072461e-11,3.80449280539746e-08,0.138241467266534,0.110472706492233,0.165974672621792,0.146683972170084,0.118847392547726,0.175368589845155,0.133431667704516,0.103890822416747,0.164856370870397,6.75529187454478,6.42854759930465,7.29791075847281,6.177,6,7,NA,NA,NA,6.34,6,7,6.032,6,6,10.5,10,12
2023-12-03,0.277482148141993,0.197114719306381,0.35386656943331,0.294876010330433,0.198306847172399,0.391122575571505,NA,NA,NA,0.311538885159695,0.195366961191287,0.43276400938603,0.36539438115034,0.239139218229988,0.498067180066787,0.0749330419671533,0.0272213070031539,0.138556223426389,0.582178442799917,0.540047847718242,0.624414419923149,3.88654662872352e-08,2.59182369484336e-11,4.13388801653133e-08,0.138170077120806,0.110600122778761,0.165875843305749,0.146362784992982,0.118912334189456,0.175025337954501,0.133288656220828,0.104005624307604,0.164680952747743,6.74018984850307,6.42101007333967,7.26659646729175,6.169,6,7,NA,NA,NA,6.307,6,7,6.027,6,6,10.463,9,11
2023-12-04,0.286836875740655,0.210302867949001,0.361077582744173,0.305376465331437,0.213008452373922,0.400711068160515,NA,NA,NA,0.319299053452719,0.202562085735888,0.438177117890911,0.377189811765572,0.253626462763265,0.507704227682721,0.0782239918634513,0.0278103611489214,0.141357746044362,0.582678159764488,0.540768970575109,0.624556237621193,3.99994616063218e-08,2.960269087966e-11,4.36270531264509e-08,0.138099898421489,0.110659017206142,0.165782565227279,0.146047582825438,0.118820030170435,0.174454685403493,0.133174318989123,0.104094172113107,0.164534940953982,6.71816094680407,6.4127141908425,7.23106572014478,6.153,6,7,NA,NA,NA,6.267,6,7,6.023,6,6,10.416,9,11
2023-12-05,0.29410485041285,0.218547260598093,0.36905108453683,0.313592213783604,0.218921153732542,0.412687500768234,NA,NA,NA,0.323556655544983,0.202431206819193,0.444292540337405,0.387701677220416,0.262505286350547,0.520064378844933,0.080903701684926,0.0271339972825036,0.151863607258653,0.582970287053006,0.54122313118148,0.624591537338216,4.16081633847128e-08,3.42087103034373e-11,4.71210275734798e-08,0.138054153803367,0.110732960980871,0.165704780869863,0.145842518842093,0.118711890236407,0.174142106032748,0.13313299869337,0.104116235780607,0.164472409636912,6.70740104686555,6.40726532296222,7.21809807120155,6.146,6,7,NA,NA,NA,6.255,6,7,6.025,6,6,10.378,9,11
2023-12-06,0.298821503468707,0.220987620897825,0.378962924908628,0.318866157798623,0.21797013861267,0.422069470813927,NA,NA,NA,0.324580867718478,0.195151139289691,0.452873989388882,0.396224086820022,0.268170359099946,0.533284599102535,0.0828394221414269,0.0261713360266382,0.157505888247803,0.582929766627173,0.541214642905042,0.624551319187814,4.23388839284556e-08,4.1048269496552e-11,5.05002235931095e-08,0.138054494207366,0.110727600923713,0.165709559410396,0.145844425992655,0.118709577904255,0.174222113375388,0.133171270833922,0.104122233845634,0.16451656397704,6.70281824980293,6.40317568441238,7.21741715743022,6.144,6,7,NA,NA,NA,6.255,6,7,6.022,6,6,10.356,9,11
2023-12-07,0.300245592010124,0.216162483755402,0.387741838199289,0.320472192466841,0.213149266425597,0.432620718032285,NA,NA,NA,0.321910788813583,0.183029873167396,0.459970104256995,0.401114171235506,0.266114281439499,0.544985422320763,0.0838623519593204,0.0241847775652737,0.162922882090606,0.58267173714664,0.540866963019098,0.624481726790077,4.39635645767746e-08,4.83398687245739e-11,5.44666842342591e-08,0.138089001040507,0.110690472419023,0.165774757324399,0.145999453855934,0.118758880524635,0.174536214852843,0.133239763993355,0.104109002713774,0.164602867794778,6.70220251448027,6.40334994437522,7.21805022143401,6.141,6,7,NA,NA,NA,6.251,6,7,6.023,6,6,10.364,9,11
2023-12-08,0.297772537627754,0.206761754638393,0.391456029881925,0.317928469092695,0.203957693055776,0.437351216850652,NA,NA,NA,0.315309744761462,0.16787511291249,0.463944075994288,0.400511159177404,0.255569258614342,0.549895492966321,0.0838060161518427,0.0227666972039206,0.16886394820339,0.582443990080756,0.540530686990247,0.624426580025067,4.7554491422415e-08,5.41528411838854e-11,5.96406945991596e-08,0.138122646956451,0.110646227487898,0.165817105139895,0.146150130828231,0.118861255957037,0.174792055272622,0.133283184580071,0.104057409423762,0.164660166253233,6.70750242091944,6.40937214061218,7.22034159902591,6.142,6,7,NA,NA,NA,6.26,6,7,6.024,6,6,10.389,9,11
2023-12-09,0.291393487529791,0.189157681450632,0.393047002236851,0.311279679105414,0.188260809151851,0.440564589843403,NA,NA,NA,0.30547674399423,0.151391027772649,0.464149702107686,0.393577280228361,0.24119457520413,0.555825436545486,0.0826257215552818,0.0211828379507044,0.171864531985258,0.582385565775683,0.540419045136889,0.624427166466083,5.19541849735793e-08,5.99019295682677e-11,6.49151406344988e-08,0.138133978503997,0.110639138038561,0.165827853797141,0.146200144179968,0.118903609482846,0.174835014130898,0.133280259586167,0.104041678544206,0.16466104529475,6.70887286439571,6.41389687180244,7.21743360104176,6.138,6,7,NA,NA,NA,6.265,6,7,6.022,6,6,10.415,9,11
2023-12-10,0.284714331920242,0.176093060682956,0.392342545977781,0.304342341406599,0.172603164150685,0.439319921640973,NA,NA,NA,0.29638709654819,0.138485397968534,0.460423268098554,0.385160778018032,0.22272997690973,0.556922669469863,0.0813051379998232,0.0189682014883154,0.173702163986504,0.582489758006022,0.54053567460792,0.624470549669948,5.46908017901572e-08,7.00388634863609e-11,7.01673515736098e-08,0.138122247869951,0.110643660009525,0.165806680621915,0.146146139915581,0.11887956186806,0.174678007800686,0.133241799517645,0.104066757485787,0.164616298843813,6.71056297711327,6.41632120388219,7.20853507353362,6.132,6,7,NA,NA,NA,6.284,6,7,6.022,6,6,10.435,9,11
2023-12-11,0.2781605392049,0.160976328638278,0.391157800439195,0.297535639246486,0.157285487486706,0.438947423385649,NA,NA,NA,0.288175405547046,0.127711173838263,0.459422067116159,0.376272841705371,0.209754495547933,0.554675939962988,0.0799869705488299,0.0178909130192538,0.170398135061605,0.58268316152454,0.540773322720344,0.62453690726731,5.91176887384516e-08,7.92587245294857e-11,7.59603820453574e-08,0.138098166075174,0.110659557911721,0.165765852204658,0.146035821691891,0.118814875944124,0.174395709125429,0.133182791590707,0.104097357071464,0.164544751034635,6.71785567738232,6.41990506523369,7.22052258180315,6.133,6,7,NA,NA,NA,6.302,6,7,6.02,6,6,10.473,9,12
2023-12-12,0.277192410376971,0.156206157405573,0.391569024845173,0.296693101246269,0.15368797420717,0.439099248090479,NA,NA,NA,0.286202383991681,0.124685279575708,0.460575264082575,0.374422500037947,0.204588272602642,0.556635178221355,0.080354534898484,0.018111338861244,0.170247192778647,0.582957711905822,0.541092152347894,0.624632984806212,6.42268545350055e-08,9.00747303657997e-11,8.25356215433659e-08,0.138067076038767,0.110700620563368,0.165707970939955,0.145892461242098,0.118714979852674,0.173968113783668,0.133082686586459,0.104101154559654,0.164421983819216,6.73337607014347,6.42372277314543,7.26136090716482,6.144,6,7,NA,NA,NA,6.32,6,7,6.026,6,6,10.519,10,12
2023-12-13,0.275509845597837,0.150841096593588,0.392355606207065,0.295227604919009,0.150769402737655,0.440319072062281,NA,NA,NA,0.283493975726904,0.120190207485796,0.455525208430515,0.370577622507334,0.189293886258157,0.555270024171821,0.0809126561475825,0.0190496106994702,0.169506925751502,0.583505657235163,0.541927085481304,0.624827422921838,6.94697521088525e-08,1.01611598512973e-10,9.04039564946972e-08,0.138006424303025,0.110724489775945,0.165399360037746,0.145614013130821,0.118624676148642,0.173589131775078,0.132873835861238,0.104107453565578,0.164160929948351,6.76845288394859,6.43705995691794,7.32969249295266,6.177,6,7,NA,NA,NA,6.357,6,7,6.034,6,6,10.595,10,12
2023-12-14,0.278484855909278,0.15242206838507,0.396979527247632,0.299092120878222,0.153607862841238,0.442979012289414,NA,NA,NA,0.285050795776038,0.122760153941433,0.455698324795109,0.371376407151842,0.187968705215232,0.555829589388119,0.0834507709819262,0.021482644145339,0.171923660490112,0.58463600933464,0.54386160801978,0.625321017468032,7.49423368923639e-08,1.16411247589838e-10,9.82217104204216e-08,0.137874256386707,0.11096019006611,0.164964399321117,0.145011159941242,0.118389293951055,0.172759258494017,0.132478499395074,0.104057479228061,0.162907676963616,6.80755623457551,6.44648694636156,7.36260421223375,6.226,6,7,NA,NA,NA,6.409,6,7,6.039,6,6,10.626,10,12
2023-12-15,0.287230837420165,0.160246250154629,0.402642925782235,0.309577473288279,0.164967118626405,0.450013014709893,NA,NA,NA,0.29196330141663,0.129958799814843,0.459595216619207,0.377605054031726,0.199945079738338,0.557083101280594,0.0885759778725577,0.0264183221833729,0.175735921900113,0.586578492934861,0.546718037763405,0.62643742510656,8.07292963413077e-08,1.34377894595978e-10,1.06902808236091e-07,0.137637783841923,0.111325590284379,0.163998860986935,0.143935510547847,0.118139540620769,0.170953526986109,0.131848131946072,0.104031758471813,0.161182447838165,6.79961590359782,6.4462382586908,7.35649302853365,6.222,6,7,NA,NA,NA,6.418,6,7,6.034,6,6,10.598,10,12
2023-12-16,0.3001575637535,0.172803829433273,0.412099731634445,0.324957848992646,0.180003185353433,0.460421890772611,NA,NA,NA,0.302832938216544,0.147126251530197,0.462298064628488,0.386582165242273,0.218101847484068,0.557836882610941,0.0961110307826979,0.0326512752075417,0.181601210932921,0.589402992458765,0.551553948057915,0.627149577661632,8.66551558929996e-08,1.56648682597291e-10,1.17040885683685e-07,0.137284267644703,0.112059976548795,0.16305477304843,0.142328702094743,0.117758093820025,0.168102412314289,0.130983951146634,0.104037693780729,0.159232638984156,6.74095155647209,6.43089013914384,7.27066782167672,6.169,6,7,NA,NA,NA,6.387,6,7,6.016,6,6,10.469,10,11
2023-12-17,0.316162928417922,0.186487983006382,0.425492030738165,0.343968362244934,0.196312320606285,0.470996371746348,NA,NA,NA,0.316309265758358,0.161166683660288,0.466624353489578,0.397269960340608,0.230715882613199,0.559273493857089,0.105705561492322,0.0396910341237113,0.189340075036572,0.592958685463606,0.556984053663026,0.629610386690416,9.14456665711392e-08,1.88001410928014e-10,1.27655765081709e-07,0.136827998696072,0.112668411058602,0.161494536725567,0.140254343671193,0.117135554254585,0.164336071474759,0.129958880723462,0.104044018718653,0.157268275191444,6.63612990799516,6.39490093308168,6.9143256100564,6.075,6,6,NA,NA,NA,6.278,6,7,5.991,6,6,10.263,9,11
2023-12-18,0.342548027287274,0.220293087178665,0.442538991190454,0.374429390006861,0.235190629179556,0.491024657337323,NA,NA,NA,0.339260745029772,0.194561742635704,0.476001467408074,0.420384621437765,0.26700868624601,0.563438706117978,0.119114802571236,0.0510546946976672,0.202215336317077,0.596772762733396,0.56289971902708,0.631685408707354,9.62330616671099e-08,2.27843369288679e-10,1.40279606047224e-07,0.136325167300574,0.113389087808081,0.15941962246233,0.137966631640667,0.116179615226861,0.160390948940727,0.128935342092301,0.104199132600723,0.155216036482077,6.54117374768549,6.35788592988302,6.73494822789566,6.015,6,6,NA,NA,NA,6.14,6,7,5.959,6,6,10.021,9,11
2023-12-19,0.385965305331562,0.295914677031242,0.464141414183037,0.423483502277176,0.320678093645707,0.517136079898936,NA,NA,NA,0.37863820359973,0.262034714153081,0.495219149002871,0.465467322278748,0.346100284597669,0.582284649663559,0.137619962933607,0.0662333183688508,0.223929133339308,0.600072874734905,0.567710012127729,0.633186308940514,9.64005715809436e-08,2.96265423111808e-10,1.55228556889859e-07,0.13587369166019,0.113924982915921,0.157710411148144,0.13591170115633,0.115610470325877,0.157106423108959,0.128141636048004,0.104338892534506,0.153483026053223,6.47153698189329,6.31616901652248,6.6420240562045,5.998,6,6,NA,NA,NA,6.037,6,6,5.9,5,6,9.752,9,11
2023-12-20,0.419377384795853,0.352986075518384,0.482232436344014,0.461203507388536,0.382923410476398,0.537921164407417,NA,NA,NA,0.40919672452306,0.300887271675282,0.508494821810974,0.501483221670665,0.405158134063614,0.599767820285928,0.150490998128676,0.0753352732117243,0.236071400357207,0.602018224987871,0.570666805602076,0.63421974876006,9.15965012027423e-08,3.942058860587e-10,1.66724019813337e-07,0.135587607825623,0.114119080272392,0.156595609655221,0.134611335051067,0.115103971045664,0.154997651846432,0.127782740538938,0.104183247632456,0.152651117317327,6.4010025411523,6.22862545206244,6.60246581248921,5.972,6,6,NA,NA,NA,6.006,6,6,5.752,5,6,9.52,9,10
2023-12-21,0.439934080921631,0.380702855275192,0.495424374907283,0.484110266622803,0.411833025260891,0.557356326253037,NA,NA,NA,0.42894069375539,0.320962640519177,0.527706386195238,0.527048948756136,0.43811104050921,0.616484854929008,0.156005880754997,0.0753444527912891,0.248021352163312,0.602097485100826,0.570688824386823,0.634368354877831,7.80036486038858e-08,6.86389874972171e-10,1.68825436201321e-07,0.135545896202624,0.114245783146741,0.156386663320089,0.134427538931859,0.114890686233006,0.154738484212914,0.127929001761042,0.104268862909974,0.152928101159428,6.32990690393201,6.11587511823584,6.56882310919696,5.911,6,6,NA,NA,NA,5.976,6,6,5.621,5,6,9.418,9,10
2023-12-22,0.4402917366422,0.377744788788235,0.496976923573983,0.484046354962015,0.405127544408836,0.56090440796345,NA,NA,NA,0.430193238267711,0.312254039467329,0.53765786511385,0.533236564731426,0.438243054903713,0.628931440556791,0.152500242683192,0.0686601894082965,0.250430705353669,0.600539353756287,0.568632865773626,0.633884281763325,7.88683195329442e-08,8.99998194160111e-10,1.84544874855511e-07,0.135730785924466,0.113877232246889,0.157064926318369,0.135277610186591,0.115386896998238,0.155935548284165,0.128452171264337,0.104365389094433,0.153943731234303,6.31942635468766,5.92319961469669,6.57567477053904,5.894,5,6,NA,NA,NA,5.964,6,6,5.603,5,6,9.433,9,10
2023-12-23,0.428785595607816,0.35845080057657,0.492085436130583,0.470433244609864,0.381991277224873,0.555343115908235,NA,NA,NA,0.420196422315774,0.289042693435306,0.540838599259009,0.527011805674411,0.421237468017952,0.632606232032469,0.144949082988205,0.0604619172148219,0.247586662870167,0.598240846656146,0.565634531808154,0.633093490068109,8.9160463811923e-08,1.00988567303928e-09,2.06120122141293e-07,0.136030021455377,0.113565010308867,0.158408388765825,0.13664534070256,0.115678572208,0.158369139091281,0.129083702025454,0.104242065134737,0.155357876842446,6.38099703731136,6.18148288237421,6.606787914214,5.939,6,6,NA,NA,NA,5.987,6,6,5.697,5,6,9.564,9,10
2023-12-24,0.413284143516352,0.340478573006392,0.482678132766988,0.452422392369414,0.358595564586437,0.544707079202841,NA,NA,NA,0.405836443507631,0.271109838418616,0.537312288241367,0.514113369972611,0.397280089473874,0.628566873219226,0.137843683129061,0.0549858681834054,0.240345930603842,0.596289700845016,0.562659447207446,0.632030523197847,1.07145493554289e-07,1.00180893947679e-09,2.327083796186e-07,0.136299969659291,0.113387345140718,0.159068800014251,0.137873187807402,0.116174264575493,0.160196689484658,0.129537034542798,0.104377085092035,0.156207508423261,6.45295291648368,6.28538514068769,6.65987414097705,5.976,6,6,NA,NA,NA,6.012,6,6,5.803,5,6,9.802,9,11
2023-12-25,0.401074747679512,0.321499019286911,0.474308083662358,0.438437938012008,0.340499976255734,0.532516406679458,NA,NA,NA,0.393848010664699,0.259333743397881,0.525884273950097,0.501022076281258,0.38101249270542,0.619511488122464,0.134487848544751,0.0543660923900554,0.233143351557438,0.595494199273728,0.561735366268987,0.631278934578309,1.27688009398394e-07,1.06754877158108e-09,2.66345229895107e-07,0.136430454184611,0.113350620012264,0.159503331042628,0.138459874678042,0.116470335393941,0.161267739391936,0.12961534417561,0.104286562434644,0.156468074716073,6.50449023916348,6.33072846178603,6.69095943974917,5.993,6,6,NA,NA,NA,6.042,6,6,5.869,5,6,10.019,9,11
2023-12-26,0.394385102116216,0.31412496783154,0.470287989401474,0.431097550665722,0.33342684533735,0.52626651005237,NA,NA,NA,0.386344250288616,0.249956364073736,0.512682198079915,0.48953330689846,0.368311435321742,0.609088712577423,0.135940576103397,0.0583583414750946,0.231590874672583,0.596250408151463,0.562531321212184,0.631552602224809,1.5030096246644e-07,1.14245923599933e-09,3.06354151203736e-07,0.136364436889298,0.113377856618178,0.159428803296543,0.138147749718041,0.116204989732512,0.160727952339891,0.129237254940236,0.104158118510596,0.155910728130844,6.52231970483434,6.34694372268771,6.71825158736509,6.003,6,6,NA,NA,NA,6.061,6,6,5.889,5,6,10.078,9,11
2023-12-27,0.392588193817797,0.305894761284031,0.471783873313438,0.429707738028561,0.323542373775575,0.526442089668394,NA,NA,NA,0.382094982135811,0.250755783199394,0.505604329058919,0.479728465671238,0.355707531667179,0.601912084786914,0.141740022826457,0.0652302268860817,0.237268327198859,0.59861305474485,0.565471398263077,0.632867824293222,1.74671860924108e-07,1.31102920570127e-09,3.48975266083697e-07,0.136087922107038,0.113687686146624,0.158462027825225,0.136874234736862,0.11589933134093,0.158655448773201,0.128424613739388,0.10428101209306,0.154053237655187,6.50467591831631,6.34062410080361,6.67711823098617,6.001,6,6,NA,NA,NA,6.046,6,6,5.889,5,6,9.99,9,11
2023-12-28,0.411181055297351,0.326988454142387,0.486863729657815,0.451126205293196,0.348310874086186,0.541547928329244,NA,NA,NA,0.395389393275066,0.273326067244725,0.511527207052667,0.492888507397688,0.378284008920627,0.607780969997762,0.156261297545222,0.0768773744271753,0.248637520506396,0.602230315651142,0.571014510548243,0.63420076194607,1.96088403964878e-07,1.55836171862275e-09,3.92980471031037e-07,0.135635074331872,0.114124560558267,0.156822082521412,0.134795319343692,0.115257183958021,0.155194679273525,0.12733909458489,0.104009412215756,0.151766087105668,6.46025862226782,6.31290512895627,6.63320638829505,5.991,6,6,NA,NA,NA,6.022,6,6,5.853,5,6,9.786,9,11
2023-12-29,0.440508587993985,0.367200281316065,0.507692345037813,0.484525907412855,0.398650404336232,0.564833277557619,NA,NA,NA,0.41736204202287,0.303305284270887,0.524338943915817,0.519805481731757,0.418718935653035,0.620695252743645,0.174246715868408,0.0900496335490063,0.270779791783138,0.60615953440824,0.576350277199624,0.63643317432263,2.17170484599851e-07,1.87593481400521e-09,4.39785253641662e-07,0.135118657837166,0.115321612727011,0.154882196445406,0.132425935985516,0.113979117274637,0.151309911391637,0.126295654598594,0.103655472585457,0.149563546268935,6.38776840956568,6.22486293605522,6.56964440140817,5.97,6,6,NA,NA,NA,5.996,6,6,5.72,5,6,9.507,9,10
2023-12-30,0.473466941800486,0.409365899493762,0.532508225134475,0.521752223987269,0.449333746729617,0.59451951303285,NA,NA,NA,0.443122244745671,0.332338791573846,0.544076954145628,0.554519036331939,0.466585529055061,0.643858302342276,0.190860516178869,0.0986332043875135,0.293488330924319,0.609058679834862,0.5798208775231,0.638304686300498,2.20915005426419e-07,2.52047640521048e-09,4.78081072908707e-07,0.13471602456463,0.115669256851303,0.153727715446339,0.130579963036747,0.112769939470294,0.147968166276515,0.125645111648757,0.103912682070981,0.147945787909921,6.24397767471837,5.69472396025229,6.50624959401948,5.845,5,6,NA,NA,NA,5.955,6,6,5.462,5,6,9.298,9,10
2023-12-31,0.494740847457712,0.43210514586708,0.553197106563844,0.54571282796122,0.470650588375317,0.618250310735788,NA,NA,NA,0.459835402350565,0.344040985781315,0.569282934765333,0.579959461745523,0.491253641550443,0.66665938943285,0.199324851936258,0.0990461577975637,0.314121656621577,0.610058093607703,0.581135812774891,0.639039707318352,2.12632178684394e-07,3.8958788590668e-09,5.14646997025293e-07,0.134556494967963,0.115889666751093,0.15299070392321,0.129852982183394,0.112136736560159,0.146889971285702,0.125532216608761,0.104001481602935,0.147578814795747,6.03258939466126,5.53212995799373,6.4211774008285,5.592,5,6,NA,NA,NA,5.877,5,6,5.252,5,6,9.151,8,10
2024-01-01,0.499236856532607,0.43267480079843,0.563077599573811,0.55074156538508,0.470715573702242,0.629420419430693,NA,NA,NA,0.462764871660389,0.337853126818462,0.582343962546548,0.589133392727251,0.491136206396864,0.682934248265876,0.198839856342128,0.0929894361822346,0.322843760676616,0.609300893708196,0.580150796427514,0.638616810435223,2.12957407807214e-07,6.45666114708116e-09,5.57585666863647e-07,0.134637640815986,0.115728239096713,0.153596820480063,0.130233617684332,0.112333934696584,0.147416389334134,0.125827634834079,0.104106463115702,0.148208660523466,5.96666077931193,5.50763712373023,6.413816513866,5.507,5,6,NA,NA,NA,5.835,5,6,5.209,5,6,9.124,8,10
2024-01-02,0.487678323695231,0.413840136066641,0.558192025320863,0.537786913089149,0.446010940757984,0.627336538477808,NA,NA,NA,0.451316396088471,0.31714644329026,0.584117517019407,0.580605387782467,0.471959538247919,0.683629838860288,0.191797542388676,0.0812182711732856,0.321385535173671,0.607810508587308,0.578324263368739,0.637747818330918,2.52147092692392e-07,6.8698605683977e-09,6.27171193196009e-07,0.134826485486543,0.115579586137259,0.153869019817019,0.131108355334205,0.113083105999915,0.148778402517246,0.126254398444851,0.103915799649875,0.149412244100878,6.04192110409971,5.53477950815169,6.4401695283703,5.601,5,6,NA,NA,NA,5.854,5,6,5.274,5,6,9.166,8,10
2024-01-03,0.473261433800667,0.387479624960995,0.553830392564851,0.521617667888477,0.41651529884732,0.620830264977817,NA,NA,NA,0.436965798444881,0.289597320739052,0.580848602696705,0.568498914605141,0.447780028127112,0.681431860142476,0.184211319717012,0.0715298659534919,0.32164694078675,0.606421560829384,0.576842362516182,0.636700637124109,3.06407877276542e-07,6.97908695916792e-09,7.66628052698668e-07,0.135001069782758,0.115511021836993,0.154712503297615,0.131916269328866,0.113447820819426,0.150180686280957,0.126660793651114,0.104070984125146,0.15020038886208,6.10848590555069,5.55242593669402,6.47022241423677,5.678,5,6,NA,NA,NA,5.884,5,6,5.343,5,6,9.206,8,10
2024-01-04,0.458347653804511,0.363237227428254,0.549025089110217,0.50484757263439,0.38835699256477,0.617165821554152,NA,NA,NA,0.422220894246322,0.263527821953514,0.580124794818922,0.555977608164862,0.423641784783006,0.681796847915792,0.176423480104616,0.0615762550001275,0.320505029818876,0.604999582007331,0.574716168448118,0.635974256641131,3.6163394448244e-07,8.15094415901016e-09,8.63296349066538e-07,0.135172726288808,0.115227589630787,0.155512987599833,0.1327099001452,0.114261153776274,0.151682253879094,0.127117429924718,0.104026893850217,0.151187502461993,6.13964345184926,5.57538858805116,6.49746488556625,5.711,5,6,NA,NA,NA,5.886,5,6,5.389,5,6,9.233,8,10
2024-01-05,0.450594966595286,0.345529247967784,0.549168951271923,0.495797823504901,0.367444376718746,0.620050577444199,NA,NA,NA,0.41441996272474,0.239819009186905,0.586771572198773,0.553061934545581,0.408727560893099,0.693891908615985,0.170959946779167,0.0527502220832196,0.324219342629337,0.603130871083531,0.572010140793615,0.634976902275433,3.90722623035325e-07,1.13147116689051e-08,9.9804711404132e-07,0.13540489493439,0.114566363708751,0.155943566897258,0.133779249510633,0.11462929145091,0.153519119793756,0.127684593748824,0.10416633971919,0.152235940561018,6.2022412350848,5.64020985619966,6.51727375580914,5.782,5,6,NA,NA,NA,5.899,5,6,5.441,5,6,9.305,9,10
2024-01-06,0.434504361685458,0.321963373896173,0.540666526228032,0.477400307299148,0.340809324360178,0.613821400411958,NA,NA,NA,0.399508477856491,0.214506920926934,0.585492418004926,0.53977735885578,0.383683948594869,0.689725709773643,0.162570544379978,0.0443437403865904,0.317689516379696,0.601041828437475,0.569292588809292,0.634029899926112,4.56646774517394e-07,1.35870392704995e-08,1.14838741675057e-06,0.135676439970717,0.113949475222318,0.156872691752456,0.135024943545916,0.115365995370881,0.155744870319335,0.128256331399118,0.104404402791796,0.153552376909674,6.28437228480205,5.74636449420209,6.56766791419818,5.854,5,6,NA,NA,NA,5.943,6,6,5.539,5,6,9.44,9,10
2024-01-07,0.406070978873442,0.283742270522887,0.523312259819314,0.445462080006027,0.299437147582082,0.593196729632425,NA,NA,NA,0.373807697270755,0.184385263439074,0.563625355781918,0.509012755180193,0.337963189585534,0.670540151106601,0.150659521516298,0.036919271170294,0.305420146884432,0.599333084772498,0.567029447304902,0.63323854211918,5.60539959953399e-07,1.43223391213561e-08,1.33917525520808e-06,0.135906961480573,0.113855609975749,0.15792907127094,0.136078542475128,0.11563933690005,0.157283668547368,0.128680850731841,0.104478404083786,0.154343952052428,6.36662662951805,6.16344433731336,6.59421620218028,5.931,6,6,NA,NA,NA,5.976,6,6,5.628,5,6,9.585,9,10
2024-01-08,0.381537794164098,0.240374036298256,0.513122002654445,0.418047920249469,0.252837167839074,0.579483364864391,NA,NA,NA,0.351587739874558,0.152586161390936,0.547534442870041,0.480506880611765,0.284212118772562,0.659080198159362,0.141461817171923,0.0317551008247532,0.293210635761598,0.598359137336147,0.565750466712349,0.633114755135786,6.77156134047922e-07,1.62376416175772e-08,1.57305113449552e-06,0.136044452674603,0.113595285287155,0.158427254483274,0.136703570960025,0.115734661537261,0.158429617549436,0.128892161873092,0.104269677727805,0.154814720358601,6.41792790748614,6.22403948889919,6.62788822630453,5.962,6,6,NA,NA,NA,6.001,6,6,5.711,5,6,9.721,9,11
2024-01-09,0.371363109404441,0.223042545184449,0.509224787439128,0.406631269620993,0.235825792000494,0.571807558854025,NA,NA,NA,0.342028554369258,0.141245753341436,0.540426039952147,0.468132069003074,0.266061164825792,0.654142950067885,0.138660820457421,0.0297047674917144,0.284934425289442,0.598100788564313,0.56538318567143,0.632906520938729,8.0584195851778e-07,1.97467321731971e-08,1.87292375050934e-06,0.136089944061886,0.113497917338232,0.158469868837628,0.136905552131693,0.115870551618446,0.15874898261687,0.128902909400149,0.104238299407047,0.15481181578515,6.46036493800227,6.29155780224027,6.65481768446657,5.983,6,6,NA,NA,NA,6.014,6,6,5.796,5,6,9.851,9,11
2024-01-10,0.366650348547256,0.214713186758466,0.50830853852365,0.401344919373084,0.22432817542459,0.570477211477198,NA,NA,NA,0.336873761284854,0.135757996222625,0.539642098548226,0.460864212057621,0.252950784153936,0.652918469511625,0.139372499064036,0.0304071216329671,0.285395851103009,0.598522551231556,0.565677274701881,0.63314036600207,9.52010968308395e-07,2.52843046734959e-08,2.21830104740785e-06,0.136053849595928,0.113661939287663,0.158437334728867,0.13673101586216,0.115775673585822,0.158401186391021,0.128691631299388,0.104362938853568,0.154490609257959,6.48388944044501,6.3136805888375,6.67018030660916,5.988,6,6,NA,NA,NA,6.035,6,6,5.83,5,6,9.956,9,11
2024-01-11,0.371008757011959,0.21747407629908,0.512311937674106,0.406127350098252,0.228038579085348,0.572680896838629,NA,NA,NA,0.339179828811139,0.139406427917926,0.540721862555609,0.462612715799525,0.254319603843009,0.652497421225825,0.145734685723309,0.0348269137400063,0.293158934314071,0.599929452913028,0.567201946034525,0.633188399036092,1.12988129632883e-06,3.19198854375042e-08,2.61042922941213e-06,0.135902940716143,0.113843968969998,0.157866627921172,0.136026542652814,0.115644847684664,0.157390132087218,0.128139933836719,0.104343255357251,0.153337823283379,6.48721756808579,6.32057989853592,6.66742739635407,5.991,6,6,NA,NA,NA,6.043,6,6,5.845,5,6,9.961,9,11
2024-01-12,0.377237865791829,0.217443322468029,0.520120986876957,0.413195098447971,0.230500821746132,0.580846231610775,NA,NA,NA,0.342039533830932,0.140495534989177,0.540343035623236,0.463532438467338,0.257626076606324,0.652390589201119,0.155460478312232,0.0393863989821524,0.305408665736732,0.602846515090912,0.571785913182931,0.634460015864972,1.34261482747264e-06,3.99824846423125e-08,3.07302784597458e-06,0.135561956031603,0.114276210041788,0.156473049260631,0.134447959333472,0.115083362320151,0.154620442833075,0.127142226929185,0.103911474772883,0.151281911410988,6.46601246897982,6.3049563566564,6.64585642570943,5.991,6,6,NA,NA,NA,6.041,6,6,5.829,5,6,9.839,9,11
2024-01-13,0.393307838581181,0.222487686536311,0.536955007619912,0.431358944854972,0.240638646700205,0.596709508688581,NA,NA,NA,0.352882852272784,0.148352392414064,0.546182922992279,0.474429455925362,0.263721723511728,0.658243283658445,0.170214530894492,0.046920787048093,0.324609754195563,0.607188473676651,0.577657190037818,0.637087510391145,1.60263007795293e-06,5.1110733893813e-08,3.71418810843423e-06,0.135018418051583,0.115443208245651,0.154488701787703,0.131939655132871,0.113357183322569,0.150301881792379,0.125851850508817,0.10358075297066,0.148673439613437,6.40742647924592,6.23495111730174,6.5918261512322,5.973,6,6,NA,NA,NA,6.014,6,6,5.752,5,6,9.608,9,10
2024-01-14,0.425045140439437,0.265810387081787,0.560684322202638,0.466820488697077,0.289069557899979,0.622611161558405,NA,NA,NA,0.378113214217877,0.178975704078044,0.567314302926339,0.50463154207312,0.307276974629806,0.677680891148023,0.190239725866844,0.0602324440890207,0.34747375141116,0.611588408586706,0.583245175469298,0.639806196118609,1.9386216395142e-06,6.65451169419777e-08,4.49974558463386e-06,0.134437403408684,0.115777228708621,0.152905115432335,0.129259238984103,0.111850467625737,0.14611280197238,0.124713010398867,0.103827628294893,0.145950100348876,6.30514920716913,6.10285376774978,6.53451024296127,5.904,6,6,NA,NA,NA,5.992,6,6,5.546,5,6,9.394,9,10
2024-01-15,0.472542520154852,0.340960114567166,0.587449255709416,0.519308176958832,0.370177546531996,0.651702994905198,NA,NA,NA,0.419060916253638,0.23539869995842,0.594621217729905,0.55544674750273,0.393335416899583,0.701651454124726,0.215321981472011,0.0811480026987964,0.375265942750039,0.614448851533432,0.586813186446714,0.641461055886119,2.09995694751401e-06,1.10319997257964e-07,5.06492433549479e-06,0.134049696685006,0.115768470639636,0.151723229374443,0.127465654195909,0.110949591803737,0.143661463892546,0.124033697628706,0.103980180415094,0.144835191463516,6.13526735299242,5.58914312701603,6.46646556492104,5.718,5,6,NA,NA,NA,5.946,6,6,5.313,5,6,9.25,9,10
2024-01-16,0.511496694575942,0.41028191895486,0.604859440778748,0.561818558193218,0.442294488599502,0.673504101251219,NA,NA,NA,0.453970795912264,0.284279116534455,0.617075213304887,0.597157132655244,0.461094277037365,0.720786288109098,0.23727334076335,0.103679725007335,0.393180849349879,0.615865070508293,0.588584547646886,0.64224823857692,2.33559892252752e-06,2.24705230549913e-07,5.90852956392078e-06,0.13387275531039,0.116037867491794,0.151323017299394,0.126634785198104,0.110517460250925,0.142831328467534,0.123625053384291,0.103886901062124,0.144043566571775,5.99605498643282,5.52352920116234,6.42471996692213,5.535,5,6,NA,NA,NA,5.896,5,6,5.202,5,6,9.217,9,10
2024-01-17,0.512431079932876,0.409427987981741,0.604874273885682,0.561681158613936,0.446487483606381,0.668994465806582,NA,NA,NA,0.455535834992084,0.2949237887508,0.609020279334565,0.592916939181106,0.464423678424786,0.712039123127643,0.246729035536481,0.119750167310892,0.391517026160175,0.617377096305353,0.590847285507297,0.643248297904346,2.95718107914698e-06,2.60620759826132e-07,7.29827304815502e-06,0.133711347306357,0.11615410537273,0.150904009700691,0.125860169146174,0.109988249733669,0.141855504939796,0.123048430061037,0.103537516389574,0.143175108485066,5.96555797663544,5.51819741849512,6.41848662667275,5.494,5,6,NA,NA,NA,5.877,5,6,5.168,5,6,9.244,9,10
2024-01-18,0.532357903010489,0.442411908616116,0.611187284466587,0.581370042161298,0.480614144310661,0.674555807388743,NA,NA,NA,0.472702929156103,0.329477156460214,0.609207693159531,0.607639845327905,0.496301810855654,0.714746033446445,0.273455925271419,0.154380164990447,0.410497462660451,0.620324731745955,0.59469030054823,0.645299407169194,3.74128875125e-06,3.45931704312116e-07,9.14764251352685e-06,0.133387988735723,0.116367235423412,0.150143929171802,0.124311705346048,0.109005986660304,0.140082456141049,0.121971832883522,0.10322298164157,0.141098359398669,5.87042647323349,5.48855748594415,6.36896730975621,5.38,5,6,NA,NA,NA,5.831,5,6,5.126,5,6,9.164,9,10
2024-01-19,0.570108722101648,0.4999720568202,0.634301757487293,0.619031683462351,0.541753858829635,0.690805103882611,NA,NA,NA,0.504509058034827,0.380973016114908,0.622461875033142,0.638916905182055,0.545961018157219,0.725563956352036,0.320193384386363,0.207294974175529,0.44234633153354,0.625321999881562,0.601584742819256,0.648479863664229,4.61372163058704e-06,5.53850786608447e-07,1.12010900143384e-05,0.132825349958177,0.116131494886851,0.1491298175611,0.121615829389855,0.10654481220828,0.137053220159477,0.120232207048776,0.10261708518604,0.13896806057332,5.65059537930443,5.43766352404137,6.20222837393619,5.124,5,6,NA,NA,NA,5.721,5,6,5.044,5,5,8.923,8,9
2024-01-20,0.600370872126089,0.538758068427698,0.656419847907523,0.647134493530393,0.577544643316694,0.708485165481893,NA,NA,NA,0.529684079001759,0.421887877920477,0.627020622752631,0.659001785236894,0.57866394899478,0.733039846444343,0.371394086568569,0.263092752618203,0.480738771616748,0.63251543180799,0.610140062704372,0.655132911954196,5.95847717398771e-06,7.26057607230124e-07,1.40016608304011e-05,0.131990550146952,0.116338124473935,0.147094152744488,0.117608592106336,0.103259359183566,0.132493794795898,0.117879467461547,0.101679891781566,0.135668271265097,5.48144547959798,5.34202236858538,5.61911465195722,5.004,5,5,NA,NA,NA,5.457,5,6,5.001,5,5,8.549,8,9
2024-01-21,0.637639522472642,0.583459886711221,0.685125544908365,0.682398415036215,0.626512344611114,0.732945671235734,NA,NA,NA,0.562158008887038,0.471104098146528,0.640737753196801,0.687336730503144,0.619912744561926,0.751381594263581,0.427145856293554,0.321345548399092,0.528855793049817,0.640694298161423,0.618201827274565,0.663184924540172,7.77402165516568e-06,9.73348213551177e-07,1.80891901478378e-05,0.131010478713483,0.115349321825394,0.146307269959401,0.112886448391203,0.098039092836926,0.128780858681563,0.115401000712236,0.0996501757351584,0.131904040718869,5.37291969216411,5.30067920848657,5.48342432166577,5,5,5,NA,NA,NA,5.121,5,6,4.998,5,5,8.093,8,9
2024-01-22,0.677088482299888,0.635341649967236,0.716095038324657,0.720733299189263,0.676079712472123,0.762521391057651,NA,NA,NA,0.597979157461973,0.514934449998241,0.668734536661949,0.721489056943455,0.665097376483085,0.771942708456664,0.476921510996653,0.370236670700888,0.57777439096925,0.647423460830755,0.623253240298306,0.670961589090891,1.00229520398225e-05,1.90985298065567e-06,2.23255210083829e-05,0.130187664047704,0.113860687057803,0.145999015802016,0.10889618313663,0.0930355968256412,0.126252970746427,0.113482669032872,0.0972989408090918,0.130506005079845,5.30914970645679,5.22039854853971,5.38745089804363,4.991,5,5,NA,NA,NA,5.008,5,5,4.927,5,5,7.836,7,8
2024-01-23,0.697774958326284,0.658938139467858,0.73430064169336,0.740552128663138,0.698944203609029,0.780418529776258,NA,NA,NA,0.6179144837907,0.540791769091,0.682362354194523,0.739586455396982,0.687315938765586,0.786275050774303,0.50296201387122,0.397114575356923,0.601986535714193,0.651404112872679,0.625922520171989,0.676541408782001,1.39216476547905e-05,3.40855047777464e-06,2.84035481652968e-05,0.129695841943578,0.112682404340452,0.146294201956988,0.106490493396241,0.0899041761371311,0.124561675208469,0.112395630139847,0.0958867136029668,0.129453926015265,5.09563624464977,4.50515238722932,5.35506300975656,4.777,4,5,NA,NA,NA,4.999,5,5,4.624,4,5,7.495,7,8
2024-01-24,0.701965738381593,0.664784724992541,0.738157789780684,0.744713861262883,0.705141222411414,0.782195425361762,NA,NA,NA,0.623301372732183,0.549041399835938,0.684922905474485,0.743367476413158,0.693188843312023,0.788794179575807,0.5054912835876,0.401048998221005,0.603031492222435,0.652731846301031,0.626708884320569,0.678615988629646,1.94547488660582e-05,5.2229192149519e-06,3.82157368203045e-05,0.129519913297045,0.112337978930474,0.146580432347148,0.105625889348061,0.0886656445229008,0.123825655387902,0.112102896304998,0.0952611694999959,0.129433551611358,4.92573462100684,4.45171553454849,5.31582024351229,4.577,4,5,NA,NA,NA,4.993,5,5,4.456,4,5,7.317,7,8
2024-01-25,0.698228904432086,0.661805164970709,0.733333737987464,0.742390356455308,0.704702871467402,0.779186216832701,NA,NA,NA,0.621710773171731,0.551405456212263,0.682114817865735,0.741168374475742,0.691970984559541,0.785533302877951,0.490745588649134,0.391680572810212,0.586756393213494,0.651777338519267,0.626197851016637,0.677465245219345,2.76067376153611e-05,8.15844885220865e-06,5.28271076422859e-05,0.12960316960089,0.1124503875975,0.146297056879551,0.106051032547138,0.0890881629308468,0.124078894738123,0.11254085259509,0.0960487685390199,0.129619180074972,4.90968104495539,4.44932752792248,5.3041202197388,4.561,4,5,NA,NA,NA,4.993,5,5,4.444,4,5,7.268,7,8
2024-01-26,0.687954774517462,0.652685512049885,0.721368535513902,0.734678839158517,0.697103106143458,0.770279372577159,NA,NA,NA,0.614442031175883,0.547204955501253,0.673258350281968,0.733668164412364,0.687352057122964,0.778410302217068,0.462724304841285,0.36641556975551,0.555847166635027,0.648732872259838,0.624125367234081,0.673228437211399,3.98146476932925e-05,1.27472309832801e-05,7.51628014885778e-05,0.129925694701294,0.113165108368194,0.14615624875344,0.107666558650136,0.0912374417555023,0.125133787587131,0.11363505974104,0.0975800472561206,0.130641569986227,5.03822904112571,4.47287111351785,5.34539283139234,4.715,4,5,NA,NA,NA,4.996,5,5,4.558,4,5,7.382,7,8
2024-01-27,0.67243242864072,0.639807868610722,0.704195187025218,0.721844936995567,0.684956385421973,0.756815691790279,NA,NA,NA,0.602306162738125,0.537525315791199,0.658928847266009,0.720599912929417,0.673244762775962,0.766392781369778,0.430249538715469,0.341524010538231,0.519132923353349,0.644202711520944,0.620817592305946,0.667519931052724,5.85241394993691e-05,2.04607454349556e-05,0.000105398801721594,0.130435637857495,0.114173532244436,0.145928395002154,0.110197218080163,0.0944653293540803,0.126938793211912,0.115105908401899,0.0995132360305157,0.131605502919444,5.24325753055998,5.11870301308461,5.38729381012203,4.932,5,5,NA,NA,NA,5.006,5,5,4.762,4,5,7.709,7,8
2024-01-28,0.656199553893304,0.623836775906319,0.686928477788696,0.706735238193598,0.671013032339591,0.741640877349009,NA,NA,NA,0.588513018097032,0.528210372491934,0.642194959823089,0.704319471323647,0.655666734170322,0.752374494477261,0.408879816902166,0.321891558729842,0.496329887763519,0.63999896267113,0.617864971686903,0.662756123747059,8.71243001272116e-05,3.29064714767052e-05,0.00015431530796573,0.130942790723379,0.115512127698859,0.146213461562643,0.112686107800958,0.0975032568032133,0.128662028188125,0.116285014504406,0.100308662408308,0.132684432363257,5.34943857075445,5.27781801182062,5.43468586393452,4.994,5,5,NA,NA,NA,5.022,5,5,4.951,5,5,8.051,8,8
2024-01-29,0.648274412793029,0.617713137587857,0.67946406931618,0.697123947405839,0.662609389221465,0.731242089053057,NA,NA,NA,0.580135908570074,0.522461925996114,0.634262230083368,0.69276404407814,0.643410580472697,0.740243995351132,0.414684877578633,0.330655323907497,0.497675476011119,0.638765081703797,0.616104519106048,0.661730029296494,0.000134321626893782,5.30253715700225e-05,0.000240516694104127,0.131137003053616,0.115837575419839,0.146273321050781,0.113616767163263,0.0987147666547878,0.129238631807569,0.11634682645243,0.100577102471556,0.132800976577017,5.37977492803516,5.30305359601636,5.49061948528021,4.998,5,5,NA,NA,NA,5.033,5,5,4.99,5,5,8.235,8,9
2024-01-30,0.656015174734767,0.624387676124351,0.687169098250861,0.700575707550632,0.665559845600236,0.734270984726968,NA,NA,NA,0.583811653398166,0.526349773268248,0.637216957208108,0.694801787349911,0.647297252302895,0.740493500374262,0.45238169549639,0.368569756956291,0.537233838045307,0.642202635921206,0.619448140242061,0.664839577171275,0.000221313529782493,9.00725930939588e-05,0.000393870149917203,0.130785664324254,0.114723610498224,0.145941742011695,0.111881557818241,0.0968594042833112,0.128207146171565,0.114908828406517,0.0990536048726173,0.131466460031734,5.35652195906253,5.29682126128095,5.43247895908073,4.998,5,5,NA,NA,NA,5.026,5,5,4.989,5,5,8.077,8,8
2024-01-31,0.678162556107776,0.643828537371774,0.712213208166863,0.717222673792079,0.680597436264531,0.754372833408143,NA,NA,NA,0.6004703594433,0.537074943942142,0.658095762767699,0.711660174031358,0.664982144166006,0.756290064417855,0.510936492440065,0.420913204353879,0.59826342801147,0.649266969503431,0.624604185059283,0.673118908898204,0.000391016706012101,0.000166312120225577,0.000676098244465241,0.129977432435616,0.113454177071462,0.146276856220813,0.107930364693254,0.0918250354733464,0.125441343782034,0.112434216661686,0.0960312838871661,0.129444303771615,5.31474862912434,5.2248614804511,5.38760448567343,4.992,5,5,NA,NA,NA,5.008,5,5,4.928,5,5,7.876,7,8
2024-02-01,0.705897201139784,0.666955504199951,0.743751835769452,0.739324020918304,0.697120441684365,0.778101575647012,0.655736939526974,0.530233805315989,0.770753965601409,0.624248447797418,0.552857909840779,0.68713832165783,0.735092527355145,0.684859307998361,0.781689684430391,0.574731175093595,0.473340714185054,0.667908729921632,0.657364904536417,0.629478911399191,0.684046193124181,0.000760682333202528,0.000379616055304913,0.0012163416630992,0.129002448519237,0.111072443113393,0.146950302512687,0.103203866452991,0.0855041544474569,0.121962770312475,0.109668098158152,0.0918476597429817,0.127788819605625,5.00314172432675,4.46609366851339,5.33792693682473,4.669,4,5,13.044,10,16,4.997,5,5,4.564,4,5,7.367,7,8
2024-02-02,0.734462678380363,0.692467220477823,0.775609650561109,0.762726869163132,0.71682369179232,0.805025484605426,0.66125939490899,0.537091530500895,0.775681924034664,0.65108169670011,0.569854402375965,0.720931397525069,0.759861552730083,0.709188599002577,0.80835700713395,0.636512587458136,0.529111402683299,0.734848883836898,0.66468457670889,0.632817217108503,0.694453567662679,0.00174766401372256,0.00101178446351363,0.00254031991690476,0.128007490778839,0.10747084138638,0.148873052486226,0.0986128116377729,0.0788090295532764,0.119570182733714,0.106947456860776,0.0881390243665039,0.126895117152151,4.49365872741513,4.38462306974855,4.57588496079936,4.039,4,4,13.092,10,16,4.926,5,5,4.092,4,4,7.028,7,7
2024-02-03,0.754667963708732,0.709761384058109,0.797847085221991,0.77863123001012,0.732920506477901,0.822425068394501,0.664030157483287,0.538875949758583,0.778812987439511,0.672118552095935,0.584562957467093,0.747119632303227,0.776623080374473,0.726197431403554,0.82586666742057,0.685530333875605,0.574774927628606,0.785222140861419,0.66971883738864,0.63506020599793,0.702766517798757,0.00467256748878392,0.00271735575256181,0.00673344518378249,0.126895261966141,0.104173294215766,0.150240768747052,0.0943995829963725,0.0728453370566702,0.117412388399203,0.104313750160063,0.0842979952897308,0.125994407969042,4.41513294405059,4.28889871110138,4.52906120599622,4,4,4,13.185,11,16,4.611,4,5,4.011,4,4,6.814,6,7
2024-02-04,0.767579002936614,0.720503585604536,0.812716743113838,0.789539809548153,0.74197678899077,0.835336092751906,0.665671981284652,0.540021700034518,0.781003870908414,0.6879991968547,0.596730489342168,0.763481132228402,0.787883920873411,0.735123907806902,0.837660626212225,0.719788249055666,0.605376727179503,0.820465457912023,0.667067752971629,0.629669182041422,0.702951241978012,0.0167469504548039,0.0094167332994583,0.0248730448619872,0.124792295714675,0.0998723027516386,0.150724507322916,0.0901604094062249,0.0673491407106743,0.114328935172952,0.101232591452667,0.0804790035712885,0.124347690652616,4.44305899791358,4.29634359853246,4.60232552784471,4,4,4,13.243,11,16,4.317,4,5,3.999,4,4,6.464,6,7
2024-02-05,0.763986934717235,0.715292340378883,0.811973525731502,0.794929255836158,0.74271433548913,0.843358444006449,0.671649478938207,0.54975350078571,0.782507418633772,0.696807603559874,0.602567988297536,0.776376055369837,0.793405714562269,0.738769362175575,0.845278023937999,0.736557985686882,0.618892139108448,0.837507285248618,0.600915371213948,0.555132821297145,0.646851961502632,0.118829243637814,0.0785735815510236,0.165785452865901,0.111519711561513,0.0874285001722306,0.137179672438201,0.0790207832673819,0.0582463500259823,0.102038494900319,0.0897148903193434,0.0697233230861561,0.111607658882109,5.32027869750489,4.84804838713173,5.89224909725996,3.999,4,4,13.246,11,16,4.181,4,5,3.993,4,4,6.263,6,7
2024-02-06,0.724704119426424,0.650295324168972,0.794451948561916,0.796364133876757,0.738557316788461,0.848552061009872,0.68241225266141,0.571593904536285,0.783403571233451,0.699016203570146,0.6010108784462,0.780895116868733,0.795178493980558,0.737214810442586,0.849721575526521,0.738138623261554,0.617519246733548,0.843588092914014,0.303518473657967,0.25299877444971,0.350564704471478,0.555711020832266,0.488758263844537,0.625586703780508,0.0561735477165226,0.0416410426474128,0.0714557774406788,0.0395459524009495,0.0267259128138377,0.0532424076584619,0.0450510053922951,0.0327498522909265,0.0576314873995273,9.19395558372001,7.76960743954424,10.7084026433433,3.981,4,4,13.167,11,16,4.138,4,5,3.975,4,4,6.203,6,7
2024-02-07,0.71399453925792,0.631786731255113,0.790583082483022,0.796428937330258,0.732556779098155,0.851973963420837,0.685349931810482,0.575568560706491,0.783163285922529,0.697585650103592,0.592066923293428,0.785803120258474,0.795791683281543,0.732076045628748,0.853419822146254,0.730546890519811,0.604406228809148,0.841710223061683,0.214676793185141,0.16503596381182,0.265454227973502,0.685516759737831,0.613030276700211,0.756770399277257,0.039779447972788,0.0280841239116396,0.0525999425664875,0.0280772701228328,0.0183489580711996,0.0394207727301028,0.0319497289814068,0.0222036622240331,0.0422667344645894,10.3220782669279,8.72132732718616,12.0873691010676,3.961,4,4,13.125,11,15,4.126,4,5,3.957,4,4,6.207,6,7
2024-02-08,0.712223125915946,0.62820941492072,0.790607514197645,0.795609323303455,0.729787632896185,0.853969083904309,0.686104936847443,0.574511581981341,0.7825990748878,0.694093655819762,0.583287313619635,0.785987962328658,0.795524924599537,0.728685715942846,0.856210062546507,0.717006999496605,0.579605796695813,0.835696257840357,0.202797407282642,0.153935184032189,0.252840448215196,0.702203110440568,0.629704922412963,0.774545784759487,0.0377100556818972,0.0262045788116805,0.0500544179671092,0.0268473169602011,0.0174306277468025,0.0376231221047733,0.0304421096346918,0.0210043937295592,0.0405639757730799,10.435986971238,8.85835971566591,12.1453660752412,3.952,4,4,13.075,11,15,4.133,4,5,3.948,4,4,6.244,6,7
2024-02-09,0.720735928711801,0.642745285857877,0.790520275465839,0.79256407422138,0.7255136060071,0.852188018615417,0.682187360675188,0.56619346147054,0.782173526377535,0.688019772907205,0.575372632090871,0.782748646099595,0.79287036286238,0.72640659917021,0.854466930767781,0.697376017100637,0.555997593740775,0.823338461895692,0.301822380235788,0.251855779119005,0.347495204997679,0.555317561434523,0.487592388252121,0.624833517061375,0.0563944767585859,0.0425507833234758,0.0713513627443991,0.0406102833210237,0.0284166811020504,0.0541723281718112,0.0458552982500796,0.0344072533328598,0.05814136845009,9.11673839344997,7.87409997565034,10.4624624338265,3.972,4,4,13.022,11,15,4.169,4,5,3.963,4,4,6.322,6,7
2024-02-10,0.7333119112658,0.668990487503683,0.793554066363261,0.788374312940641,0.723013390186008,0.845675870459744,0.678031760159802,0.559475289323937,0.781536724449787,0.680674255630352,0.570717727248277,0.774698235599528,0.788912030087747,0.72227582901867,0.849126877391502,0.673380441372472,0.532307094883375,0.801757432662984,0.442557304204459,0.394887567704354,0.490984701452364,0.345086129772946,0.282432973218674,0.410037932816252,0.0832346595689901,0.0653309543444029,0.101892880774252,0.0608416351035,0.0448457195359538,0.078418833385388,0.068280271350105,0.0534742116863506,0.0832534544933759,7.26898251685878,6.41953549894469,8.12449687337805,3.994,4,4,12.936,11,15,4.253,4,5,3.984,4,4,6.47,6,7
2024-02-11,0.745894297784692,0.691045309288155,0.797392714919851,0.782674808989768,0.722025261802127,0.837204051288419,0.672767315397662,0.54520219196171,0.780222340835181,0.6718319844679,0.565043519914735,0.764134336870088,0.783319029987651,0.719975749279347,0.841481516881847,0.646598331582369,0.511456273715244,0.776166900111868,0.603786227867507,0.562624799568466,0.646622535036292,0.101699573270041,0.0588411433699119,0.150788982321539,0.11449505521898,0.0933448235633852,0.137062831785995,0.0851871671310276,0.0655528162170944,0.106147253828668,0.0948319765124443,0.0765787282803947,0.113387732973455,5.197821571671,4.77906145623301,5.67328734129537,3.999,4,4,12.812,11,15,4.39,4,5,4.002,4,4,6.725,6,7
2024-02-12,0.746316494239138,0.692947815431664,0.79700256792165,0.777258596195328,0.720083016883961,0.829698924680566,NA,NA,NA,0.663428538315273,0.560015189979636,0.752588916299265,0.777883626506901,0.717691129323746,0.833288397864819,0.623617714718316,0.492041190638912,0.751575441183171,0.668272331227349,0.635430629575657,0.69884687306795,0.000181961936892003,6.72092839854814e-05,0.000330787996388535,0.127828087607662,0.106322482045463,0.149777116439717,0.0968983455528191,0.0760352963965928,0.118916082535866,0.106819273675278,0.0874814896601687,0.127377589929881,4.38662457485883,4.26913455693885,4.49827359563713,4,4,4,NA,NA,NA,4.557,4,5,4.012,4,4,6.924,7,7
2024-02-13,0.740752799738545,0.690088548318785,0.790093600194998,0.772964872146272,0.718454350978591,0.823919753107246,NA,NA,NA,0.65729463849501,0.556648834738023,0.744402450218115,0.773508629935808,0.713938044751947,0.827676808839588,0.611306873029807,0.483685894887895,0.736170654418758,0.665600281569752,0.633889207576778,0.695038311936536,0.000276541006975741,0.00011338377092074,0.00047540080678589,0.128097777457428,0.107327617470473,0.14912200661712,0.0983973400597706,0.0781953644958042,0.119622170673455,0.107628059906073,0.0888099562189315,0.127011465664259,4.41828613675234,4.30060336232945,4.51309614859209,4.002,4,4,NA,NA,NA,4.689,4,5,4.024,4,4,7.006,7,7
2024-02-14,0.739149806681715,0.690021768948274,0.786909646144444,0.770922276744914,0.717303687108666,0.819958535156883,NA,NA,NA,0.655530471796421,0.556978375420899,0.739917421518633,0.771219431941016,0.713229936890874,0.823921665241859,0.613590355202891,0.488341271380587,0.732815625968381,0.66484797631597,0.633414076125749,0.693819270834078,0.000449023317282414,0.000206501844093705,0.000749841513549728,0.128160931888953,0.107667107050314,0.148821493859308,0.0988155670847175,0.0790328520479367,0.119788472930158,0.107726501393078,0.0889315559509607,0.126920343682475,4.44533632262512,4.32613341848888,4.53225613076302,4.01,4,4,NA,NA,NA,4.8,4,5,4.038,4,4,7.05,7,7
2024-02-15,0.743510026599186,0.697269345616369,0.788187462839355,0.773311583296548,0.724267320084537,0.819661498136144,0.677784596800585,0.559945773207859,0.777238155138743,0.660038457284533,0.566012221032722,0.74084802274481,0.773116532373877,0.71929935771423,0.82367636963531,0.63150274925418,0.510559659119543,0.743096691663493,0.665976264239493,0.63397144111274,0.695843182890301,0.000792991501878307,0.000399775820454142,0.00125653993888156,0.127998643075275,0.107268783316919,0.149216007815059,0.0981225169735091,0.0779476012328609,0.119661657232784,0.107109584209845,0.0881837923986978,0.127121540940455,4.44803808427104,4.32751413130838,4.53553522386785,4.011,4,4,12.259,10,15,4.815,4,5,4.042,4,4,7.04,7,7
2024-02-16,0.753302673749127,0.712424288579198,0.794282335274223,0.779928401215653,0.735502217783832,0.823322027558377,0.679068056360025,0.560738996603563,0.777548808603229,0.670480010733823,0.581946900713659,0.747899189692176,0.779005618905144,0.729681713035124,0.826645679624611,0.662709645703941,0.550537271761978,0.764670981211313,0.668728954296715,0.635443963530185,0.700584554782539,0.00155738740351059,0.000865625481960154,0.00234135250395739,0.127589560196796,0.105947815226922,0.149791703562746,0.0963384481122078,0.0753662888127648,0.118396039382369,0.10578564999077,0.0862501951926629,0.126399194617486,4.41822930776075,4.29999637831787,4.51639428822335,4,4,4,12.201,10,15,4.7,4,5,4.017,4,4,6.971,7,7
2024-02-17,0.767120067837055,0.730448151799511,0.804566117672883,0.789951116694596,0.751457375255157,0.828359429414321,0.680398939653983,0.561616653886791,0.777596279416425,0.686089382553695,0.604106504589159,0.756236153160224,0.788135046817385,0.743485139783663,0.830417846129607,0.702387255731618,0.597862819925912,0.796258323164886,0.67239244533073,0.636530726046202,0.706192337116659,0.00352133995472844,0.0020776093552237,0.00506087795363352,0.126853510058273,0.103299109924774,0.151068718422685,0.0934648633099355,0.071562755970997,0.117001846518981,0.103767841346334,0.0836643435331067,0.125887875440512,4.36956543400568,4.24231403829142,4.49890256101684,4,4,4,12.167,10,15,4.426,4,5,4,4,4,6.766,6,7
2024-02-18,0.780972004732462,0.746885921815748,0.816221791894159,0.800590850983568,0.76515127460947,0.836321785660818,0.682562901978933,0.570478152515127,0.777722173071944,0.703378806600975,0.628428995360742,0.77127388368691,0.798004208931603,0.756491359529972,0.838344286205796,0.74104064945269,0.645729360666857,0.82878920744077,0.673963867533785,0.634936315827979,0.710756361409578,0.00977242900285489,0.00589867740078294,0.0138901682080915,0.125491738947419,0.0993523490118038,0.152589650385529,0.0896922353118972,0.0660170992206173,0.114571914501078,0.101079729204044,0.0799979191037825,0.124935078185038,4.34185692541036,4.23719360192674,4.46681072183793,4,4,4,12.167,10,15,4.193,4,5,3.996,4,4,6.366,6,7
2024-02-19,0.789183125767855,0.755578316127956,0.82421367607818,0.809286958291246,0.772208345354202,0.846164417531632,0.686079222163214,0.58357980153264,0.777933042494462,0.718096332946512,0.643732713589783,0.785632536370491,0.806245939081467,0.766282977749717,0.847437562420695,0.769356529347123,0.677646334518193,0.852016072033305,0.658181080807837,0.615887690645129,0.697842164275236,0.0403221406816901,0.0238351890399446,0.0591934470505905,0.121139643995777,0.0933402563271409,0.150369219293263,0.0841159804885623,0.0599317742821081,0.110231846334449,0.0962411540261337,0.0745247796687828,0.121009647640332,4.51590997651753,4.34175778843246,4.7431176857527,3.961,4,4,12.177,10,15,4.079,4,4,3.95,4,4,6.145,6,7
2024-02-20,0.759033253757733,0.709283145001094,0.806830880302221,0.814215804912854,0.774712117355259,0.854043480021908,0.691469177646343,0.591862856976272,0.777944500972618,0.726683669608091,0.651525796172015,0.795887682573354,0.81090828355535,0.767353273735941,0.855300833933009,0.782514926853073,0.696191250225855,0.863527995650107,0.430114921143277,0.378607384428281,0.48153972366992,0.375967836220129,0.312218993386175,0.441905087626781,0.0785554790868851,0.0582541971694961,0.100810027454474,0.0535087664951788,0.0364685976401399,0.0727964835272758,0.0618529970545302,0.045672831109134,0.0788883138465998,7.07597918772418,6.06997858446759,8.17664863568507,3.744,3,4,12.164,10,15,4.029,4,4,3.807,3,4,6.065,6,6
2024-02-21,0.71989833056286,0.644622334475067,0.788295251525011,0.815395333606618,0.770828176981917,0.859008719283622,0.700376613228866,0.610545807608855,0.780727742522122,0.728812354081692,0.652088585363584,0.79912954406102,0.81179385484998,0.763831000120925,0.859511080583705,0.783207668702548,0.69621484254403,0.864023794359724,0.134915764044037,0.0902337961234699,0.184604676172385,0.804601993532821,0.735116652858707,0.868342544775918,0.0245862794707217,0.014951100572873,0.0356490888998049,0.0166328746119154,0.00928480447978189,0.0255276928675917,0.0192630883405056,0.0115839916900043,0.0279250141208298,10.4675987199919,8.68365524101047,12.5401820344184,3.487,3,4,12.082,10,14,4.005,4,4,3.616,3,4,6.04,6,6
2024-02-22,0.710515251982042,0.629285033875671,0.784851866138515,0.815955601024248,0.767145538567078,0.863420049196026,0.702187413068989,0.614372141524997,0.780406713392794,0.728554888106339,0.649316536285671,0.80102782460384,0.812001272702197,0.759481516634291,0.863023369074548,0.779900434402717,0.692322355261596,0.860075286716538,0.0588457640442352,0.0288095293499995,0.0960180162275176,0.914773366651811,0.86224402262524,0.958429826197824,0.0107253510626851,0.00482253213639813,0.0175637464749298,0.00726073198277354,0.00309620685392812,0.0124230905080601,0.00839478625849525,0.00383518255521558,0.0137298645899091,11.3564170857061,9.48780282119444,13.5928820864264,3.306,3,4,12.071,10,14,3.969,4,4,3.449,3,4,6.043,6,6
2024-02-23,0.706765915349414,0.622340610866773,0.781965876868753,0.813540908906295,0.763414221978421,0.862704271207757,0.700157114685287,0.610160872204065,0.780002317196004,0.725121749255256,0.647178751778913,0.797890440013831,0.809261506606689,0.755512621459754,0.862411392628004,0.774136277043674,0.684743939709376,0.855110287956687,0.0472110323773867,0.0214377876336915,0.0810800601278469,0.931588941086045,0.884917930072774,0.969629119512476,0.00861105039039452,0.00359797985189662,0.0145782351335491,0.00584259155650396,0.00231046800357124,0.0103440931905694,0.00674638458967026,0.00282320425605663,0.0114668412514044,11.5252737778876,9.60728461388643,13.6884821179822,3.233,3,4,12.105,10,14,3.955,4,4,3.392,3,4,6.049,6,6
2024-02-24,0.704353428574338,0.620927508944692,0.780289870613894,0.812762546111631,0.762783436936521,0.861965815324252,0.695840741910079,0.603729977531065,0.778365720314365,0.723232874278588,0.645624609119268,0.795860591983097,0.808239637099812,0.754427175579705,0.861779244259201,0.771516871138502,0.682619975961861,0.852576436968843,0.0588816750047184,0.0291020707171412,0.0959369064417224,0.914634660874926,0.863377278262512,0.958662261655208,0.0107470646368491,0.0048620070204605,0.0175570776771462,0.00730506520667862,0.003131961553325,0.0124835824197923,0.0084315342768279,0.00382708417432088,0.013780293740072,11.486390356546,9.5372578659555,13.6385512714741,3.231,3,4,12.22,10,15,3.956,4,4,3.384,3,4,6.06,6,6
2024-02-25,0.702208038071075,0.618839831512555,0.778375768304419,0.807911466696017,0.759521434276709,0.856604007616548,0.690275987393497,0.59689024003018,0.775470282770182,0.717977380834936,0.640640221580437,0.789434496658773,0.803307648141559,0.750360589817527,0.855297344916529,0.766510441990642,0.678321668386698,0.848475932002055,0.0819468580526443,0.0453343220440831,0.123739411331319,0.88114242582968,0.821405707926108,0.934580191300531,0.0149657829266355,0.00772116390917278,0.0234153185999655,0.0101874776337326,0.00492973668458678,0.0167157878498211,0.0117574555573075,0.00596597957336316,0.0183989379155112,11.3105016224726,9.3854227978747,13.4980712557045,3.283,3,4,12.341,10,15,3.971,4,4,3.429,3,4,6.071,6,7
2024-02-26,0.701274746283151,0.621224724493969,0.776377159634616,0.800855838329387,0.754318346843504,0.846693455469264,0.68523468514449,0.590218991861985,0.773481842991612,0.71111838517794,0.634164522906327,0.78186333768894,0.796517180515821,0.748331047960225,0.846170888008345,0.760513764955941,0.670730474695917,0.843372096131617,0.112066491340583,0.069770322698285,0.15956467698472,0.837391358497104,0.769877028580505,0.899123103632615,0.0204771837375848,0.0115910876943908,0.0305486374947993,0.0139571872257522,0.00748568759065562,0.0219362378598801,0.0161077791989758,0.009092603025741,0.0239687848814098,11.0317861845501,9.1686526391119,13.2224637204973,3.4,3,4,12.444,10,15,4.004,4,4,3.527,3,4,6.081,6,7
2024-02-27,0.702716337169115,0.624404492526872,0.776257952974308,0.802659943455467,0.758157452191608,0.846438553084344,0.681226637550203,0.582161206860056,0.771434019498245,0.712361768440836,0.636836881902931,0.781126505245662,0.79884366523186,0.751826570484322,0.846604971096639,0.763390882565357,0.671996141318397,0.846349009639188,0.14150791663053,0.0954999323867398,0.191469744953874,0.794600308507203,0.723640708025233,0.862087664437185,0.0258684374476623,0.0157867449309123,0.0372480143242464,0.0176528088333326,0.0100298653204944,0.0267943450915061,0.0203705285812729,0.0123300185162332,0.0289821703285319,10.7648263844453,9.02719060815008,12.8167948632092,3.509,3,4,12.553,10.9,15,4.022,4,4,3.618,3,4,6.082,6,7
2024-02-28,0.70479931114611,0.630592268463884,0.777315219929594,0.80684357242978,0.763269499988715,0.851598506623387,0.677438317870639,0.578154691114508,0.768349198237951,0.715644896884983,0.635014001980168,0.787245766754371,0.80362177954919,0.756287834640389,0.851721050971066,0.768237364839744,0.672769734541993,0.855694629533696,0.167297871877174,0.119654958593346,0.218537990514879,0.757096201633504,0.683054105568745,0.826278584703454,0.030593672868952,0.0199147836103665,0.0428011903879578,0.0208992921658203,0.0124393366592398,0.0308064127685838,0.0241129614545496,0.0155319463121129,0.0335250910254953,10.5233761808933,8.81569280727482,12.4657710306004,3.555,3,4,12.654,11,15,4.023,4,4,3.658,3,4,6.082,6,7
2024-02-29,0.708193917854021,0.6374086090488,0.777939165894478,0.806630950061811,0.760265059199319,0.852310754945879,0.673678518336625,0.573547597132021,0.764846892393746,0.714798866518292,0.630047033386561,0.788491332943502,0.804078995552403,0.754603337013198,0.854927989240524,0.768100819556051,0.663673895268813,0.857941672398305,0.204376583020926,0.153926703586899,0.256290662908764,0.703185390190642,0.628828768566309,0.776097554064258,0.0373845563404875,0.0254589905881546,0.0506248750889644,0.0255610110085862,0.0159519762995435,0.0369129316026322,0.0294924594393587,0.0198371608504553,0.0397541656985506,10.1010408904894,8.48356602965154,11.9684162971969,3.55,3,4,12.729,11,15,4.024,4,4,3.655,3,4,6.08,6,7
2024-03-01,0.71506605459177,0.646026965793222,0.782187157576334,0.80826889919649,0.756293973492622,0.858222875387618,0.669955066750776,0.56556801444652,0.764804011488172,0.715373278937431,0.623065351339589,0.79349877582327,0.806446893662266,0.748892473251616,0.859890118297305,0.768485822043227,0.654985947780286,0.864801171930717,0.255301919979035,0.203852823078103,0.305371239303712,0.629085598041785,0.557522305902155,0.699655825312745,0.0467212963314025,0.0332812950976817,0.0612332986337493,0.0319850510413564,0.0206465868599257,0.0448851384787261,0.0369061346064211,0.0255854358427544,0.0487519393469553,9.49598224091415,8.00972329618368,11.1921385977332,3.573,3,4,12.8,11,15,4.035,4,4,3.674,3,4,6.077,6,7
2024-03-02,0.718427845901499,0.651186001873773,0.783961021382133,0.807032213737427,0.749527495209063,0.860805044864244,0.666146635888038,0.557725750000539,0.76252451930999,0.71312788011353,0.613095018101762,0.797040669345125,0.805858850431913,0.743493711187361,0.862670952130924,0.764216910571191,0.644617576909404,0.865442091427183,0.290134376184399,0.240236554351457,0.338088572464694,0.578098373398697,0.509767501830472,0.649181789728988,0.053162656847516,0.0387215402952616,0.0691908423247283,0.0365136402696026,0.0241190680649582,0.0504330695104959,0.0420909532997853,0.0296729301200213,0.0547615847867536,9.10594081872017,7.70213750345406,10.7053595016951,3.671,3,4,12.855,11,15,4.059,4,4,3.736,3,4,6.088,6,7
2024-03-03,0.72010228114597,0.653441210754237,0.783780332683214,0.804709632216378,0.74436760157188,0.859376975177465,0.662424931388531,0.552244536596451,0.759688022104986,0.709655888965806,0.604633774666783,0.797002519899619,0.804031378419941,0.739986523311991,0.860570744420914,0.756541486574015,0.634274650523986,0.862328347623287,0.317514408475606,0.266565691901819,0.363719278256653,0.537518824372668,0.470814241869644,0.606023425816622,0.0583178371978752,0.042999204821353,0.0750779892606328,0.0403024790190958,0.0270784205884041,0.0553316071626245,0.0463464509347552,0.0335583323786973,0.0595473568821542,8.81014587082923,7.49036109733553,10.2453373771587,3.788,3,4,12.892,11,15,4.095,4,4,3.831,3,4,6.128,6,7
2024-03-04,0.728020197243956,0.66612864604744,0.787321637728661,0.802389369326944,0.743459555703173,0.855937325758969,0.656978803156482,0.542185961583557,0.756344853680535,0.706006464899495,0.60305291294723,0.792574087936906,0.801898819290627,0.740993364030693,0.857434180461766,0.746961254842692,0.625204446223002,0.852891546475663,0.382928338676312,0.333322539806292,0.430308031959244,0.44099875048309,0.377917776250797,0.505494119347106,0.0705587690582585,0.052989192106993,0.0896371756333333,0.0491666793040504,0.0338268464043268,0.0661387919862765,0.0563474624782898,0.042225928203126,0.0713243776135083,8.03160807435865,6.91491621394595,9.24092800113168,3.894,3,4,12.947,11,15,4.132,4,5,3.9,3.90000000000001,4,6.179,6,7
2024-03-05,0.742918067826799,0.68980210915422,0.792873061602261,0.800775311511083,0.746401295691921,0.850460440036939,0.649694746758892,0.526463972853619,0.752437692453539,0.703124707723541,0.606929701232148,0.784930426421919,0.800072709202992,0.743728134950639,0.853245989224413,0.737669313727874,0.619442926623032,0.84007581282449,0.482700560018483,0.431079926374756,0.535580500513936,0.293656878343155,0.231222461416104,0.360093233824149,0.0892602865216474,0.0681401382218671,0.111873566834465,0.0627457523984099,0.0445335264034964,0.0830749872627811,0.0716365227183049,0.0551221683763398,0.0892517008123461,6.79207301950227,5.9401413655836,7.66032099184504,3.947,4,4,13.017,11,16,4.174,4,5,3.937,4,4,6.24,6,7
2024-03-06,0.759227388574644,0.716415972121945,0.802327769905058,0.800221817429423,0.752402833345041,0.844233337636068,0.644118297167703,0.518853840342043,0.747036372777641,0.701537771095888,0.612479287641441,0.778109089322847,0.798957282408933,0.749826644211536,0.84698216906873,0.730246025333087,0.619036630192723,0.829372726291248,0.576103171372621,0.527720710623918,0.627531262756636,0.155095632981489,0.101660722314519,0.216315192418495,0.106897123059743,0.0834828908321609,0.131702921308049,0.0757438779709924,0.0550095067713918,0.0984271293753446,0.0861601946151546,0.066716402996763,0.106989689165987,5.61516662835105,5.02306683296192,6.27330790547681,3.978,4,4,13.108,11,16,4.207,4,5,3.971,4,4,6.29,6,7
2024-03-07,0.769189661830628,0.731183111926595,0.80816374324479,0.799051879424898,0.758890360731156,0.838333878159107,0.640902365204337,0.517377473685392,0.743984964021433,0.699687823919937,0.615348053523567,0.769965966469594,0.797102677386373,0.751921934423063,0.840207926201483,0.722778954689033,0.616276429590106,0.818627710892773,0.634886600806121,0.592674281086686,0.679660823647703,0.0671333805047951,0.0329410372780558,0.107263691761535,0.118148450299082,0.0930172960987669,0.144627821612647,0.0842671405588334,0.0619859843684177,0.108027032093004,0.0955644278311687,0.0753702138075171,0.117767854934044,4.85772934329223,4.50523172410981,5.29239566283956,3.994,4,4,13.157,11,16,4.239,4,5,3.984,4,4,6.318,6,7
2024-03-08,0.768436968104735,0.734649056810002,0.803475966326672,0.796948030524901,0.761114554918609,0.833784371198468,0.639442837637036,0.523255836758751,0.742055219152375,0.696840081514724,0.618781794479324,0.762513818632447,0.79444158626886,0.753734314390221,0.835323994120385,0.712784674490343,0.610282165588755,0.806615020618399,0.644881772498825,0.604321010118482,0.687155921266167,0.050693884469461,0.0224857674920421,0.0848414267437693,0.120343732258446,0.0953553302358138,0.146635179702604,0.086383595516326,0.0639845639278915,0.110410229158296,0.0976970152569424,0.0775670663486451,0.120094044173056,4.72246339111629,4.42703766310376,5.08057100249211,3.996,4,4,13.185,11,16,4.26,4,5,3.991,4,4,6.357,6,7
2024-03-09,0.765456388685982,0.732996710820901,0.800170867063292,0.794175437502242,0.759944895506006,0.830307177837595,0.637029053341725,0.521321987186893,0.739393820673109,0.692571446411514,0.6176345391009,0.75746403604737,0.79132179743395,0.750935983994619,0.830948909970754,0.698734044395124,0.59706979169711,0.791674307748737,0.649110390911232,0.609539533460134,0.689481997994912,0.04206542570769,0.017845718615462,0.0718686130477178,0.121591743244008,0.0972209485106669,0.14708646600036,0.0880361275954263,0.0660602733230484,0.111495961110369,0.0991963125416437,0.0791737795606779,0.121402817816586,4.66113166762939,4.39634263262442,4.98095431201297,3.998,4,4,13.222,11,16,4.285,4,5,3.996,4,4,6.434,6,7
2024-03-10,0.765426885390334,0.732122867236993,0.798705410207803,0.790286701337661,0.756643612234039,0.825061526907806,NA,NA,NA,0.686604191195966,0.615885490802736,0.750578493832098,0.787169857272691,0.746322427243349,0.825625057196511,0.681331605996272,0.579170755884022,0.77451066810167,0.675382158748533,0.638999027995427,0.709657325180301,0,0,0,0.127153041639815,0.102926668082288,0.151924137651481,0.0931075238489131,0.0704986906082764,0.117228425370978,0.104357275762739,0.0842165577571639,0.126537696640375,4.31152201154372,4.19399440227995,4.44710814610508,3.999,4,4,NA,NA,NA,4.341,4,5,4.001,4,4,6.58,6,7
2024-03-11,0.759292291772841,0.726559906682651,0.791932623084702,0.785970229607517,0.752080064206504,0.819001021051261,NA,NA,NA,0.68016839955557,0.61082439621082,0.743570588575287,0.782694926139745,0.742094427622274,0.820845943276943,0.663591442204479,0.562572956908835,0.756786815228462,0.672986091966306,0.637683733461495,0.706144112315206,0,0,0,0.127389338161371,0.104087858318862,0.151291538403809,0.0944208352114087,0.0725008633283657,0.117773830512586,0.105203734660914,0.0851135623777969,0.126595896533508,4.34073166243099,4.20995787175785,4.47377844613481,4,4,4,NA,NA,NA,4.429,4,5,4.003,4,4,6.719,6,7
2024-03-12,0.754453545890711,0.722897399448577,0.785541407012726,0.782814451581537,0.750497132964235,0.814904753205586,NA,NA,NA,0.675193281966837,0.606607944442675,0.738082975089873,0.779347040018357,0.738940799436353,0.816131611006166,0.648065969411316,0.548306893113317,0.740683446920001,0.670792527285764,0.636534788278615,0.702543046512591,0,0,0,0.127609344508247,0.105150333680103,0.150332559459856,0.0956282335632806,0.0742484771055945,0.118359309638169,0.105969894642708,0.0861321082468131,0.126831904075815,4.36665101554278,4.23314609523082,4.48841184818505,4,4,4,NA,NA,NA,4.542,4,5,4.009,4,4,6.797,6,7
2024-03-13,0.749989611252817,0.720586799761531,0.779495846914072,0.780003805886253,0.749311674917939,0.810509768994015,NA,NA,NA,0.670984689632311,0.605183040655637,0.732826739395211,0.776006105363218,0.736920730983063,0.810868007741272,0.633023598068691,0.53815768324492,0.725429001472947,0.668834816672662,0.635652031652323,0.699505204464883,0,0,0,0.127806724940486,0.106147258938138,0.149902194334266,0.0966979459277122,0.0758254637211518,0.118898659221512,0.106660512459139,0.0872672798988719,0.12733027351102,4.38664124386514,4.26330960904228,4.49770829339929,4,4,4,NA,NA,NA,4.62,4,5,4.017,4,4,6.862,6,7
2024-03-14,0.746113855218079,0.718476547448594,0.774000379504067,0.778125711928567,0.748549708919181,0.806347914786476,NA,NA,NA,0.667620136923013,0.602093900605905,0.728156985162545,0.772833788182163,0.735378302343154,0.808599615093448,0.616746141268285,0.527034105976392,0.70545729974874,0.666820117348935,0.63449863319516,0.696991609729484,0,0,0,0.128009544509852,0.106947510559595,0.149718580906183,0.0977844711310338,0.0774714584054456,0.119643392547621,0.107385867010179,0.0884904260176909,0.127363732896654,4.39712715743679,4.27805988375214,4.5010032543476,4.001,4,4,NA,NA,NA,4.641,4,5,4.019,4,4,6.907,6,7
2024-03-15,0.737637713861477,0.709843314385292,0.766730533424811,0.772068459298382,0.741108142410712,0.801600362363221,NA,NA,NA,0.660235078793218,0.59822972489507,0.718292422913207,0.764400016040873,0.721078037081436,0.803686892779542,0.59377836815504,0.502871233075907,0.683018197357989,0.664350992581966,0.633139818397006,0.693466784891916,0,0,0,0.128260549108962,0.107759617546762,0.148708491625945,0.0991147430801127,0.0795274830163545,0.119812035860349,0.108273715228959,0.0896978421415253,0.127825678677482,4.4128602706341,4.29879869228292,4.5069297922108,4.003,4,4,NA,NA,NA,4.699,4,5,4.025,4,4,6.941,7,7
2024-03-16,0.723039276011474,0.691371412092398,0.756333667574903,0.760175548001533,0.724341534191807,0.794930358527124,NA,NA,NA,0.647360786262718,0.584624139080361,0.709860335793433,0.749130496603742,0.698637023138289,0.795591503149576,0.563697052998342,0.467064784490091,0.655516441885249,0.661277737452363,0.631260557109767,0.689793865285855,0,0,0,0.128579470643144,0.109199993086541,0.147613442657605,0.10078713414187,0.0819585582894241,0.121029999840249,0.109355657762623,0.0910103812009136,0.128047879311428,4.44409100327615,4.31645315855888,4.52059875780034,4.019,4,4,NA,NA,NA,4.784,4,5,4.039,4,4,6.985,7,7
2024-03-17,0.700808633206306,0.664059792262113,0.737661007937974,0.740488278065351,0.700381059605678,0.780343993050263,NA,NA,NA,0.627791869739464,0.557716829088308,0.696085570575983,0.725456298684558,0.668112601493497,0.778932735226869,0.527392669683992,0.421515368130209,0.626085289291408,0.657797935226153,0.629750337122986,0.685190675552622,0,0,0,0.128948789960712,0.11067133005959,0.147073097250959,0.102701649335308,0.0847284088335747,0.121540480169025,0.110551625477827,0.0928189397314803,0.128326135100393,4.50489820493269,4.35483725975984,4.59855764734974,4.07,4,4,NA,NA,NA,4.873,4,5,4.074,4,4,7.064,7,7
2024-03-18,0.669345094081584,0.630196640145896,0.706216498411377,0.710748773962346,0.667245406551361,0.753053246924778,NA,NA,NA,0.600173638005147,0.526337148405269,0.671533903521359,0.692256304164994,0.627480210597792,0.750704689826624,0.486093208769993,0.377215590865721,0.590772500562045,0.654251812549124,0.627708369440904,0.680807095246815,0,0,0,0.129333748659065,0.111941380738054,0.14670712647254,0.10467346906997,0.0873994915529008,0.123092823259387,0.111740969721842,0.0945500190053576,0.128925130980645,4.64543886947517,4.41248326380276,5.20707766045891,4.223,4,5,NA,NA,NA,4.955,5,5,4.169,4,5,7.204,7,8
2024-03-19,0.631487947707548,0.590588988097148,0.670364890004618,0.673382817555839,0.627520070116119,0.718354722016102,NA,NA,NA,0.566872566353522,0.496367211012836,0.638667951234314,0.653334788070835,0.587111013266448,0.712684508156648,0.444092185407494,0.342954495451379,0.548611671043165,0.650987497525827,0.625642185525638,0.676285609943126,0,0,0,0.129696519666639,0.112623043654691,0.146341133722402,0.106510261040594,0.0897023084854589,0.124469703862962,0.112805721766939,0.09635101284935,0.129807992782114,4.91304391109843,4.45070490910237,5.33118871175436,4.545,4,5,NA,NA,NA,4.99,5,5,4.413,4,5,7.42,7,8
2024-03-20,0.608548780675987,0.566466025124166,0.649046888293055,0.650818251706263,0.604144317787693,0.696498587434841,NA,NA,NA,0.546640406718914,0.477977527646736,0.615118606789019,0.631099731647741,0.564960034172846,0.692260526621444,0.417597773854399,0.323561314847689,0.516029533641947,0.648327900571251,0.624077860374442,0.672752828621402,0,0,0,0.130000219048116,0.113402962817372,0.145924331470537,0.108032347825402,0.0916906360611278,0.125630436750431,0.113639532555231,0.0975347397505085,0.130520411014284,5.14450035198207,4.55601297717558,5.37083933157327,4.819,4,5,NA,NA,NA,5,5,5,4.66,4,5,7.623,7,8
2024-03-21,0.604831106725631,0.565141023508069,0.642811382584472,0.647752326829633,0.603540351609602,0.6911399174491,NA,NA,NA,0.543054379999284,0.479655635875629,0.608277013588013,0.629727953118665,0.568439845553228,0.686135631563399,0.409279374357857,0.319670590811264,0.497464586713837,0.646581961621131,0.622711026003513,0.670138711558961,0,0,0,0.13020688715131,0.113963753625801,0.145841387038142,0.109059030234819,0.0929694305404662,0.126278269311014,0.11415212099274,0.0982008618547486,0.130885006935381,5.25178641156877,5.13589460835302,5.38285103521077,4.937,5,5,NA,NA,NA,5.001,5,5,4.796,4,5,7.755,7,8
2024-03-22,0.619141468221296,0.585541806776318,0.653145205972275,0.663135015277133,0.62305841364048,0.701210674701459,NA,NA,NA,0.555121785309504,0.496104553862138,0.614890783729868,0.647393946787818,0.592718267271788,0.699597106650995,0.417412384239097,0.332326659515724,0.502771801909606,0.64589421349114,0.622255669793121,0.669311368922646,0,0,0,0.130293957221841,0.114086263661993,0.14587717364308,0.109487605819451,0.0935495049435053,0.126521211422425,0.114324223467569,0.098309265755815,0.131063836482706,5.27727219718199,5.19613158573135,5.38738458996316,4.958,5,5,NA,NA,NA,5.003,5,5,4.838,4,5,7.812,7,8
2024-03-23,0.639902605269163,0.608190136274689,0.670960032938951,0.684944522072568,0.650069397403184,0.719693434763954,NA,NA,NA,0.572843241281176,0.515885028553186,0.628344332103512,0.671350438047439,0.619981850681262,0.720742540384837,0.432491172871035,0.347357081239359,0.517113662188956,0.646030925265271,0.622312818915607,0.669409136803708,0,0,0,0.130282559872874,0.114054047505126,0.14584279003016,0.109429205742265,0.0934952343525305,0.126515393894443,0.11425730911959,0.0982637659159507,0.131038686967207,5.27232529257543,5.19060662006529,5.3860342819928,4.955,5,5,NA,NA,NA,5.003,5,5,4.827,4,5,7.798,7,8
2024-03-24,0.653361221368019,0.622907552528657,0.682964994184566,0.698868601409926,0.665510881108166,0.7331740567908,NA,NA,NA,0.584219314162154,0.530738997020231,0.639116326649024,0.687129214520757,0.638138556385854,0.735058793784928,0.443074027544581,0.359433444017251,0.52447779963105,0.646466828771654,0.622671069938579,0.669969460887004,0,0,0,0.130231674013452,0.114016637368759,0.145830516669301,0.109177381368291,0.0932307128269302,0.126319519699842,0.114124115846603,0.0981735982255197,0.130882636250348,5.25785904883946,5.1538059355544,5.38278857282562,4.944,5,5,NA,NA,NA,5.002,5,5,4.803,4,5,7.761,7,8
2024-03-25,0.660224929613519,0.630009034230566,0.689782120578357,0.705852173500568,0.673036838464585,0.739667501125951,NA,NA,NA,0.589820535196864,0.536234543499516,0.642627178865921,0.696045323161187,0.648826051359231,0.742116917126737,0.448496758847961,0.366929671545924,0.532056415595578,0.646742625942152,0.6228580418501,0.670405178998909,0,0,0,0.130197613186051,0.113947584289672,0.145868759483845,0.109009113855026,0.0929294184209582,0.126241072262178,0.114050647016771,0.0980721758535578,0.130796583948083,5.26082504983692,5.15924048712925,5.38320075376619,4.949,5,5,NA,NA,NA,5.002,5,5,4.807,4,5,7.757,7,8
2024-03-26,0.663221865824282,0.632479217000575,0.692607217613845,0.708641643728562,0.675215596038671,0.741308019225769,NA,NA,NA,0.591785272240232,0.537554313831024,0.645780028820332,0.700981116563943,0.654966446528403,0.745885587923966,0.451879316374396,0.370138695718688,0.536348645503709,0.6468023975901,0.622973611539347,0.670512134789475,0,0,0,0.130194216624334,0.113937267042984,0.145881191061039,0.108989887953878,0.0929220375584577,0.126238761975441,0.114013497831688,0.0980160340268142,0.130774893293737,5.27835768330448,5.19601611745122,5.38487735048033,4.962,5,5,NA,NA,NA,5.005,5,5,4.845,4,5,7.798,7,8
2024-03-27,0.672445792844861,0.641195506076855,0.701877493132086,0.717700892070714,0.683709177974206,0.750536815530968,NA,NA,NA,0.599189865522645,0.542189491469088,0.653102870545704,0.711551530336408,0.664989004536992,0.755551688910534,0.462357838607382,0.379419073678613,0.54753951270045,0.647172632945389,0.623140495566697,0.670923180078048,0,0,0,0.130162615100715,0.113863784380258,0.145929298096411,0.108827548950057,0.0926841911634473,0.126267624838406,0.11383720300384,0.097797819581012,0.130650856722729,5.27744538966099,5.19525912278555,5.38283091390119,4.963,5,5,NA,NA,NA,5.003,5,5,4.843,4,5,7.793,7,8
2024-03-28,0.681864177441096,0.651380014378659,0.711072627878065,0.72660648617644,0.693187116906232,0.758940535326254,NA,NA,NA,0.607188781126222,0.548250945487217,0.661411881077393,0.720876370991937,0.675091149327834,0.76403843464166,0.475284192408258,0.391551921213809,0.561691624087533,0.648332338935052,0.624013737707355,0.672405588846643,0,0,0,0.130037058775663,0.113627011769982,0.145931334416633,0.108200439675089,0.0918696559048824,0.125891439819546,0.113430162614196,0.097247860638534,0.130350327590376,5.22121043596375,5.08385991698963,5.37384461408972,4.908,5,5,NA,NA,NA,5.002,5,5,4.751,4,5,7.707,7,8
2024-03-29,0.687385097600228,0.657624823400586,0.716301470618275,0.731668216057186,0.699332667298359,0.763212548259151,NA,NA,NA,0.612637887671707,0.554782543658443,0.667928848307805,0.725480558662217,0.678675047794671,0.767892378714184,0.483213905039754,0.398352384166881,0.568537391412225,0.649749224201139,0.624916307804891,0.674248245983341,0,0,0,0.129867715831746,0.113037993549328,0.146260660877581,0.107361804511774,0.0908591414354818,0.125084425142865,0.113021255455341,0.0966303249074645,0.129936467625564,5.09727777364152,4.51730760617571,5.35882357270862,4.771,4,5,NA,NA,NA,4.994,5,5,4.6,4,5,7.561,7,8
2024-03-30,0.69157494753917,0.661153358817353,0.721417796519699,0.736471931385236,0.704169639005267,0.76966993154122,NA,NA,NA,0.617855548656196,0.562874043363303,0.673915140502169,0.728391414873926,0.680146777450247,0.773336256274593,0.483748750081192,0.394498473258763,0.568542475613268,0.650172991895168,0.625199787675165,0.675039601221385,0,0,0,0.129801887917021,0.112855004354291,0.146245939716844,0.107042120469871,0.0904301049811507,0.124763222986158,0.112982999717939,0.0965405924753116,0.129835529267882,5.00171871974301,4.46947022982774,5.34648316404919,4.66,4,5,NA,NA,NA,4.994,5,5,4.481,4,5,7.467,7,8
2024-03-31,0.683447330944324,0.651080120933495,0.715858805486399,0.729495547419111,0.693541658142462,0.764911121922453,NA,NA,NA,0.612529246123135,0.556687642094186,0.669775286545813,0.717849582018663,0.665191349168503,0.767235866794292,0.469382858253946,0.377546425394619,0.558186674437221,0.6490246191067,0.624384290615246,0.673390744013098,0,0,0,0.129917660120728,0.113203032881325,0.146102852867823,0.107625127472959,0.0911336779217871,0.125186309068975,0.113432593299613,0.097199023645446,0.130450489259067,5.0375145614344,4.47605171063422,5.35266407453211,4.707,4,5,NA,NA,NA,4.994,5,5,4.505,4,5,7.48,7,8
2024-04-01,0.666035023618427,0.631659629028849,0.699241975308748,0.713301385776578,0.675685434532241,0.75026871529012,NA,NA,NA,0.598653039915971,0.53483809642403,0.658291326619709,0.697907020396994,0.639559569022644,0.752238745816612,0.445685421268234,0.352197863757362,0.536695218587462,0.646801937441868,0.622698511526805,0.670379009228728,0,0,0,0.130164192094959,0.113911787524046,0.145840350620153,0.108854271577266,0.0925992238339934,0.126239092453532,0.114179598885907,0.098159348331954,0.130848472590897,5.13632031329682,4.54832526655081,5.36975748314584,4.815,4,5,NA,NA,NA,4.997,5,5,4.629,4,5,7.596,7,8
2024-04-02,0.639962234505673,0.60628501139434,0.673031354995397,0.687531190433113,0.649746729332241,0.725177967644052,NA,NA,NA,0.576229752536425,0.514789881012981,0.636056831154252,0.670900339993604,0.612551090432554,0.724999622675067,0.417014659486985,0.327372753139616,0.504440080483169,0.644409836903422,0.62097374455676,0.667541484154839,0,0,0,0.130438570498727,0.114224657029217,0.14588633444715,0.11021401695783,0.094431278830815,0.126953477504734,0.114937575640022,0.0992366425750697,0.131554189008481,5.24474193383458,5.11799832095384,5.38414198575338,4.93,5,5,NA,NA,NA,5.002,5,5,4.77,4,5,7.737,7,8
2024-04-03,0.612659891914217,0.580076558563035,0.645549025316361,0.659565952760243,0.62167520345388,0.695857334951617,NA,NA,NA,0.551945263352384,0.498482081892146,0.608799735856696,0.645443605520919,0.590642345145339,0.696666434327216,0.390024291038387,0.307897204643213,0.471830135317242,0.642489107700765,0.620008133696681,0.665500051421585,0,0,0,0.130661831556674,0.114667404269767,0.145783576544265,0.111314603310856,0.0955855645420012,0.127783277495518,0.115534457431705,0.099989729125543,0.131921203958157,5.30572328030059,5.21764314372858,5.39569646057223,4.98,5,5,NA,NA,NA,5.006,5,5,4.895,4,5,7.85,7,8
2024-04-04,0.619971501102874,0.588355441911725,0.651780747288614,0.668377487895838,0.632302368823463,0.70366948677502,NA,NA,NA,0.559121395508241,0.508531269916962,0.611719697721074,0.657326046250864,0.60575765555017,0.706954174257349,0.386258602434591,0.304636525574678,0.46818643894634,0.641022840293496,0.618728591646082,0.663997564529149,0,0,0,0.130827987855267,0.115270864388131,0.1459880280942,0.112130783691626,0.0967926377002348,0.128308733929557,0.116018388159611,0.100344381794283,0.132453621006693,5.31906125868232,5.22553753830497,5.40064717454092,4.989,5,5,NA,NA,NA,5.014,5,5,4.922,5,5,7.869,7,8
2024-04-05,0.632730983090824,0.599716065688074,0.665295507321609,0.683403865986091,0.646571472062918,0.720382525132124,NA,NA,NA,0.572771170654172,0.521301268980174,0.627178860116339,0.673274637309062,0.621453288230905,0.723518068676437,0.384314685208342,0.299794850892722,0.467899208335261,0.639381712279553,0.616904227820509,0.662339549347171,0,0,0,0.131008693041043,0.115789771709194,0.146296374295524,0.113015231393706,0.0978995352580376,0.128863024102838,0.116594363285698,0.100640735218684,0.133001250765195,5.32586050995207,5.22830603222585,5.40904504194179,4.993,5,5,NA,NA,NA,5.025,5,5,4.925,5,5,7.875,7,8
2024-04-06,0.625392656760395,0.589317994612074,0.661437085283961,0.677340371493153,0.636467086594381,0.716257310723793,NA,NA,NA,0.570629341362657,0.512993917417827,0.628832629171409,0.664975903360723,0.606795006860137,0.720369280881405,0.367850471527299,0.27969444764202,0.461611505430382,0.637012023476973,0.614345362990634,0.659941938636399,0,0,0,0.131274162091812,0.116086462469344,0.146252381878216,0.114306940485159,0.0994073135986498,0.129897370701167,0.117406873946057,0.10123382239373,0.134542916114652,5.33332306181765,5.22924693993725,5.4248448602361,4.993,5,5,NA,NA,NA,5.034,5,5,4.912,5,5,7.922,7,8
2024-04-07,0.603338894511743,0.562243782655433,0.644085764351459,0.655624800599631,0.607919822897682,0.700340348360718,NA,NA,NA,0.557618747427624,0.487998741800441,0.624287216818927,0.637289741459001,0.568129817690601,0.703371096313715,0.342899445922645,0.246768499493083,0.447880419758042,0.633891754776187,0.611364090680525,0.656635000255428,0,0,0,0.131637087815228,0.116047879308035,0.146487760540206,0.116061187319389,0.101273409286852,0.131107137369809,0.118409970089196,0.102022648296808,0.136077651861339,5.35231530983057,5.24312753520403,5.47068474025586,4.995,5,5,NA,NA,NA,5.057,5,5,4.914,5,5,8.021,7,9
2024-04-08,0.573722085812988,0.524647649723211,0.620957118893313,0.625448736737749,0.569579806232645,0.677510840190848,NA,NA,NA,0.539255070607647,0.452247191621288,0.620339093144006,0.597244756002187,0.509094312408539,0.678469571972026,0.317484722544528,0.213209918164743,0.430879861522915,0.630723766580602,0.607774125032806,0.653707906038901,0,0,0,0.132021118195432,0.116384265376742,0.147267389956193,0.117905092181839,0.103344643196875,0.132804334354257,0.119350023042126,0.102430330728366,0.137383528589807,5.3800700158265,5.27616293357307,5.50766832713402,4.997,5,5,NA,NA,NA,5.087,5,5,4.941,5,5,8.162,8,9
2024-04-09,0.532896514780574,0.476926817235188,0.585494509473863,0.58238276341174,0.517788248424186,0.644321818107004,NA,NA,NA,0.508998842909037,0.402283220725864,0.604175562790914,0.544044838052751,0.440454824626845,0.640539027709864,0.291214793391209,0.184451983889873,0.409857861465474,0.628530021891202,0.605067511079915,0.651126869973579,0,0,0,0.13229936188088,0.11640355812368,0.14781915688286,0.119231821193749,0.104550856183935,0.134030068788724,0.11993879503417,0.102499993829483,0.138371562288687,5.41134436790446,5.30984351164276,5.54355377561578,5,5,5,NA,NA,NA,5.103,5,6,4.98,5,5,8.334,8,9
2024-04-10,0.478965891322323,0.419709296657488,0.533484670148206,0.524112277837947,0.45529482946339,0.588379824716196,NA,NA,NA,0.460781288363499,0.354118775851782,0.56133725629609,0.482493185899558,0.379076326092572,0.579786633383288,0.261685030673054,0.162683936759523,0.370233448286019,0.627766378347998,0.604174714910045,0.650407386903463,0,0,0,0.132406306756022,0.116216496861687,0.148223151887672,0.119736516180307,0.104888086380306,0.134693783954128,0.120090798715673,0.102585530199968,0.138613595773619,5.43263056857893,5.31835532171636,5.56580709647691,5,5,5,NA,NA,NA,5.119,5,6,4.999,5,5,8.47,8,9
2024-04-11,0.413202234318909,0.343113888673094,0.48292435334074,0.452062828187155,0.371251770184176,0.528964515731461,NA,NA,NA,0.395127418279311,0.298888534094333,0.494394940522924,0.417184765218745,0.322011775555867,0.515236953781756,0.227393754824211,0.140484402334599,0.319820902098087,0.628137278563759,0.604806310199203,0.650641281385149,0,0,0,0.132371631650795,0.116268655947172,0.148123249462536,0.119567421889282,0.104776921074985,0.134544216158445,0.119923667896163,0.102505568670552,0.13848166455431,5.45153504280154,5.32760427112564,5.59415347828807,5,5,5,NA,NA,NA,5.204,5,6,5.003,5,5,8.535,8,9
2024-04-12,0.376896579326231,0.292400548904231,0.461127142271688,0.411727489333537,0.318488236841817,0.50165242069543,NA,NA,NA,0.355766751791819,0.262360217196611,0.451226352146633,0.385606897074933,0.285165109979434,0.485137363946603,0.209806521421037,0.127670505177503,0.297923706672986,0.629132891516262,0.606071265078745,0.651867580667919,0,0,0,0.132255829546648,0.116496058256684,0.147809829797166,0.119014169386762,0.104426258513346,0.13379735586438,0.119597109550327,0.102382408654969,0.138004651497018,5.47985856515136,5.33584716543951,5.62336989574881,5.008,5,5,NA,NA,NA,5.353,5,6,5.01,5,5,8.567,8,9
2024-04-13,0.451576955141346,0.388365971351216,0.513908905978083,0.492499427046947,0.422038131228985,0.561692393625953,NA,NA,NA,0.422858632949094,0.338965735092648,0.507817204958923,0.466334870065968,0.382618020026208,0.551457900494726,0.254127289011495,0.167128935607696,0.344342550302724,0.630298374058498,0.607581992907446,0.653222285586272,0,0,0,0.13211457146936,0.116544835406341,0.147645100371669,0.118341196203575,0.103833048546667,0.133439840303932,0.119245858268567,0.102325310517521,0.137466131513909,5.44216838957302,5.32085521717923,5.58637637524997,5.001,5,5,NA,NA,NA,5.247,5,6,4.999,5,5,8.428,8,9
2024-04-14,0.531564574003529,0.480292405628894,0.581039091715168,0.579130140257394,0.518355367388259,0.63474911109391,NA,NA,NA,0.497281644518912,0.407749173333962,0.585258774939612,0.54919690114726,0.463221350726802,0.629642620058335,0.30178657588783,0.201100687309113,0.411046012508085,0.631266753848993,0.608574670028005,0.65401732483071,0,0,0,0.131991919290939,0.116356511350954,0.147210342520145,0.11775832324789,0.103305658727338,0.13275992730833,0.118983003612179,0.102289257785578,0.137014506073249,5.40888241678239,5.31173760989164,5.54025969161196,5,5,5,NA,NA,NA,5.142,5,6,4.998,5,5,8.28,8,9
2024-04-15,0.530748749995864,0.473735898201911,0.584625864548423,0.578108308645377,0.512290070364905,0.640922730451943,NA,NA,NA,0.499639948311234,0.400043887079164,0.596058872352366,0.544312213820318,0.447517042734556,0.635192070427149,0.302326147035145,0.195877533786062,0.41982640586012,0.631673706492515,0.608976874320986,0.65450296201417,0,0,0,0.131931247210604,0.116259184498628,0.147203727205014,0.117473099232323,0.102906300349844,0.13243681481224,0.118921947064558,0.10229717973315,0.136856439567361,5.39170477647338,5.30040697862121,5.51713518159646,5,5,5,NA,NA,NA,5.109,5,6,4.983,5,5,8.189,8,9
2024-04-16,0.511744666184808,0.446296490146782,0.572261607980128,0.557758309356861,0.481764581508397,0.630275283791639,NA,NA,NA,0.488759166036052,0.373332588379383,0.595116684086185,0.517273431857935,0.407374264453107,0.620749853087648,0.29004523418572,0.173562417323931,0.418921054223591,0.631183398605882,0.608363261519845,0.65397854120312,0,0,0,0.13197668093627,0.116374402012332,0.147178451551369,0.117695219286217,0.103190045620492,0.132532016483002,0.119144701171632,0.102340786838476,0.137103648954532,5.37150277795976,5.26754435637722,5.50001878413517,4.997,5,5,NA,NA,NA,5.076,5,5,4.926,5,5,8.123,8,9
2024-04-17,0.46920143721449,0.395642214995549,0.538983380150395,0.512032594794746,0.42411107105573,0.596098494695921,NA,NA,NA,0.458431343041273,0.326385649874329,0.578973173871606,0.463959640499326,0.339070941060384,0.584866696348103,0.262857919268797,0.140402255373732,0.406225963689722,0.629785709036536,0.60662468046294,0.652733848877255,0,0,0,0.132135473842468,0.116493984590387,0.14759967927832,0.118456400278181,0.103947139008897,0.133499902528886,0.119622416842814,0.102465634375027,0.137815101160464,5.35364683600964,5.23429365689593,5.49151791920192,4.989,5,5,NA,NA,NA,5.051,5,5,4.856,4,5,8.1,8,9
2024-04-18,0.379069799106101,0.29315625256845,0.462734837486869,0.414175492857517,0.314302833249449,0.511212135424004,NA,NA,NA,0.380902112674679,0.251341985989647,0.515811773020571,0.364973286839821,0.2362850477096,0.496231063719802,0.209513104636642,0.0983618665064033,0.343294220873043,0.627891121180002,0.604244028536456,0.650508130602596,0,0,0,0.132362852084575,0.116264317333292,0.148107754391322,0.119539719434593,0.104637462915571,0.134434344567838,0.12020630730083,0.10262430578096,0.138753882537291,5.35366586908779,5.22863366583006,5.50096338326714,4.984,5,5,NA,NA,NA,5.041,5,5,4.825,4,5,8.153,8,9
2024-04-19,0.259139375005122,0.160979396224492,0.363250728983184,0.283302943017336,0.170207240584372,0.398340570917882,NA,NA,NA,0.267316016321922,0.14219329201334,0.406581085523174,0.243078933305546,0.123418777062286,0.379197166733378,0.142168941909747,0.0557804237584289,0.256901041888575,0.626168928392207,0.602205379835053,0.649511890705043,0,0,0,0.132580888819692,0.116018414521105,0.148518664495272,0.120572206761744,0.105711738451514,0.135691129803172,0.120677976026358,0.102745456959768,0.139475450453491,5.39291492905858,5.28698005298504,5.52446247332528,4.994,5,5,NA,NA,NA,5.059,5,5,4.91,5,5,8.311,8,9
2024-04-20,0.17581979625803,0.0788176884243949,0.286791483606449,0.19222967416945,0.0847854418659335,0.31451274111433,NA,NA,NA,0.183903093785351,0.0751313406274154,0.317580002162818,0.161911572196637,0.0622605233692534,0.292707637794066,0.0969162580084718,0.0288354512813352,0.195936106864626,0.625361003967513,0.601091120067569,0.64884333111872,0,0,0,0.13269779858137,0.115988920733937,0.148638730982063,0.121119540783287,0.106205618200493,0.136462589680184,0.120821656667829,0.102745640742949,0.139628158587154,5.44053198067714,5.32150265320135,5.57404067705141,5,5,5,NA,NA,NA,5.116,5,6,4.993,5,5,8.524,8,9
2024-04-21,0.126490322872024,0.0405128472767315,0.234655648234309,0.138336629557429,0.0445008063382209,0.253024364706749,NA,NA,NA,0.131388718936596,0.0396238067326742,0.261350828682095,0.115916174682393,0.0328471427153881,0.230561360403278,0.0708741253566066,0.0155367419299321,0.148141681347746,0.625945042964132,0.601913959871071,0.649326612889313,0,0,0,0.132646706582988,0.11597056334993,0.148633978095821,0.120869392440917,0.106006394255169,0.136214673299527,0.120538858011963,0.102776770353897,0.139268638586221,5.49307284849395,5.34539907402223,5.64234565698258,5.014,5,5,NA,NA,NA,5.288,5,6,5.023,5,5,8.677,8,9
2024-04-22,0.104624552915593,0.0273767809401417,0.207942550947012,0.114479914196944,0.0289198238469755,0.2278038005985,NA,NA,NA,0.106016644539058,0.0262974587051278,0.221899644991942,0.0969231505287439,0.0230846007344161,0.205439289269542,0.0597288767857592,0.0112779132625766,0.129906688186887,0.627731289704364,0.604310592702503,0.65032430160493,0,0,0,0.132438755313319,0.116139125053769,0.148270416073105,0.119878973353657,0.104981991395202,0.135016462626377,0.119950981628661,0.102507290210748,0.138479534973271,5.65160404749654,5.38175859414808,6.23537431180489,5.165,5,6,NA,NA,NA,5.595,5,6,5.17,5,6,8.741,8,9
2024-04-23,0.121431160397672,0.035370762212657,0.235133533137457,0.132854189064392,0.0379254754829688,0.254657111432717,NA,NA,NA,0.120213390012349,0.0340676753903164,0.243848783158045,0.114554531398479,0.0315661098868681,0.231811339002405,0.0699006458150929,0.0155488529252229,0.145748426614455,0.629790938436648,0.606965630811147,0.652720489269224,0,0,0,0.132179873007219,0.116504846415452,0.147717711244088,0.118652164835739,0.104077085250367,0.133525147540833,0.119377023720394,0.102364451897166,0.13766584642276,5.58609776075146,5.35499357815322,6.110649949954,5.107,5,6,NA,NA,NA,5.593,5,6,5.104,5,6,8.586,8,9
2024-04-24,0.1444896763911,0.048761823022229,0.265259908730464,0.158055985555796,0.0529032775674492,0.2861372259961,NA,NA,NA,0.141138675748947,0.0469375557823484,0.267959406623904,0.138801848546943,0.0451012412977585,0.265531652134126,0.0826235023806864,0.0214577740029558,0.165862663686133,0.630907685284892,0.608239461016406,0.653842095762137,0,0,0,0.132021786093246,0.116394180212161,0.147303136298539,0.117908513576108,0.103314456491899,0.132909419117977,0.119162015045754,0.102332995395533,0.137175574177251,5.54623327183711,5.34287486270414,5.71655581505795,5.079,5,5,NA,NA,NA,5.581,5,6,5.057,5,5,8.467,8,9
2024-04-25,0.210890546817059,0.0990392763769039,0.337271445961838,0.230723218353307,0.106485305376695,0.367872192030134,NA,NA,NA,0.206543478759013,0.0921416923601906,0.346513878092307,0.204550713155309,0.0905328227971814,0.340718689369351,0.11827293102871,0.0413785237975313,0.216611508389065,0.630292793603787,0.607177318930064,0.653524834416252,0,0,0,0.132070935165213,0.116438973325447,0.147465223950302,0.118152167793531,0.1035821634706,0.13307953877804,0.119484103437468,0.102469699010753,0.137541013756474,5.42406053052835,5.31199635898664,5.56092910301216,5.001,5,5,NA,NA,NA,5.251,5,6,4.998,5,5,8.266,8,9
2024-04-26,0.264038982121119,0.156182187095983,0.374633246235901,0.289132875834781,0.167887604098533,0.41264363734939,NA,NA,NA,0.262698881215487,0.144236308824366,0.39572430857389,0.25637055906396,0.136603382857317,0.393027398051155,0.143380059965854,0.0593149514987941,0.251029803889588,0.627965091403611,0.604375159718766,0.650679321534783,0,0,0,0.132333131049462,0.116376340193084,0.147851977100374,0.119406868204444,0.104560279286666,0.134388470051071,0.120294909342483,0.102673998339731,0.138877735528534,5.39345764001031,5.29975430865216,5.51467074396,4.999,5,5,NA,NA,NA,5.096,5,5,4.982,5,5,8.189,8,9
2024-04-27,0.262084025099196,0.159622026488901,0.367000917290073,0.287317437604309,0.172541808178122,0.402640996207669,NA,NA,NA,0.267704397375306,0.148646371670833,0.400820052226266,0.253163575901728,0.136519461819261,0.387594732549723,0.136445859718976,0.0560505329193575,0.238600048664443,0.624498032724962,0.599379304732303,0.648334799328402,0,0,0,0.132742466997959,0.116025900309929,0.148715380062007,0.121352525126235,0.106263850356251,0.136643004089003,0.121406975150844,0.103055161682188,0.140397215122966,5.40305165222183,5.30322398856153,5.53309883845694,4.998,5,5,NA,NA,NA,5.09,5,5,4.969,5,5,8.264,8,9
2024-04-28,0.232994907452977,0.136101900097765,0.335196318374239,0.255481926113,0.146229858174735,0.367396359715053,NA,NA,NA,0.245795593243771,0.12924300986081,0.375628573484065,0.223716240956698,0.114361051224314,0.352552472606165,0.116004620075874,0.0442965601488589,0.20964742716353,0.620574303254656,0.594631826904444,0.646020397407821,0,0,0,0.133218289430535,0.115993748021008,0.149813946196744,0.123599723538397,0.108343921047549,0.139277671582869,0.122607683776412,0.103408724429173,0.142154056611577,5.43439627969418,5.31438195436731,5.57444632807598,5,5,5,NA,NA,NA,5.133,5,6,4.984,5,5,8.414,8,9
2024-04-29,0.185024548964961,0.0932456598853571,0.285637087918037,0.202563716272247,0.100191193998867,0.311714796294538,NA,NA,NA,0.202353437479102,0.0950023452369928,0.329420269668475,0.176740414748701,0.0780566165535078,0.298360104239641,0.0884784345779327,0.0290110631761315,0.170407370520604,0.616808809386708,0.58986997039399,0.643074435446847,0,0,0,0.133687463042392,0.116160951889383,0.150862019564283,0.125800465383392,0.109959939262788,0.141715225501639,0.123703262187507,0.103931197418127,0.144207412931106,5.50784800692634,5.34854367673133,5.67007772299051,5.006,5,5,NA,NA,NA,5.335,5,6,4.995,5,5,8.716,8,9
2024-04-30,0.190536861461163,0.104228857294063,0.281780536243697,0.208132174135034,0.110585856540392,0.310119330452613,NA,NA,NA,0.214899392975191,0.106011679038722,0.3425789644344,0.18089044252153,0.0834511329921989,0.299288830252976,0.0888075365178893,0.0308066014592027,0.167432874349701,0.613805935547209,0.586008538314154,0.64100349111458,0,0,0,0.134076945232557,0.115723360151334,0.152248306092027,0.127614338070324,0.111040345360356,0.143854781918456,0.124502781149911,0.104151752541875,0.145547370836101,5.56985879445786,5.3943603152847,5.73672855898823,5.029,5,5,NA,NA,NA,5.402,5,6,5.014,5,5,8.988,8,10
2024-05-01,0.183250553870528,0.103049838459306,0.266383012660273,0.199992673360257,0.106780640040213,0.293815563304224,NA,NA,NA,0.209034031668954,0.10419888872485,0.330655330571209,0.173386828542006,0.0809316060009192,0.287655408507273,0.0849107941520046,0.0307326500976301,0.158221987439239,0.612230887827296,0.58390740496144,0.640335948226449,0,0,0,0.134303414228237,0.115890560381118,0.152611013711506,0.128658319148208,0.111562257125499,0.145275330750332,0.12480737879626,0.104120039291921,0.146334239808843,5.75177234729355,5.44359107109553,6.30922270188938,5.219,5,6,NA,NA,NA,5.533,5,6,5.134,5,6,9.237,9,10
2024-05-02,0.15044415784936,0.0719447956316165,0.239547763974981,0.164487796377413,0.0766625384647023,0.261205904801923,NA,NA,NA,0.16693815194922,0.0740214253680824,0.276518001727811,0.144030159865136,0.0614955242720217,0.245774000912253,0.0712143858933445,0.024365089294445,0.134242814817578,0.612691396891044,0.584695630177308,0.640524427308099,0,0,0,0.134281741338001,0.115933869767367,0.152590044322006,0.128543922546244,0.111526950683931,0.145152989385435,0.124482939224711,0.103884043069116,0.145536256688068,6.15764635399279,5.58671921114054,6.51490895067401,5.697,5,6,NA,NA,NA,5.83,5,6,5.516,5,6,9.438,9,10
2024-05-03,0.13975093881244,0.0655067318692335,0.227794064219022,0.153171960629148,0.0699613015254942,0.250314648773035,NA,NA,NA,0.146952846934174,0.0666194147367081,0.252196202170025,0.136818251373959,0.0582981299189161,0.23446219296623,0.0690369601118256,0.025187742088608,0.13098023698198,0.615198861856292,0.587966589486115,0.641765831120601,0,0,0,0.133992521587751,0.11586745709298,0.151546284035548,0.127186766521727,0.110883992226972,0.143256470587828,0.12362185003423,0.103752027193362,0.144104718297832,6.37848924082407,6.20200120505311,6.57366433986282,5.945,6,6,NA,NA,NA,6.014,6,6,5.791,5,6,9.529,9,10
2024-05-04,0.237054837484252,0.153648616869541,0.325196818443614,0.25989046581707,0.165483769124278,0.359369318665684,NA,NA,NA,0.241567177504106,0.146531199442062,0.350416740393186,0.234575314024876,0.139224158393422,0.34151615813084,0.12081343233611,0.0569578888654636,0.196970475625543,0.618751069943356,0.592763528917471,0.643990725084223,0,0,0,0.13355175633692,0.116095407379709,0.150511798738603,0.125126161706328,0.109622618381787,0.141089206055211,0.122571012013397,0.103277341961878,0.14218102102599,6.0945347454864,5.54932115565462,6.44437750547539,5.674,5,6,NA,NA,NA,5.91,6,6,5.367,5,6,9.167,9,10
2024-05-05,0.374550949208823,0.30531461342995,0.445329883925126,0.410417034857714,0.329054621354521,0.492347662329408,NA,NA,NA,0.375646787777542,0.269333527274793,0.484704939202573,0.371178420251876,0.267534546418759,0.476883918645079,0.195593433490628,0.104374557549589,0.297116942705602,0.621992230427556,0.596648937567542,0.646524420775879,0,0,0,0.133136530978182,0.116132194088873,0.149650946009634,0.12318417599247,0.108022576269191,0.138848973847053,0.121687062601793,0.10312345357839,0.14075372657595,5.57393768772056,5.39201925868134,5.72337813056098,5.057,5,5,NA,NA,NA,5.547,5,6,5.017,5,5,8.811,8,9
2024-05-06,0.394765462549714,0.321206732919991,0.466228275561364,0.432255542214835,0.348582553898674,0.517299569295474,NA,NA,NA,0.39382528746107,0.279747105342336,0.509237145757251,0.389229494938971,0.278535311462706,0.499646447794769,0.210287039640455,0.109494660328951,0.327151066472451,0.624185425223161,0.599141761643707,0.647997841346354,0,0,0,0.132849882882239,0.116203178984214,0.149162613208692,0.121841849443979,0.106609085811644,0.137180561162222,0.12112284245062,0.102810146904448,0.140189451719889,5.4753754306392,5.33870538992937,5.62533056952571,5.003,5,5,NA,NA,NA,5.297,5,6,5,5,5,8.582,8,9
2024-05-07,0.346886091397076,0.263082183838893,0.431095439842931,0.379482596216365,0.281080784268059,0.475925769372386,NA,NA,NA,0.348330741589502,0.230374828642618,0.471391180290781,0.338380549572183,0.221921569333861,0.45790258214895,0.187015660806591,0.0896616637420332,0.304540923218725,0.625235086985338,0.600655896442847,0.648822430942031,0,0,0,0.132707256929109,0.11600665611831,0.148673539767458,0.121174703193817,0.106223587066504,0.13647956004482,0.120882952891736,0.102744994167157,0.139714359557654,5.44581067467916,5.32302808452334,5.5905253530926,5,5,5,NA,NA,NA,5.229,5,6,4.987,5,5,8.45,8,9
2024-05-08,0.345014955343429,0.257061558979396,0.430006867371176,0.377070610290165,0.275256778997653,0.479759884410021,NA,NA,NA,0.352995651367838,0.225305122462821,0.486149291491186,0.330964827148365,0.207008789883642,0.461027661485579,0.186377811205423,0.0832328455904385,0.316714395788166,0.625302288988921,0.600454389233357,0.648918940613816,0,0,0,0.132684701681258,0.115987836621456,0.148630391671314,0.121073964074144,0.106194370745517,0.13637022532696,0.120939045255678,0.102808920390823,0.139777418942093,5.40367686487264,5.28928106035093,5.54530710337348,4.997,5,5,NA,NA,NA,5.131,5,6,4.922,5,5,8.288,8,9
2024-05-09,0.285143939911541,0.19095929435871,0.378020786464979,0.311310990439423,0.201993226916637,0.422385137275981,NA,NA,NA,0.300632219537383,0.169375638867737,0.443120802323625,0.267208706778912,0.142127681774547,0.404923894619306,0.152992267118902,0.0584722897635041,0.277260055858809,0.624379785778422,0.599148964310603,0.648165736938633,0,0,0,0.132780823815633,0.116136740285593,0.14889623043109,0.121534475179845,0.106337869429697,0.136846910481129,0.1213049152261,0.102984220076131,0.140301354570917,5.35800516527494,5.23005780549298,5.51467107949247,4.977,5,5,NA,NA,NA,5.057,5,5,4.817,4,5,8.191,8,9
2024-05-10,0.174213333113152,0.0830200484167356,0.275851779621526,0.189848415804373,0.0859045683253051,0.306630658191915,NA,NA,NA,0.191163298522122,0.079771270537369,0.325291708266149,0.159226057526132,0.0604702006280543,0.289264063147061,0.0920240425955191,0.0256138954225702,0.189340587754548,0.622399846275671,0.596925959796488,0.646762297882787,0,0,0,0.133008642813609,0.116142203253207,0.149358930478063,0.122614614428531,0.107451198072106,0.138252397488698,0.121976896482189,0.103195708898479,0.141212481731726,5.34644068095445,5.21692171217862,5.51400435590816,4.966,5,5,NA,NA,NA,5.046,5,5,4.775,4,5,8.189,8,9
2024-05-11,0.101248006269069,0.0303653515802941,0.193251636601443,0.109960371112699,0.0320007082708604,0.211766806636594,NA,NA,NA,0.116473986467442,0.0315388175937624,0.239758954714655,0.0906408479670277,0.0213161771211297,0.19091616726838,0.0521441777871155,0.0091186389486331,0.11876119218376,0.619594852272017,0.593705150601333,0.645198442304417,0,0,0,0.133343311039826,0.116165842363492,0.150129668888308,0.124192535386573,0.109032779237057,0.139979861376337,0.122869301301585,0.103512244443521,0.142557568519215,5.36824033944277,5.23198863295583,5.53132447070852,4.973,5,5,NA,NA,NA,5.055,5,5,4.805,4,5,8.272,8,9
2024-05-12,0.0577248955589838,0.0102726689443421,0.125156122309128,0.0623774015009809,0.0105881806852273,0.138211907656998,NA,NA,NA,0.0699084121785224,0.011516607087844,0.162338682915161,0.0508579645038199,0.00703070622903879,0.12035552460848,0.0287617064459874,0.00276130049216684,0.0689991400656143,0.616353678027918,0.589269384391502,0.642832457647551,0,0,0,0.133739024475737,0.116080937845995,0.150968402768916,0.126048743123323,0.11013738488545,0.142019504218641,0.123858554373022,0.103992419352626,0.144358139993206,5.42299363030609,5.29555556931882,5.58252268931011,4.989,5,5,NA,NA,NA,5.113,5,6,4.9,4.90000000000001,5,8.453,8,9
2024-05-13,0.0383374634483579,0.00496534104216749,0.0876614414058166,0.0411829782020602,0.0049385294839385,0.0990042093837194,NA,NA,NA,0.0487151935932796,0.00560365295070901,0.121208271850937,0.0334075925745415,0.0031547081795313,0.0840379429917804,0.0184746528298403,0.00123919699689585,0.0455206345014755,0.613093711897941,0.585177025059015,0.640693519204367,0,0,0,0.134148288538545,0.115723613049248,0.152472804595865,0.127958530751959,0.111281099215285,0.144346416079415,0.124799468811554,0.104119126256493,0.146182417595845,5.48906971813988,5.341360420497,5.65311084751725,5.001,5,5,NA,NA,NA,5.221,5,6,4.979,5,5,8.697,8,9
2024-05-14,0.0283126619626919,0.00288152679889014,0.0660737859107835,0.0302610199342795,0.00278710205240778,0.0741606014921412,NA,NA,NA,0.0372911850710066,0.00347486777726848,0.094227356176162,0.0245029372789624,0.00180217395974984,0.0624694647263762,0.0132939600165956,0.000720336061065193,0.0326467157663231,0.610388346165394,0.581506626527439,0.639159918799967,0,0,0,0.134499021202485,0.115930976692435,0.152988395955437,0.129587410574845,0.111890874901714,0.1465204824149,0.125525222057275,0.104017328109337,0.147563424039351,5.57796220008081,5.39857686896425,5.75394036752267,5.027,5,5,NA,NA,NA,5.423,5,6,5.016,5,5,9.003,8,10
2024-05-15,0.0229137772609881,0.00198594666497529,0.0539187154359075,0.0244211109368966,0.00192429778989601,0.0593844972499592,NA,NA,NA,0.0307520375810648,0.00240748047125367,0.0771173790361989,0.019769066664784,0.00122471480648961,0.0504563058468117,0.0106104155981497,0.000492750230216526,0.0266422125210714,0.608696998993621,0.579384464529533,0.638043181213075,0,0,0,0.134725634768235,0.115625298791251,0.153764583212148,0.130635614480145,0.112760713469069,0.147914791339506,0.125941751757999,0.103989930914316,0.148578480245907,5.87780690900699,5.49695358658536,6.39096275312417,5.353,5,6,NA,NA,NA,5.796,5,6,5.121,5,6,9.287,9,10
2024-05-16,0.0250502110016752,0.00248898917880723,0.0585162780012041,0.0266542814814461,0.00243541335171089,0.0648449789591201,NA,NA,NA,0.0338675305354962,0.00316781056777794,0.0844420156993932,0.021642627477205,0.00155218991259066,0.0555791151593628,0.0115644288992571,0.000614107605124972,0.029322842219264,0.607986267040188,0.578482480615849,0.637859128619608,0,0,0,0.13482482483292,0.115581382080037,0.153873120061297,0.131093027358329,0.113161311044134,0.148789425380113,0.126095880768562,0.103832281770746,0.148982932113745,5.90213771583903,5.50435855066312,6.40368416597159,5.386,5,6,NA,NA,NA,5.798,5,6,5.13,5,6,9.308,9,10
2024-05-17,0.0257347836824145,0.00269993564372783,0.0598801551792265,0.0273653567978727,0.00265707017355633,0.0657728145919875,NA,NA,NA,0.0348648391902277,0.00343501918333052,0.0885612759227568,0.022235931040878,0.00165457638503736,0.0569124145214403,0.0118968205161454,0.000667643063083957,0.0303360210050179,0.607867508511103,0.578323475737757,0.637778837550664,0,0,0,0.134843006799577,0.115592112804171,0.153938640994363,0.131177077599792,0.113219582320462,0.148943972876112,0.126112407089527,0.103817660615338,0.149003163788042,5.9670510492609,5.53067059818857,6.42299749791967,5.476,5,6,NA,NA,NA,5.843,5,6,5.152,5,6,9.317,9,10
2024-05-18,0.0280169152890497,0.00326893394530994,0.0648318798305185,0.0297643855857972,0.00316344707728354,0.0705848580833594,NA,NA,NA,0.0380805790478764,0.0040965770955584,0.0944514025887764,0.0242021237303096,0.0019919211936357,0.0620990075442435,0.0129679443533589,0.000758339213804658,0.0329955521305197,0.607914603749614,0.578409943079648,0.637804479306759,0,0,0,0.134834448452271,0.115586628867674,0.153913914649651,0.131139096959073,0.113209250867582,0.148865493165511,0.126111850839041,0.103825590511053,0.149034125982325,5.96929672312564,5.53198384024419,6.41685127176835,5.49,5,6,NA,NA,NA,5.852,5,6,5.147,5,6,9.265,9,10
2024-05-19,0.0289939305867415,0.00354467689820307,0.066644405921301,0.03077183598631,0.00343983174541104,0.0720066496518393,NA,NA,NA,0.039612319200982,0.00436684492916111,0.0982303804973184,0.0250284985222453,0.00216057489927901,0.0644666220246277,0.0133823272486895,0.000820457708432313,0.0340214230181327,0.607783653131182,0.578268525730602,0.637748853436863,0,0,0,0.134843895430252,0.115592269333094,0.15392438752578,0.131185471489422,0.113223363035446,0.148960660128316,0.126186979949145,0.103843181857784,0.149233478208144,5.91121081828777,5.50960616915095,6.38075642562489,5.417,5,6,NA,NA,NA,5.839,5,6,5.129,5,6,9.19,9,10
2024-05-20,0.0243757419454443,0.00248289033131858,0.0568412418390122,0.0258411633155329,0.00242085755113653,0.0624502642753681,NA,NA,NA,0.0335577875622819,0.00317921997305089,0.0853530907761267,0.0210304112443375,0.00149197569478838,0.0541359280049094,0.0111446151172564,0.000589410299612718,0.0283395875422298,0.607229601302144,0.577569630870345,0.637373607292334,0,0,0,0.134904856307316,0.115581986691513,0.154214809460111,0.131470126170245,0.113329091991436,0.149413594477315,0.126395416220295,0.103968194428119,0.149700459659429,6.05012109953215,5.55681665810816,6.44176432620006,5.596,5,6,NA,NA,NA,5.913,6,6,5.237,5,6,9.227,9,10
2024-05-21,0.0235499445561882,0.00235133947305595,0.0549528680123243,0.0248902633665785,0.00227469928429101,0.0600246332533288,NA,NA,NA,0.0328752517579417,0.00307805533525566,0.0835578864587962,0.0203857394421746,0.00141856918026943,0.0528893081041729,0.0106242183156716,0.000536539921948039,0.0268537479184501,0.606168524399439,0.576404516616468,0.636520237300631,0,0,0,0.13503202356058,0.115423800255284,0.154859079386571,0.132059584609995,0.113700605638618,0.15043944495236,0.126739867429986,0.104067900472175,0.150348355026201,6.01508655592612,5.54551881724458,6.43812515815268,5.542,5,6,NA,NA,NA,5.906,6,6,5.217,5,6,9.228,9,10
2024-05-22,0.0217178658896075,0.00208036539660093,0.0506673191638643,0.0228370384913002,0.00196909302653742,0.0550863552243197,NA,NA,NA,0.0309662476082875,0.00274745970799653,0.0789431188685794,0.0188699362662471,0.00123850218028051,0.0491993722600529,0.00964954052819374,0.000455944368492832,0.0242703587125492,0.604732651556943,0.574360503220281,0.635828209701691,0,0,0,0.135210116497788,0.115109070064804,0.155548468715784,0.132882259388702,0.114301031402379,0.151975292600278,0.127174972556566,0.104046940302164,0.15125052455962,6.1173817467554,5.58135882462724,6.48220065966512,5.666,5,6,NA,NA,NA,5.945,6,6,5.303,5,6,9.299,9,10
2024-05-23,0.0238797410978357,0.00261851711059026,0.054893255900298,0.0249260862232105,0.00249969151878345,0.058137027085953,NA,NA,NA,0.0349945780889737,0.00352717860186352,0.0881802432796979,0.0208331772182924,0.00158978787718501,0.0548745734324552,0.01048485266967,0.000546421366731787,0.026557202249596,0.60311408375947,0.571996897304999,0.634948400269197,0,0,0,0.135414077279758,0.114562903022027,0.155954097294318,0.133822105366909,0.114631140646159,0.153649983056664,0.127649733593862,0.104148751808504,0.152151189255503,5.90801741809451,5.52520740851296,6.39349885757064,5.384,5,6,NA,NA,NA,5.883,5,6,5.136,5,6,9.223,8,10
2024-05-24,0.020012363823563,0.00198580372520898,0.0466534654653598,0.0206433659605671,0.00179788190829681,0.0487147761065206,NA,NA,NA,0.0305566160837012,0.00277778512066842,0.0767798125894745,0.0174312989035761,0.00112632613675951,0.0459878481289796,0.00871967256486228,0.000383813225696314,0.0218918554138871,0.601456187266281,0.56983296093527,0.634037014725678,0,0,0,0.13562636058036,0.114018719061713,0.156729280553042,0.134797964428479,0.115207870528908,0.155401916375045,0.128119487724881,0.104402136587024,0.153289761525001,5.99832793899996,5.55091969323965,6.44270771236583,5.494,5,6,NA,NA,NA,5.924,6,6,5.195,5,6,9.286,8,10
2024-05-25,0.0216641926980753,0.00254003727892992,0.0505691261650005,0.0219992745449247,0.00214217299164095,0.0530558403519354,NA,NA,NA,0.0348093448738827,0.00369046604625613,0.0876513956013933,0.0187759489769869,0.00129032674392386,0.0487071638201039,0.00941465171778664,0.000417557239139828,0.0236639578660334,0.599910610412447,0.567749197030861,0.633476975099116,0,0,0,0.135826939914441,0.113910100488827,0.157560811410917,0.135718087781022,0.115615160592678,0.156713957567804,0.128544361892091,0.104385721052756,0.154089738393859,5.82728465796035,5.48814590611755,6.33386522811526,5.275,5,6,NA,NA,NA,5.815,5,6,5.083,5,5,9.202,8,10
2024-05-26,0.019780902359408,0.00238119575082591,0.0457191946991555,0.019745028495385,0.00188210344812172,0.0488249727344039,NA,NA,NA,0.0336002484883396,0.00357469767965154,0.0814900639618204,0.0168980688163995,0.00108223226375441,0.0449238933644309,0.0085731774310254,0.000317349463498056,0.0219874213610791,0.59857258278477,0.566091132563607,0.633209275775399,0,0,0,0.136000635043724,0.113684823571173,0.158383790405253,0.136513712078113,0.115614002773179,0.158157120948564,0.128913070093393,0.104285365323955,0.154924756458169,5.70705822785031,5.43674604202105,6.23818427788591,5.141,5,6,NA,NA,NA,5.662,5,6,5.02,5,5,9.109,8,10
2024-05-27,0.0101091876377068,0.000626181943609836,0.024521712308574,0.0099208031547154,0.000454217735432078,0.0245063207062342,NA,NA,NA,0.0181845594652401,0.000979448048587194,0.0449397775433096,0.00837665166180063,0.000247326813180961,0.022231965308514,0.00434910081104578,7.81519607981088e-05,0.0107811770247374,0.597380478690626,0.564375631852119,0.632677681050661,0,0,0,0.136154359902073,0.113438637963991,0.158524265760036,0.137216857390101,0.115997633803762,0.159156969854616,0.129248304017199,0.104345385811191,0.155589374456227,5.79793191833613,5.47170187889034,6.31894457141882,5.239,5,6,NA,NA,NA,5.776,5,6,5.063,5,5,9.181,8,10
2024-05-28,0.00603730769973575,0.000222092227188059,0.0143778420394148,0.00583888741267262,0.000145923851174435,0.0134648202019119,NA,NA,NA,0.0114054643310969,0.000354021196346389,0.0274802655057143,0.00484221706873742,8.00860247968075e-05,0.0120419335904711,0.00256985942090426,2.44467474769787e-05,0.00613515374010634,0.596247904647391,0.562587810202998,0.632045954574684,0,0,0,0.136302294305908,0.113380184169825,0.159122196842082,0.137892144451209,0.116194452543305,0.160217117095994,0.129557656595493,0.10436298019108,0.156203496206666,5.86118173137824,5.48673122261406,6.35258696350113,5.317,5,6,NA,NA,NA,5.811,5,6,5.097,5,6,9.224,8,10
2024-05-29,0.00297317613584801,4.32855547475408e-05,0.00656275010294236,0.0028493046256617,2.6763595405526e-05,0.00583423927342143,NA,NA,NA,0.00583672238765644,6.96544489458799e-05,0.0126404886817287,0.0022668709442349,1.62211033642502e-05,0.00497903009552567,0.00125410656234965,4.52571260189716e-06,0.00248301778895928,0.595268376394815,0.561532298419095,0.631338762189236,0,0,0,0.136434569082718,0.11333827201061,0.159464987978956,0.138494681872485,0.116511275481306,0.161354355988553,0.129802372649982,0.104289971443191,0.15662872984099,6.08504977759642,5.57735804968559,6.48945650927109,5.603,5,6,NA,NA,NA,5.909,6,6,5.231,5,6,9.387,9,10
2024-05-30,0.00194781943742039,1.59699233870589e-05,0.00396817007963586,0.0018555985232873,9.11776472115148e-06,0.00332468320339595,NA,NA,NA,0.00392518400453599,2.86993940258782e-05,0.00760999635639978,0.0014248967961241,5.58228624674009e-06,0.00274527932052612,0.000819423727749277,1.5681035552266e-06,0.00139899267325457,0.594627950900674,0.560429421317291,0.63086209924514,0,0,0,0.136523943318862,0.113242739817591,0.15980637197797,0.138901200748135,0.116597578840071,0.161973640671767,0.12994690503233,0.104245788652289,0.156846696386576,6.21309841111554,5.64754314659134,6.54541053261287,5.759,5,6,NA,NA,NA,5.944,6,6,5.341,5,6,9.501,9,10
2024-05-31,0.00128489290145093,5.51450920581052e-06,0.00227816772332468,0.0012194217674022,3.01084339679552e-06,0.00183992825611461,NA,NA,NA,0.00264227307499662,9.94375541527915e-06,0.00459938179300523,0.00089718354034057,1.92894415952281e-06,0.00155879956332243,0.00054427406862746,5.33042827043603e-07,0.000784033093018024,0.594340782310944,0.559843321822873,0.6306970275859,0,0,0,0.136564692234794,0.113168103443856,0.159984685948131,0.139086560980065,0.116606492687034,0.162331659992336,0.130007964474196,0.104219423048415,0.156965401766836,6.33662291024935,5.90596539601052,6.60310834150221,5.889,5,6,NA,NA,NA,5.988,6,6,5.521,5,6,9.623,9,11
2024-06-01,0.00113183401276194,4.08482473763849e-06,0.00192473275714436,0.0010649595914214,2.20011809828818e-06,0.00156398594073394,NA,NA,NA,0.00238058894001684,7.59298665312852e-06,0.0039950943406595,0.000774857728874407,1.42196097645097e-06,0.00126134621311717,0.000480765891285286,3.54281316635575e-07,0.000671642684132614,0.594232938968691,0.55962547882368,0.630618785760336,0,0,0,0.136578725472551,0.113143326183588,0.160041352610085,0.139150896370503,0.116609719431429,0.162437330680659,0.130037439188256,0.104222569593512,0.157025765499013,6.2351831194379,5.67372167846771,6.56157510814674,5.766,5,6,NA,NA,NA,5.975,6,6,5.407,5,6,9.535,9,10
2024-06-02,0.000973156820797698,2.96287949584118e-06,0.00160258809067356,0.000904092495174685,1.48135702097054e-06,0.00127551525864695,NA,NA,NA,0.00211294742326511,5.26969691409372e-06,0.00334520645198278,0.000648750921002856,9.37560383632781e-07,0.000989878654671003,0.000413442333945358,2.26705461685841e-07,0.000538721939027715,0.59411362810032,0.559397453648781,0.630523570874609,0,0,0,0.13659123520698,0.113122623314603,0.160080142938217,0.13920877840342,0.116613894048992,0.162528259346651,0.13008635828928,0.104234982277997,0.157126002211421,6.08944287229594,5.5837015240112,6.50669557879406,5.589,5,6,NA,NA,NA,5.934,6,6,5.268,5,6,9.411,8,10
2024-06-03,0.000777114399385081,1.72256411225109e-06,0.00120558277615567,0.000709686636678074,8.06115020737966e-07,0.000929577955089471,NA,NA,NA,0.00176017295337428,3.18954603382252e-06,0.00252136751226931,0.000496934465137594,4.86127444919057e-07,0.000707009095956799,0.000329261176504401,1.10417514872723e-07,0.000365697949657862,0.593831200095245,0.558855964834337,0.630353038437388,0,0,0,0.136623752602919,0.113066284684173,0.160194134702514,0.139357693563162,0.116719576135881,0.162732718316659,0.130187353738673,0.104256748046214,0.157288735352432,6.07962849044409,5.56488247117404,6.51107164429113,5.582,5,6,NA,NA,NA,5.915,6,6,5.257,5,6,9.395,8,10
2024-06-04,0.000650235145912685,1.26470430939877e-06,0.000940159427668575,0.0005867549928013,5.05581628764199e-07,0.000709843047869844,NA,NA,NA,0.00152089151232112,2.18845527793391e-06,0.0020223076349353,0.000400666409980381,3.16129881970218e-07,0.000547264013418706,0.000272038029123303,6.55994430739155e-08,0.000278493260629794,0.593345737059058,0.557906942844457,0.629960390564962,0,0,0,0.136685100112771,0.112957048470864,0.160442795996542,0.13963710361996,0.116929320444152,0.163091461513521,0.130332059208211,0.104247919502284,0.157494533433731,6.0295310740083,5.54281807817546,6.48925184862393,5.53,5,6,NA,NA,NA,5.846,5,6,5.169,5,6,9.412,9,10
2024-06-05,0.000299890191802636,1.27786958158151e-07,0.000273951569139504,0.000270732905817418,4.19009077405752e-08,0.000192797407188834,NA,NA,NA,0.000720269277755867,2.16291877092752e-07,0.000620905828254569,0.00015964756544727,2.6159283275524e-08,0.000149825341147933,0.000129898374512352,5.96206326253742e-09,8.3006060603852e-05,0.592797947130785,0.556975809410057,0.629429484206278,0,0,0,0.136758645444352,0.112824481940316,0.160909141919935,0.139971141358361,0.117072697782773,0.163844555964193,0.130472266066503,0.104221129979531,0.157875022250674,6.47337758439465,6.24519988461882,6.64912943046241,6.028,6,6,NA,NA,NA,5.988,6,6,5.711,5,6,9.811,9,11
2024-06-06,0.000205506466485657,3.88851264620998e-08,0.00013760851354931,0.000186533759386654,1.20357289150236e-08,0.000102186143232986,NA,NA,NA,0.000494765246153427,6.78709916319228e-08,0.000322424127005996,0.000101753709374881,9.1140659501719e-09,7.37198262078644e-05,9.18757531657173e-05,2.14662915482536e-09,3.74718232892829e-05,0.59239442091159,0.556209039091536,0.629046452043087,0,0,0,0.136815499819461,0.112721184871522,0.161266572815101,0.140228821566616,0.117163429844808,0.164274943481308,0.130561257702333,0.10420552582207,0.158111340084168,6.62218529074802,6.36436674397289,6.79059822919374,6.096,6,6,NA,NA,NA,6.164,6,7,5.993,6,6,10.165,9,11
2024-06-07,0.000189826900821756,3.43184649941775e-08,0.000120927118829628,0.000171849903299316,1.13518920591754e-08,8.89973652482638e-05,NA,NA,NA,0.000458298226113136,6.30239259632464e-08,0.00028804507790263,9.36803790138332e-05,7.3535877543038e-09,6.61401884536107e-05,8.62119153902006e-05,1.97771368562245e-09,3.21977021359941e-05,0.592227729642585,0.555875866167828,0.628897298347804,0,0,0,0.136841268376368,0.112673520590648,0.161405699867901,0.140345192607546,0.117203061681801,0.164456707778992,0.130585809373501,0.104191014118685,0.158157172613661,6.82930684805082,6.42223040886041,7.39409421202906,6.288,6,7,NA,NA,NA,6.532,6,7,6.118,6,7,10.355,9,11
2024-06-08,0.000255725917396622,8.63756021328232e-08,0.00020503311113924,0.000229303244147175,2.71574436142424e-08,0.000150485179194748,NA,NA,NA,0.000621313980387507,1.46406087276422e-07,0.000491659423092284,0.000133803376076196,1.8951344203782e-08,0.000117181047098486,0.000112979506381642,4.3484991098652e-09,6.10798273054846e-05,0.592272091742624,0.55590937932844,0.628951752396403,0,0,0,0.136838268286019,0.112677702681998,0.161374078754789,0.140331157016087,0.117199821679677,0.164455163921547,0.13055848295527,0.104181070952466,0.158101198904396,6.5794900802605,6.32275084283463,6.76340374210295,6.071,6,6,NA,NA,NA,6.16,6,7,5.889,5,6,10.063,9,11
2024-06-09,0.000306374093492304,1.49349548426402e-07,0.000288037599298476,0.000272591587572132,4.86690481386867e-08,0.000201728048151452,NA,NA,NA,0.000751762560190172,2.53342425649487e-07,0.000685725212941312,0.000164512192463532,2.96871746572277e-08,0.000161569666040906,0.000132231302919247,6.5934683034187e-09,8.36111574503022e-05,0.592448419338339,0.5561961189408,0.629128022507748,0,0,0,0.136815670603586,0.112717887093393,0.16123029415964,0.140228600595162,0.117166575666317,0.164319920058185,0.130507309462913,0.10417974795727,0.158000223499643,6.4769675008827,6.22974867387784,6.67044109110479,6.017,6,6,NA,NA,NA,6.016,6,6,5.708,5,6,9.865,9,11
2024-06-10,0.000278174493788883,1.18304350142122e-07,0.000249946081373879,0.000248130684481038,4.03467416127668e-08,0.000175934679401612,NA,NA,NA,0.000683994571855722,2.07450652143159e-07,0.000589448748430075,0.000145543966413458,2.33864649613665e-08,0.000134971551794674,0.000119477590496546,5.27780979617071e-09,7.28157133640691e-05,0.592628298950619,0.55656878565978,0.629297370370567,0,0,0,0.13679021963185,0.112764388016387,0.161080084237911,0.140113548611804,0.117127890095007,0.164152345536286,0.130467932805727,0.104186697767265,0.157916466154604,6.55418755042006,6.29949970454797,6.74401209109896,6.079,6,6,NA,NA,NA,6.019,6,6,5.818,5,6,10.064,9,11
2024-06-11,0.000180196854422921,3.13986859923801e-08,0.000109853394200173,0.000163468325177984,1.03476269004931e-08,8.01590035850825e-05,NA,NA,NA,0.000436850062850328,5.66416974056309e-08,0.000265059444569383,8.6391373486436e-05,7.35893897279453e-09,6.03107489992763e-05,8.03708835196643e-05,1.92831500686355e-09,3.02955394212751e-05,0.59269017879568,0.556724014766355,0.629343539763295,0,0,0,0.13677848230227,0.112787330133184,0.161026375463171,0.140061109536412,0.117108495429674,0.164040508764225,0.130470229365639,0.104199439200808,0.157920939586115,7.17087714459301,6.43990047124148,7.87806396109241,6.672,6,7,NA,NA,NA,6.488,6,7,6.579,6,7,10.788,9,12
2024-06-12,0.000154507087021987,2.30869167233665e-08,8.37539220443695e-05,0.000142757699637247,9.57155202019618e-09,6.04846857710603e-05,NA,NA,NA,0.000362785328791779,4.19922965892014e-08,0.00018938917567478,7.36897854528901e-05,7.54465905312959e-09,4.80676095811915e-05,7.06913009502747e-05,1.88190613552961e-09,2.27492158694839e-05,0.592557059956375,0.556525301746578,0.629196922917419,0,0,0,0.136791951890821,0.112765225508514,0.161132576729338,0.140123095868728,0.117126266304062,0.164112091783898,0.130527892284075,0.104213157707201,0.158045702458646,8.0848236394742,6.88586232911697,9.42733307799275,7.583,6,9,NA,NA,NA,7.493,6,9,7.492,6,9,11.622,10,13
2024-06-13,0.000201525361005863,5.09764566282381e-08,0.000130841514797862,0.000187763364332803,2.27434095789686e-08,9.93445136316384e-05,NA,NA,NA,0.000459467290975364,9.07495477355352e-08,0.000297435468322271,0.000104140057424974,1.6163855232391e-08,8.11602915379144e-05,9.06238528711514e-05,4.24969957635443e-09,3.90489565925088e-05,0.592242075879707,0.556023118538092,0.628879870816561,0,0,0,0.136832389213473,0.11269370326397,0.161393637373914,0.140307114819705,0.117185268922375,0.164364762892999,0.130618420087115,0.104214637018322,0.158215115073239,7.88183056292857,7.15130268005478,8.65599328509427,7.401,7,8,NA,NA,NA,7.368,7,8,7.176,6,8,11.357,10,13
2024-06-14,0.000307566384200875,1.46914158938325e-07,0.000268112337447902,0.000287725667621569,6.41913766758695e-08,0.000202289519125765,NA,NA,NA,0.000684847092970463,2.68601903178421e-07,0.000582201879267979,0.000173928650717037,4.24805893656005e-08,0.000163281551700611,0.000133628875316351,1.26195765243622e-08,7.93903085251761e-05,0.591916380155375,0.5554751021222,0.628559191447736,0,0,0,0.136876542195067,0.112614961437715,0.161643711493092,0.140507840201875,0.117250299300657,0.164657633586541,0.130699237447684,0.104215675565827,0.158309729551599,7.39051656479713,6.58516944905211,7.87222846350998,6.911,6,7,NA,NA,NA,6.911,6,8,6.682,6,7,10.827,10,12
2024-06-15,0.000431615484395225,3.53963643787412e-07,0.000475971941165767,0.00040542328281652,1.60912702154489e-07,0.000378866246078374,NA,NA,NA,0.000941810285755212,6.42929523071968e-07,0.00101285555713133,0.000261085216737606,1.12864275664097e-07,0.000298466150837108,0.000182462979118245,3.19498777849435e-08,0.000137311998470265,0.591670643677204,0.555115640915141,0.628403430607565,0,0,0,0.136907486411468,0.112567371684942,0.16172310175976,0.140648874943149,0.117294372102757,0.1648881571304,0.130772994968178,0.104190688539768,0.15838871467655,7.07603656460641,6.47826997374068,7.57454703110496,6.591,6,7,NA,NA,NA,6.639,6,7,6.342,6,7,10.506,10,11
2024-06-16,0.000525872591478373,6.26089683463292e-07,0.000649961541795827,0.000494859476304536,2.99152192848646e-07,0.000529038666161515,NA,NA,NA,0.00113267940329804,1.14918159182818e-06,0.00136969714186336,0.000332309732301098,2.11095647809215e-07,0.000423834047573344,0.000219797117006227,5.87884975839576e-08,0.000182106271196806,0.591360587525656,0.554679160809306,0.628210661414135,0,0,0,0.136944883740901,0.112511310338523,0.161859178566236,0.140819125319397,0.117347652857076,0.165206460508383,0.130875403414046,0.104143788985525,0.158551615246914,6.93213014577531,6.45741623741274,7.51678892627074,6.407,6,7,NA,NA,NA,6.614,6,7,6.227,6,7,10.395,9,11
2024-06-17,0.000669491309064077,1.22690478147809e-06,0.000938130684539557,0.000627383321066938,5.99019798333263e-07,0.000767356671639441,NA,NA,NA,0.00143934093408906,2.2893614676494e-06,0.00199210854706233,0.000441782669549056,4.32374275386841e-07,0.000619652205861435,0.00027691537530327,1.14896465768754e-07,0.00027701035666905,0.590910080327586,0.553974314482996,0.62795227790479,0,0,0,0.137003358572408,0.112420521299787,0.162167282043339,0.141084255088879,0.117455243532143,0.165755836619438,0.131002306011128,0.104206599052827,0.158845754814984,6.69546183986736,6.41028265464271,7.22238597938169,6.129,6,7,NA,NA,NA,6.451,6,7,6.047,6,6,10.198,9,11
2024-06-18,0.000831820100133799,2.27029885359602e-06,0.00129478605774009,0.000771281981566564,1.14026842228327e-06,0.00103877351749918,NA,NA,NA,0.00181128052963078,4.27583991075595e-06,0.00283996975972318,0.000566502445319296,7.75103638726188e-07,0.000892030168151799,0.000341554217090538,1.94150446747772e-07,0.000403088507087485,0.590469314698086,0.553191129309912,0.627809094262282,0,0,0,0.137064965261439,0.11232228221019,0.162382048412839,0.141362621864926,0.117487954076034,0.16619587099836,0.13110309817555,0.104240426990101,0.159202266412359,6.565718821713,6.34857800036757,6.80185922429275,6.022,6,6,NA,NA,NA,6.253,6,7,5.938,6,6,10.017,9,11
2024-06-19,0.000998731215589545,3.8610459152946e-06,0.00171881079241644,0.000911732087929425,1.89529000202423e-06,0.00134616403766755,NA,NA,NA,0.00223089008931639,7.26695658523707e-06,0.00378346895144577,0.00069103009247403,1.23517630327136e-06,0.00117843911167278,0.000407861472852264,2.89636623368795e-07,0.000561029821956449,0.590261142368038,0.552742280086021,0.627739441720181,0,0,0,0.137099218818539,0.11226468775147,0.16249207508415,0.141516381297718,0.117577534006276,0.16650968544781,0.131123257515704,0.104226253570453,0.159281979097522,6.41842058086453,6.10590224496261,6.69009183802605,5.918,6,6,NA,NA,NA,6.087,6,7,5.674,5,6,9.821,9,11
2024-06-20,0.00110931737202389,5.44462113438682e-06,0.0019833134911532,0.000998863929723239,2.48841706343909e-06,0.0015302720328345,NA,NA,NA,0.00254664437998511,1.05230801379476e-05,0.00447147288849501,0.000764584229153541,1.66420632309965e-06,0.00134239586616605,0.000449717936077824,3.435094792335e-07,0.000673120265342988,0.590414112292625,0.552899560820065,0.627786570953138,0,0,0,0.137085010526903,0.112282715801741,0.16244326229822,0.141450597822759,0.117520364972709,0.166351403361532,0.131050279357714,0.104200964222353,0.159092201216136,6.24473784087768,5.6688996181641,6.59897339555851,5.763,5,6,NA,NA,NA,5.968,6,6,5.394,5,6,9.621,9,11
2024-06-21,0.000841709743969003,2.92753846602012e-06,0.0014074210675566,0.000753808125009071,1.20250346294998e-06,0.00109281140103028,NA,NA,NA,0.00197534021337349,5.35429922772812e-06,0.0030717983041046,0.000551368517765023,7.89331962389361e-07,0.000889348976970856,0.000341569748105234,1.5916004487819e-07,0.00042974183901834,0.590830699700146,0.55358913292557,0.627920605537788,0,0,0,0.137031277849619,0.112364593082139,0.162267790599164,0.141206072938776,0.117474573867446,0.166012987816403,0.130931949511459,0.104158764079752,0.158763723504789,6.32824601276368,5.76107460834619,6.60425647469804,5.89,5,6,NA,NA,NA,5.955,6,6,5.422,5,6,9.665,9,11
2024-06-22,0.000494719848437115,6.69731791645408e-07,0.000643084440512315,0.000445190377301009,2.7093305958695e-07,0.000493137658709771,NA,NA,NA,0.00117223398472188,1.20797651131764e-06,0.00142600953420919,0.000296240451634147,1.62359983409233e-07,0.000380032015971993,0.000204436102822405,3.38574408972778e-08,0.000195829140143438,0.591251376657644,0.554357071972497,0.628057095020096,0,0,0,0.136974265817499,0.11245297945726,0.162060682840308,0.140946385846748,0.117409027591388,0.165590720214505,0.13082797167811,0.104101557335668,0.158486303437534,6.47608944263041,6.2490851002662,6.66347375574093,6.018,6,6,NA,NA,NA,5.989,6,6,5.717,5,6,9.869,9,11
2024-06-23,0.000293857983994788,1.25746238828165e-07,0.000261699038656193,0.000267153833154392,4.54655295624701e-08,0.000198318239479403,NA,NA,NA,0.000694398374566546,2.29123334569265e-07,0.000614340990498329,0.000159800071796944,3.29773700404538e-08,0.000154968720774781,0.000126907299663334,7.64809403355657e-09,7.792403073798e-05,0.59157113353482,0.554708633364887,0.628297069996277,0,0,0,0.136934622541089,0.11251187485208,0.161840869270719,0.140764003757865,0.117346433890022,0.165171306972313,0.130730240166225,0.104135497529936,0.158347979738821,6.65910866265684,6.38111215189489,6.88508505263476,6.122,6,6,NA,NA,NA,6.14,6,7,6.081,6,6,10.259,9,11
2024-06-24,0.000273630451219441,9.87526795118834e-08,0.000228230034152299,0.000251341437181394,3.46524194295329e-08,0.000176897079499345,NA,NA,NA,0.000634955216377499,1.73142477212722e-07,0.000512725390017686,0.000147001601289808,2.52880065265643e-08,0.000131243042215213,0.000121021257558943,6.69213559938589e-09,6.52910983416278e-05,0.592027406889139,0.555362115427016,0.628768685704133,0,0,0,0.136885375215338,0.112585157766438,0.161687477594831,0.140535997635654,0.11728086861059,0.164751658269721,0.130551220259868,0.104135706536233,0.158060070575912,6.85760627936823,6.42394319409169,7.395512212287,6.354,6,7,NA,NA,NA,6.342,6,7,6.173,6,6,10.422,9,11
2024-06-25,0.000297009293583071,1.23196223131102e-07,0.000264824948365733,0.000275635417358751,4.57039183997974e-08,0.00020351361760775,NA,NA,NA,0.000672831624475843,2.11349476411443e-07,0.000569046797664179,0.000161827347564753,3.22937739287461e-08,0.000147942081899288,0.000133734534974736,8.99387160585005e-09,7.64514924114086e-05,0.593024160981778,0.557371911640406,0.629603032143572,0,0,0,0.136771328502462,0.112781714141061,0.161036009559918,0.140012213311651,0.11711572931856,0.163830471974086,0.130192297204109,0.1041299985889,0.157456644279048,6.99519273882694,6.45710941759769,7.4794264931386,6.534,6,7,NA,NA,NA,6.486,6,7,6.226,6,7,10.461,10,11
2024-06-26,0.000369507973515886,2.17013779215856e-07,0.000370019254536172,0.000346318930076313,8.95671406468235e-08,0.000297394098527836,NA,NA,NA,0.000814723346623122,3.72867322979079e-07,0.000800383686311798,0.000207280746530954,5.99114011194806e-08,0.000218601136814029,0.000168112765560336,1.56045837038337e-08,0.000115174817760828,0.594785791080618,0.560143911740999,0.630660148560914,0,0,0,0.136555953397234,0.113164007730823,0.159970526789548,0.13902755232599,0.116591276722912,0.16211614062881,0.129630703196158,0.10413836550225,0.156497160774642,6.84199341002338,6.42227156611069,7.34458828272759,6.37,6,7,NA,NA,NA,6.336,6,7,6.135,6,6,10.299,9,11
2024-06-27,0.000499012082777712,4.45579543942566e-07,0.00059651899789119,0.000474080226395796,1.95020347295599e-07,0.000473351697178176,NA,NA,NA,0.00106463624135687,7.82268175771311e-07,0.00122596001158055,0.00028856525839749,1.22430812275027e-07,0.000336709004604136,0.000226175457350369,3.27008456842936e-08,0.000199594949733689,0.597126763106768,0.563604531585619,0.632086071907901,0,0,0,0.136255707235525,0.113409407690867,0.159072196125199,0.13765725563095,0.116160561922313,0.159923072577024,0.128960274026757,0.104300471528053,0.155060224270978,6.5557045903578,6.33996744240964,6.70200580524909,6.071,6,6,NA,NA,NA,6.047,6,6,5.984,6,6,9.944,9,11
2024-06-28,0.000444995129014706,2.70974267659933e-07,0.000461774292234208,0.000430458141406844,1.17160309455404e-07,0.000386089664204021,NA,NA,NA,0.000918925513357558,4.3902672890005e-07,0.000914112041178752,0.000247968242117421,7.23266314779672e-08,0.000256924669562809,0.000207372915150048,2.19940486062932e-08,0.00015121983924985,0.599478151023504,0.566823513136656,0.633166846382993,0,0,0,0.135941849744954,0.113821138999639,0.157977351286327,0.136225516956664,0.115699651096159,0.15763532602231,0.128354482274878,0.10429826809152,0.153721200968444,6.55029297683024,6.34297959590083,6.67839055387814,6.06,6,6,NA,NA,NA,6.068,6,6,6.044,6,6,9.889,9,11
2024-06-29,0.000466786799069834,2.64175502062757e-07,0.00047860435347302,0.000456796332341955,1.11157698060106e-07,0.000390491484698607,NA,NA,NA,0.000939577258160267,4.09247208392792e-07,0.000873618146969394,0.000259049310645183,6.93527443448533e-08,0.000262965531961107,0.000219624882513642,2.25860368313727e-08,0.000155859642372596,0.601184564861911,0.569611682684121,0.633811925091521,0,0,0,0.135703407168817,0.113942562436395,0.15699401011923,0.135138132534806,0.115372029976377,0.155948500485839,0.127973895434466,0.104374803829701,0.153104664717559,6.49090117065295,6.30508653328461,6.62506481975161,6.033,6,6,NA,NA,NA,6.029,6,6,5.969,5,6,9.681,9,10
2024-06-30,0.000443142554279169,1.86813101728564e-07,0.00042719132784197,0.000435630527923923,8.02930689995597e-08,0.000337729786754484,NA,NA,NA,0.000884207485097164,2.86177488424193e-07,0.000709909668571849,0.000242582090439728,4.99384954920324e-08,0.000229560918374362,0.000211500882991332,1.57901387189657e-08,0.000129412813491293,0.601870588966276,0.570461262325271,0.634219324175817,0,0,0,0.135598461580735,0.11408800389098,0.156655968833032,0.13465995569852,0.115145380369023,0.15516668765093,0.127870993754469,0.104265483310287,0.152794667591961,6.48030629878014,6.29581475815618,6.61947394345746,6.027,6,6,NA,NA,NA,6.042,6,6,5.945,5,6,9.638,9,10
2024-07-01,0.00047899145538737,2.1156965325592e-07,0.000488159497361447,0.000468906370161244,9.39726305483649e-08,0.00037216580202475,NA,NA,NA,0.000960957339851286,3.33614122281203e-07,0.000816208464456376,0.000266115932705276,5.88309019807247e-08,0.000258330332798054,0.000228728067381683,1.80807052081546e-08,0.000142526427233413,0.601709328853342,0.57022315034582,0.634016294406275,0,0,0,0.135616908217478,0.114054400332498,0.156723223611819,0.134743631616585,0.115241379791968,0.155303565900109,0.127930131312595,0.104322749123983,0.152929323817827,6.40901702445004,6.18559907660299,6.5971581809053,5.975,6,6,NA,NA,NA,6.011,6,6,5.749,5,6,9.565,9,10
2024-07-02,0.000496960769252719,2.35979548675561e-07,0.000523785398762089,0.000483992301411207,1.04310288227064e-07,0.000398611241439569,NA,NA,NA,0.00100660784538114,3.69285204176923e-07,0.000881700815479325,0.000277494038003133,6.25153379946485e-08,0.000268002396417426,0.000237620799733713,1.9675044063833e-08,0.000152992198770946,0.601522499922247,0.569995897100348,0.633871830703874,0,0,0,0.135655392805431,0.114007801149162,0.156803332270619,0.134916042253555,0.115354586077318,0.155536574500963,0.127906065018766,0.104337263854062,0.152918015401724,6.39320949410795,6.16923950298414,6.58778036455391,5.969,6,6,NA,NA,NA,5.991,6,6,5.68,5,6,9.565,9,10
2024-07-03,0.000486004158075024,2.32181096243754e-07,0.000512244034884424,0.000474118294228385,1.00638902134683e-07,0.000387871776968522,NA,NA,NA,0.000982477188938358,3.58063521700274e-07,0.000839471341822002,0.000268017365007039,6.09215936539465e-08,0.000261387452492369,0.000233669407640979,1.80612662765061e-08,0.000156025401858185,0.602155861498296,0.570876267469115,0.634187566874763,0,0,0,0.135588612541307,0.114130696757595,0.156605625659177,0.134606208370414,0.115171386920901,0.154980217386828,0.127649317589983,0.104149540953199,0.152341187475501,6.4464070797422,6.23206853710102,6.60690134969735,6.014,6,6,NA,NA,NA,5.993,6,6,5.805,5,6,9.641,9,10
2024-07-04,0.000472668917392899,2.29963041080898e-07,0.000488651489769872,0.000465837961595901,9.7092884856181e-08,0.00037785298034125,NA,NA,NA,0.000937337430467484,3.44098786341887e-07,0.000783456561732089,0.000256233494661208,5.89789806480823e-08,0.000253594672254627,0.000227984141782331,1.79938557793689e-08,0.000154233019308506,0.603473907766286,0.572642746316028,0.634890583359886,0,0,0,0.135419479518785,0.114528090420107,0.155841685170482,0.133829402342844,0.114668677645154,0.153723415662289,0.127277210372085,0.10401467581693,0.151503400229677,6.43529333318813,6.23249694920655,6.59269409000315,6.004,6,6,NA,NA,NA,5.982,6,6,5.806,5,6,9.617,9,10
2024-07-05,0.000399710865330584,1.1213106662505e-07,0.000338907940612033,0.000399194900876956,4.94309131420953e-08,0.000260522079987189,NA,NA,NA,0.000773818031045505,1.6056108842571e-07,0.000552219599338315,0.000207817851043669,3.05514812018208e-08,0.000175950476673612,0.000197419061802484,1.01234645032355e-08,0.000103837598698055,0.604640342500182,0.574220647722436,0.635609990157374,0,0,0,0.135262638126972,0.114947329460365,0.155532706829823,0.133110018402443,0.114387760739442,0.152413553629871,0.126987000970404,0.104008692977671,0.150876614064794,6.50739765563035,6.31430475488519,6.64107825830494,6.037,6,6,NA,NA,NA,6.069,6,6,5.991,6,6,9.754,9,10
2024-07-06,0.000424889723916091,1.14220514671024e-07,0.000365293212056471,0.000427663577962349,5.5360335034059e-08,0.000285231189168046,NA,NA,NA,0.000804339883070264,1.64706988046227e-07,0.000568551284646169,0.00022328065986335,3.19413571186038e-08,0.000186067757375829,0.000211348916839108,1.12922111843945e-08,0.000108139589294583,0.605346283250006,0.57506771875259,0.63607454635644,0,0,0,0.135167250150292,0.115279767181183,0.155333791682713,0.132672240574424,0.114233066434081,0.151777062579753,0.126814226025278,0.103993642041368,0.150585854860871,6.50075291110023,6.3093790860348,6.64302670928447,6.034,6,6,NA,NA,NA,6.08,6,6,5.985,6,6,9.714,9,10
2024-07-07,0.000456232047259879,1.31249277046516e-07,0.000400937222725748,0.00046107019041525,6.81223310927699e-08,0.000321717978003559,NA,NA,NA,0.000850619565678894,2.00152619180467e-07,0.000620729187113414,0.000244004598964221,3.94013401943459e-08,0.000203450124150323,0.000227580098443998,1.41435097713911e-08,0.000119079413914822,0.60574280597382,0.575671849423712,0.636309694790594,0,0,0,0.135113357907416,0.115386525888871,0.155085628012668,0.132424757126189,0.114173533118752,0.151229857646406,0.126719078992575,0.10401121437058,0.150274307827697,6.50495336925437,6.30987190381107,6.65003772080491,6.037,6,6,NA,NA,NA,6.111,6,6,5.982,6,6,9.704,9,10
2024-07-08,0.000537192019994323,2.12796748641287e-07,0.000534568129299146,0.000542075290367212,1.14128548967357e-07,0.000431527907458154,NA,NA,NA,0.00099654990038703,3.17278335150604e-07,0.000805169851775303,0.000297331756112824,6.46282178265937e-08,0.000279394324471302,0.000266088425761938,2.24030979021046e-08,0.000161196707619367,0.605931164459677,0.575939907810588,0.636357149818934,0,0,0,0.135086619422575,0.115441374266654,0.154965958637181,0.132302116857465,0.11398204025725,0.150992567975024,0.126680099260283,0.104019893776919,0.150211244387119,6.46041569837561,6.27039777251333,6.6082564338664,6.015,6,6,NA,NA,NA,6.065,6,6,5.886,5,6,9.606,9,10
2024-07-09,0.000635319628337638,3.69663792583837e-07,0.000719615406136582,0.000639201289756583,1.84815765084381e-07,0.000575451631178596,NA,NA,NA,0.00117899391176393,5.21780312082059e-07,0.00106090417229483,0.00036258201986437,1.02134321415313e-07,0.000385511528285237,0.000311022961417066,3.7259242547169e-08,0.000216778808924462,0.605959539012549,0.575989841364486,0.636377340995453,0,0,0,0.135081686256264,0.115451183244118,0.154945302642053,0.132279559718296,0.11395012051986,0.150944700203288,0.126679215012892,0.104022636420579,0.150212262569968,6.37689723645069,6.16512193566302,6.57000843641735,5.955,6,6,NA,NA,NA,6.013,6,6,5.695,5,6,9.489,9,10
2024-07-10,0.000650919259571599,4.02050089309488e-07,0.0007559429060021,0.000656351538145903,1.97089415494313e-07,0.000596898518323599,NA,NA,NA,0.00120143551472958,5.76724367352827e-07,0.0010713171745735,0.00037284136790816,1.12999697300733e-07,0.000398369936439937,0.00031705361657277,4.37071702543038e-08,0.00022671421193877,0.605921089239971,0.575931947330648,0.636352258938431,0,0,0,0.135087192123453,0.115439619632528,0.154970037923103,0.132304645914956,0.113988356297996,0.150993829580393,0.126687072721619,0.104020642463643,0.150225510155168,6.38196914602786,6.15307948956421,6.58406802697348,5.947,6,6,NA,NA,NA,5.995,6,6,5.729,5,6,9.551,9,10
2024-07-11,0.0005638184019856,2.43459560027409e-07,0.000572997045622617,0.000574359476775596,1.36449620419397e-07,0.000456355813890065,NA,NA,NA,0.00101932837825331,3.6070309851673e-07,0.000832899439622813,0.000315980395434951,7.98425272723035e-08,0.000298304335650269,0.000277523136878317,3.11934038253329e-08,0.000168889907625152,0.605927741588604,0.575913869515401,0.636360921811655,0,0,0,0.135088298775382,0.115438450671805,0.154968046331697,0.132309185967373,0.113986365171687,0.151011378164259,0.126674773668641,0.104017382238701,0.150201403469573,6.60819973973643,6.33201119294725,7.10660308134478,6.132,6,7,NA,NA,NA,6.161,6,7,6.081,6,6,9.915,9,11
2024-07-12,0.000583271200811258,2.81148246084404e-07,0.000569662743138544,0.000599576395953968,1.69393911661874e-07,0.000496177294200831,NA,NA,NA,0.00102372225958424,4.15601826585264e-07,0.000824180972473117,0.000332888241468875,9.70948364131698e-08,0.000350681776519645,0.000288364114047501,3.86904319207066e-08,0.000176536322713903,0.606046333229845,0.576068694493713,0.636417737496449,0,0,0,0.135075063998541,0.115458027129546,0.154909293354614,0.132247731855822,0.113875890982974,0.150906775414255,0.126630870915792,0.103999846304907,0.150110074331987,6.80425437205522,6.37072500716094,7.42232787356926,6.321,6,7,NA,NA,NA,6.455,6,7,6.239,6,7,10.078,9,11
2024-07-13,0.00071325028884276,5.22766031995699e-07,0.000780633077325637,0.000734954739541772,3.44940671600403e-07,0.000695977740700426,NA,NA,NA,0.00122507504142149,8.06551117392487e-07,0.00108906395713339,0.000427011968364465,1.94742268642439e-07,0.000499722564780876,0.000351823271580565,7.59282674581313e-08,0.000254583408434863,0.6062570306634,0.576483745639259,0.636600677057024,0,0,0,0.135048682482342,0.115440590520075,0.154841296367687,0.132126108282633,0.113672613366341,0.150684255495118,0.126568178571626,0.103967758402209,0.149937323541878,6.71461460310037,6.37064117721388,7.32707302823839,6.219,6,7,NA,NA,NA,6.467,6,7,6.136,6,6,9.958,9,11
2024-07-14,0.00105735036488182,1.54371877832756e-06,0.00144521525849193,0.00108464691697281,9.35763217735597e-07,0.0013035169899713,NA,NA,NA,0.00180443487960003,2.20497317631049e-06,0.00208619676576661,0.000674070699543942,5.60690161279003e-07,0.000933205765964112,0.000513699753232577,2.13318920807207e-07,0.00049772580037627,0.60646731674594,0.576608201065791,0.636754114341436,0,0,0,0.135020189303114,0.115428509584331,0.154736975250828,0.131995303533494,0.113464443110949,0.150434663374776,0.126517190417452,0.1039492225735,0.149848922482745,6.44402549564928,6.27158064725725,6.60314511469805,6.008,6,6,NA,NA,NA,6.053,6,6,5.887,5,6,9.528,9,10
2024-07-15,0.00133935911697156,3.0167770647945e-06,0.00212103368823579,0.00136536177160344,1.77149336520556e-06,0.0018913534288906,NA,NA,NA,0.00230215802559568,4.1782560207271e-06,0.00306117706015911,0.000881694257392794,1.07796696039782e-06,0.00134161544328657,0.000645556870558584,3.84064303676177e-07,0.000729474931426738,0.606553261496963,0.576738731929066,0.636813865292018,0,0,0,0.135005626080635,0.115468936051792,0.154667558764953,0.131929081458785,0.11337813206133,0.150295665469618,0.126512030963616,0.103958861244952,0.149832148439265,6.17097423677951,5.59744777390824,6.48513669295049,5.745,5,6,NA,NA,NA,5.961,6,6,5.387,5,6,9.254,9,10
2024-07-16,0.00138596655201964,3.38909611103072e-06,0.00224283153202647,0.00140177130632149,1.97445654759735e-06,0.00200782258095573,NA,NA,NA,0.00243171054832599,4.82670410051665e-06,0.0032464110378859,0.000914429154001702,1.18519600360792e-06,0.00138978079666434,0.000666328095704609,4.11181208257096e-07,0.000808887013441674,0.606426188192867,0.576622271888459,0.636721634121196,0,0,0,0.135018682221441,0.115432106071303,0.154760293211085,0.131989951054528,0.113486557626636,0.150375546458731,0.126565178531165,0.103994136118944,0.149911549571831,5.97113971196604,5.51969922141326,6.39969297341142,5.494,5,6,NA,NA,NA,5.893,5,6,5.21,5,6,9.132,8,10
2024-07-17,0.00134409577799859,3.31380403579735e-06,0.00218159032154022,0.00134816186246492,1.89896150578014e-06,0.00196236696605418,NA,NA,NA,0.00241963457190851,4.73973171927089e-06,0.00325169199879035,0.000878209705933671,1.11654442588313e-06,0.0013008512975196,0.000643303292695241,3.65795346953097e-07,0.000803198295924683,0.606146660776313,0.576321509103073,0.636515329783412,0,0,0,0.135054659763509,0.115439873042213,0.154882068599967,0.132155640103939,0.113758393540562,0.150700218084521,0.126643039356239,0.104030235470378,0.150128416678677,5.78467533987865,5.45359352258969,6.30273163313203,5.257,5,6,NA,NA,NA,5.762,5,6,5.105,5,5,9.041,8,10
2024-07-18,0.00100717255890566,1.51887917404071e-06,0.00145930068709501,0.00100777742717019,8.12532006285991e-07,0.00123081944481281,NA,NA,NA,0.00185201233887323,2.19244595494411e-06,0.00217375818946414,0.000626362835639385,4.57473332260757e-07,0.000776003386732352,0.000484339632712589,1.54378525488485e-07,0.000500017884782627,0.605927654985877,0.575940835442514,0.636356148806536,0,0,0,0.135086229376929,0.115442397417752,0.154966326865893,0.132300343740141,0.113980891487267,0.150983194529953,0.126685771897053,0.104020976632674,0.150223387658931,5.88185646062277,5.47509764270726,6.36138543473107,5.371,5,6,NA,NA,NA,5.805,5,6,5.161,5,6,9.161,8,10
2024-07-19,0.000732243551826041,5.85980335670096e-07,0.00091755042329477,0.000734814543166802,3.02289900721743e-07,0.000729062320709011,NA,NA,NA,0.00135864875248587,8.55780974575459e-07,0.00132717872299425,0.000429254401727094,1.69479532185778e-07,0.000488587354583415,0.000356196449367803,5.9775206001986e-08,0.000282539597950347,0.605934168914128,0.575913970020824,0.636368533815883,0,0,0,0.135088372959427,0.115439371456656,0.15496622766604,0.132309675783336,0.113983144805657,0.151014437706113,0.126667782343109,0.104016224222276,0.150187115148009,6.10899626641062,5.53857538368068,6.44476258756589,5.663,5,6,NA,NA,NA,5.914,5,6,5.313,5,6,9.281,9,10
2024-07-20,0.00055921590829752,2.51023237286178e-07,0.000583915295368775,0.000562160789483222,1.26048405637846e-07,0.00045790689848628,NA,NA,NA,0.00104556622563276,3.60938905735945e-07,0.000880101029708842,0.000310996430632484,7.05727661276701e-08,0.000305867773121094,0.000276812480346688,2.46296754219034e-08,0.000177448150072056,0.606091142422754,0.576184678994515,0.636472778244595,0,0,0,0.135067661923476,0.115451756087539,0.154896421353258,0.132214479665282,0.113828924481837,0.150836329903509,0.126626715988488,0.104007162217331,0.150106948898646,6.40740308079644,6.06774254046563,6.56688761771645,5.98,6,6,NA,NA,NA,6.072,6,6,5.73,5,6,9.512,9,10
2024-07-21,0.000617255387671627,3.49413194913069e-07,0.000699824038584677,0.000617296929294671,1.71083049457057e-07,0.000547277763067125,NA,NA,NA,0.00116476343066044,4.90371727133349e-07,0.00101170831615908,0.000348732351874755,9.87013680011855e-08,0.000360072339626094,0.000302900565944961,3.30735341024486e-08,0.0002043269700164,0.60618475401171,0.576403974394452,0.636541051765006,0,0,0,0.135053178944908,0.115440607290392,0.154869175162436,0.132148346412831,0.113730178460997,0.150701811619976,0.126613720630551,0.104008090492627,0.150065619214373,6.30176685041042,5.63974881389087,6.54424176793618,5.876,5,6,NA,NA,NA,6.025,6,6,5.522,5,6,9.445,9,10
2024-07-22,0.00061249546715993,3.56954843780524e-07,0.000682665517530445,0.000611944644574539,1.75273188037913e-07,0.000546971666155435,NA,NA,NA,0.00116148324133174,5.13386528210538e-07,0.00103509635733007,0.000344366225407188,9.61041603577758e-08,0.000349217365108573,0.000298730607374915,3.39414188652851e-08,0.000204715641250106,0.606130960122871,0.57629102515643,0.636502004296556,0,0,0,0.135058525148445,0.115443309825924,0.15488569248499,0.132173321798223,0.113776883361875,0.150739707812054,0.126637192930461,0.10402360836931,0.150130028871241,6.28655890960706,5.62158961829731,6.54733837315285,5.846,5,6,NA,NA,NA,5.981,6,6,5.541,5,6,9.496,9,10
2024-07-23,0.000476068984142827,1.60420556569274e-07,0.000451760331118912,0.000480290081477091,8.67973663685047e-08,0.000341149772956802,NA,NA,NA,0.000892265865066034,2.32593732062164e-07,0.000657896074025019,0.000255063068791742,4.75352479520123e-08,0.000226631572454634,0.00023521000909862,1.83839998652007e-08,0.000132730408996064,0.606001990174255,0.576060943089148,0.636406363678788,0,0,0,0.135074951073725,0.115454250334724,0.154923432089787,0.132248922869641,0.113899461666289,0.15087828051942,0.126674135882378,0.104025798863663,0.150212034235745,6.72123934154992,6.29213656587369,7.24857514059915,6.265,6,7,NA,NA,NA,6.216,6,7,6.122,5,7,10.066,9,11
2024-07-24,0.000420446724324643,1.23724807854543e-07,0.00033552456525458,0.000429795195426638,7.51112508699774e-08,0.000279910717646585,NA,NA,NA,0.000763203229892141,1.82741730902644e-07,0.000502563917362565,0.000223134466772165,4.19034510999787e-08,0.0001960025314859,0.00021064790220149,1.66188899551592e-08,0.00010282937893749,0.60588843946356,0.575892696754034,0.636341607117126,0,0,0,0.135090819851196,0.115435843294685,0.154971770790172,0.132321504252767,0.11400730694484,0.151016836011096,0.126699236432478,0.104020873241884,0.150263374420705,7.37198783998977,6.44363660165039,8.40054734683042,6.898,6,8,NA,NA,NA,6.908,6,8,6.846,6,8,10.686,9,12
2024-07-25,0.000522667237000103,2.41065234157181e-07,0.00046940202854323,0.000538794619502589,1.56703493630489e-07,0.000418476316211297,NA,NA,NA,0.000913977792689054,3.62070907496926e-07,0.000662201040935516,0.000294412680998034,8.72902354982485e-08,0.000297904421825756,0.000259477470141976,3.38857331214001e-08,0.000147494188847789,0.605866407392657,0.57582898865935,0.63635303377669,0,0,0,0.135095898831038,0.115431620925858,0.154967791004692,0.132343924064831,0.114020891101152,0.151065476908346,0.126693769711474,0.104016740230431,0.150274806519946,7.28476437256767,6.44265048184766,8.02958519912497,6.813,6,7,NA,NA,NA,6.909,6,8,6.726,6,7,10.522,9,11.1
2024-07-26,0.000682780964675015,5.52311661390494e-07,0.000713993134298785,0.000706590114486637,3.74273382157555e-07,0.000673550721433635,NA,NA,NA,0.00115896702993952,8.2977592273805e-07,0.00100759082463632,0.000410228346306168,2.10832971316475e-07,0.000488593708028821,0.000336414974973357,8.02248723120812e-08,0.000248891657602583,0.605960764121418,0.575957537782425,0.636369455753414,0,0,0,0.135084656334511,0.115461688655924,0.154927345161432,0.132290650061898,0.113897387025217,0.150966184196779,0.126663929482173,0.104003308256448,0.150284142645993,7.08477979511816,6.42921270579442,7.56117679502926,6.615,6,7,NA,NA,NA,6.802,6,7,6.477,6,7,10.271,9,11
2024-07-27,0.00103413593929432,1.66165482844916e-06,0.00135935984541835,0.00106525021699676,1.13311536403792e-06,0.0013246017037394,NA,NA,NA,0.00173901189265576,2.3008501789736e-06,0.00193197559310837,0.000667574949078622,6.44094473594931e-07,0.00095017832597005,0.00050224604911514,2.45069578450772e-07,0.000490162344814012,0.606045639690023,0.576087763907917,0.636392382845896,0,0,0,0.135070483585419,0.115447941164406,0.154896296751517,0.132222449943987,0.113717847704951,0.150842945303927,0.126661426780571,0.103985261600246,0.150410152453565,6.61607003739925,6.33808126582777,6.82976273127955,6.127,6,6,NA,NA,NA,6.357,6,7,6.062,6,6,9.808,9,11
2024-07-28,0.00163528394447584,5.20827256935584e-06,0.00279192777986103,0.00167044788157681,3.44857816817822e-06,0.00261580687204949,NA,NA,NA,0.00276864705905425,7.52222124012662e-06,0.00395641203957389,0.0011172087509414,1.83894232186003e-06,0.0019934515514127,0.000779645741252132,7.45274158719762e-07,0.00105473860841409,0.605850894477206,0.575831556234563,0.636471013267937,0,0,0,0.135088774215054,0.115421026159286,0.154883370913703,0.132299709721369,0.113750699061835,0.150898420844929,0.126760621586371,0.103987009563204,0.150635717893077,6.21506573863554,5.6107279085292,6.51586234412312,5.777,5,6,NA,NA,NA,6.014,6,6,5.474,5,6,9.293,9,10
2024-07-29,0.00177745684941244,6.62025156924782e-06,0.00315589128717924,0.00180416439363917,4.20212977397572e-06,0.00294322825897579,NA,NA,NA,0.00305697122822385,9.69134586394591e-06,0.00510379578872136,0.00122679645667489,2.42615752372351e-06,0.00221746561270707,0.000842162630860584,8.90928651933249e-07,0.00123240043081863,0.605190625645772,0.574644851224307,0.636023445545469,0,0,0,0.135171017004337,0.11537441791021,0.154891171037455,0.132665698459605,0.113935203994156,0.151416212132118,0.126972658890286,0.103995554210959,0.151168633366002,5.97634163081341,5.48236940538288,6.46766706597826,5.487,5,6,NA,NA,NA,5.896,5,6,5.262,5,6,9.14,8,10
2024-07-30,0.00160363739668393,4.94852418946959e-06,0.00272189597327902,0.00162489936814904,3.00085563159098e-06,0.00233406622757415,NA,NA,NA,0.00277788496821145,7.12472896016756e-06,0.00462106555563849,0.00110271346480374,1.7031300281698e-06,0.00190700890995274,0.000759197998260272,5.95042672001532e-07,0.00100465185205532,0.604319060585209,0.573264455758002,0.635857710252952,0,0,0,0.135289298107435,0.11509698203732,0.155079683052047,0.133203151984315,0.114128259026227,0.15263971192931,0.12718848932304,0.103889553075575,0.151790858505865,6.00983806883187,5.46475933843006,6.51559355360827,5.532,5,6,NA,NA,NA,5.886,5,6,5.314,5,6,9.141,8,10
2024-07-31,0.0015559083363146,3.41898287980038e-06,0.00222393077238047,0.00159549110247278,1.92207886725703e-06,0.00189617530936678,NA,NA,NA,0.00256330980672584,4.93995894608327e-06,0.00394433708821897,0.00112095992942172,1.11083316068151e-06,0.00162208613982534,0.000738414289250999,3.17613946946767e-07,0.000850416735365547,0.603782327067608,0.571775820354961,0.634928339386256,0,0,0,0.135361543078197,0.115013976706297,0.155273990149681,0.133565966393564,0.114260081362737,0.153373505713663,0.12729016346063,0.103958248844237,0.151908985939245,6.11266467420564,5.46442819181869,6.59754568492997,5.659,5,6,NA,NA,NA,5.94,5,6,5.453,5,6,9.139,8,10
