GMT,FRAC1,LTDC1,HIDC1,BHNC1,MPAC1,OWCC1,BNCC1,BCKC1,MEEC1,HPIC1,POHC1,EXQC1,DSNC1,STVC1,NWMC1,LGCC1,WARC1,LGAC1,PNEC1,LBDC1,OREC1,PATC1,HETC1,LNRC1,CHVC1F,DCMC1,NDPC1,MDSC1,NDVC1,NSWC1,AVYC1,NMSC1,OBBC1,RIPC1,PTTC1,VNSC1,KNFC1L,STVC1,MDSC1,OBBC1,RIPC1,NWMC1,CRDC1,PATC1,MZRC1,VNSC1,AVYC1L,NDPC1L
,QINE,QINE,QINE,QINE,QINE,QINE,QINE,QINE,QINE,QINE,QINE,QINE,QINE,QINE,QINE,QINE,QINE,QINE,QINE,QINE,QINE,QINE,QINE,QINE,QINE,QINE,QINE,QINE,QINE,QINE,QINE,QINE,QINE,QINE,QINE,QINE,QINE,QINE,QINE,QINE,QINE,QINE,QINE,QINE,QINE,QINE,SQIN,SQIN
2025-12-17 18:00:00,0.60776,0.00128,0.00971,0,0.002,0.001,0.001,0.005,0.02,0.05356,0.10495,-4.89762,0.01184,0.12201,0.55592,0.00001,0,0.00001,0,0.00886,0.00001,0.60107,0.17185,-0.10506,0.25954,0,0.74397,0.18056,0.01508,0.10035,0.23903,0,0.21802,0.19192,0,1.06258,0.00457,0.12201,0.18056,0.21802,0.19192,0.55592,0.5729,0.60107,0.74821,1.06258,0.04396,0.16132
2025-12-17 19:00:00,0.52997,0.00128,0.001,0,0.002,0.001,0.001,0.005,0.02,0.05356,0.10663,-9.33929,0.01184,0.12201,0.55592,0.00001,0,0.00001,0,-0.00286,0.00001,0.60107,0.19121,-0.11205,0.18032,0,0.84495,0.18289,0.01512,0.06927,0.24103,0.01232,0.21802,0.19192,0,1.07372,0.00456,0.12201,0.18289,0.21802,0.19192,0.55592,0.5729,0.60107,0.74843,1.07372,0.04678,0.16131
2025-12-17 20:00:00,0.45174,0.00128,0.001,0,0.002,0.001,0.001,0.005,0.02,0.05356,0.10663,-11.89055,0.01184,0.12201,0.55592,0.00001,0,0.00001,0,0.00009,0.00001,0.60107,0.2106,-0.12413,0.23977,0,0.94593,0.18289,0.01479,0.05853,0.23903,0.02275,0.21802,0.19192,0,1.06814,0.00455,0.12201,0.18289,0.21802,0.19192,0.55592,0.5729,0.60107,0.74866,1.06814,0.04773,0.16129
2025-12-17 21:00:00,0.37425,0.00128,0.01407,0,0.002,0.001,0.001,0.005,0.02,0.05356,0.10663,-11.89722,0.01184,0.12201,0.55876,0.00001,0,0.00001,0,0.00594,0.00001,0.60407,0.23031,-0.13325,0.27522,0,1.04691,0.18289,0.01519,0.06309,0.24303,0.03287,0.21802,0.19192,0,1.07932,0.00454,0.12201,0.18289,0.21802,0.19192,0.55876,0.5729,0.60407,0.74891,1.07932,0.04836,0.16127
2025-12-17 22:00:00,0.37462,0.00128,0.01842,0,0.002,0.001,0.001,0.005,0.02,0.05356,0.10663,-9.98534,0.01184,0.12201,0.55876,0.00001,0,0.00001,0,0.003,0.00001,0.60407,0.21324,-0.12241,0.11681,0,1.04691,0.18289,0.01485,0.04834,0.24003,0.04157,0.21802,0.19192,0,1.07372,0.00452,0.12201,0.18289,0.21802,0.19192,0.55876,0.57572,0.60407,0.74922,1.07372,0.04759,0.16125
2025-12-17 23:00:00,0.37468,0.00128,0.01842,0,0.002,0.001,0.001,0.005,0.02,0.05356,0.10663,-6.8069,0.01184,0.12301,0.55876,0.00001,0,0.00001,0,-0.00877,0.00001,0.60107,0.21398,-0.08085,0.01798,0,1.04691,0.18523,0.01487,0.01986,0.24103,0.04938,0.21802,0.19192,0,1.07932,0.00451,0.12301,0.18523,0.21802,0.19192,0.55876,0.57572,0.60107,0.74958,1.07932,0.04591,0.16123
2025-12-18 00:00:00,0.37363,0.00128,0.01845,0,0.002,0.001,0.001,0.005,0.02,0.05356,0.10663,-2.37189,0.01184,0.12001,0.55876,0.00001,0,0.00001,0,-0.00294,0.00001,0.60407,0.17622,-0.0461,0.09889,0,1.04691,0.18523,0.01452,0.01426,0.24103,0.05768,0.21802,0.19192,0,1.07372,0.0045,0.12001,0.18523,0.21802,0.19192,0.55876,0.57572,0.60407,0.7499,1.07372,0.04472,0.1612
2025-12-18 01:00:00,0.37363,0.00128,0.02281,0,0.002,0.001,0.001,0.005,0.02,0.05452,0.10831,2.70879,0.01184,0.12201,0.56161,0.00001,0,0.00001,0,0.00877,0.00001,0.60407,0.17551,-0.03654,0.22326,0,1.04691,0.18523,0.01527,0.04937,0.24103,0.06806,0.21802,0.19071,0,1.07372,0.00449,0.12201,0.18523,0.21802,0.19071,0.56161,0.57854,0.60407,0.75019,1.07372,0.04348,0.16117
2025-12-18 02:00:00,0.45186,0.00128,0.02278,0,0.002,0.001,0.001,0.005,0.02,0.05356,0.10831,4.62696,0.01184,0.12201,0.56161,0.00001,0,0.00001,0,0.00877,0.00001,0.60407,0.15697,-0.02845,0.17279,0,1.04691,0.18758,0.01493,0.05193,0.24303,0.07874,0.21802,0.19192,0,1.07372,0.00448,0.12201,0.18758,0.21802,0.19192,0.56161,0.57854,0.60407,0.75053,1.07372,0.04256,0.16113
2025-12-18 03:00:00,0.52935,0.00128,0.01842,0,0.002,0.001,0.001,0.005,0.02,0.05356,0.10831,3.99719,0.01184,0.12201,0.56161,0.00001,0,0.00001,0,0.00289,0.00001,0.60407,0.17548,-0.00295,0.02279,0,1.04691,0.19231,0.01495,0.0311,0.24103,0.08894,0.21802,0.19071,0,1.07372,0.00447,0.12201,0.19231,0.21802,0.19071,0.56161,0.57854,0.60407,0.75092,1.07372,0.04114,0.16109
2025-12-18 04:00:00,0.52935,0.00128,0.01842,0,0.002,0.001,0.001,0.005,0.02,0.05356,0.10831,3.99719,0.01184,0.12101,0.56161,0.00001,0,0.00001,0,-0.00594,0.00001,0.60407,0.17475,0.02403,0.06568,0,1.04691,0.20185,0.01496,0.0306,0.24103,0.09786,0.21802,0.19071,0,1.07372,0.00446,0.12101,0.20185,0.21802,0.19071,0.56161,0.57854,0.60407,0.75133,1.07372,0.03846,0.16103
2025-12-18 05:00:00,0.52948,0.00128,0.01842,0,0.002,0.001,0.001,0.005,0.02,0.05356,0.10831,3.99719,0.01184,0.12101,0.56161,0.00001,0,0.00001,0,-0.00006,0.00001,0.60707,0.1555,0.04449,0.26609,0,1.04691,0.21397,0.01462,0.06468,0.24003,0.10626,0.22202,0.19071,0,1.06258,0.00445,0.12101,0.21397,0.22202,0.19071,0.56161,0.58138,0.60707,0.75179,1.06258,0.03525,0.16095
2025-12-18 06:00:00,0.49908,0.00128,0.01404,0,0.002,0.001,0.001,0.005,0.02,0.05452,0.10831,3.83958,0.01184,0.12101,0.56446,0.00001,0,0.00001,0,-0.001,0.00001,0.60707,0.21183,0.03148,0.3281,0,1.04691,0.22879,0.01536,0.08145,0.24103,0.11535,0.21802,0.19071,0,1.06258,0.00444,0.12101,0.22879,0.21802,0.19071,0.56446,0.58138,0.60707,0.75247,1.06258,0.03273,0.16085
2025-12-18 07:00:00,0.43817,0.00128,0.01404,0,0.002,0.001,0.001,0.005,0.02,0.05356,0.10663,2.83447,0.01184,0.12101,0.56161,0.00001,0,0.00001,0,-0.0088,0.00001,0.60707,0.19402,0.0335,0.18069,0,1.04691,0.24896,0.01503,0.07839,0.23803,0.14028,0.21802,0.19071,0,1.06814,0.00443,0.12101,0.24896,0.21802,0.19071,0.56161,0.58138,0.60707,0.75358,1.06814,0.03106,0.16071
2025-12-18 08:00:00,0.40155,0.00128,0.01842,0,0.002,0.001,0.001,0.005,0.02,0.05356,0.10663,1.77848,0.01184,0.12201,0.56446,0.00001,0,0.00001,0,-0.01368,0.00001,0.60707,0.15697,0.0686,0.10249,0,1.04691,0.26962,0.01468,0.06618,0.24103,0.16616,0.21802,0.19071,0,1.07372,0.00442,0.12201,0.26962,0.21802,0.19071,0.56446,0.58422,0.60707,0.75533,1.07372,0.03037,0.1605
2025-12-18 09:00:00,0.36499,0.00128,0.01842,0,0.002,0.001,0.001,0.005,0.02,0.05356,0.10663,1.41186,0.01184,0.12201,0.56161,0.00001,0,0.00001,0,-0.01171,0.00001,0.61007,0.10139,0.05663,0.25366,0,1.04691,0.28542,0.01468,0.04531,0.23903,0.19212,0.21802,0.19071,0,1.07372,0.00441,0.12201,0.28542,0.21802,0.19071,0.56161,0.58422,0.61007,0.7578,1.07372,0.02973,0.16015
2025-12-18 10:00:00,0.32806,0.00128,0.01842,0,0.002,0.001,0.001,0.005,0.02,0.05452,0.10663,1.04523,0.01184,0.12201,0.56446,0.00001,0,0.00001,0,0.00006,0.00001,0.61007,0.11994,0.03367,0.40428,0,1.04015,0.30418,0.01505,0.03616,0.24103,0.21841,0.22202,0.19071,0,1.07372,0.0044,0.12201,0.30418,0.22202,0.19071,0.56446,0.58422,0.61007,0.76122,1.07372,0.02942,0.15945
2025-12-18 11:00:00,0.29097,0.00128,0.01842,0,0.002,0.001,0.001,0.005,0.02,0.05452,0.10663,0.62826,0.01184,0.12201,0.56446,0.00001,0,0.00001,0,0.00153,0.00001,0.61307,0.13849,0.00483,0.28725,0,1.03339,0.32329,0.0147,0.02551,0.24103,0.24495,0.21802,0.19071,0,1.07372,0.00439,0.12201,0.32329,0.21802,0.19071,0.56446,0.58422,0.61307,0.7657,1.07372,0.02939,0.15736
2025-12-18 12:00:00,0.28479,0.00128,0.02278,0,0.002,0.001,0.001,0.005,0.02,0.05452,0.10663,0.47012,0.01184,0.12201,0.56161,0.00001,0,0.00001,0,-0.00338,0.00001,0.61307,0.08292,0.03361,0.11425,0,1.02663,0.33992,0.01471,0.00976,0.24103,0.27147,0.21802,0.19071,0,1.07372,0.00438,0.12201,0.33992,0.21802,0.19071,0.56161,0.58422,0.61307,0.77105,1.07372,0.02931,0.15722
2025-12-18 13:00:00,0.30897,0.00127,0.02278,0,0.002,0.001,0.001,0.005,0.02,0.05452,0.10495,0.47012,0.01184,0.12201,0.56161,0.00001,0,0.00001,0,0.00003,0.00001,0.61007,0.17559,0.07202,0.16727,0,1.01986,0.35678,0.01509,0.00114,0.24103,0.34815,0.21802,0.19192,0,1.07372,0.00437,0.12201,0.35678,0.21802,0.19192,0.56161,0.58422,0.61007,0.77717,1.07372,0.02935,0.15714
2025-12-18 14:00:00,0.30885,0.00127,0.01842,0,0.002,0.001,0.001,0.005,0.02,0.05452,0.10663,0.47012,0.01184,0.12201,0.56161,0.00001,0,0.00001,0,0.00197,0.00001,0.61007,0.2135,0.02954,0.32324,0,1.0131,0.36816,0.01437,0.0261,0.24103,0.4248,0.21802,0.19071,0,1.07372,0.00436,0.12201,0.36816,0.21802,0.19071,0.56161,0.58707,0.61007,0.78411,1.07372,0.02937,0.15693
2025-12-18 15:00:00,0.30885,0.00126,0.01407,0,0.002,0.001,0.001,0.005,0.02,0.05548,0.10663,0.41978,0.01184,0.12201,0.56161,0.00001,0,0.00001,0,0.00097,0.00001,0.61307,0.17654,0.01325,0.33932,0,1.00634,0.37964,0.0151,0.06171,0.23903,0.50148,0.21502,0.19192,0,1.07372,0.00435,0.12201,0.37964,0.21502,0.19192,0.56161,0.58707,0.61307,0.79175,1.07372,0.0294,0.15672
2025-12-18 16:00:00,0.30885,0.00125,0.00971,0,0.002,0.001,0.001,0.005,0.02,0.05548,0.10663,0.26823,0.01184,0.12201,0.56161,0.00001,0,0.00001,0,-0.00003,0.00001,0.61007,0.17578,0.02339,0.19818,0,0.96594,0.39121,0.01438,0.0851,0.23903,0.57809,0.21802,0.19192,0,1.07372,0.00434,0.12201,0.39121,0.21802,0.19192,0.56161,0.58707,0.61007,0.79997,1.07372,0.02939,0.1565
2025-12-18 17:00:00,0.30876,0.00125,0.00971,0,0.002,0.001,0.001,0.005,0.02,0.05452,0.10663,0.16728,0.01184,0.12201,0.56161,0.00001,0,0.00001,0,0.00044,0.00001,0.61307,0.17576,0.04315,0.12545,0,0.92555,0.40878,0.0151,0.06118,0.23903,0.6547,0.21802,0.19071,0,1.06814,0.00433,0.12201,0.40878,0.21802,0.19071,0.56161,0.58707,0.61307,0.80858,1.06814,0.02936,0.15629
2025-12-18 18:00:00,0.30866,0.00124,0.00971,0,0.002,0.001,0.001,0.005,0.02,0.05452,0.10831,-0.08595,0.01184,0.12201,0.56161,0.00001,0,0.00001,0,0.00141,0.00001,0.61307,0.26835,0.03458,0.24443,0,0.88515,0.44152,0.01512,0.01588,0.24003,0.7313,0.21802,0.19071,0,1.07372,0.00432,0.12201,0.44152,0.21802,0.19071,0.56161,0.58707,0.61307,0.81738,1.07372,0.02933,0.15608
2025-12-18 19:00:00,0.30889,0.00124,0.00971,0,0.002,0.001,0.001,0.005,0.02,0.05548,0.10831,-0.34026,0.01184,0.12201,0.56161,0.00001,0,0.00001,0,-0.003,0.00001,0.61307,0.21273,0.01431,0.36801,0,0.84504,0.49042,0.01403,0.03033,0.24003,0.78842,0.21802,0.19071,0,1.07372,0.00431,0.12201,0.49042,0.21802,0.19071,0.56161,0.58422,0.61307,0.82636,1.07372,0.02931,0.15586
2025-12-18 20:00:00,0.28481,0.00124,0.01407,0,0.002,0.001,0.001,0.005,0.02,0.05548,0.10663,-0.39073,0.01184,0.12301,0.56161,0.00001,0,0.00001,0,-0.00153,0.00001,0.61007,0.13786,0.03932,0.32388,0,0.80493,0.57945,0.01438,-0.00756,0.23903,0.84542,0.21802,0.19071,0,1.07932,0.0043,0.12301,0.57945,0.21802,0.19071,0.56161,0.58422,0.61007,0.83572,1.07932,0.02929,0.15565
2025-12-18 21:00:00,0.28457,0.00124,0.01407,0,0.002,0.001,0.001,0.005,0.02,0.05452,0.10663,-0.33958,0.01184,0.12301,0.56161,0.00001,0,0.00001,0,0.00338,0.00001,0.61607,0.21193,0.04739,0.1888,0,0.76481,0.69605,0.01477,-0.01794,0.24101,0.90238,0.21802,0.19071,0,1.07932,0.00429,0.12301,0.69605,0.21802,0.19071,0.56161,0.58422,0.61607,0.84608,1.07932,0.02927,0.15544
2025-12-18 22:00:00,0.30862,0.00124,0.01407,0,0.002,0.001,0.001,0.005,0.02,0.05452,0.10831,-0.2381,0.01225,0.12301,0.56161,0.00001,0,0.00001,0,0.00291,0.00001,0.61307,0.21267,0.02676,0.15355,0,0.72469,0.83394,0.01514,-0.01671,0.24203,0.95916,0.21802,0.19071,0,1.08492,0.00428,0.12301,0.83394,0.21802,0.19071,0.56161,0.58422,0.61307,0.85831,1.08492,0.02923,0.15522
2025-12-18 23:00:00,0.30862,0.00123,0.01842,0,0.002,0.001,0.001,0.005,0.02,0.05452,0.11001,-0.08628,0.01225,0.12301,0.56161,0.00001,0,0.00001,0,-0.00197,0.00001,0.61307,0.21348,0.02364,0.275,0,0.68458,0.97472,0.0155,-0.00632,0.24103,1.01583,0.21802,0.19192,0,1.08492,0.00427,0.12301,0.97472,0.21802,0.19192,0.56161,0.58707,0.61307,0.874,1.08492,0.02919,0.15501
2025-12-19 00:00:00,0.30862,0.00123,0.01407,0,0.002,0.001,0.001,0.005,0.02,0.05548,0.11001,0.11662,0.01225,0.12301,0.56161,0.00001,0,0.00001,0,-0.00294,0.00001,0.61307,0.15873,0.03989,0.34338,0,0.64447,1.11964,0.0148,0.04556,0.24103,1.07244,0.21802,0.19071,0,1.09054,0.00426,0.12301,1.11964,0.21802,0.19071,0.56161,0.58422,0.61307,0.89498,1.09054,0.02915,0.15479
2025-12-19 01:00:00,0.33268,0.00123,0.0141,0,0.002,0.001,0.001,0.005,0.02,0.05646,0.11001,0.37114,0.01225,0.12301,0.56161,0.00001,0,0.00001,0,0.00294,0.00001,0.61307,0.13946,0.03955,0.23654,0,0.60617,1.24781,0.01554,0.05093,0.24103,1.12974,0.21802,0.19192,0,1.09617,0.00425,0.12301,1.24781,0.21802,0.19192,0.56161,0.58422,0.61307,0.9224,1.09617,0.02913,0.15506
2025-12-19 02:00:00,0.35698,0.00123,0.01413,0,0.002,0.001,0.001,0.005,0.02,0.05452,0.11001,0.47269,0.01225,0.12301,0.56161,0.00001,0,0.00001,0,0.00442,0.00001,0.61007,0.1942,0.03067,0.10819,0,0.56787,1.37605,0.01521,0.08401,0.23903,1.18693,0.21802,0.19192,0,1.10181,0.00424,0.12301,1.37605,0.21802,0.19192,0.56161,0.58422,0.61007,0.95657,1.10181,0.02911,0.15532
2025-12-19 03:00:00,0.35723,0.00123,0.01848,0,0.002,0.001,0.001,0.005,0.02,0.05452,0.11001,0.42182,0.01225,0.12201,0.56446,0.00001,0,0.00001,0,0.00147,0.00001,0.61307,0.13937,0.02999,0.15699,0,0.56774,1.49607,0.01485,0.06468,0.24103,1.24388,0.21502,0.19192,0,1.10747,0.00424,0.12201,1.49607,0.21502,0.19192,0.56446,0.58422,0.61307,0.99787,1.10747,0.02909,0.15558
2025-12-19 04:00:00,0.33318,0.00123,0.02284,0,0.002,0.001,0.001,0.005,0.02,0.05452,0.10831,0.47269,0.01225,0.12301,0.56446,0.00001,0,0.00001,0,0.00294,0.00001,0.61307,0.12101,0.02965,0.31371,0,0.56761,1.59493,0.01559,0.04481,0.23903,1.30058,0.21802,0.19192,0,1.10747,0.00423,0.12301,1.59493,0.21802,0.19192,0.56446,0.58707,0.61307,1.04605,1.10747,0.02905,0.15584
2025-12-19 05:00:00,0.3347,0.00123,0.02284,0,0.002,0.001,0.001,0.005,0.02,0.05452,0.11001,0.5233,0.01225,0.12301,0.56446,0.00001,0,0.00001,0,0.00297,0.00001,0.61307,0.1574,0.03754,0.32912,0,0.56748,1.69152,0.01489,0.05443,0.23803,1.35718,0.21502,0.19071,0,1.12452,0.00422,0.12301,1.69152,0.21502,0.19071,0.56446,0.58707,0.61307,1.10011,1.12452,0.02901,0.1561
2025-12-19 06:00:00,0.37889,0.00123,0.02719,0,0.002,0.001,0.001,0.005,0.02,0.05452,0.10831,0.49404,0.01225,0.12301,0.56732,0.00001,0,0.00001,0,0.00006,0.00001,0.61307,0.15747,0.04632,0.20819,0,0.56735,1.77736,0.01489,0.04578,0.23903,1.41357,0.21502,0.19071,0,1.13594,0.00421,0.12301,1.77736,0.21502,0.19071,0.56732,0.58422,0.61307,1.15897,1.13594,0.02898,0.15636
2025-12-19 07:00:00,0.41609,0.00123,0.02281,0,0.002,0.001,0.001,0.005,0.02,0.05452,0.10831,0.41488,0.01225,0.12401,0.56446,0.00001,0,0.00001,0,-0.00289,0.00001,0.61307,0.17615,0.03728,0.15611,0,0.56934,1.84773,0.01489,0.02748,0.23903,1.24921,0.21802,0.19071,0,1.14741,0.0042,0.12401,1.84773,0.21802,0.19071,0.56446,0.58707,0.61307,1.22126,1.14741,0.02896,0.15662
2025-12-19 08:00:00,0.51196,0.00123,0.02278,0,0.002,0.001,0.001,0.005,0.02,0.05452,0.10831,0.30609,0.01225,0.12301,0.56732,0.00001,0,0.00001,0,-0.00583,0.00001,0.61307,0.1763,0.02641,0.2259,0,0.57134,1.90207,0.01527,0.00814,0.23803,1.08484,0.21502,0.19071,0,1.15893,0.00419,0.12301,1.90207,0.21502,0.19071,0.56732,0.58707,0.61307,1.28602,1.15893,0.02894,0.15688
2025-12-19 09:00:00,0.60782,0.00123,0.02278,0,0.002,0.001,0.001,0.005,0.02,0.05452,0.10663,0.24811,0.01225,0.12401,0.56732,0.00001,0,0.00001,0,0.00003,0.00001,0.61307,0.19415,0.03429,0.31651,0,0.57333,1.95264,0.01454,0.02798,0.24003,0.9205,0.21502,0.19071,0,1.17051,0.00418,0.12401,1.95264,0.21502,0.19071,0.56732,0.58707,0.61307,1.35224,1.17051,0.02892,0.15715
2025-12-19 10:00:00,0.66908,0.00123,0.02278,0,0.002,0.001,0.001,0.005,0.02,0.05356,0.10663,0.10932,0.01225,0.12301,0.56732,0.00001,0,0.00001,0,0,0.00001,0.61307,0.21192,0.03573,0.28628,0,0.57532,2.00784,0.0149,0.03254,0.24103,0.75612,0.21802,0.19071,0,1.1938,0.00417,0.12301,2.00784,0.21802,0.19071,0.56732,0.58707,0.61307,1.41872,1.1938,0.02888,0.15741
2025-12-19 11:00:00,0.72893,0.00123,0.02278,0,0.002,0.001,0.001,0.005,0.02,0.05356,0.10663,-0.13953,0.01225,0.12401,0.57018,0.00001,0,0.00001,0,-0.00003,0.00001,0.61307,0.15632,0.02033,0.18833,0,0.57732,2.05919,0.0149,0.0117,0.23903,0.59173,0.21802,0.19071,0,1.21729,0.00416,0.12401,2.05919,0.21802,0.19071,0.57018,0.58707,0.61307,1.48465,1.21729,0.02884,0.15767
2025-12-19 12:00:00,0.74613,0.00123,0.01842,0,0.002,0.001,0.001,0.005,0.02,0.05356,0.10663,-0.21886,0.01225,0.12301,0.56732,0.00001,0,0.00001,0,0.00583,0.00001,0.61307,0.17407,0.02243,0.15739,0,0.57931,2.11524,0.01489,0.0326,0.23903,0.42736,0.21802,0.19071,0,1.24098,0.00415,0.12301,2.11524,0.21802,0.19071,0.56732,0.58707,0.61307,1.54995,1.24098,0.02881,0.16007
2025-12-19 13:00:00,0.74613,0.00123,0.02278,0,0.002,0.001,0.001,0.005,0.02,0.05356,0.10663,-0.21838,0.01225,0.12401,0.57018,0.00001,0,0.00001,0,0.00583,0.00001,0.61307,0.17408,0.03324,0.21078,0,0.57875,2.18917,0.01489,0.06621,0.24003,0.40073,0.21802,0.19071,0,1.27687,0.00414,0.12401,2.18917,0.21802,0.19071,0.57018,0.58992,0.61307,1.61357,1.27687,0.02878,0.1623
2025-12-19 14:00:00,0.71152,0.00123,0.02278,0,0.002,0.001,0.001,0.005,0.02,0.05356,0.10663,-0.12886,0.01225,0.12401,0.57018,0.00001,0,0.00001,0,-0.00003,0.00001,0.61307,0.15633,0.03464,0.31686,0,0.5782,2.28594,0.0149,0.06011,0.23703,0.3742,0.21802,0.19071,0,1.31931,0.00413,0.12401,2.28594,0.21802,0.19071,0.57018,0.58992,0.61307,1.67571,1.31931,0.02877,0.16231
2025-12-19 15:00:00,0.67692,0.00123,0.01842,0,0.002,0.001,0.001,0.005,0.02,0.05356,0.10495,0.05031,0.01225,0.12401,0.57018,0.00001,0,0.00001,0,-0.00588,0.00001,0.61607,0.21191,0.03609,0.33791,0,0.57764,2.41082,0.0149,0.04943,0.23903,0.34779,0.21502,0.19071,0,1.36852,0.00413,0.12401,2.41082,0.21502,0.19071,0.57018,0.58992,0.61607,1.73796,1.36852,0.02875,0.16231
2025-12-19 16:00:00,0.67692,0.00123,0.01842,0,0.002,0.001,0.001,0.005,0.02,0.05356,0.10495,0.25942,0.01225,0.12301,0.57018,0.00001,0,0.00001,0,-0.00294,0.00001,0.61607,0.21282,0.06824,0.26901,0,0.57708,2.5467,0.01489,0.03978,0.23903,0.32143,0.21802,0.19071,0,1.41853,0.00412,0.12301,2.5467,0.21802,0.19071,0.57018,0.58992,0.61607,1.80143,1.41853,0.02871,0.16232
2025-12-19 17:00:00,0.67692,0.00123,0.01842,0,0.002,0.001,0.001,0.005,0.02,0.05262,0.10495,0.49861,0.01225,0.12401,0.57018,0.00001,0,0.00001,0,-0.00294,0.00001,0.61607,0.23149,0.11789,0.19027,0,0.57653,2.706,0.01453,0.03622,0.23803,0.29518,0.21802,0.19071,0,1.47563,0.00411,0.12401,2.706,0.21802,0.19071,0.57018,0.58992,0.61607,1.86742,1.47563,0.02867,0.16233
2025-12-19 18:00:00,0.67692,0.00123,0.01842,0,0.002,0.001,0.001,0.005,0.02,0.05356,0.10329,0.67804,0.01225,0.12401,0.57305,0.00001,0,0.00001,0,-0.00588,0.00001,0.61607,0.17518,0.1168,0.11477,0,0.57597,2.85305,0.01451,0.03875,0.24103,0.26902,0.21802,0.19071,0,1.52714,0.0041,0.12401,2.85305,0.21802,0.19071,0.57305,0.58992,0.61607,1.93689,1.52714,0.02864,0.16233
2025-12-19 19:00:00,0.67692,0.00123,0.01407,0,0.002,0.001,0.001,0.005,0.02,0.05356,0.10329,0.85664,0.01225,0.12501,0.57018,0.00001,0,0.00001,0,-0.00883,0.00001,0.61607,0.17517,0.15279,-0.05298,0,0.57827,2.99076,0.01487,0.02192,0.23903,0.26559,0.21802,0.19071,0,1.58598,0.00409,0.12501,2.99076,0.21802,0.19071,0.57018,0.58992,0.61607,2.01056,1.58598,0.02956,0.16234
2025-12-19 20:00:00,0.67692,0.00122,0.01398,0,0.002,0.001,0.002,0.005,0.02,0.05262,0.10329,0.91664,0.01225,0.12401,0.57018,0,0,0.00001,0,-0.00297,0.00001,0.61907,0.17517,0.2296,-0.3928,0,0.58057,3.13289,0.01411,0.04225,0.23503,0.25976,0.21802,0.19071,0,1.66593,0.00408,0.12401,3.13289,0.21802,0.19071,0.57018,0.59278,0.61907,2.08818,1.66593,0.03144,0.16235
2025-12-19 21:00:00,0.67692,0.00122,0.01817,0,0.002,0.001,0.002,0.005,0.02,0.05262,0.10329,0.79766,0.01225,0.12501,0.57305,0,0,0.00001,0,-0.00003,0.00001,0.61607,0.13889,0.27338,-0.62087,0,0.58287,3.25343,0.01557,0.04428,0.23703,0.25189,0.21802,0.19071,0,1.73382,0.00407,0.12501,3.25343,0.21802,0.19071,0.57305,0.59278,0.61607,2.16533,1.73382,0.03521,0.16236
2025-12-19 22:00:00,0.67692,0.00121,0.01801,0,0.002,0.001,0.002,0.005,0.02,0.05262,0.10495,0.61853,0.01225,0.12501,0.57592,0,0,0.00001,0,-0.00588,0.00001,0.61607,0.17577,0.27177,-0.6879,0,0.58516,3.37655,0.01485,0.08295,0.24003,0.2436,0.21502,0.19071,0,1.78897,0.00406,0.12501,3.37655,0.21502,0.19071,0.57592,0.59278,0.61607,2.24574,1.78897,0.04465,0.16237
2025-12-19 23:00:00,0.67692,0.00121,0.01784,0,0.002,0.001,0.002,0.005,0.02,0.05356,0.10831,0.46916,0.01225,0.12501,0.57592,0.00001,0,0.00001,0,0.00291,0.00001,0.61907,0.10153,0.27331,-0.72016,0,0.58746,3.49696,0.0156,0.14555,0.24003,0.23259,0.21502,0.19071,0,1.86602,0.00405,0.12501,3.49696,0.21502,0.19071,0.57592,0.59278,0.61907,2.3289,1.86602,0.05694,0.16238
2025-12-20 00:00:00,0.67692,0.0012,0.01767,0,0.002,0.001,0.002,0.005,0.02,0.05168,0.11001,0.3198,0.01225,0.12501,0.57592,0.00001,0,0.00001,0,0.01171,0.00001,0.61907,0.21418,0.32451,-0.79276,0,0.58976,3.59287,0.01565,0.17251,0.24303,0.21605,0.21802,0.18951,0,1.93009,0.00404,0.12501,3.59287,0.21802,0.18951,0.57592,0.59278,0.61907,2.41416,1.93009,0.06638,0.1624
2025-12-20 01:00:00,0.64232,0.0012,0.02189,0,0.002,0.001,0.002,0.005,0.02,0.05168,0.10831,0.11118,0.01225,0.12401,0.5788,0.00001,0,0.00001,0,0.01171,0.00001,0.62207,0.252,0.32083,-0.76912,0,0.62237,3.68479,0.01755,0.18625,0.24503,0.16476,0.21502,0.19071,0,2.00235,0.00403,0.12401,3.68479,0.21502,0.19071,0.5788,0.59278,0.62207,2.50125,2.00235,0.08119,0.16241
2025-12-20 02:00:00,0.60772,0.0012,0.02184,0,0.002,0.001,0.002,0.005,0.02,0.05076,0.10663,-0.06824,0.01225,0.12501,0.5788,0.00001,0,0.00001,0,0.00877,0.00001,0.62207,0.1779,0.32298,-0.5501,0.001,0.65497,3.76698,0.01918,0.20152,0.25303,0.11786,0.21502,0.19071,0,2.07575,0.00402,0.12501,3.76698,0.21502,0.19071,0.5788,0.59564,0.62207,2.58948,2.07575,0.1004,0.16243
2025-12-20 03:00:00,0.60772,0.0012,0.02184,0,0.002,0.001,0.002,0.005,0.02,0.05168,0.10663,-0.12832,0.01225,0.12501,0.5788,0.00001,0,0.00001,0,0.00289,0.00001,0.62207,0.17643,0.30358,-0.48977,0.001,0.68758,3.84463,0.02087,0.18372,0.25303,0.08735,0.21802,0.19071,0,2.14279,0.00402,0.12501,3.84463,0.21802,0.19071,0.5788,0.59564,0.62207,2.67601,2.14279,0.136,0.16246
2025-12-20 04:00:00,0.57308,0.00119,0.01748,0,0.002,0.001,0.002,0.005,0.02,0.05168,0.10663,-0.15786,0.01225,0.12501,0.5788,0.00001,0,0.00001,0,-0.00006,0.00001,0.62407,0.10234,0.30624,-0.47641,0.001,0.72018,3.90063,0.02106,0.16235,0.25803,0.10503,0.21802,0.18951,0,2.22595,0.00401,0.12501,3.90063,0.21802,0.18951,0.5788,0.59851,0.62407,2.76263,2.22595,0.21979,0.16249
2025-12-20 05:00:00,0.55094,0.00119,0.01313,0,0.002,0.001,0.001,0.005,0.02,0.05262,0.10663,-0.21771,0.01225,0.12401,0.58169,0.00001,0,0.00001,0,-0.00297,0.00001,0.62407,0.21426,0.34332,-0.44816,0.001,0.75279,3.96844,0.02345,0.16897,0.25703,0.14634,0.21802,0.18951,0,2.30272,0.004,0.12401,3.96844,0.21802,0.18951,0.58169,0.59851,0.62407,2.84898,2.30272,0.3272,0.16253
2025-12-20 06:00:00,0.52792,0.00119,0.01748,0,0.002,0.001,0.001,0.005,0.02,0.05356,0.10663,-0.3079,0.01225,0.12501,0.58169,0.00001,0,0.00001,0,-0.00588,0,0.62407,0.13949,0.31767,-0.36269,0.001,0.78539,4.01974,0.02664,0.12115,0.26303,0.16308,0.21802,0.19071,0,2.38061,0.00399,0.12501,4.01974,0.21802,0.19071,0.58169,0.60138,0.62407,2.93454,2.38061,0.41005,0.16259
2025-12-20 07:00:00,0.48094,0.00119,0.0131,0,0.002,0.001,0.001,0.005,0.02,0.05356,0.10663,-0.3438,0.01225,0.12501,0.58458,0.00001,0,0.00001,0,-0.00294,0.00001,0.62707,0.08407,0.3274,-0.34204,0.001,0.90474,4.06563,0.03067,0.07995,0.26803,0.18939,0.21802,0.19071,0,2.46756,0.00398,0.12501,4.06563,0.21802,0.19071,0.58458,0.60426,0.62707,3.0189,2.46756,0.46446,0.16266
2025-12-20 08:00:00,0.43395,0.00119,0.01307,0,0.002,0.001,0.001,0.005,0.02,0.05452,0.10663,-0.35267,0.01225,0.12501,0.58458,0.00001,0,0,0,0,0.00001,0.62707,0.34353,0.33675,-0.42735,0.001,1.02409,4.10026,0.03405,0.05452,0.27803,0.21247,0.21802,0.19071,0,2.56395,0.00397,0.12501,4.10026,0.21802,0.19071,0.58458,0.60426,0.62707,3.10198,2.56395,0.48272,0.16278
2025-12-20 09:00:00,0.3524,0.00119,0.01307,0,0.002,0.001,0.001,0.005,0.02,0.05548,0.10663,-0.42751,0.01225,0.12501,0.58748,0.00001,0,0,0,0.00294,0.00001,0.63007,0.34434,0.36679,-0.42053,0.001,1.14344,4.14086,0.03566,0.12018,0.28003,0.23518,0.21502,0.18951,0,2.64547,0.00396,0.12501,4.14086,0.21502,0.18951,0.58748,0.60426,0.63007,3.18348,2.64547,0.4945,0.16297
2025-12-20 10:00:00,0.30549,0.00119,0.01745,0,0.002,0.001,0.001,0.005,0.02,0.05845,0.10663,-0.48831,0.01225,0.12501,0.58748,0.00001,0,0,0,0.00589,0.00001,0.62707,0.34441,0.39609,-0.41733,0.001,1.26279,4.17,0.03514,0.17359,0.28503,0.25405,0.21502,0.18951,0,2.74474,0.00396,0.12501,4.17,0.21502,0.18951,0.58748,0.60426,0.62707,3.263,2.74474,0.47889,0.16336
2025-12-20 11:00:00,0.2461,0.00119,0.02184,0,0.002,0.001,0.001,0.005,0.02,0.06256,0.11001,-0.48962,0.01225,0.12501,0.59038,0.00001,0,0.00001,0,0.00294,0.00001,0.62707,0.41777,0.37839,-0.31231,0.001,1.38214,4.20512,0.03724,0.13298,0.29503,0.26964,0.21802,0.18951,0,2.82866,0.00395,0.12501,4.20512,0.21802,0.18951,0.59038,0.60715,0.62707,3.34037,2.82866,0.44549,0.16451
2025-12-20 12:00:00,0.18757,0.00119,0.01748,0,0.002,0.001,0.001,0.005,0.02,0.06362,0.11001,0,0.01225,0.12401,0.59328,0.00001,0,0.00001,0,0.00294,0,0.63007,0.45476,0.37874,-0.23701,0.001,1.50149,4.22862,0.04108,0.1485,0.29503,0.28622,0.21802,0.18951,0,2.92222,0.00394,0.12401,4.22862,0.21802,0.18951,0.59328,0.60715,0.63007,3.41557,2.92222,0.42169,0.19046
2025-12-20 13:00:00,0.18761,0.00119,0.02184,0,0.002,0.001,0.001,0.005,0.02,0.06468,0.11171,0.02353,0.01225,0.12501,0.59328,0.00001,0,0.00001,0,0.00294,0.00001,0.63007,0.47241,0.3859,-0.1919,0.001,1.62063,4.25811,0.04168,0.19067,0.29503,0.33434,0.21802,0.18951,0,3.01708,0.00393,0.12501,4.25811,0.21802,0.18951,0.59328,0.60715,0.63007,3.48857,3.01708,0.39827,0.19932
2025-12-20 14:00:00,0.18765,0.00119,0.02184,0,0.002,0.001,0.001,0.005,0.02,0.06468,0.11343,0.28124,0.01225,0.12501,0.59619,0.00001,0,0.00001,0,0,0.00001,0.63007,0.34114,0.33032,-0.09375,0.001,1.73976,4.26994,0.04519,0.18062,0.30003,0.39006,0.21802,0.18951,0,3.11323,0.00392,0.12501,4.26994,0.21802,0.18951,0.59619,0.60715,0.63007,3.55935,3.11323,0.38246,0.20206
2025-12-20 15:00:00,0.1877,0.00119,0.01748,0,0.002,0.001,0.001,0.005,0.02,0.06685,0.11867,0.28366,0.01225,0.12501,0.5991,0.00001,0,0.00001,0,0,0.00001,0.63307,0.41514,0.28965,0.05417,0.001,1.8589,4.30553,0.05002,0.13903,0.30503,0.43806,0.21802,0.18951,0,3.2014,0.00392,0.12501,4.30553,0.21802,0.18951,0.5991,0.61004,0.63307,3.62784,3.2014,0.35891,0.2048
2025-12-20 16:00:00,0.1772,0.00119,0.01745,0,0.002,0.001,0.001,0.005,0.02,0.07248,0.12222,0.28537,0.01225,0.12501,0.5991,0.00001,0,0.00001,0,-0.00294,0.00001,0.63007,0.54473,0.26772,0.13615,0.001,1.97803,4.34128,0.05138,0.08522,0.31003,0.46833,0.21802,0.18951,0,3.28739,0.00391,0.12501,4.34128,0.21802,0.18951,0.5991,0.61004,0.63007,3.69397,3.28739,0.31764,0.20754
2025-12-20 17:00:00,0.16664,0.00119,0.01742,0,0.002,0.001,0.001,0.005,0.02,0.0784,0.12763,0.28755,0.01225,0.12501,0.60202,0.00001,0,0.00001,0,-0.00003,0.00001,0.63007,0.52542,0.22796,0.16434,0.001,2.09717,4.37721,0.05297,0.08471,0.31003,0.49132,0.21802,0.18951,0,3.36482,0.0039,0.12501,4.37721,0.21802,0.18951,0.60202,0.61004,0.63007,3.75775,3.36482,0.26909,0.21028
2025-12-20 18:00:00,0.16664,0.0012,0.01742,0,0.002,0.001,0.001,0.005,0.02,0.08222,0.13502,0.29119,0.01225,0.12501,0.60494,0.00001,0,0.00001,0,-0.00297,0.00001,0.63307,0.54467,0.23006,0.23195,0.001,2.2163,4.41933,0.05322,0.10034,0.31504,0.52477,0.21802,0.18951,0,3.44287,0.00389,0.12501,4.41933,0.21802,0.18951,0.60494,0.61004,0.63307,3.81968,3.44287,0.23101,0.21302
2025-12-20 19:00:00,0.16664,0.00121,0.01742,0,0.002,0.001,0.002,0.005,0.02,0.08356,0.13906,0.29551,0.01225,0.12501,0.60494,0.00001,0,0.00001,0,-0.00883,0.00001,0.63307,0.56468,0.23105,0.29838,0.001,2.19189,4.46169,0.05251,0.10307,0.31203,0.52971,0.21802,0.18951,0,3.51288,0.00388,0.12501,4.46169,0.21802,0.18951,0.60494,0.61294,0.63307,3.88019,3.51288,0.2039,0.21576
2025-12-20 20:00:00,0.16664,0.00122,0.02181,0,0.002,0.001,0.002,0.005,0.02,0.08905,0.1473,0.2995,0.01225,0.12601,0.60787,0.00001,0,0.00001,0,-0.00294,0.00001,0.63307,0.64028,0.24345,0.37631,0.001,2.16748,4.50426,0.04932,0.12597,0.30503,0.53762,0.21502,0.18951,0,3.60122,0.00387,0.12601,4.50426,0.21502,0.18951,0.60787,0.61294,0.63307,3.93947,3.60122,0.18967,0.2185
2025-12-20 21:00:00,0.16664,0.00124,0.02619,0,0.002,0.001,0.002,0.005,0.02,0.09335,0.15579,0.3046,0.01225,0.12601,0.6108,0.00001,0,0.00001,0,-0.00097,0.00001,0.63307,0.6959,0.24117,0.38329,0.001,2.14307,4.55321,0.04995,0.1275,0.29203,0.54133,0.21502,0.18951,0,3.66361,0.00386,0.12601,4.55321,0.21502,0.18951,0.6108,0.61294,0.63307,3.99776,3.66361,0.17227,0.22124
2025-12-20 22:00:00,0.1772,0.00125,0.01745,0,0.002,0.001,0.002,0.005,0.02,0.09496,0.1712,0.30909,0.01225,0.12601,0.6108,0.00001,0,0.00001,0,0.00003,0.00001,0.63607,0.62183,0.24056,0.31498,0.001,2.11866,4.60245,0.04858,0.13412,0.28003,0.53857,0.21502,0.18951,0,3.73546,0.00386,0.12601,4.60245,0.21502,0.18951,0.6108,0.61294,0.63607,4.05519,3.73546,0.14795,0.22398
2025-12-20 23:00:00,0.19831,0.00126,0.00879,0,0.002,0.001,0.002,0.005,0.02,0.09496,0.18757,0.31353,0.01225,0.12801,0.61374,0.00001,0,0.00001,0,-0.00483,0.00001,0.63607,0.60479,0.26794,0.3592,0.001,2.09425,4.64578,0.04749,0.13515,0.26603,0.53174,0.21502,0.18831,0,3.78066,0.00385,0.12801,4.64578,0.21502,0.18831,0.61374,0.61584,0.63607,4.11188,3.78066,0.12192,0.22672
2025-12-21 00:00:00,0.20887,0.00127,0.00461,0,0.002,0.001,0.002,0.005,0.02,0.0966,0.19985,0.31955,0.01225,0.12601,0.61669,0.00001,0,0.00001,0,-0.00285,0.00001,0.63307,0.6233,0.26079,0.50915,0.001,2.06984,4.68934,0.04646,0.13515,0.25403,0.52477,0.21502,0.18951,0,3.84434,0.00384,0.12601,4.68934,0.21502,0.18951,0.61669,0.61584,0.63307,4.16806,3.84434,0.1011,0.22946
2025-12-21 01:00:00,0.21943,0.00127,0.00042,0,0.002,0.001,0.002,0.005,0.02,0.09825,0.21512,0.32879,0.01225,0.12601,0.61669,0.00001,0,0.00001,0,0.00889,0.00001,0.63607,0.6218,0.25813,0.59541,0.001,2.00936,4.72686,0.04542,0.11225,0.24503,0.5156,0.21502,0.18831,0,3.90846,0.00383,0.12601,4.72686,0.21502,0.18831,0.61669,0.61584,0.63607,4.22381,3.90846,0.08925,0.2322
2025-12-21 02:00:00,0.2405,0.00126,-0.0038,0,0.002,0.001,0.002,0.005,0.02,0.09992,0.22211,0.34204,0.01225,0.12601,0.61963,0.00001,0,0.00001,0,0.00889,0.00001,0.63907,0.63958,0.28105,0.59206,0.001,1.94888,4.77085,0.04331,0.09698,0.23503,0.51176,0.21802,0.18831,0,3.96377,0.00382,0.12601,4.77085,0.21802,0.18831,0.61963,0.61875,0.63907,4.27902,3.96377,0.0864,0.23494
2025-12-21 03:00:00,0.28264,0.00125,-0.00366,0,0.002,0.001,0.002,0.005,0.02,0.10161,0.22828,0.35497,0.01225,0.12501,0.62259,0.00001,0,0.00001,0,0.00106,0.00001,0.63607,0.56621,0.29235,0.57906,0.001,1.8884,4.81507,0.04298,0.12391,0.22503,0.5097,0.21802,0.18831,0,4.01942,0.00382,0.12501,4.81507,0.21802,0.18831,0.62259,0.62167,0.63607,4.33353,4.01942,0.08655,0.23768
2025-12-21 04:00:00,0.34589,0.00124,0.00524,0,0.002,0.001,0.002,0.005,0.02,0.10332,0.23365,0.3675,0.01225,0.12601,0.62259,0.00001,0,0.00001,0,-0.00286,0,0.63907,0.62177,0.30065,0.73493,0.001,1.82792,4.85315,0.04194,0.14321,0.21902,0.51333,0.21802,0.18831,0,4.06604,0.00381,0.12601,4.85315,0.21802,0.18831,0.62259,0.62167,0.63907,4.38732,4.06604,0.09646,0.24042
2025-12-21 05:00:00,0.41967,0.00123,0.00971,0,0.002,0.001,0.002,0.005,0.02,0.10505,0.23096,0.37791,0.01225,0.12601,0.62259,0.00001,0,0.00001,0,0.00203,0.00001,0.63907,0.69442,0.28074,0.76224,0.001,1.76744,4.90419,0.04233,0.14983,0.21602,0.52024,0.21802,0.18831,0,4.11289,0.0038,0.12601,4.90419,0.21802,0.18831,0.62259,0.62459,0.63907,4.44047,4.11289,0.11212,0.24316
2025-12-21 06:00:00,0.5586,0.00122,0.01842,0,0.002,0.001,0.002,0.005,0.02,0.10679,0.23636,0.38434,0.01225,0.12601,0.62555,0.00001,0,0.00001,0,0.00594,0.00001,0.63907,0.65666,0.29133,0.68852,0.001,1.70696,4.9491,0.04304,0.15492,0.21402,0.52477,0.21802,0.18831,0,4.15996,0.00379,0.12601,4.9491,0.21802,0.18831,0.62555,0.62459,0.63907,4.4931,4.15996,0.12376,0.2459
2025-12-21 07:00:00,0.75231,0.00121,0.02278,0,0.002,0.001,0.002,0.005,0.02,0.10679,0.23636,0.3894,0.01225,0.12701,0.62555,0,0,0.00001,0,-0.00286,0.00001,0.63907,0.71226,0.28304,0.70174,0.001,1.66824,4.99424,0.04447,0.17526,0.21102,0.52179,0.21802,0.18831,0,4.20726,0.00378,0.12701,4.99424,0.21802,0.18831,0.62555,0.62752,0.63907,4.54519,4.20726,0.13634,0.24864
2025-12-21 08:00:00,0.91599,0.0012,0.02278,0,0.002,0.001,0.002,0.005,0.02,0.10856,0.23636,0.39071,0.01225,0.12601,0.62851,0.00001,0,0.00001,0,-0.0146,0.00001,0.63907,0.69375,0.28227,0.74936,0.001,1.62952,5.05261,0.04979,0.18544,0.21102,0.5157,0.21802,0.18711,0,4.25478,0.00377,0.12601,5.05261,0.21802,0.18711,0.62851,0.62752,0.63907,4.59695,4.25478,0.14765,0.25138
2025-12-21 09:00:00,1.01914,0.00119,0.02278,0,0.002,0.001,0.002,0.005,0.02,0.10856,0.23636,0.39134,0.01225,0.12601,0.63148,0.00001,0,0.00001,0,-0.00583,0.00001,0.64207,0.71152,0.30018,0.80567,0.001,1.5908,5.11137,0.05259,0.19515,0.20402,0.51097,0.21802,0.18711,0,4.30253,0.00377,0.12601,5.11137,0.21802,0.18711,0.63148,0.63046,0.64207,4.6485,4.30253,0.16657,0.25412
2025-12-21 10:00:00,1.06148,0.00118,0.01842,0,0.002,0.001,0.002,0.005,0.02,0.11051,0.23636,0.39296,0.01225,0.12601,0.63148,0.00001,0,0.00001,0,0.00441,0.00001,0.64207,0.71159,0.30158,0.81609,0.001,1.55207,5.17712,0.05927,0.20486,0.20302,0.51314,0.21502,0.18831,0,4.3505,0.00376,0.12601,5.17712,0.21502,0.18831,0.63148,0.6334,0.64207,4.69984,4.3505,0.20653,0.25686
2025-12-21 11:00:00,1.04329,0.00117,0.02278,0,0.002,0.001,0.002,0.005,0.02,0.11457,0.23636,0.39266,0.01225,0.12601,0.63148,0.00001,0,0.00001,0,-0.00147,0.00001,0.64507,0.65687,0.32105,0.82911,0.001,1.51335,5.23668,0.06272,0.21708,0.20502,0.51554,0.21502,0.18711,0,4.40836,0.00375,0.12601,5.23668,0.21502,0.18711,0.63148,0.63635,0.64507,4.75131,4.40836,0.25633,0.2596
2025-12-21 12:00:00,0.96013,0.00116,0.02278,0,0.002,0.001,0.002,0.005,0.02,0.11457,0.23909,0.392,0.01267,0.12601,0.63445,0.00001,0,0.00001,0,-0.00883,0.00001,0.64507,0.82373,0.3116,0.8443,0.001,1.47463,5.28996,0.06351,0.25475,0.20302,0.50881,0.21502,0.18831,0,4.44712,0.00374,0.12601,5.28996,0.21502,0.18831,0.63445,0.6393,0.64507,4.80324,4.44712,0.29495,0.23808
2025-12-21 13:00:00,0.82221,0.00116,0.01842,0,0.002,0.001,0.002,0.005,0.02,0.11664,0.23909,0.3917,0.01267,0.12601,0.63743,0.00001,0,0.00001,0,-0.00886,0.00001,0.64507,0.80609,0.34753,0.88045,0.001,1.53225,5.35026,0.06765,0.29448,0.20502,0.77685,0.21502,0.18711,0,4.48602,0.0039,0.12601,5.35026,0.21502,0.18711,0.63743,0.6393,0.64507,4.85575,4.48602,0.32898,0.22074
2025-12-21 14:00:00,0.68406,0.00115,0.01842,0,0.002,0.001,0.002,0.005,0.02,0.11874,0.24183,0.39213,0.01267,0.12601,0.63743,0.00001,0,0.00001,0,0.00286,0.00001,0.64807,0.73286,0.33024,0.94267,0.001,1.58987,5.40418,0.07279,0.36978,0.21102,1.03722,0.21502,0.18711,0,4.54463,0.00406,0.12601,5.40418,0.21502,0.18711,0.63743,0.64226,0.64807,4.90876,4.54463,0.35536,0.22139
2025-12-21 15:00:00,0.58532,0.00115,0.02278,0,0.002,0.001,0.002,0.005,0.02,0.12302,0.24459,0.39427,0.01267,0.12601,0.64041,0.00001,0,0.00001,0,0.01168,0.00001,0.65107,0.88044,0.323,1.04206,0.001,1.64749,5.44482,0.08323,0.43591,0.22402,1.31255,0.21502,0.18711,0,4.58388,0.00422,0.12601,5.44482,0.21502,0.18711,0.64041,0.64522,0.65107,4.96199,4.58388,0.39668,0.22205
2025-12-21 16:00:00,0.52627,0.00115,0.02714,0,0.002,0.001,0.002,0.005,0.02,0.12741,0.24736,0.39713,0.01267,0.12601,0.64041,0,0,0.00001,0,0.01319,0.00001,0.65107,0.93527,0.33461,1.1846,0.001,1.7051,5.51293,0.09388,0.45675,0.22903,1.62937,0.21502,0.18711,0,4.63315,0.00438,0.12601,5.51293,0.21502,0.18711,0.64041,0.64522,0.65107,5.01547,4.63315,0.47949,0.2227
2025-12-21 17:00:00,0.54621,0.00115,0.02714,0,0.002,0.001,0.002,0.005,0.02,0.12972,0.24736,0.40045,0.01267,0.12601,0.64041,0.00001,0,0.00001,0,0.0073,0.00001,0.65407,1.02774,0.35588,1.33277,0.002,1.76272,5.54718,0.11248,0.47811,0.23703,1.96504,0.21502,0.18711,0,4.69256,0.00454,0.12601,5.54718,0.21502,0.18711,0.64041,0.64819,0.65407,5.06913,4.69256,0.58117,0.22336
2025-12-21 18:00:00,0.62509,0.00114,0.02109,0,0.002,0.001,0.002,0.005,0.02,0.13221,0.25296,0.40522,0.01267,0.12501,0.6434,0,0,0.00001,0,0.00289,0.00001,0.65407,1.10177,0.37781,1.4878,0.002,1.82034,5.58842,0.13094,0.51525,0.25503,2.27813,0.21502,0.18711,0,4.71243,0.0047,0.12501,5.58842,0.21502,0.18711,0.6434,0.64819,0.65407,5.12257,4.71243,0.66025,0.22401
2025-12-21 19:00:00,0.68422,0.00114,0.01505,0,0.002,0.001,0.002,0.005,0.02,0.14525,0.25578,0.40986,0.0131,0.12601,0.64639,0.00001,0,0,0,0.01171,0.00001,0.65407,1.28546,0.34549,1.60827,0.002,1.91543,5.61602,0.14133,0.54371,0.28503,2.3903,0.21502,0.18711,0,4.77228,0.00459,0.12601,5.61602,0.21502,0.18711,0.64639,0.64819,0.65407,5.1761,4.77228,0.70881,0.22467
2025-12-21 20:00:00,0.72313,0.00114,0.00851,0,0.002,0.001,0.002,0.005,0.02,0.15617,0.26147,0.41248,0.0131,0.12501,0.64639,0.00001,0,0.00001,0,0.01174,0.00001,0.65707,1.46981,0.37628,1.69967,0.002,2.01052,5.65755,0.1429,0.51316,0.31804,2.46622,0.21502,0.18711,0,4.82239,0.00448,0.12501,5.65755,0.21502,0.18711,0.64639,0.64819,0.65707,5.22948,4.82239,0.72114,0.22532
2025-12-21 21:00:00,0.74191,0.00114,0.00802,0,0.002,0.001,0.002,0.005,0.02,0.16694,0.26433,0.41524,0.0131,0.12601,0.64939,0.00001,0,0.00001,0,-0.00294,0.00001,0.65707,1.39713,0.42333,1.65325,0.001,2.10561,5.67837,0.1365,0.45566,0.36604,2.43762,0.21502,0.18711,0,4.87271,0.00437,0.12601,5.67837,0.21502,0.18711,0.64939,0.65117,0.65707,5.28208,4.87271,0.72252,0.22597
2025-12-21 22:00:00,0.74103,0.00114,0.00753,0,0.002,0.001,0.002,0.005,0.02,0.16971,0.27012,0.41866,0.0131,0.12501,0.65239,0.00001,0,0.00001,0,-0.01471,0.00001,0.66007,1.43502,0.46857,1.55821,0.001,2.2007,5.71319,0.12664,0.39309,0.39804,2.36961,0.21502,0.18831,0,4.92326,0.00425,0.12501,5.71319,0.21502,0.18831,0.65239,0.65415,0.66007,5.33376,4.92326,0.68451,0.22663
2025-12-21 23:00:00,0.70056,0.00114,0.00623,0,0.002,0.001,0.002,0.005,0.02,0.1725,0.28486,0.42187,0.0131,0.12601,0.65239,0.00001,0,0.00001,0,-0.01177,0.00001,0.66007,1.49078,0.48758,1.48263,0.001,2.29579,5.74113,0.11243,0.33359,0.46705,2.27815,0.21502,0.18831,0,4.97403,0.00414,0.12601,5.74113,0.21502,0.18831,0.65239,0.65415,0.66007,5.38458,4.97403,0.62304,0.22728
2025-12-22 00:00:00,0.60097,0.00114,0.001,0,0.002,0.001,0.002,0.005,0.02,0.18096,0.30615,0.42472,0.0131,0.12601,0.65239,0.00001,0,0.00001,0,-0.00003,0.00001,0.66307,1.37963,0.46984,1.36447,0.001,2.39088,5.77616,0.09936,0.26337,0.55606,2.20261,0.21502,0.18831,0,5.01481,0.00403,0.12601,5.77616,0.21502,0.18831,0.65239,0.65415,0.66307,5.43438,5.01481,0.57749,0.22794
2025-12-22 01:00:00,0.54087,0.00114,0.00536,0,0.002,0.001,0.002,0.005,0.02,0.19173,0.32824,0.42753,0.0131,0.12601,0.6554,0.00001,0,0.00001,0,0.00289,0.00001,0.66307,1.307,0.49631,1.3134,0.001,2.34727,5.80427,0.0881,0.21505,0.57006,2.12552,0.21502,0.18831,0,5.06596,0.00398,0.12601,5.80427,0.21502,0.18831,0.6554,0.65714,0.66307,5.48304,5.06596,0.53958,0.22859
2025-12-22 02:00:00,0.57977,0.00114,0.00971,0,0.002,0.001,0.002,0.005,0.01848,0.19725,0.35109,0.43526,0.0131,0.12501,0.6554,0.00001,0,0.00001,0,-0.00006,0.00001,0.66607,1.27083,0.51467,1.21786,0.001,2.30367,5.8254,0.081,0.23388,0.57406,2.06508,0.21502,0.18711,0,5.11735,0.00394,0.12501,5.8254,0.21502,0.18711,0.6554,0.65714,0.66607,5.53083,5.11735,0.51831,0.22925
2025-12-22 03:00:00,0.71779,0.00114,0.00971,0,0.002,0.001,0.002,0.005,0.02,0.20287,0.36789,0.4503,0.0131,0.12601,0.65239,0.00001,0,0.00001,0,0.00874,0.00001,0.66607,1.32499,0.50619,1.22868,0.001,2.26006,5.8678,0.0715,0.20642,0.55206,1.99791,0.21502,0.18831,0,5.15861,0.00389,0.12601,5.8678,0.21502,0.18831,0.65239,0.66014,0.66607,5.57778,5.15861,0.4903,0.2299
2025-12-22 04:00:00,0.91506,0.00114,0.00536,0,0.002,0.001,0.002,0.005,0.02,0.2083,0.38162,0.46981,0.0131,0.12601,0.6554,0.00001,0,0,0,0.00874,0.00001,0.66607,1.34269,0.49791,1.25924,0.001,2.21645,5.90327,0.06509,0.24409,0.50706,1.91788,0.21502,0.18831,0,5.20002,0.00384,0.12601,5.90327,0.21502,0.18831,0.6554,0.66314,0.66607,5.62395,5.20002,0.44945,0.23055
2025-12-22 05:00:00,1.15163,0.00114,0.00536,0,0.002,0.001,0.002,0.005,0.02,0.21088,0.39208,0.49091,0.0131,0.12601,0.6554,0,0,0.00001,0,0.00288,0.00001,0.66607,1.24995,0.4789,1.26102,0.001,2.17285,5.93885,0.0607,0.3443,0.47305,1.8341,0.21502,0.18831,0,5.25197,0.0038,0.12601,5.93885,0.21502,0.18831,0.6554,0.66314,0.66607,5.66903,5.25197,0.40484,0.23121
2025-12-22 06:00:00,1.42752,0.00114,0.01407,0,0.002,0.001,0.002,0.005,0.02,0.2083,0.39914,0.51028,0.0131,0.12601,0.6554,0.00001,0,0,0,-0.00591,0.00001,0.66907,1.28703,0.50512,1.24374,0.001,2.12924,5.9674,0.05597,0.35851,0.44105,1.75939,0.21502,0.18831,0,5.29368,0.00375,0.12601,5.9674,0.21502,0.18831,0.6554,0.66614,0.66907,5.71346,5.29368,0.36931,0.23186
2025-12-22 07:00:00,1.59705,0.00114,0.01407,0,0.002,0.001,0.002,0.005,0.02,0.2083,0.3956,0.5257,0.0131,0.12701,0.6554,0.00001,0,0.00001,0,-0.00886,0.00001,0.66607,1.25008,0.50472,1.19169,0.001,2.07118,5.99604,0.05499,0.31678,0.41605,1.97075,0.21502,0.18831,0,5.34603,0.0039,0.12701,5.99604,0.21502,0.18831,0.6554,0.66614,0.66607,5.75764,5.34603,0.36083,0.23252
2025-12-22 08:00:00,1.76279,0.00114,0.01407,0,0.002,0.001,0.002,0.005,0.02,0.2083,0.3956,0.53784,0.0131,0.12601,0.6554,0.00001,0,0.00001,0,-0.00006,0,0.66907,1.26796,0.47625,1.12484,0.001,2.01312,6.01756,0.05612,0.27352,0.38904,2.2096,0.21502,0.18831,0,5.38805,0.00405,0.12601,6.01756,0.21502,0.18831,0.6554,0.66614,0.66907,5.80139,5.38805,0.37983,0.23317
2025-12-22 09:00:00,1.88104,0.00114,0.01842,0,0.002,0.001,0.002,0.005,0.02,0.20571,0.39208,0.54669,0.0131,0.12601,0.6554,0.00001,0,0.00001,0,-0.00591,0.00001,0.66907,1.32355,0.45728,1.00688,0.001,1.95507,6.04632,0.05794,0.32847,0.38904,2.47749,0.21502,0.18831,0,5.40912,0.0042,0.12601,6.04632,0.21502,0.18831,0.6554,0.66916,0.66907,5.84459,5.40912,0.42788,0.23383
2025-12-22 10:00:00,1.99877,0.00114,0.02278,0,0.002,0.001,0.002,0.005,0.02,0.2083,0.39208,0.54933,0.0131,0.12601,0.6554,0.00001,0,0.00001,0,-0.00589,0,0.66907,1.25025,0.43892,0.90533,0.001,1.89701,6.05353,0.06433,0.36408,0.37204,2.8341,0.21502,0.18831,0,5.45136,0.00434,0.12601,6.05353,0.21502,0.18831,0.6554,0.66916,0.66907,5.88707,5.45136,0.56465,0.23448
2025-12-22 11:00:00,2.11669,0.00114,0.02714,0,0.002,0.001,0.002,0.005,0.02,0.20287,0.39208,0.54791,0.0131,0.12701,0.6554,0.00001,0,0.00001,0,-0.00294,0.00001,0.66907,1.23181,0.46719,0.83565,0.001,1.83895,6.05353,0.08406,0.32591,0.36104,3.23658,0.21502,0.18831,0,5.50434,0.00449,0.12701,6.05353,0.21502,0.18831,0.6554,0.67218,0.66907,5.92869,5.50434,0.74728,0.23513
2025-12-22 12:00:00,1.98514,0.00114,0.02714,0,0.002,0.001,0.002,0.005,0.02,0.20005,0.38858,0.54571,0.0131,0.12601,0.6554,0.00001,0,0.00001,0,-0.00147,0.00001,0.67508,1.19483,0.4775,0.81872,0.001,1.78089,6.04632,0.10833,0.37476,0.35804,3.5962,0.21502,0.18831,0,5.5469,0.00464,0.12601,6.04632,0.21502,0.18831,0.6554,0.66916,0.67508,5.9695,5.5469,0.88706,0.25008
2025-12-22 13:00:00,1.85331,0.00114,0.02714,0,0.002,0.001,0.002,0.005,0.02,0.19448,0.38509,0.54339,0.0131,0.12501,0.6554,0.00001,0,0.00001,0,-0.00438,0.00001,0.67508,1.17632,0.45147,0.86865,0.001,1.78636,6.03193,0.13048,0.49586,0.36604,3.65878,0.21502,0.18711,0,5.57889,0.00468,0.12501,6.03193,0.21502,0.18711,0.6554,0.67218,0.67508,6.00914,5.57889,0.98466,0.26524
2025-12-22 14:00:00,1.72146,0.00114,0.02278,0,0.002,0.001,0.002,0.005,0.02,0.19448,0.37816,0.54249,0.01267,0.12601,0.6554,0.00001,0,0.00001,0,-0.00877,0.00001,0.67508,1.0651,0.45247,0.91706,0.001,1.79184,6.01756,0.14492,0.51622,0.37204,3.66337,0.21502,0.18711,0,5.61098,0.00473,0.12601,6.01756,0.21502,0.18711,0.6554,0.67218,0.67508,6.04691,5.61098,1.02428,0.26528
2025-12-22 15:00:00,1.58963,0.00114,0.01842,0,0.002,0.001,0.002,0.005,0.01848,0.19448,0.3713,0.54049,0.01267,0.12601,0.6554,0.00001,0,0.00001,0,-0.01168,0.00001,0.67508,0.97242,0.46341,0.93125,0.001,1.79731,5.99604,0.15307,0.4689,0.40405,3.66532,0.21802,0.18831,0,5.65387,0.00477,0.12601,5.99604,0.21802,0.18831,0.6554,0.67218,0.67508,6.08251,5.65387,1.06125,0.26532
2025-12-22 16:00:00,1.45779,0.00114,0.01522,0.00001,0.002,0.001,0.002,0.005,0.02,0.189,0.36789,0.53689,0.01267,0.12601,0.65239,0.00001,0,0.00001,0,0,0.00001,0.67508,0.95367,0.44526,0.92398,0.001,1.80278,5.97456,0.14807,0.56663,0.44705,3.64417,0.21502,0.18831,0,5.70768,0.00481,0.12601,5.97456,0.21502,0.18831,0.65239,0.67218,0.67508,6.11567,5.70768,1.07513,0.26537
2025-12-22 17:00:00,1.32595,0.00114,0.01203,0.00001,0.002,0.001,0.002,0.005,0.02,0.1863,0.36112,0.53162,0.01267,0.12601,0.6554,0.00001,0,0,0,0,0.00001,0.67808,0.9422,0.42712,0.9167,0.001,1.80826,5.94598,0.15253,0.67037,0.50706,3.60435,0.21502,0.18711,0,5.72926,0.00486,0.12601,5.94598,0.21502,0.18711,0.6554,0.67218,0.67808,6.14633,5.72926,1.07033,0.26542
2025-12-22 18:00:00,1.19411,0.00114,0.00882,0.00001,0.002,0.001,0.002,0.005,0.02,0.18362,0.35776,0.52468,0.01267,0.12501,0.6554,0.00001,0,0.00001,0,0.00003,0.00001,0.67808,0.93581,0.40897,0.90944,0.001,1.81373,5.9246,0.15,0.7661,0.59307,3.56892,0.21502,0.18831,0,5.77253,0.0049,0.12501,5.9246,0.21502,0.18831,0.6554,0.67218,0.67808,6.1744,5.77253,1.06993,0.26548
2025-12-22 19:00:00,1.06321,0.00113,0.00881,0,0.002,0.001,0.002,0.005,0.02,0.17817,0.35442,0.51885,0.01267,0.12501,0.6554,0.00001,0,0.00001,0,0.00003,0.00001,0.68208,0.93291,0.40011,0.89348,0.001,1.83153,5.89617,0.1458,0.73356,0.65407,3.49291,0.21502,0.18831,0,5.81594,0.00492,0.12501,5.89617,0.21502,0.18831,0.6554,0.67521,0.68208,6.19985,5.81594,1.05979,0.26554
2025-12-22 20:00:00,0.93231,0.00113,0.0088,0,0.00196,0.00099,0.00196,0.005,0.02,0.17532,0.34778,0.51329,0.01267,0.12601,0.6554,0.00001,0,0.00001,0,0.00002,0.00001,0.67808,0.93244,0.39125,0.87751,0.001,1.84932,5.87488,0.1416,0.69901,0.67808,3.41569,0.21502,0.18711,0,5.84859,0.00494,0.12601,5.87488,0.21502,0.18711,0.6554,0.67521,0.67808,6.22261,5.84859,1.04844,0.26561
2025-12-22 21:00:00,0.80141,0.00112,0.00879,0,0.00196,0.00099,0.00195,0.00499,0.02,0.17302,0.3412,0.50785,0.01261,0.1259,0.65532,0,0,0.00001,0,0.00002,0,0.6787,0.93317,0.3824,0.86156,0.00101,1.86712,5.84637,0.13741,0.66395,0.67992,3.32885,0.21502,0.18712,0,5.87836,0.00496,0.1259,5.84637,0.21502,0.18712,0.65532,0.67554,0.6787,6.24281,5.87836,1.02746,0.26569
2025-12-22 22:00:00,0.67051,0.00112,0.00878,0,0.00195,0.00099,0.00194,0.00499,0.02,0.17076,0.33704,0.50382,0.01254,0.1258,0.65528,0,0,0.00001,0,0.00001,0,0.67963,0.93059,0.37353,0.8456,0.00102,1.88491,5.82313,0.1332,0.62847,0.65836,3.21858,0.21502,0.18715,0,5.90596,0.00497,0.1258,5.82313,0.21502,0.18715,0.65528,0.67591,0.67963,6.26061,5.90596,0.98307,0.26579
2025-12-22 23:00:00,0.53961,0.00111,0.00878,0,0.00195,0.00098,0.00193,0.00499,0.02,0.16852,0.33259,0.49878,0.01248,0.12576,0.65523,0,0,0.00001,0,0.00001,0,0.6803,0.92206,0.36467,0.82963,0.00103,1.90271,5.80726,0.12901,0.59283,0.62559,3.09736,0.21502,0.18716,0,5.93137,0.00499,0.12576,5.80726,0.21502,0.18716,0.65523,0.67624,0.6803,6.27611,5.93137,0.92772,0.26589
2025-12-23 00:00:00,0.53754,0.00111,0.00877,0,0.00195,0.00098,0.00192,0.00499,0.01999,0.16631,0.32856,0.49226,0.01243,0.1258,0.65518,0,0,0.00001,0,0,0,0.68086,0.90938,0.35581,0.81367,0.00104,1.9205,5.7878,0.1248,0.55733,0.6045,2.98857,0.21502,0.18718,0,5.95456,0.00501,0.1258,5.7878,0.21502,0.18718,0.65518,0.67655,0.68086,6.28946,5.95456,0.8848,0.26602
2025-12-23 01:00:00,0.5409,0.00111,0.00877,0,0.00194,0.00098,0.00191,0.00499,0.01999,0.16413,0.32471,0.48645,0.01237,0.12585,0.65513,0,0,0.00001,0,0,0,0.68135,0.89386,0.34589,0.77724,0.00105,1.90111,5.76663,0.12249,0.52309,0.59264,2.8723,0.21502,0.18729,0,5.97556,0.00502,0.12585,5.76663,0.21502,0.18729,0.65513,0.67683,0.68135,6.30073,5.97556,0.85093,0.26616
2025-12-23 02:00:00,0.54425,0.0011,0.00876,0,0.00194,0.00098,0.0019,0.00499,0.01999,0.16198,0.32137,0.48166,0.01232,0.12589,0.65508,0,0,0.00001,0,0,0,0.68179,0.87636,0.33598,0.7408,0.00106,1.88172,5.7533,0.12016,0.48958,0.59394,2.76848,0.21502,0.18741,0,5.99439,0.00502,0.12589,5.7533,0.21502,0.18741,0.65508,0.67709,0.68179,6.3104,5.99439,0.82952,0.26634
2025-12-23 03:00:00,0.54761,0.0011,0.00875,0,0.00193,0.00098,0.00189,0.00499,0.01999,0.15987,0.31802,0.47716,0.01227,0.12594,0.65503,0,0,0.00001,0,0,0,0.68217,0.85732,0.32606,0.70437,0.00107,1.86234,5.74273,0.11785,0.45637,0.58621,2.656,0.21501,0.18742,0,6.01116,0.00502,0.12594,5.74273,0.21501,0.18742,0.65503,0.6773,0.68217,6.31861,6.01116,0.79943,0.26656
2025-12-23 04:00:00,0.55096,0.0011,0.00874,0,0.00193,0.00098,0.00188,0.00499,0.01998,0.15778,0.31489,0.47298,0.01221,0.12598,0.65498,0,0,0.00001,0,0,0,0.68252,0.83551,0.31614,0.6879,0.00107,1.84295,5.72954,0.11553,0.42331,0.55601,2.52115,0.21501,0.18743,0,6.02601,0.00503,0.12598,5.72954,0.21501,0.18743,0.65498,0.67751,0.68252,6.32531,6.02601,0.74698,0.26683
2025-12-23 05:00:00,0.55432,0.0011,0.00873,0,0.00193,0.00098,0.00188,0.00499,0.01997,0.15571,0.31185,0.46914,0.01215,0.12601,0.65493,0,0,0.00001,0,0,0,0.68282,0.81025,0.30623,0.67144,0.00108,1.82356,5.7155,0.11321,0.39032,0.51672,2.37718,0.21501,0.18745,0,6.03906,0.00504,0.12601,5.7155,0.21501,0.18745,0.65493,0.67769,0.68282,6.33078,6.03906,0.68542,0.26718
2025-12-23 06:00:00,0.55767,0.00109,0.00871,0,0.00192,0.00098,0.00187,0.00499,0.01995,0.15364,0.30887,0.46559,0.01209,0.12606,0.65488,0,0,0.00001,0,0,0,0.6831,0.7826,0.29631,0.65498,0.0011,1.80417,5.69891,0.11089,0.35735,0.49059,2.24648,0.21501,0.18746,0,6.05043,0.00504,0.12606,5.69891,0.21501,0.18746,0.65488,0.67785,0.6831,6.33533,6.05043,0.63712,0.26764
2025-12-23 07:00:00,0.55475,0.00109,0.0087,0,0.00192,0.00098,0.00186,0.00499,0.01994,0.15159,0.30595,0.46216,0.01202,0.12613,0.65482,0,0,0.00001,0,0,0,0.68335,0.75328,0.28297,0.63619,0.00111,1.76562,5.67861,0.1206,0.33999,0.47793,2.15676,0.21501,0.18747,0,6.06027,0.00487,0.12613,5.67861,0.21501,0.18747,0.65482,0.67798,0.68335,6.33901,6.06027,0.60224,0.26829
2025-12-23 08:00:00,0.55183,0.00109,0.00869,0,0.00191,0.00098,0.00185,0.00499,0.01992,0.14956,0.30293,0.45888,0.01196,0.12623,0.65476,0,0,0.00001,0,0,0,0.68357,0.72281,0.26961,0.6174,0.00112,1.72707,5.65615,0.13029,0.32724,0.48111,2.08283,0.21501,0.1875,0,6.06874,0.00469,0.12623,5.65615,0.21501,0.1875,0.65476,0.67811,0.68357,6.34178,6.06874,0.58316,0.26926
2025-12-23 09:00:00,0.54891,0.00109,0.00868,0,0.00191,0.00098,0.00184,0.00499,0.0199,0.14753,0.29992,0.45567,0.01191,0.12635,0.6547,0,0,0,0,0,0,0.68377,0.69161,0.25626,0.59862,0.00114,1.68853,5.62607,0.14,0.31661,0.47927,2.00385,0.215,0.18752,0,6.07596,0.00452,0.12635,5.62607,0.215,0.18752,0.6547,0.67821,0.68377,6.34359,6.07596,0.55902,0.27089
2025-12-23 10:00:00,0.54598,0.00109,0.00867,0,0.00191,0.00098,0.00183,0.00499,0.01989,0.14552,0.29686,0.45251,0.01184,0.12648,0.65466,0,0,0,0,0,0,0.68395,0.66159,0.2429,0.57983,0.00117,1.64998,5.57173,0.1497,0.30713,0.46554,1.91294,0.215,0.18755,0,6.08202,0.00435,0.12648,5.57173,0.215,0.18755,0.65466,0.67832,0.68395,6.34431,6.08202,0.52297,0.27414
2025-12-23 11:00:00,0.54306,0.00109,0.00866,0,0.0019,0.00098,0.00182,0.00499,0.01988,0.1435,0.29382,0.44934,0.01179,0.12663,0.65461,0,0,0,0,0,0,0.6841,0.63405,0.22955,0.56104,0.00119,1.61143,5.50144,0.1594,0.29865,0.4481,1.81829,0.215,0.18756,0,6.08695,0.00417,0.12663,5.50144,0.215,0.18756,0.65461,0.67839,0.6841,6.34383,6.08695,0.48317,0.28388
2025-12-23 12:00:00,0.54014,0.00109,0.00866,0,0.0019,0.00098,0.00181,0.00499,0.01986,0.14149,0.29081,0.44613,0.01174,0.1268,0.65457,0,0,0,0,0,0,0.68424,0.60814,0.21619,0.54225,0.00123,1.57288,5.4274,0.1691,0.29024,0.43885,1.73181,0.215,0.18758,0,6.09078,0.004,0.1268,5.4274,0.215,0.18758,0.65457,0.67845,0.68424,6.34188,6.09078,0.45153,0.36375
2025-12-23 13:00:00,0.53823,0.00109,0.00865,0,0.00189,0.00098,0.0018,0.00498,0.01985,0.13949,0.2878,0.44291,0.01168,0.12697,0.65453,0,0,0,0,0,0,0.68436,0.58349,0.21288,0.52863,0.00125,1.54016,5.35067,0.18813,0.29748,0.4403,1.68322,0.215,0.18762,0,6.09345,0.0041,0.12697,5.35067,0.215,0.18762,0.65453,0.67851,0.68436,6.33764,6.09345,0.43055,0.38627
2025-12-23 14:00:00,0.53633,0.00109,0.00865,0,0.00189,0.00098,0.0018,0.00498,0.01985,0.13747,0.28482,0.43968,0.01163,0.12715,0.6545,0,0,0,0,0,0,0.68446,0.5596,0.20956,0.51501,0.00126,1.50744,5.28181,0.17816,0.30056,0.45302,1.64585,0.215,0.18764,0,6.09484,0.00419,0.12715,5.28181,0.215,0.18764,0.6545,0.67857,0.68446,6.33018,6.09484,0.42078,0.38638
2025-12-23 15:00:00,0.53442,0.00109,0.00864,0,0.00189,0.00098,0.00179,0.00497,0.01984,0.13546,0.28186,0.43649,0.01158,0.12733,0.65448,0,0,0,0,0,0,0.68455,0.53632,0.20625,0.50139,0.00128,1.47472,5.22036,0.16819,0.2933,0.46489,1.60767,0.21499,0.18768,0,6.09462,0.00429,0.12733,5.22036,0.21499,0.18768,0.65448,0.6786,0.68455,6.31912,6.09462,0.41021,0.3865
2025-12-23 16:00:00,0.53251,0.00109,0.00864,0,0.00188,0.00097,0.00178,0.00497,0.01982,0.13344,0.27899,0.43333,0.01151,0.12751,0.65446,0,0,0,0,0,0,0.68463,0.53093,0.20293,0.48776,0.0013,1.44199,5.16552,0.15822,0.28152,0.47584,1.56863,0.21499,0.18769,0,6.09243,0.00439,0.12751,5.16552,0.21499,0.18769,0.65446,0.67863,0.68463,6.30456,6.09243,0.39878,0.38663
2025-12-23 17:00:00,0.53061,0.00109,0.00864,0,0.00188,0.00097,0.00177,0.00496,0.01981,0.13141,0.27595,0.4302,0.01145,0.1277,0.65444,0,0,0,0,0,0,0.6847,0.52606,0.19961,0.47414,0.00131,1.40927,5.1166,0.14825,0.26798,0.48766,1.53052,0.21499,0.18772,0,6.08793,0.00448,0.1277,5.1166,0.21499,0.18772,0.65444,0.67865,0.6847,6.28687,6.08793,0.38827,0.38677
2025-12-23 18:00:00,0.5287,0.00109,0.00864,0,0.00187,0.00096,0.00176,0.00496,0.01978,0.12939,0.2731,0.42709,0.01139,0.12789,0.65443,0,0,0,0,0,0,0.68475,0.52157,0.1963,0.46052,0.00132,1.37655,5.07297,0.13828,0.25344,0.5013,1.4942,0.21499,0.18776,0,6.08095,0.00458,0.12789,5.07297,0.21499,0.18776,0.65443,0.67868,0.68475,6.26665,6.08095,0.37956,0.38693
2025-12-23 19:00:00,0.52694,0.00109,0.00863,0,0.00187,0.00096,0.00175,0.00496,0.01976,0.12737,0.27027,0.42405,0.01133,0.12808,0.65443,0,0,0,0,0.00028,0,0.6848,0.51734,0.19421,0.44939,0.00135,1.36042,5.03406,0.13322,0.2429,0.49591,1.47529,0.21499,0.18778,0,6.07142,0.00461,0.12808,5.03406,0.21499,0.18778,0.65443,0.67869,0.6848,6.24442,6.07142,0.37423,0.38711
2025-12-23 20:00:00,0.52518,0.00109,0.00863,0,0.00187,0.00096,0.00174,0.00495,0.01974,0.12538,0.26727,0.42096,0.01129,0.12827,0.65442,0,0,0,0,0.00056,0,0.68484,0.51328,0.19212,0.43825,0.00135,1.34429,4.99937,0.12817,0.23412,0.49315,1.45901,0.21499,0.18782,0,6.05945,0.00464,0.12827,4.99937,0.21499,0.18782,0.65442,0.6787,0.68484,6.22061,6.05945,0.37153,0.38731
2025-12-23 21:00:00,0.52342,0.00109,0.00862,0,0.00186,0.00096,0.00173,0.00495,0.01972,0.12339,0.26446,0.41787,0.01127,0.12847,0.65442,0,0,0,0,0.00084,0,0.68486,0.50935,0.19004,0.42712,0.00132,1.32817,4.96847,0.12311,0.22644,0.49003,1.44234,0.21499,0.18785,0,6.04519,0.00468,0.12847,4.96847,0.21499,0.18785,0.65442,0.67871,0.68486,6.19565,6.04519,0.36844,0.38754
2025-12-23 22:00:00,0.52165,0.00109,0.00861,0,0.00186,0.00096,0.00172,0.00495,0.01972,0.12142,0.26167,0.41487,0.01133,0.12867,0.65441,0,0,0,0,0.00111,0,0.68489,0.50561,0.18795,0.41598,0.00128,1.31204,4.94091,0.11805,0.21913,0.48563,1.42433,0.21499,0.18789,0,6.0289,0.00471,0.12867,4.94091,0.21499,0.18789,0.65441,0.67873,0.68489,6.16985,6.0289,0.36401,0.3878
2025-12-23 23:00:00,0.51989,0.00109,0.0086,0,0.00185,0.00096,0.00171,0.00494,0.01973,0.11946,0.25886,0.41182,0.01146,0.12887,0.65441,0,0,0,0,0.00139,0,0.68491,0.50211,0.18586,0.40485,0.00122,1.29591,4.91637,0.113,0.21191,0.48091,1.40595,0.21499,0.18792,0,6.0108,0.00474,0.12887,4.91637,0.21499,0.18792,0.65441,0.67872,0.68491,6.1435,6.0108,0.35921,0.3881
2025-12-24 00:00:00,0.51813,0.00109,0.00858,0,0.00185,0.00096,0.00171,0.00494,0.01973,0.1175,0.25627,0.40875,0.01155,0.12907,0.65441,0,0,0,0,0.00167,0,0.68492,0.49965,0.18377,0.39371,0.00118,1.27978,4.89451,0.10794,0.20482,0.47719,1.38854,0.21499,0.18794,0,5.99116,0.00477,0.12907,4.89451,0.21499,0.18794,0.65441,0.67873,0.68492,6.11685,5.99116,0.35538,0.38845
2025-12-24 01:00:00,0.54209,0.00109,0.00857,0.00025,0.00185,0.00098,0.0017,0.00494,0.01975,0.11697,0.25395,0.40859,0.01162,0.12927,0.6544,0,0,0,0,0.00632,0,0.68494,0.49713,0.18923,0.40734,0.00114,1.31228,4.87514,0.1194,0.22306,0.47827,1.44922,0.21499,0.18798,0,5.97025,0.00978,0.12927,4.87514,0.21499,0.18798,0.6544,0.67874,0.68494,6.0901,5.97025,0.35638,0.38887
2025-12-24 02:00:00,0.56605,0.00108,0.00856,0.00124,0.00184,0.00101,0.00169,0.00494,0.01978,0.11898,0.25267,0.41355,0.01184,0.12948,0.6544,0,0,0,0,0.01098,0,0.68495,0.49452,0.19468,0.42097,0.00112,1.34477,4.85794,0.13085,0.24763,0.48414,1.51475,0.21499,0.18802,0,5.94833,0.01478,0.12948,4.85794,0.21499,0.18802,0.6544,0.67874,0.68495,6.06344,5.94833,0.36222,0.38936
2025-12-24 03:00:00,0.59002,0.00108,0.00855,0.00311,0.00184,0.00109,0.00169,0.00495,0.01982,0.12462,0.25188,0.42278,0.01241,0.12968,0.65439,0,0,0,0,0.01563,0,0.68496,0.49183,0.20014,0.43461,0.00109,1.37727,4.84265,0.14231,0.27515,0.4969,1.58719,0.21498,0.18806,0,5.92561,0.01979,0.12968,4.84265,0.21498,0.18806,0.65439,0.67874,0.68496,6.03701,5.92561,0.37498,0.38997
2025-12-24 04:00:00,0.61398,0.00107,0.00855,0.00622,0.00184,0.00128,0.00175,0.00497,0.0199,0.1319,0.25176,0.43564,0.01453,0.12989,0.6544,0,0,0,0,0.02028,0,0.68496,0.49741,0.2056,0.44824,0.00106,1.40976,4.82906,0.15376,0.30434,0.53054,1.68054,0.21498,0.18808,0,5.90232,0.02479,0.12989,4.82906,0.21498,0.18808,0.6544,0.67874,0.68496,6.01093,5.90232,0.40866,0.39073
2025-12-24 05:00:00,0.63794,0.00108,0.00855,0.0116,0.00183,0.00141,0.0019,0.00501,0.02007,0.14049,0.25221,0.45187,0.01773,0.1301,0.65439,0,0,0,0,0.02494,0,0.68497,0.52399,0.21105,0.46187,0.00104,1.44226,4.817,0.16521,0.33463,0.5748,1.78454,0.21498,0.18811,0,5.87866,0.0298,0.1301,4.817,0.21498,0.18811,0.65439,0.67875,0.68497,5.98529,5.87866,0.45297,0.39171
2025-12-24 06:00:00,0.6619,0.00111,0.0086,0.01582,0.00183,0.00146,0.00228,0.00509,0.02034,0.15012,0.25355,0.4711,0.02011,0.13033,0.65439,0,0,0,0,0.02959,0,0.68497,0.56661,0.21651,0.4755,0.00102,1.47475,4.80633,0.17667,0.3651,0.60879,1.87823,0.21498,0.18816,0,5.8548,0.0348,0.13033,4.80633,0.21498,0.18816,0.65439,0.67875,0.68497,5.96021,5.8548,0.48698,0.39301
2025-12-24 07:00:00,1.54045,0.00118,0.00875,0.01988,0.00182,0.00154,0.00282,0.00523,0.0207,0.16854,0.26044,0.52798,0.02175,0.13054,0.65438,0,0,0,0,0.0354,0,0.68498,0.61858,0.30353,0.74607,0.00101,2.27165,4.79718,0.23507,0.46766,0.65294,2.38386,0.21498,0.18818,0,5.83089,0.04472,0.13054,4.79718,0.21498,0.18818,0.65438,0.67874,0.68498,5.93573,5.83089,0.5311,0.39484
2025-12-24 08:00:00,2.41899,0.00127,0.00921,0.0258,0.00182,0.00167,0.00337,0.00542,0.02104,0.20484,0.27677,0.67659,0.02332,0.13075,0.65438,0,0,0,0,0.04121,0,0.68498,0.67703,0.39056,1.01664,0.001,3.06855,4.78911,0.29347,0.59039,0.70362,2.89601,0.21498,0.18823,0,5.80708,0.05464,0.13075,4.78911,0.21498,0.18823,0.65438,0.67874,0.68498,5.91191,5.80708,0.58173,0.39757
2025-12-24 09:00:00,3.29754,0.00138,0.01031,0.03408,0.00182,0.00198,0.00392,0.00566,0.02135,0.31684,0.30161,1.0334,0.02553,0.13097,0.65437,0,0,0,0,0.04702,0,0.68498,0.75365,0.47758,1.28721,0.00099,3.86545,4.78203,0.35188,0.7238,0.79467,3.44858,0.21498,0.18826,0,5.78347,0.06456,0.13097,4.78203,0.21498,0.18826,0.65437,0.67874,0.68498,5.88879,5.78347,0.67277,0.40213
2025-12-24 10:00:00,4.17609,0.00149,0.01205,0.04736,0.00181,0.00271,0.00459,0.00595,0.02175,0.41949,0.3336,1.83578,0.03182,0.13119,0.65437,0,0,0,0,0.05282,0,0.68498,0.89457,0.5646,1.55778,0.00099,4.66235,4.77583,0.41028,0.85296,1.00331,4.1188,0.21498,0.1883,0,5.76017,0.07448,0.13119,4.77583,0.21498,0.1883,0.65437,0.67875,0.68498,5.86641,5.76017,0.88149,0.41125
2025-12-24 11:00:00,5.05463,0.00165,0.0141,0.06982,0.00181,0.0032,0.00557,0.00629,0.02239,0.66212,0.38062,2.15917,0.04092,0.13141,0.65436,0,0,0,0,0.05863,0,0.68498,1.11805,0.65163,1.82835,0.00098,5.45925,4.77041,0.46868,0.98076,1.26906,4.84616,0.22832,0.18834,0,5.73728,0.0844,0.13141,4.77041,0.22832,0.18834,0.65436,0.67874,0.68498,5.8448,5.73728,1.14733,0.43862
2025-12-24 12:00:00,5.93318,0.00194,0.01633,0.08748,0.0018,0.00338,0.00733,0.00673,0.0234,0.75543,0.46916,2.49105,0.04768,0.13163,0.65435,0,0,0,0,0.06444,0,0.68497,1.40936,0.73865,2.09892,0.00097,6.25615,4.76568,0.52708,1.1143,1.4743,5.51295,0.25944,0.18837,0,5.71485,0.09432,0.13163,4.76568,0.25944,0.18837,0.65435,0.67874,0.68497,5.82396,5.71485,1.35261,2.40423
2025-12-24 13:00:00,7.54585,0.00244,0.01896,0.10172,0.0018,0.00343,0.0097,0.00732,0.0247,0.81935,0.63483,4.75805,0.05203,0.13186,0.65436,0,0,0,0,0.06421,0,0.68497,1.72662,0.9883,2.5438,0.00097,7.893,4.76179,0.52097,1.14884,1.66942,6.2103,0.29648,0.18841,0,5.69295,0.11412,0.13186,4.76179,0.29648,0.18841,0.65436,0.67874,0.68497,5.80391,5.69295,1.54774,4.42789
2025-12-24 14:00:00,9.15852,0.0031,0.02294,0.11527,0.0018,0.00344,0.01199,0.00808,0.02591,0.88327,0.83435,7.03551,0.05484,0.13208,0.65435,0,0,0,0,0.06398,0,0.68497,2.03237,1.23795,2.98867,0.00097,9.52985,4.75847,0.51485,1.1575,1.83589,6.87899,0.3355,0.18845,0,5.67163,0.13392,0.13208,4.75847,0.3355,0.18845,0.65435,0.67874,0.68497,5.78466,5.67163,1.71424,6.30389
2025-12-24 15:00:00,10.77119,0.00379,0.02965,0.12879,0.0019,0.0034,0.01403,0.0093,0.02686,0.9472,1.02624,9.33768,0.05647,0.13231,0.65434,0,0,0,0,0.06376,0,0.68497,2.38498,1.4876,3.43355,0.00098,11.16671,4.75563,0.50874,1.15479,2.10768,7.653,0.37517,0.18849,0,5.65094,0.15372,0.13231,4.75563,0.37517,0.18849,0.65434,0.67872,0.68497,5.76618,5.65094,1.98603,6.92923
2025-12-24 16:00:00,12.38385,0.00443,0.03896,0.14886,0.00233,0.00325,0.01575,0.01144,0.02764,1.01112,1.17835,11.69224,0.05708,0.13256,0.65433,0,0,0,0,0.06353,0,0.68497,2.67018,1.73725,3.87842,0.00097,12.80356,4.75324,0.50263,1.14659,2.6762,8.72367,0.41507,0.18852,0,5.63089,0.17353,0.13256,4.75324,0.41507,0.18852,0.65433,0.67872,0.68497,5.74848,5.63089,2.55449,7.24189
2025-12-24 17:00:00,13.99652,0.00502,0.0494,0.18112,0.00325,0.00314,0.01709,0.01517,0.02833,1.07504,1.31745,14.10169,0.05701,0.13281,0.65433,0,0,0,0,0.0633,0,0.68497,2.90892,1.9869,4.3233,0.00099,14.44041,4.75126,0.49651,1.13577,3.38297,9.93257,0.65496,0.18856,0,5.61151,0.19333,0.13281,4.75126,0.65496,0.18856,0.65433,0.67872,0.68497,5.73157,5.61151,3.26119,7.42949
2025-12-24 18:00:00,15.60919,0.00554,0.06057,0.20672,0.00498,0.00311,0.018,0.02134,0.02898,1.13896,1.45207,16.5326,0.05682,0.13307,0.65433,0,0,0,0,0.06307,0,0.68496,3.12262,2.23655,4.76817,0.00106,16.07726,4.74962,0.4904,1.12372,3.93125,10.98305,1.05482,0.18861,0,5.59283,0.21313,0.13307,4.74962,1.05482,0.18861,0.65433,0.67872,0.68496,5.71541,5.59283,3.80946,7.55456
2025-12-24 19:00:00,15.68519,0.00603,0.07427,0.23089,0.00784,0.00417,0.01854,0.03094,0.0297,1.14428,1.56996,17.0706,0.05656,0.13335,0.65433,0,0,0,0,0.05893,0,0.68496,3.32285,2.35825,4.56753,0.00123,16.54183,4.74815,0.45573,1.07152,4.26108,11.42443,1.40137,0.18863,0,5.57483,0.24517,0.13335,4.74815,1.40137,0.18863,0.65433,0.67872,0.68496,5.7,5.57483,4.13929,7.64389
2025-12-24 20:00:00,15.76118,0.00649,0.09655,0.26413,0.01192,0.00632,0.01886,0.04429,0.03069,1.1496,1.67064,17.53708,0.05606,0.13364,0.65433,0,0,0,0,0.05478,0,0.68496,3.51583,2.47995,4.3669,0.00148,17.0064,4.74696,0.42105,1.00748,4.32962,11.60452,1.73015,0.18867,0,5.55754,0.27722,0.13364,4.74696,1.73015,0.18867,0.65433,0.6787,0.68496,5.68532,5.55754,4.20783,7.71089
2025-12-24 21:00:00,15.83718,0.00688,0.13198,0.30897,0.01758,0.01171,0.01984,0.06203,0.03201,1.15493,1.71628,17.97554,0.0549,0.13395,0.65434,0,0,0,0,0.05064,0,0.68495,3.70489,2.60165,4.16626,0.00179,17.47096,4.74607,0.38638,0.9386,4.30448,11.69094,2.053,0.18915,0,5.54095,0.30927,0.13395,4.74607,2.053,0.18915,0.65434,0.6787,0.68495,5.67133,5.54095,4.18269,7.763
2025-12-24 22:00:00,15.91317,0.00721,0.17572,0.37952,0.02532,0.02465,0.02352,0.08529,0.0336,1.16025,1.73204,18.39999,0.05082,0.13429,0.65437,0,0,0,0,0.04649,0,0.68495,3.8483,2.72335,3.96562,0.00218,17.93553,4.74544,0.3517,0.86758,3.95119,11.44917,2.23169,0.19102,0,5.52506,0.34131,0.13429,4.74544,2.23169,0.19102,0.65437,0.6787,0.68495,5.65803,5.52506,3.82939,7.80469
2025-12-24 23:00:00,15.98916,0.00746,0.22192,0.49749,0.03593,0.03328,0.0326,0.12292,0.03527,1.16557,1.73786,18.80739,0.04473,0.13468,0.6544,0,0,0,0,0.04235,0,0.68494,3.8955,2.84505,3.76499,0.00259,18.4001,4.74506,0.31703,0.79608,3.4074,11.01694,2.22015,0.19498,0,5.50985,0.37336,0.13468,4.74506,2.22015,0.19498,0.6544,0.6787,0.68494,5.64538,5.50985,3.2856,7.8388
2025-12-25 00:00:00,16.06516,0.0076,0.2735,0.59035,0.05107,0.03651,0.05521,0.19024,0.03687,1.17089,1.74148,19.16908,0.0402,0.13514,0.65444,0,0,0,0,0.0382,0,0.68494,3.8628,2.96675,3.56435,0.00381,18.86467,4.7449,0.28235,0.72416,3.00132,10.72237,2.1452,0.20113,0,5.49532,0.4054,0.13514,4.7449,2.1452,0.20113,0.65444,0.67868,0.68494,5.63337,5.49532,2.87949,7.86723
2025-12-25 01:00:00,15.76824,0.00761,0.34828,0.66146,0.0726,0.04057,0.08833,0.28916,0.03839,1.14554,1.73853,17.99231,0.03725,0.13567,0.65451,0,0,0,0,0.03693,0,0.68494,3.78707,2.90534,3.40796,0.00651,18.66575,4.74478,0.26139,0.66824,2.69063,10.29068,2.04912,0.20943,0,5.48145,0.43529,0.13567,4.74478,2.04912,0.20943,0.65451,0.67868,0.68494,5.62198,5.48145,2.56877,7.89128
2025-12-25 02:00:00,15.47131,0.00752,0.43759,0.7175,0.10131,0.04716,0.12955,0.44548,0.04045,1.12019,1.72527,16.8006,0.03523,0.13628,0.6546,0,0,0,0,0.03567,0,0.68493,3.68817,2.84392,3.25157,0.01046,18.46684,4.7451,0.24044,0.61431,2.54727,10.02636,1.94598,0.21978,0,5.46824,0.46519,0.13628,4.7451,1.94598,0.21978,0.6546,0.67868,0.68493,5.61118,5.46824,2.42542,7.91189
2025-12-25 03:00:00,15.17439,0.00739,0.51724,0.75988,0.13511,0.06252,0.17188,0.5767,0.04383,1.09485,1.69715,15.60472,0.03378,0.13697,0.65473,0,0,0,0,0.0344,0,0.68492,3.57602,2.78251,3.09518,0.01547,18.26792,4.74598,0.21948,0.56723,2.38827,9.74644,1.8405,0.23847,0,5.45571,0.49508,0.13697,4.74598,1.8405,0.23847,0.65473,0.67869,0.68492,5.60095,5.45571,2.26646,7.92976
2025-12-25 04:00:00,14.87747,0.00748,0.58393,0.81756,0.16997,0.09822,0.2131,0.65525,0.04984,1.0695,1.66028,14.40332,0.03199,0.13774,0.6549,0,0,0,0,0.03313,0,0.68491,3.44593,2.72109,2.93879,0.02138,18.069,4.74757,0.19852,0.52255,2.24323,9.48048,1.76071,0.27661,0,5.44391,0.52497,0.13774,4.74757,1.76071,0.27661,0.6549,0.67869,0.68491,5.59128,5.44391,2.12148,7.94539
2025-12-25 05:00:00,14.58054,0.00869,0.65937,0.90446,0.20336,0.12201,0.27005,0.6763,0.06071,1.04415,1.62667,13.19254,0.02997,0.1386,0.65512,0.00001,0,0,0,0.03187,0,0.68491,3.29618,2.65968,2.7824,0.02837,17.87009,4.74991,0.17757,0.47863,2.12808,9.24447,1.71596,0.33636,0,5.43292,0.55487,0.1386,4.74991,1.71596,0.33636,0.65512,0.6787,0.68491,5.58214,5.43292,2.00643,7.95919
2025-12-25 06:00:00,14.28362,0.01239,0.70251,0.97422,0.23461,0.13094,0.33612,0.69426,0.0791,1.0188,1.59355,11.96804,0.02855,0.13961,0.65541,0.00001,0,0,0,0.0306,0,0.68491,3.13584,2.59826,2.62601,0.0372,17.67117,4.75303,0.15661,0.43553,2.02895,9.02439,1.68288,0.41403,0,5.4228,0.58476,0.13961,4.75303,1.68288,0.41403,0.65541,0.67872,0.68491,5.57356,5.4228,1.90733,7.97145
2025-12-25 07:00:00,13.85512,0.02,0.71425,1.02708,0.26363,0.13415,0.43654,0.70427,0.10568,0.98489,1.55841,11.42069,0.02764,0.1408,0.65575,0.00001,0,0,0,0.02945,0,0.68491,2.9698,2.50959,2.53882,0.04822,17.52969,4.75689,0.14912,0.40559,1.97221,8.73628,1.6537,0.50773,0,5.4137,0.5874,0.1408,4.75689,1.6537,0.50773,0.65575,0.67874,0.68491,5.56551,5.4137,1.85056,7.98242
2025-12-25 08:00:00,13.42662,0.03065,0.71205,1.06356,0.29092,0.13642,0.48895,0.70678,0.14015,0.95098,1.52125,10.87362,0.02695,0.14217,0.65617,0.00002,0,0,0,0.0283,0,0.68492,2.80068,2.42092,2.45163,0.06108,17.38822,4.76185,0.14163,0.38105,1.9404,8.47312,1.62582,0.61157,0,5.40588,0.59003,0.14217,4.76185,1.62582,0.61157,0.65617,0.67878,0.68492,5.55802,5.40588,1.81875,7.99229
2025-12-25 09:00:00,12.99813,0.04194,0.70437,1.08338,0.31635,0.13898,0.5046,0.70163,0.18598,0.91707,1.48064,10.32768,0.0263,0.1437,0.65668,0.00002,0,0,0,0.02715,0,0.68493,2.64122,2.33225,2.36444,0.07551,17.24674,4.76807,0.13414,0.35847,1.90134,8.20275,1.59837,0.71411,0,5.39988,0.59267,0.1437,4.76807,1.59837,0.71411,0.65668,0.67884,0.68493,5.5511,5.39988,1.77971,8.00123
2025-12-25 10:00:00,12.56963,0.05264,0.69332,1.10257,0.33888,0.14187,0.50358,0.69025,0.24824,0.88315,1.43667,9.78035,0.02495,0.14536,0.6573,0.00002,0,0,0,0.02601,0,0.68495,2.5033,2.24358,2.27724,0.09127,17.10526,4.77562,0.12665,0.33679,1.83297,7.90307,1.55721,0.80723,0,5.39647,0.5953,0.14536,4.77562,1.55721,0.80723,0.6573,0.67891,0.68495,5.54475,5.39647,1.71138,8.00935
2025-12-25 11:00:00,12.14113,0.0624,0.6767,1.12224,0.35772,0.1438,0.49384,0.66982,0.32978,0.84924,1.39167,9.23101,0.02311,0.14712,0.65803,0.00003,0,0,0,0.02486,0,0.68497,2.382,2.15491,2.19005,0.10846,16.96379,4.78452,0.11916,0.3159,1.7526,7.59141,1.49762,0.88883,0,5.39652,0.59794,0.14712,4.78452,1.49762,0.88883,0.65803,0.67901,0.68497,5.53902,5.39652,1.63106,8.01676
2025-12-25 12:00:00,11.71263,0.07146,0.64994,1.13887,0.37248,0.14452,0.4843,0.64663,0.43089,0.81533,1.3463,8.67857,0.02185,0.14894,0.65886,0.00003,0,0,0,0.02371,0,0.68501,2.26966,2.06624,2.10286,0.12595,16.82231,4.79481,0.11167,0.29519,1.68958,7.29705,1.4319,0.95876,0,5.4009,0.60057,0.14894,4.79481,1.4319,0.95876,0.65886,0.67912,0.68501,5.53391,5.4009,1.56805,8.70253
2025-12-25 13:00:00,11.35758,0.08018,0.61664,1.15752,0.38292,0.14874,0.48209,0.64393,0.54972,0.7852,1.30214,8.82977,0.02223,0.1508,0.65981,0.00003,0,0,0,0.03032,0,0.68507,2.16258,2.01774,2.10697,0.14259,16.80653,4.80627,0.10857,0.28089,1.64495,7.25838,1.36413,1.01609,0,5.41031,0.85263,0.1508,4.80627,1.36413,1.01609,0.65981,0.67928,0.68507,5.52948,5.41031,1.52335,9.53413
2025-12-25 14:00:00,11.00254,0.0884,0.59138,1.18828,0.38926,0.15685,0.50285,0.66927,0.69377,0.75508,1.26043,8.97937,0.02705,0.15267,0.66084,0.00003,0,0,0,0.03693,0,0.68514,2.06116,1.96923,2.11109,0.15849,16.79075,4.81876,0.10547,0.2683,1.6218,7.24115,1.29567,1.06358,0,5.42514,1.10468,0.15267,4.81876,1.29567,1.06358,0.66084,0.67948,0.68514,5.52577,5.42514,1.5001,9.84113
2025-12-25 15:00:00,10.6475,0.09562,0.57388,1.23217,0.39372,0.17686,0.57802,0.73162,0.85584,0.72495,1.22152,9.12842,0.04336,0.15453,0.66198,0.00004,0,0,0,0.04354,0,0.68523,1.98643,1.92073,2.1152,0.17377,16.77497,4.83198,0.10237,0.25644,1.59369,7.219,1.22699,1.1042,0,5.44542,1.35674,0.15453,4.83198,1.22699,1.1042,0.66198,0.67972,0.68523,5.52279,5.44542,1.47191,10.14813
2025-12-25 16:00:00,10.29245,0.10268,0.55705,1.30051,0.39969,0.22462,0.92225,0.8262,1.00792,0.69482,1.18886,9.27829,0.09598,0.15635,0.66318,0.00004,0,0,0,0.05014,0,0.68536,1.94697,1.87222,2.11931,0.18845,16.75918,4.84569,0.09927,0.24505,1.55497,7.18626,1.24311,1.13987,0,5.47081,1.6088,0.15635,4.84569,1.24311,1.13987,0.66318,0.68,0.68536,5.52057,5.47081,1.43315,10.45513
2025-12-25 17:00:00,9.9374,0.11052,0.54621,1.41425,0.4102,0.25646,1.04134,0.96958,1.13172,0.6647,1.15851,9.43031,0.17951,0.15811,0.66443,0.00004,0,0.00001,0,0.05675,0,0.68551,1.91842,1.82372,2.12343,0.21337,16.7434,4.85971,0.09617,0.2339,1.51379,7.15113,1.37237,1.17135,0,5.50075,1.86085,0.15811,4.85971,1.37237,1.17135,0.66443,0.68035,0.68551,5.51915,5.50075,1.39199,10.76213
2025-12-25 18:00:00,9.58236,0.11715,0.55744,1.50352,0.42895,0.2684,1.11264,1.12829,1.22567,0.63457,1.12677,9.58503,0.2628,0.15976,0.66573,0.00004,0,0.00001,0,0.06336,0,0.6857,1.89684,1.77521,2.12754,0.26392,16.72762,4.8748,0.09307,0.22278,1.48075,7.12416,1.53934,1.19909,0,5.53452,2.11291,0.15976,4.8748,1.53934,1.19909,0.66573,0.68076,0.6857,5.51851,5.53452,1.359,11.06913
2025-12-25 19:00:00,9.5333,0.12333,0.59469,1.57723,0.46497,0.28662,1.18804,1.28749,1.2968,0.61257,1.095,9.83195,0.34013,0.16126,0.66704,0.00006,0,0.00001,0,0.06015,0,0.68593,1.87968,1.75803,2.14862,0.33144,16.92773,4.8938,0.09181,0.21776,1.46017,7.2587,1.71888,1.22363,0,5.57137,2.33184,0.16126,4.8938,1.71888,1.22363,0.66704,0.68123,0.68593,5.51864,5.57137,1.33848,11.37612
2025-12-25 20:00:00,9.48424,0.12893,0.67698,1.65316,0.53005,0.31749,1.28626,1.40001,1.35448,0.59057,1.06369,10.08216,0.41333,0.16259,0.66836,0.00007,0,0.00002,0,0.05694,0,0.68621,1.86534,1.74086,2.16969,0.40489,17.12784,4.91959,0.09055,0.21343,1.45192,7.40556,1.90262,1.24496,0,5.61055,2.55078,0.16259,4.91959,1.90262,1.24496,0.66836,0.68175,0.68621,5.51953,5.61055,1.33029,11.68312
2025-12-25 21:00:00,9.43517,0.13389,0.75802,1.7348,0.62346,0.39052,1.42757,1.53428,1.42096,0.56857,1.03619,10.3319,0.51104,0.16382,0.66965,0.00009,0,0.00002,0,0.05373,0,0.68654,1.86185,1.72368,2.19077,0.49136,17.32795,4.95294,0.08929,0.20944,1.44473,7.55349,2.08775,1.26227,0,5.65141,2.76971,0.16382,4.95294,2.08775,1.26227,0.66965,0.68235,0.68654,5.5212,5.65141,1.32316,11.99012
2025-12-25 22:00:00,9.38611,0.14022,0.85395,1.85977,0.72744,0.56143,1.74805,1.71255,1.52461,0.54656,1.01253,10.58128,0.58658,0.16503,0.6709,0.00011,0,0.00002,0,0.05052,0,0.68692,1.87548,1.7065,2.21185,0.58564,17.52806,4.99418,0.08802,0.20562,1.44184,7.70567,2.23147,1.27496,0,5.69338,2.98864,0.16503,4.99418,2.23147,1.27496,0.6709,0.68301,0.68692,5.52379,5.69338,1.32031,12.29712
2025-12-25 23:00:00,9.33705,0.15403,1.24528,2.06491,0.9484,0.67538,1.88865,1.96171,1.68052,0.52456,0.99102,10.83101,0.66699,0.16624,0.67211,0.00012,0,0.00003,0,0.04731,0,0.68737,1.90112,1.68933,2.23292,0.67628,17.72817,5.04373,0.08676,0.20193,1.44244,7.86137,2.31951,1.28307,0,5.73599,3.20758,0.16624,5.04373,2.31951,1.28307,0.67211,0.68372,0.68737,5.52755,5.73599,1.32095,12.60412
2025-12-26 00:00:00,9.28799,0.18049,1.43887,2.22718,1.20657,0.71811,1.97132,2.22778,1.8711,0.50256,0.97148,11.08371,0.73563,0.16746,0.6733,0.00014,0,0.00003,0,0.0441,0,0.68788,1.93426,1.67215,2.254,0.76217,17.92828,5.10054,0.0855,0.19823,1.44228,8.01629,2.389,1.28677,0,5.77889,3.42651,0.16746,5.10054,2.389,1.28677,0.6733,0.68448,0.68788,5.53283,5.77889,1.32082,12.91112
2025-12-26 01:00:00,9.26888,0.24202,1.57288,2.34904,1.30865,0.73407,2.03091,2.45049,2.05552,0.48679,0.95187,10.98498,0.79801,0.16868,0.67445,0.00015,0,0.00003,0,0.05293,0,0.68844,1.97169,1.66692,2.21296,0.83826,18.10159,5.16277,0.08481,0.1957,1.44494,8.1643,2.4523,1.28637,0,5.82186,3.47539,0.16868,5.16277,2.4523,1.28637,0.67445,0.68529,0.68844,5.53994,5.82186,1.3235,13.21812
2025-12-26 02:00:00,9.24976,0.30899,1.68021,2.43541,1.38957,0.74606,2.06716,2.56126,2.21576,0.47932,0.93347,10.89086,0.85442,0.16991,0.67557,0.00015,0,0.00003,0,0.06176,0,0.68907,2.01409,1.66169,2.17192,0.9005,18.27491,5.22825,0.08411,0.19339,1.44881,8.3135,2.51354,1.28486,0,5.86476,3.52428,0.16991,5.22825,2.51354,1.28486,0.67557,0.68615,0.68907,5.54921,5.86476,1.32738,13.52512
2025-12-26 03:00:00,9.23065,0.32708,1.7535,2.48745,1.45294,0.76113,2.08508,2.63279,2.3703,0.47104,0.91629,10.803,0.90199,0.17232,0.67669,0.00016,0.00001,0.00004,0,0.0706,0,0.68974,2.05709,1.65647,2.13089,0.95752,18.44822,5.30048,0.08342,0.19121,1.45629,8.46634,2.57409,1.28846,0,5.90749,3.57316,0.17232,5.30048,2.57409,1.28846,0.67669,0.68703,0.68974,5.56092,5.90749,1.33488,13.32502
2025-12-26 04:00:00,9.21153,0.34272,1.77796,2.54874,1.503,0.78177,2.08928,2.70228,2.52694,0.4591,0.90422,10.71048,0.92178,0.17749,0.67797,0.00017,0.00001,0.00004,0,0.07943,0,0.69047,2.08346,1.65124,2.08985,1.03239,18.62153,5.37381,0.08272,0.18907,1.4736,8.62899,2.63782,1.30152,0,5.95001,3.62204,0.17749,5.37381,2.63782,1.30152,0.67797,0.68792,0.69047,5.57524,5.95001,1.35221,13.12491
2025-12-26 05:00:00,9.19242,0.36054,1.75421,2.62956,1.5411,0.79553,2.09007,2.77443,2.68694,0.44529,0.89851,10.61748,0.93113,0.18565,0.67968,0.00017,0.00001,0.00004,0,0.08826,0,0.69125,2.10026,1.64601,2.04881,1.1413,18.79484,5.44588,0.08203,0.18695,1.4957,8.79643,2.70604,1.32503,0,5.99235,3.67093,0.18565,5.44588,2.70604,1.32503,0.67968,0.68886,0.69125,5.59225,5.99235,1.37432,12.92481
2025-12-26 06:00:00,9.1733,0.37982,1.72945,2.69582,1.57195,0.80069,2.08893,2.84101,2.85085,0.43055,0.89284,10.52536,0.95593,0.19659,0.68214,0.00018,0.00001,0.00004,0,0.09709,0,0.69206,2.1119,1.64078,2.00777,1.29092,18.96815,5.52188,0.08133,0.18485,1.51276,8.95882,2.77575,1.35881,0,6.03464,3.71981,0.19659,5.52188,2.77575,1.35881,0.68214,0.6898,0.69206,5.61207,6.03464,1.39139,12.72471
2025-12-26 07:00:00,9.11953,0.3948,1.71295,2.74937,1.59886,0.79444,2.08269,2.87676,3.01304,0.41717,0.88826,10.41924,0.97387,0.2101,0.68565,0.00019,0.00589,0.00006,0,0.12638,0,0.69291,2.12078,1.618,1.96464,1.4784,18.67821,5.60817,0.08075,0.18339,1.51707,9.00884,2.84596,1.40345,0,6.07698,3.64027,0.2101,5.60817,2.84596,1.40345,0.68565,0.69078,0.69291,5.63472,6.07698,1.39571,12.52461
2025-12-26 08:00:00,9.06575,0.40322,1.70196,2.79385,1.61985,0.77954,2.06711,2.8763,3.15129,0.40635,0.88563,10.31825,0.99099,0.22601,0.69047,0.00019,0.01178,0.00007,0,0.15566,0,0.69378,2.12815,1.59523,1.9215,1.68709,18.38828,5.71027,0.08016,0.18198,1.50708,9.04455,2.91634,1.45794,0,6.1195,3.56073,0.22601,5.71027,2.91634,1.45794,0.69047,0.69177,0.69378,5.66004,6.1195,1.38573,12.3245
2025-12-26 09:00:00,9.01198,0.40691,1.69609,2.82876,1.63463,0.74048,2.0385,2.83774,3.24981,0.3968,0.88472,10.22085,1.00192,0.24448,0.69678,0.0002,0.01766,0.00009,0,0.18495,0,0.69469,2.12809,1.57245,1.87837,1.91505,18.09834,5.83079,0.07958,0.18062,1.48201,9.06518,2.98677,1.51845,0,6.16252,3.48118,0.24448,5.83079,2.98677,1.51845,0.69678,0.69284,0.69469,5.68801,6.16252,1.36067,12.1244
2025-12-26 10:00:00,8.95821,0.40619,1.6945,2.87031,1.64325,0.64487,1.96705,2.76829,3.32705,0.38789,0.88546,10.12461,0.97887,0.26657,0.70476,0.0002,0.02354,0.00011,0,0.21423,0,0.69562,2.11672,1.54967,1.83523,2.18411,17.8084,5.97011,0.079,0.17922,1.41011,9.03899,2.99549,1.57914,0,6.20653,3.40164,0.26657,5.97011,2.99549,1.57914,0.70476,0.69404,0.69562,5.71886,6.20653,1.28878,11.9243
2025-12-26 11:00:00,8.90443,0.40095,1.69128,2.92623,1.64639,0.58112,1.93551,2.65247,3.39797,0.3793,0.88833,10.02983,0.96936,0.29351,0.71467,0.00021,0.02943,0.00012,0,0.24352,0,0.69659,2.09858,1.5269,1.7921,2.47646,17.51847,6.1465,0.07841,0.17787,1.31397,8.98854,2.92189,1.64185,0,6.25213,3.3221,0.29351,6.1465,2.92189,1.64185,0.71467,0.69545,0.69659,5.75314,6.25213,1.19264,11.7242
2025-12-26 12:00:00,8.85066,0.39319,1.69153,2.97111,1.64576,0.55722,1.91666,2.52238,3.46578,0.37087,0.89311,9.9368,0.97007,0.32793,0.72693,0.00021,0.03531,0.00014,0,0.2728,0,0.6976,2.0768,1.50412,1.74896,2.77641,17.22853,6.35784,0.07783,0.17651,1.24039,8.96067,2.82086,1.70628,0,6.3001,3.24256,0.32793,6.35784,2.82086,1.70628,0.72693,0.69717,0.6976,5.7915,6.3001,1.11907,11.05892
2025-12-26 13:00:00,8.7844,0.38649,1.69258,3.0042,1.64252,0.54654,1.89556,2.40033,3.52439,0.36325,0.89479,9.73022,0.97026,0.37558,0.74226,0.00021,0.03764,0.00015,0,0.2894,0.00001,0.69871,2.05312,1.46478,1.71047,3.09418,16.99477,6.59934,0.0773,0.17532,1.18446,8.83007,2.71068,1.77253,0,6.35131,3.09354,0.37558,6.59934,2.71068,1.77253,0.74226,0.69932,0.69871,5.83467,6.35131,1.06314,10.54362
2025-12-26 14:00:00,8.71815,0.38196,1.69365,3.02406,1.63734,0.53635,1.86631,2.32717,3.57161,0.35678,0.88983,9.52548,0.96925,0.43336,0.76167,0.00022,0.03997,0.00015,0,0.30601,0.00005,0.69998,2.02847,1.42544,1.67198,3.44253,16.76101,6.86515,0.07677,0.17419,1.1545,8.72545,2.59745,1.84084,0,6.40664,2.94451,0.43336,6.86515,2.59745,1.84084,0.76167,0.702,0.69998,5.88391,6.40664,1.03319,10.54125
2025-12-26 15:00:00,8.65189,0.37834,1.69115,3.02778,1.62977,0.51918,1.82277,2.25364,3.61139,0.35087,0.88041,9.32274,0.95988,0.49657,0.78604,0.00023,0.0423,0.00017,0,0.32262,0.00013,0.70147,2.00012,1.3861,1.63349,3.77357,16.52726,7.15047,0.07624,0.17304,1.11688,8.61316,2.48321,1.91118,0,6.46698,2.79549,0.49657,7.15047,2.48321,1.91118,0.78604,0.70539,0.70147,5.94099,6.46698,0.99557,10.53865
2025-12-26 16:00:00,8.58563,0.3743,1.6779,3.02691,1.61696,0.4867,1.72251,2.16015,3.64692,0.34525,0.86824,9.11992,0.91973,0.56728,0.81583,0.00023,0.04463,0.00018,0,0.33922,0.00035,0.70327,1.97243,1.34675,1.59499,4.07672,16.2935,7.45407,0.07571,0.17188,1.0642,8.48581,2.3813,1.98347,0,6.5333,2.64646,0.56728,7.45407,2.3813,1.98347,0.81583,0.70965,0.70327,6.00727,6.5333,0.9429,10.53579
2025-12-26 17:00:00,8.51938,0.36886,1.64737,3.01849,1.59752,0.46504,1.67848,2.03226,3.67934,0.33978,0.85323,8.91318,0.88057,0.64601,0.85135,0.00024,0.04696,0.00018,0,0.35582,0.00097,0.70548,1.9395,1.30741,1.5565,4.36431,16.05974,7.76067,0.07518,0.17073,1.00777,8.35471,2.29617,2.05757,0,6.60669,2.49744,0.64601,7.76067,2.29617,2.05757,0.85135,0.71506,0.70548,6.08372,6.60669,0.88647,10.53263
2025-12-26 18:00:00,8.45312,0.36248,1.62059,3.01255,1.57345,0.45692,1.65251,1.89823,3.70845,0.33437,0.83799,8.70122,0.85256,0.73308,0.89294,0.00024,0.04929,0.0371,0,0.37243,0.00254,0.70822,1.90326,1.26807,1.51801,4.61335,15.82598,8.0105,0.07465,0.16958,0.96262,8.2349,2.21664,2.13329,0,6.6882,2.34841,0.73308,8.0105,2.21664,2.13329,0.89294,0.72202,0.70822,6.171,6.6882,0.84133,10.52912
2025-12-26 19:00:00,8.40656,0.35724,1.60251,3.00524,1.54554,0.4505,1.61828,1.77797,3.73264,0.32943,0.82267,8.41724,0.832,0.82608,0.94081,0.00024,0.04933,0.04015,0,0.37586,0.00598,0.71167,1.86488,1.22883,1.47189,4.81821,15.66353,8.25601,0.07415,0.16847,0.9327,8.07556,2.13898,2.20463,0,6.77881,2.23058,0.82608,8.25601,2.13898,2.20463,0.94081,0.73097,0.71167,6.26955,6.77881,0.81142,10.5252
2025-12-26 20:00:00,8.36001,0.35396,1.58677,2.98886,1.51445,0.44146,1.56361,1.7032,3.75105,0.32513,0.8071,8.13022,0.81358,0.91904,0.99494,0.00025,0.04938,0.04319,0,0.3793,0.01078,0.71602,1.82516,1.18959,1.42577,4.98874,15.50108,8.49197,0.07365,0.1674,0.91807,7.9315,2.06193,2.27141,0,6.8794,2.11275,0.91904,8.49197,2.06193,2.27141,0.99494,0.74248,0.71602,6.37934,6.8794,0.79679,10.52078
2025-12-26 21:00:00,8.31346,0.35165,1.56827,2.96076,1.47752,0.42169,1.47664,1.62969,3.76316,0.32116,0.79297,7.84139,0.79167,1.01108,1.05479,0.00025,0.04942,0.04624,0,0.38273,0.01562,0.72158,1.7845,1.15035,1.37966,5.12376,15.33863,8.71419,0.07316,0.16629,0.90151,7.78552,1.98509,2.33367,0,6.99066,1.99492,1.01108,8.71419,1.98509,2.33367,1.05479,0.75712,0.72158,6.49839,6.99066,0.78023,10.51578
2025-12-26 22:00:00,8.2669,0.34943,1.53689,2.91315,1.4261,0.37718,1.27053,1.5399,3.76727,0.31735,0.77931,7.55206,0.73714,1.10124,1.11952,0.00025,0.04946,0.04927,0,0.38616,0.02037,0.7287,1.74317,1.11111,1.33354,5.22241,15.17618,8.9072,0.07266,0.16518,0.8808,7.63538,1.92026,2.38895,0,7.1129,1.87708,1.10124,8.9072,1.92026,2.38895,1.11952,0.77521,0.7287,6.62544,7.1129,0.75952,10.51006
2025-12-26 23:00:00,8.22035,0.34669,1.48147,2.83008,1.35497,0.34751,1.17984,1.42175,3.76157,0.31363,0.76616,7.26249,0.677,1.18887,1.18824,0.00026,0.04951,0.04954,0,0.3896,0.02599,0.7378,1.70139,1.07187,1.28742,5.29278,15.01373,9.07964,0.07216,0.1641,0.8599,7.48506,1.87135,2.43671,0,7.24593,1.75925,1.18887,9.07964,1.87135,2.43671,1.18824,0.79162,0.7378,6.76472,7.24593,0.73863,10.50346
2025-12-27 00:00:00,8.17379,0.34353,1.43316,2.76485,1.2674,0.33638,1.12613,1.29831,3.74837,0.30994,0.75433,6.97336,0.63397,1.27289,1.26,0.00026,0.04955,0.04959,0,0.39303,0.03464,0.74932,1.65933,1.03263,1.2413,5.33293,14.85128,9.23414,0.07166,0.16304,0.84296,7.33869,1.82776,2.47707,0,7.38986,1.64142,1.27289,9.23414,1.82776,2.47707,1.26,0.81876,0.74932,6.9139,7.38986,0.72169,10.49576
2025-12-27 01:00:00,8.05687,0.34092,1.39629,2.71087,1.18195,0.32963,1.07702,1.19039,3.73418,0.30653,0.74235,6.63586,0.60382,1.35204,1.33386,0.00026,0.04304,0.04963,0,0.39119,0.04982,0.76275,1.61708,1.00019,1.20749,5.34137,14.63702,9.36859,0.07119,0.16198,0.83182,7.15573,1.78593,2.50965,0,7.54482,1.53783,1.35204,9.36859,1.78593,2.50965,1.33386,0.85089,0.76275,7.06735,7.54482,0.71056,10.48667
2025-12-27 02:00:00,7.93994,0.33897,1.36211,2.65493,1.11143,0.32131,1.0245,1.12668,3.72154,0.30352,0.73258,6.2989,0.57765,1.42582,1.40887,0.00026,0.03653,0.04968,0,0.38936,0.06964,0.77896,1.57472,0.96774,1.17368,5.32515,14.42276,9.48181,0.07071,0.16094,0.82598,6.97804,1.7447,2.53452,0,7.7099,1.43425,1.42582,9.48181,1.7447,2.53452,1.40887,0.88689,0.77896,7.22322,7.7099,0.70471,10.47575
2025-12-27 03:00:00,7.82302,0.33561,1.31949,2.59323,1.04386,0.30441,0.95844,1.06986,3.7071,0.30072,0.72263,5.96279,0.55267,1.49402,1.48412,0.00027,0.03003,0.04974,0,0.38753,0.08857,0.79965,1.53371,0.9353,1.13988,5.28486,14.2085,9.57336,0.07024,0.15993,0.81894,6.79917,1.70366,2.55298,0,7.88344,1.33066,1.49402,9.57336,1.70366,2.55298,1.48412,0.92644,0.79965,7.38004,7.88344,0.69767,10.46241
2025-12-27 04:00:00,7.70609,0.3277,1.24602,2.49954,0.97917,0.26789,0.81868,1.0039,3.68668,0.29801,0.71358,5.62733,0.51283,1.55398,1.55867,0.00027,0.02352,0.04978,0,0.38569,0.10504,0.82479,1.49577,0.90286,1.10607,5.22096,13.99424,9.64288,0.06977,0.15888,0.80858,6.61697,1.65211,2.566,0,8.0519,1.22707,1.55398,9.64288,1.65211,2.566,1.55867,0.96938,0.82479,7.53643,8.0519,0.68731,10.44573
2025-12-27 05:00:00,7.58917,0.31299,1.11858,2.34655,0.95014,0.24354,0.75765,0.92175,3.65765,0.29535,0.70501,5.29281,0.46746,1.60876,1.63166,0.00027,0.01701,0.04602,0,0.38385,0.11927,0.85414,1.46057,0.87041,1.07226,5.1387,13.77997,9.69053,0.06929,0.15787,0.79723,6.43379,1.58648,2.57416,0,8.2263,1.12349,1.60876,9.69053,1.58648,2.57416,1.63166,1.01675,0.85414,7.69104,8.2263,0.67596,10.42428
2025-12-27 06:00:00,7.47224,0.29247,1.00696,2.22548,0.89925,0.23441,0.7222,0.83724,3.62257,0.29272,0.69684,4.95929,0.43626,1.6582,1.70241,0.00027,0.0105,0.04208,0,0.38202,0.13223,0.88746,1.42712,0.83797,1.03845,5.03669,13.56571,9.71676,0.06882,0.15682,0.78819,6.25291,1.51615,2.57783,0,8.40638,1.0199,1.6582,9.71676,1.51615,2.57783,1.70241,1.06952,0.88746,7.86123,8.40638,0.66692,10.39569
2025-12-27 07:00:00,7.30926,0.27367,0.96987,2.13152,0.83977,0.22888,0.68714,0.76376,3.58892,0.29026,0.68913,4.69407,0.41171,1.70192,1.77039,0.00027,0.00963,0.03814,0,0.36511,0.14524,0.92469,1.39478,0.81967,1.00903,4.91385,12.79979,9.72163,0.06837,0.15583,0.78159,6.06306,1.44425,2.57638,0,8.59217,0.96386,1.70192,9.72163,1.44425,2.57638,1.77039,1.12616,0.92469,8.02619,8.59217,0.66033,10.35566
2025-12-27 08:00:00,7.14629,0.26128,0.93899,2.05501,0.7791,0.22207,0.64507,0.71944,3.55936,0.28804,0.68147,4.4295,0.39427,1.73991,1.8352,0.00027,0.00876,0.03421,0,0.3482,0.15796,0.96605,1.36315,0.80137,0.9796,4.7748,12.03386,9.70567,0.06792,0.15484,0.77756,5.87576,1.37184,2.56972,0,8.78269,0.90783,1.73991,9.70567,1.37184,2.56972,1.8352,1.18491,0.96605,8.18432,8.78269,0.6563,10.29562
2025-12-27 09:00:00,6.98331,0.2519,0.89604,1.99375,0.73878,0.20825,0.59047,0.6793,3.5295,0.28595,0.67408,4.16541,0.37527,1.77217,1.89645,0.00027,0.00789,0.03027,0,0.3313,0.16874,1.01083,1.33304,0.78307,0.95018,4.62299,11.26794,9.66986,0.06747,0.15385,0.77207,5.68701,1.29925,2.55903,0,8.97482,0.85179,1.77217,9.66986,1.29925,2.55903,1.89645,1.2451,1.01083,8.33479,8.97482,0.65081,10.19555
2025-12-27 10:00:00,6.82033,0.24063,0.84977,1.91064,0.71056,0.17839,0.57832,0.63279,3.49412,0.28392,0.66673,3.90175,0.34285,1.79867,1.95384,0.00028,0.00701,0.02744,0,0.31439,0.17713,1.05331,1.30595,0.76476,0.92076,4.45868,10.50201,9.61531,0.06702,0.15285,0.76257,5.49425,1.22703,2.54524,0,9.16587,0.79575,1.79867,9.61531,1.22703,2.54524,1.95384,1.30631,1.05331,8.47689,9.16587,0.64132,9.99541
2025-12-27 11:00:00,6.65736,0.22385,0.8029,1.78566,0.67569,0.15848,0.49606,0.58037,3.44994,0.28192,0.65974,3.63839,0.30178,1.81954,2.00709,0.00028,0.00614,0.02462,0,0.29748,0.18274,1.10037,1.28179,0.74646,0.89133,4.28283,9.73609,9.54302,0.06657,0.15185,0.75148,5.29989,1.15536,2.52885,0,9.35356,0.73972,1.81954,9.54302,1.15536,2.52885,2.00709,1.36823,1.10037,8.61002,9.35356,0.63023,9.39498
2025-12-27 12:00:00,6.49438,0.20108,0.75541,1.68556,0.63663,0.15101,0.43464,0.57829,3.39987,0.27994,0.65305,3.37522,0.26727,1.83494,2.05599,0.00028,0.00527,0.02179,0,0.28057,0.18456,1.15106,1.2595,0.72816,0.86191,4.10082,8.97016,9.45442,0.06612,0.15088,0.74277,5.10792,1.08387,2.51017,0,9.53594,0.68368,1.83494,9.45442,1.08387,2.51017,2.05599,1.43063,1.15106,8.73375,9.53594,0.62152,6.47168
2025-12-27 13:00:00,6.33595,0.19314,0.70884,1.60683,0.59437,0.14689,0.3941,0.52427,3.35316,0.27806,0.64653,3.22244,0.23994,1.845,2.10037,0.00028,0.00519,0.01896,0,0.2664,0.1806,1.20457,1.24049,0.71578,0.84183,3.92038,8.54099,9.3521,0.06569,0.14996,0.73634,4.95512,1.01603,2.48902,0,9.71137,0.65131,1.845,9.3521,1.01603,2.48902,2.10037,1.49321,1.20457,8.86216,9.71137,0.61509,4.56439
2025-12-27 14:00:00,6.17753,0.18354,0.66679,1.5424,0.54695,0.14213,0.36441,0.48174,3.31355,0.27632,0.64015,3.06985,0.21748,1.84992,2.14011,0.00028,0.0051,0.01613,0,0.25224,0.17234,1.26026,1.22261,0.7034,0.82176,3.74367,8.11181,9.23972,0.06526,0.14898,0.73261,4.80502,0.95301,2.46492,0,9.87996,0.61895,1.84992,9.23972,0.95301,2.46492,2.14011,1.55036,1.26026,8.97841,9.87996,0.61136,4.04856
2025-12-27 15:00:00,6.01911,0.17353,0.63096,1.49162,0.49658,0.13284,0.34524,0.44895,3.27641,0.27466,0.634,2.91756,0.19882,1.84987,2.17514,0.00028,0.00502,0.01332,0,0.23807,0.16352,1.31762,1.20471,0.69101,0.80168,3.56614,7.68264,9.11963,0.06483,0.14805,0.72768,4.65372,0.89161,2.43759,0,10.04153,0.58658,1.84987,9.11963,0.89161,2.43759,2.17514,1.60537,1.31762,9.08183,10.04153,0.60643,3.87662
2025-12-27 16:00:00,5.86068,0.16389,0.60059,1.4257,0.45659,0.11326,0.33085,0.42383,3.23471,0.27303,0.6282,2.76553,0.18237,1.84485,2.20543,0.00028,0.00494,0.0107,0,0.2239,0.15533,1.37553,1.18751,0.67863,0.7816,3.38898,7.25347,8.99301,0.0644,0.1471,0.71972,4.49938,0.83513,2.40685,0,10.19422,0.55421,1.84485,8.99301,0.83513,2.40685,2.20543,1.66451,1.37553,9.17274,10.19422,0.59847,3.79065
2025-12-27 17:00:00,5.70225,0.15424,0.58526,1.32995,0.41709,0.1002,0.30851,0.40047,3.18044,0.27142,0.62184,2.61366,0.16749,1.83499,2.23094,0.00028,0.00485,0.00995,0,0.20974,0.14763,1.43283,1.17124,0.66625,0.76153,3.21183,6.82429,8.86089,0.06397,0.14617,0.71065,4.34394,0.78972,2.37286,0,10.33655,0.52185,1.83499,8.86089,0.78972,2.37286,2.23094,1.72528,1.43283,9.25158,10.33655,0.5894,3.73907
2025-12-27 18:00:00,5.54383,0.14377,0.56853,1.25321,0.37954,0.09531,0.27917,0.37553,3.11282,0.26982,0.6163,2.46198,0.1544,1.82064,2.25169,0.00028,0.00477,0.00921,0,0.19557,0.13951,1.48979,1.15558,0.65387,0.74145,3.03433,6.39512,8.71983,0.06354,0.14524,0.70347,4.1904,0.75302,2.33365,0,10.46746,0.48948,1.82064,8.71983,0.75302,2.33365,2.25169,1.78721,1.48979,9.3189,10.46746,0.58223,3.70468
2025-12-27 19:00:00,5.40467,0.13166,0.55073,1.1932,0.3443,0.09284,0.24963,0.34981,3.04239,0.26827,0.61093,2.39541,0.14295,1.80219,2.26771,0.00028,0.00477,0.00847,0,0.18421,0.12953,1.54722,1.14037,0.64385,0.72645,2.86961,6.28385,8.56857,0.06313,0.1443,0.69824,4.08608,0.71923,2.28803,0,10.58492,0.46764,1.80219,8.56857,0.71923,2.28803,2.26771,1.84946,1.54722,9.37525,10.58492,0.577,3.68012
2025-12-27 20:00:00,5.26552,0.11858,0.53255,1.14534,0.31089,0.09018,0.22437,0.33795,2.97622,0.26681,0.60506,2.32881,0.13275,1.78005,2.27909,0.00028,0.00476,0.00773,0,0.17285,0.11841,1.60544,1.12546,0.63382,0.71145,2.70809,6.17258,8.41689,0.06272,0.14339,0.69519,3.98394,0.6864,2.23954,0,10.68436,0.44581,1.78005,8.41689,0.6864,2.23954,2.27909,1.91081,1.60544,9.42108,10.68436,0.57395,3.66169
2025-12-27 21:00:00,5.12636,0.10642,0.51483,1.11037,0.27939,0.08525,0.20351,0.3233,2.9125,0.26539,0.60002,2.26231,0.12357,1.75475,2.28597,0.00027,0.00476,0.00698,0,0.16149,0.10832,1.66446,1.11096,0.62379,0.69645,2.54993,6.06131,8.26561,0.06231,0.14251,0.69115,3.88081,0.65388,2.18844,0,10.77324,0.42397,1.75475,8.26561,0.65388,2.18844,2.28597,1.97029,1.66446,9.45673,10.77324,0.56991,3.64737
2025-12-27 22:00:00,4.9872,0.09747,0.49807,1.06578,0.2508,0.0752,0.186,0.30894,2.84781,0.264,0.59507,2.19622,0.11525,1.72674,2.28851,0.00027,0.00476,0.00625,0,0.15012,0.09976,1.72402,1.09732,0.61377,0.68144,2.39725,5.95003,8.11515,0.06189,0.1416,0.68453,3.77508,0.62081,2.13499,0,10.85102,0.40213,1.72674,8.11515,0.62081,2.13499,2.28851,2.02723,1.72402,9.48249,10.85102,0.5633,3.6359
2025-12-27 23:00:00,4.84805,0.09157,0.48233,1.00202,0.22573,0.0685,0.17047,0.29544,2.7775,0.26261,0.59023,2.13009,0.10767,1.69621,2.28694,0.00027,0.00475,0.00555,0,0.13876,0.09242,1.78365,1.08461,0.60374,0.66644,2.24944,5.83876,7.96598,0.06148,0.14069,0.67697,3.66843,0.59181,2.07951,0,10.91731,0.3803,1.69621,7.96598,0.59181,2.07951,2.28694,2.08088,1.78365,9.49896,10.91731,0.55574,3.62652
2025-12-28 00:00:00,4.70889,0.08592,0.4676,0.95081,0.20427,0.06599,0.15464,0.2823,2.70145,0.26122,0.5861,2.06407,0.10075,1.6634,2.2815,0.00027,0.00475,0.00547,0,0.1274,0.08557,1.84279,1.07255,0.59372,0.65144,2.10563,5.72749,7.81857,0.06107,0.13979,0.67101,3.56337,0.56906,2.02238,0,10.97182,0.35846,1.6634,7.81857,0.56906,2.02238,2.2815,2.13048,1.84279,9.50689,10.97182,0.54977,3.61871
2025-12-28 01:00:00,4.59528,0.08029,0.45375,0.91041,0.18616,0.06452,0.13927,0.26906,2.61946,0.25987,0.58147,2.03562,0.09439,1.62859,2.27241,0.00028,0.00474,0.00538,0,0.1199,0.07827,1.90081,1.06093,0.5856,0.63977,1.96931,5.67285,7.65224,0.06068,0.13891,0.66671,3.49999,0.54839,1.96379,0,11.01448,0.34565,1.62859,7.65224,0.54839,1.96379,2.27241,2.17533,1.90081,9.50704,11.01448,0.54548,3.6121
2025-12-28 02:00:00,4.48166,0.07479,0.44066,0.87736,0.17076,0.06275,0.12684,0.25582,2.52826,0.25857,0.5776,2.00731,0.08853,1.59209,2.25992,0.00028,0.00474,0.0053,0,0.11241,0.07079,1.95709,1.04963,0.57747,0.62809,1.84962,5.61822,7.48481,0.06029,0.13803,0.6643,3.4385,0.5284,1.90382,0,11.04539,0.33284,1.59209,7.48481,0.5284,1.90382,2.25992,2.21482,1.95709,9.5,11.04539,0.54307,3.60643
2025-12-28 03:00:00,4.36805,0.06985,0.42841,0.85217,0.15755,0.05919,0.11709,0.24328,2.42831,0.2573,0.57319,1.97938,0.08313,1.55426,2.24428,0.00028,0.00473,0.00522,0,0.10491,0.06421,2.01096,1.03861,0.56935,0.61642,1.73048,5.56358,7.32608,0.0599,0.13716,0.66119,3.37631,0.50866,1.84312,0,11.0648,0.32003,1.55426,7.32608,0.50866,1.84312,2.24428,2.24855,2.01096,9.48609,11.0648,0.53997,3.60151
2025-12-28 04:00:00,4.25444,0.0656,0.4171,0.81959,0.14633,0.05158,0.10921,0.23219,2.31861,0.25603,0.56918,1.95159,0.07815,1.51539,2.22575,0.00028,0.00472,0.00513,0,0.09741,0.05874,2.06177,1.02807,0.56122,0.60474,1.6142,5.50894,7.17529,0.0595,0.13631,0.65639,3.3124,0.48899,1.78237,0,11.07302,0.30721,1.51539,7.17529,0.48899,1.78237,2.22575,2.27644,2.06177,9.46488,11.07302,0.53517,3.59722
2025-12-28 05:00:00,4.14082,0.06198,0.40671,0.77237,0.1369,0.0465,0.10242,0.22248,2.19597,0.25477,0.56523,1.92395,0.07354,1.47473,2.20456,0.00028,0.00472,0.00505,0,0.08992,0.05413,2.1089,1.01803,0.5531,0.59307,1.50066,5.45431,7.03124,0.05911,0.13544,0.65099,3.24792,0.47172,1.72133,0,11.07033,0.2944,1.47473,7.03124,0.47172,1.72133,2.20456,2.29865,2.1089,9.43616,11.07033,0.52977,3.59342
2025-12-28 06:00:00,4.02721,0.05881,0.39713,0.73456,0.1291,0.0446,0.09699,0.21342,2.06527,0.25352,0.56137,1.89641,0.06929,1.43234,2.1809,0.00028,0.00471,0.00505,0,0.08242,0.04997,2.15179,1.00834,0.54497,0.58139,1.38785,5.39967,6.89311,0.05872,0.13459,0.64672,3.18456,0.45761,1.65852,0,11.05693,0.28159,1.43234,6.89311,0.45761,1.65852,2.1809,2.31552,2.15179,9.40072,11.05693,0.5255,3.59005
2025-12-28 07:00:00,3.9442,0.0559,0.38817,0.70479,0.12266,0.04364,0.09157,0.20438,1.9405,0.25228,0.55756,1.8808,0.06537,1.38906,2.15491,0.00028,0.0047,0.00504,0,0.07808,0.0457,2.19006,0.99888,0.53818,0.57237,1.27565,5.30273,6.75903,0.05835,0.13374,0.64359,3.14707,0.44456,1.59667,0,11.03307,0.27294,1.38906,6.75903,0.44456,1.59667,2.15491,2.32738,2.19006,9.35961,11.03307,0.52236,3.58704
2025-12-28 08:00:00,3.86118,0.05323,0.37968,0.68037,0.1172,0.0426,0.08661,0.19519,1.83185,0.25107,0.55356,1.86535,0.06174,1.34483,2.12675,0.00028,0.00469,0.00504,0,0.07374,0.04143,2.22345,0.98959,0.53138,0.56335,1.16736,5.2058,6.62371,0.05797,0.13291,0.64169,3.1108,0.43186,1.53595,0,10.99916,0.26429,1.34483,6.62371,0.43186,1.53595,2.12675,2.33448,2.22345,9.31369,10.99916,0.52046,3.58432
2025-12-28 09:00:00,3.77817,0.0509,0.37167,0.66165,0.11253,0.04067,0.08229,0.18625,1.7412,0.24987,0.5496,1.85001,0.05839,1.2998,2.09661,0.00028,0.00468,0.00503,0,0.0694,0.03773,2.25186,0.98047,0.52459,0.55433,1.06576,5.10886,6.4938,0.0576,0.13206,0.63911,3.07388,0.41928,1.4764,0,10.95578,0.25565,1.2998,6.4938,0.41928,1.4764,2.09661,2.33701,2.25186,9.26365,10.95578,0.51789,3.58186
2025-12-28 10:00:00,3.69515,0.04894,0.36426,0.63707,0.10854,0.03673,0.07849,0.17826,1.66521,0.24867,0.54551,1.83474,0.0553,1.25452,2.06467,0.00028,0.00468,0.00502,0,0.06506,0.03466,2.27532,0.97162,0.5178,0.5453,0.97743,5.01192,6.36928,0.05722,0.13127,0.63475,3.03516,0.40674,1.41823,0,10.90357,0.247,1.25452,6.36928,0.40674,1.41823,2.06467,2.33519,2.27532,9.21902,10.90357,0.51353,3.57963
2025-12-28 11:00:00,3.61214,0.04728,0.35754,0.60103,0.10518,0.0341,0.07507,0.17137,1.59929,0.24748,0.54153,1.81942,0.05243,1.20943,2.03113,0.00028,0.00467,0.00502,0,0.06072,0.03209,2.29389,0.96311,0.511,0.53628,0.91183,4.91499,6.25109,0.05685,0.13041,0.62966,2.99572,0.39555,1.36163,0,10.84402,0.23835,1.20943,6.25109,0.39555,1.36163,2.03113,2.32924,2.29389,9.17326,10.84402,0.50845,3.57759
2025-12-28 12:00:00,3.52912,0.04584,0.35147,0.57218,0.10238,0.03311,0.07156,0.16509,1.54004,0.24629,0.53762,1.80405,0.04978,1.16467,1.99623,0.00028,0.00466,0.00501,0,0.05638,0.02979,2.30767,0.9548,0.50421,0.52726,0.85253,4.81805,6.14173,0.05647,0.12959,0.62566,2.95736,0.38613,1.30657,0,10.77912,0.2297,1.16467,6.14173,0.38613,1.30657,1.99623,2.31946,2.30767,9.124,10.77912,0.50445,3.22929
2025-12-28 13:00:00,3.46512,0.04452,0.34591,0.54958,0.1,0.03257,0.06803,0.15888,1.48626,0.24512,0.53376,1.78987,0.04734,1.12018,1.9602,0.00028,0.00465,0.00502,0,0.05432,0.02744,2.31682,0.94664,0.49918,0.52074,0.79906,4.67636,6.04243,0.05611,0.12878,0.62268,2.93284,0.37731,1.25342,0,10.70964,0.22377,1.12018,6.04243,0.37731,1.25342,1.9602,2.3062,2.31682,9.0716,10.70964,0.50147,2.28302
2025-12-28 14:00:00,3.40113,0.04331,0.34068,0.53134,0.09795,0.03196,0.06496,0.15253,1.43849,0.24398,0.52993,1.77568,0.04507,1.07588,1.92325,0.00028,0.00464,0.00501,0,0.05225,0.02512,2.32148,0.9386,0.49415,0.51422,0.75066,4.53466,5.96028,0.05575,0.128,0.62088,2.90951,0.36869,1.20252,0,10.63565,0.21785,1.07588,5.96028,0.36869,1.20252,1.92325,2.28978,2.32148,9.01647,10.63565,0.49967,2.15257
2025-12-28 15:00:00,3.33713,0.04226,0.33573,0.51764,0.09612,0.03076,0.06236,0.14627,1.39785,0.24286,0.52621,1.76155,0.04298,1.03196,1.88555,0.00028,0.00464,0.005,0,0.05019,0.0231,2.32185,0.93066,0.48913,0.5077,0.70664,4.39297,5.88486,0.0554,0.1272,0.61843,2.88554,0.36013,1.15368,0,10.55662,0.21192,1.03196,5.88486,0.36013,1.15368,1.88555,2.27049,2.32185,8.95908,10.55662,0.49722,2.10909
2025-12-28 16:00:00,3.27313,0.04137,0.33121,0.4999,0.09452,0.02825,0.06016,0.14061,1.36196,0.24175,0.52273,1.74748,0.04104,0.9889,1.84727,0.00027,0.00463,0.005,0,0.04812,0.02144,2.31818,0.92295,0.4841,0.50117,0.66642,4.25128,5.81515,0.05504,0.1264,0.61432,2.85988,0.3516,1.10691,0,10.46828,0.20599,0.9889,5.81515,0.3516,1.10691,1.84727,2.24853,2.31818,8.89997,10.46828,0.49311,2.08734
2025-12-28 17:00:00,3.20914,0.04062,0.32722,0.47418,0.09314,0.02657,0.05821,0.13575,1.32599,0.24064,0.51873,1.73346,0.03923,0.94706,1.80859,0.00027,0.00462,0.00499,0,0.04606,0.02005,2.31071,0.91549,0.47907,0.49465,0.6295,4.10958,5.75083,0.05468,0.12562,0.60955,2.83358,0.34421,1.06145,0,10.37707,0.20007,0.94706,5.75083,0.34421,1.06145,1.80859,2.22408,2.31071,8.83993,10.37707,0.48834,2.0743
2025-12-28 18:00:00,3.14514,0.03995,0.32374,0.45356,0.09191,0.02594,0.05628,0.13131,1.28762,0.23953,0.51533,1.7195,0.03757,0.90645,1.76973,0.00027,0.00461,0.00498,0,0.04399,0.0188,2.29971,0.9082,0.47404,0.48813,0.59544,3.96789,5.69153,0.05432,0.12482,0.60579,2.80829,0.33835,1.01748,0,10.28324,0.19414,0.90645,5.69153,0.33835,1.01748,1.76973,2.19736,2.29971,8.77954,10.28324,0.48459,2.0656
2025-12-28 19:00:00,3.10203,0.03932,0.32062,0.43732,0.09082,0.0256,0.0544,0.12689,1.24751,0.23843,0.51199,1.71162,0.03603,0.86707,1.73088,0.00027,0.0046,0.00497,0,0.04296,0.01754,2.28542,0.90103,0.46921,0.48285,0.56389,3.9311,5.63692,0.05398,0.12406,0.60303,2.78974,0.333,0.97565,0,10.18719,0.19006,0.86707,5.63692,0.333,0.97565,1.73088,2.16862,2.28542,8.71905,10.18719,0.48183,2.05939
2025-12-28 20:00:00,3.05892,0.03872,0.31763,0.42403,0.08979,0.0252,0.05278,0.1223,1.20748,0.23735,0.50819,1.70367,0.03459,0.82896,1.69222,0.00027,0.00459,0.00496,0,0.04192,0.01628,2.26806,0.89394,0.46437,0.47758,0.53458,3.89431,5.58663,0.05364,0.12328,0.60142,2.77234,0.32782,0.936,0,10.08936,0.18598,0.82896,5.58663,0.32782,0.936,1.69222,2.13813,2.26806,8.65864,10.08936,0.48022,2.05473
2025-12-28 21:00:00,3.01581,0.03819,0.31469,0.41383,0.08884,0.02444,0.05141,0.11768,1.16838,0.23628,0.50501,1.69573,0.03327,0.7923,1.6539,0.00027,0.00459,0.00496,0,0.04089,0.0152,2.24788,0.88697,0.45954,0.4723,0.50725,3.85752,5.54025,0.05329,0.12251,0.59928,2.75441,0.3227,0.89841,0,9.99017,0.1819,0.7923,5.54025,0.3227,0.89841,1.6539,2.10614,2.24788,8.60179,9.99017,0.47809,2.05111
2025-12-28 22:00:00,2.97271,0.03773,0.31193,0.40056,0.08797,0.02282,0.05025,0.11343,1.1294,0.23521,0.50187,1.68805,0.03204,0.75734,1.61609,0.00027,0.00458,0.00495,0,0.03986,0.0143,2.2251,0.8803,0.45471,0.46702,0.48168,3.82073,5.49744,0.05295,0.12172,0.59583,2.73517,0.31759,0.86272,0,9.89039,0.17782,0.75734,5.49744,0.31759,0.86272,1.61609,2.07285,2.2251,8.55153,9.89039,0.47464,2.04821
2025-12-28 23:00:00,2.9296,0.03734,0.30945,0.38125,0.08717,0.02175,0.04923,0.10972,1.08884,0.23415,0.49878,1.68028,0.03089,0.72412,1.57893,0.00027,0.00457,0.00494,0,0.03882,0.01355,2.19997,0.874,0.44987,0.46175,0.45769,3.78394,5.45788,0.05261,0.12097,0.59186,2.71542,0.31307,0.82888,0,9.79124,0.17374,0.72412,5.45788,0.31307,0.82888,1.57893,2.03847,2.19997,8.50102,9.79124,0.47068,2.04584
2025-12-29 00:00:00,2.88649,0.03697,0.30722,0.36578,0.08644,0.02134,0.04822,0.10626,1.04421,0.23308,0.49627,1.67254,0.02984,0.6927,1.54258,0.00027,0.00456,0.00493,0,0.03779,0.01288,2.17273,0.86797,0.44504,0.45647,0.43466,3.74715,5.42127,0.05227,0.1202,0.58874,2.69651,0.30932,0.79675,0,9.69339,0.16966,0.6927,5.42127,0.30932,0.79675,1.54258,2.00316,2.17273,8.45037,9.69339,0.46756,2.04386
2025-12-29 01:00:00,2.85625,0.03661,0.30514,0.3535,0.08576,0.02112,0.04724,0.10268,0.99438,0.23203,0.49327,1.67754,0.02886,0.66443,1.5072,0.00027,0.00455,0.00492,0,0.03725,0.01219,2.14361,0.86212,0.44131,0.45187,0.41207,3.72716,5.38732,0.05194,0.11945,0.58643,2.68146,0.30583,0.76626,0,9.59667,0.16676,0.66443,5.38732,0.30583,0.76626,1.5072,1.9671,2.14361,8.39967,9.59667,0.46524,2.04219
2025-12-29 02:00:00,2.82601,0.03625,0.30301,0.34309,0.08509,0.02087,0.04639,0.09918,0.9424,0.23099,0.49084,1.68263,0.02794,0.63733,1.47297,0.00027,0.00455,0.00492,0,0.03672,0.0115,2.11285,0.8564,0.43759,0.44727,0.38985,3.70717,5.35563,0.05162,0.11873,0.585,2.66731,0.30243,0.73744,0,9.50102,0.16385,0.63733,5.35563,0.30243,0.73744,1.47297,1.93048,2.11285,8.349,9.50102,0.46381,2.04075
2025-12-29 03:00:00,2.79578,0.03592,0.30077,0.33461,0.08445,0.02037,0.04567,0.09598,0.89105,0.22996,0.48795,1.688,0.02709,0.6114,1.43999,0.00027,0.00454,0.00491,0,0.03619,0.01091,2.08066,0.85086,0.43386,0.44267,0.36796,3.68718,5.32583,0.05129,0.11802,0.58303,2.65262,0.29905,0.71012,0,9.4064,0.16095,0.6114,5.32583,0.29905,0.71012,1.43999,1.89354,2.08066,8.29842,9.4064,0.46185,2.03951
2025-12-29 04:00:00,2.76554,0.03563,0.2986,0.3232,0.08383,0.01933,0.04505,0.09281,0.83854,0.22893,0.48536,1.69345,0.0263,0.58672,1.40827,0.00027,0.00453,0.00489,0,0.03565,0.01041,2.04722,0.84589,0.43013,0.43806,0.34651,3.66719,5.29766,0.05096,0.11726,0.57966,2.6365,0.29568,0.68429,0,9.31284,0.15804,0.58672,5.29766,0.29568,0.68429,1.40827,1.85645,2.04722,8.24798,9.31284,0.45848,2.03842
2025-12-29 05:00:00,2.7353,0.03537,0.29659,0.30612,0.08327,0.01863,0.04451,0.08996,0.78241,0.22791,0.48304,1.69896,0.02557,0.56328,1.37779,0.00027,0.00453,0.00488,0,0.03512,0.01,2.01277,0.84166,0.42641,0.43346,0.32597,3.6472,5.27409,0.05064,0.11654,0.57573,2.61985,0.29269,0.65987,0,9.22037,0.15514,0.56328,5.27409,0.29269,0.65987,1.37779,1.81937,2.01277,8.19771,9.22037,0.45455,2.03747
2025-12-29 06:00:00,2.70506,0.03512,0.29473,0.29248,0.08274,0.01837,0.04396,0.08733,0.72345,0.22688,0.48111,1.70451,0.02487,0.541,1.34856,0.00027,0.00452,0.00487,0,0.03458,0.00963,1.9775,0.83795,0.42268,0.42886,0.30674,3.62721,5.25129,0.05031,0.11582,0.57264,2.60403,0.29019,0.63675,0,9.12903,0.15223,0.541,5.25129,0.29019,0.63675,1.34856,1.78243,1.9775,8.14764,9.12903,0.45146,2.03661
2025-12-29 07:00:00,2.68312,0.03486,0.29295,0.2819,0.08222,0.01823,0.04341,0.08475,0.6648,0.22586,0.47906,1.70234,0.02423,0.51981,1.32055,0.00027,0.00451,0.00486,0,0.03424,0.00926,1.94162,0.83458,0.41971,0.42514,0.28792,3.59986,5.22911,0.05,0.11513,0.57031,2.59117,0.28786,0.6149,0,9.03887,0.15013,0.51981,5.22911,0.28786,0.6149,1.32055,1.7458,1.94162,8.09778,9.03887,0.44913,2.03585
2025-12-29 08:00:00,2.66119,0.03459,0.29108,0.27355,0.0817,0.01806,0.04294,0.08212,0.60718,0.22486,0.47672,1.70039,0.02364,0.49965,1.29372,0.00027,0.0045,0.00486,0,0.03391,0.0089,1.90531,0.83146,0.41674,0.42142,0.26877,3.57251,5.20758,0.04969,0.11441,0.56886,2.57919,0.28558,0.59425,0,8.94996,0.14803,0.49965,5.20758,0.28558,0.59425,1.29372,1.7096,1.90531,8.04821,8.94996,0.44769,2.03516
2025-12-29 09:00:00,2.63925,0.03434,0.28909,0.26752,0.08117,0.01774,0.04254,0.07951,0.54909,0.22387,0.47427,1.69874,0.02307,0.4805,1.26806,0.00027,0.0045,0.00485,0,0.03357,0.00858,1.86875,0.82839,0.41378,0.41771,0.25115,3.54516,5.1866,0.04938,0.11374,0.56688,2.56669,0.28332,0.57472,0,8.86232,0.14593,0.4805,5.1866,0.28332,0.57472,1.26806,1.67397,1.86875,7.999,8.86232,0.44571,2.03454
2025-12-29 10:00:00,2.61731,0.03411,0.28711,0.25979,0.08067,0.01705,0.04219,0.07709,0.49183,0.22288,0.47165,1.69725,0.02255,0.46239,1.24351,0.00026,0.00449,0.00484,0,0.03323,0.00832,1.83212,0.82478,0.41081,0.41399,0.23488,3.5178,5.16617,0.04906,0.11303,0.56347,2.55273,0.28107,0.55626,0,8.77618,0.14384,0.46239,5.16617,0.28107,0.55626,1.24351,1.63899,1.83212,7.95011,8.77618,0.4423,2.03398
2025-12-29 11:00:00,2.59538,0.03391,0.28526,0.24868,0.08021,0.0166,0.04189,0.07496,0.43963,0.22189,0.46904,1.69565,0.02206,0.44528,1.22006,0.00026,0.00448,0.00483,0,0.0329,0.0081,1.79558,0.82035,0.40784,0.41027,0.22,3.49045,5.14645,0.04875,0.11233,0.55948,2.53821,0.27906,0.53882,0,8.69171,0.14174,0.44528,5.14645,0.27906,0.53882,1.22006,1.60476,1.79558,7.9015,8.69171,0.43831,2.03346
2025-12-29 12:00:00,2.57344,0.03371,0.28354,0.23975,0.07975,0.01642,0.04157,0.07302,0.39587,0.22091,0.46644,1.69385,0.0216,0.42911,1.19767,0.00026,0.00447,0.00482,0,0.03256,0.0079,1.75927,0.81537,0.40487,0.40655,0.20654,3.4631,5.12754,0.04844,0.11165,0.55634,2.52454,0.27737,0.52233,0,8.60884,0.13964,0.42911,5.12754,0.27737,0.52233,1.19767,1.57134,1.75927,7.85314,8.60884,0.43518,1.97476
2025-12-29 13:00:00,2.5574,0.03349,0.28188,0.23269,0.07931,0.01633,0.04124,0.07114,0.36138,0.21993,0.46383,1.68769,0.02117,0.41382,1.17631,0.00026,0.00446,0.00482,0,0.03234,0.00769,1.72332,0.80999,0.40186,0.40353,0.19434,3.42319,5.10956,0.04814,0.11096,0.55401,2.51337,0.27579,0.50674,0,8.52753,0.1381,0.41382,5.10956,0.27579,0.50674,1.17631,1.53877,1.72332,7.80633,8.52753,0.43284,1.77052
2025-12-29 14:00:00,2.54137,0.03326,0.28013,0.22691,0.07884,0.01622,0.04095,0.06923,0.33577,0.21897,0.46116,1.68145,0.02077,0.39936,1.15595,0.00026,0.00445,0.00481,0,0.03211,0.00748,1.68787,0.80434,0.39885,0.40051,0.1832,3.38329,5.09255,0.04784,0.11029,0.55259,2.50313,0.27424,0.49198,0,8.44784,0.13655,0.39936,5.09255,0.27424,0.49198,1.15595,1.50369,1.68787,7.76093,8.44784,0.43143,1.66945
2025-12-29 15:00:00,2.52533,0.03304,0.27825,0.22244,0.07839,0.01601,0.0407,0.06732,0.31737,0.21801,0.45855,1.67519,0.02039,0.3857,1.13655,0.00026,0.00445,0.0048,0,0.03189,0.0073,1.653,0.79852,0.39584,0.3975,0.17298,3.34338,5.07656,0.04755,0.10961,0.55069,2.49242,0.2727,0.47804,0,8.36995,0.13501,0.3857,5.07656,0.2727,0.47804,1.13655,1.4695,1.653,7.71556,8.36995,0.42953,1.63576
2025-12-29 16:00:00,2.50929,0.03285,0.27639,0.21669,0.07794,0.01556,0.04048,0.06556,0.30361,0.21706,0.4561,1.66893,0.02003,0.37285,1.11808,0.00026,0.00444,0.0048,0,0.03167,0.00715,1.61838,0.79271,0.39283,0.39448,0.16352,3.30347,5.06157,0.04725,0.10896,0.5475,2.48039,0.27116,0.46486,0,8.29384,0.13347,0.37285,5.06157,0.27116,0.46486,1.11808,1.43922,1.61838,7.67024,8.29384,0.42634,1.61892
2025-12-29 17:00:00,2.49326,0.03267,0.27463,0.2084,0.07751,0.01526,0.04027,0.064,0.29226,0.21611,0.45316,1.66264,0.0197,0.36076,1.1005,0.00026,0.00443,0.00479,0,0.03144,0.00703,1.5837,0.78701,0.38982,0.39146,0.15487,3.26357,5.04757,0.04695,0.10828,0.5438,2.46787,0.26979,0.45239,0,8.21936,0.13192,0.36076,5.04757,0.26979,0.45239,1.1005,1.41051,1.5837,7.62504,8.21936,0.42265,1.60881
2025-12-29 18:00:00,2.47722,0.03249,0.27299,0.20176,0.07711,0.01514,0.04003,0.06258,0.28182,0.21516,0.45072,1.65634,0.01938,0.34939,1.08378,0.00026,0.00442,0.00478,0,0.03122,0.00691,1.54956,0.78138,0.38681,0.38844,0.14704,3.22366,5.03452,0.04665,0.1076,0.54089,2.45613,0.26862,0.4406,0,8.1464,0.13038,0.34939,5.03452,0.26862,0.4406,1.08378,1.38289,1.54956,7.58,8.1464,0.41974,1.60207
2025-12-29 19:00:00,2.46506,0.03229,0.27141,0.19653,0.07669,0.01508,0.03977,0.0612,0.272,0.21421,0.44831,1.65507,0.01909,0.33943,1.0679,0.00026,0.00441,0.00477,0,0.03104,0.00678,1.5166,0.77581,0.38397,0.38594,0.13993,3.19744,5.02239,0.04637,0.10698,0.53875,2.44612,0.26752,0.42946,0,8.07487,0.12922,0.33943,5.02239,0.26752,0.42946,1.0679,1.35627,1.5166,7.53515,8.07487,0.4176,1.59726
2025-12-29 20:00:00,2.4529,0.03208,0.26975,0.19227,0.07628,0.01501,0.03954,0.05979,0.26368,0.21328,0.44545,1.65369,0.01881,0.3304,1.05289,0.00026,0.00441,0.00477,0,0.03086,0.00666,1.4849,0.77027,0.38114,0.38345,0.13343,3.17123,5.01117,0.04608,0.10632,0.53749,2.43698,0.26644,0.41891,0,8.00471,0.12806,0.3304,5.01117,0.26644,0.41891,1.05289,1.33064,1.4849,7.49054,8.00471,0.41634,1.59365
2025-12-29 21:00:00,2.44074,0.03188,0.26797,0.18903,0.07585,0.01487,0.03934,0.05838,0.25708,0.21235,0.44309,1.65229,0.01853,0.32182,1.03873,0.00026,0.0044,0.00476,0,0.03067,0.00654,1.45443,0.76481,0.37831,0.38095,0.12746,3.14501,5.0008,0.04579,0.10569,0.5358,2.42742,0.26537,0.40894,0,7.93587,0.1269,0.32182,5.0008,0.26537,0.40894,1.03873,1.30599,1.45443,7.44619,7.93587,0.41466,1.59084
2025-12-29 22:00:00,2.42859,0.0317,0.26619,0.18479,0.07543,0.01457,0.03916,0.05707,0.25145,0.21142,0.44074,1.65109,0.01828,0.31371,1.0254,0.00026,0.00439,0.00474,0,0.03049,0.00645,1.42512,0.75976,0.37547,0.37846,0.12192,3.11879,4.99125,0.04551,0.10503,0.53303,2.41678,0.26431,0.39952,0,7.86588,0.12574,0.31371,4.99125,0.26431,0.39952,1.0254,1.28229,1.42512,7.40215,7.86588,0.41189,1.58859
2025-12-29 23:00:00,2.41643,0.03153,0.26452,0.17858,0.07504,0.01437,0.03899,0.05591,0.24597,0.2105,0.43843,1.64977,0.01804,0.30604,1.01284,0.00026,0.00439,0.00473,0,0.03031,0.00636,1.39694,0.75529,0.37263,0.37597,0.11684,3.09258,4.98246,0.04523,0.10439,0.52986,2.40574,0.26334,0.3906,0,7.79504,0.12458,0.30604,4.98246,0.26334,0.3906,1.01284,1.25957,1.39694,7.35849,7.79504,0.40872,1.58676
2025-12-30 00:00:00,2.40427,0.03137,0.26296,0.17361,0.07465,0.01429,0.03882,0.05486,0.24017,0.20957,0.4366,1.64844,0.01781,0.29878,1.00099,0.00026,0.00438,0.00472,0,0.03013,0.00628,1.36984,0.75122,0.3698,0.37347,0.11223,3.06636,4.97437,0.04494,0.10377,0.52736,2.39536,0.26252,0.38219,0,7.7266,0.12342,0.29878,4.97437,0.26252,0.38219,1.00099,1.23779,1.36984,7.31526,7.7266,0.40622,1.58522
2025-12-30 01:00:00,2.39462,0.03119,0.26146,0.16971,0.07427,0.01425,0.03865,0.05383,0.23423,0.20869,0.43432,1.6595,0.01759,0.29192,0.9898,0.00026,0.00437,0.00471,0,0.02997,0.00618,1.34379,0.74743,0.36771,0.37166,0.10802,3.05612,4.96695,0.04467,0.10313,0.52548,2.38613,0.26174,0.37421,0,7.66027,0.12252,0.29192,4.96695,0.26174,0.37421,0.9898,1.21695,1.34379,7.27254,7.66027,0.40434,1.58393
2025-12-30 02:00:00,2.38497,0.03099,0.25989,0.16651,0.07388,0.0142,0.03849,0.05278,0.22895,0.20786,0.43255,1.67061,0.01738,0.28543,0.97922,0.00026,0.00436,0.00471,0,0.02981,0.00608,1.31877,0.74383,0.36562,0.36984,0.10414,3.04587,4.96014,0.04439,0.10252,0.52431,2.3776,0.26097,0.36667,0,7.59587,0.12162,0.28543,4.96014,0.26097,0.36667,0.97922,1.19702,1.31877,7.23035,7.59587,0.40318,1.58282
2025-12-30 03:00:00,2.37532,0.0308,0.2582,0.16405,0.07348,0.0141,0.03836,0.05172,0.22462,0.20706,0.43033,1.68196,0.01718,0.2793,0.96921,0.00026,0.00436,0.0047,0,0.02965,0.00598,1.29476,0.74063,0.36353,0.36803,0.10054,3.03563,4.95393,0.04412,0.10189,0.52271,2.36864,0.26021,0.35955,0,7.53324,0.12073,0.2793,4.95393,0.26021,0.35955,0.96921,1.17802,1.29476,7.18874,7.53324,0.40158,1.58186
2025-12-30 04:00:00,2.36567,0.03064,0.25652,0.16083,0.07309,0.01389,0.03825,0.05074,0.22076,0.20627,0.4284,1.69335,0.017,0.27352,0.95971,0.00025,0.00435,0.00469,0,0.02949,0.0059,1.27174,0.73946,0.36144,0.36621,0.0972,3.02539,4.94826,0.04385,0.10129,0.51994,2.35852,0.25946,0.35281,0,7.47226,0.11983,0.27352,4.94826,0.25946,0.35281,0.95971,1.15993,1.27174,7.14775,7.47226,0.39881,1.58101
2025-12-30 05:00:00,2.35602,0.03048,0.25494,0.15611,0.07272,0.01375,0.03814,0.04988,0.21683,0.20549,0.42647,1.70477,0.01682,0.26808,0.9507,0.00025,0.00434,0.00468,0,0.02933,0.00583,1.2497,0.74119,0.35935,0.3644,0.09411,3.01514,4.94307,0.04357,0.10068,0.5167,2.34791,0.25877,0.34644,0,7.41287,0.11893,0.26808,4.94307,0.25877,0.34644,0.9507,1.14273,1.2497,7.10741,7.41287,0.39557,1.58027
2025-12-30 06:00:00,2.34637,0.03033,0.25346,0.15234,0.07235,0.0137,0.03802,0.04909,0.2125,0.20471,0.42462,1.71623,0.01664,0.26295,0.94215,0.00025,0.00433,0.00467,0,0.02917,0.00577,1.22862,0.74492,0.35726,0.36258,0.09129,3.0049,4.93833,0.0433,0.10007,0.51416,2.33802,0.25817,0.34041,0,7.35498,0.11803,0.26295,4.93833,0.25817,0.34041,0.94215,1.12638,1.22862,7.06774,7.35498,0.39303,1.57961
2025-12-30 07:00:00,2.33845,0.03015,0.25204,0.14937,0.072,0.01367,0.03788,0.04831,0.20795,0.20408,0.42278,1.71317,0.01648,0.25813,0.93402,0.00025,0.00432,0.00467,0,0.02902,0.00572,1.20848,0.75004,0.35559,0.36143,0.08868,2.99407,4.93402,0.04304,0.09948,0.51222,2.32906,0.2576,0.33471,0,7.29856,0.11731,0.25813,4.93402,0.2576,0.33471,0.93402,1.11084,1.20848,7.02878,7.29856,0.39109,1.57902
2025-12-30 08:00:00,2.33054,0.02996,0.25055,0.14693,0.07162,0.01363,0.03775,0.04752,0.20388,0.20366,0.42079,1.7102,0.01632,0.25358,0.92629,0.00025,0.00432,0.00466,0,0.02887,0.00568,1.18928,0.75612,0.35391,0.36027,0.08627,2.98324,4.9301,0.04278,0.09889,0.51102,2.32084,0.25703,0.32933,0,7.24357,0.1166,0.25358,4.9301,0.25703,0.32933,0.92629,1.09608,1.18928,6.99054,7.24357,0.3899,1.57849
2025-12-30 09:00:00,2.32262,0.02978,0.24894,0.14505,0.07125,0.01357,0.03764,0.04672,0.20056,0.20336,0.41877,1.7073,0.01616,0.2493,0.91894,0.00025,0.00431,0.00465,0,0.02872,0.00564,1.17098,0.76249,0.35224,0.35912,0.08403,2.97241,4.92655,0.04252,0.09829,0.50937,2.31217,0.25647,0.32422,0,7.18997,0.11588,0.2493,4.92655,0.25647,0.32422,0.91894,1.08204,1.17098,6.95305,7.18997,0.38825,1.578
2025-12-30 10:00:00,2.31471,0.02962,0.24733,0.14259,0.07088,0.01342,0.03753,0.04599,0.19758,0.20311,0.41664,1.70443,0.01601,0.24529,0.91193,0.00025,0.0043,0.00465,0,0.02858,0.00561,1.15356,0.767,0.35056,0.35796,0.08192,2.96158,4.92331,0.04226,0.09769,0.50651,2.30228,0.25592,0.31941,0,7.13774,0.11516,0.24529,4.92331,0.25592,0.31941,0.91193,1.0687,1.15356,6.91631,7.13774,0.38539,1.57757
2025-12-30 11:00:00,2.3068,0.02947,0.24581,0.13898,0.07053,0.01333,0.03743,0.04533,0.19454,0.20289,0.41469,1.70153,0.01587,0.24152,0.90527,0.00025,0.0043,0.00464,0,0.02843,0.00559,1.13698,0.76856,0.34888,0.35681,0.07996,2.95075,4.92038,0.042,0.09713,0.50316,2.29191,0.25541,0.31485,0,7.08687,0.11445,0.24152,4.92038,0.25541,0.31485,0.90527,1.05602,1.13698,6.88034,7.08687,0.38205,1.57717
2025-12-30 12:00:00,2.29888,0.02932,0.24439,0.13609,0.07019,0.01329,0.03731,0.04473,0.19115,0.20268,0.4129,1.69854,0.01572,0.23798,0.89891,0.00025,0.00429,0.00463,0,0.02828,0.00556,1.1212,0.76806,0.34721,0.35565,0.07815,2.93992,4.91773,0.04174,0.09653,0.50053,2.28227,0.25496,0.31054,0,7.03732,0.11373,0.23798,4.91773,0.25496,0.31054,0.89891,1.04395,1.1212,6.84515,7.03732,0.37943,1.55245
2025-12-30 13:00:00,2.29216,0.02915,0.24303,0.13382,0.06984,0.01327,0.03718,0.04414,0.18757,0.20256,0.41123,1.6915,0.01559,0.23467,0.89283,0.00025,0.00428,0.00462,0,0.02814,0.00553,1.1062,0.76615,0.34538,0.35458,0.07648,2.92085,4.91533,0.04149,0.09598,0.49857,2.27355,0.25453,0.30647,0,6.98909,0.11314,0.23467,4.91533,0.25453,0.30647,0.89283,1.0328,1.1062,6.81075,6.98909,0.37747,1.46653
2025-12-30 14:00:00,2.28543,0.02897,0.24161,0.13195,0.06948,0.01324,0.03706,0.04353,0.18438,0.20255,0.40964,1.68448,0.01546,0.23156,0.88704,0.00025,0.00427,0.00462,0,0.028,0.0055,1.09194,0.76327,0.34356,0.35351,0.07491,2.90179,4.91315,0.04124,0.09539,0.49739,2.26559,0.2541,0.30261,0,6.94216,0.11255,0.23156,4.91315,0.2541,0.30261,0.88704,1.02266,1.09194,6.77713,6.94216,0.37629,1.38841
2025-12-30 15:00:00,2.27871,0.02879,0.24009,0.13051,0.06912,0.01319,0.03696,0.04293,0.18178,0.2026,0.40823,1.67758,0.01533,0.22864,0.8815,0.00025,0.00427,0.00461,0,0.02786,0.00546,1.07842,0.75968,0.34173,0.35245,0.07343,2.88272,4.9112,0.041,0.09484,0.49579,2.25724,0.25367,0.29897,0,6.8965,0.11196,0.22864,4.9112,0.25367,0.29897,0.8815,1.01315,1.07842,6.74432,6.8965,0.37469,1.36237
2025-12-30 16:00:00,2.27198,0.02864,0.23856,0.12861,0.06876,0.01309,0.03686,0.04236,0.17945,0.20268,0.40705,1.67084,0.0152,0.22592,0.8762,0.00025,0.00426,0.00459,0,0.02771,0.00544,1.06571,0.75543,0.3399,0.35138,0.07204,2.86365,4.90945,0.04075,0.09425,0.49311,2.2478,0.25325,0.29552,0,6.85211,0.11137,0.22592,4.90945,0.25325,0.29552,0.8762,1.00405,1.06571,6.71231,6.85211,0.37202,1.34935
2025-12-30 17:00:00,2.26526,0.02849,0.23712,0.12583,0.06842,0.01301,0.03676,0.04186,0.17705,0.20278,0.40551,1.6642,0.01508,0.22337,0.87113,0.00025,0.00425,0.00458,0,0.02757,0.00541,1.05382,0.75057,0.33808,0.35031,0.07074,2.84459,4.90787,0.0405,0.09373,0.49001,2.23792,0.25286,0.29226,0,6.80897,0.11078,0.22337,4.90787,0.25286,0.29226,0.87113,0.99529,1.05382,6.68109,6.80897,0.36892,1.34154
2025-12-30 18:00:00,2.25853,0.02835,0.23578,0.12361,0.06808,0.01299,0.03665,0.0414,0.17436,0.20288,0.40455,1.65769,0.01495,0.22099,0.86628,0.00025,0.00424,0.00457,0,0.02743,0.00539,1.04266,0.7453,0.33625,0.34924,0.06952,2.82552,4.90644,0.04025,0.09315,0.48756,2.22872,0.25251,0.28918,0,6.76706,0.11019,0.22099,4.90644,0.25251,0.28918,0.86628,0.98687,1.04266,6.65066,6.76706,0.36648,1.33633
2025-12-30 19:00:00,2.2536,0.02819,0.23449,0.12186,0.06774,0.01297,0.03652,0.04094,0.1715,0.20291,0.40368,1.65736,0.01484,0.21876,0.86163,0.00025,0.00423,0.00457,0,0.02729,0.00537,1.03213,0.73974,0.33461,0.34809,0.06838,2.80597,4.90518,0.04001,0.09261,0.48574,2.22036,0.25217,0.28626,0,6.72635,0.10969,0.21876,4.90518,0.25217,0.28626,0.86163,0.97875,1.03213,6.62103,6.72635,0.36466,1.33261
2025-12-30 20:00:00,2.24867,0.02801,0.23315,0.12042,0.0674,0.01295,0.0364,0.04048,0.16895,0.20283,0.4025,1.65701,0.01473,0.21668,0.85717,0.00025,0.00423,0.00456,0,0.02715,0.00535,1.02216,0.73399,0.33296,0.34695,0.0673,2.78641,4.90406,0.03977,0.09205,0.48465,2.21272,0.25183,0.2835,0,6.68684,0.10918,0.21668,4.90406,0.25183,0.2835,0.85717,0.97094,1.02216,6.59218,6.68684,0.36357,1.32982
2025-12-30 21:00:00,2.24374,0.02785,0.23171,0.1193,0.06703,0.01291,0.0363,0.04001,0.16688,0.2027,0.40184,1.65675,0.0146,0.21473,0.85288,0.00025,0.00422,0.00455,0,0.02702,0.00533,1.01267,0.72824,0.33132,0.34581,0.06629,2.76686,4.90306,0.03954,0.09153,0.48318,2.20472,0.2515,0.28088,0,6.6485,0.10868,0.21473,4.90306,0.2515,0.28088,0.85288,0.96344,1.01267,6.56413,6.6485,0.3621,1.32765
2025-12-30 22:00:00,2.2388,0.0277,0.23027,0.11784,0.06669,0.01283,0.0362,0.03957,0.16502,0.20254,0.40121,1.65676,0.01445,0.21292,0.84875,0.00024,0.00421,0.00455,0,0.02688,0.00531,1.0032,0.72362,0.32967,0.34466,0.06531,2.74731,4.90217,0.0393,0.09098,0.48069,2.19569,0.25116,0.27841,0,6.61131,0.10817,0.21292,4.90217,0.25116,0.27841,0.84875,0.95622,1.0032,6.53686,6.61131,0.35962,1.32592
2025-12-30 23:00:00,2.23387,0.02756,0.2289,0.11569,0.06635,0.01277,0.03611,0.03919,0.1631,0.20236,0.40059,1.65675,0.01429,0.21123,0.84478,0.00024,0.00421,0.00454,0,0.02674,0.0053,0.99324,0.72072,0.32803,0.34351,0.06439,2.72775,4.9014,0.03906,0.09042,0.47781,2.18626,0.25085,0.27607,0,6.57526,0.10766,0.21123,4.9014,0.25085,0.27607,0.84478,0.94927,0.99324,6.51037,6.57526,0.35674,1.3245
2025-12-31 00:00:00,2.22894,0.02742,0.22762,0.11397,0.06603,0.01275,0.03601,0.03883,0.16095,0.20218,0.40036,1.65682,0.01414,0.20965,0.84095,0.00024,0.0042,0.00453,0,0.0266,0.00528,0.98415,0.71902,0.32638,0.34237,0.06354,2.7082,4.90072,0.03882,0.08989,0.47555,2.17746,0.25056,0.27386,0,6.54032,0.10716,0.20965,4.90072,0.25056,0.27386,0.84095,0.9426,0.98415,6.48464,6.54032,0.35448,1.32331
2025-12-31 01:00:00,2.23178,0.02727,0.22639,0.11261,0.0657,0.01274,0.03589,0.03848,0.15865,0.20211,0.39974,1.65839,0.01402,0.20817,0.83726,0.00024,0.00419,0.00452,0,0.02647,0.00527,0.97573,0.71814,0.32597,0.34185,0.06272,2.70481,4.90013,0.03859,0.0894,0.47384,2.16944,0.25028,0.27177,0,6.50647,0.10671,0.20817,4.90013,0.25028,0.27177,0.83726,0.93618,0.97573,6.45964,6.50647,0.35278,1.32231
2025-12-31 02:00:00,2.23462,0.0271,0.22513,0.11149,0.06536,0.01272,0.03577,0.03812,0.1566,0.20223,0.39961,1.66002,0.01391,0.2068,0.83369,0.00024,0.00419,0.00452,0,0.02634,0.00525,0.96784,0.71784,0.32556,0.34134,0.06194,2.70141,4.89962,0.03837,0.08889,0.4728,2.16209,0.25001,0.26978,0,6.4737,0.10627,0.2068,4.89962,0.25001,0.26978,0.83369,0.93002,0.96784,6.43535,6.4737,0.35174,1.32145
2025-12-31 03:00:00,2.23746,0.02694,0.22377,0.11061,0.06502,0.01269,0.03567,0.03775,0.15493,0.20243,0.3991,1.66182,0.0138,0.20553,0.83024,0.00024,0.00418,0.00451,0,0.0262,0.00523,0.96041,0.71809,0.32516,0.34082,0.0612,2.69802,4.89919,0.03814,0.08836,0.47136,2.15433,0.24973,0.26789,0,6.44196,0.10582,0.20553,4.89919,0.24973,0.26789,0.83024,0.92409,0.96041,6.41173,6.44196,0.3503,1.32071
2025-12-31 04:00:00,2.24029,0.0268,0.22241,0.10945,0.06467,0.01263,0.03558,0.03741,0.15343,0.20268,0.39889,1.66366,0.01371,0.20434,0.82689,0.00024,0.00417,0.0045,0,0.02607,0.00522,0.95334,0.71988,0.32475,0.3403,0.06048,2.69462,4.89883,0.03791,0.08786,0.46888,2.14552,0.24946,0.26611,0,6.41124,0.10537,0.20434,4.89883,0.24946,0.26611,0.82689,0.91839,0.95334,6.38879,6.41124,0.34782,1.32006
2025-12-31 05:00:00,2.24313,0.02667,0.22111,0.10774,0.06435,0.01258,0.03548,0.03711,0.15188,0.20296,0.39879,1.66554,0.01368,0.20325,0.82367,0.00024,0.00417,0.00449,0,0.02594,0.0052,0.94662,0.72372,0.32434,0.33979,0.05979,2.69123,4.89854,0.03769,0.08736,0.46597,2.13632,0.2492,0.26442,0,6.38149,0.10493,0.20325,4.89854,0.2492,0.26442,0.82367,0.9129,0.94662,6.36653,6.38149,0.34492,1.31948
2025-12-31 06:00:00,2.24597,0.02654,0.2199,0.10637,0.06404,0.01257,0.03537,0.03683,0.15012,0.20324,0.39883,1.66748,0.01365,0.20224,0.82053,0.00024,0.00416,0.00448,0,0.02581,0.00519,0.9402,0.72896,0.32393,0.33927,0.05914,2.68783,4.89829,0.03746,0.08687,0.46369,2.12772,0.24895,0.26283,0,6.3527,0.10448,0.20224,4.89829,0.24895,0.26283,0.82053,0.90763,0.9402,6.34493,6.3527,0.34265,1.31897
2025-12-31 07:00:00,2.25433,0.02638,0.21874,0.1053,0.06373,0.01255,0.03525,0.03656,0.14824,0.20358,0.39892,1.66151,0.01362,0.20131,0.81748,0.00024,0.00415,0.00448,0,0.02568,0.00516,0.93406,0.73519,0.32494,0.33931,0.05853,2.68006,4.89809,0.03724,0.08641,0.46198,2.11992,0.24871,0.26131,0,6.32485,0.10408,0.20131,4.89809,0.24871,0.26131,0.81748,0.90254,0.93406,6.32397,6.32485,0.34094,1.31852
2025-12-31 08:00:00,2.26269,0.02622,0.21753,0.10441,0.06341,0.01254,0.03514,0.03628,0.14656,0.20398,0.3988,1.6557,0.01359,0.20046,0.81453,0.00024,0.00414,0.00447,0,0.02555,0.00513,0.92817,0.74209,0.32594,0.33935,0.05793,2.67229,4.89796,0.03702,0.08595,0.46093,2.11276,0.24848,0.25987,0,6.2979,0.10368,0.20046,4.89796,0.24848,0.25987,0.81453,0.89764,0.92817,6.30366,6.2979,0.33989,1.3181
2025-12-31 09:00:00,2.27105,0.02607,0.21624,0.10371,0.06308,0.0125,0.03505,0.03599,0.1452,0.20442,0.39861,1.65003,0.01355,0.19967,0.81166,0.00024,0.00413,0.00446,0,0.02543,0.00511,0.92252,0.74906,0.32695,0.33939,0.05735,2.66453,4.89787,0.03681,0.0855,0.45949,2.10524,0.24825,0.25851,0,6.27183,0.10328,0.19967,4.89787,0.24825,0.25851,0.81166,0.89293,0.92252,6.28396,6.27183,0.33845,1.31773
2025-12-31 10:00:00,2.2794,0.02593,0.21492,0.10279,0.06276,0.01242,0.03495,0.03572,0.14397,0.20488,0.39828,1.64445,0.01352,0.19895,0.80886,0.00024,0.00413,0.00445,0,0.0253,0.00508,0.91709,0.75386,0.32795,0.33943,0.05679,2.65676,4.89781,0.03659,0.08507,0.45704,2.09669,0.24801,0.25722,0,6.24662,0.10287,0.19895,4.89781,0.24801,0.25722,0.80886,0.88838,0.91709,6.26488,6.24662,0.336,1.31739
2025-12-31 11:00:00,2.28776,0.0258,0.21367,0.10143,0.06246,0.01236,0.03486,0.03548,0.1427,0.20534,0.39798,1.63883,0.01349,0.19828,0.80615,0.00024,0.00412,0.00444,0,0.02517,0.00506,0.91186,0.75532,0.32896,0.33947,0.05625,2.64899,4.8978,0.03637,0.08461,0.45418,2.08772,0.24779,0.256,0,6.22225,0.10247,0.19828,4.8978,0.24779,0.256,0.80615,0.88398,0.91186,6.24637,6.22225,0.33314,1.31709
2025-12-31 12:00:00,2.29612,0.02567,0.2125,0.10035,0.06215,0.01234,0.03476,0.03526,0.14126,0.20581,0.39777,1.63309,0.01346,0.19768,0.8035,0.00024,0.00411,0.00443,0,0.02504,0.00504,0.90684,0.75448,0.32996,0.33951,0.05573,2.64122,4.89783,0.03615,0.08416,0.45193,2.07938,0.24758,0.25484,0,6.19869,0.10207,0.19768,4.89783,0.24758,0.25484,0.8035,0.87975,0.90684,6.22845,6.19869,0.33089,1.25344
2025-12-31 13:00:00,2.29502,0.02552,0.21138,0.09949,0.06186,0.01233,0.03464,0.03504,0.13972,0.20607,0.39747,1.62477,0.01343,0.19713,0.80093,0.00024,0.0041,0.00443,0,0.02492,0.00502,0.90199,0.75203,0.33081,0.33918,0.05524,2.6249,4.89789,0.03594,0.08373,0.45025,2.0718,0.24737,0.25372,0,6.17592,0.10166,0.19713,4.89789,0.24737,0.25372,0.80093,0.87566,0.90199,6.21108,6.17592,0.32921,1.15023
2025-12-31 14:00:00,2.29391,0.02536,0.21022,0.09879,0.06155,0.01232,0.03453,0.03481,0.13835,0.20602,0.3971,1.61639,0.0134,0.19663,0.79842,0.00024,0.0041,0.00442,0,0.0248,0.005,0.89733,0.74849,0.33165,0.33884,0.05475,2.60858,4.89797,0.03574,0.08329,0.44923,2.06488,0.24716,0.25269,0,6.15391,0.10125,0.19663,4.89797,0.24716,0.25269,0.79842,0.87171,0.89733,6.19426,6.15391,0.3282,1.15023
2025-12-31 15:00:00,2.29281,0.02522,0.20898,0.09824,0.06123,0.0123,0.03444,0.03457,0.13724,0.2058,0.39671,1.60805,0.01337,0.19615,0.79597,0.00024,0.00409,0.00441,0,0.02468,0.00498,0.89283,0.74417,0.3325,0.33851,0.05428,2.59226,4.89809,0.03553,0.08287,0.44785,2.0576,0.24695,0.25169,0,6.13264,0.10085,0.19615,4.89809,0.24695,0.25169,0.79597,0.86788,0.89283,6.17795,6.13264,0.32682,1.15023
2025-12-31 16:00:00,2.29171,0.02508,0.20772,0.09753,0.06092,0.01225,0.03435,0.03435,0.13623,0.20551,0.39636,1.5997,0.01334,0.19569,0.79358,0.00023,0.00408,0.00441,0,0.02455,0.00496,0.88849,0.73928,0.33335,0.33818,0.05382,2.57594,4.89823,0.03532,0.08243,0.44552,2.04938,0.24675,0.25075,0,6.11209,0.10044,0.19569,4.89823,0.24675,0.25075,0.79358,0.86418,0.88849,6.16216,6.11209,0.3245,1.15023
2025-12-31 17:00:00,2.2906,0.02496,0.20652,0.09647,0.06061,0.01223,0.03427,0.03415,0.13518,0.20517,0.39544,1.5913,0.01331,0.19526,0.79124,0.00023,0.00408,0.0044,0,0.02443,0.00495,0.8843,0.73396,0.33419,0.33784,0.05337,2.55962,4.8984,0.03512,0.08198,0.44283,2.04078,0.24655,0.24985,0,6.09224,0.10003,0.19526,4.8984,0.24655,0.24985,0.79124,0.86061,0.8843,6.14686,6.09224,0.32181,1.15023
2025-12-31 18:00:00,2.2895,0.02483,0.2054,0.09563,0.06033,0.01222,0.03416,0.03397,0.13398,0.20482,0.39471,1.58286,0.01328,0.19484,0.78894,0.00023,0.00407,0.00439,0,0.02431,0.00493,0.88026,0.72834,0.33504,0.33751,0.05294,2.5433,4.89857,0.03491,0.08159,0.44071,2.03277,0.24636,0.249,0,6.07305,0.09962,0.19484,4.89857,0.24636,0.249,0.78894,0.85715,0.88026,6.13205,6.07305,0.3197,1.15023
2025-12-31 19:00:00,2.28745,0.02469,0.20433,0.09496,0.06004,0.01221,0.03406,0.03379,0.1327,0.20435,0.39385,1.57637,0.01325,0.19445,0.78668,0.00023,0.00406,0.00438,0,0.02419,0.00491,0.87635,0.72251,0.33467,0.33673,0.05252,2.53736,4.89878,0.03471,0.08191,0.43913,2.02622,0.24617,0.2482,0,6.05452,0.09927,0.19445,4.89878,0.24617,0.2482,0.78668,0.85378,0.87635,6.1177,6.05452,0.31812,1.15023
2025-12-31 20:00:00,2.2854,0.02454,0.20323,0.0944,0.05973,0.0122,0.03395,0.0336,0.13155,0.20371,0.39246,1.56968,0.01321,0.19407,0.78447,0.00023,0.00406,0.00437,0,0.02407,0.00488,0.87256,0.71654,0.3343,0.33596,0.05212,2.53142,4.899,0.03451,0.08225,0.43816,2.02028,0.24599,0.24742,0,6.03662,0.09892,0.19407,4.899,0.24599,0.24742,0.78447,0.85053,0.87256,6.1038,6.03662,0.31716,1.15023
2025-12-31 21:00:00,2.28335,0.02439,0.20206,0.09396,0.05942,0.01218,0.03386,0.03341,0.13062,0.20298,0.39141,1.56278,0.01318,0.19371,0.78229,0.00023,0.00405,0.00437,0,0.02395,0.00485,0.8689,0.71059,0.33394,0.33518,0.05171,2.52549,4.89925,0.03432,0.08258,0.43686,2.01402,0.2458,0.24669,0,6.01932,0.09857,0.19371,4.89925,0.2458,0.24669,0.78229,0.84737,0.8689,6.09035,6.01932,0.31586,1.15023
2025-12-31 22:00:00,2.28129,0.02426,0.20087,0.09336,0.05911,0.01215,0.03377,0.03323,0.12977,0.20221,0.39028,1.55587,0.01315,0.19336,0.78014,0.00023,0.00404,0.00436,0,0.02383,0.00482,0.86536,0.70559,0.33357,0.3344,0.05132,2.51955,4.8995,0.03412,0.08292,0.43464,2.00681,0.24561,0.24599,0,6.00262,0.09822,0.19336,4.8995,0.24561,0.24599,0.78014,0.84431,0.86536,6.07732,6.00262,0.31364,1.15023
2025-12-31 23:00:00,2.27924,0.02414,0.19974,0.09248,0.05883,0.01212,0.03369,0.03306,0.1289,0.20142,0.38904,1.5487,0.01312,0.19303,0.77804,0.00023,0.00404,0.00435,0,0.02371,0.0048,0.86193,0.70207,0.3332,0.33363,0.05093,2.51361,4.89978,0.03392,0.08325,0.43207,1.99927,0.24543,0.24534,0,5.98648,0.09787,0.19303,4.89978,0.24543,0.24534,0.77804,0.84132,0.86193,6.06469,5.98648,0.31107,1.15023
2026-01-01 00:00:00,2.27719,0.02401,0.19868,0.09177,0.05855,0.01212,0.03359,0.03291,0.1279,0.20062,0.38811,1.54139,0.01309,0.19272,0.77595,0.00023,0.00403,0.00434,0,0.02359,0.00479,0.85861,0.69958,0.33283,0.33285,0.05054,2.50767,4.90007,0.03372,0.0836,0.43004,1.99227,0.24526,0.2447,0,5.97089,0.09752,0.19272,4.90007,0.24526,0.2447,0.77595,0.83842,0.85861,6.05247,5.97089,0.30905,1.15023
2026-01-01 01:00:00,2.2785,0.02388,0.19768,0.09121,0.05826,0.01211,0.03349,0.03276,0.12683,0.1995,0.3867,1.53689,0.01306,0.19242,0.7739,0.00023,0.00402,0.00434,0,0.02347,0.00476,0.85538,0.6978,0.33202,0.33222,0.05016,2.50592,4.90037,0.03353,0.08535,0.42853,1.98736,0.24509,0.24409,0,5.95582,0.0972,0.19242,4.90037,0.24509,0.24409,0.7739,0.83559,0.85538,6.04063,5.95582,0.30754,1.15023
2026-01-01 02:00:00,2.27982,0.02373,0.19664,0.09075,0.05798,0.0121,0.0334,0.0326,0.12587,0.19964,0.38568,1.53234,0.01303,0.19213,0.77187,0.00023,0.00402,0.00433,0,0.02336,0.00474,0.85225,0.69651,0.33121,0.3316,0.04979,2.50417,4.90067,0.03334,0.08708,0.4276,1.98302,0.24492,0.24352,0,5.94127,0.09687,0.19213,4.90067,0.24492,0.24352,0.77187,0.83283,0.85225,6.02917,5.94127,0.30661,1.15023
2026-01-01 03:00:00,2.28113,0.0236,0.19553,0.09038,0.05767,0.01209,0.03331,0.03244,0.12509,0.19927,0.38427,1.52785,0.01301,0.19186,0.76986,0.00023,0.00401,0.00432,0,0.02324,0.00472,0.84921,0.69562,0.33041,0.33097,0.04943,2.50242,4.901,0.03316,0.08885,0.42633,1.97837,0.24475,0.24297,0,5.92721,0.09655,0.19186,4.901,0.24475,0.24297,0.76986,0.83013,0.84921,6.01807,5.92721,0.30534,1.15023
2026-01-01 04:00:00,2.28244,0.02348,0.1944,0.08989,0.05739,0.01205,0.03324,0.03229,0.12437,0.19907,0.38301,1.5233,0.01298,0.1916,0.76788,0.00023,0.004,0.00431,0,0.02312,0.00471,0.84625,0.69547,0.3296,0.33034,0.04906,2.50067,4.90133,0.03297,0.09062,0.42416,1.9728,0.24458,0.24245,0,5.91363,0.09622,0.1916,4.90133,0.24458,0.24245,0.76788,0.8275,0.84625,6.00732,5.91363,0.30317,1.15023
2026-01-01 05:00:00,2.28376,0.02337,0.19332,0.08916,0.05711,0.01203,0.03316,0.03215,0.12363,0.1988,0.38188,1.51872,0.01295,0.19136,0.76592,0.00023,0.004,0.0043,0,0.02301,0.00469,0.84337,0.69626,0.32879,0.32972,0.0487,2.49892,4.90167,0.03278,0.09238,0.42164,1.96687,0.24441,0.24195,0,5.90051,0.0959,0.19136,4.90167,0.24441,0.24195,0.76592,0.82494,0.84337,5.99691,5.90051,0.30065,1.15023
2026-01-01 06:00:00,2.28507,0.02325,0.19232,0.08858,0.05684,0.01202,0.03307,0.03202,0.12279,0.1985,0.38103,1.51412,0.01292,0.19113,0.76399,0.00023,0.00399,0.00429,0,0.02289,0.00468,0.84056,0.69769,0.32798,0.32909,0.04835,2.49717,4.90201,0.03259,0.09412,0.41965,1.96149,0.24423,0.24146,0,5.88783,0.09557,0.19113,4.90201,0.24423,0.24146,0.76399,0.82242,0.84056,5.98683,5.88783,0.29867,1.15023
2026-01-01 07:00:00,2.28807,0.02312,0.19135,0.08813,0.05657,0.01201,0.03297,0.03189,0.12189,0.1982,0.38029,1.51522,0.01289,0.19091,0.76208,0.00023,0.00398,0.00429,0,0.02278,0.00466,0.83782,0.69957,0.32759,0.3288,0.04801,2.499,4.90237,0.03241,0.09409,0.41821,1.95567,0.24406,0.24101,0,5.87558,0.09527,0.19091,4.90237,0.24406,0.24101,0.76208,0.81995,0.83782,5.97706,5.87558,0.29723,1.15023
2026-01-01 08:00:00,2.29108,0.02299,0.19036,0.08779,0.05628,0.012,0.03287,0.03175,0.12108,0.19773,0.37946,1.5164,0.01286,0.1907,0.7602,0.00023,0.00398,0.00428,0,0.02267,0.00465,0.83514,0.70175,0.3272,0.32851,0.04768,2.50082,4.90274,0.03223,0.09405,0.41741,1.95049,0.24388,0.24056,0,5.86374,0.09497,0.1907,4.90274,0.24388,0.24056,0.7602,0.81754,0.83514,5.9676,5.86374,0.29643,1.15023
2026-01-01 09:00:00,2.29408,0.02286,0.18931,0.08756,0.056,0.01199,0.03279,0.03161,0.12042,0.19726,0.37868,1.51777,0.01283,0.1905,0.75834,0.00023,0.00397,0.00427,0,0.02256,0.00463,0.83253,0.70408,0.32681,0.32822,0.04736,2.50265,4.9031,0.03205,0.09398,0.41636,1.94507,0.2437,0.24016,0,5.8523,0.09467,0.1905,4.9031,0.2437,0.24016,0.75834,0.81518,0.83253,5.95844,5.8523,0.29539,1.15023
2026-01-01 10:00:00,2.29708,0.02274,0.18822,0.08727,0.05572,0.01195,0.03271,0.03148,0.11983,0.19669,0.37784,1.51934,0.01282,0.19031,0.7565,0.00022,0.00396,0.00427,0,0.02245,0.00461,0.82998,0.70598,0.32642,0.32792,0.04704,2.50448,4.90347,0.03186,0.09392,0.41477,1.93908,0.24353,0.23975,0,5.84124,0.09437,0.19031,4.90347,0.24353,0.23975,0.7565,0.81286,0.82998,5.94956,5.84124,0.2938,1.15023
2026-01-01 11:00:00,2.30009,0.02263,0.18719,0.08688,0.05545,0.01193,0.03264,0.03136,0.11919,0.19619,0.37701,1.52094,0.01281,0.19013,0.75468,0.00022,0.00396,0.00426,0,0.02234,0.0046,0.82748,0.70713,0.32603,0.32763,0.04673,2.5063,4.90386,0.03168,0.09389,0.41299,1.93292,0.24336,0.23935,0,5.83055,0.09407,0.19013,4.90386,0.24336,0.23935,0.75468,0.81058,0.82748,5.94097,5.83055,0.29202,1.15023
2026-01-01 12:00:00,2.30309,0.02252,0.18623,0.08656,0.05519,0.01192,0.03255,0.03125,0.11848,0.19575,0.37621,1.52255,0.01279,0.18997,0.75289,0.00022,0.00395,0.00425,0,0.02223,0.00458,0.82502,0.70777,0.32564,0.32734,0.04643,2.50813,4.90426,0.0315,0.09382,0.41157,1.92713,0.24321,0.23899,0,5.82022,0.09377,0.18997,4.90426,0.24321,0.23899,0.75289,0.80834,0.82502,5.93264,5.82022,0.29061,1.1513
