GMT,FRAC1,LTDC1,HIDC1,BHNC1,MPAC1,OWCC1,BNCC1,BCKC1,MEEC1,HPIC1,POHC1,EXQC1,DSNC1,STVC1,NWMC1,LGCC1,WARC1,LGAC1,PNEC1,LBDC1,OREC1,PATC1,HETC1,LNRC1,CHVC1F,DCMC1,NDPC1,MDSC1,NDVC1,NSWC1,AVYC1,NMSC1,OBBC1,RIPC1,PTTC1,VNSC1,KNFC1L,STVC1,MDSC1,OBBC1,RIPC1,NWMC1,CRDC1,PATC1,MZRC1,VNSC1,AVYC1L,NDPC1L
,QINE,QINE,QINE,QINE,QINE,QINE,QINE,QINE,QINE,QINE,QINE,QINE,QINE,QINE,QINE,QINE,QINE,QINE,QINE,QINE,QINE,QINE,QINE,QINE,QINE,QINE,QINE,QINE,QINE,QINE,QINE,QINE,QINE,QINE,QINE,QINE,QINE,QINE,QINE,QINE,QINE,QINE,QINE,QINE,QINE,QINE,SQIN,SQIN
2025-12-24 12:00:00,1.88345,0.0011,0.04797,0,0.002,0.001,0.002,0.004,0.02,0.12741,0.26433,0.88059,0.01436,0.12801,0.66445,0.00001,0,0.00001,0,0.06454,0.00001,0.69508,1.21505,0.53372,1.59447,0.001,5.74298,4.68898,0.09791,0.73147,0.30003,2.22371,0.22503,0.18951,0,5.85948,0.05439,0.12801,4.68898,0.22503,0.18951,0.66445,0.68432,0.69508,5.72241,5.85948,0.90506,0.88704
2025-12-24 13:00:00,2.07004,0.00116,0.05665,0,0.00246,0.001,0.002,0.004,0.02116,0.14797,0.27597,1.20063,0.01436,0.12801,0.66445,0.00001,0,0.00001,0,0.02931,0.00001,0.69508,1.49419,0.63757,1.86063,0.001,5.90113,4.68299,0.10079,0.90192,0.32504,2.74264,0.22503,0.18711,0,5.85948,0.06272,0.12801,4.68299,0.22503,0.18711,0.66445,0.68737,0.69508,5.70345,5.85948,1.03889,1.35286
2025-12-24 14:00:00,2.69348,0.00125,0.06101,0,0.003,0.001,0.002,0.004,0.02116,0.15892,0.30926,1.1097,0.014,0.12801,0.66748,0.00001,0,0.00001,0,0.02051,0.00001,0.69808,1.77313,0.8155,2.36226,0.002,6.05929,4.66505,0.14634,1.05863,0.38704,3.25437,0.22803,0.18592,0,5.85948,0.07106,0.12801,4.66505,0.22803,0.18592,0.66748,0.68737,0.69808,5.68528,5.85948,1.14997,2.274
2025-12-24 15:00:00,3.43662,0.00134,0.06975,0,0.00296,0.001,0.002,0.004,0.02116,0.17198,0.35109,1.0645,0.014,0.12801,0.67356,0.00001,0,0.00001,0,0.0352,0.00001,0.71508,2.18322,1.09309,2.69663,0.01483,6.21744,4.71804,0.23687,1.14918,0.66207,3.82427,0.23203,0.21186,0,5.85948,0.07939,0.12801,4.71804,0.23203,0.21186,0.67356,0.69963,0.71508,5.66796,5.85948,1.32943,2.58105
2025-12-24 16:00:00,4.11257,0.00146,0.0741,0,0.00296,0.001,0.002,0.005,0.02116,0.18399,0.40985,0.79147,0.014,0.12901,0.6766,0,0,0.00001,0,0.0264,0.00001,0.71108,2.55532,1.40203,2.8646,0.015,6.69905,4.76119,0.38398,1.22599,1.41816,4.54289,0.23203,0.21838,0,5.84859,0.08772,0.12901,4.76119,0.23203,0.21838,0.6766,0.7027,0.71108,5.65127,5.84859,1.69976,2.73457
2025-12-24 17:00:00,5.03749,0.00173,0.06101,0,0.003,0.001,0.002,0.005,0.02116,0.19988,0.5046,1.11262,0.01436,0.13101,0.6766,0,0,0.00001,0,0,0.00001,0.72508,2.77877,1.60152,2.91477,0.009,7.18066,4.74912,0.4451,1.25907,1.93922,5.33854,0.23903,0.21058,0,5.82682,0.09606,0.13101,4.74912,0.23903,0.21058,0.6766,0.70579,0.72508,5.63538,5.82682,2.1584,2.82668
2025-12-24 18:00:00,5.83796,0.00235,0.04799,0,0.003,0.001,0.002,0.005,0.02116,0.21295,0.60933,1.24996,0.01436,0.13301,0.67965,0.00001,0,0.00001,0,0.00291,0.00001,0.72508,3.01978,1.80979,3.09863,0.00751,7.66227,4.71298,0.39785,1.21277,2.45527,6.07144,0.24203,0.20677,0,5.81594,0.10439,0.13301,4.71298,0.24203,0.20677,0.67965,0.70888,0.72508,5.62188,5.81594,2.51449,2.88809
2025-12-24 19:00:00,6.01562,0.00352,0.03948,0,0.003,0.001,0.002,0.005,0.02116,0.22707,0.70503,0.79326,0.01436,0.13401,0.6827,0.00001,0,0.00001,0,0.0088,0.00001,0.73508,3.09435,1.90194,3.25074,0.006,8.14388,4.68898,0.30543,1.08243,3.17635,6.64999,0.24903,0.20677,0,5.79422,0.20719,0.13401,4.68898,0.24903,0.20677,0.6827,0.71197,0.73508,5.6112,5.79422,2.73805,2.93196
2025-12-24 20:00:00,6.00576,0.00512,0.03967,0,0.003,0.001,0.002,0.005,0.02116,0.29634,0.7977,1.0678,0.01436,0.13401,0.68576,0.00001,0,0.00001,0,0.01466,0.00001,0.73808,3.15218,1.9151,2.98428,0.009,8.62549,4.66507,0.24572,0.95095,3.68241,7.12661,0.26003,0.21186,0,5.77253,0.30998,0.13401,4.66507,0.26003,0.21186,0.68576,0.71197,0.73808,5.60135,5.77253,2.80193,2.96486
2025-12-24 21:00:00,6.2512,0.00681,0.03981,0,-0.009,0.002,0.002,0.005,0.02116,0.30262,0.81286,1.20477,0.01436,0.13602,0.68576,0.00001,0,0,0,0.00877,0.00001,0.73508,3.0211,1.86378,2.71785,0.01,9.1071,4.62905,0.21705,0.91725,3.14935,7.58554,0.26703,0.21838,0,5.7617,0.41278,0.13602,4.62905,0.26703,0.21838,0.68576,0.71508,0.73508,5.59077,5.7617,2.82447,2.99044
2025-12-24 22:00:00,6.37601,0.00845,0.03127,0,0.015,0.002,0.003,0.005,0.02505,0.31216,0.79268,1.15883,0.01473,0.13702,0.68882,0.00001,0,0.00001,0,0.00877,0.00001,0.73808,2.88809,1.74469,2.42383,0.002,9.1071,4.55206,0.20826,0.89818,2.45527,7.92676,0.27803,0.21572,0,5.72926,0.51557,0.13702,4.55206,0.27803,0.21572,0.68882,0.71508,0.73808,5.57942,5.72926,2.69279,3.01091
2025-12-24 23:00:00,6.06372,0.01022,0.0184,0,-0.009,0.003,0.003,0.005,0.02368,0.29634,0.73367,1.18141,0.01473,0.13902,0.69188,0.00001,0,0.00001,0,0.02051,0.00001,0.74208,2.75758,1.64482,2.14429,0.001,9.1071,4.48192,0.23487,0.84821,2.02023,8.19019,0.45305,0.21443,0,5.71847,0.61837,0.13902,4.48192,0.45305,0.21443,0.69188,0.71197,0.74208,5.56743,5.71847,2.46691,3.02766
2025-12-25 00:00:00,5.75237,0.01247,0.03152,0,0.003,0.003,0.003,0.005,0.02368,0.28401,0.72406,1.27257,0.01511,0.13902,0.69188,0.00001,0,0.00001,0,0.0088,0.00001,0.73808,2.44285,1.47363,1.90474,0.001,9.1071,4.40056,0.23966,0.80165,1.8322,8.50836,0.47605,0.21443,0,5.71847,0.72116,0.13902,4.40056,0.47605,0.21443,0.69188,0.71197,0.73808,5.5541,5.71847,2.30104,3.04162
2025-12-25 01:00:00,5.93931,0.0156,0.04891,0,0.003,0.004,0.003,0.005,0.02239,0.27796,0.70976,1.66073,0.01511,0.13902,0.69188,0.00001,0,0.00001,0,-0.00586,0.00001,0.73808,2.31253,1.42772,1.5727,0.001,9.1071,4.3315,0.23226,0.85972,1.85121,8.98817,0.66707,0.21838,0,5.70768,0.68723,0.13902,4.3315,0.66707,0.21838,0.69188,0.71197,0.73808,5.5382,5.70768,2.16182,3.05343
2025-12-25 02:00:00,6.06412,0.01939,0.03581,0,0.028,0.004,0.003,0.005,0.02239,0.26314,0.68626,1.7979,0.01511,0.13902,0.69496,0.00001,0,0.00001,0,-0.01171,0.00001,0.74208,2.2006,1.4366,1.5003,0.001,9.1071,4.26305,0.22049,0.82555,1.95922,9.49437,0.8791,0.22112,0,5.70768,0.6533,0.13902,4.26305,0.8791,0.22112,0.69496,0.70888,0.74208,5.51918,5.70768,2.08614,3.06355
2025-12-25 03:00:00,5.87658,0.02319,0.03146,0,0.016,0.005,0.003,0.005,0.02239,0.2516,0.68626,1.98094,0.01473,0.13902,0.69496,0.00001,0,0.00001,0,-0.00291,0.00001,0.74508,2.16305,1.32837,1.40842,0.001,9.1071,4.20086,0.2015,0.72279,1.97922,9.94367,0.96411,0.22527,0,5.70768,0.57598,0.13902,4.20086,0.96411,0.22527,0.69496,0.71197,0.74508,5.49713,5.70768,1.98835,3.07232
2025-12-25 04:00:00,6.06318,0.02687,0.05324,0,0.004,0.005,0.003,0.005,0.02239,0.24876,0.66774,2.20931,0.01473,0.13902,0.70111,0.00001,0,0,0,0.00588,0.00001,0.74208,1.94119,1.21101,1.42028,0.001,9.1071,4.13917,0.18942,0.72711,1.8322,10.31295,1.21013,0.22806,0,5.71847,0.46121,0.13902,4.13917,1.21013,0.22806,0.70111,0.71197,0.74208,5.47236,5.71847,1.85392,3.08
2025-12-25 05:00:00,6.36104,0.03109,0.06627,0,0.004,0.005,0.003,0.005,0.02239,0.24594,0.66315,2.45991,0.01473,0.13902,0.69803,0.00001,0,0,0.01488,-0.00877,0.00001,0.74508,1.96001,1.16561,1.43297,0.001,9.1071,4.07799,0.18269,0.70065,1.8322,10.63054,1.45016,0.23086,0,5.71847,0.34608,0.13902,4.07799,1.45016,0.23086,0.69803,0.71197,0.74508,5.44528,5.71847,1.71117,3.08677
2025-12-25 06:00:00,6.51363,0.03705,0.04017,0,0.004,0.006,0.003,0.005,0.02239,0.24314,0.64495,2.70154,0.01473,0.13902,0.70412,0.00925,0,0.00001,0.01197,-0.01463,0.00001,0.74808,1.8847,1.2012,1.35689,0.001,9.1071,4.01734,0.16812,0.60589,1.73819,10.94529,1.41816,0.23511,0,5.69689,0.30194,0.13902,4.01734,1.41816,0.23511,0.70412,0.71508,0.74808,5.41617,5.69689,1.59675,3.09279
2025-12-25 07:00:00,6.45773,0.04602,0.03584,0,0.016,0.006,0.003,0.005,0.02239,0.2516,0.64495,2.81874,0.01473,0.13902,0.70412,0.00999,0,0.00001,0.00937,0.00297,0.00001,0.74508,1.7545,1.16901,1.50574,0.001,9.1071,3.94631,0.15625,0.48465,1.41016,10.22932,1.20013,0.23797,0,5.68612,0.2578,0.13902,3.94631,1.20013,0.23797,0.70412,0.71197,0.74508,5.38525,5.68612,1.51769,3.09818
2025-12-25 08:00:00,6.40952,0.05735,0.07072,0,0.004,0.007,0.003,0.005,0.02239,0.24035,0.62257,2.78598,0.01473,0.13902,0.70412,0.0082,0,0.00001,0.00999,0.01468,0.00001,0.74508,1.90124,1.04183,1.42838,0.001,9.1071,3.87062,0.14179,0.43847,1.37015,9.57823,0.95411,0.24084,0,5.67536,0.18434,0.13902,3.87062,0.95411,0.24084,0.70412,0.71508,0.74508,5.35265,5.67536,1.47357,3.10303
2025-12-25 09:00:00,6.43866,0.06894,0.08384,0,0.004,0.009,0.003,0.005,0.02239,0.22939,0.60933,2.69607,0.01511,0.13902,0.71016,0.0062,0,0.00001,0.00819,0.01907,0.00001,0.74808,1.78206,0.96421,1.32082,0.00106,9.1071,3.80107,0.13328,0.42935,1.30815,8.92776,0.79809,0.24374,0,5.65387,0.1734,0.13902,3.80107,0.79809,0.24374,0.71016,0.71508,0.74808,5.31834,5.65387,1.4174,3.10741
2025-12-25 10:00:00,6.14875,0.07942,0.0882,0.01063,0.004,0.009,0.003,0.005,0.02239,0.2187,0.60059,2.88044,0.01604,0.13902,0.71318,0.00562,0,0.00001,0.00607,0.01321,0.00001,0.74508,1.96622,0.91829,1.18652,0.001,9.07483,3.72698,0.12167,0.52092,1.24114,8.25248,0.68875,0.24339,0,5.63885,0.16245,0.13902,3.72698,0.68875,0.24339,0.71318,0.71667,0.74508,5.28209,5.63885,1.32892,3.1114
2025-12-25 11:00:00,6.20757,0.08775,0.1274,0.03038,0.016,0.008,0.003,0.005,0.02239,0.21347,0.5944,2.93979,0.01511,0.13901,0.71016,0.00444,0,0.00001,0.00681,0.02348,0.00001,0.74208,1.74441,0.92735,1.06991,0.00103,9.04256,3.65344,0.11393,0.59035,1.20689,7.58118,0.60588,0.24666,0,5.62129,0.14691,0.13901,3.65344,0.60588,0.24666,0.71016,0.71819,0.74208,5.24381,5.62129,1.22899,3.11504
2025-12-25 12:00:00,6.82368,0.09321,0.16663,0.04011,0.004,0.008,0.003,0.005,0.02239,0.20571,0.58477,2.73011,0.01511,0.13902,0.71621,0.00327,0,0.00001,0.00763,0.044,0.00001,0.74208,1.80114,0.88256,0.93539,0.001,9.01029,3.57235,0.10609,0.76022,1.18413,6.955,0.54706,0.24959,0,5.60027,0.13172,0.13902,3.57235,0.54706,0.24959,0.71621,0.7213,0.74208,5.20367,5.60027,1.14995,3.43047
2025-12-25 13:00:00,7.17319,0.0953,0.1819,0.04659,0.004,0.008,0.003,0.005,0.02239,0.20005,0.57472,2.88316,0.01549,0.14102,0.72533,0.00411,0,0.00001,0.00999,0.03223,0.00001,0.74208,1.80317,0.81535,0.75213,0.00937,8.97802,3.48928,0.10253,0.83484,1.07012,6.54639,0.50706,0.25553,0,5.58958,0.11477,0.14102,3.48928,0.50706,0.25553,0.72533,0.72442,0.74208,5.16172,5.58958,1.09609,3.81255
2025-12-25 14:00:00,6.89187,0.09463,0.19064,0.06576,0.004,0.00846,0.003,0.006,0.02505,0.20005,0.56624,3.03686,0.01589,0.14202,0.73143,0.00411,0,0.00001,0.00819,0.02346,0.00001,0.74508,1.55238,0.85437,0.78594,0.02,8.94575,3.43877,0.09505,0.80312,1.05412,6.17575,0.47605,0.26003,0,5.5469,0.11795,0.14202,3.43877,0.47605,0.26003,0.73143,0.73696,0.74508,5.11787,5.5469,1.0697,3.9593
2025-12-25 15:00:00,6.40193,0.09253,0.19317,0.07884,0.017,0.009,0.003,0.007,0.02505,0.20571,0.54945,2.93548,0.01629,0.14302,0.73448,0.00562,0,0.00001,0.00657,0.01907,0,0.74808,1.60731,0.89899,0.98543,0.032,8.91348,3.39368,0.08913,0.79303,1.05412,5.8048,0.45705,0.27034,0,5.53625,0.12148,0.14302,3.39368,0.45705,0.27034,0.73448,0.74326,0.74808,5.07203,5.53625,1.03958,4.10606
2025-12-25 16:00:00,5.91331,0.08997,0.18573,0.09093,0.22302,0.009,0.003,0.007,0.02802,0.2187,0.54945,2.98748,0.01629,0.14202,0.73755,0.00925,0,0.00001,0.00559,0.01024,0.00001,0.75508,1.53462,0.93007,1.18708,0.01506,8.78049,3.32912,0.0761,0.65642,1.05912,5.43104,0.43405,0.287,0,5.47253,0.20165,0.14202,3.32912,0.43405,0.287,0.73755,0.74642,0.75508,5.02471,5.47253,1.00255,4.25281
2025-12-25 17:00:00,5.14383,0.08784,0.17996,0.10301,0.15002,0.009,0.003,0.008,0.02802,0.22939,0.55362,2.88533,0.01629,0.14302,0.74061,0.02091,0,0.00949,0.00468,0.00583,0.00001,0.75508,1.68373,0.87885,1.38817,0.003,8.6475,3.26527,0.06625,0.55427,1.04412,5.0623,0.42605,0.3204,0,5.44079,0.24226,0.14302,3.26527,0.42605,0.3204,0.74061,0.75277,0.75508,4.97701,5.44079,0.96554,4.39957
2025-12-25 18:00:00,4.02339,0.08697,0.19238,0.1151,0.05401,0.009,0.003,0.008,0.02649,0.23484,0.54945,3.03901,0.01589,0.14402,0.74368,0.03759,0,0.00942,0.00512,-0.00592,0,0.75508,1.62862,0.8726,1.53776,0.004,8.51452,3.19246,0.06536,0.47611,1.01811,4.70463,0.44505,0.36026,0,5.40912,0.21507,0.14402,3.19246,0.44505,0.36026,0.74368,0.75277,0.75508,4.92909,5.40912,0.93547,4.54632
2025-12-25 19:00:00,3.25424,0.08808,0.19753,0.13418,0.07301,0.009,0.003,0.008,0.02649,0.2239,0.55781,2.98847,0.01589,0.14502,0.74368,0.2767,0,0.00797,0.00468,0.00291,0.00001,0.76208,1.75754,0.92171,1.4729,0.004,8.52072,3.12534,0.06797,0.41578,0.96711,4.70487,0.44905,0.41314,0,5.36702,0.15574,0.14502,3.12534,0.44905,0.41314,0.74368,0.75913,0.76208,4.88054,5.36702,0.91528,4.69308
2025-12-25 20:00:00,2.97547,0.09086,0.19176,0.1281,0.04801,0.009,0.004,0.008,0.02649,0.22134,0.57899,2.73264,0.01589,0.14702,0.74368,0.50888,0,0.00641,0.00426,0.00583,0.00001,0.76208,1.66668,0.91371,1.27296,0.003,8.5269,3.05902,0.0698,0.44409,0.8801,4.7105,0.49105,0.46794,0,5.30413,0.14267,0.14702,3.05902,0.49105,0.46794,0.74368,0.76232,0.76208,4.83114,5.30413,0.90385,4.83983
2025-12-25 21:00:00,2.76595,0.09427,0.2108,0.1281,0.05501,0.009,0.004,0.009,0.02649,0.21607,0.58328,2.88497,0.01629,0.14702,0.74983,0.2823,0,0.00573,0.00386,-0.00006,0.00001,0.76509,1.61314,0.92207,0.98982,0.002,8.5331,3.00748,0.07296,0.4121,0.83809,4.71081,0.56306,0.51523,0,5.25197,0.12996,0.14702,3.00748,0.56306,0.51523,0.74983,0.76553,0.76509,4.78082,5.25197,0.88921,4.98659
2025-12-25 22:00:00,2.76562,0.09792,0.23508,0.12202,0.08101,0.009,0.004,0.011,0.02649,0.2083,0.57047,3.14119,0.01629,0.14701,0.74676,0.23567,0,0.26639,0.00345,0.00874,0.00001,0.76909,1.6686,0.87578,0.62916,0.003,8.5393,2.95691,0.07228,0.36778,0.82409,4.7,0.62107,0.554,0,5.23116,0.11689,0.14701,2.95691,0.62107,0.554,0.74676,0.76553,0.76909,4.72971,5.23116,0.86534,5.13334
2025-12-25 23:00:00,2.97508,0.10317,0.23031,0.10985,0.06501,0.009,0.004,0.027,0.02649,0.2083,0.57472,3.39782,0.0167,0.14702,0.75292,0.19796,0,0.19936,0.00312,-0.003,0.00001,0.77209,1.4644,0.85739,0.507,0.00302,8.54548,2.91125,0.07287,0.39607,0.80209,4.68319,0.61607,0.58195,0,5.15861,0.11053,0.14702,2.91125,0.61607,0.58195,0.75292,0.76873,0.77209,4.67823,5.15861,0.838,5.2801
2025-12-26 00:00:00,3.5355,0.11132,0.23043,0.12293,0.08301,0.009,0.005,0.036,0.02649,0.2083,0.55781,3.80813,0.01713,0.14702,0.75601,0.15654,0,0.17636,0.01646,-0.0206,0.00001,0.77609,1.38993,0.83861,0.65363,0.003,8.55168,2.87487,0.07459,0.37143,0.82409,4.66916,0.59207,0.59915,0,5.10706,0.10418,0.14702,2.87487,0.59207,0.59915,0.75601,0.76873,0.77609,4.62681,5.10706,0.81644,5.42685
2025-12-26 01:00:00,4.58452,0.12156,0.23993,0.12901,0.07501,0.01,0.006,0.039,0.02649,0.2083,0.54945,4.06422,0.01713,0.14802,0.75601,0.11165,0,0.19986,0.10059,-0.01183,0.00001,0.77609,1.24129,0.76323,0.94722,0.003,8.5529,2.83862,0.07288,0.35604,0.8661,4.68635,0.55906,0.61292,0,5.05571,0.09782,0.14802,2.83862,0.55906,0.61292,0.75601,0.76873,0.77609,4.57569,5.05571,0.80005,5.57361
2025-12-26 02:00:00,5.70319,0.13233,0.23988,0.14818,0.06501,0.012,0.007,0.04,0.02505,0.20571,0.53703,4.26832,0.01837,0.14902,0.7591,0.08124,0,0.182,0.07458,0.01457,0.00001,0.77909,1.29649,0.71641,1.20732,0.003,8.55413,2.81151,0.07569,0.28218,0.83809,4.7038,0.51906,0.61292,0,5.0046,0.09111,0.14902,2.81151,0.51906,0.61292,0.7591,0.76873,0.77909,4.52518,5.0046,0.78961,5.72036
2025-12-26 03:00:00,6.61244,0.1416,0.23991,0.16735,0.07901,0.013,0.008,0.04,0.02505,0.20287,0.52882,4.5254,0.13101,0.14902,0.76531,0.07632,0,0.16927,0.05103,0.0234,0.00001,0.77609,1.25778,0.69837,1.36436,0.004,8.59952,2.79349,0.07392,0.26861,0.81109,4.71129,0.48805,0.60831,0,4.9537,0.08476,0.14902,2.79349,0.48805,0.60831,0.76531,0.77194,0.77609,4.47553,4.9537,0.77493,5.61925
2025-12-26 04:00:00,7.5217,0.14831,0.2447,0.18044,0.07901,0.014,0.015,0.09701,0.02649,0.20005,0.52882,4.52511,0.14369,0.14902,0.76531,0.05819,0,0.13902,0.03902,0.00583,0.00001,0.77909,1.12533,0.71694,1.35947,0.17202,8.6449,2.76203,0.0753,0.32767,0.80609,4.70071,0.46005,0.59915,0,4.90302,0.0784,0.14902,2.76203,0.46005,0.59915,0.76531,0.77515,0.77909,4.42692,4.90302,0.74883,5.51814
2025-12-26 05:00:00,8.22103,0.15165,0.25424,0.19352,0.70808,0.015,0.09901,0.20102,0.02649,0.19725,0.52069,4.37099,0.13409,0.15002,0.77464,0.05003,0,0.10927,0.0308,0.01466,0.00001,0.78309,1.1985,0.72636,1.11611,0.35704,8.69029,2.74409,0.07631,0.31046,0.78909,4.67857,0.43805,0.58804,0.00032,4.87271,0.07169,0.15002,2.74409,0.43805,0.58804,0.77464,0.7816,0.78309,4.37974,4.87271,0.71798,5.41703
2025-12-26 06:00:00,8.06605,0.15106,0.26371,0.18744,0.60607,0.017,0.09701,0.21502,0.02649,0.19725,0.52069,3.85883,0.1212,0.15002,0.77776,0.04249,0,0.08889,0.02453,0.03228,0.00001,0.78309,1.30973,0.74479,0.88767,0.52806,8.73568,2.72172,0.07703,0.332,0.78409,4.65734,0.42205,0.57389,0.00056,4.84249,0.07275,0.15002,2.72172,0.42205,0.57389,0.77776,0.78807,0.78309,4.33388,4.84249,0.69381,5.31592
2025-12-26 07:00:00,7.29289,0.14693,0.28284,0.19352,0.52806,0.017,0.08401,0.21502,0.02505,0.19725,0.52069,3.66385,0.10965,0.15102,0.78088,0.03492,0,0.07844,0.01897,0.02057,0.00001,0.78609,1.32876,0.76363,0.60871,0.63707,8.57971,2.71725,0.07914,0.41508,0.76709,4.69786,0.41105,0.55795,0.00075,4.81235,0.07416,0.15102,2.71725,0.41105,0.55795,0.78088,0.79131,0.78609,4.28924,4.81235,0.67821,5.2148
2025-12-26 08:00:00,6.79249,0.14087,0.302,0.21278,0.54506,0.015,0.07801,0.23203,0.02505,0.19448,0.52069,3.60342,0.10053,0.15102,0.78088,0.02989,0,0.06932,0.01488,-0.00094,0.00001,0.78609,1.27307,0.76426,0.68318,0.72008,8.42374,2.76203,0.07867,0.54495,0.75408,4.73165,0.39804,0.54383,0.00086,4.76228,0.08052,0.15102,2.76203,0.39804,0.54383,0.78088,0.79456,0.78609,4.24596,4.76228,0.67246,5.11369
2025-12-26 09:00:00,6.5006,0.1345,0.32113,0.27837,0.52306,0.014,0.07401,0.24603,0.02649,0.19725,0.5086,3.29643,0.09067,0.15002,0.78401,0.02579,0,0.05704,0.01266,-0.00583,0.00001,0.79009,1.27447,0.82953,0.81184,0.77809,8.26778,2.79349,0.0801,0.54374,0.79309,4.74892,0.38604,0.52943,0.00125,4.7523,0.08687,0.15002,2.79349,0.38604,0.52943,0.78401,0.79782,0.79009,4.20432,4.7523,0.668,5.01258
2025-12-26 10:00:00,5.95974,0.12835,0.35456,0.36313,0.47105,0.013,0.06601,0.23803,0.02505,0.20005,0.5086,2.6828,0.08303,0.14902,0.78714,0.02197,0,0.05003,0.00999,0.00686,0.00001,0.79309,1.3713,0.8764,1.22614,0.8841,8.11181,2.807,0.08292,0.50557,0.8801,4.75353,0.37804,0.51523,0.00195,4.71243,0.09464,0.14902,2.807,0.37804,0.51523,0.78714,0.80108,0.79309,4.16579,4.71243,0.66908,4.91147
2025-12-26 11:00:00,5.81696,0.12186,0.38322,0.41463,0.40905,0.012,0.06001,0.22503,0.02649,0.20571,0.51261,2.06971,0.07601,0.14902,0.79028,0.02091,0,0.04635,0.00819,0.00586,0.00001,0.79309,1.48645,0.90437,1.59198,0.8771,7.95584,2.80249,0.08109,0.5031,0.99211,4.74329,0.37004,0.50722,0.00259,4.71243,0.10277,0.14902,2.80249,0.37004,0.50722,0.79028,0.80435,0.79309,4.13141,4.71243,0.67404,4.81035
2025-12-26 12:00:00,6.28674,0.11379,0.37848,0.46005,0.34904,0.014,0.06601,0.21002,0.02649,0.21088,0.52069,3.34462,0.07346,0.14902,0.79028,0.02038,0,0.04268,0.00709,0.0088,0,0.79309,1.58141,0.95109,1.70786,0.9221,7.79987,2.79349,0.08662,0.46558,1.10212,4.71287,0.36604,0.50125,0.00259,4.68264,0.11053,0.14902,2.79349,0.36604,0.50125,0.79028,0.80762,0.79309,4.10043,4.68264,0.67735,4.49573
2025-12-26 13:00:00,6.61276,0.10253,0.36412,0.48722,0.30703,0.025,0.05001,0.18902,0.02649,0.2187,0.53292,4.2789,0.06978,0.14902,0.79342,0.01934,0,0.039,0.00585,0.00291,0.00001,0.79309,1.5835,1.01656,1.65678,1.00285,7.72972,2.76651,0.08766,0.42187,1.05912,4.72268,0.37804,0.49729,0.00283,4.65292,0.09712,0.14902,2.76651,0.37804,0.49729,0.79342,0.80762,0.79309,4.0718,4.65292,0.67961,4.25497
2025-12-26 14:00:00,6.55826,0.09278,0.36889,0.49422,0.26003,0.03,0.035,0.17002,0.02802,0.2321,0.54945,5.21944,0.06627,0.14902,0.79656,0.01735,0,0.03533,0.00468,-0.00786,0.00001,0.80009,1.47289,0.9886,1.20566,1.06012,7.65958,2.73962,0.09214,0.38061,0.96211,4.73014,0.50706,0.49532,0.00283,4.62327,0.09111,0.14902,2.73962,0.50706,0.49532,0.79656,0.8109,0.80009,4.04465,4.62327,0.67918,4.25373
2025-12-26 15:00:00,6.28653,0.08361,0.36409,0.46197,0.22503,0.029,0.04601,0.15302,0.08079,0.23759,0.54945,5.08709,0.06498,0.14902,0.79971,0.0164,0,0.0323,0.00426,-0.00883,0.00001,0.80009,1.52779,0.83019,0.93797,1.07312,7.58943,2.72618,0.09284,0.36275,0.9091,4.73614,0.73108,0.49532,0.00308,4.58388,0.095,0.14902,2.72618,0.73108,0.49532,0.79971,0.81418,0.80009,4.01831,4.58388,0.67707,4.25238
2025-12-26 16:00:00,5.95974,0.07512,0.34982,0.42263,0.18402,0.028,0.043,0.14202,0.16597,0.23484,0.53703,4.95892,0.06513,0.14902,0.79971,0.01593,0,0.02941,0.00386,-0.00686,0.00001,0.80009,1.59945,0.74615,0.82175,1.13013,7.51928,2.68159,0.09727,0.33138,0.82909,4.73668,0.79809,0.49532,0.00308,4.55443,0.10206,0.14902,2.68159,0.79809,0.49532,0.79971,0.81418,0.80009,3.99218,4.55443,0.66877,4.25088
2025-12-26 17:00:00,5.25205,0.06821,0.35941,0.41046,0.17702,0.027,0.04,0.13101,0.21102,0.22669,0.55362,4.83496,0.06832,0.14902,0.80443,0.01547,0,0.0268,0.00348,-0.00294,0.00001,0.80009,1.46644,0.69017,0.75461,1.18913,7.44914,2.67714,0.09826,0.31478,0.78009,4.73427,0.76274,0.49257,0.00308,4.51518,0.09817,0.14902,2.67714,0.76274,0.49257,0.80443,0.81747,0.80009,3.96649,4.51518,0.65709,4.24923
2025-12-26 18:00:00,4.38081,0.06375,0.38808,0.39229,0.14402,0.025,0.038,0.12501,0.25107,0.2321,0.54115,4.70696,0.07473,0.14893,0.80919,0.01502,0,0.02427,0.00309,-0.00294,0.00001,0.80409,1.33626,0.56891,0.78842,1.24114,7.37899,2.66381,0.1051,0.34927,0.74508,4.7343,0.68808,0.48942,0.00308,4.47628,0.09288,0.14893,2.66381,0.68808,0.48942,0.80919,0.82077,0.80409,3.94084,4.47628,0.64823,4.2474
2025-12-26 19:00:00,3.83593,0.06247,0.40247,0.37321,0.14602,0.024,0.024,0.12201,0.2779,0.2321,0.55362,4.46709,0.08549,0.14902,0.80919,0.02197,0,0.0219,0.00277,-0.00291,0.00001,0.80709,1.33487,0.45709,1.00724,1.26388,7.32165,2.62392,0.10718,0.33947,0.71508,4.75321,0.62107,0.48551,0.00308,4.45683,0.13517,0.14902,2.62392,0.62107,0.48551,0.80919,0.82077,0.80709,3.91535,4.45683,0.6406,4.24535
2025-12-26 20:00:00,3.4546,0.0638,0.39764,0.37321,0.14602,0.023,0.034,0.15002,0.30017,0.2321,0.55362,4.23137,0.08933,0.15002,0.81553,0.02145,0,0.02098,0.00245,-0.00877,0.00001,0.81109,1.3698,0.43798,1.22579,1.26124,7.26432,2.60625,0.11097,0.28041,0.68708,4.76809,0.56706,0.47968,0.00283,4.43741,0.13013,0.15002,2.60625,0.56706,0.47968,0.81553,0.82407,0.81109,3.89075,4.43741,0.63543,4.24305
2025-12-26 21:00:00,3.34556,0.06635,0.38805,0.36612,0.15602,0.022,0.032,0.23003,0.31501,0.23484,0.53703,3.99647,0.08674,0.15202,0.81871,0.02038,0,0.02045,0.00245,-0.00291,0.00001,0.80709,1.29567,0.47477,1.31152,1.23884,7.20698,2.60587,0.11542,0.24471,0.65807,4.77443,0.52706,0.47389,0.00259,4.40836,0.12509,0.15202,2.60587,0.52706,0.47389,0.81871,0.82407,0.80709,3.86634,4.40836,0.62779,4.24044
2025-12-26 22:00:00,3.56334,0.0692,0.38322,0.34704,0.18102,0.022,0.031,0.32104,0.32094,0.23484,0.53703,3.76008,0.08182,0.15302,0.82189,0.01934,0,0.01961,0.00312,0.0015,0.00001,0.80709,1.18561,0.4569,1.03316,1.27592,7.14964,2.60587,0.11843,0.25639,0.63907,4.76827,0.48805,0.46375,0.00283,4.38904,0.12005,0.15302,2.60587,0.48805,0.46375,0.82189,0.82738,0.80709,3.84182,4.38904,0.61386,4.23745
2025-12-26 23:00:00,4.16199,0.0716,0.38319,0.33504,0.24203,0.021,0.03,0.36104,0.32293,0.23622,0.53292,3.52838,0.08674,0.15102,0.82826,0.01687,0,0.01824,0.00999,-0.00141,0.00001,0.81109,1.16603,0.40311,0.89044,1.26514,7.09231,2.58861,0.11944,0.27605,0.63107,4.75281,0.46005,0.4575,0.00292,4.3794,0.11501,0.15102,2.58861,0.46005,0.4575,0.82826,0.83069,0.81109,3.8181,4.3794,0.59727,4.23401
2025-12-27 00:00:00,4.92444,0.07278,0.39752,0.32904,0.31804,0.02,0.028,0.36404,0.31504,0.23759,0.53292,3.286,0.09339,0.15102,0.83146,0.01457,0,0.01699,0.00877,-0.00877,0.00001,0.81109,1.09023,0.3769,0.78287,1.24114,7.03497,2.58861,0.12214,0.24033,0.60007,4.7343,0.44105,0.44719,0.00308,4.34089,0.10997,0.15102,2.58861,0.44105,0.44719,0.83146,0.83069,0.81109,3.79569,4.34089,0.58429,4.22999
2025-12-27 01:00:00,5.57836,0.0721,0.42616,0.33504,0.29203,0.019,0.03,0.34604,0.30232,0.24035,0.52475,3.13862,0.09478,0.15002,0.83786,0.01285,0,0.01627,0.00819,-0.00586,0.00001,0.81409,0.97756,0.36832,0.75991,1.21113,6.923,2.57101,0.12169,0.1812,0.60407,4.7703,0.42205,0.43701,0.00363,4.34089,0.106,0.15002,2.57101,0.42205,0.43701,0.83786,0.83401,0.81409,3.77422,4.34089,0.57488,4.22524
2025-12-27 02:00:00,6.23203,0.0699,0.45485,0.34204,0.28303,0.019,0.03,0.31303,0.29245,0.24035,0.52882,2.9958,0.09067,0.15002,0.84106,0.01161,0,0.01583,0.00709,0.00883,0.00001,0.81409,0.99669,0.36519,0.8513,1.21414,6.81104,2.56223,0.12206,0.18058,0.59307,4.79608,0.40204,0.42897,0.0039,4.33128,0.10202,0.15002,2.56223,0.40204,0.42897,0.84106,0.83734,0.81409,3.75357,4.33128,0.56979,4.21954
2025-12-27 03:00:00,6.61336,0.0671,0.47878,0.35004,0.28603,0.017,0.03,0.27703,0.2779,0.24594,0.52882,2.8539,0.08674,0.15002,0.84428,0.00999,0,0.0154,0.00607,0.00883,0.00001,0.81809,1.01559,0.35523,0.91827,1.27914,6.69907,2.54905,0.12057,0.23782,0.58106,4.80564,0.39404,0.42101,0.0039,4.31211,0.09805,0.15002,2.54905,0.39404,0.42101,0.84428,0.84067,0.81809,3.73367,4.31211,0.56338,4.21258
2025-12-27 04:00:00,6.55881,0.06419,0.49791,0.36404,0.26603,0.015,0.03,0.24203,0.27003,0.24876,0.52882,2.71055,0.08303,0.15002,0.85071,0.00925,0,0.02193,0.00512,0.00736,0.00001,0.82109,0.97735,0.35063,1.04596,1.33015,6.5871,2.54467,0.1192,0.24027,0.56706,4.79678,0.38204,0.41707,0.0039,4.28341,0.09408,0.15002,2.54467,0.38204,0.41707,0.85071,0.84401,0.82109,3.71429,4.28341,0.55399,4.20387
2025-12-27 05:00:00,6.12066,0.06128,0.51224,0.37604,0.24303,0.015,0.031,0.20902,0.25519,0.24876,0.52069,2.56854,0.07945,0.15102,0.85071,0.0082,0,0.02145,0.00426,0.0103,0.00001,0.82509,0.97779,0.35081,0.97542,1.41316,6.47514,2.54029,0.11926,0.20642,0.55206,4.77176,0.37004,0.41707,0.0039,4.26432,0.0901,0.15102,2.54029,0.37004,0.41707,0.85071,0.84735,0.82509,3.69548,4.26432,0.54372,4.19268
2025-12-27 06:00:00,5.58111,0.05827,0.51221,0.38204,0.24503,0.014,0.032,0.18402,0.26359,0.24876,0.52882,2.43007,0.07601,0.15302,0.86041,0.00749,0,0.02052,0.00386,0.00883,0.00001,0.83209,1.0325,0.3623,0.90329,1.52717,6.36317,2.54905,0.11653,0.2169,0.54906,4.7343,0.36204,0.42299,0.0039,4.24526,0.08613,0.15302,2.54905,0.36204,0.42299,0.86041,0.8507,0.83209,3.67732,4.24526,0.53553,4.17776
2025-12-27 07:00:00,5.10542,0.05495,0.50742,0.37704,0.22102,0.013,0.032,0.16302,0.27198,0.24876,0.53292,2.35301,0.07222,0.15302,0.85717,0.00682,0,0.01961,0.00348,0.00588,0.00001,0.83609,1.1257,0.37003,0.72598,1.65318,6.06232,2.55783,0.11959,0.25816,0.53506,4.75853,0.35804,0.43097,0.0039,4.22624,0.08344,0.15302,2.55783,0.35804,0.43097,0.85717,0.85406,0.83609,3.66,4.22624,0.5296,4.15686
2025-12-27 08:00:00,4.49912,0.05146,0.50262,0.37104,0.19602,0.012,0.032,0.14802,0.29983,0.24876,0.52882,2.27252,0.06627,0.15402,0.86041,0.00651,0,0.01804,0.00312,0.00588,0.00001,0.83909,1.03295,0.34591,0.6996,1.7562,5.76146,2.57541,0.11516,0.27541,0.52806,4.7767,0.35004,0.44514,0.00363,4.20726,0.08075,0.15402,2.57541,0.35004,0.44514,0.86041,0.85742,0.83909,3.6438,4.20726,0.52602,4.12552
2025-12-27 09:00:00,4.07248,0.04818,0.48349,0.35696,0.20502,0.012,0.032,0.14002,0.33097,0.2516,0.52882,2.19459,0.06306,0.15502,0.86364,0.0059,0,0.01624,0.00277,0.00003,0.00001,0.84609,0.95811,0.32239,0.68011,1.86021,5.46061,2.60184,0.11549,0.22926,0.52106,4.784,0.34204,0.4575,0.0039,4.18831,0.07806,0.15502,2.60184,0.34204,0.4575,0.86364,0.86079,0.84609,3.62906,4.18831,0.52118,4.07329
2025-12-27 10:00:00,3.91844,0.04531,0.45959,0.32979,0.17702,0.011,0.031,0.13201,0.35898,0.25733,0.52475,2.12205,0.06027,0.15602,0.86689,0.00562,0,0.01451,0.00245,-0.00292,0.00001,0.8531,0.97736,0.32106,0.74537,1.89621,5.15975,2.61066,0.11482,0.21514,0.51006,4.77701,0.33804,0.47005,0.00363,4.1694,0.07536,0.15602,2.61066,0.33804,0.47005,0.86689,0.86416,0.8531,3.61596,4.1694,0.51293,3.96882
2025-12-27 11:00:00,3.78336,0.04296,0.43096,0.3117,0.15802,0.011,0.03,0.12501,0.37098,0.25446,0.52882,2.04571,0.05759,0.15602,0.87338,0.00534,0,0.01313,0.00215,-0.0088,0.00001,0.8531,0.95951,0.31329,0.82257,1.93648,4.8589,2.64162,0.1131,0.2453,0.50306,4.75841,0.33404,0.47582,0.0039,4.15052,0.07267,0.15602,2.64162,0.33404,0.47582,0.87338,0.86754,0.8531,3.60483,4.15052,0.50331,3.65542
2025-12-27 12:00:00,3.60291,0.04121,0.39755,0.3057,0.15302,0.011,0.03,0.11601,0.38125,0.25733,0.53292,1.96697,0.05586,0.15702,0.87664,0.00508,0,0.01201,0.00215,0.00297,0,0.8571,0.94085,0.28631,0.85259,1.95122,4.55804,2.65049,0.11171,0.24589,0.49706,4.73342,0.33004,0.48162,0.0039,4.12228,0.06998,0.15702,2.65049,0.33004,0.48162,0.87664,0.87092,0.8571,3.59545,4.12228,0.49575,2.62464
2025-12-27 13:00:00,3.48894,0.0401,0.36892,0.29862,0.15902,0.011,0.029,0.10901,0.38125,0.25733,0.53292,1.88736,0.05286,0.15802,0.87989,0.00482,0,0.01078,0.00187,0.01471,0.00001,0.8611,0.86588,0.26396,0.85375,1.95522,4.37233,2.65937,0.1104,0.24466,0.49305,4.44029,0.32604,0.47968,0.0039,4.11289,0.06817,0.15802,2.65937,0.32604,0.47968,0.87989,0.87092,0.8611,3.58778,4.11289,0.49031,1.86407
2025-12-27 14:00:00,3.45134,0.03953,0.35462,0.27237,0.12701,0.011,0.029,0.10201,0.37098,0.26022,0.52882,1.80928,0.04978,0.15902,0.87989,0.00457,0,0.00972,0.00161,0,0.00001,0.8641,0.88496,0.2593,0.71956,1.94722,4.18662,2.67269,0.10859,0.23974,0.47705,4.14964,0.32304,0.47775,0.0039,4.1035,0.06637,0.15902,2.67269,0.32304,0.47775,0.87989,0.87431,0.8641,3.58176,4.1035,0.48733,1.63612
2025-12-27 15:00:00,3.26187,0.03929,0.35938,0.2532,0.12801,0.011,0.028,0.09601,0.357,0.25733,0.53703,1.73478,0.04782,0.15902,0.88316,0.00433,0,0.00898,0.00161,0.00291,0.00001,0.8641,0.90325,0.24377,0.68726,1.89221,4.00091,2.65937,0.10691,0.25142,0.47305,3.85818,0.31904,0.47197,0.0039,4.07539,0.06457,0.15902,2.65937,0.31904,0.47197,0.88316,0.87771,0.8641,3.57681,4.07539,0.48355,1.56014
2025-12-27 16:00:00,3.03384,0.03918,0.35158,0.24711,0.10601,0.011,0.029,0.09401,0.34294,0.25446,0.52475,1.65937,0.04593,0.15823,0.88642,0.00411,0,0.0081,0.00145,0.00291,0.00001,0.8681,0.86532,0.20928,0.62416,1.80975,3.8152,2.62392,0.10522,0.24833,0.46305,3.56481,0.31904,0.46375,0.0039,4.06604,0.06276,0.15823,2.62392,0.31904,0.46375,0.88642,0.88111,0.8681,3.57289,4.06604,0.47788,1.52215
2025-12-27 17:00:00,2.80617,0.03902,0.3311,0.22586,0.09501,0.012,0.032,0.09201,0.32693,0.2516,0.51664,1.58049,0.04501,0.15802,0.88642,0.00411,0,0.00746,0.00136,-0.00003,0.00001,0.8721,0.82815,0.19587,0.67514,1.72919,3.62949,2.58421,0.10454,0.23047,0.46305,3.27085,0.31504,0.45542,0.0039,4.0567,0.06095,0.15802,2.58421,0.31504,0.45542,0.88642,0.88452,0.8721,3.56945,4.0567,0.4716,1.49936
2025-12-27 18:00:00,2.54051,0.03854,0.32057,0.21269,0.10001,0.014,0.034,0.08901,0.31504,0.25446,0.52069,1.5042,0.04279,0.15902,0.89297,0.00388,0,0.00685,0.00136,-0.00886,0.00001,0.8721,0.81024,0.20053,0.67721,1.62618,3.44378,2.55784,0.10173,0.2157,0.45405,2.97818,0.31103,0.4431,0.0039,4.04736,0.05915,0.15902,2.55784,0.31103,0.4431,0.89297,0.88452,0.8721,3.56523,4.04736,0.46661,1.48416
2025-12-27 19:00:00,2.19926,0.0375,0.30491,0.20661,0.10901,0.014,0.034,0.08501,0.28594,0.2516,0.51664,1.47283,0.04207,0.15802,0.89297,0.00388,0,0.00654,0.00114,-0.01766,0.00001,0.8721,0.84788,0.1954,0.69404,1.58018,3.38654,2.50968,0.09903,0.20216,0.44405,2.71986,0.30703,0.43298,0.0039,4.03804,0.05824,0.15802,2.50968,0.30703,0.43298,0.89297,0.88793,0.8721,3.55947,4.03804,0.46306,1.47331
2025-12-27 20:00:00,1.81942,0.03603,0.27925,0.20661,0.10601,0.014,0.034,0.08201,0.27989,0.25733,0.51664,1.43438,0.04137,0.16202,0.89625,0.00367,0,0.006,0.00114,-0.01177,0.00001,0.8721,0.86482,0.1811,0.69437,1.47916,3.32929,2.46178,0.09798,0.19845,0.43505,2.46306,0.30703,0.42299,0.0039,4.03804,0.05734,0.16202,2.46178,0.30703,0.42299,0.89625,0.89477,0.8721,3.55231,4.03804,0.46103,1.46517
2025-12-27 21:00:00,1.62938,0.03446,0.26397,0.20661,0.11101,0.013,0.034,0.07901,0.26572,0.25446,0.52069,1.40104,0.04068,0.16302,0.90282,0.00347,0,0.00568,0.00094,-0.01177,0.00001,0.8721,0.84613,0.18429,0.68092,1.36015,3.27205,2.40985,0.09836,0.17876,0.43205,2.42193,0.30403,0.41119,0.00418,4.04736,0.05643,0.16302,2.40985,0.30403,0.41119,0.90282,0.8982,0.8721,3.54368,4.04736,0.45838,1.45884
2025-12-27 22:00:00,1.55373,0.03296,0.26127,0.20661,0.10301,0.013,0.034,0.07501,0.25312,0.26022,0.52475,1.37035,0.03932,0.16302,0.90612,0.00327,0,0.00541,0.00094,-0.00588,0.00001,0.8721,0.82815,0.20651,0.68776,1.27914,3.21481,2.34537,0.09698,0.15725,0.42605,2.37919,0.30403,0.40149,0.0039,4.04736,0.05552,0.16302,2.34537,0.30403,0.40149,0.90612,0.90164,0.8721,3.53315,4.04736,0.45413,1.45377
2025-12-27 23:00:00,1.59139,0.03158,0.26647,0.21369,0.10701,0.012,0.033,0.07201,0.24289,0.26314,0.52069,1.33858,0.03865,0.16302,0.90941,0.00327,0,0.00515,0.00075,0,0.00001,0.8721,0.84575,0.20767,0.65345,1.16013,3.15756,2.2899,0.09802,0.15357,0.42205,2.33587,0.30003,0.39194,0.00363,4.06604,0.05462,0.16302,2.2899,0.30003,0.39194,0.90941,0.90164,0.8721,3.52061,4.06604,0.44929,1.44963
2025-12-28 00:00:00,1.78107,0.03031,0.2613,0.19953,0.10001,0.011,0.032,0.07001,0.23489,0.26022,0.51664,1.30982,0.038,0.16102,0.91272,0.00309,0,0.0049,0.00075,0,0.00001,0.8791,0.86334,0.19851,0.69915,1.09612,3.10032,2.23059,0.09808,0.17326,0.41905,2.29357,0.29603,0.38469,0.00363,4.07539,0.05371,0.16102,2.23059,0.29603,0.38469,0.91272,0.90508,0.8791,3.50575,4.07539,0.44547,1.44617
2025-12-28 01:00:00,2.00868,0.02909,0.256,0.18636,0.10701,0.011,0.032,0.06701,0.22903,0.26606,0.53292,1.30445,0.03736,0.16002,0.91602,0.00291,0,0.00466,0.00059,0.00294,0.00001,0.8791,0.84542,0.19948,0.71035,1.00511,3.07124,2.16755,0.09636,0.16402,0.41005,2.2686,0.29203,0.37762,0.00335,4.07539,0.05321,0.16002,2.16755,0.29203,0.37762,0.91602,0.90852,0.8791,3.48857,4.07539,0.44265,1.44325
2025-12-28 02:00:00,2.27449,0.02794,0.25597,0.18027,0.09101,0.01,0.03,0.06501,0.22168,0.26022,0.52475,1.29629,0.0361,0.16302,0.91602,0.00273,0,0.00442,0.00059,0.00883,0.00001,0.8791,0.79192,0.20118,0.79198,0.9241,3.04216,2.10087,0.09364,0.1677,0.41005,2.24474,0.29203,0.36888,0.00308,4.07539,0.05272,0.16302,2.10087,0.29203,0.36888,0.91602,0.90852,0.8791,3.46931,4.07539,0.44095,1.44074
2025-12-28 03:00:00,2.65418,0.02692,0.24561,0.17319,0.11001,0.01,0.03,0.06201,0.21808,0.26022,0.53292,1.28431,0.0361,0.16302,0.91933,0.00257,0,0.0042,0.00059,0.00589,0.00001,0.8791,0.79185,0.19345,0.77973,0.8631,3.01308,2.03481,0.09469,0.17873,0.41005,2.22028,0.29203,0.36197,0.00308,4.07539,0.05222,0.16302,2.03481,0.29203,0.36197,0.91933,0.91198,0.8791,3.44794,4.07539,0.43864,1.43857
2025-12-28 04:00:00,2.95786,0.02605,0.24043,0.1601,0.09501,0.01,0.028,0.05901,0.21277,0.25446,0.53292,1.27971,0.03429,0.16302,0.91933,0.00257,0,0.00411,0.00045,-0.00294,0.00001,0.8831,0.80962,0.17528,0.74212,0.82209,2.98399,1.9775,0.09089,0.17685,0.40705,2.19422,0.28903,0.35684,0.00308,4.06604,0.05172,0.16302,1.9775,0.28903,0.35684,0.91933,0.91544,0.8831,3.42435,4.06604,0.43473,1.43667
2025-12-28 05:00:00,3.07204,0.02532,0.23001,0.14702,0.09001,0.009,0.028,0.05901,0.20959,0.25446,0.52882,1.27495,0.03371,0.16302,0.92264,0.00241,0,0.00398,0.00045,-0.00294,0.00001,0.8831,0.7911,0.18596,0.69938,0.75597,2.95491,1.91258,0.09057,0.18117,0.40705,2.16752,0.28503,0.35006,0.00308,4.04736,0.05123,0.16302,1.91258,0.28503,0.35006,0.92264,0.91544,0.8831,3.39852,4.04736,0.43019,1.435
2025-12-28 06:00:00,3.04043,0.02469,0.2196,0.14802,0.10001,0.009,0.014,0.05701,0.20533,0.2516,0.52475,1.2669,0.03313,0.16302,0.92928,0.00241,0,0.00388,0.00045,-0.00294,0,0.8861,0.75481,0.17912,0.65833,0.69508,2.92583,1.8563,0.08991,0.16213,0.40705,2.1418,0.28503,0.34502,0.00283,4.03804,0.05073,0.16302,1.8563,0.28503,0.34502,0.92928,0.9189,0.8861,3.3709,4.03804,0.42662,1.43351
2025-12-28 07:00:00,2.98113,0.02411,0.21439,0.14102,0.09801,0.009,0.025,0.05501,0.20253,0.24876,0.52069,1.26145,0.03256,0.16502,0.92928,0.00226,0,0.00377,0.00045,-0.00441,0,0.8861,0.75405,0.14467,0.68542,0.65707,2.88056,1.79653,0.08754,0.17444,0.40705,2.12589,0.28103,0.34002,0.00283,4.01942,0.05041,0.16502,1.79653,0.28103,0.34002,0.92928,0.92237,0.8861,3.34174,4.01942,0.42396,1.43217
2025-12-28 08:00:00,2.97523,0.02359,0.20397,0.13302,0.09301,0.009,0.024,0.05301,0.19839,0.24314,0.51261,1.25162,0.032,0.16502,0.93261,0.00226,0,0.00357,0.00032,-0.00147,0.00001,0.8861,0.80964,0.14642,0.66041,0.60407,2.8353,1.74126,0.08679,0.18059,0.39804,2.11104,0.27803,0.33506,0.00283,3.99155,0.05009,0.16502,1.74126,0.27803,0.33506,0.93261,0.92237,0.8861,3.31119,3.99155,0.42237,1.43098
2025-12-28 09:00:00,2.80194,0.02314,0.18831,0.12702,0.09301,0.009,0.023,0.05001,0.19505,0.24035,0.49666,1.23929,0.03147,0.16602,0.93594,0.00212,0,0.00338,0.00032,0.00294,0.00001,0.8901,0.82892,0.16628,0.6577,0.55206,2.79003,1.68649,0.08719,0.16031,0.39504,2.09563,0.27803,0.33178,0.00283,3.97303,0.04978,0.16602,1.68649,0.27803,0.33178,0.93594,0.92585,0.8901,3.27945,3.97303,0.42021,1.42989
2025-12-28 10:00:00,2.57527,0.02276,0.17269,0.12702,0.08701,0.008,0.023,0.05001,0.18923,0.23484,0.48876,1.22647,0.03094,0.16702,0.93594,0.00212,0,0.00327,0.00032,0.00294,0.00001,0.8901,0.8274,0.16751,0.62444,0.50856,2.74476,1.63223,0.08303,0.15172,0.39504,2.07874,0.27803,0.32689,0.00259,3.92686,0.04946,0.16702,1.63223,0.27803,0.32689,0.93594,0.92933,0.8901,3.24661,3.92686,0.41659,1.4289
2025-12-28 11:00:00,2.51598,0.02244,0.16748,0.12702,0.07301,0.008,0.022,0.04901,0.18732,0.23759,0.48485,1.21194,0.02991,0.16902,0.94263,0.00212,0,0.00319,0.00032,0.00295,0.00001,0.8861,0.84521,0.13964,0.64334,0.4682,2.6995,1.58613,0.08343,0.16034,0.38704,2.06131,0.27403,0.32365,0.00259,3.89927,0.04914,0.16902,1.58613,0.27403,0.32365,0.94263,0.93281,0.8861,3.21284,3.89927,0.41241,1.428
2025-12-28 12:00:00,2.52645,0.02216,0.16745,0.12001,0.09601,0.008,0.021,0.04701,0.18169,0.23484,0.47319,1.19232,0.02891,0.16902,0.94932,0.00212,0,0.00301,0.00032,0.00589,0.00001,0.8901,0.82667,0.12992,0.64285,0.43099,2.65423,1.5404,0.08412,0.16834,0.38704,2.04476,0.27403,0.3204,0.00259,3.86261,0.04882,0.16902,1.5404,0.27403,0.3204,0.94932,0.93631,0.8901,3.17823,3.86261,0.40912,1.29784
2025-12-28 13:00:00,2.44577,0.02189,0.16227,0.12001,0.09101,0.008,0.021,0.04501,0.17985,0.23484,0.4655,1.17283,0.02842,0.16902,0.94932,0.00212,0,0.00284,0.00022,0.0015,0.00001,0.8901,0.7526,0.13897,0.62496,0.39704,2.58922,1.5026,0.08211,0.15051,0.38104,2.03032,0.27403,0.31713,0.00236,3.8261,0.04858,0.16902,1.5026,0.27403,0.31713,0.94932,0.93631,0.8901,3.14294,3.8261,0.40668,0.90433
2025-12-28 14:00:00,2.28445,0.02164,0.16227,0.11501,0.07801,0.008,0.02,0.042,0.17451,0.2321,0.46168,1.15797,0.02794,0.17102,0.95602,0.00198,0,0.00267,0.00022,-0.00291,0.00001,0.8861,0.6963,0.12921,0.62335,0.36504,2.52421,1.45012,0.08074,0.1493,0.37504,2.01689,0.27003,0.31225,0.00236,3.78973,0.04834,0.17102,1.45012,0.27003,0.31225,0.95602,0.93981,0.8861,3.10725,3.78973,0.40523,0.84254
2025-12-28 15:00:00,2.1303,0.02142,0.16745,0.11501,0.07801,0.008,0.019,0.042,0.17277,0.22939,0.45787,1.14254,0.02747,0.17002,0.95938,0.00198,0,0.00257,0.00022,-0.00147,0.00001,0.8901,0.67702,0.10935,0.62201,0.35004,2.45921,1.40928,0.08108,0.16531,0.36904,2.00296,0.27003,0.30903,0.00236,3.74448,0.0481,0.17002,1.40928,0.27003,0.30903,0.95938,0.94332,0.8901,3.07136,3.74448,0.40329,0.82194
2025-12-28 16:00:00,2.01404,0.02123,0.16224,0.11501,0.06401,0.008,0.019,0.041,0.16431,0.22939,0.45408,1.12547,0.02747,0.17106,0.96612,0.00198,0,0.00251,0.00018,0,0.00001,0.8901,0.65998,0.09861,0.65605,0.32404,2.3942,1.36876,0.08279,0.17761,0.36604,1.98775,0.26703,0.30583,0.00236,3.69946,0.04785,0.17106,1.36876,0.26703,0.30583,0.96612,0.94683,0.8901,3.03531,3.69946,0.40008,0.81164
2025-12-28 17:00:00,1.84786,0.02106,0.15703,0.10801,0.08501,0.007,0.018,0.04,0.16102,0.22939,0.44655,1.11121,0.027,0.17202,0.97287,0.00198,0,0.00241,0.00022,-0.00588,0.00001,0.8901,0.67994,0.08847,0.60294,0.31403,2.32919,1.32496,0.08136,0.17759,0.35804,1.97207,0.26703,0.30264,0.00236,3.65467,0.04761,0.17202,1.32496,0.26703,0.30264,0.97287,0.95035,0.8901,2.99897,3.65467,0.39638,0.80546
2025-12-28 18:00:00,1.65079,0.0209,0.14664,0.10101,0.07801,0.007,0.018,0.039,0.15914,0.22669,0.44655,1.25587,0.027,0.17302,0.97625,0.00198,0,0.00236,0.00022,-0.00883,0.00001,0.8901,0.73476,0.09746,0.60257,0.28803,2.26418,1.28517,0.08105,0.18371,0.35504,1.95715,0.26703,0.29948,0.00236,3.6101,0.04737,0.17302,1.28517,0.26703,0.29948,0.97625,0.95387,0.8901,2.96247,3.6101,0.39346,0.80134
2025-12-28 19:00:00,1.47305,0.02075,0.14144,0.09501,0.06401,0.007,0.018,0.038,0.1536,0.22939,0.44281,1.14775,0.02646,0.17202,0.97963,0.00198,0,0.00226,0.00014,-0.00003,0.00001,0.8971,0.771,0.10516,0.60328,0.27103,2.24393,1.2493,0.07996,0.19233,0.35204,1.94588,0.26703,0.2979,0.00236,3.55694,0.04719,0.17202,1.2493,0.26703,0.2979,0.97963,0.9574,0.8971,2.92594,3.55694,0.39131,0.7984
2025-12-28 20:00:00,1.29226,0.02059,0.14144,0.10101,0.07501,0.007,0.017,0.037,0.15,0.23484,0.45031,1.10836,0.02593,0.17302,0.98641,0.00198,0,0.00222,0.00014,0.00291,0.00001,0.8971,0.78947,0.09374,0.60483,0.25303,2.22368,1.20664,0.08037,0.18556,0.35004,1.93549,0.26303,0.29477,0.00259,3.51288,0.04701,0.17302,1.20664,0.26303,0.29477,0.98641,0.96093,0.8971,2.88935,3.51288,0.39005,0.79619
2025-12-28 21:00:00,1.1582,0.02044,0.14146,0.10101,0.05001,0.007,0.017,0.035,0.14648,0.23759,0.46342,1.09358,0.0254,0.17302,0.98981,0.00198,0,0.00212,0.00014,-0.00294,0.00001,0.9011,0.77089,0.10284,0.60539,0.23603,2.20343,1.16792,0.08037,0.18247,0.35804,1.92468,0.26303,0.2932,0.00236,3.46032,0.04683,0.17302,1.16792,0.26303,0.2932,0.98981,0.96447,0.9011,2.85222,3.46032,0.38836,0.79447
2025-12-28 22:00:00,1.0701,0.02031,0.14667,0.09401,0.07201,0.007,0.004,0.035,0.14302,0.24035,0.47706,1.08835,0.0254,0.17302,0.99662,0.00185,0,0.00212,0.00014,-0.00294,0.00001,0.9051,0.78928,0.14244,0.55734,0.22703,2.18318,1.13999,0.07936,0.20154,0.35204,1.91278,0.26303,0.29009,0.00236,3.42546,0.04665,0.17302,1.13999,0.26303,0.29009,0.99662,0.96801,0.9051,2.81475,3.42546,0.38559,0.7931
2025-12-28 23:00:00,1.06978,0.02019,0.14146,0.09401,0.06001,0.007,0.016,0.034,0.13947,0.23759,0.48485,1.08907,0.0254,0.17302,1.00003,0.00185,0,0.00212,0.00007,0,0.00001,0.9081,0.73287,0.20102,0.56426,0.21002,2.16293,1.1019,0.08107,0.19048,0.35004,1.90047,0.26003,0.28855,0.00215,3.37347,0.04647,0.17302,1.1019,0.26003,0.28855,1.00003,0.97512,0.9081,2.77739,3.37347,0.3824,0.79198
2025-12-29 00:00:00,1.19216,0.02008,0.14146,0.10101,0.07201,0.007,0.015,0.033,0.136,0.23759,0.49666,1.09806,0.02439,0.17502,1.00686,0.00173,0,0.00212,0.00007,0.00147,0.00001,0.9081,0.6779,0.21186,0.51982,0.20602,2.14268,1.07102,0.07864,0.15481,0.34404,1.88883,0.26003,0.28547,0.00215,3.33038,0.04629,0.17502,1.07102,0.26003,0.28547,1.00686,0.97868,0.9081,2.74019,3.33038,0.37989,0.79104
2025-12-29 01:00:00,1.43704,0.01996,0.14146,0.10701,0.07101,0.006,0.015,0.032,0.13428,0.24035,0.4927,1.11377,0.02439,0.17502,1.01028,0.00173,0,0.00208,0.00007,0.00147,0.00001,0.9081,0.71566,0.2337,0.49593,0.19204,2.13364,1.037,0.0797,0.14619,0.34204,1.88017,0.26003,0.2824,0.00215,3.28739,0.04613,0.17502,1.037,0.26003,0.2824,1.01028,0.98225,0.9081,2.70346,3.28739,0.37797,0.79025
2025-12-29 02:00:00,1.83408,0.01983,0.14143,0.09393,0.05401,0.006,0.015,0.032,0.12926,0.24035,0.49666,1.13156,0.02389,0.17402,1.01371,0.00161,0,0.00198,0.00003,-0.00147,0.00001,0.9161,0.73347,0.28412,0.47074,0.17902,2.1246,1.01001,0.07797,0.12956,0.34204,1.87216,0.26003,0.28088,0.00215,3.24427,0.04598,0.17402,1.01001,0.26003,0.28088,1.01371,0.98582,0.9161,2.66713,3.24427,0.37673,0.78957
2025-12-29 03:00:00,2.23112,0.0197,0.13623,0.08084,0.06401,0.006,0.014,0.031,0.12763,0.23759,0.50062,1.14949,0.02389,0.17402,1.01714,0.00161,0,0.00198,0.00003,0.01613,0.00001,0.9161,0.73355,0.29721,0.45505,0.18602,2.11557,0.98323,0.07904,0.1154,0.35004,1.86368,0.26003,0.27936,0.00195,3.2014,0.04582,0.17402,0.98323,0.26003,0.27936,1.01714,0.9894,0.9161,2.63117,3.2014,0.37499,0.78898
2025-12-29 04:00:00,2.4757,0.01959,0.12584,0.08784,0.06401,0.006,0.014,0.03,0.12601,0.23759,0.50062,1.16289,0.02389,0.17402,1.02057,0.00149,0,0.00198,0.00003,0.0176,0.00001,0.9191,0.71511,0.2813,0.44877,0.17306,2.10653,0.95997,0.07761,0.08956,0.35004,1.8538,0.26003,0.27634,0.00195,3.14851,0.04567,0.17402,0.95997,0.26003,0.27634,1.02057,0.99299,0.9191,2.59566,3.14851,0.37186,0.78846
2025-12-29 05:00:00,2.59794,0.01949,0.12584,0.09485,0.039,0.006,0.014,0.03,0.12421,0.2321,0.49666,1.1723,0.02293,0.17302,1.02401,0.00149,0,0.00198,0.00003,0,0.00001,0.9231,0.73362,0.26557,0.40538,0.16102,2.09749,0.93686,0.07803,0.0988,0.35004,1.84333,0.26003,0.27483,0.00195,3.10443,0.04552,0.17302,0.93686,0.26003,0.27483,1.02401,0.99658,0.9231,2.56069,3.10443,0.36815,0.78801
2025-12-29 06:00:00,2.62853,0.01939,0.12584,0.08884,0.06301,0.006,0.014,0.029,0.12068,0.2321,0.48485,1.1841,0.02293,0.17402,1.02746,0.00149,0,0.00198,0,-0.00147,0.00001,0.9271,0.77071,0.27913,0.41463,0.15402,2.08845,0.91719,0.07452,0.14003,0.34704,1.83367,0.26003,0.27183,0.00195,3.06062,0.04536,0.17402,0.91719,0.26003,0.27183,1.02746,1.00017,0.9271,2.52641,3.06062,0.36524,0.78761
2025-12-29 07:00:00,2.53206,0.01928,0.12069,0.08184,0.06101,0.006,0.013,0.029,0.11895,0.22939,0.48485,1.19245,0.02246,0.17302,1.0309,0.00149,0,0.00198,0.00003,-0.00147,0.00001,0.9311,0.82638,0.27325,0.40339,0.15702,2.07732,0.89765,0.07592,0.15295,0.34704,1.82556,0.25603,0.27034,0.00175,3.02576,0.04521,0.17302,0.89765,0.25603,0.27034,1.0309,1.00738,0.9311,2.49285,3.02576,0.36306,0.78724
2025-12-29 08:00:00,2.4356,0.01916,0.10509,0.08793,0.06101,0.006,0.013,0.028,0.11555,0.22669,0.48485,1.19428,0.02246,0.17302,1.03436,0.00139,0,0.00198,0,0.00588,0.00001,0.9311,0.77158,0.24956,0.41032,0.15802,2.06619,0.88145,0.07563,0.1825,0.34204,1.81832,0.25603,0.26885,0.00175,2.97379,0.04507,0.17302,0.88145,0.25603,0.26885,1.03436,1.00738,0.9311,2.46008,2.97379,0.36176,0.78692
2025-12-29 09:00:00,2.33913,0.01904,0.09985,0.08793,0.05901,0.006,0.013,0.027,0.11224,0.22134,0.47706,1.18967,0.02246,0.17202,1.0309,0.00139,0,0.00194,0.00003,-0.01463,0.00001,0.9341,0.69824,0.2441,0.38972,0.14302,2.05505,0.86212,0.07528,0.1905,0.33904,1.81063,0.25603,0.26737,0.00175,2.93937,0.04492,0.17202,0.86212,0.25603,0.26737,1.0309,1.011,0.9341,2.42813,2.93937,0.36,0.78662
2025-12-29 10:00:00,2.24265,0.01894,0.09978,0.08652,0.034,0.006,0.013,0.027,0.11061,0.2187,0.47319,1.18521,0.02157,0.17102,1.03436,0.00139,0,0.00185,0,0,0.00001,0.9341,0.70027,0.2558,0.37902,0.13201,2.04392,0.84571,0.0732,0.16913,0.33904,1.80176,0.25603,0.26589,0.00175,2.89657,0.04477,0.17102,0.84571,0.25603,0.26589,1.03436,1.01461,0.9341,2.39634,2.89657,0.35707,0.78636
2025-12-29 11:00:00,2.14619,0.01884,0.09972,0.08473,0.05801,0.006,0.013,0.026,0.11061,0.21607,0.46168,1.18545,0.02157,0.17102,1.03782,0.00129,0,0.00182,0,0,0.00001,0.9421,0.69906,0.26748,0.36833,0.13001,2.03279,0.83244,0.07389,0.14877,0.33304,1.79246,0.25603,0.26442,0.00175,2.85404,0.04463,0.17102,0.83244,0.25603,0.26442,1.03782,1.02187,0.9421,2.36428,2.85404,0.3537,0.78611
2025-12-29 12:00:00,2.04972,0.01875,0.09971,0.0832,0.05601,0.006,0.013,0.026,0.10731,0.21607,0.45787,1.18351,0.02157,0.17001,1.03782,0.00129,0,0.00173,0,0,0.00001,0.94611,0.69562,0.27918,0.35763,0.12501,2.02166,0.81265,0.07288,0.1274,0.33304,1.78386,0.25603,0.26295,0.00175,2.82021,0.04448,0.17001,0.81265,0.25603,0.26295,1.03782,1.02551,0.94611,2.33328,2.82021,0.35104,0.74476
2025-12-29 13:00:00,1.95423,0.01864,0.09974,0.08187,0.05501,0.006,0.012,0.025,0.10563,0.21347,0.45031,1.17931,0.022,0.16902,1.03782,0.00139,0,0.0017,0,0,0.00001,0.9421,0.69062,0.27804,0.34741,0.12501,1.99744,0.79953,0.07222,0.12707,0.33104,1.7763,0.25603,0.26003,0.00175,2.78656,0.04434,0.16902,0.79953,0.25603,0.26003,1.03782,1.02915,0.9421,2.30327,2.78656,0.34905,0.63082
2025-12-29 14:00:00,1.85874,0.01853,0.09976,0.0807,0.05448,0.00595,0.01188,0.02462,0.10374,0.21232,0.44281,1.17284,0.02177,0.16902,1.03969,0.00133,0,0.00161,0,0,0,0.94611,0.68455,0.2769,0.34521,0.11501,1.97321,0.77998,0.07155,0.1289,0.33242,1.76953,0.25525,0.25868,0.00166,2.75142,0.0442,0.16902,0.77998,0.25525,0.25868,1.03969,1.03258,0.94611,2.27436,2.75142,0.34785,0.60744
2025-12-29 15:00:00,1.76324,0.01842,0.09975,0.07968,0.05394,0.00589,0.01177,0.02426,0.10194,0.21114,0.43914,1.16589,0.0215,0.16755,1.04132,0.00127,0,0.00158,0,0,0,0.95017,0.67782,0.27576,0.34301,0.11293,1.94899,0.7564,0.07089,0.12947,0.33347,1.76233,0.25445,0.25742,0.0016,2.71759,0.04406,0.16755,0.7564,0.25445,0.25742,1.04132,1.03576,0.95017,2.24634,2.71759,0.34621,0.59965
2025-12-29 16:00:00,1.66774,0.01832,0.09971,0.07855,0.05341,0.00584,0.01165,0.02396,0.10034,0.20994,0.43597,1.16042,0.02123,0.16617,1.04268,0.0012,0,0.00149,0,0,0,0.95406,0.67131,0.27461,0.3408,0.11104,1.92477,0.73413,0.07022,0.12933,0.3336,1.75399,0.25366,0.25628,0.00154,2.68501,0.04391,0.16617,0.73413,0.25366,0.25628,1.04268,1.03862,0.95406,2.2192,2.68501,0.34344,0.59575
2025-12-29 17:00:00,1.57225,0.01823,0.09969,0.07718,0.05288,0.00578,0.01154,0.02368,0.09887,0.20873,0.43245,1.15375,0.02098,0.1648,1.04372,0.00114,0,0.00149,0,0,0,0.9578,0.66559,0.27347,0.3386,0.10919,1.90054,0.71411,0.06956,0.12882,0.33301,1.74519,0.25287,0.2551,0.00149,2.65356,0.04377,0.1648,0.71411,0.25287,0.2551,1.04372,1.0413,0.9578,2.19291,2.65356,0.34021,0.59341
2025-12-29 18:00:00,1.47676,0.01814,0.09972,0.07596,0.05235,0.00573,0.01142,0.02342,0.0974,0.20751,0.42956,1.14839,0.02076,0.16342,1.04445,0.00108,0,0.00149,0,0,0,0.96134,0.66041,0.27233,0.3364,0.10739,1.87632,0.69618,0.06889,0.12808,0.33279,1.73708,0.25209,0.25387,0.00143,2.62316,0.04363,0.16342,0.69618,0.25209,0.25387,1.04445,1.04384,0.96134,2.16713,2.62316,0.33767,0.59185
2025-12-29 19:00:00,1.47339,0.01804,0.09978,0.07488,0.05182,0.00567,0.01131,0.02317,0.0958,0.2063,0.42686,1.14701,0.02054,0.16212,1.04489,0.00103,0,0.00147,0,0,0,0.96465,0.65561,0.27151,0.33455,0.10575,1.86755,0.68014,0.06824,0.12724,0.33307,1.73001,0.25131,0.25274,0.00137,2.59373,0.04349,0.16212,0.68014,0.25131,0.25274,1.04489,1.04624,0.96465,2.14172,2.59373,0.33578,0.59074
2025-12-29 20:00:00,1.47003,0.01793,0.09921,0.0739,0.05128,0.00562,0.0112,0.02292,0.09402,0.2051,0.42392,1.14872,0.02034,0.16081,1.04506,0.00097,0,0.00139,0,0,0,0.96777,0.65106,0.27068,0.33271,0.10412,1.85878,0.66574,0.06758,0.12639,0.33413,1.72369,0.25054,0.2517,0.00131,2.56513,0.04335,0.16081,0.66574,0.25054,0.2517,1.04506,1.04848,0.96777,2.11679,2.56513,0.33464,0.58991
2025-12-29 21:00:00,1.46666,0.01783,0.0986,0.07304,0.05076,0.00556,0.01108,0.02269,0.09219,0.20392,0.42143,1.15153,0.02015,0.15954,1.04498,0.00092,0,0.00139,0,0,0,0.9707,0.64684,0.26986,0.33086,0.10261,1.85002,0.65282,0.06693,0.12543,0.33439,1.71699,0.24976,0.25076,0.00126,2.53728,0.04322,0.15954,0.65282,0.24976,0.25076,1.04498,1.05056,0.9707,2.09238,2.53728,0.33311,0.58926
2025-12-29 22:00:00,1.46329,0.01774,0.09797,0.07207,0.05023,0.00551,0.01097,0.0225,0.09046,0.20277,0.41897,1.15498,0.01996,0.15838,1.04467,0.00086,0,0.00137,0,0,0,0.97346,0.64454,0.26904,0.32901,0.10133,1.84125,0.64121,0.06626,0.12449,0.33371,1.70924,0.24899,0.24988,0.0012,2.51011,0.04308,0.15838,0.64121,0.24899,0.24988,1.04467,1.05246,0.97346,2.06864,2.51011,0.33055,0.58874
2025-12-29 23:00:00,1.45993,0.01766,0.09735,0.07095,0.04969,0.00546,0.01086,0.02232,0.08878,0.20162,0.41657,1.1586,0.01978,0.15718,1.04416,0.00081,0,0.00129,0,0,0,0.97605,0.64507,0.26821,0.32717,0.10014,1.83248,0.63076,0.06561,0.12353,0.33303,1.7011,0.24821,0.24907,0.00114,2.48362,0.04294,0.15718,0.63076,0.24821,0.24907,1.04416,1.05417,0.97605,2.04557,2.48362,0.32759,0.58831
2025-12-30 00:00:00,1.45656,0.01757,0.09678,0.06993,0.04916,0.0054,0.01075,0.02216,0.08712,0.20049,0.41458,1.16234,0.01959,0.15605,1.0435,0.00075,0,0.00131,0,0,0,0.97848,0.64758,0.26739,0.32532,0.09901,1.82371,0.62137,0.06496,0.12254,0.33312,1.69359,0.24744,0.24832,0.00109,2.45781,0.0428,0.15605,0.62137,0.24744,0.24832,1.0435,1.05567,0.97848,2.02324,2.45781,0.32526,0.58796
2025-12-30 01:00:00,1.47329,0.01748,0.09623,0.06902,0.04864,0.00535,0.01063,0.02199,0.08553,0.19943,0.41233,1.16841,0.01941,0.15499,1.04271,0.00071,0,0.00138,0,0,0,0.98072,0.65146,0.26743,0.32441,0.09793,1.82695,0.61292,0.0643,0.12174,0.33394,1.68704,0.24667,0.24757,0.00103,2.43271,0.04267,0.15499,0.61292,0.24667,0.24757,1.04271,1.05696,0.98072,2.00168,2.43271,0.32351,0.58766
2025-12-30 02:00:00,1.49002,0.01737,0.09569,0.06816,0.04811,0.00529,0.01052,0.02183,0.08403,0.19849,0.41065,1.17738,0.01922,0.15401,1.04181,0.00066,0,0.00132,0,0,0,0.98279,0.65627,0.26747,0.32349,0.09691,1.83019,0.6053,0.06366,0.12089,0.33552,1.68117,0.24589,0.24685,0.00097,2.40832,0.04253,0.15401,0.6053,0.24589,0.24685,1.04181,1.05805,0.98279,1.98089,2.40832,0.32243,0.5874
2025-12-30 03:00:00,1.50675,0.01727,0.09511,0.06739,0.04758,0.00524,0.01041,0.02169,0.0826,0.19764,0.40871,1.1875,0.01903,0.15311,1.04084,0.00062,0,0.00126,0,0,0,0.98467,0.66175,0.26751,0.32258,0.09594,1.83343,0.59843,0.063,0.12007,0.33677,1.67487,0.24511,0.24614,0.00091,2.38468,0.0424,0.15311,0.59843,0.24511,0.24614,1.04084,1.05894,0.98467,1.96082,2.38468,0.32093,0.58718
2025-12-30 04:00:00,1.52347,0.01719,0.0945,0.06655,0.04705,0.00517,0.01029,0.02156,0.08123,0.19688,0.40712,1.19803,0.01885,0.15228,1.03982,0.00057,0,0.00119,0,0,0,0.98635,0.6678,0.26755,0.32167,0.095,1.83667,0.59221,0.06235,0.11923,0.33698,1.66748,0.24433,0.24543,0.00086,2.3618,0.04226,0.15228,0.59221,0.24433,0.24543,1.03982,1.05964,0.98635,1.94098,2.3618,0.31835,0.58698
2025-12-30 05:00:00,1.5402,0.01711,0.09391,0.06559,0.04651,0.00512,0.01018,0.02145,0.07992,0.19618,0.40567,1.20881,0.01866,0.1515,1.03876,0.00052,0,0.00113,0,0,0,0.98784,0.67429,0.26759,0.32075,0.09409,1.83991,0.58658,0.0617,0.11842,0.33682,1.65967,0.24357,0.24474,0.0008,2.3396,0.04213,0.1515,0.58658,0.24357,0.24474,1.03876,1.06015,0.98784,1.92199,2.3396,0.31533,0.58681
2025-12-30 06:00:00,1.55693,0.01702,0.09335,0.0647,0.04599,0.00507,0.01007,0.02135,0.07866,0.19552,0.40438,1.21977,0.01848,0.15078,1.03768,0.00048,0,0.00107,0,0,0,0.98913,0.68112,0.26763,0.31984,0.09331,1.84315,0.58147,0.06105,0.11755,0.33731,1.6525,0.24281,0.24406,0.00074,2.31808,0.04199,0.15078,0.58147,0.24281,0.24406,1.03768,1.06049,0.98913,1.90387,2.31808,0.31296,0.58666
2025-12-30 07:00:00,1.55519,0.01693,0.09283,0.06388,0.04546,0.00501,0.00996,0.02125,0.07742,0.19486,0.40316,1.22552,0.01828,0.15012,1.03659,0.00045,0,0.00102,0,0,0,0.99023,0.68817,0.26854,0.31967,0.09255,1.84193,0.57684,0.0604,0.11654,0.33845,1.64587,0.24206,0.24339,0.00069,2.29726,0.04186,0.15012,0.57684,0.24206,0.24339,1.03659,1.06068,0.99023,1.88659,2.29726,0.31119,0.58652
2025-12-30 08:00:00,1.55344,0.01683,0.09231,0.06312,0.04493,0.00496,0.00984,0.02113,0.07621,0.19416,0.40174,1.22443,0.0181,0.14951,1.0355,0.00041,0,0.00096,0,0,0,0.99114,0.69539,0.26946,0.3195,0.09097,1.8407,0.57264,0.05976,0.11547,0.34028,1.63993,0.2413,0.24274,0.00063,2.27721,0.04172,0.14951,0.57264,0.2413,0.24274,1.0355,1.06072,0.99114,1.87011,2.27721,0.31012,0.5864
2025-12-30 09:00:00,1.5517,0.01673,0.09176,0.06241,0.0444,0.0049,0.00973,0.02104,0.07503,0.19341,0.4003,1.22114,0.01791,0.14894,1.03441,0.00037,0,0.00091,0,0,0,0.99187,0.70233,0.27037,0.31933,0.08951,1.83948,0.56874,0.05911,0.11444,0.34176,1.63362,0.24055,0.24209,0.00057,2.25793,0.04159,0.14894,0.56874,0.24055,0.24209,1.03441,1.06063,0.99187,1.85444,2.25793,0.30867,0.58629
2025-12-30 10:00:00,1.54996,0.01664,0.09119,0.06165,0.04387,0.00485,0.00962,0.02096,0.07387,0.19262,0.39875,1.21719,0.01773,0.14843,1.03334,0.00033,0,0.00085,0,0,0,0.99242,0.70625,0.27128,0.31916,0.08815,1.83826,0.56506,0.05846,0.1134,0.34226,1.62631,0.23981,0.24144,0.00051,2.23945,0.04146,0.14843,0.56506,0.23981,0.24144,1.03334,1.06041,0.99242,1.83953,2.23945,0.30624,0.58619
2025-12-30 11:00:00,1.54821,0.01656,0.09063,0.0608,0.04334,0.00479,0.00951,0.02088,0.07273,0.19181,0.39723,1.21296,0.01754,0.14795,1.03229,0.0003,0,0.0008,0,0,0,0.99281,0.706,0.2722,0.31899,0.08687,1.83703,0.56158,0.05782,0.11237,0.34238,1.61862,0.23905,0.24081,0.00046,2.22174,0.04132,0.14795,0.56158,0.23905,0.24081,1.03229,1.06009,0.99281,1.82535,2.22174,0.30342,0.58609
2025-12-30 12:00:00,1.54647,0.01648,0.09011,0.06002,0.04281,0.00474,0.00939,0.02081,0.0716,0.19099,0.39571,1.20854,0.01736,0.14751,1.03125,0.00026,0,0.00075,0,0,0,0.99305,0.7029,0.27311,0.31882,0.08555,1.83581,0.55833,0.05717,0.11133,0.34311,1.61155,0.23831,0.24019,0.0004,2.20482,0.04119,0.14751,0.55833,0.23831,0.24019,1.03125,1.05969,0.99305,1.81188,2.20482,0.30121,0.55839
2025-12-30 13:00:00,1.53891,0.01639,0.08962,0.05927,0.04228,0.00468,0.00927,0.02074,0.07049,0.19012,0.39407,1.20189,0.01718,0.14711,1.03024,0.00022,0,0.00071,0,0,0,0.99314,0.69782,0.27355,0.31825,0.08432,1.81638,0.55526,0.05654,0.1105,0.3444,1.60539,0.23756,0.23958,0.00034,2.18865,0.04106,0.14711,0.55526,0.23756,0.23958,1.03024,1.05921,0.99314,1.79908,2.18865,0.29955,0.5272
2025-12-30 14:00:00,1.53136,0.01629,0.08913,0.05856,0.04175,0.00463,0.00916,0.02067,0.06939,0.18919,0.39233,1.19236,0.01699,0.14676,1.02925,0.00019,0,0.00066,0,0,0,0.99311,0.69136,0.27399,0.31767,0.08263,1.79695,0.55236,0.05589,0.10972,0.34635,1.59989,0.23682,0.23897,0.00029,2.17322,0.04093,0.14676,0.55236,0.23682,0.23897,1.02925,1.05865,0.99311,1.78691,2.17322,0.29855,0.52167
2025-12-30 15:00:00,1.5238,0.0162,0.08861,0.05788,0.04122,0.00458,0.00904,0.0206,0.0683,0.18821,0.39053,1.18187,0.0168,0.14642,1.02828,0.00017,0,0.00062,0,0,0,0.99297,0.68403,0.27444,0.3171,0.07995,1.77753,0.54958,0.05526,0.10888,0.34793,1.59403,0.23606,0.23837,0.00023,2.15853,0.0408,0.14642,0.54958,0.23606,0.23837,1.02828,1.05805,0.99297,1.77534,2.15853,0.29719,0.51615
2025-12-30 16:00:00,1.51624,0.01612,0.08806,0.05717,0.0407,0.00452,0.00893,0.02055,0.06723,0.18719,0.38881,1.17102,0.01661,0.14612,1.02734,0.00014,0,0.00057,0,0,0,0.99271,0.67686,0.27488,0.31653,0.07643,1.7581,0.5468,0.05461,0.10809,0.34859,1.58722,0.23532,0.23777,0.00017,2.14451,0.04067,0.14612,0.5468,0.23532,0.23777,1.02734,1.05739,0.99271,1.76434,2.14451,0.29489,0.51062
2025-12-30 17:00:00,1.50869,0.01604,0.08753,0.05636,0.04016,0.00447,0.00881,0.0205,0.06617,0.18614,0.38661,1.15997,0.01643,0.14586,1.02643,0.0001,0,0.00052,0,0,0,0.99237,0.67047,0.27532,0.31595,0.0722,1.73867,0.54386,0.05397,0.10727,0.34886,1.58005,0.23457,0.23718,0.00011,2.13115,0.04054,0.14586,0.54386,0.23457,0.23718,1.02643,1.05669,0.99237,1.75389,2.13115,0.29222,0.50509
2025-12-30 18:00:00,1.50113,0.01596,0.08703,0.05562,0.03963,0.00441,0.0087,0.02045,0.06511,0.18506,0.38475,1.1488,0.01624,0.14563,1.02554,0.00007,0,0.00048,0,0,0,0.99195,0.66462,0.27576,0.31538,0.06737,1.71924,0.54067,0.05333,0.10648,0.34972,1.57345,0.23383,0.2366,0.00006,2.11843,0.04041,0.14563,0.54067,0.23383,0.2366,1.02554,1.05597,0.99195,1.74394,2.11843,0.29012,0.49957
2025-12-30 19:00:00,1.49987,0.01588,0.08657,0.05491,0.03909,0.00435,0.00859,0.02041,0.06406,0.18398,0.38284,1.14304,0.01606,0.14542,1.02468,0.00005,0,0.00045,0,0,0,0.99145,0.65915,0.27514,0.31437,0.06204,1.72103,0.53717,0.0527,0.10612,0.35112,1.56798,0.23309,0.23603,0,2.10631,0.04028,0.14542,0.53717,0.23309,0.23603,1.02468,1.0552,0.99145,1.73446,2.10631,0.28857,0.49404
2025-12-30 20:00:00,1.4986,0.01579,0.0861,0.05424,0.03857,0.00429,0.00847,0.02037,0.06303,0.18289,0.38053,1.14436,0.01588,0.14525,1.02385,0.00003,0,0.00041,0,0,0,0.9909,0.65395,0.27452,0.31336,0.0569,1.72282,0.53333,0.05206,0.10571,0.35318,1.56315,0.23234,0.23545,0,2.09477,0.04016,0.14525,0.53333,0.23234,0.23545,1.02385,1.05443,0.9909,1.72541,2.09477,0.28766,0.48852
2025-12-30 21:00:00,1.49734,0.01571,0.0856,0.05358,0.03803,0.00424,0.00836,0.02033,0.06199,0.18181,0.37857,1.148,0.01569,0.1451,1.02305,0,0,0.00037,0,0,0,0.9903,0.64911,0.2739,0.31235,0.05251,1.72462,0.52918,0.05143,0.10535,0.35491,1.55802,0.2316,0.23489,0,2.08375,0.04003,0.1451,0.52918,0.2316,0.23489,1.02305,1.05364,0.9903,1.71677,2.08375,0.28644,0.48299
2025-12-30 22:00:00,1.49608,0.01563,0.08508,0.05291,0.03749,0.00418,0.00825,0.02029,0.06096,0.18072,0.37658,1.15254,0.01551,0.14498,1.02227,0,0,0.00033,0,0,0,0.98964,0.64671,0.27328,0.31135,0.04876,1.72641,0.52485,0.0508,0.10499,0.35587,1.5521,0.23085,0.23433,0,2.07324,0.0399,0.14498,0.52485,0.23085,0.23433,1.02227,1.05285,0.98964,1.70847,2.07324,0.28444,0.47746
2025-12-30 23:00:00,1.49481,0.01556,0.08457,0.05219,0.03695,0.00412,0.00814,0.02025,0.05994,0.17963,0.37459,1.15719,0.01531,0.14487,1.02151,0,0,0.0003,0,0,0,0.98896,0.64795,0.27266,0.31034,0.04555,1.7282,0.5205,0.05016,0.10462,0.35652,1.54589,0.23011,0.23377,0,2.0632,0.03978,0.14487,0.5205,0.23011,0.23377,1.02151,1.05205,0.98896,1.70047,2.0632,0.28215,0.47194
2025-12-31 00:00:00,1.49355,0.01549,0.0841,0.05149,0.03642,0.00407,0.00802,0.02022,0.05893,0.17854,0.37299,1.16188,0.01513,0.1448,1.02078,0,0,0.00026,0,0,0,0.98825,0.65173,0.27204,0.30933,0.04281,1.72999,0.51623,0.04953,0.10427,0.35767,1.54016,0.22936,0.23322,0,2.05359,0.03965,0.1448,0.51623,0.22936,0.23322,1.02078,1.05123,0.98825,1.69272,2.05359,0.28034,0.47979
2025-12-31 01:00:00,1.50927,0.0154,0.08365,0.05083,0.0359,0.00401,0.00791,0.02019,0.05792,0.1775,0.37107,1.1658,0.01495,0.14475,1.02008,0,0,0.00022,0,0,0,0.98751,0.65725,0.27168,0.3089,0.04046,1.74083,0.5121,0.04889,0.10766,0.35924,1.53873,0.22863,0.23268,0,2.04437,0.03953,0.14475,0.5121,0.22863,0.23268,1.02008,1.05043,0.98751,1.6852,2.04437,0.27897,0.48764
2025-12-31 02:00:00,1.525,0.01531,0.08321,0.05019,0.03537,0.00396,0.00779,0.02016,0.05691,0.17655,0.36963,1.16849,0.01477,0.14471,1.01939,0,0,0.00019,0,0,0,0.98675,0.66399,0.27132,0.30847,0.03845,1.75167,0.5082,0.04827,0.11104,0.36135,1.53783,0.22788,0.23215,0,2.03549,0.0394,0.14471,0.5082,0.22788,0.23215,1.01939,1.04963,0.98675,1.67789,2.03549,0.27812,0.49549
2025-12-31 03:00:00,1.54072,0.01523,0.08274,0.04957,0.03484,0.0039,0.00768,0.02014,0.05592,0.17567,0.36791,1.17095,0.01458,0.1447,1.01873,0,0,0.00017,0,0,0,0.98599,0.67143,0.27096,0.30804,0.03671,1.76251,0.50453,0.04764,0.11443,0.36312,1.5366,0.22714,0.23159,0,2.02692,0.03928,0.1447,0.50453,0.22714,0.23159,1.01873,1.04885,0.98599,1.67076,2.02692,0.27694,0.50335
2025-12-31 04:00:00,1.55644,0.01515,0.08225,0.04891,0.03431,0.00385,0.00757,0.02011,0.05492,0.17485,0.36648,1.17332,0.01439,0.1447,1.01809,0,0,0.00014,0,0,0,0.98521,0.67824,0.2706,0.30762,0.03522,1.77334,0.50109,0.04701,0.11784,0.36401,1.53447,0.2264,0.23106,0,2.01864,0.03916,0.1447,0.50109,0.2264,0.23106,1.01809,1.04806,0.98521,1.66381,2.01864,0.27487,0.5112
2025-12-31 05:00:00,1.57217,0.01507,0.08178,0.04824,0.03378,0.00379,0.00745,0.02009,0.05393,0.17407,0.36512,1.17572,0.01421,0.14473,1.01748,0,0,0.0001,0,0,0,0.98443,0.68364,0.27024,0.30719,0.03393,1.78418,0.49791,0.04638,0.12121,0.36454,1.532,0.22566,0.23054,0,2.01062,0.03903,0.14473,0.49791,0.22566,0.23054,1.01748,1.04728,0.98443,1.65705,2.01062,0.27245,0.51905
2025-12-31 06:00:00,1.58789,0.015,0.08134,0.04758,0.03326,0.00374,0.00734,0.02005,0.05294,0.17333,0.36385,1.17821,0.01402,0.14477,1.01688,0,0,0.00007,0,0,0,0.98366,0.68807,0.26988,0.30676,0.0328,1.79502,0.49499,0.04575,0.1246,0.36559,1.53004,0.22492,0.23001,0,2.00283,0.03891,0.14477,0.49499,0.22492,0.23001,1.01688,1.04652,0.98366,1.65046,2.00283,0.27055,0.5269
2025-12-31 07:00:00,1.5886,0.01492,0.08092,0.04694,0.03274,0.00369,0.00723,0.02003,0.05197,0.17259,0.36265,1.17885,0.01384,0.14482,1.01631,0,0,0.00005,0,0,0,0.98287,0.69182,0.27052,0.30693,0.03182,1.80632,0.4923,0.04512,0.12244,0.36711,1.52314,0.22418,0.22948,0,1.99526,0.03879,0.14482,0.4923,0.22418,0.22948,1.01631,1.04578,0.98287,1.64405,1.99526,0.26912,0.53476
2025-12-31 08:00:00,1.58932,0.01484,0.0805,0.04629,0.03221,0.00363,0.00712,0.02,0.05099,0.17184,0.36128,1.17717,0.01365,0.1449,1.01575,0,0,0.00003,0,0,0,0.9821,0.69511,0.27116,0.3071,0.03096,1.81762,0.48984,0.0445,0.12031,0.36921,1.51684,0.22344,0.22896,0,1.98791,0.03866,0.1449,0.48984,0.22344,0.22896,1.01575,1.04505,0.9821,1.63783,1.98791,0.26827,0.54261
2025-12-31 09:00:00,1.59003,0.01476,0.08006,0.04566,0.03168,0.00358,0.007,0.01998,0.05001,0.17106,0.35989,1.17475,0.01347,0.14498,1.01521,0,0,0,0,0,0,0.98134,0.6979,0.2718,0.30726,0.0302,1.82891,0.48758,0.04388,0.11816,0.371,1.51021,0.22269,0.22844,0,1.98075,0.03854,0.14498,0.48758,0.22269,0.22844,1.01521,1.04433,0.98134,1.63179,1.98075,0.26711,0.55046
2025-12-31 10:00:00,1.59075,0.01469,0.07959,0.04499,0.03115,0.00352,0.00689,0.01996,0.04903,0.17028,0.3584,1.17214,0.01329,0.14507,1.01469,0,0,0,0,0,0,0.98058,0.69907,0.27244,0.30743,0.02953,1.84021,0.48553,0.04325,0.11602,0.37203,1.50282,0.22196,0.22793,0,1.9738,0.03842,0.14507,0.48553,0.22196,0.22793,1.01469,1.04363,0.98058,1.62593,1.9738,0.26519,0.55831
2025-12-31 11:00:00,1.59147,0.01463,0.07913,0.04425,0.03063,0.00347,0.00678,0.01993,0.04807,0.16948,0.35695,1.16941,0.01309,0.14518,1.01419,0,0,0,0,0,0,0.97984,0.69803,0.27308,0.3076,0.02893,1.85151,0.48366,0.04263,0.11389,0.37275,1.49514,0.22121,0.22741,0,1.96703,0.03829,0.14518,0.48366,0.22121,0.22741,1.01419,1.04295,0.97984,1.62027,1.96703,0.26296,0.56617
2025-12-31 12:00:00,1.59218,0.01456,0.0787,0.04354,0.0301,0.00341,0.00667,0.01991,0.0471,0.16867,0.35552,1.16657,0.01291,0.14531,1.0137,0,0,0,0,0,0,0.97911,0.69543,0.27372,0.30777,0.02841,1.86281,0.48195,0.042,0.11174,0.37395,1.48791,0.22048,0.22689,0,1.96046,0.03817,0.14531,0.48195,0.22048,0.22689,1.0137,1.04228,0.97911,1.6148,1.96046,0.2612,0.64797
2025-12-31 13:00:00,1.58865,0.01448,0.0783,0.04288,0.02957,0.00336,0.00655,0.01989,0.04614,0.16783,0.35405,1.16347,0.01272,0.14544,1.01322,0,0,0,0,0.00035,0,0.97839,0.69179,0.2743,0.3077,0.02796,1.86753,0.48039,0.04139,0.1103,0.37561,1.48198,0.21973,0.22639,0,1.95407,0.03805,0.14544,0.48039,0.21973,0.22639,1.01322,1.04162,0.97839,1.60951,1.95407,0.25991,0.72621
2025-12-31 14:00:00,1.58513,0.0144,0.0779,0.04224,0.02904,0.0033,0.00643,0.01985,0.04518,0.16695,0.35245,1.16006,0.01254,0.14558,1.01276,0,0,0,0,0.0007,0,0.97768,0.68742,0.27487,0.30762,0.02755,1.87225,0.47897,0.04076,0.10888,0.37484,1.47656,0.219,0.22589,0,1.94789,0.03793,0.14558,0.47897,0.219,0.22589,1.01276,1.04099,0.97768,1.60442,1.94789,0.25914,0.72641
2025-12-31 15:00:00,1.5816,0.01432,0.07747,0.04164,0.02852,0.00324,0.00632,0.01983,0.04422,0.16604,0.35086,1.15659,0.01235,0.14575,1.01232,0,0,0,0,0.00105,0,0.97699,0.6826,0.27544,0.30754,0.02719,1.87697,0.47768,0.04015,0.10743,0.37382,1.4709,0.21826,0.22538,0,1.94188,0.03782,0.14575,0.47768,0.21826,0.22538,1.01232,1.04037,0.97699,1.5995,1.94188,0.25812,0.72662
2025-12-31 16:00:00,1.57807,0.01425,0.07701,0.04103,0.02799,0.00319,0.0062,0.01981,0.04326,0.1651,0.34936,1.15308,0.01217,0.14591,1.01188,0,0,0,0,0.00139,0,0.97632,0.67804,0.27602,0.30747,0.02687,1.88169,0.4765,0.03952,0.10599,0.37211,1.46455,0.21752,0.22488,0,1.93607,0.0377,0.14591,0.4765,0.21752,0.22488,1.01188,1.03977,0.97632,1.59478,1.93607,0.25642,0.72686
2025-12-31 17:00:00,1.57455,0.01418,0.07657,0.04042,0.02746,0.00312,0.00609,0.0198,0.0423,0.16414,0.3474,1.14949,0.01198,0.14608,1.01146,0,0,0,0,0.00174,0,0.97565,0.67414,0.27659,0.3074,0.02658,1.88641,0.47542,0.03891,0.10455,0.37016,1.45796,0.21678,0.22438,0,1.93043,0.03758,0.14608,0.47542,0.21678,0.22438,1.01146,1.03919,0.97565,1.59024,1.93043,0.25447,0.72712
2025-12-31 18:00:00,1.57102,0.01412,0.07616,0.03981,0.02693,0.00307,0.00597,0.01978,0.04134,0.16315,0.34579,1.14583,0.01181,0.14626,1.01106,0,0,0,0,0.00209,0,0.97501,0.6707,0.27717,0.30732,0.02632,1.89113,0.47444,0.03828,0.10314,0.36862,1.45177,0.21604,0.22388,0,1.92499,0.03746,0.14626,0.47444,0.21604,0.22388,1.01106,1.03861,0.97501,1.58587,1.92499,0.25293,0.7274
2025-12-31 19:00:00,1.61676,0.01404,0.07577,0.03927,0.0264,0.00302,0.00586,0.01977,0.04038,0.16318,0.34454,1.182,0.01163,0.14645,1.01066,0,0,0,0,0.00283,0,0.97439,0.66758,0.28595,0.31039,0.02608,1.90641,0.47355,0.03959,0.11535,0.36839,1.47571,0.2153,0.22338,0,1.91973,0.03784,0.14645,0.47355,0.2153,0.22338,1.01066,1.03806,0.97439,1.58168,1.91973,0.2527,0.72773
2025-12-31 20:00:00,1.66251,0.01396,0.07539,0.03893,0.02587,0.00297,0.00575,0.01977,0.03943,0.16505,0.34358,1.27237,0.01143,0.14664,1.01027,0,0,0,0,0.00358,0,0.97377,0.66468,0.29472,0.31347,0.02586,1.92169,0.47273,0.04088,0.12827,0.36953,1.50103,0.21456,0.22289,0,1.91465,0.03823,0.14664,0.47273,0.21456,0.22289,1.01027,1.03752,0.97377,1.57765,1.91465,0.25385,0.72809
2025-12-31 21:00:00,1.70825,0.01389,0.07499,0.03883,0.02534,0.00293,0.00564,0.01975,0.03848,0.1684,0.34358,1.49066,0.01125,0.14684,1.00989,0,0,0,0,0.00432,0,0.97318,0.66222,0.3035,0.31654,0.02566,1.93698,0.47197,0.04219,0.14155,0.37226,1.52793,0.21383,0.2224,0,1.90973,0.03861,0.14684,0.47197,0.21383,0.2224,1.00989,1.037,0.97318,1.57379,1.90973,0.25658,0.7285
2025-12-31 22:00:00,1.75399,0.01382,0.07457,0.03904,0.02481,0.00291,0.00554,0.01974,0.03753,0.17291,0.3441,1.60646,0.01107,0.14705,1.00952,0,0,0,0,0.00506,0,0.9726,0.66297,0.31228,0.31961,0.02548,1.95226,0.47126,0.0435,0.15504,0.37986,1.5597,0.21308,0.22189,0,1.90499,0.03899,0.14705,0.47126,0.21308,0.22189,1.00952,1.03648,0.9726,1.57009,1.90499,0.26418,0.72897
2025-12-31 23:00:00,1.79974,0.01376,0.07417,0.03982,0.02428,0.00288,0.00545,0.01974,0.0366,0.17837,0.3453,1.72259,0.01089,0.14727,1.00916,0,0,0,0,0.00581,0,0.97203,0.66854,0.32105,0.32269,0.0253,1.96754,0.47062,0.04479,0.16859,0.38994,1.59396,0.21235,0.2214,0,1.90043,0.03938,0.14727,0.47062,0.21235,0.2214,1.00916,1.03598,0.97203,1.56655,1.90043,0.27427,0.72951
2026-01-01 00:00:00,1.84548,0.01371,0.07381,0.04032,0.02375,0.00284,0.00539,0.01973,0.03569,0.18459,0.34808,1.83927,0.01069,0.14749,1.00881,0,0,0,0,0.00655,0,0.97148,0.67743,0.32983,0.32576,0.02514,1.98282,0.47001,0.0461,0.18224,0.39767,1.62586,0.21161,0.22091,0,1.89603,0.03976,0.14749,0.47001,0.21161,0.22091,1.00881,1.0355,0.97148,1.56315,1.89603,0.282,0.73015
2026-01-01 01:00:00,2.04371,0.01366,0.0735,0.04065,0.02323,0.0028,0.00536,0.01972,0.0348,0.19317,0.35326,2.01176,0.01051,0.14772,1.00847,0,0,0,0,0.0081,0,0.97095,0.68863,0.37732,0.34804,0.02499,2.08463,0.46951,0.0605,0.20317,0.40873,1.70789,0.21088,0.22042,0,1.89178,0.04167,0.14772,0.46951,0.21088,0.22042,1.00847,1.03503,0.97095,1.5599,1.89178,0.29306,0.73089
2026-01-01 02:00:00,2.24194,0.01361,0.0733,0.04106,0.0227,0.00276,0.00532,0.01972,0.03391,0.20673,0.36288,2.18487,0.01035,0.14796,1.00812,0,0,0,0,0.00965,0,0.97042,0.70143,0.42482,0.37032,0.02484,2.18644,0.46904,0.07491,0.22865,0.42226,1.79238,0.21084,0.21993,0,1.88769,0.04358,0.14796,0.46904,0.21084,0.21993,1.00812,1.03457,0.97042,1.55678,1.88769,0.30659,0.73179
2026-01-01 03:00:00,2.44017,0.01357,0.07324,0.04165,0.02216,0.00275,0.00529,0.01971,0.033,0.22337,0.37557,2.35902,0.01019,0.14819,1.0078,0,0,0,0,0.0112,0,0.96992,0.71669,0.47231,0.39261,0.0247,2.28825,0.4686,0.08931,0.2562,0.44699,1.88808,0.21079,0.21945,0,1.88374,0.04549,0.14819,0.4686,0.21079,0.21945,1.0078,1.03412,0.96992,1.5538,1.88374,0.33132,0.73289
2026-01-01 04:00:00,2.6384,0.01354,0.07331,0.04286,0.02163,0.0028,0.00529,0.01971,0.03211,0.24299,0.39188,2.53496,0.01014,0.14843,1.00748,0,0,0,0,0.01274,0,0.96943,0.74171,0.5198,0.41489,0.02457,2.39006,0.46818,0.10372,0.28553,0.50447,2.01651,0.21075,0.21895,0,1.87995,0.0474,0.14843,0.46818,0.21075,0.21895,1.00748,1.03369,0.96943,1.55096,1.87995,0.3888,0.73426
2026-01-01 05:00:00,2.83663,0.01351,0.07345,0.04524,0.0211,0.00282,0.00534,0.01971,0.03129,0.28493,0.41236,2.71399,0.01014,0.14867,1.00717,0,0,0,0,0.01429,0,0.96895,0.78021,0.5673,0.43717,0.02445,2.49187,0.46779,0.11812,0.31649,0.57794,2.16094,0.21539,0.21847,0,1.8763,0.04931,0.14867,0.46779,0.21539,0.21847,1.00717,1.03327,0.96895,1.54823,1.8763,0.46227,0.73602
2026-01-01 06:00:00,3.03486,0.01349,0.07363,0.04699,0.02058,0.00279,0.00552,0.01972,0.03053,0.33507,0.43738,2.89665,0.0101,0.14892,1.00686,0,0,0,0,0.01584,0,0.96848,0.82806,0.61479,0.45945,0.02432,2.59368,0.46743,0.13253,0.34771,0.63464,2.28861,0.22628,0.21799,0,1.87278,0.05122,0.14892,0.46743,0.22628,0.21799,1.00686,1.03285,0.96848,1.54561,1.87278,0.51897,0.73837
2026-01-01 07:00:00,3.31334,0.01348,0.07387,0.04944,0.02005,0.00276,0.00582,0.01975,0.02981,0.37485,0.46865,3.20813,0.01003,0.14917,1.00656,0.00009,0,0,0,0.01649,0,0.96803,0.88237,0.69032,0.52897,0.0242,2.93689,0.46715,0.14995,0.38053,0.67963,2.49105,0.23924,0.21751,0,1.86939,0.05475,0.14917,0.46715,0.23924,0.21751,1.00656,1.03244,0.96803,1.54313,1.86939,0.56396,0.74166
2026-01-01 08:00:00,3.59182,0.01348,0.07427,0.05515,0.01952,0.00273,0.0061,0.01978,0.02909,0.40835,0.51745,3.52341,0.01003,0.14942,1.00626,0.00043,0,0,0,0.01714,0,0.96758,0.94115,0.76584,0.59849,0.02409,3.28009,0.46688,0.16738,0.4145,0.70771,2.67658,0.2529,0.21702,0,1.86612,0.05827,0.14942,0.46688,0.2529,0.21702,1.00626,1.03206,0.96758,1.54074,1.86612,0.59204,0.7466
2026-01-01 09:00:00,3.8703,0.01348,0.07493,0.0648,0.01926,0.00271,0.00635,0.01981,0.02832,0.43879,0.58548,3.84293,0.01023,0.14968,1.00597,0.00077,0,0,0,0.0178,0,0.96716,1.00187,0.84137,0.66802,0.02398,3.6233,0.46663,0.18481,0.44931,0.74696,2.87327,0.26679,0.21654,0,1.86299,0.0618,0.14968,0.46663,0.26679,0.21654,1.00597,1.03168,0.96716,1.53846,1.86299,0.63128,0.75482
2026-01-01 10:00:00,4.14878,0.01348,0.07582,0.08088,0.01975,0.00275,0.00658,0.01986,0.02755,0.46747,0.65812,4.16761,0.01134,0.14995,1.00568,0.0011,0,0,0,0.01845,0,0.96674,1.0612,0.9169,0.73754,0.02387,3.9665,0.46639,0.20223,0.48433,0.81435,3.09807,0.28076,0.21605,0,1.85996,0.06532,0.14995,0.46639,0.28076,0.21605,1.00568,1.0313,0.96674,1.53628,1.85996,0.69863,0.77128
2026-01-01 11:00:00,4.42726,0.01348,0.07687,0.10879,0.02146,0.00275,0.00681,0.01993,0.02681,0.49545,0.72997,4.50284,0.01308,0.15021,1.0054,0.00144,0,0,0,0.0191,0,0.96633,1.11804,0.99242,0.80706,0.02376,4.30971,0.46616,0.21966,0.51912,0.89305,3.33413,0.31244,0.21556,0,1.85705,0.06884,0.15021,0.46616,0.31244,0.21556,1.0054,1.03094,0.96633,1.5342,1.85705,0.77724,0.82063
2026-01-01 12:00:00,4.70574,0.0135,0.07815,0.13057,0.02511,0.00272,0.00711,0.02001,0.02614,0.52311,0.79967,4.85488,0.01433,0.15048,1.00512,0.00177,0,0,0,0.01975,0,0.96593,1.17314,1.06795,0.87658,0.02366,4.65291,0.46594,0.23708,0.55423,0.95493,3.55334,0.36771,0.21511,0,1.85424,0.07237,0.15048,0.46594,0.36771,0.21511,1.00512,1.03057,0.96593,1.53221,1.85424,0.839,1.60051
2026-01-01 13:00:00,4.99158,0.01353,0.08017,0.1503,0.03146,0.0028,0.00746,0.02014,0.02552,0.58419,0.8658,5.12371,0.0151,0.15076,1.00485,0.0024,0,0,0,0.01999,0,0.96555,1.22705,1.13076,0.9487,0.02355,5.16969,0.46575,0.25151,0.58999,0.99982,3.75803,0.43085,0.2147,0,1.85154,0.08294,0.15076,0.46575,0.43085,0.2147,1.00485,1.03023,0.96555,1.53031,1.85154,0.88388,3.1912
2026-01-01 14:00:00,5.27743,0.01357,0.08418,0.17618,0.04079,0.00302,0.00776,0.02076,0.02573,0.60211,0.92755,5.39664,0.01559,0.15104,1.00458,0.00303,0,0,0,0.02023,0,0.96516,1.28526,1.19357,1.02082,0.02345,5.68646,0.46554,0.26592,0.62467,1.0249,3.94296,0.49661,0.21432,0,1.84894,0.09351,0.15104,0.46554,0.49661,0.21432,1.00458,1.02989,0.96516,1.5285,1.84894,0.90901,3.34208
2026-01-01 15:00:00,5.56327,0.01361,0.09146,0.21023,0.0528,0.00363,0.00802,0.02268,0.02593,0.62011,0.99262,5.66922,0.01599,0.15132,1.00432,0.00367,0.00001,0,0,0.02047,0,0.9648,1.34285,1.25638,1.09295,0.02335,6.20324,0.46536,0.28035,0.65864,1.05722,4.13514,0.56527,0.21414,0,1.84643,0.10409,0.15132,0.46536,0.56527,0.21414,1.00432,1.02956,0.9648,1.52675,1.84643,0.94137,3.39238
2026-01-01 16:00:00,5.84911,0.01373,0.10143,0.26442,0.06679,0.00519,0.00824,0.02691,0.02613,0.63846,1.0836,5.93945,0.01679,0.1516,1.00407,0.00429,0.00001,0,0,0.0207,0,0.96444,1.39142,1.31919,1.16507,0.02326,6.72001,0.46517,0.29476,0.69226,1.10723,4.34496,0.63403,0.21448,0,1.84401,0.11466,0.1516,0.46517,0.63403,0.21448,1.00407,1.02922,0.96444,1.52509,1.84401,0.99139,3.41752
2026-01-01 17:00:00,6.13496,0.01427,0.1125,0.35566,0.08269,0.0062,0.00844,0.03462,0.02633,0.65557,1.16551,6.20601,0.01786,0.1519,1.00381,0.00492,0.00001,0,0,0.02094,0,0.96408,1.43272,1.382,1.23719,0.02316,7.23679,0.46498,0.30919,0.72605,1.16328,4.5608,0.68326,0.21559,0,1.84167,0.12523,0.1519,0.46498,0.68326,0.21559,1.00381,1.0289,0.96408,1.5235,1.84167,1.04742,3.43261
2026-01-01 18:00:00,6.4208,0.01576,0.12424,0.42743,0.10161,0.00655,0.00868,0.04711,0.02651,0.67388,1.22403,6.47143,0.0186,0.1522,1.00356,0.00555,0.00001,0,0,0.02118,0,0.96374,1.46939,1.44481,1.30931,0.02318,7.75356,0.46481,0.3236,0.75973,1.2077,4.76499,0.70927,0.21751,0,1.83943,0.1358,0.1522,0.46481,0.70927,0.21751,1.00356,1.02859,0.96374,1.52198,1.83943,1.09181,3.44267
2026-01-01 19:00:00,6.54408,0.01874,0.13834,0.47953,0.12494,0.00776,0.00896,0.06504,0.02668,0.68083,1.26375,6.45239,0.019,0.1525,1.00332,0.00539,0.00001,0.00009,0,0.02012,0,0.96341,1.50312,1.45925,1.35281,0.02342,7.85825,0.4646,0.32821,0.77284,1.23736,4.86598,0.72754,0.22021,0,1.83727,0.15264,0.1525,0.4646,0.72754,0.22021,1.00332,1.02829,0.96341,1.52052,1.83727,1.12143,3.44985
2026-01-01 20:00:00,6.66735,0.02287,0.15978,0.51159,0.1534,0.01004,0.00919,0.08735,0.02687,0.68649,1.28572,6.4266,0.01916,0.15282,1.00308,0.00522,0.00001,0.00045,0,0.01906,0,0.96307,1.53497,1.47369,1.39631,0.02385,7.96293,0.46444,0.33282,0.78208,1.25111,4.95107,0.74323,0.22365,0,1.83518,0.16948,0.15282,0.46444,0.74323,0.22365,1.00308,1.02799,0.96307,1.51912,1.83518,1.13516,3.45524
2026-01-01 21:00:00,6.79063,0.02723,0.19094,0.52349,0.1848,0.01571,0.00956,0.11107,0.0271,0.69343,1.30114,6.36833,0.01907,0.15313,1.00285,0.00507,0.00002,0.00081,0,0.018,0,0.96275,1.56063,1.48813,1.43981,0.02444,8.06762,0.46434,0.33743,0.79039,1.26587,5.03722,0.75806,0.22835,0,1.8332,0.18633,0.15313,0.46434,0.75806,0.22835,1.00285,1.02768,0.96275,1.51778,1.8332,1.14993,3.45943
2026-01-01 22:00:00,6.9139,0.03145,0.22676,0.53333,0.21484,0.02923,0.01051,0.14067,0.02734,0.70037,1.31014,6.29,0.01853,0.15345,1.00262,0.00491,0.00002,0.00115,0,0.01693,0,0.96244,1.5756,1.50256,1.4833,0.02516,8.1723,0.46432,0.34204,0.79833,1.2814,5.12419,0.76826,0.23557,0,1.83135,0.20317,0.15345,0.46432,0.76826,0.23557,1.00262,1.02739,0.96244,1.51649,1.83135,1.16553,3.46279
2026-01-01 23:00:00,7.03717,0.03579,0.26126,0.54037,0.24045,0.03823,0.01267,0.17141,0.02756,0.70732,1.31615,6.19366,0.01767,0.15377,1.0024,0.00475,0.00002,0.00151,0,0.01587,0,0.96213,1.582,1.517,1.5268,0.02602,8.27699,0.4644,0.34664,0.80608,1.29537,5.20962,0.76732,0.24617,0,1.82966,0.22001,0.15377,0.4644,0.76732,0.24617,1.0024,1.02711,0.96213,1.51525,1.82966,1.1796,3.46553
2026-01-02 00:00:00,7.16045,0.04089,0.29015,0.54709,0.25959,0.04157,0.01761,0.20583,0.02778,0.71562,1.32284,6.08799,0.01702,0.1541,1.00219,0.00458,0.00002,0.00194,0,0.01481,0,0.96182,1.58297,1.53144,1.5703,0.02723,8.38167,0.46459,0.35125,0.81373,1.30702,5.2927,0.7574,0.26026,0,1.82815,0.23685,0.1541,0.46459,0.7574,0.26026,1.00219,1.02683,0.96182,1.51406,1.82815,1.19131,3.46782
2026-01-02 01:00:00,7.07195,0.04751,0.30955,0.55255,0.27066,0.0422,0.02473,0.2427,0.0282,0.70788,1.32273,5.938,0.01675,0.15443,1.00197,0.0051,0.00004,0.00263,0,0.01421,0,0.96153,1.58047,1.52189,1.56687,0.02895,8.36614,0.46484,0.34245,0.80447,1.31268,5.26242,0.74448,0.27779,0,1.82688,0.24039,0.15443,0.46484,0.74448,0.27779,1.00197,1.02656,0.96153,1.51292,1.82688,1.19699,3.46975
2026-01-02 02:00:00,6.98346,0.05524,0.31783,0.5549,0.27351,0.04194,0.03174,0.27542,0.02921,0.70147,1.31837,5.78418,0.01705,0.15477,1.00176,0.00561,0.00007,0.00333,0,0.01361,0,0.96123,1.57576,1.51234,1.56344,0.03109,8.35061,0.46528,0.33366,0.79036,1.31348,5.22722,0.73057,0.29865,0,1.82591,0.24392,0.15477,0.46528,0.73057,0.29865,1.00176,1.02629,0.96123,1.51184,1.82591,1.19777,3.47141
2026-01-02 03:00:00,6.89496,0.06288,0.31681,0.5533,0.27008,0.04016,0.0381,0.2988,0.03134,0.69372,1.30669,5.63012,0.01935,0.15511,1.00156,0.00613,0.00009,0.00403,0,0.01301,0,0.96095,1.56727,1.50279,1.56001,0.0336,8.33508,0.46594,0.32487,0.77367,1.31196,5.18973,0.71632,0.32197,0,1.82533,0.24746,0.15511,0.46594,0.71632,0.32197,1.00156,1.02603,0.96095,1.51081,1.82533,1.19623,3.47285
2026-01-02 04:00:00,6.80646,0.06967,0.31016,0.54616,0.26314,0.03476,0.04379,0.31257,0.03526,0.68661,1.28967,5.47109,0.02316,0.15547,1.00136,0.00664,0.00011,0.00471,0,0.0124,0,0.96068,1.55298,1.49324,1.55657,0.03641,8.31954,0.46684,0.31608,0.75572,1.30384,5.14561,0.70187,0.34624,0,1.82526,0.251,0.15547,0.46684,0.70187,0.34624,1.00136,1.02577,0.96068,1.50985,1.82526,1.18808,3.4741
2026-01-02 05:00:00,6.71797,0.0749,0.30069,0.5297,0.25446,0.03113,0.04888,0.31777,0.0418,0.67949,1.26964,5.30721,0.02686,0.15583,1.00117,0.00715,0.00014,0.00541,0,0.0118,0,0.9604,1.534,1.48369,1.55314,0.03961,8.30401,0.46802,0.30728,0.7372,1.29203,5.09779,0.68697,0.37038,0,1.82587,0.25453,0.15583,0.46802,0.68697,0.37038,1.00117,1.02552,0.9604,1.50895,1.82587,1.17623,3.47521
2026-01-02 06:00:00,6.62947,0.07776,0.29005,0.51676,0.24469,0.02975,0.05383,0.31559,0.05175,0.67236,1.24794,5.13675,0.0307,0.15622,1.00099,0.00766,0.00016,0.00544,0,0.0112,0,0.96014,1.51204,1.47414,1.54971,0.04316,8.28848,0.46947,0.29849,0.71789,1.28311,5.05288,0.67161,0.39408,0,1.82734,0.25807,0.15622,0.46947,0.67161,0.39408,1.00099,1.02527,0.96014,1.50812,1.82734,1.16729,3.4762
2026-01-02 07:00:00,6.47919,0.0775,0.27907,0.50653,0.23417,0.02909,0.05859,0.30812,0.06578,0.66175,1.22565,4.98486,0.03461,0.15663,1.00081,0.00796,0.00025,0.00527,0,0.01079,0,0.95988,1.48819,1.45743,1.52746,0.04693,8.22131,0.47116,0.28873,0.69481,1.27588,4.98231,0.6561,0.41726,0,1.82983,0.25145,0.15663,0.47116,0.6561,0.41726,1.00081,1.02503,0.95988,1.50738,1.82983,1.16007,3.47708
2026-01-02 08:00:00,6.3289,0.07474,0.26759,0.49738,0.22292,0.02847,0.06263,0.29829,0.0844,0.6505,1.2024,4.82938,0.03848,0.15705,1.00065,0.00825,0.00033,0.00512,0,0.01037,0,0.95961,1.46313,1.44072,1.5052,0.05088,8.15413,0.47313,0.27897,0.67246,1.27171,4.91481,0.64054,0.43977,0,1.83351,0.24483,0.15705,0.47313,0.64054,0.43977,1.00065,1.0248,0.95961,1.50672,1.83351,1.15593,3.47788
2026-01-02 09:00:00,6.17862,0.07092,0.25556,0.48773,0.21113,0.02745,0.06591,0.28849,0.10798,0.63912,1.17962,4.67189,0.04198,0.15746,1.0005,0.00854,0.00042,0.00498,0,0.00996,0,0.95937,1.43798,1.42402,1.48295,0.05499,8.08696,0.47538,0.26922,0.65036,1.26616,4.84597,0.62496,0.46113,0,1.83845,0.23821,0.15746,0.47538,0.62496,0.46113,1.0005,1.02457,0.95937,1.50616,1.83845,1.15043,3.47859
2026-01-02 10:00:00,6.02833,0.06688,0.24382,0.47424,0.19941,0.02557,0.0684,0.27916,0.13649,0.62739,1.16201,4.51354,0.04453,0.15789,1.00036,0.00884,0.00051,0.00482,0,0.00955,0,0.95913,1.41391,1.40731,1.46069,0.05922,8.01979,0.4779,0.25946,0.62854,1.25766,4.77418,0.60929,0.48079,0,1.8447,0.23158,0.15789,0.4779,0.60929,0.48079,1.00036,1.02435,0.95913,1.50573,1.8447,1.142,3.47925
2026-01-02 11:00:00,5.87805,0.06289,0.23306,0.45352,0.18801,0.0243,0.07003,0.26955,0.16914,0.6158,1.14113,4.35432,0.04606,0.15832,1.00022,0.00913,0.00059,0.00466,0,0.00913,0,0.95888,1.391,1.3906,1.43844,0.06349,7.95261,0.48066,0.2497,0.60696,1.24824,4.70144,0.59394,0.49848,0,1.85225,0.22496,0.15832,0.48066,0.59394,0.49848,1.00022,1.02413,0.95888,1.50542,1.85225,1.13261,3.47984
2026-01-02 12:00:00,5.72776,0.05892,0.22344,0.43687,0.17663,0.02379,0.07055,0.259,0.2044,0.60433,1.11799,4.19522,0.0471,0.15876,1.0001,0.00943,0.00068,0.00496,0,0.00872,0,0.95865,1.36883,1.37389,1.41618,0.08447,7.88544,0.48361,0.23994,0.58526,1.2408,4.63062,0.57912,0.51416,0,1.86104,0.21834,0.15876,0.48361,0.57912,0.51416,1.0001,1.02392,0.95865,1.50524,1.86104,1.12515,3.61821
2026-01-02 13:00:00,5.59659,0.05483,0.21492,0.42404,0.16486,0.0235,0.07016,0.24771,0.23968,0.59804,1.09431,4.11987,0.04786,0.15921,0.99998,0.00957,0.00072,0.00553,0,0.00846,0,0.95843,1.34711,1.36056,1.39357,0.13125,7.82046,0.4881,0.23171,0.57296,1.23581,4.58165,0.56448,0.52802,0,1.87102,0.21432,0.15921,0.4881,0.56448,0.52802,0.99998,1.02372,0.95843,1.50519,1.87102,1.12009,3.75181
2026-01-02 14:00:00,5.46543,0.05073,0.20725,0.41505,0.15253,0.02318,0.06946,0.23663,0.27171,0.59163,1.07165,4.04332,0.0484,0.15966,0.99988,0.00973,0.00076,0.00612,0,0.0082,0,0.9582,1.32571,1.34723,1.37096,0.19215,7.75548,0.49746,0.22348,0.56138,1.2334,4.53524,0.5499,0.54027,0,1.88204,0.21029,0.15966,0.49746,0.5499,0.54027,0.99988,1.02352,0.9582,1.50531,1.88204,1.11759,3.75219
2026-01-02 15:00:00,5.33426,0.04699,0.2002,0.40927,0.14006,0.02263,0.06865,0.22684,0.29865,0.58535,1.05126,3.96429,0.04874,0.16015,0.99978,0.00989,0.0008,0.00669,0,0.00794,0,0.95799,1.30596,1.3339,1.34836,0.26137,7.6905,0.51417,0.21525,0.55024,1.23057,4.48844,0.53534,0.55095,0,1.894,0.20627,0.16015,0.51417,0.53534,0.55095,0.99978,1.02333,0.95799,1.50556,1.894,1.1147,3.75261
2026-01-02 16:00:00,5.20309,0.04376,0.1938,0.40258,0.12841,0.02153,0.06779,0.21855,0.32049,0.57941,1.03373,3.88429,0.04867,0.16067,0.9997,0.01004,0.00084,0.00726,0,0.00768,0,0.95778,1.29013,1.32057,1.32575,0.3272,7.62552,0.5389,0.20702,0.53898,1.22696,4.44088,0.52078,0.56012,0,1.90673,0.20224,0.16067,0.5389,0.52078,0.56012,0.9997,1.02315,0.95778,1.50602,1.90673,1.11106,3.75307
2026-01-02 17:00:00,5.07193,0.04101,0.1882,0.39387,0.11827,0.0208,0.06687,0.21117,0.33739,0.57236,1.01649,3.80492,0.04818,0.16121,0.99963,0.01019,0.00088,0.00782,0,0.00742,0,0.95757,1.27819,1.30724,1.30314,0.37914,7.56054,0.57072,0.19879,0.52775,1.22326,4.39326,0.50898,0.56786,0,1.92009,0.19822,0.16121,0.57072,0.50898,0.56786,0.99963,1.02298,0.95757,1.50685,1.92009,1.10735,3.75357
2026-01-02 18:00:00,4.94076,0.03869,0.1834,0.38677,0.11056,0.02054,0.06589,0.20403,0.34948,0.56642,1.00128,3.7275,0.04755,0.16179,0.99957,0.01034,0.00092,0.00815,0,0.00716,0,0.95738,1.26874,1.29391,1.28053,0.41888,7.49556,0.60701,0.19056,0.51647,1.22028,4.34636,0.50086,0.57398,0,1.93392,0.19419,0.16179,0.60701,0.50086,0.57398,0.99957,1.02282,0.95738,1.50841,1.93392,1.10436,3.75414
2026-01-02 19:00:00,4.91611,0.03667,0.17939,0.38141,0.10503,0.02047,0.06481,0.19697,0.35714,0.56807,0.98842,3.73142,0.0469,0.16236,0.99954,0.01049,0.00095,0.00855,0,0.00726,0,0.95719,1.26086,1.2899,1.27345,0.44805,7.48874,0.64483,0.19369,0.51634,1.2193,4.36077,0.49397,0.57886,0,1.94818,0.19419,0.16236,0.64483,0.49397,0.57886,0.99954,1.02267,0.95719,1.51112,1.94818,1.1034,3.75476
2026-01-02 20:00:00,4.89146,0.03492,0.17623,0.3781,0.10154,0.02045,0.06382,0.19036,0.36091,0.56861,0.97763,3.73626,0.04625,0.16295,0.99952,0.01065,0.00099,0.00894,0,0.00735,0,0.95701,1.25399,1.28589,1.26637,0.46722,7.48193,0.68206,0.19683,0.52064,1.22029,4.37715,0.48748,0.58263,0,1.96288,0.19418,0.16295,0.68206,0.48748,0.58263,0.99952,1.02252,0.95701,1.51535,1.96288,1.10441,3.75547
2026-01-02 21:00:00,4.86681,0.03346,0.17393,0.37718,0.09961,0.0205,0.06302,0.18486,0.36139,0.57026,0.97226,3.74271,0.04563,0.16369,0.99953,0.0108,0.00102,0.00934,0,0.00745,0,0.95684,1.24982,1.28188,1.2593,0.4767,7.47511,0.71706,0.19996,0.52682,1.22312,4.39537,0.48113,0.58532,0,1.97811,0.19418,0.16369,0.71706,0.48113,0.58532,0.99953,1.02239,0.95684,1.52139,1.97811,1.10726,3.75627
2026-01-02 22:00:00,4.84216,0.03228,0.1723,0.37724,0.09866,0.02071,0.06249,0.18078,0.35893,0.5719,0.9711,3.75514,0.04505,0.16481,0.99957,0.01094,0.00105,0.00974,0,0.00755,0,0.95668,1.25007,1.27787,1.25222,0.48028,7.46829,0.74855,0.20309,0.53383,1.23151,4.41915,0.47482,0.58705,0,1.99402,0.19417,0.16481,0.74855,0.47482,0.58705,0.99957,1.02227,0.95668,1.5293,1.99402,1.11567,3.75719
2026-01-02 23:00:00,4.81751,0.03135,0.17111,0.3789,0.0983,0.02085,0.06237,0.17798,0.35307,0.57355,0.97245,3.76743,0.04452,0.16636,0.99969,0.0111,0.00109,0.01008,0,0.00764,0,0.95652,1.25506,1.27386,1.24514,0.48159,7.46148,0.77585,0.20623,0.54129,1.24279,4.44583,0.47447,0.58789,0,2.01069,0.19417,0.16636,0.77585,0.47447,0.58789,0.99969,1.02216,0.95652,1.53898,2.01069,1.12698,3.75824
2026-01-03 00:00:00,4.79286,0.03066,0.17027,0.38008,0.09834,0.0209,0.06299,0.17629,0.34358,0.57632,0.97651,3.78115,0.04404,0.16834,0.99994,0.01125,0.00112,0.01032,0,0.00774,0,0.95638,1.26363,1.26985,1.23806,0.48118,7.45466,0.79896,0.20936,0.54888,1.2514,4.46984,0.48204,0.58789,0,2.02821,0.19416,0.16834,0.79896,0.48204,0.58789,0.99994,1.02205,0.95638,1.55027,2.02821,1.13562,3.75948
2026-01-03 01:00:00,4.83401,0.03023,0.16996,0.38251,0.09862,0.02162,0.0642,0.1755,0.33178,0.58585,0.98096,4.10073,0.04361,0.17073,1.00034,0.01184,0.00119,0.01052,0,0.00946,0,0.95625,1.27417,1.28437,1.25108,0.47934,7.51545,0.8183,0.21039,0.55513,1.25988,4.56536,0.49225,0.58701,0,2.04658,0.20969,0.17073,0.8183,0.49225,0.58701,1.00034,1.02197,0.95625,1.56285,2.04658,1.14412,3.76093
2026-01-03 02:00:00,4.87515,0.02999,0.1707,0.38957,0.09906,0.02302,0.06548,0.17541,0.31941,0.59655,0.98789,4.42382,0.04327,0.17355,1.00096,0.01242,0.00126,0.01072,0,0.01117,0,0.95612,1.28597,1.29889,1.2641,0.47628,7.57625,0.83419,0.21141,0.56051,1.26722,4.65972,0.50335,0.58523,0,2.06573,0.22521,0.17355,0.83419,0.50335,0.58523,1.00096,1.02191,0.95612,1.57647,2.06573,1.15147,3.76268
2026-01-03 03:00:00,4.91629,0.02987,0.1728,0.40238,0.10009,0.02651,0.06691,0.17576,0.3075,0.6061,0.99679,4.74971,0.04306,0.17668,1.0018,0.01301,0.00133,0.01091,0,0.01289,0,0.956,1.30038,1.31341,1.27712,0.47216,7.63705,0.84698,0.21244,0.56558,1.2793,4.75883,0.51474,0.58272,0,2.08554,0.24073,0.17668,0.84698,0.51474,0.58272,1.0018,1.02189,0.956,1.59077,2.08554,1.16355,3.76482
2026-01-03 04:00:00,4.95744,0.02983,0.17581,0.42372,0.10245,0.03486,0.06905,0.17647,0.2965,0.61625,1.00976,5.07738,0.04325,0.17996,1.0029,0.01359,0.00139,0.01111,0,0.01461,0,0.95591,1.31978,1.32792,1.29014,0.46712,7.69784,0.85701,0.21346,0.57044,1.30462,4.87116,0.52623,0.57973,0,2.10583,0.25626,0.17996,0.85701,0.52623,0.57973,1.0029,1.02191,0.95591,1.60546,2.10583,1.18887,3.76749
2026-01-03 05:00:00,4.99859,0.02988,0.17912,0.46068,0.10694,0.04043,0.07266,0.17765,0.2865,0.62643,1.02465,5.40658,0.04386,0.18336,1.00426,0.01418,0.00146,0.0113,0,0.01632,0,0.95582,1.34388,1.34244,1.30316,0.46136,7.75864,0.86457,0.21448,0.5753,1.33611,4.98966,0.54509,0.57646,0,2.12639,0.27178,0.18336,0.86457,0.54509,0.57646,1.00426,1.02199,0.95582,1.62034,2.12639,1.22036,3.77092
2026-01-03 06:00:00,5.03973,0.03006,0.18251,0.48966,0.11482,0.04252,0.0799,0.17944,0.27751,0.63663,1.04046,5.73784,0.04461,0.18684,1.00585,0.01476,0.00153,0.0115,0,0.01804,0,0.95577,1.37095,1.35696,1.31618,0.45502,7.81943,0.86992,0.21551,0.5801,1.36055,5.10111,0.5739,0.57298,0,2.14701,0.28731,0.18684,0.86992,0.5739,0.57298,1.00585,1.02216,0.95577,1.63517,2.14701,1.24479,3.7755
2026-01-03 07:00:00,5.1326,0.03043,0.18627,0.51354,0.12743,0.04432,0.08996,0.18195,0.26958,0.64021,1.05651,6.05115,0.04543,0.19041,1.00766,0.01771,0.00867,0.01169,0,0.01806,0,0.95575,1.39993,1.39079,1.32784,0.44821,7.9939,0.87343,0.20604,0.5653,1.37829,5.25547,0.60705,0.56932,0,2.16748,0.31449,0.19041,0.87343,0.60705,0.56932,1.00766,1.02243,0.95575,1.64978,2.16748,1.26253,3.78191
2026-01-03 08:00:00,5.22546,0.03095,0.19126,0.53808,0.14524,0.04695,0.09986,0.18548,0.263,0.64317,1.07185,6.3715,0.04644,0.19404,1.00968,0.02065,0.01581,0.01187,0,0.01807,0,0.95576,1.43011,1.42461,1.3395,0.44113,8.16836,0.87523,0.19657,0.54613,1.38744,5.40123,0.64253,0.56546,0,2.18757,0.34167,0.19404,0.87523,0.64253,0.56546,1.00968,1.02283,0.95576,1.66403,2.18757,1.27168,3.79152
2026-01-03 09:00:00,5.31833,0.03149,0.1979,0.5648,0.1672,0.05279,0.11485,0.19064,0.25813,0.64601,1.08514,6.68876,0.0479,0.19775,1.01188,0.0236,0.02295,0.01206,0,0.01809,0,0.95584,1.4619,1.45844,1.35115,0.43396,8.34283,0.87557,0.1871,0.52531,1.3985,5.54889,0.67878,0.56162,0,2.20712,0.36886,0.19775,0.87557,0.67878,0.56162,1.01188,1.02334,0.95584,1.67781,2.20712,1.28273,3.80755
2026-01-03 10:00:00,5.4112,0.03211,0.20547,0.60549,0.19129,0.06607,0.13344,0.19849,0.2555,0.64845,1.09531,7.00638,0.05122,0.20153,1.01425,0.02655,0.03009,0.01224,0,0.01811,0,0.956,1.49595,1.49227,1.36281,0.42669,8.5173,0.87463,0.17763,0.50394,1.4132,5.70021,0.71636,0.55826,0,2.22597,0.39604,0.20153,0.87463,0.71636,0.55826,1.01425,1.02401,0.956,1.69101,2.22597,1.29743,3.83959
2026-01-03 11:00:00,5.50406,0.03321,0.21322,0.67208,0.2165,0.07491,0.1707,0.21076,0.25594,0.65102,1.1039,7.32353,0.05656,0.20539,1.01677,0.02948,0.03723,0.01272,0,0.01812,0,0.95623,1.53184,1.52609,1.37447,0.41936,8.69176,0.87261,0.16816,0.48208,1.42854,5.85217,0.75747,0.55568,0,2.24399,0.42322,0.20539,0.87261,0.75747,0.55568,1.01677,1.02483,0.95623,1.70356,2.24399,1.31277,3.93573
2026-01-03 12:00:00,5.59693,0.03545,0.22118,0.72477,0.24349,0.07823,0.22672,0.22876,0.26029,0.65372,1.11161,7.63896,0.06238,0.20932,1.01943,0.03243,0.04437,0.0134,0,0.01814,0,0.95658,1.56891,1.55992,1.38613,0.41197,8.86623,0.86968,0.15869,0.46006,1.44089,6.00113,0.80177,0.55395,0,2.26109,0.4504,0.20932,0.86968,0.80177,0.55395,1.01943,1.02581,0.95658,1.71542,2.26109,1.32512,4.43066
2026-01-03 13:00:00,5.65092,0.03953,0.23052,0.76391,0.27334,0.08,0.28066,0.25208,0.26823,0.64367,1.11757,7.50685,0.06826,0.21327,1.02222,0.03058,0.03857,0.01411,0,0.01777,0.00004,0.95704,1.60673,1.57468,1.3708,0.40454,9.02319,0.86602,0.14683,0.43754,1.44616,6.01569,0.84713,0.55312,0,2.27718,0.46195,0.21327,0.86602,0.84713,0.55312,1.02222,1.02695,0.95704,1.72655,2.27718,1.3304,4.57929
2026-01-03 14:00:00,5.70491,0.04502,0.24392,0.79017,0.30683,0.08199,0.32352,0.27779,0.27828,0.63442,1.12132,7.37277,0.07437,0.21723,1.02514,0.02873,0.03277,0.01481,0,0.01739,0.0001,0.95762,1.64502,1.58945,1.35547,0.39715,9.18016,0.86172,0.13497,0.41392,1.44451,6.02334,0.89285,0.55319,0,2.29221,0.4735,0.21723,0.86172,0.89285,0.55319,1.02514,1.02823,0.95762,1.7369,2.29221,1.32877,4.7037
2026-01-03 15:00:00,5.75889,0.05076,0.26204,0.80368,0.34223,0.08581,0.36232,0.30446,0.29002,0.6253,1.12056,7.23764,0.08124,0.22122,1.02815,0.02688,0.02698,0.01552,0,0.01702,0.00019,0.95835,1.67135,1.60421,1.34014,0.38995,9.33713,0.85687,0.12312,0.38968,1.43781,6.02596,0.93869,0.55433,0,2.30616,0.48505,0.22122,0.85687,0.93869,0.55433,1.02815,1.02968,0.95835,1.74649,2.30616,1.32209,4.82809
2026-01-03 16:00:00,5.81288,0.0562,0.28187,0.81788,0.37576,0.09377,0.40508,0.33555,0.30529,0.61656,1.1145,7.10097,0.09195,0.22525,1.03126,0.02503,0.02118,0.01688,0,0.01664,0.00037,0.95922,1.67518,1.61897,1.3248,0.38314,9.49409,0.8516,0.11126,0.36567,1.41559,6.01304,0.96355,0.55703,0,2.31905,0.49659,0.22525,0.8516,0.96355,0.55703,1.03126,1.03129,0.95922,1.75533,2.31905,1.29989,4.95249
2026-01-03 17:00:00,5.86687,0.06132,0.30077,0.83418,0.40478,0.09908,0.41098,0.39191,0.32732,0.60661,1.10474,6.96221,0.10686,0.22931,1.03446,0.02318,0.01538,0.05125,0,0.01627,0.00083,0.96022,1.6621,1.63374,1.30947,0.37693,9.65105,0.84601,0.0994,0.34169,1.38512,5.99186,0.95963,0.56165,0,2.3309,0.50814,0.22931,0.84601,0.95963,0.56165,1.03446,1.03304,0.96022,1.76338,2.3309,1.26943,5.07689
2026-01-03 18:00:00,5.92086,0.06645,0.31723,0.84792,0.42774,0.10107,0.40825,0.48804,0.35922,0.59789,1.09451,6.81951,0.12262,0.23339,1.03772,0.02133,0.00958,0.06422,0,0.01589,0.00195,0.96138,1.63824,1.6485,1.29414,0.37139,9.80802,0.84026,0.08754,0.31762,1.36195,5.97794,0.94537,0.56827,0,2.34178,0.51969,0.23339,0.84026,0.94537,0.56827,1.03772,1.03493,0.96138,1.7707,2.34178,1.24623,5.2013
2026-01-03 19:00:00,5.86394,0.072,0.3298,0.85726,0.4435,0.10095,0.40507,0.53974,0.40042,0.58178,1.08293,6.57408,0.13817,0.2375,1.04106,0.02109,0.00881,0.06554,0,0.01539,0.00435,0.9627,1.60753,1.6261,1.27571,0.37494,9.85783,0.83443,0.08377,0.30343,1.34191,5.8892,0.92766,0.57701,0,2.35173,0.51704,0.2375,0.83443,0.92766,0.57701,1.04106,1.03696,0.9627,1.7773,2.35173,1.22609,5.3257
2026-01-03 20:00:00,5.80702,0.07779,0.33778,0.85855,0.45213,0.09978,0.40075,0.56271,0.44649,0.56453,1.06927,6.32457,0.15361,0.24162,1.04446,0.02086,0.00805,0.06356,0,0.01489,0.00769,0.96414,1.57246,1.6037,1.25728,0.39493,9.90764,0.82936,0.07999,0.29183,1.32785,5.80645,0.9088,0.58797,0,2.36087,0.5144,0.24162,0.82936,0.9088,0.58797,1.04446,1.03913,0.96414,1.78321,2.36087,1.21194,5.4501
2026-01-03 21:00:00,5.75011,0.08322,0.34195,0.8504,0.45485,0.09616,0.39313,0.56813,0.49507,0.54845,1.05425,6.07378,0.16762,0.24608,1.04793,0.02063,0.00728,0.05901,0,0.01439,0.01099,0.96575,1.53584,1.5813,1.23885,0.43078,9.95745,0.82708,0.07622,0.28144,1.30666,5.71663,0.88955,0.6011,0,2.36928,0.51175,0.24608,0.82708,0.88955,0.6011,1.04793,1.04143,0.96575,1.78844,2.36928,1.19072,5.5745
2026-01-03 22:00:00,5.69319,0.08796,0.34364,0.83242,0.45313,0.08674,0.38001,0.56286,0.54842,0.53237,1.03581,5.82185,0.17527,0.2515,1.05149,0.02039,0.00651,0.05462,0,0.01388,0.01401,0.9675,1.50013,1.55889,1.22041,0.47766,10.00726,0.8298,0.07245,0.27175,1.26685,5.60826,0.87005,0.61648,0,2.37709,0.5091,0.2515,0.8298,0.87005,0.61648,1.05149,1.04385,0.9675,1.79306,2.37709,1.15096,5.6989
2026-01-03 23:00:00,5.63627,0.09183,0.34375,0.79711,0.44765,0.08046,0.35545,0.55046,0.60921,0.51629,1.01558,5.56803,0.17655,0.25812,1.05525,0.02015,0.00575,0.05046,0,0.01338,0.01704,0.96938,1.46566,1.53649,1.20198,0.52956,10.05707,0.83895,0.06867,0.26264,1.21896,5.49184,0.85028,0.63407,0,2.38442,0.50646,0.25812,0.83895,0.85028,0.63407,1.05525,1.04636,0.96938,1.79713,2.38442,1.10314,5.8233
2026-01-04 00:00:00,5.57935,0.09472,0.34243,0.76965,0.43794,0.0781,0.34005,0.53421,0.67331,0.50122,0.99557,5.31266,0.17618,0.26583,1.05932,0.01992,0.00498,0.04631,0,0.01288,0.02075,0.9714,1.43199,1.51409,1.18355,0.58561,10.10688,0.85477,0.0649,0.25363,1.18155,5.3859,0.83035,0.65376,0,2.39145,0.50381,0.26583,0.85477,0.83035,0.65376,1.05932,1.049,0.9714,1.80078,2.39145,1.0658,5.9477
2026-01-04 01:00:00,5.48622,0.09654,0.3391,0.74876,0.42327,0.07669,0.32754,0.51797,0.73046,0.48491,0.97429,5.14151,0.17533,0.27457,1.06382,0.02007,0.00497,0.04215,0,0.01239,0.02622,0.97356,1.39882,1.48006,1.16073,0.64851,9.86659,0.87689,0.0634,0.2466,1.15361,5.25827,0.81037,0.67549,0,2.39834,0.49801,0.27457,0.87689,0.81037,0.67549,1.06382,1.05175,0.97356,1.80429,2.39834,1.03791,5.79374
2026-01-04 02:00:00,5.39308,0.0975,0.33276,0.73186,0.40342,0.07498,0.31531,0.50316,0.77388,0.48261,0.95387,4.96817,0.17403,0.28426,1.06884,0.02021,0.00496,0.038,0,0.0119,0.0329,0.97582,1.36597,1.44603,1.13792,0.72413,9.62631,0.90521,0.06189,0.24036,1.13742,5.14238,0.79037,0.69852,0,2.40532,0.49221,0.28426,0.90521,0.79037,0.69852,1.06884,1.05461,0.97582,1.80803,2.40532,1.02177,5.63978
2026-01-04 03:00:00,5.29995,0.09794,0.32364,0.71748,0.37984,0.0715,0.30276,0.48785,0.80623,0.47185,0.9327,4.79455,0.17217,0.2948,1.07444,0.02036,0.00495,0.03384,0,0.01141,0.03914,0.97822,1.33461,1.412,1.1151,0.81159,9.38602,0.94172,0.06039,0.23452,1.11602,5.02128,0.77036,0.72112,0,2.41264,0.4864,0.2948,0.94172,0.77036,0.72112,1.07444,1.0576,0.97822,1.81239,2.41264,1.00041,5.48583
2026-01-04 04:00:00,5.20681,0.09794,0.31336,0.69698,0.35541,0.06403,0.28843,0.46877,0.8371,0.45884,0.91571,4.6277,0.168,0.30592,1.08069,0.0205,0.00493,0.03091,0,0.01091,0.04447,0.98074,1.30667,1.37797,1.09228,0.90473,9.14573,0.99042,0.05889,0.22895,1.08182,4.88735,0.75079,0.74206,0,2.42064,0.4806,0.30592,0.99042,0.75079,0.74206,1.08069,1.06076,0.98074,1.8177,2.42064,0.96623,5.33187
2026-01-04 05:00:00,5.11368,0.09719,0.30313,0.66501,0.33188,0.05904,0.26911,0.44464,0.87143,0.4444,0.90255,4.45558,0.16137,0.31748,1.08759,0.02064,0.00492,0.02985,0,0.01042,0.04893,0.98337,1.2821,1.34394,1.06947,0.99782,8.90545,1.047,0.05738,0.22352,1.04296,4.74876,0.73263,0.76097,0,2.42965,0.4748,0.31748,1.047,0.73263,0.76097,1.08759,1.06414,0.98337,1.82432,2.42965,0.92738,5.17791
2026-01-04 06:00:00,5.02054,0.09502,0.29343,0.63942,0.30962,0.05718,0.24342,0.41721,0.90482,0.42922,0.88803,4.28167,0.15462,0.33027,1.09515,0.02079,0.00491,0.02896,0,0.00993,0.05272,0.98612,1.25968,1.30991,1.04665,1.10116,8.66516,1.1105,0.05588,0.21814,1.01225,4.61831,0.71578,0.77782,0,2.44006,0.469,0.33027,1.1105,0.71578,0.77782,1.09515,1.06776,0.98612,1.8326,2.44006,0.89668,5.02396
2026-01-04 07:00:00,4.89566,0.0907,0.2845,0.6199,0.28865,0.05615,0.21651,0.39008,0.93198,0.41563,0.87241,4.19607,0.14867,0.34415,1.10339,0.02098,0.00497,0.02806,0,0.00962,0.05604,0.98903,1.24065,1.28568,1.02578,1.1822,8.4364,1.18055,0.05508,0.21505,0.99023,4.53208,0.69937,0.79262,0,2.45218,0.4623,0.34415,1.18055,0.69937,0.79262,1.10339,1.07167,0.98903,1.84307,2.45218,0.87466,4.87
2026-01-04 08:00:00,4.77078,0.08474,0.27616,0.60587,0.26871,0.05497,0.19333,0.36838,0.95072,0.40437,0.85585,4.11386,0.14336,0.3584,1.11237,0.02115,0.00503,0.02717,0,0.00931,0.05891,0.99211,1.22295,1.26145,1.00491,1.2439,8.20765,1.25478,0.05428,0.21221,0.97786,4.4555,0.6831,0.80539,0,2.46636,0.45561,0.3584,1.25478,0.6831,0.80539,1.11237,1.07592,0.99211,1.8563,2.46636,0.86229,4.71604
2026-01-04 09:00:00,4.64591,0.07846,0.26828,0.59709,0.24989,0.05268,0.17452,0.35847,0.96095,0.39442,0.839,4.03333,0.13843,0.37287,1.12207,0.02134,0.0051,0.02628,0,0.009,0.06123,0.99538,1.20564,1.23723,0.98404,1.28697,7.9789,1.32842,0.05349,0.20952,0.96194,4.37538,0.66687,0.81625,0,2.48291,0.44891,0.37287,1.32842,0.66687,0.81625,1.12207,1.08058,0.99538,1.87274,2.48291,0.84637,4.56209
2026-01-04 10:00:00,4.52103,0.07254,0.26112,0.58755,0.23292,0.04786,0.15987,0.3498,0.96331,0.38495,0.82246,3.95215,0.13292,0.38683,1.13242,0.02152,0.00516,0.02569,0,0.00868,0.06298,0.99888,1.19017,1.213,0.96317,1.31254,7.75014,1.39797,0.05269,0.2069,0.93711,4.28633,0.65098,0.82532,0,2.50212,0.44221,0.38683,1.39797,0.65098,0.82532,1.13242,1.08571,0.99888,1.89269,2.50212,0.82154,4.40813
2026-01-04 11:00:00,4.39615,0.06719,0.25484,0.576,0.21828,0.04464,0.1492,0.33816,0.95873,0.37592,0.80702,3.87002,0.12683,0.3997,1.14328,0.02171,0.00522,0.02517,0,0.00837,0.06417,1.00266,1.17685,1.18877,0.9423,1.32387,7.52138,1.46075,0.05189,0.20429,0.90918,4.1942,0.63865,0.8327,0,2.52425,0.43552,0.3997,1.46075,0.63865,0.8327,1.14328,1.09145,1.00266,1.9163,2.52425,0.79362,4.25417
2026-01-04 12:00:00,4.27127,0.06236,0.24943,0.56648,0.2061,0.04343,0.14223,0.32385,0.94808,0.36713,0.79272,3.78721,0.12115,0.41165,1.15448,0.02188,0.00528,0.02531,0,0.00806,0.06467,1.00674,1.16501,1.16454,0.92143,1.32408,7.29263,1.51506,0.05109,0.20173,0.88707,4.10788,0.63066,0.83849,0,2.54944,0.42882,0.41165,1.51506,0.63066,0.83849,1.15448,1.09797,1.00674,1.94341,2.54944,0.77151,4.12096
2026-01-04 13:00:00,4.20716,0.0579,0.24495,0.55904,0.19638,0.04305,0.13812,0.30814,0.93161,0.35918,0.77946,3.7542,0.11603,0.42285,1.16584,0.022,0.00532,0.02544,0,0.00797,0.06419,1.01122,1.15421,1.14461,0.90639,1.31632,7.13629,1.56004,0.05072,0.19983,0.87171,4.05459,0.62411,0.84254,0,2.57779,0.42272,0.42285,1.56004,0.62411,0.84254,1.16584,1.10535,1.01122,1.97357,2.57779,0.75615,3.50988
2026-01-04 14:00:00,4.14305,0.0538,0.24152,0.55374,0.18885,0.04284,0.13574,0.29317,0.90949,0.3524,0.76719,3.72172,0.11145,0.43346,1.17721,0.02211,0.00536,0.02557,0,0.00788,0.06299,1.01616,1.14413,1.12468,0.89136,1.30265,6.97995,1.59568,0.05036,0.19814,0.86371,4.00868,0.61805,0.8447,0,2.60922,0.41661,0.43346,1.59568,0.61805,0.8447,1.17721,1.11361,1.01616,2.00612,2.60922,0.74815,3.40481
2026-01-04 15:00:00,4.07895,0.05026,0.2391,0.55112,0.1831,0.04273,0.13442,0.28086,0.88226,0.34633,0.75584,3.69025,0.10747,0.44353,1.18849,0.02223,0.0054,0.02571,0,0.00779,0.06169,1.02166,1.13507,1.10475,0.87632,1.28359,6.82361,1.62243,0.05,0.19653,0.85404,3.9611,0.61215,0.84521,0,2.6435,0.41051,0.44353,1.62243,0.61215,0.84521,1.18849,1.12265,1.02166,2.04026,2.6435,0.73848,3.36979
2026-01-04 16:00:00,4.01484,0.04731,0.23742,0.54901,0.17877,0.04292,0.13366,0.27179,0.8511,0.34078,0.74558,3.65984,0.10449,0.45278,1.1996,0.02233,0.00544,0.02589,0,0.0077,0.06051,1.02782,1.12806,1.08481,0.86128,1.25834,6.66727,1.64092,0.04963,0.19494,0.84052,3.90965,0.6063,0.84429,0,2.68022,0.40441,0.45278,1.64092,0.6063,0.84429,1.1996,1.13245,1.02782,2.07444,2.68022,0.72496,3.35228
2026-01-04 17:00:00,3.95073,0.04496,0.23626,0.54754,0.17565,0.04304,0.13316,0.26567,0.81785,0.33472,0.73547,3.63047,0.10245,0.46098,1.21045,0.02245,0.00548,0.02605,0,0.00761,0.0595,1.03469,1.12325,1.06488,0.84625,1.22686,6.51093,1.65162,0.04927,0.19342,0.82604,3.85727,0.59972,0.84215,0,2.71879,0.3983,0.46098,1.65162,0.59972,0.84215,1.21045,1.1431,1.03469,2.10897,2.71879,0.71049,3.34178
2026-01-04 18:00:00,3.88662,0.04321,0.2355,0.54626,0.1737,0.04309,0.13268,0.26211,0.78461,0.32941,0.72695,3.60207,0.10073,0.46821,1.22093,0.02256,0.00552,0.02631,0,0.00752,0.0587,1.04226,1.11996,1.04495,0.83121,1.18992,6.35459,1.65483,0.0489,0.19187,0.81446,3.80776,0.59215,0.83889,0,2.75855,0.3922,0.46821,1.65483,0.59215,0.83889,1.22093,1.15469,1.04226,2.14327,2.75855,0.69891,3.33477
2026-01-04 19:00:00,3.86744,0.04206,0.23531,0.54439,0.17286,0.04287,0.13219,0.26058,0.75321,0.32464,0.71908,3.63603,0.09917,0.4745,1.23097,0.02247,0.00554,0.02655,0,0.0073,0.05814,1.05059,1.11772,1.02977,0.8215,1.14783,6.31286,1.65086,0.04858,0.19066,0.80652,3.78364,0.58425,0.8344,0,2.79898,0.38821,0.4745,1.65086,0.58425,0.8344,1.23097,1.16715,1.05059,2.17687,2.79898,0.69098,3.32977
2026-01-04 20:00:00,3.84827,0.0414,0.23617,0.54042,0.17299,0.0424,0.13176,0.26029,0.72475,0.31999,0.71094,3.67069,0.0977,0.47985,1.24048,0.02237,0.00556,0.02682,0,0.00708,0.05778,1.0597,1.11621,1.01459,0.81179,1.10131,6.27113,1.64007,0.04826,0.18946,0.80223,3.76316,0.57624,0.82861,0,2.83956,0.38422,0.47985,1.64007,0.57624,0.82861,1.24048,1.18027,1.0597,2.20934,2.83956,0.68669,3.32602
2026-01-04 21:00:00,3.82909,0.04104,0.23819,0.53431,0.17364,0.04122,0.13114,0.26045,0.69941,0.31639,0.70392,3.7062,0.0962,0.48428,1.2494,0.02227,0.00559,0.02705,0,0.00686,0.05754,1.06962,1.11545,0.99941,0.80208,1.05131,6.2294,1.62284,0.04794,0.18831,0.79691,3.74167,0.56819,0.82177,0,2.87663,0.38023,0.48428,1.62284,0.56819,0.82177,1.2494,1.19377,1.06962,2.24036,2.87663,0.68137,3.3231
2026-01-04 22:00:00,3.80991,0.04087,0.24081,0.52444,0.17418,0.03838,0.12982,0.26079,0.67652,0.31298,0.69737,3.74276,0.09421,0.48796,1.25769,0.02217,0.00561,0.02723,0,0.00664,0.05737,1.08034,1.11578,0.98423,0.79237,1.00191,6.18766,1.59965,0.04762,0.18714,0.78891,3.71748,0.56013,0.81425,0,2.91344,0.37623,0.48796,1.59965,0.56013,0.81425,1.25769,1.20738,1.08034,2.2696,2.91344,0.67337,3.32076
2026-01-04 23:00:00,3.79074,0.04086,0.24346,0.50763,0.17408,0.03648,0.12711,0.26133,0.65524,0.30967,0.69125,3.77968,0.09177,0.49102,1.26531,0.02208,0.00563,0.0274,0,0.00642,0.05724,1.09179,1.11723,0.96905,0.78266,0.96522,6.14593,1.57137,0.0473,0.18597,0.78005,3.69243,0.55359,0.80632,0,2.94968,0.37224,0.49102,1.57137,0.55359,0.80632,1.26531,1.22095,1.09179,2.29681,2.94968,0.66451,3.31885
2026-01-05 00:00:00,3.77156,0.04105,0.24582,0.49447,0.17279,0.03577,0.12158,0.26211,0.63525,0.307,0.68635,3.81702,0.08945,0.49343,1.27227,0.02198,0.00565,0.02756,0,0.0062,0.05708,1.10382,1.11944,0.95387,0.77295,0.93043,6.1042,1.54022,0.04698,0.1848,0.77302,3.66921,0.5491,0.79809,0,2.98479,0.36825,0.49343,1.54022,0.5491,0.79809,1.27227,1.23431,1.10382,2.32182,2.98479,0.65748,3.31726
2026-01-05 01:00:00,3.76201,0.04148,0.2475,0.48428,0.16981,0.03539,0.11425,0.26289,0.61666,0.30419,0.68126,3.74008,0.08732,0.49514,1.27856,0.02196,0.00569,0.02771,0,0.00611,0.05682,1.11629,1.12218,0.9423,0.76607,0.89698,6.08132,1.50815,0.04668,0.18377,0.7682,3.64973,0.54529,0.78969,0,3.01832,0.36061,0.49514,1.50815,0.54529,0.78969,1.27856,1.24732,1.11629,2.34445,3.01832,0.65267,3.31591
2026-01-05 02:00:00,3.75247,0.04208,0.24805,0.47577,0.16491,0.03496,0.10765,0.26305,0.59978,0.30265,0.67734,3.66364,0.08527,0.49611,1.28418,0.02196,0.00572,0.02787,0,0.00601,0.0565,1.12904,1.12529,0.93072,0.75918,0.86551,6.05844,1.47564,0.04638,0.18281,0.76573,3.63259,0.54171,0.78118,0,3.04985,0.35298,0.49611,1.47564,0.54171,0.78118,1.28418,1.25985,1.12904,2.36462,3.04985,0.6502,3.31476
2026-01-05 03:00:00,3.74292,0.04272,0.24743,0.46867,0.15862,0.03412,0.10207,0.2619,0.58463,0.30083,0.67312,3.58796,0.08313,0.49639,1.28911,0.02195,0.00576,0.02799,0,0.00592,0.05618,1.14189,1.12807,0.91915,0.7523,0.83649,6.03555,1.4431,0.04608,0.18182,0.76279,3.61499,0.53821,0.77257,0,3.07907,0.34534,0.49639,1.4431,0.53821,0.77257,1.28911,1.27181,1.14189,2.38237,3.07907,0.64727,3.31376
2026-01-05 04:00:00,3.73337,0.04331,0.24606,0.45843,0.15189,0.03237,0.0981,0.25885,0.57071,0.29948,0.66966,3.51283,0.08005,0.49625,1.29339,0.02194,0.0058,0.02794,0,0.00583,0.05589,1.15473,1.12923,0.90758,0.74542,0.80976,6.01267,1.41093,0.04578,0.18081,0.75881,3.59633,0.53473,0.76381,0,3.10577,0.3377,0.49625,1.41093,0.53473,0.76381,1.29339,1.28308,1.15473,2.3978,3.10577,0.64329,3.31288
2026-01-05 05:00:00,3.72383,0.04373,0.24434,0.44232,0.14533,0.0312,0.09483,0.25336,0.5577,0.29821,0.66666,3.43822,0.0761,0.49585,1.29701,0.02193,0.00583,0.02788,0,0.00573,0.05557,1.1674,1.12848,0.896,0.73853,0.78517,5.98979,1.37954,0.04548,0.17982,0.7546,3.57745,0.52928,0.75489,0,3.12979,0.33007,0.49585,1.37954,0.52928,0.75489,1.29701,1.29355,1.1674,2.41104,3.12979,0.63908,3.31211
2026-01-05 06:00:00,3.71428,0.04387,0.24245,0.42946,0.13914,0.03076,0.09084,0.24517,0.54505,0.29697,0.66409,3.36406,0.07235,0.49519,1.30003,0.02192,0.00587,0.0278,0,0.00564,0.05515,1.17976,1.1264,0.88443,0.73165,0.76245,5.96691,1.34919,0.04518,0.17884,0.75123,3.5594,0.52121,0.7458,0,3.15107,0.32243,0.49519,1.34919,0.52121,0.7458,1.30003,1.30317,1.17976,2.42222,3.15107,0.6357,3.31142
2026-01-05 07:00:00,3.6933,0.0436,0.24033,0.41944,0.13338,0.03045,0.08635,0.2348,0.53166,0.29603,0.66181,3.32275,0.06896,0.49425,1.3025,0.02239,0.00595,0.02772,0,0.00583,0.05448,1.19172,1.1234,0.87604,0.72726,0.74133,5.92512,1.32009,0.0449,0.1779,0.74924,3.55588,0.51227,0.73673,0,3.16962,0.31852,0.49425,1.32009,0.51227,0.73673,1.3025,1.31194,1.19172,2.4315,3.16962,0.63372,3.31081
2026-01-05 08:00:00,3.67231,0.04301,0.23767,0.41141,0.12797,0.03003,0.08228,0.22367,0.51761,0.29524,0.65943,3.28197,0.06585,0.49301,1.30445,0.02285,0.00602,0.02766,0,0.00601,0.05363,1.20314,1.11976,0.86765,0.72287,0.72093,5.88333,1.2923,0.04461,0.17699,0.74864,3.55374,0.50304,0.72779,0,3.18547,0.3146,0.49301,1.2923,0.50304,0.72779,1.30445,1.31992,1.20314,2.43903,3.18547,0.63312,3.31026
2026-01-05 09:00:00,3.65133,0.04231,0.23437,0.40516,0.12286,0.02912,0.07874,0.21352,0.50404,0.2946,0.65716,3.24167,0.06297,0.49143,1.30592,0.02331,0.0061,0.02759,0,0.0062,0.05282,1.21393,1.11559,0.85927,0.71848,0.70049,5.84155,1.26581,0.04433,0.17605,0.74838,3.55194,0.49371,0.71902,0,3.19872,0.31069,0.49143,1.26581,0.49371,0.71902,1.30592,1.32715,1.21393,2.44496,3.19872,0.63286,3.30976
2026-01-05 10:00:00,3.63034,0.04159,0.23081,0.39714,0.11815,0.02712,0.07563,0.20509,0.49159,0.29388,0.65489,3.20174,0.06001,0.48941,1.30694,0.02377,0.00618,0.02759,0,0.00638,0.0521,1.22405,1.11083,0.85088,0.71409,0.68025,5.79976,1.24043,0.04405,0.17514,0.74926,3.55127,0.48434,0.71049,0,3.20949,0.30678,0.48941,1.24043,0.48434,0.71049,1.30694,1.33371,1.22405,2.44945,3.20949,0.63374,3.3093
2026-01-05 11:00:00,3.60936,0.04085,0.22734,0.38559,0.11387,0.02578,0.07279,0.19793,0.48025,0.29328,0.65286,3.16197,0.05699,0.48691,1.30752,0.02424,0.00625,0.02762,0,0.00657,0.05144,1.23347,1.10551,0.84249,0.7097,0.66042,5.75797,1.21596,0.04376,0.17423,0.75084,3.55131,0.47824,0.70229,0,3.21789,0.30286,0.48691,1.21596,0.47824,0.70229,1.30752,1.33962,1.23347,2.45263,3.21789,0.63532,3.30889
2026-01-05 12:00:00,3.58837,0.04,0.22413,0.37631,0.10992,0.02528,0.06983,0.19139,0.46966,0.29277,0.65107,3.12223,0.05421,0.48399,1.30766,0.0247,0.00633,0.02764,0,0.00675,0.05072,1.24217,1.09982,0.8341,0.70531,0.64095,5.71618,1.1923,0.04348,0.17329,0.75198,3.55092,0.47651,0.69439,0,3.22407,0.29895,0.48399,1.1923,0.47651,0.69439,1.30766,1.34497,1.24217,2.45465,3.22407,0.63647,3.15721
2026-01-05 13:00:00,3.58321,0.03894,0.22122,0.36994,0.10616,0.0254,0.0668,0.18525,0.45967,0.29223,0.64931,3.15875,0.05171,0.48066,1.30737,0.02471,0.00636,0.02767,0,0.00694,0.04979,1.25019,1.09386,0.87989,0.70334,0.62215,5.73319,1.16937,0.04321,0.17274,0.75328,3.56461,0.47623,0.68679,0,3.2282,0.30404,0.48066,1.16937,0.47623,0.68679,1.30737,1.34979,1.25019,2.45559,3.2282,0.63777,3.0028
2026-01-05 14:00:00,3.57806,0.03774,0.21857,0.36776,0.10247,0.02587,0.06414,0.1796,0.45062,0.29164,0.64759,3.19538,0.04945,0.47699,1.30665,0.0247,0.00639,0.0277,0,0.00713,0.04873,1.25755,1.08771,0.92568,0.70137,0.60448,5.7502,1.14714,0.04294,0.1722,0.75445,3.57816,0.47643,0.6795,0,3.23042,0.30913,0.47699,1.14714,0.47643,0.6795,1.30665,1.35409,1.25755,2.45557,3.23042,0.63894,2.99093
2026-01-05 15:00:00,3.5729,0.03656,0.21609,0.37031,0.09915,0.02723,0.06209,0.17465,0.44221,0.29112,0.64603,3.23223,0.04744,0.47302,1.30551,0.02471,0.00642,0.02775,0,0.00732,0.04777,1.26426,1.08209,0.97147,0.69941,0.58818,5.76721,1.12561,0.04267,0.17165,0.7564,3.59251,0.4768,0.67242,0,3.23091,0.31422,0.47302,1.12561,0.4768,0.67242,1.30551,1.35789,1.26426,2.45465,3.23091,0.6409,2.97906
2026-01-05 16:00:00,3.56774,0.03551,0.21386,0.37629,0.09675,0.03066,0.06113,0.17038,0.43341,0.29078,0.64472,3.26921,0.04581,0.46874,1.30398,0.02472,0.00644,0.0283,0,0.0075,0.04699,1.27037,1.07852,1.01725,0.69744,0.57333,5.78422,1.10492,0.0424,0.1711,0.76052,3.60902,0.47722,0.66538,0,3.22979,0.31932,0.46874,1.10492,0.47722,0.66538,1.30398,1.36119,1.27037,2.4529,3.22979,0.64502,2.9672
2026-01-05 17:00:00,3.56259,0.03464,0.21199,0.38834,0.09578,0.03295,0.06187,0.16641,0.42338,0.28987,0.64275,3.30627,0.0445,0.46417,1.30206,0.02472,0.00647,0.02883,0,0.00769,0.04645,1.27591,1.07744,1.06304,0.69547,0.55972,5.80123,1.08517,0.04213,0.17054,0.76564,3.62652,0.48234,0.65825,0,3.22723,0.32441,0.46417,1.08517,0.48234,0.65825,1.30206,1.36401,1.27591,2.45042,3.22723,0.65014,2.95533
2026-01-05 18:00:00,3.55743,0.03401,0.21058,0.39763,0.09691,0.03381,0.06595,0.16239,0.41178,0.28954,0.6415,3.34341,0.04334,0.45933,1.29978,0.02472,0.0065,0.0294,0,0.00788,0.04626,1.28089,1.07808,1.10883,0.6935,0.54709,5.81824,1.06643,0.04186,0.16999,0.76962,3.64289,0.49372,0.65099,0,3.22336,0.3295,0.45933,1.06643,0.49372,0.65099,1.29978,1.36633,1.28089,2.44722,3.22336,0.65412,2.94346
2026-01-05 19:00:00,3.61372,0.03364,0.21006,0.40383,0.10077,0.034,0.0727,0.15823,0.39895,0.28976,0.64058,3.30877,0.04233,0.45427,1.29714,0.02447,0.0065,0.02997,0,0.00766,0.04659,1.28534,1.07992,1.10531,0.69604,0.53531,5.81563,1.04871,0.04181,0.17142,0.77381,3.65691,0.50718,0.64356,0,3.21831,0.33081,0.45427,1.04871,0.50718,0.64356,1.29714,1.36817,1.28534,2.44338,3.21831,0.65832,2.9316
2026-01-05 20:00:00,3.67,0.0335,0.21119,0.4063,0.10753,0.03399,0.07956,0.15454,0.38589,0.29022,0.63942,3.274,0.04161,0.44898,1.29417,0.02422,0.0065,0.03055,0,0.00743,0.04733,1.28927,1.08258,1.10179,0.69857,0.52425,5.81302,1.03201,0.04176,0.17294,0.77792,3.67082,0.52133,0.6359,0,3.21218,0.33212,0.44898,1.03201,0.52133,0.6359,1.29417,1.36954,1.28927,2.43897,3.21218,0.66243,2.91973
2026-01-05 21:00:00,3.72629,0.03349,0.21427,0.40508,0.1162,0.03367,0.08578,0.15244,0.37338,0.29169,0.63936,3.23924,0.04148,0.44352,1.29089,0.02398,0.0065,0.0309,0,0.00721,0.04813,1.29268,1.08707,1.09827,0.7011,0.51382,5.81042,1.01628,0.04171,0.1745,0.78498,3.68769,0.53572,0.62815,0,3.20509,0.33342,0.44352,1.01628,0.53572,0.62815,1.29089,1.37044,1.29268,2.43405,3.20509,0.66949,2.90786
2026-01-05 22:00:00,3.78257,0.03355,0.2185,0.40221,0.12499,0.03258,0.09084,0.15299,0.36181,0.29335,0.63978,3.20489,0.04346,0.43801,1.28732,0.02372,0.00649,0.03098,0,0.00699,0.04894,1.29559,1.096,1.09476,0.70364,0.50388,5.80781,1.00147,0.04165,0.17606,0.80052,3.71303,0.55019,0.62054,0,3.19714,0.33473,0.43801,1.00147,0.55019,0.62054,1.28732,1.37088,1.29559,2.4287,3.19714,0.68503,2.896
2026-01-05 23:00:00,3.83886,0.03372,0.22301,0.39635,0.13266,0.03186,0.09429,0.15701,0.35153,0.29512,0.64071,3.17066,0.04739,0.43245,1.28348,0.02347,0.00649,0.03104,0,0.00676,0.04984,1.29801,1.10993,1.09124,0.70617,0.49424,5.8052,0.98748,0.0416,0.17763,0.8201,3.74242,0.55661,0.61327,0,3.1884,0.33604,0.43245,0.98748,0.55661,0.61327,1.28348,1.37085,1.29801,2.42296,3.1884,0.70461,2.88413
2026-01-06 00:00:00,3.89514,0.03407,0.22724,0.39196,0.13837,0.03159,0.09527,0.1652,0.34302,0.29754,0.64292,3.1368,0.05125,0.42687,1.27941,0.02322,0.00649,0.03108,0,0.00654,0.05113,1.29993,1.12732,1.08772,0.70871,0.48479,5.80259,0.97426,0.04155,0.17922,0.83525,3.76738,0.55228,0.60638,0,3.17896,0.33735,0.42687,0.97426,0.55228,0.60638,1.27941,1.37035,1.29993,2.41689,3.17896,0.71976,2.87226
2026-01-06 01:00:00,3.9189,0.03469,0.23067,0.38841,0.14145,0.03133,0.09422,0.1771,0.33669,0.30189,0.64558,3.07057,0.05465,0.42124,1.27514,0.0234,0.00656,0.03112,0,0.00645,0.05325,1.30139,1.14711,1.05863,0.71054,0.47544,5.77687,0.96169,0.04553,0.18578,0.84652,3.77821,0.54438,0.5999,0,3.16888,0.33263,0.42124,0.96169,0.54438,0.5999,1.27514,1.36938,1.30139,2.41055,3.16888,0.73104,2.8604
2026-01-06 02:00:00,3.94267,0.03551,0.23275,0.38449,0.14177,0.03095,0.09252,0.18991,0.33261,0.31058,0.65045,3.00487,0.05751,0.41557,1.27068,0.02358,0.00662,0.03115,0,0.00637,0.05596,1.30237,1.16856,1.02954,0.71237,0.46614,5.75114,0.94969,0.04951,0.19381,0.85262,3.78385,0.53528,0.59383,0,3.15823,0.32792,0.41557,0.94969,0.53528,0.59383,1.27068,1.36799,1.30237,2.40398,3.15823,0.73714,2.84853
2026-01-06 03:00:00,3.96643,0.03636,0.23338,0.38001,0.13996,0.03009,0.09055,0.20026,0.33052,0.32054,0.65588,2.93999,0.05956,0.40985,1.26606,0.02376,0.00669,0.03106,0,0.00628,0.05851,1.30287,1.18779,1.00044,0.71421,0.45686,5.72542,0.93815,0.05349,0.20259,0.86033,3.79111,0.52578,0.58831,0,3.14707,0.3232,0.40985,0.93815,0.52578,0.58831,1.26606,1.36621,1.30287,2.39721,3.14707,0.74485,2.83666
2026-01-06 04:00:00,3.99019,0.03714,0.23301,0.37242,0.13695,0.02812,0.08828,0.20653,0.32972,0.33177,0.66334,2.87598,0.05942,0.40408,1.26131,0.02394,0.00675,0.03085,0,0.00619,0.06067,1.3029,1.19866,0.97135,0.71604,0.44762,5.6997,0.927,0.05747,0.21177,0.87149,3.80183,0.51615,0.58365,0,3.13548,0.31848,0.40408,0.927,0.51615,0.58365,1.26131,1.36405,1.3029,2.39027,3.13548,0.75601,2.84721
2026-01-06 05:00:00,4.01396,0.03776,0.23206,0.3592,0.13329,0.02681,0.08552,0.20864,0.32913,0.3435,0.67313,2.81321,0.05728,0.39828,1.25642,0.02413,0.00682,0.03063,0,0.00611,0.06237,1.30249,1.20029,0.94226,0.71787,0.4384,5.67397,0.91649,0.06145,0.22105,0.88363,3.81351,0.50742,0.58006,0,3.12351,0.31377,0.39828,0.91649,0.50742,0.58006,1.25642,1.3615,1.30249,2.38318,3.12351,0.76815,2.85775
2026-01-06 06:00:00,4.03772,0.03812,0.23076,0.34877,0.12915,0.02632,0.08147,0.20685,0.3277,0.35548,0.68536,2.75178,0.05507,0.39246,1.25142,0.02431,0.00688,0.03039,0,0.00602,0.06353,1.30164,1.19552,0.91317,0.7197,0.42919,5.64825,0.90715,0.06543,0.23033,0.89329,3.82273,0.49993,0.57755,0,3.11123,0.30905,0.39246,0.90715,0.49993,0.57755,1.25142,1.3586,1.30164,2.37596,3.11123,0.77782,2.86829
2026-01-06 07:00:00,4.02139,0.03814,0.22905,0.34086,0.12454,0.02606,0.07645,0.20181,0.32518,0.36563,0.69898,2.75297,0.05311,0.3866,1.24631,0.02489,0.00699,0.03014,0,0.00668,0.06399,1.30037,1.18632,0.90364,0.71963,0.42009,5.64541,0.89783,0.06714,0.23466,0.90002,3.83745,0.49287,0.5763,0,3.09871,0.30764,0.3866,0.89783,0.49287,0.5763,1.24631,1.35536,1.30037,2.36862,3.09871,0.78455,2.87883
2026-01-06 08:00:00,4.00505,0.03789,0.2266,0.33496,0.11941,0.02579,0.07173,0.19482,0.32231,0.3725,0.71266,2.75617,0.05129,0.38071,1.2411,0.02548,0.0071,0.0299,0,0.00733,0.0639,1.2987,1.17406,0.89412,0.71955,0.41129,5.64257,0.88849,0.06886,0.23831,0.90372,3.84915,0.48594,0.57644,0,3.086,0.30623,0.38071,0.88849,0.48594,0.57644,1.2411,1.35184,1.2987,2.36119,3.086,0.78825,2.88938
2026-01-06 09:00:00,3.98872,0.03751,0.2233,0.33076,0.11397,0.02527,0.06761,0.18752,0.31989,0.37785,0.72636,2.76168,0.04948,0.37496,1.23581,0.02608,0.00721,0.02976,0,0.00799,0.06361,1.29664,1.16037,0.88459,0.71948,0.40318,5.63973,0.87919,0.07057,0.24154,0.90837,3.86179,0.47906,0.57756,0,3.07318,0.30482,0.37496,0.87919,0.47906,0.57756,1.23581,1.34808,1.29664,2.35369,3.07318,0.79289,2.89992
2026-01-06 10:00:00,3.97238,0.03709,0.21957,0.32547,0.10869,0.02419,0.06423,0.18065,0.31837,0.38224,0.73904,2.76917,0.04695,0.36958,1.23047,0.02667,0.00731,0.02994,0,0.00865,0.06324,1.29421,1.14737,0.87506,0.71941,0.39655,5.63689,0.86998,0.07229,0.24457,0.91549,3.8769,0.47219,0.57898,0,3.06031,0.30341,0.36958,0.86998,0.47219,0.57898,1.23047,1.34415,1.29421,2.34614,3.06031,0.8,2.91046
2026-01-06 11:00:00,3.95605,0.03661,0.21586,0.31801,0.10389,0.02348,0.06169,0.17377,0.31813,0.38633,0.7502,2.77766,0.04377,0.3647,1.22511,0.02725,0.00742,0.03015,0,0.0093,0.06281,1.29144,1.13583,0.86554,0.71933,0.3918,5.63405,0.86105,0.07401,0.24745,0.92342,3.89283,0.46926,0.5802,0,3.04749,0.302,0.3647,0.86105,0.46926,0.5802,1.22511,1.34013,1.29144,2.33854,3.04749,0.80793,2.921
2026-01-06 12:00:00,3.93971,0.03597,0.21238,0.31197,0.09964,0.02321,0.06023,0.16624,0.31925,0.39033,0.7597,2.78636,0.04082,0.36028,1.2198,0.02784,0.00753,0.0304,0,0.00996,0.06222,1.28837,1.1253,0.85601,0.71926,0.3887,5.63121,0.85264,0.07572,0.25029,0.92971,3.90711,0.47157,0.58104,0,3.03478,0.30059,0.36028,0.85264,0.47157,0.58104,1.2198,1.33605,1.28837,2.33084,3.03478,0.81422,2.96729
2026-01-06 13:00:00,3.9405,0.03507,0.20925,0.30773,0.09597,0.02327,0.05967,0.15792,0.32145,0.3932,0.76759,2.80607,0.03826,0.3563,1.21459,0.02785,0.00757,0.03065,0,0.01565,0.06132,1.28505,1.11546,0.85517,0.72025,0.39535,5.62945,0.84493,0.07937,0.25467,0.93444,3.91132,0.47562,0.58137,0,3.02227,0.29962,0.3563,0.84493,0.47562,0.58137,1.21459,1.33196,1.28505,2.32306,3.02227,0.81896,3.00451
2026-01-06 14:00:00,3.94129,0.03399,0.20649,0.30609,0.09286,0.02353,0.05952,0.14951,0.32429,0.39454,0.77421,2.82469,0.03614,0.35274,1.20954,0.02787,0.00761,0.03091,0,0.02135,0.06021,1.28152,1.10611,0.85433,0.72124,0.41014,5.62769,0.83879,0.08302,0.25969,0.93748,3.91381,0.48025,0.58109,0,3.01003,0.29865,0.35274,0.83879,0.48025,0.58109,1.20954,1.32785,1.28152,2.31519,3.01003,0.822,3.00458
2026-01-06 15:00:00,3.94208,0.0329,0.20407,0.30733,0.09038,0.02426,0.05966,0.14225,0.32686,0.39523,0.77993,2.84183,0.03469,0.34945,1.20468,0.02787,0.00766,0.03133,0,0.02704,0.05922,1.27783,1.09771,0.85349,0.72223,0.42292,5.62594,0.83541,0.08667,0.26535,0.94176,3.91757,0.48508,0.58028,0,2.99808,0.29769,0.34945,0.83541,0.48508,0.58028,1.20468,1.32375,1.27783,2.30724,2.99808,0.82629,3.00465
2026-01-06 16:00:00,3.94287,0.03192,0.20199,0.31073,0.08869,0.02612,0.06016,0.13694,0.32806,0.39579,0.78487,2.85736,0.03513,0.34619,1.20003,0.02788,0.0077,0.03204,0,0.03273,0.05851,1.27403,1.09158,0.85264,0.72322,0.43288,5.62418,0.83487,0.09031,0.27108,0.94946,3.92473,0.48997,0.57904,0,2.98645,0.29672,0.34619,0.83487,0.48997,0.57904,1.20003,1.31972,1.27403,2.29923,2.98645,0.83399,3.00473
2026-01-06 17:00:00,3.94366,0.0311,0.20029,0.31792,0.08802,0.02736,0.06118,0.13349,0.3272,0.39537,0.78789,2.87141,0.03727,0.34288,1.19557,0.0279,0.00774,0.03277,0,0.03843,0.05834,1.27014,1.088,0.8518,0.72421,0.43974,5.62242,0.83628,0.09396,0.27686,0.95859,3.93332,0.49126,0.57746,0,2.97513,0.29575,0.34288,0.83628,0.49126,0.57746,1.19557,1.31587,1.27014,2.29123,2.97513,0.84313,3.00482
2026-01-06 18:00:00,3.94445,0.03049,0.199,0.32344,0.0887,0.02783,0.06329,0.13166,0.32417,0.39566,0.79078,2.8843,0.03942,0.33956,1.19127,0.02791,0.00778,0.03353,0,0.04412,0.05918,1.2662,1.0862,0.85096,0.7252,0.444,5.62066,0.83882,0.09761,0.28266,0.96574,3.93995,0.48772,0.57558,0,2.96412,0.29478,0.33956,0.83882,0.48772,0.57558,1.19127,1.31226,1.2662,2.28334,2.96412,0.85029,3.00492
2026-01-06 19:00:00,3.98126,0.03013,0.19839,0.32691,0.09107,0.0278,0.06624,0.13122,0.31934,0.39743,0.79333,2.8618,0.04128,0.33627,1.18711,0.02795,0.00785,0.03428,0,0.04712,0.06187,1.26226,1.08563,0.8631,0.72945,0.44605,5.64496,0.84181,0.09844,0.28664,0.97075,3.93756,0.48257,0.57324,0,2.9534,0.29201,0.33627,0.84181,0.48257,0.57324,1.18711,1.30887,1.26226,2.27559,2.9534,0.8553,3.00504
2026-01-06 20:00:00,4.01807,0.02997,0.19895,0.32754,0.09522,0.02752,0.06911,0.13187,0.31345,0.40069,0.79527,2.83803,0.04288,0.33307,1.18307,0.028,0.00791,0.03503,0,0.05012,0.06593,1.25838,1.08591,0.87524,0.7337,0.44621,5.66926,0.84479,0.09927,0.28965,0.97322,3.93262,0.47688,0.57032,0,2.94297,0.28924,0.33307,0.84479,0.47688,0.57032,1.18307,1.30565,1.25838,2.26807,2.94297,0.85777,3.00516
2026-01-06 21:00:00,4.05488,0.02994,0.2009,0.3253,0.10045,0.02667,0.07157,0.13325,0.30711,0.40588,0.79847,2.81318,0.04419,0.32996,1.17913,0.02805,0.00798,0.03521,0,0.05312,0.06995,1.25459,1.08831,0.88738,0.73795,0.44471,5.69357,0.84743,0.1001,0.29212,0.97608,3.92808,0.47101,0.56702,0,2.93281,0.28647,0.32996,0.84743,0.47101,0.56702,1.17913,1.30252,1.25459,2.26102,2.93281,0.86063,3.0053
2026-01-06 22:00:00,4.09168,0.02998,0.2037,0.32106,0.10553,0.02446,0.07321,0.13522,0.30058,0.41164,0.80254,2.78794,0.04504,0.32696,1.1753,0.02798,0.00805,0.03534,0,0.05611,0.07352,1.25095,1.09609,0.89952,0.7422,0.44178,5.71787,0.84946,0.10093,0.29429,0.9796,3.92418,0.46508,0.56368,0,2.92297,0.2837,0.32696,0.84946,0.46508,0.56368,1.1753,1.29938,1.25095,2.25447,2.92297,0.86414,3.00547
2026-01-06 23:00:00,4.12849,0.03011,0.20672,0.31317,0.10956,0.02298,0.07357,0.13807,0.29399,0.41768,0.80786,2.76224,0.04546,0.32406,1.17156,0.02791,0.00811,0.03542,0,0.05911,0.07664,1.24744,1.10998,0.91166,0.74645,0.43763,5.74217,0.85076,0.10176,0.29635,0.98312,3.92028,0.45875,0.56054,0,2.91348,0.28093,0.32406,0.85076,0.45875,0.56054,1.17156,1.29616,1.24744,2.24839,2.91348,0.86765,3.00565
2026-01-07 00:00:00,4.1653,0.0304,0.20955,0.30711,0.11182,0.02243,0.07154,0.14221,0.2875,0.42473,0.81537,2.7367,0.04577,0.32143,1.16792,0.02784,0.00818,0.03547,0,0.06211,0.0795,1.24403,1.1281,0.9238,0.7507,0.43245,5.76647,0.85121,0.10259,0.29829,0.98599,3.91573,0.45191,0.55769,0,2.90436,0.27816,0.32143,0.85121,0.45191,0.55769,1.16792,1.2928,1.24403,2.24273,2.90436,0.8705,3.00587
2026-01-07 01:00:00,4.18933,0.03091,0.21176,0.3026,0.11165,0.02229,0.06759,0.14756,0.28134,0.43276,0.82414,2.74387,0.04602,0.31893,1.16438,0.02749,0.00816,0.03554,0,0.06381,0.08236,1.24069,1.14916,0.93706,0.75952,0.42645,5.80814,0.85079,0.10638,0.30389,0.98848,3.92674,0.44489,0.55521,0,2.8956,0.27543,0.31893,0.85079,0.44489,0.55521,1.16438,1.28932,1.24069,2.23745,2.8956,0.87299,3.00613
2026-01-07 02:00:00,4.21335,0.0316,0.21283,0.29909,0.10891,0.02226,0.06343,0.15304,0.27576,0.44435,0.83636,2.75206,0.04611,0.31642,1.16096,0.02714,0.00814,0.03559,0,0.06551,0.08516,1.23737,1.17224,0.95032,0.76835,0.41975,5.84981,0.84947,0.11016,0.31055,0.99074,3.93749,0.43782,0.5531,0,2.88719,0.27269,0.31642,0.84947,0.43782,0.5531,1.16096,1.28573,1.23737,2.23248,2.88719,0.87524,3.00644
2026-01-07 03:00:00,4.23738,0.03232,0.21261,0.29651,0.10437,0.02239,0.05953,0.15704,0.271,0.45645,0.84986,2.76184,0.04582,0.31396,1.15763,0.02679,0.00813,0.03567,0,0.06721,0.08753,1.23402,1.19441,0.96358,0.77718,0.41256,5.89148,0.84727,0.11395,0.31791,0.99446,3.94971,0.43072,0.55127,0,2.8791,0.26996,0.31396,0.84727,0.43072,0.55127,1.15763,1.28203,1.23402,2.22775,2.8791,0.87895,3.00682
2026-01-07 04:00:00,4.2614,0.03298,0.21152,0.29256,0.09932,0.02291,0.05604,0.15846,0.26713,0.46966,0.8661,2.77332,0.04406,0.31162,1.1544,0.02645,0.00811,0.03576,0,0.06891,0.0894,1.23063,1.21127,0.97683,0.786,0.40502,5.93315,0.84424,0.11773,0.32543,1.00254,3.96629,0.42362,0.5494,0,2.8713,0.26723,0.31162,0.84424,0.42362,0.5494,1.1544,1.27822,1.23063,2.22321,2.8713,0.88703,3.00729
2026-01-07 05:00:00,4.28543,0.03351,0.21001,0.28609,0.09468,0.02325,0.05306,0.15693,0.2639,0.48321,0.88473,2.78701,0.04098,0.30944,1.15126,0.0261,0.00809,0.03587,0,0.07061,0.09075,1.22717,1.22215,0.99009,0.79482,0.39723,5.97482,0.84046,0.12152,0.33305,1.0127,3.98495,0.41742,0.54731,0,2.86375,0.26449,0.30944,0.84046,0.41742,0.54731,1.15126,1.27432,1.22717,2.21877,2.86375,0.89718,3.0079
2026-01-07 06:00:00,4.30945,0.03386,0.20837,0.28092,0.09102,0.02338,0.05054,0.15223,0.26083,0.51695,0.90535,2.80304,0.03806,0.30738,1.14822,0.02575,0.00807,0.03587,0,0.07231,0.09145,1.22362,1.22888,1.00335,0.80365,0.38921,6.01649,0.836,0.1253,0.34068,1.02057,4.00132,0.41243,0.54493,0,2.85643,0.26176,0.30738,0.836,0.41243,0.54493,1.14822,1.27033,1.22362,2.21439,2.85643,0.90504,3.00871
2026-01-07 07:00:00,4.30466,0.03397,0.20681,0.27676,0.08878,0.02342,0.04845,0.1446,0.25765,0.52518,0.92715,2.8208,0.03552,0.30543,1.14528,0.02703,0.00848,0.03587,0,0.07158,0.09127,1.21999,1.23273,1.00699,0.81696,0.38099,6.10316,0.83098,0.12623,0.34323,1.02692,4.03001,0.40785,0.54231,0,2.84931,0.26566,0.30543,0.83098,0.40785,0.54231,1.14528,1.26629,1.21999,2.20998,2.84931,0.91138,3.00985
2026-01-07 08:00:00,4.29986,0.03389,0.20547,0.27307,0.08805,0.02344,0.04681,0.13533,0.25457,0.53289,0.95292,2.84102,0.03329,0.30355,1.14243,0.02831,0.00889,0.03587,0,0.07085,0.09041,1.21627,1.23459,1.01063,0.83028,0.37261,6.18982,0.8254,0.12716,0.34473,1.03113,4.05653,0.40339,0.53952,0,2.84236,0.26956,0.30355,0.8254,0.40339,0.53952,1.14243,1.26227,1.21627,2.20552,2.84236,0.91555,3.01155
2026-01-07 09:00:00,4.29507,0.03371,0.20441,0.2696,0.08839,0.02344,0.04569,0.1267,0.25173,0.54051,0.98001,2.86349,0.03137,0.30173,1.13967,0.02959,0.00931,0.03563,0,0.07012,0.08948,1.21247,1.23492,1.01427,0.84359,0.36416,6.27649,0.81935,0.1281,0.34575,1.03716,4.08489,0.39898,0.53653,0,2.835,0.27347,0.30173,0.81935,0.39898,0.53653,1.13967,1.25835,1.21247,2.20094,2.835,0.92154,3.0144
2026-01-07 10:00:00,4.29027,0.03349,0.20358,0.26491,0.08919,0.02339,0.0454,0.12041,0.24916,0.54778,1.00411,2.88768,0.02982,0.29995,1.137,0.03087,0.00972,0.03536,0,0.06938,0.08878,1.20861,1.23384,1.0179,0.8569,0.35597,6.36315,0.81288,0.12903,0.34649,1.048,4.11802,0.39459,0.53332,0,2.82777,0.27737,0.29995,0.81288,0.39459,0.53332,1.137,1.25474,1.20861,2.19622,2.82777,0.93233,3.02008
2026-01-07 11:00:00,4.28548,0.03322,0.20293,0.25787,0.09,0.02336,0.04641,0.11661,0.24703,0.55516,1.02743,2.91427,0.0286,0.29822,1.13441,0.03215,0.01013,0.03504,0,0.06865,0.08866,1.20471,1.23162,1.02154,0.87022,0.35047,6.44982,0.80608,0.12996,0.34711,1.06087,4.15317,0.41158,0.5299,0,2.8207,0.28127,0.29822,0.80608,0.41158,0.5299,1.13441,1.25162,1.20471,2.19132,2.8207,0.94513,3.03713
2026-01-07 12:00:00,4.28068,0.03285,0.20237,0.25225,0.09049,0.02334,0.05001,0.11508,0.24554,0.56263,1.05499,2.94346,0.02753,0.29655,1.13189,0.03343,0.01054,0.0347,0,0.06792,0.08977,1.20085,1.2286,1.02518,0.88353,0.35096,6.53648,0.79924,0.13089,0.34766,1.07096,4.18555,0.45708,0.52624,0,2.8137,0.28517,0.29655,0.79924,0.45708,0.52624,1.13189,1.2491,1.20085,2.18621,2.8137,0.95516,3.38478
2026-01-07 13:00:00,4.66151,0.03233,0.20173,0.25532,0.09041,0.02561,0.05565,0.11559,0.24473,0.59254,1.08389,3.66382,0.02665,0.29496,1.12945,0.03226,0.01029,0.03435,0,0.0755,0.09319,1.19712,1.22503,1.06195,0.91214,0.35505,6.79542,0.79314,0.14005,0.36784,1.08147,4.33557,0.51208,0.52236,0,2.80669,0.30625,0.29496,0.79314,0.51208,0.52236,1.12945,1.24713,1.19712,2.18088,2.80669,0.96563,4.32661
2026-01-07 14:00:00,5.04235,0.0317,0.20076,0.2816,0.08971,0.03014,0.06132,0.11756,0.2448,0.62229,1.12239,4.39216,0.02618,0.2935,1.12707,0.03109,0.01005,0.034,0,0.08309,0.0983,1.19365,1.22109,1.09872,0.94074,0.35868,7.05436,0.78842,0.1492,0.39139,1.09187,4.48548,0.57196,0.51824,0,2.7996,0.32733,0.2935,0.78842,0.57196,0.51824,1.12707,1.24562,1.19365,2.17531,2.7996,0.976,4.32661
2026-01-07 15:00:00,5.42318,0.03106,0.19936,0.33483,0.0901,0.04146,0.06774,0.11997,0.24576,0.65212,1.16972,5.1157,0.02659,0.2921,1.12476,0.02993,0.0098,0.03479,0,0.09067,0.10346,1.19051,1.22302,1.13549,0.96934,0.36116,7.3133,0.7851,0.15836,0.4166,1.10972,4.64285,0.63696,0.51394,0,2.79236,0.34841,0.2921,0.7851,0.63696,0.51394,1.12476,1.24444,1.19051,2.1695,2.79236,0.99382,4.32661
2026-01-07 16:00:00,5.80401,0.03059,0.19794,0.4245,0.09453,0.06866,0.07866,0.12216,0.24762,0.68232,1.22674,5.83901,0.03034,0.29069,1.12252,0.02876,0.00955,0.03633,0,0.09825,0.10828,1.18777,1.24209,1.17225,0.99795,0.36239,7.57223,0.78285,0.16752,0.44251,1.14921,4.82185,0.70002,0.50954,0,2.78495,0.36949,0.29069,0.78285,0.70002,0.50954,1.12252,1.24351,1.18777,2.16349,2.78495,1.03328,4.32661
2026-01-07 17:00:00,6.18485,0.03076,0.1973,0.58065,0.10585,0.08678,0.11127,0.12419,0.25083,0.71111,1.28681,6.56986,0.03706,0.28925,1.12034,0.02759,0.00931,0.03815,0,0.10584,0.11323,1.18543,1.28504,1.20902,1.02655,0.36254,7.83117,0.78124,0.17667,0.46875,1.19907,5.01121,0.74781,0.50508,0,2.77731,0.39057,0.28925,0.78124,0.74781,0.50508,1.12034,1.24279,1.18543,2.15736,2.77731,1.0831,4.32661
2026-01-07 18:00:00,6.56568,0.03226,0.1992,0.70286,0.12825,0.09358,0.18512,0.12626,0.25612,0.74124,1.35044,7.30971,0.0435,0.2878,1.11821,0.02642,0.00906,0.04016,0,0.11342,0.1195,1.18344,1.34325,1.24579,1.05516,0.36176,8.09011,0.78001,0.18583,0.49525,1.23763,5.1893,0.78131,0.5006,0,2.76946,0.41165,0.2878,0.78001,0.78131,0.5006,1.11821,1.24219,1.18344,2.1512,2.76946,1.12164,4.32661
2026-01-07 19:00:00,6.80209,0.03581,0.20975,0.78948,0.16607,0.09496,0.26118,0.1286,0.26273,0.78333,1.41805,7.23595,0.04933,0.28632,1.11611,0.02642,0.00912,0.04218,0,0.1096,0.12902,1.18179,1.40941,1.30023,1.10648,0.36016,8.25847,0.77887,0.19914,0.51875,1.26581,5.27323,0.81005,0.496,0,2.76139,0.42257,0.28632,0.77887,0.81005,0.496,1.11611,1.24165,1.18179,2.14511,2.76139,1.14983,4.32661
2026-01-07 20:00:00,7.0385,0.04096,0.25563,0.83722,0.22085,0.09453,0.31871,0.13336,0.26829,0.82375,1.48829,7.16687,0.05526,0.28482,1.11404,0.02642,0.00918,0.04245,0,0.10578,0.14077,1.18042,1.48063,1.35466,1.1578,0.35781,8.42683,0.77772,0.21245,0.54381,1.28029,5.3435,0.8372,0.49124,0,2.75312,0.43349,0.28482,0.77772,0.8372,0.49124,1.11404,1.24109,1.18042,2.13915,2.75312,1.16436,4.32661
2026-01-07 21:00:00,7.2749,0.04648,0.33238,0.84534,0.28641,0.09111,0.35776,0.14462,0.27256,0.86575,1.56514,7.10125,0.06234,0.28331,1.11199,0.02643,0.00925,0.04188,0,0.10196,0.15167,1.17929,1.55006,1.4091,1.20913,0.35469,8.59519,0.77639,0.22576,0.56995,1.29778,5.41685,0.86382,0.48701,0,2.74472,0.44442,0.28331,0.77639,0.86382,0.48701,1.11199,1.24041,1.17929,2.13335,2.74472,1.18196,4.32661
2026-01-07 22:00:00,7.51131,0.05169,0.40543,0.84371,0.35183,0.08041,0.38838,0.16909,0.27776,0.90775,1.64707,7.0395,0.07597,0.2818,1.10996,0.02643,0.00931,0.04125,0,0.09813,0.16066,1.17831,1.61187,1.46353,1.26045,0.35085,8.76354,0.77481,0.23907,0.59633,1.32101,5.49593,0.87572,0.48492,0,2.73623,0.45534,0.2818,0.77481,0.87572,0.48492,1.10996,1.2395,1.17831,2.12774,2.73623,1.2053,4.32661
2026-01-07 23:00:00,7.74772,0.05621,0.46158,0.82554,0.40809,0.07328,0.35852,0.21971,0.28678,0.94975,1.73458,6.98072,0.09553,0.28026,1.10793,0.02643,0.00937,0.04002,0,0.09431,0.16715,1.17744,1.66737,1.51797,1.31177,0.34631,8.9319,0.77289,0.25238,0.62266,1.34525,5.57598,0.86312,0.48606,0,2.72767,0.46626,0.28026,0.77289,0.86312,0.48606,1.10793,1.23834,1.17744,2.12232,2.72767,1.22961,4.32661
2026-01-08 00:00:00,7.98413,0.05981,0.49478,0.81357,0.44877,0.0706,0.33355,0.30233,0.3044,0.99374,1.88177,6.92757,0.11417,0.27869,1.1059,0.02643,0.00943,0.03878,0,0.09049,0.17016,1.1766,1.71886,1.5724,1.36309,0.34109,9.10026,0.77056,0.26569,0.64945,1.36478,5.65129,0.83732,0.49068,0,2.7191,0.47718,0.27869,0.77056,0.83732,0.49068,1.1059,1.2369,1.1766,2.11706,2.7191,1.24918,4.32661
2026-01-08 01:00:00,7.95977,0.06236,0.5075,0.80615,0.47125,0.06905,0.31147,0.42348,0.33465,1.02593,1.94691,6.84157,0.13056,0.27708,1.10387,0.02676,0.00957,0.03754,0,0.08702,0.16787,1.17571,1.7678,1.57986,1.38293,0.33505,9.15352,0.76773,0.26743,0.65695,1.37617,5.6403,0.80712,0.49959,0,2.71053,0.47146,0.27708,0.76773,0.80712,0.49959,1.10387,1.23526,1.17571,2.11197,2.71053,1.26058,4.32661
2026-01-08 02:00:00,7.93542,0.064,0.50622,0.79994,0.47595,0.06719,0.28967,0.52812,0.37519,1.06025,2.01189,6.76103,0.14422,0.27537,1.10183,0.02709,0.0097,0.03629,0,0.08354,0.16156,1.17471,1.81511,1.58732,1.40277,0.32797,9.20677,0.76439,0.26917,0.65938,1.37969,5.6214,0.77545,0.51326,0,2.70201,0.46575,0.27537,0.76439,0.77545,0.51326,1.10183,1.2335,1.17471,2.107,2.70201,1.26409,4.32661
2026-01-08 03:00:00,7.91106,0.06504,0.49642,0.79418,0.46655,0.06347,0.26908,0.54245,0.42078,1.09251,2.0699,6.76343,0.15361,0.27411,1.09977,0.02743,0.00984,0.03576,0,0.08006,0.15457,1.17356,1.85123,1.59479,1.42261,0.31984,9.26003,0.76049,0.27092,0.65985,1.3813,5.6006,0.7433,0.53071,0,2.6936,0.46003,0.27411,0.76049,0.7433,0.53071,1.09977,1.23182,1.17356,2.10216,2.6936,1.26567,4.32661
2026-01-08 04:00:00,7.8867,0.06562,0.48216,0.77882,0.44937,0.05551,0.24917,0.52029,0.46807,1.1259,2.12504,6.66192,0.15055,0.2741,1.09777,0.02776,0.00997,0.03552,0,0.07659,0.14799,1.17225,1.8695,1.60225,1.44245,0.31895,9.31329,0.75593,0.27266,0.65956,1.37656,5.57343,0.71066,0.55066,0,2.68542,0.45431,0.2741,0.75593,0.71066,0.55066,1.09777,1.23049,1.17225,2.09738,2.68542,1.2609,4.32661
2026-01-08 05:00:00,7.86235,0.06569,0.46595,0.74705,0.4288,0.05021,0.22793,0.48027,0.51416,1.15935,2.17892,6.56048,0.13652,0.2756,1.09595,0.02809,0.01011,0.03554,0,0.07312,0.14185,1.17084,1.87584,1.60971,1.46229,0.33389,9.36654,0.75135,0.2744,0.65903,1.36786,5.5423,0.67635,0.57224,0,2.67763,0.4486,0.2756,0.75135,0.67635,0.57224,1.09595,1.22972,1.17084,2.09265,2.67763,1.25217,4.32661
2026-01-08 06:00:00,7.83799,0.06503,0.44932,0.7219,0.40672,0.04822,0.20284,0.42992,0.55247,1.19287,2.23229,6.45291,0.12303,0.27849,1.09445,0.02842,0.01024,0.0356,0,0.06964,0.1356,1.16939,1.87459,1.61717,1.48213,0.3673,9.4198,0.74867,0.27614,0.65834,1.36153,5.51355,0.64029,0.59509,0,2.67041,0.44288,0.27849,0.74867,0.64029,0.59509,1.09445,1.22958,1.16939,2.08791,2.67041,1.24582,4.32661
2026-01-08 07:00:00,7.69917,0.06337,0.43266,0.70141,0.38422,0.047,0.17706,0.37805,0.5757,1.18057,2.25579,6.31436,0.11182,0.28267,1.09345,0.02786,0.01014,0.03567,0,0.06809,0.12834,1.16805,1.86851,1.58928,1.47279,0.4227,9.34604,0.75041,0.2679,0.64736,1.35476,5.42805,0.60254,0.61914,0,2.66397,0.43143,0.28267,0.75041,0.60254,0.61914,1.09345,1.22999,1.16805,2.08313,2.66397,1.23902,4.32661
2026-01-08 08:00:00,7.56035,0.06096,0.41598,0.68172,0.36132,0.0455,0.15532,0.35108,0.58544,1.16708,2.26915,6.17451,0.10223,0.28806,1.09306,0.0273,0.01003,0.03573,0,0.06653,0.12054,1.16696,1.85936,1.56139,1.46344,0.4949,9.27228,0.75922,0.25966,0.63209,1.34911,5.34369,0.56299,0.6439,0,2.65853,0.41998,0.28806,0.75922,0.56299,0.6439,1.09306,1.23102,1.16696,2.07828,2.65853,1.23335,4.32661
2026-01-08 09:00:00,7.42154,0.05837,0.39989,0.65975,0.3381,0.04244,0.1377,0.33387,0.59091,1.15337,2.26332,6.0318,0.09405,0.29437,1.09337,0.02674,0.00993,0.03603,0,0.06498,0.11353,1.16621,1.84159,1.5335,1.4541,0.57771,9.19852,0.77717,0.25143,0.6152,1.33987,5.25574,0.5227,0.66801,0,2.65422,0.40854,0.29437,0.77717,0.5227,0.66801,1.09337,1.23299,1.16621,2.07342,2.65422,1.22409,4.32661
2026-01-08 10:00:00,7.28272,0.0559,0.38511,0.62881,0.31545,0.03583,0.123,0.31719,0.60101,1.13898,2.243,5.85993,0.08627,0.30111,1.09443,0.02618,0.00983,0.03644,0,0.06343,0.10758,1.16587,1.81083,1.5056,1.44476,0.66593,9.12476,0.80501,0.24319,0.59763,1.32109,5.15823,0.48216,0.69023,0,2.65117,0.39709,0.30111,0.80501,0.48216,0.69023,1.09443,1.23629,1.16587,2.06876,2.65117,1.20529,4.32661
2026-01-08 11:00:00,7.1439,0.05356,0.37178,0.58082,0.29375,0.03141,0.10998,0.30126,0.61904,1.12482,2.21802,5.67695,0.07887,0.30801,1.09622,0.02562,0.00972,0.03693,0,0.06187,0.10233,1.16604,1.77097,1.47771,1.43541,0.75403,9.051,0.84242,0.23495,0.57986,1.29793,5.05638,0.45194,0.71007,0,2.6495,0.38564,0.30801,0.84242,0.45194,0.71007,1.09622,1.24091,1.16604,2.06461,2.6495,1.18213,4.32661
2026-01-08 12:00:00,7.00508,0.05121,0.35953,0.54265,0.27222,0.02976,0.09716,0.28592,0.64207,1.11092,2.19152,5.4752,0.07246,0.31512,1.09869,0.02506,0.00962,0.03741,0,0.06032,0.09707,1.16691,1.72532,1.44982,1.42607,0.83563,8.97724,0.88826,0.22671,0.56199,1.27992,4.95967,0.43557,0.72746,0,2.64936,0.37419,0.31512,0.88826,0.43557,0.72746,1.09869,1.24641,1.16691,2.06146,2.64936,1.16412,4.31648
