GMT,FRAC1,LTDC1,HIDC1,BHNC1,MPAC1,OWCC1,BNCC1,BCKC1,MEEC1,HPIC1,POHC1,EXQC1,DSNC1,STVC1,NWMC1,LGCC1,WARC1,LGAC1,PNEC1,LBDC1,OREC1,PATC1,HETC1,LNRC1,CHVC1F,DCMC1,NDPC1,MDSC1,NDVC1,NSWC1,AVYC1,NMSC1,OBBC1,RIPC1,PTTC1,VNSC1,KNFC1L,STVC1,MDSC1,OBBC1,RIPC1,NWMC1,CRDC1,PATC1,MZRC1,VNSC1,AVYC1L,NDPC1L
,QINE,QINE,QINE,QINE,QINE,QINE,QINE,QINE,QINE,QINE,QINE,QINE,QINE,QINE,QINE,QINE,QINE,QINE,QINE,QINE,QINE,QINE,QINE,QINE,QINE,QINE,QINE,QINE,QINE,QINE,QINE,QINE,QINE,QINE,QINE,QINE,QINE,QINE,QINE,QINE,QINE,QINE,QINE,QINE,QINE,QINE,SQIN,SQIN
2025-12-18 12:00:00,0.28479,0.00128,0.02278,0,0.002,0.001,0.001,0.005,0.02,0.05452,0.10663,0.46865,0.01184,0.12201,0.56161,0.00001,0,0.00001,0,-0.00338,0.00001,0.61307,0.08292,0.03361,0.11495,0,1.02663,0.33992,0.01471,0.00976,0.24103,0.27151,0.21802,0.19071,0,1.07372,0.00438,0.12201,0.33992,0.21802,0.19071,0.56161,0.58422,0.61307,0.77105,1.07372,0.02931,0.15724
2025-12-18 13:00:00,0.30897,0.00127,0.02278,0,0.002,0.001,0.001,0.005,0.02,0.05452,0.10495,0.46865,0.01184,0.12201,0.56161,0.00001,0,0.00001,0,0.00003,0.00001,0.61007,0.17559,0.07202,0.16726,0,1.01986,0.35678,0.01509,0.00114,0.24103,0.34823,0.21802,0.19192,0,1.07372,0.00437,0.12201,0.35678,0.21802,0.19192,0.56161,0.58422,0.61007,0.77717,1.07372,0.02935,0.15718
2025-12-18 14:00:00,0.30885,0.00127,0.01842,0,0.002,0.001,0.001,0.005,0.02,0.05452,0.10663,0.46865,0.01184,0.12201,0.56161,0.00001,0,0.00001,0,0.00197,0.00001,0.61007,0.2135,0.02954,0.32253,0,1.0131,0.36816,0.01437,0.0261,0.24103,0.42492,0.21802,0.19071,0,1.07372,0.00436,0.12201,0.36816,0.21802,0.19071,0.56161,0.58707,0.61007,0.78411,1.07372,0.02937,0.15697
2025-12-18 15:00:00,0.30885,0.00126,0.01407,0,0.002,0.001,0.001,0.005,0.02,0.05548,0.10663,0.41849,0.01184,0.12201,0.56161,0.00001,0,0.00001,0,0.00097,0.00001,0.61307,0.17654,0.01325,0.33793,0,1.00634,0.37964,0.0151,0.06171,0.23903,0.50163,0.21502,0.19192,0,1.07372,0.00435,0.12201,0.37964,0.21502,0.19192,0.56161,0.58707,0.61307,0.79175,1.07372,0.0294,0.15676
2025-12-18 16:00:00,0.30885,0.00125,0.00971,0,0.002,0.001,0.001,0.005,0.02,0.05548,0.10663,0.26724,0.01184,0.12201,0.56161,0.00001,0,0.00001,0,-0.00003,0.00001,0.61007,0.17578,0.02339,0.19683,0,0.96594,0.39121,0.01438,0.0851,0.23903,0.57827,0.21802,0.19192,0,1.07372,0.00434,0.12201,0.39121,0.21802,0.19192,0.56161,0.58707,0.61007,0.79997,1.07372,0.02939,0.15654
2025-12-18 17:00:00,0.30876,0.00125,0.00971,0,0.002,0.001,0.001,0.005,0.02,0.05452,0.10663,0.16666,0.01184,0.12201,0.56161,0.00001,0,0.00001,0,0.00044,0.00001,0.61307,0.17576,0.04315,0.12477,0,0.92555,0.40878,0.0151,0.06118,0.23903,0.65492,0.21802,0.19071,0,1.06814,0.00433,0.12201,0.40878,0.21802,0.19071,0.56161,0.58707,0.61307,0.80858,1.06814,0.02936,0.15633
2025-12-18 18:00:00,0.30866,0.00124,0.00971,0,0.002,0.001,0.001,0.005,0.02,0.05452,0.10831,-0.0859,0.01184,0.12201,0.56161,0.00001,0,0.00001,0,0.00141,0.00001,0.61307,0.26835,0.03458,0.24372,0,0.88515,0.44152,0.01512,0.01588,0.24003,0.73156,0.21802,0.19071,0,1.07372,0.00432,0.12201,0.44152,0.21802,0.19071,0.56161,0.58707,0.61307,0.81738,1.07372,0.02933,0.15612
2025-12-18 19:00:00,0.30889,0.00124,0.00971,0,0.002,0.001,0.001,0.005,0.02,0.05548,0.10831,-0.33927,0.01184,0.12201,0.56161,0.00001,0,0.00001,0,-0.003,0.00001,0.61307,0.21273,0.01431,0.3673,0,0.84504,0.49042,0.01403,0.03033,0.24003,0.7887,0.21802,0.19071,0,1.07372,0.00431,0.12201,0.49042,0.21802,0.19071,0.56161,0.58422,0.61307,0.82636,1.07372,0.02931,0.1559
2025-12-18 20:00:00,0.28481,0.00124,0.01407,0,0.002,0.001,0.001,0.005,0.02,0.05548,0.10663,-0.38934,0.01184,0.12301,0.56161,0.00001,0,0.00001,0,-0.00153,0.00001,0.61007,0.13786,0.03932,0.32455,0,0.80493,0.57945,0.01438,-0.00756,0.23903,0.84572,0.21802,0.19071,0,1.07932,0.0043,0.12301,0.57945,0.21802,0.19071,0.56161,0.58422,0.61007,0.83572,1.07932,0.02929,0.15569
2025-12-18 21:00:00,0.28457,0.00124,0.01407,0,0.002,0.001,0.001,0.005,0.02,0.05452,0.10663,-0.33818,0.01184,0.12301,0.56161,0.00001,0,0.00001,0,0.00338,0.00001,0.61607,0.21193,0.04739,0.18948,0,0.76481,0.69605,0.01477,-0.01794,0.24101,0.9027,0.21802,0.19071,0,1.07932,0.00429,0.12301,0.69605,0.21802,0.19071,0.56161,0.58422,0.61607,0.84608,1.07932,0.02927,0.15548
2025-12-18 22:00:00,0.30862,0.00124,0.01407,0,0.002,0.001,0.001,0.005,0.02,0.05452,0.10831,-0.23681,0.01225,0.12301,0.56161,0.00001,0,0.00001,0,0.00291,0.00001,0.61307,0.21267,0.02676,0.15423,0,0.72469,0.83394,0.01514,-0.01671,0.24203,0.9595,0.21802,0.19071,0,1.08492,0.00428,0.12301,0.83394,0.21802,0.19071,0.56161,0.58422,0.61307,0.85831,1.08492,0.02923,0.15526
2025-12-18 23:00:00,0.30862,0.00123,0.01842,0,0.002,0.001,0.001,0.005,0.02,0.05452,0.11001,-0.08575,0.01225,0.12301,0.56161,0.00001,0,0.00001,0,-0.00197,0.00001,0.61307,0.21348,0.02364,0.27567,0,0.68458,0.97472,0.0155,-0.00632,0.24103,1.01619,0.21802,0.19192,0,1.08492,0.00427,0.12301,0.97472,0.21802,0.19192,0.56161,0.58707,0.61307,0.874,1.08492,0.02919,0.15505
2025-12-19 00:00:00,0.30862,0.00123,0.01407,0,0.002,0.001,0.001,0.005,0.02,0.05548,0.11001,0.11619,0.01225,0.12301,0.56161,0.00001,0,0.00001,0,-0.00294,0.00001,0.61307,0.15873,0.03989,0.34409,0,0.64447,1.11964,0.0148,0.04556,0.24103,1.07282,0.21802,0.19071,0,1.09054,0.00426,0.12301,1.11964,0.21802,0.19071,0.56161,0.58422,0.61307,0.89498,1.09054,0.02915,0.15484
2025-12-19 01:00:00,0.33268,0.00123,0.0141,0,0.002,0.001,0.001,0.005,0.02,0.05646,0.11001,0.36977,0.01225,0.12301,0.56161,0.00001,0,0.00001,0,0.00294,0.00001,0.61307,0.13946,0.03955,0.23795,0,0.60617,1.24781,0.01554,0.05093,0.24103,1.13014,0.21802,0.19192,0,1.09617,0.00425,0.12301,1.24781,0.21802,0.19192,0.56161,0.58422,0.61307,0.9224,1.09617,0.02913,0.1551
2025-12-19 02:00:00,0.35698,0.00123,0.01413,0,0.002,0.001,0.001,0.005,0.02,0.05452,0.11001,0.47074,0.01225,0.12301,0.56161,0.00001,0,0.00001,0,0.00442,0.00001,0.61007,0.1942,0.03067,0.10889,0,0.56787,1.37605,0.01521,0.08401,0.23903,1.18735,0.21802,0.19192,0,1.10181,0.00424,0.12301,1.37605,0.21802,0.19192,0.56161,0.58422,0.61007,0.95657,1.10181,0.02911,0.15536
2025-12-19 03:00:00,0.35723,0.00123,0.01848,0,0.002,0.001,0.001,0.005,0.02,0.05452,0.11001,0.41985,0.01225,0.12201,0.56446,0.00001,0,0.00001,0,0.00147,0.00001,0.61307,0.13937,0.02999,0.15699,0,0.56774,1.49607,0.01485,0.06468,0.24103,1.24432,0.21502,0.19192,0,1.10747,0.00424,0.12201,1.49607,0.21502,0.19192,0.56446,0.58422,0.61307,0.99787,1.10747,0.02909,0.15562
2025-12-19 04:00:00,0.33318,0.00123,0.02284,0,0.002,0.001,0.001,0.005,0.02,0.05452,0.10831,0.47053,0.01225,0.12301,0.56446,0.00001,0,0.00001,0,0.00294,0.00001,0.61307,0.12101,0.02965,0.31303,0,0.56761,1.59493,0.01559,0.04481,0.23903,1.30105,0.21802,0.19192,0,1.10747,0.00423,0.12301,1.59493,0.21802,0.19192,0.56446,0.58707,0.61307,1.04605,1.10747,0.02905,0.15588
2025-12-19 05:00:00,0.3347,0.00123,0.02284,0,0.002,0.001,0.001,0.005,0.02,0.05452,0.11001,0.52116,0.01225,0.12301,0.56446,0.00001,0,0.00001,0,0.00297,0.00001,0.61307,0.1574,0.03754,0.32844,0,0.56748,1.69152,0.01489,0.05443,0.23803,1.35767,0.21502,0.19071,0,1.12452,0.00422,0.12301,1.69152,0.21502,0.19071,0.56446,0.58707,0.61307,1.10011,1.12452,0.02901,0.15614
2025-12-19 06:00:00,0.37888,0.00123,0.02719,0,0.002,0.001,0.001,0.005,0.02,0.05452,0.10831,0.49214,0.01225,0.12301,0.56732,0.00001,0,0.00001,0,0.00006,0.00001,0.61307,0.15747,0.04632,0.20748,0,0.56735,1.77736,0.01489,0.04578,0.23903,1.41408,0.21502,0.19071,0,1.13594,0.00421,0.12301,1.77736,0.21502,0.19071,0.56732,0.58422,0.61307,1.15897,1.13594,0.02898,0.1564
2025-12-19 07:00:00,0.41608,0.00123,0.02281,0,0.002,0.001,0.001,0.005,0.02,0.05452,0.10831,0.41333,0.01225,0.12401,0.56446,0.00001,0,0.00001,0,-0.00289,0.00001,0.61307,0.17616,0.03728,0.1554,0,0.56934,1.84773,0.01489,0.02748,0.23903,1.24922,0.21802,0.19071,0,1.14741,0.0042,0.12401,1.84773,0.21802,0.19071,0.56446,0.58707,0.61307,1.22126,1.14741,0.02896,0.15666
2025-12-19 08:00:00,0.51193,0.00123,0.02278,0,0.002,0.001,0.001,0.005,0.02,0.05452,0.10831,0.30478,0.01225,0.12301,0.56732,0.00001,0,0.00001,0,-0.00583,0.00001,0.61307,0.17631,0.02641,0.22593,0,0.57134,1.90207,0.01527,0.00814,0.23803,1.08434,0.21502,0.19071,0,1.15893,0.00419,0.12301,1.90207,0.21502,0.19071,0.56732,0.58707,0.61307,1.28602,1.15893,0.02894,0.15693
2025-12-19 09:00:00,0.60779,0.00123,0.02278,0,0.002,0.001,0.001,0.005,0.02,0.05452,0.10663,0.24686,0.01225,0.12401,0.56732,0.00001,0,0.00001,0,0.00003,0.00001,0.61307,0.19415,0.03429,0.31654,0,0.57333,1.95264,0.01454,0.02798,0.24003,0.91949,0.21502,0.19071,0,1.17051,0.00418,0.12401,1.95264,0.21502,0.19071,0.56732,0.58707,0.61307,1.35224,1.17051,0.02892,0.15719
2025-12-19 10:00:00,0.66904,0.00123,0.02278,0,0.002,0.001,0.001,0.005,0.02,0.05356,0.10663,0.10819,0.01225,0.12301,0.56732,0.00001,0,0.00001,0,0,0.00001,0.61307,0.21192,0.03573,0.28628,0,0.57532,2.00784,0.0149,0.03254,0.24103,0.7546,0.21802,0.19071,0,1.1938,0.00417,0.12301,2.00784,0.21802,0.19071,0.56732,0.58707,0.61307,1.41872,1.1938,0.02888,0.15745
2025-12-19 11:00:00,0.72888,0.00123,0.02278,0,0.002,0.001,0.001,0.005,0.02,0.05356,0.10663,-0.14057,0.01225,0.12401,0.57018,0.00001,0,0.00001,0,-0.00003,0.00001,0.61307,0.15632,0.02033,0.18762,0,0.57732,2.05919,0.0149,0.0117,0.23903,0.58971,0.21802,0.19071,0,1.21729,0.00416,0.12401,2.05919,0.21802,0.19071,0.57018,0.58707,0.61307,1.48465,1.21729,0.02884,0.15771
2025-12-19 12:00:00,0.74607,0.00123,0.01842,0,0.002,0.001,0.001,0.005,0.02,0.05356,0.10663,-0.21969,0.01225,0.12301,0.56732,0.00001,0,0.00001,0,0.00583,0.00001,0.61307,0.17407,0.02243,0.15668,0,0.57931,2.11524,0.01489,0.0326,0.23903,0.42483,0.21802,0.19071,0,1.24098,0.00415,0.12301,2.11524,0.21802,0.19071,0.56732,0.58707,0.61307,1.54995,1.24098,0.02881,0.16013
2025-12-19 13:00:00,0.74607,0.00123,0.02278,0,0.002,0.001,0.001,0.005,0.02,0.05356,0.10663,-0.21922,0.01225,0.12401,0.57018,0.00001,0,0.00001,0,0.00583,0.00001,0.61307,0.17408,0.03324,0.21007,0,0.57876,2.18917,0.01489,0.06621,0.24003,0.39806,0.21802,0.19071,0,1.27687,0.00414,0.12401,2.18917,0.21802,0.19071,0.57018,0.58992,0.61307,1.61357,1.27687,0.02878,0.16238
2025-12-19 14:00:00,0.71147,0.00123,0.02278,0,0.002,0.001,0.001,0.005,0.02,0.05356,0.10663,-0.12935,0.01225,0.12401,0.57018,0.00001,0,0.00001,0,-0.00003,0.00001,0.61307,0.15633,0.03464,0.31615,0,0.5782,2.28594,0.0149,0.06011,0.23703,0.37139,0.21802,0.19071,0,1.31931,0.00413,0.12401,2.28594,0.21802,0.19071,0.57018,0.58992,0.61307,1.67571,1.31931,0.02877,0.16239
2025-12-19 15:00:00,0.67687,0.00123,0.01842,0,0.002,0.001,0.001,0.005,0.02,0.05356,0.10495,0.0505,0.01225,0.12401,0.57018,0.00001,0,0.00001,0,-0.00588,0.00001,0.61607,0.21191,0.03609,0.33859,0,0.57765,2.41082,0.0149,0.04943,0.23903,0.34484,0.21502,0.19071,0,1.36852,0.00413,0.12401,2.41082,0.21502,0.19071,0.57018,0.58992,0.61607,1.73796,1.36852,0.02875,0.16239
2025-12-19 16:00:00,0.67687,0.00123,0.01842,0,0.002,0.001,0.001,0.005,0.02,0.05356,0.10495,0.26041,0.01225,0.12301,0.57018,0.00001,0,0.00001,0,-0.00294,0.00001,0.61607,0.21282,0.06824,0.27039,0,0.57709,2.5467,0.01489,0.03978,0.23903,0.31833,0.21802,0.19071,0,1.41853,0.00412,0.12301,2.5467,0.21802,0.19071,0.57018,0.58992,0.61607,1.80143,1.41853,0.02871,0.1624
2025-12-19 17:00:00,0.67687,0.00123,0.01842,0,0.002,0.001,0.001,0.005,0.02,0.05262,0.10495,0.50051,0.01225,0.12401,0.57018,0.00001,0,0.00001,0,-0.00294,0.00001,0.61607,0.2315,0.11789,0.19098,0,0.57654,2.706,0.01453,0.03622,0.23803,0.29194,0.21802,0.19071,0,1.47563,0.00411,0.12401,2.706,0.21802,0.19071,0.57018,0.58992,0.61607,1.86742,1.47563,0.02867,0.1624
2025-12-19 18:00:00,0.67687,0.00123,0.01842,0,0.002,0.001,0.001,0.005,0.02,0.05356,0.10329,0.68062,0.01225,0.12401,0.57305,0.00001,0,0.00001,0,-0.00588,0.00001,0.61607,0.17519,0.1168,0.11547,0,0.57598,2.85305,0.01451,0.03875,0.24103,0.26564,0.21802,0.19071,0,1.52714,0.0041,0.12401,2.85305,0.21802,0.19071,0.57305,0.58992,0.61607,1.93689,1.52714,0.02864,0.16241
2025-12-19 19:00:00,0.67687,0.00123,0.01407,0,0.002,0.001,0.001,0.005,0.02,0.05356,0.10329,0.85991,0.01225,0.12501,0.57018,0.00001,0,0.00001,0,-0.0088,0.00001,0.61607,0.17518,0.15279,-0.05157,0,0.57828,2.99076,0.01487,0.02192,0.23903,0.26226,0.21802,0.19071,0,1.58598,0.00409,0.12501,2.99076,0.21802,0.19071,0.57018,0.58992,0.61607,2.01056,1.58598,0.02956,0.16242
2025-12-19 20:00:00,0.67687,0.00122,0.01398,0,0.002,0.001,0.002,0.005,0.02,0.05262,0.10329,0.92013,0.01225,0.12401,0.57018,0,0,0.00001,0,-0.00294,0.00001,0.61907,0.17517,0.2296,-0.39213,0,0.58057,3.13289,0.01411,0.04225,0.23503,0.2565,0.21802,0.19071,0,1.66593,0.00408,0.12401,3.13289,0.21802,0.19071,0.57018,0.59278,0.61907,2.08818,1.66593,0.03144,0.16243
2025-12-19 21:00:00,0.67687,0.00122,0.01817,0,0.002,0.001,0.002,0.005,0.02,0.05262,0.10329,0.8007,0.01225,0.12501,0.57305,0,0,0.00001,0,-0.00003,0.00001,0.61607,0.13889,0.27338,-0.62158,0,0.58287,3.25343,0.01557,0.04428,0.23703,0.24872,0.21802,0.19071,0,1.73382,0.00407,0.12501,3.25343,0.21802,0.19071,0.57305,0.59278,0.61607,2.16533,1.73382,0.03521,0.16244
2025-12-19 22:00:00,0.67687,0.00121,0.01801,0,0.002,0.001,0.002,0.005,0.02,0.05262,0.10495,0.62088,0.01225,0.12501,0.57592,0,0,0.00001,0,-0.00588,0.00001,0.61607,0.17577,0.27177,-0.68928,0,0.58517,3.37655,0.01485,0.08295,0.24003,0.24054,0.21502,0.19071,0,1.78897,0.00406,0.12501,3.37655,0.21502,0.19071,0.57592,0.59278,0.61607,2.24574,1.78897,0.04465,0.16245
2025-12-19 23:00:00,0.67687,0.00121,0.01784,0,0.002,0.001,0.002,0.005,0.02,0.05356,0.10831,0.47095,0.01225,0.12501,0.57592,0.00001,0,0.00001,0,0.00291,0.00001,0.61907,0.10153,0.27331,-0.72087,0,0.58746,3.49696,0.0156,0.14555,0.24003,0.22966,0.21502,0.19071,0,1.86602,0.00405,0.12501,3.49696,0.21502,0.19071,0.57592,0.59278,0.61907,2.3289,1.86602,0.05694,0.16246
2025-12-20 00:00:00,0.67687,0.0012,0.01767,0,0.002,0.001,0.002,0.005,0.02,0.05168,0.11001,0.32101,0.01225,0.12501,0.57592,0.00001,0,0.00001,0,0.01171,0.00001,0.61907,0.21418,0.32451,-0.79347,0,0.58976,3.59287,0.01565,0.17251,0.24303,0.21333,0.21802,0.18951,0,1.93009,0.00404,0.12501,3.59287,0.21802,0.18951,0.57592,0.59278,0.61907,2.41416,1.93009,0.06638,0.16247
2025-12-20 01:00:00,0.64227,0.0012,0.02189,0,0.002,0.001,0.002,0.005,0.02,0.05168,0.10831,0.1116,0.01225,0.12401,0.5788,0.00001,0,0.00001,0,0.01168,0.00001,0.62207,0.252,0.32083,-0.77053,0,0.62237,3.68479,0.01755,0.18625,0.24503,0.16215,0.21502,0.19071,0,2.00235,0.00403,0.12401,3.68479,0.21502,0.19071,0.5788,0.59278,0.62207,2.50125,2.00235,0.08119,0.16249
2025-12-20 02:00:00,0.60767,0.0012,0.02184,0,0.002,0.001,0.002,0.005,0.02,0.05076,0.10663,-0.06851,0.01225,0.12501,0.5788,0.00001,0,0.00001,0,0.00874,0.00001,0.62207,0.1779,0.32298,-0.55148,0.001,0.65497,3.76698,0.01918,0.20152,0.25303,0.11536,0.21502,0.19071,0,2.07575,0.00402,0.12501,3.76698,0.21502,0.19071,0.5788,0.59564,0.62207,2.58948,2.07575,0.1004,0.16251
2025-12-20 03:00:00,0.60767,0.0012,0.02184,0,0.002,0.001,0.002,0.005,0.02,0.05168,0.10663,-0.12881,0.01225,0.12501,0.5788,0.00001,0,0.00001,0,0.00289,0.00001,0.62207,0.17643,0.30358,-0.49045,0.001,0.68758,3.84463,0.02087,0.18372,0.25303,0.08497,0.21802,0.19071,0,2.14279,0.00402,0.12501,3.84463,0.21802,0.19071,0.5788,0.59564,0.62207,2.67601,2.14279,0.136,0.16254
2025-12-20 04:00:00,0.57304,0.00119,0.01748,0,0.002,0.001,0.002,0.005,0.02,0.05168,0.10663,-0.15846,0.01225,0.12501,0.5788,0.00001,0,0.00001,0,-0.00006,0.00001,0.62407,0.10235,0.30624,-0.47571,0.001,0.72019,3.90063,0.02106,0.16235,0.25803,0.10276,0.21802,0.18951,0,2.22595,0.00401,0.12501,3.90063,0.21802,0.18951,0.5788,0.59851,0.62407,2.76263,2.22595,0.21979,0.16257
2025-12-20 05:00:00,0.55089,0.00119,0.01313,0,0.002,0.001,0.001,0.005,0.02,0.05262,0.10663,-0.21854,0.01225,0.12401,0.58169,0.00001,0,0.00001,0,-0.00297,0.00001,0.62407,0.21427,0.34332,-0.44674,0.001,0.75279,3.96844,0.02345,0.16897,0.25703,0.14417,0.21802,0.18951,0,2.30272,0.004,0.12401,3.96844,0.21802,0.18951,0.58169,0.59851,0.62407,2.84898,2.30272,0.3272,0.16261
2025-12-20 06:00:00,0.52773,0.00119,0.01748,0,0.002,0.001,0.001,0.005,0.02,0.05356,0.10663,-0.28389,0.01225,0.12501,0.58169,0.00001,0,0.00001,0,-0.00588,0,0.62407,0.1395,0.31767,-0.36198,0.001,0.7854,4.01974,0.02664,0.12115,0.26303,0.16103,0.21802,0.19071,0,2.38061,0.00399,0.12501,4.01974,0.21802,0.19071,0.58169,0.60138,0.62407,2.93454,2.38061,0.41005,0.16267
2025-12-20 07:00:00,0.48051,0.00119,0.0131,0,0.002,0.001,0.001,0.005,0.02,0.05356,0.10663,-0.26942,0.01225,0.12501,0.58458,0.00001,0,0.00001,0,-0.00294,0.00001,0.62707,0.08407,0.3274,-0.34204,0.001,0.90475,4.06563,0.03067,0.07995,0.26803,0.19088,0.21802,0.19071,0,2.46756,0.00398,0.12501,4.06563,0.21802,0.19071,0.58458,0.60426,0.62707,3.0189,2.46756,0.46446,0.16274
2025-12-20 08:00:00,0.43329,0.00119,0.01307,0,0.002,0.001,0.001,0.005,0.02,0.05452,0.10663,-0.15117,0.01225,0.12501,0.58458,0.00001,0,0,0,0,0.00001,0.62707,0.34353,0.33675,-0.42667,0.001,1.0241,4.10026,0.03405,0.05452,0.27803,0.21764,0.21802,0.19071,0,2.56395,0.00397,0.12501,4.10026,0.21802,0.19071,0.58458,0.60426,0.62707,3.10198,2.56395,0.48272,0.16286
2025-12-20 09:00:00,0.35152,0.00119,0.01307,0,0.002,0.001,0.001,0.005,0.02,0.05548,0.10663,-0.08725,0.01225,0.12501,0.58748,0.00001,0,0,0,0.00294,0.00001,0.63007,0.34434,0.36679,-0.41986,0.001,1.14344,4.14086,0.03566,0.12018,0.28003,0.2441,0.21502,0.18951,0,2.64547,0.00396,0.12501,4.14086,0.21502,0.18951,0.58748,0.60426,0.63007,3.18348,2.64547,0.4945,0.16305
2025-12-20 10:00:00,0.30438,0.00119,0.01742,0,0.002,0.001,0.001,0.005,0.02,0.05845,0.10663,-0.04272,0.01225,0.12501,0.58748,0.00001,0,0,0,0.00589,0.00001,0.62707,0.34441,0.39609,-0.41804,0.001,1.26279,4.17,0.03514,0.17359,0.28503,0.26657,0.21502,0.18951,0,2.74474,0.00396,0.12501,4.17,0.21502,0.18951,0.58748,0.60426,0.62707,3.263,2.74474,0.47889,0.16343
2025-12-20 11:00:00,0.24476,0.00119,0.02178,0,0.002,0.001,0.001,0.005,0.02,0.06256,0.11001,0.10495,0.01225,0.12501,0.59038,0.00001,0,0.00001,0,0.00294,0.00001,0.62707,0.41777,0.37839,-0.31372,0.001,1.38214,4.20512,0.03724,0.13298,0.29503,0.28555,0.21802,0.18951,0,2.82866,0.00395,0.12501,4.20512,0.21802,0.18951,0.59038,0.60715,0.62707,3.34037,2.82866,0.44549,0.16459
2025-12-20 12:00:00,0.18616,0.00119,0.01742,0,0.002,0.001,0.001,0.005,0.02,0.06362,0.11001,0.20342,0.01225,0.12401,0.59328,0.00001,0,0.00001,0,0.00294,0,0.63007,0.45476,0.37874,-0.23772,0.001,1.50149,4.22862,0.04108,0.1485,0.29503,0.30549,0.21802,0.18951,0,2.92222,0.00394,0.12401,4.22862,0.21802,0.18951,0.59328,0.60715,0.63007,3.41557,2.92222,0.42169,0.19035
2025-12-20 13:00:00,0.1862,0.00119,0.02184,0,0.002,0.001,0.001,0.005,0.02,0.06468,0.11171,0.24006,0.01225,0.12501,0.59328,0.00001,0,0.00001,0,0.00294,0.00001,0.63007,0.4724,0.3859,-0.19122,0.001,1.62063,4.25811,0.04168,0.19067,0.29503,0.33845,0.21802,0.18951,0,3.01708,0.00393,0.12501,4.25811,0.21802,0.18951,0.59328,0.60715,0.63007,3.48857,3.01708,0.39827,0.199
2025-12-20 14:00:00,0.18624,0.00119,0.0219,0,0.002,0.001,0.001,0.005,0.02,0.06468,0.11343,0.26404,0.01225,0.12501,0.59619,0.00001,0,0.00001,0,0,0.00001,0.63007,0.34113,0.33032,-0.09307,0.001,1.73976,4.26994,0.04519,0.18062,0.30003,0.37026,0.21802,0.18951,0,3.11323,0.00392,0.12501,4.26994,0.21802,0.18951,0.59619,0.60715,0.63007,3.55935,3.11323,0.38246,0.20174
2025-12-20 15:00:00,0.18629,0.00119,0.01754,0,0.002,0.001,0.001,0.005,0.02,0.06685,0.11867,0.27575,0.01225,0.12501,0.5991,0.00001,0,0.00001,0,0,0.00001,0.63307,0.41513,0.28965,0.05414,0.001,1.8589,4.30553,0.05002,0.13903,0.30503,0.39735,0.21802,0.18951,0,3.2014,0.00392,0.12501,4.30553,0.21802,0.18951,0.5991,0.61004,0.63307,3.62784,3.2014,0.35891,0.20447
2025-12-20 16:00:00,0.17586,0.00119,0.01754,0,0.002,0.001,0.001,0.005,0.02,0.07248,0.12222,0.34908,0.01225,0.12501,0.5991,0.00001,0,0.00001,0,-0.00294,0.00001,0.63007,0.54472,0.26772,0.13609,0.001,1.97803,4.34128,0.05138,0.08522,0.31003,0.41601,0.21802,0.18951,0,3.28739,0.00391,0.12501,4.34128,0.21802,0.18951,0.5991,0.61004,0.63007,3.69397,3.28739,0.31764,0.20721
2025-12-20 17:00:00,0.16539,0.00119,0.01754,0,0.002,0.001,0.001,0.005,0.02,0.0784,0.12763,0.3495,0.01225,0.12501,0.60202,0.00001,0,0.00001,0,-0.00003,0.00001,0.63007,0.52542,0.22796,0.16428,0.001,2.09717,4.37721,0.05297,0.08471,0.31003,0.42823,0.21802,0.18951,0,3.36482,0.0039,0.12501,4.37721,0.21802,0.18951,0.60202,0.61004,0.63007,3.75775,3.36482,0.26909,0.20994
2025-12-20 18:00:00,0.16539,0.0012,0.01754,0,0.002,0.001,0.001,0.005,0.02,0.08222,0.13502,0.32543,0.01225,0.12501,0.60494,0.00001,0,0.00001,0,-0.00297,0.00001,0.63307,0.54467,0.23006,0.23257,0.001,2.2163,4.41933,0.05322,0.10034,0.31504,0.43977,0.21802,0.18951,0,3.44287,0.00389,0.12501,4.41933,0.21802,0.18951,0.60494,0.61004,0.63307,3.81968,3.44287,0.23101,0.21268
2025-12-20 19:00:00,0.16539,0.00121,0.01748,0,0.002,0.001,0.002,0.005,0.02,0.08356,0.13906,0.31357,0.01225,0.12501,0.60494,0.00001,0,0.00001,0,-0.00883,0.00001,0.63307,0.56468,0.23105,0.299,0.001,2.19189,4.46169,0.05251,0.10307,0.31203,0.4508,0.21802,0.18951,0,3.51288,0.00388,0.12501,4.46169,0.21802,0.18951,0.60494,0.61294,0.63307,3.88019,3.51288,0.2039,0.21541
2025-12-20 20:00:00,0.16539,0.00122,0.02178,0,0.002,0.001,0.002,0.005,0.02,0.08905,0.1473,0.24062,0.01225,0.12601,0.60787,0.00001,0,0.00001,0,-0.00294,0.00001,0.63307,0.64028,0.24345,0.37625,0.001,2.16747,4.50426,0.04932,0.12597,0.30503,0.46375,0.21502,0.18951,0,3.60122,0.00387,0.12601,4.50426,0.21502,0.18951,0.60787,0.61294,0.63307,3.93947,3.60122,0.18967,0.21815
2025-12-20 21:00:00,0.16539,0.00124,0.02614,0,0.002,0.001,0.002,0.005,0.02,0.09335,0.15579,0.20411,0.01225,0.12601,0.6108,0.00001,0,0.00001,0,-0.00097,0.00001,0.63307,0.69589,0.24117,0.38326,0.001,2.14306,4.55321,0.04995,0.1275,0.29203,0.47256,0.21502,0.18951,0,3.66361,0.00386,0.12601,4.55321,0.21502,0.18951,0.6108,0.61294,0.63307,3.99776,3.66361,0.17227,0.22088
2025-12-20 22:00:00,0.17586,0.00125,0.01742,0,0.002,0.001,0.002,0.005,0.02,0.09496,0.1712,0.17918,0.01225,0.12601,0.6108,0.00001,0,0.00001,0,0.00003,0.00001,0.63607,0.62182,0.24056,0.31498,0.001,2.11865,4.60245,0.04858,0.13412,0.28003,0.47517,0.21502,0.18951,0,3.73546,0.00386,0.12601,4.60245,0.21502,0.18951,0.6108,0.61294,0.63607,4.05519,3.73546,0.14795,0.22362
2025-12-20 23:00:00,0.19682,0.00126,0.0088,0,0.002,0.001,0.002,0.005,0.02,0.09496,0.18757,0.13011,0.01225,0.12801,0.61374,0.00001,0,0.00001,0,-0.00483,0.00001,0.63607,0.60478,0.26794,0.3592,0.001,2.09423,4.64578,0.04749,0.13515,0.26603,0.47362,0.21502,0.18831,0,3.78066,0.00385,0.12801,4.64578,0.21502,0.18831,0.61374,0.61584,0.63607,4.11188,3.78066,0.12192,0.22636
2025-12-21 00:00:00,0.2073,0.00127,0.00461,0,0.002,0.001,0.002,0.005,0.02,0.0966,0.19985,0.10578,0.01225,0.12601,0.61669,0.00001,0,0.00001,0,-0.00285,0.00001,0.63307,0.62329,0.26079,0.50912,0.001,2.06982,4.68934,0.04646,0.13515,0.25403,0.47144,0.21502,0.18951,0,3.84434,0.00384,0.12601,4.68934,0.21502,0.18951,0.61669,0.61584,0.63307,4.16806,3.84434,0.1011,0.22909
2025-12-21 01:00:00,0.21778,0.00127,0.00042,0,0.002,0.001,0.002,0.005,0.02,0.09825,0.21512,0.12949,0.01225,0.12601,0.61669,0.00001,0,0.00001,0,0.00889,0.00001,0.63607,0.62179,0.25813,0.59535,0.001,2.00934,4.72686,0.04542,0.11225,0.24503,0.47849,0.21502,0.18831,0,3.90846,0.00383,0.12601,4.72686,0.21502,0.18831,0.61669,0.61584,0.63607,4.22381,3.90846,0.08925,0.23183
2025-12-21 02:00:00,0.23869,0.00126,-0.00377,0,0.002,0.001,0.002,0.005,0.02,0.09992,0.22211,0.15326,0.01225,0.12601,0.61963,0.00001,0,0.00001,0,0.00889,0.00001,0.63907,0.63957,0.28105,0.59203,0.001,1.94887,4.77085,0.04331,0.09698,0.23503,0.4902,0.21802,0.18831,0,3.96377,0.00382,0.12601,4.77085,0.21802,0.18831,0.61963,0.61875,0.63907,4.27902,3.96377,0.0864,0.23456
2025-12-21 03:00:00,0.28051,0.00125,-0.00361,0,0.002,0.001,0.002,0.005,0.02,0.10161,0.22828,0.17758,0.01225,0.12501,0.62259,0.00001,0,0.00001,0,0.00106,0.00001,0.63607,0.5662,0.29235,0.57906,0.001,1.88839,4.81507,0.04298,0.12391,0.22503,0.50355,0.21802,0.18831,0,4.01942,0.00382,0.12501,4.81507,0.21802,0.18831,0.62259,0.62167,0.63607,4.33353,4.01942,0.08655,0.2373
2025-12-21 04:00:00,0.34334,0.00124,0.00527,0,0.002,0.001,0.002,0.005,0.02,0.10332,0.23365,0.17783,0.01225,0.12601,0.62259,0.00001,0,0.00001,0,-0.00286,0,0.63907,0.62176,0.30065,0.73494,0.001,1.82791,4.85315,0.04194,0.14321,0.21902,0.52267,0.21802,0.18831,0,4.06604,0.00381,0.12601,4.85315,0.21802,0.18831,0.62259,0.62167,0.63907,4.38732,4.06604,0.09646,0.24003
2025-12-21 05:00:00,0.41657,0.00123,0.00971,0,0.002,0.001,0.002,0.005,0.02,0.10505,0.23096,0.20251,0.01225,0.12601,0.62259,0.00001,0,0.00001,0,0.00203,0.00001,0.63907,0.69442,0.28074,0.76224,0.001,1.76744,4.90419,0.04233,0.14983,0.21602,0.54558,0.21802,0.18831,0,4.11289,0.0038,0.12601,4.90419,0.21802,0.18831,0.62259,0.62459,0.63907,4.44047,4.11289,0.11212,0.24277
2025-12-21 06:00:00,0.50547,0.00122,0.01845,0,0.002,0.001,0.002,0.005,0.02,0.10679,0.23636,0.27619,0.01225,0.12601,0.62555,0.00001,0,0.00001,0,0.00594,0.00001,0.63907,0.65666,0.29133,0.68788,0.001,1.70696,4.9491,0.04304,0.15492,0.21402,0.56645,0.21802,0.18831,0,4.15996,0.00379,0.12601,4.9491,0.21802,0.18831,0.62555,0.62459,0.63907,4.4931,4.15996,0.12376,0.2455
2025-12-21 07:00:00,0.59962,0.00121,0.02284,0,0.002,0.001,0.002,0.005,0.02,0.10679,0.23636,0.28165,0.01225,0.12701,0.62555,0,0,0.00001,0,-0.00286,0.00001,0.63907,0.71226,0.28304,0.70045,0.001,1.66825,4.99424,0.04447,0.17526,0.21102,0.57997,0.21802,0.18831,0,4.20726,0.00378,0.12701,4.99424,0.21802,0.18831,0.62555,0.62752,0.63907,4.54519,4.20726,0.13634,0.24824
2025-12-21 08:00:00,0.67209,0.0012,0.02284,0,0.002,0.001,0.002,0.005,0.02,0.10856,0.23636,0.28984,0.01225,0.12601,0.62851,0.00001,0,0.00001,0,-0.01457,0.00001,0.63907,0.69375,0.28227,0.74804,0.001,1.62953,5.05261,0.04979,0.18544,0.21102,0.59157,0.21802,0.18711,0,4.25478,0.00377,0.12601,5.05261,0.21802,0.18711,0.62851,0.62752,0.63907,4.59695,4.25478,0.14765,0.25097
2025-12-21 09:00:00,0.70092,0.00119,0.02284,0,0.002,0.001,0.002,0.005,0.02,0.10856,0.23636,0.30248,0.01225,0.12601,0.63148,0.00001,0,0.00001,0,-0.00577,0.00001,0.64207,0.71075,0.30018,0.80564,0.001,1.59082,5.11137,0.05259,0.19515,0.20402,0.6065,0.21802,0.18711,0,4.30253,0.00377,0.12601,5.11137,0.21802,0.18711,0.63148,0.63046,0.64207,4.6485,4.30253,0.16657,0.25371
2025-12-21 10:00:00,0.68581,0.00118,0.01848,0,0.002,0.001,0.002,0.005,0.02,0.11051,0.23636,0.32774,0.01225,0.12601,0.63148,0.00001,0,0.00001,0,0.00447,0.00001,0.64207,0.71008,0.30158,0.81674,0.001,1.5521,5.17712,0.05927,0.20436,0.20302,0.63208,0.21502,0.18831,0,4.3505,0.00376,0.12601,5.17712,0.21502,0.18831,0.63148,0.6334,0.64207,4.69984,4.3505,0.20653,0.25644
2025-12-21 11:00:00,0.62718,0.00117,0.02284,0,0.002,0.001,0.002,0.005,0.02,0.11457,0.23636,0.40216,0.01225,0.12601,0.63148,0.00001,0,0.00001,0,-0.00141,0.00001,0.64507,0.65613,0.32105,0.82911,0.001,1.51339,5.23668,0.06272,0.21608,0.20502,0.66123,0.21502,0.18711,0,4.40836,0.00375,0.12601,5.23668,0.21502,0.18711,0.63148,0.63635,0.64507,4.75131,4.40836,0.25633,0.25918
2025-12-21 12:00:00,0.55299,0.00116,0.02281,0,0.002,0.001,0.002,0.005,0.02,0.11457,0.23909,0.39833,0.01267,0.12601,0.63445,0.00001,0,0.00001,0,-0.00877,0.00001,0.64507,0.82449,0.3116,0.84497,0.001,1.47467,5.28996,0.06351,0.25425,0.20302,0.68214,0.21502,0.18831,0,4.44712,0.00374,0.12601,5.28996,0.21502,0.18831,0.63445,0.6393,0.64507,4.80324,4.44712,0.29495,0.23818
2025-12-21 13:00:00,0.47354,0.00116,0.01842,0,0.002,0.001,0.002,0.005,0.02,0.11664,0.23909,0.39487,0.01267,0.12601,0.63743,0.00001,0,0.00001,0,-0.00877,0.00001,0.64507,0.80685,0.34753,0.88178,0.001,1.5323,5.35026,0.06765,0.29448,0.20502,0.74295,0.21502,0.18711,0,4.48602,0.0039,0.12601,5.35026,0.21502,0.18711,0.63743,0.6393,0.64507,4.85575,4.48602,0.32898,0.22134
2025-12-21 14:00:00,0.39398,0.00115,0.01842,0,0.002,0.001,0.002,0.005,0.02,0.11874,0.24183,0.39213,0.01267,0.12601,0.63743,0.00001,0,0.00001,0,0.00294,0.00001,0.64807,0.73286,0.33024,0.94331,0.001,1.58994,5.40418,0.07279,0.36929,0.21102,0.79173,0.21502,0.18711,0,4.54463,0.00406,0.12601,5.40418,0.21502,0.18711,0.63743,0.64226,0.64807,4.90876,4.54463,0.35536,0.22199
2025-12-21 15:00:00,0.3371,0.00115,0.02278,0,0.002,0.001,0.002,0.005,0.02,0.12302,0.24459,0.39427,0.01267,0.12601,0.64041,0.00001,0,0.00001,0,0.01174,0.00001,0.65107,0.8812,0.323,1.04141,0.001,1.64757,5.44482,0.08323,0.43594,0.22402,0.83968,0.21502,0.18711,0,4.58388,0.00422,0.12601,5.44482,0.21502,0.18711,0.64041,0.64522,0.65107,4.96199,4.58388,0.39668,0.22264
2025-12-21 16:00:00,0.30314,0.00115,0.02714,0,0.002,0.001,0.002,0.005,0.02,0.12741,0.24736,0.39713,0.01267,0.12601,0.64041,0,0,0.00001,0,0.01324,0.00001,0.65107,0.93676,0.33461,1.18395,0.001,1.7052,5.51293,0.09388,0.45781,0.22903,0.89764,0.21502,0.18711,0,4.63315,0.00438,0.12601,5.51293,0.21502,0.18711,0.64041,0.64522,0.65107,5.01547,4.63315,0.47949,0.22329
2025-12-21 17:00:00,0.31463,0.00115,0.02714,0,0.002,0.001,0.002,0.005,0.02,0.12972,0.24736,0.40045,0.01267,0.12601,0.64041,0.00001,0,0.00001,0,0.00736,0.00001,0.65407,1.02773,0.35588,1.33345,0.002,1.76284,5.54718,0.11248,0.47967,0.23703,0.95306,0.21502,0.18711,0,4.69256,0.00454,0.12601,5.54718,0.21502,0.18711,0.64041,0.64819,0.65407,5.06913,4.69256,0.58117,0.22393
2025-12-21 18:00:00,0.36007,0.00114,0.02109,0,0.002,0.001,0.002,0.005,0.02,0.13221,0.25296,0.40522,0.01267,0.12501,0.6434,0,0,0.00001,0,0.00294,0.00001,0.65407,1.10026,0.37781,1.48844,0.002,1.82047,5.58842,0.13094,0.51681,0.25503,0.98799,0.21502,0.18711,0,4.71243,0.0047,0.12501,5.58842,0.21502,0.18711,0.6434,0.64819,0.65407,5.12257,4.71243,0.66025,0.22458
2025-12-21 19:00:00,0.39413,0.00114,0.01505,0,0.002,0.001,0.002,0.005,0.02,0.14525,0.25578,0.40986,0.0131,0.12601,0.64639,0.00001,0,0,0,0.01174,0.00001,0.65407,1.28468,0.34549,1.60824,0.002,1.91555,5.61602,0.14133,0.54427,0.28503,1.01522,0.21502,0.18711,0,4.77228,0.00459,0.12601,5.61602,0.21502,0.18711,0.64639,0.64819,0.65407,5.1761,4.77228,0.70881,0.22523
2025-12-21 20:00:00,0.41655,0.00114,0.00851,0,0.002,0.001,0.002,0.005,0.02,0.15617,0.26147,0.41248,0.0131,0.12501,0.64639,0.00001,0,0.00001,0,0.01174,0.00001,0.65707,1.4698,0.37628,1.69967,0.002,2.01063,5.65755,0.1429,0.51372,0.31804,1.02765,0.21502,0.18711,0,4.82239,0.00448,0.12501,5.65755,0.21502,0.18711,0.64639,0.64819,0.65707,5.22948,4.82239,0.72114,0.22588
2025-12-21 21:00:00,0.42736,0.00114,0.00802,0,0.002,0.001,0.002,0.005,0.02,0.16694,0.26433,0.41524,0.0131,0.12601,0.64939,0.00001,0,0.00001,0,-0.00294,0.00001,0.65707,1.39786,0.42333,1.65325,0.001,2.10571,5.67837,0.1365,0.45622,0.36604,1.03515,0.21502,0.18711,0,4.87271,0.00437,0.12601,5.67837,0.21502,0.18711,0.64939,0.65117,0.65707,5.28208,4.87271,0.72252,0.22653
2025-12-21 22:00:00,0.42686,0.00114,0.00753,0,0.002,0.001,0.002,0.005,0.02,0.16971,0.27012,0.41866,0.0131,0.12501,0.65239,0.00001,0,0.00001,0,-0.01471,0.00001,0.66007,1.43501,0.46857,1.55753,0.001,2.20079,5.71319,0.12663,0.39362,0.39804,1.02514,0.21502,0.18831,0,4.92326,0.00425,0.12501,5.71319,0.21502,0.18831,0.65239,0.65415,0.66007,5.33376,4.92326,0.68451,0.22718
2025-12-21 23:00:00,0.40355,0.00114,0.00623,0,0.002,0.001,0.002,0.005,0.02,0.1725,0.28486,0.42187,0.0131,0.12601,0.65239,0.00001,0,0.00001,0,-0.01174,0.00001,0.66007,1.49077,0.48758,1.48128,0.001,2.29587,5.74113,0.11243,0.33359,0.46705,1.00373,0.21502,0.18831,0,4.97403,0.00414,0.12601,5.74113,0.21502,0.18831,0.65239,0.65415,0.66007,5.38458,4.97403,0.62304,0.22783
2025-12-22 00:00:00,0.34618,0.00114,0.001,0,0.002,0.001,0.002,0.005,0.02,0.18096,0.30615,0.42472,0.0131,0.12601,0.65239,0.00001,0,0.00001,0,0.00003,0.00001,0.66307,1.38035,0.46984,1.36246,0.001,2.39095,5.77616,0.09936,0.26287,0.55606,0.98799,0.21502,0.18831,0,5.01481,0.00403,0.12601,5.77616,0.21502,0.18831,0.65239,0.65415,0.66307,5.43438,5.01481,0.57749,0.22848
2025-12-22 01:00:00,0.31168,0.00114,0.00536,0,0.002,0.001,0.002,0.005,0.02,0.19173,0.32824,0.42753,0.0131,0.12601,0.6554,0.00001,0,0.00001,0,0.00294,0.00001,0.66307,1.30699,0.49631,1.31142,0.001,2.34734,5.80427,0.0881,0.21555,0.57006,0.99344,0.21502,0.18831,0,5.06596,0.00398,0.12601,5.80427,0.21502,0.18831,0.6554,0.65714,0.66307,5.48304,5.06596,0.53958,0.22912
2025-12-22 02:00:00,0.33409,0.00114,0.00971,0,0.002,0.001,0.002,0.005,0.01848,0.19725,0.35109,0.43526,0.0131,0.12501,0.6554,0.00001,0,0.00001,0,0,0.00001,0.66607,1.27008,0.51467,1.21654,0.001,2.30372,5.8254,0.081,0.23438,0.57406,1.00408,0.21502,0.18711,0,5.11735,0.00394,0.12501,5.8254,0.21502,0.18711,0.6554,0.65714,0.66607,5.53083,5.11735,0.51831,0.22977
2025-12-22 03:00:00,0.41349,0.00114,0.00971,0,0.002,0.001,0.002,0.005,0.02,0.20287,0.36789,0.4503,0.0131,0.12601,0.65239,0.00001,0,0.00001,0,0.0088,0.00001,0.66607,1.32274,0.50619,1.22733,0.001,2.26011,5.8678,0.07186,0.2059,0.55206,1.00905,0.21502,0.18831,0,5.15861,0.00389,0.12601,5.8678,0.21502,0.18831,0.65239,0.66014,0.66607,5.57778,5.15861,0.4903,0.23042
2025-12-22 04:00:00,0.52712,0.00114,0.00536,0,0.002,0.001,0.002,0.005,0.02,0.2083,0.38162,0.46981,0.0131,0.12601,0.6554,0.00001,0,0,0,0.0088,0.00001,0.66607,1.34192,0.49791,1.25924,0.001,2.21649,5.90327,0.06509,0.24307,0.50706,1.00475,0.21502,0.18831,0,5.20002,0.00384,0.12601,5.90327,0.21502,0.18831,0.6554,0.66314,0.66607,5.62395,5.20002,0.44945,0.23107
2025-12-22 05:00:00,0.6634,0.00114,0.00536,0,0.002,0.001,0.002,0.005,0.02,0.21088,0.39208,0.49091,0.0131,0.12601,0.6554,0,0,0.00001,0,0.00291,0.00001,0.66607,1.25067,0.4789,1.2617,0.001,2.17288,5.93885,0.0607,0.3438,0.47305,0.9954,0.21502,0.18831,0,5.25197,0.0038,0.12601,5.93885,0.21502,0.18831,0.6554,0.66314,0.66607,5.66903,5.25197,0.40484,0.23172
2025-12-22 06:00:00,0.82232,0.00114,0.0141,0,0.002,0.001,0.002,0.005,0.02,0.2083,0.39914,0.51028,0.0131,0.12601,0.6554,0.00001,0,0,0,-0.00589,0.00001,0.66907,1.28702,0.50512,1.24441,0.001,2.12926,5.9674,0.05597,0.35801,0.44105,0.98799,0.21502,0.18831,0,5.29368,0.00375,0.12601,5.9674,0.21502,0.18831,0.6554,0.66614,0.66907,5.71346,5.29368,0.36931,0.23237
2025-12-22 07:00:00,0.91984,0.00114,0.01413,0,0.002,0.001,0.002,0.005,0.02,0.2083,0.3956,0.5257,0.0131,0.12701,0.6554,0.00001,0,0.00001,0,-0.0088,0.00001,0.66607,1.25007,0.50472,1.19236,0.001,2.07111,5.99604,0.05499,0.31578,0.41605,0.88982,0.21502,0.18831,0,5.34603,0.0039,0.12701,5.99604,0.21502,0.18831,0.6554,0.66614,0.66607,5.75764,5.34603,0.36083,0.23302
2025-12-22 08:00:00,1.01527,0.00114,0.01413,0,0.002,0.001,0.002,0.005,0.02,0.2083,0.3956,0.53784,0.0131,0.12601,0.6554,0.00001,0,0.00001,0,0,0,0.66907,1.26868,0.47625,1.12616,0.001,2.01295,6.01756,0.05612,0.27302,0.38904,0.81913,0.21502,0.18831,0,5.38805,0.00405,0.12601,6.01756,0.21502,0.18831,0.6554,0.66614,0.66907,5.80139,5.38805,0.37983,0.23367
2025-12-22 09:00:00,1.08354,0.00114,0.01848,0,0.002,0.001,0.002,0.005,0.02,0.20571,0.39208,0.54669,0.0131,0.12601,0.6554,0.00001,0,0.00001,0,-0.00586,0.00001,0.66907,1.32504,0.45728,1.00955,0.001,1.9548,6.04632,0.05794,0.32847,0.38904,0.77749,0.21502,0.18831,0,5.40912,0.0042,0.12601,6.04632,0.21502,0.18831,0.6554,0.66916,0.66907,5.84459,5.40912,0.42788,0.23431
2025-12-22 10:00:00,1.15136,0.00114,0.02284,0,0.002,0.001,0.002,0.005,0.02,0.2083,0.39208,0.54933,0.0131,0.12601,0.6554,0.00001,0,0.00001,0,-0.00583,0,0.66907,1.25101,0.43892,0.90736,0.001,1.89664,6.05353,0.06433,0.36408,0.37204,0.82456,0.21502,0.18831,0,5.45136,0.00434,0.12601,6.05353,0.21502,0.18831,0.6554,0.66916,0.66907,5.88707,5.45136,0.56465,0.23496
2025-12-22 11:00:00,1.21929,0.00114,0.02719,0,0.002,0.001,0.002,0.005,0.02,0.20287,0.39208,0.54791,0.0131,0.12701,0.6554,0.00001,0,0.00001,0,-0.00285,0.00001,0.66907,1.2318,0.46719,0.837,0.001,1.83849,6.05353,0.08406,0.32591,0.36104,0.91751,0.21502,0.18831,0,5.50434,0.00449,0.12701,6.05353,0.21502,0.18831,0.6554,0.67218,0.66907,5.92869,5.50434,0.74728,0.23561
2025-12-22 12:00:00,1.16253,0.00114,0.02716,0,0.002,0.001,0.002,0.005,0.02,0.20005,0.38858,0.54571,0.0131,0.12601,0.6554,0.00001,0,0.00001,0,-0.00138,0.00001,0.67508,1.19482,0.4775,0.82007,0.001,1.78033,6.04632,0.10833,0.37476,0.35804,0.96759,0.21502,0.18831,0,5.5469,0.00464,0.12601,6.04632,0.21502,0.18831,0.6554,0.66916,0.67508,5.9695,5.5469,0.88706,0.24988
2025-12-22 13:00:00,1.10548,0.00114,0.02714,0,0.002,0.001,0.002,0.005,0.02,0.19448,0.38509,0.54339,0.0131,0.12501,0.6554,0.00001,0,0.00001,0,-0.00433,0.00001,0.67508,1.17631,0.45147,0.86997,0.001,1.78854,6.03193,0.13048,0.49586,0.36604,1.35664,0.21502,0.18711,0,5.57889,0.00485,0.12501,6.03193,0.21502,0.18711,0.6554,0.67218,0.67508,6.00914,5.57889,0.98465,0.26461
2025-12-22 14:00:00,1.04841,0.00114,0.02278,0,0.002,0.001,0.002,0.005,0.02,0.19448,0.37816,0.54249,0.01267,0.12601,0.6554,0.00001,0,0.00001,0,-0.00871,0.00001,0.67508,1.06509,0.45247,0.91771,0.001,1.79674,6.01756,0.14492,0.51622,0.37204,1.6877,0.21502,0.18711,0,5.61098,0.00506,0.12601,6.01756,0.21502,0.18711,0.6554,0.67218,0.67508,6.04691,5.61098,1.02427,0.26466
2025-12-22 15:00:00,0.99136,0.00114,0.01842,0,0.002,0.001,0.002,0.005,0.01848,0.19448,0.3713,0.54049,0.01267,0.12601,0.6554,0.00001,0,0.00001,0,-0.01162,0.00001,0.67508,0.97241,0.46341,0.93125,0.001,1.80495,5.99604,0.15307,0.4689,0.40405,2.01613,0.21802,0.18831,0,5.65387,0.00527,0.12601,5.99604,0.21802,0.18831,0.6554,0.67218,0.67508,6.08251,5.65387,1.06123,0.26472
2025-12-22 16:00:00,0.93431,0.00114,0.01848,0,0.002,0.001,0.002,0.005,0.02,0.189,0.36789,0.53689,0.01267,0.12601,0.65239,0.00001,0,0.00001,0,-0.01457,0.00001,0.67508,1.02797,0.45616,0.96265,0.001,1.81316,5.97456,0.14807,0.43885,0.44705,2.32143,0.21502,0.18831,0,5.70768,0.00548,0.12601,5.97456,0.21502,0.18831,0.65239,0.67218,0.67508,6.11567,5.70768,1.07508,0.26478
2025-12-22 17:00:00,0.87725,0.00114,0.0229,0,0.002,0.001,0.002,0.005,0.02,0.1863,0.36112,0.53162,0.01267,0.12601,0.6554,0.00001,0,0,0,-0.0058,0.00001,0.67808,0.95387,0.39628,0.98347,0.001,1.82136,5.94598,0.15253,0.40987,0.50706,2.60803,0.21502,0.18711,0,5.72926,0.00569,0.12601,5.94598,0.21502,0.18711,0.6554,0.67218,0.67808,6.14633,5.72926,1.07024,0.26484
2025-12-22 18:00:00,0.82019,0.00114,0.02725,0,0.002,0.001,0.002,0.005,0.02,0.18362,0.35776,0.52468,0.01267,0.12501,0.6554,0.00001,0,0.00001,0,0.0015,0.00001,0.67808,0.91679,0.35732,0.97102,0.001,1.82957,5.9246,0.15,0.38088,0.59307,2.89906,0.21502,0.18831,0,5.77253,0.0059,0.12501,5.9246,0.21502,0.18831,0.6554,0.67218,0.67808,6.1744,5.77253,1.06981,0.26492
2025-12-22 19:00:00,0.76409,0.00113,0.02717,0,0.002,0.001,0.002,0.005,0.02,0.17817,0.35442,0.51885,0.01267,0.12501,0.6554,0.00001,0,0.00001,0,-0.00144,0.00001,0.68208,0.99013,0.35487,0.85705,0.001,1.85249,5.89617,0.14721,0.3305,0.65407,3.1322,0.21502,0.18831,0,5.81594,0.00565,0.12501,5.89617,0.21502,0.18831,0.6554,0.67521,0.68208,6.19985,5.81594,1.05898,0.265
2025-12-22 20:00:00,0.70799,0.00113,0.02265,0,0.002,0.001,0.002,0.005,0.02,0.17532,0.34778,0.51329,0.01267,0.12601,0.6554,0.00001,0,0.00001,0,-0.00586,0.00001,0.68208,0.97232,0.34349,0.81321,0.001,1.87541,5.87488,0.14096,0.32541,0.67808,3.36345,0.21502,0.18711,0,5.84859,0.0054,0.12601,5.87488,0.21502,0.18711,0.6554,0.67521,0.68208,6.22261,5.84859,1.04628,0.2651
2025-12-22 21:00:00,0.6519,0.00112,0.02248,0,0.002,0.001,0.002,0.005,0.02,0.16971,0.3412,0.50785,0.0131,0.12501,0.6554,0.00001,0,0.00001,0,-0.00294,0,0.68208,0.88118,0.31232,0.80655,0.001,1.89834,5.83952,0.1306,0.36508,0.67808,3.25517,0.21502,0.18711,0,5.89224,0.00515,0.12501,5.83952,0.21502,0.18711,0.6554,0.67824,0.68208,6.24281,5.89224,1.0226,0.2652
2025-12-22 22:00:00,0.59579,0.00112,0.02225,0,0.002,0.001,0.002,0.005,0.02,0.16971,0.33794,0.50382,0.0131,0.12701,0.6554,0.00001,0,0.00001,0,0.0088,0.00001,0.67808,0.82562,0.28093,0.7774,0.001,1.92126,5.81131,0.1166,0.39407,0.67007,3.11947,0.21502,0.18831,0,5.92506,0.00489,0.12701,5.81131,0.21502,0.18831,0.6554,0.67824,0.67808,6.26061,5.92506,0.9715,0.26532
2025-12-22 23:00:00,0.53969,0.00111,0.01332,0,0.002,0.001,0.002,0.005,0.02,0.16421,0.33146,0.49878,0.0131,0.12801,0.65841,0.00001,0,0.00001,0,0.01466,0,0.68508,0.88045,0.2832,0.72101,0.001,1.94418,5.80427,0.10706,0.4144,0.67808,2.97076,0.21502,0.18831,0,5.94698,0.00464,0.12801,5.80427,0.21502,0.18831,0.65841,0.67824,0.68508,6.2761,5.94698,0.90742,0.26547
2025-12-23 00:00:00,0.53764,0.00111,0.00444,0,0.002,0.001,0.002,0.005,0.02,0.16421,0.32824,0.49226,0.0131,0.12801,0.65841,0.00001,0,0.00001,0,0.0088,0.00001,0.68508,0.80558,0.2827,0.71284,0.001,1.9671,5.78318,0.09814,0.38947,0.65007,2.83653,0.21502,0.18711,0,5.97994,0.00439,0.12801,5.78318,0.21502,0.18711,0.65841,0.67824,0.68508,6.28925,5.97994,0.85779,0.26563
2025-12-23 01:00:00,0.54107,0.00111,0.00436,0,0.002,0.001,0.002,0.005,0.02,0.15882,0.32504,0.48681,0.0131,0.13001,0.65841,0.00001,0,0.00001,0,0.0088,0.00001,0.68508,0.73221,0.27911,0.7069,0.001,1.94516,5.76914,0.09101,0.33506,0.62307,2.71287,0.21502,0.18831,0,5.99095,0.00429,0.13001,5.76914,0.21502,0.18831,0.65841,0.67824,0.68508,6.30004,5.99095,0.81923,0.26582
2025-12-23 02:00:00,0.5445,0.0011,0.01307,0,0.002,0.001,0.002,0.005,0.02,0.15617,0.32185,0.48165,0.0131,0.13201,0.6554,0.00001,0,0.00001,0,0.00294,0.00001,0.68508,0.82559,0.26628,0.71251,0.001,1.92322,5.74813,0.08182,0.28521,0.60807,2.60438,0.21802,0.18831,0,6.01297,0.0042,0.13201,5.74813,0.21802,0.18831,0.6554,0.67824,0.68508,6.30935,6.01297,0.79584,0.26606
2025-12-23 03:00:00,0.54793,0.0011,0.01307,0,0.002,0.001,0.002,0.005,0.02,0.15352,0.31553,0.47659,0.0131,0.13202,0.6554,0.00001,0,0.00001,0,0,0.00001,0.68808,0.80632,0.27534,0.72941,0.001,1.90129,5.73414,0.07715,0.24757,0.57406,2.48722,0.21502,0.18831,0,6.03503,0.0041,0.13202,5.73414,0.21502,0.18831,0.6554,0.67824,0.68808,6.31746,6.03503,0.76378,0.26634
2025-12-23 04:00:00,0.55135,0.0011,0.0131,0,0.002,0.001,0.002,0.005,0.02,0.15352,0.31238,0.47288,0.0131,0.13201,0.65841,0,0,0.00001,0,-0.00003,0,0.68808,0.76853,0.26624,0.71593,0.001,1.87935,5.72017,0.0717,0.19162,0.55606,2.34846,0.21502,0.18831,0,6.04608,0.004,0.13201,5.72017,0.21502,0.18831,0.65841,0.67824,0.68808,6.32422,6.04608,0.71012,0.2667
2025-12-23 05:00:00,0.55478,0.0011,0.01748,0,0.002,0.001,0.002,0.005,0.02,0.14797,0.30926,0.46945,0.0131,0.13201,0.65841,0.00001,0,0.00001,0,-0.00441,0.00001,0.68808,0.76932,0.2477,0.74275,0.001,1.85741,5.70622,0.06621,0.13618,0.52406,2.2013,0.21502,0.18831,0,6.05713,0.00391,0.13201,5.70622,0.21502,0.18831,0.65841,0.67824,0.68808,6.32971,6.05713,0.64806,0.26715
2025-12-23 06:00:00,0.55821,0.00109,0.02184,0,0.002,0.001,0.002,0.005,0.02,0.14525,0.30615,0.46486,0.0131,0.13201,0.65841,0.00001,0,0.00001,0,-0.00147,0.00001,0.68808,0.80714,0.25298,0.71047,0.001,1.83547,5.69228,0.06293,0.13109,0.50706,2.06736,0.21502,0.18831,0,6.0682,0.00381,0.13201,5.69228,0.21502,0.18831,0.65841,0.67521,0.68808,6.334,6.0682,0.59922,0.26776
2025-12-23 07:00:00,0.55518,0.00109,0.02184,0,0.002,0.001,0.002,0.005,0.02,0.14257,0.29999,0.46004,0.0131,0.13101,0.66143,0.00001,0,0.00001,0,0,0.00001,0.68508,0.77009,0.25309,0.69774,0.001,1.78903,5.67837,0.05874,0.1448,0.48305,1.98994,0.21502,0.18711,0,6.07927,0.00377,0.13101,5.67837,0.21502,0.18711,0.66143,0.67521,0.68508,6.33733,6.07927,0.56462,0.26861
2025-12-23 08:00:00,0.55215,0.00109,0.01748,0,0.002,0.001,0.002,0.005,0.02,0.13993,0.29693,0.45644,0.0131,0.13052,0.65841,0.00001,0,0.00001,0,0.00586,0.00001,0.68808,0.67674,0.25701,0.68795,0.001,1.74258,5.66448,0.0567,0.1687,0.46705,1.92878,0.21502,0.18711,0,6.09034,0.00372,0.13052,5.66448,0.21502,0.18711,0.65841,0.67521,0.68808,6.33975,6.09034,0.5463,0.26989
2025-12-23 09:00:00,0.54913,0.00109,0.01748,0,0.002,0.001,0.002,0.005,0.02,0.13732,0.29389,0.45308,0.0131,0.13001,0.65841,0.00001,0,0.00001,0,0.00294,0.00001,0.68808,0.67677,0.23014,0.66285,0.001,1.69614,5.64368,0.05439,0.16464,0.44105,1.86344,0.21502,0.18711,0,6.09034,0.00368,0.13001,5.64368,0.21502,0.18711,0.65841,0.67521,0.68808,6.34131,6.09034,0.52378,0.27202
2025-12-23 10:00:00,0.5461,0.00109,0.01454,0,0.002,0.001,0.002,0.005,0.02,0.13732,0.29086,0.44855,0.0131,0.13001,0.65841,0.00001,0,0.00001,0,0.00194,0.00001,0.68808,0.65854,0.22554,0.63722,0.001,1.6497,5.62984,0.05016,0.16638,0.42605,1.78852,0.21502,0.18831,0,6.10143,0.00364,0.13001,5.62984,0.21502,0.18831,0.65841,0.67521,0.68808,6.34204,6.10143,0.49168,0.27629
2025-12-23 11:00:00,0.54307,0.00109,0.01159,0,0.002,0.001,0.002,0.005,0.02,0.13476,0.28785,0.44379,0.0131,0.12901,0.65841,0.00001,0,0.00001,0,0.00097,0.00001,0.68808,0.64379,0.22094,0.61159,0.001,1.60325,5.59531,0.04985,0.16811,0.40405,1.711,0.21502,0.18711,0,6.10143,0.00359,0.12901,5.59531,0.21502,0.18711,0.65841,0.67521,0.68808,6.34196,6.10143,0.457,0.28908
2025-12-23 12:00:00,0.54004,0.00109,0.00866,0,0.00196,0.001,0.00196,0.005,0.02,0.13221,0.28486,0.44023,0.0131,0.12801,0.65841,0.00001,0,0.00001,0,0,0.00001,0.68808,0.63137,0.21634,0.58596,0.001,1.55681,5.56091,0.04705,0.16985,0.40104,1.64049,0.21502,0.18831,0,6.11252,0.00355,0.12801,5.56091,0.21502,0.18831,0.65841,0.67521,0.68808,6.34094,6.11252,0.42931,0.32396
2025-12-23 13:00:00,0.53849,0.00109,0.00865,0,0.00196,0.001,0.00195,0.00499,0.02,0.13221,0.28188,0.43695,0.01354,0.12801,0.65841,0,0,0.00001,0,0,0.00001,0.68808,0.6207,0.21279,0.56662,0.001,1.52395,5.52662,0.04518,0.16654,0.37504,1.60537,0.21502,0.18711,0,6.11252,0.00352,0.12801,5.52662,0.21502,0.18711,0.65841,0.67521,0.68808,6.339,6.11252,0.41127,0.32704
2025-12-23 14:00:00,0.53693,0.00109,0.00865,0,0.00195,0.001,0.00194,0.00499,0.02,0.13141,0.27891,0.43379,0.01348,0.12801,0.6581,0,0,0.00001,0,0,0,0.68808,0.61118,0.20924,0.54728,0.001,1.4911,5.45331,0.04331,0.16783,0.37415,1.58004,0.21502,0.18712,0,6.11429,0.00349,0.12801,5.45331,0.21502,0.18712,0.6581,0.67539,0.68808,6.33578,6.11429,0.40303,0.32709
2025-12-23 15:00:00,0.53538,0.00109,0.00864,0,0.00195,0.001,0.00193,0.00498,0.02,0.13064,0.27618,0.43071,0.01342,0.12813,0.65781,0,0,0.00001,0,0,0,0.68801,0.60247,0.20568,0.52795,0.00102,1.45824,5.38691,0.04144,0.16702,0.37266,1.55432,0.21501,0.18714,0,6.11509,0.00346,0.12813,5.38691,0.21501,0.18714,0.65781,0.67557,0.68801,6.33086,6.11509,0.39438,0.32715
2025-12-23 16:00:00,0.53382,0.00109,0.00864,0,0.00195,0.00099,0.00192,0.00498,0.01999,0.12988,0.27339,0.42769,0.01336,0.12824,0.65755,0,0,0,0,0,0,0.68799,0.59443,0.20212,0.5086,0.00104,1.42538,5.32827,0.03956,0.16506,0.37056,1.52839,0.21501,0.18715,0,6.1148,0.00342,0.12824,5.32827,0.21501,0.18715,0.65755,0.67572,0.68799,6.32421,6.1148,0.38555,0.32721
2025-12-23 17:00:00,0.53227,0.00109,0.00864,0,0.00194,0.00099,0.00191,0.00497,0.01998,0.12912,0.27054,0.42471,0.01329,0.12834,0.65733,0,0,0.00001,0,0,0,0.68804,0.58698,0.19857,0.48926,0.00105,1.39253,5.27596,0.03769,0.16249,0.36937,1.50356,0.21501,0.18718,0,6.11332,0.00339,0.12834,5.27596,0.21501,0.18718,0.65733,0.67586,0.68804,6.31487,6.11332,0.3778,0.32728
2025-12-23 18:00:00,0.53071,0.00109,0.00864,0,0.00194,0.00098,0.0019,0.00497,0.01997,0.12839,0.26833,0.42186,0.01322,0.12835,0.65714,0,0,0.00001,0,0,0,0.68813,0.57994,0.19501,0.46992,0.00107,1.35967,5.22798,0.03582,0.15966,0.36893,1.47997,0.21501,0.1872,0,6.11043,0.00336,0.12835,5.22798,0.21501,0.1872,0.65714,0.67597,0.68813,6.30226,6.11043,0.3713,0.32736
2025-12-23 19:00:00,0.52959,0.00109,0.00863,0,0.00193,0.00098,0.00189,0.00497,0.01995,0.12763,0.26643,0.41909,0.01315,0.12834,0.65696,0,0,0.00001,0,0,0,0.68823,0.57319,0.1931,0.4535,0.00109,1.34387,5.18578,0.03415,0.15511,0.37077,1.46287,0.21501,0.18721,0,6.10578,0.00335,0.12834,5.18578,0.21501,0.18721,0.65696,0.67604,0.68823,6.28697,6.10578,0.36735,0.32745
2025-12-23 20:00:00,0.52846,0.00109,0.00863,0,0.00193,0.00098,0.00188,0.00496,0.01993,0.12686,0.26446,0.41623,0.01309,0.12833,0.6568,0,0,0.00001,0,0,0,0.68834,0.56662,0.19118,0.43707,0.00109,1.32807,5.152,0.03248,0.15056,0.37454,1.44758,0.21501,0.18724,0,6.09914,0.00335,0.12833,5.152,0.21501,0.18724,0.6568,0.67609,0.68834,6.26952,6.09914,0.36521,0.32755
2025-12-23 21:00:00,0.52734,0.00109,0.00862,0,0.00193,0.00098,0.00188,0.00496,0.01992,0.12607,0.26278,0.41355,0.01304,0.12831,0.65664,0,0,0.00001,0,0,0,0.68844,0.56019,0.18927,0.42065,0.00108,1.31227,5.12007,0.03082,0.14601,0.37795,1.43186,0.21501,0.18726,0,6.09043,0.00334,0.12831,5.12007,0.21501,0.18726,0.65664,0.6761,0.68844,6.25033,6.09043,0.36263,0.32766
2025-12-23 22:00:00,0.52622,0.00109,0.00861,0,0.00192,0.00098,0.00187,0.00496,0.0199,0.12528,0.26116,0.41127,0.01298,0.1283,0.65647,0,0,0.00001,0,0,0,0.68853,0.55373,0.18735,0.40993,0.00107,1.29647,5.09218,0.02915,0.14159,0.37967,1.41452,0.21501,0.1873,0,6.0797,0.00333,0.1283,5.09218,0.21501,0.1873,0.65647,0.67611,0.68853,6.22981,6.0797,0.35845,0.32779
2025-12-23 23:00:00,0.52509,0.00109,0.0086,0,0.00192,0.00098,0.00186,0.00495,0.01988,0.12447,0.25957,0.40913,0.01291,0.12829,0.65632,0,0,0.00001,0,0,0,0.6886,0.54709,0.18543,0.3992,0.00108,1.28067,5.06797,0.02748,0.13718,0.38095,1.39661,0.21501,0.18732,0,6.0671,0.00333,0.12829,5.06797,0.21501,0.18732,0.65632,0.67609,0.6886,6.20839,6.0671,0.35369,0.32794
2025-12-24 00:00:00,0.52397,0.00109,0.00858,0,0.00191,0.00098,0.00185,0.00495,0.01986,0.12365,0.2582,0.4071,0.01284,0.1283,0.65617,0,0,0.00001,0,0,0,0.68865,0.54035,0.18352,0.38848,0.0011,1.26487,5.04261,0.02581,0.13271,0.38352,1.37971,0.21501,0.18734,0,6.0528,0.00332,0.1283,5.04261,0.21501,0.18734,0.65617,0.67607,0.68865,6.18639,6.0528,0.34994,0.32812
2025-12-24 01:00:00,0.53328,0.00109,0.00857,0.00012,0.00191,0.00099,0.00184,0.00495,0.01984,0.12337,0.25689,0.40674,0.01279,0.12832,0.65602,0,0,0,0,0.00256,0,0.68869,0.53353,0.18543,0.392,0.00111,1.27462,5.02757,0.03417,0.14266,0.38874,1.40618,0.21501,0.18738,0,6.03704,0.00598,0.12832,5.02757,0.21501,0.18738,0.65602,0.67603,0.68869,6.16401,6.03704,0.34862,0.32832
2025-12-24 02:00:00,0.54259,0.00108,0.00856,0.00059,0.00191,0.00101,0.00183,0.00495,0.01983,0.12404,0.25618,0.40924,0.01285,0.12837,0.65586,0,0,0,0,0.00511,0,0.68869,0.52675,0.18735,0.39552,0.00113,1.28436,5.01253,0.04254,0.15598,0.39671,1.43521,0.21501,0.1874,0,6.02005,0.00864,0.12837,5.01253,0.21501,0.1874,0.65586,0.67598,0.68869,6.14145,6.02005,0.34988,0.32857
2025-12-24 03:00:00,0.55189,0.00108,0.00855,0.00148,0.0019,0.00105,0.00183,0.00495,0.01983,0.12548,0.25563,0.41411,0.0131,0.12844,0.65571,0,0,0,0,0.00767,0,0.68869,0.52075,0.18927,0.39905,0.00115,1.29411,4.98954,0.05091,0.17188,0.40712,1.46659,0.215,0.18744,0,6.00205,0.0113,0.12844,4.98954,0.215,0.18744,0.65571,0.67591,0.68869,6.11883,6.00205,0.35347,0.32887
2025-12-24 04:00:00,0.5612,0.00107,0.00854,0.00296,0.0019,0.00114,0.00184,0.00496,0.01986,0.12753,0.25546,0.42099,0.01418,0.12854,0.65558,0,0,0,0,0.01023,0,0.68868,0.51854,0.19118,0.40257,0.00116,1.30386,4.96876,0.05928,0.18871,0.42484,1.50518,0.215,0.18746,0,5.98325,0.01395,0.12854,4.96876,0.215,0.18746,0.65558,0.67585,0.68868,6.0964,5.98325,0.36428,0.32924
2025-12-24 05:00:00,0.57051,0.00107,0.00855,0.00553,0.00189,0.00121,0.0019,0.00499,0.01992,0.13009,0.25558,0.42967,0.01583,0.12865,0.65544,0,0,0,0,0.01278,0,0.68865,0.52601,0.19309,0.40609,0.00118,1.3136,4.95026,0.06765,0.20591,0.4464,1.54755,0.215,0.18749,0,5.96385,0.01661,0.12865,4.95026,0.215,0.18749,0.65544,0.67578,0.68865,6.07434,5.96385,0.37887,0.32973
2025-12-24 06:00:00,0.57982,0.00109,0.00857,0.00754,0.00189,0.00123,0.00206,0.00503,0.02005,0.13302,0.2561,0.43996,0.01705,0.12877,0.65532,0,0,0,0,0.01534,0,0.6886,0.54075,0.19501,0.40961,0.0012,1.32335,4.9338,0.07602,0.22293,0.46458,1.58647,0.215,0.18753,0,5.94406,0.01927,0.12877,4.9338,0.215,0.18753,0.65532,0.6757,0.6886,6.05239,5.94406,0.39001,0.33037
2025-12-24 07:00:00,1.05294,0.00112,0.00864,0.00964,0.00189,0.00128,0.00228,0.0051,0.02023,0.14522,0.26071,0.46437,0.0179,0.12892,0.65521,0,0,0,0,0.01975,0,0.68855,0.56,0.23059,0.55181,0.00121,1.82556,4.91932,0.12312,0.28882,0.49246,1.8725,0.215,0.18755,0,5.92401,0.02545,0.12892,4.91932,0.215,0.18755,0.65521,0.67561,0.68855,6.03049,5.92401,0.4108,0.33127
2025-12-24 08:00:00,1.52606,0.00116,0.00888,0.01316,0.00188,0.00135,0.00249,0.0052,0.02039,0.1738,0.27224,0.51766,0.01868,0.12908,0.6551,0,0,0,0,0.02417,0,0.6885,0.58237,0.26617,0.694,0.00122,2.32777,4.90649,0.17022,0.3713,0.52866,2.16683,0.215,0.18759,0,5.90377,0.03163,0.12908,4.90649,0.215,0.18759,0.6551,0.67551,0.6885,6.00873,5.90377,0.4399,0.33263
2025-12-24 09:00:00,1.99918,0.00121,0.00946,0.0184,0.00188,0.00154,0.00272,0.00532,0.02054,0.23212,0.28963,0.62466,0.01978,0.12925,0.65501,0,0,0,0,0.02859,0,0.68843,0.61281,0.30174,0.8362,0.00124,2.82999,4.89509,0.21732,0.46386,0.59062,2.48691,0.21499,0.18763,0,5.88343,0.03782,0.12925,4.89509,0.21499,0.18763,0.65501,0.67542,0.68843,5.98724,5.88343,0.49473,0.33488
2025-12-24 10:00:00,2.4723,0.00126,0.01036,0.02689,0.00187,0.00197,0.00302,0.00548,0.02072,0.3548,0.31184,0.74806,0.02297,0.12941,0.65493,0,0,0,0,0.033,0,0.68834,0.70155,0.33732,0.97839,0.00125,3.3322,4.88499,0.26442,0.56085,0.72853,2.88292,0.21499,0.18766,0,5.86304,0.044,0.12941,4.88499,0.21499,0.18766,0.65493,0.67531,0.68834,5.9661,5.86304,0.6255,0.33939
2025-12-24 11:00:00,2.94542,0.00133,0.01145,0.04133,0.00187,0.00226,0.00349,0.00568,0.021,0.4628,0.3398,1.04912,0.02758,0.12957,0.65485,0,0,0,0,0.03741,0,0.68826,0.87137,0.3729,1.12059,0.00126,3.83441,4.87607,0.31152,0.66018,0.90383,3.31631,0.21499,0.1877,0,5.84269,0.05018,0.12957,4.87607,0.21499,0.1877,0.65485,0.67521,0.68826,5.94538,5.84269,0.79366,0.35293
2025-12-24 12:00:00,3.41854,0.00147,0.01264,0.05268,0.00187,0.00236,0.0044,0.00595,0.02146,0.71323,0.3935,1.46523,0.031,0.12972,0.65479,0,0,0,0,0.04183,0,0.68817,1.09732,0.40848,1.26278,0.00127,4.33662,4.86818,0.35862,0.75991,1.03348,3.71117,0.21499,0.18772,0,5.82246,0.05636,0.12972,4.86818,0.21499,0.18772,0.65479,0.67511,0.68817,5.92516,5.82246,0.92328,1.64308
2025-12-24 13:00:00,4.77165,0.00169,0.0141,0.0617,0.00186,0.00242,0.00564,0.00632,0.02205,0.79442,0.49833,3.58531,0.03325,0.12988,0.65472,0,0,0,0,0.04207,0,0.68808,1.37378,0.57371,1.59234,0.00129,5.36611,4.86139,0.37297,0.82906,1.14522,4.29928,0.21499,0.18777,0,5.80241,0.0624,0.12988,4.86139,0.21499,0.18777,0.65472,0.675,0.68808,5.90546,5.80241,1.03498,1.81999
2025-12-24 14:00:00,6.12475,0.00199,0.01641,0.06988,0.00186,0.00249,0.00685,0.00681,0.02261,0.87562,0.67268,5.71071,0.03489,0.13004,0.65466,0,0,0,0,0.0423,0,0.68798,1.67776,0.73894,1.92189,0.0013,6.3956,4.85545,0.38732,0.88748,1.22675,4.8572,0.215,0.1878,0,5.78261,0.06843,0.13004,4.85545,0.215,0.1878,0.65466,0.67491,0.68798,5.88633,5.78261,1.11648,3.94363
2025-12-24 15:00:00,7.47786,0.00231,0.0205,0.07763,0.00185,0.00262,0.00795,0.00738,0.02308,0.9568,0.88113,7.84979,0.03636,0.1302,0.6546,0,0,0,0,0.04254,0,0.68788,1.97051,0.90418,2.25145,0.00131,7.42509,4.85024,0.40168,0.94286,1.35104,5.45787,0.215,0.18784,0,5.76313,0.07447,0.1302,4.85024,0.215,0.18784,0.6546,0.67481,0.68788,5.86781,5.76313,1.24073,4.65152
2025-12-24 16:00:00,8.83097,0.00261,0.02632,0.08898,0.00185,0.0029,0.009,0.00795,0.02356,1.03799,1.08247,10.02233,0.03912,0.13037,0.65454,0,0,0,0,0.04277,0,0.68778,2.3432,1.06941,2.581,0.00131,8.45458,4.84569,0.41603,0.99621,1.591,6.17425,0.215,0.18787,0,5.74403,0.0805,0.13037,4.84569,0.215,0.18787,0.65454,0.67471,0.68778,5.84989,5.74403,1.48069,5.00546
2025-12-24 17:00:00,10.18407,0.00294,0.03281,0.10709,0.00185,0.00308,0.01005,0.00846,0.02412,1.11918,1.25215,12.24983,0.04276,0.13054,0.65449,0,0,0,0,0.04301,0,0.68769,2.70208,1.23464,2.91056,0.00132,9.48407,4.84173,0.43038,1.04882,1.88236,6.94207,0.23892,0.1879,0,5.72535,0.08654,0.13054,4.84173,0.23892,0.1879,0.65449,0.67462,0.68769,5.83262,5.72535,1.77209,5.21782
2025-12-24 18:00:00,11.53718,0.00335,0.03943,0.12148,0.00185,0.00315,0.01132,0.00894,0.02488,1.20038,1.4366,14.52977,0.04543,0.13073,0.65443,0,0,0,0,0.04324,0,0.68758,3.04508,1.39987,3.24011,0.00132,10.51356,4.83831,0.44473,1.10085,2.10952,7.6456,0.29473,0.18795,0,5.70713,0.09257,0.13073,4.83831,0.29473,0.18795,0.65443,0.67452,0.68758,5.81599,5.70713,1.99921,5.3594
2025-12-24 19:00:00,11.6961,0.00392,0.04639,0.13394,0.00186,0.00314,0.01276,0.00942,0.02582,1.19132,1.57928,14.26435,0.04707,0.13092,0.65439,0,0,0,0,0.04047,0,0.68748,3.37955,1.55669,3.16287,0.00133,11.37115,4.83531,0.41196,1.04254,2.25244,7.8096,0.36117,0.18798,0,5.68939,0.08878,0.13092,4.83531,0.36117,0.18798,0.65439,0.67444,0.68748,5.8,5.68939,2.14208,5.46052
2025-12-24 20:00:00,11.85503,0.00461,0.05489,0.14805,0.00187,0.00308,0.01407,0.00991,0.02683,1.1827,1.68838,14.0706,0.04787,0.13111,0.65433,0,0,0,0,0.0377,0,0.68738,3.70942,1.7135,3.08563,0.00134,12.22875,4.83276,0.37919,0.96587,2.29601,7.87426,0.43115,0.18801,0,5.67219,0.08498,0.13111,4.83276,0.43115,0.18801,0.65433,0.67436,0.68738,5.78466,5.67219,2.18562,5.53637
2025-12-24 21:00:00,12.01395,0.00531,0.06641,0.16467,0.00196,0.00291,0.01517,0.01066,0.02784,1.17409,1.7401,13.79289,0.04771,0.13132,0.65429,0,0,0,0,0.03493,0,0.68729,4.05237,1.87031,3.00839,0.00134,13.08634,4.83058,0.34643,0.88089,2.31642,7.91578,0.50232,0.18806,0,5.65553,0.08119,0.13132,4.83058,0.50232,0.18806,0.65429,0.67428,0.68729,5.76995,5.65553,2.206,5.59536
2025-12-24 22:00:00,12.17287,0.00593,0.08044,0.18992,0.00229,0.00249,0.01596,0.01204,0.02885,1.16547,1.74202,13.48092,0.04505,0.13154,0.65425,0,0,0,0,0.03216,0,0.6872,4.49435,2.02713,2.93114,0.00134,13.94393,4.82872,0.31366,0.79185,2.24958,7.87003,0.577,0.18809,0,5.63944,0.0774,0.13154,4.82872,0.577,0.18809,0.65425,0.6742,0.6872,5.75587,5.63944,2.13912,5.64255
2025-12-24 23:00:00,12.3318,0.00643,0.09524,0.23122,0.003,0.0022,0.01634,0.01456,0.02978,1.15685,1.72738,13.13344,0.04068,0.13179,0.65422,0,0,0,0,0.02939,0,0.68711,4.612,2.18394,2.8539,0.00134,14.80153,4.82719,0.28089,0.70148,2.12839,7.76991,0.66623,0.18813,0,5.6239,0.0736,0.13179,4.82719,0.66623,0.18813,0.65422,0.67412,0.68711,5.74241,5.6239,2.01788,5.68116
2025-12-25 00:00:00,12.49072,0.00673,0.11046,0.26382,0.00432,0.0021,0.01604,0.01886,0.0306,1.14823,1.70826,12.73443,0.03734,0.13207,0.65418,0,0,0,0,0.02662,0,0.68703,4.41276,2.34076,2.77666,0.00178,15.65912,4.82589,0.24812,0.60499,2.04011,7.70273,0.77057,0.18816,0,5.60893,0.06981,0.13207,4.82589,0.77057,0.18816,0.65418,0.67404,0.68703,5.72955,5.60893,1.92957,5.71334
2025-12-25 01:00:00,12.27526,0.0068,0.12828,0.29166,0.00648,0.00213,0.01519,0.02561,0.03138,1.11456,1.68711,12.32882,0.03512,0.13239,0.65417,0,0,0,0,0.02593,0,0.68695,4.10789,2.28006,2.70116,0.00301,15.45858,4.82472,0.22799,0.55539,1.96391,7.53991,0.87993,0.1882,0,5.59455,0.06873,0.13239,4.82472,0.87993,0.1882,0.65417,0.67397,0.68695,5.71728,5.59455,1.85338,5.74057
2025-12-25 02:00:00,12.0598,0.00666,0.15518,0.32262,0.00956,0.00223,0.01424,0.03506,0.03233,1.08089,1.66788,11.89842,0.03354,0.13275,0.65417,0,0,0,0,0.02524,0,0.68685,3.83979,2.21935,2.62566,0.00494,15.25805,4.82391,0.20786,0.51461,1.92139,7.41076,0.98438,0.18825,0,5.58074,0.06764,0.13275,4.82391,0.98438,0.18825,0.65417,0.6739,0.68685,5.70558,5.58074,1.81087,5.7639
2025-12-25 03:00:00,11.84434,0.00644,0.19446,0.35847,0.0137,0.00253,0.01332,0.04702,0.03354,1.04723,1.63559,11.46046,0.03226,0.13316,0.65419,0,0,0,0,0.02456,0,0.68677,3.57384,2.15864,2.55017,0.00743,15.05751,4.82349,0.18773,0.47749,1.86521,7.268,1.07905,0.18906,0,5.5675,0.06656,0.13316,4.82349,1.07905,0.18906,0.65419,0.67384,0.68677,5.69445,5.5675,1.75474,5.78413
2025-12-25 04:00:00,11.62888,0.00619,0.23955,0.41343,0.01902,0.00329,0.01247,0.06084,0.03489,1.01356,1.59477,11.01982,0.03025,0.13362,0.65422,0,0,0,0,0.02387,0,0.6867,3.32211,2.09794,2.47467,0.0104,14.85697,4.82356,0.1676,0.44128,1.78517,7.10141,1.13272,0.19239,0,5.55482,0.06548,0.13362,4.82356,1.13272,0.19239,0.65422,0.67377,0.6867,5.68385,5.55482,1.67478,5.80182
2025-12-25 05:00:00,11.41342,0.00594,0.2824,0.50381,0.0259,0.0038,0.0117,0.07727,0.03623,0.97989,1.55018,10.58011,0.02772,0.13415,0.65428,0,0,0,0,0.02318,0,0.68663,3.11291,2.03724,2.39917,0.01395,14.65644,4.82414,0.14748,0.40564,1.69878,6.92839,1.13654,0.19945,0,5.5427,0.06439,0.13415,4.82414,1.13654,0.19945,0.65428,0.6737,0.68663,5.67378,5.5427,1.5884,5.81744
2025-12-25 06:00:00,11.19796,0.0057,0.31778,0.57519,0.03524,0.00399,0.01099,0.09943,0.03744,0.94622,1.50376,10.13104,0.02589,0.13476,0.65438,0,0,0,0,0.02249,0,0.68656,2.92662,1.97653,2.32367,0.01856,14.4559,4.82519,0.12735,0.37007,1.62981,6.77277,1.12375,0.21046,0,5.5311,0.06331,0.13476,4.82519,1.12375,0.21046,0.65438,0.67365,0.68656,5.66422,5.5311,1.51941,5.83132
2025-12-25 07:00:00,10.83475,0.00547,0.34172,0.62775,0.04804,0.0045,0.01034,0.13892,0.03847,0.91517,1.45738,9.65029,0.02471,0.13548,0.65451,0,0,0,0,0.02372,0,0.68649,2.75267,1.90219,2.25219,0.02452,14.39112,4.82668,0.12303,0.34323,1.58138,6.54932,1.10541,0.22533,0,5.52005,0.06657,0.13548,4.82668,1.10541,0.22533,0.65451,0.6736,0.68649,5.65518,5.52005,1.471,5.84374
2025-12-25 08:00:00,10.47155,0.00525,0.354,0.66185,0.06476,0.00544,0.0098,0.18615,0.03937,0.88412,1.41196,9.16457,0.02386,0.13631,0.6547,0,0,0,0,0.02496,0,0.68642,2.58536,1.82786,2.18071,0.03161,14.32634,4.82885,0.1187,0.32282,1.55388,6.34679,1.08524,0.24393,0,5.50955,0.06982,0.13631,4.82885,1.08524,0.24393,0.6547,0.67356,0.68642,5.64665,5.50955,1.44353,5.85491
2025-12-25 09:00:00,10.10834,0.00506,0.35769,0.67738,0.08406,0.00771,0.00936,0.23087,0.04029,0.85307,1.3682,8.67653,0.02316,0.13723,0.65493,0,0,0,0,0.02619,0,0.68636,2.43655,1.75352,2.10923,0.03965,14.26156,4.83179,0.11437,0.30512,1.51837,6.13628,1.06445,0.26663,0,5.49966,0.07308,0.13723,4.83179,1.06445,0.26663,0.65493,0.67353,0.68636,5.63863,5.49966,1.40807,5.86503
2025-12-25 10:00:00,9.74513,0.0049,0.35613,0.69259,0.10337,0.01309,0.00897,0.26489,0.04145,0.82202,1.32578,8.18807,0.02198,0.13822,0.65522,0,0,0,0,0.02742,0,0.68629,2.31606,1.67918,2.03774,0.04851,14.19678,4.83557,0.11005,0.28858,1.46161,5.90448,1.03706,0.29411,0,5.49049,0.07633,0.13822,4.83557,1.03706,0.29411,0.65522,0.6735,0.68629,5.63112,5.49049,1.35132,5.87422
2025-12-25 11:00:00,9.38193,0.00477,0.35163,0.70825,0.12094,0.01668,0.00861,0.28777,0.04324,0.79097,1.28423,7.70032,0.02049,0.13929,0.65558,0,0,0,0,0.02866,0,0.68624,2.21421,1.60485,1.96626,0.05826,14.132,4.84018,0.10573,0.27257,1.39719,5.66494,1.00202,0.32671,0,5.48218,0.07958,0.13929,4.84018,1.00202,0.32671,0.65558,0.67349,0.68624,5.62413,5.48218,1.28682,5.88261
2025-12-25 12:00:00,9.01872,0.00465,0.34524,0.72182,0.1359,0.01803,0.0082,0.30141,0.0461,0.75992,1.24321,7.21407,0.0194,0.14044,0.656,0,0,0,0,0.02989,0,0.6862,2.12303,1.53051,1.89478,0.06863,14.06722,4.84565,0.1014,0.2568,1.34634,5.43893,0.96538,0.36412,0,5.47492,0.08284,0.14044,4.84565,0.96538,0.36412,0.656,0.6735,0.6862,5.61766,5.47492,1.23587,6.56619
2025-12-25 13:00:00,8.81775,0.00453,0.33696,0.73934,0.14769,0.02313,0.00773,0.30752,0.05049,0.73008,1.20363,7.54909,0.01883,0.14166,0.65649,0,0,0,0,0.0356,0,0.68617,2.03934,1.49011,1.88946,0.07921,14.03621,4.85205,0.1009,0.24743,1.31164,5.51083,0.92823,0.40553,0,5.46891,0.33682,0.14166,4.85205,0.92823,0.40553,0.65649,0.67352,0.68617,5.61174,5.46891,1.20113,7.39289
2025-12-25 14:00:00,8.61677,0.00442,0.32561,0.7729,0.1564,0.0327,0.00732,0.3117,0.0572,0.70024,1.16842,7.88509,0.019,0.14296,0.65706,0,0,0,0,0.04131,0,0.68614,1.96954,1.44971,1.88413,0.08997,14.0052,4.85921,0.1004,0.23962,1.29475,5.60059,0.89091,0.44907,0,5.46435,0.5908,0.14296,4.85921,0.89091,0.44907,0.65706,0.67358,0.68614,5.60637,5.46435,1.18424,7.72068
2025-12-25 15:00:00,8.4158,0.00431,0.31122,0.82501,0.164,0.05615,0.01006,0.32549,0.0671,0.6704,1.13912,8.22172,0.02046,0.14432,0.65769,0.00001,0,0,0,0.04702,0,0.68613,1.91837,1.40932,1.87881,0.10087,13.97419,4.86707,0.09746,0.23185,1.27558,5.68811,0.85354,0.49165,0,5.46146,0.84478,0.14432,4.86707,0.85354,0.49165,0.65769,0.67365,0.68613,5.60158,5.46146,1.16511,8.04846
2025-12-25 16:00:00,8.21483,0.0044,0.29627,0.90645,0.17339,0.11196,0.02386,0.40853,0.08188,0.64055,1.10839,8.55956,0.02677,0.14571,0.6584,0.00001,0,0,0,0.05272,0,0.68614,1.88424,1.36892,1.87349,0.11189,13.94318,4.87552,0.09451,0.22348,1.25252,5.77174,0.91343,0.53119,0,5.46048,1.09876,0.14571,4.87552,0.91343,0.53119,0.6584,0.67375,0.68614,5.59739,5.46048,1.1421,8.37625
2025-12-25 17:00:00,8.01385,0.00531,0.28305,1.04232,0.1873,0.14916,0.12591,0.77131,0.10463,0.61071,1.07643,8.90104,0.03637,0.14711,0.65916,0.00002,0,0,0,0.05843,0,0.68616,1.86251,1.32852,1.86816,0.12296,13.91216,4.88447,0.09156,0.21481,1.22977,5.8557,1.10977,0.5672,0,5.46167,1.35274,0.14711,4.88447,1.10977,0.5672,0.65916,0.67389,0.68616,5.5938,5.46167,1.11941,8.70403
2025-12-25 18:00:00,7.81288,0.00806,0.27476,1.14893,0.20944,0.16311,0.35166,0.98207,0.1386,0.58087,1.04507,9.24804,0.04359,0.14846,0.65998,0.00002,0,0,0,0.06414,0,0.6862,1.84867,1.28812,1.86284,0.13285,13.88115,4.89389,0.08861,0.20599,1.21123,5.94384,1.35832,0.59963,0,5.46523,1.60672,0.14846,4.89389,1.35832,0.59963,0.65998,0.67406,0.6862,5.59082,5.46523,1.10091,9.03182
2025-12-25 19:00:00,7.78206,0.01368,0.31865,1.23146,0.24363,0.17179,0.86462,1.1595,0.18265,0.56216,1.01438,9.25439,0.04824,0.14974,0.66085,0.00004,0,0,0,0.06106,0,0.68627,1.83985,1.27581,1.85933,0.14057,14.07583,4.9036,0.08749,0.2019,1.1985,6.05793,1.62428,0.62866,0,5.47129,1.72012,0.14974,4.9036,1.62428,0.62866,0.66085,0.67428,0.68627,5.58844,5.47129,1.08822,9.3596
2025-12-25 20:00:00,7.75124,0.02155,0.41415,1.30032,0.29136,0.18262,0.93721,1.24216,0.23055,0.54344,0.98412,9.25947,0.05175,0.15091,0.66174,0.00005,0,0,0,0.05798,0,0.68637,1.83422,1.26349,1.85581,0.14646,14.27052,4.91326,0.08637,0.19845,1.19075,6.177,1.89603,0.65426,0,5.47992,1.83353,0.15091,4.91326,1.89603,0.65426,0.66174,0.67453,0.68637,5.58667,5.47992,1.0805,9.68738
2025-12-25 21:00:00,7.72042,0.02988,0.51086,1.35695,0.35018,0.20485,1.02103,1.28862,0.27774,0.52473,0.95817,9.2647,0.05642,0.15198,0.66265,0.00007,0,0,0,0.0549,0,0.6865,1.83419,1.25118,1.85229,0.1508,14.46521,4.92256,0.08525,0.19533,1.18033,6.29339,2.16972,0.6762,0,5.49104,1.94693,0.15198,4.92256,2.16972,0.6762,0.66265,0.67482,0.6865,5.58551,5.49104,1.0701,10.01517
2025-12-25 22:00:00,7.6896,0.03814,0.60533,1.43821,0.41455,0.25311,1.18918,1.33011,0.325,0.50601,0.93701,9.27058,0.06541,0.15294,0.66354,0.00009,0,0,0,0.05181,0,0.68666,1.84179,1.23887,1.84878,0.1537,14.65989,4.93128,0.08413,0.19238,1.16199,6.40185,2.34676,0.69442,0,5.50447,2.06033,0.15294,4.93128,2.34676,0.69442,0.66354,0.67516,0.68666,5.58492,5.50447,1.05178,10.34295
2025-12-25 23:00:00,7.65878,0.04755,0.76264,1.56558,0.47952,0.28529,1.26232,1.36779,0.37794,0.48729,0.91837,9.28157,0.09985,0.15379,0.66442,0.0001,0,0,0,0.04873,0,0.68686,1.85471,1.22655,1.84527,0.15473,14.85458,4.93925,0.08301,0.18951,1.1404,6.50707,2.39429,0.70908,0,5.52003,2.17374,0.15379,4.93925,2.39429,0.70908,0.66442,0.67556,0.68686,5.58489,5.52003,1.03021,10.67074
2025-12-26 00:00:00,7.62796,0.06281,0.8845,1.66725,0.5542,0.29735,1.30436,1.39906,0.45386,0.46858,0.9018,9.29818,0.16242,0.15452,0.66527,0.00012,0,0,0,0.04565,0,0.6871,1.87102,1.21424,1.84175,0.15364,15.04926,4.94635,0.08189,0.18664,1.12347,6.61693,2.39866,0.72039,0,5.53741,2.28714,0.15452,4.94635,2.39866,0.72039,0.66527,0.67599,0.6871,5.58537,5.53741,1.01329,10.99852
2025-12-26 01:00:00,7.63034,0.08717,0.97566,1.74552,0.62928,0.30335,1.33881,1.42289,0.5868,0.45478,0.88535,9.32156,0.22789,0.15513,0.66606,0.00013,0,0,0,0.04598,0,0.68739,1.88948,1.20599,1.83081,0.15083,15.2544,4.95227,0.0813,0.18456,1.11109,6.76041,2.38862,0.72858,0,5.55634,2.33865,0.15513,4.95227,2.38862,0.72858,0.66606,0.67646,0.68739,5.5863,5.55634,1.00093,11.32631
2025-12-26 02:00:00,7.63272,0.12234,1.13466,1.80503,0.69694,0.30971,1.36882,1.44125,0.81856,0.44097,0.87065,9.34732,0.29033,0.15564,0.6668,0.00013,0,0,0,0.04631,0,0.6877,1.90933,1.19774,1.81987,0.14656,15.45954,4.957,0.08071,0.18268,1.10413,6.9093,2.37379,0.73696,0,5.57649,2.39017,0.15564,4.957,2.37379,0.73696,0.6668,0.67696,0.6877,5.58764,5.57649,0.99398,11.65409
2025-12-26 03:00:00,7.6351,0.15756,1.16697,1.84686,0.76059,0.32142,1.39969,1.46007,1.16535,0.42717,0.85933,9.37539,0.34906,0.15605,0.66748,0.00014,0.00001,0.00001,0,0.04665,0,0.68807,1.92848,1.1895,1.80893,0.14107,15.66469,4.96045,0.08012,0.1809,1.09514,7.05617,2.35737,0.75307,0,5.59753,2.44169,0.15605,4.96045,2.35737,0.75307,0.66748,0.6775,0.68807,5.58931,5.59753,0.98501,11.46212
2025-12-26 04:00:00,7.63747,0.1848,1.18901,1.89778,0.86811,0.34512,1.45663,1.48121,1.53831,0.41337,0.8485,9.4048,0.39977,0.1564,0.66808,0.00014,0.00001,0.00001,0,0.04698,0,0.68848,1.94561,1.18125,1.79798,0.13455,15.86983,4.96261,0.07952,0.17916,1.08125,7.19812,2.34792,0.7825,0,5.61915,2.4932,0.1564,4.96261,2.34792,0.7825,0.66808,0.67808,0.68848,5.59122,5.61915,0.97113,11.27014
2025-12-26 05:00:00,7.63985,0.21861,1.20285,1.96743,0.91761,0.36092,1.48123,1.50721,1.83942,0.39956,0.83785,9.43523,0.46083,0.1567,0.66862,0.00015,0.00001,0.00002,0,0.04731,0,0.68892,1.96138,1.173,1.78704,0.12739,16.07497,4.96352,0.07893,0.17745,1.06568,7.33839,2.34832,0.82662,0,5.64103,2.54472,0.1567,4.96352,2.34832,0.82662,0.66862,0.67866,0.68892,5.59332,5.64103,0.95556,11.07817
2025-12-26 06:00:00,7.64223,0.25856,1.21485,2.02381,0.95619,0.36684,1.49512,1.53446,2.0597,0.38576,0.82728,9.4679,0.50193,0.15695,0.66908,0.00015,0.00001,0.00002,0,0.04764,0,0.6894,1.97628,1.16475,1.7761,0.12014,16.28011,4.96324,0.07834,0.17575,1.05334,7.4819,2.35199,0.88526,0,5.66288,2.59623,0.15695,4.96324,2.35199,0.88526,0.66908,0.67927,0.6894,5.59552,5.66288,0.94323,10.8862
2025-12-26 07:00:00,7.6441,0.26639,1.22379,2.06856,1.0135,0.36919,1.50439,1.55599,2.21716,0.37874,0.81694,9.44159,0.53704,0.15716,0.66947,0.00016,0.00952,0.00004,0,0.04644,0,0.68992,1.99057,1.15618,1.76367,0.13067,16.06475,4.96192,0.0778,0.17452,1.04427,7.52519,2.35676,0.95829,0,5.68452,2.56617,0.15716,4.96192,2.35676,0.95829,0.66947,0.67987,0.68992,5.59775,5.68452,0.93418,10.69422
2025-12-26 08:00:00,7.64597,0.2708,1.23216,2.10489,1.03338,0.37111,1.50843,1.56545,2.33254,0.37173,0.80653,9.41594,0.5693,0.15732,0.66981,0.00016,0.01903,0.00005,0,0.04524,0,0.69046,2.00517,1.14761,1.75123,0.1741,15.84939,4.96123,0.07725,0.1733,1.0388,7.57205,2.3619,1.04025,0,5.70595,2.53611,0.15732,4.96123,2.3619,1.04025,0.66981,0.68048,0.69046,5.59995,5.70595,0.92872,10.50225
2025-12-26 09:00:00,7.64785,0.27323,1.23883,2.13189,1.04921,0.37386,1.50761,1.56817,2.42289,0.36303,0.79703,9.39053,0.59683,0.15881,0.67012,0.00016,0.02854,0.00007,0,0.04405,0,0.69102,2.02416,1.13905,1.7388,0.28457,15.63404,4.96525,0.07671,0.17217,1.03141,7.617,2.36715,1.12459,0,5.72744,2.50605,0.15881,4.96525,2.36715,1.12459,0.67012,0.68108,0.69102,5.60204,5.72744,0.92133,10.31027
2025-12-26 10:00:00,7.64972,0.27465,1.24141,2.16532,1.06102,0.37831,1.49867,1.56767,2.50352,0.35844,0.78919,9.36529,0.61293,0.16332,0.67056,0.00017,0.03805,0.00009,0,0.04285,0,0.69159,2.04454,1.13048,1.72637,0.45538,15.41868,4.98152,0.07617,0.17099,1.01886,7.6568,2.36146,1.20624,0,5.74946,2.47598,0.16332,4.98152,2.36146,1.20624,0.67056,0.68167,0.69159,5.604,5.74946,0.90879,10.1183
2025-12-26 11:00:00,7.65159,0.27546,1.23722,2.21196,1.07092,0.38127,1.49453,1.56175,2.58362,0.3535,0.78287,9.34015,0.62221,0.17106,0.67144,0.00018,0.04756,0.0001,0,0.04165,0,0.69218,2.06571,1.12191,1.71393,0.66659,15.20332,5.01866,0.07562,0.16983,1.00427,7.69453,2.34112,1.28349,0,5.7726,2.44592,0.17106,5.01866,2.34112,1.28349,0.67144,0.68225,0.69218,5.60586,5.7726,0.8942,9.92633
2025-12-26 12:00:00,7.65346,0.27589,1.23437,2.24939,1.08044,0.38238,1.49179,1.55409,2.66366,0.34891,0.7776,9.31537,0.63501,0.18187,0.67311,0.00018,0.05707,0.00012,0,0.04045,0,0.69277,2.08736,1.11334,1.7015,0.91145,14.98796,5.08153,0.07508,0.16867,0.99281,7.73541,2.31591,1.35594,0,5.79752,2.41586,0.18187,5.08153,2.31591,1.35594,0.67311,0.6828,0.69277,5.60784,5.79752,0.88274,9.2827
2025-12-26 13:00:00,7.63702,0.27612,1.23386,2.27778,1.08791,0.3825,1.4842,1.54408,2.74022,0.34396,0.77289,9.10671,0.64843,0.19557,0.67592,0.00019,0.0578,0.00013,0,0.03831,0,0.69335,2.10927,1.09693,1.65941,1.22852,14.77525,5.17205,0.07457,0.16757,0.98284,7.65377,2.28906,1.4243,0,5.82486,2.27319,0.19557,5.17205,2.28906,1.4243,0.67592,0.68333,0.69335,5.61053,5.82486,0.87277,8.78401
2025-12-26 14:00:00,7.62057,0.27618,1.23427,2.29747,1.09292,0.3822,1.46734,1.53523,2.80338,0.33937,0.76818,8.89953,0.65946,0.21198,0.68014,0.00019,0.05854,0.00013,0,0.03616,0,0.69393,2.13125,1.08052,1.61732,1.55996,14.56254,5.29441,0.07407,0.16651,0.97487,7.57415,2.26168,1.48954,0,5.85513,2.13052,0.21198,5.29441,2.26168,1.48954,0.68014,0.68387,0.69393,5.61483,5.85513,0.8648,8.78187
2025-12-26 15:00:00,7.60413,0.27614,1.23472,2.30707,1.09563,0.38108,1.43733,1.52192,2.85135,0.33478,0.76347,8.69368,0.66527,0.23099,0.68597,0.0002,0.05927,0.00015,0,0.03402,0,0.6945,2.13347,1.06411,1.57523,1.87005,14.34983,5.46723,0.07356,0.16545,0.96227,7.48989,2.23411,1.54995,0,5.88879,1.98785,0.23099,5.46723,2.23411,1.54995,0.68597,0.68444,0.6945,5.62191,5.88879,0.8522,8.77952
2025-12-26 16:00:00,7.58769,0.27594,1.23359,2.31665,1.09555,0.37798,1.36311,1.50288,2.89383,0.32984,0.75889,8.48874,0.64709,0.25268,0.69361,0.0002,0.06,0.03618,0,0.03188,0,0.69506,2.10275,1.04769,1.53313,2.17813,14.13713,5.67388,0.07305,0.16441,0.93646,7.39241,2.18732,1.6077,0,5.92624,1.84518,0.25268,5.67388,2.18732,1.6077,0.69361,0.68511,0.69506,5.63305,5.92624,0.8264,8.77695
2025-12-26 17:00:00,7.57124,0.27555,1.22864,2.32697,1.09341,0.37591,1.33037,1.47486,2.93449,0.32525,0.7534,8.28421,0.61636,0.27722,0.70316,0.00021,0.06074,0.04747,0,0.02973,0,0.69561,2.05276,1.03128,1.49104,2.4751,13.92442,5.90312,0.07255,0.16335,0.90459,7.28889,2.11495,1.66383,0,5.96787,1.70251,0.27722,5.90312,2.11495,1.66383,0.70316,0.68598,0.69561,5.64961,5.96787,0.79453,8.7741
2025-12-26 18:00:00,7.5548,0.27496,1.22465,2.33564,1.09007,0.37513,1.31085,1.44448,2.97306,0.32066,0.74864,8.07976,0.59919,0.30475,0.71479,0.00021,0.06147,0.05873,0,0.02759,0,0.69618,1.99565,1.01487,1.44895,2.73983,13.71171,6.16048,0.07204,0.16233,0.87983,7.19246,2.03406,1.71843,0,6.01418,1.55984,0.30475,6.16048,2.03406,1.71843,0.71479,0.68713,0.69618,5.6733,6.01418,0.76977,8.77094
2025-12-26 19:00:00,7.43896,0.27441,1.22132,2.33941,1.08214,0.37224,1.28733,1.41137,3.00613,0.31571,0.74341,7.80174,0.58839,0.33626,0.72863,0.00021,0.05328,0.05948,0,0.03168,0,0.69682,1.9454,0.98228,1.40962,2.97349,13.55205,6.44882,0.07156,0.16132,0.86156,7.05695,1.95033,1.77149,0,6.0658,1.48678,0.33626,6.44882,1.95033,1.77149,0.72863,0.68872,0.69682,5.7057,6.0658,0.75149,8.7674
2025-12-26 20:00:00,7.32312,0.27397,1.21698,2.33176,1.06958,0.36683,1.25244,1.38387,3.03189,0.3175,0.73672,7.52342,0.57915,0.37551,0.74499,0.00022,0.04509,0.06021,0,0.03577,0,0.69759,1.88874,0.94968,1.37028,3.20236,13.39238,6.73463,0.07108,0.16029,0.85163,6.92979,1.86565,1.82275,0,6.12374,1.41372,0.37551,6.73463,1.86565,1.82275,0.74499,0.69086,0.69759,5.7476,6.12374,0.74156,8.76342
2025-12-26 21:00:00,7.20727,0.27281,1.20528,2.31042,1.04908,0.35357,1.19871,1.34634,3.05754,0.31416,0.73038,7.24496,0.56966,0.41952,0.76432,0.00022,0.0369,0.06095,0,0.03985,0.00001,0.69855,1.83048,0.91709,1.33095,3.40223,13.23272,7.00397,0.07061,0.15933,0.83907,6.80002,1.78065,1.87151,0,6.18879,1.34066,0.41952,7.00397,1.78065,1.87151,0.76432,0.69369,0.69855,5.79994,6.18879,0.729,8.75892
2025-12-26 22:00:00,7.09143,0.2693,1.17361,2.27242,1.01513,0.32202,1.07313,1.29483,3.08544,0.31095,0.72416,6.96658,0.54803,0.46552,0.78692,0.00022,0.02871,0.06105,0,0.04394,0.00002,0.69982,1.77418,0.8845,1.29162,3.57168,13.07306,7.25773,0.07013,0.15832,0.82072,6.66444,1.71314,1.91727,0,6.26149,1.26759,0.46552,7.25773,1.71314,1.91727,0.78692,0.69735,0.69982,5.86406,6.26149,0.71066,8.75376
2025-12-26 23:00:00,6.97559,0.26205,1.11045,2.20432,0.97417,0.30099,1.01792,1.22099,3.11334,0.30781,0.71885,6.68745,0.52102,0.51418,0.81285,0.00023,0.02052,0.05334,0,0.04803,0.00004,0.70149,1.71964,0.8519,1.25228,3.71711,12.91339,7.49672,0.06965,0.15732,0.80067,6.52716,1.66905,1.96001,0,6.34248,1.19453,0.51418,7.49672,1.66905,1.96001,0.81285,0.702,0.70149,5.94026,6.34248,0.69061,8.74782
2025-12-27 00:00:00,6.85975,0.25099,1.05481,2.15108,0.95587,0.2931,0.98529,1.14135,3.14124,0.3047,0.71462,6.40772,0.50352,0.56668,0.84208,0.00023,0.01233,0.04793,0,0.05212,0.00007,0.70369,1.66621,0.81931,1.21295,3.83666,12.75373,7.71739,0.06917,0.15635,0.78469,6.39395,1.63277,1.99977,0,6.43238,1.12147,0.56668,7.71739,1.63277,1.99977,0.84208,0.70784,0.70369,6.02739,6.43238,0.67463,8.74088
2025-12-27 01:00:00,6.7207,0.24045,1.01413,2.10874,0.91829,0.28824,0.9535,1.07024,3.13206,0.30177,0.70906,6.12766,0.4904,0.62271,0.8746,0.00023,0.01118,0.04299,0,0.06063,0.00012,0.70654,1.6135,0.79083,1.18054,3.92891,12.55088,7.90393,0.06871,0.15537,0.77346,6.23146,1.59909,2.03625,0,6.53157,1.06723,0.62271,7.90393,1.59909,2.03625,0.8746,0.71511,0.70654,6.124,6.53157,0.6634,8.73268
2025-12-27 02:00:00,6.58165,0.2336,0.98043,2.06935,0.87918,0.2822,0.91614,1.02907,3.12252,0.29909,0.70372,5.84802,0.47765,0.68063,0.91041,0.00023,0.01003,0.03849,0,0.06914,0.0002,0.71017,1.56125,0.76236,1.14814,3.99989,12.34804,8.05381,0.06826,0.15444,0.76715,6.0739,1.56627,2.0686,0,6.64,1.01299,0.68063,8.05381,1.56627,2.0686,0.91041,0.72407,0.71017,6.22875,6.64,0.65709,8.72285
2025-12-27 03:00:00,6.44261,0.22832,0.97827,2.03045,0.84227,0.26985,0.86574,0.99191,3.11334,0.29653,0.69728,5.56927,0.46266,0.74193,0.94945,0.00024,0.00888,0.0342,0,0.07765,0.00038,0.71479,1.51244,0.73388,1.11573,4.04651,12.14519,8.18884,0.0678,0.15349,0.75905,5.91453,1.53374,2.09582,0,6.75726,0.95876,0.74193,8.18884,1.53374,2.09582,0.94945,0.73496,0.71479,6.34036,6.75726,0.64899,8.71083
2025-12-27 04:00:00,6.30356,0.22124,0.9517,1.97234,0.8072,0.24308,0.75501,0.94767,3.07838,0.29403,0.69105,5.29059,0.42927,0.80387,0.9916,0.00024,0.00773,0.02999,0,0.08616,0.00086,0.72057,1.47092,0.7054,1.08332,4.06062,11.94234,8.30651,0.06734,0.15255,0.74629,5.75051,1.48985,2.11728,0,6.88272,0.90452,0.80387,8.30651,1.48985,2.11728,0.9916,0.74801,0.72057,6.45703,6.88272,0.63623,8.6958
2025-12-27 05:00:00,6.16451,0.20969,0.91291,1.87856,0.77146,0.22524,0.70652,0.89091,3.04342,0.29156,0.68477,5.01149,0.39394,0.86438,1.03661,0.00024,0.00658,0.02662,0,0.09467,0.0022,0.72774,1.43604,0.67693,1.05092,4.04905,11.7395,8.40482,0.06689,0.15161,0.73189,5.58485,1.43069,2.13298,0,7.01552,0.85028,0.86438,8.40482,1.43069,2.13298,1.03661,0.7635,0.72774,6.57673,7.01552,0.62182,8.67648
2025-12-27 06:00:00,6.02546,0.19783,0.86403,1.80408,0.74326,0.21854,0.67817,0.83236,2.98704,0.2891,0.67847,4.73194,0.37116,0.92285,1.084,0.00024,0.00543,0.02351,0,0.10318,0.00561,0.7365,1.40537,0.64845,1.01851,4.00432,11.53665,8.48213,0.06643,0.15071,0.72049,5.42219,1.36645,2.14322,0,7.1545,0.79604,0.92285,8.48213,1.36645,2.14322,1.084,0.77766,0.7365,6.69918,7.1545,0.61042,8.65071
2025-12-27 07:00:00,5.86831,0.19112,0.81138,1.74442,0.72085,0.21353,0.64781,0.7777,2.95656,0.28677,0.67218,4.46045,0.34954,0.97801,1.13317,0.00024,0.00538,0.02041,0,0.10408,0.01309,0.7471,1.37739,0.63272,0.99202,3.92489,10.87715,8.53642,0.066,0.14978,0.71212,5.24879,1.30052,2.14736,0,7.2985,0.75678,0.97801,8.53642,1.30052,2.14736,1.13317,0.79772,0.7471,6.82826,7.2985,0.60205,8.61465
2025-12-27 08:00:00,5.71117,0.18288,0.76167,1.69054,0.69091,0.20662,0.60772,0.73971,2.92573,0.28461,0.66544,4.18893,0.32966,1.02892,1.18342,0.00024,0.00533,0.01731,0,0.10499,0.02351,0.75911,1.35111,0.61698,0.96552,3.81813,10.21764,8.56694,0.06556,0.14886,0.70711,5.07874,1.23402,2.14543,0,7.44692,0.71752,1.02892,8.56694,1.23402,2.14543,1.18342,0.82299,0.75911,6.95653,7.44692,0.59704,8.56055
2025-12-27 09:00:00,5.55402,0.17466,0.71734,1.64013,0.65684,0.19167,0.55953,0.69732,2.89197,0.28254,0.65861,3.91739,0.31035,1.07549,1.23406,0.00025,0.00528,0.01421,0,0.10589,0.03362,0.77281,1.32635,0.60125,0.93903,3.69355,9.55814,8.57443,0.06513,0.14798,0.70036,4.90696,1.16733,2.13917,0,7.59884,0.67826,1.07549,8.57443,1.16733,2.13917,1.23406,0.85103,0.77281,7.08274,7.59884,0.59029,8.47038
2025-12-27 10:00:00,5.39687,0.16664,0.67792,1.56877,0.62128,0.15822,0.48091,0.64333,2.85252,0.28052,0.65156,3.64584,0.28285,1.11747,1.28441,0.00025,0.00522,0.01211,0,0.10679,0.04239,0.78951,1.30337,0.58551,0.91253,3.55785,8.89864,8.56059,0.0647,0.14707,0.68901,4.73058,1.10333,2.12992,0,7.75254,0.63899,1.11747,8.56059,1.10333,2.12992,1.28441,0.88127,0.78951,7.20567,7.75254,0.57895,8.29004
2025-12-27 11:00:00,5.23973,0.15798,0.64234,1.45772,0.58531,0.13593,0.40482,0.5781,2.80544,0.27851,0.64465,3.3741,0.24925,1.15464,1.33383,0.00025,0.00517,0.01119,0,0.1077,0.04973,0.80952,1.28193,0.56978,0.88604,3.41627,8.23913,8.52769,0.06426,0.14619,0.67586,4.55239,1.04428,2.11829,0,7.90633,0.59973,1.15464,8.52769,1.04428,2.11829,1.33383,0.91353,0.80952,7.32412,7.90633,0.5658,7.74904
2025-12-27 12:00:00,5.08258,0.14767,0.60864,1.36939,0.54681,0.12756,0.51389,0.57806,2.7525,0.27652,0.63788,3.10212,0.22093,1.18705,1.38176,0.00025,0.00512,0.01025,0,0.1086,0.05574,0.83258,1.26147,0.55404,0.85954,3.27524,7.57963,8.47843,0.06383,0.14528,0.66552,4.37702,0.98928,2.10466,0,8.04868,0.56047,1.18705,8.47843,0.98928,2.10466,1.38176,0.94762,0.83258,7.43707,8.04868,0.55546,5.27066
2025-12-27 13:00:00,4.93626,0.13487,0.58625,1.30088,0.50315,0.1234,0.37735,0.50921,2.69974,0.27461,0.63114,2.95391,0.19821,1.21476,1.42775,0.00025,0.00517,0.00932,0,0.10426,0.0605,0.85836,1.24323,0.54441,0.83967,3.13694,7.19949,8.41556,0.06342,0.14443,0.65799,4.23566,0.93683,2.08887,0,8.18941,0.53571,1.21476,8.41556,0.93683,2.08887,1.42775,0.98335,0.85836,7.54369,8.18941,0.54793,3.5214
2025-12-27 14:00:00,4.78994,0.12045,0.56581,1.24641,0.4639,0.11897,0.34032,0.45417,2.64773,0.27283,0.62448,2.80563,0.17909,1.23794,1.47137,0.00025,0.00522,0.00838,0,0.09992,0.06416,0.88661,1.2263,0.53478,0.81979,3.00157,6.81935,8.34169,0.063,0.14357,0.65373,4.09757,0.88531,2.07046,0,8.32784,0.51095,1.23794,8.34169,0.88531,2.07046,1.47137,1.02188,0.88661,7.64338,8.32784,0.54367,3.05947
2025-12-27 15:00:00,4.64361,0.10667,0.54427,1.20546,0.41957,0.11081,0.32169,0.41358,2.59355,0.27112,0.618,2.65745,0.16284,1.2569,1.51231,0.00025,0.00527,0.00746,0,0.09558,0.06691,0.91708,1.20914,0.52515,0.79992,2.88142,6.43922,8.25952,0.06259,0.14268,0.6482,3.9582,0.8341,2.04892,0,8.46239,0.48619,1.2569,8.25952,0.8341,2.04892,1.51231,1.06347,0.91708,7.74029,8.46239,0.53814,2.90549
2025-12-27 16:00:00,4.49729,0.09659,0.52293,1.15192,0.37452,0.09428,0.30042,0.38517,2.53137,0.26944,0.6118,2.50936,0.14856,1.27179,1.55033,0.00025,0.00531,0.00652,0,0.09125,0.06888,0.94974,1.19263,0.51551,0.78005,2.76235,6.05908,8.17168,0.06217,0.14185,0.63952,3.81568,0.78507,2.02398,0,8.59217,0.46143,1.27179,8.17168,0.78507,2.02398,1.55033,1.10636,0.94974,7.83513,8.59217,0.52946,2.8285
2025-12-27 17:00:00,4.35097,0.08966,0.50235,1.07376,0.33175,0.08325,0.27486,0.36166,2.45613,0.26778,0.60502,2.36133,0.13596,1.28277,1.58525,0.00025,0.00536,0.00567,0,0.08691,0.07012,0.98474,1.17701,0.50588,0.76017,2.64044,5.67894,8.07965,0.06175,0.14097,0.62971,3.67205,0.7428,1.99573,0,8.71705,0.43667,1.28277,8.07965,0.7428,1.99573,1.58525,1.14952,0.98474,7.92064,8.71705,0.51966,2.78231
2025-12-27 18:00:00,4.20465,0.08301,0.48284,1.01099,0.29223,0.07912,0.24385,0.34492,2.37097,0.26612,0.59902,2.21342,0.12507,1.29006,1.61697,0.00025,0.00541,0.00562,0,0.08257,0.07052,1.02066,1.16198,0.49625,0.7403,2.51571,5.2988,7.98391,0.06134,0.1401,0.62195,3.53046,0.70675,1.96438,0,8.83624,0.41191,1.29006,7.98391,0.70675,1.96438,1.61697,1.19252,1.02066,7.99698,8.83624,0.5119,2.75151
2025-12-27 19:00:00,4.08749,0.0764,0.4643,0.96165,0.25606,0.07686,0.21251,0.33166,2.28121,0.26453,0.59362,2.1441,0.11554,1.29385,1.64538,0.00025,0.00541,0.00557,0,0.07891,0.06972,1.0545,1.14738,0.48973,0.72499,2.39222,5.20008,7.88488,0.06095,0.13928,0.61646,3.43977,0.67276,1.93005,0,8.94844,0.39281,1.29385,7.88488,0.67276,1.93005,1.64538,1.23502,1.0545,8.06446,8.94844,0.50641,2.72951
2025-12-27 20:00:00,3.97033,0.06996,0.4466,0.92181,0.22251,0.07428,0.18597,0.31521,2.19012,0.26303,0.58777,2.07471,0.10704,1.29425,1.67048,0.00025,0.00541,0.00552,0,0.07526,0.06805,1.09085,1.13307,0.48321,0.70968,2.27062,5.10136,7.77077,0.06055,0.13845,0.61345,3.35155,0.6393,1.89296,0,9.05265,0.37371,1.29425,7.77077,0.6393,1.89296,1.67048,1.27675,1.09085,8.12352,9.05265,0.5034,2.71302
2025-12-27 21:00:00,3.85317,0.06419,0.42997,0.89163,0.19143,0.06926,0.1644,0.29834,2.09523,0.26158,0.5827,2.00537,0.09938,1.29134,1.69224,0.00025,0.0054,0.00547,0,0.07161,0.06624,1.12891,1.11911,0.47669,0.69437,2.15018,5.00264,7.64828,0.06016,0.13765,0.60965,3.26255,0.60504,1.85354,0,9.14818,0.35461,1.29134,7.64828,0.60504,1.85354,1.69224,1.3175,1.12891,8.17452,9.14818,0.4996,2.70018
2025-12-27 22:00:00,3.73601,0.05924,0.41469,0.85327,0.16356,0.05871,0.1467,0.28289,1.99673,0.26016,0.57773,1.9366,0.09244,1.2853,1.71069,0.00024,0.0054,0.00542,0,0.06795,0.06451,1.168,1.10582,0.47016,0.67906,2.03039,4.90391,7.52752,0.05976,0.13683,0.60391,3.1716,0.56969,1.81229,0,9.23457,0.33551,1.2853,7.52752,0.56969,1.81229,1.71069,1.35718,1.168,8.21763,9.23457,0.49386,2.68992
2025-12-27 23:00:00,3.61885,0.05504,0.40077,0.79852,0.13936,0.05168,0.13173,0.26901,1.89499,0.25874,0.57289,1.86801,0.08615,1.27624,1.72585,0.00024,0.0054,0.00537,0,0.06429,0.06271,1.20761,1.09321,0.46364,0.66375,1.92205,4.80519,7.40834,0.05937,0.13601,0.59754,3.08002,0.53998,1.76952,0,9.3115,0.31641,1.27624,7.40834,0.53998,1.76952,1.72585,1.39594,1.20761,8.2527,9.3115,0.48748,2.68152
2025-12-28 00:00:00,3.50169,0.0514,0.38805,0.75458,0.11879,0.04904,0.11683,0.25595,1.79022,0.25733,0.56875,1.79958,0.08039,1.26429,1.73775,0.00024,0.0054,0.00542,0,0.06064,0.0604,1.2473,1.0811,0.45712,0.64844,1.81799,4.70647,7.29112,0.05897,0.13518,0.59248,2.98975,0.51816,1.72549,0,9.37874,0.29731,1.26429,7.29112,0.51816,1.72549,1.73775,1.43408,1.2473,8.27959,9.37874,0.48242,2.67452
2025-12-28 01:00:00,3.41156,0.04812,0.37638,0.72006,0.10155,0.04774,0.10234,0.24306,1.69055,0.25596,0.56412,1.77047,0.07513,1.24961,1.74647,0.00024,0.00539,0.00547,0,0.05734,0.0569,1.28676,1.06931,0.45138,0.63643,1.71325,4.65669,7.17637,0.05859,0.13441,0.58886,2.93868,0.49898,1.67858,0,9.43606,0.28542,1.24961,7.17637,0.49898,1.67858,1.74647,1.47167,1.28676,8.29869,9.43606,0.4788,2.6686
2025-12-28 02:00:00,3.32144,0.04516,0.36556,0.69217,0.08707,0.04636,0.09394,0.23024,1.60325,0.25465,0.56023,1.74153,0.07029,1.23242,1.75208,0.00024,0.00539,0.00552,0,0.05403,0.05258,1.32585,1.05776,0.44563,0.62442,1.60795,4.60691,7.06377,0.05821,0.1336,0.58677,2.88916,0.48067,1.62956,0,9.48336,0.27353,1.23242,7.06377,0.48067,1.62956,1.75208,1.50838,1.32585,8.31065,9.48336,0.47671,2.66352
2025-12-28 03:00:00,3.23131,0.0426,0.35551,0.67151,0.07481,0.04383,0.08699,0.21804,1.52868,0.25337,0.55585,1.71296,0.06585,1.21298,1.75465,0.00024,0.00538,0.00556,0,0.05073,0.04851,1.36451,1.04648,0.43989,0.61241,1.50066,4.55713,6.95277,0.05784,0.13284,0.58405,2.83902,0.46265,1.57975,0,9.52065,0.26164,1.21298,6.95277,0.46265,1.57975,1.75465,1.53946,1.36451,8.31611,9.52065,0.47399,2.65912
2025-12-28 04:00:00,3.14118,0.04047,0.34628,0.64496,0.06454,0.03872,0.08083,0.20719,1.46226,0.2521,0.55184,1.68453,0.06178,1.19151,1.75433,0.00024,0.00537,0.00561,0,0.04742,0.04498,1.40266,1.03572,0.43415,0.60041,1.39319,4.50735,6.84258,0.05746,0.13202,0.57964,2.78716,0.44473,1.52963,0,9.54814,0.24974,1.19151,6.84258,0.44473,1.52963,1.75433,1.56988,1.40266,8.31564,9.54814,0.46958,2.65527
2025-12-28 05:00:00,3.05106,0.03868,0.33789,0.60672,0.05603,0.03532,0.07522,0.19776,1.3996,0.25084,0.54792,1.65625,0.05803,1.16814,1.7512,0.00024,0.00537,0.00566,0,0.04412,0.04189,1.43963,1.02553,0.4284,0.5884,1.2884,4.45757,6.72746,0.05708,0.13126,0.57461,2.7347,0.42925,1.47954,0,9.56612,0.23785,1.16814,6.72746,0.42925,1.47954,1.7512,1.60012,1.43963,8.30978,9.56612,0.46455,2.65188
2025-12-28 06:00:00,2.96093,0.03717,0.33024,0.57606,0.04911,0.03404,0.0695,0.18906,1.33867,0.24958,0.54408,1.62808,0.05458,1.14291,1.74541,0.00024,0.00536,0.00566,0,0.04081,0.03895,1.47486,1.01575,0.42266,0.57639,1.18586,4.40779,6.61432,0.0567,0.13048,0.57065,2.68329,0.41698,1.4296,0,9.57492,0.22596,1.14291,6.61432,0.41698,1.4296,1.74541,1.62843,1.47486,8.29901,9.57492,0.46059,2.64886
2025-12-28 07:00:00,2.90277,0.03583,0.3232,0.55187,0.04358,0.03336,0.06376,0.18046,1.27959,0.24835,0.54031,1.61157,0.05141,1.11583,1.7371,0.00024,0.00535,0.00566,0,0.03828,0.03574,1.50865,1.00624,0.41851,0.56711,1.08518,4.32265,6.50333,0.05634,0.12969,0.56771,2.65458,0.40579,1.37991,0,9.57496,0.21848,1.11583,6.50333,0.40579,1.37991,1.7371,1.6541,1.50865,8.28373,9.57496,0.45766,2.64616
2025-12-28 08:00:00,2.84461,0.03463,0.31655,0.53195,0.03907,0.03259,0.05877,0.17175,1.22302,0.24714,0.53637,1.59524,0.04849,1.08693,1.72634,0.00024,0.00534,0.00565,0,0.03575,0.0324,1.54113,0.99693,0.41437,0.55782,0.99156,4.23751,6.39443,0.05598,0.12894,0.56597,2.62706,0.39496,1.33051,0,9.56663,0.211,1.08693,6.39443,0.39496,1.33051,1.72634,1.67686,1.54113,8.2641,9.56663,0.45592,2.64373
2025-12-28 09:00:00,2.78645,0.03361,0.31023,0.51658,0.03536,0.0311,0.05457,0.16324,1.16832,0.24594,0.53246,1.57903,0.04582,1.05638,1.71327,0.00024,0.00533,0.00565,0,0.03323,0.02944,1.57208,0.98779,0.41022,0.54854,0.92418,4.15237,6.28807,0.05562,0.12819,0.56363,2.59894,0.38425,1.28153,0,9.55041,0.20352,1.05638,6.28807,0.38425,1.28153,1.71327,1.69654,1.57208,8.24024,9.55041,0.45357,2.64153
2025-12-28 10:00:00,2.72829,0.03277,0.30435,0.49644,0.0323,0.02799,0.051,0.15561,1.1141,0.24476,0.52845,1.56288,0.04335,1.02476,1.69796,0.00024,0.00532,0.00564,0,0.0307,0.02698,1.6012,0.97897,0.40607,0.53926,0.86248,4.06723,6.18728,0.05525,0.12744,0.55969,2.56922,0.37357,1.23338,0,9.5267,0.19603,1.02476,6.18728,0.37357,1.23338,1.69796,1.71305,1.6012,8.21255,9.5267,0.44964,2.63953
2025-12-28 11:00:00,2.67013,0.03206,0.29903,0.46693,0.02981,0.02592,0.04791,0.14908,1.05932,0.24357,0.52455,1.54671,0.04108,0.99247,1.68059,0.00024,0.00531,0.00564,0,0.02817,0.02489,1.62817,0.97046,0.40193,0.52997,0.80667,3.98209,6.09478,0.05489,0.1267,0.55516,2.53891,0.36404,1.18634,0,9.49591,0.18855,0.99247,6.09478,0.36404,1.18634,1.68059,1.72635,1.62817,8.18134,9.49591,0.44511,2.6377
2025-12-28 12:00:00,2.61197,0.03145,0.29427,0.44332,0.02781,0.02514,0.04492,0.1432,1.00285,0.24239,0.52071,1.53048,0.03899,0.95954,1.66132,0.00024,0.0053,0.00563,0,0.02564,0.023,1.65273,0.96217,0.39778,0.52069,0.75598,3.89695,6.01713,0.05453,0.12594,0.55158,2.50955,0.35601,1.14043,0,9.45851,0.18107,0.95954,6.01713,0.35601,1.14043,1.66132,1.73644,1.65273,8.14697,9.45851,0.44153,2.34921
2025-12-28 13:00:00,2.57436,0.03089,0.28996,0.42485,0.02624,0.02472,0.04206,0.13742,0.94543,0.24123,0.51693,1.51564,0.03706,0.92613,1.64033,0.00024,0.00529,0.00563,0,0.02425,0.02105,1.67468,0.95405,0.39429,0.51426,0.70987,3.77456,5.94429,0.05419,0.12521,0.54893,2.49078,0.34848,1.09594,0,9.41494,0.1763,0.92613,5.94429,0.34848,1.09594,1.64033,1.74341,1.67468,8.10985,9.41494,0.43887,1.538
2025-12-28 14:00:00,2.53674,0.03038,0.2859,0.41,0.02495,0.02425,0.03961,0.13151,0.88908,0.24011,0.51319,1.50079,0.03529,0.89238,1.6178,0.00024,0.00528,0.00562,0,0.02286,0.0191,1.69385,0.94603,0.39081,0.50783,0.66789,3.65217,5.8762,0.05384,0.12449,0.54734,2.47308,0.34111,1.052,0,9.36566,0.17152,0.89238,5.8762,0.34111,1.052,1.6178,1.74736,1.69385,8.07053,9.36566,0.43728,1.44251
2025-12-28 15:00:00,2.49912,0.02993,0.28202,0.39895,0.02389,0.02334,0.03756,0.12563,0.83347,0.239,0.50957,1.48601,0.03365,0.85856,1.59391,0.00024,0.00527,0.00561,0,0.02148,0.01739,1.71014,0.93813,0.38732,0.5014,0.62953,3.52978,5.81279,0.0535,0.12376,0.54518,2.45482,0.3338,1.00972,0,9.31122,0.16674,0.85856,5.81279,0.3338,1.00972,1.59391,1.7484,1.71014,8.03341,9.31122,0.43512,1.41068
2025-12-28 16:00:00,2.46151,0.02956,0.27842,0.38468,0.02301,0.02144,0.03584,0.12027,0.7778,0.23791,0.50617,1.4713,0.03214,0.82513,1.56884,0.00023,0.00526,0.00561,0,0.02009,0.01598,1.72349,0.93042,0.38383,0.49497,0.59432,3.40738,5.7539,0.05315,0.12302,0.54155,2.43508,0.32651,0.96916,0,9.25255,0.16197,0.82513,5.7539,0.32651,0.96916,1.56884,1.7466,1.72349,7.99899,9.25255,0.4315,1.39476
2025-12-28 17:00:00,2.42389,0.02923,0.27521,0.36401,0.02229,0.02017,0.03437,0.11559,0.72253,0.23682,0.50229,1.45662,0.03075,0.79243,1.5428,0.00024,0.00525,0.0056,0,0.0187,0.0148,1.73389,0.92294,0.38035,0.48854,0.56184,3.28499,5.69934,0.05281,0.12232,0.53735,2.41477,0.32025,0.93028,0,9.19093,0.15719,0.79243,5.69934,0.32025,0.93028,1.5428,1.74202,1.73389,7.96366,9.19093,0.4273,1.38522
2025-12-28 18:00:00,2.38628,0.02894,0.27238,0.34743,0.0217,0.01969,0.03296,0.11126,0.66855,0.23573,0.49897,1.44203,0.02946,0.76058,1.51601,0.00024,0.00524,0.00559,0,0.01731,0.01375,1.74137,0.91562,0.37686,0.48211,0.53171,3.1626,5.64881,0.05246,0.12161,0.53405,2.39536,0.31536,0.89301,0,9.12709,0.15242,0.76058,5.64881,0.31536,0.89301,1.51601,1.73474,1.74137,7.92765,9.12709,0.424,1.37885
2025-12-28 19:00:00,2.36185,0.02865,0.26983,0.33426,0.02119,0.01944,0.03163,0.10683,0.61686,0.23465,0.49573,1.47748,0.02828,0.72971,1.4887,0.00024,0.00523,0.00558,0,0.01671,0.01268,1.74595,0.90841,0.37387,0.47654,0.50365,3.13296,5.6021,0.05213,0.12089,0.53163,2.38084,0.31092,0.85744,0,9.06128,0.14937,0.72971,5.6021,0.31092,0.85744,1.4887,1.72492,1.74595,7.89114,9.06128,0.42158,1.3743
2025-12-28 20:00:00,2.33743,0.02837,0.26737,0.32311,0.02077,0.01915,0.03049,0.10207,0.56678,0.23359,0.49203,1.44588,0.02718,0.69983,1.46108,0.00024,0.00522,0.00557,0,0.0161,0.01162,1.74767,0.90128,0.37088,0.47096,0.47704,3.10332,5.55883,0.0518,0.12019,0.53024,2.36735,0.30664,0.82369,0,8.9938,0.14632,0.69983,5.55883,0.30664,0.82369,1.46108,1.71277,1.74767,7.85432,8.9938,0.42018,1.37089
2025-12-28 21:00:00,2.31301,0.02811,0.26493,0.31404,0.02039,0.01859,0.02955,0.09789,0.51797,0.23254,0.48893,1.42996,0.02617,0.67257,1.43337,0.00024,0.00522,0.00556,0,0.0155,0.0107,1.74659,0.89426,0.36789,0.46539,0.45102,3.07368,5.51872,0.05148,0.11952,0.52838,2.35341,0.30241,0.79161,0,8.92493,0.14327,0.67257,5.51872,0.30241,0.79161,1.43337,1.69853,1.74659,7.81733,8.92493,0.41833,1.36824
2025-12-28 22:00:00,2.28858,0.02789,0.26262,0.30195,0.02006,0.01742,0.02876,0.09419,0.47272,0.2315,0.48587,1.42005,0.02524,0.64645,1.40585,0.00024,0.00521,0.00555,0,0.01489,0.00994,1.7428,0.88758,0.3649,0.45981,0.42473,3.04404,5.48134,0.05115,0.11881,0.52541,2.33834,0.2982,0.76112,0,8.85496,0.14022,0.64645,5.48134,0.2982,0.76112,1.40585,1.68239,1.7428,7.7803,8.85496,0.41536,1.36612
2025-12-28 23:00:00,2.26415,0.02769,0.26051,0.28399,0.01978,0.01664,0.02808,0.09082,0.4332,0.23046,0.48349,1.41212,0.02438,0.62136,1.37869,0.00024,0.0052,0.00554,0,0.01429,0.0093,1.73642,0.88132,0.36191,0.45424,0.39841,3.0144,5.4462,0.05082,0.11814,0.522,2.32285,0.2945,0.73216,0,8.78419,0.13717,0.62136,5.4462,0.2945,0.73216,1.37869,1.66452,1.73642,7.74331,8.78419,0.41196,1.36438
2025-12-29 00:00:00,2.23973,0.0275,0.25861,0.26964,0.01953,0.01635,0.02743,0.0877,0.39983,0.22942,0.4816,1.40501,0.02359,0.59723,1.35202,0.00024,0.00519,0.00553,0,0.01368,0.00873,1.72761,0.87535,0.35892,0.44866,0.37315,2.98476,5.41286,0.05049,0.11746,0.51933,2.30808,0.29146,0.7046,0,8.71287,0.13412,0.59723,5.41286,0.29146,0.7046,1.35202,1.64511,1.72761,7.70645,8.71287,0.40929,1.36293
2025-12-29 01:00:00,2.22387,0.0273,0.25684,0.25851,0.01931,0.01619,0.0268,0.08463,0.3722,0.22839,0.47913,1.40302,0.02284,0.57402,1.32593,0.00024,0.00518,0.00552,0,0.01338,0.00816,1.71652,0.86958,0.35683,0.44399,0.34939,2.96839,5.3811,0.05018,0.1168,0.51732,2.29579,0.28864,0.67845,0,8.6413,0.13207,0.57402,5.3811,0.28864,0.67845,1.32593,1.62436,1.71652,7.66975,8.6413,0.40728,1.36171
2025-12-29 02:00:00,2.208,0.0271,0.25506,0.24978,0.0191,0.01601,0.02627,0.0815,0.35044,0.22738,0.4771,1.40649,0.02215,0.55169,1.30046,0.00024,0.00517,0.00551,0,0.01307,0.00758,1.70334,0.86395,0.35474,0.43932,0.32689,2.95201,5.35175,0.04986,0.11615,0.51607,2.28425,0.2859,0.6537,0,8.56969,0.13002,0.55169,5.35175,0.2859,0.6537,1.30046,1.6025,1.70334,7.63323,8.56969,0.40603,1.36066
2025-12-29 03:00:00,2.19214,0.02691,0.25321,0.24357,0.01891,0.01566,0.02582,0.0784,0.33374,0.22637,0.47453,1.41238,0.02151,0.53026,1.27564,0.00024,0.00517,0.0055,0,0.01277,0.00708,1.68822,0.85853,0.35265,0.43465,0.30551,2.93564,5.32647,0.04955,0.11547,0.51434,2.27224,0.28318,0.63024,0,8.49826,0.12797,0.53026,5.32647,0.28318,0.63024,1.27564,1.57976,1.68822,7.59689,8.49826,0.4043,1.35975
2025-12-29 04:00:00,2.17628,0.02675,0.25138,0.23565,0.01874,0.01493,0.02544,0.07553,0.32012,0.22536,0.47218,1.41902,0.02092,0.50982,1.25151,0.00024,0.00516,0.00548,0,0.01246,0.00667,1.67136,0.85375,0.35056,0.42999,0.28372,2.91927,5.30183,0.04923,0.11481,0.51134,2.25893,0.28046,0.60805,0,8.42719,0.12591,0.50982,5.30183,0.28046,0.60805,1.25151,1.55632,1.67136,7.56071,8.42719,0.4013,1.35896
2025-12-29 05:00:00,2.16041,0.0266,0.24967,0.22433,0.01858,0.01444,0.02511,0.073,0.30773,0.22436,0.46983,1.42587,0.02038,0.49036,1.22809,0.00024,0.00515,0.00548,0,0.01216,0.00633,1.65295,0.84978,0.34847,0.42532,0.2619,2.90289,5.27781,0.04892,0.11415,0.50781,2.24512,0.27806,0.58706,0,8.35662,0.12386,0.49036,5.27781,0.27806,0.58706,1.22809,1.53238,1.65295,7.52471,8.35662,0.39777,1.35825
2025-12-29 06:00:00,2.14455,0.02645,0.24809,0.21523,0.01843,0.01425,0.02479,0.07071,0.29539,0.22335,0.46746,1.43278,0.01987,0.47183,1.20541,0.00024,0.00514,0.00547,0,0.01185,0.00602,1.6332,0.84638,0.34638,0.42065,0.24217,2.88652,5.25425,0.0486,0.11351,0.50503,2.23206,0.27608,0.56721,0,8.28679,0.12181,0.47183,5.25425,0.27608,0.56721,1.20541,1.50594,1.6332,7.48896,8.28679,0.395,1.35763
2025-12-29 07:00:00,2.13363,0.02629,0.24659,0.20804,0.01829,0.01415,0.02447,0.06849,0.28316,0.22236,0.46507,1.4363,0.01939,0.45419,1.18349,0.00024,0.00513,0.00546,0,0.01171,0.0057,1.61231,0.84338,0.34473,0.41693,0.22439,2.86532,5.23127,0.0483,0.11286,0.50294,2.22125,0.27424,0.54845,0,8.21796,0.1204,0.45419,5.23127,0.27424,0.54845,1.18349,1.47818,1.61231,7.45348,8.21796,0.39291,1.35707
2025-12-29 08:00:00,2.12272,0.02612,0.24503,0.20217,0.01816,0.01404,0.0242,0.06625,0.27233,0.22138,0.46246,1.4363,0.01894,0.43737,1.16233,0.00024,0.00512,0.00546,0,0.01156,0.00539,1.5902,0.84064,0.34308,0.41321,0.20827,2.84411,5.20909,0.048,0.11226,0.50165,2.21125,0.27245,0.53072,0,8.1502,0.11898,0.43737,5.20909,0.27245,0.53072,1.16233,1.45286,1.5902,7.4182,8.1502,0.39162,1.35657
2025-12-29 09:00:00,2.1118,0.02596,0.24337,0.19769,0.01803,0.01382,0.02397,0.06402,0.26343,0.22041,0.45983,1.43498,0.01852,0.42138,1.14195,0.00024,0.00511,0.00545,0,0.01142,0.00512,1.56668,0.83795,0.34143,0.4095,0.19352,2.82291,5.18789,0.04769,0.11163,0.49989,2.20076,0.27067,0.51398,0,8.08351,0.11757,0.42138,5.18789,0.27067,0.51398,1.14195,1.4281,1.56668,7.38307,8.08351,0.38986,1.35611
2025-12-29 10:00:00,2.10088,0.02581,0.24171,0.19196,0.0179,0.01336,0.02377,0.06197,0.25564,0.21945,0.45707,1.43317,0.01813,0.40625,1.12233,0.00023,0.0051,0.00544,0,0.01127,0.0049,1.54223,0.83459,0.33978,0.40578,0.17998,2.80171,5.16772,0.04739,0.11098,0.49686,2.189,0.2689,0.49816,0,8.01789,0.11615,0.40625,5.16772,0.2689,0.49816,1.12233,1.40361,1.54223,7.35016,8.01789,0.38683,1.3557
2025-12-29 11:00:00,2.08997,0.02568,0.24014,0.18376,0.01779,0.01305,0.02358,0.06016,0.2481,0.21848,0.45438,1.43107,0.01777,0.39194,1.10349,0.00023,0.00509,0.00543,0,0.01113,0.00471,1.51752,0.83026,0.33813,0.40206,0.16767,2.7805,5.14869,0.04709,0.11036,0.49333,2.17676,0.26732,0.48322,0,7.95352,0.11474,0.39194,5.14869,0.26732,0.48322,1.10349,1.37939,1.51752,7.31739,7.95352,0.3833,1.35532
2025-12-29 12:00:00,2.07905,0.02554,0.23868,0.17718,0.01767,0.01294,0.02338,0.05852,0.24025,0.21752,0.45172,1.42881,0.01743,0.37842,1.08541,0.00023,0.00508,0.00542,0,0.01098,0.00455,1.49277,0.82526,0.33648,0.39834,0.15659,2.7593,5.13076,0.04679,0.10971,0.49056,2.16527,0.26601,0.46911,0,7.88835,0.11332,0.37842,5.13076,0.26601,0.46911,1.08541,1.35549,1.49277,7.28449,7.88835,0.38053,1.30049
2025-12-29 13:00:00,2.07092,0.02539,0.23728,0.17201,0.01757,0.01287,0.02316,0.05693,0.2323,0.21656,0.44908,1.42513,0.0171,0.36563,1.06808,0.00023,0.00507,0.00541,0,0.01089,0.00438,1.46809,0.8198,0.33461,0.39531,0.1466,2.7256,5.11398,0.0465,0.10913,0.48848,2.15588,0.26478,0.45577,0,7.82253,0.11231,0.36563,5.11398,0.26478,0.45577,1.06808,1.33196,1.46809,7.25145,7.82253,0.37846,1.12577
2025-12-29 14:00:00,2.06279,0.02523,0.23582,0.1678,0.01747,0.0128,0.02297,0.05532,0.22517,0.21562,0.44641,1.41995,0.0168,0.35353,1.05151,0.00023,0.00506,0.00541,0,0.0108,0.00421,1.44353,0.814,0.33273,0.39229,0.13754,2.69191,5.09833,0.04621,0.10851,0.48724,2.14733,0.26358,0.44318,0,7.75898,0.1113,0.35353,5.09833,0.26358,0.44318,1.05151,1.30885,1.44353,7.21831,7.75898,0.37723,1.06666
2025-12-29 15:00:00,2.05466,0.02508,0.23426,0.16465,0.01737,0.01266,0.0228,0.05372,0.21922,0.21468,0.44381,1.41428,0.01651,0.34266,1.03567,0.00023,0.00506,0.0054,0,0.01071,0.00406,1.41917,0.808,0.33086,0.38926,0.12924,2.65821,5.08382,0.04593,0.10793,0.48557,2.13836,0.26239,0.43129,0,7.69738,0.11029,0.34266,5.08382,0.26239,0.43129,1.03567,1.28624,1.41917,7.1851,7.69738,0.37556,1.04696
2025-12-29 16:00:00,2.04653,0.02495,0.23268,0.16055,0.01727,0.01237,0.02266,0.05224,0.21387,0.21375,0.44137,1.40843,0.01626,0.33304,1.0206,0.00023,0.00505,0.00539,0,0.01061,0.00394,1.39505,0.80195,0.32899,0.38623,0.12161,2.62451,5.07035,0.04564,0.10731,0.48281,2.12826,0.2612,0.42004,0,7.63744,0.10928,0.33304,5.07035,0.2612,0.42004,1.0206,1.26417,1.39505,7.15188,7.63744,0.37279,1.03711
2025-12-29 17:00:00,2.0384,0.02482,0.23119,0.15457,0.01718,0.01217,0.02254,0.05094,0.20853,0.21281,0.43848,1.40253,0.01601,0.32391,1.00635,0.00023,0.00504,0.00538,0,0.01052,0.00384,1.37124,0.79596,0.32711,0.38321,0.11467,2.59082,5.05793,0.04535,0.10672,0.47961,2.11774,0.26014,0.40944,0,7.579,0.10827,0.32391,5.05793,0.26014,0.40944,1.00635,1.24267,1.37124,7.11869,7.579,0.36959,1.0312
2025-12-29 18:00:00,2.03027,0.0247,0.2298,0.14979,0.01709,0.0121,0.02241,0.04976,0.20281,0.21188,0.43609,1.39661,0.01577,0.31525,0.99287,0.00023,0.00503,0.00537,0,0.01043,0.00374,1.34781,0.78999,0.32524,0.38018,0.10841,2.55712,5.04645,0.04506,0.10614,0.47707,2.10789,0.25924,0.39942,0,7.52191,0.10726,0.31525,5.04645,0.25924,0.39942,0.99287,1.22175,1.34781,7.08558,7.52191,0.36706,1.02726
2025-12-29 19:00:00,2.02385,0.02455,0.22846,0.14602,0.01701,0.01206,0.02229,0.04861,0.19691,0.21095,0.43371,1.39338,0.01554,0.30702,0.98015,0.00023,0.00502,0.00536,0,0.01036,0.00364,1.3248,0.78404,0.32342,0.37769,0.10275,2.5385,5.03589,0.04479,0.10554,0.47521,2.0995,0.2584,0.38995,0,7.46607,0.10651,0.30702,5.03589,0.2584,0.38995,0.98015,1.20144,1.3248,7.05261,7.46607,0.3652,1.02445
2025-12-29 20:00:00,2.01742,0.0244,0.22708,0.14295,0.01691,0.01201,0.02218,0.04744,0.1916,0.21004,0.43093,1.39292,0.01533,0.29922,0.9681,0.00023,0.00501,0.00535,0,0.0103,0.00354,1.30226,0.77811,0.32159,0.37521,0.0976,2.51987,5.02619,0.04451,0.10497,0.47412,2.09187,0.25758,0.38101,0,7.41142,0.10576,0.29922,5.02619,0.25758,0.38101,0.9681,1.18178,1.30226,7.0198,7.41142,0.36411,1.02234
2025-12-29 21:00:00,2.011,0.02425,0.2256,0.14061,0.01682,0.01192,0.02209,0.04628,0.18718,0.20914,0.42861,1.3935,0.01514,0.29182,0.95671,0.00023,0.00501,0.00534,0,0.01023,0.00344,1.28023,0.7723,0.31977,0.37272,0.09288,2.50125,5.01731,0.04424,0.10438,0.47265,2.08387,0.25676,0.37255,0,7.3579,0.10501,0.29182,5.01731,0.25676,0.37255,0.95671,1.16282,1.28023,6.98722,7.3579,0.36264,1.02069
2025-12-29 22:00:00,2.00457,0.02412,0.2241,0.13755,0.01674,0.01173,0.022,0.0452,0.18321,0.20823,0.42634,1.39466,0.01495,0.28483,0.94592,0.00023,0.005,0.00532,0,0.01016,0.00336,1.25875,0.76722,0.31794,0.37023,0.08851,2.48263,5.00918,0.04397,0.10381,0.47023,2.07492,0.25595,0.36458,0,7.30546,0.10425,0.28483,5.00918,0.25595,0.36458,0.94592,1.1446,1.25875,6.9549,7.30546,0.36023,1.01938
2025-12-29 23:00:00,1.99815,0.024,0.22268,0.13309,0.01665,0.0116,0.02193,0.04425,0.17921,0.20733,0.42407,1.39586,0.01476,0.27823,0.93568,0.00023,0.00499,0.00531,0,0.0101,0.00329,1.23785,0.76318,0.31612,0.36775,0.08453,2.464,5.00176,0.04369,0.10325,0.46745,2.0656,0.25522,0.35704,0,7.25412,0.1035,0.27823,5.00176,0.25522,0.35704,0.93568,1.12712,1.23785,6.92287,7.25412,0.35745,1.01831
2025-12-30 00:00:00,1.99172,0.02387,0.22136,0.12952,0.01657,0.01155,0.02185,0.04338,0.17487,0.20643,0.42229,1.3971,0.01458,0.272,0.92597,0.00023,0.00498,0.0053,0,0.01003,0.00322,1.21758,0.75986,0.31429,0.36526,0.08092,2.44538,4.99497,0.04342,0.10265,0.46526,2.05689,0.25459,0.34994,0,7.20384,0.10275,0.272,4.99497,0.25459,0.34994,0.92597,1.11037,1.21758,6.89117,7.20384,0.35527,1.01741
2025-12-30 01:00:00,1.98634,0.02373,0.2201,0.12671,0.01649,0.01152,0.02176,0.04254,0.17038,0.20568,0.42009,1.41409,0.01441,0.26611,0.91675,0.00023,0.00497,0.00529,0,0.00997,0.00314,1.19796,0.75705,0.31303,0.36353,0.07764,2.43954,4.98879,0.04316,0.1021,0.4636,2.04904,0.254,0.34322,0,7.15462,0.10217,0.26611,4.98879,0.254,0.34322,0.91675,1.09431,1.19796,6.85983,7.15462,0.35361,1.01665
2025-12-30 02:00:00,1.98097,0.02359,0.21879,0.12442,0.01641,0.01149,0.02168,0.04168,0.16634,0.20514,0.41838,1.42733,0.01426,0.26056,0.90798,0.00023,0.00496,0.00529,0,0.00992,0.00305,1.17903,0.75458,0.31176,0.36181,0.07463,2.43369,4.98316,0.0429,0.10157,0.46256,2.04181,0.25342,0.33687,0,7.10644,0.10158,0.26056,4.98316,0.25342,0.33687,0.90798,1.07894,1.17903,6.82889,7.10644,0.35257,1.016
2025-12-30 03:00:00,1.97559,0.02345,0.21739,0.12267,0.01633,0.01143,0.02163,0.04082,0.16301,0.2047,0.41627,1.44078,0.01411,0.25532,0.89965,0.00023,0.00495,0.00528,0,0.00986,0.00297,1.1608,0.75264,0.3105,0.36008,0.07187,2.42785,4.97804,0.04264,0.10102,0.46111,2.03418,0.25285,0.33088,0,7.0593,0.101,0.25532,4.97804,0.25285,0.33088,0.89965,1.06423,1.1608,6.79837,7.0593,0.35112,1.01544
2025-12-30 04:00:00,1.97021,0.02332,0.21598,0.1204,0.01625,0.0113,0.02156,0.04002,0.16004,0.20433,0.41445,1.45429,0.01396,0.25041,0.89172,0.00022,0.00495,0.00527,0,0.0098,0.0029,1.14327,0.75285,0.30924,0.35835,0.06929,2.42201,4.9734,0.04237,0.10046,0.45856,2.02543,0.25227,0.32522,0,7.01322,0.10041,0.25041,4.9734,0.25227,0.32522,0.89172,1.05016,1.14327,6.7683,7.01322,0.34858,1.01495
2025-12-30 05:00:00,1.96484,0.0232,0.21464,0.11708,0.01618,0.01121,0.0215,0.03932,0.15703,0.20398,0.41272,1.46786,0.01381,0.24577,0.88417,0.00022,0.00494,0.00526,0,0.00975,0.00285,1.12642,0.75605,0.30797,0.35663,0.06692,2.41616,4.9692,0.04211,0.09991,0.45557,2.01625,0.25175,0.31988,0,6.96819,0.09983,0.24577,4.9692,0.25175,0.31988,0.88417,1.03671,1.12642,6.7387,6.96819,0.34559,1.01451
2025-12-30 06:00:00,1.95946,0.02308,0.21339,0.11442,0.0161,0.01118,0.02143,0.03868,0.15374,0.20364,0.41116,1.48146,0.01367,0.24142,0.877,0.00022,0.00493,0.00525,0,0.00969,0.00281,1.11026,0.76132,0.30671,0.3549,0.06476,2.41032,4.96536,0.04185,0.09935,0.45322,2.00771,0.2513,0.31484,0,6.92421,0.09924,0.24142,4.96536,0.2513,0.31484,0.877,1.02428,1.11026,6.70959,6.92421,0.34324,1.01413
2025-12-30 07:00:00,1.95476,0.02295,0.21219,0.11233,0.01603,0.01116,0.02135,0.03806,0.1503,0.20346,0.40977,1.47969,0.01355,0.23733,0.87015,0.00022,0.00492,0.00524,0,0.00964,0.00277,1.09477,0.76802,0.30591,0.35389,0.06279,2.40538,4.96191,0.0416,0.09883,0.45145,1.99997,0.25086,0.31007,0,6.88127,0.09876,0.23733,4.96191,0.25086,0.31007,0.87015,1.01296,1.09477,6.681,6.88127,0.34147,1.01378
2025-12-30 08:00:00,1.95005,0.02281,0.21095,0.11062,0.01596,0.01114,0.02128,0.03743,0.14721,0.20352,0.40833,1.47806,0.01342,0.23348,0.86363,0.00022,0.00491,0.00524,0,0.00959,0.00274,1.07999,0.77571,0.30511,0.35288,0.06096,2.40043,4.95877,0.04135,0.0983,0.45035,1.99292,0.25043,0.30557,0,6.83937,0.09828,0.23348,4.95877,0.25043,0.30557,0.86363,1.00222,1.07999,6.65292,6.83937,0.34038,1.01347
2025-12-30 09:00:00,1.94535,0.02268,0.20962,0.1093,0.01587,0.01109,0.02122,0.0368,0.14468,0.20369,0.40699,1.47657,0.01329,0.22987,0.85741,0.00022,0.0049,0.00523,0,0.00954,0.00272,1.06603,0.7836,0.30431,0.35187,0.05927,2.39549,4.95595,0.0411,0.09777,0.44887,1.98548,0.25001,0.30131,0,6.79851,0.09781,0.22987,4.95595,0.25001,0.30131,0.85741,0.99188,1.06603,6.6254,6.79851,0.3389,1.01319
2025-12-30 10:00:00,1.94065,0.02256,0.20827,0.10758,0.0158,0.011,0.02116,0.03621,0.14242,0.20393,0.40568,1.47523,0.01316,0.22648,0.85147,0.00022,0.00489,0.00522,0,0.00949,0.00271,1.05289,0.78923,0.30351,0.35086,0.05769,2.39054,4.9534,0.04084,0.09724,0.44633,1.97695,0.24959,0.2973,0,6.75869,0.09733,0.22648,4.9534,0.24959,0.2973,0.85147,0.98191,1.05289,6.59842,6.75869,0.33636,1.01293
2025-12-30 11:00:00,1.93594,0.02245,0.20698,0.10506,0.01572,0.01094,0.0211,0.03569,0.14012,0.20419,0.40457,1.47399,0.01304,0.22331,0.8458,0.00022,0.00488,0.00521,0,0.00944,0.00269,1.0405,0.79138,0.30271,0.34985,0.05622,2.3856,4.9511,0.04059,0.09673,0.44337,1.96803,0.2492,0.29351,0,6.7199,0.09685,0.22331,4.9511,0.2492,0.29351,0.8458,0.97229,1.0405,6.57202,6.7199,0.3334,1.0127
2025-12-30 12:00:00,1.93124,0.02234,0.20579,0.10304,0.01565,0.01092,0.02103,0.03522,0.13759,0.20447,0.40371,1.47277,0.01294,0.22035,0.84038,0.00022,0.00487,0.0052,0,0.00939,0.00268,1.02874,0.79112,0.30191,0.34884,0.05487,2.38065,4.94903,0.04034,0.09618,0.44104,1.95973,0.24886,0.28992,0,6.68214,0.09637,0.22035,4.94903,0.24886,0.28992,0.84038,0.96302,1.02874,6.54617,6.68214,0.33107,0.98077
2025-12-30 13:00:00,1.93172,0.02221,0.20464,0.10146,0.01559,0.01091,0.02095,0.03475,0.13493,0.20469,0.40292,1.46924,0.01283,0.21757,0.8352,0.00022,0.00486,0.00519,0,0.00934,0.00265,1.01754,0.7892,0.30158,0.34798,0.05362,2.36429,4.94719,0.0401,0.09567,0.43931,1.95223,0.24853,0.28655,0,6.64538,0.09596,0.21757,4.94719,0.24853,0.28655,0.8352,0.95408,1.01754,6.52093,6.64538,0.32934,0.89418
2025-12-30 14:00:00,1.9322,0.02207,0.20346,0.10017,0.01551,0.01089,0.02087,0.03428,0.13253,0.20484,0.40217,1.46582,0.01271,0.21497,0.83024,0.00022,0.00486,0.00518,0,0.00929,0.00262,1.00591,0.78613,0.30125,0.34713,0.05246,2.34793,4.94551,0.03986,0.09517,0.43827,1.94542,0.2482,0.28336,0,6.60964,0.09555,0.21497,4.94551,0.2482,0.28336,0.83024,0.94548,1.00591,6.49628,6.60964,0.3283,0.87129
2025-12-30 15:00:00,1.93268,0.02194,0.20219,0.09917,0.01543,0.01086,0.02081,0.03381,0.13058,0.20494,0.40148,1.4626,0.01256,0.21254,0.82549,0.00022,0.00485,0.00518,0,0.00925,0.0026,0.99428,0.7823,0.30092,0.34627,0.05137,2.33158,4.94403,0.03962,0.09467,0.43686,1.93824,0.24788,0.28034,0,6.5749,0.09514,0.21254,4.94403,0.24788,0.28034,0.82549,0.9372,0.99428,6.47222,6.5749,0.32689,0.86367
2025-12-30 16:00:00,1.93315,0.02182,0.2009,0.09788,0.01535,0.01079,0.02074,0.03337,0.12884,0.20502,0.40094,1.45954,0.01239,0.21027,0.82095,0.00022,0.00484,0.00516,0,0.0092,0.00257,0.98358,0.77814,0.30059,0.34541,0.05035,2.31522,4.9427,0.03938,0.09415,0.4345,1.93011,0.24755,0.27748,0,6.54115,0.09473,0.21027,4.9427,0.24755,0.27748,0.82095,0.92922,0.98358,6.44877,6.54115,0.32454,0.85985
2025-12-30 17:00:00,1.93363,0.02171,0.19968,0.09599,0.01528,0.01074,0.02068,0.03298,0.12705,0.20509,0.39996,1.45657,0.01225,0.20816,0.81658,0.00022,0.00484,0.00515,0,0.00915,0.00255,0.97365,0.77393,0.30026,0.34456,0.04939,2.29886,4.94152,0.03914,0.09366,0.43179,1.92163,0.24725,0.27479,0,6.50839,0.09432,0.20816,4.94152,0.24725,0.27479,0.81658,0.92154,0.97365,6.4259,6.50839,0.32182,0.85757
2025-12-30 18:00:00,1.93411,0.0216,0.19853,0.09448,0.01522,0.01072,0.02061,0.03262,0.12506,0.20515,0.39936,1.45365,0.01213,0.20619,0.81239,0.00022,0.00483,0.00514,0,0.0091,0.00254,0.96432,0.76967,0.29993,0.3437,0.0485,2.2825,4.94048,0.0389,0.09315,0.42964,1.91371,0.24698,0.27226,0,6.47658,0.09391,0.20619,4.94048,0.24698,0.27226,0.81239,0.91416,0.96432,6.40358,6.47658,0.31968,0.85604
2025-12-30 19:00:00,1.93901,0.02148,0.19744,0.09328,0.01514,0.01071,0.02054,0.03227,0.12297,0.20515,0.39874,1.45557,0.01202,0.20436,0.80838,0.00022,0.00482,0.00513,0,0.00905,0.00251,0.95548,0.76538,0.30007,0.34286,0.04766,2.27562,4.93955,0.03867,0.09271,0.42805,1.90659,0.24671,0.26985,0,6.44571,0.09355,0.20436,4.93955,0.24671,0.26985,0.80838,0.90706,0.95548,6.38181,6.44571,0.31809,0.85495
2025-12-30 20:00:00,1.94391,0.02135,0.19632,0.0923,0.01507,0.0107,0.02048,0.03191,0.12108,0.20505,0.39767,1.45739,0.01192,0.20265,0.80451,0.00022,0.00481,0.00512,0,0.00901,0.00249,0.94709,0.76107,0.30021,0.34201,0.04688,2.26874,4.93873,0.03844,0.09229,0.42709,1.9001,0.24645,0.26758,0,6.41577,0.09318,0.20265,4.93873,0.24645,0.26758,0.80451,0.90023,0.94709,6.36059,6.41577,0.31713,0.85413
2025-12-30 21:00:00,1.94882,0.02123,0.19511,0.09153,0.015,0.01067,0.02043,0.03156,0.11955,0.20489,0.39703,1.45917,0.01183,0.20106,0.80081,0.00022,0.00481,0.00511,0,0.00896,0.00247,0.93907,0.75696,0.30036,0.34117,0.04613,2.26186,4.93802,0.03822,0.0919,0.4258,1.8933,0.24619,0.26544,0,6.38674,0.09282,0.20106,4.93802,0.24619,0.26544,0.80081,0.89367,0.93907,6.33994,6.38674,0.31584,0.8535
2025-12-30 22:00:00,1.95372,0.02111,0.19389,0.09052,0.01492,0.01062,0.02037,0.03122,0.11818,0.20472,0.39638,1.46108,0.01175,0.19958,0.79723,0.00021,0.0048,0.0051,0,0.00891,0.00246,0.93141,0.75433,0.3005,0.34032,0.04544,2.25497,4.93739,0.03799,0.09149,0.42362,1.88559,0.24593,0.2634,0,6.35858,0.09246,0.19958,4.93739,0.24593,0.2634,0.79723,0.88734,0.93141,6.31983,6.35858,0.31366,0.85299
2025-12-30 23:00:00,1.95862,0.02101,0.19272,0.08904,0.01485,0.01058,0.02032,0.03093,0.11677,0.20453,0.39567,1.46284,0.01167,0.1982,0.79379,0.00021,0.00479,0.00509,0,0.00887,0.00244,0.92407,0.75385,0.30064,0.33948,0.04477,2.24809,4.93685,0.03776,0.09106,0.4211,1.87754,0.24568,0.26149,0,6.33129,0.09209,0.1982,4.93685,0.24568,0.26149,0.79379,0.88128,0.92407,6.30029,6.33129,0.31114,0.85257
2025-12-31 00:00:00,1.96352,0.0209,0.19163,0.08785,0.01477,0.01057,0.02025,0.03065,0.1152,0.20433,0.39537,1.46455,0.01159,0.19692,0.79048,0.00021,0.00478,0.00508,0,0.00882,0.00243,0.91702,0.75484,0.30078,0.33863,0.04414,2.24121,4.9364,0.03753,0.09066,0.41912,1.87003,0.24546,0.25968,0,6.30484,0.09173,0.19692,4.9364,0.24546,0.25968,0.79048,0.87545,0.91702,6.28128,6.30484,0.30916,0.85223
2025-12-31 01:00:00,1.97892,0.02079,0.1906,0.08692,0.0147,0.01056,0.02018,0.03039,0.11353,0.20419,0.39462,1.46711,0.01151,0.19574,0.78727,0.00021,0.00477,0.00508,0,0.00879,0.00241,0.91026,0.75686,0.30133,0.33824,0.04355,2.24364,4.93599,0.03731,0.09152,0.41761,1.86443,0.24524,0.25797,0,6.27923,0.09137,0.19574,4.93599,0.24524,0.25797,0.78727,0.86984,0.91026,6.2628,6.27923,0.30766,0.85193
2025-12-31 02:00:00,1.99431,0.02066,0.18953,0.08616,0.01463,0.01054,0.02011,0.03011,0.11204,0.20413,0.39434,1.46966,0.01143,0.19463,0.78419,0.00021,0.00476,0.00507,0,0.00875,0.0024,0.90377,0.75959,0.30189,0.33785,0.04299,2.24607,4.93567,0.03709,0.09235,0.41667,1.85938,0.24502,0.25635,0,6.25443,0.09101,0.19463,4.93567,0.24502,0.25635,0.78419,0.86446,0.90377,6.24485,6.25443,0.30672,0.85168
2025-12-31 03:00:00,2.00971,0.02054,0.18839,0.08557,0.01455,0.01052,0.02005,0.02983,0.11081,0.20413,0.39367,1.47236,0.01134,0.19361,0.78121,0.00021,0.00475,0.00506,0,0.00872,0.00238,0.89754,0.76285,0.30244,0.33745,0.04245,2.24851,4.9354,0.03688,0.09321,0.41537,1.854,0.2448,0.25482,0,6.23042,0.09065,0.19361,4.9354,0.2448,0.25482,0.78121,0.85927,0.89754,6.22742,6.23042,0.30542,0.85146
2025-12-31 04:00:00,2.0251,0.02043,0.18723,0.08479,0.01448,0.01045,0.01999,0.02957,0.10973,0.20414,0.39327,1.47506,0.01127,0.19268,0.77832,0.00021,0.00475,0.00506,0,0.00869,0.00237,0.89155,0.76668,0.30299,0.33706,0.04194,2.25094,4.93518,0.03666,0.09408,0.41311,1.84765,0.24459,0.25337,0,6.20718,0.09029,0.19268,4.93518,0.24459,0.25337,0.77832,0.8543,0.89155,6.21048,6.20718,0.30317,0.85127
2025-12-31 05:00:00,2.0405,0.02032,0.18613,0.08366,0.01441,0.01041,0.01993,0.02934,0.10862,0.20417,0.39291,1.47777,0.01119,0.19181,0.77555,0.00021,0.00474,0.00505,0,0.00865,0.00235,0.8858,0.77108,0.30355,0.33667,0.04145,2.25337,4.93501,0.03644,0.09491,0.41045,1.84089,0.24438,0.252,0,6.18469,0.08993,0.19181,4.93501,0.24438,0.252,0.77555,0.84951,0.8858,6.19404,6.18469,0.30052,0.8511
2025-12-31 06:00:00,2.05589,0.02022,0.18509,0.08275,0.01434,0.01039,0.01987,0.02913,0.10736,0.2042,0.39265,1.48053,0.01111,0.19102,0.77285,0.00021,0.00473,0.00504,0,0.00862,0.00234,0.88027,0.77587,0.3041,0.33628,0.04098,2.2558,4.9349,0.03622,0.09578,0.40837,1.83471,0.24419,0.25069,0,6.16294,0.08957,0.19102,4.9349,0.24419,0.25069,0.77285,0.8449,0.88027,6.17807,6.16294,0.29844,0.85095
2025-12-31 07:00:00,2.06025,0.02011,0.18411,0.08204,0.01428,0.01038,0.0198,0.02892,0.10603,0.20425,0.39243,1.47549,0.01102,0.19029,0.77024,0.00021,0.00472,0.00503,0,0.00857,0.00232,0.87496,0.78094,0.30498,0.33624,0.04053,2.25452,4.9348,0.03601,0.09657,0.40681,1.82913,0.244,0.24947,0,6.1419,0.08926,0.19029,4.9348,0.244,0.24947,0.77024,0.84046,0.87496,6.16257,6.1419,0.29688,0.85082
2025-12-31 08:00:00,2.06462,0.02,0.1831,0.08145,0.0142,0.01037,0.01973,0.02871,0.10484,0.20433,0.39198,1.47057,0.01093,0.18963,0.76772,0.00021,0.00471,0.00503,0,0.00852,0.00231,0.86984,0.78619,0.30585,0.33621,0.0401,2.25325,4.93477,0.0358,0.09738,0.40587,1.82417,0.24381,0.2483,0,6.12155,0.08895,0.18963,4.93477,0.24381,0.2483,0.76772,0.83618,0.86984,6.14753,6.12155,0.29594,0.8507
2025-12-31 09:00:00,2.06898,0.01988,0.18202,0.081,0.01414,0.01036,0.01967,0.02849,0.10386,0.20443,0.3915,1.46573,0.01085,0.18903,0.76528,0.00022,0.00471,0.00502,0,0.00847,0.00229,0.86493,0.79116,0.30672,0.33617,0.03968,2.25197,4.93475,0.0356,0.09814,0.40459,1.81887,0.24362,0.2472,0,6.10188,0.08864,0.18903,4.93475,0.24362,0.2472,0.76528,0.83207,0.86493,6.13293,6.10188,0.29466,0.85059
2025-12-31 10:00:00,2.07334,0.01978,0.18091,0.08041,0.01407,0.01033,0.01961,0.02829,0.103,0.20454,0.39089,1.46095,0.01077,0.18848,0.76292,0.00022,0.0047,0.005,0,0.00843,0.00228,0.8602,0.79393,0.3076,0.33613,0.03928,2.25069,4.93477,0.03539,0.09895,0.40245,1.81269,0.24344,0.24615,0,6.08285,0.08832,0.18848,4.93477,0.24344,0.24615,0.76292,0.8281,0.8602,6.11877,6.08285,0.29251,0.85049
2025-12-31 11:00:00,2.07771,0.01969,0.17985,0.07954,0.01401,0.01031,0.01955,0.02811,0.10211,0.20466,0.39033,1.45612,0.01069,0.18798,0.76062,0.00022,0.00469,0.00499,0,0.00838,0.00226,0.85565,0.79357,0.30848,0.3361,0.0389,2.24942,4.93482,0.03518,0.09973,0.39996,1.80618,0.24326,0.24517,0,6.06445,0.08801,0.18798,4.93482,0.24326,0.24517,0.76062,0.82428,0.85565,6.10502,6.06445,0.29002,0.8504
2025-12-31 12:00:00,2.08207,0.0196,0.17886,0.07885,0.01395,0.0103,0.01949,0.02794,0.10109,0.20477,0.3898,1.45118,0.0106,0.18752,0.75839,0.00022,0.00468,0.00498,0,0.00833,0.00225,0.85127,0.79107,0.30935,0.33606,0.03853,2.24814,4.9349,0.03497,0.10052,0.39799,1.8002,0.24308,0.24423,0,6.04666,0.0877,0.18752,4.9349,0.24308,0.24423,0.75839,0.82059,0.85127,6.09168,6.04666,0.28806,0.82489
2025-12-31 13:00:00,2.08237,0.01949,0.17792,0.07831,0.01388,0.01029,0.01942,0.02778,0.10001,0.20481,0.38924,1.44906,0.01052,0.18711,0.75623,0.00022,0.00467,0.00497,0,0.00848,0.00224,0.84705,0.78707,0.30975,0.33575,0.03817,2.23711,4.935,0.03477,0.09972,0.39652,1.79326,0.24291,0.24334,0,6.02947,0.08741,0.18711,4.935,0.24291,0.24334,0.75623,0.81703,0.84705,6.07876,6.02947,0.28659,0.79751
2025-12-31 14:00:00,2.08267,0.01937,0.17696,0.07786,0.01382,0.01029,0.01936,0.02761,0.09905,0.20472,0.38861,1.44688,0.01045,0.18674,0.75413,0.00022,0.00467,0.00496,0,0.00864,0.00222,0.84298,0.78203,0.31015,0.33544,0.03782,2.22607,4.93513,0.03457,0.09889,0.39564,1.7869,0.24274,0.2425,0,6.01285,0.08712,0.18674,4.93513,0.24274,0.2425,0.75413,0.81359,0.84298,6.0662,6.01285,0.28571,0.79366
2025-12-31 15:00:00,2.08297,0.01926,0.17594,0.07751,0.01375,0.01027,0.0193,0.02744,0.09825,0.20456,0.38801,1.44473,0.01037,0.18642,0.7521,0.00022,0.00466,0.00496,0,0.0088,0.0022,0.83907,0.77635,0.31055,0.33513,0.03748,2.21504,4.93526,0.03437,0.09807,0.39443,1.78023,0.24257,0.2417,0,5.99679,0.08683,0.18642,4.93526,0.24257,0.2417,0.7521,0.81028,0.83907,6.05404,5.99679,0.28451,0.7898
2025-12-31 16:00:00,2.08326,0.01916,0.17489,0.07706,0.01369,0.01024,0.01925,0.02727,0.09755,0.20438,0.38752,1.4426,0.01028,0.18613,0.75011,0.00021,0.00465,0.00495,0,0.00895,0.00219,0.83528,0.77069,0.31094,0.33482,0.03715,2.20401,4.93543,0.03417,0.09728,0.39239,1.77271,0.2424,0.24094,0,5.98125,0.08653,0.18613,4.93543,0.2424,0.24094,0.75011,0.80708,0.83528,6.04224,5.98125,0.28247,0.78594
2025-12-31 17:00:00,2.08356,0.01907,0.17389,0.07639,0.01363,0.01022,0.0192,0.02713,0.09682,0.20418,0.38654,1.44041,0.0102,0.18587,0.74819,0.00021,0.00465,0.00494,0,0.00911,0.00218,0.83163,0.76542,0.31134,0.33451,0.03683,2.19297,4.93561,0.03397,0.09649,0.39003,1.76488,0.24223,0.24022,0,5.96624,0.08624,0.18587,4.93561,0.24223,0.24022,0.74819,0.80399,0.83163,6.0308,5.96624,0.28011,0.78209
2025-12-31 18:00:00,2.08386,0.01897,0.17296,0.07586,0.01356,0.01022,0.01914,0.02699,0.09598,0.20397,0.38589,1.4382,0.01012,0.18564,0.74632,0.00021,0.00464,0.00493,0,0.00926,0.00217,0.82812,0.76041,0.31174,0.3342,0.03651,2.18194,4.93581,0.03377,0.09566,0.38817,1.75754,0.24205,0.23953,0,5.95174,0.08595,0.18564,4.93581,0.24205,0.23953,0.74632,0.801,0.82812,6.01971,5.95174,0.27825,0.77823
2025-12-31 19:00:00,2.12125,0.01886,0.17208,0.07546,0.0135,0.01021,0.01907,0.02685,0.09509,0.20381,0.38524,1.45115,0.01005,0.18544,0.74449,0.00021,0.00463,0.00492,0,0.00949,0.00215,0.82473,0.75559,0.3115,0.33375,0.0362,2.17545,4.93602,0.03358,0.09634,0.38682,1.75257,0.24188,0.23889,0,5.93772,0.08567,0.18544,4.93602,0.24188,0.23889,0.74449,0.79811,0.82473,6.00894,5.93772,0.2769,0.77438
2025-12-31 20:00:00,2.15863,0.01875,0.1712,0.07521,0.01343,0.01021,0.01901,0.02671,0.09429,0.20375,0.38423,1.46395,0.00997,0.18527,0.74272,0.00021,0.00462,0.00492,0,0.00971,0.00213,0.82145,0.7509,0.31125,0.3333,0.03589,2.16896,4.93625,0.03339,0.09698,0.38604,1.74816,0.2417,0.23827,0,5.92417,0.08539,0.18527,4.93625,0.2417,0.23827,0.74272,0.79531,0.82145,5.99851,5.92417,0.27612,0.77052
2025-12-31 21:00:00,2.19602,0.01864,0.17027,0.07513,0.01336,0.01019,0.01896,0.02657,0.09364,0.20372,0.38368,1.47667,0.00989,0.18513,0.741,0.00022,0.00462,0.00492,0,0.00994,0.00212,0.81829,0.74659,0.31101,0.33285,0.03558,2.16248,4.93647,0.0332,0.09765,0.38502,1.74353,0.24152,0.23768,0,5.91107,0.08512,0.18513,4.93647,0.24152,0.23768,0.741,0.79261,0.81829,5.9884,5.91107,0.27511,0.76667
2025-12-31 22:00:00,2.2334,0.01855,0.16934,0.07507,0.0133,0.01016,0.01891,0.02643,0.09306,0.20372,0.3832,1.4895,0.00986,0.18501,0.73931,0.00022,0.00461,0.00491,0,0.01017,0.0021,0.81523,0.74448,0.31076,0.33239,0.03528,2.15599,4.93672,0.03301,0.09833,0.38341,1.73829,0.24135,0.23713,0,5.8984,0.08484,0.18501,4.93672,0.24135,0.23713,0.73931,0.78999,0.81523,5.97859,5.8984,0.2735,0.76281
2025-12-31 23:00:00,2.27079,0.01846,0.16846,0.07507,0.01322,0.01014,0.01885,0.02631,0.09245,0.20373,0.38278,1.5022,0.00984,0.18492,0.73768,0.00022,0.0046,0.0049,0,0.01039,0.00209,0.81228,0.74551,0.31051,0.33194,0.03498,2.1495,4.93697,0.03282,0.099,0.3816,1.73286,0.24118,0.23659,0,5.88616,0.08456,0.18492,4.93697,0.24118,0.23659,0.73768,0.78745,0.81228,5.9691,5.88616,0.27169,0.75896
2026-01-01 00:00:00,2.30817,0.01839,0.16765,0.07506,0.01316,0.01013,0.01879,0.0262,0.09176,0.20375,0.38286,1.51493,0.00982,0.18484,0.73607,0.00022,0.00459,0.00489,0,0.01062,0.00208,0.80941,0.74871,0.31027,0.33149,0.03471,2.14301,4.93723,0.03263,0.09967,0.38016,1.72779,0.24104,0.23609,0,5.87433,0.08428,0.18484,4.93723,0.24104,0.23609,0.73607,0.78498,0.80941,5.95988,5.87433,0.27025,0.7551
2026-01-01 01:00:00,2.38643,0.01832,0.16691,0.07501,0.01311,0.01013,0.01874,0.02609,0.09102,0.20392,0.3828,1.61792,0.0098,0.18479,0.73451,0.00022,0.00458,0.00489,0,0.0103,0.00206,0.80665,0.75341,0.31469,0.33283,0.03443,2.16111,4.9375,0.03245,0.10237,0.37917,1.72551,0.2409,0.23561,0,5.8629,0.08401,0.18479,4.9375,0.2409,0.23561,0.73451,0.7826,0.80665,5.95095,5.8629,0.26926,0.76041
2026-01-01 02:00:00,2.4647,0.01826,0.16623,0.07487,0.01304,0.01012,0.01868,0.02598,0.09036,0.2064,0.38358,1.72102,0.00977,0.18476,0.733,0.00022,0.00458,0.00488,0,0.00998,0.00205,0.80397,0.75916,0.3191,0.33416,0.03416,2.17921,4.93778,0.03227,0.10507,0.37868,1.72373,0.24076,0.23514,0,5.85185,0.08374,0.18476,4.93778,0.24076,0.23514,0.733,0.78029,0.80397,5.94229,5.85185,0.26877,0.76571
2026-01-01 03:00:00,2.54296,0.01821,0.1656,0.07463,0.01298,0.01011,0.01862,0.02587,0.08981,0.20886,0.38434,1.82435,0.00975,0.18474,0.73151,0.00023,0.00457,0.00487,0,0.00966,0.00203,0.80138,0.76571,0.32352,0.3355,0.0339,2.19731,4.93807,0.03209,0.10777,0.3781,1.72186,0.24062,0.23471,0,5.84116,0.08347,0.18474,4.93807,0.24062,0.23471,0.73151,0.77805,0.80138,5.93389,5.84116,0.26819,0.77101
2026-01-01 04:00:00,2.62122,0.01817,0.165,0.07427,0.01292,0.01007,0.01857,0.02576,0.08933,0.21187,0.38562,1.92787,0.00973,0.18474,0.73006,0.00023,0.00456,0.00486,0,0.00934,0.00202,0.79887,0.77324,0.32793,0.33684,0.03365,2.21541,4.93837,0.0319,0.11044,0.37737,1.71982,0.24049,0.23429,0,5.83083,0.0832,0.18474,4.93837,0.24049,0.23429,0.73006,0.77588,0.79887,5.92576,5.83083,0.26746,0.77631
2026-01-01 05:00:00,2.69949,0.01812,0.16446,0.07365,0.01287,0.01005,0.01852,0.02567,0.08883,0.21503,0.38765,2.03172,0.00971,0.18476,0.72865,0.00023,0.00456,0.00485,0,0.00902,0.00201,0.79643,0.78181,0.33235,0.33817,0.03339,2.23351,4.93866,0.03172,0.11314,0.37662,1.71778,0.24035,0.23389,0,5.82085,0.08293,0.18476,4.93866,0.24035,0.23389,0.72865,0.77377,0.79643,5.91788,5.82085,0.26671,0.78162
2026-01-01 06:00:00,2.77775,0.01806,0.16395,0.07316,0.01282,0.01004,0.01846,0.02558,0.08825,0.21824,0.39066,2.13595,0.00969,0.18479,0.72726,0.00023,0.00455,0.00484,0,0.0087,0.002,0.79408,0.79109,0.33676,0.33951,0.03316,2.25161,4.93898,0.03154,0.11581,0.376,1.71588,0.24021,0.23351,0,5.8112,0.08266,0.18479,4.93898,0.24021,0.23351,0.72726,0.77176,0.79408,5.91024,5.8112,0.2661,0.78692
2026-01-01 07:00:00,2.81957,0.01796,0.16344,0.07294,0.01275,0.01004,0.01839,0.02548,0.08764,0.22508,0.39462,2.2368,0.00967,0.18483,0.72592,0.00023,0.00454,0.00483,0,0.00861,0.00199,0.79179,0.80088,0.35389,0.34508,0.03292,2.28809,4.9393,0.03137,0.11558,0.37563,1.71113,0.24008,0.23314,0,5.80187,0.08239,0.18483,4.9393,0.24008,0.23314,0.72592,0.76995,0.79179,5.90282,5.80187,0.26573,0.79222
2026-01-01 08:00:00,2.8614,0.01784,0.16284,0.07324,0.0127,0.01005,0.01833,0.02538,0.08709,0.23712,0.39947,2.33823,0.00964,0.18486,0.7246,0.00023,0.00454,0.00483,0,0.00851,0.00199,0.78957,0.81101,0.37101,0.35066,0.03268,2.32456,4.93962,0.03119,0.11532,0.37546,1.70658,0.23996,0.23279,0,5.79283,0.08213,0.18486,4.93962,0.23996,0.23279,0.7246,0.76793,0.78957,5.89564,5.79283,0.26557,0.79753
2026-01-01 09:00:00,2.90322,0.01771,0.1621,0.07413,0.01263,0.01007,0.01828,0.02528,0.08663,0.25181,0.40514,2.44045,0.00962,0.18488,0.7233,0.00024,0.00453,0.00483,0,0.00842,0.00198,0.78746,0.82085,0.38814,0.35624,0.03245,2.36104,4.93996,0.03102,0.1151,0.37531,1.70206,0.23983,0.23244,0,5.78411,0.08186,0.18488,4.93996,0.23983,0.23244,0.7233,0.76589,0.78746,5.88868,5.78411,0.26542,0.80283
2026-01-01 10:00:00,2.94504,0.0176,0.16127,0.07567,0.01257,0.01012,0.01823,0.02519,0.08622,0.26768,0.41213,2.5436,0.0096,0.18489,0.72203,0.00024,0.00452,0.00482,0,0.00832,0.00198,0.78542,0.82823,0.40526,0.36181,0.03222,2.39751,4.9403,0.03084,0.11484,0.3752,1.69757,0.2397,0.23213,0,5.77568,0.08159,0.18489,4.9403,0.2397,0.23213,0.72203,0.76431,0.78542,5.88193,5.77568,0.26532,0.80813
2026-01-01 11:00:00,2.98687,0.0175,0.16044,0.0784,0.01252,0.01016,0.01821,0.02512,0.0858,0.28426,0.42203,2.64768,0.00958,0.1849,0.72078,0.00024,0.00452,0.00481,0,0.00822,0.00198,0.78338,0.83214,0.42239,0.36738,0.032,2.43399,4.94063,0.03067,0.11461,0.37513,1.69312,0.23957,0.2318,0,5.76752,0.08133,0.1849,4.94063,0.23957,0.2318,0.72078,0.76274,0.78338,5.87539,5.76752,0.26525,0.81344
2026-01-01 12:00:00,3.02869,0.01743,0.15969,0.08052,0.01245,0.01017,0.0182,0.02507,0.08532,0.30124,0.43539,2.75262,0.00957,0.1849,0.71955,0.00024,0.00451,0.0048,0,0.00813,0.00197,0.78142,0.83367,0.43951,0.37296,0.03179,2.47046,4.94099,0.03049,0.11437,0.37508,1.68868,0.23945,0.2315,0,5.75963,0.08106,0.1849,4.94099,0.23945,0.2315,0.71955,0.7612,0.78142,5.86905,5.75963,0.2652,0.81974
2026-01-01 13:00:00,3.06749,0.01738,0.15908,0.0819,0.0124,0.01017,0.0182,0.02504,0.08481,0.31791,0.45134,2.73027,0.00955,0.18489,0.71833,0.00024,0.0045,0.0048,0,0.00804,0.00196,0.77958,0.83355,0.46584,0.37945,0.03157,2.52579,4.94134,0.03034,0.11346,0.37506,1.68412,0.23932,0.23123,0,5.75199,0.0808,0.18489,4.94134,0.23932,0.23123,0.71833,0.75969,0.77958,5.86291,5.75199,0.26519,0.92949
2026-01-01 14:00:00,3.10629,0.01735,0.15871,0.08223,0.01233,0.01015,0.01821,0.02503,0.08435,0.33394,0.4689,2.70981,0.00953,0.18488,0.71712,0.00024,0.00449,0.00479,0,0.00794,0.00194,0.77784,0.8323,0.49218,0.38595,0.03135,2.58112,4.9417,0.03018,0.11256,0.37508,1.67958,0.2392,0.23094,0,5.74461,0.08054,0.18488,4.9417,0.2392,0.23094,0.71712,0.75819,0.77784,5.85696,5.74461,0.26521,0.92949
2026-01-01 15:00:00,3.14509,0.01733,0.15864,0.08144,0.01227,0.01011,0.01821,0.02502,0.08396,0.34973,0.48763,2.69228,0.00951,0.18486,0.71593,0.00024,0.00448,0.00479,0,0.00785,0.00193,0.77617,0.83097,0.51851,0.39244,0.03114,2.63645,4.94207,0.03003,0.11163,0.37513,1.67508,0.23907,0.23069,0,5.73747,0.08029,0.18486,4.94207,0.23907,0.23069,0.71593,0.75672,0.77617,5.85119,5.73747,0.26526,0.92949
2026-01-01 16:00:00,3.18389,0.01732,0.15878,0.07987,0.01222,0.01001,0.01822,0.02502,0.08361,0.36558,0.50705,2.67774,0.00949,0.18484,0.71475,0.00023,0.00448,0.00479,0,0.00776,0.00192,0.77455,0.83292,0.54484,0.39893,0.03093,2.69178,4.94243,0.02987,0.11075,0.37524,1.67064,0.23894,0.23043,0,5.73057,0.08003,0.18484,4.94243,0.23894,0.23043,0.71475,0.75525,0.77455,5.84559,5.73057,0.26538,0.92949
2026-01-01 17:00:00,3.22269,0.0173,0.15902,0.07693,0.01215,0.00994,0.01821,0.025,0.08324,0.3806,0.52605,2.66549,0.00947,0.18481,0.71357,0.00023,0.00447,0.00478,0,0.00766,0.00191,0.77298,0.83975,0.57118,0.40543,0.03072,2.74711,4.9428,0.02972,0.10985,0.37541,1.66626,0.23882,0.23018,0,5.72389,0.07977,0.18481,4.9428,0.23882,0.23018,0.71357,0.75382,0.77298,5.84019,5.72389,0.26555,0.92949
2026-01-01 18:00:00,3.26149,0.01725,0.15925,0.07466,0.0121,0.00992,0.01815,0.02496,0.08283,0.39632,0.54539,2.65482,0.00945,0.18478,0.71242,0.00023,0.00446,0.00477,0,0.00757,0.0019,0.77144,0.84997,0.59751,0.41192,0.03051,2.80244,4.94319,0.02956,0.10893,0.37553,1.66183,0.2387,0.22995,0,5.71743,0.07951,0.18478,4.94319,0.2387,0.22995,0.71242,0.7524,0.77144,5.83494,5.71743,0.26568,0.92949
2026-01-01 19:00:00,3.25381,0.01715,0.15931,0.07305,0.01205,0.0099,0.01807,0.02489,0.08239,0.40941,0.56458,2.62809,0.00942,0.18475,0.71126,0.00023,0.00445,0.00477,0,0.00748,0.00189,0.76993,0.86252,0.61914,0.41991,0.03032,2.84374,4.94355,0.02946,0.11539,0.37578,1.67107,0.23858,0.22972,0,5.71117,0.07926,0.18475,4.94355,0.23858,0.22972,0.71126,0.75101,0.76993,5.82986,5.71117,0.26593,0.92949
2026-01-01 20:00:00,3.24612,0.01702,0.159,0.07208,0.012,0.00989,0.01798,0.02478,0.082,0.41774,0.58315,2.60169,0.0094,0.18472,0.71013,0.00023,0.00445,0.00476,0,0.0074,0.00187,0.76845,0.8767,0.64078,0.42789,0.03012,2.88504,4.94394,0.02936,0.12185,0.37613,1.68039,0.23846,0.22951,0,5.70512,0.079,0.18472,4.94394,0.23846,0.22951,0.71013,0.74963,0.76845,5.82494,5.70512,0.26628,0.92949
2026-01-01 21:00:00,3.23844,0.01688,0.15816,0.07175,0.01195,0.00987,0.0179,0.02466,0.08168,0.42495,0.60187,2.57531,0.00938,0.18468,0.70899,0.00023,0.00444,0.00476,0,0.00731,0.00186,0.767,0.8913,0.66242,0.43588,0.02992,2.92635,4.94433,0.02926,0.12833,0.37678,1.69004,0.23834,0.22929,0,5.69928,0.07875,0.18468,4.94433,0.23834,0.22929,0.70899,0.74825,0.767,5.8202,5.69928,0.26694,0.92949
2026-01-01 22:00:00,3.23075,0.01675,0.15696,0.07134,0.0119,0.00984,0.01783,0.02453,0.08142,0.43118,0.61913,2.54901,0.00936,0.18464,0.70786,0.00023,0.00443,0.00476,0,0.00722,0.00184,0.76556,0.90377,0.68405,0.44386,0.02972,2.96765,4.94472,0.02916,0.13481,0.37837,1.70061,0.23822,0.22909,0,5.69362,0.07849,0.18464,4.94472,0.23822,0.22909,0.70786,0.74691,0.76556,5.81558,5.69362,0.26853,0.92949
2026-01-01 23:00:00,3.22306,0.01663,0.15562,0.07081,0.01186,0.00981,0.01775,0.02442,0.08116,0.43693,0.63417,2.52244,0.00934,0.1846,0.70675,0.00023,0.00443,0.00475,0,0.00714,0.00183,0.76415,0.91303,0.70569,0.45185,0.02953,3.00895,4.9451,0.02906,0.14131,0.38041,1.71162,0.2381,0.2289,0,5.68816,0.07823,0.1846,4.9451,0.2381,0.2289,0.70675,0.74558,0.76415,5.81112,5.68816,0.27057,0.92949
2026-01-02 00:00:00,3.21538,0.01653,0.15429,0.07035,0.0118,0.0098,0.01768,0.02431,0.08088,0.44331,0.64771,2.4956,0.00932,0.18456,0.70564,0.00023,0.00442,0.00474,0,0.00705,0.00182,0.76274,0.92006,0.72732,0.45983,0.02934,3.05025,4.94551,0.02896,0.14779,0.38198,1.72218,0.23798,0.22871,0,5.68286,0.07798,0.18456,4.94551,0.23798,0.22871,0.70564,0.74427,0.76274,5.8068,5.68286,0.27214,0.92949
2026-01-02 01:00:00,3.20145,0.01644,0.15302,0.06994,0.01176,0.0098,0.0176,0.02421,0.08057,0.44584,0.65896,2.46678,0.00929,0.18453,0.70455,0.00023,0.00441,0.00473,0,0.00699,0.0018,0.76137,0.92555,0.75118,0.47179,0.02916,3.09089,4.94589,0.02947,0.1491,0.38366,1.7292,0.23787,0.22853,0,5.67775,0.07773,0.18453,4.94589,0.23787,0.22853,0.70455,0.74297,0.76137,5.80261,5.67775,0.27383,0.92949
2026-01-02 02:00:00,3.18752,0.01638,0.15182,0.06952,0.01171,0.00979,0.01753,0.02411,0.0803,0.44492,0.66948,2.43635,0.00927,0.18449,0.70346,0.00023,0.00441,0.00472,0,0.00693,0.00179,0.76001,0.92998,0.77503,0.48376,0.02898,3.13152,4.9463,0.02999,0.15061,0.38532,1.7362,0.23775,0.22834,0,5.6728,0.07748,0.18449,4.9463,0.23775,0.22834,0.70346,0.7417,0.76001,5.79856,5.6728,0.27549,0.92949
2026-01-02 03:00:00,3.1736,0.01632,0.15066,0.06904,0.01164,0.00978,0.01747,0.02401,0.08008,0.44093,0.67806,2.40413,0.00925,0.18446,0.70237,0.00023,0.0044,0.00472,0,0.00687,0.00177,0.75867,0.93389,0.79889,0.49573,0.02879,3.17216,4.94669,0.03051,0.15227,0.38816,1.7444,0.23763,0.22817,0,5.66802,0.07724,0.18446,4.94669,0.23763,0.22817,0.70237,0.74043,0.75867,5.79463,5.66802,0.27834,0.92949
2026-01-02 04:00:00,3.15967,0.01628,0.14958,0.06847,0.01159,0.00975,0.01741,0.02391,0.07987,0.43629,0.68473,2.37003,0.00923,0.18442,0.70131,0.00023,0.00439,0.0047,0,0.0068,0.00176,0.75735,0.93819,0.82275,0.50769,0.02861,3.2128,4.9471,0.03102,0.15397,0.39442,1.75599,0.23752,0.22801,0,5.6634,0.07699,0.18442,4.9471,0.23752,0.22801,0.70131,0.73918,0.75735,5.79083,5.6634,0.2846,0.92949
2026-01-02 05:00:00,3.14574,0.01623,0.1486,0.06769,0.01154,0.00973,0.01736,0.02383,0.07964,0.43108,0.68868,2.33435,0.00922,0.18438,0.70024,0.00023,0.00439,0.00469,0,0.00674,0.00174,0.75604,0.94329,0.8466,0.51966,0.02844,3.25343,4.94751,0.03154,0.15568,0.40231,1.76922,0.2374,0.22785,0,5.65892,0.07674,0.18438,4.94751,0.2374,0.22785,0.70024,0.73794,0.75604,5.78713,5.65892,0.29249,0.92949
2026-01-02 06:00:00,3.13181,0.01617,0.1477,0.06707,0.01148,0.00972,0.01731,0.02376,0.07935,0.4256,0.69017,2.29728,0.0092,0.18434,0.69919,0.00023,0.00438,0.00468,0,0.00668,0.00173,0.75475,0.94895,0.87046,0.53162,0.02826,3.29407,4.94792,0.03205,0.15745,0.40842,1.78066,0.23729,0.22769,0,5.65458,0.07649,0.18434,4.94792,0.23729,0.22769,0.69919,0.73672,0.75475,5.78355,5.65458,0.2986,0.92949
2026-01-02 07:00:00,3.07243,0.01607,0.14686,0.06661,0.01143,0.00972,0.01725,0.02368,0.07901,0.41958,0.68935,2.26745,0.00918,0.1843,0.69815,0.00023,0.00437,0.00468,0,0.00665,0.00172,0.75348,0.955,0.88153,0.53767,0.0281,3.31142,4.94833,0.03326,0.15968,0.41448,1.78992,0.23718,0.22754,0,5.65038,0.0764,0.1843,4.94833,0.23718,0.22754,0.69815,0.7355,0.75348,5.78009,5.65038,0.30466,0.92949
2026-01-02 08:00:00,3.01304,0.01596,0.14597,0.06628,0.01137,0.00971,0.0172,0.02361,0.07868,0.41249,0.68578,2.2354,0.00916,0.18427,0.69711,0.00023,0.00436,0.00467,0,0.00661,0.0017,0.75221,0.96132,0.89259,0.54373,0.02792,3.32877,4.94876,0.03447,0.16212,0.41998,1.79863,0.23707,0.22739,0,5.64633,0.07632,0.18427,4.94876,0.23707,0.22739,0.69711,0.73429,0.75221,5.77672,5.64633,0.31017,0.92949
2026-01-02 09:00:00,2.95366,0.01583,0.14497,0.06614,0.01132,0.0097,0.01716,0.02353,0.07838,0.40499,0.6805,2.20085,0.00914,0.18423,0.6961,0.00023,0.00435,0.00466,0,0.00658,0.00168,0.75096,0.96676,0.90366,0.54978,0.02775,3.34613,4.94916,0.03568,0.16482,0.42918,1.81102,0.23695,0.22725,0,5.6424,0.07623,0.18423,4.94916,0.23695,0.22725,0.6961,0.7331,0.75096,5.77347,5.6424,0.31936,0.92949
2026-01-02 10:00:00,2.89427,0.01572,0.14389,0.06598,0.01127,0.00968,0.01712,0.02346,0.07809,0.39711,0.67351,2.16388,0.00912,0.1842,0.69508,0.00022,0.00434,0.00466,0,0.00655,0.00167,0.74973,0.96833,0.91472,0.55583,0.02758,3.36348,4.94959,0.03688,0.16756,0.4489,1.83392,0.23684,0.22711,0,5.63859,0.07614,0.1842,4.94959,0.23684,0.22711,0.69508,0.73192,0.74973,5.7703,5.63859,0.33907,0.92949
2026-01-02 11:00:00,2.83489,0.01562,0.14283,0.06577,0.01122,0.00966,0.01708,0.02339,0.07778,0.38922,0.66526,2.1244,0.0091,0.18416,0.69407,0.00022,0.00433,0.00465,0,0.00651,0.00166,0.7485,0.965,0.92579,0.56189,0.0274,3.38083,4.95001,0.03809,0.17034,0.47357,1.86179,0.23673,0.22697,0,5.6349,0.07606,0.18416,4.95001,0.23673,0.22697,0.69407,0.73075,0.7485,5.76723,5.6349,0.36374,0.92949
2026-01-02 12:00:00,2.7755,0.01552,0.14184,0.0656,0.01117,0.00965,0.01704,0.02333,0.07744,0.38138,0.65596,2.08263,0.00908,0.18413,0.69309,0.00022,0.00432,0.00464,0,0.00648,0.00165,0.74729,0.95827,0.93685,0.56794,0.02723,3.39818,4.95043,0.0393,0.17312,0.49269,1.8841,0.23662,0.22684,0,5.63133,0.07597,0.18413,4.95043,0.23662,0.22684,0.69309,0.7296,0.74729,5.76425,5.63133,0.38285,0.92835
