GMT,FRAC1,LTDC1,HIDC1,BHNC1,MPAC1,OWCC1,BNCC1,BCKC1,MEEC1,HPIC1,POHC1,EXQC1,DSNC1,STVC1,NWMC1,LGCC1,WARC1,LGAC1,PNEC1,LBDC1,OREC1,PATC1,HETC1,LNRC1,CHVC1F,DCMC1,NDPC1,MDSC1,NDVC1,NSWC1,AVYC1,NMSC1,OBBC1,RIPC1,PTTC1,VNSC1,KNFC1L,STVC1,MDSC1,OBBC1,RIPC1,NWMC1,CRDC1,PATC1,MZRC1,VNSC1,AVYC1L,NDPC1L
,QINE,QINE,QINE,QINE,QINE,QINE,QINE,QINE,QINE,QINE,QINE,QINE,QINE,QINE,QINE,QINE,QINE,QINE,QINE,QINE,QINE,QINE,QINE,QINE,QINE,QINE,QINE,QINE,QINE,QINE,QINE,QINE,QINE,QINE,QINE,QINE,QINE,QINE,QINE,QINE,QINE,QINE,QINE,QINE,QINE,QINE,SQIN,SQIN
2026-05-21 12:00:00,3.32587,0,0.03398,0.01134,0,0.001,0,0.002,0.28594,0.67195,0.96688,0.77928,0.00408,0.08301,0.44389,0.00001,0,0.00001,0,-0.00445,0.00001,0.38304,1.63126,0.1835,0.47613,0.006,1.93395,0.17592,0.03961,0.11836,0.24503,1.44406,1.71719,1.95617,0.00003,2.36494,0.00187,0.08301,0.17592,1.71719,1.95617,0.44389,0.45236,0.38304,0.67475,2.36494,0.07089,0.6388
2026-05-21 13:00:00,3.45447,0,0.02862,0.00817,0.013,0.001,0,0.002,0.2819,0.67668,0.97244,1.17188,0.00408,0.08301,0.44389,0.00001,0,0.00001,0,0.07186,0.00001,0.38504,1.6759,0.1835,0.50947,0.006,1.94626,0.18056,0.03783,0.13908,0.24203,1.45882,1.72819,1.94219,0.00002,2.37277,0.00186,0.08301,0.18056,1.72819,1.94219,0.44389,0.45745,0.38504,0.6731,2.37277,0.07067,0.63592
2026-05-21 14:00:00,3.5825,0,0.02589,0.00675,0,0.001,0,0.002,0.28391,0.68617,0.978,1.55644,0.00408,0.08401,0.44389,0.00001,0,0.00001,0,0.15553,0.00001,0.38004,1.66013,0.1835,0.52219,0.006,1.95857,0.18289,0.03854,0.12333,0.24203,1.47364,1.72219,1.92477,0.00002,2.37277,0.00186,0.08401,0.18289,1.72219,1.92477,0.44389,0.4549,0.38004,0.6714,2.37277,0.07054,0.6359
2026-05-21 15:00:00,3.71018,0,0.03173,0.01067,0,0.001,0,0.002,0.2819,0.67668,1.00608,1.86524,0.00408,0.08401,0.44389,0.00001,0,0.00001,0,0.06751,0.00001,0.37804,1.6529,0.1835,0.52194,0.006,1.97089,0.18758,0.0399,0.10762,0.24403,1.48844,1.72819,1.90396,0.00003,2.36494,0.00185,0.08401,0.18758,1.72819,1.90396,0.44389,0.4549,0.37804,0.66974,2.36494,0.07037,0.63589
2026-05-21 16:00:00,3.70982,0,0.04721,0.01717,-0.012,0.001,0,0.002,0.29245,0.70054,0.9948,2.10949,0.00429,0.08601,0.44652,0.00001,0,0.00001,0,-0.02496,0.00001,0.38004,1.59859,0.1835,0.50475,0.006,1.9832,0.18994,0.04062,0.12171,0.24203,1.50312,1.72819,1.88324,0.00003,2.36494,0.00184,0.08601,0.18994,1.72819,1.88324,0.44652,0.4549,0.38004,0.66826,2.36494,0.07008,0.63587
2026-05-21 17:00:00,3.64594,0,0.04324,0.02292,0,0.001,0,0.002,0.29245,0.68617,0.978,2.35448,0.00452,0.0863,0.44652,0.00001,0,0.00001,0,-0.02496,0.00001,0.37804,1.56514,0.19337,0.51781,0.005,1.99551,0.18994,0.03813,0.106,0.24503,1.51773,1.72219,1.85917,0.00003,2.35712,0.00184,0.0863,0.18994,1.72219,1.85917,0.44652,0.4549,0.37804,0.66701,2.35712,0.06974,0.63585
2026-05-21 18:00:00,3.58214,0,0.03365,0.02467,0,0.001,0,0.002,0.28798,0.68617,1.01743,2.46931,0.00452,0.08657,0.44652,0.00001,0,0.00001,0,-0.01763,0.00001,0.37804,1.57076,0.19266,0.49458,0.005,2.00782,0.18994,0.03955,0.09855,0.24303,1.53243,1.71719,1.84517,0.00003,2.35712,0.00183,0.08657,0.18994,1.71719,1.84517,0.44652,0.4549,0.37804,0.66603,2.35712,0.06947,0.63583
2026-05-21 19:00:00,3.45447,0,0.04435,0.02892,0,0.001,0,0.002,0.28798,0.68617,1.01175,2.38679,0.00452,0.08684,0.44915,0.00001,0,0.00001,0,-0.09979,0.00001,0.38004,1.55912,0.19169,0.4687,0.005,2.02348,0.18994,0.04026,0.09108,0.24203,1.54682,1.71119,1.82336,0.00003,2.33374,0.00183,0.08684,0.18994,1.71119,1.82336,0.44915,0.45745,0.38004,0.66532,2.33374,0.06927,0.63581
2026-05-21 20:00:00,3.32615,0,0.0421,0.03209,0,0.001,0,0.001,0.28391,0.68141,1.00608,2.31169,0.00452,0.08707,0.45178,0.00001,0,0.00001,0,-0.19079,0.00001,0.38004,1.53295,0.20086,0.44492,0.005,2.03913,0.18994,0.04027,0.10682,0.24303,1.56128,1.71719,1.8125,0.00002,2.33374,0.00182,0.08707,0.18994,1.71719,1.8125,0.45178,0.45745,0.38004,0.6647,2.33374,0.06915,0.63579
2026-05-21 21:00:00,3.19812,0,0.02113,0.036,-0.012,0.001,0,0.001,0.28594,0.67668,0.98359,2.31097,0.00452,0.08735,0.45178,0.00001,0,0.00001,0,-0.09691,0.00001,0.38304,1.52913,0.21007,0.42749,0.006,2.05478,0.18994,0.04064,0.12257,0.24503,1.55977,1.71719,1.79446,0.00002,2.31046,0.00182,0.08735,0.18994,1.71719,1.79446,0.45178,0.46,0.38304,0.66411,2.31046,0.06899,0.63576
2026-05-21 22:00:00,3.1984,0,0.01033,0.04209,0,-0.011,0,0.001,0.29003,0.65791,0.9948,2.24584,0.00452,0.0877,0.45178,0.00001,0,0.00001,0,0.00583,0.00001,0.38504,1.56058,0.19906,0.43359,0.006,2.07043,0.18758,0.03922,0.09358,0.24203,1.55812,1.71719,1.78727,0.00002,2.28727,0.00181,0.0877,0.18758,1.71719,1.78727,0.45178,0.46,0.38504,0.66353,2.28727,0.06871,0.63572
2026-05-21 23:00:00,3.19812,0,0.01918,0.035,0,0.001,0,0.001,0.2949,0.65326,0.96135,2.05262,0.00452,0.08796,0.45178,0.00001,0,0.00001,0,0.00585,0.00001,0.38304,1.58994,0.16808,0.4222,0.005,2.08609,0.18758,0.041,0.12669,0.24203,1.55644,1.71119,1.77651,0.00002,2.27957,0.00181,0.08796,0.18758,1.71119,1.77651,0.45178,0.45745,0.38304,0.66296,2.27957,0.06839,0.63569
2026-05-22 00:00:00,3.06952,0,0.02815,0.02384,0,0.001,0,0.001,0.29735,0.64864,0.98359,1.66268,0.00452,0.08815,0.45178,0.00001,0,0.00001,0,0,0.00001,0.38004,1.58088,0.17796,0.42896,0.005,2.10174,0.18523,0.03852,0.14902,0.24303,1.55481,1.71719,1.76577,0.00001,2.24886,0.0018,0.08815,0.18523,1.71719,1.76577,0.45178,0.4549,0.38004,0.66241,2.24886,0.06813,0.63564
2026-05-22 01:00:00,3.06988,0,0.02756,0.01959,0,0.001,0,0.001,0.29003,0.65791,0.978,1.20631,0.00452,0.08825,0.45178,0.00001,0,0.00001,0,0.01763,0.00001,0.37604,1.5665,0.17796,0.40218,0.005,2.13949,0.18289,0.03922,0.13413,0.24103,1.55588,1.70519,1.75506,0.00002,2.23357,0.0018,0.08825,0.18289,1.70519,1.75506,0.45178,0.4549,0.37604,0.66184,2.23357,0.06794,0.63559
2026-05-22 02:00:00,3.19848,0,0.02748,0.01767,0,0.001,0,0.001,0.2779,0.63487,0.96688,0.81634,0.00452,0.08823,0.45178,0.00001,0,0.00001,0,0.03525,0.00001,0.37304,1.56615,0.16782,0.40893,0.005,2.17725,0.18056,0.04029,0.12751,0.24203,1.55705,1.71119,1.7515,0.00001,2.21833,0.00179,0.08823,0.18056,1.71119,1.7515,0.45178,0.45745,0.37304,0.66124,2.21833,0.06783,0.63553
2026-05-22 03:00:00,3.32615,0,0.03734,0.011,0,0.001,0,0.001,0.27591,0.63944,0.96688,0.42711,0.00452,0.08806,0.45178,0.00001,0,0.00001,0,0.0206,0.00001,0.37104,1.53525,0.16774,0.42611,0.005,2.215,0.18056,0.04058,0.12751,0.24103,1.55814,1.71719,1.74437,0.00001,2.19554,0.00179,0.08806,0.18056,1.71719,1.74437,0.45178,0.45236,0.37104,0.66062,2.19554,0.06766,0.63545
2026-05-22 04:00:00,3.39003,0,0.04723,-0.00658,0,0.001,0,0.001,0.27591,0.64403,0.95033,0.10301,0.00452,0.08779,0.44915,0.00001,0,0.00001,0,0.00006,0.00001,0.36604,1.51483,0.17779,0.43941,0.007,2.25275,0.18056,0.0413,0.1565,0.23903,1.55912,1.71119,1.73726,0.00002,2.20314,0.00178,0.08779,0.18056,1.71119,1.73726,0.44915,0.45236,0.36604,0.65992,2.20314,0.06739,0.63536
2026-05-22 05:00:00,3.51835,0,0.04724,-0.00342,0,0.001,0,0.001,0.27989,0.66725,0.95033,0.03777,0.00452,0.08749,0.44915,0.00001,0,0.00001,0,0.00297,0.00001,0.36604,1.55382,0.19798,0.44439,0.009,2.2905,0.18056,0.04059,0.1565,0.23703,1.56008,1.72219,1.73372,0.00002,2.18797,0.00178,0.08749,0.18056,1.72219,1.73372,0.44915,0.44982,0.36604,0.65908,2.18797,0.06707,0.63523
2026-05-22 06:00:00,3.73375,0,0.04712,0.01284,0,0.013,0,0.001,0.27989,0.68617,0.92846,0.10211,0.00452,0.08724,0.44915,0.00001,0,0.00001,0,0.00883,0.00001,0.36404,1.63167,0.18788,0.43618,0.01,2.32826,0.18056,0.04131,0.16727,0.23803,1.56108,1.71719,1.73017,0.00002,2.17287,0.00177,0.08724,0.18056,1.71719,1.73017,0.44915,0.44982,0.36404,0.65817,2.17287,0.06681,0.63507
2026-05-22 07:00:00,3.83515,0,0.04715,0.01175,0,0.001,0,0.001,0.2819,0.71996,0.9339,0.23495,0.00429,0.08701,0.44915,0.00001,0,0.00001,0,0.07337,0.00001,0.36404,1.69302,0.18784,0.49319,0.01,2.40436,0.18289,0.04096,0.19791,0.23903,1.56227,1.71719,1.72663,0.00002,2.15029,0.00177,0.08701,0.18289,1.71719,1.72663,0.44915,0.44982,0.36404,0.65729,2.15029,0.06663,0.63484
2026-05-22 08:00:00,3.80896,0,0.04715,0.00425,0.012,0.001,0,0.001,0.27198,0.74465,0.95033,0.36919,0.00429,0.08601,0.44652,0.00001,0,0.00001,0,0.06751,0.00001,0.36104,1.75794,0.1878,0.51398,0.01,2.48045,0.18056,0.03996,0.18881,0.23903,1.56352,1.71719,1.72309,0.00002,2.15029,0.00176,0.08601,0.18056,1.71719,1.72309,0.44652,0.44982,0.36104,0.65641,2.15029,0.06651,0.6345
2026-05-22 09:00:00,3.7279,0,0.04712,0.00725,0,0.001,0,0.001,0.27394,0.74465,0.978,0.36983,0.00408,0.08601,0.44652,0.00001,0,0.00001,0,-0.00291,0.00001,0.36104,1.86449,0.18739,0.53095,0.01,2.55655,0.18056,0.04133,0.19046,0.23803,1.56476,1.71719,1.71956,0.00002,2.15029,0.00176,0.08601,0.18056,1.71719,1.71956,0.44652,0.44982,0.36104,0.65556,2.15029,0.06636,0.63393
2026-05-22 10:00:00,3.64648,0,0.04703,0.01434,0,0.001,0,0.001,0.2779,0.78001,1.00043,0.3683,0.00408,0.08501,0.44652,0.00001,0,0.00001,0,0.00589,0.00001,0.36104,1.95546,0.19703,0.54505,0.01,2.63266,0.18056,0.04062,0.17636,0.23703,1.56587,1.72219,1.71602,0.00001,2.13529,0.00176,0.08501,0.18056,1.72219,1.71602,0.44652,0.44982,0.36104,0.65474,2.13529,0.0661,0.63279
2026-05-22 11:00:00,3.44501,0,0.047,0.01217,0,0.001,0,0.001,0.28594,0.79544,1.03457,0.43624,0.00408,0.08501,0.44652,0.00001,0,0.00001,0,0.00883,0.00001,0.35904,1.97297,0.19699,0.57242,0.01,2.70875,0.18056,0.04062,0.14573,0.23603,1.56695,1.72819,1.71956,0.00001,2.12781,0.00175,0.08501,0.18056,1.72819,1.71956,0.44652,0.44982,0.35904,0.65392,2.12781,0.06581,0.62936
2026-05-22 12:00:00,3.28441,0,0.03723,0.02,0,0.001,0,0.001,0.28594,0.79544,1.05765,0.77456,0.00388,0.08501,0.44389,0.00001,0,0.00001,0,0.00883,0.00001,0.36104,1.99596,0.19699,0.59698,0.01,2.78485,0.18289,0.0417,0.12916,0.23903,1.56808,1.73419,1.71956,0.00002,2.12034,0.00175,0.08501,0.18289,1.73419,1.71956,0.44389,0.45236,0.36104,0.65302,2.12034,0.06557,0.62571
2026-05-22 13:00:00,3.22859,0,0.0274,0.03067,0,0.001,0,0.001,0.2779,0.82153,1.08685,1.17799,0.00388,0.08501,0.44389,0.00001,0,0.00001,0,-0.06748,0.00001,0.35904,2.01933,0.20754,0.59064,0.01,2.82967,0.18523,0.041,0.09438,0.23703,1.56667,1.72819,1.71956,0.00002,2.11289,0.00174,0.08501,0.18523,1.72819,1.71956,0.44389,0.45236,0.35904,0.65214,2.11289,0.0654,0.62511
2026-05-22 14:00:00,3.17308,0,0.02757,0.03667,0,0.001,0,0.001,0.2779,0.80582,1.09274,1.51428,0.00388,0.08501,0.44389,0.00001,0,0.00001,0,-0.07925,0.00001,0.35604,2.02253,0.21809,0.60232,0.01,2.87448,0.18758,0.04173,0.10097,0.23803,1.56531,1.71719,1.71602,0.00001,2.09057,0.00173,0.08501,0.18758,1.71719,1.71602,0.44389,0.45745,0.35604,0.65128,2.09057,0.06529,0.62509
2026-05-22 15:00:00,3.17308,0,0.0279,0.03742,0,0.001,0,0.001,0.27394,0.8268,1.09865,1.98631,0.00408,0.08401,0.44652,0.00001,0,0.00001,0,-0.00883,0.00001,0.35904,2.03997,0.2084,0.59952,0.01,2.91929,0.18758,0.03995,0.10094,0.23603,1.56393,1.71719,1.71602,0.00002,2.07575,0.00173,0.08401,0.18758,1.71719,1.71602,0.44652,0.46256,0.35904,0.65051,2.07575,0.06514,0.62506
2026-05-22 16:00:00,3.11688,0,0.02829,0.03775,0,0.001,0,0.001,0.27591,0.8321,1.11051,2.45769,0.00452,0.08101,0.44652,0.00001,0,0.00001,0,-0.01468,0.00001,0.35904,2.05009,0.20927,0.58125,0.01,2.9641,0.18758,0.04066,0.10838,0.23503,1.56244,1.72219,1.7125,0.00002,2.06836,0.00172,0.08101,0.18758,1.72219,1.7125,0.44652,0.46513,0.35904,0.64991,2.06836,0.06489,0.62504
2026-05-22 17:00:00,3.11657,0,0.01882,0.04184,0,0.001,0,0.001,0.2779,0.83741,1.12843,2.79406,0.005,0.08001,0.44915,0.00001,0,0.00001,0,-0.02643,0.00001,0.36104,2.03963,0.21981,0.56042,0.009,3.00892,0.18758,0.04101,0.13902,0.23703,1.5609,1.71719,1.70897,0.00002,2.06836,0.00171,0.08001,0.18758,1.71719,1.70897,0.44915,0.47028,0.36104,0.64948,2.06836,0.0646,0.62501
2026-05-22 18:00:00,3.17214,0,0.0194,0.03042,0,0.001,0,0.001,0.27003,0.8321,1.12244,2.79406,0.00604,0.08001,0.44652,0.00001,0,0.00001,0,-0.02643,0.00001,0.36604,1.98673,0.21981,0.55496,0.009,3.05373,0.18994,0.04201,0.11418,0.23703,1.55943,1.71119,1.70545,0.00002,2.06098,0.0017,0.08001,0.18994,1.71119,1.70545,0.44652,0.47287,0.36604,0.64916,2.06098,0.06437,0.62498
2026-05-22 19:00:00,3.17246,0,0.02881,0.01867,0,0.001,0,0.001,0.27394,0.82153,1.13443,2.66095,0.00764,0.08001,0.44652,0.00001,0,0.00001,0,-0.0264,0.00001,0.36604,1.9354,0.21895,0.55104,0.009,3.02496,0.18994,0.04139,0.12495,0.23703,1.55824,1.71719,1.70545,0.00002,2.06098,0.0017,0.08001,0.18994,1.71719,1.70545,0.44652,0.47028,0.36604,0.64889,2.06098,0.06419,0.62495
2026-05-22 20:00:00,3.11688,0,0.0363,0.013,-0.012,0.001,0,0.001,0.27003,0.82153,1.12843,2.72887,0.00881,0.08101,0.44389,0.00001,0,0.00001,0,-0.02051,0.00001,0.36804,1.90691,0.2084,0.54872,0.009,2.99621,0.18994,0.04068,0.15809,0.23603,1.55714,1.70519,1.70193,0.00002,2.06098,0.00169,0.08101,0.18994,1.70519,1.70193,0.44389,0.4677,0.36804,0.64871,2.06098,0.06409,0.62491
2026-05-22 21:00:00,3.00517,0,0.03385,0.01467,0,0.001,0,0.001,0.26572,0.81104,1.12843,2.72887,0.00939,0.08101,0.44389,0.00001,0,0.00001,0,0.00589,0.00001,0.36804,1.87322,0.2084,0.52919,0.009,2.96744,0.18758,0.04276,0.12333,0.23703,1.55598,1.70519,1.70193,0.00001,2.05362,0.00169,0.08101,0.18758,1.70519,1.70193,0.44389,0.46513,0.36804,0.64872,2.05362,0.06395,0.62487
2026-05-22 22:00:00,3.00524,0,0.01213,0.013,0,0.001,0,0.001,0.27003,0.79028,1.09274,2.52849,0.00969,0.08101,0.44389,0.00001,0,0.00001,0,0.0176,0.00001,0.36804,1.83308,0.2173,0.53124,0.009,2.93867,0.18523,0.04134,0.0836,0.23503,1.55472,1.70019,1.70193,0.00001,2.04626,0.00169,0.08101,0.18523,1.70019,1.70193,0.44389,0.46,0.36804,0.64892,2.04626,0.0637,0.62482
2026-05-22 23:00:00,3.06113,0,0.01901,-0.00083,0,-0.011,0,0.001,0.27198,0.78001,1.09865,2.19344,0.00969,0.08201,0.44127,0.00001,0,0.00001,0,0.00586,0.00001,0.37104,1.78697,0.20684,0.51868,0.008,2.90991,0.18523,0.04205,0.0836,0.23503,1.55345,1.70019,1.70193,0.00001,2.03891,0.00168,0.08201,0.18523,1.70019,1.70193,0.44127,0.45745,0.37104,0.64924,2.03891,0.06342,0.62476
2026-05-23 00:00:00,3.06144,0,0.02573,-0.00158,0,0.001,0,0.001,0.27591,0.76475,1.10457,1.78927,0.00969,0.08201,0.44127,0.00001,0,0.00001,0,-0.00294,0.00001,0.37304,1.77627,0.20684,0.52436,0.008,2.88115,0.18523,0.0417,0.13163,0.23503,1.55221,1.69419,1.69841,0.00001,2.03891,0.00168,0.08201,0.18523,1.69419,1.69841,0.44127,0.45236,0.37304,0.64958,2.03891,0.0632,0.6247
2026-05-23 01:00:00,3.06144,0,0.02353,0.00367,0,0,0,0.001,0.27003,0.76982,1.11051,1.38448,0.00969,0.08201,0.44389,0.00001,0,0.00001,0,0.00583,0.00001,0.37604,1.77938,0.20688,0.49332,0.008,2.89876,0.18523,0.0417,0.15565,0.23503,1.55319,1.69419,1.69841,0.00001,2.03891,0.00168,0.08201,0.18523,1.69419,1.69841,0.44389,0.44982,0.37604,0.6498,2.03891,0.06304,0.62462
2026-05-23 02:00:00,3.17252,0,0.03242,0.00609,0,0,0,0.001,0.25727,0.75969,1.06928,0.91441,0.01001,0.08301,0.44127,0.00001,0,0.00001,0,0.03517,0.00001,0.37304,1.7756,0.20692,0.44362,0.008,2.91637,0.18758,0.0417,0.13163,0.23403,1.55424,1.70019,1.70193,0,2.04626,0.00167,0.08301,0.18758,1.70019,1.70193,0.44127,0.44477,0.37304,0.64993,2.04626,0.06294,0.62453
2026-05-23 03:00:00,3.39556,0,0.04179,-0.00017,0,0.001,0,0.001,0.25936,0.73968,1.06346,0.44507,0.01001,0.08301,0.44389,0.00001,0,0.00001,0,0.01171,0.00001,0.37304,1.781,0.20733,0.48409,0.008,2.93398,0.18289,0.04205,0.16642,0.23503,1.55524,1.69419,1.69841,0,2.04626,0.00167,0.08301,0.18289,1.69419,1.69841,0.44389,0.44225,0.37304,0.65001,2.04626,0.0628,0.62441
2026-05-23 04:00:00,3.56302,0,0.06046,0.00025,0,0.001,0,0.001,0.25936,0.74465,1.07512,0.24469,0.01033,0.08301,0.44127,0.00001,0,0.00001,0,-0.01468,0.00001,0.37104,1.81777,0.19843,0.50375,0.008,2.9516,0.18289,0.04278,0.19705,0.23303,1.55614,1.68819,1.70193,0.00001,2.05362,0.00167,0.08301,0.18289,1.68819,1.70193,0.44127,0.44225,0.37104,0.64999,2.05362,0.06257,0.62427
2026-05-23 05:00:00,3.67466,0,0.06017,0.01017,0,0.001,0,0.001,0.26572,0.74965,1.03457,0.17755,0.01066,0.08401,0.44127,0.00001,0,0.00001,0,0,0.00001,0.36604,1.89676,0.20844,0.53662,0.008,2.96921,0.18289,0.04136,0.19705,0.23303,1.55702,1.69419,1.69841,0.00001,2.05362,0.00166,0.08401,0.18289,1.69419,1.69841,0.44127,0.43974,0.36604,0.64993,2.05362,0.0623,0.62409
2026-05-23 06:00:00,3.71709,0,0.05989,0.00825,0,0.001,0,0.001,0.26572,0.78514,1.04608,0.17824,0.011,0.08501,0.44389,0.00001,0,0.00001,0,0.01174,0.00001,0.36604,1.95948,0.2084,0.55119,0.008,2.98682,0.18056,0.04171,0.16642,0.23503,1.55795,1.70519,1.69841,0.00001,2.06098,0.00166,0.08501,0.18056,1.70519,1.69841,0.44389,0.44225,0.36604,0.64967,2.06098,0.06209,0.62384
2026-05-23 07:00:00,3.73477,0,0.05975,0.00217,0,0.001,0,0.001,0.25107,0.80062,1.03457,0.313,0.011,0.08601,0.44127,0.00001,0,0.00001,0,0.01177,0.00001,0.36404,2.02621,0.20882,0.59922,0.007,3.01453,0.18056,0.04171,0.1424,0.23303,1.55841,1.70019,1.70193,0.00001,2.06098,0.00166,0.08601,0.18056,1.70019,1.70193,0.44127,0.4467,0.36404,0.64915,2.06098,0.06194,0.6235
2026-05-23 08:00:00,3.74084,0,0.04086,0.00192,0,0.001,0,0.001,0.24903,0.8321,1.05765,0.37828,0.01135,0.08701,0.44127,0.00001,0,0.00001,0,-0.02343,0.00001,0.35904,2.09537,0.21892,0.64729,0.007,3.04223,0.18289,0.04171,0.1598,0.23303,1.55893,1.71719,1.70193,0.00001,2.06836,0.00165,0.08701,0.18289,1.71719,1.70193,0.44127,0.45114,0.35904,0.64852,2.06836,0.06184,0.62299
2026-05-23 09:00:00,3.69109,0,0.04071,0.00275,0,0.001,0,0.001,0.24903,0.84274,1.09274,0.31106,0.01135,0.08801,0.44127,0.00001,0,0.00001,0,-0.02637,0.00001,0.35604,2.18631,0.22856,0.64306,0.007,3.06993,0.18523,0.04279,0.1424,0.23203,1.55941,1.71119,1.70193,0.00001,2.07575,0.00164,0.08801,0.18523,1.71119,1.70193,0.44127,0.4556,0.35604,0.64772,2.07575,0.06171,0.62213
2026-05-23 10:00:00,3.64139,0,0.05007,0.00258,0,0.001,0,0.001,0.24903,0.85885,1.09865,0.24319,0.01171,0.09001,0.44389,0.00001,0,0.00001,0,-0.00877,0.00001,0.35604,2.25838,0.22811,0.65624,0.007,3.09762,0.18523,0.04173,0.1424,0.22903,1.55979,1.71119,1.70193,0.00001,2.08316,0.00164,0.09001,0.18523,1.71119,1.70193,0.44389,0.46,0.35604,0.6468,2.08316,0.0615,0.62042
2026-05-23 11:00:00,3.59189,0,0.04083,0.00042,0,0.001,0,0.001,0.24492,0.86425,1.11646,0.44359,0.01171,0.09101,0.44389,0.00001,0,0.00001,0,-0.00291,0.00001,0.35604,2.27135,0.21802,0.65041,0.007,3.12533,0.18523,0.04173,0.12501,0.23103,1.56015,1.67719,1.69841,0.00001,2.09057,0.00164,0.09101,0.18523,1.67719,1.69841,0.44389,0.46513,0.35604,0.64592,2.09057,0.06124,0.61529
2026-05-23 12:00:00,3.61148,0,0.03147,-0.0065,0,0.001,0,0.001,0.24087,0.86425,1.14648,0.84577,0.01208,0.08901,0.44652,0.00001,0,0.00001,0,-0.00291,0.00001,0.35904,2.26508,0.22812,0.64625,0.008,3.15303,0.18758,0.04209,0.10762,0.22903,1.56056,1.60418,1.69841,0.00001,2.10543,0.00163,0.08901,0.18758,1.60418,1.69841,0.44652,0.4677,0.35904,0.6452,2.10543,0.06104,0.61482
2026-05-23 13:00:00,3.61148,0,0.03147,-0.00667,0,0.001,0,0.001,0.24289,0.85885,1.15253,1.1798,0.01208,0.08801,0.44915,0.00001,0,0.00001,0,-0.01171,0.00001,0.35904,2.23772,0.22812,0.64615,0.011,3.1606,0.18758,0.04246,0.12501,0.22903,1.55816,1.56517,1.69841,0.00001,2.12034,0.00162,0.08801,0.18758,1.56517,1.69841,0.44915,0.47028,0.35904,0.64465,2.12034,0.06089,0.61948
2026-05-23 14:00:00,3.56739,0,0.04092,-0.00442,0.012,0.001,0,0.001,0.24697,0.85346,1.1586,1.44541,0.01208,0.08801,0.45178,0.00001,0,0.00001,0,-0.01463,0.00001,0.36404,2.21396,0.22853,0.66343,0.013,3.16817,0.18994,0.0424,0.10264,0.23303,1.55581,1.54917,1.69841,0.00001,2.12781,0.00161,0.08801,0.18994,1.54917,1.69841,0.45178,0.47546,0.36404,0.6442,2.12781,0.0608,0.61113
2026-05-23 15:00:00,3.5233,0,0.0315,-0.00517,-0.012,0.001,0,0.001,0.24903,0.85885,1.16468,1.84008,0.01208,0.08901,0.45178,0.00001,0,0.00001,0,0.003,0.00001,0.36804,2.16019,0.22898,0.66115,0.013,3.17575,0.19706,0.04347,0.07201,0.23103,1.55346,1.53817,1.69841,0.00001,2.12781,0.00161,0.08901,0.19706,1.53817,1.69841,0.45178,0.48066,0.36804,0.64398,2.12781,0.06068,0.60834
2026-05-23 16:00:00,3.4352,0,0.0127,-0.004,0,0.001,0,0.001,0.26147,0.8268,1.1586,2.30107,0.01208,0.09001,0.45178,0.00001,0,0.00001,0,0.003,0.00001,0.38004,2.11353,0.22914,0.66103,0.013,3.18331,0.19945,0.04241,0.07036,0.23203,1.551,1.53217,1.6949,0.00002,2.14279,0.0016,0.09001,0.19945,1.53217,1.6949,0.45178,0.48589,0.38004,0.64397,2.14279,0.06048,0.60695
2026-05-23 17:00:00,3.34691,0,0.02181,-0.00342,0,0.001,0,0.001,0.25727,0.8268,1.15253,2.4282,0.01171,0.09101,0.45178,0.00001,0,0.00001,0,-0.01754,0.00001,0.38004,2.08875,0.24997,0.64776,0.012,3.19088,0.20185,0.0424,0.101,0.23103,1.54851,1.52117,1.69841,0.00001,2.15029,0.00159,0.09101,0.20185,1.52117,1.69841,0.45178,0.49114,0.38004,0.64419,2.15029,0.06024,0.60612
2026-05-23 18:00:00,3.25842,0,0.03021,0.0115,0,0.001,0,0.001,0.25936,0.8321,1.14648,2.35452,0.01171,0.09101,0.45178,0.00001,0,0.00001,0,-0.02343,0.00001,0.38504,2.06646,0.24089,0.63299,0.012,3.19846,0.20185,0.04347,0.12501,0.23503,1.54606,1.52117,1.70193,0.00001,2.1578,0.00158,0.09101,0.20185,1.52117,1.70193,0.45178,0.48851,0.38504,0.64481,2.1578,0.06005,0.60556
2026-05-23 19:00:00,3.17032,0,0.02848,0.01734,0,0.001,0,0.001,0.26572,0.81627,1.13443,2.41659,0.01135,0.09101,0.45178,0.00001,0,0.00001,0,0.02937,0.00001,0.39504,2.06629,0.24185,0.63114,0.012,3.19829,0.20185,0.04241,0.10762,0.23003,1.54352,1.52117,1.70545,0.00001,2.16533,0.00158,0.09101,0.20185,1.52117,1.70545,0.45178,0.49114,0.39504,0.64582,2.16533,0.05991,0.60516
2026-05-23 20:00:00,3.03827,0,0.01731,0.00608,0,0.001,0,0.001,0.26787,0.80062,1.12843,2.47949,0.01135,0.09101,0.45178,0.00001,0,0.00001,0,0.03814,0.00001,0.39504,2.05124,0.24241,0.5957,0.012,3.19811,0.19945,0.04276,0.11259,0.23103,1.54101,1.52117,1.70897,0.00001,2.18041,0.00157,0.09101,0.19945,1.52117,1.70897,0.45178,0.48327,0.39504,0.64707,2.18041,0.05982,0.60486
2026-05-23 21:00:00,2.95017,0,0.02512,0.013,0,0.001,0,0.001,0.27198,0.78514,1.12843,2.54376,0.011,0.09901,0.45178,0.00001,0,0.00001,0,-0.03523,0.00001,0.40004,1.97234,0.23287,0.58123,0.012,3.19794,0.19706,0.04384,0.13661,0.23103,1.53849,1.51617,1.7125,0.00001,2.20314,0.00157,0.09901,0.19706,1.51617,1.7125,0.45178,0.48066,0.40004,0.6485,2.20314,0.0597,0.60463
2026-05-23 22:00:00,2.90583,0,0.02345,0.012,0,0.001,0,0.001,0.26787,0.78001,1.11646,2.54299,0.01066,0.10001,0.45178,0.00001,0,0.00001,0,-0.03228,0.00001,0.40204,1.8832,0.23376,0.55942,0.012,3.19777,0.19706,0.0417,0.13163,0.22903,1.53587,1.52117,1.7125,0.00001,2.20314,0.00156,0.10001,0.19706,1.52117,1.7125,0.45178,0.47546,0.40204,0.65003,2.20314,0.0595,0.60445
2026-05-23 23:00:00,2.81754,0,0.01267,-0.00358,0,0.001,0,0.001,0.27003,0.75969,1.09865,2.47605,0.01033,0.09901,0.45442,0.00001,0,0.00001,0,-0.00589,0.00001,0.39804,1.88801,0.21403,0.5549,0.012,3.1976,0.19468,0.04348,0.11839,0.23103,1.53322,1.51617,1.71956,0.00001,2.21833,0.00156,0.09901,0.19468,1.51617,1.71956,0.45442,0.4677,0.39804,0.65156,2.21833,0.05926,0.60429
2026-05-24 00:00:00,2.72944,0,0.01212,-0.01242,0,0.001,0,0.001,0.26787,0.73968,1.08098,2.20908,0.01001,0.09901,0.45442,0.00001,0,0.00001,0,-0.00294,0.00001,0.40004,1.86407,0.22422,0.54085,0.012,3.19742,0.19231,0.04133,0.13413,0.23003,1.53062,1.52117,1.71602,0.00001,2.22595,0.00155,0.09901,0.19231,1.52117,1.71602,0.45442,0.46256,0.40004,0.65298,2.22595,0.05907,0.60417
2026-05-24 01:00:00,2.72925,0,0.00273,-0.004,0,0.001,0,0.001,0.27591,0.73968,1.07512,1.74073,0.00969,0.09901,0.45972,0.00001,0,0.00001,0,-0.04403,0.00001,0.40204,1.79632,0.22427,0.52673,0.012,3.21842,0.19231,0.04347,0.14075,0.22903,1.53061,1.51017,1.7125,0.00001,2.23357,0.00155,0.09901,0.19231,1.51017,1.7125,0.45972,0.45745,0.40204,0.65431,2.23357,0.05893,0.60406
2026-05-24 02:00:00,2.81735,0,0.02142,0.00783,0,0,0,0.001,0.27198,0.71996,1.05765,1.33863,0.00939,0.10001,0.45707,0.00001,0,0.00001,0,-0.04697,0.00001,0.39804,1.79687,0.21417,0.51294,0.012,3.23943,0.19231,0.04203,0.1424,0.22903,1.53067,1.51017,1.70897,0.00001,2.24121,0.00154,0.10001,0.19231,1.51017,1.70897,0.45707,0.45745,0.39804,0.65546,2.24121,0.05885,0.60397
2026-05-24 03:00:00,2.8615,0,0.02117,0.00175,0,0.013,0,0.001,0.27003,0.71508,1.05185,0.87095,0.00939,0.10101,0.45707,0.00001,0,0.00001,0,0.00583,0.00001,0.39804,1.86711,0.21417,0.49452,0.012,3.26044,0.19231,0.04347,0.14902,0.22803,1.5307,1.51017,1.70545,0.00001,2.25652,0.00154,0.10101,0.19231,1.51017,1.70545,0.45707,0.4549,0.39804,0.65634,2.25652,0.05873,0.60389
2026-05-24 04:00:00,2.90583,0,0.02095,-0.00292,0,0.001,0,0.001,0.26787,0.72978,1.02312,0.47011,0.00909,0.10201,0.45707,0.00001,0,0.00001,0,0.00874,0.00001,0.39004,1.93705,0.21376,0.51038,0.012,3.28144,0.19468,0.04132,0.15565,0.23003,1.53064,1.50517,1.69841,0.00001,2.25652,0.00154,0.10201,0.19468,1.50517,1.69841,0.45707,0.45236,0.39004,0.65698,2.25652,0.05854,0.60382
2026-05-24 05:00:00,3.03827,0,0.02998,0.01425,0,0.001,0,0.001,0.26572,0.74465,1.01743,0.20315,0.00881,0.10201,0.45972,0.00001,0,0.00001,0,0.00874,0.00001,0.38804,1.90978,0.2234,0.51083,0.012,3.30245,0.19468,0.04417,0.17304,0.22903,1.53054,1.51617,1.69139,0.00001,2.24886,0.00153,0.10201,0.19468,1.51617,1.69139,0.45972,0.44982,0.38804,0.65741,2.24886,0.05832,0.60376
2026-05-24 06:00:00,3.21118,0,0.0295,0.018,0,0.001,0,0.001,0.26787,0.76475,1.00608,0.19976,0.00853,0.10201,0.45972,0.00001,0,0.00001,0,0.01168,0.00001,0.38504,1.96751,0.21326,0.52466,0.012,3.32345,0.19706,0.0424,0.14902,0.22703,1.53051,1.51617,1.68088,0.00001,2.24886,0.00153,0.10201,0.19706,1.51617,1.68088,0.45972,0.44982,0.38504,0.65763,2.24886,0.05814,0.6037
2026-05-24 07:00:00,3.38749,0,0.05739,0.00658,0,0.001,0,0.001,0.27003,0.80062,1.00043,0.26219,0.00826,0.10201,0.46238,0.00001,0,0.00001,0,-0.00003,0.00001,0.38304,2.06655,0.21284,0.54025,0.012,3.35343,0.19945,0.0424,0.15565,0.22503,1.53048,1.51617,1.67738,0.00001,2.24886,0.00153,0.10201,0.19945,1.51617,1.67738,0.46238,0.44982,0.38304,0.65773,2.24886,0.05801,0.60366
2026-05-24 08:00:00,3.62194,0,0.05726,0.00467,0,0.001,0,0.001,0.27003,0.80062,1.03457,0.25914,0.00826,0.10301,0.46238,0.00001,0,0.00001,0,0.00291,0.00001,0.38304,2.10836,0.22253,0.57195,0.012,3.38341,0.20185,0.04167,0.15564,0.22703,1.53048,1.52117,1.66691,0.00001,2.24886,0.00152,0.10301,0.20185,1.52117,1.66691,0.46238,0.44729,0.38304,0.65778,2.24886,0.05793,0.60361
2026-05-24 09:00:00,3.85639,0,0.04776,0.00383,0,0.001,0,0.001,0.26572,0.82153,1.05185,0.3869,0.00826,0.10401,0.46238,0.00001,0,0.00001,0,0.0088,0.00001,0.38004,2.15264,0.23303,0.60599,0.012,3.41341,0.20426,0.04173,0.15979,0.22903,1.53046,1.52717,1.65645,0.00001,2.27187,0.00152,0.10401,0.20426,1.52717,1.65645,0.46238,0.44982,0.38004,0.65777,2.27187,0.05782,0.60357
2026-05-24 10:00:00,4.0393,0,0.05697,0.00667,0,-0.011,0,0.001,0.26572,0.84274,1.06346,0.44706,0.00826,0.10401,0.46504,0.00001,0,0.00001,0,0.00294,0.00001,0.38004,2.17869,0.23381,0.59712,0.012,3.44339,0.20426,0.04173,0.15979,0.22703,1.53037,1.52717,1.65298,0.00001,2.27957,0.00152,0.10401,0.20426,1.52717,1.65298,0.46504,0.45236,0.38004,0.65781,2.27957,0.05764,0.60354
2026-05-24 11:00:00,4.17828,0,0.05699,0.00283,0,0.001,0,0.001,0.26572,0.84274,1.08685,0.56968,0.00826,0.10601,0.46771,0.00001,0,0.00001,0,-0.0088,0.00001,0.38004,2.2434,0.22408,0.62499,0.012,3.47337,0.20426,0.04065,0.1341,0.22402,1.53025,1.52717,1.6495,0.00001,2.295,0.00151,0.10601,0.20426,1.52717,1.6495,0.46771,0.4549,0.38004,0.65788,2.295,0.05743,0.6035
2026-05-24 12:00:00,4.32791,0,0.05708,-0.00317,0,0.001,0,0.001,0.27394,0.84274,1.11051,0.82156,0.008,0.10801,0.46771,0.00001,0,0.00001,0,-0.0088,0.00001,0.38004,2.2478,0.23413,0.66372,0.011,3.50335,0.20426,0.04207,0.14484,0.22503,1.53017,1.53817,1.64603,0.00001,2.295,0.00151,0.10801,0.20426,1.53817,1.64603,0.46771,0.45745,0.38004,0.65801,2.295,0.05726,0.59722
2026-05-24 13:00:00,4.42999,0,0.03825,-0.00508,0,0.001,0,0.001,0.2819,0.86425,1.13443,1.13713,0.00764,0.11001,0.46771,0.00001,0,0.00001,0,0,0.00001,0.38004,2.25599,0.23454,0.66233,0.011,3.51004,0.20668,0.04172,0.10676,0.22402,1.52772,1.53817,1.64257,0.00001,2.30272,0.0015,0.11001,0.20668,1.53817,1.64257,0.46771,0.45745,0.38004,0.65816,2.30272,0.05713,0.59095
2026-05-24 14:00:00,4.37902,0,0.01947,-0.009,0,0.001,0,0.001,0.28391,0.88058,1.14045,1.39676,0.00729,0.11301,0.47039,0.00001,0,0.00001,0,-0.0088,0.00001,0.37804,2.28912,0.23463,0.64328,0.012,3.51672,0.20668,0.04208,0.09602,0.22703,1.52533,1.53817,1.63911,0.00001,2.30272,0.00149,0.11301,0.20668,1.53817,1.63911,0.47039,0.46256,0.37804,0.65825,2.30272,0.05706,0.59091
2026-05-24 15:00:00,4.27723,0,0.02889,-0.00725,0,0.001,0,0.001,0.27198,0.87512,1.14648,1.60165,0.00729,0.11301,0.47307,0.00001,0,0.00001,0,-0.01469,0.00001,0.38304,2.25447,0.2521,0.60488,0.012,3.51195,0.20426,0.04245,0.12086,0.22503,1.5229,1.53217,1.63565,0.00001,2.28727,0.00149,0.11301,0.20426,1.53217,1.63565,0.47307,0.46256,0.38304,0.65833,2.28727,0.05695,0.59088
2026-05-24 16:00:00,4.17566,0,0.03834,-0.00425,0,0.001,0,0.001,0.26147,0.88058,1.16468,1.87109,0.00729,0.11301,0.47307,0.00001,0,0.00001,0,0.0352,0.00001,0.38804,2.2079,0.27808,0.6166,0.012,3.50718,0.20426,0.04066,0.10347,0.22503,1.52038,1.53217,1.62977,0.00001,2.27957,0.00148,0.11301,0.20426,1.53217,1.62977,0.47307,0.46256,0.38804,0.65849,2.27957,0.05677,0.59084
2026-05-24 17:00:00,4.07387,0,0.03868,-0.00333,0,0.001,0,0.001,0.26147,0.87512,1.18303,2.01295,0.00696,0.11201,0.47575,0.00001,0,0.00001,0,0.02934,0.00001,0.39804,2.16663,0.31471,0.59116,0.012,3.50241,0.20426,0.04136,0.09687,0.22703,1.51786,1.52717,1.62683,0.00001,2.27957,0.00147,0.11201,0.20426,1.52717,1.62683,0.47575,0.46256,0.39804,0.65876,2.27957,0.05656,0.59079
2026-05-24 18:00:00,3.92076,0,0.03046,0.00275,0,0.001,0,0.001,0.25312,0.86425,1.17078,2.09093,0.00696,0.11301,0.47575,0.00001,0,0.00001,0,-0.02352,0.00001,0.40505,2.12822,0.33194,0.51781,0.012,3.49764,0.20426,0.04136,0.10517,0.22503,1.51537,1.52117,1.62683,0.00001,2.27187,0.00146,0.11301,0.20426,1.52117,1.62683,0.47575,0.46513,0.40505,0.65901,2.27187,0.0564,0.59075
2026-05-24 19:00:00,3.76787,0,0.02293,0.00342,0,0.001,0,0.001,0.23687,0.86425,1.16468,2.16817,0.00664,0.11201,0.47575,0.00001,0,0.00001,0,-0.0294,0.00001,0.41505,2.04766,0.33848,0.503,0.012,3.49613,0.20426,0.04206,0.10765,0.22503,1.51663,1.52117,1.6239,0.00001,2.27187,0.00145,0.11201,0.20426,1.52117,1.6239,0.47575,0.46256,0.41505,0.65922,2.27187,0.05627,0.59069
2026-05-24 20:00:00,3.61441,0,0.03425,-0.00008,0,0.001,0,0.001,0.22718,0.85346,1.1586,2.30189,0.00633,0.11401,0.47575,0.00001,0,0.00001,0,-0.02351,0.00001,0.41505,1.97258,0.35482,0.48759,0.012,3.49463,0.20426,0.04171,0.11674,0.22503,1.51794,1.52117,1.62097,0.00001,2.25652,0.00145,0.11401,0.20426,1.52117,1.62097,0.47575,0.46256,0.41505,0.65949,2.25652,0.0562,0.59063
2026-05-24 21:00:00,3.46095,0,0.03622,0.00275,0,0.001,0,0.001,0.2235,0.84809,1.15253,2.49107,0.00633,0.11501,0.47575,0.00001,0,0.00001,0,0.0176,0.00001,0.41505,1.99197,0.36347,0.47436,0.012,3.49312,0.20185,0.04136,0.11177,0.22703,1.51922,1.52117,1.61804,0.00001,2.24121,0.00145,0.11501,0.20185,1.52117,1.61804,0.47575,0.46256,0.41505,0.65982,2.24121,0.0561,0.59056
2026-05-24 22:00:00,3.3591,0,0.02884,0.01109,0,0.001,0,0.001,0.24289,0.84274,1.1586,2.55186,0.00604,0.11601,0.47575,0.00001,0,0.00001,0,-0.0264,0.00001,0.41705,2.00028,0.35283,0.45995,0.012,3.49161,0.20185,0.04171,0.12916,0.22503,1.52045,1.51617,1.61804,0.00001,2.24121,0.00144,0.11601,0.20185,1.51617,1.61804,0.47575,0.46256,0.41705,0.66016,2.24121,0.05593,0.59048
2026-05-24 23:00:00,3.25703,0,0.02105,0.01725,0,0.001,0,0.001,0.24492,0.81627,1.14648,2.48801,0.00576,0.11701,0.47575,0.00001,0,0.00001,0,-0.04694,0.00001,0.41205,1.94238,0.33251,0.44162,0.012,3.49011,0.20185,0.04135,0.14405,0.22402,1.52163,1.51617,1.61219,0.00001,2.23357,0.00144,0.11701,0.20185,1.51617,1.61219,0.47575,0.46256,0.41205,0.66051,2.23357,0.05573,0.59039
2026-05-25 00:00:00,3.15496,0,0.02188,-0.00075,0,0.001,0,0.001,0.23489,0.80582,1.12244,2.17258,0.0055,0.11901,0.47844,0.00001,0,0.00001,0,0.01177,0.00001,0.41505,1.87584,0.33212,0.45837,0.013,3.4886,0.20185,0.04206,0.12666,0.22503,1.52287,1.51017,1.60635,0.00001,2.21833,0.00143,0.11901,0.20185,1.51017,1.60635,0.47844,0.46256,0.41505,0.6608,2.21833,0.05558,0.59029
2026-05-25 01:00:00,3.05317,0,0.03147,-0.00808,-0.012,0.001,0,0.001,0.23292,0.80582,1.13443,1.73132,0.00524,0.12001,0.47844,0.00001,0,0.00001,0,0.01471,0.00001,0.41705,1.86343,0.35193,0.43893,0.013,3.50556,0.20185,0.04063,0.16642,0.22503,1.53156,1.51017,1.60343,0.00001,2.21833,0.00143,0.12001,0.20185,1.51017,1.60343,0.47844,0.46513,0.41705,0.661,2.21833,0.05546,0.59016
2026-05-25 02:00:00,3.00292,0,0.03153,-0.00142,0.012,0.001,0,0.001,0.23097,0.80062,1.10457,1.35458,0.00524,0.12101,0.47844,0.00001,0,0.00001,0,0.01471,0.00001,0.41505,1.87887,0.35262,0.43634,0.013,3.52252,0.20185,0.04069,0.16642,0.22202,1.54029,1.51017,1.59761,0.00001,2.21073,0.00142,0.12101,0.20185,1.51017,1.59761,0.47844,0.46513,0.41505,0.6612,2.21073,0.05539,0.59001
2026-05-25 03:00:00,3.05425,0,0.0315,-0.005,0,0.001,0,0.001,0.22903,0.80062,1.08098,0.91446,0.005,0.12201,0.48114,0.00001,0,0.00001,0,-0.02051,0.00001,0.41505,1.88539,0.3327,0.45172,0.014,3.53949,0.20426,0.0407,0.1341,0.22503,1.54901,1.50517,1.5947,0.00001,2.21833,0.00142,0.12201,0.20426,1.50517,1.5947,0.48114,0.46513,0.41505,0.66137,2.21833,0.05529,0.58983
2026-05-25 04:00:00,3.1561,0,0.03147,-0.00967,0,0.001,0,0.001,0.22534,0.80582,1.07512,0.53697,0.005,0.12301,0.48384,0.00001,0,0.00001,0,-0.0264,0.00001,0.41205,1.90314,0.33325,0.43302,0.015,3.55645,0.20426,0.03997,0.13575,0.22402,1.55764,1.51017,1.59179,0.00001,2.23357,0.00142,0.12301,0.20426,1.51017,1.59179,0.48384,0.46513,0.41205,0.66154,2.23357,0.05512,0.5896
2026-05-25 05:00:00,3.25817,0,0.04092,-0.01375,0,0.001,0,0.001,0.21987,0.80582,1.07512,0.41117,0.00452,0.12401,0.48384,0.00001,0,0.00001,0,0.04402,0.00001,0.41005,1.98306,0.35344,0.44974,0.024,3.57341,0.20426,0.0414,0.14405,0.22402,1.56625,1.51617,1.58598,0.00001,2.23357,0.00141,0.12401,0.20426,1.51617,1.58598,0.48384,0.46513,0.41005,0.6617,2.23357,0.05493,0.5893
2026-05-25 06:00:00,3.36024,0,0.05031,0.003,0,0.001,0,0.001,0.21453,0.8268,1.08098,0.4757,0.00429,0.12501,0.48384,0.00001,0,0.00001,0,0.03814,0.00001,0.40705,2.09963,0.37308,0.48378,0.021,3.59037,0.20668,0.04034,0.14405,0.22302,1.5749,1.51017,1.58018,0.00001,2.24121,0.00141,0.12501,0.20668,1.51017,1.58018,0.48384,0.46513,0.40705,0.66193,2.24121,0.05477,0.58891
2026-05-25 07:00:00,3.43155,0,0.05037,0.01308,0,0.001,0,0.001,0.2163,0.8268,1.09274,0.56577,0.00408,0.12601,0.48925,0.00001,0,0.00001,0,-0.00297,0.00001,0.40505,2.18111,0.38318,0.50123,0.02,3.58964,0.20426,0.03997,0.11091,0.22302,1.57347,1.51017,1.57714,0.00001,2.24121,0.00141,0.12601,0.20426,1.51017,1.57714,0.48925,0.46513,0.40505,0.66225,2.24121,0.05466,0.58836
2026-05-25 08:00:00,3.53819,0,0.05978,0.01408,0,0.001,0,0.001,0.2163,0.84809,1.08685,0.60311,0.00388,0.12801,0.48925,0.00001,0,0.00001,0,-0.003,0.00001,0.40705,2.22278,0.38276,0.50221,0.02,3.58891,0.20426,0.0396,0.101,0.22402,1.57211,1.51617,1.57409,0.00001,2.24886,0.0014,0.12801,0.20426,1.51617,1.57409,0.48925,0.4677,0.40705,0.66257,2.24886,0.05459,0.58754
2026-05-25 09:00:00,3.61441,0,0.05972,0.00958,0,0.001,0,0.001,0.21808,0.83741,1.11646,0.66418,0.00369,0.12801,0.49197,0.00001,0,0.00001,0,-0.003,0.00001,0.40505,2.22565,0.39258,0.5195,0.021,3.58818,0.20668,0.04066,0.10929,0.22202,1.57071,1.52117,1.56497,0.00001,2.25652,0.0014,0.12801,0.20668,1.52117,1.56497,0.49197,0.47028,0.40505,0.66296,2.25652,0.0545,0.58616
2026-05-25 10:00:00,3.61441,0,0.04086,0.00308,0,0.001,0,0.001,0.21987,0.84274,1.11646,0.79033,0.00333,0.12901,0.4947,0.00001,0,0.00001,0,-0.003,0.00001,0.40505,2.22051,0.39272,0.53631,0.021,3.58744,0.21153,0.0403,0.12501,0.22002,1.56924,1.52117,1.56194,0.00001,2.25652,0.0014,0.12901,0.21153,1.52117,1.56194,0.4947,0.47546,0.40505,0.66334,2.25652,0.05435,0.58341
2026-05-25 11:00:00,3.61441,0,0.03144,0.00458,0,0.001,0,0.001,0.2163,0.83741,1.12843,0.79252,0.00333,0.13001,0.4947,0.00001,0,0.00001,0,-0.0382,0.00001,0.40505,2.19494,0.38249,0.53652,0.02,3.58671,0.21397,0.04065,0.12416,0.22202,1.56778,1.49917,1.55891,0.00001,2.26419,0.00139,0.13001,0.21397,1.49917,1.55891,0.4947,0.48066,0.40505,0.66363,2.26419,0.05418,0.57516
2026-05-25 12:00:00,3.60324,0,0.03147,-0.001,0,0.001,0,0.001,0.21453,0.83741,1.14648,1.07614,0.00316,0.13001,0.4947,0.00001,0,0.00001,0,0.07922,0.00001,0.40505,2.21857,0.37226,0.51872,0.02,3.58598,0.21642,0.03993,0.11671,0.22302,1.56633,1.47216,1.55589,0.00001,2.26419,0.00139,0.13001,0.21642,1.47216,1.55589,0.4947,0.48589,0.40505,0.66399,2.26419,0.05405,0.57352
2026-05-25 13:00:00,3.59082,0,0.02203,-0.01008,0,0.001,0,0.001,0.21102,0.8321,1.14045,1.34507,0.00316,0.13001,0.4947,0.00001,0,0.00001,0,0.19662,0.00001,0.40505,2.21506,0.35207,0.53608,0.019,3.56552,0.21642,0.041,0.11509,0.22002,1.56057,1.44016,1.56194,0,2.25652,0.00138,0.13001,0.21642,1.44016,1.56194,0.4947,0.49114,0.40505,0.66455,2.25652,0.05395,0.57352
2026-05-25 14:00:00,3.57842,0,0.00322,-0.01484,0,0.001,0,0.001,0.20816,0.83741,1.15253,1.61472,0.00316,0.12801,0.50016,0.00001,0,0.00001,0,0.07337,0.00001,0.40505,2.13213,0.34802,0.55483,0.019,3.54506,0.21887,0.03992,0.12336,0.22202,1.55485,1.39616,1.55891,0.00001,2.25652,0.00137,0.12801,0.21887,1.39616,1.55891,0.50016,0.49379,0.40505,0.66534,2.25652,0.05389,0.573
2026-05-25 15:00:00,3.566,0,0.00331,-0.00917,0,0.001,0,0.001,0.23687,0.83741,1.13443,1.62772,0.00316,0.12601,0.5029,0.00001,0,0.00001,0,-0.02346,0.00001,0.41205,2.06681,0.34987,0.55639,0.018,3.52461,0.21887,0.03928,0.11424,0.22202,1.54912,1.36915,1.55589,0.00001,2.24121,0.00137,0.12601,0.21887,1.36915,1.55589,0.5029,0.49643,0.41205,0.66631,2.24121,0.0538,0.57249
2026-05-25 16:00:00,3.55359,0,0.02214,-0.00625,0,0.001,0,0.001,0.24903,0.81627,1.13443,1.62348,0.00316,0.12501,0.50016,0.00001,0,0.00001,0,-0.02343,0.00001,0.41705,2.0905,0.35172,0.54187,0.018,3.50415,0.21887,0.04027,0.09688,0.22202,1.5433,1.34215,1.55287,0.00001,2.21833,0.00136,0.12501,0.21887,1.34215,1.55287,0.50016,0.49643,0.41705,0.6674,2.21833,0.05364,0.57197
2026-05-25 17:00:00,3.54118,0,0.02217,-0.01067,0,0.001,0,0.001,0.25519,0.80582,1.11646,1.6266,0.00316,0.12501,0.50016,0.00001,0,0.00001,0,-0.02637,0.00001,0.42505,2.05561,0.36393,0.52794,0.017,3.48369,0.21642,0.03855,0.08281,0.22202,1.53746,1.33715,1.54985,0.00001,2.20314,0.00135,0.12501,0.21642,1.33715,1.54985,0.50016,0.49379,0.42505,0.66865,2.20314,0.05346,0.57146
2026-05-25 18:00:00,3.52877,0,0.02217,-0.01409,0,0.001,0,0.001,0.26359,0.81104,1.12244,1.61103,0.00316,0.12501,0.50016,0.00001,0,0.00001,0,-0.14965,0.00001,0.43005,1.92266,0.36617,0.54762,0.017,3.46323,0.21397,0.04033,0.07286,0.22302,1.53166,1.32615,1.54985,0.00001,2.17287,0.00134,0.12501,0.21397,1.32615,1.54985,0.50016,0.49114,0.43005,0.67009,2.17287,0.05332,0.57094
2026-05-25 19:00:00,3.52402,0,0.03153,-0.00617,0,0.001,0,0.001,0.26147,0.78001,1.11646,1.60204,0.00316,0.12501,0.4947,0.00001,0,0.00001,0,-0.12616,0.00001,0.43805,1.91969,0.36828,0.51433,0.017,3.44119,0.21642,0.03819,0.09685,0.22202,1.5261,1.33115,1.54381,0.00001,2.16533,0.00134,0.12501,0.21642,1.33115,1.54381,0.4947,0.48589,0.43805,0.67161,2.16533,0.05321,0.57043
2026-05-25 20:00:00,3.51927,0,0.03147,-0.00475,0,0.001,0,0.001,0.25936,0.78001,1.10457,1.5845,0.00316,0.12401,0.49743,0.00001,0,0.00001,0,0.00591,0.00001,0.44005,1.94685,0.37432,0.49688,0.017,3.41914,0.21397,0.03888,0.11589,0.22302,1.52061,1.32615,1.5408,0.00001,2.14279,0.00133,0.12401,0.21397,1.32615,1.5408,0.49743,0.48327,0.44005,0.67314,2.14279,0.05315,0.56992
2026-05-25 21:00:00,3.51452,0,0.02209,-0.01884,0,0.001,0,0.001,0.26359,0.76982,1.08098,1.58114,0.00316,0.12301,0.48384,0.00001,0,0.00001,0,0.00886,0.00001,0.44305,1.92111,0.36422,0.46674,0.017,3.3971,0.21153,0.04066,0.1515,0.22002,1.51508,1.32615,1.53479,0.00001,2.12034,0.00133,0.12301,0.21153,1.32615,1.53479,0.48384,0.47806,0.44305,0.67456,2.12034,0.05306,0.5694
2026-05-25 22:00:00,3.50977,0,0.01276,-0.01734,-0.012,0.001,0,0.001,0.26572,0.74965,1.09865,1.57489,0.00316,0.12201,0.49197,0.00001,0,0.00001,0,0.02057,0.00001,0.44005,1.88051,0.36422,0.45315,0.017,3.37505,0.2091,0.03888,0.1432,0.22302,1.50949,1.32115,1.53178,0.00001,2.09799,0.00132,0.12201,0.2091,1.32115,1.53178,0.49197,0.47546,0.44005,0.676,2.09799,0.05292,0.56889
2026-05-25 23:00:00,3.50501,0,0.02209,-0.009,0,0.001,0,0.001,0.27394,0.74965,1.08685,1.56159,0.00316,0.12201,0.49197,0.00001,0,0.00001,0,0.02643,0.00001,0.43805,1.85549,0.36434,0.46943,0.017,3.35301,0.20668,0.03851,0.14234,0.22102,1.50389,1.32115,1.52878,0.00001,2.08316,0.00131,0.12201,0.20668,1.32115,1.52878,0.49197,0.47028,0.43805,0.67738,2.08316,0.05275,0.56837
2026-05-26 00:00:00,3.49543,0,0.02203,-0.00717,0,0.001,0,0.001,0.26787,0.72978,1.06928,1.53818,0.00316,0.12201,0.49197,0.00001,0,0.00001,0,0.02057,0.00001,0.43305,1.8666,0.34415,0.43504,0.017,3.33096,0.20426,0.03922,0.16965,0.22002,1.4983,1.31515,1.52578,0.00001,2.06098,0.00131,0.12201,0.20426,1.31515,1.52578,0.49197,0.4677,0.43305,0.67851,2.06098,0.05261,0.56786
2026-05-26 01:00:00,3.49276,0,0.03144,-0.00859,0,0.001,0,0.001,0.27591,0.71996,1.02883,1.54328,0.00316,0.12101,0.49197,0.00001,0,0.00001,0,-0.08508,0.00001,0.42805,1.81126,0.34403,0.40063,0.017,3.31846,0.20185,0.03957,0.14564,0.22002,1.49614,1.31015,1.52279,0.00001,2.04626,0.00131,0.12101,0.20185,1.31015,1.52279,0.49197,0.4677,0.42805,0.67937,2.04626,0.05252,0.56734
2026-05-26 02:00:00,3.4901,0,0.04092,0.00016,0,0.001,0,0.001,0.26359,0.71508,1.04032,1.53661,0.003,0.12101,0.48925,0.00001,0,0.00001,0,-0.08216,0.00001,0.42305,1.78152,0.34403,0.38647,0.017,3.30597,0.20185,0.0375,0.11085,0.22002,1.49402,1.31515,1.5168,0.00001,2.03158,0.0013,0.12101,0.20185,1.31515,1.5168,0.48925,0.46256,0.42305,0.67993,2.03158,0.05246,0.56683
2026-05-26 03:00:00,3.48743,0,0.02217,-0.00267,0,0.001,0,0.001,0.26359,0.72978,1.02883,1.51883,0.003,0.12001,0.48925,0.00001,0,0.00001,0,0.0088,0.00001,0.42005,1.82534,0.34415,0.40468,0.016,3.29347,0.20185,0.03928,0.10921,0.22202,1.49188,1.31515,1.51083,0.00001,2.02426,0.0013,0.12001,0.20185,1.31515,1.51083,0.48925,0.46,0.42005,0.6802,2.02426,0.05238,0.56632
2026-05-26 04:00:00,3.48476,0,0.03168,-0.00675,0,0.013,0,0.001,0.27394,0.72486,1.00608,1.48254,0.003,0.12001,0.48654,0.00001,0,0.00001,0,-0.00294,0.00001,0.41505,1.83587,0.35437,0.42242,0.015,3.28097,0.19945,0.03784,0.11751,0.22002,1.48967,1.32115,1.50189,0.00001,2.00964,0.0013,0.12001,0.19945,1.32115,1.50189,0.48654,0.45745,0.41505,0.68017,2.00964,0.05224,0.56675
2026-05-26 05:00:00,3.4821,0,0.05052,-0.00175,0,0.001,0,0.001,0.2819,0.73968,0.98919,1.47991,0.00288,0.11901,0.48654,0.00001,0,0.00001,0,-0.01174,0.00001,0.41205,1.9288,0.34415,0.4247,0.015,3.26848,0.19706,0.0382,0.10014,0.22002,1.48746,1.32615,1.49297,0.00001,2.01694,0.00129,0.11901,0.19706,1.32615,1.49297,0.48654,0.4549,0.41205,0.67995,2.01694,0.05209,0.56718
2026-05-26 06:00:00,3.47943,0,0.0504,0.00217,0,0.001,0,0.001,0.28798,0.75969,1.00608,1.47267,0.00288,0.11901,0.48384,0.00001,0,0.00001,0,-0.00294,0.00001,0.41205,2.0015,0.34403,0.42474,0.015,3.25598,0.19706,0.0389,0.09437,0.22102,1.48527,1.32115,1.48408,0.00001,2.00964,0.00129,0.11901,0.19706,1.32115,1.48408,0.48384,0.45236,0.41205,0.67963,2.00964,0.05197,0.56762
2026-05-26 07:00:00,3.46823,0,0.04095,0.00625,0,0.001,0,0.001,0.28798,0.77491,1.01743,1.45148,0.00288,0.11801,0.48654,0.00001,0,0.00001,0,0.00294,0.00001,0.41005,2.01685,0.34403,0.47683,0.015,3.25166,0.19706,0.03712,0.12916,0.22002,1.48308,1.32115,1.47226,0.00001,2.03158,0.00129,0.11801,0.19706,1.32115,1.47226,0.48654,0.45236,0.41005,0.67915,2.03158,0.05187,0.56805
2026-05-26 08:00:00,3.45702,0,0.02776,-0.00583,0.012,0.001,0,0.001,0.2949,0.79028,1.01175,1.43513,0.00288,0.11801,0.48114,0.00001,0,0.00001,0,-0.01171,0.00001,0.41005,2.11491,0.34403,0.50952,0.016,3.24734,0.19468,0.03925,0.1598,0.21902,1.48091,1.32615,1.46049,0.00001,2.02426,0.00128,0.11801,0.19468,1.32615,1.46049,0.48114,0.44982,0.41005,0.67845,2.02426,0.05182,0.56849
2026-05-26 09:00:00,3.44582,0,0.05216,0.00908,-0.012,0.001,0,0.001,0.28798,0.81104,1.02883,1.43429,0.00277,0.11801,0.48384,0.00001,0,0.00001,0,-0.0088,0.00001,0.40705,2.11481,0.34403,0.52323,0.016,3.24303,0.19468,0.03819,0.13413,0.21602,1.47874,1.32615,1.44583,0.00001,2.01694,0.00128,0.11801,0.19468,1.32615,1.44583,0.48384,0.44729,0.40705,0.67759,2.01694,0.05174,0.56892
2026-05-26 10:00:00,3.43461,0,0.04522,0,0,0.001,0,0.001,0.28391,0.80582,1.05185,1.44964,0.00277,0.11801,0.48384,0.00001,0,0.00001,0,0,0.00001,0.40705,2.04728,0.33391,0.52242,0.017,3.23871,0.19468,0.03718,0.13132,0.21902,1.47651,1.32615,1.43707,0.00001,2.02426,0.00128,0.11801,0.19468,1.32615,1.43707,0.48384,0.44729,0.40705,0.67668,2.02426,0.05161,0.56935
2026-05-26 11:00:00,3.42341,0,0.03828,0,0,0.001,0,0.001,0.2819,0.8268,1.08098,1.44673,0.00277,0.11801,0.48384,0.00001,0,0.00001,0,0,0.00001,0.40505,1.97953,0.32379,0.5216,0.019,3.23439,0.19468,0.03781,0.13051,0.21902,1.47424,1.32115,1.42834,0.00001,2.02426,0.00127,0.11801,0.19468,1.32115,1.42834,0.48384,0.44729,0.40505,0.67563,2.02426,0.05145,0.56979
2026-05-26 12:00:00,3.4122,0,0.03134,0,0,0.001,0,0.001,0.28594,0.84809,1.10457,1.45658,0.00266,0.11701,0.48384,0.00001,0,0.00001,0,0,0.00001,0.40204,1.91166,0.31367,0.52079,0.02,3.23007,0.19231,0.03887,0.1287,0.22002,1.47202,1.32115,1.41673,0.00001,2.00964,0.00127,0.11701,0.19231,1.32115,1.41673,0.48384,0.44477,0.40204,0.67448,2.00964,0.05133,0.57194
2026-05-26 13:00:00,3.40512,0,0.03132,0.00001,0,0.001,0,0.00099,0.28584,0.83362,1.13443,1.47661,0.00262,0.11601,0.48317,0,0,0.00001,0,0,0,0.40505,1.90879,0.30505,0.51981,0.021,3.22821,0.19231,0.03864,0.13425,0.22021,1.47089,1.32123,1.40993,0,2.00404,0.00126,0.11601,0.19231,1.32123,1.40993,0.48317,0.4444,0.40505,0.6733,2.00404,0.05127,0.57425
2026-05-26 14:00:00,3.39803,0,0.0313,0.00004,0,0.001,0,0.00099,0.28573,0.81663,1.1532,1.50312,0.00262,0.116,0.48246,0,0,0.00001,0,0,0,0.40391,1.90582,0.29641,0.51883,0.021,3.22635,0.193,0.03843,0.13783,0.2201,1.46982,1.32131,1.40334,0,1.99783,0.00125,0.116,0.193,1.32131,1.40334,0.48246,0.44406,0.40391,0.67212,1.99783,0.05126,0.57483
2026-05-26 15:00:00,3.39095,0,0.03128,0.00009,0,0.00099,0,0.00099,0.28563,0.80032,1.16078,1.52723,0.00261,0.1161,0.48178,0,0,0.00001,0,0,0,0.40266,1.9026,0.28779,0.51785,0.02101,3.22449,0.19363,0.0382,0.13995,0.22002,1.46876,1.32139,1.39683,0,1.9911,0.00124,0.1161,0.19363,1.32139,1.39683,0.48178,0.44378,0.40266,0.67085,1.9911,0.05127,0.57541
2026-05-26 16:00:00,3.38387,0,0.03125,0.00018,0,0.00099,0,0.00098,0.28553,0.78452,1.15225,1.5549,0.00261,0.11641,0.48116,0,0,0.00001,0,0,0,0.40177,1.89901,0.27916,0.51686,0.02101,3.22262,0.19425,0.03797,0.14124,0.22006,1.46778,1.32147,1.39064,0,1.98393,0.00124,0.11641,0.19425,1.32147,1.39064,0.48116,0.44353,0.40177,0.66951,1.98393,0.05137,0.57599
2026-05-26 17:00:00,3.37678,0,0.03123,0.00034,0,0.00098,0,0.00098,0.28543,0.76924,1.13817,1.57588,0.0026,0.11696,0.48064,0,0,0.00001,0,0,0,0.40111,1.89517,0.27052,0.51588,0.02101,3.22076,0.19479,0.03776,0.14209,0.21936,1.46686,1.32155,1.38489,0,1.97636,0.00123,0.11696,0.19479,1.32155,1.38489,0.48064,0.44328,0.40111,0.66823,1.97636,0.05151,0.57657
2026-05-26 18:00:00,3.3697,0,0.03121,0.00047,0,0.00098,0,0.00098,0.28534,0.75208,1.12239,1.58584,0.0026,0.11769,0.48024,0,0,0.00001,0,0,0,0.40061,1.89117,0.2619,0.5149,0.02101,3.2189,0.19526,0.03753,0.14269,0.21808,1.4659,1.32163,1.37961,0,1.96849,0.00122,0.11769,0.19526,1.32163,1.37961,0.48024,0.44302,0.40061,0.66699,1.96849,0.05162,0.57715
2026-05-26 19:00:00,3.35636,0,0.0312,0.00055,0,0.00098,0,0.00097,0.28524,0.73221,1.10964,1.58179,0.00259,0.11851,0.47998,0,0,0.00001,0,0,0,0.40022,1.88706,0.25561,0.51157,0.02102,3.21111,0.19567,0.03696,0.14124,0.21622,1.46106,1.32172,1.37491,0,1.96045,0.00122,0.11851,0.19567,1.32172,1.37491,0.47998,0.44272,0.40022,0.66581,1.96045,0.05169,0.57773
2026-05-26 20:00:00,3.34303,0,0.03121,0.0006,0,0.00098,0,0.00098,0.28515,0.71306,1.09389,1.57107,0.00259,0.11937,0.47984,0,0,0.00001,0,0,0,0.39987,1.88289,0.2493,0.50824,0.02102,3.20332,0.19601,0.03641,0.13956,0.21393,1.45616,1.3218,1.37047,0,1.95233,0.00121,0.11937,0.19601,1.3218,1.37047,0.47984,0.44239,0.39987,0.66469,1.95233,0.05171,0.57831
2026-05-26 21:00:00,3.32969,0,0.03124,0.00061,0,0.00098,0,0.00097,0.28505,0.69911,1.07467,1.55871,0.00259,0.12029,0.47983,0,0,0.00001,0,0,0,0.39957,1.8773,0.24301,0.50491,0.02102,3.19552,0.1963,0.03584,0.13779,0.21253,1.45124,1.32187,1.36615,0,1.9442,0.0012,0.12029,0.1963,1.32187,1.36615,0.47983,0.44206,0.39957,0.66363,1.9442,0.0517,0.57889
2026-05-26 22:00:00,3.31636,0,0.0313,0.00061,0,0.00097,0,0.00097,0.28496,0.68578,1.05415,1.54895,0.00258,0.12115,0.47993,0,0,0.00001,0,0,0,0.39925,1.86928,0.24652,0.50157,0.02102,3.18773,0.19655,0.03527,0.13599,0.21195,1.44626,1.32195,1.36219,0,1.93613,0.0012,0.12115,0.19655,1.32195,1.36219,0.47993,0.44169,0.39925,0.66263,1.93613,0.05163,0.57947
2026-05-26 23:00:00,3.30302,0,0.03137,0.0006,0,0.00097,0,0.00096,0.28487,0.67285,1.03473,1.53819,0.00258,0.12194,0.48012,0,0,0.00001,0,0,0,0.39893,1.85957,0.25003,0.49824,0.02103,3.17994,0.19676,0.03472,0.13414,0.21141,1.44122,1.32203,1.35857,0,1.92816,0.0012,0.12194,0.19676,1.32203,1.35857,0.48012,0.44134,0.39893,0.66168,1.92816,0.05151,0.5783
2026-05-27 00:00:00,3.28969,0,0.03143,0.00059,0,0.00097,0,0.00096,0.28477,0.66767,1.0169,1.52448,0.00257,0.12261,0.48038,0,0,0.00001,0,0,0,0.3986,1.84881,0.25355,0.49491,0.02103,3.17215,0.19694,0.03415,0.13231,0.21098,1.43622,1.32212,1.35515,0,1.92035,0.00119,0.12261,0.19694,1.32212,1.35515,0.48038,0.44099,0.3986,0.66078,1.92035,0.05142,0.57712
2026-05-27 01:00:00,3.27453,0,0.0315,0.00058,0,0.00097,0,0.00096,0.28467,0.67267,1.00061,1.50883,0.00257,0.12321,0.48023,0,0,0,0,0,0,0.39826,1.83736,0.25683,0.48921,0.02149,3.15654,0.1971,0.03402,0.13119,0.21071,1.4318,1.3222,1.3518,0,1.91273,0.00119,0.12321,0.1971,1.3222,1.3518,0.48023,0.44066,0.39826,0.65991,1.91273,0.0514,0.57595
2026-05-27 02:00:00,3.25937,0,0.03155,0.00056,0,0.00097,0,0.00095,0.28458,0.6731,0.98721,1.49323,0.00256,0.12371,0.47973,0,0,0,0,0,0,0.39792,1.82547,0.26011,0.48351,0.02149,3.14092,0.19727,0.03389,0.13022,0.21058,1.42744,1.32228,1.34849,0,1.90531,0.00118,0.12371,0.19727,1.32228,1.34849,0.47973,0.44034,0.39792,0.65909,1.90531,0.05145,0.57477
2026-05-27 03:00:00,3.24421,0,0.03159,0.00052,0,0.00096,0,0.00095,0.28448,0.67568,0.97864,1.47876,0.00256,0.12415,0.47936,0,0,0,0,0,0,0.39758,1.81324,0.26339,0.47781,0.0215,3.12531,0.19736,0.03376,0.12936,0.21058,1.42317,1.32235,1.34536,0,1.89811,0.00118,0.12415,0.19736,1.32235,1.34536,0.47936,0.44006,0.39758,0.6583,1.89811,0.05158,0.5736
2026-05-27 04:00:00,3.22905,0,0.03161,0.00046,0,0.00096,0,0.00095,0.28439,0.67699,0.9748,1.46562,0.00255,0.12451,0.4791,0,0,0,0,0,0,0.39725,1.80072,0.26666,0.47211,0.0215,3.1097,0.19734,0.03362,0.12853,0.21087,1.41915,1.32244,1.34241,0,1.89115,0.00118,0.12451,0.19734,1.32244,1.34241,0.4791,0.43981,0.39725,0.65755,1.89115,0.05197,0.57242
2026-05-27 05:00:00,3.21389,0,0.03163,0.00034,0,0.00096,0,0.00095,0.28428,0.67572,0.97172,1.45894,0.00255,0.12482,0.47891,0,0,0,0,0,0,0.39693,1.78799,0.26994,0.46641,0.0215,3.09408,0.19737,0.0335,0.12768,0.21131,1.41528,1.32252,1.33961,0,1.88442,0.00117,0.12482,0.19737,1.32252,1.33961,0.47891,0.43959,0.39693,0.65681,1.88442,0.0525,0.57125
2026-05-27 06:00:00,3.19873,0,0.03163,0.00024,0,0.00096,0,0.00094,0.28419,0.67109,0.9695,1.45281,0.00255,0.12508,0.4788,0,0,0,0,0,0,0.39663,1.77515,0.27322,0.46071,0.0215,3.07847,0.19742,0.03336,0.12688,0.21167,1.41127,1.3226,1.33698,0,1.87794,0.00117,0.12508,0.19742,1.3226,1.33698,0.4788,0.43938,0.39663,0.65611,1.87794,0.0529,0.57007
2026-05-27 07:00:00,3.18611,0,0.03163,0.00017,0,0.00096,0,0.00094,0.2841,0.66381,0.96691,1.4478,0.00254,0.12531,0.47873,0,0,0,0,0,0,0.39637,1.76222,0.27205,0.45355,0.02151,3.0562,0.19744,0.03315,0.12431,0.21186,1.40408,1.32268,1.3345,0,1.8717,0.00117,0.12531,0.19744,1.32268,1.3345,0.47873,0.43915,0.39637,0.65542,1.8717,0.05314,0.5689
2026-05-27 08:00:00,3.17349,0,0.0316,0.00013,0,0.00096,0,0.00094,0.284,0.65632,0.96276,1.44316,0.00254,0.12551,0.4787,0,0,0,0,0,0,0.39612,1.74924,0.27088,0.44639,0.02151,3.03392,0.19756,0.03296,0.12177,0.21187,1.39671,1.32276,1.33216,0,1.86569,0.00116,0.12551,0.19756,1.32276,1.33216,0.4787,0.43892,0.39612,0.65475,1.86569,0.05318,0.56772
2026-05-27 09:00:00,3.16088,0,0.03154,0.00011,0,0.00096,0,0.00094,0.2839,0.64865,0.9561,1.43804,0.00253,0.12572,0.47871,0,0,0,0,0,0,0.39589,1.73643,0.26972,0.43923,0.02151,3.01165,0.19768,0.03275,0.11917,0.21179,1.38923,1.32284,1.32995,0,1.85991,0.00116,0.12572,0.19768,1.32284,1.32995,0.47871,0.43867,0.39589,0.65409,1.85991,0.05313,0.56655
2026-05-27 10:00:00,3.14826,0,0.03146,0.00009,0,0.00095,0,0.00094,0.2838,0.64005,0.94767,1.43216,0.00253,0.12592,0.47876,0,0,0,0,0,0,0.39566,1.72396,0.26855,0.43207,0.02151,2.98938,0.19779,0.03254,0.11659,0.21143,1.38146,1.32292,1.32787,0,1.85435,0.00116,0.12592,0.19779,1.32292,1.32787,0.47876,0.43845,0.39566,0.65345,1.85435,0.05279,0.56537
2026-05-27 11:00:00,3.13564,0,0.03136,0.00008,0,0.00095,0,0.00094,0.28371,0.63079,0.93797,1.42474,0.00252,0.12614,0.47884,0,0,0,0,0,0,0.39543,1.71181,0.26738,0.42491,0.02152,2.9671,0.19788,0.03235,0.11401,0.21092,1.37355,1.323,1.32591,0,1.849,0.00115,0.12614,0.19788,1.323,1.32591,0.47884,0.43822,0.39543,0.65284,1.849,0.05229,0.5642
2026-05-27 12:00:00,3.12302,0,0.03126,0.00006,0,0.00095,0,0.00094,0.28361,0.62109,0.92751,1.41495,0.00252,0.12635,0.47894,0,0,0,0,0,0,0.39519,1.69976,0.26621,0.41775,0.02152,2.94483,0.19797,0.03214,0.11143,0.21054,1.36574,1.32308,1.32406,0,1.84386,0.00115,0.12635,0.19797,1.32308,1.32406,0.47894,0.438,0.39519,0.65223,1.84386,0.05191,0.56132
2026-05-27 13:00:00,3.1126,0,0.03116,0.00005,0,0.00095,0,0.00094,0.28351,0.61316,0.9161,1.40276,0.00252,0.12657,0.47909,0,0,0,0,0,0,0.39497,1.68783,0.26216,0.41154,0.02152,2.92063,0.19805,0.03198,0.11128,0.21021,1.36048,1.32317,1.32232,0,1.83893,0.00114,0.12657,0.19805,1.32317,1.32232,0.47909,0.43781,0.39497,0.65166,1.83893,0.0516,0.55823
2026-05-27 14:00:00,3.10219,0,0.03108,0.00004,0,0.00095,0,0.00094,0.28342,0.60466,0.90477,1.38881,0.00251,0.12678,0.47926,0,0,0,0,0,0,0.39474,1.67595,0.25811,0.40534,0.02152,2.89643,0.19811,0.0318,0.11116,0.21003,1.35535,1.32325,1.32068,0,1.8342,0.00113,0.12678,0.19811,1.32325,1.32068,0.47926,0.43763,0.39474,0.65111,1.8342,0.05143,0.55684
2026-05-27 15:00:00,3.09177,0,0.031,0.00003,0,0.00094,0,0.00093,0.28331,0.5962,0.8935,1.37363,0.00251,0.12699,0.47947,0,0,0,0,0,0,0.39452,1.6645,0.25407,0.39913,0.02153,2.87223,0.19816,0.03163,0.11101,0.2098,1.35017,1.32332,1.31914,0,1.82966,0.00113,0.12699,0.19816,1.32332,1.31914,0.47947,0.43746,0.39452,0.65057,1.82966,0.0512,0.55545
2026-05-27 16:00:00,3.08135,0,0.03093,0.00002,0,0.00094,0,0.00093,0.28322,0.58777,0.88232,1.35746,0.0025,0.1272,0.47969,0,0,0,0,0,0,0.39433,1.65382,0.25002,0.39292,0.02153,2.84802,0.19821,0.03147,0.1109,0.20947,1.34489,1.3234,1.31769,0,1.82533,0.00112,0.1272,0.19821,1.3234,1.31769,0.47969,0.43731,0.39433,0.65004,1.82533,0.05087,0.55407
2026-05-27 17:00:00,3.07094,0,0.03087,0.00001,0,0.00093,0,0.00092,0.28312,0.57939,0.87148,1.34071,0.0025,0.12741,0.47996,0,0,0,0,0,0,0.39414,1.64377,0.24597,0.38672,0.02153,2.82382,0.19825,0.03129,0.11075,0.20909,1.33956,1.32348,1.31634,0,1.82118,0.00111,0.12741,0.19825,1.32348,1.31634,0.47996,0.43718,0.39414,0.64954,1.82118,0.0505,0.55268
2026-05-27 18:00:00,3.06052,0,0.03082,0.00001,0,0.00093,0,0.00092,0.28301,0.57047,0.86068,1.32389,0.00249,0.12761,0.48026,0,0,0,0,0,0,0.39397,1.6341,0.24192,0.38051,0.02154,2.79962,0.1983,0.03112,0.11063,0.2088,1.33432,1.32357,1.31506,0,1.81721,0.0011,0.12761,0.1983,1.32357,1.31506,0.48026,0.43707,0.39397,0.64905,1.81721,0.05021,0.55129
2026-05-27 19:00:00,3.05289,0,0.03077,0.00002,0,0.00093,0,0.00091,0.2829,0.5632,0.84999,1.30813,0.00249,0.12781,0.48059,0,0,0,0,0,0,0.3938,1.62468,0.24008,0.37581,0.02154,2.78722,0.19833,0.03298,0.1143,0.20875,1.33641,1.32365,1.31385,0,1.81341,0.0011,0.12781,0.19833,1.32365,1.31385,0.48059,0.43699,0.3938,0.64856,1.81341,0.05018,0.54991
2026-05-27 20:00:00,3.04527,0,0.03073,0.00007,0,0.00093,0,0.0009,0.2828,0.55599,0.83931,1.29433,0.00248,0.12799,0.48095,0,0,0,0,0,0,0.39366,1.61542,0.23825,0.37111,0.02154,2.77481,0.19837,0.03484,0.11865,0.20897,1.33876,1.32373,1.31273,0,1.80979,0.00109,0.12799,0.19837,1.32373,1.31273,0.48095,0.43692,0.39366,0.6481,1.80979,0.05041,0.54852
2026-05-27 21:00:00,3.03764,0,0.03069,0.00016,0,0.00093,0,0.0009,0.28269,0.54992,0.82842,1.28201,0.00248,0.12818,0.48134,0,0,0,0,0,0,0.39354,1.60699,0.23642,0.36641,0.02154,2.76241,0.1984,0.03669,0.12351,0.20951,1.34141,1.3238,1.31167,0,1.80632,0.00109,0.12818,0.1984,1.3238,1.31167,0.48134,0.43687,0.39354,0.64764,1.80632,0.05095,0.54713
2026-05-27 22:00:00,3.03001,0,0.03065,0.00033,0,0.00092,0,0.00089,0.28259,0.54387,0.81865,1.2707,0.00248,0.12836,0.48177,0,0,0,0,0,0,0.39343,1.60011,0.23458,0.36171,0.02155,2.75001,0.19842,0.03855,0.12858,0.211,1.34501,1.32389,1.31068,0,1.80302,0.00108,0.12836,0.19842,1.32389,1.31068,0.48177,0.43686,0.39343,0.6472,1.80302,0.05244,0.54574
2026-05-27 23:00:00,3.02239,0,0.03062,0.00061,0,0.00092,0,0.00088,0.28249,0.53785,0.81,1.2601,0.00247,0.12854,0.48221,0,0,0,0,0,0,0.39336,1.5945,0.23274,0.35701,0.02155,2.7376,0.19844,0.04041,0.13375,0.21296,1.34912,1.32397,1.30975,0,1.79986,0.00108,0.12854,0.19844,1.32397,1.30975,0.48221,0.43685,0.39336,0.64678,1.79986,0.05442,0.54436
2026-05-28 00:00:00,3.01476,0,0.03059,0.00084,0,0.00092,0,0.00088,0.2824,0.53402,0.80194,1.24989,0.00247,0.1287,0.48268,0,0,0,0,0,0,0.39329,1.58969,0.23091,0.35231,0.02155,2.7252,0.19846,0.04226,0.13899,0.21448,1.35274,1.32405,1.30888,0,1.79685,0.00107,0.1287,0.19846,1.32405,1.30888,0.48268,0.43688,0.39329,0.64636,1.79685,0.05593,0.54648
2026-05-28 01:00:00,3.00398,0,0.03059,0.00099,0,0.00092,0,0.00087,0.28231,0.53612,0.79532,1.23995,0.00246,0.12887,0.48274,0,0,0,0,0,0,0.39326,1.5854,0.23108,0.35143,0.02201,2.72533,0.19847,0.04465,0.13867,0.21539,1.35287,1.32413,1.30806,0,1.79399,0.00107,0.12887,0.19847,1.32413,1.30806,0.48274,0.43694,0.39326,0.64597,1.79399,0.05684,0.54861
2026-05-28 02:00:00,2.99319,0,0.03063,0.00103,0,0.00091,0,0.00087,0.28221,0.53713,0.791,1.23049,0.00246,0.12902,0.48245,0,0,0,0,0,0,0.39324,1.58143,0.23124,0.35055,0.02202,2.72546,0.19854,0.04702,0.13857,0.21552,1.35219,1.32421,1.3073,0,1.79126,0.00106,0.12902,0.19854,1.32421,1.3073,0.48245,0.43702,0.39324,0.64557,1.79126,0.05697,0.55074
2026-05-28 03:00:00,2.98241,0,0.03076,0.00097,0,0.00091,0,0.00087,0.28211,0.5392,0.78932,1.22156,0.00245,0.12918,0.48229,0,0,0,0,0,0,0.39325,1.57894,0.23141,0.34968,0.02202,2.7256,0.19862,0.0494,0.13859,0.21535,1.35123,1.32429,1.30659,0,1.78866,0.00106,0.12918,0.19862,1.32429,1.30659,0.48229,0.43712,0.39325,0.6452,1.78866,0.05679,0.55287
2026-05-28 04:00:00,2.97162,0,0.03097,0.00084,0,0.00091,0,0.00086,0.28201,0.54126,0.7911,1.21339,0.00245,0.12932,0.48227,0,0,0,0,0,0,0.39328,1.57917,0.23157,0.3488,0.02202,2.72573,0.19869,0.05179,0.13867,0.21403,1.34914,1.32437,1.30593,0,1.78618,0.00106,0.12932,0.19869,1.32437,1.30593,0.48227,0.43724,0.39328,0.64484,1.78618,0.05548,0.555
2026-05-28 05:00:00,2.96084,0,0.03121,0.00059,0,0.0009,0,0.00086,0.28192,0.54277,0.79398,1.20671,0.00245,0.12947,0.48234,0,0,0,0,0,0,0.39335,1.58164,0.23174,0.34792,0.02202,2.72586,0.19876,0.05416,0.13874,0.21208,1.34637,1.32445,1.30531,0,1.78383,0.00105,0.12947,0.19876,1.32445,1.30531,0.48234,0.43739,0.39335,0.64448,1.78383,0.05352,0.55713
2026-05-28 06:00:00,2.95005,0,0.03144,0.0004,0,0.0009,0,0.00086,0.28182,0.54319,0.79801,1.20223,0.00244,0.1296,0.48252,0,0,0,0,0,0,0.39342,1.58555,0.2319,0.34704,0.02203,2.72599,0.19881,0.05654,0.13883,0.21062,1.34413,1.32453,1.30474,0,1.78159,0.00105,0.1296,0.19881,1.32453,1.30474,0.48252,0.43754,0.39342,0.64416,1.78159,0.05206,0.55926
2026-05-28 07:00:00,2.94001,0,0.03164,0.00026,0,0.0009,0,0.00087,0.28172,0.54593,0.80266,1.20089,0.00244,0.12973,0.48276,0,0,0,0,0,0,0.39352,1.59038,0.23183,0.34948,0.02203,2.73485,0.19886,0.05518,0.13896,0.2095,1.34023,1.32462,1.30421,0,1.77947,0.00122,0.12973,0.19886,1.32462,1.30421,0.48276,0.43766,0.39352,0.64384,1.77947,0.05093,0.56139
2026-05-28 08:00:00,2.92997,0,0.03177,0.00018,0,0.0009,0,0.00087,0.28162,0.54867,0.80741,1.20243,0.00243,0.12985,0.48307,0,0,0,0,0,0,0.39365,1.59578,0.23176,0.35192,0.02203,2.74371,0.19889,0.05382,0.13774,0.20896,1.33692,1.3247,1.30371,0,1.77746,0.00138,0.12985,0.19889,1.3247,1.30371,0.48307,0.43776,0.39365,0.64355,1.77746,0.05039,0.56351
2026-05-28 09:00:00,2.91994,0,0.03178,0.00017,0,0.00089,0,0.00087,0.28151,0.55142,0.81231,1.20569,0.00243,0.12997,0.48344,0,0,0,0,0,0,0.39378,1.60037,0.23169,0.35436,0.02203,2.75258,0.19893,0.05246,0.13587,0.20831,1.33352,1.32477,1.30326,0,1.77554,0.00155,0.12997,0.19893,1.32477,1.30326,0.48344,0.43785,0.39378,0.64327,1.77554,0.04975,0.56564
2026-05-28 10:00:00,2.9099,0,0.03167,0.00015,0,0.00089,0,0.00087,0.28142,0.55362,0.81809,1.21017,0.00242,0.13008,0.48385,0,0,0,0,0,0,0.39391,1.60287,0.23161,0.35681,0.02204,2.76144,0.19895,0.0511,0.13354,0.20761,1.33003,1.32485,1.30283,0,1.77373,0.00172,0.13008,0.19895,1.32485,1.30283,0.48385,0.43794,0.39391,0.643,1.77373,0.04904,0.56777
2026-05-28 11:00:00,2.89986,0,0.0315,0.00013,0,0.00088,0,0.00087,0.28132,0.55528,0.82405,1.21533,0.00242,0.1302,0.48431,0,0,0,0,0,0,0.39402,1.60363,0.23154,0.35925,0.02204,2.7703,0.19897,0.04974,0.13108,0.20697,1.32662,1.32493,1.30245,0,1.77202,0.00188,0.1302,0.19897,1.32493,1.30245,0.48431,0.43803,0.39402,0.64275,1.77202,0.04839,0.5699
2026-05-28 12:00:00,2.88982,0,0.03131,0.00012,0,0.00088,0,0.00087,0.28122,0.55638,0.83013,1.2208,0.00241,0.1303,0.48479,0,0,0,0,0,0,0.39413,1.6032,0.23147,0.36169,0.02204,2.77916,0.199,0.04837,0.12849,0.20643,1.3233,1.32502,1.30209,0,1.7704,0.00205,0.1303,0.199,1.32502,1.30209,0.48479,0.43814,0.39413,0.64252,1.7704,0.04785,0.57847
2026-05-28 13:00:00,2.8806,0,0.03112,0.0001,0,0.00088,0,0.00086,0.28112,0.55562,0.83525,1.22676,0.00241,0.1304,0.48531,0,0,0,0,0,0,0.39423,1.60206,0.23101,0.36281,0.02204,2.78063,0.19902,0.04828,0.12871,0.20617,1.32393,1.3251,1.30177,0,1.76888,0.00262,0.1304,0.19902,1.3251,1.30177,0.48531,0.43826,0.39423,0.6423,1.76888,0.0476,0.58951
2026-05-28 14:00:00,2.87138,0,0.03095,0.00008,0,0.00088,0,0.00086,0.28102,0.55431,0.8389,1.2332,0.00241,0.13049,0.48584,0,0,0,0,0,0,0.39433,1.60045,0.23054,0.36392,0.02205,2.78209,0.19903,0.04818,0.12939,0.20618,1.32482,1.32518,1.30146,0,1.76744,0.00319,0.13049,0.19903,1.32518,1.30146,0.48584,0.43841,0.39433,0.64209,1.76744,0.04761,0.59412
2026-05-28 15:00:00,2.86216,0,0.03079,0.00006,0,0.00088,0,0.00085,0.28092,0.553,0.84116,1.23987,0.0024,0.13059,0.48641,0,0,0,0,0,0,0.39444,1.59769,0.23008,0.36504,0.02205,2.78356,0.19905,0.04808,0.13032,0.20635,1.32588,1.32525,1.30119,0,1.76609,0.00376,0.13059,0.19905,1.32525,1.30119,0.48641,0.43856,0.39444,0.6419,1.76609,0.04778,0.59873
2026-05-28 16:00:00,2.85294,0,0.03066,0.00004,0,0.00087,0,0.00085,0.28083,0.55168,0.84172,1.24621,0.0024,0.13067,0.48697,0,0,0,0,0,0,0.39456,1.59302,0.22962,0.36615,0.02205,2.78502,0.19908,0.04799,0.13135,0.20696,1.32738,1.32534,1.30094,0,1.76481,0.00432,0.13067,0.19908,1.32534,1.30094,0.48697,0.43875,0.39456,0.64172,1.76481,0.0484,0.60334
2026-05-28 17:00:00,2.84372,0,0.03054,0.00003,0,0.00087,0,0.00084,0.28072,0.55037,0.84163,1.25152,0.00239,0.13076,0.48756,0,0,0,0,0,0,0.3947,1.58679,0.22915,0.36727,0.02205,2.78649,0.1991,0.04789,0.13244,0.20783,1.32913,1.32542,1.30071,0,1.76361,0.00489,0.13076,0.1991,1.32542,1.30071,0.48756,0.43895,0.3947,0.64155,1.76361,0.04927,0.60794
2026-05-28 18:00:00,2.8345,0,0.03044,0.00002,0,0.00087,0,0.00084,0.28063,0.5485,0.84101,1.25549,0.00239,0.13083,0.48815,0,0,0,0,0,0,0.39485,1.57959,0.22869,0.36838,0.02206,2.78795,0.19912,0.04779,0.13356,0.2085,1.33068,1.3255,1.30051,0,1.76249,0.00546,0.13083,0.19912,1.3255,1.30051,0.48815,0.43918,0.39485,0.64139,1.76249,0.04994,0.61255
2026-05-28 19:00:00,2.83053,0,0.03037,0.00004,0,0.00087,0,0.00084,0.28055,0.54497,0.8401,1.26038,0.00238,0.13091,0.48876,0,0,0,0,0,0,0.39502,1.57175,0.23101,0.3683,0.02206,2.78659,0.19913,0.05277,0.13985,0.20961,1.3445,1.32558,1.30033,0,1.76143,0.005,0.13091,0.19913,1.32558,1.30033,0.48876,0.43944,0.39502,0.64123,1.76143,0.05105,0.61716
2026-05-28 20:00:00,2.82656,0,0.03032,0.00017,0,0.00086,0,0.00083,0.28045,0.54144,0.83888,1.26827,0.00238,0.13098,0.48938,0,0,0,0,0,0,0.39521,1.56352,0.23333,0.36821,0.02206,2.78523,0.19914,0.05774,0.14799,0.21109,1.35869,1.32566,1.30016,0,1.76043,0.00454,0.13098,0.19914,1.32566,1.30016,0.48938,0.43971,0.39521,0.6411,1.76043,0.05253,0.62176
2026-05-28 21:00:00,2.82259,0,0.03031,0.00042,0,0.00086,0,0.00083,0.28036,0.53903,0.83636,1.27843,0.00238,0.13106,0.48998,0,0,0,0,0,0,0.39543,1.55589,0.23565,0.36813,0.02207,2.78387,0.19915,0.06271,0.15695,0.21384,1.37415,1.32574,1.30002,0,1.7595,0.00408,0.13106,0.19915,1.32574,1.30002,0.48998,0.44002,0.39543,0.64098,1.7595,0.05529,0.62637
2026-05-28 22:00:00,2.81862,0,0.03034,0.00084,0,0.00086,0,0.00083,0.28025,0.53661,0.83362,1.29029,0.00237,0.13112,0.4906,0,0,0,0,0,0,0.39566,1.54988,0.23796,0.36805,0.02207,2.7825,0.19917,0.06769,0.16631,0.22034,1.39337,1.32582,1.29989,0,1.75863,0.00361,0.13112,0.19917,1.32582,1.29989,0.4906,0.44033,0.39566,0.64085,1.75863,0.0618,0.63098
2026-05-28 23:00:00,2.81465,0,0.03038,0.00157,0,0.00085,0,0.00083,0.28016,0.53421,0.83133,1.30335,0.00237,0.13119,0.49122,0,0,0,0,0,0,0.39591,1.5453,0.24028,0.36796,0.02207,2.78114,0.19917,0.07266,0.17606,0.22868,1.41443,1.3259,1.29979,0,1.75782,0.00315,0.13119,0.19917,1.3259,1.29979,0.49122,0.44068,0.39591,0.64075,1.75782,0.07015,0.63559
2026-05-29 00:00:00,2.81068,0,0.03044,0.00214,0,0.00085,0,0.00084,0.28006,0.53398,0.82926,1.31678,0.00236,0.13124,0.49184,0,0,0,0,0,0,0.3962,1.54161,0.2426,0.36788,0.02207,2.77978,0.19919,0.07763,0.18598,0.23512,1.43358,1.32598,1.29969,0,1.75706,0.00269,0.13124,0.19919,1.32598,1.29969,0.49184,0.44103,0.3962,0.64066,1.75706,0.07659,0.64019
2026-05-29 01:00:00,2.79934,0,0.03053,0.00252,0,0.00085,0,0.00084,0.27994,0.53933,0.82908,1.32724,0.00236,0.13131,0.49201,0,0,0,0,0,0,0.3965,1.53849,0.24723,0.37525,0.02253,2.79795,0.19919,0.07986,0.18899,0.23995,1.4526,1.32606,1.29962,0,1.75635,0.00252,0.13131,0.19919,1.32606,1.29962,0.49201,0.44142,0.3965,0.64058,1.75635,0.08144,0.6448
2026-05-29 02:00:00,2.78801,0,0.03069,0.00264,0,0.00085,0,0.00085,0.27984,0.54361,0.83215,1.33302,0.00235,0.13136,0.49182,0,0,0,0,0,0,0.39683,1.53574,0.25186,0.38263,0.02253,2.81612,0.19923,0.08208,0.19112,0.2426,1.46942,1.32616,1.29956,0,1.75569,0.00234,0.13136,0.19923,1.32616,1.29956,0.49182,0.44181,0.39683,0.64051,1.75569,0.08409,0.64941
2026-05-29 03:00:00,2.77667,0,0.031,0.00248,0,0.00085,0,0.00085,0.27973,0.54901,0.83838,1.3423,0.00235,0.13142,0.49174,0,0,0,0,0,0,0.39717,1.53559,0.25649,0.39,0.02253,2.83429,0.19932,0.0843,0.19288,0.24597,1.48697,1.32624,1.29951,0,1.75508,0.00217,0.13142,0.19932,1.32624,1.29951,0.49174,0.44223,0.39717,0.64045,1.75508,0.08747,0.64583
2026-05-29 04:00:00,2.76533,0,0.03143,0.00215,0,0.00085,0,0.00086,0.27963,0.55443,0.84853,1.34271,0.00234,0.13146,0.49177,0,0,0,0,0,0,0.39754,1.5406,0.26112,0.39737,0.02253,2.85246,0.19938,0.08653,0.19439,0.25092,1.50611,1.32632,1.29947,0,1.75452,0.002,0.13146,0.19938,1.32632,1.29947,0.49177,0.44266,0.39754,0.64042,1.75452,0.09243,0.64225
2026-05-29 05:00:00,2.754,0,0.03192,0.00151,0,0.00085,0,0.00086,0.27953,0.55932,0.86001,1.342,0.00234,0.13151,0.49187,0,0,0,0,0,0,0.39791,1.55,0.26575,0.40475,0.02254,2.87063,0.19943,0.08875,0.19564,0.25634,1.5257,1.3264,1.29945,0,1.75401,0.00182,0.13151,0.19943,1.3264,1.29945,0.49187,0.44309,0.39791,0.64039,1.75401,0.09785,0.63867
2026-05-29 06:00:00,2.74266,0,0.03238,0.00101,0,0.00085,0,0.00086,0.27942,0.56312,0.87291,1.3432,0.00234,0.13156,0.49205,0,0,0,0,0,0,0.39831,1.56221,0.27038,0.41212,0.02254,2.8888,0.19947,0.09097,0.19678,0.26065,1.54419,1.32649,1.29945,0,1.75355,0.00165,0.13156,0.19947,1.32649,1.29945,0.49205,0.44351,0.39831,0.64037,1.75355,0.10217,0.6351
2026-05-29 07:00:00,2.73387,0,0.03277,0.00067,0,0.00085,0,0.00085,0.27933,0.56831,0.88609,1.34734,0.00233,0.13161,0.4923,0,0,0,0,0,0,0.39873,1.57618,0.2712,0.42281,0.02254,2.90744,0.19951,0.08903,0.20108,0.26311,1.55989,1.32657,1.29945,0,1.75312,0.00159,0.13161,0.19951,1.32657,1.29945,0.4923,0.44389,0.39873,0.64038,1.75312,0.10463,0.63152
2026-05-29 08:00:00,2.72507,0,0.03302,0.00047,0,0.00085,0,0.00085,0.27923,0.57352,0.8986,1.354,0.00233,0.13164,0.49258,0,0,0,0,0,0,0.39915,1.5913,0.27201,0.4335,0.02254,2.92608,0.19954,0.08708,0.2038,0.26365,1.57367,1.32665,1.29946,0,1.75274,0.00152,0.13164,0.19954,1.32665,1.29946,0.49258,0.44424,0.39915,0.6404,1.75274,0.10518,0.62794
2026-05-29 09:00:00,2.71628,0,0.03303,0.00043,0,0.00085,0,0.00084,0.27913,0.57873,0.91042,1.36296,0.00232,0.13169,0.4929,0,0,0,0,0,0,0.39957,1.60525,0.27283,0.4442,0.02255,2.94472,0.19956,0.08514,0.20576,0.26354,1.58681,1.32672,1.29948,0,1.7524,0.00146,0.13169,0.19956,1.32672,1.29948,0.4929,0.44456,0.39957,0.64044,1.7524,0.10507,0.62437
2026-05-29 10:00:00,2.70748,0,0.03281,0.00038,0,0.00084,0,0.00083,0.27904,0.58339,0.92232,1.374,0.00232,0.13173,0.49325,0,0,0,0,0,0,0.39996,1.61593,0.27365,0.45489,0.02255,2.96336,0.19958,0.0832,0.20728,0.26122,1.59772,1.3268,1.29951,0,1.75211,0.00139,0.13173,0.19958,1.3268,1.29951,0.49325,0.44486,0.39996,0.64049,1.75211,0.10275,0.62079
2026-05-29 11:00:00,2.69869,0,0.03247,0.00034,0,0.00084,0,0.00082,0.27894,0.58746,0.93388,1.38456,0.00231,0.13177,0.49364,0,0,0,0,0,0,0.40034,1.62393,0.27446,0.46558,0.02255,2.982,0.1996,0.08125,0.20859,0.25764,1.60737,1.32689,1.29955,0,1.75185,0.00133,0.13177,0.1996,1.32689,1.29955,0.49364,0.44517,0.40034,0.64056,1.75185,0.09916,0.61721
2026-05-29 12:00:00,2.68989,0,0.0321,0.0003,0,0.00083,0,0.00081,0.27886,0.59094,0.94529,1.39421,0.00231,0.1318,0.49404,0,0,0,0,0,0,0.40068,1.63011,0.27528,0.47627,0.0226,3.00064,0.19962,0.0793,0.20978,0.25494,1.61791,1.32697,1.2996,0,1.75163,0.00126,0.1318,0.19962,1.32697,1.2996,0.49404,0.44546,0.40068,0.64064,1.75163,0.09647,0.60594
2026-05-29 13:00:00,2.68176,0,0.03173,0.00025,0,0.00083,0,0.0008,0.27877,0.59213,0.95454,1.40254,0.00231,0.13184,0.49446,0,0,0,0,0,0,0.40102,1.63518,0.27223,0.47833,0.02277,2.996,0.19964,0.07534,0.20281,0.25262,1.60347,1.32705,1.29965,0,1.75145,0.0012,0.13184,0.19964,1.32705,1.29965,0.49446,0.44576,0.40102,0.64074,1.75145,0.09415,0.59715
2026-05-29 14:00:00,2.67364,0,0.0314,0.00021,0,0.00083,0,0.00079,0.27867,0.59214,0.96048,1.40934,0.0023,0.13187,0.49488,0,0,0,0,0,0,0.40134,1.63965,0.26919,0.48039,0.023,2.99136,0.19967,0.07137,0.19512,0.25115,1.58988,1.32713,1.29972,0,1.7513,0.00114,0.13187,0.19967,1.32713,1.29972,0.49488,0.44605,0.40134,0.64084,1.7513,0.09268,0.5971
2026-05-29 15:00:00,2.66551,0,0.0311,0.00016,0,0.00083,0,0.00078,0.27859,0.59162,0.96367,1.41492,0.0023,0.13191,0.49532,0,0,0,0,0,0,0.40165,1.64132,0.26614,0.48246,0.02331,2.98672,0.19974,0.06742,0.18721,0.24904,1.57568,1.32721,1.29979,0,1.75119,0.00109,0.13191,0.19974,1.32721,1.29979,0.49532,0.44636,0.40165,0.64096,1.75119,0.09058,0.59704
2026-05-29 16:00:00,2.65738,0,0.03084,0.00011,0,0.00082,0,0.00077,0.27849,0.5905,0.96386,1.41883,0.00229,0.13194,0.49576,0,0,0,0,0,0,0.40196,1.63818,0.2631,0.48452,0.02368,2.98207,0.19984,0.06345,0.17899,0.24547,1.55999,1.32729,1.29987,0,1.75111,0.00103,0.13194,0.19984,1.32729,1.29987,0.49576,0.44666,0.40196,0.64108,1.75111,0.08701,0.59698
2026-05-29 17:00:00,2.64926,0,0.03063,0.00007,0,0.00082,0,0.00077,0.27841,0.58883,0.96244,1.41986,0.00229,0.13197,0.49621,0,0,0,0,0,0,0.40226,1.63127,0.26006,0.48658,0.0241,2.97743,0.19997,0.05948,0.17058,0.2413,1.54371,1.32737,1.29995,0,1.75106,0.00097,0.13197,0.19997,1.32737,1.29995,0.49621,0.44698,0.40226,0.64121,1.75106,0.08286,0.59692
2026-05-29 18:00:00,2.64113,0,0.03045,0.00004,0,0.00082,0,0.00077,0.27832,0.58544,0.95951,1.41764,0.00228,0.132,0.49666,0,0,0,0,0,0,0.40258,1.62195,0.25701,0.48864,0.02446,2.97279,0.20015,0.05552,0.1621,0.23803,1.52833,1.32745,1.30004,0,1.75103,0.00091,0.132,0.20015,1.32745,1.30004,0.49666,0.4473,0.40258,0.64136,1.75103,0.07959,0.59684
2026-05-29 19:00:00,2.63302,0,0.0303,0.00002,0,0.00082,0,0.00077,0.27821,0.58062,0.95635,1.41268,0.00228,0.13203,0.4971,0,0,0,0,0,0,0.40288,1.6111,0.25294,0.48746,0.02466,2.96083,0.20036,0.05304,0.15769,0.23573,1.51692,1.32753,1.30014,0,1.75104,0.00091,0.13203,0.20036,1.32753,1.30014,0.4971,0.44764,0.40288,0.64151,1.75104,0.0773,0.59676
2026-05-29 20:00:00,2.62491,0,0.03017,0,0,0.00081,0,0.00076,0.27812,0.57508,0.9535,1.4058,0.00227,0.13206,0.49755,0,0,0,0,0,0,0.4032,1.59928,0.24887,0.48628,0.02474,2.94887,0.20058,0.05056,0.15377,0.23454,1.50661,1.32762,1.30024,0,1.75105,0.0009,0.13206,0.20058,1.32762,1.30024,0.49755,0.44798,0.4032,0.64167,1.75105,0.07611,0.59666
2026-05-29 21:00:00,2.6168,0,0.03005,0,0,0.00081,0,0.00076,0.27801,0.57162,0.94945,1.39756,0.00227,0.13209,0.49798,0,0,0,0,0,0,0.40352,1.58944,0.2448,0.48511,0.02471,2.93692,0.20078,0.04809,0.15002,0.23313,1.49606,1.32769,1.30035,0,1.75111,0.0009,0.13209,0.20078,1.32769,1.30035,0.49798,0.44832,0.40352,0.64186,1.75111,0.07469,0.59656
2026-05-29 22:00:00,2.60869,0,0.02995,0,0,0.00081,0,0.00076,0.27792,0.56777,0.94565,1.38853,0.00227,0.13211,0.49842,0,0,0,0,0,0,0.40385,1.58457,0.24073,0.48393,0.02458,2.92496,0.20095,0.0456,0.14635,0.23119,1.485,1.32777,1.30046,0,1.75119,0.00089,0.13211,0.20095,1.32777,1.30046,0.49842,0.44869,0.40385,0.64205,1.75119,0.07276,0.59644
2026-05-29 23:00:00,2.60058,0,0.02986,0,0,0.0008,0,0.00075,0.27782,0.56356,0.9429,1.3795,0.00226,0.13214,0.49885,0,0,0,0,0,0,0.40419,1.58394,0.23666,0.48275,0.02438,2.913,0.20109,0.04312,0.14288,0.22916,1.47384,1.32785,1.30058,0,1.75129,0.00089,0.13214,0.20109,1.32785,1.30058,0.49885,0.44905,0.40419,0.64226,1.75129,0.07072,0.5963
2026-05-30 00:00:00,2.59247,0,0.02977,0,0,0.0008,0,0.00075,0.27771,0.56584,0.94079,1.37021,0.00226,0.13216,0.49928,0,0,0,0,0,0,0.40453,1.58602,0.23259,0.48157,0.02416,2.90104,0.20117,0.04065,0.13946,0.22752,1.46308,1.32794,1.3007,0,1.75142,0.00088,0.13216,0.20117,1.32794,1.3007,0.49928,0.44942,0.40453,0.64249,1.75142,0.06908,0.59614
2026-05-30 01:00:00,2.63809,0,0.0297,0,0,0.0008,0,0.00075,0.27761,0.58307,0.94029,1.36086,0.00225,0.13219,0.49926,0,0,0,0,0,0,0.40489,1.58981,0.22917,0.48533,0.02442,2.91478,0.2012,0.03947,0.13814,0.22643,1.45755,1.32802,1.30083,0,1.75158,0.00088,0.13219,0.2012,1.32802,1.30083,0.49926,0.4498,0.40489,0.64273,1.75158,0.06799,0.59594
2026-05-30 02:00:00,2.68371,0,0.02964,0,0,0.0008,0,0.00074,0.2775,0.59786,0.94317,1.35254,0.00225,0.13221,0.49888,0,0,0,0,0,0,0.40525,1.5947,0.22576,0.48909,0.02424,2.92852,0.20123,0.03828,0.13725,0.22585,1.45252,1.3281,1.30096,0,1.75176,0.00087,0.13221,0.20123,1.3281,1.30096,0.49888,0.45018,0.40525,0.64297,1.75176,0.06742,0.59571
2026-05-30 03:00:00,2.72934,0,0.02958,0,0,0.0008,0,0.00073,0.2774,0.61757,0.95207,1.34541,0.00224,0.13224,0.4986,0,0,0,0,0,0,0.40562,1.60449,0.22234,0.49285,0.02408,2.94226,0.20126,0.03711,0.13668,0.22517,1.44742,1.32817,1.3011,0,1.75196,0.00087,0.13224,0.20126,1.32817,1.3011,0.4986,0.45056,0.40562,0.64324,1.75196,0.06675,0.59543
2026-05-30 04:00:00,2.77496,0,0.02952,0,0,0.00079,0,0.00073,0.2773,0.63858,0.96866,1.33963,0.00224,0.13226,0.49843,0,0,0,0,0,0,0.40599,1.62316,0.21892,0.4966,0.02395,2.956,0.20126,0.03592,0.13623,0.22424,1.44204,1.32825,1.30123,0,1.75218,0.00086,0.13226,0.20126,1.32825,1.30123,0.49843,0.45095,0.40599,0.64349,1.75218,0.06582,0.59508
2026-05-30 05:00:00,2.82058,0,0.02947,0,0,0.00079,0,0.00072,0.27719,0.65866,0.98844,1.33628,0.00224,0.13228,0.49834,0,0,0,0,0,0,0.40638,1.649,0.21551,0.50036,0.02382,2.96974,0.20123,0.03474,0.13583,0.22322,1.43658,1.32834,1.30137,0,1.75243,0.00086,0.13228,0.20123,1.32834,1.30137,0.49834,0.45134,0.40638,0.64376,1.75243,0.06481,0.59463
2026-05-30 06:00:00,2.8662,0,0.02942,0,0,0.00078,0,0.00072,0.27709,0.67509,1.01195,1.33728,0.00223,0.1323,0.4983,0,0,0,0,0,0,0.40676,1.67942,0.21209,0.50412,0.0237,2.98348,0.20119,0.03356,0.13549,0.22242,1.43133,1.32842,1.30152,0,1.75269,0.00085,0.1323,0.20119,1.32842,1.30152,0.4983,0.45168,0.40676,0.64403,1.75269,0.06401,0.59402
2026-05-30 07:00:00,2.88222,0,0.02937,0,0,0.00078,0,0.00072,0.27697,0.69823,1.03672,1.34485,0.00223,0.13233,0.49834,0,0,0,0,0,0,0.40714,1.71273,0.20934,0.50576,0.02361,2.99774,0.20114,0.03304,0.13431,0.22185,1.42689,1.3285,1.30166,0,1.75297,0.00085,0.13233,0.20114,1.3285,1.30166,0.49834,0.45198,0.40714,0.6443,1.75297,0.06346,0.59318
2026-05-30 08:00:00,2.89824,0,0.02933,0,0,0.00078,0,0.00071,0.27686,0.72176,1.06014,1.35837,0.00222,0.13234,0.49841,0,0,0,0,0,0,0.40753,1.74791,0.20659,0.50739,0.02353,3.01201,0.20106,0.03253,0.13338,0.22156,1.42273,1.32858,1.30181,0,1.75326,0.00085,0.13234,0.20106,1.32858,1.30181,0.49841,0.45224,0.40753,0.64458,1.75326,0.06317,0.59191
2026-05-30 09:00:00,2.91427,0,0.02928,0,0,0.00078,0,0.00071,0.27676,0.74572,1.08285,1.37601,0.00222,0.13237,0.49853,0,0,0,0,0,0,0.40788,1.77807,0.20385,0.50903,0.02346,3.02627,0.201,0.03202,0.13261,0.2212,1.41851,1.32867,1.30196,0,1.75356,0.00084,0.13237,0.201,1.32867,1.30196,0.49853,0.45247,0.40788,0.64485,1.75356,0.06282,0.5898
2026-05-30 10:00:00,2.93029,0,0.02923,0,0,0.00078,0,0.00071,0.27665,0.76694,1.1071,1.40826,0.00221,0.13239,0.49867,0,0,0,0,0,0,0.40821,1.79802,0.2011,0.51066,0.0234,3.04053,0.20093,0.0315,0.13194,0.2207,1.41412,1.32875,1.30212,0,1.75388,0.00084,0.13239,0.20093,1.32875,1.30212,0.49867,0.45267,0.40821,0.64513,1.75388,0.06232,0.58557
2026-05-30 11:00:00,2.94631,0,0.02919,0,0,0.00078,0,0.00072,0.27656,0.78514,1.13164,1.42963,0.00221,0.13241,0.49884,0,0,0,0,0,0,0.40851,1.81066,0.19835,0.5123,0.02335,3.0548,0.20085,0.03099,0.13129,0.22014,1.4097,1.32883,1.30228,0,1.7542,0.00084,0.13241,0.20085,1.32883,1.30228,0.49884,0.45286,0.40851,0.64539,1.7542,0.06177,0.5729
2026-05-30 12:00:00,2.96233,0,0.02915,0,0,0.00078,0,0.00072,0.27646,0.79952,1.15588,1.44985,0.0022,0.13243,0.49903,0,0,0,0,0,0,0.40878,1.81868,0.1956,0.51393,0.02332,3.06906,0.20078,0.03048,0.13064,0.2197,1.40538,1.32891,1.30244,0,1.75454,0.00084,0.13243,0.20078,1.32891,1.30244,0.49903,0.45304,0.40878,0.64566,1.75454,0.06134,0.53974
2026-05-30 13:00:00,2.94304,0,0.02911,0,0,0.00078,0,0.00072,0.27636,0.78561,1.17664,1.47114,0.0022,0.13245,0.49924,0,0,0,0,0,0,0.40901,1.82375,0.19341,0.50978,0.02328,3.05438,0.20073,0.03011,0.12862,0.21939,1.39914,1.32899,1.3026,0,1.75487,0.00083,0.13245,0.20073,1.32899,1.3026,0.49924,0.45321,0.40901,0.64593,1.75487,0.06103,0.52297
2026-05-30 14:00:00,2.92375,0,0.02907,0,0,0.00078,0,0.00072,0.27626,0.76839,1.19218,1.49311,0.0022,0.13246,0.49945,0,0,0,0,0,0,0.40924,1.82688,0.19123,0.50563,0.02325,3.0397,0.20067,0.02974,0.12667,0.21921,1.39305,1.32908,1.30276,0,1.75522,0.00082,0.13246,0.20067,1.32908,1.30276,0.49945,0.45338,0.40924,0.6462,1.75522,0.06086,0.51341
2026-05-30 15:00:00,2.90447,0,0.02903,0,0,0.00078,0,0.00072,0.27616,0.75136,1.19692,1.515,0.00219,0.13249,0.49968,0,0,0,0,0,0,0.40944,1.82615,0.18904,0.50148,0.02323,3.02502,0.20062,0.02938,0.12475,0.219,1.38691,1.32915,1.30293,0,1.75557,0.00082,0.13249,0.20062,1.32915,1.30293,0.49968,0.45355,0.40944,0.64646,1.75557,0.06065,0.51022
2026-05-30 16:00:00,2.88518,0,0.029,0,0,0.00076,0,0.00071,0.27606,0.73444,1.18748,1.53423,0.00219,0.1325,0.49992,0,0,0,0,0,0,0.40962,1.81996,0.18685,0.49732,0.02321,3.01034,0.20057,0.02901,0.12282,0.21864,1.38063,1.32923,1.30309,0,1.75593,0.00081,0.1325,0.20057,1.32923,1.30309,0.49992,0.45372,0.40962,0.64672,1.75593,0.06031,0.50863
2026-05-30 17:00:00,2.86589,0,0.02896,0,0,0.00076,0,0.00071,0.27597,0.7177,1.17082,1.54872,0.00218,0.13252,0.50015,0,0,0,0,0,0,0.40981,1.80992,0.18467,0.49317,0.02319,2.99566,0.20053,0.02864,0.12092,0.21826,1.37434,1.32931,1.30326,0,1.75629,0.0008,0.13252,0.20053,1.32931,1.30326,0.50015,0.45389,0.40981,0.64696,1.75629,0.05994,0.50767
2026-05-30 18:00:00,2.8466,0,0.02893,0,0,0.00075,0,0.00071,0.27586,0.69793,1.15017,1.55382,0.00218,0.13254,0.50039,0,0,0,0,0,0,0.40999,1.79744,0.18248,0.48902,0.02318,2.98098,0.20049,0.02828,0.11903,0.21796,1.36811,1.3294,1.30343,0,1.75665,0.00079,0.13254,0.20049,1.3294,1.30343,0.50039,0.45406,0.40999,0.64721,1.75665,0.05964,0.50703
2026-05-30 19:00:00,2.89892,0,0.02891,0,0,0.00075,0,0.00071,0.27577,0.68273,1.12766,1.54584,0.00217,0.13256,0.50063,0,0,0,0,0,0,0.41017,1.78341,0.18098,0.48269,0.02316,2.9627,0.20045,0.02814,0.11757,0.21774,1.36265,1.32948,1.3036,0,1.75701,0.00079,0.13256,0.20045,1.32948,1.3036,0.50063,0.45424,0.41017,0.64745,1.75701,0.05943,0.50658
2026-05-30 20:00:00,2.95124,0,0.02888,0,0,0.00075,0,0.0007,0.27567,0.6676,1.10367,1.52932,0.00217,0.13257,0.50087,0,0,0,0,0,0,0.41035,1.76839,0.17949,0.47636,0.02316,2.94441,0.20041,0.02801,0.11614,0.2176,1.35726,1.32956,1.30379,0,1.75738,0.00078,0.13257,0.20041,1.32956,1.30379,0.50087,0.45442,0.41035,0.64768,1.75738,0.0593,0.50624
2026-05-30 21:00:00,3.00356,0,0.02886,0,0,0.00075,0,0.0007,0.27557,0.65903,1.07835,1.50829,0.00217,0.1326,0.50111,0,0,0,0,0,0,0.41053,1.75575,0.17799,0.47003,0.02315,2.92613,0.20038,0.02788,0.1148,0.21742,1.35185,1.32963,1.30396,0,1.75774,0.00078,0.1326,0.20038,1.32963,1.30396,0.50111,0.45461,0.41053,0.64791,1.75774,0.05914,0.50597
2026-05-30 22:00:00,3.05588,0,0.02883,0,0,0.00075,0,0.00069,0.27548,0.65044,1.05506,1.48507,0.00216,0.13261,0.50135,0,0,0,0,0,0,0.41071,1.74833,0.17649,0.4637,0.02315,2.90784,0.20036,0.02774,0.11346,0.21716,1.34632,1.32971,1.30414,0,1.7581,0.00077,0.13261,0.20036,1.32971,1.30414,0.50135,0.45479,0.41071,0.64814,1.7581,0.05888,0.50576
2026-05-30 23:00:00,3.1082,0,0.02881,0,0,0.00075,0,0.00069,0.27539,0.64195,1.03484,1.46041,0.00216,0.13263,0.50158,0,0,0,0,0,0,0.41089,1.74491,0.175,0.45737,0.02314,2.88955,0.20034,0.02761,0.11217,0.21685,1.34077,1.3298,1.30432,0,1.75846,0.00077,0.13263,0.20034,1.3298,1.30432,0.50158,0.45499,0.41089,0.64836,1.75846,0.05858,0.50559
2026-05-31 00:00:00,3.16052,0,0.02878,0,0,0.00075,0,0.00068,0.2753,0.64631,1.01731,1.4345,0.00215,0.13264,0.50181,0,0,0,0,0,0,0.41108,1.74405,0.1735,0.45104,0.02314,2.87127,0.20033,0.02748,0.11085,0.2166,1.33527,1.32988,1.3045,0,1.75882,0.00076,0.13264,0.20033,1.32988,1.3045,0.50181,0.45518,0.41108,0.64858,1.75882,0.05834,0.50544
2026-05-31 01:00:00,3.19139,0,0.02876,0,0,0.00075,0,0.00068,0.2752,0.67761,1.0024,1.41003,0.00215,0.13267,0.5016,0,0,0,0,0,0,0.41126,1.74481,0.17273,0.44569,0.02359,2.87168,0.20031,0.02763,0.11085,0.21642,1.33257,1.32996,1.30468,0,1.75918,0.00076,0.13267,0.20031,1.32996,1.30468,0.5016,0.45538,0.41126,0.64879,1.75918,0.05817,0.50532
2026-05-31 02:00:00,3.22227,0,0.02875,0,0,0.00075,0,0.00068,0.27511,0.70294,0.99281,1.38875,0.00214,0.13268,0.50102,0,0,0,0,0,0,0.41146,1.7466,0.17196,0.44033,0.02358,2.87209,0.20034,0.02777,0.11093,0.21631,1.32991,1.33004,1.30486,0,1.75954,0.00075,0.13268,0.20034,1.33004,1.30486,0.50102,0.45559,0.41146,0.64901,1.75954,0.05807,0.50521
2026-05-31 03:00:00,3.25314,0,0.02872,0,0,0.00075,0,0.00067,0.27502,0.73566,0.99465,1.37051,0.00214,0.1327,0.50055,0,0,0,0,0,0,0.41165,1.75118,0.17119,0.43498,0.02359,2.8725,0.20039,0.02793,0.11109,0.21616,1.32724,1.33012,1.30504,0,1.7599,0.00075,0.1327,0.20039,1.33012,1.30504,0.50055,0.4558,0.41165,0.64921,1.7599,0.05793,0.50512
2026-05-31 04:00:00,3.28401,0,0.0287,0,0,0.00074,0,0.00068,0.27491,0.76908,1.0088,1.35511,0.00213,0.13271,0.50018,0,0,0,0,0,0,0.41186,1.76009,0.17042,0.42962,0.02359,2.87291,0.20044,0.02808,0.11128,0.21593,1.32446,1.3302,1.30523,0,1.76026,0.00074,0.13271,0.20044,1.3302,1.30523,0.50018,0.45601,0.41186,0.64942,1.76026,0.0577,0.50504
2026-05-31 05:00:00,3.31489,0,0.02868,0,0,0.00074,0,0.00068,0.27482,0.7998,1.02824,1.34684,0.00213,0.13273,0.49991,0,0,0,0,0,0,0.41206,1.77222,0.16965,0.42426,0.02358,2.87332,0.20048,0.02822,0.11147,0.21565,1.32164,1.33028,1.30541,0,1.76062,0.00073,0.13273,0.20048,1.33028,1.30541,0.49991,0.4562,0.41206,0.64963,1.76062,0.05743,0.50497
2026-05-31 06:00:00,3.34576,0,0.02866,0,0,0.00073,0,0.00068,0.27473,0.82387,1.05283,1.34416,0.00213,0.13274,0.49969,0,0,0,0,0,0,0.41228,1.78638,0.16888,0.41891,0.02358,2.87373,0.20051,0.02838,0.11169,0.21543,1.31889,1.33036,1.3056,0,1.76097,0.00073,0.13274,0.20051,1.33036,1.3056,0.49969,0.45637,0.41228,0.64985,1.76097,0.05722,0.50491
2026-05-31 07:00:00,3.31769,0,0.02864,0,0,0.00073,0,0.00067,0.27463,0.82953,1.07961,1.35216,0.00212,0.13277,0.49954,0,0,0,0,0,0,0.41248,1.80183,0.16862,0.41639,0.02359,2.87775,0.20054,0.02838,0.11212,0.21527,1.3168,1.33044,1.30578,0,1.76133,0.00073,0.13277,0.20054,1.33044,1.30578,0.49954,0.45648,0.41248,0.65005,1.76133,0.05706,0.50485
2026-05-31 08:00:00,3.28962,0,0.02862,0,0,0.00073,0,0.00067,0.27453,0.83521,1.10543,1.37361,0.00212,0.13278,0.49943,0,0,0,0,0,0,0.41267,1.81812,0.16836,0.41387,0.02359,2.88177,0.20056,0.02838,0.11248,0.21518,1.31479,1.33053,1.30597,0,1.76169,0.00072,0.13278,0.20056,1.33053,1.30597,0.49943,0.45656,0.41267,0.65027,1.76169,0.05697,0.5048
2026-05-31 09:00:00,3.26155,0,0.0286,0,0,0.00073,0,0.00066,0.27442,0.84099,1.12589,1.3971,0.00211,0.1328,0.49938,0,0,0,0,0,0,0.41286,1.83086,0.1681,0.41135,0.02359,2.8858,0.20058,0.02839,0.11283,0.21507,1.31276,1.3306,1.30616,0,1.76206,0.00072,0.1328,0.20058,1.3306,1.30616,0.49938,0.4566,0.41286,0.65049,1.76206,0.05686,0.50476
2026-05-31 10:00:00,3.23347,0,0.02858,0,0,0.00072,0,0.00066,0.27433,0.84308,1.14022,1.4234,0.00211,0.13281,0.49934,0,0,0,0,0,0,0.413,1.83685,0.16784,0.40884,0.02359,2.88982,0.2006,0.02839,0.11318,0.21488,1.31065,1.33068,1.30634,0,1.76243,0.00072,0.13281,0.2006,1.33068,1.30634,0.49934,0.45662,0.413,0.6507,1.76243,0.05667,0.50472
2026-05-31 11:00:00,3.2054,0,0.02856,0,0,0.00072,0,0.00065,0.27423,0.84145,1.14654,1.44949,0.0021,0.13283,0.49934,0,0,0,0,0,0,0.41312,1.83811,0.16758,0.40632,0.0236,2.89384,0.20062,0.02839,0.1135,0.21464,1.30851,1.33076,1.30653,0,1.7628,0.00071,0.13283,0.20062,1.33076,1.30653,0.49934,0.45662,0.41312,0.65093,1.7628,0.05645,0.50468
2026-05-31 12:00:00,3.17733,0,0.02854,0,0,0.00072,0,0.00065,0.27411,0.83617,1.14908,1.47129,0.0021,0.13284,0.49936,0,0,0,0,0,0,0.41319,1.83623,0.16732,0.4038,0.02359,2.89786,0.20063,0.0284,0.11384,0.21447,1.30641,1.33085,1.30672,0,1.76317,0.00071,0.13284,0.20063,1.33085,1.30672,0.49936,0.45661,0.41319,0.65114,1.76317,0.05628,0.49833
2026-05-31 13:00:00,3.16242,0,0.02852,0,0,0.00072,0,0.00064,0.274,0.81659,1.14757,1.48701,0.0021,0.13286,0.4994,0,0,0,0,0,0,0.41325,1.83242,0.16694,0.40146,0.02359,2.88415,0.20063,0.02813,0.11327,0.21436,1.30272,1.33093,1.30691,0,1.76355,0.0007,0.13286,0.20063,1.33093,1.30691,0.4994,0.4566,0.41325,0.65136,1.76355,0.05616,0.48183
2026-05-31 14:00:00,3.14751,0,0.0285,0,0,0.00072,0,0.00064,0.27389,0.79362,1.14182,1.49495,0.00209,0.13287,0.49945,0,0,0,0,0,0,0.41328,1.82748,0.16655,0.39912,0.02359,2.87044,0.20064,0.02787,0.11263,0.21428,1.2991,1.33101,1.30711,0,1.76393,0.0007,0.13287,0.20064,1.33101,1.30711,0.49945,0.45658,0.41328,0.65158,1.76393,0.05608,0.47711
2026-05-31 15:00:00,3.13261,0,0.02848,0,0,0.00071,0,0.00064,0.27379,0.77074,1.12898,1.4979,0.00209,0.13289,0.49952,0,0,0,0,0,0,0.4133,1.8203,0.16617,0.39678,0.0236,2.85673,0.20065,0.02761,0.11192,0.21417,1.29543,1.33108,1.3073,0,1.7643,0.00069,0.13289,0.20065,1.33108,1.3073,0.49952,0.45657,0.4133,0.65179,1.7643,0.05598,0.47554
2026-05-31 16:00:00,3.1177,0,0.02846,0,0,0.00071,0,0.00064,0.2737,0.74812,1.108,1.49675,0.00208,0.13291,0.4996,0,0,0,0,0,0,0.41331,1.81009,0.16578,0.39443,0.0236,2.84301,0.20065,0.02734,0.11117,0.21399,1.29168,1.33116,1.3075,0,1.76469,0.00068,0.13291,0.20065,1.33116,1.3075,0.4996,0.45656,0.41331,0.65199,1.76469,0.0558,0.47475
2026-05-31 17:00:00,3.10279,0,0.02843,0,0,0.0007,0,0.00063,0.2736,0.7257,1.08531,1.49131,0.00208,0.13293,0.49967,0,0,0,0,0,0,0.4133,1.79773,0.1654,0.39209,0.0236,2.8293,0.20066,0.02709,0.11043,0.21378,1.28793,1.33125,1.30769,0,1.76507,0.00068,0.13293,0.20066,1.33125,1.30769,0.49967,0.45654,0.4133,0.65219,1.76507,0.05559,0.47428
2026-05-31 18:00:00,3.08788,0,0.02841,0,0,0.0007,0,0.00063,0.27351,0.7,1.06403,1.47944,0.00207,0.13294,0.49977,0,0,0,0,0,0,0.41331,1.78401,0.16501,0.38975,0.0236,2.81559,0.20067,0.02682,0.10965,0.2136,1.28419,1.33133,1.30788,0,1.76544,0.00067,0.13294,0.20067,1.33133,1.30788,0.49977,0.45654,0.41331,0.65238,1.76544,0.05542,0.47396
2026-05-31 19:00:00,3.10424,0,0.0284,0,0,0.0007,0,0.00063,0.2734,0.68344,1.04041,1.45982,0.00207,0.13296,0.49985,0,0,0,0,0,0,0.4133,1.76942,0.16443,0.38875,0.02361,2.8018,0.20067,0.02676,0.10903,0.21348,1.28105,1.33141,1.30807,0,1.76582,0.00067,0.13296,0.20067,1.33141,1.30807,0.49985,0.45653,0.4133,0.65257,1.76582,0.0553,0.47374
2026-05-31 20:00:00,3.1206,0,0.02837,0,0,0.0007,0,0.00062,0.2733,0.66683,1.01506,1.43717,0.00206,0.13297,0.49995,0,0,0,0,0,0,0.4133,1.75427,0.16385,0.38775,0.02361,2.78802,0.20067,0.0267,0.10845,0.21338,1.27792,1.33149,1.30827,0,1.76619,0.00066,0.13297,0.20067,1.33149,1.30827,0.49995,0.45655,0.4133,0.65275,1.76619,0.05522,0.47357
2026-05-31 21:00:00,3.13696,0,0.02835,0,0,0.0007,0,0.00061,0.27321,0.6571,0.98978,1.41532,0.00206,0.13299,0.50004,0,0,0,0,0,0,0.41329,1.74058,0.16327,0.38675,0.02361,2.77423,0.20068,0.02664,0.10792,0.21328,1.2748,1.33157,1.30846,0,1.76655,0.00066,0.13299,0.20068,1.33157,1.30846,0.50004,0.45655,0.41329,0.65292,1.76655,0.05512,0.47344
2026-05-31 22:00:00,3.15333,0,0.02832,0,0,0.00069,0,0.00062,0.2731,0.64743,0.96779,1.3922,0.00206,0.133,0.50014,0,0,0,0,0,0,0.41329,1.73006,0.16268,0.38574,0.02361,2.76044,0.20068,0.02658,0.10741,0.21311,1.2716,1.33165,1.30866,0,1.76692,0.00065,0.133,0.20068,1.33165,1.30866,0.50014,0.45657,0.41329,0.65309,1.76692,0.05495,0.47333
2026-05-31 23:00:00,3.16969,0,0.02828,0,0,0.00069,0,0.00061,0.27301,0.63773,0.94952,1.3673,0.00205,0.13302,0.50022,0,0,0,0,0,0,0.4133,1.72198,0.1621,0.38474,0.02362,2.74666,0.20069,0.02652,0.10692,0.21292,1.26837,1.33173,1.30885,0,1.76728,0.00065,0.13302,0.20069,1.33173,1.30885,0.50022,0.45659,0.4133,0.65325,1.76728,0.05476,0.47325
2026-06-01 00:00:00,3.18605,0,0.02825,0,0,0.00069,0,0.00061,0.2729,0.64206,0.93456,1.34432,0.00205,0.13303,0.50032,0,0,0,0,0,0,0.4133,1.71546,0.16152,0.38374,0.02362,2.73287,0.2007,0.02646,0.10645,0.21276,1.26518,1.33181,1.30905,0,1.76762,0.00064,0.13303,0.2007,1.33181,1.30905,0.50032,0.45662,0.4133,0.6534,1.76762,0.0546,0.47318
2026-06-01 01:00:00,3.19819,0,0.02822,0,0,0.00068,0,0.00061,0.27281,0.68058,0.92233,1.32894,0.00204,0.13305,0.49997,0,0,0,0,0,0,0.41332,1.70993,0.16124,0.38902,0.02408,2.7389,0.2007,0.02666,0.10699,0.21262,1.26463,1.33189,1.30924,0,1.76797,0.00064,0.13305,0.2007,1.33189,1.30924,0.49997,0.45665,0.41332,0.65354,1.76797,0.05448,0.47312
2026-06-01 02:00:00,3.21033,0,0.02819,0,0,0.00068,0,0.0006,0.27271,0.71293,0.91589,1.31019,0.00204,0.13306,0.49926,0,0,0,0,0,0,0.41334,1.70503,0.16095,0.39431,0.02408,2.74493,0.20074,0.02688,0.10766,0.21255,1.26414,1.33198,1.30944,0,1.76832,0.00063,0.13306,0.20074,1.33198,1.30944,0.49926,0.45668,0.41334,0.65369,1.76832,0.05441,0.47307
2026-06-01 03:00:00,3.22247,0,0.02816,0,0,0.00067,0,0.0006,0.27261,0.75386,0.9236,1.2937,0.00203,0.13308,0.49867,0,0,0,0,0,0,0.41337,1.70311,0.16067,0.39959,0.02409,2.75097,0.20082,0.02708,0.10834,0.21246,1.26362,1.33205,1.30963,0,1.76865,0.00063,0.13308,0.20082,1.33205,1.30963,0.49867,0.45673,0.41337,0.65383,1.76865,0.05432,0.47302
2026-06-01 04:00:00,3.2346,0,0.02814,0,0,0.00066,0,0.0006,0.27252,0.79624,0.94649,1.28016,0.00203,0.13309,0.49817,0,0,0,0,0,0,0.4134,1.70633,0.16039,0.40487,0.02409,2.757,0.20088,0.02728,0.10907,0.21228,1.26301,1.33213,1.30983,0,1.76899,0.00063,0.13309,0.20088,1.33213,1.30983,0.49817,0.45677,0.4134,0.65395,1.76899,0.05415,0.47298
2026-06-01 05:00:00,3.24674,0,0.02811,0,0,0.00066,0,0.0006,0.27243,0.83592,0.97671,1.27068,0.00203,0.13311,0.49777,0,0,0,0,0,0,0.41344,1.71351,0.1601,0.41016,0.02409,2.76303,0.20092,0.0275,0.10983,0.21207,1.26239,1.33221,1.31002,0,1.76932,0.00062,0.13311,0.20092,1.33221,1.31002,0.49777,0.45681,0.41344,0.65408,1.76932,0.05395,0.47295
2026-06-01 06:00:00,3.25888,0,0.02808,0,0,0.00066,0,0.00059,0.27232,0.8684,1.01348,1.27002,0.00202,0.13313,0.49743,0,0,0,0,0,0,0.41348,1.72321,0.15982,0.41544,0.0241,2.76906,0.20096,0.0277,0.1106,0.21191,1.26181,1.3323,1.31022,0,1.76964,0.00062,0.13313,0.20096,1.3323,1.31022,0.49743,0.45681,0.41348,0.65421,1.76964,0.0538,0.47292
2026-06-01 07:00:00,3.25332,0,0.02806,0,0,0.00066,0,0.00059,0.27223,0.88358,1.05385,1.28275,0.00202,0.13315,0.49716,0,0,0,0,0,0,0.41351,1.73451,0.15982,0.42264,0.0241,2.78487,0.201,0.02768,0.11129,0.21179,1.26137,1.33238,1.31042,0,1.76997,0.00062,0.13315,0.201,1.33238,1.31042,0.49716,0.45677,0.41351,0.65435,1.76997,0.05368,0.47289
2026-06-01 08:00:00,3.24775,0,0.02804,0,0,0.00066,0,0.00059,0.27213,0.89895,1.09907,1.30694,0.00201,0.13316,0.49694,0,0,0,0,0,0,0.41355,1.74683,0.15983,0.42984,0.0241,2.80068,0.20103,0.02766,0.11191,0.21173,1.26096,1.33246,1.31061,0,1.77029,0.00061,0.13316,0.20103,1.33246,1.31061,0.49694,0.45668,0.41355,0.65447,1.77029,0.05361,0.47286
2026-06-01 09:00:00,3.24219,0,0.02801,0,0,0.00066,0,0.00058,0.27203,0.91452,1.13862,1.33885,0.00201,0.13318,0.49676,0,0,0,0,0,0,0.41356,1.75813,0.15983,0.43705,0.0241,2.81649,0.20106,0.02764,0.11247,0.21164,1.26056,1.33253,1.31082,0,1.77061,0.00061,0.13318,0.20106,1.33253,1.31082,0.49676,0.45657,0.41356,0.65459,1.77061,0.05352,0.47284
2026-06-01 10:00:00,3.23663,0,0.02799,0,0,0.00066,0,0.00057,0.27194,0.92565,1.16379,1.39447,0.002,0.13319,0.49662,0,0,0,0,0,0,0.41355,1.7668,0.15983,0.44425,0.02411,2.83229,0.20109,0.02761,0.11302,0.21147,1.26006,1.33261,1.31102,0,1.77092,0.00061,0.13319,0.20109,1.33261,1.31102,0.49662,0.45644,0.41355,0.65472,1.77092,0.05336,0.47282
2026-06-01 11:00:00,3.23106,0,0.02797,0,0,0.00066,0,0.00057,0.27184,0.9322,1.18377,1.43989,0.002,0.13321,0.49651,0,0,0,0,0,0,0.4135,1.77349,0.15984,0.45145,0.02411,2.8481,0.20111,0.0276,0.11353,0.21129,1.25956,1.3327,1.31122,0,1.77123,0.0006,0.13321,0.20111,1.3327,1.31122,0.49651,0.4563,0.4135,0.65484,1.77123,0.05318,0.4728
2026-06-01 12:00:00,3.2255,0,0.02794,0,0,0.00066,0,0.00056,0.27174,0.9339,1.20042,1.48097,0.00199,0.13322,0.49642,0,0,0,0,0,0,0.41343,1.77893,0.15984,0.45865,0.02411,2.86391,0.20113,0.02757,0.11406,0.21114,1.25907,1.33278,1.31141,0,1.77155,0.0006,0.13322,0.20113,1.33278,1.31141,0.49642,0.45615,0.41343,0.65496,1.77155,0.05303,0.471
2026-06-01 13:00:00,3.21563,0,0.02792,0,0,0.00066,0,0.00056,0.27164,0.92571,1.21225,1.50969,0.00199,0.13324,0.49635,0,0,0,0,0,0,0.41333,1.78356,0.15961,0.46059,0.02411,2.86468,0.20114,0.02734,0.11361,0.21103,1.25684,1.33286,1.31161,0,1.77186,0.00059,0.13324,0.20114,1.33286,1.31161,0.49635,0.45599,0.41333,0.65508,1.77186,0.05293,0.46616
2026-06-01 14:00:00,3.20577,0,0.02791,0,0,0.00065,0,0.00056,0.27155,0.91267,1.21834,1.53081,0.00199,0.13325,0.4963,0,0,0,0,0,0,0.41322,1.78774,0.15939,0.46253,0.02412,2.86546,0.20115,0.02712,0.11308,0.21096,1.25464,1.33294,1.31181,0,1.77217,0.00058,0.13325,0.20115,1.33294,1.31181,0.4963,0.45584,0.41322,0.65519,1.77217,0.05286,0.46164
2026-06-01 15:00:00,3.1959,0,0.02788,0,0,0.00065,0,0.00056,0.27145,0.89934,1.2176,1.54797,0.00198,0.13327,0.49626,0,0,0,0,0,0,0.41309,1.78967,0.15916,0.46447,0.02412,2.86623,0.20116,0.0269,0.11254,0.21087,1.25245,1.33302,1.31201,0,1.77248,0.00058,0.13327,0.20116,1.33302,1.31201,0.49626,0.45568,0.41309,0.6553,1.77248,0.05278,0.46014
2026-06-01 16:00:00,3.18603,0,0.02786,0,0,0.00064,0,0.00056,0.27135,0.8858,1.20989,1.56057,0.00198,0.13328,0.49624,0,0,0,0,0,0,0.41295,1.78796,0.15894,0.46641,0.02412,2.867,0.20117,0.02667,0.11197,0.21072,1.25017,1.33311,1.3122,0,1.77279,0.00057,0.13328,0.20117,1.33311,1.3122,0.49624,0.45553,0.41295,0.6554,1.77279,0.05263,0.45938
2026-06-01 17:00:00,3.17617,0,0.02784,0,0,0.00063,0,0.00056,0.27126,0.87206,1.19885,1.5676,0.00197,0.1333,0.49622,0,0,0,0,0,0,0.41281,1.78364,0.15871,0.46835,0.02412,2.86778,0.20118,0.02645,0.11139,0.21055,1.24786,1.33319,1.3124,0,1.77308,0.00056,0.1333,0.20118,1.33319,1.3124,0.49622,0.45539,0.41281,0.65549,1.77308,0.05246,0.45893
2026-06-01 18:00:00,3.1663,0,0.02782,0,0,0.00063,0,0.00056,0.27114,0.85335,1.18637,1.56801,0.00197,0.13331,0.49621,0,0,0,0,0,0,0.41266,1.77767,0.15849,0.47029,0.02413,2.86855,0.20119,0.02622,0.1108,0.21042,1.24561,1.33327,1.3126,0,1.77338,0.00055,0.13331,0.20119,1.33327,1.3126,0.49621,0.45524,0.41266,0.65557,1.77338,0.05233,0.45863
2026-06-01 19:00:00,3.17907,0,0.0278,0,0,0.00063,0,0.00055,0.27103,0.83636,1.17303,1.56169,0.00196,0.13333,0.4962,0,0,0,0,0,0,0.41252,1.77062,0.15807,0.47121,0.02413,2.86392,0.20119,0.02631,0.11047,0.21031,1.24419,1.33335,1.3128,0,1.77367,0.00054,0.13333,0.20119,1.33335,1.3128,0.4962,0.45511,0.41252,0.65565,1.77367,0.05223,0.45842
2026-06-01 20:00:00,3.19184,0,0.02778,0,0,0.00062,0,0.00055,0.27093,0.81917,1.15766,1.55149,0.00196,0.13334,0.49621,0,0,0,0,0,0,0.41238,1.76291,0.15765,0.47213,0.02413,2.85929,0.2012,0.0264,0.11022,0.21025,1.2428,1.33344,1.313,0,1.77396,0.00054,0.13334,0.2012,1.33344,1.313,0.49621,0.45498,0.41238,0.65572,1.77396,0.05217,0.45826
2026-06-01 21:00:00,3.20461,0,0.02776,0,0,0.00062,0,0.00054,0.27082,0.81173,1.13996,1.53963,0.00196,0.13336,0.4962,0,0,0,0,0,0,0.41224,1.75645,0.15724,0.47304,0.02413,2.85466,0.20121,0.02649,0.11006,0.21016,1.24139,1.33351,1.3132,0,1.77424,0.00054,0.13336,0.20121,1.33351,1.3132,0.4962,0.45487,0.41224,0.65577,1.77424,0.05208,0.45813
2026-06-01 22:00:00,3.21738,0,0.02773,0,0,0.00062,0,0.00054,0.27072,0.80414,1.12292,1.52694,0.00195,0.13337,0.49621,0,0,0,0,0,0,0.4121,1.75285,0.15682,0.47396,0.02414,2.85002,0.20121,0.02657,0.10991,0.21001,1.23992,1.33359,1.3134,0,1.77452,0.00053,0.13337,0.20121,1.33359,1.3134,0.49621,0.45476,0.4121,0.65582,1.77452,0.05194,0.45803
2026-06-01 23:00:00,3.23015,0,0.02771,0,0,0.00062,0,0.00053,0.27062,0.7965,1.10959,1.51264,0.00195,0.13339,0.49622,0,0,0,0,0,0,0.41197,1.75141,0.1564,0.47488,0.02414,2.84539,0.20121,0.02666,0.10977,0.20984,1.23842,1.33367,1.3136,0,1.77478,0.00052,0.13339,0.20121,1.33367,1.3136,0.49622,0.45466,0.41197,0.65587,1.77478,0.05177,0.45795
2026-06-02 00:00:00,3.24292,0,0.02769,0,0,0.00062,0,0.00053,0.27051,0.80884,1.10028,1.49618,0.00194,0.1334,0.49623,0,0,0,0,0,0,0.41186,1.75136,0.15598,0.4758,0.02414,2.84076,0.20122,0.02675,0.10966,0.2097,1.23697,1.33375,1.31379,0,1.77504,0.00052,0.1334,0.20122,1.33375,1.31379,0.49623,0.45456,0.41186,0.6559,1.77504,0.05164,0.45788
2026-06-02 01:00:00,3.26438,0,0.02767,0,0,0.00062,0,0.00052,0.27042,0.84815,1.09317,1.47974,0.00194,0.13342,0.4958,0,0,0,0,0,0,0.41174,1.75218,0.15585,0.48104,0.02459,2.85236,0.20122,0.02701,0.1105,0.20959,1.23795,1.33384,1.31399,0,1.7753,0.00051,0.13342,0.20122,1.33384,1.31399,0.4958,0.45447,0.41174,0.65593,1.7753,0.05154,0.45782
2026-06-02 02:00:00,3.28583,0,0.02765,0,0,0.00062,0,0.00052,0.27031,0.878,1.09448,1.46634,0.00193,0.13343,0.495,0,0,0,0,0,0,0.41164,1.75357,0.15571,0.48628,0.0246,2.86396,0.20126,0.02727,0.11141,0.20953,1.23895,1.33392,1.31419,0,1.77554,0.00051,0.13343,0.20126,1.33392,1.31419,0.495,0.45439,0.41164,0.65595,1.77554,0.05148,0.45777
2026-06-02 03:00:00,3.30729,0,0.02763,0,0,0.00062,0,0.00052,0.27022,0.91881,1.11398,1.45696,0.00193,0.13345,0.49433,0,0,0,0,0,0,0.41154,1.75761,0.15558,0.49153,0.0246,2.87556,0.20133,0.02753,0.11235,0.20945,1.23995,1.33399,1.31439,0,1.77578,0.00051,0.13345,0.20133,1.33399,1.31439,0.49433,0.45432,0.41154,0.65597,1.77578,0.0514,0.45773
2026-06-02 04:00:00,3.32875,0,0.02761,0,0,0.00061,0,0.00052,0.27013,0.96038,1.14719,1.45028,0.00192,0.13347,0.49375,0,0,0,0,0,0,0.41145,1.76611,0.15544,0.49677,0.0246,2.88715,0.2014,0.02778,0.11331,0.20932,1.24088,1.33407,1.3146,0,1.77602,0.0005,0.13347,0.2014,1.33407,1.3146,0.49375,0.45426,0.41145,0.65598,1.77602,0.05127,0.45769
2026-06-02 05:00:00,3.3502,0,0.02759,0,0,0.00061,0,0.00051,0.27003,0.99742,1.18499,1.45053,0.00192,0.13349,0.49327,0,0,0,0,0,0,0.41137,1.7779,0.1553,0.50201,0.0246,2.89875,0.20145,0.02805,0.11427,0.20915,1.24179,1.33416,1.3148,0,1.77624,0.0005,0.13349,0.20145,1.33416,1.3148,0.49327,0.45418,0.41137,0.656,1.77624,0.05111,0.45766
2026-06-02 06:00:00,3.37166,0,0.02757,0,0,0.00061,0,0.00051,0.26994,1.02427,1.22809,1.46655,0.00192,0.1335,0.49286,0,0,0,0,0,0,0.4113,1.7918,0.15517,0.50725,0.02461,2.91035,0.20149,0.0283,0.11527,0.20903,1.24274,1.33424,1.315,0,1.77647,0.00049,0.1335,0.20149,1.33424,1.315,0.49286,0.45408,0.4113,0.656,1.77647,0.05099,0.45763
2026-06-02 07:00:00,3.36657,0,0.02755,0,0,0.00061,0,0.00051,0.26984,1.03594,1.27054,1.49717,0.00191,0.13352,0.49252,0,0,0,0,0,0,0.41122,1.80702,0.15521,0.5113,0.02461,2.9254,0.20152,0.02818,0.1158,0.20894,1.243,1.33432,1.3152,0,1.77668,0.00049,0.13352,0.20152,1.33432,1.3152,0.49252,0.45393,0.41122,0.656,1.77668,0.0509,0.4576
2026-06-02 08:00:00,3.36148,0,0.02753,0,0,0.00061,0,0.00051,0.26974,1.04757,1.30605,1.53428,0.00191,0.13353,0.49222,0,0,0,0,0,0,0.41114,1.8231,0.15525,0.51534,0.02461,2.94046,0.20157,0.02808,0.11624,0.20888,1.24329,1.3344,1.3154,0,1.7769,0.00049,0.13353,0.20157,1.3344,1.3154,0.49222,0.45375,0.41114,0.65601,1.7769,0.05084,0.45758
2026-06-02 09:00:00,3.35639,0,0.02751,0,0,0.0006,0,0.0005,0.26965,1.05947,1.33085,1.57629,0.0019,0.13355,0.49198,0,0,0,0,0,0,0.41105,1.83721,0.1553,0.51939,0.02462,2.95551,0.20159,0.02797,0.11664,0.20878,1.24358,1.33447,1.3156,0,1.77711,0.00049,0.13355,0.20159,1.33447,1.3156,0.49198,0.45354,0.41105,0.65602,1.77711,0.05076,0.45756
2026-06-02 10:00:00,3.3513,0,0.02749,0,0,0.0006,0,0.0005,0.26954,1.06573,1.34866,1.61894,0.0019,0.13356,0.49176,0,0,0,0,0,0,0.41093,1.8473,0.15534,0.52343,0.02462,2.97056,0.20161,0.02785,0.11696,0.20865,1.24379,1.33456,1.3158,0,1.77732,0.00048,0.13356,0.20161,1.33456,1.3158,0.49176,0.45331,0.41093,0.65602,1.77732,0.05063,0.45754
2026-06-02 11:00:00,3.34621,0,0.02746,0,0,0.00059,0,0.00049,0.26945,1.06647,1.3631,1.65608,0.00189,0.13358,0.49159,0,0,0,0,0,0,0.41078,1.85454,0.15538,0.52748,0.02462,2.98562,0.20163,0.02775,0.11727,0.2085,1.244,1.33464,1.316,0,1.77751,0.00048,0.13358,0.20163,1.33464,1.316,0.49159,0.45307,0.41078,0.65603,1.77751,0.05048,0.45752
2026-06-02 12:00:00,3.34112,0,0.02744,0,0,0.00059,0,0.00049,0.26934,1.06138,1.37399,1.68337,0.00189,0.13359,0.49144,0,0,0,0,0,0,0.4106,1.86003,0.15542,0.53152,0.02462,3.00067,0.20165,0.02763,0.11759,0.20839,1.24422,1.33472,1.3162,0,1.77772,0.00048,0.13359,0.20165,1.33472,1.3162,0.49144,0.45282,0.4106,0.65602,1.77772,0.05036,0.45331
2026-06-02 13:00:00,3.33172,0,0.02743,0,0,0.00059,0,0.00049,0.26925,1.047,1.3792,1.70262,0.00189,0.13361,0.4913,0,0,0,0,0,0,0.41041,1.86437,0.15516,0.53004,0.02463,2.99756,0.20166,0.02737,0.11688,0.2083,1.24241,1.3348,1.3164,0,1.77793,0.00047,0.13361,0.20166,1.3348,1.3164,0.4913,0.45257,0.41041,0.65602,1.77793,0.05027,0.44904
2026-06-02 14:00:00,3.32233,0,0.02741,0,0,0.00059,0,0.00048,0.26915,1.02705,1.37755,1.71739,0.00188,0.13362,0.49119,0,0,0,0,0,0,0.41019,1.86792,0.1549,0.52857,0.02463,2.99445,0.20167,0.02712,0.11615,0.20823,1.24063,1.33489,1.3166,0,1.77813,0.00046,0.13362,0.20167,1.33489,1.3166,0.49119,0.45232,0.41019,0.65601,1.77813,0.05021,0.44902
2026-06-02 15:00:00,3.31293,0,0.02738,0,0,0.00059,0,0.00048,0.26905,1.0072,1.36872,1.72851,0.00188,0.13364,0.49109,0,0,0,0,0,0,0.40996,1.86906,0.15464,0.52709,0.02463,2.99134,0.20168,0.02686,0.11538,0.20815,1.23884,1.33496,1.3168,0,1.77833,0.00046,0.13364,0.20168,1.33496,1.3168,0.49109,0.45207,0.40996,0.656,1.77833,0.05013,0.449
2026-06-02 16:00:00,3.30353,0,0.02736,0,0,0.00058,0,0.00048,0.26896,0.98745,1.35332,1.73438,0.00187,0.13365,0.49101,0,0,0,0,0,0,0.40973,1.86651,0.15438,0.52561,0.02463,2.98823,0.20168,0.02659,0.11458,0.20801,1.23697,1.33504,1.317,0,1.77852,0.00045,0.13365,0.20168,1.33504,1.317,0.49101,0.45183,0.40973,0.65598,1.77852,0.05,0.44897
2026-06-02 17:00:00,3.29414,0,0.02734,0,0,0.00058,0,0.00048,0.26885,0.9678,1.335,1.73362,0.00187,0.13367,0.49093,0,0,0,0,0,0,0.40949,1.86142,0.15412,0.52414,0.02464,2.98512,0.20169,0.02634,0.11378,0.20786,1.2351,1.33512,1.3172,0,1.77872,0.00044,0.13367,0.20169,1.33512,1.3172,0.49093,0.4516,0.40949,0.65595,1.77872,0.04985,0.44895
2026-06-02 18:00:00,3.28474,0,0.02732,0,0,0.00058,0,0.00047,0.26875,0.94278,1.31559,1.72572,0.00186,0.13368,0.49087,0,0,0,0,0,0,0.40926,1.85471,0.15386,0.52266,0.02464,2.98201,0.2017,0.02608,0.11299,0.20773,1.23326,1.3352,1.3174,0,1.77891,0.00043,0.13368,0.2017,1.3352,1.3174,0.49087,0.45138,0.40926,0.65592,1.77891,0.04973,0.44891
2026-06-02 19:00:00,3.29785,0,0.0273,0,0,0.00057,0,0.00047,0.26864,0.92018,1.29535,1.71127,0.00186,0.1337,0.4908,0,0,0,0,0,0,0.40902,1.84698,0.15344,0.52274,0.02464,2.97681,0.20171,0.02619,0.11251,0.20763,1.23226,1.33529,1.3176,0,1.77909,0.00043,0.1337,0.20171,1.33529,1.3176,0.4908,0.45116,0.40902,0.65588,1.77909,0.04964,0.44888
2026-06-02 20:00:00,3.31097,0,0.02729,0,0,0.00057,0,0.00047,0.26853,0.89769,1.27327,1.69335,0.00185,0.13371,0.49075,0,0,0,0,0,0,0.40879,1.83859,0.15302,0.52282,0.02464,2.97161,0.20172,0.02628,0.11218,0.20757,1.23128,1.33537,1.3178,0,1.77927,0.00042,0.13371,0.20172,1.33537,1.3178,0.49075,0.45095,0.40879,0.65583,1.77927,0.04958,0.44884
2026-06-02 21:00:00,3.32408,0,0.02726,0,0,0.00057,0,0.00046,0.26843,0.88625,1.24917,1.67412,0.00185,0.13373,0.4907,0,0,0,0,0,0,0.40856,1.83176,0.15259,0.52291,0.02465,2.96641,0.20173,0.02638,0.11189,0.2075,1.23031,1.33544,1.318,0,1.77945,0.00042,0.13373,0.20173,1.33544,1.318,0.4907,0.45075,0.40856,0.65577,1.77945,0.04951,0.4488
2026-06-02 22:00:00,3.33719,0,0.02724,0,0,0.00056,0,0.00045,0.26833,0.8749,1.22652,1.65418,0.00185,0.13374,0.49066,0,0,0,0,0,0,0.40835,1.8282,0.15217,0.52299,0.02465,2.96121,0.20173,0.02649,0.11165,0.20737,1.22928,1.33552,1.3182,0,1.77961,0.00041,0.13374,0.20173,1.33552,1.3182,0.49066,0.45057,0.40835,0.65571,1.77961,0.04939,0.44875
2026-06-02 23:00:00,3.35031,0,0.02722,0,0,0.00056,0,0.00045,0.26822,0.86357,1.20842,1.63276,0.00184,0.13376,0.49062,0,0,0,0,0,0,0.40813,1.82699,0.15175,0.52307,0.02465,2.95601,0.20174,0.02658,0.11144,0.20722,1.22822,1.33561,1.31841,0,1.77977,0.00041,0.13376,0.20174,1.33561,1.31841,0.49062,0.45039,0.40813,0.65564,1.77977,0.04925,0.44869
2026-06-03 00:00:00,3.36342,0,0.0272,0,0,0.00056,0,0.00044,0.26812,0.87434,1.19457,1.60947,0.00184,0.13377,0.49057,0,0,0,0,0,0,0.40793,1.82729,0.15133,0.52315,0.02465,2.95081,0.20174,0.02668,0.11123,0.2071,1.2272,1.33569,1.31861,0,1.77993,0.0004,0.13377,0.20174,1.33569,1.31861,0.49057,0.45021,0.40793,0.65556,1.77993,0.04914,0.44863
2026-06-03 01:00:00,3.38267,0,0.02718,0,0,0.00056,0,0.00044,0.26802,0.91373,1.18391,1.58686,0.00183,0.13379,0.4901,0,0,0,0,0,0,0.40774,1.82854,0.15122,0.52679,0.02512,2.96012,0.20174,0.02692,0.11186,0.20701,1.22819,1.33577,1.31881,0,1.78007,0.0004,0.13379,0.20174,1.33577,1.31881,0.4901,0.45005,0.40774,0.65548,1.78007,0.04905,0.44855
2026-06-03 02:00:00,3.40192,0,0.02716,0,0,0.00056,0,0.00045,0.26793,0.9423,1.18365,1.56811,0.00183,0.1338,0.48924,0,0,0,0,0,0,0.40755,1.8304,0.15111,0.53042,0.02512,2.96942,0.20179,0.02714,0.11253,0.20696,1.22922,1.33585,1.31901,0,1.78022,0.00039,0.1338,0.20179,1.33585,1.31901,0.48924,0.44989,0.40755,0.6554,1.78022,0.049,0.44846
2026-06-03 03:00:00,3.42117,0,0.02713,0,0,0.00056,0,0.00044,0.26783,0.98252,1.20229,1.55375,0.00182,0.13382,0.48853,0,0,0,0,0,0,0.40738,1.83477,0.151,0.53406,0.02512,2.97873,0.20186,0.02737,0.11323,0.20689,1.23023,1.33592,1.31921,0,1.78035,0.00039,0.13382,0.20186,1.33592,1.31921,0.48853,0.44976,0.40738,0.6553,1.78035,0.04893,0.44834
2026-06-03 04:00:00,3.44042,0,0.0271,0,0,0.00056,0,0.00044,0.26773,1.02309,1.2345,1.54288,0.00182,0.13383,0.48791,0,0,0,0,0,0,0.40721,1.84311,0.15088,0.5377,0.02512,2.98804,0.20192,0.0276,0.11395,0.20676,1.23118,1.33601,1.31941,0,1.78048,0.00039,0.13383,0.20192,1.33601,1.31941,0.48791,0.44962,0.40721,0.65521,1.78048,0.04881,0.4482
2026-06-03 05:00:00,3.45967,0,0.02707,0,0,0.00056,0,0.00044,0.26764,1.05836,1.27127,1.54066,0.00182,0.13385,0.48738,0,0,0,0,0,0,0.40706,1.85426,0.15077,0.54133,0.02513,2.99734,0.20197,0.02783,0.11467,0.20661,1.23213,1.33609,1.31962,0,1.78059,0.00038,0.13385,0.20197,1.33609,1.31962,0.48738,0.44948,0.40706,0.6551,1.78059,0.04867,0.44801
2026-06-03 06:00:00,3.47892,0,0.02704,0,0,0.00056,0,0.00044,0.26754,1.08256,1.3128,1.55524,0.00181,0.13386,0.48693,0,0,0,0,0,0,0.40691,1.86719,0.15066,0.54497,0.02513,3.00665,0.20202,0.02805,0.11541,0.2065,1.23309,1.33617,1.31982,0,1.78071,0.00038,0.13386,0.20202,1.33617,1.31982,0.48693,0.4493,0.40691,0.65501,1.78071,0.04856,0.44777
2026-06-03 07:00:00,3.47565,0,0.02701,0,0,0.00056,0,0.00044,0.26744,1.09205,1.35261,1.5845,0.00181,0.13388,0.48655,0,0,0,0,0,0,0.40677,1.88127,0.15071,0.54656,0.02513,3.01828,0.20206,0.0279,0.11576,0.20643,1.23332,1.33625,1.32002,0,1.78083,0.00038,0.13388,0.20206,1.33625,1.32002,0.48655,0.44909,0.40677,0.65491,1.78083,0.04848,0.44742
2026-06-03 08:00:00,3.47238,0,0.02698,0,0,0.00056,0,0.00044,0.26735,1.10147,1.38448,1.62024,0.0018,0.13389,0.48621,0,0,0,0,0,0,0.40662,1.89606,0.15077,0.54814,0.02513,3.02992,0.20208,0.02775,0.11602,0.20637,1.2336,1.33634,1.32022,0,1.78094,0.00037,0.13389,0.20208,1.33634,1.32022,0.48621,0.44886,0.40662,0.65482,1.78094,0.04843,0.44691
2026-06-03 09:00:00,3.46912,0,0.02696,0,0,0.00055,0,0.00044,0.26725,1.11104,1.40565,1.66049,0.0018,0.13391,0.48592,0,0,0,0,0,0,0.40645,1.90902,0.15083,0.54973,0.02514,3.04155,0.20211,0.02759,0.11616,0.20631,1.23385,1.33642,1.32042,0,1.78106,0.00037,0.13391,0.20211,1.33642,1.32042,0.48592,0.44859,0.40645,0.65472,1.78106,0.04837,0.44605
2026-06-03 10:00:00,3.46585,0,0.02694,0,0,0.00055,0,0.00044,0.26715,1.11468,1.42031,1.70045,0.00179,0.13392,0.48568,0,0,0,0,0,0,0.40627,1.91838,0.15088,0.55132,0.02514,3.05318,0.20213,0.02744,0.11629,0.20621,1.23405,1.3365,1.32062,0,1.78117,0.00037,0.13392,0.20213,1.3365,1.32062,0.48568,0.4483,0.40627,0.65462,1.78117,0.04827,0.44433
2026-06-03 11:00:00,3.46258,0,0.02692,0,0,0.00054,0,0.00044,0.26704,1.11266,1.43157,1.73391,0.00179,0.13394,0.48545,0,0,0,0,0,0,0.40606,1.92536,0.15094,0.5529,0.02514,3.06482,0.20215,0.02729,0.11639,0.2061,1.23427,1.33658,1.32082,0,1.78128,0.00036,0.13394,0.20215,1.33658,1.32082,0.48545,0.44801,0.40606,0.65452,1.78128,0.04816,0.43917
2026-06-03 12:00:00,3.45931,0,0.02691,0,0,0.00054,0,0.00044,0.26695,1.10459,1.43902,1.75728,0.00178,0.13396,0.48527,0,0,0,0,0,0,0.40583,1.93075,0.15099,0.55449,0.02515,3.07645,0.20217,0.02713,0.11645,0.20601,1.23449,1.33666,1.32102,0,1.78139,0.00036,0.13396,0.20217,1.33666,1.32102,0.48527,0.44771,0.40583,0.65442,1.78139,0.04807,0.4342
2026-06-03 13:00:00,3.45036,0,0.0269,0,0,0.00054,0,0.00043,0.26686,1.08887,1.44059,1.773,0.00178,0.13398,0.4851,0,0,0,0,0,0,0.40557,1.93515,0.15075,0.55195,0.02515,3.07225,0.20218,0.02689,0.11576,0.20593,1.2329,1.33675,1.32122,0,1.7815,0.00035,0.13398,0.20218,1.33675,1.32122,0.4851,0.44739,0.40557,0.65433,1.7815,0.048,0.43336
2026-06-03 14:00:00,3.44141,0,0.02688,0,0,0.00054,0,0.00043,0.26675,1.06738,1.43542,1.78441,0.00178,0.13399,0.48495,0,0,0,0,0,0,0.4053,1.93892,0.15051,0.54941,0.02515,3.06805,0.2022,0.02664,0.11501,0.20588,1.23133,1.33683,1.32142,0,1.78161,0.00034,0.13399,0.2022,1.33683,1.32142,0.48495,0.44709,0.4053,0.65422,1.78161,0.04795,0.43334
2026-06-03 15:00:00,3.43246,0,0.02686,0,0,0.00054,0,0.00042,0.26666,1.04603,1.42363,1.792,0.00177,0.13401,0.48482,0,0,0,0,0,0,0.40501,1.94018,0.15028,0.54688,0.02515,3.06385,0.20221,0.0264,0.11424,0.20582,1.22976,1.3369,1.32162,0,1.78172,0.00033,0.13401,0.20221,1.3369,1.32162,0.48482,0.44679,0.40501,0.65411,1.78172,0.04789,0.4333
2026-06-03 16:00:00,3.4235,0,0.02683,0,0,0.00053,0,0.00042,0.26656,1.0249,1.4059,1.79414,0.00177,0.13402,0.4847,0,0,0,0,0,0,0.40472,1.93762,0.15004,0.54434,0.02516,3.05965,0.20222,0.02616,0.11346,0.2057,1.22812,1.33698,1.32182,0,1.78182,0.00033,0.13402,0.20222,1.33698,1.32182,0.4847,0.44649,0.40472,0.65399,1.78182,0.04777,0.43327
2026-06-03 17:00:00,3.41455,0,0.0268,0,0,0.00053,0,0.00041,0.26646,1.0038,1.38562,1.78972,0.00176,0.13404,0.48459,0,0,0,0,0,0,0.40443,1.93255,0.1498,0.5418,0.02516,3.05545,0.20222,0.02591,0.11268,0.20557,1.22647,1.33707,1.32203,0,1.78193,0.00032,0.13404,0.20222,1.33707,1.32203,0.48459,0.44621,0.40443,0.65388,1.78193,0.04764,0.43323
2026-06-03 18:00:00,3.4056,0,0.02678,0,0,0.00053,0,0.00041,0.26636,0.97716,1.36438,1.77861,0.00176,0.13405,0.4845,0,0,0,0,0,0,0.40413,1.92587,0.14956,0.53926,0.02516,3.05125,0.20224,0.02566,0.1119,0.20545,1.22484,1.33715,1.32223,0,1.78202,0.00031,0.13405,0.20224,1.33715,1.32223,0.4845,0.44593,0.40413,0.65375,1.78202,0.04753,0.43319
2026-06-03 19:00:00,3.41893,0,0.02675,0,0,0.00053,0,0.00042,0.26625,0.95293,1.34231,1.76157,0.00175,0.13407,0.4844,0,0,0,0,0,0,0.40384,1.91817,0.14918,0.53824,0.02516,3.04478,0.20225,0.02579,0.11142,0.20536,1.22403,1.33723,1.32243,0,1.78212,0.0003,0.13407,0.20225,1.33723,1.32243,0.4844,0.44567,0.40384,0.65362,1.78212,0.04745,0.43314
2026-06-03 20:00:00,3.43225,0,0.02672,0,0,0.00052,0,0.00041,0.26615,0.92876,1.31835,1.74147,0.00175,0.13408,0.48432,0,0,0,0,0,0,0.40355,1.90982,0.14881,0.53722,0.02517,3.03831,0.20225,0.0259,0.11106,0.20531,1.22325,1.33731,1.32263,0,1.78221,0.0003,0.13408,0.20225,1.33731,1.32263,0.48432,0.44541,0.40355,0.65348,1.78221,0.0474,0.43309
2026-06-03 21:00:00,3.44558,0,0.0267,0,0,0.00052,0,0.00041,0.26605,0.91615,1.29242,1.72025,0.00175,0.1341,0.48425,0,0,0,0,0,0,0.40328,1.90303,0.14843,0.53621,0.02517,3.03184,0.20226,0.02602,0.11079,0.20525,1.22248,1.33738,1.32283,0,1.7823,0.0003,0.1341,0.20226,1.33738,1.32283,0.48425,0.44516,0.40328,0.65333,1.7823,0.04734,0.43303
2026-06-03 22:00:00,3.45891,0,0.02667,0,0,0.00052,0,0.00041,0.26595,0.90347,1.26815,1.69832,0.00174,0.13411,0.48417,0,0,0,0,0,0,0.40301,1.89939,0.14806,0.53519,0.02517,3.02536,0.20226,0.02614,0.11052,0.20514,1.22164,1.33747,1.32303,0,1.78237,0.00029,0.13411,0.20226,1.33747,1.32303,0.48417,0.44492,0.40301,0.6532,1.78237,0.04724,0.43296
2026-06-03 23:00:00,3.47223,0,0.02664,0,0,0.00051,0,0.0004,0.26585,0.89091,1.24862,1.67489,0.00174,0.13413,0.4841,0,0,0,0,0,0,0.40275,1.89791,0.14768,0.53417,0.02517,3.01889,0.20227,0.02625,0.1103,0.20501,1.22079,1.33755,1.32323,0,1.78244,0.00029,0.13413,0.20227,1.33755,1.32323,0.4841,0.44469,0.40275,0.65304,1.78244,0.04712,0.43288
2026-06-04 00:00:00,3.48556,0,0.02662,0,0,0.00051,0,0.0004,0.26575,0.90095,1.23335,1.64961,0.00173,0.13414,0.48403,0,0,0,0,0,0,0.4025,1.89783,0.14731,0.53315,0.02518,3.01242,0.20227,0.02637,0.11007,0.20492,1.21997,1.33763,1.32344,0,1.78252,0.00028,0.13414,0.20227,1.33763,1.32344,0.48403,0.44448,0.4025,0.65287,1.78252,0.04703,0.43279
2026-06-04 01:00:00,3.50267,0,0.0266,0,0,0.00051,0,0.0004,0.26565,0.93914,1.22157,1.62513,0.00173,0.13416,0.48353,0,0,0,0,0,0,0.40225,1.89862,0.14723,0.53532,0.02564,3.01915,0.20227,0.02656,0.11057,0.20485,1.22082,1.33771,1.32364,0,1.78258,0.00028,0.13416,0.20227,1.33771,1.32364,0.48353,0.44427,0.40225,0.65271,1.78258,0.04697,0.43268
2026-06-04 02:00:00,3.51978,0,0.02657,0,0,0.00051,0,0.00039,0.26556,0.96631,1.22084,1.60466,0.00172,0.13417,0.48265,0,0,0,0,0,0,0.40202,1.89997,0.14714,0.53749,0.02564,3.02588,0.20231,0.02674,0.11106,0.20481,1.22169,1.3378,1.32384,0,1.78264,0.00027,0.13417,0.20231,1.3378,1.32384,0.48265,0.44408,0.40202,0.65254,1.78264,0.04693,0.43255
2026-06-04 03:00:00,3.5369,0,0.02655,0,0,0.0005,0,0.00038,0.26546,1.00508,1.2387,1.58857,0.00172,0.13419,0.48191,0,0,0,0,0,0,0.40179,1.90373,0.14706,0.53966,0.02564,3.03261,0.20238,0.02692,0.11161,0.20474,1.22256,1.33787,1.32404,0,1.78269,0.00027,0.13419,0.20238,1.33787,1.32404,0.48191,0.4439,0.40179,0.65238,1.78269,0.04687,0.43239
2026-06-04 04:00:00,3.55401,0,0.02653,0,0,0.0005,0,0.00038,0.26536,1.04416,1.26954,1.5762,0.00171,0.1342,0.48126,0,0,0,0,0,0,0.40159,1.91124,0.14698,0.54183,0.02565,3.03933,0.20244,0.02711,0.11213,0.20464,1.22337,1.33795,1.32424,0,1.78275,0.00027,0.1342,0.20244,1.33795,1.32424,0.48126,0.44373,0.40159,0.6522,1.78275,0.04677,0.43219
2026-06-04 05:00:00,3.57112,0,0.0265,0,0,0.00049,0,0.00037,0.26526,1.0778,1.30479,1.57301,0.00171,0.13422,0.48072,0,0,0,0,0,0,0.40139,1.92131,0.14689,0.544,0.02565,3.04606,0.20251,0.02729,0.11268,0.20453,1.22417,1.33803,1.32444,0,1.7828,0.00026,0.13422,0.20251,1.33803,1.32444,0.48072,0.44354,0.40139,0.65202,1.7828,0.04666,0.43194
2026-06-04 06:00:00,3.58823,0,0.02648,0,0,0.00049,0,0.00037,0.26517,1.10006,1.3445,1.58653,0.00171,0.13423,0.48024,0,0,0,0,0,0,0.4012,1.93298,0.14681,0.54617,0.02565,3.05279,0.20255,0.02747,0.1132,0.20443,1.22499,1.33811,1.32464,0,1.78284,0.00026,0.13423,0.20255,1.33811,1.32464,0.48024,0.44333,0.4012,0.65184,1.78284,0.04657,0.4316
2026-06-04 07:00:00,3.58333,0,0.02646,0,0,0.00049,0,0.00037,0.26508,1.10767,1.3822,1.61422,0.0017,0.13425,0.47983,0,0,0,0,0,0,0.40102,1.94568,0.14682,0.54655,0.02565,3.05943,0.20259,0.02728,0.11342,0.20437,1.22494,1.3382,1.32484,0,1.78288,0.00026,0.13425,0.20259,1.3382,1.32484,0.47983,0.4431,0.40102,0.65167,1.78288,0.04651,0.43112
2026-06-04 08:00:00,3.57844,0,0.02644,0,0,0.00049,0,0.00036,0.26497,1.1153,1.41162,1.64811,0.0017,0.13426,0.47948,0,0,0,0,0,0,0.40082,1.95905,0.14683,0.54692,0.02566,3.06607,0.20262,0.02708,0.11348,0.20432,1.22491,1.33828,1.32504,0,1.78292,0.00025,0.13426,0.20262,1.33828,1.32504,0.47948,0.44282,0.40082,0.6515,1.78292,0.04647,0.4304
2026-06-04 09:00:00,3.57354,0,0.02642,0,0,0.00049,0,0.00036,0.26488,1.12295,1.43034,1.68625,0.00169,0.13428,0.47917,0,0,0,0,0,0,0.40063,1.97049,0.14684,0.5473,0.02566,3.07271,0.20264,0.02688,0.11346,0.20426,1.22486,1.33835,1.32524,0,1.78296,0.00025,0.13428,0.20264,1.33835,1.32524,0.47917,0.44253,0.40063,0.65132,1.78296,0.04641,0.4292
2026-06-04 10:00:00,3.56864,0,0.0264,0,0,0.00048,0,0.00036,0.26478,1.1247,1.44276,1.7238,0.00169,0.13429,0.4789,0,0,0,0,0,0,0.40041,1.97832,0.14686,0.54767,0.02566,3.07935,0.20267,0.02668,0.11342,0.20416,1.22475,1.33843,1.32544,0,1.783,0.00025,0.13429,0.20267,1.33843,1.32544,0.4789,0.4422,0.40041,0.65116,1.783,0.04631,0.42681
2026-06-04 11:00:00,3.56375,0,0.02638,0,0,0.00048,0,0.00036,0.26469,1.12075,1.45175,1.75453,0.00168,0.13431,0.47866,0,0,0,0,0,0,0.40017,1.98388,0.14687,0.54805,0.02566,3.08599,0.20268,0.02648,0.11333,0.20405,1.22466,1.33852,1.32565,0,1.78303,0.00024,0.13431,0.20268,1.33852,1.32565,0.47866,0.44187,0.40017,0.65099,1.78303,0.0462,0.41963
2026-06-04 12:00:00,3.55885,0,0.02636,0,0,0.00048,0,0.00036,0.26459,1.11083,1.4569,1.77509,0.00168,0.13432,0.47845,0,0,0,0,0,0,0.39989,1.98785,0.14688,0.54842,0.02567,3.09263,0.2027,0.02628,0.11327,0.20395,1.22457,1.3386,1.32586,0,1.78307,0.00024,0.13432,0.2027,1.3386,1.32586,0.47845,0.44154,0.39989,0.65082,1.78307,0.04611,0.40643
2026-06-04 13:00:00,3.54944,0,0.02634,0,0,0.00048,0,0.00036,0.26449,1.09409,1.4562,1.78818,0.00168,0.13434,0.47826,0,0,0,0,0,0,0.39961,1.99097,0.14657,0.54519,0.02567,3.08514,0.20271,0.02604,0.11281,0.20389,1.22307,1.33868,1.32606,0,1.78311,0.00023,0.13434,0.20271,1.33868,1.32606,0.47826,0.44121,0.39961,0.65065,1.78311,0.04605,0.39893
2026-06-04 14:00:00,3.54003,0,0.02632,0,0,0.00047,0,0.00036,0.26439,1.07156,1.44888,1.79703,0.00167,0.13435,0.47809,0,0,0,0,0,0,0.3993,1.99343,0.14627,0.54196,0.02567,3.07765,0.20273,0.02579,0.11229,0.20385,1.2216,1.33876,1.32626,0,1.78315,0.00022,0.13435,0.20273,1.33876,1.32626,0.47809,0.44087,0.3993,0.65048,1.78315,0.04601,0.39893
2026-06-04 15:00:00,3.53062,0,0.0263,0,0,0.00047,0,0.00035,0.2643,1.04921,1.43535,1.80208,0.00167,0.13437,0.47794,0,0,0,0,0,0,0.39899,1.99337,0.14596,0.53873,0.02568,3.07017,0.20274,0.02554,0.11178,0.20379,1.2201,1.33884,1.32646,0,1.78318,0.00022,0.13437,0.20274,1.33884,1.32646,0.47794,0.44053,0.39899,0.6503,1.78318,0.04595,0.39893
2026-06-04 16:00:00,3.52121,0,0.02627,0,0,0.00047,0,0.00035,0.26419,1.02712,1.41614,1.80173,0.00166,0.13438,0.4778,0,0,0,0,0,0,0.39867,1.98955,0.14565,0.53549,0.02568,3.06268,0.20275,0.0253,0.11128,0.2037,1.21858,1.33893,1.32666,0,1.78322,0.00021,0.13438,0.20275,1.33893,1.32666,0.4778,0.4402,0.39867,0.65013,1.78322,0.04586,0.39893
2026-06-04 17:00:00,3.5118,0,0.02625,0,0,0.00046,0,0.00034,0.2641,1.00518,1.39457,1.79493,0.00166,0.1344,0.47767,0,0,0,0,0,0,0.39834,1.98331,0.14535,0.53226,0.02568,3.05519,0.20277,0.02505,0.11077,0.20357,1.21703,1.33901,1.32686,0,1.78326,0.0002,0.1344,0.20277,1.33901,1.32686,0.47767,0.43989,0.39834,0.64994,1.78326,0.04574,0.39893
2026-06-04 18:00:00,3.50239,0,0.02623,0,0,0.00046,0,0.00034,0.26399,0.97786,1.37211,1.78179,0.00165,0.13441,0.47756,0,0,0,0,0,0,0.39801,1.97554,0.14504,0.52903,0.02568,3.0477,0.20276,0.0248,0.11026,0.20348,1.21551,1.33909,1.32706,0,1.78329,0.00019,0.13441,0.20276,1.33909,1.32706,0.47756,0.43959,0.39801,0.64976,1.78329,0.04566,0.39893
2026-06-04 19:00:00,3.51494,0,0.02621,0,0,0.00046,0,0.00033,0.2639,0.95275,1.34887,1.76303,0.00165,0.13443,0.47746,0,0,0,0,0,0,0.39769,1.96679,0.14466,0.52724,0.02569,3.03994,0.20277,0.02494,0.1112,0.20341,1.21602,1.33917,1.32726,0,1.78333,0.00019,0.13443,0.20277,1.33917,1.32726,0.47746,0.43929,0.39769,0.64957,1.78333,0.04559,0.39893
2026-06-04 20:00:00,3.5275,0,0.02619,0,0,0.00046,0,0.00033,0.26381,0.92778,1.3239,1.74142,0.00164,0.13444,0.47735,0,0,0,0,0,0,0.39738,1.95742,0.14428,0.52544,0.02569,3.03218,0.20278,0.02506,0.11224,0.20337,1.21655,1.33926,1.32746,0,1.78336,0.00018,0.13444,0.20278,1.33926,1.32746,0.47735,0.439,0.39738,0.64937,1.78336,0.04555,0.39893
2026-06-04 21:00:00,3.54006,0,0.02617,0,0,0.00046,0,0.00033,0.2637,0.91416,1.29698,1.71879,0.00164,0.13447,0.47726,0,0,0,0,0,0,0.39707,1.94972,0.1439,0.52365,0.02569,3.02443,0.20278,0.0252,0.1134,0.20331,1.21708,1.33933,1.32766,0,1.78339,0.00018,0.13447,0.20278,1.33933,1.32766,0.47726,0.43873,0.39707,0.64916,1.78339,0.0455,0.39893
2026-06-04 22:00:00,3.55261,0,0.02615,0,0,0.00046,0,0.00032,0.26361,0.9006,1.27167,1.69551,0.00164,0.13448,0.47717,0,0,0,0,0,0,0.39677,1.94525,0.14351,0.52186,0.02569,3.01667,0.20279,0.02532,0.11456,0.20321,1.21754,1.33941,1.32786,0,1.78341,0.00017,0.13448,0.20279,1.33941,1.32786,0.47717,0.43846,0.39677,0.64896,1.78341,0.04541,0.39893
2026-06-04 23:00:00,3.56517,0,0.02613,0,0,0.00046,0,0.00032,0.26351,0.88721,1.25109,1.67085,0.00163,0.1345,0.47708,0,0,0,0,0,0,0.39648,1.94296,0.14313,0.52006,0.0257,3.00891,0.20279,0.02545,0.11576,0.2031,1.21802,1.33949,1.32806,0,1.78342,0.00017,0.1345,0.20279,1.33949,1.32806,0.47708,0.43821,0.39648,0.64874,1.78342,0.04531,0.39893
2026-06-05 00:00:00,3.57772,0,0.02611,0,0,0.00046,0,0.00032,0.26342,0.89597,1.23474,1.64438,0.00163,0.13451,0.477,0,0,0,0,0,0,0.39619,1.94204,0.14275,0.51827,0.0257,3.00115,0.20279,0.02558,0.11697,0.20303,1.21852,1.33957,1.32827,0,1.78344,0.00016,0.13451,0.20279,1.33957,1.32827,0.477,0.43797,0.39619,0.64853,1.78344,0.04524,0.39893
2026-06-05 01:00:00,3.5928,0,0.02609,0,0,0.00046,0,0.00031,0.26333,0.93192,1.22189,1.6187,0.00162,0.13453,0.47648,0,0,0,0,0,0,0.39593,1.942,0.14271,0.51956,0.02615,3.00749,0.2028,0.02574,0.12276,0.20297,1.22457,1.33966,1.32847,0,1.78345,0.00016,0.13453,0.2028,1.33966,1.32847,0.47648,0.43774,0.39593,0.64831,1.78345,0.04518,0.39893
2026-06-05 02:00:00,3.60789,0,0.02607,0,0,0.00046,0,0.00031,0.26323,0.95696,1.21978,1.59697,0.00162,0.13454,0.47559,0,0,0,0,0,0,0.39566,1.94252,0.14267,0.52086,0.02615,3.01383,0.20284,0.02591,0.12855,0.20291,1.23063,1.33974,1.32867,0,1.78345,0.00015,0.13454,0.20284,1.33974,1.32867,0.47559,0.43752,0.39566,0.64809,1.78345,0.04514,0.39893
2026-06-05 03:00:00,3.62297,0,0.02605,0,0,0.00046,0,0.0003,0.26313,0.99316,1.23572,1.57959,0.00161,0.13456,0.47483,0,0,0,0,0,0,0.39542,1.94553,0.14263,0.52215,0.02616,3.02018,0.20291,0.02608,0.13439,0.20286,1.23669,1.33981,1.32887,0,1.78345,0.00015,0.13456,0.20291,1.33981,1.32887,0.47483,0.43731,0.39542,0.64786,1.78345,0.04509,0.39893
2026-06-05 04:00:00,3.63805,0,0.02603,0,0,0.00045,0,0.0003,0.26303,1.02956,1.26418,1.5659,0.00161,0.13457,0.47417,0,0,0,0,0,0,0.39518,1.95233,0.14259,0.52344,0.02616,3.02652,0.20298,0.02624,0.14022,0.20278,1.24272,1.33989,1.32907,0,1.78345,0.00015,0.13457,0.20298,1.33989,1.32907,0.47417,0.43711,0.39518,0.64764,1.78345,0.04501,0.39893
2026-06-05 05:00:00,3.65314,0,0.02601,0,0,0.00045,0,0.00029,0.26293,1.0604,1.29665,1.56117,0.00161,0.13459,0.47361,0,0,0,0,0,0,0.39496,1.96165,0.14255,0.52474,0.02616,3.03286,0.20303,0.02641,0.14604,0.20268,1.24872,1.33998,1.32927,0,1.78344,0.00014,0.13459,0.20303,1.33998,1.32927,0.47361,0.4369,0.39496,0.6474,1.78344,0.04491,0.39893
2026-06-05 06:00:00,3.66822,0,0.02599,0,0,0.00044,0,0.0003,0.26282,1.08025,1.33339,1.57266,0.0016,0.1346,0.47313,0,0,0,0,0,0,0.39474,1.97257,0.14251,0.52603,0.02616,3.0392,0.20308,0.02658,0.15187,0.2026,1.25475,1.34006,1.32947,0,1.78344,0.00014,0.1346,0.20308,1.34006,1.32947,0.47313,0.43669,0.39474,0.64718,1.78344,0.04483,0.39893
2026-06-05 07:00:00,3.66202,0,0.02597,0,0,0.00044,0,0.0003,0.26271,1.08615,1.36811,1.59785,0.0016,0.13462,0.4727,0,0,0,0,0,0,0.39454,1.9845,0.14254,0.52599,0.02617,3.04806,0.20311,0.02638,0.14848,0.20255,1.25105,1.34014,1.32968,0,1.78343,0.00014,0.13462,0.20311,1.34014,1.32968,0.4727,0.43643,0.39454,0.64696,1.78343,0.04478,0.39893
2026-06-05 08:00:00,3.65582,0,0.02595,0,0,0.00044,0,0.00029,0.26261,1.09217,1.39495,1.62889,0.00159,0.13463,0.47234,0,0,0,0,0,0,0.39432,1.99704,0.14257,0.52594,0.02617,3.05693,0.20314,0.02617,0.14498,0.2025,1.24733,1.34022,1.32988,0,1.78342,0.00013,0.13463,0.20314,1.34022,1.32988,0.47234,0.43615,0.39432,0.64674,1.78342,0.04474,0.39893
2026-06-05 09:00:00,3.64962,0,0.02593,0,0,0.00044,0,0.00029,0.26249,1.09807,1.4115,1.66395,0.00159,0.13465,0.47201,0,0,0,0,0,0,0.3941,2.00768,0.1426,0.5259,0.02617,3.0658,0.20317,0.02598,0.14142,0.20245,1.24363,1.34029,1.33008,0,1.7834,0.00013,0.13465,0.20317,1.34029,1.33008,0.47201,0.43582,0.3941,0.64652,1.7834,0.04469,0.39893
2026-06-05 10:00:00,3.64341,0,0.02591,0,0,0.00043,0,0.00029,0.26239,1.09851,1.42188,1.69838,0.00158,0.13466,0.47173,0,0,0,0,0,0,0.39387,2.01616,0.14263,0.52585,0.02617,3.07466,0.20319,0.02577,0.13782,0.20237,1.23988,1.34038,1.33028,0,1.78339,0.00013,0.13466,0.20319,1.34038,1.33028,0.47173,0.43549,0.39387,0.64631,1.78339,0.04461,0.39893
2026-06-05 11:00:00,3.63721,0,0.02589,0,0,0.00043,0,0.00029,0.26229,1.09327,1.42902,1.72632,0.00158,0.13468,0.47148,0,0,0,0,0,0,0.3936,2.02182,0.14266,0.52581,0.02618,3.08352,0.2032,0.02557,0.13417,0.20227,1.23612,1.34046,1.33049,0,1.78338,0.00012,0.13468,0.2032,1.34046,1.33049,0.47148,0.43514,0.3936,0.64608,1.78338,0.04451,0.39893
2026-06-05 12:00:00,3.63101,0,0.02587,0,0,0.00043,0,0.00028,0.26219,1.08243,1.43256,1.74449,0.00157,0.13469,0.47126,0,0,0,0,0,0,0.39332,2.02535,0.14269,0.52576,0.02618,3.09239,0.20321,0.02537,0.13051,0.20219,1.23237,1.34054,1.33069,0,1.78337,0.00012,0.13469,0.20321,1.34054,1.33069,0.47126,0.43479,0.39332,0.64587,1.78337,0.04443,0.39901
