GMT,FRAC1,LTDC1,HIDC1,BHNC1,MPAC1,OWCC1,BNCC1,BCKC1,MEEC1,HPIC1,POHC1,EXQC1,DSNC1,STVC1,NWMC1,LGCC1,WARC1,LGAC1,PNEC1,LBDC1,OREC1,PATC1,HETC1,LNRC1,CHVC1F,DCMC1,NDPC1,MDSC1,NDVC1,NSWC1,AVYC1,NMSC1,OBBC1,RIPC1,PTTC1,VNSC1,KNFC1L,STVC1,MDSC1,OBBC1,RIPC1,NWMC1,CRDC1,PATC1,MZRC1,VNSC1,AVYC1L,NDPC1L
,QINE,QINE,QINE,QINE,QINE,QINE,QINE,QINE,QINE,QINE,QINE,QINE,QINE,QINE,QINE,QINE,QINE,QINE,QINE,QINE,QINE,QINE,QINE,QINE,QINE,QINE,QINE,QINE,QINE,QINE,QINE,QINE,QINE,QINE,QINE,QINE,QINE,QINE,QINE,QINE,QINE,QINE,QINE,QINE,QINE,QINE,SQIN,SQIN
2026-03-25 12:00:00,7.52272,0.00407,0.06009,0.04034,0.012,0.003,0.007,0.01,0.07005,1.57884,2.57749,3.58842,0.00235,0.23503,1.14335,0.0006,0.00298,0.00376,0,-0.01577,0.00001,1.10312,3.55147,0.46664,1.19234,0.008,6.73862,0.78648,0.39329,0.65133,0.56306,2.91351,0.22202,0.18119,0.00192,2.48352,0.01376,0.23503,0.78648,0.22202,0.18119,1.14335,1.16788,1.10312,2.15631,2.48352,0.49036,1.41021
2026-03-25 13:00:00,7.79022,0.00407,0.05029,0.03025,0.012,0.003,0.007,0.01,0.0711,1.57884,2.61404,3.88625,0.00235,0.23503,1.14693,0.0006,0.00298,0.0037,0,-0.02549,0.00001,1.09912,3.45055,0.46644,1.15657,0.008,6.39453,0.78323,0.37569,0.61248,0.55206,2.88889,0.22202,0.18119,0.00172,2.47554,0.01373,0.23503,0.78323,0.22202,0.18119,1.14693,1.17173,1.09912,2.14686,2.47554,0.48936,1.38974
2026-03-25 14:00:00,8.05772,0.00407,0.07001,0.03025,0.012,0.003,0.007,0.01,0.07433,1.52701,2.55932,4.18365,0.00235,0.23103,1.14693,0.0006,0.00297,0.00369,0,-0.04252,0.00001,1.09512,3.33155,0.45757,1.12133,0.009,6.05044,0.77673,0.36421,0.61178,0.53806,2.86374,0.22202,0.18237,0.00172,2.46756,0.01369,0.23103,0.77673,0.22202,0.18237,1.14693,1.17946,1.09512,2.13765,2.46756,0.48754,1.4056
2026-03-25 15:00:00,8.32729,0.00407,0.07978,0.04034,0.012,0.003,0.007,0.01,0.07885,1.51238,2.55024,4.53905,0.00235,0.22202,1.14335,0.00066,0.00297,0.00363,0,-0.04376,0.00001,1.09512,3.2796,0.45762,1.07246,0.009,5.70635,0.77349,0.33886,0.60186,0.53106,2.83735,0.22202,0.18237,0.00214,2.4596,0.01366,0.22202,0.77349,0.22202,0.18237,1.14335,1.18333,1.09512,2.12855,2.4596,0.48392,1.42145
2026-03-25 16:00:00,8.46311,0.00406,0.06992,0.03025,0.012,0.002,0.007,0.01,0.08001,1.47613,2.4605,4.77625,0.00235,0.21702,1.14335,0.00066,0.00296,0.00362,0,-0.03808,0.00001,1.09912,3.25979,0.45777,1.04039,0.009,5.59816,0.76701,0.33131,0.61528,0.51706,2.80719,0.22202,0.18002,0.00214,2.45165,0.01363,0.21702,0.76701,0.22202,0.18002,1.14335,1.18333,1.09912,2.11966,2.45165,0.47512,1.43731
2026-03-25 17:00:00,8.46311,0.00406,0.06009,0.02017,0.012,0.002,0.007,0.01,0.08001,1.4475,2.41624,4.95212,0.00235,0.21202,1.14335,0.00072,0.00296,0.00362,0,-0.0324,0.00001,1.09912,3.21521,0.44901,1.00999,0.01,5.48997,0.76055,0.3238,0.58135,0.52106,2.77531,0.22503,0.18002,0.00214,2.43579,0.01359,0.21202,0.76055,0.22503,0.18002,1.14335,1.18333,1.09912,2.11088,2.43579,0.46377,1.45317
2026-03-25 18:00:00,8.32936,0.00406,0.07007,0.02017,0.012,0.002,0.007,0.01,0.08001,1.39115,2.35495,5.12891,0.00235,0.21202,1.13978,0.00072,0.00295,0.00361,0,-0.02269,0.00001,1.10312,3.09603,0.43936,0.99788,0.01,5.38178,0.75411,0.30858,0.56793,0.51006,2.74553,0.22503,0.18002,0.00214,2.42787,0.01356,0.21202,0.75411,0.22503,0.18002,1.13978,1.17946,1.10312,2.10225,2.42787,0.45502,1.46903
2026-03-25 19:00:00,7.92604,0.00405,0.07013,0.03025,0.012,0.002,0.007,0.01,0.07885,1.35656,2.33759,5.1272,0.00235,0.21202,1.13978,0.00072,0.00294,0.00355,0,-0.01095,0.00001,1.10612,3.06193,0.4297,0.96277,0.01,5.27359,0.74447,0.30279,0.55996,0.49305,2.72435,0.22503,0.1789,0.00238,2.38846,0.01353,0.21202,0.74447,0.22503,0.1789,1.13978,1.17946,1.10612,2.0938,2.38846,0.44856,1.48488
2026-03-25 20:00:00,7.65647,0.00405,0.06024,0.04034,0.012,0.002,0.007,0.01,0.08001,1.33605,2.28588,5.00747,0.00235,0.21202,1.13621,0.00072,0.00294,0.00354,0,-0.00203,0.00001,1.11412,3.1303,0.42976,0.9269,0.01,5.1654,0.73807,0.29607,0.53064,0.49005,2.70555,0.22202,0.1789,0.00238,2.38061,0.0135,0.21202,0.73807,0.22202,0.1789,1.13621,1.17946,1.11412,2.08549,2.38061,0.44524,1.50074
2026-03-25 21:00:00,7.3869,0.00404,0.06027,0.03025,0.013,0.002,0.007,0.01,0.07885,1.28884,2.24325,4.82825,0.00235,0.21202,1.13264,0.00072,0.00294,0.00353,0,-0.00406,0.00001,1.11412,3.16996,0.42038,0.92743,0.01,5.05721,0.73168,0.27801,0.53808,0.48005,2.6863,0.22202,0.1789,0.00262,2.36494,0.01347,0.21202,0.73168,0.22202,0.1789,1.13264,1.17946,1.11412,2.07733,2.36494,0.44121,1.5166
2026-03-25 22:00:00,6.98358,0.00404,0.0701,0.03025,0.013,0.002,0.007,0.01,0.07656,1.2689,2.16752,4.64875,0.00226,0.21602,1.13264,0.00072,0.00293,0.00353,0,-0.00812,0.00001,1.11412,3.07693,0.40184,0.90549,0.01,5.05721,0.72214,0.2679,0.5243,0.48305,2.66619,0.22803,0.17778,0.00262,2.35712,0.01344,0.21602,0.72214,0.22803,0.17778,1.13264,1.17559,1.11412,2.06922,2.35712,0.43593,1.53246
2026-03-25 23:00:00,6.84983,0.00403,0.0799,0.04034,0.013,0.002,0.007,0.01,0.0777,1.24913,2.14258,4.47244,0.00226,0.21702,1.12908,0.00066,0.00292,0.00352,0,-0.00812,0.00001,1.10612,3.0152,0.39262,0.91165,0.009,5.05721,0.71579,0.25428,0.54447,0.47705,2.64603,0.22803,0.17778,0.00289,2.34932,0.01341,0.21702,0.71579,0.22803,0.17778,1.12908,1.17173,1.10612,2.06114,2.34932,0.43046,1.54831
2026-03-26 00:00:00,6.84983,0.00402,0.06989,0.04034,0.013,0.002,0.007,0.01,0.07324,1.21656,2.10953,4.17619,0.00226,0.21702,1.12908,0.00066,0.00292,0.00358,0,-0.00812,0.00001,1.10612,3.03558,0.39262,0.91849,0.009,5.05721,0.70946,0.25127,0.56395,0.46005,2.62672,0.22803,0.1789,0.00238,2.33374,0.01338,0.21702,0.70946,0.22803,0.1789,1.12908,1.17173,1.10612,2.05314,2.33374,0.42605,1.56417
2026-03-26 01:00:00,6.98565,0.00402,0.06983,0.04034,0.013,0.002,0.007,0.01,0.07216,1.24913,2.06047,3.76054,0.00226,0.21702,1.12908,0.00066,0.00292,0.00357,0,-0.01015,0.00001,1.11012,3.07247,0.39262,0.93063,0.009,5.05721,0.69685,0.25099,0.59771,0.47305,2.60629,0.22803,0.17778,0.00238,2.34153,0.01335,0.21702,0.69685,0.22803,0.17778,1.12908,1.16788,1.11012,2.04512,2.34153,0.42317,1.58003
2026-03-26 02:00:00,7.12147,0.00401,0.06992,0.03025,0.013,0.002,0.007,0.01,0.07216,1.28217,2.06861,3.34496,0.00226,0.21902,1.12908,0.00066,0.00291,0.00358,0,-0.01421,0.00001,1.10612,2.97896,0.39252,1.01282,0.009,5.05721,0.69057,0.25187,0.61254,0.45705,2.5869,0.23203,0.17778,0.00238,2.33374,0.01332,0.21902,0.69057,0.23203,0.17778,1.12908,1.16403,1.10612,2.03708,2.33374,0.42173,1.59589
2026-03-26 03:00:00,7.25522,0.004,0.06009,0.03025,0.013,0.002,0.007,0.01,0.0711,1.34287,2.10953,2.98934,0.00226,0.22202,1.12552,0.0006,0.00291,0.00362,0,-0.01218,0.00001,1.09912,2.8772,0.39293,1.09191,0.009,5.05721,0.68118,0.25187,0.59983,0.45705,2.56736,0.23203,0.17778,0.00238,2.31046,0.01329,0.22202,0.68118,0.23203,0.17778,1.12552,1.15634,1.09912,2.02909,2.31046,0.42009,1.61174
2026-03-26 04:00:00,7.42904,0.004,0.06995,0.04034,0.012,0.002,0.007,0.01,0.06156,1.39115,2.16752,2.69401,0.00217,0.22603,1.12908,0.0006,0.00291,0.00363,0,-0.00406,0.00001,1.09512,2.956,0.40288,1.1422,0.009,5.05721,0.67805,0.25402,0.62034,0.45405,2.54747,0.23203,0.17778,0.00238,2.30272,0.01325,0.22603,0.67805,0.23203,0.17778,1.12908,1.15634,1.09512,2.02094,2.30272,0.41793,1.6276
2026-03-26 05:00:00,7.37533,0.00399,0.07987,0.04034,0.012,0.002,0.007,0.01,0.06644,1.4333,2.22631,2.57499,0.00217,0.22803,1.12908,0.0006,0.0029,0.00367,0,0,0.00001,1.08712,3.08562,0.41175,1.18051,0.009,5.05721,0.6687,0.26083,0.62176,0.45405,2.52754,0.23203,0.17778,0.00214,2.295,0.01322,0.22803,0.6687,0.23203,0.17778,1.12908,1.15251,1.08712,2.01263,2.295,0.41569,1.61794
2026-03-26 06:00:00,7.14882,0.00399,0.07993,0.04034,0.012,0.002,0.007,0.01,0.07885,1.50509,2.34626,2.52081,0.00217,0.23103,1.12908,0.00054,0.0029,0.00366,0,-0.00203,0.00001,1.08712,3.16317,0.40278,1.23318,0.009,5.05721,0.6625,0.26495,0.60127,0.46005,2.50791,0.23203,0.17778,0.00214,2.295,0.01319,0.23103,0.6625,0.23203,0.17778,1.12908,1.15251,1.08712,2.00427,2.295,0.41389,1.60829
2026-03-26 07:00:00,6.88264,0.00398,0.07489,0.04034,0.012,0.002,0.007,0.01,0.0777,1.49782,2.39865,2.53244,0.00226,0.23303,1.12908,0.00054,0.00289,0.00366,0,-0.00609,0.00001,1.08712,3.1468,0.39425,1.28592,0.009,5.05721,0.65631,0.27101,0.5405,0.47705,2.54011,0.23203,0.17667,0.00192,2.27187,0.01316,0.23303,0.65631,0.23203,0.17667,1.12908,1.15634,1.08712,1.99593,2.27187,0.41264,1.59863
2026-03-26 08:00:00,6.61585,0.00398,0.07481,0.04034,0.012,0.002,0.007,0.01,0.07216,1.53435,2.42506,2.72584,0.00226,0.23103,1.13264,0.00054,0.00289,0.00366,0,-0.00992,0.00001,1.07912,3.23013,0.39405,1.30357,0.009,5.05721,0.65013,0.27572,0.5405,0.49305,2.57252,0.23203,0.17667,0.00192,2.27187,0.01313,0.23103,0.65013,0.23203,0.17667,1.13264,1.15634,1.07912,1.98758,2.27187,0.41191,1.58897
2026-03-26 09:00:00,6.34914,0.00398,0.07978,0.04034,0.012,0.002,0.007,0.01,0.06772,1.49782,2.42506,2.859,0.00226,0.23103,1.13264,0.00054,0.00288,0.00365,0,-0.01351,0.00001,1.07112,3.30404,0.39364,1.30169,0.008,5.05721,0.64398,0.28142,0.56664,0.49005,2.60462,0.23203,0.17667,0.00192,2.26419,0.01311,0.23103,0.64398,0.23203,0.17667,1.13264,1.15634,1.07112,1.97909,2.26419,0.41095,1.57932
2026-03-26 10:00:00,6.05203,0.00397,0.06995,0.03025,0.012,0.002,0.007,0.01,0.06519,1.51238,2.45161,2.93049,0.00226,0.23303,1.13264,0.00054,0.00287,0.00363,0,-0.0171,0.00001,1.07512,3.30901,0.39309,1.27987,0.008,5.06149,0.63477,0.2824,0.53129,0.49706,2.63609,0.23203,0.17778,0.00192,2.25652,0.01308,0.23303,0.63477,0.23203,0.17778,1.13264,1.15634,1.07512,1.97061,2.25652,0.40935,1.56966
2026-03-26 11:00:00,5.8493,0.00397,0.06009,0.03025,0.012,0.002,0.007,0.01,0.06275,1.48335,2.48726,3.00454,0.00235,0.23103,1.12908,0.00054,0.00287,0.00358,0,-0.02069,0.00001,1.07112,3.28162,0.39284,1.22177,0.008,5.06577,0.62866,0.28494,0.50798,0.49305,2.66721,0.23203,0.17667,0.00192,2.24886,0.01305,0.23103,0.62866,0.23203,0.17667,1.12908,1.15634,1.07112,1.96211,2.24886,0.4075,1.56
2026-03-26 12:00:00,5.80964,0.00397,0.06009,0.04034,0.012,0.002,0.007,0.01,0.06156,1.45463,2.40744,3.13444,0.00235,0.23103,1.13264,0.0006,0.00286,0.00358,0,-0.02225,0.00001,1.07112,3.23235,0.40142,1.17843,0.008,5.07005,0.62866,0.28758,0.50725,0.49305,2.69846,0.23203,0.17667,0.00192,2.24121,0.01302,0.23103,0.62866,0.23203,0.17667,1.13264,1.16018,1.07112,1.95365,2.24121,0.40604,1.52112
2026-03-26 13:00:00,5.93364,0.00396,0.05521,0.02017,0.012,0.002,0.007,0.01,0.06156,1.44039,2.39865,3.43943,0.00245,0.22903,1.13264,0.0006,0.00286,0.00357,0,-0.02178,0.00001,1.07112,3.20656,0.41041,1.13437,0.008,5.07433,0.62561,0.27944,0.52844,0.48705,2.7165,0.23203,0.17667,0.00192,2.24121,0.01299,0.22903,0.62561,0.23203,0.17667,1.13264,1.16403,1.07112,1.94516,2.24121,0.40476,1.49008
2026-03-26 14:00:00,6.05834,0.00396,0.05524,0.01008,0.012,0.002,0.007,0.01,0.06275,1.42622,2.36366,3.74441,0.00245,0.22903,1.12908,0.0006,0.00285,0.00356,0,-0.02157,0.00001,1.06712,3.15185,0.40174,1.09306,0.008,5.07861,0.61952,0.28099,0.50799,0.48305,2.73448,0.23203,0.17667,0.00192,2.23357,0.01296,0.22903,0.61952,0.23203,0.17667,1.12908,1.17173,1.06712,1.93667,2.23357,0.40372,1.49
2026-03-26 15:00:00,6.18295,0.00395,0.05029,0.02017,0.012,0.003,0.007,0.01,0.06156,1.38419,2.32029,4.04934,0.00255,0.22402,1.12908,0.0006,0.00285,0.00351,0,-0.0216,0.00001,1.07112,3.10092,0.39278,1.06137,0.008,5.08289,0.61042,0.27117,0.48541,0.48005,2.75171,0.23203,0.17778,0.00192,2.21073,0.01293,0.22402,0.61042,0.23203,0.17778,1.12908,1.17946,1.07112,1.92847,2.21073,0.40204,1.48991
2026-03-26 16:00:00,6.43165,0.00394,0.05029,0.02017,0.012,0.002,0.007,0.01,0.06772,1.35656,2.31167,4.41537,0.00255,0.22102,1.12908,0.00066,0.00284,0.0035,0,-0.0216,0.00001,1.08712,2.98139,0.39254,1.02572,0.008,5.02736,0.60136,0.26111,0.47976,0.47705,2.76728,0.23503,0.17667,0.00214,2.20314,0.0129,0.22102,0.60136,0.23503,0.17667,1.12908,1.18333,1.08712,1.92063,2.20314,0.39858,1.48981
2026-03-26 17:00:00,6.55505,0.00394,0.06009,0.02017,0.012,0.002,0.0065,0.01,0.07005,1.32246,2.26878,4.7213,0.00255,0.21602,1.12908,0.00066,0.00284,0.0035,0,-0.01981,0.00001,1.08712,2.85737,0.39345,1.02776,0.008,4.97182,0.58933,0.2499,0.48468,0.46305,2.78191,0.23503,0.1789,0.00316,2.20314,0.01287,0.21602,0.58933,0.23503,0.1789,1.12908,1.19109,1.08712,1.91297,2.20314,0.39429,1.4897
2026-03-26 18:00:00,6.55444,0.00393,0.06003,0.02017,0.012,0.003,0.006,0.01,0.0711,1.30224,2.20102,4.90476,0.00255,0.21602,1.12552,0.00072,0.00283,0.00343,0,-0.01622,0.00001,1.09512,2.79438,0.38484,0.99574,0.008,4.91629,0.58035,0.24243,0.48397,0.45705,2.79701,0.23503,0.18002,0.00238,2.19554,0.01284,0.21602,0.58035,0.23503,0.18002,1.12552,1.19888,1.09512,1.90532,2.19554,0.39096,1.48958
2026-03-26 19:00:00,6.42991,0.00393,0.06003,0.04034,0.012,0.002,0.006,0.01,0.07005,1.24258,2.19262,4.90476,0.00255,0.21602,1.12196,0.00072,0.00283,0.00343,0,-0.01669,0.00001,1.10612,2.76552,0.37483,0.94652,0.008,4.89813,0.5744,0.2397,0.47408,0.45705,2.80859,0.23203,0.18237,0.00289,2.18797,0.01281,0.21602,0.5744,0.23203,0.18237,1.12196,1.20278,1.10612,1.89763,2.18797,0.38839,1.48945
2026-03-26 20:00:00,6.30582,0.00392,0.06003,0.04034,0.012,0.002,0.007,0.01,0.08537,1.24258,2.15919,4.78143,0.00255,0.21602,1.12196,0.00072,0.00282,0.00342,0,-0.01713,0.00001,1.10312,2.70309,0.37463,0.91408,0.008,4.87995,0.56549,0.24869,0.50092,0.45405,2.82084,0.23203,0.18355,0.00262,2.18041,0.01278,0.21602,0.56549,0.23203,0.18355,1.12196,1.19888,1.10312,1.88989,2.18041,0.38682,1.4893
2026-03-26 21:00:00,6.18173,0.00391,0.06989,0.02017,0.012,0.002,0.007,0.01,0.09105,1.22953,2.12603,4.72039,0.00245,0.21602,1.11485,0.00072,0.00282,0.00341,0,-0.01351,0.00001,1.10612,2.60281,0.3744,0.84424,0.008,4.86179,0.55958,0.24188,0.49174,0.45405,2.83251,0.23203,0.18473,0.00262,2.17287,0.01276,0.21602,0.55958,0.23203,0.18473,1.11485,1.19888,1.10612,1.88212,2.17287,0.38468,1.48912
2026-03-26 22:00:00,6.05773,0.0039,0.06989,0.02017,0.013,0.002,0.007,0.01,0.09105,1.1652,2.05235,4.66025,0.00245,0.21702,1.11485,0.00072,0.00281,0.00341,0,-0.00789,0.00001,1.11012,2.59413,0.36592,0.8051,0.008,4.84362,0.55663,0.23415,0.48044,0.43505,2.84283,0.23203,0.18592,0.00262,2.16533,0.01273,0.21702,0.55663,0.23203,0.18592,1.11485,1.19888,1.11012,1.87453,2.16533,0.38108,1.48893
2026-03-26 23:00:00,6.05834,0.0039,0.06009,0.02017,0.013,0.002,0.007,0.01,0.08265,1.15882,1.97998,4.41512,0.00245,0.21702,1.11131,0.00066,0.00281,0.0034,0,-0.00203,0.00001,1.11012,2.58772,0.34689,0.83805,0.009,4.82545,0.55368,0.22243,0.47479,0.43505,2.85252,0.23203,0.18592,0.00289,2.15029,0.0127,0.21702,0.55368,0.23203,0.18592,1.11131,1.18721,1.11012,1.86716,2.15029,0.37691,1.4887
2026-03-27 00:00:00,6.18295,0.00389,0.05029,0.03025,0.013,0.002,0.007,0.01,0.0777,1.14612,1.94825,3.98776,0.00235,0.21902,1.10777,0.00066,0.0028,0.00346,0,-0.00809,0.00001,1.11012,2.56197,0.34509,0.85581,0.009,4.80728,0.5478,0.21401,0.47482,0.42205,2.8628,0.22803,0.18473,0.00262,2.14279,0.01267,0.21902,0.5478,0.22803,0.18473,1.10777,1.17946,1.11012,1.85997,2.14279,0.37363,1.48843
2026-03-27 01:00:00,6.43218,0.00389,0.06998,0.03025,0.013,0.002,0.007,0.01,0.07544,1.1272,1.91676,3.56134,0.00235,0.22102,1.10777,0.00066,0.0028,0.00345,0,-0.00403,0.00001,1.10612,2.53687,0.35512,0.85237,0.009,4.85905,0.54195,0.20941,0.47482,0.41905,2.84508,0.23203,0.18355,0.00238,2.14279,0.01264,0.22102,0.54195,0.23203,0.18355,1.10777,1.17173,1.10612,1.85314,2.14279,0.37143,1.48812
2026-03-27 02:00:00,6.68088,0.00389,0.0995,0.03025,0.013,0.002,0.007,0.01,0.07433,1.1272,1.90893,3.1959,0.00235,0.22402,1.10423,0.0006,0.00279,0.00345,0,0.00406,0.00001,1.11412,2.55665,0.35545,0.86717,0.009,4.91081,0.53902,0.21021,0.46137,0.41305,2.82834,0.23203,0.18592,0.00214,2.15029,0.01261,0.22402,0.53902,0.23203,0.18592,1.10423,1.16403,1.11412,1.84669,2.15029,0.37045,1.48774
2026-03-27 03:00:00,6.92958,0.00388,0.08961,0.05142,0.013,0.002,0.007,0.01,0.07216,1.1272,1.9246,2.83079,0.00226,0.22402,1.10423,0.0006,0.00279,0.00345,0,0.00203,0.00001,1.11012,2.58812,0.34613,0.89563,0.009,4.96258,0.5361,0.2178,0.47549,0.41305,2.81155,0.23903,0.18711,0.00214,2.13529,0.01259,0.22402,0.5361,0.23903,0.18711,1.10423,1.16018,1.11012,1.84044,2.13529,0.36943,1.48728
2026-03-27 04:00:00,7.13476,0.00388,0.06992,0.06251,0.012,0.002,0.007,0.01,0.07216,1.1716,1.94825,2.46538,0.00226,0.22603,1.10423,0.0006,0.00278,0.0035,0,0.00406,0.00001,1.10612,2.6045,0.33678,0.94833,0.009,5.01435,0.53319,0.21115,0.47126,0.41005,2.7948,0.23503,0.19071,0.00214,2.12781,0.01256,0.22603,0.53319,0.23503,0.19071,1.10423,1.15634,1.10612,1.83424,2.12781,0.36852,1.4867
2026-03-27 05:00:00,7.29659,0.00388,0.06006,0.05242,0.012,0.002,0.007,0.01,0.07216,1.17803,1.96408,2.28281,0.00226,0.22803,1.10423,0.0006,0.00278,0.0035,0,0.00203,0.00001,1.10612,2.65839,0.34615,0.96319,0.009,5.06611,0.53028,0.215,0.47126,0.41005,2.77819,0.23203,0.19681,0.00192,2.12034,0.01253,0.22803,0.53028,0.23203,0.19681,1.10423,1.15251,1.10612,1.82809,2.12034,0.36781,1.48596
2026-03-27 06:00:00,7.2837,0.00387,0.07975,0.03225,0.012,0.002,0.006,0.01,0.0711,1.19724,1.98796,2.3429,0.00226,0.22903,1.10423,0.0006,0.00277,0.00355,0,0.0081,0.00001,1.09912,2.636,0.35703,0.94444,0.009,5.11788,0.53319,0.22334,0.47405,0.41005,2.76161,0.23203,0.20051,0.00214,2.11289,0.0125,0.22903,0.53319,0.23203,0.20051,1.10423,1.15251,1.09912,1.822,2.11289,0.36719,1.48498
2026-03-27 07:00:00,7.0954,0.00387,0.07978,0.03225,0.011,0.002,0.006,0.01,0.07216,1.2101,2.01198,2.46299,0.00217,0.22903,1.10423,0.00054,0.00277,0.00354,0,0.0081,0.00001,1.09512,2.61519,0.34739,0.98156,0.01,5.17689,0.53319,0.22059,0.46487,0.41305,2.74069,0.22803,0.20176,0.00214,2.10543,0.01247,0.22903,0.53319,0.22803,0.20176,1.10423,1.15251,1.09512,1.81592,2.10543,0.36689,1.4836
2026-03-27 08:00:00,6.9071,0.00386,0.06012,0.04234,0.011,0.002,0.006,0.01,0.0711,1.19724,2.03616,2.52239,0.00217,0.22903,1.1007,0.00054,0.00276,0.00354,0,0.00406,0.00001,1.09512,2.6346,0.33721,1.03482,0.01,5.2359,0.53028,0.22259,0.45642,0.41605,2.71995,0.22803,0.19927,0.00192,2.10543,0.01244,0.22903,0.53028,0.22803,0.19927,1.1007,1.14868,1.09512,1.80982,2.10543,0.36678,1.48152
2026-03-27 09:00:00,6.60498,0.00386,0.06995,0.03125,0.011,0.002,0.006,0.01,0.0711,1.20366,2.02808,2.52013,0.00217,0.22903,1.10423,0.00054,0.00276,0.00353,0,0.00609,0.00001,1.09112,2.67335,0.34666,1.03484,0.01,5.29491,0.53028,0.22829,0.42391,0.42905,2.69927,0.22803,0.19558,0.00192,2.09799,0.01241,0.22903,0.53028,0.22803,0.19558,1.10423,1.14868,1.09112,1.8039,2.09799,0.36672,1.47807
2026-03-27 10:00:00,6.34629,0.00385,0.08958,0.02017,0.011,0.002,0.006,0.01,0.0711,1.19085,2.02002,2.51656,0.00217,0.22903,1.10423,0.0006,0.00276,0.00352,0,-0.00606,0.00001,1.08712,2.67441,0.35514,1.00183,0.01,5.35392,0.52448,0.23198,0.43097,0.42605,2.67867,0.22803,0.19314,0.00192,2.09057,0.01239,0.22903,0.52448,0.22803,0.19314,1.10423,1.14868,1.08712,1.79823,2.09057,0.36675,1.47116
2026-03-27 11:00:00,6.24486,0.00385,0.09941,0.03025,0.011,0.002,0.006,0.01,0.07005,1.19085,2.05235,2.51362,0.00217,0.22903,1.10423,0.0006,0.00275,0.00346,0,-0.01619,0.00001,1.08312,2.59847,0.35519,0.98566,0.01,5.41293,0.52158,0.21725,0.42673,0.42905,2.65814,0.23203,0.19192,0.00192,2.08316,0.01236,0.22903,0.52158,0.23203,0.19192,1.10423,1.14868,1.08312,1.79263,2.08316,0.36683,1.45044
2026-03-27 12:00:00,6.19414,0.00384,0.08955,0.04034,0.011,0.002,0.006,0.01,0.07005,1.1716,2.05235,2.51264,0.00208,0.22803,1.1007,0.0006,0.00275,0.00346,0,-0.02025,0.00001,1.08312,2.57787,0.34633,0.98566,0.01,5.47194,0.51292,0.21985,0.4126,0.43505,2.63762,0.22803,0.19192,0.00152,2.07575,0.01233,0.22803,0.51292,0.22803,0.19192,1.1007,1.14868,1.08312,1.78713,2.07575,0.36689,1.44699
2026-03-27 13:00:00,6.19414,0.00384,0.06983,0.03025,0.011,0.002,0.007,0.01,0.06519,1.17803,2.04424,2.63394,0.00208,0.22803,1.1007,0.0006,0.00274,0.00344,0,-0.02431,0.00001,1.08712,2.61457,0.33667,0.96568,0.01,5.50922,0.50717,0.21778,0.4317,0.42205,2.63021,0.23203,0.19314,0.00192,2.07575,0.0123,0.22803,0.50717,0.23203,0.19314,1.1007,1.15251,1.08712,1.78167,2.07575,0.36676,1.46819
2026-03-27 14:00:00,6.19414,0.00384,0.06003,0.02017,0.011,0.002,0.007,0.01,0.06275,1.15246,1.99595,2.9375,0.00208,0.22803,1.1007,0.00066,0.00274,0.00339,0,-0.02431,0.00001,1.07912,2.54432,0.33707,0.94421,0.01,5.54648,0.50144,0.21134,0.41896,0.42605,2.62262,0.23203,0.19436,0.00192,2.06836,0.01227,0.22803,0.50144,0.23203,0.19436,1.1007,1.15251,1.07912,1.77617,2.06836,0.36641,1.43114
2026-03-27 15:00:00,6.1947,0.00384,0.06015,0.03025,0.011,0.002,0.007,0.01,0.06156,1.1272,1.96408,3.3622,0.00208,0.22202,1.1007,0.0006,0.00273,0.00338,0,-0.02837,0.00001,1.07912,2.46007,0.33707,0.92484,0.01,5.58376,0.49573,0.21431,0.42532,0.42605,2.61472,0.23203,0.19558,0.00192,2.06098,0.01225,0.22202,0.49573,0.23203,0.19558,1.1007,1.15251,1.07912,1.77053,2.06098,0.36569,1.41878
2026-03-27 16:00:00,6.19525,0.00384,0.06021,0.04034,0.011,0.002,0.007,0.01,0.06156,1.13349,1.94035,3.72718,0.00208,0.22102,1.1007,0.00066,0.00272,0.00338,0,-0.0284,0.00001,1.07912,2.41669,0.33751,0.92693,0.01,5.56973,0.48719,0.20886,0.43167,0.42205,2.60594,0.23203,0.19071,0.00214,2.04626,0.01222,0.22102,0.48719,0.23203,0.19071,1.1007,1.15634,1.07912,1.76474,2.04626,0.36385,1.41261
2026-03-27 17:00:00,6.19525,0.00383,0.05038,0.03025,0.011,0.002,0.007,0.01,0.06519,1.12093,1.93247,3.9706,0.002,0.21902,1.09717,0.00066,0.00272,0.00337,0,-0.02843,0.00001,1.08312,2.3386,0.32859,0.9128,0.01,5.55569,0.48152,0.20582,0.41893,0.42205,2.5967,0.23203,0.19071,0.00214,2.03158,0.01219,0.21902,0.48152,0.23203,0.19071,1.09717,1.15634,1.08312,1.75888,2.03158,0.36144,1.4089
2026-03-27 18:00:00,6.08135,0.00383,0.05038,0.02017,0.011,0.002,0.007,0.01,0.06644,1.08374,1.88554,4.21333,0.002,0.21902,1.09365,0.00072,0.00271,0.00337,0,-0.02436,0.00001,1.08312,2.3501,0.31841,0.8463,0.01,5.54166,0.47306,0.21864,0.41399,0.41305,2.58786,0.23203,0.19071,0.00238,2.03158,0.01216,0.21902,0.47306,0.23203,0.19071,1.09365,1.15634,1.08312,1.75299,2.03158,0.35959,1.40643
2026-03-27 19:00:00,5.7398,0.00383,0.07007,0.03025,0.011,0.002,0.007,0.01,0.06901,1.08374,1.87778,4.33426,0.002,0.21702,1.09365,0.00072,0.00271,0.0033,0,-0.01218,0.00001,1.09112,2.31452,0.32796,0.81559,0.01,5.51958,0.47025,0.21236,0.40407,0.40405,2.58347,0.23203,0.18951,0.00238,2.02426,0.01213,0.21702,0.47025,0.23203,0.18951,1.09365,1.15634,1.09112,1.74702,2.02426,0.35813,1.40467
2026-03-27 20:00:00,5.39824,0.00382,0.07001,0.04034,0.012,0.002,0.007,0.01,0.0777,1.05329,1.85458,4.33454,0.002,0.21602,1.09013,0.00072,0.0027,0.0033,0,-0.01624,0.00001,1.09112,2.29036,0.32834,0.80286,0.01,5.4975,0.46185,0.21459,0.40263,0.40705,2.57954,0.23203,0.18831,0.00262,2.02426,0.01211,0.21602,0.46185,0.23203,0.18831,1.09013,1.15634,1.09112,1.74095,2.02426,0.35725,1.40334
2026-03-27 21:00:00,5.28378,0.00381,0.06013,0.03025,0.012,0.002,0.007,0.01,0.09401,1.03524,1.83152,4.21368,0.002,0.21402,1.09013,0.00072,0.0027,0.0033,0,-0.02437,0.00001,1.08712,2.243,0.31894,0.76983,0.01,5.47542,0.45627,0.20718,0.41252,0.40405,2.57536,0.23203,0.18711,0.00262,2.01694,0.01208,0.21402,0.45627,0.23203,0.18711,1.09013,1.15251,1.08712,1.73486,2.01694,0.35604,1.40231
2026-03-27 22:00:00,5.16932,0.00381,0.06985,0.02017,0.0125,0.002,0.007,0.01,0.08537,1.0233,1.80862,4.03111,0.002,0.21102,1.08661,0.00072,0.0027,0.00335,0,-0.02437,0.00001,1.09112,2.1936,0.31836,0.77076,0.01,5.45333,0.45071,0.2012,0.41255,0.40104,2.57055,0.23203,0.18711,0.00262,2.00964,0.01205,0.21102,0.45071,0.23203,0.18711,1.08661,1.15251,1.09112,1.72879,2.00964,0.35403,1.40149
2026-03-27 23:00:00,4.94215,0.0038,0.07945,0.03025,0.013,0.002,0.007,0.01,0.07216,0.99967,1.80102,3.78863,0.00187,0.21202,1.0831,0.00066,0.00269,0.00335,0,-0.01624,0.00001,1.08712,2.27537,0.30807,0.80624,0.01,5.43125,0.44794,0.19772,0.42458,0.39204,2.56552,0.23203,0.18592,0.00262,2.00964,0.01203,0.21202,0.44794,0.23203,0.18592,1.0831,1.14486,1.08712,1.72279,2.00964,0.35173,1.40082
2026-03-28 00:00:00,4.82951,0.0038,0.07929,0.04034,0.013,0.002,0.007,0.01,0.07216,1.02926,1.78587,3.42497,0.00187,0.21402,1.07959,0.00066,0.00269,0.00334,0,-0.01218,0.00001,1.08712,2.24914,0.30899,0.82004,0.01,5.40917,0.43965,0.1958,0.46767,0.39204,2.56088,0.23203,0.18473,0.00238,2.00964,0.012,0.21402,0.43965,0.23203,0.18473,1.07959,1.13723,1.08712,1.71672,2.00964,0.34991,1.40026
2026-03-28 01:00:00,4.9439,0.0038,0.07918,0.04034,0.013,0.002,0.007,0.01,0.08001,1.04124,1.78587,3.1211,0.00187,0.21602,1.07959,0.0006,0.00269,0.00335,0,-0.02031,0.00001,1.07912,2.23087,0.3098,0.85326,0.01,5.4241,0.4369,0.19376,0.45425,0.38704,2.55585,0.23203,0.18473,0.00238,2.02426,0.01198,0.21602,0.4369,0.23203,0.18473,1.07959,1.13723,1.07912,1.7107,2.02426,0.34878,1.39978
2026-03-28 02:00:00,5.05772,0.00379,0.07907,0.04034,0.013,0.002,0.007,0.01,0.08676,1.08374,1.80862,2.75644,0.00174,0.22202,1.07609,0.0006,0.00268,0.00338,0,-0.01624,0.00001,1.07912,2.25097,0.3095,0.87062,0.01,5.43902,0.43141,0.19252,0.47126,0.38104,2.55128,0.23503,0.18473,0.00238,2.01694,0.01195,0.22202,0.43141,0.23503,0.18473,1.07609,1.13343,1.07912,1.70477,2.01694,0.34841,1.39937
2026-03-28 03:00:00,5.17163,0.00379,0.07884,0.04034,0.013,0.002,0.007,0.01,0.09551,1.15246,1.80102,2.39183,0.00174,0.22903,1.07609,0.0006,0.00268,0.00333,0,0,0.00001,1.07512,2.34786,0.31023,0.92156,0.01,5.45395,0.42594,0.19529,0.48612,0.37504,2.54671,0.23203,0.18473,0.00238,2.00964,0.01193,0.22903,0.42594,0.23203,0.18473,1.07609,1.12963,1.07512,1.69885,2.00964,0.34819,1.39902
2026-03-28 04:00:00,5.21452,0.00379,0.05909,0.05042,0.012,0.003,0.007,0.01,0.10014,1.1716,1.8623,2.08828,0.00174,0.23603,1.07959,0.00054,0.00267,0.00338,0,0.0203,0.00001,1.07512,2.50165,0.30152,0.99051,0.01,5.46887,0.42049,0.19945,0.48821,0.36904,2.54242,0.23503,0.18355,0.00214,2.00964,0.0119,0.23603,0.42049,0.23503,0.18355,1.07959,1.12583,1.07512,1.69288,2.00964,0.34853,1.39871
2026-03-28 05:00:00,5.07251,0.00379,0.05918,0.05042,0.012,0.003,0.007,0.01,0.0896,1.21656,1.9246,2.03501,0.00174,0.24203,1.07959,0.00054,0.00267,0.00338,0,0.01221,0.00001,1.07112,2.55855,0.32027,1.0067,0.01,5.4838,0.41778,0.20555,0.5292,0.37804,2.53831,0.23903,0.18355,0.00214,2.00235,0.01188,0.24203,0.41778,0.23903,0.18355,1.07959,1.12203,1.07112,1.68691,2.00235,0.34924,1.39844
2026-03-28 06:00:00,5.07849,0.00378,0.0789,0.04034,0.011,0.003,0.007,0.01,0.08265,1.2557,1.97998,2.29213,0.00174,0.24203,1.07959,0.00049,0.00266,0.00343,0,-0.00806,0.00001,1.06712,2.61477,0.32022,1.07688,0.011,5.49872,0.41506,0.20567,0.47623,0.38104,2.5339,0.23903,0.18237,0.00192,2.00235,0.01185,0.24203,0.41506,0.23903,0.18237,1.07959,1.12203,1.06712,1.68084,2.00235,0.34975,1.3982
2026-03-28 07:00:00,5.1115,0.00378,0.06901,0.03025,0.011,0.002,0.007,0.01,0.08001,1.28217,2.05235,2.3211,0.00174,0.24303,1.0831,0.00049,0.00266,0.00342,0,-0.00806,0.00001,1.06712,2.67047,0.31008,1.14635,0.011,5.50856,0.41236,0.2131,0.4727,0.38704,2.53988,0.23903,0.18237,0.00192,1.99507,0.01182,0.24303,0.41236,0.23903,0.18237,1.0831,1.11825,1.06712,1.67466,1.99507,0.35021,1.39798
2026-03-28 08:00:00,5.14506,0.00377,0.06892,0.03025,0.011,0.002,0.007,0.01,0.07885,1.27552,2.10132,2.36418,0.00174,0.24203,1.0831,0.00049,0.00265,0.00342,0,-0.00603,0.00001,1.06012,2.78608,0.31958,1.16311,0.012,5.5184,0.41236,0.21888,0.45713,0.39504,2.54574,0.24203,0.18237,0.00192,1.9878,0.0118,0.24203,0.41236,0.24203,0.18237,1.0831,1.11825,1.06012,1.66846,1.9878,0.35049,1.39779
2026-03-28 09:00:00,5.06352,0.00377,0.06892,0.04034,0.011,0.002,0.007,0.01,0.07885,1.28884,2.14258,2.43585,0.00174,0.25103,1.08661,0.00049,0.00265,0.00342,0,-0.00603,0.00001,1.06412,2.88261,0.32873,1.16318,0.013,5.52824,0.40965,0.22532,0.44863,0.41605,2.55169,0.24203,0.18237,0.00192,1.9878,0.01178,0.25103,0.40965,0.24203,0.18237,1.08661,1.11447,1.06412,1.66233,1.9878,0.35087,1.39761
2026-03-28 10:00:00,5.05299,0.00376,0.07878,0.04034,0.011,0.002,0.007,0.01,0.07885,1.28884,2.16752,2.76242,0.00174,0.24903,1.08661,0.00049,0.00264,0.0034,0,-0.02024,0.00001,1.06012,2.82534,0.34695,1.16002,0.014,5.53808,0.40696,0.23233,0.44156,0.41605,2.55777,0.24203,0.18355,0.00192,1.9878,0.01175,0.24903,0.40696,0.24203,0.18355,1.08661,1.1107,1.06012,1.65625,1.9878,0.35145,1.39745
2026-03-28 11:00:00,5.34977,0.00376,0.1281,0.04034,0.011,0.002,0.007,0.01,0.08132,1.27552,2.12603,3.33091,0.00174,0.24903,1.09013,0.00054,0.00264,0.00335,0,-0.01621,0.00001,1.06012,2.84587,0.34661,1.12392,0.015,5.54792,0.40427,0.2334,0.38644,0.42905,2.56393,0.23903,0.18355,0.00172,1.9878,0.01172,0.24903,0.40427,0.23903,0.18355,1.09013,1.1107,1.06012,1.65029,1.9878,0.35211,1.3973
2026-03-28 12:00:00,5.37548,0.00375,0.14788,0.04034,0.011,0.002,0.007,0.01,0.08265,1.28217,2.12603,3.43926,0.00163,0.24503,1.09013,0.00054,0.00263,0.00334,0,0,0.00001,1.06012,2.88587,0.35553,1.10728,0.015,5.55776,0.40427,0.2341,0.40692,0.42605,2.56999,0.23903,0.18355,0.00172,1.9878,0.0117,0.24503,0.40427,0.23903,0.18355,1.09013,1.1107,1.06012,1.64448,1.9878,0.35262,1.36999
2026-03-28 13:00:00,5.3748,0.00375,0.13802,0.04034,0.011,0.002,0.007,0.01,0.08265,1.2557,2.11778,3.52471,0.00152,0.24203,1.09013,0.00054,0.00263,0.00328,0,0,0.00001,1.06012,2.88391,0.36562,1.08659,0.015,5.53443,0.40157,0.21909,0.42246,0.42205,2.57361,0.23903,0.18473,0.00192,1.9878,0.01167,0.24203,0.40157,0.23903,0.18473,1.09013,1.1107,1.06012,1.63873,1.9878,0.35278,1.34295
2026-03-28 14:00:00,5.49656,0.00375,0.11833,0.03025,0.011,0.002,0.007,0.01,0.08132,1.24258,2.09311,3.54951,0.00152,0.24203,1.09013,0.00054,0.00262,0.00328,0,-0.00609,0.00001,1.05612,2.82093,0.35553,1.04655,0.015,5.51109,0.39889,0.22135,0.43023,0.42205,2.57692,0.23903,0.18592,0.00192,1.98055,0.01165,0.24203,0.39889,0.23903,0.18592,1.09013,1.11447,1.05612,1.63304,1.98055,0.35257,1.34281
2026-03-28 15:00:00,5.61952,0.00375,0.08879,0.03025,0.011,0.002,0.007,0.01,0.08001,1.20366,2.04424,3.54276,0.00152,0.23803,1.09013,0.00054,0.00262,0.00327,0,-0.01824,0.00001,1.06012,2.7279,0.34463,1.02665,0.015,5.48776,0.40157,0.22423,0.39842,0.41305,2.57994,0.23503,0.18711,0.00192,1.98055,0.01162,0.23803,0.40157,0.23503,0.18711,1.09013,1.11447,1.06012,1.62748,1.98055,0.352,1.34267
2026-03-28 16:00:00,5.74248,0.00374,0.09862,0.03025,0.011,0.002,0.007,0.01,0.07216,1.17803,2.04424,3.5275,0.00152,0.23303,1.08661,0.0006,0.00261,0.00321,0,-0.02431,0.00001,1.06012,2.71675,0.33573,0.97211,0.015,5.46443,0.40157,0.22081,0.41678,0.41305,2.58209,0.23903,0.18831,0.00214,1.9878,0.01159,0.23303,0.40157,0.23903,0.18831,1.08661,1.11447,1.06012,1.62205,1.9878,0.35033,1.34251
2026-03-28 17:00:00,5.62072,0.00374,0.05915,0.02017,0.011,0.002,0.006,0.01,0.06772,1.17803,1.99595,3.4959,0.00152,0.22903,1.08661,0.0006,0.00261,0.0032,0,-0.03243,0.00001,1.06012,2.62604,0.34549,0.93413,0.015,5.44109,0.39889,0.21742,0.44433,0.39804,2.58376,0.23903,0.18951,0.00214,1.9878,0.01157,0.22903,0.39889,0.23903,0.18951,1.08661,1.11447,1.06012,1.61667,1.9878,0.34809,1.34233
2026-03-28 18:00:00,5.6214,0.00374,-0.00983,0.02017,0.011,0.002,0.006,0.01,0.06644,1.13979,1.98796,3.44212,0.00152,0.22603,1.0831,0.00066,0.0026,0.00315,0,-0.03243,0.00001,1.06012,2.55818,0.34589,0.89784,0.014,5.41776,0.39889,0.21283,0.41817,0.39804,2.58579,0.24203,0.19071,0.00214,1.9878,0.01154,0.22603,0.39889,0.24203,0.19071,1.0831,1.11825,1.06012,1.61153,1.9878,0.34637,1.34213
2026-03-28 19:00:00,5.62089,0.00373,-0.00974,0.02017,0.011,0.002,0.006,0.01,0.06519,1.12093,1.98796,3.43714,0.00152,0.22402,1.0831,0.00066,0.0026,0.00314,0,-0.02837,0.00001,1.06712,2.51455,0.33715,0.8272,0.014,5.39157,0.39889,0.21048,0.40263,0.39204,2.58627,0.23903,0.19192,0.00214,1.98055,0.01152,0.22402,0.39889,0.23903,0.19192,1.0831,1.12203,1.06712,1.60672,1.98055,0.34494,1.34191
2026-03-28 20:00:00,5.37548,0.00373,0.01011,0.03125,0.012,0.002,0.007,0.01,0.06396,1.11468,1.94035,3.38527,0.00152,0.22102,1.07959,0.00066,0.00259,0.00314,0,-0.02228,0.00001,1.06712,2.4882,0.33745,0.77372,0.014,5.36537,0.40157,0.20542,0.40902,0.38904,2.58707,0.23903,0.19192,0.00238,1.96608,0.01149,0.22102,0.40157,0.23903,0.19192,1.07959,1.12583,1.06712,1.60208,1.96608,0.34398,1.34166
2026-03-28 21:00:00,5.13187,0.00372,0.03982,0.03225,0.012,0.002,0.007,0.01,0.06772,1.10846,1.91676,3.373,0.00152,0.22102,1.07609,0.0006,0.00259,0.00313,0,-0.002,0.00001,1.07112,2.46225,0.33842,0.77396,0.014,5.33918,0.40427,0.21329,0.43376,0.38404,2.58752,0.23503,0.19314,0.00262,1.96608,0.01146,0.22102,0.40427,0.23503,0.19314,1.07609,1.12583,1.07112,1.59762,1.96608,0.34259,1.34137
2026-03-28 22:00:00,4.88835,0.00372,0.03999,0.02217,0.012,0.002,0.007,0.009,0.0711,1.07761,1.8623,3.36871,0.00152,0.22102,1.07259,0.0006,0.00258,0.00313,0,0.00003,0.00001,1.07512,2.40325,0.33802,0.77883,0.014,5.31299,0.39889,0.21222,0.40831,0.38104,2.58706,0.23203,0.19314,0.00238,1.96608,0.01144,0.22102,0.39889,0.23203,0.19314,1.07259,1.12203,1.07512,1.59341,1.96608,0.34008,1.34105
2026-03-28 23:00:00,4.88775,0.00371,0.04021,0.02217,0.0125,0.002,0.007,0.01,0.07005,1.05934,1.83152,3.31682,0.00152,0.22102,1.0691,0.0006,0.00258,0.00317,0,0.00412,0.00001,1.07512,2.38591,0.32938,0.78134,0.014,5.28679,0.39354,0.20522,0.39489,0.38104,2.58619,0.23203,0.19314,0.00238,1.96608,0.01142,0.22102,0.39354,0.23203,0.19314,1.0691,1.12203,1.07512,1.58952,1.96608,0.3371,1.34067
2026-03-29 00:00:00,5.00951,0.0037,0.06996,0.03225,0.013,0.002,0.007,0.01,0.06901,1.04725,1.81624,3.28895,0.00142,0.22102,1.0691,0.00054,0.00257,0.00317,0,0.00818,0.00001,1.07912,2.38276,0.32001,0.83623,0.013,5.2606,0.39354,0.20451,0.44086,0.38104,2.58579,0.23203,0.19436,0.00238,1.95885,0.01139,0.22102,0.39354,0.23203,0.19436,1.0691,1.12203,1.07912,1.58605,1.95885,0.33476,1.34024
2026-03-29 01:00:00,5.13247,0.0037,0.08961,0.04234,0.012,0.002,0.007,0.01,0.06901,1.05329,1.78587,3.23408,0.00142,0.22102,1.0691,0.00054,0.00257,0.00316,0,0.00006,0.00001,1.09112,2.37935,0.31843,0.8937,0.013,5.27111,0.39088,0.19788,0.49174,0.37204,2.58528,0.23503,0.19558,0.00214,1.95885,0.01137,0.22102,0.39088,0.23503,0.19558,1.0691,1.11447,1.09112,1.58274,1.95885,0.33314,1.33972
2026-03-29 02:00:00,5.37788,0.00369,0.09935,0.03125,0.012,0.002,0.006,0.01,0.06901,1.05329,1.80102,3.2029,0.00142,0.22202,1.0656,0.00054,0.00256,0.00316,0,-0.00603,0.00001,1.08312,2.38111,0.31805,0.93261,0.013,5.28161,0.38822,0.2,0.47193,0.36904,2.58544,0.23503,0.19681,0.00214,1.96608,0.01134,0.22202,0.38822,0.23503,0.19681,1.0656,1.1107,1.08312,1.57939,1.96608,0.33238,1.33911
2026-03-29 03:00:00,5.62149,0.00368,0.09938,0.03025,0.012,0.002,0.006,0.01,0.06156,1.11468,1.79343,3.18721,0.00132,0.22603,1.0656,0.00049,0.00256,0.00315,0,-0.01822,0.00001,1.07912,2.44823,0.31879,0.98771,0.013,5.29212,0.38291,0.20206,0.46699,0.36604,2.58553,0.23503,0.19804,0.00214,1.96608,0.01132,0.22603,0.38291,0.23503,0.19804,1.0656,1.1107,1.07912,1.57608,1.96608,0.33153,1.33835
2026-03-29 04:00:00,5.86501,0.00368,0.09941,0.04034,0.011,0.003,0.006,0.01,0.0604,1.1716,1.83152,3.15643,0.00132,0.22803,1.06212,0.00049,0.00256,0.00321,0,-0.00809,0.00001,1.08312,2.56216,0.31996,1.05472,0.013,5.30263,0.38027,0.20558,0.50589,0.36104,2.58554,0.23503,0.19927,0.00214,1.96608,0.0113,0.22803,0.38027,0.23503,0.19927,1.06212,1.1107,1.08312,1.57291,1.96608,0.33058,1.3374
2026-03-29 05:00:00,6.10973,0.00367,0.08949,0.04034,0.011,0.003,0.006,0.01,0.06396,1.22304,1.90112,3.17118,0.00132,0.23103,1.0656,0.00049,0.00255,0.00321,0,0.00812,0.00001,1.08312,2.65651,0.31894,1.12248,0.013,5.31313,0.37763,0.21475,0.50733,0.36104,2.5856,0.23503,0.19804,0.00192,1.95885,0.01127,0.23103,0.37763,0.23503,0.19804,1.0656,1.10694,1.08312,1.56975,1.95885,0.3297,1.33619
2026-03-29 06:00:00,6.35445,0.00367,0.64117,0.04034,0.011,0.003,0.006,0.01,0.06644,1.24258,1.96408,3.16318,0.00132,0.23303,1.06212,0.00049,0.00255,0.00326,0,0.01218,0.00001,1.08712,2.79203,0.31861,1.15556,0.013,5.32364,0.37499,0.21417,0.46775,0.36604,2.58579,0.23503,0.19681,0.00192,1.95165,0.01125,0.23303,0.37499,0.23503,0.19681,1.06212,1.10694,1.08712,1.56652,1.95165,0.32898,1.33457
2026-03-29 07:00:00,6.42787,0.00366,1.74478,0.04034,0.01,0.002,0.006,0.01,0.06644,1.28884,2.02002,3.19668,0.00132,0.23803,1.0656,0.00044,0.00254,0.00325,0,-0.00403,0.00001,1.08712,2.90807,0.32895,1.17115,0.013,5.33386,0.36712,0.21688,0.42817,0.37204,2.58566,0.23903,0.19558,0.00192,1.95165,0.01123,0.23803,0.36712,0.23903,0.19558,1.0656,1.10694,1.08712,1.56315,1.95165,0.32851,1.3323
2026-03-29 08:00:00,6.53799,0.00366,1.36394,0.04034,0.01,0.002,0.006,0.01,0.06644,1.30224,2.07676,3.26169,0.00132,0.23803,1.0691,0.00049,0.00254,0.00324,0,-0.02269,0.00001,1.07912,2.94517,0.33845,1.20641,0.013,5.34408,0.36451,0.22738,0.4621,0.38404,2.58568,0.24603,0.19436,0.00192,1.94445,0.0112,0.23803,0.36451,0.24603,0.19436,1.0691,1.10694,1.07912,1.55972,1.94445,0.32825,1.3289
2026-03-29 09:00:00,6.72154,0.00366,0.99281,0.03025,0.01,0.002,0.006,0.01,0.06772,1.28217,2.10132,3.32006,0.00132,0.23803,1.0691,0.00044,0.00253,0.00318,0,-0.01945,0.00001,1.07912,2.94559,0.34678,1.18779,0.013,5.3543,0.3593,0.23082,0.46775,0.40405,2.58566,0.24903,0.19314,0.00192,1.94445,0.01118,0.23803,0.3593,0.24903,0.19314,1.0691,1.10694,1.07912,1.55625,1.94445,0.32793,1.32324
2026-03-29 10:00:00,7.08862,0.00366,0.9731,0.03025,0.01,0.002,0.006,0.01,0.06772,1.30896,2.10132,3.3718,0.00132,0.24003,1.0691,0.00049,0.00253,0.00318,0,-0.02028,0.00001,1.07912,2.96552,0.34589,1.15473,0.013,5.36452,0.3567,0.23455,0.42814,0.40705,2.58546,0.24603,0.19192,0.00172,1.94445,0.01116,0.24003,0.3567,0.24603,0.19192,1.0691,1.10694,1.07912,1.5526,1.94445,0.3274,1.3119
2026-03-29 11:00:00,7.4557,0.00365,0.9731,0.04034,0.01,0.002,0.006,0.01,0.06772,1.30224,2.10953,3.42419,0.00132,0.24003,1.0691,0.00049,0.00253,0.00317,0,-0.02516,0.00001,1.08312,3.0044,0.34617,1.15607,0.013,5.37474,0.35411,0.21912,0.43941,0.40705,2.5852,0.24203,0.19071,0.00172,1.95165,0.01113,0.24003,0.35411,0.24203,0.19071,1.0691,1.10694,1.08312,1.54875,1.95165,0.32679,1.2779
2026-03-29 12:00:00,7.43374,0.00365,0.42136,0.03025,0.01,0.002,0.006,0.01,0.06772,1.27552,2.10953,3.44353,0.00115,0.24003,1.07259,0.00049,0.00252,0.00311,0,-0.03005,0.00001,1.07912,2.9274,0.35553,1.13676,0.013,5.38496,0.35411,0.23153,0.45919,0.40705,2.58504,0.23903,0.19071,0.00172,1.95165,0.01111,0.24003,0.35411,0.23903,0.19071,1.07259,1.1107,1.07912,1.54482,1.95165,0.32631,1.28097
2026-03-29 13:00:00,7.2887,0.00364,-0.70182,0.02017,0.01,0.002,0.006,0.009,0.06644,1.24913,2.10132,3.43669,0.001,0.24203,1.0691,0.00049,0.00252,0.0031,0,-0.00003,0.00001,1.07512,2.87179,0.34595,1.10188,0.013,5.3634,0.35153,0.22202,0.45142,0.41005,2.66226,0.25603,0.19071,0.00172,1.95165,0.01109,0.24203,0.35153,0.25603,0.19071,1.0691,1.11447,1.07512,1.54084,1.95165,0.32579,1.30415
2026-03-29 14:00:00,7.14365,0.00364,-0.34055,0.02017,0.011,0.002,0.006,0.01,0.06644,1.23604,2.07676,3.4375,0.00056,0.24503,1.07259,0.00054,0.00251,0.0031,0,0.07946,0.00001,1.07512,2.86397,0.34467,1.07708,0.013,5.34184,0.35153,0.22938,0.4295,0.40705,2.73948,0.30003,0.18951,0.00192,1.95165,0.01106,0.24503,0.35153,0.30003,0.18951,1.07259,1.11825,1.07512,1.53688,1.95165,0.32525,1.25718
2026-03-29 15:00:00,6.99861,0.00363,0.03055,0.03025,0.011,0.002,0.006,0.009,0.06519,1.21656,2.08493,3.43009,0.00056,0.24503,1.07259,0.00054,0.00251,0.00305,0,0.08434,0.00001,1.07912,2.8438,0.35109,1.0414,0.013,5.32029,0.34895,0.22467,0.41675,0.38904,2.81628,0.35804,0.18951,0.00192,1.95165,0.01104,0.24503,0.34895,0.35804,0.18951,1.07259,1.11825,1.07912,1.53305,1.95165,0.32431,1.24152
2026-03-29 16:00:00,6.85356,0.00363,0.05023,0.03025,0.011,0.002,0.006,0.01,0.06519,1.21656,2.02002,3.41424,0.00056,0.24303,1.07259,0.00054,0.0025,0.00304,0,0.00006,0.00001,1.08712,2.76647,0.3478,1.00103,0.013,5.29873,0.34895,0.2211,0.41961,0.39804,2.8919,0.41905,0.18951,0.00214,1.95165,0.01102,0.24303,0.34895,0.41905,0.18951,1.07259,1.11825,1.08712,1.52933,1.95165,0.32219,1.23369
2026-03-29 17:00:00,6.70853,0.00362,0.05023,0.02017,0.011,0.002,0.006,0.01,0.06396,1.19085,1.99595,3.38359,0.00056,0.24203,1.07609,0.0006,0.00249,0.00304,0,-0.03558,0.00001,1.09112,2.63121,0.33514,0.94455,0.013,5.27717,0.34895,0.22063,0.41399,0.39204,2.96698,0.48005,0.19071,0.00214,1.95165,0.01099,0.24203,0.34895,0.48005,0.19071,1.07609,1.12203,1.09112,1.52574,1.95165,0.31951,1.229
2026-03-29 18:00:00,6.56348,0.00361,0.05023,0.02017,0.011,0.002,0.006,0.01,0.06396,1.17803,1.95616,3.38263,0.00056,0.24003,1.07609,0.0006,0.00249,0.00303,0,-0.03069,0.00001,1.08712,2.55717,0.33165,0.8749,0.013,5.25561,0.34895,0.2095,0.40551,0.38404,3.04265,0.53506,0.19192,0.00214,1.95885,0.01097,0.24003,0.34895,0.53506,0.19192,1.07609,1.12203,1.08712,1.52229,1.95885,0.31744,1.22587
2026-03-29 19:00:00,6.47902,0.00361,0.06995,0.03025,0.011,0.002,0.006,0.01,0.06396,1.13349,1.99595,3.31543,0.00056,0.23803,1.07609,0.0006,0.00249,0.00298,0,0.00009,0.00001,1.08712,2.50309,0.3375,0.83923,0.013,5.22273,0.34895,0.2055,0.39348,0.37804,3.12231,0.59207,0.19314,0.00214,1.95165,0.01094,0.23803,0.34895,0.59207,0.19314,1.07609,1.12203,1.08712,1.51904,1.95165,0.3158,1.22363
2026-03-29 20:00:00,6.39455,0.0036,0.60199,0.04034,0.011,0.002,0.006,0.01,0.06644,1.12093,1.91676,3.2876,0.00056,0.23803,1.07259,0.0006,0.00248,0.00302,0,-0.02831,0.00001,1.09112,2.4603,0.33584,0.81101,0.013,5.18986,0.34895,0.21957,0.39418,0.37804,3.20258,0.63707,0.19192,0.00214,1.95165,0.01092,0.23803,0.34895,0.63707,0.19192,1.07259,1.12583,1.09112,1.51603,1.95165,0.31477,1.22195
2026-03-29 21:00:00,6.31009,0.00359,1.11435,0.03025,0.012,0.002,0.006,0.01,0.06772,1.08374,1.90893,3.24389,0.00056,0.23603,1.07259,0.0006,0.00248,0.00297,0,-0.08102,0.00001,1.09112,2.40463,0.3266,0.78648,0.013,5.15698,0.35153,0.20992,0.41893,0.37504,3.1915,0.68008,0.19192,0.00238,1.95165,0.0109,0.23603,0.35153,0.68008,0.19192,1.07259,1.11447,1.09112,1.51326,1.95165,0.31334,1.22065
2026-03-29 22:00:00,6.22562,0.00359,0.57248,0.02017,0.012,0.002,0.007,0.01,0.06901,1.10846,1.8623,3.27975,0.00056,0.23603,1.07259,0.00054,0.00248,0.00302,0,-0.0324,0.00001,1.08712,2.36027,0.31698,0.7955,0.013,5.12411,0.34895,0.20212,0.42953,0.36904,3.17935,0.69708,0.19314,0.00238,1.95885,0.01087,0.23603,0.34895,0.69708,0.19314,1.07259,1.11447,1.08712,1.51071,1.95885,0.31087,1.2196
2026-03-29 23:00:00,6.14116,0.00358,0.05029,0.03025,0.012,0.002,0.006,0.009,0.07005,1.06541,1.84688,3.19663,0.00056,0.23603,1.0691,0.00054,0.00247,0.00301,0,0.00203,0.00001,1.08712,2.354,0.32631,0.81026,0.013,5.09123,0.35153,0.19803,0.41608,0.37204,3.16679,0.69708,0.19192,0.00214,1.94445,0.01084,0.23603,0.35153,0.69708,0.19192,1.0691,1.1107,1.08712,1.50835,1.94445,0.30799,1.21875
2026-03-30 00:00:00,6.13265,0.00358,0.05029,0.04034,0.012,0.002,0.006,0.009,0.07433,1.04725,1.82387,3.18488,0.00032,0.23503,1.0691,0.00054,0.00247,0.00301,0,-0.00203,0.00001,1.08312,2.36209,0.31743,0.82769,0.013,5.05836,0.35153,0.19567,0.41181,0.36404,3.15485,0.69708,0.19192,0.00214,1.94445,0.01082,0.23503,0.35153,0.69708,0.19192,1.0691,1.10694,1.08312,1.50626,1.94445,0.30573,1.21804
2026-03-30 01:00:00,6.16208,0.00357,0.04041,0.03025,0.012,0.002,0.006,0.009,0.07433,1.04725,1.80862,3.13849,0.00032,0.23503,1.0691,0.00049,0.00246,0.003,0,-0.02025,0.00001,1.07912,2.36711,0.30774,0.88337,0.012,5.06833,0.35153,0.19159,0.43303,0.36104,3.15828,0.69708,0.19314,0.00214,1.95885,0.0108,0.23503,0.35153,0.69708,0.19314,1.0691,1.10318,1.07912,1.50435,1.95885,0.30421,1.21743
2026-03-30 02:00:00,6.19151,0.00357,-0.47195,0.03025,0.011,0.002,0.006,0.009,0.07544,1.05934,1.78587,3.12331,0.00032,0.23503,1.0656,0.00049,0.00246,0.00305,0,-0.05268,0.00001,1.07512,2.39104,0.31704,0.92029,0.012,5.07829,0.35153,0.18937,0.43303,0.35204,3.16257,0.69308,0.19314,0.00192,1.95885,0.01078,0.23503,0.35153,0.69308,0.19314,1.0656,1.10318,1.07512,1.50257,1.95885,0.30354,1.21692
2026-03-30 03:00:00,6.22094,0.00357,-0.98428,0.04034,0.011,0.002,0.006,0.009,0.07433,1.07761,1.77831,3.10054,0.00018,0.23503,1.0656,0.00049,0.00245,0.00304,0,-0.02837,0.00001,1.07112,2.42078,0.31704,0.97626,0.012,5.08826,0.34895,0.19033,0.42102,0.35204,3.16684,0.69308,0.19314,0.00192,1.94445,0.01076,0.23503,0.34895,0.69308,0.19314,1.0656,1.09942,1.07112,1.50093,1.94445,0.30285,1.21647
2026-03-30 04:00:00,6.25036,0.00357,-0.46209,0.04034,0.011,0.002,0.006,0.009,0.07544,1.1272,1.80102,3.08553,0.00018,0.23603,1.0656,0.00044,0.00245,0.00304,0,0.00406,0.00001,1.07112,2.49668,0.31704,1.03744,0.012,5.09822,0.34637,0.18671,0.42882,0.34704,3.1712,0.69308,0.19314,0.00172,1.94445,0.01073,0.23603,0.34637,0.69308,0.19314,1.0656,1.09942,1.07112,1.49932,1.94445,0.30227,1.21608
2026-03-30 05:00:00,6.27979,0.00356,0.06009,0.03025,0.01,0.002,0.006,0.009,0.07544,1.1716,1.83152,3.06302,0.00018,0.23603,1.0656,0.00044,0.00244,0.00309,0,0.00203,0.00001,1.07112,2.57289,0.31704,1.07065,0.011,5.10819,0.3438,0.18948,0.42741,0.34204,3.17573,0.69308,0.19314,0.00172,1.93726,0.01071,0.23603,0.3438,0.69308,0.19314,1.0656,1.09942,1.07112,1.49772,1.93726,0.30184,1.21573
2026-03-30 06:00:00,6.30922,0.00356,0.06009,0.03125,0.01,0.002,0.006,0.009,0.0711,1.2101,1.87778,3.0557,0.0001,0.23603,1.0656,0.00044,0.00244,0.00309,0,0.00203,0.00001,1.07112,2.63125,0.32596,1.12751,0.011,5.11815,0.34124,0.19428,0.426,0.34404,3.18031,0.69308,0.19436,0.00172,1.93009,0.01069,0.23603,0.34124,0.69308,0.19436,1.0656,1.09942,1.07112,1.49604,1.93009,0.30147,1.21543
2026-03-30 07:00:00,6.28344,0.00356,0.56259,0.04234,0.01,0.002,0.006,0.009,0.07216,1.21656,1.90893,3.07439,0.0001,0.23503,1.0656,0.00044,0.00244,0.00309,0,0.01215,0.00001,1.07112,2.72885,0.33596,1.14461,0.011,5.12341,0.3438,0.19423,0.4189,0.34704,3.17907,0.69708,0.19681,0.00172,1.92291,0.01067,0.23503,0.3438,0.69708,0.19681,1.0656,1.10318,1.07112,1.4942,1.92291,0.30128,1.21515
2026-03-30 08:00:00,6.25765,0.00356,0.55273,0.03225,0.01,0.002,0.006,0.009,0.07324,1.24913,2.00395,3.10087,0.0001,0.24003,1.0656,0.0004,0.00243,0.00308,0,0.02431,0.00001,1.07112,2.78671,0.3266,1.16079,0.011,5.12868,0.34124,0.19095,0.39983,0.35004,3.17793,0.70108,0.203,0.00172,1.91576,0.01065,0.24003,0.34124,0.70108,0.203,1.0656,1.10694,1.07112,1.49221,1.91576,0.30119,1.2149
2026-03-30 09:00:00,6.23187,0.00356,0.04038,0.02217,0.01,0.002,0.006,0.009,0.07433,1.23604,1.98796,3.14311,0.0001,0.24503,1.0656,0.00044,0.00243,0.00308,0,-0.00406,0.00001,1.07112,2.82581,0.32621,1.16587,0.011,5.13394,0.33613,0.19541,0.39136,0.36604,3.1768,0.70108,0.21443,0.00152,1.91576,0.01063,0.24503,0.33613,0.70108,0.21443,1.0656,1.1107,1.07112,1.49007,1.91576,0.30111,1.21468
2026-03-30 10:00:00,6.20608,0.00356,0.04917,0.02255,0.01,0.002,0.006,0.009,0.07544,1.24258,2.02002,3.17024,0.0001,0.25403,1.0656,0.00044,0.00243,0.00302,0,0.00447,0.00001,1.07512,2.76755,0.39496,0.93848,0.011,5.1392,0.33613,0.19172,0.39176,0.36604,3.17565,0.70108,0.23227,0.00152,1.90862,0.0106,0.25403,0.33613,0.70108,0.23227,1.0656,1.11447,1.07512,1.48797,1.90862,0.30101,1.21448
2026-03-30 11:00:00,6.1803,0.00356,0.05796,0.02244,0.01,0.002,0.006,0.009,0.07544,1.23604,2.02808,3.26122,0.0001,0.26303,1.0656,0.00044,0.00242,0.00301,0,0.00445,0.00001,1.07112,2.70883,0.3955,0.94094,0.011,5.14447,0.33358,0.19475,0.39815,0.36904,3.17449,0.70108,0.25404,0.00152,1.90862,0.01058,0.26303,0.33358,0.70108,0.25404,1.0656,1.11825,1.07112,1.48595,1.90862,0.3009,1.21429
2026-03-30 12:00:00,6.15451,0.00356,0.06675,0.02236,0.00999,0.002,0.00599,0.009,0.07544,1.22304,2.03616,3.24123,0.00006,0.27103,1.0691,0.00043,0.00242,0.00301,0,0.00444,0.00001,1.07912,2.64999,0.39604,0.9434,0.011,5.14973,0.33358,0.19977,0.40655,0.36604,3.17336,0.70508,0.27785,0.00152,1.90862,0.01056,0.27103,0.33358,0.70508,0.27785,1.0691,1.12583,1.07912,1.48377,1.90862,0.30082,1.18188
2026-03-30 13:00:00,6.1162,0.00355,0.0667,0.02229,0.00997,0.00201,0.00598,0.00899,0.07534,1.20476,2.0267,3.26526,0.00007,0.27113,1.07334,0.00043,0.00242,0.00295,0,0.00442,0,1.08183,2.65459,0.39488,0.9377,0.01101,5.11388,0.33336,0.19482,0.3881,0.36292,3.16088,0.70508,0.29398,0.00148,1.9071,0.01054,0.27113,0.33336,0.70508,0.29398,1.07334,1.12555,1.08183,1.48155,1.9071,0.30058,1.14674
2026-03-30 14:00:00,6.07789,0.00354,0.06665,0.02224,0.00997,0.002,0.00597,0.00899,0.07528,1.18037,2.0077,3.26527,0.00007,0.2713,1.07759,0.00042,0.00241,0.00295,0,0.00441,0,1.08537,2.64887,0.39371,0.932,0.01101,5.07803,0.33317,0.18989,0.37651,0.35956,3.14825,0.70508,0.30908,0.00148,1.90595,0.01052,0.2713,0.33317,0.70508,0.30908,1.07759,1.12539,1.08537,1.47942,1.90595,0.30019,1.13993
2026-03-30 15:00:00,6.03958,0.00354,0.0666,0.0222,0.00996,0.00201,0.00597,0.00899,0.07523,1.15619,1.98239,3.26507,0.00007,0.27163,1.08154,0.00041,0.00241,0.00294,0,0.00439,0,1.08896,2.63028,0.39255,0.9263,0.01097,5.04218,0.33323,0.18495,0.36789,0.35606,3.13526,0.70507,0.3232,0.00148,1.90545,0.0105,0.27163,0.33323,0.70507,0.3232,1.08154,1.12552,1.08896,1.4774,1.90545,0.29944,1.13312
2026-03-30 16:00:00,6.00126,0.00353,0.06655,0.02215,0.00994,0.002,0.00596,0.00897,0.07521,1.13864,1.95345,3.24747,0.00005,0.27222,1.0851,0.00039,0.0024,0.00289,0,0.00438,0,1.09149,2.60847,0.39139,0.92061,0.01094,5.00633,0.3333,0.18,0.36019,0.35434,3.12117,0.70507,0.33641,0.00148,1.9059,0.01047,0.27222,0.3333,0.70507,0.33641,1.0851,1.12609,1.09149,1.47558,1.9059,0.29761,1.12631
2026-03-30 17:00:00,5.96295,0.00353,0.0665,0.02207,0.00993,0.00201,0.00595,0.00897,0.07519,1.10917,1.92125,3.22049,0.00005,0.27318,1.08832,0.00039,0.00239,0.00288,0,0.00437,0,1.0933,2.58585,0.39022,0.91491,0.01089,4.97048,0.33325,0.17507,0.35291,0.35454,3.10656,0.70507,0.3489,0.00148,1.90747,0.01045,0.27318,0.33325,0.70507,0.3489,1.08832,1.12705,1.0933,1.47396,1.90747,0.29524,1.11949
2026-03-30 18:00:00,5.92464,0.00352,0.06645,0.02201,0.00993,0.00201,0.00594,0.00897,0.07518,1.09267,1.89102,3.18717,0.00004,0.27421,1.09129,0.00038,0.00239,0.00288,0,0.00435,0,1.09469,2.56305,0.38906,0.90921,0.01085,4.93463,0.33319,0.17012,0.3458,0.35805,3.09249,0.70507,0.36085,0.00148,1.91018,0.01043,0.27421,0.33319,0.70507,0.36085,1.09129,1.12837,1.09469,1.47258,1.91018,0.29341,1.11268
2026-03-30 19:00:00,5.91745,0.00352,0.06641,0.02196,0.00991,0.00201,0.00593,0.00897,0.07516,1.06299,1.85748,3.15292,0.00003,0.27495,1.09405,0.00037,0.00239,0.00288,0,0.00434,0,1.0959,2.54018,0.3869,0.90207,0.0108,4.91509,0.33302,0.16871,0.34405,0.36181,3.08066,0.70506,0.37215,0.00148,1.91394,0.01041,0.27495,0.33302,0.70506,0.37215,1.09405,1.12996,1.0959,1.47139,1.91394,0.29193,1.10587
2026-03-30 20:00:00,5.91025,0.00351,0.06636,0.02193,0.00989,0.00202,0.00592,0.00896,0.07516,1.04583,1.82548,3.11542,0.00002,0.27524,1.09661,0.00037,0.00238,0.00283,0,0.00433,0,1.09708,2.52028,0.38474,0.89493,0.01076,4.89554,0.33284,0.16731,0.3438,0.36502,3.06937,0.70506,0.38273,0.00148,1.91869,0.01039,0.27524,0.33284,0.70506,0.38273,1.09661,1.13175,1.09708,1.47035,1.91869,0.29098,1.09905
2026-03-30 21:00:00,5.90306,0.0035,0.06631,0.0219,0.00987,0.00201,0.00591,0.00896,0.07514,1.0275,1.79297,3.07988,0.00003,0.27507,1.09897,0.00036,0.00238,0.00287,0,0.00432,0,1.09834,2.50411,0.38258,0.8878,0.0107,4.876,0.33279,0.1659,0.34411,0.36689,3.05768,0.70505,0.39263,0.00148,1.92428,0.01037,0.27507,0.33279,0.70505,0.39263,1.09897,1.1337,1.09834,1.46943,1.92428,0.28963,1.09224
2026-03-30 22:00:00,5.89586,0.00349,0.06625,0.02187,0.00986,0.00201,0.00591,0.00896,0.07513,1.00943,1.76174,3.04103,0.00002,0.27463,1.1011,0.00034,0.00237,0.00287,0,0.0043,0,1.09972,2.48888,0.38042,0.88066,0.01066,4.85646,0.33276,0.16449,0.34473,0.36704,3.04494,0.70504,0.40202,0.00148,1.93062,0.01034,0.27463,0.33276,0.70504,0.40202,1.1011,1.13574,1.09972,1.46861,1.93062,0.28724,1.08543
2026-03-30 23:00:00,5.88867,0.00349,0.0662,0.02182,0.00985,0.002,0.0059,0.00895,0.07511,1.00288,1.73501,3.00373,0.00003,0.27406,1.10297,0.00034,0.00237,0.00286,0,0.00429,0,1.10124,2.47388,0.37826,0.87352,0.01062,4.83691,0.33271,0.16309,0.34166,0.36608,3.03179,0.70504,0.41093,0.00148,1.93756,0.01032,0.27406,0.33271,0.70504,0.41093,1.10297,1.13786,1.10124,1.46788,1.93756,0.28443,1.07861
2026-03-31 00:00:00,5.88147,0.00348,0.06614,0.02179,0.00983,0.00201,0.00589,0.00895,0.0751,1.00713,1.71199,2.96591,0.00002,0.2734,1.10457,0.00033,0.00236,0.00285,0,0.00428,0,1.10289,2.45894,0.3761,0.86638,0.01062,4.81737,0.33278,0.16168,0.33863,0.36522,3.01924,0.70504,0.41928,0.00148,1.94502,0.0103,0.2734,0.33278,0.70504,0.41928,1.10457,1.14,1.10289,1.46725,1.94502,0.28223,1.0885
2026-03-31 01:00:00,5.89796,0.00348,0.06609,0.02176,0.00981,0.00201,0.00589,0.00895,0.07506,1.02858,1.69768,2.93307,0.00002,0.27267,1.10595,0.00032,0.00236,0.00285,0,0.00427,0,1.10468,2.44401,0.3753,0.86717,0.01107,4.83226,0.33297,0.16226,0.33831,0.36464,3.01457,0.70504,0.42708,0.00148,1.95288,0.01028,0.27267,0.33297,0.70504,0.42708,1.10595,1.14215,1.10468,1.4667,1.95288,0.2807,1.09839
2026-03-31 02:00:00,5.91445,0.00348,0.06605,0.02173,0.00981,0.00201,0.00588,0.00895,0.07504,1.04943,1.69507,2.91834,0.00001,0.2719,1.10711,0.00031,0.00235,0.00283,0,0.00426,0,1.10655,2.44135,0.3745,0.86796,0.01107,4.84715,0.3332,0.16284,0.33883,0.3646,3.01068,0.70504,0.43438,0.00148,1.96105,0.01026,0.2719,0.3332,0.70504,0.43438,1.10711,1.14428,1.10655,1.46624,1.96105,0.27996,1.10828
2026-03-31 03:00:00,5.93095,0.00347,0.06599,0.0217,0.00979,0.00201,0.00588,0.00895,0.07501,1.0802,1.70666,2.88595,0.00001,0.27108,1.10806,0.00031,0.00235,0.00282,0,0.00425,0,1.1085,2.45402,0.3737,0.86876,0.01106,4.86204,0.33343,0.16342,0.33971,0.36423,3.00668,0.70503,0.44122,0.00148,1.96945,0.01024,0.27108,0.33343,0.70503,0.44122,1.10806,1.14635,1.1085,1.46588,1.96945,0.2791,1.11817
2026-03-31 04:00:00,5.94744,0.00347,0.06594,0.02165,0.00978,0.002,0.00587,0.00895,0.07498,1.0999,1.72864,2.86779,0.00001,0.27024,1.10883,0.00029,0.00235,0.00279,0,0.00423,0,1.11051,2.47052,0.3729,0.86955,0.01107,4.87692,0.33351,0.164,0.34075,0.36356,3.00251,0.70503,0.44761,0.00148,1.97802,0.01021,0.27024,0.33351,0.70503,0.44761,1.10883,1.14835,1.11051,1.46561,1.97802,0.27808,1.12805
2026-03-31 05:00:00,5.96393,0.00347,0.06589,0.02158,0.00976,0.002,0.00587,0.00894,0.07495,1.1242,1.75647,2.86065,0.00002,0.26938,1.10945,0.00028,0.00234,0.00278,0,0.00422,0,1.11255,2.48798,0.3721,0.87034,0.01108,4.89181,0.33359,0.16458,0.34189,0.36282,2.99836,0.70503,0.4536,0.00148,1.9867,0.01019,0.26938,0.33359,0.70503,0.4536,1.10945,1.15025,1.11255,1.46546,1.9867,0.27707,1.13794
2026-03-31 06:00:00,5.98042,0.00346,0.06585,0.02153,0.00976,0.00199,0.00587,0.00894,0.07492,1.13273,1.78215,2.86709,0.00001,0.26852,1.1099,0.00028,0.00234,0.00277,0,0.00421,0,1.11458,2.50568,0.3713,0.87113,0.01107,4.9067,0.33376,0.16516,0.34305,0.36219,2.99439,0.70503,0.4592,0.00148,1.99543,0.01017,0.26852,0.33376,0.70503,0.4592,1.1099,1.15205,1.11458,1.46541,1.99543,0.27625,1.14783
2026-03-31 07:00:00,5.98833,0.00346,0.0658,0.02148,0.00975,0.002,0.00586,0.00894,0.0749,1.13981,1.8048,2.88564,0,0.26768,1.11024,0.00027,0.00234,0.00276,0,0.0042,0,1.11659,2.52344,0.37812,0.87805,0.01107,4.94929,0.33392,0.16812,0.35287,0.36202,3.01633,0.70503,0.46444,0.00148,2.00416,0.01015,0.26768,0.33392,0.70503,0.46444,1.11024,1.15374,1.11659,1.46548,2.00416,0.27595,1.15772
2026-03-31 08:00:00,5.99623,0.00345,0.06576,0.02144,0.00973,0.002,0.00587,0.00895,0.07486,1.1468,1.82298,2.91118,0,0.26685,1.11047,0.00026,0.00233,0.00275,0,0.00419,0,1.11857,2.53891,0.38494,0.88497,0.01108,4.99188,0.33406,0.17108,0.36377,0.3623,3.03876,0.70502,0.46934,0.00148,2.01288,0.01013,0.26685,0.33406,0.70502,0.46934,1.11047,1.1553,1.11857,1.46562,2.01288,0.27614,1.1676
2026-03-31 09:00:00,6.00414,0.00345,0.0657,0.02141,0.00972,0.00201,0.00586,0.00894,0.07484,1.14881,1.8362,2.94299,0,0.26606,1.11058,0.00025,0.00233,0.00274,0,0.00418,0,1.12047,2.5515,0.39176,0.89189,0.01108,5.03447,0.33418,0.17404,0.37502,0.36296,3.06161,0.70502,0.47393,0.00148,2.02154,0.01011,0.26606,0.33418,0.70502,0.47393,1.11058,1.15674,1.12047,1.46585,2.02154,0.27674,1.17749
2026-03-31 10:00:00,6.01204,0.00344,0.06565,0.02137,0.00972,0.002,0.00587,0.00894,0.07482,1.14593,1.8448,2.96482,0.00001,0.26528,1.11063,0.00024,0.00232,0.00271,0,0.00416,0,1.1223,2.56336,0.39858,0.8988,0.01109,5.07706,0.3343,0.177,0.38647,0.36485,3.0857,0.70502,0.47822,0.00148,2.03011,0.01009,0.26528,0.3343,0.70502,0.47822,1.11063,1.15804,1.1223,1.46618,2.03011,0.27859,1.18738
2026-03-31 11:00:00,6.01995,0.00344,0.06559,0.02129,0.0097,0.002,0.00586,0.00894,0.07481,1.14323,1.84994,2.98218,0,0.26454,1.11061,0.00023,0.00231,0.00271,0,0.00415,0,1.12403,2.57505,0.4054,0.90572,0.01107,5.11965,0.3344,0.17996,0.39798,0.36737,3.11044,0.70502,0.48224,0.00148,2.03855,0.01007,0.26454,0.3344,0.70502,0.48224,1.11061,1.15923,1.12403,1.46658,2.03855,0.28109,1.19727
2026-03-31 12:00:00,6.02785,0.00343,0.06554,0.02124,0.00969,0.00201,0.00586,0.00893,0.07479,1.14051,1.85149,2.99459,0.00001,0.26382,1.11052,0.00023,0.00231,0.00269,0,0.00414,0,1.12567,2.58671,0.41222,0.91264,0.01106,5.16224,0.33448,0.18292,0.4095,0.36928,3.13458,0.70502,0.48601,0.00148,2.04686,0.01005,0.26382,0.33448,0.70502,0.48601,1.11052,1.16029,1.12567,1.46706,2.04686,0.28299,1.19842
2026-03-31 13:00:00,6.11655,0.00343,0.06549,0.02121,0.00967,0.00201,0.00586,0.00894,0.07478,1.14196,1.85225,3.00474,0,0.26312,1.11039,0.00023,0.00231,0.00268,0,0.00413,0,1.12719,2.59836,0.44772,0.92361,0.01105,5.21588,0.33455,0.19778,0.43299,0.37255,3.21359,0.70502,0.48953,0.00148,2.05501,0.01003,0.26312,0.33455,0.70502,0.48953,1.11039,1.16125,1.12719,1.4676,2.05501,0.28626,1.195
2026-03-31 14:00:00,6.20525,0.00343,0.06544,0.02127,0.00966,0.00201,0.00585,0.00894,0.07476,1.13905,1.85498,3.01144,0,0.26245,1.11023,0.00023,0.0023,0.00266,0,0.00411,0,1.1286,2.60261,0.48321,0.93458,0.01104,5.26952,0.33461,0.21264,0.46123,0.37695,3.29371,0.70502,0.49281,0.00148,2.06298,0.01001,0.26245,0.33461,0.70502,0.49281,1.11023,1.16208,1.1286,1.4682,2.06298,0.29065,1.34477
2026-03-31 15:00:00,6.29396,0.00343,0.06539,0.02141,0.00965,0.00201,0.00585,0.00893,0.07475,1.13674,1.85944,3.01454,0,0.26181,1.11002,0.00023,0.0023,0.00266,0,0.0041,0,1.1299,2.59765,0.51871,0.94555,0.01102,5.32317,0.33466,0.22751,0.492,0.38516,3.37767,0.70501,0.49591,0.00148,2.07077,0.00998,0.26181,0.33466,0.70501,0.49591,1.11002,1.16281,1.1299,1.46886,2.07077,0.29886,1.3947
2026-03-31 16:00:00,6.38266,0.00343,0.06533,0.02165,0.00963,0.00201,0.00585,0.00893,0.07474,1.13937,1.86374,3.01685,0,0.26119,1.1098,0.00022,0.00229,0.00264,0,0.00408,0,1.13109,2.59037,0.5542,0.95651,0.01101,5.37681,0.33472,0.24237,0.52357,0.4046,3.47284,0.70501,0.49879,0.00148,2.07836,0.00996,0.26119,0.33472,0.70501,0.49879,1.1098,1.16344,1.13109,1.46957,2.07836,0.31829,1.41966
2026-03-31 17:00:00,6.47136,0.00342,0.06529,0.02208,0.00961,0.002,0.00584,0.00894,0.07473,1.13389,1.86921,3.02114,0,0.2606,1.10956,0.00022,0.00229,0.00262,0,0.00407,0,1.13216,2.58252,0.5897,0.96748,0.011,5.43045,0.33475,0.25723,0.55551,0.42955,3.57352,0.70501,0.50149,0.00148,2.08574,0.00994,0.2606,0.33475,0.70501,0.50149,1.10956,1.16397,1.13216,1.47031,2.08574,0.34324,1.43464
2026-03-31 18:00:00,6.56006,0.00342,0.06526,0.02242,0.00959,0.00199,0.00584,0.00894,0.07471,1.13748,1.8733,3.02715,0,0.26003,1.1093,0.00022,0.00228,0.00262,0,0.00405,0,1.13312,2.57453,0.62519,0.97845,0.01099,5.48409,0.33478,0.27209,0.58787,0.4488,3.6685,0.70501,0.50403,0.00148,2.09291,0.00992,0.26003,0.33478,0.70501,0.50403,1.1093,1.16443,1.13312,1.47109,2.09291,0.36248,1.44462
2026-03-31 19:00:00,6.72032,0.00342,0.06525,0.02275,0.00959,0.00201,0.00583,0.00895,0.07469,1.15186,1.88116,3.09881,0,0.2595,1.10902,0.00022,0.00228,0.00261,0,0.00418,0,1.13398,2.5665,0.67828,0.99778,0.01097,5.58257,0.33482,0.27977,0.60951,0.46383,3.73856,0.705,0.5064,0.00148,2.09986,0.01058,0.2595,0.33482,0.705,0.5064,1.10902,1.1648,1.13398,1.47189,2.09986,0.37749,1.45175
2026-03-31 20:00:00,6.88057,0.00341,0.06532,0.02323,0.00957,0.00201,0.00582,0.00896,0.07467,1.17486,1.89328,3.17164,0.00001,0.25899,1.10873,0.00022,0.00228,0.00259,0,0.00431,0,1.13473,2.56214,0.73137,1.01712,0.01097,5.68104,0.33485,0.28745,0.62811,0.47285,3.80258,0.705,0.50861,0.00148,2.10657,0.01124,0.25899,0.33485,0.705,0.50861,1.10873,1.16509,1.13473,1.47271,2.10657,0.38647,1.4571
2026-03-31 21:00:00,7.04083,0.0034,0.06551,0.02391,0.00955,0.00203,0.00582,0.00897,0.07466,1.19815,1.91613,3.2431,0.00011,0.25849,1.10843,0.00022,0.00227,0.00258,0,0.00444,0,1.13539,2.56238,0.78446,1.03645,0.01096,5.77952,0.33487,0.29514,0.64567,0.4851,3.86985,0.705,0.51069,0.00148,2.11307,0.01191,0.25849,0.33487,0.705,0.51069,1.10843,1.16533,1.13539,1.47353,2.11307,0.39868,1.46126
2026-03-31 22:00:00,7.20108,0.0034,0.0658,0.025,0.00954,0.00206,0.00582,0.00898,0.07465,1.2218,1.94688,3.31832,0.0005,0.25802,1.10812,0.00022,0.00227,0.00256,0,0.00456,0,1.13595,2.56376,0.83754,1.05578,0.01095,5.878,0.33489,0.30282,0.66267,0.5052,3.94495,0.70499,0.51264,0.00148,2.11934,0.01257,0.25802,0.33489,0.70499,0.51264,1.10812,1.1655,1.13595,1.47438,2.11934,0.41874,1.46459
2026-03-31 23:00:00,7.36134,0.0034,0.06613,0.02686,0.00954,0.00209,0.00585,0.009,0.07464,1.25372,1.98188,3.3978,0.00106,0.25757,1.10781,0.00022,0.00227,0.00254,0,0.00469,0,1.13644,2.56544,0.89063,1.07512,0.01093,5.97647,0.33492,0.3105,0.6795,0.52828,4.02302,0.70499,0.51446,0.00148,2.12539,0.01323,0.25757,0.33492,0.70499,0.51446,1.10781,1.16562,1.13644,1.47522,2.12539,0.44177,1.46731
2026-04-01 00:00:00,7.52159,0.00342,0.06648,0.02831,0.00953,0.0021,0.0059,0.00902,0.07464,1.29372,2.02609,3.48801,0.00148,0.25715,1.10749,0.00022,0.00227,0.00254,0,0.00482,0,1.13684,2.56719,0.94372,1.09445,0.01092,6.07495,0.33494,0.31818,0.69616,0.54646,4.09622,0.70499,0.51616,0.00148,2.13121,0.01389,0.25715,0.33494,0.70499,0.51616,1.10749,1.16569,1.13684,1.47608,2.13121,0.45992,1.46958
2026-04-01 01:00:00,7.61272,0.00345,0.06685,0.02936,0.00951,0.0021,0.006,0.00904,0.07464,1.30833,2.07169,3.5575,0.00175,0.25674,1.10716,0.00022,0.00226,0.00254,0,0.00486,0,1.13717,2.56896,0.95447,1.10399,0.01137,6.11387,0.33498,0.31809,0.68966,0.55823,4.08616,0.70499,0.51776,0.00148,2.1368,0.01481,0.25674,0.33498,0.70499,0.51776,1.10716,1.16572,1.13717,1.47692,2.1368,0.47168,1.4715
2026-04-01 02:00:00,7.70385,0.00351,0.06731,0.02997,0.0095,0.00211,0.00608,0.00908,0.07464,1.32126,2.11041,3.63124,0.00192,0.25635,1.10684,0.00022,0.00226,0.00253,0,0.00489,0,1.13744,2.57491,0.96523,1.11354,0.01136,6.15278,0.33504,0.318,0.67999,0.56287,4.06902,0.70499,0.51926,0.00148,2.14218,0.01573,0.25635,0.33504,0.70499,0.51926,1.10684,1.1657,1.13744,1.47775,2.14218,0.47636,1.47315
2026-04-01 03:00:00,7.79498,0.00357,0.06794,0.03015,0.0095,0.00211,0.00617,0.00912,0.07463,1.33882,2.14011,3.7146,0.00199,0.25599,1.10651,0.00022,0.00226,0.00253,0,0.00493,0,1.13765,2.5861,0.97598,1.12309,0.01135,6.1917,0.33516,0.31791,0.66939,0.56693,4.05133,0.70498,0.52067,0.00148,2.14733,0.01666,0.25599,0.33516,0.70498,0.52067,1.10651,1.16565,1.13765,1.47858,2.14733,0.48049,1.47457
2026-04-01 04:00:00,7.88611,0.00362,0.06871,0.03023,0.00948,0.00212,0.00624,0.00914,0.07464,1.34801,2.16211,3.79948,0.00194,0.25565,1.10617,0.00021,0.00225,0.00251,0,0.00496,0,1.13779,2.5986,0.98673,1.13263,0.01135,6.23061,0.33525,0.31781,0.65839,0.56822,4.03088,0.70498,0.52197,0.00148,2.15227,0.01758,0.25565,0.33525,0.70498,0.52197,1.10617,1.16557,1.13779,1.47937,2.15227,0.48187,1.47582
2026-04-01 05:00:00,7.97724,0.00368,0.06951,0.03018,0.00947,0.00211,0.0063,0.00918,0.07464,1.35823,2.18236,3.8771,0.00179,0.25532,1.10584,0.00021,0.00225,0.00251,0,0.005,0,1.13789,2.61142,0.99749,1.14218,0.01134,6.26953,0.33534,0.31772,0.6471,0.56733,4.00825,0.70498,0.5232,0.00148,2.15699,0.0185,0.25532,0.33534,0.70498,0.5232,1.10584,1.16544,1.13789,1.48018,2.15699,0.48106,1.47692
2026-04-01 06:00:00,8.06837,0.00374,0.07028,0.03016,0.00946,0.00212,0.00636,0.0092,0.07467,1.35895,2.19657,3.94548,0.00167,0.255,1.1055,0.00021,0.00224,0.0025,0,0.00503,0,1.13795,2.62433,1.00824,1.15172,0.01134,6.30844,0.33541,0.31763,0.63573,0.56702,3.98619,0.70498,0.52436,0.00148,2.16151,0.01942,0.255,0.33541,0.70498,0.52436,1.1055,1.16531,1.13795,1.48096,2.16151,0.48082,1.4779
2026-04-01 07:00:00,8.01211,0.00381,0.071,0.0301,0.00946,0.00212,0.00639,0.00922,0.0747,1.33867,2.2024,3.89373,0.00159,0.2547,1.10516,0.00021,0.00224,0.0025,0,0.00492,0,1.13795,2.63726,0.98203,1.14407,0.01133,6.26676,0.33547,0.30792,0.62348,0.56552,3.9306,0.70498,0.52543,0.00148,2.16582,0.01858,0.2547,0.33547,0.70498,0.52543,1.10516,1.16514,1.13795,1.48173,2.16582,0.47936,1.47878
2026-04-01 08:00:00,7.95585,0.00389,0.07166,0.02987,0.00944,0.00212,0.00643,0.00922,0.07474,1.31801,2.19364,3.83993,0.00151,0.25442,1.10482,0.00021,0.00223,0.0025,0,0.00481,0,1.13792,2.62994,0.95582,1.13643,0.01133,6.22508,0.33551,0.29821,0.60653,0.56382,3.87479,0.70498,0.52644,0.00148,2.16994,0.01773,0.25442,0.33551,0.70498,0.52644,1.10482,1.16496,1.13792,1.48247,2.16994,0.47768,1.47957
2026-04-01 09:00:00,7.89959,0.00397,0.0723,0.0294,0.00943,0.0021,0.00645,0.00923,0.07479,1.29519,2.17244,3.77984,0.00144,0.25415,1.10448,0.00021,0.00223,0.00249,0,0.0047,0,1.13786,2.59732,0.92961,1.12878,0.01132,6.1834,0.33555,0.28851,0.58726,0.56069,3.81757,0.70497,0.5274,0.00148,2.17387,0.01689,0.25415,0.33555,0.70497,0.5274,1.10448,1.16476,1.13786,1.48321,2.17387,0.47458,1.48028
2026-04-01 10:00:00,7.84332,0.00403,0.07289,0.02855,0.00942,0.00207,0.00646,0.00924,0.07486,1.27069,2.14339,3.71089,0.00129,0.25389,1.10413,0.00021,0.00223,0.00249,0,0.00458,0,1.13777,2.55837,0.9034,1.12113,0.01132,6.14173,0.33559,0.2788,0.5677,0.55394,3.75669,0.70497,0.52829,0.00148,2.17762,0.01604,0.25389,0.33559,0.70497,0.52829,1.10413,1.16454,1.13777,1.48391,2.17762,0.46784,1.48093
2026-04-01 11:00:00,7.78706,0.00408,0.07342,0.02699,0.00942,0.00205,0.00648,0.00923,0.07491,1.24669,2.11124,3.62754,0.00111,0.25365,1.10379,0.00021,0.00222,0.00249,0,0.00447,0,1.13765,2.51785,0.87719,1.11349,0.01131,6.10005,0.33562,0.26909,0.54806,0.54548,3.69412,0.70497,0.52911,0.00148,2.1812,0.0152,0.25365,0.33562,0.70497,0.52911,1.10379,1.16431,1.13765,1.4846,2.1812,0.45939,1.48152
2026-04-01 12:00:00,7.7308,0.0041,0.07386,0.02578,0.00941,0.00205,0.00646,0.00922,0.07496,1.2233,2.07748,3.53224,0.00096,0.25343,1.10345,0.00021,0.00222,0.00249,0,0.00436,0,1.1375,2.47694,0.85098,1.10584,0.0113,6.05837,0.33565,0.25938,0.52846,0.53891,3.63343,0.70497,0.5299,0.00148,2.1846,0.01435,0.25343,0.33565,0.70497,0.5299,1.10345,1.16406,1.1375,1.48527,2.1846,0.45284,1.53282
2026-04-01 13:00:00,7.62949,0.00407,0.07418,0.02487,0.00941,0.00205,0.00645,0.00921,0.07501,1.19457,2.04076,3.4627,0.00087,0.25322,1.1031,0.00021,0.00222,0.00248,0,0.00432,0,1.13734,2.43592,0.81927,1.08822,0.0113,5.98742,0.33565,0.25067,0.51165,0.53402,3.57905,0.70497,0.53064,0.00148,2.18784,0.01386,0.25322,0.33565,0.70497,0.53064,1.1031,1.1638,1.13734,1.4859,2.18784,0.44793,1.59198
2026-04-01 14:00:00,7.52819,0.00402,0.07425,0.02422,0.0094,0.00204,0.00642,0.00917,0.07507,1.16477,1.99981,3.39021,0.00079,0.25302,1.10275,0.0002,0.00221,0.00248,0,0.00428,0,1.13715,2.3994,0.78755,1.0706,0.0113,5.91647,0.33566,0.24196,0.49522,0.53134,3.52686,0.70497,0.53131,0.00148,2.19092,0.01337,0.25302,0.33566,0.70497,0.53131,1.10275,1.16353,1.13715,1.48651,2.19092,0.4452,1.61287
2026-04-01 15:00:00,7.42689,0.00395,0.07396,0.02379,0.0094,0.00204,0.00641,0.00915,0.07512,1.13515,1.95602,3.31613,0.00072,0.25282,1.10241,0.0002,0.00221,0.00248,0,0.00425,0,1.13694,2.36849,0.75584,1.05297,0.01129,5.84552,0.33565,0.23325,0.47889,0.52789,3.47388,0.70497,0.53197,0.00148,2.19384,0.01288,0.25282,0.33565,0.70497,0.53197,1.10241,1.16325,1.13694,1.4871,2.19384,0.44168,1.63375
2026-04-01 16:00:00,7.32558,0.00389,0.07337,0.02324,0.0094,0.00202,0.00638,0.00912,0.07517,1.10678,1.91041,3.23918,0.00057,0.25264,1.10207,0.0002,0.00221,0.00246,0,0.00421,0,1.13672,2.33897,0.72413,1.03535,0.01128,5.77456,0.33565,0.22454,0.46272,0.52268,3.41912,0.70497,0.53257,0.00148,2.19661,0.01238,0.25264,0.33565,0.70497,0.53257,1.10207,1.16297,1.13672,1.48766,2.19661,0.43639,1.65463
2026-04-01 17:00:00,7.22427,0.00382,0.07264,0.02247,0.00939,0.002,0.00635,0.00909,0.07522,1.07635,1.86506,3.15816,0.00037,0.25248,1.10171,0.00019,0.0022,0.00246,0,0.00417,0,1.13649,2.30981,0.69241,1.01773,0.01127,5.70361,0.33564,0.21583,0.44674,0.5169,3.3638,0.70497,0.53313,0.00148,2.19924,0.01189,0.25248,0.33564,0.70497,0.53313,1.10171,1.16266,1.13649,1.48819,2.19924,0.43053,1.67552
2026-04-01 18:00:00,7.12297,0.00376,0.07188,0.02185,0.00938,0.00201,0.0063,0.00907,0.07524,1.04824,1.81831,3.07375,0.00022,0.25233,1.10137,0.00019,0.0022,0.00245,0,0.00413,0,1.13624,2.28072,0.6607,1.00011,0.01129,5.63266,0.33563,0.20712,0.4306,0.51228,3.30967,0.70497,0.53367,0.00148,2.20173,0.0114,0.25233,0.33563,0.70497,0.53367,1.10137,1.16236,1.13624,1.48869,2.20173,0.42587,1.6964
2026-04-01 19:00:00,7.02316,0.00371,0.07114,0.02138,0.00937,0.00201,0.00622,0.00905,0.07526,1.02496,1.77497,3.01386,0.00012,0.2522,1.10103,0.00019,0.0022,0.00245,0,0.00409,0,1.13597,2.25166,0.64337,0.98328,0.01137,5.59643,0.33562,0.20727,0.43189,0.51073,3.30636,0.70496,0.53417,0.00148,2.20409,0.01153,0.2522,0.33562,0.70496,0.53417,1.10103,1.16205,1.13597,1.48917,2.20409,0.4243,1.71728
2026-04-01 20:00:00,6.92336,0.00367,0.07042,0.02108,0.00937,0.00201,0.00615,0.00904,0.07526,1.00387,1.73394,2.95424,0.00005,0.25209,1.10069,0.00019,0.00219,0.00244,0,0.00406,0,1.1357,2.2304,0.62605,0.96645,0.01148,5.5602,0.33561,0.20742,0.43682,0.5123,3.3062,0.70496,0.53463,0.00148,2.20632,0.01167,0.25209,0.33561,0.70496,0.53463,1.10069,1.16175,1.1357,1.48963,2.20632,0.42588,1.73817
2026-04-01 21:00:00,6.82355,0.00363,0.06969,0.02096,0.00936,0.00201,0.00608,0.00902,0.07526,0.98284,1.69768,2.89321,0.00001,0.252,1.10035,0.00019,0.00219,0.00244,0,0.00402,0,1.13543,2.21891,0.60872,0.94963,0.01163,5.52397,0.33563,0.20757,0.44323,0.51679,3.30898,0.70496,0.53509,0.00148,2.20841,0.0118,0.252,0.33563,0.70496,0.53509,1.10035,1.16142,1.13543,1.49004,2.20841,0.43039,1.75905
2026-04-01 22:00:00,6.72374,0.00359,0.06895,0.02092,0.00934,0.00201,0.00603,0.00901,0.07525,0.9619,1.66422,2.83559,0,0.25194,1.10002,0.00019,0.00218,0.00244,0,0.00398,0,1.13514,2.20985,0.59139,0.9328,0.01182,5.48773,0.33566,0.20772,0.45028,0.53023,3.3207,0.70495,0.5355,0.00148,2.2104,0.01193,0.25194,0.33566,0.70495,0.5355,1.10002,1.1611,1.13514,1.49045,2.2104,0.44385,1.77993
2026-04-01 23:00:00,6.62394,0.00356,0.06827,0.02099,0.00932,0.00201,0.00599,0.009,0.07524,0.94296,1.63223,2.793,0,0.25187,1.09969,0.00019,0.00217,0.00243,0,0.00395,0,1.13484,2.20139,0.57407,0.91597,0.01208,5.4515,0.33572,0.20787,0.45758,0.54836,3.33711,0.70495,0.53589,0.00148,2.21228,0.01207,0.25187,0.33572,0.70495,0.53589,1.09969,1.16078,1.13484,1.49082,2.21228,0.462,1.80082
2026-04-02 00:00:00,6.52413,0.00354,0.06765,0.02103,0.00932,0.00201,0.00595,0.00898,0.07521,0.92588,1.60474,2.73886,0,0.25181,1.09937,0.00019,0.00217,0.00243,0,0.00391,0,1.13454,2.19308,0.55674,0.89914,0.01252,5.41527,0.3358,0.20802,0.46492,0.56221,3.34924,0.70495,0.53626,0.00148,2.21405,0.0122,0.25181,0.3358,0.70495,0.53626,1.09937,1.16045,1.13454,1.49116,2.21405,0.47587,1.8217
2026-04-02 01:00:00,6.43555,0.00353,0.06712,0.02105,0.00931,0.00202,0.00592,0.00898,0.07517,0.91812,1.58055,2.70211,0,0.25176,1.09906,0.00019,0.00217,0.00243,0,0.00388,0,1.13424,2.18482,0.55182,0.89124,0.01366,5.41191,0.33592,0.2145,0.47055,0.57522,3.40144,0.70495,0.5366,0.00148,2.21572,0.0122,0.25176,0.33592,0.70495,0.5366,1.09906,1.16013,1.13424,1.49148,2.21572,0.4889,1.84258
2026-04-02 02:00:00,6.34697,0.00351,0.06667,0.02103,0.00929,0.00201,0.00589,0.00898,0.07511,0.91025,1.56146,2.6672,0,0.25171,1.09874,0.00019,0.00216,0.00241,0,0.00384,0,1.13392,2.17936,0.5469,0.88333,0.01456,5.40854,0.33613,0.22098,0.47886,0.58577,3.45117,0.70495,0.53693,0.00148,2.21728,0.0122,0.25171,0.33613,0.70495,0.53693,1.09874,1.1598,1.13392,1.4918,2.21728,0.49947,1.86347
2026-04-02 03:00:00,6.2584,0.0035,0.06631,0.021,0.00928,0.00202,0.00587,0.00896,0.07505,0.9041,1.54876,2.63605,0,0.25167,1.09844,0.00019,0.00216,0.00241,0,0.00381,0,1.13361,2.17741,0.54199,0.87543,0.01563,5.40518,0.33648,0.22746,0.48819,0.60269,3.50727,0.70494,0.53724,0.00148,2.21875,0.0122,0.25167,0.33648,0.70494,0.53724,1.09844,1.15946,1.13361,1.49209,2.21875,0.51641,1.84857
2026-04-02 04:00:00,6.16982,0.00349,0.06603,0.02095,0.00927,0.00201,0.00587,0.00896,0.07497,0.89602,1.53902,2.60847,0,0.25163,1.09814,0.00018,0.00215,0.00241,0,0.00378,0,1.1333,2.17633,0.53707,0.86753,0.01684,5.40182,0.33694,0.23394,0.498,0.63717,3.58093,0.70494,0.53753,0.00148,2.22014,0.0122,0.25163,0.33694,0.70494,0.53753,1.09814,1.15914,1.1333,1.49236,2.22014,0.5509,1.83367
2026-04-02 05:00:00,6.08124,0.00348,0.06581,0.02088,0.00926,0.00201,0.00586,0.00897,0.07488,0.88874,1.53174,2.58556,0,0.25158,1.09783,0.00018,0.00215,0.00239,0,0.00374,0,1.13297,2.17546,0.53215,0.85962,0.01814,5.39845,0.33749,0.24042,0.50798,0.67973,3.66265,0.70494,0.53781,0.00148,2.22145,0.0122,0.25158,0.33749,0.70494,0.53781,1.09783,1.15881,1.13297,1.49262,2.22145,0.59346,1.81877
2026-04-02 06:00:00,5.99266,0.00348,0.06564,0.02083,0.00925,0.00201,0.00585,0.00896,0.07478,0.87872,1.52307,2.56872,0,0.25154,1.09754,0.00018,0.00214,0.00239,0,0.00371,0,1.13265,2.17465,0.52723,0.85172,0.01923,5.39509,0.33817,0.2469,0.51815,0.71279,3.73489,0.70494,0.53808,0.00147,2.22268,0.0122,0.25154,0.33817,0.70494,0.53808,1.09754,1.15849,1.13265,1.49287,2.22268,0.62653,1.80387
2026-04-02 07:00:00,5.92308,0.00347,0.06549,0.02078,0.00923,0.00201,0.00584,0.00897,0.0747,0.87396,1.51455,2.55437,0,0.2515,1.09724,0.00018,0.00214,0.00239,0,0.00369,0,1.13233,2.17385,0.52854,0.84648,0.0199,5.37207,0.33891,0.24639,0.5159,0.73649,3.76951,0.70494,0.53832,0.00147,2.22383,0.01205,0.2515,0.33891,0.70494,0.53832,1.09724,1.15816,1.13233,1.49312,2.22383,0.65023,1.78897
2026-04-02 08:00:00,5.8535,0.00346,0.06536,0.02071,0.00923,0.00201,0.00584,0.00898,0.07462,0.86919,1.50675,2.54263,0,0.25146,1.09693,0.00018,0.00214,0.00238,0,0.00367,0,1.13201,2.17269,0.52986,0.84124,0.0202,5.34906,0.33966,0.24589,0.51052,0.74838,3.79231,0.70493,0.53854,0.00147,2.22493,0.0119,0.25146,0.33966,0.70493,0.53854,1.09693,1.15784,1.13201,1.49339,2.22493,0.66211,1.77407
2026-04-02 09:00:00,5.78392,0.00346,0.06523,0.0206,0.00922,0.00201,0.00583,0.00899,0.07454,0.86356,1.50016,2.53045,0,0.2514,1.09664,0.00018,0.00214,0.00238,0,0.00365,0,1.13168,2.17106,0.53117,0.836,0.0202,5.32604,0.34037,0.24538,0.504,0.76238,3.81722,0.70493,0.53878,0.00147,2.22595,0.01176,0.2514,0.34037,0.70493,0.53878,1.09664,1.15752,1.13168,1.49367,2.22595,0.6761,1.75917
2026-04-02 10:00:00,5.71434,0.00345,0.0651,0.02043,0.00921,0.00201,0.00582,0.00899,0.07448,0.85707,1.49421,2.51805,0,0.25135,1.09634,0.00017,0.00213,0.00237,0,0.00362,0,1.13136,2.16932,0.53248,0.83077,0.01995,5.30302,0.34096,0.24487,0.49699,0.77997,3.84573,0.70493,0.53898,0.00147,2.22694,0.01161,0.25135,0.34096,0.70493,0.53898,1.09634,1.1572,1.13136,1.49397,2.22694,0.69368,1.74427
2026-04-02 11:00:00,5.64476,0.00344,0.06498,0.02012,0.00919,0.00201,0.00583,0.009,0.07442,0.8506,1.48859,2.50622,0,0.25129,1.09603,0.00017,0.00213,0.00236,0,0.0036,0,1.13104,2.16755,0.5338,0.82553,0.01943,5.28001,0.34144,0.24437,0.48982,0.79777,3.87444,0.70493,0.53918,0.00147,2.22788,0.01146,0.25129,0.34144,0.70493,0.53918,1.09603,1.15689,1.13104,1.49428,2.22788,0.71147,1.72937
2026-04-02 12:00:00,5.57518,0.00344,0.06487,0.01987,0.00919,0.00202,0.00582,0.00901,0.07438,0.84415,1.48253,2.49548,0,0.25123,1.09572,0.00017,0.00213,0.00236,0,0.00358,0,1.13072,2.16577,0.53511,0.82029,0.01875,5.25699,0.34178,0.24386,0.48263,0.81219,3.89977,0.70493,0.53936,0.00147,2.2288,0.01131,0.25123,0.34178,0.70493,0.53936,1.09572,1.15657,1.13072,1.4946,2.2288,0.72588,1.681
2026-04-02 13:00:00,5.52017,0.00343,0.06475,0.01969,0.00918,0.00202,0.00582,0.009,0.07434,0.83769,1.47464,2.47469,0,0.25117,1.09541,0.00017,0.00213,0.00236,0,0.00357,0,1.1304,2.164,0.53413,0.81188,0.01809,5.21807,0.34195,0.23599,0.47127,0.82037,3.87738,0.70493,0.53954,0.00147,2.22968,0.01125,0.25117,0.34195,0.70493,0.53954,1.09541,1.15626,1.1304,1.49494,2.22968,0.73405,1.6431
2026-04-02 14:00:00,5.46515,0.00343,0.06461,0.01957,0.00917,0.00202,0.00582,0.009,0.07431,0.83017,1.46478,2.45808,0,0.2511,1.09509,0.00016,0.00212,0.00235,0,0.00356,0,1.13008,2.15293,0.53316,0.80346,0.01742,5.17914,0.34199,0.22812,0.4568,0.82273,3.84917,0.70493,0.53971,0.00147,2.23053,0.01119,0.2511,0.34199,0.70493,0.53971,1.09509,1.15594,1.13008,1.49528,2.23053,0.73641,1.64289
2026-04-02 15:00:00,5.41014,0.00343,0.06445,0.01952,0.00916,0.00202,0.00581,0.00899,0.07428,0.82227,1.45448,2.44436,0,0.25103,1.09477,0.00016,0.00212,0.00235,0,0.00355,0,1.12977,2.13016,0.53219,0.79505,0.01675,5.14022,0.3419,0.22025,0.44142,0.8235,3.81937,0.70492,0.53986,0.00147,2.23136,0.01114,0.25103,0.3419,0.70492,0.53986,1.09477,1.15563,1.12977,1.49562,2.23136,0.73717,1.64267
2026-04-02 16:00:00,5.35513,0.00343,0.06425,0.01946,0.00916,0.00201,0.00582,0.00897,0.07426,0.81514,1.44362,2.42479,0,0.25096,1.09444,0.00016,0.00211,0.00233,0,0.00353,0,1.12945,2.10447,0.53121,0.78663,0.01607,5.1013,0.34171,0.21238,0.42536,0.8192,3.78449,0.70492,0.54002,0.00147,2.23216,0.01108,0.25096,0.34171,0.70492,0.54002,1.09444,1.15532,1.12945,1.49593,2.23216,0.73287,1.64243
2026-04-02 17:00:00,5.30011,0.00342,0.06405,0.01938,0.00914,0.00201,0.00581,0.00897,0.07423,0.80568,1.43276,2.40167,0,0.25088,1.09412,0.00015,0.00211,0.00233,0,0.00352,0,1.12914,2.07804,0.53023,0.77822,0.01544,5.06237,0.34144,0.20451,0.40909,0.81181,3.74654,0.70492,0.54017,0.00147,2.23293,0.01102,0.25088,0.34144,0.70492,0.54017,1.09412,1.155,1.12914,1.49623,2.23293,0.72548,1.64216
2026-04-02 18:00:00,5.2451,0.00342,0.06385,0.01932,0.00913,0.00201,0.00581,0.00897,0.07421,0.79805,1.42051,2.37714,0,0.2508,1.09377,0.00015,0.0021,0.00232,0,0.00351,0,1.12883,2.05143,0.52926,0.7698,0.01488,5.02345,0.34108,0.19664,0.39272,0.80637,3.71054,0.70492,0.5403,0.00147,2.23367,0.01096,0.2508,0.34108,0.70492,0.5403,1.09377,1.15469,1.12883,1.49649,2.23367,0.72005,1.64186
2026-04-02 19:00:00,5.20542,0.00342,0.06367,0.01927,0.00912,0.00201,0.00579,0.00896,0.07419,0.78713,1.40823,2.35413,0,0.25072,1.09343,0.00015,0.0021,0.00232,0,0.0035,0,1.12852,2.02479,0.5206,0.75742,0.01441,4.98285,0.3407,0.19555,0.38892,0.80107,3.67373,0.70491,0.54043,0.00147,2.23438,0.01075,0.25072,0.3407,0.70491,0.54043,1.09343,1.15436,1.12852,1.49672,2.23438,0.71477,1.64153
2026-04-02 20:00:00,5.16574,0.00341,0.06351,0.01922,0.00911,0.00201,0.00579,0.00895,0.07418,0.77835,1.39338,2.3334,0,0.25064,1.09309,0.00015,0.00209,0.00232,0,0.00349,0,1.1282,2.0032,0.51195,0.74504,0.01399,4.94225,0.34028,0.19446,0.38803,0.79712,3.63827,0.70491,0.54055,0.00147,2.23504,0.01054,0.25064,0.34028,0.70491,0.54055,1.09309,1.15405,1.1282,1.49691,2.23504,0.71085,1.64115
2026-04-02 21:00:00,5.12607,0.0034,0.06336,0.01917,0.00911,0.00202,0.00578,0.00895,0.07416,0.76937,1.37967,2.3125,0,0.25056,1.09273,0.00014,0.00209,0.00232,0,0.00348,0,1.12789,1.99124,0.50329,0.73266,0.01364,4.90166,0.33987,0.19337,0.38819,0.791,3.60064,0.70491,0.54066,0.00147,2.23566,0.01033,0.25056,0.33987,0.70491,0.54066,1.09273,1.15372,1.12789,1.49706,2.23566,0.70475,1.64073
2026-04-02 22:00:00,5.08639,0.0034,0.06322,0.01911,0.0091,0.002,0.00577,0.00895,0.07416,0.76021,1.36647,2.29156,0,0.25048,1.09238,0.00014,0.00208,0.0023,0,0.00346,0,1.12758,1.97837,0.49463,0.72028,0.01333,4.86106,0.33945,0.19228,0.38884,0.77933,3.55747,0.7049,0.54077,0.00147,2.23622,0.01011,0.25048,0.33945,0.7049,0.54077,1.09238,1.15339,1.12758,1.49715,2.23622,0.69311,1.64024
2026-04-02 23:00:00,5.04671,0.00339,0.0631,0.01903,0.00908,0.002,0.00577,0.00894,0.07415,0.75366,1.35253,2.26878,0,0.2504,1.09202,0.00014,0.00208,0.0023,0,0.00345,0,1.12726,1.96512,0.48598,0.7079,0.01309,4.82046,0.33905,0.19119,0.38961,0.76522,3.51186,0.7049,0.54088,0.00147,2.23674,0.0099,0.2504,0.33905,0.7049,0.54088,1.09202,1.15307,1.12726,1.49722,2.23674,0.67903,1.63968
2026-04-03 00:00:00,5.00703,0.00339,0.06299,0.01896,0.00907,0.002,0.00576,0.00894,0.07415,0.74981,1.34215,2.24628,0,0.25033,1.09165,0.00014,0.00207,0.0023,0,0.00344,0,1.12694,1.9517,0.47732,0.69552,0.01289,4.77986,0.33866,0.1901,0.39048,0.7542,3.46933,0.7049,0.54097,0.00147,2.2372,0.00969,0.25033,0.33866,0.7049,0.54097,1.09165,1.15274,1.12694,1.49724,2.2372,0.66804,1.63903
2026-04-03 01:00:00,5.00463,0.00338,0.0629,0.01891,0.00907,0.002,0.00576,0.00894,0.07414,0.75339,1.33416,2.22772,0,0.25026,1.09129,0.00014,0.00207,0.0023,0,0.00343,0,1.12663,1.93822,0.46908,0.68909,0.01321,4.75534,0.33831,0.19328,0.39215,0.74575,3.44024,0.7049,0.54107,0.00147,2.23762,0.0096,0.25026,0.33831,0.7049,0.54107,1.09129,1.15241,1.12663,1.49722,2.23762,0.65961,1.63826
2026-04-03 02:00:00,5.00222,0.00337,0.06282,0.01887,0.00906,0.00201,0.00575,0.00894,0.07413,0.75743,1.33053,2.2131,0,0.25019,1.09092,0.00014,0.00207,0.00228,0,0.00342,0,1.12631,1.93038,0.46083,0.68265,0.01313,4.73082,0.33801,0.19646,0.39558,0.74056,3.4144,0.7049,0.54116,0.00147,2.23797,0.0095,0.25019,0.33801,0.7049,0.54116,1.09092,1.15206,1.12631,1.49716,2.23797,0.65445,1.63733
2026-04-03 03:00:00,4.99982,0.00336,0.06274,0.01883,0.00905,0.00201,0.00574,0.00894,0.07411,0.76488,1.3325,2.20244,0,0.25012,1.09055,0.00014,0.00207,0.00228,0,0.00341,0,1.12598,1.93066,0.45259,0.67622,0.01309,4.7063,0.3378,0.19965,0.39978,0.73344,3.38665,0.70489,0.54125,0.00147,2.23828,0.00941,0.25012,0.3378,0.70489,0.54125,1.09055,1.15172,1.12598,1.49707,2.23828,0.64735,1.63619
2026-04-03 04:00:00,4.99742,0.00336,0.06267,0.01879,0.00904,0.00201,0.00575,0.00894,0.07409,0.76978,1.33714,2.19493,0,0.25005,1.09018,0.00013,0.00206,0.00227,0,0.0034,0,1.12565,1.93442,0.44434,0.66978,0.01307,4.68177,0.33759,0.20283,0.40427,0.72137,3.35391,0.70489,0.54134,0.00147,2.23854,0.00932,0.25005,0.33759,0.70489,0.54134,1.09018,1.15137,1.12565,1.49694,2.23854,0.63529,1.63478
2026-04-03 05:00:00,4.99501,0.00335,0.0626,0.01871,0.00903,0.00201,0.00574,0.00893,0.07407,0.77664,1.34537,2.19145,0,0.24999,1.08981,0.00013,0.00206,0.00226,0,0.00339,0,1.12533,1.93966,0.4361,0.66335,0.01306,4.65725,0.33742,0.20601,0.40902,0.70732,3.31921,0.70489,0.54141,0.00147,2.23874,0.00922,0.24999,0.33742,0.70489,0.54141,1.08981,1.15102,1.12533,1.4968,2.23874,0.62125,1.63295
2026-04-03 06:00:00,4.99261,0.00335,0.06254,0.01866,0.00902,0.00201,0.00575,0.00893,0.07403,0.77898,1.35329,2.19332,0,0.24992,1.08943,0.00013,0.00206,0.00225,0,0.00338,0,1.12499,1.94555,0.42785,0.65691,0.01303,4.63273,0.33727,0.20919,0.4138,0.69628,3.2875,0.70489,0.54149,0.00147,2.2389,0.00913,0.24992,0.33727,0.70489,0.54149,1.08943,1.15068,1.12499,1.49662,2.2389,0.61022,1.63052
2026-04-03 07:00:00,4.96348,0.00334,0.06249,0.01861,0.00901,0.00201,0.00574,0.00893,0.07401,0.78269,1.36262,2.19779,0,0.24986,1.08906,0.00013,0.00206,0.00225,0,0.00337,0,1.12465,1.9517,0.42391,0.65107,0.01298,4.59583,0.33714,0.20611,0.40942,0.68799,3.25456,0.70489,0.54157,0.00147,2.23902,0.00909,0.24986,0.33714,0.70489,0.54157,1.08906,1.15032,1.12465,1.49644,2.23902,0.60193,1.62712
2026-04-03 08:00:00,4.93435,0.00334,0.06243,0.01858,0.009,0.00201,0.00574,0.00893,0.07398,0.78648,1.37377,2.20456,0,0.2498,1.08869,0.00013,0.00205,0.00224,0,0.00336,0,1.12431,1.95443,0.41998,0.64523,0.0129,4.55894,0.33702,0.20302,0.40237,0.68291,3.22483,0.70489,0.54163,0.00147,2.2391,0.00905,0.2498,0.33702,0.70489,0.54163,1.08869,1.14996,1.12431,1.49623,2.2391,0.59686,1.62202
2026-04-03 09:00:00,4.90522,0.00334,0.06237,0.01855,0.009,0.00202,0.00573,0.00893,0.07396,0.7886,1.38465,2.21163,0,0.24975,1.08833,0.00012,0.00204,0.00223,0,0.00335,0,1.12397,1.95214,0.41605,0.6394,0.01281,4.52204,0.33691,0.19994,0.39432,0.67599,3.19326,0.70488,0.54169,0.00147,2.23915,0.00901,0.24975,0.33691,0.70488,0.54169,1.08833,1.1496,1.12397,1.49603,2.23915,0.58993,1.61352
2026-04-03 10:00:00,4.87609,0.00334,0.06231,0.01852,0.00899,0.002,0.00573,0.00893,0.07393,0.7888,1.39417,2.21958,0,0.24969,1.08795,0.00012,0.00204,0.00222,0,0.00333,0,1.12363,1.9477,0.41211,0.63356,0.01271,4.48514,0.33682,0.19685,0.38575,0.66415,3.15676,0.70488,0.54176,0.00147,2.23915,0.00896,0.24969,0.33682,0.70488,0.54176,1.08795,1.14924,1.12363,1.49579,2.23915,0.57809,1.59651
2026-04-03 11:00:00,4.84696,0.00333,0.06224,0.01848,0.00897,0.00201,0.00574,0.00893,0.07392,0.78892,1.40328,2.22921,0,0.24964,1.08758,0.00012,0.00204,0.00222,0,0.00332,0,1.12327,1.94234,0.40817,0.62772,0.01261,4.44825,0.33671,0.19377,0.37718,0.65035,3.11831,0.70488,0.54182,0.00147,2.23914,0.00892,0.24964,0.33671,0.70488,0.54182,1.08758,1.14888,1.12327,1.49556,2.23914,0.56429,1.54548
2026-04-03 12:00:00,4.81783,0.00333,0.06218,0.01845,0.00896,0.002,0.00573,0.00892,0.0739,0.78889,1.41129,2.23906,0,0.24959,1.08721,0.00012,0.00203,0.00221,0,0.00331,0,1.12293,1.93661,0.40424,0.62188,0.01252,4.41135,0.33661,0.19068,0.36847,0.63951,3.08281,0.70488,0.54188,0.00147,2.2391,0.00888,0.24959,0.33661,0.70488,0.54188,1.08721,1.14851,1.12293,1.49531,2.2391,0.55345,1.4657
2026-04-03 13:00:00,4.78866,0.00333,0.06213,0.01842,0.00896,0.00201,0.00573,0.00892,0.07389,0.78253,1.41389,2.2463,0,0.24954,1.08684,0.00012,0.00203,0.00221,0,0.0033,0,1.12257,1.93072,0.40134,0.61465,0.01244,4.37823,0.3365,0.18693,0.36239,0.6308,3.05758,0.70488,0.54194,0.00147,2.23904,0.00885,0.24954,0.3365,0.70488,0.54194,1.08684,1.14815,1.12257,1.49506,2.23904,0.54475,1.45753
2026-04-03 14:00:00,4.75948,0.00333,0.06207,0.01839,0.00895,0.00201,0.00572,0.00893,0.07388,0.77396,1.41042,2.25085,0,0.24949,1.08647,0.00012,0.00202,0.00221,0,0.00329,0,1.12221,1.92245,0.39845,0.60741,0.01238,4.3451,0.3364,0.18318,0.35606,0.62472,3.03497,0.70488,0.54199,0.00147,2.23895,0.00882,0.24949,0.3364,0.70488,0.54199,1.08647,1.14778,1.12221,1.49479,2.23895,0.53868,1.37327
2026-04-03 15:00:00,4.73031,0.00333,0.06202,0.01836,0.00894,0.00201,0.00572,0.00892,0.07388,0.76522,1.40352,2.2538,0,0.24944,1.08611,0.00012,0.00202,0.00221,0,0.00328,0,1.12185,1.91087,0.39555,0.60018,0.01232,4.31198,0.3363,0.17944,0.34964,0.6157,3.00943,0.70487,0.54205,0.00147,2.23885,0.00879,0.24944,0.3363,0.70487,0.54205,1.08611,1.14741,1.12185,1.49453,2.23885,0.52967,1.34519
2026-04-03 16:00:00,4.70114,0.00333,0.06196,0.01831,0.00893,0.00201,0.00572,0.00892,0.07386,0.7584,1.39304,2.25217,0,0.24939,1.08573,0.00011,0.00201,0.00219,0,0.00326,0,1.1215,1.89788,0.39265,0.59294,0.01227,4.27886,0.3362,0.17569,0.3431,0.59857,2.97578,0.70487,0.5421,0.00147,2.23873,0.00876,0.24939,0.3362,0.70487,0.5421,1.08573,1.14704,1.1215,1.49425,2.23873,0.51256,1.33114
2026-04-03 17:00:00,4.67196,0.00333,0.06191,0.01824,0.00893,0.00201,0.00572,0.00892,0.07385,0.74716,1.38101,2.24458,0,0.24935,1.08537,0.00011,0.00201,0.00219,0,0.00325,0,1.12114,1.88428,0.38976,0.58571,0.01222,4.24573,0.33611,0.17194,0.33657,0.5779,2.93859,0.70487,0.54215,0.00147,2.2386,0.00873,0.24935,0.33611,0.70487,0.54215,1.08537,1.14667,1.12114,1.49398,2.2386,0.4919,1.32272
2026-04-03 18:00:00,4.64279,0.00333,0.06186,0.01819,0.00891,0.00202,0.00572,0.00892,0.07382,0.74005,1.36676,2.23288,0,0.24931,1.08501,0.00011,0.002,0.00219,0,0.00324,0,1.12077,1.87042,0.38686,0.57847,0.01218,4.21261,0.33603,0.16819,0.32999,0.56177,2.90592,0.70487,0.5422,0.00147,2.23845,0.0087,0.24931,0.33603,0.70487,0.5422,1.08501,1.1463,1.12077,1.49368,2.23845,0.47577,1.3171
2026-04-03 19:00:00,4.62955,0.00332,0.06181,0.01814,0.0089,0.00201,0.0057,0.00892,0.07381,0.72607,1.35277,2.21862,0,0.24927,1.08464,0.00011,0.002,0.00219,0,0.00323,0,1.12041,1.85645,0.38355,0.57246,0.01215,4.1814,0.33595,0.16948,0.33151,0.55024,2.89188,0.70486,0.54225,0.00147,2.23828,0.00869,0.24927,0.33595,0.70486,0.54225,1.08464,1.14593,1.12041,1.49339,2.23828,0.46426,1.31309
2026-04-03 20:00:00,4.61632,0.00332,0.06177,0.01811,0.00889,0.00202,0.00569,0.00892,0.07378,0.71638,1.3363,2.20361,0,0.24923,1.08429,0.00011,0.002,0.00218,0,0.00322,0,1.12005,1.84489,0.38025,0.56646,0.01212,4.15019,0.33588,0.17077,0.33503,0.54435,2.88349,0.70486,0.54229,0.00147,2.23811,0.00867,0.24923,0.33588,0.70486,0.54229,1.08429,1.14556,1.12005,1.49308,2.23811,0.4584,1.31008
2026-04-03 21:00:00,4.60308,0.00331,0.06172,0.01807,0.00888,0.00202,0.00569,0.00891,0.07376,0.70668,1.32033,2.187,0,0.24919,1.08394,0.00011,0.002,0.00216,0,0.00321,0,1.11968,1.83682,0.37695,0.56046,0.01208,4.11898,0.33581,0.17206,0.33941,0.53732,2.87397,0.70486,0.54234,0.00147,2.23791,0.00866,0.24919,0.33581,0.70486,0.54234,1.08394,1.14519,1.11968,1.49277,2.23791,0.45139,1.30774
2026-04-03 22:00:00,4.58984,0.0033,0.06167,0.01803,0.00888,0.00201,0.00568,0.00892,0.07375,0.69697,1.30316,2.17017,0,0.24915,1.08358,0.0001,0.00199,0.00216,0,0.00319,0,1.11931,1.83024,0.37364,0.55445,0.01206,4.08778,0.33574,0.17334,0.34423,0.52811,2.86224,0.70485,0.54239,0.00147,2.23771,0.00864,0.24915,0.33574,0.70485,0.54239,1.08358,1.14482,1.11931,1.49246,2.23771,0.4422,1.30586
2026-04-03 23:00:00,4.57661,0.0033,0.06162,0.01796,0.00887,0.00201,0.00568,0.00892,0.07373,0.6917,1.2865,2.15158,0,0.24911,1.08323,0.0001,0.00199,0.00216,0,0.00318,0,1.11895,1.8243,0.37034,0.54844,0.01204,4.05657,0.33568,0.17463,0.34917,0.51857,2.85019,0.70485,0.54242,0.00147,2.23749,0.00863,0.24911,0.33568,0.70485,0.54242,1.08323,1.14445,1.11895,1.49215,2.23749,0.43268,1.30433
2026-04-04 00:00:00,4.56337,0.00329,0.06158,0.0179,0.00885,0.002,0.00567,0.00892,0.07372,0.69106,1.27489,2.13277,0,0.24907,1.08289,0.0001,0.00199,0.00215,0,0.00317,0,1.11858,1.81863,0.36703,0.54244,0.01202,4.02536,0.33563,0.17592,0.35421,0.51088,2.83999,0.70485,0.54246,0.00147,2.23727,0.00861,0.24907,0.33563,0.70485,0.54246,1.08289,1.14407,1.11858,1.49182,2.23727,0.42501,1.30306
2026-04-04 01:00:00,4.61403,0.00329,0.06154,0.01785,0.00884,0.00201,0.00567,0.00891,0.07371,0.703,1.2703,2.11705,0,0.24904,1.08253,0.0001,0.00199,0.00215,0,0.00316,0,1.11821,1.81308,0.36639,0.55033,0.01246,4.05317,0.33558,0.18234,0.35955,0.50601,2.84292,0.70485,0.54252,0.00147,2.23704,0.00859,0.24904,0.33558,0.70485,0.54252,1.08253,1.14371,1.11821,1.4915,2.23704,0.42015,1.30198
2026-04-04 02:00:00,4.6647,0.00328,0.0615,0.01782,0.00883,0.00201,0.00566,0.00892,0.07371,0.7153,1.27637,2.10656,0,0.249,1.0822,0.0001,0.00198,0.00214,0,0.00315,0,1.11784,1.82144,0.36576,0.55822,0.01245,4.08097,0.33557,0.18875,0.36695,0.50383,2.84852,0.70484,0.54255,0.00147,2.2368,0.00858,0.249,0.33557,0.70484,0.54255,1.0822,1.14334,1.11784,1.49117,2.2368,0.41797,1.30105
2026-04-04 03:00:00,4.71536,0.00327,0.06146,0.0178,0.00881,0.00202,0.00565,0.00892,0.07369,0.73275,1.2926,2.10171,0,0.24897,1.08186,0.0001,0.00198,0.00214,0,0.00314,0,1.11748,1.84962,0.36512,0.56611,0.01244,4.10878,0.33559,0.19517,0.37533,0.50159,2.85408,0.70484,0.54258,0.00147,2.23655,0.00856,0.24897,0.33559,0.70484,0.54258,1.08186,1.14298,1.11748,1.49085,2.23655,0.41574,1.30025
2026-04-04 04:00:00,4.76602,0.00327,0.06141,0.01777,0.00879,0.00201,0.00566,0.00891,0.07368,0.74576,1.31437,2.10395,0,0.24894,1.08153,0.00009,0.00197,0.00212,0,0.00313,0,1.11711,1.88629,0.36448,0.57399,0.01243,4.13658,0.33561,0.20159,0.38406,0.4994,2.85968,0.70484,0.54263,0.00147,2.2363,0.00854,0.24894,0.33561,0.70484,0.54263,1.08153,1.14261,1.11711,1.49051,2.2363,0.41356,1.29954
2026-04-04 05:00:00,4.81669,0.00326,0.06137,0.01772,0.00877,0.00201,0.00565,0.00891,0.07366,0.76166,1.34187,2.11614,0,0.24891,1.08119,0.00009,0.00197,0.00212,0,0.00312,0,1.11674,1.92661,0.36385,0.58188,0.01241,4.16438,0.33562,0.208,0.39296,0.49753,2.86561,0.70484,0.54267,0.00147,2.23603,0.00853,0.24891,0.33562,0.70484,0.54267,1.08119,1.14226,1.11674,1.49017,2.23603,0.4117,1.29893
2026-04-04 06:00:00,4.86735,0.00326,0.06132,0.01769,0.00877,0.00202,0.00566,0.00892,0.07365,0.77032,1.36945,2.13865,0,0.24887,1.08087,0.00009,0.00196,0.00211,0,0.00311,0,1.11639,1.96848,0.36321,0.58977,0.0124,4.19219,0.33563,0.21442,0.40217,0.49598,2.87183,0.70484,0.5427,0.00147,2.23576,0.00851,0.24887,0.33563,0.70484,0.5427,1.08087,1.14189,1.11639,1.48983,2.23576,0.41014,1.29837
2026-04-04 07:00:00,4.84544,0.00325,0.06128,0.01766,0.00875,0.00202,0.00565,0.00891,0.07362,0.78248,1.39631,2.16595,0,0.24884,1.08055,0.00009,0.00196,0.00211,0,0.0031,0,1.11602,2.0133,0.36587,0.59913,0.01239,4.20994,0.33563,0.21336,0.40962,0.49518,2.88249,0.70484,0.54274,0.00147,2.23549,0.0085,0.24884,0.33563,0.70484,0.54274,1.08055,1.14153,1.11602,1.4895,2.23549,0.40933,1.29788
2026-04-04 08:00:00,4.82354,0.00325,0.06124,0.01763,0.00873,0.00202,0.00564,0.00892,0.0736,0.79477,1.42164,2.19636,0,0.24881,1.08023,0.00009,0.00195,0.00211,0,0.00309,0,1.11566,2.05191,0.36853,0.60848,0.01239,4.2277,0.33564,0.21231,0.41392,0.49493,2.89373,0.70484,0.54278,0.00147,2.23521,0.00848,0.24881,0.33564,0.70484,0.54278,1.08023,1.14118,1.11566,1.48917,2.23521,0.40908,1.29744
2026-04-04 09:00:00,4.80163,0.00325,0.06119,0.0176,0.00872,0.00202,0.00564,0.00893,0.07358,0.80445,1.44549,2.22741,0,0.24878,1.07992,0.00009,0.00195,0.00211,0,0.00308,0,1.11529,2.06206,0.37119,0.61784,0.01237,4.24545,0.33562,0.21126,0.41686,0.49485,2.90511,0.70483,0.54282,0.00147,2.23493,0.00847,0.24878,0.33562,0.70483,0.54282,1.07992,1.14083,1.11529,1.48884,2.23493,0.40898,1.29704
2026-04-04 10:00:00,4.77972,0.00325,0.06114,0.01756,0.00871,0.00202,0.00564,0.00893,0.07357,0.8114,1.46751,2.25765,0,0.24875,1.07961,0.00009,0.00195,0.00209,0,0.00306,0,1.11494,2.06509,0.37385,0.6272,0.01237,4.2632,0.33562,0.2102,0.41934,0.49513,2.91684,0.70483,0.54284,0.00147,2.23464,0.00845,0.24875,0.33562,0.70483,0.54284,1.07961,1.14049,1.11494,1.48851,2.23464,0.40925,1.29667
2026-04-04 11:00:00,4.75782,0.00324,0.06108,0.01749,0.0087,0.00201,0.00565,0.00893,0.07355,0.81822,1.48906,2.28647,0,0.24871,1.0793,0.00009,0.00194,0.00209,0,0.00305,0,1.11458,2.06637,0.37651,0.63655,0.01236,4.28096,0.33561,0.20914,0.42156,0.49566,2.92883,0.70483,0.54289,0.00147,2.23435,0.00844,0.24871,0.33561,0.70483,0.54289,1.0793,1.14014,1.11458,1.48818,2.23435,0.40976,1.29634
2026-04-04 12:00:00,4.73591,0.00324,0.06103,0.01743,0.00869,0.00201,0.00564,0.00894,0.07354,0.82492,1.50896,2.31377,0,0.24869,1.079,0.00009,0.00194,0.00209,0,0.00304,0,1.11423,2.06718,0.37917,0.64591,0.01236,4.29871,0.3356,0.20809,0.42373,0.49603,2.94067,0.70483,0.54292,0.00147,2.23406,0.00842,0.24869,0.3356,0.70483,0.54292,1.079,1.13979,1.11423,1.48785,2.23406,0.41012,1.25566
2026-04-04 13:00:00,4.70953,0.00323,0.06098,0.01739,0.00867,0.00201,0.00564,0.00894,0.07353,0.82057,1.52441,2.33725,0,0.24866,1.0787,0.00009,0.00194,0.00209,0,0.00303,0,1.11388,2.06787,0.38048,0.64587,0.01234,4.27373,0.33559,0.2044,0.41553,0.49612,2.92766,0.70483,0.54294,0.00147,2.23377,0.0084,0.24866,0.33559,0.70483,0.54294,1.0787,1.13945,1.11388,1.48752,2.23377,0.41021,1.15167
2026-04-04 14:00:00,4.68314,0.00323,0.06094,0.01736,0.00867,0.00201,0.00563,0.00894,0.07352,0.81309,1.5314,2.35764,0,0.24864,1.0784,0.00008,0.00193,0.00208,0,0.00302,0,1.11354,2.06083,0.3818,0.64583,0.01234,4.24875,0.33557,0.20071,0.40622,0.49584,2.91426,0.70482,0.54299,0.00147,2.23348,0.00839,0.24864,0.33557,0.70482,0.54299,1.0784,1.13911,1.11354,1.48718,2.23348,0.40992,1.12962
2026-04-04 15:00:00,4.65676,0.00322,0.06089,0.01733,0.00866,0.00201,0.00563,0.00894,0.07351,0.80535,1.53145,2.37586,0,0.24861,1.07812,0.00008,0.00193,0.00208,0,0.00301,0,1.11319,2.04417,0.38311,0.64579,0.01233,4.22378,0.33556,0.19703,0.39641,0.49515,2.90048,0.70482,0.54301,0.00147,2.23318,0.00838,0.24861,0.33556,0.70482,0.54301,1.07812,1.13878,1.11319,1.48685,2.23318,0.40923,1.12228
2026-04-04 16:00:00,4.63038,0.00322,0.06084,0.01731,0.00865,0.002,0.00563,0.00895,0.07349,0.80046,1.52464,2.38998,0,0.24858,1.07784,0.00008,0.00193,0.00206,0,0.00299,0,1.11284,2.0251,0.38442,0.64575,0.01233,4.1988,0.33555,0.19334,0.38653,0.49316,2.88537,0.70482,0.54304,0.00147,2.23289,0.00836,0.24858,0.33555,0.70482,0.54304,1.07784,1.13845,1.11284,1.48652,2.23289,0.40724,1.1186
2026-04-04 17:00:00,4.60399,0.00321,0.06079,0.01727,0.00863,0.002,0.00563,0.00894,0.07349,0.78922,1.51553,2.39653,0,0.24855,1.07755,0.00007,0.00192,0.00206,0,0.00298,0,1.11251,2.00543,0.38574,0.64571,0.01231,4.17382,0.33553,0.18965,0.37661,0.49049,2.86961,0.70482,0.54308,0.00147,2.23259,0.00834,0.24855,0.33553,0.70482,0.54308,1.07755,1.13813,1.11251,1.48619,2.23259,0.40458,1.1164
2026-04-04 18:00:00,4.57761,0.00321,0.06074,0.01723,0.00863,0.002,0.00563,0.00894,0.07347,0.78396,1.50396,2.39574,0,0.24852,1.07728,0.00007,0.00192,0.00205,0,0.00297,0,1.11217,1.98996,0.38705,0.64567,0.01231,4.14884,0.33552,0.18596,0.36659,0.48845,2.85447,0.70482,0.54311,0.00147,2.23229,0.00833,0.24852,0.33552,0.70482,0.54311,1.07728,1.1378,1.11217,1.48585,2.23229,0.40255,1.11493
2026-04-04 19:00:00,4.58252,0.0032,0.0607,0.0172,0.00862,0.00201,0.00561,0.00895,0.07345,0.76813,1.49344,2.38829,0,0.24849,1.07701,0.00007,0.00192,0.00205,0,0.00296,0,1.11183,1.97234,0.38648,0.64397,0.0123,4.13496,0.33551,0.1846,0.36594,0.48685,2.84937,0.70481,0.54314,0.00147,2.23199,0.00831,0.24849,0.33551,0.70481,0.54314,1.07701,1.13747,1.11183,1.48553,2.23199,0.40096,1.11388
2026-04-04 20:00:00,4.58743,0.0032,0.06066,0.01718,0.00861,0.00201,0.0056,0.00894,0.07342,0.75853,1.48143,2.37774,0,0.24847,1.07673,0.00007,0.00191,0.00204,0,0.00295,0,1.1115,1.95854,0.3859,0.64227,0.0123,4.12108,0.33548,0.18325,0.36618,0.48595,2.84498,0.70481,0.54317,0.00147,2.23169,0.0083,0.24847,0.33548,0.70481,0.54317,1.07673,1.13716,1.1115,1.48519,2.23169,0.40007,1.11309
2026-04-04 21:00:00,4.59235,0.0032,0.06062,0.01715,0.0086,0.00201,0.0056,0.00894,0.07342,0.74881,1.46927,2.36486,0,0.24845,1.07647,0.00007,0.00191,0.00204,0,0.00294,0,1.11118,1.95146,0.38533,0.64057,0.01228,4.1072,0.33547,0.1819,0.36686,0.48476,2.84031,0.70481,0.5432,0.00147,2.23139,0.00829,0.24845,0.33547,0.70481,0.5432,1.07647,1.13685,1.11118,1.48486,2.23139,0.39889,1.11248
2026-04-04 22:00:00,4.59726,0.0032,0.06057,0.0171,0.00859,0.00201,0.00559,0.00895,0.07341,0.73908,1.45491,2.3522,0,0.24842,1.07622,0.00006,0.00191,0.00204,0,0.00293,0,1.11085,1.94727,0.38476,0.63886,0.01228,4.09331,0.33545,0.18054,0.36773,0.48293,2.83499,0.7048,0.54323,0.00147,2.23108,0.00827,0.24842,0.33545,0.7048,0.54323,1.07622,1.13655,1.11085,1.48453,2.23108,0.39708,1.11199
2026-04-04 23:00:00,4.60217,0.00319,0.06053,0.01703,0.00858,0.00201,0.00559,0.00895,0.07341,0.73569,1.441,2.33868,0,0.24839,1.07596,0.00006,0.0019,0.00203,0,0.00292,0,1.11052,1.94431,0.38418,0.63716,0.01228,4.07943,0.33543,0.17918,0.36862,0.48089,2.82947,0.7048,0.54326,0.00147,2.23077,0.00826,0.24839,0.33543,0.7048,0.54326,1.07596,1.13624,1.11052,1.48418,2.23077,0.39507,1.11159
2026-04-05 00:00:00,4.60708,0.00319,0.06048,0.01697,0.00857,0.00201,0.00558,0.00894,0.07339,0.7389,1.43375,2.32468,0,0.24837,1.07571,0.00006,0.0019,0.00203,0,0.00291,0,1.11022,1.94188,0.38361,0.63546,0.01227,4.06555,0.33542,0.17783,0.36962,0.47928,2.82437,0.7048,0.54329,0.00147,2.23046,0.00824,0.24837,0.33542,0.7048,0.54329,1.07571,1.13594,1.11022,1.48384,2.23046,0.39347,1.11125
2026-04-05 01:00:00,4.70255,0.00319,0.06045,0.01693,0.00856,0.00201,0.00557,0.00894,0.07339,0.75748,1.43328,2.31065,0,0.24834,1.07547,0.00006,0.0019,0.00203,0,0.0029,0,1.1099,1.93968,0.38698,0.64926,0.01271,4.17673,0.3354,0.18084,0.37741,0.47842,2.84737,0.7048,0.54332,0.00146,2.23015,0.00822,0.24834,0.3354,0.7048,0.54332,1.07547,1.13564,1.1099,1.4835,2.23015,0.39263,1.11097
2026-04-05 02:00:00,4.79802,0.00318,0.06041,0.0169,0.00855,0.00202,0.00557,0.00895,0.07338,0.77657,1.44372,2.29864,0,0.24831,1.07523,0.00006,0.00189,0.00201,0,0.00289,0,1.10959,1.97766,0.39035,0.66307,0.01271,4.28791,0.33542,0.18386,0.38698,0.47836,2.87115,0.7048,0.54335,0.00146,2.22984,0.00821,0.24831,0.33542,0.7048,0.54335,1.07523,1.13535,1.10959,1.48317,2.22984,0.39258,1.11073
2026-04-05 03:00:00,4.89348,0.00318,0.06036,0.01688,0.00855,0.00202,0.00556,0.00894,0.07338,0.80302,1.46648,2.29248,0,0.24828,1.07499,0.00006,0.00189,0.00201,0,0.00288,0,1.10928,2.09453,0.39373,0.67688,0.01271,4.39909,0.33548,0.18687,0.3973,0.47871,2.89535,0.70479,0.54338,0.00146,2.22952,0.0082,0.24828,0.33548,0.70479,0.54338,1.07499,1.13507,1.10928,1.48284,2.22952,0.39294,1.11052
2026-04-05 04:00:00,4.98895,0.00317,0.06032,0.01685,0.00854,0.00201,0.00557,0.00894,0.07336,0.82314,1.49571,2.2933,0,0.24826,1.07476,0.00006,0.00189,0.00201,0,0.00286,0,1.10899,2.23565,0.3971,0.69068,0.01271,4.51026,0.33552,0.18988,0.40799,0.48038,2.92087,0.70479,0.54342,0.00146,2.22921,0.00818,0.24826,0.33552,0.70479,0.54342,1.07476,1.13478,1.10899,1.4825,2.22921,0.39462,1.11034
2026-04-05 05:00:00,5.08442,0.00317,0.06027,0.01681,0.00852,0.00202,0.00556,0.00894,0.07335,0.84738,1.53243,2.30408,0,0.24823,1.07453,0.00006,0.00188,0.00199,0,0.00285,0,1.10869,2.37463,0.40047,0.70448,0.01269,4.62144,0.33555,0.1929,0.41881,0.48275,2.94709,0.70479,0.54346,0.00146,2.2289,0.00817,0.24823,0.33555,0.70479,0.54346,1.07453,1.1345,1.10869,1.48216,2.2289,0.39701,1.11017
2026-04-05 06:00:00,5.17989,0.00316,0.06023,0.01678,0.00851,0.00202,0.00557,0.00893,0.07334,0.8613,1.56924,2.32686,0,0.24821,1.0743,0.00006,0.00188,0.00199,0,0.00284,0,1.10839,2.51307,0.40384,0.71829,0.01269,4.73262,0.33559,0.19591,0.42963,0.48455,2.97274,0.70479,0.54347,0.00146,2.22858,0.00815,0.24821,0.33559,0.70479,0.54347,1.0743,1.13422,1.10839,1.48184,2.22858,0.39882,1.11003
2026-04-05 07:00:00,5.24027,0.00316,0.06019,0.01675,0.00851,0.00203,0.00556,0.00894,0.07332,0.88647,1.60928,2.35702,0,0.24819,1.07408,0.00006,0.00188,0.00199,0,0.00283,0,1.1081,2.65138,0.40949,0.72995,0.01269,4.81613,0.3356,0.19689,0.43455,0.48598,2.99911,0.70479,0.5435,0.00146,2.22827,0.00813,0.24819,0.3356,0.70479,0.5435,1.07408,1.13395,1.1081,1.48151,2.22827,0.40026,1.1099
2026-04-05 08:00:00,5.30064,0.00316,0.06015,0.01672,0.0085,0.00202,0.00555,0.00894,0.07331,0.91192,1.64501,2.39372,0,0.24816,1.07386,0.00006,0.00187,0.00198,0,0.00282,0,1.10782,2.75276,0.41514,0.74162,0.01269,4.89964,0.33561,0.19787,0.43867,0.48679,3.02486,0.70479,0.54354,0.00146,2.22796,0.00812,0.24816,0.33561,0.70479,0.54354,1.07386,1.13369,1.10782,1.48119,2.22796,0.40107,1.10978
2026-04-05 09:00:00,5.36102,0.00315,0.0601,0.01669,0.00849,0.00203,0.00555,0.00893,0.0733,0.93361,1.67765,2.4321,0,0.24814,1.07364,0.00006,0.00187,0.00198,0,0.00281,0,1.10754,2.80799,0.42079,0.75328,0.01267,4.98315,0.33562,0.19886,0.4424,0.48785,3.05086,0.70478,0.54357,0.00146,2.22765,0.00811,0.24814,0.33562,0.70478,0.54357,1.07364,1.13342,1.10754,1.48088,2.22765,0.40213,1.10968
2026-04-05 10:00:00,5.42139,0.00315,0.06005,0.01665,0.00848,0.00202,0.00555,0.00893,0.0733,0.95126,1.71015,2.47288,0,0.24811,1.07344,0.00005,0.00187,0.00197,0,0.00281,0,1.10726,2.8517,0.42643,0.76494,0.01267,5.06666,0.33562,0.19984,0.44598,0.48942,3.07736,0.70478,0.54359,0.00146,2.22734,0.00809,0.24811,0.33562,0.70478,0.54359,1.07344,1.13317,1.10726,1.48056,2.22734,0.4037,1.10958
2026-04-05 11:00:00,5.48177,0.00315,0.05999,0.01658,0.00847,0.00201,0.00556,0.00894,0.07328,0.96866,1.74198,2.51117,0,0.24808,1.07323,0.00005,0.00186,0.00196,0,0.0028,0,1.10699,2.89254,0.43208,0.77661,0.01267,5.15017,0.33562,0.20082,0.44948,0.49116,3.10403,0.70478,0.54363,0.00146,2.22704,0.00807,0.24808,0.33562,0.70478,0.54363,1.07323,1.13291,1.10699,1.48024,2.22704,0.40543,1.1095
2026-04-05 12:00:00,5.54214,0.00315,0.05994,0.01652,0.00846,0.00202,0.00555,0.00894,0.07326,0.98579,1.7709,2.54609,0,0.24806,1.07302,0.00005,0.00186,0.00196,0,0.00279,0,1.10672,2.93261,0.43773,0.78827,0.01266,5.23368,0.33562,0.2018,0.45304,0.49254,3.13033,0.70478,0.54366,0.00146,2.22672,0.00806,0.24806,0.33562,0.70478,0.54366,1.07302,1.13266,1.10672,1.47993,2.22672,0.4068,1.09153
2026-04-05 13:00:00,5.46143,0.00314,0.05989,0.01648,0.00845,0.00201,0.00554,0.00894,0.07323,0.9768,1.79248,2.57892,0,0.24803,1.07283,0.00005,0.00186,0.00196,0,0.00278,0,1.10645,2.97251,0.43931,0.78679,0.01265,5.14692,0.33561,0.19929,0.44818,0.49322,3.13052,0.70478,0.54369,0.00146,2.22642,0.00804,0.24803,0.33561,0.70478,0.54369,1.07283,1.13241,1.10645,1.47962,2.22642,0.40749,1.04896
2026-04-05 14:00:00,5.38072,0.00314,0.05984,0.01645,0.00844,0.00202,0.00554,0.00895,0.07322,0.96329,1.80427,2.60988,0,0.24801,1.07263,0.00004,0.00185,0.00195,0,0.00276,0,1.10619,2.94709,0.44089,0.7853,0.01265,5.06017,0.33561,0.19678,0.44194,0.49319,3.12999,0.70477,0.54372,0.00146,2.22612,0.00803,0.24801,0.33561,0.70477,0.54372,1.07263,1.13216,1.10619,1.47931,2.22612,0.40746,1.04232
2026-04-05 15:00:00,5.30001,0.00313,0.05979,0.01642,0.00844,0.00202,0.00554,0.00895,0.0732,0.94979,1.80412,2.64523,0,0.24799,1.07243,0.00004,0.00185,0.00195,0,0.00275,0,1.10594,2.83995,0.44247,0.78382,0.01265,4.97341,0.3356,0.19427,0.43512,0.49274,3.12904,0.70477,0.54375,0.00146,2.22582,0.00802,0.24799,0.3356,0.70477,0.54375,1.07243,1.13193,1.10594,1.479,2.22582,0.40701,1.0401
2026-04-05 16:00:00,5.21929,0.00312,0.05974,0.0164,0.00843,0.00201,0.00555,0.00895,0.07319,0.94052,1.79198,2.66511,0,0.24797,1.07225,0.00004,0.00185,0.00195,0,0.00274,0,1.10569,2.71239,0.44405,0.78234,0.01265,4.88665,0.33559,0.19176,0.42802,0.49098,3.12678,0.70477,0.54378,0.00146,2.22553,0.008,0.24797,0.33559,0.70477,0.54378,1.07225,1.13169,1.10569,1.4787,2.22553,0.40525,1.039
2026-04-05 17:00:00,5.13858,0.00312,0.05969,0.01636,0.00841,0.00201,0.00554,0.00896,0.07318,0.92224,1.77648,2.67513,0,0.24794,1.07207,0.00003,0.00184,0.00194,0,0.00272,0,1.10543,2.57972,0.44563,0.78085,0.01263,4.7999,0.33559,0.18925,0.42079,0.4885,3.1238,0.70477,0.54381,0.00146,2.22523,0.00799,0.24794,0.33559,0.70477,0.54381,1.07207,1.13147,1.10543,1.47839,2.22523,0.40277,1.03833
2026-04-05 18:00:00,5.05787,0.00311,0.05965,0.01632,0.0084,0.00201,0.00555,0.00896,0.07317,0.91291,1.75742,2.67318,0,0.24792,1.07188,0.00003,0.00184,0.00194,0,0.00271,0,1.10519,2.44578,0.44721,0.77937,0.01263,4.71314,0.33558,0.18674,0.41352,0.48662,3.12142,0.70477,0.54383,0.00146,2.22494,0.00797,0.24792,0.33558,0.70477,0.54383,1.07188,1.13124,1.10519,1.47809,2.22494,0.40089,1.03789
2026-04-05 19:00:00,5.06952,0.00311,0.05961,0.01629,0.0084,0.00201,0.00554,0.00896,0.07316,0.8837,1.74014,2.6598,0,0.24789,1.0717,0.00003,0.00183,0.00194,0,0.0027,0,1.10495,2.31152,0.44664,0.77601,0.01263,4.66558,0.33557,0.18552,0.41116,0.4851,3.11816,0.70476,0.54386,0.00146,2.22464,0.00796,0.24789,0.33557,0.70476,0.54386,1.0717,1.13101,1.10495,1.47778,2.22464,0.39938,1.03757
2026-04-05 20:00:00,5.08117,0.0031,0.05957,0.01627,0.00839,0.00201,0.00553,0.00896,0.07315,0.86365,1.71997,2.64382,0,0.24787,1.07153,0.00003,0.00183,0.00193,0,0.00269,0,1.10472,2.22675,0.44606,0.77264,0.01263,4.61802,0.33555,0.18431,0.40935,0.48422,3.11553,0.70476,0.54389,0.00146,2.22435,0.00794,0.24787,0.33555,0.70476,0.54389,1.07153,1.13079,1.10472,1.47748,2.22435,0.3985,1.03733
2026-04-05 21:00:00,5.09282,0.00309,0.05952,0.01624,0.00838,0.00202,0.00553,0.00897,0.07313,0.84374,1.69896,2.62452,0,0.24784,1.07136,0.00003,0.00182,0.00193,0,0.00268,0,1.10448,2.20393,0.44549,0.76928,0.01262,4.57046,0.33554,0.18309,0.40773,0.48304,3.11261,0.70476,0.54392,0.00146,2.22406,0.00793,0.24784,0.33554,0.70476,0.54392,1.07136,1.13057,1.10448,1.47718,2.22406,0.39733,1.03715
2026-04-05 22:00:00,5.10446,0.00308,0.05948,0.01619,0.00837,0.00201,0.00553,0.00896,0.07313,0.82406,1.67434,2.61551,0,0.24782,1.07118,0.00003,0.00182,0.00192,0,0.00267,0,1.10426,2.19659,0.44492,0.76592,0.01261,4.52289,0.33553,0.18187,0.40619,0.4812,3.10902,0.70475,0.54395,0.00146,2.22377,0.00792,0.24782,0.33553,0.70475,0.54395,1.07118,1.13036,1.10426,1.47688,2.22377,0.3955,1.037
2026-04-05 23:00:00,5.11611,0.00308,0.05943,0.01612,0.00836,0.00202,0.00553,0.00897,0.07311,0.81317,1.65099,2.59187,0,0.2478,1.07102,0.00003,0.00182,0.00191,0,0.00266,0,1.10403,2.19313,0.44434,0.76255,0.0126,4.47533,0.33551,0.18066,0.4047,0.47913,3.10521,0.70475,0.54398,0.00146,2.22348,0.0079,0.2478,0.33551,0.70475,0.54398,1.07102,1.13015,1.10403,1.47658,2.22348,0.39344,1.03688
2026-04-06 00:00:00,5.12776,0.00307,0.05939,0.01606,0.00835,0.00201,0.00553,0.00897,0.07309,0.81081,1.63668,2.57091,0,0.24778,1.07086,0.00003,0.00181,0.00191,0,0.00265,0,1.1038,2.19063,0.44377,0.75919,0.0126,4.42777,0.3355,0.17944,0.40324,0.47749,3.10183,0.70475,0.54401,0.00146,2.22319,0.00789,0.24778,0.3355,0.70475,0.54401,1.07086,1.12995,1.1038,1.47629,2.22319,0.39181,1.03678
2026-04-06 01:00:00,5.1874,0.00307,0.05935,0.01602,0.00834,0.00202,0.00552,0.00897,0.07308,0.83847,1.62903,2.5482,0,0.24775,1.07069,0.00003,0.00181,0.00191,0,0.00264,0,1.10358,2.18838,0.44636,0.76486,0.01306,4.53218,0.33548,0.18117,0.4071,0.47652,3.11107,0.70475,0.54403,0.00146,2.2229,0.00788,0.24775,0.33548,0.70475,0.54403,1.07069,1.12974,1.10358,1.476,2.2229,0.39086,1.0367
2026-04-06 02:00:00,5.24705,0.00306,0.05931,0.01599,0.00833,0.00202,0.00552,0.00896,0.07306,0.86683,1.63306,2.52709,0,0.24773,1.07054,0.00003,0.0018,0.00189,0,0.00263,0,1.10338,2.23948,0.44894,0.77053,0.01304,4.6366,0.33551,0.18289,0.41211,0.47627,3.12102,0.70475,0.54406,0.00146,2.22262,0.00786,0.24773,0.33551,0.70475,0.54406,1.07054,1.12954,1.10338,1.47571,2.22262,0.39062,1.03662
2026-04-06 03:00:00,5.30669,0.00306,0.05927,0.01597,0.00832,0.00202,0.00552,0.00897,0.07306,0.90469,1.65702,2.51359,0,0.2477,1.07039,0.00003,0.0018,0.00189,0,0.00262,0,1.10316,2.35722,0.45153,0.7762,0.01304,4.74101,0.33556,0.18462,0.41762,0.47626,3.13122,0.70474,0.54409,0.00146,2.22234,0.00785,0.2477,0.33556,0.70474,0.54409,1.07039,1.12935,1.10316,1.47542,2.22234,0.39062,1.03656
2026-04-06 04:00:00,5.36633,0.00306,0.05923,0.01594,0.00832,0.00202,0.00552,0.00897,0.07305,0.93433,1.69479,2.50747,0,0.24768,1.07023,0.00002,0.0018,0.00189,0,0.00261,0,1.10295,2.49161,0.45412,0.78187,0.01304,4.84542,0.33561,0.18635,0.42344,0.47705,3.1422,0.70474,0.54412,0.00146,2.22205,0.00784,0.24768,0.33561,0.70474,0.54412,1.07023,1.12916,1.10295,1.47513,2.22205,0.39141,1.0365
2026-04-06 05:00:00,5.42598,0.00306,0.05918,0.0159,0.00831,0.00202,0.00552,0.00896,0.07304,0.96925,1.74302,2.51186,0,0.24765,1.07008,0.00002,0.00179,0.00187,0,0.0026,0,1.10276,2.63017,0.4567,0.78754,0.01304,4.94984,0.33565,0.18807,0.42926,0.47828,3.15364,0.70474,0.54416,0.00146,2.22177,0.00782,0.24765,0.33565,0.70474,0.54416,1.07008,1.12898,1.10276,1.47484,2.22177,0.39266,1.03645
2026-04-06 06:00:00,5.48562,0.00306,0.05914,0.01587,0.00829,0.00203,0.00551,0.00896,0.07303,0.99075,1.79043,2.53414,0,0.24763,1.06994,0.00002,0.00179,0.00187,0,0.00259,0,1.10256,2.76977,0.45929,0.79321,0.01303,5.05425,0.33568,0.1898,0.43516,0.47919,3.16475,0.70474,0.54418,0.00146,2.2215,0.00781,0.24763,0.33568,0.70474,0.54418,1.06994,1.12879,1.10256,1.47457,2.2215,0.39358,1.03641
2026-04-06 07:00:00,5.53537,0.00305,0.0591,0.01584,0.00828,0.00203,0.00551,0.00897,0.07303,1.00036,1.83411,2.57079,0,0.2476,1.06978,0.00002,0.00179,0.00186,0,0.00258,0,1.10236,2.90964,0.46273,0.79696,0.01302,5.11729,0.3357,0.18949,0.43567,0.47991,3.17056,0.70474,0.5442,0.00146,2.22122,0.0078,0.2476,0.3357,0.70474,0.5442,1.06978,1.12861,1.10236,1.4743,2.22122,0.3943,1.03637
2026-04-06 08:00:00,5.58512,0.00305,0.05907,0.01582,0.00828,0.00203,0.00551,0.00896,0.07302,1.01001,1.87094,2.61772,0,0.24759,1.06965,0.00002,0.00179,0.00186,0,0.00257,0,1.10216,3.00456,0.46616,0.80071,0.01302,5.18033,0.3357,0.18919,0.43538,0.48023,3.17599,0.70473,0.54424,0.00146,2.22095,0.00778,0.24759,0.3357,0.70473,0.54424,1.06965,1.12843,1.10216,1.47403,2.22095,0.39463,1.03634
2026-04-06 09:00:00,5.63487,0.00305,0.05902,0.0158,0.00827,0.00203,0.00551,0.00896,0.07302,1.01496,1.89768,2.6781,0,0.24756,1.06951,0.00002,0.00179,0.00185,0,0.00256,0,1.10198,3.04323,0.4696,0.80447,0.01302,5.24337,0.33571,0.18888,0.4347,0.48059,3.18146,0.70473,0.54426,0.00146,2.22068,0.00777,0.24756,0.33571,0.70473,0.54426,1.06951,1.12825,1.10198,1.47376,2.22068,0.395,1.03631
2026-04-06 10:00:00,5.68461,0.00305,0.05898,0.01577,0.00826,0.00202,0.00551,0.00896,0.073,1.01494,1.91463,2.72259,0,0.24754,1.06936,0.00001,0.00178,0.00185,0,0.00255,0,1.1018,3.06785,0.47303,0.80822,0.01301,5.3064,0.33571,0.18857,0.43385,0.48093,3.18688,0.70473,0.54429,0.00146,2.22042,0.00775,0.24754,0.33571,0.70473,0.54429,1.06936,1.12808,1.1018,1.4735,2.22042,0.39533,1.03628
2026-04-06 11:00:00,5.73436,0.00305,0.05893,0.01573,0.00825,0.00202,0.00551,0.00896,0.07299,1.01487,1.92707,2.76019,0,0.24751,1.06923,0.00001,0.00178,0.00185,0,0.00254,0,1.10161,3.08894,0.47647,0.81197,0.01301,5.36944,0.33572,0.18827,0.433,0.4812,3.19225,0.70473,0.54432,0.00146,2.22016,0.00774,0.24751,0.33572,0.70473,0.54432,1.06923,1.1279,1.10161,1.47324,2.22016,0.3956,1.03625
2026-04-06 12:00:00,5.78411,0.00305,0.05889,0.0157,0.00825,0.00202,0.00551,0.00896,0.07298,1.01476,1.93524,2.78767,0,0.24749,1.0691,0.00001,0.00178,0.00184,0,0.00253,0,1.10143,3.10916,0.4799,0.81572,0.013,5.43248,0.33571,0.18796,0.43206,0.48141,3.19756,0.70473,0.54435,0.00146,2.2199,0.00772,0.24749,0.33571,0.70473,0.54435,1.0691,1.12774,1.10143,1.47299,2.2199,0.39582,1.02631
2026-04-06 13:00:00,5.70483,0.00305,0.05885,0.01568,0.00824,0.00202,0.0055,0.00897,0.07297,1.00035,1.93541,2.80413,0,0.24746,1.06897,0.00001,0.00178,0.00184,0,0.00252,0,1.10126,3.12916,0.47953,0.81106,0.013,5.3397,0.33571,0.18529,0.42646,0.48128,3.19004,0.70473,0.54437,0.00146,2.21963,0.00771,0.24746,0.33571,0.70473,0.54437,1.06897,1.12757,1.10126,1.47274,2.21963,0.3957,1.01587
2026-04-06 14:00:00,5.62556,0.00304,0.05882,0.01565,0.00822,0.00202,0.0055,0.00898,0.07295,0.98126,1.9276,2.81473,0,0.24744,1.06884,0.00001,0.00177,0.00183,0,0.00251,0,1.10108,3.09174,0.47917,0.80639,0.01299,5.24691,0.33571,0.18262,0.41984,0.48083,3.18218,0.70473,0.5444,0.00146,2.21938,0.00769,0.24744,0.33571,0.70473,0.5444,1.06884,1.1274,1.10108,1.47249,2.21938,0.39525,1.01582
2026-04-06 15:00:00,5.54628,0.00304,0.05877,0.01562,0.00821,0.00203,0.00549,0.00897,0.07294,0.96238,1.91237,2.82057,0,0.24741,1.06872,0.00001,0.00177,0.00183,0,0.0025,0,1.10091,2.98252,0.4788,0.80173,0.01299,5.15413,0.3357,0.17995,0.41285,0.47989,3.17384,0.70472,0.54443,0.00146,2.21913,0.00768,0.24741,0.3357,0.70472,0.54443,1.06872,1.12725,1.10091,1.47224,2.21913,0.39431,1.01576
2026-04-06 16:00:00,5.467,0.00303,0.05873,0.01558,0.00821,0.00202,0.0055,0.00898,0.07292,0.94846,1.89004,2.81823,0,0.24739,1.06859,0,0.00176,0.00182,0,0.00248,0,1.10074,2.85537,0.47843,0.79707,0.01298,5.06135,0.3357,0.17727,0.40567,0.47745,3.16399,0.70472,0.54446,0.00146,2.21888,0.00767,0.24739,0.3357,0.70472,0.54446,1.06859,1.12709,1.10074,1.472,2.21888,0.39188,1.0157
2026-04-06 17:00:00,5.38773,0.00303,0.05869,0.01551,0.0082,0.00203,0.00549,0.00899,0.0729,0.9251,1.86622,2.80784,0,0.24737,1.06846,0,0.00175,0.00181,0,0.00247,0,1.10057,2.72372,0.47807,0.7924,0.01298,4.96856,0.33569,0.1746,0.3984,0.47427,3.15341,0.70472,0.54448,0.00146,2.21864,0.00765,0.24737,0.33569,0.70472,0.54448,1.06846,1.12694,1.10057,1.47176,2.21864,0.38871,1.01564
2026-04-06 18:00:00,5.30845,0.00302,0.05865,0.01546,0.00819,0.00203,0.00548,0.00898,0.07289,0.91157,1.8393,2.79001,0,0.24735,1.06835,0,0.00175,0.00181,0,0.00246,0,1.10041,2.59095,0.4777,0.78774,0.01297,4.87578,0.33568,0.17193,0.39114,0.47183,3.14357,0.70472,0.54451,0.00146,2.2184,0.00764,0.24735,0.33568,0.70472,0.54451,1.06835,1.12679,1.10041,1.47151,2.2184,0.38627,1.01556
2026-04-06 19:00:00,5.31556,0.00302,0.05861,0.01541,0.00818,0.00203,0.00548,0.00899,0.07288,0.8808,1.8153,2.76557,0,0.24732,1.06823,0,0.00175,0.00181,0,0.00245,0,1.10025,2.4579,0.47625,0.78192,0.01296,4.82322,0.33567,0.17039,0.38795,0.46991,3.13637,0.70471,0.54454,0.00146,2.21817,0.00763,0.24732,0.33567,0.70471,0.54454,1.06823,1.12664,1.10025,1.47128,2.21817,0.38436,1.01548
2026-04-06 20:00:00,5.32267,0.00301,0.05857,0.01538,0.00818,0.00203,0.00546,0.00899,0.07288,0.85986,1.7888,2.74019,0,0.2473,1.06811,0,0.00174,0.00181,0,0.00244,0,1.1001,2.37257,0.47481,0.7761,0.01296,4.77065,0.33565,0.16884,0.38521,0.46876,3.12993,0.70471,0.54457,0.00146,2.21793,0.00761,0.2473,0.33565,0.70471,0.54457,1.06811,1.12649,1.1001,1.47104,2.21793,0.38322,1.01539
2026-04-06 21:00:00,5.32978,0.003,0.05853,0.01536,0.00816,0.00203,0.00546,0.00899,0.07287,0.83927,1.76316,2.7119,0,0.24727,1.06799,0,0.00174,0.00181,0,0.00243,0,1.09994,2.34697,0.47336,0.77028,0.01296,4.71809,0.33563,0.1673,0.38262,0.46721,3.1231,0.70471,0.5446,0.00146,2.21769,0.0076,0.24727,0.33563,0.70471,0.5446,1.06799,1.12634,1.09994,1.47081,2.21769,0.38168,1.01529
2026-04-06 22:00:00,5.33688,0.00299,0.05849,0.01533,0.00815,0.00203,0.00546,0.00899,0.07286,0.819,1.73521,2.68662,0,0.24725,1.06788,0,0.00174,0.00179,0,0.00241,0,1.09979,2.3363,0.47191,0.76445,0.01294,4.66552,0.33562,0.16575,0.38016,0.46469,3.11529,0.7047,0.54463,0.00146,2.21746,0.00759,0.24725,0.33562,0.7047,0.54463,1.06788,1.1262,1.09979,1.47057,2.21746,0.37917,1.01517
2026-04-06 23:00:00,5.34399,0.00299,0.05845,0.01529,0.00814,0.00202,0.00546,0.009,0.07284,0.80776,1.70944,2.65886,0,0.24722,1.06776,0,0.00173,0.00179,0,0.0024,0,1.09964,2.32938,0.47047,0.75863,0.01294,4.61296,0.33561,0.16421,0.37775,0.4618,3.10713,0.7047,0.54465,0.00146,2.21723,0.00757,0.24722,0.33561,0.7047,0.54465,1.06776,1.12606,1.09964,1.47034,2.21723,0.3763,1.01503
2026-04-07 00:00:00,5.3511,0.00298,0.0584,0.01526,0.00814,0.00203,0.00545,0.00899,0.07283,0.80518,1.69386,2.63197,0,0.2472,1.06766,0,0.00173,0.00179,0,0.00239,0,1.09949,2.32338,0.46902,0.75281,0.01294,4.56039,0.33559,0.16266,0.37536,0.45951,3.09956,0.7047,0.54468,0.00146,2.217,0.00756,0.2472,0.33559,0.7047,0.54468,1.06766,1.12593,1.09949,1.47012,2.217,0.37403,1.01487
2026-04-07 01:00:00,5.45138,0.00298,0.05837,0.01523,0.00813,0.00203,0.00544,0.00899,0.07281,0.83178,1.68546,2.61002,0,0.24717,1.06755,0,0.00173,0.00179,0,0.00238,0,1.09934,2.31761,0.47072,0.75477,0.01338,4.65208,0.33558,0.16364,0.37736,0.45802,3.10505,0.7047,0.54471,0.00146,2.21677,0.00755,0.24717,0.33558,0.7047,0.54471,1.06755,1.12579,1.09934,1.46989,2.21677,0.37255,1.01468
2026-04-07 02:00:00,5.55166,0.00297,0.05833,0.01521,0.00812,0.00202,0.00544,0.00899,0.0728,0.85878,1.68832,2.58583,0,0.24716,1.06744,0,0.00173,0.00178,0,0.00237,0,1.0992,2.36364,0.47243,0.75673,0.01337,4.74376,0.3356,0.16463,0.38036,0.45741,3.11143,0.7047,0.54474,0.00146,2.21654,0.00753,0.24716,0.3356,0.7047,0.54474,1.06744,1.12566,1.0992,1.46966,2.21654,0.37195,1.01445
2026-04-07 03:00:00,5.65195,0.00297,0.05829,0.01519,0.00811,0.00203,0.00543,0.009,0.07278,0.89485,1.71104,2.56952,0,0.24714,1.06733,0,0.00173,0.00178,0,0.00236,0,1.09907,2.47436,0.47413,0.7587,0.01337,4.83545,0.33567,0.16561,0.38381,0.45684,3.11784,0.7047,0.54478,0.00146,2.21632,0.00752,0.24714,0.33567,0.7047,0.54478,1.06733,1.12552,1.09907,1.46944,2.21632,0.37139,1.01418
2026-04-07 04:00:00,5.75223,0.00297,0.05824,0.01517,0.00809,0.00202,0.00544,0.00899,0.07277,0.92245,1.74682,2.56126,0,0.24711,1.06723,0,0.00172,0.00176,0,0.00236,0,1.09893,2.60125,0.47583,0.76066,0.01337,4.92713,0.33571,0.16659,0.38746,0.45653,3.12449,0.7047,0.5448,0.00146,2.2161,0.00751,0.24711,0.33571,0.7047,0.5448,1.06723,1.12539,1.09893,1.46922,2.2161,0.37109,1.01383
2026-04-07 05:00:00,5.85251,0.00297,0.0582,0.01513,0.00809,0.00203,0.00543,0.00899,0.07275,0.95482,1.79278,2.56331,0,0.24709,1.06713,0,0.00172,0.00175,0,0.00235,0,1.09879,2.73218,0.47754,0.76262,0.01336,5.01881,0.33574,0.16758,0.39126,0.45647,3.13141,0.7047,0.54482,0.00146,2.21588,0.00749,0.24709,0.33574,0.7047,0.54482,1.06713,1.12527,1.09879,1.469,2.21588,0.37103,1.01338
2026-04-07 06:00:00,5.95279,0.00296,0.05816,0.0151,0.00808,0.00203,0.00542,0.00899,0.07275,0.9739,1.83717,2.58311,0,0.24706,1.06703,0,0.00172,0.00175,0,0.00234,0,1.09865,2.86412,0.47924,0.76458,0.01335,5.1105,0.33577,0.16856,0.39506,0.45638,3.13829,0.7047,0.54486,0.00146,2.21567,0.00748,0.24706,0.33577,0.7047,0.54486,1.06703,1.12514,1.09865,1.46879,2.21567,0.37094,1.01279
2026-04-07 07:00:00,5.96517,0.00296,0.05812,0.01507,0.00807,0.00204,0.00542,0.00899,0.07274,0.98292,1.87721,2.6168,0,0.24704,1.06693,0,0.00172,0.00175,0,0.00233,0,1.09853,2.99631,0.48184,0.76678,0.01335,5.16874,0.33579,0.16826,0.3954,0.45635,3.14224,0.70469,0.54489,0.00146,2.21545,0.00747,0.24704,0.33579,0.70469,0.54489,1.06693,1.12502,1.09853,1.46859,2.21545,0.37092,1.01195
2026-04-07 08:00:00,5.97756,0.00295,0.05808,0.01504,0.00806,0.00204,0.00542,0.00899,0.07274,0.99207,1.91069,2.67196,0,0.24701,1.06683,0,0.00171,0.00174,0,0.00232,0,1.0984,3.08637,0.48444,0.76897,0.01335,5.22697,0.33579,0.16795,0.39519,0.45628,3.14614,0.70469,0.54491,0.00146,2.21524,0.00746,0.24701,0.33579,0.70469,0.54491,1.06683,1.12489,1.0984,1.46838,2.21524,0.37085,1.01071
2026-04-07 09:00:00,5.98994,0.00295,0.05803,0.01501,0.00806,0.00203,0.00542,0.00899,0.07273,0.99658,1.93488,2.71633,0,0.24699,1.06673,0,0.00171,0.00174,0,0.00231,0,1.09827,3.12371,0.48705,0.77117,0.01335,5.28521,0.3358,0.16765,0.39475,0.45614,3.14998,0.70469,0.54494,0.00146,2.21503,0.00745,0.24699,0.3358,0.70469,0.54494,1.06673,1.12476,1.09827,1.46819,2.21503,0.37072,1.00862
2026-04-07 10:00:00,6.00232,0.00294,0.05798,0.01497,0.00804,0.00203,0.00542,0.00898,0.07271,0.99646,1.9496,2.75622,0,0.24696,1.06664,0,0.00171,0.00174,0,0.0023,0,1.09815,3.14787,0.48965,0.77337,0.01334,5.34344,0.3358,0.16735,0.3942,0.45575,3.15358,0.70468,0.54497,0.00146,2.21483,0.00743,0.24696,0.3358,0.70468,0.54497,1.06664,1.12465,1.09815,1.46798,2.21483,0.37035,1.00446
2026-04-07 11:00:00,6.01471,0.00294,0.05793,0.0149,0.00803,0.00202,0.00542,0.00899,0.07271,0.99641,1.96017,2.78951,0,0.24695,1.06654,0,0.0017,0.00173,0,0.00229,0,1.09802,3.16874,0.49225,0.77556,0.01333,5.40167,0.3358,0.16704,0.39363,0.45524,3.15704,0.70468,0.54499,0.00146,2.21463,0.00742,0.24695,0.3358,0.70468,0.54499,1.06654,1.12453,1.09802,1.46779,2.21463,0.36984,0.99197
2026-04-07 12:00:00,6.02709,0.00293,0.05787,0.01485,0.00802,0.00203,0.00542,0.00899,0.07269,0.9963,1.96668,2.81349,0,0.24692,1.06645,0,0.0017,0.00173,0,0.00228,0,1.09789,3.18881,0.49485,0.77776,0.01333,5.45991,0.3358,0.16674,0.39309,0.45484,3.16062,0.70468,0.54503,0.00146,2.21443,0.00741,0.24692,0.3358,0.70468,0.54503,1.06645,1.12442,1.09789,1.46761,2.21443,0.36945,0.98669
2026-04-07 13:00:00,5.94725,0.00293,0.05783,0.01481,0.00802,0.00203,0.00542,0.009,0.07269,0.98426,1.96574,2.82696,0,0.2469,1.06636,0,0.0017,0.00173,0,0.00227,0,1.09777,3.20867,0.49407,0.77388,0.01333,5.37252,0.3358,0.16477,0.38899,0.45432,3.15421,0.70468,0.54506,0.00146,2.21424,0.0074,0.2469,0.3358,0.70468,0.54506,1.06636,1.1243,1.09777,1.46742,2.21424,0.36894,0.98515
2026-04-07 14:00:00,5.86741,0.00293,0.05778,0.01478,0.00801,0.00203,0.00543,0.009,0.07267,0.96754,1.95749,2.83513,0,0.24687,1.06627,0,0.00169,0.00173,0,0.00226,0,1.09766,3.17393,0.49328,0.77,0.01332,5.28513,0.3358,0.1628,0.38424,0.45373,3.14774,0.70468,0.54507,0.00146,2.21404,0.00738,0.24687,0.3358,0.70468,0.54507,1.06627,1.1242,1.09766,1.46723,2.21404,0.36836,0.98509
2026-04-07 15:00:00,5.78757,0.00293,0.05773,0.01475,0.008,0.00203,0.00543,0.009,0.07267,0.95092,1.943,2.83883,0,0.24685,1.06618,0,0.00169,0.00173,0,0.00225,0,1.09754,3.07103,0.4925,0.76613,0.01332,5.19774,0.3358,0.16084,0.37923,0.45268,3.1408,0.70468,0.54511,0.00146,2.21385,0.00737,0.24685,0.3358,0.70468,0.54511,1.06618,1.12408,1.09754,1.46705,2.21385,0.36731,0.98502
2026-04-07 16:00:00,5.70772,0.00292,0.05768,0.01473,0.00798,0.00203,0.00544,0.00901,0.07265,0.93879,1.9221,2.83491,0,0.24682,1.06609,0,0.00168,0.00172,0,0.00223,0,1.09742,2.95108,0.49172,0.76225,0.01332,5.11034,0.33579,0.15887,0.374,0.45027,3.1325,0.70468,0.54514,0.00146,2.21367,0.00736,0.24682,0.33579,0.70468,0.54514,1.06609,1.12397,1.09742,1.46688,2.21367,0.36491,0.98495
2026-04-07 17:00:00,5.62788,0.00292,0.05763,0.01469,0.00798,0.00203,0.00544,0.00901,0.07264,0.91754,1.90001,2.82363,0,0.2468,1.066,0,0.00168,0.00172,0,0.00222,0,1.09731,2.82687,0.49093,0.75837,0.01332,5.02295,0.33578,0.1569,0.36875,0.4472,3.12355,0.70468,0.54516,0.00146,2.21349,0.00734,0.2468,0.33578,0.70468,0.54516,1.066,1.12387,1.09731,1.46669,2.21349,0.36185,0.98487
2026-04-07 18:00:00,5.54804,0.00292,0.05759,0.01465,0.00797,0.00203,0.00543,0.00901,0.07262,0.90546,1.87449,2.80609,0,0.24677,1.06591,0,0.00167,0.00172,0,0.00221,0,1.09721,2.70159,0.49015,0.75449,0.0133,4.93556,0.33577,0.15493,0.36345,0.44484,3.11529,0.70468,0.5452,0.00146,2.21331,0.00733,0.24677,0.33577,0.70468,0.5452,1.06591,1.12376,1.09721,1.46652,2.21331,0.35949,0.98478
2026-04-07 19:00:00,5.5558,0.00291,0.05754,0.01463,0.00796,0.00204,0.00543,0.00902,0.07261,0.87652,1.85233,2.78257,0,0.24675,1.06583,0,0.00167,0.00172,0,0.0022,0,1.09709,2.57605,0.48856,0.75106,0.0133,4.89155,0.33576,0.1546,0.36277,0.44303,3.11505,0.70467,0.54523,0.00146,2.21313,0.00732,0.24675,0.33576,0.70467,0.54523,1.06583,1.12366,1.09709,1.46634,2.21313,0.35768,0.98468
2026-04-07 20:00:00,5.56356,0.00291,0.0575,0.0146,0.00795,0.00204,0.00542,0.00902,0.07259,0.85694,1.8277,2.75845,0,0.24673,1.06574,0,0.00166,0.00171,0,0.00219,0,1.09698,2.49767,0.48697,0.74764,0.0133,4.84755,0.33574,0.15427,0.36275,0.44198,3.11556,0.70467,0.54524,0.00145,2.21296,0.00731,0.24673,0.33574,0.70467,0.54524,1.06574,1.12355,1.09698,1.46618,2.21296,0.35662,0.98457
2026-04-07 21:00:00,5.57133,0.0029,0.05746,0.01458,0.00795,0.00204,0.00542,0.00902,0.07258,0.83749,1.80407,2.7311,0,0.24671,1.06565,0,0.00166,0.00171,0,0.00218,0,1.09688,2.4783,0.48538,0.74421,0.01329,4.80355,0.33573,0.15395,0.36304,0.4406,3.11573,0.70467,0.54528,0.00145,2.21278,0.0073,0.24671,0.33573,0.70467,0.54528,1.06565,1.12345,1.09688,1.466,2.21278,0.35521,0.98445
2026-04-07 22:00:00,5.57909,0.0029,0.05741,0.01456,0.00794,0.00203,0.00541,0.00902,0.07256,0.81818,1.77812,2.70717,0,0.24668,1.06557,0,0.00166,0.00171,0,0.00217,0,1.09678,2.47369,0.48379,0.74078,0.01329,4.75954,0.33572,0.15362,0.36346,0.43836,3.11504,0.70466,0.54531,0.00145,2.21261,0.00728,0.24668,0.33572,0.70466,0.54531,1.06557,1.12335,1.09678,1.46583,2.21261,0.35295,0.9843
2026-04-07 23:00:00,5.58685,0.00289,0.05737,0.01452,0.00792,0.00203,0.0054,0.00902,0.07256,0.80787,1.75405,2.6808,0,0.24666,1.06549,0,0.00165,0.0017,0,0.00216,0,1.09667,2.47276,0.4822,0.73736,0.01328,4.71553,0.3357,0.15329,0.36394,0.43583,3.11405,0.70466,0.54533,0.00145,2.21244,0.00727,0.24666,0.3357,0.70466,0.54533,1.06549,1.12324,1.09667,1.46566,2.21244,0.35039,0.98414
2026-04-08 00:00:00,5.59461,0.00289,0.05732,0.01449,0.00791,0.00203,0.0054,0.00902,0.07256,0.80624,1.7405,2.65543,0,0.24663,1.06541,0,0.00165,0.0017,0,0.00215,0,1.09657,2.47276,0.48061,0.73393,0.01328,4.67153,0.33569,0.15296,0.36444,0.43384,3.1136,0.70466,0.54537,0.00145,2.21227,0.00726,0.24663,0.33569,0.70466,0.54537,1.06541,1.12315,1.09657,1.46549,2.21227,0.34837,0.98394
2026-04-08 01:00:00,5.68209,0.00288,0.05729,0.01446,0.00791,0.00203,0.00539,0.00902,0.07257,0.83314,1.73328,2.62853,0,0.24661,1.06533,0,0.00165,0.0017,0,0.00214,0,1.09647,2.47298,0.48213,0.73654,0.01374,4.76743,0.33569,0.15382,0.36653,0.4325,3.11761,0.70466,0.54539,0.00145,2.21211,0.00725,0.24661,0.33569,0.70466,0.54539,1.06533,1.12305,1.09647,1.46533,2.21211,0.34701,0.98371
2026-04-08 02:00:00,5.76956,0.00288,0.05725,0.01444,0.0079,0.00203,0.00539,0.00903,0.07256,0.86045,1.73619,2.60457,0,0.24658,1.06525,0,0.00165,0.00169,0,0.00213,0,1.09637,2.52404,0.48365,0.73914,0.01374,4.86333,0.33571,0.15468,0.36903,0.43186,3.12232,0.70466,0.54541,0.00145,2.21193,0.00724,0.24658,0.33571,0.70466,0.54541,1.06525,1.12296,1.09637,1.46517,2.21193,0.34636,0.98344
2026-04-08 03:00:00,5.85704,0.00288,0.05721,0.01441,0.00789,0.00203,0.00539,0.00902,0.07255,0.8974,1.75867,2.59576,0,0.24656,1.06517,0,0.00164,0.00169,0,0.00213,0,1.09627,2.63857,0.48518,0.74175,0.01374,4.95923,0.33577,0.15554,0.37181,0.43117,3.12698,0.70465,0.54545,0.00145,2.21177,0.00723,0.24656,0.33577,0.70465,0.54545,1.06517,1.12286,1.09627,1.46501,2.21177,0.34565,0.9831
2026-04-08 04:00:00,5.94452,0.00288,0.05716,0.01437,0.00788,0.00204,0.00539,0.00902,0.07255,0.92588,1.79364,2.58668,0,0.24654,1.06509,0,0.00164,0.00168,0,0.00212,0,1.09618,2.76897,0.4867,0.74435,0.01373,5.05513,0.33582,0.1564,0.37468,0.43039,3.13156,0.70465,0.54548,0.00145,2.21161,0.00721,0.24654,0.33582,0.70465,0.54548,1.06509,1.12276,1.09618,1.46485,2.21161,0.34486,0.98268
2026-04-08 05:00:00,6.03199,0.00287,0.05712,0.0143,0.00786,0.00203,0.00539,0.00902,0.07253,0.95956,1.83893,2.58767,0,0.24652,1.06502,0,0.00164,0.00168,0,0.00211,0,1.09608,2.90334,0.48822,0.74696,0.01373,5.15103,0.33585,0.15726,0.3776,0.42966,3.13619,0.70465,0.54551,0.00145,2.21145,0.0072,0.24652,0.33585,0.70465,0.54551,1.06502,1.12267,1.09608,1.46468,2.21145,0.34413,0.98215
2026-04-08 06:00:00,6.11947,0.00287,0.05708,0.01424,0.00786,0.00204,0.00538,0.00901,0.07252,0.97974,1.88244,2.61148,0,0.24649,1.06493,0,0.00164,0.00167,0,0.0021,0,1.09598,3.0387,0.48974,0.74956,0.01373,5.24693,0.33588,0.15812,0.38055,0.42905,3.14095,0.70465,0.54554,0.00145,2.21129,0.00719,0.24649,0.33588,0.70465,0.54554,1.06493,1.12257,1.09598,1.46454,2.21129,0.34352,0.98143
2026-04-08 07:00:00,6.12889,0.00287,0.05704,0.0142,0.00785,0.00204,0.00538,0.00902,0.0725,0.98912,1.92714,2.64661,0,0.24647,1.06486,0,0.00164,0.00167,0,0.00209,0,1.09588,3.1743,0.49167,0.75201,0.01373,5.30076,0.3359,0.15788,0.38072,0.42861,3.14152,0.70465,0.54556,0.00145,2.21113,0.00718,0.24647,0.3359,0.70465,0.54556,1.06486,1.12249,1.09588,1.46438,2.21113,0.34308,0.98042
2026-04-08 08:00:00,6.1383,0.00286,0.057,0.01417,0.00784,0.00204,0.00537,0.00902,0.07248,0.99847,1.95952,2.69143,0,0.24644,1.06479,0,0.00163,0.00166,0,0.00208,0,1.0958,3.2644,0.4936,0.75446,0.01374,5.35458,0.33591,0.15764,0.3804,0.42831,3.14222,0.70464,0.54559,0.00145,2.21098,0.00717,0.24644,0.33591,0.70464,0.54559,1.06479,1.12239,1.0958,1.46424,2.21098,0.34278,0.97891
2026-04-08 09:00:00,6.14772,0.00286,0.05696,0.01415,0.00783,0.00204,0.00538,0.00901,0.07246,1.00315,1.983,2.73426,0,0.24642,1.06472,0,0.00163,0.00166,0,0.00207,0,1.0957,3.29756,0.49553,0.75691,0.01374,5.40841,0.33592,0.1574,0.37986,0.42785,3.14278,0.70464,0.54562,0.00145,2.21083,0.00716,0.24642,0.33592,0.70464,0.54562,1.06472,1.12231,1.0957,1.46409,2.21083,0.34233,0.9764
2026-04-08 10:00:00,6.15714,0.00285,0.05691,0.01412,0.00783,0.00204,0.00538,0.00902,0.07245,1.00301,1.99666,2.77821,0,0.24639,1.06464,0,0.00163,0.00166,0,0.00206,0,1.09561,3.31648,0.49745,0.75936,0.01374,5.46223,0.33593,0.15717,0.37927,0.42695,3.14289,0.70464,0.54565,0.00145,2.21068,0.00714,0.24639,0.33593,0.70464,0.54565,1.06464,1.12221,1.09561,1.46396,2.21068,0.34144,0.97136
2026-04-08 11:00:00,6.16655,0.00285,0.05687,0.01408,0.00782,0.00204,0.00537,0.00902,0.07244,1.00274,2.00617,2.80982,0,0.24637,1.06457,0,0.00162,0.00165,0,0.00205,0,1.09551,3.33188,0.49938,0.76181,0.01374,5.51606,0.33594,0.15693,0.37863,0.42584,3.14282,0.70464,0.54568,0.00145,2.21053,0.00713,0.24637,0.33594,0.70464,0.54568,1.06457,1.12212,1.09551,1.46382,2.21053,0.34036,0.95627
2026-04-08 12:00:00,6.17597,0.00284,0.05683,0.01405,0.00781,0.00204,0.00538,0.00901,0.07243,1.00243,2.0116,2.83252,0,0.24634,1.0645,0,0.00162,0.00165,0,0.00204,0,1.09543,3.34633,0.50131,0.76426,0.01375,5.56988,0.33595,0.15669,0.37793,0.42498,3.14298,0.70464,0.54571,0.00145,2.21039,0.00712,0.24634,0.33595,0.70464,0.54571,1.0645,1.12204,1.09543,1.46369,2.21039,0.33952,0.95217
2026-04-08 13:00:00,6.09333,0.00284,0.05679,0.01402,0.0078,0.00205,0.00537,0.00902,0.07242,0.98947,2.00386,2.84463,0,0.24633,1.06442,0,0.00162,0.00165,0,0.00203,0,1.09534,3.36062,0.50011,0.76106,0.01375,5.4781,0.33595,0.15486,0.37411,0.42418,3.134,0.70464,0.54573,0.00145,2.21025,0.00711,0.24633,0.33595,0.70464,0.54573,1.06442,1.12195,1.09534,1.46356,2.21025,0.33874,0.94404
2026-04-08 14:00:00,6.01068,0.00284,0.05676,0.014,0.00781,0.00205,0.00537,0.00903,0.07242,0.97184,1.9924,2.85156,0,0.2463,1.06435,0,0.00161,0.00165,0,0.00202,0,1.09525,3.32131,0.49891,0.75786,0.01375,5.38632,0.33595,0.15303,0.36959,0.42353,3.12517,0.70464,0.54576,0.00145,2.21012,0.00709,0.2463,0.33595,0.70464,0.54576,1.06435,1.12187,1.09525,1.46343,2.21012,0.3381,0.94404
2026-04-08 15:00:00,5.92804,0.00284,0.05671,0.01398,0.0078,0.00204,0.00536,0.00903,0.07241,0.95439,1.97563,2.85402,0,0.24628,1.06428,0,0.0016,0.00164,0,0.00201,0,1.09517,3.21511,0.49771,0.75466,0.01374,5.29454,0.33595,0.1512,0.36478,0.42247,3.11592,0.70463,0.54579,0.00145,2.20997,0.00708,0.24628,0.33595,0.70463,0.54579,1.06428,1.12178,1.09517,1.4633,2.20997,0.33705,0.94404
2026-04-08 16:00:00,5.8454,0.00283,0.05667,0.01395,0.0078,0.00204,0.00536,0.00903,0.0724,0.94182,1.95285,2.84326,0,0.24626,1.06421,0,0.0016,0.00164,0,0.00199,0,1.09508,3.0922,0.49651,0.75146,0.01374,5.20276,0.33595,0.14937,0.35982,0.4203,3.10556,0.70463,0.54583,0.00145,2.20984,0.00707,0.24626,0.33595,0.70463,0.54583,1.06421,1.12171,1.09508,1.46318,2.20984,0.33488,0.94404
2026-04-08 17:00:00,5.76275,0.00283,0.05663,0.01391,0.00779,0.00203,0.00536,0.00904,0.07239,0.91983,1.93177,2.82873,0,0.24623,1.06414,0,0.0016,0.00164,0,0.00198,0,1.095,2.9651,0.49531,0.74826,0.01373,5.11098,0.33595,0.14754,0.35486,0.41761,3.09468,0.70463,0.54585,0.00145,2.20971,0.00705,0.24623,0.33595,0.70463,0.54585,1.06414,1.12162,1.095,1.46305,2.20971,0.33219,0.94404
2026-04-08 18:00:00,5.68011,0.00283,0.05659,0.01388,0.00779,0.00204,0.00535,0.00904,0.07239,0.90761,1.90625,2.80887,0,0.24621,1.06408,0,0.00159,0.00164,0,0.00197,0,1.09491,2.83695,0.49411,0.74506,0.01373,5.0192,0.33594,0.14571,0.34981,0.41552,3.08439,0.70463,0.54587,0.00145,2.20959,0.00704,0.24621,0.33594,0.70463,0.54587,1.06408,1.12153,1.09491,1.46293,2.20959,0.3301,0.94404
2026-04-08 19:00:00,5.68318,0.00282,0.05655,0.01386,0.00778,0.00204,0.00535,0.00904,0.07238,0.87806,1.88316,2.78341,0,0.24618,1.06401,0,0.00159,0.00164,0,0.00196,0,1.09484,2.70855,0.49257,0.74159,0.01373,4.97249,0.33592,0.14494,0.34827,0.41392,3.08063,0.70462,0.54591,0.00145,2.20946,0.00703,0.24618,0.33592,0.70462,0.54591,1.06401,1.12146,1.09484,1.4628,2.20946,0.32849,0.94404
2026-04-08 20:00:00,5.68625,0.00282,0.05651,0.01384,0.00777,0.00205,0.00533,0.00905,0.07238,0.85827,1.85718,2.7602,0,0.24616,1.06394,0,0.00159,0.00163,0,0.00195,0,1.09475,2.62693,0.49104,0.73812,0.01372,4.92579,0.33591,0.14416,0.34718,0.41296,3.0775,0.70462,0.54593,0.00145,2.20934,0.00702,0.24616,0.33591,0.70462,0.54593,1.06394,1.12137,1.09475,1.46268,2.20934,0.32751,0.94404
2026-04-08 21:00:00,5.68932,0.00281,0.05647,0.01382,0.00775,0.00205,0.00533,0.00905,0.07236,0.8388,1.83224,2.73274,0,0.24613,1.06388,0,0.00159,0.00163,0,0.00195,0,1.09467,2.60385,0.4895,0.73465,0.01372,4.87908,0.3359,0.14339,0.34626,0.41164,3.07402,0.70462,0.54596,0.00145,2.20922,0.00701,0.24613,0.3359,0.70462,0.54596,1.06388,1.1213,1.09467,1.46256,2.20922,0.32617,0.94404
2026-04-08 22:00:00,5.69238,0.0028,0.05642,0.0138,0.00775,0.00205,0.00532,0.00904,0.07235,0.81965,1.80489,2.70777,0,0.24612,1.0638,0,0.00158,0.00163,0,0.00194,0,1.09459,2.59541,0.48796,0.73117,0.01371,4.83237,0.33589,0.14261,0.34543,0.40944,3.06962,0.70461,0.546,0.00145,2.20909,0.00699,0.24612,0.33589,0.70461,0.546,1.0638,1.12121,1.09459,1.46244,2.20909,0.32394,0.94404
2026-04-08 23:00:00,5.69545,0.0028,0.05638,0.01376,0.00773,0.00205,0.00532,0.00905,0.07234,0.80951,1.77965,2.67993,0,0.24609,1.06374,0,0.00158,0.00162,0,0.00193,0,1.09451,2.59063,0.48643,0.7277,0.01371,4.78567,0.33589,0.14184,0.34467,0.40689,3.0649,0.70461,0.54602,0.00145,2.20897,0.00698,0.24609,0.33589,0.70461,0.54602,1.06374,1.12113,1.09451,1.46232,2.20897,0.32136,0.94404
2026-04-09 00:00:00,5.69852,0.00279,0.05634,0.01373,0.00772,0.00204,0.00532,0.00905,0.07231,0.80806,1.76537,2.65313,0,0.24607,1.06368,0,0.00158,0.00162,0,0.00192,0,1.09443,2.58676,0.48489,0.72423,0.0137,4.73896,0.33588,0.14106,0.3439,0.40488,3.06071,0.70461,0.54604,0.00145,2.20885,0.00697,0.24607,0.33588,0.70461,0.54604,1.06368,1.12106,1.09443,1.4622,2.20885,0.31933,0.94404
2026-04-09 01:00:00,5.72692,0.00279,0.0563,0.0137,0.00771,0.00205,0.00532,0.00904,0.07229,0.83452,1.75734,2.62471,0,0.24604,1.06361,0,0.00158,0.00162,0,0.00191,0,1.09435,2.58312,0.48604,0.72657,0.01416,4.83342,0.33587,0.14202,0.34595,0.40351,3.06339,0.70461,0.54608,0.00145,2.20873,0.00696,0.24604,0.33587,0.70461,0.54608,1.06361,1.12098,1.09435,1.46208,2.20873,0.31793,0.94404
2026-04-09 02:00:00,5.75531,0.00278,0.05627,0.01368,0.00771,0.00205,0.00532,0.00905,0.07227,0.86136,1.75953,2.59943,0,0.24602,1.06355,0,0.00157,0.00161,0,0.0019,0,1.09428,2.63059,0.48718,0.72891,0.01416,4.92789,0.33589,0.14298,0.3487,0.40283,3.06677,0.70461,0.54611,0.00145,2.20862,0.00695,0.24602,0.33589,0.70461,0.54611,1.06355,1.12091,1.09428,1.46196,2.20862,0.31723,0.94404
2026-04-09 03:00:00,5.78371,0.00277,0.05623,0.01365,0.0077,0.00205,0.00532,0.00905,0.07227,0.89729,1.78101,2.58545,0,0.24599,1.06349,0,0.00157,0.0016,0,0.00189,0,1.0942,2.74189,0.48833,0.73125,0.01415,5.02235,0.33595,0.14395,0.35179,0.40204,3.07006,0.7046,0.54614,0.00145,2.20849,0.00694,0.24599,0.33595,0.7046,0.54614,1.06349,1.12083,1.0942,1.46184,2.20849,0.31642,0.94404
2026-04-09 04:00:00,5.81211,0.00277,0.05618,0.01361,0.0077,0.00204,0.00532,0.00905,0.07225,0.92471,1.81456,2.57784,0,0.24597,1.06342,0,0.00157,0.0016,0,0.00188,0,1.09412,2.86915,0.48948,0.73358,0.01415,5.11681,0.336,0.14491,0.35501,0.40106,3.07313,0.7046,0.54617,0.00145,2.20837,0.00693,0.24597,0.336,0.7046,0.54617,1.06342,1.12076,1.09412,1.46172,2.20837,0.31542,0.94404
2026-04-09 05:00:00,5.8405,0.00276,0.05614,0.01354,0.00769,0.00204,0.00533,0.00904,0.07225,0.95691,1.86444,2.58048,0,0.24594,1.06335,0,0.00156,0.0016,0,0.00187,0,1.09404,3.00039,0.49062,0.73592,0.01415,5.21128,0.33603,0.14587,0.35833,0.40005,3.07619,0.7046,0.54619,0.00145,2.20825,0.00692,0.24594,0.33603,0.7046,0.54619,1.06335,1.12068,1.09404,1.46162,2.20825,0.3144,0.94404
2026-04-09 06:00:00,5.8689,0.00276,0.0561,0.01348,0.00768,0.00204,0.00533,0.00905,0.07223,0.97578,1.90598,2.60243,0,0.24592,1.06329,0,0.00156,0.00159,0,0.00186,0,1.09398,3.13263,0.49177,0.73826,0.01414,5.30574,0.33606,0.14683,0.36164,0.39924,3.07945,0.7046,0.54622,0.00145,2.20814,0.00691,0.24592,0.33606,0.7046,0.54622,1.06329,1.1206,1.09398,1.4615,2.20814,0.31358,0.94404
2026-04-09 07:00:00,5.91909,0.00275,0.05606,0.01344,0.00769,0.00204,0.00533,0.00906,0.07222,0.98414,1.94083,2.63608,0,0.24591,1.06323,0,0.00156,0.00159,0,0.00185,0,1.0939,3.26512,0.49365,0.741,0.01414,5.36081,0.33607,0.1468,0.36231,0.39868,3.0795,0.7046,0.54625,0.00145,2.20803,0.0069,0.24591,0.33607,0.7046,0.54625,1.06323,1.12053,1.0939,1.46139,2.20803,0.31302,0.94404
2026-04-09 08:00:00,5.96928,0.00275,0.05602,0.01341,0.00768,0.00205,0.00533,0.00905,0.07221,0.99264,1.97096,2.68558,0,0.24588,1.06316,0,0.00155,0.00159,0,0.00184,0,1.09383,3.35329,0.49553,0.74374,0.01414,5.41589,0.33609,0.14678,0.36259,0.39835,3.07979,0.70459,0.54628,0.00145,2.20791,0.00689,0.24588,0.33609,0.70459,0.54628,1.06316,1.12046,1.09383,1.46129,2.20791,0.31269,0.94404
2026-04-09 09:00:00,6.01947,0.00274,0.05598,0.01339,0.00767,0.00205,0.00533,0.00906,0.07221,0.99648,1.99231,2.72658,0,0.24586,1.06311,0,0.00155,0.00159,0,0.00184,0,1.09376,3.38601,0.4974,0.74648,0.01414,5.47096,0.3361,0.14675,0.36268,0.3979,3.07996,0.70459,0.5463,0.00145,2.2078,0.00688,0.24586,0.3361,0.70459,0.5463,1.06311,1.12039,1.09376,1.46119,2.2078,0.31225,0.94404
2026-04-09 10:00:00,6.06965,0.00274,0.05594,0.01336,0.00766,0.00205,0.00533,0.00907,0.0722,0.9957,2.0041,2.76083,0,0.24583,1.06305,0,0.00155,0.00158,0,0.00183,0,1.09368,3.40487,0.49928,0.74922,0.01414,5.52603,0.33611,0.14672,0.36262,0.39714,3.07983,0.70459,0.54634,0.00145,2.2077,0.00686,0.24583,0.33611,0.70459,0.54634,1.06305,1.12031,1.09368,1.46108,2.2077,0.31151,0.94404
2026-04-09 11:00:00,6.11984,0.00274,0.0559,0.01332,0.00766,0.00205,0.00533,0.00906,0.0722,0.99499,2.01179,2.79034,0,0.24581,1.06298,0,0.00154,0.00158,0,0.00182,0,1.09361,3.42026,0.50116,0.75196,0.01413,5.58111,0.33612,0.1467,0.3626,0.39626,3.07959,0.70459,0.54636,0.00145,2.20759,0.00685,0.24581,0.33612,0.70459,0.54636,1.06298,1.12025,1.09361,1.46098,2.20759,0.31065,0.94404
2026-04-09 12:00:00,6.17003,0.00274,0.05586,0.01329,0.00765,0.00205,0.00533,0.00907,0.07218,0.99424,2.01544,2.81107,0,0.24578,1.06292,0,0.00154,0.00158,0,0.00181,0,1.09354,3.43478,0.50304,0.7547,0.01413,5.63618,0.33612,0.14667,0.36253,0.39557,3.07953,0.70459,0.54639,0.00145,2.20749,0.00684,0.24578,0.33612,0.70459,0.54639,1.06292,1.12017,1.09354,1.4609,2.20749,0.30998,0.94413
