GMT,FRAC1,LTDC1,HIDC1,BHNC1,MPAC1,OWCC1,BNCC1,BCKC1,MEEC1,HPIC1,POHC1,EXQC1,DSNC1,STVC1,NWMC1,LGCC1,WARC1,LGAC1,PNEC1,LBDC1,OREC1,PATC1,HETC1,LNRC1,CHVC1F,DCMC1,NDPC1,MDSC1,NDVC1,NSWC1,AVYC1,NMSC1,OBBC1,RIPC1,PTTC1,VNSC1,KNFC1L,STVC1,MDSC1,OBBC1,RIPC1,NWMC1,CRDC1,PATC1,MZRC1,VNSC1,AVYC1L,NDPC1L
,QINE,QINE,QINE,QINE,QINE,QINE,QINE,QINE,QINE,QINE,QINE,QINE,QINE,QINE,QINE,QINE,QINE,QINE,QINE,QINE,QINE,QINE,QINE,QINE,QINE,QINE,QINE,QINE,QINE,QINE,QINE,QINE,QINE,QINE,QINE,QINE,QINE,QINE,QINE,QINE,QINE,QINE,QINE,QINE,QINE,QINE,SQIN,SQIN
2026-01-17 12:00:00,2.27727,0,0.07131,0.05659,0.027,0.007,0.01,0.011,0.05001,0.24035,0.52882,0.52537,0.00655,1.12012,1.86546,0.00139,0.00716,0.00878,0,-0.00177,0.00001,1.89521,0.59762,0.22803,0.35408,0.024,1.42341,0.3438,0.09198,0.19482,0.56306,1.40665,0.31504,0.27936,0.00236,2.57205,0.05437,1.12012,0.3438,0.31504,0.27936,1.86546,1.95006,1.89521,2.39513,2.57205,0.27468,0.83515
2026-01-17 13:00:00,2.18286,0,0.07134,0.04851,0.027,0.007,0.01,0.011,0.05001,0.23759,0.52882,0.57964,0.00655,1.12012,1.8612,0.00139,0.00715,0.00875,0,0.00883,0.00001,1.89521,0.63626,0.20805,0.47914,0.025,1.49812,0.3438,0.08954,0.20162,0.55206,1.45752,0.31504,0.27936,0.00236,2.56395,0.0542,1.12012,0.3438,0.31504,0.27936,1.8612,1.94524,1.89521,2.39165,2.56395,0.27419,0.84236
2026-01-17 14:00:00,2.11989,0,0.07128,0.04851,0.027,0.007,0.01,0.011,0.05001,0.23484,0.52882,0.68565,0.00655,1.12313,1.85695,0.00139,0.00713,0.00865,0,0.01236,0.00001,1.89521,0.65565,0.20791,0.46871,0.026,1.57284,0.34124,0.08893,0.1598,0.56306,1.50819,0.31103,0.27936,0.00236,2.56395,0.05404,1.12313,0.34124,0.31103,0.27936,1.85695,1.94524,1.89521,2.38819,2.56395,0.27384,0.82051
2026-01-17 15:00:00,2.08873,0,0.07125,0.04042,0.027,0.007,0.01,0.011,0.05001,0.23484,0.52475,0.84419,0.00655,1.12012,1.8612,0.00139,0.00712,0.00864,0,0.00706,0.00001,1.89521,0.65579,0.19781,0.35073,0.026,1.64756,0.34124,0.08755,0.15489,0.55606,1.55837,0.31504,0.27936,0.00236,2.56395,0.05387,1.12012,0.34124,0.31504,0.27936,1.8612,1.94524,1.89521,2.38481,2.56395,0.2733,0.81323
2026-01-17 16:00:00,1.99434,0,0.07828,0.04142,0.027,0.007,0.01,0.011,0.05001,0.22939,0.51664,1.16032,0.00655,1.12313,1.8612,0.00139,0.00711,0.00863,0,0.00177,0.00001,1.89521,0.67439,0.17738,0.36622,0.027,1.69407,0.34124,0.08824,0.17028,0.54906,1.60781,0.31504,0.27785,0.00236,2.56395,0.0537,1.12313,0.34124,0.31504,0.27785,1.8612,1.94042,1.89521,2.38152,2.56395,0.27226,0.80959
2026-01-17 17:00:00,1.93156,0,0.07825,0.04242,0.027,0.007,0.01,0.011,0.05001,0.224,0.52069,1.47651,0.00655,1.12012,1.8612,0.00149,0.00709,0.00862,0,0.0053,0.00001,1.89021,0.6938,0.18498,0.45776,0.028,1.74057,0.3438,0.08623,0.18752,0.55206,1.65671,0.31103,0.27785,0.00236,2.56395,0.05354,1.12012,0.3438,0.31103,0.27785,1.8612,1.94042,1.89021,2.37823,2.56395,0.271,0.8074
2026-01-17 18:00:00,1.93184,0,0.07122,0.04242,0.027,0.007,0.01,0.01,0.04808,0.22669,0.51261,1.68668,0.00655,1.12613,1.8612,0.00149,0.00708,0.00861,0,0.00883,0.00001,1.88621,0.67457,0.19442,0.42622,0.029,1.78708,0.3438,0.0845,0.19735,0.54206,1.70548,0.31103,0.27785,0.00236,2.56395,0.05337,1.12613,0.3438,0.31103,0.27785,1.8612,1.94042,1.88621,2.37493,2.56395,0.27001,0.80595
2026-01-17 19:00:00,1.93167,0,0.07122,0.04242,0.027,0.007,0.01,0.01,0.04808,0.22669,0.51261,1.89685,0.00655,1.12613,1.85695,0.00149,0.00707,0.00858,0,0,0.00001,1.89021,0.63523,0.1954,0.30167,0.03,1.83359,0.3438,0.08727,0.20227,0.53806,1.75127,0.31103,0.27785,0.00236,2.55585,0.05321,1.12613,0.3438,0.31103,0.27785,1.85695,1.93561,1.89021,2.3717,2.55585,0.26927,0.80491
2026-01-17 20:00:00,1.83713,0,0.07122,0.04242,0.027,0.007,0.01,0.01,0.04808,0.2321,0.5086,2.16094,0.00655,1.12012,1.85695,0.00149,0.00706,0.0085,0,-0.00883,0.00001,1.88621,0.59684,0.19528,0.3142,0.031,1.88009,0.3438,0.08828,0.21395,0.53506,1.79711,0.31103,0.27634,0.00236,2.55585,0.05304,1.12012,0.3438,0.31103,0.27634,1.85695,1.94042,1.88621,2.36861,2.55585,0.26884,0.80413
2026-01-17 21:00:00,1.67995,0,0.07122,0.05051,0.027,0.007,0.01,0.01,0.04808,0.2321,0.51261,2.26649,0.00655,1.12313,1.85271,0.00149,0.00705,0.00857,0,-0.00883,0.00001,1.88121,0.59715,0.20419,0.43342,0.03,1.9266,0.34637,0.0862,0.20842,0.53506,1.8426,0.31103,0.27634,0.00236,2.55585,0.05288,1.12313,0.34637,0.31103,0.27634,1.85271,1.94042,1.88121,2.36566,2.55585,0.26827,0.80352
2026-01-17 22:00:00,1.61715,0,0.06421,0.04951,0.026,0.006,0.01,0.01,0.05001,0.23759,0.5086,2.00235,0.00655,1.11712,1.85695,0.00149,0.00703,0.00856,0,-0.00706,0.00001,1.88121,0.59724,0.21324,0.41177,0.032,1.9531,0.34637,0.08719,0.19367,0.53506,1.88752,0.31103,0.27634,0.00236,2.55585,0.05272,1.11712,0.34637,0.31103,0.27634,1.85695,1.9308,1.88121,2.36276,2.55585,0.26736,0.80303
2026-01-17 23:00:00,1.61745,0,0.06427,0.05659,0.026,0.006,0.01,0.01,0.04808,0.2321,0.5046,1.68541,0.00655,1.12613,1.85271,0.00149,0.00702,0.00855,0,-0.00883,0.00001,1.88121,0.57777,0.20405,0.31423,0.033,1.9796,0.34895,0.08783,0.18385,0.54206,1.93207,0.31103,0.27634,0.00236,2.55585,0.05255,1.12613,0.34895,0.31103,0.27634,1.85271,1.93561,1.88121,2.35992,2.55585,0.26631,0.80264
2026-01-18 00:00:00,1.61732,0,0.07128,0.06467,0.026,0.006,0.01,0.01,0.04808,0.22939,0.5086,1.5275,0.00655,1.12613,1.85695,0.00139,0.00701,0.00853,0,-0.00883,0.00001,1.88121,0.53981,0.18479,0.31992,0.033,2.0061,0.34895,0.08753,0.18017,0.53106,1.9766,0.31103,0.27634,0.00236,2.55585,0.05239,1.12613,0.34895,0.31103,0.27634,1.85695,1.93561,1.88121,2.35722,2.55585,0.26549,0.80231
2026-01-18 01:00:00,1.55425,0,0.07125,0.06467,0.025,0.006,0.01,0.01,0.04808,0.2321,0.5086,1.26442,0.00655,1.12613,1.85271,0.00139,0.007,0.00852,0,-0.00706,0.00001,1.87721,0.53981,0.19314,0.411,0.033,2.03259,0.34895,0.08868,0.17831,0.53106,1.91213,0.31103,0.27634,0.00236,2.54777,0.05223,1.12613,0.34895,0.31103,0.27634,1.85271,1.9308,1.87721,2.35463,2.54777,0.26496,0.80203
2026-01-18 02:00:00,1.58587,0,0.07139,0.06567,0.024,0.006,0.01,0.01,0.04808,0.2321,0.51261,0.89458,0.00655,1.12613,1.85271,0.00129,0.00699,0.00851,0,0,0.00001,1.87721,0.53971,0.21121,0.39662,0.033,2.05909,0.34895,0.08863,0.18078,0.53806,1.84772,0.30703,0.27634,0.00215,2.54777,0.05207,1.12613,0.34895,0.30703,0.27634,1.85271,1.9308,1.87721,2.3522,2.54777,0.26474,0.80179
2026-01-18 03:00:00,1.71158,0,0.07145,0.07476,0.024,0.006,0.01,0.01,0.04808,0.23759,0.5046,0.62965,0.00655,1.12613,1.85271,0.00129,0.00698,0.00849,0,0.0106,0.00001,1.87721,0.52009,0.21101,0.3294,0.033,2.08559,0.34895,0.08936,0.18202,0.52106,1.78308,0.31103,0.27634,0.00215,2.5397,0.05191,1.12613,0.34895,0.31103,0.27634,1.85271,1.9308,1.87721,2.34992,2.5397,0.26454,0.80158
2026-01-18 04:00:00,1.77485,0,0.0784,0.07476,0.024,0.006,0.01,0.01,0.04808,0.23484,0.5086,0.57709,0.00633,1.12313,1.85695,0.00129,0.00696,0.0085,0,0.01413,0.00001,1.88121,0.53988,0.21121,0.39131,0.033,2.11209,0.35153,0.09003,0.19247,0.53106,1.71823,0.31103,0.27483,0.00215,2.5397,0.05175,1.12313,0.35153,0.31103,0.27483,1.85695,1.9308,1.88121,2.34766,2.5397,0.26444,0.8014
2026-01-18 05:00:00,1.82981,0,0.08534,0.05859,0.024,0.006,0.01,0.01,0.04622,0.23484,0.5086,0.5781,0.00633,1.12313,1.85271,0.00129,0.00695,0.00857,0,0.02122,0.00001,1.87721,0.57915,0.19175,0.50283,0.032,2.13859,0.34895,0.0914,0.2023,0.52406,1.65321,0.31103,0.27634,0.00215,2.5397,0.05159,1.12313,0.34895,0.31103,0.27634,1.85271,1.92598,1.87721,2.34543,2.5397,0.26444,0.80124
2026-01-18 06:00:00,1.93261,0,0.07828,0.05051,0.024,0.006,0.01,0.01,0.04622,0.23759,0.5086,0.52416,0.00633,1.13013,1.85271,0.00119,0.00694,0.00856,0,0.02243,0.00001,1.87721,0.637,0.17135,0.50878,0.032,2.16509,0.35153,0.08934,0.2035,0.53506,1.58789,0.31103,0.27483,0.00215,2.5397,0.05143,1.13013,0.35153,0.31103,0.27483,1.85271,1.9308,1.87721,2.34327,2.5397,0.26441,0.80109
2026-01-18 07:00:00,2.12373,0,0.07139,0.05051,0.024,0.006,0.01,0.01,0.04622,0.23759,0.51261,0.52184,0.00633,1.12313,1.85271,0.00129,0.00693,0.00855,0,0.01772,0.00001,1.87721,0.63769,0.16046,0.43614,0.032,2.19158,0.34895,0.08828,0.18567,0.53506,1.5097,0.31103,0.27483,0.00236,2.53164,0.05127,1.12313,0.34895,0.31103,0.27483,1.85271,1.9308,1.87721,2.34121,2.53164,0.26439,0.80096
2026-01-18 08:00:00,2.28338,0,0.07133,0.05759,0.024,0.006,0.01,0.01,0.04622,0.23484,0.51664,0.5203,0.00633,1.12613,1.84847,0.00119,0.00692,0.00853,0,0.01301,0.00001,1.87221,0.6753,0.14048,0.4508,0.031,2.21808,0.34895,0.08934,0.16845,0.54206,1.43176,0.31103,0.27483,0.00236,2.53164,0.05112,1.12613,0.34895,0.31103,0.27483,1.84847,1.92598,1.87221,2.33918,2.53164,0.26434,0.80085
2026-01-18 09:00:00,2.31934,0,0.07122,0.05659,0.024,0.006,0.009,0.01,0.04622,0.23759,0.51261,0.51928,0.00633,1.13013,1.84847,0.00129,0.00691,0.00852,0,0.00712,0.00001,1.87721,0.69453,0.11142,0.55387,0.031,2.24458,0.34895,0.08964,0.17399,0.54206,1.35401,0.31103,0.27483,0.00215,2.5236,0.05096,1.13013,0.34895,0.31103,0.27483,1.84847,1.9308,1.87721,2.33719,2.5236,0.26423,0.80075
2026-01-18 10:00:00,2.32419,0,0.07128,0.04851,0.024,0.006,0.009,0.01,0.04622,0.23484,0.51664,0.57058,0.00633,1.12313,1.84423,0.00129,0.00689,0.00851,0,0.00359,0.00001,1.87221,0.63683,0.08236,0.51634,0.031,2.19797,0.34895,0.08899,0.15059,0.54206,1.27638,0.31103,0.27483,0.00215,2.5236,0.0508,1.12313,0.34895,0.31103,0.27483,1.84423,1.92598,1.87221,2.33523,2.5236,0.26392,0.80065
2026-01-18 11:00:00,2.30438,0,0.06427,0.05659,0.024,0.006,0.009,0.01,0.04622,0.24035,0.52069,0.62186,0.00633,1.12613,1.84847,0.00119,0.00688,0.00848,0,-0.0035,0.00001,1.87221,0.67477,0.082,0.41164,0.031,2.15136,0.34895,0.08763,0.14073,0.54506,1.19896,0.31103,0.27483,0.00215,2.5236,0.05065,1.12613,0.34895,0.31103,0.27483,1.84847,1.9308,1.87221,2.33323,2.5236,0.2635,0.80057
2026-01-18 12:00:00,2.26798,0,0.0643,0.05659,0.024,0.006,0.009,0.01,0.04622,0.23759,0.52069,0.56998,0.00655,1.12012,1.84847,0.00129,0.00687,0.00839,0,-0.00471,0.00001,1.87221,0.69331,0.10123,0.44239,0.031,2.10475,0.34895,0.08518,0.15059,0.53806,1.12187,0.31103,0.27483,0.00215,2.51556,0.05049,1.12012,0.34895,0.31103,0.27483,1.84847,1.92598,1.87221,2.33129,2.51556,0.26319,0.79509
2026-01-18 13:00:00,2.23783,0,0.07122,0.04851,0.024,0.006,0.009,0.01,0.04622,0.23484,0.52069,0.62275,0.00655,1.12613,1.84423,0.00129,0.00686,0.00836,0,0,0.00001,1.87221,0.61621,0.09269,0.55178,0.031,2.05814,0.34895,0.08515,0.16536,0.54506,1.09377,0.31103,0.27483,0.00215,2.5236,0.05034,1.12613,0.34895,0.31103,0.27483,1.84423,1.92598,1.87221,2.32941,2.5236,0.26287,0.77976
2026-01-18 14:00:00,2.17659,0,0.06415,0.04142,0.024,0.006,0.009,0.01,0.04622,0.23484,0.52069,0.77953,0.00655,1.12313,1.84847,0.00129,0.00685,0.00826,0,0.00294,0.00001,1.87221,0.57872,0.06461,0.56329,0.03,2.01153,0.34895,0.08449,0.18072,0.53506,1.06584,0.31504,0.27483,0.00215,2.51556,0.05018,1.12313,0.34895,0.31504,0.27483,1.84847,1.92118,1.87221,2.32758,2.51556,0.26257,0.76635
2026-01-18 15:00:00,2.17659,0,0.05721,0.04242,0.024,0.006,0.009,0.01,0.04622,0.23484,0.51664,0.8838,0.00633,1.12313,1.84423,0.00129,0.00684,0.00825,0,-0.00177,0.00001,1.87221,0.61763,0.07285,0.44069,0.03,1.96492,0.34895,0.08455,0.17702,0.54206,1.03796,0.31103,0.27483,0.00215,2.51556,0.05003,1.12313,0.34895,0.31103,0.27483,1.84423,1.92118,1.87221,2.32581,2.51556,0.26208,0.76188
2026-01-18 16:00:00,2.17676,0,0.05721,0.05051,0.024,0.006,0.009,0.01,0.04622,0.2321,0.51261,1.04021,0.00633,1.12613,1.83998,0.00129,0.00682,0.00824,0,-0.00353,0.00001,1.87221,0.63696,0.08139,0.44201,0.03,1.93395,0.34637,0.08382,0.18749,0.54906,1.00992,0.31103,0.27483,0.00215,2.51556,0.04988,1.12613,0.34637,0.31103,0.27483,1.83998,1.92118,1.87221,2.32408,2.51556,0.26101,0.75964
2026-01-18 17:00:00,2.11598,0,0.06436,0.05051,0.024,0.006,0.009,0.01,0.04443,0.2321,0.51261,1.35335,0.00633,1.12613,1.83998,0.00129,0.00681,0.00821,0,-0.00706,0.00001,1.86721,0.55978,0.08083,0.55364,0.029,1.90298,0.34637,0.08524,0.1678,0.53806,0.98194,0.31103,0.27483,0.00215,2.51556,0.04972,1.12613,0.34637,0.31103,0.27483,1.83998,1.92118,1.86721,2.32241,2.51556,0.25968,0.7583
2026-01-18 18:00:00,2.02457,0,0.06448,0.05051,0.024,0.006,0.009,0.01,0.04443,0.22939,0.51664,1.71834,0.00633,1.12012,1.84423,0.00139,0.0068,0.00814,0,-0.01766,0.00001,1.87221,0.54209,0.07083,0.54783,0.029,1.87202,0.34895,0.08596,0.15056,0.53506,0.95429,0.31103,0.27333,0.00215,2.51556,0.04957,1.12012,0.34895,0.31103,0.27333,1.84423,1.92118,1.87221,2.3208,2.51556,0.25865,0.7574
2026-01-18 19:00:00,1.96362,0,0.05741,0.05859,0.023,0.006,0.009,0.01,0.04443,0.22669,0.51664,1.97965,0.00633,1.12012,1.83998,0.00139,0.00679,0.00819,0,-0.01766,0.00001,1.86721,0.58075,0.05149,0.43841,0.029,1.84105,0.34895,0.08691,0.15547,0.53806,0.9389,0.31103,0.27333,0.00215,2.51556,0.04942,1.12012,0.34895,0.31103,0.27333,1.83998,1.92118,1.86721,2.31913,2.51556,0.25785,0.75677
2026-01-18 20:00:00,1.90299,0,0.06436,0.05759,0.023,0.006,0.009,0.01,0.04443,0.22939,0.51261,2.1892,0.00633,1.13313,1.84423,0.00139,0.00678,0.00811,0,-0.00527,0.00001,1.87221,0.58085,0.06068,0.40972,0.028,1.81008,0.34895,0.0824,0.16348,0.53106,0.92373,0.31103,0.27333,0.00236,2.51556,0.04927,1.13313,0.34895,0.31103,0.27333,1.84423,1.91639,1.87221,2.31739,2.51556,0.25738,0.75629
2026-01-18 21:00:00,1.84234,0,0.0643,0.04851,0.023,0.006,0.009,0.01,0.04443,0.2321,0.51261,2.39956,0.00633,1.13013,1.83998,0.00139,0.00677,0.00818,0,0.00182,0.00001,1.86721,0.56147,0.08914,0.49764,0.027,1.77911,0.34895,0.08172,0.1721,0.52806,0.90855,0.31103,0.27333,0.00236,2.51556,0.04912,1.13013,0.34895,0.31103,0.27333,1.83998,1.91639,1.86721,2.31577,2.51556,0.25675,0.75591
2026-01-18 22:00:00,1.72078,0,0.05727,0.04851,0.023,0.006,0.009,0.01,0.04443,0.2321,0.5086,2.29616,0.00633,1.13313,1.84423,0.00139,0.00676,0.00815,0,-0.00347,0.00001,1.86721,0.59836,0.12628,0.50833,0.026,1.77911,0.34895,0.08248,0.16963,0.52406,0.89325,0.30703,0.27333,0.00236,2.51556,0.04897,1.13313,0.34895,0.30703,0.27333,1.84423,1.9116,1.86721,2.31422,2.51556,0.25571,0.75562
2026-01-18 23:00:00,1.59895,0,0.05715,0.04851,0.023,0.006,0.009,0.01,0.04443,0.22669,0.5046,1.8775,0.00633,1.13013,1.83998,0.00139,0.00675,0.00808,0,-0.00347,0.00001,1.86721,0.5984,0.13507,0.37464,0.026,1.77911,0.34895,0.0814,0.21825,0.52806,0.87793,0.30703,0.27333,0.00215,2.51556,0.04882,1.13013,0.34895,0.30703,0.27333,1.83998,1.9116,1.86721,2.31272,2.51556,0.25451,0.75537
2026-01-19 00:00:00,1.5985,0,0.06407,0.04851,0.023,0.006,0.009,0.01,0.04443,0.22939,0.5086,1.51221,0.00633,1.13013,1.83998,0.00129,0.00674,0.00815,0,0.00712,0.00001,1.86321,0.55757,0.14677,0.31157,0.026,1.77911,0.34895,0.08109,0.22378,0.52406,0.86282,0.30703,0.27333,0.00236,2.50753,0.04867,1.13013,0.34895,0.30703,0.27333,1.83998,1.9116,1.86321,2.31125,2.50753,0.25357,0.75517
2026-01-19 01:00:00,1.5985,0,0.07113,0.04951,0.023,0.006,0.009,0.01,0.04443,0.2321,0.5086,1.14553,0.00633,1.13313,1.83998,0.00129,0.00673,0.00814,0,0.01065,0.00001,1.86321,0.57681,0.18827,0.40401,0.025,1.77911,0.34637,0.08287,0.19977,0.53806,0.84752,0.31103,0.27333,0.00236,2.50753,0.04852,1.13313,0.34637,0.31103,0.27333,1.83998,1.91639,1.86321,2.30982,2.50753,0.25295,0.755
2026-01-19 02:00:00,1.62912,0,0.07119,0.05051,0.023,0.006,0.009,0.01,0.0427,0.23484,0.49666,0.77839,0.00633,1.13313,1.84423,0.00129,0.00672,0.00812,0,0.00712,0.00001,1.86321,0.57648,0.22966,0.42756,0.025,1.77911,0.34637,0.08317,0.20592,0.52806,0.83235,0.31103,0.27183,0.00215,2.50753,0.04838,1.13313,0.34637,0.31103,0.27183,1.84423,1.9116,1.86321,2.3084,2.50753,0.25268,0.75485
2026-01-19 03:00:00,1.56821,0,0.07822,0.05051,0.023,0.006,0.009,0.01,0.04443,0.2321,0.5086,0.51634,0.00633,1.13013,1.83998,0.00119,0.00671,0.00811,0,0.00356,0.00001,1.86321,0.55622,0.2339,0.32883,0.025,1.77911,0.34637,0.08182,0.18746,0.53106,0.81713,0.31103,0.27333,0.00215,2.50753,0.04823,1.13013,0.34637,0.31103,0.27333,1.83998,1.9116,1.86321,2.30697,2.50753,0.2524,0.75472
2026-01-19 04:00:00,1.59838,0,0.07822,0.05051,0.023,0.006,0.009,0.01,0.0427,0.2321,0.5086,0.41108,0.00633,1.13313,1.83998,0.00119,0.00669,0.0081,0,0.00706,0.00001,1.86321,0.54,0.21989,0.30638,0.025,1.77911,0.3438,0.08182,0.18746,0.53106,0.80189,0.31103,0.27183,0.00215,2.50753,0.04808,1.13313,0.3438,0.31103,0.27183,1.83998,1.9116,1.86321,2.30546,2.50753,0.25217,0.75461
2026-01-19 05:00:00,1.78084,0,0.07125,0.05051,0.022,0.006,0.009,0.01,0.0427,0.23484,0.5086,0.4646,0.00633,1.13313,1.83998,0.00119,0.00668,0.00811,0,0.0106,0.00001,1.86321,0.57921,0.24302,0.39952,0.024,1.77911,0.3438,0.08282,0.17022,0.52806,0.78663,0.31103,0.27183,0.00215,2.50753,0.04794,1.13313,0.3438,0.31103,0.27183,1.83998,1.90682,1.86321,2.30387,2.50753,0.25201,0.75451
2026-01-19 06:00:00,1.86947,0,0.07128,0.05051,0.022,0.006,0.009,0.01,0.0427,0.23484,0.51261,0.57885,0.00633,1.13613,1.84423,0.00119,0.00667,0.00818,0,0.00353,0.00001,1.85821,0.55975,0.27209,0.41953,0.024,1.77911,0.3438,0.08218,0.15915,0.52406,0.77134,0.31103,0.27183,0.00215,2.50753,0.04779,1.13613,0.3438,0.31103,0.27183,1.84423,1.90682,1.85821,2.3023,2.50753,0.25187,0.75442
2026-01-19 07:00:00,1.92471,0,0.07125,0.04951,0.022,0.006,0.009,0.01,0.0427,0.23759,0.51261,0.64357,0.00633,1.13013,1.83998,0.00119,0.00666,0.00817,0,0,0.00001,1.85821,0.56039,0.29166,0.29144,0.024,1.77911,0.3438,0.08183,0.16472,0.52406,0.79317,0.31103,0.27183,0.00215,2.50753,0.04764,1.13013,0.3438,0.31103,0.27183,1.83998,1.90682,1.85821,2.30069,2.50753,0.25177,0.75434
2026-01-19 08:00:00,1.94992,0,0.07125,0.05659,0.022,0.006,0.009,0.01,0.0427,0.23484,0.51261,0.59747,0.00633,1.13613,1.83998,0.00119,0.00665,0.00816,0,-0.00356,0.00001,1.85821,0.59966,0.29317,0.21354,0.024,1.77911,0.3438,0.08147,0.14073,0.53106,0.81492,0.31103,0.27183,0.00215,2.50753,0.0475,1.13613,0.3438,0.31103,0.27183,1.83998,1.90682,1.85821,2.29907,2.50753,0.25169,0.75427
2026-01-19 09:00:00,2.00575,0,0.07131,0.05659,0.022,0.006,0.009,0.01,0.0427,0.2321,0.51261,0.55875,0.00633,1.13313,1.83998,0.00119,0.00664,0.00815,0,0.00174,0.00001,1.85321,0.6189,0.29327,0.25787,0.024,1.77911,0.3438,0.08217,0.1475,0.52806,0.83659,0.31103,0.27183,0.00215,2.49952,0.04736,1.13313,0.3438,0.31103,0.27183,1.83998,1.90682,1.85321,2.29747,2.49952,0.25156,0.75421
2026-01-19 10:00:00,2.06203,0,0.0784,0.04851,0.022,0.006,0.009,0.01,0.04104,0.23484,0.51261,0.57087,0.00655,1.13313,1.83998,0.00119,0.00662,0.00814,0,0.00883,0.00001,1.85321,0.63591,0.31247,0.26756,0.023,1.78087,0.34124,0.08182,0.16166,0.52406,0.8581,0.31103,0.27183,0.00215,2.49952,0.04721,1.13313,0.34124,0.31103,0.27183,1.83998,1.90682,1.85321,2.29592,2.49952,0.25127,0.75415
2026-01-19 11:00:00,2.02709,0,0.0784,0.04851,0.022,0.006,0.009,0.01,0.04104,0.22939,0.51261,0.58196,0.00677,1.13313,1.83998,0.00119,0.00661,0.00811,0,0.00703,0.00001,1.85821,0.6545,0.32437,0.19673,0.023,1.78262,0.34124,0.08147,0.14874,0.52406,0.87948,0.31103,0.27183,0.00215,2.49952,0.04706,1.13313,0.34124,0.31103,0.27183,1.83998,1.90682,1.85821,2.29439,2.49952,0.2509,0.7541
2026-01-19 12:00:00,1.99416,0,0.07128,0.04851,0.022,0.006,0.009,0.01,0.04104,0.2321,0.52069,0.5326,0.00677,1.13313,1.83998,0.00119,0.0066,0.00802,0,0.01057,0.00001,1.85321,0.71321,0.32777,0.14161,0.023,1.78438,0.34124,0.08039,0.14935,0.53106,0.90083,0.31103,0.27183,0.00215,2.49952,0.04692,1.13313,0.34124,0.31103,0.27183,1.83998,1.90682,1.85321,2.29287,2.49952,0.25061,0.75157
2026-01-19 13:00:00,1.96413,0,0.07125,0.04951,0.022,0.006,0.009,0.01,0.04104,0.2321,0.51261,0.47391,0.00655,1.13613,1.83575,0.00119,0.00659,0.00801,0,0.01057,0.00001,1.85321,0.69319,0.32026,0.20054,0.023,1.78613,0.34124,0.07936,0.16227,0.52806,0.90526,0.31103,0.27183,0.00215,2.49152,0.04678,1.13613,0.34124,0.31103,0.27183,1.83575,1.90682,1.85321,2.2913,2.49152,0.25033,0.74574
2026-01-19 14:00:00,1.96401,0,0.07136,0.04242,0.022,0.006,0.009,0.009,0.04104,0.2321,0.51261,0.59309,0.00677,1.13613,1.83998,0.00119,0.00658,0.00797,0,0.00347,0.00001,1.85321,0.6539,0.32174,0.28296,0.023,1.78789,0.34124,0.07734,0.15795,0.53106,0.90966,0.31103,0.27183,0.00215,2.49152,0.04664,1.13613,0.34124,0.31103,0.27183,1.83998,1.90682,1.85321,2.28968,2.49152,0.25008,0.73253
2026-01-19 15:00:00,2.05404,0,0.05027,0.03434,0.02,0.006,0.009,0.009,0.04104,0.2321,0.51261,0.83186,0.00677,1.13613,1.83998,0.00119,0.00657,0.00788,0,-0.00182,0.00001,1.85321,0.59678,0.31519,0.24788,0.023,1.78964,0.34124,0.07732,0.13331,0.52806,0.91394,0.31103,0.27183,0.00175,2.49152,0.0465,1.13613,0.34124,0.31103,0.27183,1.83998,1.90682,1.85321,2.28813,2.49152,0.24966,0.72813
2026-01-19 16:00:00,2.05435,0,0.02905,0.04242,0.02,0.006,0.009,0.009,0.04104,0.22939,0.5046,1.07302,0.00677,1.13613,1.83998,0.00129,0.00656,0.00787,0,-0.00536,0.00001,1.85321,0.53944,0.27076,0.19561,0.023,1.783,0.34124,0.07529,0.11731,0.52106,0.91793,0.31103,0.27183,0.00215,2.49152,0.04635,1.13613,0.34124,0.31103,0.27183,1.83998,1.90682,1.85321,2.28662,2.49152,0.24876,0.72592
2026-01-19 17:00:00,1.9942,0,0.03614,0.04242,0.02,0.006,0.009,0.009,0.04104,0.22939,0.5086,1.37432,0.00677,1.13913,1.83998,0.00129,0.00655,0.00786,0,0,0.00001,1.85321,0.52007,0.22433,0.25331,0.023,1.77638,0.34124,0.07498,0.13517,0.51706,0.92175,0.31103,0.27034,0.00215,2.48352,0.04621,1.13913,0.34124,0.31103,0.27034,1.83998,1.90204,1.85321,2.28517,2.48352,0.24764,0.7246
2026-01-19 18:00:00,1.93449,0,0.05026,0.04242,0.02,0.006,0.009,0.009,0.04104,0.22669,0.5086,1.73401,0.00677,1.13313,1.83575,0.00139,0.00654,0.00785,0,-0.0035,0.00001,1.85321,0.48174,0.19561,0.36943,0.023,1.76975,0.34124,0.07462,0.14317,0.52106,0.92566,0.31103,0.27034,0.00215,2.48352,0.04607,1.13313,0.34124,0.31103,0.27034,1.83575,1.90204,1.85321,2.28375,2.48352,0.24677,0.72372
2026-01-19 19:00:00,1.84435,0,0.05727,0.04142,0.02,0.006,0.009,0.009,0.04104,0.224,0.5086,2.09363,0.00677,1.13613,1.83998,0.00139,0.00653,0.00784,0,-0.0088,0.00001,1.85321,0.48212,0.18528,0.36382,0.022,1.762,0.33868,0.07532,0.14194,0.52406,0.92623,0.30703,0.27034,0.00215,2.48352,0.04593,1.13613,0.33868,0.30703,0.27034,1.83998,1.90204,1.85321,2.28241,2.48352,0.24611,0.72309
2026-01-19 20:00:00,1.75405,0,0.05718,0.04042,0.02,0.006,0.009,0.008,0.04104,0.224,0.50062,2.39487,0.00677,1.12613,1.83998,0.00139,0.00652,0.00782,0,-0.00171,0.00001,1.84921,0.50178,0.16607,0.28426,0.022,1.75425,0.34124,0.0809,0.16163,0.52106,0.92694,0.31103,0.27034,0.00215,2.48352,0.04579,1.12613,0.34124,0.31103,0.27034,1.83998,1.90204,1.84921,2.28111,2.48352,0.24573,0.72262
2026-01-19 21:00:00,1.5146,0,0.07831,0.04851,0.02,0.006,0.009,0.008,0.03945,0.22669,0.5086,2.51602,0.00677,1.13613,1.83998,0.00139,0.00651,0.00781,0,0.00006,0.00001,1.84921,0.5407,0.14653,0.33838,0.022,1.7465,0.34124,0.0808,0.17516,0.51706,0.92756,0.31103,0.27034,0.00215,2.48352,0.04566,1.13613,0.34124,0.31103,0.27034,1.83998,1.90204,1.84921,2.27987,2.48352,0.24522,0.72225
2026-01-19 22:00:00,1.36442,0,0.09947,0.04851,0.02,0.006,0.009,0.008,0.04104,0.224,0.50062,2.39569,0.00677,1.13613,1.83575,0.00139,0.00649,0.0078,0,0.00362,0.00001,1.84921,0.55975,0.16378,0.42082,0.022,1.73876,0.34124,0.07866,0.17764,0.51406,0.928,0.31103,0.27034,0.00215,2.49152,0.04552,1.13613,0.34124,0.31103,0.27034,1.83575,1.90204,1.84921,2.27859,2.49152,0.2444,0.72196
2026-01-19 23:00:00,1.3644,0,0.09229,0.04851,0.02,0.006,0.009,0.008,0.04104,0.224,0.50062,2.09574,0.00677,1.13613,1.83998,0.00129,0.00648,0.00779,0,-0.00344,0.00001,1.85321,0.58026,0.19006,0.37756,0.022,1.731,0.34124,0.07799,0.17702,0.51706,0.92837,0.31103,0.27034,0.00236,2.49152,0.04538,1.13613,0.34124,0.31103,0.27034,1.83998,1.89727,1.85321,2.27735,2.49152,0.24347,0.72172
2026-01-20 00:00:00,1.33437,0,0.07819,0.04951,0.02,0.006,0.009,0.008,0.04104,0.224,0.49666,1.67607,0.00677,1.13913,1.83575,0.00129,0.00647,0.00778,0,-0.007,0.00001,1.84421,0.59967,0.18756,0.28046,0.022,1.72325,0.34124,0.0787,0.17517,0.51706,0.92882,0.30703,0.27034,0.00215,2.48352,0.04524,1.13913,0.34124,0.30703,0.27034,1.83575,1.90204,1.84421,2.27617,2.48352,0.24273,0.72152
2026-01-20 01:00:00,1.27449,0,0.07125,0.05051,0.02,0.006,0.009,0.008,0.04104,0.22669,0.50062,1.25582,0.00677,1.13613,1.83999,0.00119,0.00646,0.00777,0,-0.00171,0.00001,1.84921,0.54113,0.1669,0.32315,0.022,1.72631,0.34124,0.07735,0.16407,0.51006,0.93017,0.30703,0.27183,0.00215,2.49152,0.04511,1.13613,0.34124,0.30703,0.27183,1.83999,1.89727,1.84921,2.27503,2.49152,0.24228,0.72135
2026-01-20 02:00:00,1.21476,0,0.07131,0.05051,0.02,0.006,0.009,0.008,0.04104,0.22669,0.50062,0.83553,0.00677,1.12613,1.83575,0.00119,0.00645,0.00776,0,-0.00171,0.00001,1.84921,0.54186,0.16535,0.43708,0.022,1.72935,0.33868,0.08013,0.16899,0.50306,0.93168,0.30703,0.27034,0.00215,2.48352,0.04497,1.12613,0.33868,0.30703,0.27034,1.83575,1.90204,1.84921,2.27392,2.48352,0.24213,0.72121
2026-01-20 03:00:00,1.39449,0,0.07128,0.05051,0.02,0.006,0.009,0.008,0.03945,0.2321,0.50062,0.41524,0.00677,1.13613,1.83999,0.00119,0.00644,0.00777,0,0.00359,0.00001,1.84921,0.56111,0.1819,0.40841,0.022,1.7324,0.34124,0.07945,0.18623,0.51006,0.93323,0.31103,0.27034,0.00215,2.48352,0.04484,1.13613,0.34124,0.31103,0.27034,1.83999,1.89727,1.84921,2.27283,2.48352,0.24204,0.72108
2026-01-20 04:00:00,1.60439,0,0.06425,0.05051,0.02,0.006,0.009,0.008,0.03945,0.2321,0.5046,0.23501,0.00677,1.13613,1.83575,0.0011,0.00643,0.00784,0,0,0.00001,1.84921,0.56182,0.1893,0.34778,0.022,1.73545,0.33868,0.08017,0.1887,0.51706,0.93487,0.30703,0.27034,0.00215,2.48352,0.0447,1.13613,0.33868,0.30703,0.27034,1.83575,1.89727,1.84921,2.27177,2.48352,0.24217,0.72097
2026-01-20 05:00:00,1.73935,0,0.06439,0.05859,0.02,0.006,0.008,0.008,0.03945,0.2321,0.5046,0.17346,0.00677,1.13613,1.83999,0.0011,0.00642,0.00785,0,-0.00006,0.00001,1.84921,0.56098,0.17963,0.413,0.021,1.7385,0.33868,0.07911,0.1764,0.50706,0.9366,0.31103,0.27034,0.00215,2.47554,0.04457,1.13613,0.33868,0.31103,0.27034,1.83999,1.89727,1.84921,2.27063,2.47554,0.24244,0.72087
2026-01-20 06:00:00,1.85488,0,0.07151,0.05759,0.02,0.006,0.008,0.008,0.03945,0.2321,0.50062,0.17429,0.00677,1.13313,1.83575,0.0011,0.00641,0.00792,0,0.00877,0.00001,1.84421,0.5609,0.17103,0.50419,0.022,1.74154,0.33868,0.08012,0.1721,0.51706,0.9383,0.31103,0.27034,0.00215,2.47554,0.04443,1.13313,0.33868,0.31103,0.27034,1.83575,1.89727,1.84421,2.26953,2.47554,0.24264,0.72079
2026-01-20 07:00:00,1.93572,0,0.07145,0.05659,0.02,0.006,0.008,0.008,0.03945,0.23484,0.5086,0.2374,0.00677,1.13013,1.83575,0.0011,0.0064,0.00791,0,0.0123,0.00001,1.84421,0.65717,0.18087,0.4627,0.021,1.74704,0.33868,0.07913,0.19488,0.51406,0.97997,0.31103,0.27034,0.00215,2.47554,0.0443,1.13013,0.33868,0.31103,0.27034,1.83575,1.89251,1.84421,2.26845,2.47554,0.24278,0.72071
2026-01-20 08:00:00,2.01659,0,0.07134,0.05659,0.02,0.006,0.008,0.008,0.03945,0.2321,0.51261,0.23988,0.00677,1.13313,1.83575,0.0011,0.00639,0.00789,0,0.01054,0.00001,1.84421,0.67568,0.19036,0.36551,0.022,1.75252,0.33868,0.07942,0.19303,0.51406,1.02142,0.31103,0.27034,0.00215,2.48352,0.04416,1.13313,0.33868,0.31103,0.27034,1.83575,1.89727,1.84421,2.26734,2.48352,0.24282,0.72064
2026-01-20 09:00:00,1.97801,0,0.06427,0.05759,0.02,0.006,0.008,0.008,0.03945,0.2321,0.51261,0.30734,0.00677,1.13013,1.83575,0.0011,0.00638,0.00788,0,0.00703,0.00001,1.84421,0.59895,0.1801,0.37615,0.021,1.75801,0.33868,0.07977,0.17702,0.51006,1.06264,0.31103,0.27034,0.00215,2.48352,0.04403,1.13013,0.33868,0.31103,0.27034,1.83575,1.89727,1.84421,2.26625,2.48352,0.24282,0.72058
2026-01-20 10:00:00,1.93852,0,0.07131,0.05859,0.02,0.006,0.008,0.008,0.03945,0.23484,0.52069,0.37506,0.00677,1.13013,1.83999,0.0011,0.00636,0.00785,0,0.00886,0.00001,1.84921,0.54373,0.17022,0.44249,0.022,1.7635,0.33868,0.07877,0.15919,0.51706,1.10362,0.31103,0.27034,0.00195,2.47554,0.0439,1.13013,0.33868,0.31103,0.27034,1.83999,1.89251,1.84921,2.26519,2.47554,0.2427,0.72052
2026-01-20 11:00:00,1.8541,0,0.07822,0.04242,0.02,0.006,0.008,0.008,0.03945,0.2321,0.52069,0.31471,0.00677,1.12613,1.83575,0.0011,0.00635,0.00776,0,0.00886,0.00001,1.84421,0.47124,0.1698,0.40855,0.022,1.76899,0.33613,0.07869,0.14874,0.52106,1.14436,0.31103,0.27183,0.00215,2.47554,0.04376,1.12613,0.33613,0.31103,0.27183,1.83575,1.89727,1.84421,2.26413,2.47554,0.24249,0.72047
2026-01-20 12:00:00,1.75959,0,0.07116,0.04242,0.02,0.006,0.008,0.008,0.03945,0.22939,0.51664,0.25104,0.00677,1.13013,1.83575,0.0011,0.00634,0.00773,0,0.00883,0.00001,1.84421,0.49465,0.18751,0.30062,0.022,1.77448,0.33868,0.07803,0.15674,0.51706,1.18493,0.31103,0.27034,0.00215,2.47554,0.04363,1.13013,0.33868,0.31103,0.27034,1.83575,1.89727,1.84421,2.26311,2.47554,0.24233,0.71766
2026-01-20 13:00:00,1.75947,0,0.07122,0.04242,0.02,0.006,0.008,0.008,0.03791,0.22939,0.52069,0.25104,0.00677,1.11712,1.83999,0.0011,0.00633,0.00764,0,0.0053,0.00001,1.84421,0.51984,0.19616,0.2908,0.023,1.77126,0.33613,0.07631,0.13829,0.51406,1.29315,0.31103,0.27183,0.00215,2.47554,0.0435,1.11712,0.33613,0.31103,0.27183,1.83999,1.89727,1.84421,2.26209,2.47554,0.24212,0.71022
2026-01-20 14:00:00,1.81797,0,0.06421,0.04242,0.02,0.006,0.008,0.008,0.03791,0.2321,0.51664,0.25179,0.00677,1.12613,1.83575,0.00119,0.00632,0.00763,0,0,0.00001,1.84421,0.50568,0.16658,0.36864,0.024,1.76804,0.33868,0.07428,0.11925,0.51006,1.40059,0.31103,0.27183,0.00215,2.47554,0.04337,1.12613,0.33868,0.31103,0.27183,1.83575,1.89727,1.84421,2.26103,2.47554,0.24188,0.70099
2026-01-20 15:00:00,1.96321,0,0.06657,0.04142,0.02,0.006,0.008,0.008,0.03945,0.22939,0.5046,0.44731,0.00677,1.12613,1.83575,0.00119,0.00631,0.00761,0,-0.00712,0.00001,1.84421,0.51036,0.16505,0.37472,0.024,1.76484,0.33868,0.07289,0.13279,0.50706,1.50712,0.31103,0.27034,0.00215,2.47554,0.04324,1.12613,0.33868,0.31103,0.27034,1.83575,1.89251,1.84421,2.26001,2.47554,0.24145,0.69791
2026-01-20 16:00:00,2.05025,0,0.07128,0.03234,0.02,0.006,0.008,0.008,0.03791,0.22939,0.51664,0.90305,0.00677,1.13013,1.83152,0.00119,0.0063,0.00752,0,-0.01248,0.00001,1.84421,0.51278,0.18291,0.27691,0.02449,1.76162,0.33613,0.07187,0.16537,0.52406,1.61234,0.31103,0.27034,0.00195,2.47554,0.04311,1.13013,0.33613,0.31103,0.27034,1.83152,1.89727,1.84421,2.25901,2.47554,0.24048,0.69637
2026-01-20 17:00:00,2.07905,0,0.07598,0.04042,0.019,0.006,0.008,0.008,0.03945,0.224,0.5086,1.4216,0.00677,1.13013,1.83152,0.00119,0.00629,0.00751,0,-0.00892,0.00001,1.84421,0.53241,0.18078,0.26347,0.025,1.7584,0.33868,0.07356,0.18737,0.52106,1.71645,0.31103,0.27034,0.00215,2.47554,0.04298,1.13013,0.33868,0.31103,0.27034,1.83152,1.89727,1.84421,2.25805,2.47554,0.23924,0.69545
2026-01-20 18:00:00,2.13725,0,0.07828,0.04042,0.019,0.006,0.008,0.008,0.03791,0.22134,0.5086,1.94206,0.00677,1.12613,1.83152,0.00129,0.00628,0.0075,0,-0.01065,0.00001,1.8402,0.51397,0.16026,0.37,0.026,1.75519,0.34124,0.07362,0.17156,0.50706,1.81996,0.31103,0.27034,0.00195,2.47554,0.04285,1.12613,0.34124,0.31103,0.27034,1.83152,1.89727,1.8402,2.25722,2.47554,0.23828,0.69483
2026-01-20 19:00:00,2.10845,0,0.07125,0.04042,0.019,0.006,0.008,0.008,0.03945,0.22134,0.5046,2.39795,0.00677,1.13313,1.83575,0.00129,0.00627,0.00749,0,-0.01418,0.00001,1.8402,0.49452,0.14915,0.39423,0.026,1.74831,0.33868,0.07713,0.16772,0.50706,1.82002,0.30703,0.27034,0.00215,2.47554,0.04272,1.13313,0.33868,0.30703,0.27034,1.83575,1.89251,1.8402,2.25635,2.47554,0.23754,0.69439
2026-01-20 20:00:00,1.99203,0,0.07128,0.04042,0.019,0.006,0.008,0.008,0.03945,0.224,0.5046,2.85245,0.00677,1.12613,1.83152,0.00129,0.00626,0.00747,0,-0.01242,0.00001,1.84421,0.47576,0.17523,0.29489,0.026,1.74142,0.34124,0.07709,0.18446,0.50306,1.82041,0.30703,0.27034,0.00195,2.47554,0.0426,1.12613,0.34124,0.30703,0.27034,1.83152,1.88774,1.84421,2.25552,2.47554,0.2371,0.69406
2026-01-20 21:00:00,1.84678,0,0.06898,0.03234,0.019,0.006,0.008,0.008,0.03791,0.22134,0.5046,2.98279,0.00677,1.13013,1.83152,0.00129,0.00625,0.00746,0,-0.00533,0.00001,1.8402,0.51422,0.1837,0.25455,0.026,1.73455,0.34124,0.07868,0.18551,0.50706,1.82061,0.31103,0.27183,0.00195,2.46756,0.04247,1.13013,0.34124,0.31103,0.27183,1.83152,1.89251,1.8402,2.25486,2.46756,0.23652,0.69381
2026-01-20 22:00:00,1.75959,0,0.0573,0.04042,0.019,0.006,0.008,0.008,0.03791,0.22939,0.4927,2.52893,0.00677,1.13313,1.83575,0.00129,0.00623,0.00745,0,-0.00353,0.00001,1.84421,0.56011,0.16335,0.31682,0.026,1.72766,0.33868,0.07296,0.18685,0.51706,1.82041,0.30703,0.27034,0.00215,2.46756,0.04234,1.13313,0.33868,0.30703,0.27034,1.83575,1.89251,1.84421,2.25423,2.46756,0.23557,0.6936
2026-01-20 23:00:00,1.67213,0,0.04547,0.04951,0.019,0.006,0.008,0.008,0.03791,0.22669,0.50062,2.0755,0.00677,1.13013,1.83575,0.00129,0.00622,0.00744,0,-0.00353,0.00001,1.8402,0.58079,0.1528,0.30553,0.026,1.72078,0.34124,0.07459,0.17563,0.50706,1.82008,0.30703,0.27034,0.00215,2.46756,0.04222,1.13013,0.34124,0.30703,0.27034,1.83575,1.89727,1.8402,2.25362,2.46756,0.23449,0.69343
2026-01-21 00:00:00,1.55583,0,0.04295,0.05051,0.019,0.006,0.008,0.008,0.03791,0.224,0.49666,1.75003,0.00655,1.13013,1.83575,0.00129,0.00621,0.00743,0,-0.00706,0.00001,1.84421,0.62442,0.1608,0.21519,0.027,1.7139,0.34124,0.0735,0.17545,0.49305,1.81996,0.30703,0.27183,0.00215,2.46756,0.04209,1.13013,0.34124,0.30703,0.27183,1.83575,1.89727,1.84421,2.25313,2.46756,0.23363,0.69329
2026-01-21 01:00:00,1.61419,0,0.04276,0.04242,0.019,0.006,0.008,0.008,0.03791,0.224,0.50062,1.16377,0.00655,1.13313,1.83575,0.00119,0.0062,0.00743,0,-0.00353,0.00001,1.8402,0.59172,0.1775,0.22202,0.028,1.71411,0.34124,0.07362,0.16916,0.48705,1.81966,0.31103,0.27034,0.00215,2.46756,0.04197,1.13313,0.34124,0.31103,0.27034,1.83575,1.90204,1.8402,2.25252,2.46756,0.23309,0.69317
2026-01-21 02:00:00,1.73048,0,0.04959,0.04242,0.019,0.006,0.008,0.008,0.03791,0.22669,0.49666,0.64398,0.00655,1.13013,1.83575,0.00119,0.00619,0.0075,0,0.0053,0.00001,1.84421,0.5776,0.17563,0.33122,0.029,1.71432,0.34124,0.07426,0.15668,0.47705,1.81967,0.31103,0.27034,0.00215,2.46756,0.04184,1.13013,0.34124,0.31103,0.27034,1.83575,1.89727,1.84421,2.25191,2.46756,0.23288,0.69307
2026-01-21 03:00:00,1.78842,0,0.0494,0.05051,0.019,0.006,0.008,0.008,0.03791,0.22669,0.50062,0.38426,0.00655,1.13913,1.83575,0.0011,0.00618,0.00749,0,0.00177,0.00001,1.84421,0.56434,0.17411,0.36769,0.029,1.71453,0.34124,0.07397,0.15465,0.45705,1.81966,0.31103,0.27034,0.00215,2.46756,0.04172,1.13913,0.34124,0.31103,0.27034,1.83575,1.89727,1.84421,2.25136,2.46756,0.23272,0.69298
2026-01-21 04:00:00,1.84663,0,0.04923,0.05051,0.019,0.006,0.008,0.008,0.03791,0.224,0.49666,0.31864,0.00655,1.13313,1.83575,0.0011,0.00617,0.00748,0,0.00177,0.00001,1.84421,0.56293,0.19156,0.33875,0.029,1.71473,0.34124,0.07362,0.1354,0.44705,1.81976,0.31103,0.27034,0.00215,2.4596,0.04159,1.13313,0.34124,0.31103,0.27034,1.83575,1.90204,1.84421,2.25082,2.4596,0.23273,0.69291
2026-01-21 05:00:00,1.9341,0,0.05621,0.04142,0.019,0.006,0.008,0.008,0.03643,0.22669,0.49666,0.25367,0.00655,1.13613,1.83575,0.0011,0.00616,0.00749,0,-0.00177,0.00001,1.84921,0.60512,0.18108,0.36262,0.029,1.71495,0.3438,0.07397,0.13461,0.43205,1.81992,0.31103,0.27034,0.00215,2.4596,0.04147,1.13613,0.3438,0.31103,0.27034,1.83575,1.90204,1.84921,2.25033,2.4596,0.23286,0.69284
2026-01-21 06:00:00,1.99218,0,0.05621,0.03234,0.019,0.006,0.008,0.008,0.03643,0.22669,0.49666,-0.00424,0.00655,1.13613,1.83575,0.0011,0.00615,0.00756,0,0.00353,0.00001,1.84421,0.56731,0.16176,0.44705,0.029,1.71515,0.3438,0.0729,0.13996,0.41305,1.81996,0.31103,0.27034,0.00195,2.46756,0.04134,1.13613,0.3438,0.31103,0.27034,1.83575,1.89727,1.84421,2.24991,2.46756,0.23294,0.69278
2026-01-21 07:00:00,2.0153,0,0.05621,0.04951,0.019,0.006,0.008,0.008,0.03643,0.224,0.50062,0.10113,0.00655,1.13613,1.83998,0.0011,0.00614,0.00755,0,0.01416,0.00001,1.84421,0.54799,0.16094,0.46352,0.027,1.71864,0.3438,0.07397,0.1558,0.41005,1.81299,0.31103,0.26885,0.00215,2.4596,0.04122,1.13613,0.3438,0.31103,0.26885,1.83998,1.89727,1.84421,2.24954,2.4596,0.23303,0.69273
2026-01-21 08:00:00,2.00655,0,0.05621,0.04951,0.019,0.006,0.008,0.008,0.03643,0.22134,0.49666,0.16044,0.00655,1.13613,1.83575,0.0011,0.00613,0.00754,0,0.00886,0.00001,1.84921,0.54789,0.16997,0.39708,0.026,1.72215,0.3438,0.0719,0.16878,0.39504,1.80597,0.31103,0.27034,0.00195,2.4596,0.04109,1.13613,0.3438,0.31103,0.27034,1.83575,1.90204,1.84921,2.2493,2.4596,0.23307,0.69268
2026-01-21 09:00:00,1.99199,0,0.05621,0.04142,0.019,0.006,0.008,0.008,0.035,0.224,0.49666,-0.13205,0.00655,1.13313,1.83998,0.0011,0.00612,0.00752,0,-0.00177,0.00001,1.84421,0.5863,0.16105,0.38143,0.025,1.72564,0.3438,0.07261,0.14887,0.38104,1.79899,0.30703,0.27034,0.00195,2.46756,0.04097,1.13313,0.3438,0.30703,0.27034,1.83998,1.90204,1.84421,2.24914,2.46756,0.23311,0.69263
2026-01-21 10:00:00,1.87556,0,0.05615,0.04242,0.019,0.006,0.008,0.008,0.035,0.224,0.4927,-0.32601,0.00655,1.12613,1.83998,0.0011,0.00611,0.00751,0,0.00533,0.00001,1.84421,0.54769,0.13265,0.43099,0.025,1.72913,0.3438,0.07325,0.15264,0.37204,1.792,0.30703,0.27034,0.00195,2.4596,0.04085,1.12613,0.3438,0.30703,0.27034,1.83998,1.89727,1.84421,2.24902,2.4596,0.23314,0.69259
2026-01-21 11:00:00,1.70091,0,0.04909,0.04242,0.019,0.006,0.008,0.008,0.035,0.2187,0.49666,-0.51805,0.00655,1.13613,1.83998,0.0011,0.0061,0.0075,0,0.01239,0.00001,1.84421,0.51002,0.15946,0.43798,0.024,1.73264,0.3438,0.0726,0.16724,0.36604,1.78498,0.30703,0.27034,0.00215,2.4596,0.04072,1.13613,0.3438,0.30703,0.27034,1.83998,1.90204,1.84421,2.24893,2.4596,0.23314,0.69256
2026-01-21 12:00:00,1.70466,0,0.04915,0.05051,0.019,0.006,0.008,0.008,0.03311,0.22134,0.49666,0.00639,0.00655,1.14613,1.84423,0.0011,0.00609,0.00747,0,0.00709,0.00001,1.84421,0.4908,0.1958,0.36445,0.023,1.73613,0.34124,0.07088,0.17605,0.35504,1.778,0.30703,0.27183,0.00195,2.4596,0.0406,1.14613,0.34124,0.30703,0.27183,1.84423,1.89727,1.84421,2.24884,2.4596,0.23315,0.69029
2026-01-21 13:00:00,1.70306,0,0.05621,0.04142,0.019,0.006,0.008,0.008,0.03311,0.2187,0.4927,0.53032,0.00655,1.14213,1.83998,0.0011,0.00608,0.00738,0,0.00356,0.00001,1.84421,0.45232,0.17699,0.32529,0.023,1.73354,0.34124,0.07087,0.16484,0.34404,1.77395,0.31504,0.27183,0.00215,2.4596,0.04048,1.14213,0.34124,0.31504,0.27183,1.83998,1.89727,1.84421,2.24873,2.4596,0.23308,0.68434
2026-01-21 14:00:00,1.70145,0,0.05621,0.04142,0.019,0.006,0.008,0.008,0.03311,0.22134,0.4927,1.05557,0.00655,1.14613,1.83998,0.0011,0.00607,0.00736,0,-0.00177,0.00001,1.84921,0.54875,0.15821,0.33776,0.022,1.73096,0.33868,0.07093,0.14883,0.33304,1.76987,0.35404,0.27034,0.00215,2.4596,0.04036,1.14613,0.33868,0.35404,0.27034,1.83998,1.90204,1.84921,2.24866,2.4596,0.23296,0.67745
2026-01-21 15:00:00,1.69985,0,0.05621,0.04142,0.019,0.006,0.008,0.008,0.03311,0.2187,0.48485,1.05524,0.00655,1.13913,1.83575,0.0011,0.00606,0.00727,0,0.00533,0.00001,1.84421,0.51012,0.16691,0.33215,0.021,1.72838,0.34124,0.06986,0.16052,0.33104,1.76565,0.41105,0.27183,0.00195,2.4596,0.04024,1.13913,0.34124,0.41105,0.27183,1.83575,1.90204,1.84421,2.24851,2.4596,0.23272,0.67515
2026-01-21 16:00:00,1.69823,0,0.05621,0.04042,0.019,0.006,0.008,0.008,0.03311,0.21607,0.48485,1.0521,0.00655,1.14613,1.83998,0.0011,0.00605,0.00726,0,0.00356,0.00001,1.84921,0.51004,0.17551,0.29156,0.021,1.7258,0.33868,0.0695,0.14822,0.32504,1.76107,0.46805,0.27183,0.00195,2.4596,0.04012,1.14613,0.33868,0.46805,0.27183,1.83998,1.90204,1.84921,2.24829,2.4596,0.23212,0.674
2026-01-21 17:00:00,1.69663,0,0.05621,0.04851,0.019,0.006,0.008,0.008,0.03311,0.21607,0.48485,1.0484,0.00655,1.14613,1.83998,0.0011,0.00604,0.00725,0,0.00003,0.00001,1.84921,0.50998,0.16559,0.27888,0.02,1.72321,0.33613,0.06984,0.14206,0.31504,1.75632,0.51506,0.27034,0.00215,2.4596,0.04,1.14613,0.33613,0.51506,0.27034,1.83998,1.90204,1.84921,2.24801,2.4596,0.23134,0.67331
2026-01-21 18:00:00,1.69502,0,0.05621,0.04042,0.019,0.006,0.008,0.008,0.03311,0.2161,0.48094,1.04303,0.00655,1.14213,1.83575,0.00119,0.00603,0.00724,0,0.00356,0.00001,1.84921,0.49068,0.1471,0.31194,0.019,1.72062,0.33613,0.07055,0.12482,0.31003,1.75173,0.56306,0.27034,0.00215,2.4596,0.03988,1.14213,0.33613,0.56306,0.27034,1.83575,1.90204,1.84921,2.24774,2.4596,0.23073,0.67285
2026-01-21 19:00:00,1.69408,0,0.05621,0.03234,0.007,0.006,0.008,0.008,0.03311,0.21607,0.48094,1.03789,0.00655,1.13913,1.83575,0.00119,0.00602,0.00723,0,-0.00353,0.00001,1.84921,0.54862,0.13756,0.31092,0.019,1.71526,0.33613,0.06839,0.12049,0.30003,1.75009,0.58306,0.27183,0.00215,2.4596,0.03976,1.13913,0.33613,0.58306,0.27183,1.83575,1.90204,1.84921,2.24745,2.4596,0.23025,0.67252
2026-01-21 20:00:00,1.69314,0,0.05621,0.03234,0.019,0.006,0.007,0.008,0.03311,0.21607,0.48094,1.03659,0.00655,1.14613,1.83998,0.00119,0.00601,0.00722,0,0.00003,0.00001,1.85321,0.49142,0.14742,0.27708,0.01849,1.70988,0.33482,0.06843,0.13956,0.29703,1.74862,0.58807,0.27034,0.00215,2.4596,0.03965,1.14613,0.33482,0.58807,0.27034,1.83998,1.90204,1.85321,2.24704,2.4596,0.22995,0.67227
2026-01-21 21:00:00,1.6922,0,0.06333,0.03234,0.019,0.006,0.007,0.008,0.03132,0.21088,0.48094,1.03459,0.00655,1.14613,1.84423,0.00119,0.00601,0.00721,0,0.00356,0.00001,1.85321,0.53052,0.16775,0.279,0.018,1.70451,0.33358,0.06842,0.14633,0.29203,1.74705,0.59607,0.27183,0.00195,2.46756,0.03953,1.14613,0.33358,0.59607,0.27183,1.84423,1.90682,1.85321,2.2466,2.46756,0.22953,0.67208
2026-01-21 22:00:00,1.69127,0,0.06345,0.04142,0.019,0.006,0.007,0.008,0.03311,0.21347,0.48094,1.0325,0.00655,1.13613,1.84423,0.00119,0.006,0.0072,0,0,0.00001,1.85321,0.58832,0.17074,0.29837,0.018,1.69915,0.33358,0.06776,0.16355,0.28703,1.74515,0.60007,0.27183,0.00215,2.46756,0.03941,1.13613,0.33358,0.60007,0.27183,1.84423,1.90682,1.85321,2.24621,2.46756,0.22881,0.67193
2026-01-21 23:00:00,1.69032,0,0.06339,0.03434,0.019,0.006,0.007,0.008,0.03132,0.21088,0.47706,1.03195,0.00655,1.14913,1.84423,0.00119,0.00599,0.00719,0,0.03543,0.00001,1.85321,0.54963,0.15551,0.27406,0.018,1.69377,0.33358,0.06955,0.15063,0.28203,1.74315,0.60407,0.27034,0.00215,2.46756,0.0393,1.14913,0.33358,0.60407,0.27034,1.84423,1.90682,1.85321,2.24581,2.46756,0.22797,0.6718
2026-01-22 00:00:00,1.68564,0,0.06327,0.04242,0.019,0.005,0.007,0.008,0.03132,0.21607,0.48094,1.03171,0.00655,1.14613,1.84423,0.00119,0.00598,0.00718,0,0.0319,0.00001,1.85321,0.51095,0.1574,0.26035,0.018,1.6884,0.33358,0.06884,0.15801,0.28003,1.74132,0.60007,0.27183,0.00195,2.4596,0.03918,1.14613,0.33358,0.60007,0.27183,1.84423,1.90682,1.85321,2.24536,2.4596,0.22731,0.6717
2026-01-22 01:00:00,1.69088,0,0.06327,0.05051,0.019,0.005,0.007,0.008,0.03132,0.21347,0.47319,1.03133,0.00655,1.14613,1.84847,0.00119,0.00597,0.00717,0,-0.0035,0.00001,1.84921,0.5108,0.19649,0.27991,0.018,1.68912,0.33358,0.06814,0.15248,0.27503,1.74723,0.60007,0.27183,0.00195,2.4596,0.03907,1.14613,0.33358,0.60007,0.27183,1.84847,1.90682,1.84921,2.24491,2.4596,0.22689,0.67161
2026-01-22 02:00:00,1.69612,0,0.0633,0.06759,0.019,0.005,0.007,0.008,0.03132,0.21088,0.46934,1.02914,0.00655,1.14913,1.84423,0.0011,0.00596,0.00716,0,0.00006,0.00001,1.85821,0.47156,0.20704,0.31504,0.017,1.68983,0.33358,0.06957,0.12911,0.27503,1.75342,0.60007,0.27183,0.00195,2.4596,0.03895,1.14913,0.33358,0.60007,0.27183,1.84423,1.90682,1.85821,2.24451,2.4596,0.22673,0.67153
2026-01-22 03:00:00,1.70136,0,0.05441,0.1341,0.007,0.006,0.007,0.008,0.03132,0.21347,0.47319,1.02809,0.00655,1.14913,1.84847,0.0011,0.00595,0.00715,0,0.03193,0.00001,1.85821,0.45178,0.15978,0.3324,0.017,1.69055,0.33104,0.06886,0.13159,0.27803,1.75963,0.58807,0.27183,0.00215,2.4596,0.03884,1.14913,0.33104,0.58807,0.27183,1.84847,1.90682,1.85821,2.24416,2.4596,0.22661,0.67147
2026-01-22 04:00:00,1.70659,0,0.05789,0.14031,0.019,0.005,0.007,0.008,0.03132,0.21088,0.47319,1.02571,0.00655,1.14913,1.84847,0.0011,0.00594,0.00714,0,0.03546,0.00001,1.85821,0.45215,0.14863,0.33414,0.016,1.69127,0.33104,0.06958,0.1076,0.27803,1.76598,0.58306,0.27183,0.00215,2.4596,0.03872,1.14913,0.33104,0.58306,0.27183,1.84847,1.9116,1.85821,2.24386,2.4596,0.22663,0.67141
2026-01-22 05:00:00,1.71183,0,0.06148,0.16177,0.019,0.005,0.007,0.008,0.03132,0.21347,0.47319,1.01997,0.00655,1.15213,1.84847,0.0011,0.00593,0.00714,0,-0.03187,0.00001,1.85821,0.45671,0.17544,0.36243,0.016,1.69198,0.33358,0.0696,0.10392,0.27503,1.77245,0.57906,0.27333,0.00195,2.45165,0.03861,1.15213,0.33358,0.57906,0.27333,1.84847,1.90682,1.85821,2.2436,2.45165,0.22675,0.67136
2026-01-22 06:00:00,1.71707,0,0.06501,0.19815,0.019,0.005,0.00774,0.00801,0.02963,0.21088,0.4655,1.01819,0.00655,1.15213,1.84847,0.00101,0.00592,0.00721,0,-0.02481,0.00001,1.85821,0.56154,0.18416,0.38066,0.015,1.6927,0.33104,0.07027,0.12055,0.27503,1.77886,0.59607,0.27634,0.00195,2.45165,0.03849,1.15213,0.33104,0.59607,0.27634,1.84847,1.90682,1.85821,2.24333,2.45165,0.22683,0.67132
2026-01-22 07:00:00,1.7166,0,0.06324,0.21027,0.019,0.005,0.00772,0.008,0.02963,0.21347,0.4655,1.01844,0.00655,1.14613,1.85271,0.00101,0.00591,0.0072,0,0.04956,0.00001,1.85821,0.56989,0.17457,0.36654,0.015,1.69649,0.33104,0.0682,0.13038,0.27303,1.7731,0.60807,0.2824,0.00195,2.45165,0.03838,1.14613,0.33104,0.60807,0.2824,1.85271,1.90682,1.85821,2.24301,2.45165,0.22689,0.67128
2026-01-22 08:00:00,1.71612,0,0.05621,0.18614,0.019,0.005,0.00771,0.008,0.02963,0.21088,0.47319,1.0172,0.00655,1.14613,1.84847,0.00101,0.0059,0.0072,0,0.046,0.00001,1.86321,0.57827,0.16419,0.31761,0.014,1.70028,0.33104,0.07063,0.15189,0.27803,1.76727,0.60407,0.29009,0.00195,2.45165,0.03827,1.14613,0.33104,0.60407,0.29009,1.84847,1.9116,1.86321,2.24279,2.45165,0.2269,0.67124
2026-01-22 09:00:00,1.71565,0,0.06498,0.11214,0.019,0.005,0.007,0.008,0.02963,0.21088,0.46934,1.01253,0.00655,1.15213,1.85271,0.00101,0.00589,0.00719,0,-0.02128,0.00001,1.86321,0.64446,0.17319,0.28587,0.014,1.70408,0.3285,0.06992,0.15434,0.27803,1.76142,0.60807,0.30106,0.00195,2.45165,0.03816,1.15213,0.3285,0.60807,0.30106,1.85271,1.9116,1.86321,2.24262,2.45165,0.22687,0.67121
2026-01-22 10:00:00,1.71518,0,0.06076,0.09284,0.019,0.005,0.007,0.008,0.02802,0.21088,0.46168,1.00716,0.00655,1.14613,1.84847,0.00101,0.00587,0.00718,0,0,0.00001,1.85821,0.58491,0.20059,0.34514,0.013,1.70787,0.3285,0.07129,0.16518,0.27803,1.75543,0.60407,0.31387,0.00215,2.45165,0.03804,1.14613,0.3285,0.60407,0.31387,1.84847,1.9116,1.85821,2.24239,2.45165,0.22673,0.67118
2026-01-22 11:00:00,1.7147,0,0.05654,0.07351,0.019,0.005,0.007,0.008,0.02802,0.2083,0.46934,1.00779,0.00633,1.14913,1.84847,0.00101,0.00586,0.00717,0,0.00473,0.00001,1.85821,0.52395,0.20079,0.34654,0.013,1.71166,0.3285,0.06886,0.17403,0.28003,1.74939,0.60007,0.32689,0.00215,2.45165,0.03793,1.14913,0.3285,0.60007,0.32689,1.84847,1.91639,1.85821,2.24221,2.45165,0.22652,0.67115
2026-01-22 12:00:00,1.71423,0,0.05233,0.05418,0.019,0.005,0.007,0.008,0.02802,0.21088,0.4655,1.00807,0.00677,1.15513,1.84847,0.00101,0.00585,0.00716,0,0.00471,0.00001,1.85821,0.52386,0.20099,0.34794,0.013,1.71546,0.3285,0.07022,0.18488,0.28203,1.7434,0.59607,0.34002,0.00195,2.45165,0.03782,1.15513,0.3285,0.59607,0.34002,1.84847,1.91639,1.85821,2.24194,2.45165,0.22636,0.66492
2026-01-22 13:00:00,1.70842,0,0.05226,0.03489,0.019,0.005,0.007,0.008,0.02802,0.2083,0.4655,1.00211,0.007,1.14913,1.84847,0.00101,0.00584,0.00714,0,0.00469,0.00001,1.86321,0.52309,0.20036,0.34824,0.012,1.7135,0.32597,0.06995,0.18181,0.27803,1.73732,0.57106,0.35514,0.00195,2.45165,0.03771,1.14913,0.32597,0.57106,0.35514,1.84847,1.9116,1.86321,2.24163,2.45165,0.22617,0.65865
2026-01-22 14:00:00,1.70261,0,0.05219,0.03483,0.01894,0.00521,0.00762,0.00798,0.02802,0.20952,0.46168,0.99946,0.00699,1.14613,1.84869,0.00101,0.00583,0.00705,0,0.00467,0,1.85821,0.52186,0.19972,0.34854,0.011,1.71155,0.32597,0.06968,0.17975,0.27803,1.73123,0.51955,0.36664,0.00195,2.45249,0.0376,1.14613,0.32597,0.51955,0.36664,1.84869,1.9119,1.85821,2.24136,2.45249,0.22595,0.65862
2026-01-22 15:00:00,1.69681,0,0.05212,0.03479,0.01888,0.00542,0.0076,0.00797,0.02802,0.21068,0.46189,0.99899,0.00697,1.14421,1.84846,0.001,0.00582,0.00704,0,0.00466,0,1.85895,0.52031,0.19909,0.34885,0.0132,1.7096,0.32536,0.06943,0.17858,0.27865,1.72498,0.47235,0.37731,0.00194,2.45389,0.03748,1.14421,0.32536,0.47235,0.37731,1.84846,1.91212,1.85895,2.24116,2.45389,0.22558,0.65859
2026-01-22 16:00:00,1.691,0,0.05204,0.03474,0.01882,0.00561,0.00759,0.00795,0.02798,0.21212,0.46235,0.99589,0.00696,1.14056,1.84785,0.00099,0.00581,0.00703,0,0.00464,0,1.85885,0.51828,0.19846,0.34915,0.01541,1.70764,0.32498,0.06916,0.17692,0.27878,1.71822,0.44661,0.38714,0.00194,2.45596,0.03737,1.14056,0.32498,0.44661,0.38714,1.84785,1.91229,1.85885,2.24093,2.45596,0.22472,0.65855
2026-01-22 17:00:00,1.68519,0,0.05197,0.03466,0.01876,0.00581,0.00757,0.00794,0.02793,0.21231,0.46185,0.99226,0.00695,1.1352,1.8468,0.00099,0.0058,0.00701,0,0.00462,0,1.8587,0.51567,0.19782,0.34945,0.01762,1.70569,0.32515,0.06889,0.17494,0.27869,1.71127,0.42134,0.39589,0.00194,2.45873,0.03726,1.1352,0.32515,0.42134,0.39589,1.8468,1.91244,1.8587,2.24068,2.45873,0.22364,0.65852
2026-01-22 18:00:00,1.67938,0,0.0519,0.0346,0.01871,0.00602,0.00756,0.00793,0.02788,0.21371,0.46265,0.98862,0.00693,1.12768,1.84518,0.00098,0.00579,0.00692,0,0.0046,0,1.85868,0.51266,0.19719,0.34975,0.0197,1.70374,0.32566,0.06862,0.17282,0.27869,1.70454,0.39624,0.40362,0.00194,2.46223,0.03715,1.12768,0.32566,0.39624,0.40362,1.84518,1.91257,1.85868,2.24048,2.46223,0.2228,0.65847
2026-01-22 19:00:00,1.69044,0,0.05184,0.03455,0.01865,0.00623,0.00754,0.00792,0.02785,0.21497,0.46381,0.98684,0.00692,1.11774,1.84277,0.00097,0.00578,0.00691,0,0.00458,0,1.85872,0.50936,0.19684,0.34854,0.0195,1.70038,0.32643,0.06818,0.17287,0.27877,1.70056,0.37119,0.41085,0.00194,2.46641,0.03704,1.11774,0.32643,0.37119,0.41085,1.84277,1.91263,1.85872,2.24027,2.46641,0.22215,0.65842
2026-01-22 20:00:00,1.7015,0,0.05178,0.0345,0.01859,0.00623,0.00752,0.00791,0.02783,0.21494,0.46427,0.98535,0.00691,1.10575,1.83935,0.00097,0.00577,0.0069,0,0.00456,0,1.8588,0.50587,0.19649,0.34733,0.01947,1.69702,0.32723,0.06774,0.17287,0.27892,1.6968,0.34616,0.41824,0.00194,2.47117,0.03693,1.10575,0.32723,0.34616,0.41824,1.83935,1.91259,1.8588,2.24007,2.47117,0.22174,0.65837
2026-01-22 21:00:00,1.71256,0,0.05172,0.03445,0.01853,0.00622,0.00751,0.00791,0.02785,0.21599,0.46548,0.98407,0.0069,1.09193,1.83477,0.00097,0.00577,0.00688,0,0.00455,0,1.85891,0.50224,0.19615,0.34612,0.0195,1.69366,0.32787,0.0673,0.17277,0.27779,1.69292,0.32113,0.42583,0.00194,2.47645,0.03682,1.09193,0.32787,0.32113,0.42583,1.83477,1.91241,1.85891,2.23991,2.47645,0.22119,0.65831
2026-01-22 22:00:00,1.72362,0,0.05165,0.03439,0.01848,0.00621,0.0075,0.0079,0.02791,0.217,0.46685,0.98351,0.00688,1.0766,1.8289,0.00096,0.00576,0.00687,0,0.00453,0,1.85901,0.5001,0.1958,0.3449,0.01953,1.69029,0.3284,0.06686,0.17266,0.27653,1.68865,0.31278,0.43306,0.00193,2.48213,0.03672,1.0766,0.3284,0.31278,0.43306,1.8289,1.91201,1.85901,2.2398,2.48213,0.22026,0.65824
2026-01-22 23:00:00,1.73468,0,0.05158,0.03428,0.01842,0.0062,0.00748,0.00789,0.02798,0.21797,0.46804,0.98296,0.00687,1.06013,1.82168,0.00096,0.00575,0.00686,0,0.00451,0,1.85908,0.49917,0.19545,0.34369,0.0195,1.68694,0.32882,0.06642,0.17249,0.2753,1.68422,0.30998,0.43985,0.00192,2.48813,0.03661,1.06013,0.32882,0.30998,0.43985,1.82168,1.91132,1.85908,2.23975,2.48813,0.21917,0.65816
2026-01-23 00:00:00,1.74574,0,0.05152,0.03419,0.01836,0.0062,0.00747,0.00788,0.02803,0.21997,0.46981,0.98243,0.00686,1.0431,1.81313,0.00095,0.00574,0.00685,0,0.00449,0,1.85907,0.49902,0.1951,0.34248,0.01948,1.68357,0.32918,0.06598,0.17234,0.27433,1.68003,0.30903,0.44608,0.00191,2.49438,0.0365,1.0431,0.32918,0.30903,0.44608,1.81313,1.91027,1.85907,2.23975,2.49438,0.21832,0.65807
2026-01-23 01:00:00,1.77065,0,0.05146,0.03413,0.0183,0.0062,0.00746,0.00788,0.02805,0.22121,0.4712,0.98242,0.00685,1.02611,1.80334,0.00095,0.00573,0.00684,0,0.00447,0,1.85893,0.49947,0.1961,0.34168,0.0195,1.68524,0.32947,0.06641,0.17532,0.27365,1.68272,0.3087,0.45165,0.0019,2.50081,0.03639,1.02611,0.32947,0.3087,0.45165,1.80334,1.90874,1.85893,2.23979,2.50081,0.21775,0.65795
2026-01-23 02:00:00,1.79556,0,0.0514,0.03407,0.01824,0.00619,0.00745,0.00787,0.02805,0.22192,0.47361,0.98265,0.00683,1.00942,1.79245,0.00094,0.00572,0.00683,0,0.00446,0,1.85863,0.50039,0.19709,0.34088,0.01947,1.68691,0.32969,0.06684,0.17863,0.27333,1.68573,0.30858,0.45634,0.0019,2.5074,0.03629,1.00942,0.32969,0.30858,0.45634,1.79245,1.90665,1.85863,2.23987,2.5074,0.2175,0.65782
2026-01-23 03:00:00,1.82048,0,0.05134,0.03404,0.01818,0.00619,0.00744,0.00786,0.02804,0.22184,0.47579,0.98312,0.00682,0.99308,1.78063,0.00094,0.00571,0.00681,0,0.00444,0,1.85808,0.50169,0.19809,0.34009,0.0194,1.68858,0.32986,0.06727,0.18208,0.27301,1.68876,0.30853,0.45907,0.00189,2.51409,0.03619,0.99308,0.32986,0.30853,0.45907,1.78063,1.9039,1.85808,2.23996,2.51409,0.21725,0.65766
2026-01-23 04:00:00,1.84539,0,0.05127,0.03398,0.01813,0.00617,0.00743,0.00785,0.028,0.22235,0.47864,0.98372,0.00681,0.97716,1.76807,0.00093,0.0057,0.00679,0,0.00442,0,1.85722,0.50404,0.19909,0.33929,0.01934,1.69025,0.33,0.0677,0.18561,0.27275,1.69179,0.3085,0.45874,0.00189,2.52087,0.03608,0.97716,0.33,0.3085,0.45874,1.76807,1.90043,1.85722,2.24007,2.52087,0.21703,0.65746
2026-01-23 05:00:00,1.8703,0,0.05121,0.03391,0.01808,0.00616,0.00742,0.00784,0.02796,0.22289,0.48143,0.98461,0.00679,0.96173,1.75493,0.00093,0.00569,0.00678,0,0.00441,0,1.85598,0.50684,0.20008,0.33849,0.01929,1.69192,0.33008,0.06813,0.18921,0.27257,1.69492,0.30847,0.45553,0.00188,2.52767,0.03597,0.96173,0.33008,0.30847,0.45553,1.75493,1.8962,1.85598,2.24019,2.52767,0.21688,0.65719
2026-01-23 06:00:00,1.89521,0,0.05114,0.03384,0.01802,0.00615,0.00741,0.00783,0.02793,0.22346,0.48397,0.98588,0.00678,0.94687,1.74138,0.00091,0.00568,0.00676,0,0.00439,0,1.85425,0.50995,0.20108,0.33769,0.01924,1.69359,0.33013,0.06856,0.19283,0.27241,1.69803,0.30845,0.45049,0.00187,2.53444,0.03587,0.94687,0.33013,0.30845,0.45049,1.74138,1.89114,1.85425,2.24029,2.53444,0.21674,0.65685
2026-01-23 07:00:00,1.89268,0,0.05109,0.03379,0.01797,0.00615,0.00739,0.00782,0.02789,0.22394,0.4862,0.98728,0.00677,0.93261,1.72756,0.00091,0.00567,0.00674,0,0.00437,0,1.85199,0.51328,0.20181,0.33755,0.0192,1.69522,0.33016,0.06817,0.18969,0.27228,1.69181,0.30843,0.4441,0.00186,2.54114,0.03576,0.93261,0.33016,0.30843,0.4441,1.72756,1.88527,1.85199,2.24037,2.54114,0.21664,0.65636
2026-01-23 08:00:00,1.89015,0,0.05103,0.03374,0.01791,0.00614,0.00737,0.0078,0.02785,0.22393,0.4879,0.98882,0.00676,0.91898,1.71359,0.0009,0.00566,0.00674,0,0.00436,0,1.84911,0.51675,0.20254,0.33741,0.01917,1.69685,0.33016,0.06778,0.18632,0.27215,1.68559,0.30841,0.43645,0.00185,2.54766,0.03566,0.91898,0.33016,0.30841,0.43645,1.71359,1.87861,1.84911,2.24041,2.54766,0.21653,0.65563
2026-01-23 09:00:00,1.88763,0,0.05097,0.0337,0.01786,0.00614,0.00736,0.00779,0.02781,0.22377,0.48943,0.99025,0.00674,0.90604,1.6996,0.0009,0.00565,0.00673,0,0.00434,0,1.84555,0.5203,0.20327,0.33727,0.01913,1.69847,0.33014,0.06739,0.18272,0.27198,1.67931,0.3084,0.42766,0.00185,2.55389,0.03556,0.90604,0.33014,0.3084,0.42766,1.6996,1.87116,1.84555,2.2404,2.55389,0.21636,0.65441
2026-01-23 10:00:00,1.8851,0,0.0509,0.03363,0.01782,0.00612,0.00735,0.00778,0.02777,0.22339,0.49064,0.99142,0.00673,0.89378,1.68568,0.00089,0.00565,0.00671,0,0.00432,0,1.84129,0.52264,0.20399,0.33712,0.01911,1.7001,0.3301,0.06699,0.17908,0.27157,1.67278,0.30838,0.41776,0.00184,2.55967,0.03545,0.89378,0.3301,0.30838,0.41776,1.68568,1.86299,1.84129,2.24031,2.55967,0.21596,0.65196
2026-01-23 11:00:00,1.88257,0,0.05083,0.03352,0.01777,0.00611,0.00734,0.00778,0.02773,0.22306,0.49176,0.9922,0.00672,0.88219,1.67192,0.00089,0.00564,0.0067,0,0.00431,0,1.83629,0.52288,0.20472,0.33698,0.01908,1.70173,0.33006,0.0666,0.17538,0.27104,1.66614,0.30836,0.40723,0.00183,2.56486,0.03535,0.88219,0.33006,0.30836,0.40723,1.67192,1.85416,1.83629,2.24014,2.56486,0.21544,0.64464
2026-01-23 12:00:00,1.88004,0,0.05077,0.03343,0.01771,0.0061,0.00733,0.00776,0.02769,0.22283,0.49268,0.99263,0.00671,0.87125,1.65842,0.00088,0.00563,0.00668,0,0.00429,0,1.83055,0.52167,0.20545,0.33684,0.01906,1.70335,0.33001,0.06621,0.17166,0.27065,1.65964,0.30834,0.39676,0.00182,2.56936,0.03524,0.87125,0.33001,0.30834,0.39676,1.65842,1.84472,1.83055,2.23983,2.56936,0.21505,0.63073
2026-01-23 13:00:00,1.8638,0,0.05072,0.03337,0.01766,0.0061,0.00731,0.00775,0.02764,0.22226,0.49318,0.99251,0.0067,0.86092,1.64522,0.00088,0.00562,0.00667,0,0.00427,0,1.82407,0.51946,0.2045,0.33564,0.01904,1.69733,0.32995,0.0653,0.16914,0.27025,1.65208,0.30832,0.3868,0.00181,2.57305,0.03514,0.86092,0.32995,0.30832,0.3868,1.64522,1.83475,1.82407,2.23939,2.57305,0.21466,0.62883
2026-01-23 14:00:00,1.84755,0,0.05066,0.03332,0.01761,0.0061,0.0073,0.00774,0.0276,0.22122,0.49322,0.99179,0.00669,0.85121,1.63238,0.00087,0.00561,0.00665,0,0.00425,0,1.81687,0.51655,0.20355,0.33444,0.01902,1.69131,0.32987,0.0644,0.16644,0.26989,1.64456,0.30831,0.3774,0.0018,2.57586,0.03504,0.85121,0.32987,0.30831,0.3774,1.63238,1.82433,1.81687,2.23879,2.57586,0.2143,0.62877
2026-01-23 15:00:00,1.83131,0,0.0506,0.03328,0.01755,0.00609,0.00729,0.00773,0.02756,0.22004,0.49203,0.99146,0.00668,0.84209,1.61993,0.00087,0.0056,0.00664,0,0.00423,0,1.80901,0.51316,0.20261,0.33325,0.01899,1.6844,0.3298,0.06349,0.16361,0.26931,1.63682,0.30829,0.36858,0.0018,2.57773,0.03494,0.84209,0.3298,0.30829,0.36858,1.61993,1.81351,1.80901,2.23801,2.57773,0.21372,0.62871
2026-01-23 16:00:00,1.81506,0,0.05053,0.03322,0.0175,0.00608,0.00728,0.00772,0.02752,0.219,0.49081,0.99115,0.00666,0.83356,1.60792,0.00087,0.00559,0.00662,0,0.00421,0,1.80052,0.50924,0.20166,0.33205,0.01896,1.67749,0.32973,0.06258,0.16073,0.26805,1.62839,0.30827,0.36034,0.0018,2.5786,0.03483,0.83356,0.32973,0.30827,0.36034,1.60792,1.80239,1.80052,2.23701,2.5786,0.21247,0.62864
2026-01-23 17:00:00,1.79882,0,0.05047,0.03315,0.01744,0.00607,0.00727,0.00771,0.02747,0.21713,0.48864,0.99013,0.00665,0.82559,1.59634,0.00086,0.00558,0.00661,0,0.00419,0,1.79145,0.50474,0.20071,0.33085,0.01893,1.67059,0.32965,0.06168,0.15785,0.26649,1.61968,0.30825,0.35261,0.00179,2.57848,0.03473,0.82559,0.32965,0.30825,0.35261,1.59634,1.79105,1.79145,2.23579,2.57848,0.21091,0.62856
2026-01-23 18:00:00,1.78257,0,0.05041,0.03309,0.01739,0.00607,0.00726,0.00771,0.02742,0.21601,0.48681,0.98814,0.00664,0.81816,1.58525,0.00086,0.00557,0.00658,0,0.00417,0,1.78187,0.50033,0.19976,0.32965,0.0189,1.66368,0.32956,0.06077,0.1549,0.26528,1.6113,0.30823,0.34539,0.00177,2.57737,0.03463,0.81816,0.32956,0.30823,0.34539,1.58525,1.77954,1.78187,2.23433,2.57737,0.2097,0.62848
2026-01-23 19:00:00,1.76789,0,0.05035,0.03304,0.01734,0.00607,0.00724,0.0077,0.02736,0.21479,0.48479,0.98536,0.00663,0.81124,1.57463,0.00086,0.00556,0.00657,0,0.00416,0,1.77183,0.49649,0.19827,0.32733,0.01887,1.65527,0.32947,0.06,0.15298,0.26432,1.60408,0.30821,0.33861,0.00176,2.57534,0.03453,0.81124,0.32947,0.30821,0.33861,1.57463,1.76793,1.77183,2.2326,2.57534,0.20875,0.62838
2026-01-23 20:00:00,1.75321,0,0.05029,0.03299,0.01729,0.00606,0.00723,0.00769,0.02731,0.21266,0.48192,0.98195,0.00661,0.80482,1.56451,0.00086,0.00555,0.00655,0,0.00414,0,1.76142,0.49221,0.19678,0.32501,0.01884,1.64685,0.32938,0.05923,0.15107,0.26373,1.59724,0.3082,0.33229,0.00176,2.57241,0.03443,0.80482,0.32938,0.3082,0.33229,1.56451,1.75629,1.76142,2.23061,2.57241,0.20816,0.62828
2026-01-23 21:00:00,1.73853,0,0.05023,0.03295,0.01725,0.00605,0.00722,0.00768,0.02726,0.21123,0.47953,0.97811,0.0066,0.79885,1.55487,0.00086,0.00554,0.00655,0,0.00413,0,1.75069,0.4876,0.19529,0.3227,0.0188,1.63844,0.32928,0.05846,0.14921,0.2629,1.59014,0.30818,0.32637,0.00175,2.56865,0.03433,0.79885,0.32928,0.30818,0.32637,1.55487,1.74467,1.75069,2.22833,2.56865,0.20733,0.62816
2026-01-23 22:00:00,1.72384,0,0.05017,0.0329,0.0172,0.00604,0.0072,0.00767,0.0272,0.20977,0.47717,0.97422,0.00658,0.79333,1.54572,0.00085,0.00553,0.00653,0,0.00411,0,1.73972,0.48338,0.1938,0.32038,0.01877,1.63003,0.32919,0.05769,0.14737,0.26146,1.58243,0.30816,0.32083,0.00175,2.56415,0.03423,0.79333,0.32919,0.30816,0.32083,1.54572,1.73314,1.73972,2.22576,2.56415,0.20589,0.62802
2026-01-23 23:00:00,1.70916,0,0.0501,0.03283,0.01715,0.00602,0.00719,0.00766,0.02716,0.20829,0.47461,0.96987,0.00657,0.78822,1.53704,0.00085,0.00552,0.00652,0,0.0041,0,1.72856,0.48013,0.19231,0.31806,0.01873,1.62161,0.32908,0.05692,0.14549,0.25978,1.57449,0.30814,0.31565,0.00175,2.55895,0.03413,0.78822,0.32908,0.30814,0.31565,1.53704,1.72172,1.72856,2.2229,2.55895,0.20421,0.62786
2026-01-24 00:00:00,1.69448,0,0.05004,0.03277,0.0171,0.00602,0.00717,0.00766,0.02711,0.20755,0.47255,0.96526,0.00656,0.78348,1.52884,0.00085,0.00551,0.0065,0,0.00408,0,1.71729,0.47764,0.19082,0.31574,0.01869,1.6132,0.32898,0.05615,0.14365,0.25847,1.56691,0.30812,0.3108,0.00175,2.55314,0.03403,0.78348,0.32898,0.30812,0.3108,1.52884,1.71047,1.71729,2.21973,2.55314,0.2029,0.62767
2026-01-24 01:00:00,1.69032,0,0.04999,0.03272,0.01705,0.00602,0.00716,0.00766,0.02706,0.20628,0.47007,0.96093,0.00655,0.77912,1.5211,0.00085,0.0055,0.00649,0,0.00406,0,1.70596,0.47573,0.19025,0.31399,0.01865,1.60737,0.32888,0.05618,0.14487,0.25755,1.56594,0.30811,0.30626,0.00175,2.54676,0.03393,0.77912,0.32888,0.30811,0.30626,1.5211,1.69944,1.70596,2.21626,2.54676,0.20198,0.62745
2026-01-24 02:00:00,1.68616,0,0.04993,0.03268,0.017,0.00601,0.00714,0.00765,0.02701,0.20613,0.46852,0.95682,0.00654,0.77509,1.5138,0.00085,0.00549,0.00647,0,0.00405,0,1.69463,0.47427,0.18968,0.31224,0.01862,1.60154,0.32876,0.05622,0.14636,0.25708,1.56542,0.30809,0.30202,0.00175,2.53987,0.03384,0.77509,0.32876,0.30809,0.30202,1.5138,1.68864,1.69463,2.21252,2.53987,0.20152,0.62719
2026-01-24 03:00:00,1.68201,0,0.04987,0.03264,0.01696,0.006,0.00712,0.00765,0.02697,0.20541,0.46671,0.953,0.00653,0.77137,1.50693,0.00085,0.00549,0.00646,0,0.00403,0,1.68334,0.47318,0.18912,0.31049,0.01858,1.59571,0.32865,0.05626,0.148,0.25655,1.56485,0.30807,0.29805,0.00175,2.53253,0.03374,0.77137,0.32865,0.30807,0.29805,1.50693,1.6781,1.68334,2.20846,2.53253,0.20099,0.62687
2026-01-24 04:00:00,1.67785,0,0.04981,0.0326,0.01691,0.00599,0.00711,0.00764,0.02693,0.20515,0.46549,0.94937,0.00651,0.76794,1.50048,0.00084,0.00548,0.00645,0,0.00401,0,1.67217,0.47236,0.18855,0.30874,0.01854,1.58987,0.32854,0.05629,0.14971,0.25588,1.5641,0.30806,0.29434,0.00175,2.52478,0.03364,0.76794,0.32854,0.30806,0.29434,1.50048,1.66787,1.67217,2.20414,2.52478,0.20032,0.62647
2026-01-24 05:00:00,1.67369,0,0.04974,0.03252,0.01686,0.00597,0.0071,0.00763,0.02689,0.20494,0.46454,0.94604,0.0065,0.76479,1.49442,0.00084,0.00547,0.00643,0,0.004,0,1.66112,0.47178,0.18798,0.30699,0.0185,1.58404,0.32844,0.05633,0.15149,0.2552,1.56336,0.30804,0.29085,0.00174,2.51669,0.03355,0.76479,0.32844,0.30804,0.29085,1.49442,1.65793,1.66112,2.19954,2.51669,0.19964,0.62595
2026-01-24 06:00:00,1.66953,0,0.04968,0.03246,0.01682,0.00597,0.00709,0.00762,0.02684,0.20473,0.46393,0.94308,0.00649,0.7619,1.48873,0.00084,0.00546,0.00642,0,0.00398,0,1.65027,0.47137,0.18741,0.30524,0.01846,1.57821,0.32832,0.05636,0.15329,0.25465,1.56276,0.30802,0.2876,0.00173,2.50827,0.03345,0.7619,0.32832,0.30802,0.2876,1.48873,1.64832,1.65027,2.19469,2.50827,0.19909,0.62526
2026-01-24 07:00:00,1.66249,0,0.04962,0.03242,0.01677,0.00597,0.00707,0.00761,0.02678,0.20465,0.4634,0.94035,0.00648,0.75922,1.48341,0.00084,0.00545,0.00641,0,0.00396,0,1.63962,0.4711,0.18729,0.30434,0.01843,1.57464,0.32821,0.05609,0.15167,0.25427,1.55808,0.30801,0.28455,0.00172,2.49958,0.03335,0.75922,0.32821,0.30801,0.28455,1.48341,1.63906,1.63962,2.18957,2.49958,0.19872,0.62429
2026-01-24 08:00:00,1.65546,0,0.04957,0.03237,0.01672,0.00596,0.00706,0.00761,0.02671,0.20438,0.46262,0.93802,0.00647,0.75678,1.47843,0.00083,0.00544,0.0064,0,0.00395,0,1.62922,0.47095,0.18717,0.30344,0.01839,1.57106,0.32809,0.05582,0.14994,0.25407,1.55359,0.30799,0.28169,0.00171,2.49065,0.03326,0.75678,0.32809,0.30799,0.28169,1.47843,1.63013,1.62922,2.18424,2.49065,0.19852,0.62284
2026-01-24 09:00:00,1.64842,0,0.04951,0.03232,0.01668,0.00596,0.00705,0.0076,0.02666,0.20412,0.46186,0.93601,0.00646,0.75453,1.47377,0.00083,0.00544,0.00639,0,0.00394,0,1.61909,0.47087,0.18705,0.30254,0.01835,1.56749,0.32798,0.05555,0.14814,0.25384,1.54905,0.30797,0.27903,0.00171,2.48151,0.03316,0.75453,0.32798,0.30797,0.27903,1.47377,1.62155,1.61909,2.17868,2.48151,0.19828,0.62043
2026-01-24 10:00:00,1.64138,0,0.04944,0.03226,0.01663,0.00595,0.00704,0.00759,0.02662,0.20368,0.46095,0.93424,0.00645,0.75246,1.46942,0.00083,0.00543,0.00637,0,0.00392,0,1.60924,0.47046,0.18693,0.30165,0.01831,1.56392,0.32786,0.05528,0.14633,0.25345,1.54435,0.30796,0.27653,0.0017,2.47221,0.03306,0.75246,0.32786,0.30796,0.27653,1.46942,1.61334,1.60924,2.17293,2.47221,0.19789,0.6156
2026-01-24 11:00:00,1.63435,0,0.04938,0.03215,0.01659,0.00594,0.00703,0.00758,0.02657,0.20334,0.46011,0.93245,0.00644,0.75057,1.46536,0.00082,0.00542,0.00636,0,0.00391,0,1.59971,0.46939,0.18681,0.30075,0.01828,1.56034,0.32774,0.05501,0.1445,0.25302,1.53963,0.30794,0.27421,0.00169,2.46275,0.03297,0.75057,0.32774,0.30794,0.27421,1.46536,1.60547,1.59971,2.16697,2.46275,0.19746,0.60111
2026-01-24 12:00:00,1.62731,0,0.04932,0.03207,0.01655,0.00594,0.00702,0.00757,0.02652,0.20309,0.45929,0.93058,0.00642,0.74884,1.46155,0.00082,0.00541,0.00635,0,0.00389,0,1.59049,0.46781,0.18669,0.29985,0.01824,1.55677,0.32763,0.05474,0.14265,0.25266,1.53497,0.30793,0.27201,0.00168,2.45317,0.03287,0.74884,0.32763,0.30793,0.27201,1.46155,1.59795,1.59049,2.16085,2.45317,0.19711,0.5859
2026-01-24 13:00:00,1.61577,0,0.04926,0.032,0.0165,0.00593,0.00701,0.00756,0.02648,0.20258,0.45826,0.92858,0.00641,0.74725,1.45802,0.00082,0.0054,0.00634,0,0.00387,0,1.5816,0.46583,0.18556,0.29853,0.01821,1.54966,0.32751,0.05413,0.14116,0.25233,1.5291,0.30791,0.26997,0.00167,2.44351,0.03278,0.74725,0.32751,0.30791,0.26997,1.45802,1.59079,1.5816,2.15457,2.44351,0.19678,0.58323
2026-01-24 14:00:00,1.60424,0,0.0492,0.03195,0.01646,0.00593,0.00699,0.00756,0.02644,0.20171,0.45696,0.92646,0.0064,0.7458,1.45472,0.00082,0.00539,0.00634,0,0.00386,0,1.57306,0.46353,0.18444,0.29722,0.01817,1.54255,0.3274,0.05352,0.13955,0.25203,1.52327,0.3079,0.26806,0.00166,2.43376,0.03268,0.7458,0.3274,0.3079,0.26806,1.45472,1.58396,1.57306,2.14817,2.43376,0.19648,0.58314
2026-01-24 15:00:00,1.5927,0,0.04914,0.03191,0.01643,0.00592,0.00698,0.00756,0.0264,0.20076,0.45559,0.92431,0.00638,0.74447,1.45164,0.00081,0.00539,0.00633,0,0.00384,0,1.56485,0.461,0.18331,0.2959,0.01813,1.53545,0.32728,0.05291,0.13787,0.2515,1.5172,0.30788,0.26625,0.00166,2.42397,0.03259,0.74447,0.32728,0.30788,0.26625,1.45164,1.57746,1.56485,2.14164,2.42397,0.19596,0.58304
2026-01-24 16:00:00,1.58116,0,0.04908,0.03186,0.01639,0.0059,0.00697,0.00755,0.02637,0.19999,0.45427,0.92205,0.00637,0.74324,1.44877,0.0008,0.00538,0.00631,0,0.00382,0,1.55699,0.45832,0.18218,0.29458,0.0181,1.52834,0.32716,0.0523,0.13613,0.25037,1.51053,0.30787,0.26458,0.00164,2.41415,0.0325,0.74324,0.32716,0.30787,0.26458,1.44877,1.5713,1.55699,2.13501,2.41415,0.19483,0.58293
2026-01-24 17:00:00,1.56963,0,0.04901,0.03178,0.01635,0.00589,0.00696,0.00754,0.02632,0.19897,0.45222,0.91955,0.00636,0.74213,1.4461,0.0008,0.00537,0.0063,0,0.00381,0,1.54946,0.45558,0.18106,0.29327,0.01806,1.52123,0.32705,0.05169,0.13438,0.24895,1.50358,0.30785,0.26301,0.00163,2.40432,0.0324,0.74213,0.32705,0.30785,0.26301,1.4461,1.56545,1.54946,2.12828,2.40432,0.19341,0.58281
2026-01-24 18:00:00,1.55809,0,0.04895,0.03172,0.01631,0.00589,0.00694,0.00754,0.02627,0.19853,0.45087,0.91686,0.00635,0.74112,1.44359,0.0008,0.00536,0.00629,0,0.00379,0,1.54227,0.45279,0.17993,0.29195,0.01803,1.51412,0.32692,0.05108,0.13264,0.24785,1.49694,0.30783,0.26154,0.00162,2.39451,0.03231,0.74112,0.32692,0.30783,0.26154,1.44359,1.55895,1.54227,2.12151,2.39451,0.19231,0.58267
2026-01-24 19:00:00,1.54827,0,0.0489,0.03167,0.01627,0.00588,0.00693,0.00753,0.02623,0.19793,0.44938,0.91413,0.00634,0.74019,1.44127,0.0008,0.00535,0.00628,0,0.00377,0,1.53543,0.44996,0.17832,0.29004,0.01799,1.50645,0.3268,0.05061,0.13126,0.24695,1.49091,0.30782,0.26016,0.00161,2.38471,0.03222,0.74019,0.3268,0.30782,0.26016,1.44127,1.55343,1.53543,2.11465,2.38471,0.19141,0.58252
2026-01-24 20:00:00,1.53845,0,0.04884,0.03163,0.01622,0.00588,0.00692,0.00752,0.02619,0.1965,0.44717,0.91115,0.00632,0.73934,1.4391,0.0008,0.00534,0.00627,0,0.00376,0,1.52879,0.4471,0.1767,0.28814,0.01795,1.49878,0.32669,0.05013,0.12992,0.24636,1.48519,0.3078,0.25887,0.00161,2.37496,0.03213,0.73934,0.32669,0.3078,0.25887,1.4391,1.54847,1.52879,2.10777,2.37496,0.19082,0.58235
2026-01-24 21:00:00,1.52862,0,0.04879,0.03159,0.01618,0.00587,0.00691,0.00751,0.02615,0.19559,0.44552,0.90813,0.00631,0.73857,1.43709,0.0008,0.00533,0.00626,0,0.00375,0,1.52235,0.44421,0.17509,0.28623,0.01792,1.49111,0.32657,0.04966,0.12862,0.2455,1.47921,0.30778,0.25767,0.0016,2.36527,0.03204,0.73857,0.32657,0.30778,0.25767,1.43709,1.54385,1.52235,2.10087,2.36527,0.18996,0.58215
2026-01-24 22:00:00,1.5188,0,0.04873,0.03154,0.01614,0.00585,0.0069,0.00751,0.02612,0.19456,0.44391,0.90532,0.0063,0.73787,1.4352,0.0008,0.00532,0.00625,0,0.00373,0,1.51622,0.44137,0.17348,0.28432,0.01788,1.48343,0.32646,0.04919,0.12734,0.24392,1.47251,0.30777,0.25654,0.0016,2.35563,0.03194,0.73787,0.32646,0.30777,0.25654,1.4352,1.53949,1.51622,2.09395,2.35563,0.18839,0.58193
2026-01-24 23:00:00,1.50898,0,0.04868,0.03146,0.0161,0.00584,0.00689,0.0075,0.02608,0.19341,0.44218,0.90223,0.00628,0.73722,1.43345,0.0008,0.00531,0.00623,0,0.00372,0,1.51047,0.43862,0.17186,0.28242,0.01784,1.47576,0.32634,0.04871,0.12609,0.24206,1.46553,0.30775,0.25548,0.00159,2.34608,0.03185,0.73722,0.32634,0.30775,0.25548,1.43345,1.53538,1.51047,2.08703,2.34608,0.18653,0.58167
2026-01-25 00:00:00,1.49916,0,0.04863,0.0314,0.01605,0.00584,0.00688,0.00749,0.02604,0.19282,0.44079,0.89902,0.00627,0.73664,1.4318,0.0008,0.0053,0.00622,0,0.0037,0,1.50509,0.43593,0.17025,0.28051,0.01781,1.46809,0.32622,0.04824,0.1248,0.24061,1.45895,0.30774,0.2545,0.00158,2.33662,0.03176,0.73664,0.32622,0.30774,0.2545,1.4318,1.53152,1.50509,2.08011,2.33662,0.18508,0.58137
2026-01-25 01:00:00,1.49268,0,0.04859,0.03136,0.01601,0.00583,0.00686,0.00748,0.02599,0.19157,0.43889,0.89606,0.00626,0.73611,1.43026,0.0008,0.00529,0.00621,0,0.00369,0,1.50004,0.43331,0.16913,0.27861,0.01777,1.45863,0.32611,0.04784,0.12376,0.23955,1.45351,0.30772,0.25356,0.00157,2.32727,0.03167,0.73611,0.32611,0.30772,0.25356,1.43026,1.52788,1.50004,2.07322,2.32727,0.18402,0.58102
2026-01-25 02:00:00,1.48621,0,0.04854,0.03131,0.01597,0.00583,0.00685,0.00748,0.02594,0.19093,0.43753,0.89315,0.00625,0.73562,1.42883,0.0008,0.00528,0.00621,0,0.00368,0,1.49529,0.43072,0.16801,0.2767,0.01774,1.44916,0.32599,0.04744,0.12271,0.23899,1.44855,0.30771,0.2527,0.00156,2.31801,0.03158,0.73562,0.32599,0.30771,0.2527,1.42883,1.52445,1.49529,2.06636,2.31801,0.18346,0.5806
2026-01-25 03:00:00,1.47973,0,0.04849,0.03128,0.01594,0.00583,0.00684,0.00747,0.0259,0.18969,0.43573,0.89036,0.00624,0.73518,1.42749,0.0008,0.00527,0.00619,0,0.00367,0,1.49085,0.42817,0.1669,0.27479,0.0177,1.4397,0.32586,0.04705,0.12172,0.23827,1.44346,0.30769,0.25188,0.00156,2.30888,0.03149,0.73518,0.32586,0.30769,0.25188,1.42749,1.52124,1.49085,2.05952,2.30888,0.18275,0.58008
2026-01-25 04:00:00,1.47325,0,0.04843,0.03123,0.0159,0.00581,0.00682,0.00746,0.02587,0.18874,0.43427,0.88755,0.00623,0.73478,1.42623,0.0008,0.00526,0.00617,0,0.00365,0,1.48666,0.42574,0.16578,0.27289,0.01767,1.43023,0.32575,0.04665,0.12072,0.23724,1.43805,0.30768,0.25113,0.00155,2.29988,0.0314,0.73478,0.32575,0.30768,0.25113,1.42623,1.51821,1.48666,2.05275,2.29988,0.18173,0.57943
2026-01-25 05:00:00,1.46678,0,0.04837,0.03116,0.01586,0.00581,0.00681,0.00745,0.02583,0.18779,0.43285,0.88476,0.00622,0.73441,1.42506,0.0008,0.00525,0.00616,0,0.00364,0,1.48273,0.4235,0.16466,0.27099,0.01763,1.42077,0.32563,0.04625,0.11972,0.23613,1.43254,0.30766,0.25041,0.00155,2.291,0.03131,0.73441,0.32563,0.30766,0.25041,1.42506,1.51536,1.48273,2.04605,2.291,0.18062,0.5786
2026-01-25 06:00:00,1.4603,0,0.04831,0.0311,0.01582,0.0058,0.0068,0.00745,0.02578,0.18685,0.43145,0.88201,0.00621,0.73409,1.42395,0.0008,0.00524,0.00615,0,0.00363,0,1.47904,0.4214,0.16354,0.26908,0.0176,1.4113,0.32552,0.04585,0.11873,0.23525,1.42728,0.30765,0.24974,0.00155,2.28226,0.03122,0.73409,0.32552,0.30765,0.24974,1.42395,1.51269,1.47904,2.03941,2.28226,0.17974,0.57749
2026-01-25 07:00:00,1.45444,0,0.04826,0.03105,0.01578,0.0058,0.00679,0.00745,0.02572,0.18592,0.42998,0.87925,0.00619,0.7338,1.42291,0.0008,0.00523,0.00614,0,0.00361,0,1.47556,0.41943,0.16277,0.26751,0.01756,1.40612,0.3254,0.04556,0.11796,0.2346,1.42296,0.30763,0.24913,0.00155,2.27366,0.03113,0.7338,0.3254,0.30763,0.24913,1.42291,1.51017,1.47556,2.03287,2.27366,0.17909,0.57593
2026-01-25 08:00:00,1.44859,0,0.04821,0.03101,0.01575,0.0058,0.00678,0.00744,0.02567,0.18481,0.4283,0.87662,0.00618,0.73352,1.42194,0.0008,0.00523,0.00613,0,0.0036,0,1.47231,0.41754,0.162,0.26594,0.01753,1.40094,0.32529,0.04527,0.1172,0.2342,1.41889,0.30762,0.24854,0.00155,2.26523,0.03104,0.73352,0.32529,0.30762,0.24854,1.42194,1.50781,1.47231,2.02639,2.26523,0.17869,0.5736
2026-01-25 09:00:00,1.44273,0,0.04815,0.03098,0.0157,0.00579,0.00677,0.00743,0.02563,0.18368,0.42657,0.87406,0.00618,0.73328,1.42103,0.0008,0.00522,0.00612,0,0.00359,0,1.46925,0.41572,0.16123,0.26437,0.0175,1.39576,0.32517,0.04499,0.11647,0.23363,1.41469,0.30761,0.24799,0.00155,2.25694,0.03096,0.73328,0.32517,0.30761,0.24799,1.42103,1.5056,1.46925,2.02002,2.25694,0.17813,0.56971
2026-01-25 10:00:00,1.43687,0,0.04809,0.03093,0.01566,0.00577,0.00676,0.00742,0.02559,0.18247,0.42469,0.87148,0.00617,0.73307,1.42017,0.0008,0.00521,0.00611,0,0.00357,0,1.46638,0.41398,0.16045,0.2628,0.01747,1.39057,0.32505,0.0447,0.1158,0.23265,1.41004,0.30759,0.24748,0.00155,2.24881,0.03087,0.73307,0.32505,0.30759,0.24748,1.42017,1.50351,1.46638,2.01375,2.24881,0.17715,0.56194
2026-01-25 11:00:00,1.43102,0,0.04802,0.03085,0.01561,0.00576,0.00675,0.00741,0.02555,0.18134,0.42288,0.86879,0.00616,0.73287,1.41936,0.0008,0.00521,0.0061,0,0.00355,0,1.46368,0.4123,0.15968,0.26123,0.01744,1.38539,0.32493,0.04441,0.11506,0.23149,1.40521,0.30758,0.24699,0.00154,2.24085,0.03078,0.73287,0.32493,0.30758,0.24699,1.41936,1.50156,1.46368,2.00757,2.24085,0.17599,0.53862
2026-01-25 12:00:00,1.42516,0,0.04797,0.03079,0.01557,0.00575,0.00674,0.00741,0.02549,0.1803,0.42105,0.86597,0.00615,0.73269,1.4186,0.0008,0.0052,0.00609,0,0.00354,0,1.46115,0.41068,0.15891,0.25966,0.0174,1.38021,0.32482,0.04412,0.11439,0.23059,1.40065,0.30757,0.24654,0.00153,2.23304,0.03069,0.73269,0.32482,0.30757,0.24654,1.4186,1.49973,1.46115,2.00151,2.23304,0.17509,0.54775
2026-01-25 13:00:00,1.42077,0,0.04791,0.03075,0.01553,0.00575,0.00672,0.0074,0.02545,0.17924,0.41912,0.86307,0.00614,0.73254,1.41786,0.0008,0.00519,0.00608,0,0.00353,0,1.45878,0.4091,0.15814,0.25836,0.01737,1.37389,0.32471,0.04379,0.11371,0.22988,1.39658,0.30755,0.24612,0.00152,2.22541,0.0306,0.73254,0.32471,0.30755,0.24612,1.41786,1.498,1.45878,1.99555,2.22541,0.17438,0.54631
2026-01-25 14:00:00,1.41638,0,0.04786,0.03071,0.0155,0.00575,0.0067,0.00739,0.02541,0.17812,0.41704,0.86015,0.00613,0.7324,1.41718,0.0008,0.00518,0.00607,0,0.00351,0,1.45655,0.40755,0.15738,0.25706,0.01734,1.36756,0.32458,0.04347,0.11305,0.22941,1.39278,0.30754,0.24572,0.00151,2.21795,0.03052,0.7324,0.32458,0.30754,0.24572,1.41718,1.49638,1.45655,1.98971,2.21795,0.17392,0.53376
2026-01-25 15:00:00,1.41199,0,0.04781,0.03067,0.01546,0.00574,0.00669,0.00739,0.02537,0.17703,0.41501,0.85726,0.00612,0.73226,1.41653,0.0008,0.00518,0.00606,0,0.0035,0,1.45447,0.40603,0.15661,0.25576,0.01731,1.36124,0.32447,0.04314,0.11238,0.22874,1.38877,0.30752,0.24535,0.00151,2.21065,0.03043,0.73226,0.32447,0.30752,0.24535,1.41653,1.49486,1.45447,1.98399,2.21065,0.17326,0.52958
2026-01-25 16:00:00,1.4076,0,0.04775,0.03062,0.01542,0.00573,0.00668,0.00738,0.02532,0.17609,0.41311,0.85434,0.00611,0.73216,1.41591,0.0008,0.00517,0.00605,0,0.00349,0,1.45251,0.40453,0.15584,0.25445,0.01727,1.35491,0.32436,0.04281,0.1117,0.22754,1.38421,0.30751,0.24501,0.0015,2.20353,0.03034,0.73216,0.32436,0.30751,0.24501,1.41591,1.49343,1.45251,1.97837,2.20353,0.17206,0.52749
2026-01-25 17:00:00,1.40321,0,0.0477,0.03055,0.01538,0.00572,0.00667,0.00737,0.02528,0.17464,0.41072,0.85131,0.00609,0.73206,1.41533,0.0008,0.00516,0.00604,0,0.00347,0,1.45067,0.40307,0.15508,0.25315,0.01724,1.34859,0.32423,0.04249,0.11103,0.22611,1.37944,0.30749,0.24468,0.00149,2.19657,0.03026,0.73206,0.32423,0.30749,0.24468,1.41533,1.49209,1.45067,1.97289,2.19657,0.17064,0.52623
2026-01-25 18:00:00,1.39882,0,0.04765,0.03049,0.01535,0.00572,0.00666,0.00736,0.02525,0.17369,0.40878,0.84824,0.00608,0.73196,1.41477,0.0008,0.00515,0.00603,0,0.00346,0,1.44895,0.40163,0.15431,0.25185,0.0172,1.34226,0.32412,0.04216,0.11035,0.225,1.37497,0.30748,0.24438,0.00148,2.18979,0.03017,0.73196,0.32412,0.30748,0.24438,1.41477,1.49082,1.44895,1.9675,2.18979,0.16953,0.5254
2026-01-25 19:00:00,1.39571,0,0.04761,0.03044,0.01531,0.00572,0.00664,0.00735,0.02521,0.17279,0.40687,0.84526,0.00607,0.73189,1.41423,0.0008,0.00514,0.00603,0,0.00345,0,1.44734,0.40021,0.15367,0.25092,0.01717,1.33725,0.32401,0.04192,0.1098,0.22416,1.37117,0.30746,0.24407,0.00147,2.18317,0.03009,0.73189,0.32401,0.30746,0.24407,1.41423,1.48962,1.44734,1.96226,2.18317,0.16869,0.5248
2026-01-25 20:00:00,1.3926,0,0.04756,0.0304,0.01528,0.00571,0.00663,0.00736,0.02517,0.1714,0.40447,0.84216,0.00605,0.73182,1.41373,0.0008,0.00513,0.00602,0,0.00343,0,1.44583,0.3988,0.15302,0.24998,0.01714,1.33224,0.32389,0.04169,0.1093,0.22364,1.36768,0.30745,0.24381,0.00147,2.17672,0.03,0.73182,0.32389,0.30745,0.24381,1.41373,1.48851,1.44583,1.95712,2.17672,0.16817,0.52435
2026-01-25 21:00:00,1.38949,0,0.04751,0.03037,0.01524,0.00571,0.00662,0.00735,0.02513,0.17058,0.40254,0.83906,0.00604,0.73176,1.41324,0.0008,0.00512,0.00601,0,0.00342,0,1.44441,0.39741,0.15238,0.24905,0.01711,1.32723,0.32378,0.04145,0.10885,0.22293,1.36403,0.30744,0.24356,0.00146,2.17044,0.02992,0.73176,0.32378,0.30744,0.24356,1.41324,1.48745,1.44441,1.9521,2.17044,0.16747,0.524
2026-01-25 22:00:00,1.38638,0,0.04745,0.03032,0.0152,0.00569,0.00662,0.00734,0.02509,0.16978,0.40067,0.83616,0.00604,0.73171,1.41278,0.0008,0.00511,0.00601,0,0.00341,0,1.44307,0.39603,0.15173,0.24811,0.01707,1.32222,0.32367,0.04121,0.10837,0.22175,1.35988,0.30742,0.24332,0.00146,2.16431,0.02984,0.73171,0.32367,0.30742,0.24332,1.41278,1.48644,1.44307,1.94722,2.16431,0.16629,0.52372
2026-01-25 23:00:00,1.38327,0,0.04739,0.03025,0.01517,0.00568,0.00661,0.00733,0.02505,0.16899,0.39883,0.83312,0.00603,0.73167,1.41234,0.0008,0.0051,0.006,0,0.00339,0,1.44183,0.39467,0.15109,0.24718,0.01704,1.31721,0.32355,0.04098,0.10792,0.22036,1.35553,0.30741,0.2431,0.00145,2.15835,0.02975,0.73167,0.32355,0.30741,0.2431,1.41234,1.48551,1.44183,1.94244,2.15835,0.16491,0.5235
2026-01-26 00:00:00,1.38016,0,0.04734,0.03019,0.01513,0.00567,0.0066,0.00732,0.02501,0.16875,0.39747,0.83005,0.00601,0.73164,1.41191,0.0008,0.00509,0.00599,0,0.00338,0,1.44065,0.39333,0.15044,0.24624,0.01701,1.3122,0.32343,0.04074,0.10746,0.21929,1.35149,0.3074,0.24289,0.00144,2.15256,0.02967,0.73164,0.32343,0.3074,0.24289,1.41191,1.48462,1.44065,1.93778,2.15256,0.16383,0.52331
2026-01-26 01:00:00,1.37759,0,0.04729,0.03014,0.0151,0.00567,0.00659,0.00732,0.02497,0.16802,0.39572,0.82723,0.006,0.7316,1.4115,0.00079,0.00508,0.00598,0,0.00337,0,1.43954,0.392,0.14993,0.24543,0.01698,1.30889,0.32332,0.04071,0.10732,0.21853,1.3483,0.30739,0.24269,0.00143,2.14691,0.02959,0.7316,0.32332,0.30739,0.24269,1.4115,1.48377,1.43954,1.93324,2.14691,0.16308,0.52315
2026-01-26 02:00:00,1.37502,0,0.04724,0.0301,0.01507,0.00567,0.00658,0.00731,0.02492,0.16783,0.3946,0.82453,0.00599,0.73158,1.4111,0.00079,0.00507,0.00598,0,0.00336,0,1.43852,0.39068,0.14942,0.24461,0.01695,1.30558,0.32321,0.04068,0.10724,0.21817,1.34552,0.30738,0.24251,0.00142,2.14143,0.0295,0.73158,0.32321,0.30738,0.24251,1.4111,1.48298,1.43852,1.92881,2.14143,0.16272,0.52301
2026-01-26 03:00:00,1.37246,0,0.04719,0.03007,0.01503,0.00566,0.00657,0.0073,0.02488,0.16716,0.39318,0.82207,0.00598,0.73156,1.41073,0.0008,0.00507,0.00597,0,0.00335,0,1.43754,0.38936,0.14891,0.2438,0.01692,1.30227,0.32309,0.04065,0.10722,0.21775,1.34266,0.30736,0.24233,0.00142,2.13608,0.02942,0.73156,0.32309,0.30736,0.24233,1.41073,1.48222,1.43754,1.92451,2.13608,0.1623,0.52289
2026-01-26 04:00:00,1.36989,0,0.04714,0.03002,0.015,0.00565,0.00657,0.00729,0.02485,0.16675,0.39219,0.81973,0.00597,0.73154,1.41036,0.0008,0.00506,0.00596,0,0.00333,0,1.43663,0.38806,0.1484,0.24299,0.01689,1.29896,0.32298,0.04063,0.10721,0.21725,1.33974,0.30735,0.24218,0.00141,2.1309,0.02934,0.73154,0.32298,0.30735,0.24218,1.41036,1.4815,1.43663,1.92031,2.1309,0.16181,0.52278
2026-01-26 05:00:00,1.36732,0,0.04709,0.02994,0.01496,0.00564,0.00656,0.00728,0.02481,0.16637,0.39131,0.81752,0.00596,0.73154,1.41001,0.0008,0.00505,0.00595,0,0.00332,0,1.43576,0.38678,0.14789,0.24217,0.01686,1.29565,0.32287,0.0406,0.10721,0.21676,1.33683,0.30734,0.24201,0.00141,2.12586,0.02925,0.73154,0.32287,0.30734,0.24201,1.41001,1.48082,1.43576,1.91622,2.12586,0.16132,0.52269
2026-01-26 06:00:00,1.36475,0,0.04704,0.02988,0.01493,0.00564,0.00654,0.00728,0.02476,0.16602,0.39054,0.81547,0.00595,0.73154,1.40967,0.0008,0.00504,0.00594,0,0.00331,0,1.43495,0.3855,0.14738,0.24136,0.01683,1.29234,0.32275,0.04057,0.10721,0.21636,1.33399,0.30733,0.24188,0.00141,2.12096,0.02917,0.73154,0.32275,0.30733,0.24188,1.40967,1.48017,1.43495,1.91225,2.12096,0.16092,0.52261
2026-01-26 07:00:00,1.36456,0,0.047,0.02984,0.01489,0.00564,0.00653,0.00727,0.02472,0.16568,0.38982,0.81351,0.00594,0.73153,1.40933,0.0008,0.00503,0.00593,0,0.0033,0,1.43419,0.38423,0.14716,0.24065,0.0168,1.28829,0.32264,0.04045,0.10691,0.2161,1.33097,0.30731,0.24175,0.00141,2.11621,0.02909,0.73153,0.32264,0.30731,0.24175,1.40933,1.47956,1.43419,1.90839,2.11621,0.16067,0.52254
2026-01-26 08:00:00,1.36438,0,0.04695,0.02979,0.01486,0.00563,0.00651,0.00726,0.02468,0.16519,0.38888,0.8118,0.00593,0.73154,1.40901,0.0008,0.00502,0.00592,0,0.00328,0,1.43346,0.38298,0.14695,0.23994,0.01677,1.28424,0.32253,0.04033,0.1066,0.21598,1.32809,0.3073,0.24161,0.00141,2.11158,0.02901,0.73154,0.32253,0.3073,0.24161,1.40901,1.47898,1.43346,1.90462,2.11158,0.16055,0.52247
2026-01-26 09:00:00,1.36419,0,0.04691,0.02974,0.01483,0.00562,0.0065,0.00726,0.02465,0.1647,0.38794,0.81023,0.00592,0.73156,1.4087,0.00081,0.00502,0.00591,0,0.00327,0,1.43278,0.38172,0.14674,0.23924,0.01674,1.2802,0.32242,0.04021,0.10625,0.21585,1.3252,0.30729,0.24149,0.00141,2.1071,0.02893,0.73156,0.32242,0.30729,0.24149,1.4087,1.47842,1.43278,1.90096,2.1071,0.16042,0.52241
2026-01-26 10:00:00,1.364,0,0.04686,0.02968,0.01479,0.00561,0.00649,0.00726,0.02461,0.16411,0.3869,0.80876,0.00591,0.73156,1.40841,0.00081,0.00501,0.0059,0,0.00325,0,1.43213,0.38048,0.14652,0.23853,0.01671,1.27615,0.32231,0.04008,0.1059,0.21569,1.32225,0.30727,0.24139,0.00141,2.10275,0.02884,0.73156,0.32231,0.30727,0.24139,1.40841,1.47789,1.43213,1.89741,2.10275,0.16026,0.52236
2026-01-26 11:00:00,1.36382,0,0.04682,0.02957,0.01475,0.00559,0.00648,0.00725,0.02457,0.1636,0.38594,0.80724,0.0059,0.73158,1.40812,0.00081,0.005,0.00589,0,0.00324,0,1.43152,0.37925,0.1463,0.23782,0.01668,1.2721,0.3222,0.03996,0.10553,0.21553,1.31932,0.30726,0.24128,0.0014,2.09852,0.02876,0.73158,0.3222,0.30726,0.24128,1.40812,1.47739,1.43152,1.89395,2.09852,0.1601,0.52231
2026-01-26 12:00:00,1.36363,0,0.04677,0.02949,0.01472,0.00559,0.00647,0.00724,0.02453,0.16318,0.385,0.80564,0.00589,0.7316,1.40784,0.00081,0.00499,0.00588,0,0.00322,0,1.43095,0.37803,0.14609,0.23711,0.01665,1.26805,0.32209,0.03984,0.10516,0.2154,1.31643,0.30725,0.24118,0.00139,2.09442,0.02868,0.7316,0.32209,0.30725,0.24118,1.40784,1.4769,1.43095,1.89059,2.09442,0.15997,0.51369
2026-01-26 13:00:00,1.3613,0,0.04673,0.02942,0.0147,0.00559,0.00645,0.00723,0.02448,0.16271,0.38396,0.80393,0.00588,0.73161,1.40755,0.00081,0.00498,0.00586,0,0.00321,0,1.43041,0.37682,0.14581,0.23648,0.01662,1.26364,0.32197,0.03949,0.10443,0.21525,1.313,0.30724,0.24109,0.00138,2.09043,0.0286,0.73161,0.32197,0.30724,0.24109,1.40755,1.47644,1.43041,1.88734,2.09043,0.15982,0.49539
2026-01-26 14:00:00,1.35897,0,0.04669,0.02938,0.01467,0.00558,0.00644,0.00723,0.02443,0.16219,0.38275,0.80215,0.00587,0.73163,1.40729,0.00082,0.00497,0.00586,0,0.0032,0,1.4299,0.37562,0.14553,0.23584,0.01659,1.25923,0.32186,0.03914,0.10356,0.21508,1.30955,0.30723,0.241,0.00137,2.08657,0.02852,0.73163,0.32186,0.30723,0.241,1.40729,1.47599,1.4299,1.88416,2.08657,0.15965,0.49382
2026-01-26 15:00:00,1.35664,0,0.04664,0.02935,0.01464,0.00558,0.00643,0.00722,0.02438,0.16171,0.38154,0.80035,0.00585,0.73166,1.40703,0.00082,0.00497,0.00586,0,0.00319,0,1.4294,0.37442,0.14525,0.23521,0.01656,1.25482,0.32175,0.03878,0.10267,0.21475,1.30594,0.30721,0.24091,0.00137,2.08282,0.02844,0.73166,0.32175,0.30721,0.24091,1.40703,1.47556,1.4294,1.88108,2.08282,0.15933,0.4933
2026-01-26 16:00:00,1.3543,0,0.04659,0.02932,0.01461,0.00557,0.00642,0.00721,0.02433,0.16138,0.38043,0.79851,0.00584,0.73168,1.40677,0.00082,0.00496,0.00585,0,0.00317,0,1.42894,0.37323,0.14496,0.23458,0.01653,1.2504,0.32164,0.03843,0.10175,0.21402,1.30191,0.3072,0.24084,0.00136,2.07918,0.02836,0.73168,0.32164,0.3072,0.24084,1.40677,1.47515,1.42894,1.87809,2.07918,0.1586,0.49304
2026-01-26 17:00:00,1.35197,0,0.04653,0.02927,0.01458,0.00556,0.00642,0.0072,0.02429,0.16055,0.37885,0.79652,0.00582,0.73169,1.40653,0.00083,0.00495,0.00584,0,0.00316,0,1.4285,0.37205,0.14468,0.23394,0.0165,1.24599,0.32153,0.03808,0.10082,0.21309,1.29771,0.30719,0.24076,0.00135,2.07565,0.02828,0.73169,0.32153,0.30719,0.24076,1.40653,1.47475,1.4285,1.87518,2.07565,0.15767,0.49288
2026-01-26 18:00:00,1.34964,0,0.04648,0.02923,0.01455,0.00556,0.00641,0.00719,0.02426,0.16021,0.37768,0.79442,0.00581,0.73172,1.40629,0.00083,0.00494,0.00583,0,0.00315,0,1.42807,0.37088,0.1444,0.23331,0.01647,1.24158,0.32142,0.03773,0.09986,0.21236,1.2937,0.30718,0.2407,0.00134,2.07222,0.0282,0.73172,0.32142,0.30718,0.2407,1.40629,1.47437,1.42807,1.87237,2.07222,0.15695,0.49278
2026-01-26 19:00:00,1.34722,0,0.04643,0.0292,0.01453,0.00555,0.0064,0.00719,0.02423,0.15985,0.3765,0.79237,0.00581,0.73174,1.40604,0.00083,0.00493,0.00582,0,0.00314,0,1.42767,0.36972,0.14382,0.23274,0.01645,1.23906,0.3213,0.03746,0.09926,0.21178,1.29036,0.30717,0.24063,0.00133,2.0689,0.02812,0.73174,0.3213,0.30717,0.24063,1.40604,1.47401,1.42767,1.86962,2.0689,0.15638,0.4927
2026-01-26 20:00:00,1.3448,0,0.04638,0.02917,0.0145,0.00555,0.00639,0.00718,0.0242,0.15898,0.37483,0.79021,0.0058,0.73176,1.40581,0.00083,0.00492,0.00582,0,0.00312,0,1.42729,0.36857,0.14324,0.23217,0.01642,1.23655,0.32119,0.0372,0.09867,0.21143,1.28723,0.30716,0.24056,0.00133,2.06568,0.02805,0.73176,0.32119,0.30716,0.24056,1.40581,1.47365,1.42729,1.86697,2.06568,0.15603,0.49264
2026-01-26 21:00:00,1.34238,0,0.04633,0.02914,0.01447,0.00555,0.00638,0.00717,0.02417,0.15858,0.37358,0.78802,0.00579,0.73179,1.40558,0.00084,0.00492,0.00582,0,0.00311,0,1.42692,0.36742,0.14265,0.23161,0.01639,1.23403,0.32108,0.03694,0.09808,0.21094,1.28398,0.30714,0.24051,0.00132,2.06254,0.02797,0.73179,0.32108,0.30714,0.24051,1.40558,1.4733,1.42692,1.86439,2.06254,0.15555,0.4926
2026-01-26 22:00:00,1.33995,0,0.04628,0.02909,0.01443,0.00553,0.00638,0.00716,0.02414,0.15814,0.37231,0.786,0.00578,0.73181,1.40536,0.00084,0.00491,0.00581,0,0.0031,0,1.42658,0.36631,0.14207,0.23104,0.01636,1.23151,0.32097,0.03667,0.09752,0.21011,1.28036,0.30713,0.24045,0.00132,2.05951,0.02789,0.73181,0.32097,0.30713,0.24045,1.40536,1.47298,1.42658,1.86188,2.05951,0.15472,0.49257
2026-01-26 23:00:00,1.33753,0,0.04623,0.02902,0.0144,0.00553,0.00637,0.00715,0.0241,0.15771,0.37107,0.78383,0.00577,0.73183,1.40514,0.00084,0.0049,0.0058,0,0.00308,0,1.42624,0.36525,0.14149,0.23047,0.01633,1.229,0.32086,0.0364,0.09696,0.20916,1.27663,0.30712,0.2404,0.00132,2.05656,0.02782,0.73183,0.32086,0.30712,0.2404,1.40514,1.47266,1.42624,1.85946,2.05656,0.15377,0.49254
2026-01-27 00:00:00,1.33511,0,0.04618,0.02896,0.01437,0.00552,0.00635,0.00715,0.02405,0.15772,0.37024,0.78161,0.00576,0.73186,1.40492,0.00084,0.00489,0.00579,0,0.00307,0,1.42592,0.36424,0.14091,0.2299,0.01631,1.22648,0.32075,0.03614,0.09639,0.20841,1.27311,0.30711,0.24035,0.00132,2.05371,0.02774,0.73186,0.32075,0.30711,0.24035,1.40492,1.47235,1.42592,1.85709,2.05371,0.15302,0.49251
2026-01-27 01:00:00,1.33831,0,0.04614,0.02892,0.01436,0.00552,0.00634,0.00715,0.02399,0.15722,0.36894,0.77959,0.00575,0.73189,1.40471,0.00084,0.00488,0.00578,0,0.00306,0,1.42562,0.36326,0.1409,0.22965,0.01628,1.22527,0.32063,0.03625,0.09733,0.20791,1.2718,0.3071,0.2403,0.00132,2.05095,0.02766,0.73189,0.32063,0.3071,0.2403,1.40471,1.47205,1.42562,1.8548,2.05095,0.15253,0.49249
2026-01-27 02:00:00,1.3415,0,0.0461,0.02888,0.01433,0.00552,0.00632,0.00714,0.02394,0.15715,0.36823,0.77771,0.00574,0.73191,1.40449,0.00084,0.00488,0.00579,0,0.00305,0,1.42532,0.36231,0.14088,0.22939,0.01625,1.22405,0.32052,0.03636,0.09841,0.20772,1.27077,0.30709,0.24025,0.00132,2.04825,0.02759,0.73191,0.32052,0.30709,0.24025,1.40449,1.47175,1.42532,1.85258,2.04825,0.15234,0.49248
2026-01-27 03:00:00,1.3447,0,0.04605,0.02885,0.01429,0.00551,0.00631,0.00714,0.0239,0.15658,0.36718,0.77607,0.00573,0.73195,1.40429,0.00085,0.00487,0.00578,0,0.00304,0,1.42504,0.36138,0.14087,0.22914,0.01623,1.22284,0.32042,0.03647,0.09957,0.20756,1.26979,0.30707,0.24022,0.00132,2.04565,0.02751,0.73195,0.32042,0.30707,0.24022,1.40429,1.47146,1.42504,1.85042,2.04565,0.15218,0.49246
2026-01-27 04:00:00,1.34789,0,0.04601,0.0288,0.01426,0.00549,0.0063,0.00713,0.02386,0.15621,0.36651,0.7745,0.00572,0.73198,1.40409,0.00085,0.00486,0.00577,0,0.00303,0,1.42477,0.36052,0.14086,0.22888,0.0162,1.22163,0.32031,0.03658,0.10076,0.20754,1.26894,0.30706,0.24019,0.00131,2.04311,0.02743,0.73198,0.32031,0.30706,0.24019,1.40409,1.47119,1.42477,1.84833,2.04311,0.15216,0.49245
2026-01-27 05:00:00,1.35109,0,0.04596,0.02873,0.01424,0.00548,0.00629,0.00712,0.02382,0.15582,0.3659,0.773,0.00571,0.73201,1.40389,0.00085,0.00486,0.00577,0,0.00302,0,1.4245,0.35976,0.14084,0.22863,0.01617,1.22041,0.3202,0.03669,0.10197,0.20761,1.2682,0.30705,0.24013,0.0013,2.04066,0.02736,0.73201,0.3202,0.30705,0.24013,1.40389,1.47092,1.4245,1.84628,2.04066,0.15223,0.49244
2026-01-27 06:00:00,1.35428,0,0.04592,0.02867,0.01421,0.00547,0.00627,0.00711,0.02378,0.1554,0.36535,0.77164,0.0057,0.73203,1.4037,0.00085,0.00485,0.00576,0,0.00301,0,1.42426,0.35909,0.14083,0.22837,0.01615,1.2192,0.32009,0.0368,0.10318,0.20765,1.2674,0.30704,0.2401,0.00129,2.03828,0.02728,0.73203,0.32009,0.30704,0.2401,1.4037,1.47065,1.42426,1.84431,2.03828,0.15227,0.49243
2026-01-27 07:00:00,1.35665,0,0.04588,0.02862,0.01419,0.00547,0.00626,0.0071,0.02375,0.15501,0.36481,0.77031,0.00569,0.73207,1.40351,0.00085,0.00484,0.00575,0,0.003,0,1.42401,0.35848,0.14115,0.22844,0.01612,1.21866,0.31999,0.03662,0.10244,0.20772,1.26455,0.30703,0.24007,0.00129,2.03595,0.02721,0.73207,0.31999,0.30703,0.24007,1.40351,1.4704,1.42401,1.84239,2.03595,0.15234,0.49242
2026-01-27 08:00:00,1.35903,0,0.04584,0.02858,0.01416,0.00547,0.00625,0.0071,0.02371,0.15442,0.36399,0.76914,0.00568,0.7321,1.40331,0.00086,0.00483,0.00575,0,0.00299,0,1.42378,0.35791,0.14148,0.2285,0.0161,1.21812,0.31987,0.03644,0.10159,0.20778,1.26169,0.30702,0.24003,0.00128,2.03371,0.02713,0.7321,0.31987,0.30702,0.24003,1.40331,1.47015,1.42378,1.84054,2.03371,0.1524,0.49241
2026-01-27 09:00:00,1.3614,0,0.04579,0.02855,0.01413,0.00546,0.00624,0.00709,0.02367,0.15382,0.36312,0.76802,0.00567,0.73213,1.40312,0.00086,0.00483,0.00575,0,0.00298,0,1.42355,0.35738,0.1418,0.22857,0.01607,1.21758,0.31976,0.03627,0.1007,0.20785,1.25886,0.307,0.24,0.00128,2.03152,0.02705,0.73213,0.31976,0.307,0.24,1.40312,1.4699,1.42355,1.83873,2.03152,0.15248,0.4924
2026-01-27 10:00:00,1.36377,0,0.04573,0.0285,0.01409,0.00545,0.00623,0.00708,0.02361,0.15312,0.3621,0.76692,0.00566,0.73216,1.40294,0.00085,0.00482,0.00574,0,0.00296,0,1.42333,0.35686,0.14212,0.22864,0.01604,1.21703,0.31966,0.03609,0.0998,0.208,1.25609,0.30699,0.23997,0.00127,2.0294,0.02698,0.73216,0.31966,0.30699,0.23997,1.40294,1.46966,1.42333,1.83698,2.0294,0.15263,0.4924
2026-01-27 11:00:00,1.36615,0,0.04568,0.02843,0.01406,0.00544,0.00623,0.00707,0.02357,0.1525,0.36114,0.7657,0.00565,0.7322,1.40276,0.00086,0.00481,0.00573,0,0.00295,0,1.42312,0.35631,0.14245,0.2287,0.01602,1.21649,0.31955,0.03591,0.09887,0.20818,1.25334,0.30698,0.23995,0.00127,2.02735,0.0269,0.7322,0.31955,0.30698,0.23995,1.40276,1.46943,1.42312,1.83527,2.02735,0.15281,0.49239
2026-01-27 12:00:00,1.36852,0,0.04563,0.02837,0.01403,0.00544,0.00622,0.00706,0.02354,0.15192,0.36015,0.76434,0.00563,0.73222,1.40258,0.00086,0.0048,0.00572,0,0.00294,0,1.42291,0.35574,0.14277,0.22877,0.01599,1.21595,0.31944,0.03573,0.09793,0.20831,1.25056,0.30697,0.23991,0.00127,2.02535,0.02683,0.73222,0.31944,0.30697,0.23991,1.40258,1.46921,1.42291,1.83362,2.02535,0.15295,0.48986
2026-01-27 13:00:00,1.36482,0,0.04558,0.02832,0.01401,0.00544,0.00621,0.00706,0.0235,0.15132,0.35906,0.76282,0.00562,0.73226,1.40241,0.00086,0.00479,0.00572,0,0.00293,0,1.42272,0.35516,0.14237,0.22867,0.01597,1.2141,0.31933,0.03537,0.09695,0.20834,1.24741,0.30696,0.23989,0.00127,2.02341,0.02676,0.73226,0.31933,0.30696,0.23989,1.40241,1.46898,1.42272,1.83201,2.02341,0.15298,0.48711
2026-01-27 14:00:00,1.36112,0,0.04553,0.02828,0.01398,0.00543,0.0062,0.00705,0.02346,0.15067,0.35779,0.76117,0.00562,0.7323,1.40223,0.00087,0.00478,0.00571,0,0.00292,0,1.42252,0.35456,0.14197,0.22856,0.01594,1.21224,0.31921,0.03501,0.09592,0.20823,1.24409,0.30695,0.23987,0.00127,2.02152,0.02668,0.7323,0.31921,0.30695,0.23987,1.40223,1.46875,1.42252,1.83045,2.02152,0.15287,0.48674
2026-01-27 15:00:00,1.35742,0,0.04548,0.02825,0.01395,0.00543,0.00619,0.00705,0.02342,0.15004,0.3565,0.75949,0.00561,0.73232,1.40206,0.00087,0.00477,0.00571,0,0.00291,0,1.42233,0.35395,0.14157,0.22846,0.01592,1.21039,0.3191,0.03466,0.09486,0.20798,1.24067,0.30694,0.23984,0.00127,2.01969,0.02661,0.73232,0.3191,0.30694,0.23984,1.40206,1.46854,1.42233,1.82893,2.01969,0.15262,0.48637
2026-01-27 16:00:00,1.35372,0,0.04543,0.0282,0.01392,0.00541,0.00618,0.00705,0.02339,0.14955,0.35529,0.75772,0.00559,0.73236,1.40189,0.00087,0.00477,0.00571,0,0.00289,0,1.42215,0.35321,0.14116,0.22835,0.01589,1.20853,0.319,0.0343,0.09375,0.20728,1.23678,0.30693,0.23982,0.00127,2.01791,0.02654,0.73236,0.319,0.30693,0.23982,1.40189,1.46832,1.42215,1.82746,2.01791,0.15193,0.486
2026-01-27 17:00:00,1.35002,0,0.04538,0.02812,0.0139,0.0054,0.00617,0.00704,0.02335,0.14861,0.35362,0.7558,0.00558,0.7324,1.40173,0.00088,0.00476,0.0057,0,0.00288,0,1.42197,0.35222,0.14076,0.22825,0.01587,1.20668,0.31889,0.03394,0.09264,0.20636,1.23266,0.30692,0.23981,0.00126,2.01617,0.02646,0.7324,0.31889,0.30692,0.23981,1.40173,1.46811,1.42197,1.82603,2.01617,0.15101,0.48563
2026-01-27 18:00:00,1.34632,0,0.04533,0.02806,0.01388,0.00539,0.00616,0.00703,0.02331,0.14811,0.35235,0.75377,0.00558,0.73242,1.40157,0.00088,0.00475,0.00569,0,0.00287,0,1.42179,0.35106,0.14036,0.22814,0.01584,1.20482,0.31879,0.03358,0.09155,0.20565,1.22876,0.30691,0.23977,0.00125,2.01449,0.02639,0.73242,0.31879,0.30691,0.23977,1.40157,1.46791,1.42179,1.82464,2.01449,0.1503,0.48526
2026-01-27 19:00:00,1.3451,0,0.04529,0.02802,0.01386,0.00539,0.00615,0.00702,0.02327,0.1476,0.35107,0.75172,0.00557,0.73246,1.40141,0.00088,0.00474,0.00568,0,0.00286,0,1.42163,0.34974,0.13974,0.22776,0.01582,1.20221,0.31868,0.03337,0.09115,0.20508,1.22603,0.3069,0.23976,0.00124,2.01284,0.02632,0.73246,0.31868,0.3069,0.23976,1.40141,1.4677,1.42163,1.82329,2.01284,0.14974,0.4849
2026-01-27 20:00:00,1.34388,0,0.04525,0.02798,0.01383,0.00539,0.00613,0.00701,0.02322,0.14663,0.34941,0.74951,0.00555,0.7325,1.40124,0.00089,0.00473,0.00569,0,0.00285,0,1.42146,0.34832,0.13911,0.22739,0.0158,1.1996,0.31858,0.03316,0.0908,0.20476,1.22355,0.30689,0.23975,0.00123,2.01125,0.02624,0.7325,0.31858,0.30689,0.23975,1.40124,1.4675,1.42146,1.82198,2.01125,0.14942,0.48453
2026-01-27 21:00:00,1.34266,0,0.0452,0.02794,0.0138,0.00538,0.00612,0.00701,0.02318,0.1461,0.34814,0.74724,0.00554,0.73254,1.40108,0.00089,0.00473,0.00568,0,0.00284,0,1.42131,0.34681,0.13849,0.22702,0.01577,1.19699,0.31846,0.03295,0.09048,0.20432,1.22093,0.30687,0.23973,0.00123,2.00971,0.02617,0.73254,0.31846,0.30687,0.23973,1.40108,1.46731,1.42131,1.8207,2.00971,0.14898,0.48416
2026-01-27 22:00:00,1.34145,0,0.04516,0.02789,0.01378,0.00537,0.0061,0.007,0.02315,0.14557,0.34686,0.74511,0.00553,0.73257,1.40093,0.00089,0.00472,0.00566,0,0.00282,0,1.42114,0.34544,0.13787,0.22664,0.01575,1.19437,0.31836,0.03273,0.09019,0.20363,1.21806,0.30686,0.2397,0.00122,2.00819,0.0261,0.73257,0.31836,0.30686,0.2397,1.40093,1.46712,1.42114,1.81947,2.00819,0.14829,0.48379
2026-01-27 23:00:00,1.34023,0,0.04511,0.02782,0.01375,0.00536,0.00609,0.00699,0.02311,0.14501,0.34564,0.74284,0.00553,0.7326,1.40078,0.0009,0.00471,0.00566,0,0.00281,0,1.42099,0.34439,0.13724,0.22627,0.01573,1.19176,0.31825,0.03252,0.08991,0.20284,1.2151,0.30685,0.23969,0.00121,2.00673,0.02602,0.7326,0.31825,0.30685,0.23969,1.40078,1.46693,1.42099,1.81825,2.00673,0.1475,0.48342
2026-01-28 00:00:00,1.33901,0,0.04507,0.02776,0.01374,0.00536,0.00608,0.00698,0.02307,0.1449,0.3448,0.74055,0.00552,0.73264,1.40063,0.0009,0.0047,0.00565,0,0.0028,0,1.42084,0.34359,0.13662,0.22589,0.0157,1.18915,0.31815,0.03231,0.08963,0.20222,1.21231,0.30684,0.23968,0.0012,2.0053,0.02595,0.73264,0.31815,0.30684,0.23968,1.40063,1.46675,1.42084,1.81709,2.0053,0.14688,0.48305
2026-01-28 01:00:00,1.3544,0,0.04503,0.02771,0.01371,0.00535,0.00607,0.00697,0.02303,0.14442,0.34359,0.73858,0.00551,0.73267,1.40048,0.00091,0.00469,0.00564,0,0.00279,0,1.42069,0.34299,0.13731,0.22633,0.01568,1.19114,0.31805,0.03275,0.09254,0.20187,1.2155,0.30683,0.23965,0.00119,2.00391,0.02588,0.73267,0.31805,0.30683,0.23965,1.40048,1.46656,1.42069,1.81594,2.00391,0.14653,0.48354
2026-01-28 02:00:00,1.36979,0,0.04499,0.02767,0.01369,0.00535,0.00606,0.00697,0.02299,0.14448,0.343,0.73693,0.0055,0.73271,1.40033,0.00091,0.00469,0.00564,0,0.00278,0,1.42056,0.34254,0.138,0.22676,0.01566,1.19312,0.31794,0.0332,0.09568,0.20182,1.219,0.30682,0.23964,0.00119,2.00256,0.02581,0.73271,0.31794,0.30682,0.23964,1.40033,1.46637,1.42056,1.81484,2.00256,0.14649,0.48403
2026-01-28 03:00:00,1.38518,0,0.04495,0.02764,0.01366,0.00535,0.00605,0.00696,0.02296,0.14421,0.34212,0.73566,0.00549,0.73275,1.40019,0.00092,0.00468,0.00564,0,0.00277,0,1.42042,0.3422,0.1387,0.2272,0.01563,1.19511,0.31783,0.03364,0.09894,0.20188,1.22261,0.30681,0.23963,0.00118,2.00123,0.02574,0.73275,0.31783,0.30681,0.23963,1.40019,1.4662,1.42042,1.81376,2.00123,0.14656,0.48452
2026-01-28 04:00:00,1.40056,0,0.0449,0.02759,0.01364,0.00533,0.00604,0.00695,0.02293,0.14424,0.34165,0.73458,0.00548,0.73278,1.40004,0.00092,0.00467,0.00563,0,0.00276,0,1.42028,0.34248,0.13939,0.22763,0.01561,1.1971,0.31772,0.03408,0.10232,0.20238,1.22664,0.3068,0.23963,0.00118,1.99995,0.02567,0.73278,0.31772,0.3068,0.23963,1.40004,1.46602,1.42028,1.81271,1.99995,0.14706,0.48501
2026-01-28 05:00:00,1.41595,0,0.04486,0.02752,0.01361,0.00533,0.00604,0.00695,0.02288,0.14434,0.34133,0.73372,0.00547,0.73282,1.3999,0.00093,0.00467,0.00563,0,0.00275,0,1.42015,0.34376,0.14008,0.22807,0.01558,1.19908,0.31762,0.03453,0.10571,0.20311,1.23092,0.30679,0.2396,0.00118,1.9987,0.0256,0.73282,0.31762,0.30679,0.2396,1.3999,1.46584,1.42015,1.81168,1.9987,0.1478,0.48549
2026-01-28 06:00:00,1.43134,0,0.04482,0.02746,0.0136,0.00532,0.00603,0.00694,0.02284,0.14449,0.34115,0.73307,0.00546,0.73286,1.39977,0.00093,0.00466,0.00562,0,0.00274,0,1.42001,0.34582,0.14077,0.2285,0.01556,1.20107,0.31752,0.03497,0.10911,0.20367,1.23502,0.30678,0.23959,0.00118,1.99748,0.02553,0.73286,0.31752,0.30678,0.23959,1.39977,1.46568,1.42001,1.81068,1.99748,0.14836,0.48598
2026-01-28 07:00:00,1.43919,0,0.04478,0.02741,0.01357,0.00532,0.00602,0.00694,0.02279,0.14467,0.34108,0.73255,0.00545,0.73289,1.39963,0.00093,0.00465,0.00561,0,0.00273,0,1.41989,0.34848,0.14195,0.22993,0.01554,1.20701,0.31741,0.03514,0.10854,0.20413,1.23539,0.30677,0.23959,0.00118,1.99629,0.02546,0.73289,0.31741,0.30677,0.23959,1.39963,1.46551,1.41989,1.80971,1.99629,0.14882,0.48647
2026-01-28 08:00:00,1.44703,0,0.04474,0.02737,0.01355,0.00532,0.00601,0.00693,0.02275,0.14471,0.34084,0.73227,0.00545,0.73293,1.39948,0.00094,0.00464,0.00562,0,0.00272,0,1.41976,0.35161,0.14313,0.23137,0.01552,1.21296,0.31731,0.03531,0.10786,0.20442,1.23561,0.30676,0.23956,0.00118,1.99512,0.02539,0.73293,0.31731,0.30676,0.23956,1.39948,1.46535,1.41976,1.80877,1.99512,0.14911,0.48696
2026-01-28 09:00:00,1.45488,0,0.0447,0.02734,0.01352,0.00531,0.006,0.00692,0.02272,0.14474,0.34067,0.73218,0.00544,0.73297,1.39935,0.00094,0.00464,0.00561,0,0.00271,0,1.41963,0.3551,0.14431,0.2328,0.01549,1.2189,0.31719,0.03548,0.10713,0.20483,1.23593,0.30675,0.23955,0.00118,1.99399,0.02533,0.73297,0.31719,0.30675,0.23955,1.39935,1.46518,1.41963,1.80786,1.99399,0.14952,0.48744
2026-01-28 10:00:00,1.46272,0,0.04466,0.02729,0.0135,0.0053,0.00599,0.00692,0.02269,0.14468,0.34044,0.73221,0.00542,0.733,1.39922,0.00094,0.00463,0.0056,0,0.00269,0,1.41952,0.35815,0.14549,0.23423,0.01547,1.22484,0.31709,0.03566,0.10635,0.20551,1.23652,0.30674,0.23955,0.00117,1.99288,0.02526,0.733,0.31709,0.30674,0.23955,1.39922,1.46501,1.41952,1.80695,1.99288,0.1502,0.48793
2026-01-28 11:00:00,1.47057,0,0.04461,0.02721,0.01347,0.00529,0.00599,0.00691,0.02265,0.14467,0.34034,0.73227,0.00541,0.73304,1.39909,0.00095,0.00462,0.0056,0,0.00268,0,1.4194,0.36012,0.14667,0.23567,0.01545,1.23079,0.31699,0.03583,0.10557,0.2063,1.23724,0.30673,0.23953,0.00116,1.99181,0.02519,0.73304,0.31699,0.30673,0.23953,1.39909,1.46486,1.4194,1.80608,1.99181,0.15099,0.48842
2026-01-28 12:00:00,1.47841,0,0.04457,0.02715,0.01346,0.00529,0.00598,0.0069,0.02262,0.14475,0.3403,0.73227,0.0054,0.73308,1.39896,0.00095,0.00461,0.00559,0,0.00267,0,1.41929,0.36125,0.14785,0.2371,0.01542,1.23673,0.31688,0.036,0.10481,0.20692,1.23777,0.30672,0.23952,0.00115,1.99075,0.02512,0.73308,0.31688,0.30672,0.23952,1.39896,1.4647,1.41929,1.80523,1.99075,0.15161,0.49286
2026-01-28 13:00:00,1.47583,0,0.04453,0.02711,0.01344,0.00529,0.00597,0.00689,0.02259,0.14474,0.34013,0.73216,0.00539,0.73312,1.39883,0.00095,0.0046,0.0056,0,0.00266,0,1.41917,0.36173,0.14789,0.23806,0.0154,1.238,0.31678,0.03558,0.10355,0.2073,1.23541,0.30671,0.23951,0.00114,1.98972,0.02505,0.73312,0.31678,0.30671,0.23951,1.39883,1.46454,1.41917,1.80441,1.98972,0.152,0.49727
2026-01-28 14:00:00,1.47325,0,0.0445,0.02707,0.01341,0.00528,0.00596,0.00689,0.02257,0.14463,0.33982,0.73186,0.00538,0.73315,1.3987,0.00096,0.00459,0.00559,0,0.00265,0,1.41906,0.3617,0.14793,0.23902,0.01538,1.23927,0.31668,0.03517,0.10207,0.20744,1.23281,0.30671,0.2395,0.00114,1.98872,0.02498,0.73315,0.31668,0.30671,0.2395,1.3987,1.4644,1.41906,1.80359,1.98872,0.15214,0.49729
2026-01-28 15:00:00,1.47067,0,0.04446,0.02705,0.01339,0.00528,0.00595,0.00688,0.02253,0.1445,0.33941,0.73151,0.00536,0.73319,1.39857,0.00096,0.00459,0.00559,0,0.00264,0,1.41896,0.36128,0.14797,0.23999,0.01536,1.24054,0.31658,0.03476,0.10052,0.20753,1.23015,0.3067,0.23948,0.00113,1.98773,0.02492,0.73319,0.31658,0.3067,0.23948,1.39857,1.46424,1.41896,1.8028,1.98773,0.15223,0.49731
2026-01-28 16:00:00,1.46808,0,0.04441,0.02702,0.01336,0.00526,0.00595,0.00687,0.0225,0.14447,0.33907,0.73103,0.00535,0.73323,1.39845,0.00097,0.00458,0.00559,0,0.00263,0,1.41885,0.36047,0.148,0.24095,0.01533,1.24181,0.31646,0.03434,0.09885,0.20745,1.22731,0.30669,0.23948,0.00113,1.98677,0.02485,0.73323,0.31646,0.30669,0.23948,1.39845,1.46409,1.41885,1.80203,1.98677,0.15215,0.49734
2026-01-28 17:00:00,1.4655,0,0.04437,0.02698,0.01334,0.00525,0.00594,0.00686,0.02247,0.14395,0.33827,0.73037,0.00535,0.73326,1.39833,0.00097,0.00457,0.00559,0,0.00262,0,1.41874,0.35926,0.14804,0.24191,0.01531,1.24308,0.31636,0.03393,0.09717,0.20726,1.22438,0.30668,0.23947,0.00112,1.98584,0.02478,0.73326,0.31636,0.30668,0.23947,1.39833,1.46395,1.41874,1.80129,1.98584,0.15196,0.49737
2026-01-28 18:00:00,1.46292,0,0.04433,0.02694,0.01332,0.00524,0.00592,0.00685,0.02243,0.14386,0.33781,0.72954,0.00534,0.7333,1.39821,0.00098,0.00456,0.00558,0,0.00261,0,1.41864,0.35776,0.14808,0.24287,0.01529,1.24435,0.31626,0.03351,0.09549,0.20713,1.2215,0.30667,0.23945,0.00111,1.98491,0.02471,0.7333,0.31626,0.30667,0.23945,1.39821,1.4638,1.41864,1.80054,1.98491,0.15183,0.4974
2026-01-28 19:00:00,1.46178,0,0.04429,0.02691,0.0133,0.00524,0.00591,0.00685,0.0224,0.14372,0.33728,0.72862,0.00533,0.73334,1.39809,0.00098,0.00455,0.00557,0,0.0026,0,1.41854,0.35602,0.14763,0.24281,0.01527,1.24261,0.31615,0.03336,0.09516,0.20698,1.22007,0.30666,0.23944,0.0011,1.98402,0.02464,0.73334,0.31615,0.30666,0.23944,1.39809,1.46365,1.41854,1.79984,1.98402,0.15169,0.49743
2026-01-28 20:00:00,1.46063,0,0.04425,0.02689,0.01328,0.00524,0.00589,0.00685,0.02237,0.14306,0.33629,0.7275,0.00532,0.73337,1.39797,0.00098,0.00455,0.00558,0,0.00259,0,1.41845,0.35409,0.14718,0.24275,0.01525,1.24087,0.31605,0.03321,0.09489,0.20689,1.21869,0.30665,0.23944,0.00108,1.98313,0.02458,0.73337,0.31605,0.30665,0.23944,1.39797,1.46351,1.41845,1.79913,1.98313,0.1516,0.49747
2026-01-28 21:00:00,1.45949,0,0.04421,0.02685,0.01325,0.00523,0.00588,0.00684,0.02233,0.1428,0.33563,0.72627,0.00531,0.73341,1.39784,0.00098,0.00454,0.00557,0,0.00258,0,1.41835,0.35202,0.14672,0.2427,0.01523,1.23913,0.31595,0.03306,0.0947,0.20675,1.21727,0.30664,0.23942,0.00108,1.98228,0.02451,0.73341,0.31595,0.30664,0.23942,1.39784,1.46337,1.41835,1.79846,1.98228,0.15146,0.49752
2026-01-28 22:00:00,1.45835,0,0.04417,0.02681,0.01322,0.00522,0.00587,0.00683,0.0223,0.1425,0.3349,0.72511,0.0053,0.73345,1.39772,0.00098,0.00453,0.00556,0,0.00257,0,1.41825,0.35027,0.14627,0.24264,0.0152,1.23738,0.31584,0.03292,0.09452,0.20652,1.21576,0.30663,0.23941,0.00108,1.98143,0.02444,0.73345,0.31584,0.30663,0.23941,1.39772,1.46323,1.41825,1.79779,1.98143,0.15123,0.49757
2026-01-28 23:00:00,1.4572,0,0.04412,0.02674,0.0132,0.00521,0.00586,0.00682,0.02227,0.14216,0.33418,0.72374,0.0053,0.73349,1.3976,0.00099,0.00453,0.00556,0,0.00256,0,1.41816,0.34919,0.14582,0.24258,0.01518,1.23564,0.31574,0.03277,0.09435,0.20624,1.2142,0.30662,0.23941,0.00107,1.98061,0.02438,0.73349,0.31574,0.30662,0.23941,1.3976,1.4631,1.41816,1.79714,1.98061,0.15095,0.49762
2026-01-29 00:00:00,1.45606,0,0.04408,0.02668,0.01319,0.00521,0.00584,0.00682,0.02222,0.14226,0.33383,0.72227,0.00529,0.73353,1.39749,0.00099,0.00452,0.00555,0,0.00255,0,1.41807,0.34862,0.14537,0.24252,0.01516,1.2339,0.31563,0.03262,0.09423,0.20602,1.21269,0.30661,0.2394,0.00107,1.97981,0.02431,0.73353,0.31563,0.30661,0.2394,1.39749,1.46296,1.41807,1.7965,1.97981,0.15073,0.49769
2026-01-29 01:00:00,1.46562,0,0.04405,0.02664,0.01316,0.00521,0.00583,0.00682,0.02218,0.14192,0.33302,0.72098,0.00528,0.73357,1.39738,0.00099,0.00451,0.00554,0,0.00254,0,1.41799,0.34847,0.14565,0.24269,0.01514,1.23585,0.31553,0.03303,0.09668,0.20592,1.21638,0.3066,0.23938,0.00107,1.97901,0.02425,0.73357,0.31553,0.3066,0.23938,1.39738,1.46282,1.41799,1.79588,1.97901,0.15064,0.49777
2026-01-29 02:00:00,1.47518,0,0.04401,0.0266,0.01314,0.0052,0.00582,0.00682,0.02215,0.14212,0.33276,0.71987,0.00527,0.73361,1.39727,0.001,0.0045,0.00555,0,0.00253,0,1.4179,0.34862,0.14592,0.24287,0.01512,1.2378,0.31543,0.03344,0.09933,0.20598,1.22023,0.3066,0.23938,0.00107,1.97824,0.02418,0.73361,0.31543,0.3066,0.23938,1.39727,1.46269,1.4179,1.79528,1.97824,0.1507,0.49787
2026-01-29 03:00:00,1.48474,0,0.04397,0.02657,0.01311,0.0052,0.00581,0.00681,0.02211,0.14191,0.33219,0.71904,0.00526,0.73364,1.39714,0.001,0.0045,0.00554,0,0.00252,0,1.41781,0.34902,0.14619,0.24304,0.0151,1.23975,0.31533,0.03385,0.10214,0.20615,1.22419,0.30659,0.23937,0.00107,1.97747,0.02412,0.73364,0.31533,0.30659,0.23937,1.39714,1.46255,1.41781,1.79467,1.97747,0.15087,0.49799
2026-01-29 04:00:00,1.49429,0,0.04392,0.02652,0.01309,0.00519,0.0058,0.00681,0.02207,0.14198,0.33198,0.71829,0.00526,0.73368,1.39703,0.001,0.00449,0.00554,0,0.00251,0,1.41773,0.34976,0.14647,0.24321,0.01508,1.24169,0.31522,0.03426,0.105,0.20669,1.22852,0.30658,0.23937,0.00107,1.97673,0.02405,0.73368,0.31522,0.30658,0.23937,1.39703,1.46242,1.41773,1.7941,1.97673,0.15142,0.49813
2026-01-29 05:00:00,1.50385,0,0.04388,0.02645,0.01307,0.00518,0.0058,0.00681,0.02203,0.14207,0.33192,0.71764,0.00525,0.73372,1.39692,0.00101,0.00448,0.00553,0,0.0025,0,1.41764,0.35091,0.14675,0.24339,0.01506,1.24364,0.31512,0.03467,0.10787,0.20744,1.23305,0.30657,0.23935,0.00106,1.976,0.02399,0.73372,0.31512,0.30657,0.23935,1.39692,1.46229,1.41764,1.79352,1.976,0.15217,0.49832
2026-01-29 06:00:00,1.51341,0,0.04384,0.02639,0.01305,0.00518,0.00579,0.0068,0.02199,0.14221,0.33194,0.71714,0.00523,0.73375,1.39681,0.00101,0.00447,0.00553,0,0.00249,0,1.41756,0.35239,0.14702,0.24356,0.01504,1.24559,0.31501,0.03508,0.11073,0.20801,1.23741,0.30656,0.23935,0.00105,1.97527,0.02392,0.73375,0.31501,0.30656,0.23935,1.39681,1.46216,1.41756,1.79298,1.97527,0.15274,0.49857
2026-01-29 07:00:00,1.51491,0,0.0438,0.02635,0.01303,0.00517,0.00578,0.0068,0.02195,0.14237,0.33203,0.71669,0.00522,0.73379,1.39671,0.00101,0.00446,0.00553,0,0.00248,0,1.41748,0.35412,0.1476,0.24449,0.01502,1.24936,0.31491,0.03511,0.11021,0.20845,1.23679,0.30655,0.23935,0.00104,1.97458,0.02386,0.73379,0.31491,0.30655,0.23935,1.39671,1.46204,1.41748,1.79242,1.97458,0.15318,0.49893
2026-01-29 08:00:00,1.51641,0,0.04377,0.02631,0.01302,0.00517,0.00577,0.00679,0.02191,0.14232,0.33192,0.71643,0.00521,0.73383,1.3966,0.00102,0.00446,0.00552,0,0.00247,0,1.41739,0.35604,0.14818,0.24542,0.015,1.25313,0.31481,0.03513,0.10955,0.20867,1.23594,0.30655,0.23933,0.00103,1.97388,0.02379,0.73383,0.31481,0.30655,0.23933,1.3966,1.46191,1.41739,1.7919,1.97388,0.15341,0.49945
2026-01-29 09:00:00,1.51792,0,0.04373,0.02627,0.013,0.00517,0.00576,0.00679,0.02186,0.14225,0.33182,0.71628,0.0052,0.73386,1.39648,0.00103,0.00445,0.00551,0,0.00246,0,1.41732,0.35811,0.14877,0.24635,0.01498,1.2569,0.31471,0.03516,0.10881,0.20897,1.23519,0.30654,0.23932,0.00103,1.9732,0.02373,0.73386,0.31471,0.30654,0.23932,1.39648,1.46178,1.41732,1.79136,1.9732,0.15371,0.50033
2026-01-29 10:00:00,1.51942,0,0.04368,0.02622,0.01298,0.00515,0.00575,0.00679,0.02182,0.14206,0.33164,0.71622,0.00519,0.73391,1.39637,0.00103,0.00444,0.00551,0,0.00245,0,1.41724,0.35978,0.14935,0.24727,0.01496,1.26066,0.31461,0.03518,0.10805,0.20939,1.23453,0.30653,0.23932,0.00103,1.97253,0.02367,0.73391,0.31461,0.30653,0.23932,1.39637,1.46166,1.41724,1.79086,1.97253,0.15413,0.5021
2026-01-29 11:00:00,1.52092,0,0.04364,0.02615,0.01297,0.00515,0.00575,0.00678,0.02178,0.14192,0.33154,0.71611,0.00518,0.73395,1.39627,0.00104,0.00444,0.00551,0,0.00244,0,1.41717,0.36064,0.14993,0.2482,0.01494,1.26443,0.3145,0.03521,0.10726,0.20984,1.23393,0.30652,0.23932,0.00103,1.97187,0.0236,0.73395,0.3145,0.30652,0.23932,1.39627,1.46153,1.41717,1.79035,1.97187,0.15458,0.50738
2026-01-29 12:00:00,1.52242,0,0.0436,0.02609,0.01295,0.00514,0.00574,0.00678,0.02175,0.14185,0.3315,0.71591,0.00517,0.73398,1.39617,0.00104,0.00443,0.0055,0,0.00243,0,1.4171,0.36085,0.15051,0.24913,0.01492,1.2682,0.31439,0.03523,0.10646,0.2102,1.23321,0.30651,0.2393,0.00103,1.97123,0.02354,0.73398,0.31439,0.30651,0.2393,1.39617,1.4614,1.4171,1.78987,1.97123,0.15494,0.50677
2026-01-29 13:00:00,1.51585,0,0.04356,0.02605,0.01294,0.00514,0.00573,0.00677,0.02171,0.14172,0.3313,0.71557,0.00516,0.73402,1.39606,0.00105,0.00442,0.00549,0,0.00242,0,1.41702,0.36056,0.15033,0.24968,0.0149,1.26793,0.31429,0.03488,0.10486,0.2104,1.22965,0.3065,0.2393,0.00103,1.97059,0.02348,0.73402,0.31429,0.3065,0.2393,1.39606,1.46129,1.41702,1.78937,1.97059,0.15514,0.50351
2026-01-29 14:00:00,1.50928,0,0.04353,0.02601,0.01292,0.00514,0.00572,0.00676,0.02168,0.14146,0.33092,0.71507,0.00516,0.73406,1.39596,0.00105,0.00441,0.0055,0,0.00241,0,1.41695,0.35988,0.15014,0.25023,0.01488,1.26767,0.31419,0.03453,0.10316,0.21043,1.22593,0.3065,0.2393,0.00103,1.96997,0.02342,0.73406,0.31419,0.3065,0.2393,1.39596,1.46116,1.41695,1.78891,1.96997,0.15518,0.51169
2026-01-29 15:00:00,1.50272,0,0.04348,0.02599,0.01289,0.00513,0.00571,0.00676,0.02165,0.14122,0.33046,0.71452,0.00515,0.73409,1.39585,0.00106,0.0044,0.00549,0,0.0024,0,1.41687,0.35891,0.14996,0.25078,0.01486,1.2674,0.31409,0.03418,0.10137,0.21042,1.22216,0.30649,0.23929,0.00103,1.96936,0.02335,0.73409,0.31409,0.30649,0.23929,1.39585,1.46104,1.41687,1.78843,1.96936,0.15517,0.51442
2026-01-29 16:00:00,1.49615,0,0.04344,0.02596,0.01287,0.00512,0.00571,0.00675,0.02161,0.14108,0.33005,0.71385,0.00513,0.73413,1.39575,0.00106,0.0044,0.00548,0,0.00239,0,1.4168,0.35767,0.14978,0.25132,0.01484,1.26713,0.31399,0.03382,0.09955,0.21022,1.21821,0.30648,0.23928,0.00102,1.96875,0.02329,0.73413,0.31399,0.30648,0.23928,1.39575,1.46093,1.4168,1.78799,1.96875,0.15498,0.51578
2026-01-29 17:00:00,1.48958,0,0.0434,0.02592,0.01286,0.00511,0.0057,0.00674,0.02158,0.14045,0.32918,0.71298,0.00512,0.73417,1.39564,0.00107,0.00439,0.00548,0,0.00238,0,1.41674,0.35619,0.14959,0.25187,0.01482,1.26687,0.31388,0.03347,0.09768,0.20993,1.21415,0.30647,0.23928,0.00101,1.96816,0.02323,0.73417,0.31388,0.30647,0.23928,1.39564,1.46081,1.41674,1.78754,1.96816,0.15469,0.5166
2026-01-29 18:00:00,1.48301,0,0.04336,0.02588,0.01284,0.00511,0.00569,0.00673,0.02155,0.14027,0.32866,0.71195,0.00512,0.73421,1.39554,0.00107,0.00438,0.00547,0,0.00237,0,1.41666,0.35454,0.14941,0.25242,0.0148,1.2666,0.31378,0.03312,0.09585,0.20971,1.21017,0.30646,0.23927,0.001,1.96757,0.02317,0.73421,0.31378,0.30646,0.23927,1.39554,1.46069,1.41666,1.7871,1.96757,0.15447,0.51714
2026-01-29 19:00:00,1.48043,0,0.04332,0.02585,0.01282,0.00511,0.00568,0.00673,0.0215,0.14005,0.32806,0.71085,0.00511,0.73425,1.39544,0.00108,0.00437,0.00547,0,0.00236,0,1.4166,0.35273,0.14895,0.25186,0.01479,1.26559,0.31368,0.033,0.09569,0.20952,1.20841,0.30645,0.23927,0.00099,1.967,0.02311,0.73425,0.31368,0.30645,0.23927,1.39544,1.46058,1.4166,1.78667,1.967,0.15428,0.51753
2026-01-29 20:00:00,1.47784,0,0.04329,0.02582,0.01281,0.0051,0.00567,0.00672,0.02147,0.1393,0.32702,0.70958,0.0051,0.73429,1.39535,0.00108,0.00437,0.00547,0,0.00235,0,1.41653,0.35082,0.14849,0.2513,0.01477,1.26458,0.31358,0.03287,0.09566,0.2094,1.20672,0.30645,0.23926,0.00099,1.96643,0.02305,0.73429,0.31358,0.30645,0.23926,1.39535,1.46046,1.41653,1.78624,1.96643,0.15417,0.51782
2026-01-29 21:00:00,1.47526,0,0.04325,0.02579,0.01279,0.00509,0.00566,0.00671,0.02144,0.13899,0.32633,0.70824,0.00509,0.73433,1.39524,0.00109,0.00436,0.00547,0,0.00235,0,1.41646,0.34882,0.14802,0.25075,0.01475,1.26357,0.31348,0.03275,0.09566,0.20925,1.205,0.30644,0.23926,0.00098,1.96587,0.02299,0.73433,0.31348,0.30644,0.23926,1.39524,1.46034,1.41646,1.78582,1.96587,0.15402,0.51805
2026-01-29 22:00:00,1.47268,0,0.04322,0.02575,0.01277,0.00508,0.00566,0.0067,0.02141,0.13865,0.32557,0.70699,0.00508,0.73436,1.39514,0.0011,0.00435,0.00547,0,0.00234,0,1.41641,0.34724,0.14756,0.25019,0.01473,1.26256,0.31338,0.03263,0.09568,0.20901,1.20317,0.30643,0.23925,0.00098,1.96532,0.02292,0.73436,0.31338,0.30643,0.23925,1.39514,1.46023,1.41641,1.78542,1.96532,0.15378,0.51823
2026-01-29 23:00:00,1.47009,0,0.04319,0.02568,0.01276,0.00506,0.00565,0.00669,0.02138,0.13828,0.32483,0.70554,0.00507,0.7344,1.39504,0.0011,0.00435,0.00547,0,0.00233,0,1.41634,0.34646,0.1471,0.24963,0.01471,1.26155,0.31328,0.0325,0.0957,0.20874,1.20132,0.30642,0.23924,0.00098,1.96477,0.02286,0.7344,0.31328,0.30642,0.23924,1.39504,1.46012,1.41634,1.78501,1.96477,0.15351,0.51838
2026-01-30 00:00:00,1.46751,0,0.04316,0.02562,0.01275,0.00506,0.00563,0.0067,0.02135,0.13837,0.32446,0.70402,0.00507,0.73444,1.39495,0.00111,0.00434,0.00546,0,0.00232,0,1.41628,0.34632,0.14664,0.24907,0.01469,1.26054,0.31318,0.03238,0.09575,0.20853,1.19954,0.30641,0.23924,0.00098,1.96423,0.0228,0.73444,0.31318,0.30641,0.23924,1.39495,1.46,1.41628,1.78462,1.96423,0.1533,0.51851
2026-01-30 01:00:00,1.47982,0,0.04313,0.02558,0.01273,0.00506,0.00562,0.00669,0.02131,0.13803,0.32366,0.70275,0.00506,0.73447,1.39485,0.00111,0.00433,0.00546,0,0.00231,0,1.41622,0.34667,0.14712,0.24933,0.01467,1.26299,0.31308,0.03294,0.09893,0.20844,1.20466,0.3064,0.23923,0.00098,1.96371,0.02274,0.73447,0.31308,0.3064,0.23923,1.39485,1.4599,1.41622,1.78423,1.96371,0.15322,0.51861
2026-01-30 02:00:00,1.49212,0,0.0431,0.02554,0.01271,0.00506,0.0056,0.00668,0.02127,0.13825,0.32346,0.70172,0.00505,0.73451,1.39476,0.00112,0.00433,0.00545,0,0.0023,0,1.41615,0.34739,0.1476,0.24958,0.01465,1.26545,0.31298,0.03349,0.10235,0.2085,1.20993,0.3064,0.23923,0.00098,1.96318,0.02268,0.73451,0.31298,0.3064,0.23923,1.39476,1.45978,1.41615,1.78385,1.96318,0.15329,0.5187
2026-01-30 03:00:00,1.50443,0,0.04307,0.02551,0.01269,0.00505,0.00559,0.00667,0.02124,0.13807,0.32298,0.70102,0.00504,0.73456,1.39466,0.00112,0.00432,0.00546,0,0.00229,0,1.4161,0.34842,0.14808,0.24984,0.01464,1.2679,0.31288,0.03405,0.10594,0.2087,1.21533,0.30639,0.23923,0.00098,1.96267,0.02262,0.73456,0.31288,0.30639,0.23923,1.39466,1.45968,1.4161,1.78347,1.96267,0.15349,0.51878
2026-01-30 04:00:00,1.51674,0,0.04303,0.02546,0.01266,0.00504,0.00558,0.00667,0.0212,0.13818,0.32287,0.70047,0.00503,0.73459,1.39456,0.00113,0.00431,0.00545,0,0.00228,0,1.41603,0.34982,0.14856,0.2501,0.01462,1.27035,0.31278,0.03461,0.10958,0.20932,1.22114,0.30638,0.23923,0.00098,1.96215,0.02256,0.73459,0.31278,0.30638,0.23923,1.39456,1.45957,1.41603,1.7831,1.96215,0.15411,0.51885
2026-01-30 05:00:00,1.52904,0,0.04299,0.02539,0.01265,0.00503,0.00557,0.00666,0.02116,0.13835,0.32294,0.70006,0.00502,0.73463,1.39446,0.00113,0.00431,0.00545,0,0.00227,0,1.41598,0.35166,0.14904,0.25035,0.0146,1.27281,0.31268,0.03516,0.11326,0.21014,1.22717,0.30637,0.23921,0.00098,1.96165,0.0225,0.73463,0.31268,0.30637,0.23921,1.39446,1.45946,1.41598,1.78274,1.96165,0.15493,0.51891
2026-01-30 06:00:00,1.54135,0,0.04296,0.02533,0.01264,0.00503,0.00556,0.00666,0.02112,0.13857,0.32313,0.69986,0.00501,0.73467,1.39437,0.00113,0.0043,0.00544,0,0.00226,0,1.41592,0.35385,0.14952,0.25061,0.01458,1.27526,0.31257,0.03572,0.11695,0.21076,1.23299,0.30636,0.23921,0.00098,1.96116,0.02244,0.73467,0.31257,0.30636,0.23921,1.39437,1.45936,1.41592,1.78237,1.96116,0.15556,0.51896
2026-01-30 07:00:00,1.54377,0,0.04293,0.02529,0.01262,0.00502,0.00554,0.00665,0.02109,0.13881,0.32342,0.69976,0.00499,0.73471,1.39428,0.00114,0.00429,0.00545,0,0.00225,0,1.41586,0.3563,0.15034,0.25235,0.01456,1.281,0.31247,0.03586,0.11641,0.21126,1.23294,0.30636,0.23921,0.00098,1.96067,0.02238,0.73471,0.31247,0.30636,0.23921,1.39428,1.45925,1.41586,1.78203,1.96067,0.15606,0.51901
2026-01-30 08:00:00,1.54619,0,0.04289,0.02525,0.0126,0.00502,0.00553,0.00665,0.02105,0.13892,0.32352,0.69987,0.00498,0.73474,1.39419,0.00114,0.00429,0.00544,0,0.00224,0,1.41581,0.35897,0.15116,0.25409,0.01455,1.28674,0.31237,0.03599,0.11574,0.21154,1.23265,0.30635,0.23919,0.00098,1.96019,0.02232,0.73474,0.31237,0.30635,0.23919,1.39419,1.45914,1.41581,1.78167,1.96019,0.15634,0.51905
2026-01-30 09:00:00,1.54862,0,0.04285,0.02523,0.01258,0.00502,0.00553,0.00665,0.02101,0.13902,0.32363,0.70014,0.00498,0.73478,1.3941,0.00115,0.00428,0.00544,0,0.00224,0,1.41576,0.36179,0.15198,0.25583,0.01453,1.29248,0.31228,0.03613,0.11495,0.21191,1.23246,0.30634,0.23919,0.00098,1.9597,0.02227,0.73478,0.31228,0.30634,0.23919,1.3941,1.45904,1.41576,1.78134,1.9597,0.15671,0.51909
2026-01-30 10:00:00,1.55104,0,0.04281,0.0252,0.01258,0.005,0.00552,0.00664,0.02098,0.13903,0.3237,0.70053,0.00497,0.73482,1.39399,0.00115,0.00427,0.00545,0,0.00223,0,1.41571,0.36431,0.1528,0.25757,0.01451,1.29821,0.31218,0.03627,0.11413,0.21249,1.23247,0.30634,0.23919,0.00098,1.95923,0.02221,0.73482,0.31218,0.30634,0.23919,1.39399,1.45893,1.41571,1.781,1.95923,0.15728,0.51913
2026-01-30 11:00:00,1.55346,0,0.04277,0.02516,0.01256,0.005,0.00551,0.00664,0.02095,0.13911,0.32387,0.70091,0.00497,0.73486,1.3939,0.00115,0.00427,0.00544,0,0.00222,0,1.41565,0.36618,0.15362,0.25931,0.01449,1.30395,0.31208,0.0364,0.11326,0.21312,1.23253,0.30633,0.23918,0.00098,1.95877,0.02215,0.73486,0.31208,0.30633,0.23918,1.3939,1.45882,1.41565,1.78066,1.95877,0.15791,0.51916
2026-01-30 12:00:00,1.55588,0,0.04273,0.02512,0.01255,0.00499,0.0055,0.00664,0.02092,0.13927,0.32411,0.7012,0.00496,0.7349,1.39382,0.00116,0.00426,0.00544,0,0.00221,0,1.41559,0.36752,0.15444,0.26105,0.01448,1.30969,0.31197,0.03654,0.11243,0.21363,1.23249,0.30632,0.23918,0.00098,1.95831,0.02209,0.7349,0.31197,0.30632,0.23918,1.39382,1.45872,1.41559,1.78034,1.95831,0.15842,0.52581
2026-01-30 13:00:00,1.54995,0,0.0427,0.02509,0.01253,0.00499,0.00549,0.00663,0.02088,0.13935,0.32422,0.70137,0.00495,0.73494,1.39373,0.00117,0.00425,0.00544,0,0.0022,0,1.41555,0.36847,0.15442,0.26199,0.01446,1.31117,0.31187,0.03626,0.1114,0.21394,1.23029,0.30632,0.23918,0.00098,1.95785,0.02203,0.73494,0.31187,0.30632,0.23918,1.39373,1.45861,1.41555,1.78001,1.95785,0.15874,0.53216
2026-01-30 14:00:00,1.54402,0,0.04266,0.02506,0.01252,0.00499,0.00548,0.00664,0.02085,0.1393,0.32414,0.7014,0.00494,0.73497,1.39364,0.00117,0.00425,0.00544,0,0.00219,0,1.41549,0.36911,0.15439,0.26294,0.01444,1.31265,0.31178,0.03598,0.11024,0.21405,1.22789,0.30631,0.23917,0.00098,1.9574,0.02197,0.73497,0.31178,0.30631,0.23917,1.39364,1.4585,1.41549,1.77969,1.9574,0.15885,0.53218
2026-01-30 15:00:00,1.53809,0,0.04262,0.02503,0.0125,0.00498,0.00547,0.00663,0.02081,0.13925,0.32398,0.70136,0.00493,0.73501,1.39355,0.00118,0.00424,0.00543,0,0.00218,0,1.41543,0.3695,0.15437,0.26388,0.01443,1.31414,0.31168,0.0357,0.109,0.21413,1.22546,0.3063,0.23916,0.00098,1.95695,0.02191,0.73501,0.31168,0.3063,0.23916,1.39355,1.45841,1.41543,1.77938,1.95695,0.15893,0.5322
2026-01-30 16:00:00,1.53216,0,0.04258,0.02499,0.0125,0.00497,0.00547,0.00662,0.02078,0.13929,0.32388,0.70124,0.00493,0.73505,1.39345,0.00119,0.00423,0.00544,0,0.00217,0,1.41539,0.36949,0.15435,0.26482,0.01441,1.31562,0.31158,0.03542,0.10769,0.2141,1.2229,0.3063,0.23916,0.00098,1.95651,0.02186,0.73505,0.31158,0.3063,0.23916,1.39345,1.4583,1.41539,1.77907,1.95651,0.1589,0.53222
2026-01-30 17:00:00,1.52623,0,0.04254,0.02492,0.01248,0.00496,0.00546,0.00662,0.02075,0.13877,0.32331,0.70093,0.00492,0.73508,1.39336,0.00119,0.00423,0.00543,0,0.00216,0,1.41533,0.36894,0.15432,0.26577,0.0144,1.3171,0.31148,0.03514,0.10639,0.21399,1.22028,0.30629,0.23915,0.00098,1.95607,0.0218,0.73508,0.31148,0.30629,0.23915,1.39336,1.4582,1.41533,1.77875,1.95607,0.15879,0.53224
2026-01-30 18:00:00,1.5203,0,0.0425,0.02486,0.01247,0.00496,0.00545,0.00661,0.02072,0.13875,0.32309,0.70044,0.0049,0.73513,1.39328,0.0012,0.00422,0.00542,0,0.00215,0,1.41529,0.36798,0.1543,0.26671,0.01438,1.31858,0.31139,0.03486,0.10508,0.21391,1.21768,0.30628,0.23914,0.00098,1.95564,0.02174,0.73513,0.31139,0.30628,0.23914,1.39328,1.4581,1.41529,1.77845,1.95564,0.15871,0.53227
2026-01-30 19:00:00,1.52404,0,0.04246,0.02482,0.01245,0.00496,0.00544,0.0066,0.02068,0.1387,0.32281,0.69994,0.00489,0.73517,1.39319,0.00121,0.00421,0.00543,0,0.00214,0,1.41523,0.3667,0.15428,0.26671,0.01437,1.31773,0.31128,0.035,0.10693,0.21386,1.22029,0.30627,0.23914,0.00098,1.9552,0.02168,0.73517,0.31128,0.30627,0.23914,1.39319,1.458,1.41523,1.77815,1.9552,0.15867,0.5323
2026-01-30 20:00:00,1.52778,0,0.04243,0.02478,0.01243,0.00496,0.00544,0.0066,0.02064,0.1381,0.32212,0.69934,0.00489,0.7352,1.39311,0.00121,0.0042,0.00542,0,0.00213,0,1.41518,0.36517,0.15425,0.26672,0.01435,1.31687,0.31119,0.03513,0.10894,0.2139,1.22297,0.30627,0.23914,0.00098,1.95478,0.02163,0.7352,0.31119,0.30627,0.23914,1.39311,1.4579,1.41518,1.77786,1.95478,0.15871,0.53233
2026-01-30 21:00:00,1.53152,0,0.04239,0.02475,0.01241,0.00495,0.00543,0.00659,0.02061,0.13801,0.32181,0.6987,0.00488,0.73524,1.39302,0.00122,0.0042,0.00542,0,0.00213,0,1.41514,0.36344,0.15423,0.26672,0.01433,1.31602,0.31109,0.03527,0.11104,0.21399,1.22571,0.30626,0.23914,0.00098,1.95436,0.02157,0.73524,0.31109,0.30626,0.23914,1.39302,1.4578,1.41514,1.77757,1.95436,0.1588,0.53237
2026-01-30 22:00:00,1.53525,0,0.04234,0.0247,0.0124,0.00494,0.00542,0.00658,0.02058,0.13791,0.32143,0.69821,0.00487,0.73528,1.39293,0.00123,0.00419,0.00542,0,0.00212,0,1.41509,0.36206,0.15421,0.26672,0.01432,1.31516,0.31099,0.03541,0.1132,0.21428,1.22865,0.30625,0.23913,0.00098,1.95394,0.02151,0.73528,0.31099,0.30625,0.23913,1.39293,1.4577,1.41509,1.77727,1.95394,0.15909,0.53242
2026-01-30 23:00:00,1.53899,0,0.0423,0.02463,0.01238,0.00493,0.00541,0.00657,0.02054,0.13777,0.32111,0.69757,0.00486,0.73532,1.39284,0.00123,0.00418,0.00541,0,0.00211,0,1.41504,0.36145,0.15418,0.26673,0.0143,1.31431,0.3109,0.03554,0.11535,0.21469,1.2317,0.30624,0.23913,0.00098,1.95353,0.02146,0.73532,0.3109,0.30624,0.23913,1.39284,1.4576,1.41504,1.77699,1.95353,0.1595,0.53247
2026-01-31 00:00:00,1.54273,0,0.04226,0.02457,0.01236,0.00493,0.00541,0.00657,0.02051,0.13818,0.32119,0.69691,0.00485,0.73536,1.39276,0.00124,0.00417,0.00541,0,0.0021,0,1.41499,0.36145,0.15416,0.26673,0.01429,1.31345,0.3108,0.03568,0.11752,0.215,1.23466,0.30623,0.23912,0.00098,1.95311,0.0214,0.73536,0.3108,0.30623,0.23912,1.39276,1.45751,1.41499,1.77671,1.95311,0.15981,0.53253
2026-01-31 01:00:00,1.56361,0,0.04222,0.02453,0.01234,0.00493,0.0054,0.00656,0.02048,0.13811,0.32085,0.6965,0.00485,0.7354,1.39267,0.00125,0.00416,0.00542,0,0.00209,0,1.41494,0.36191,0.1551,0.26794,0.01427,1.3181,0.31069,0.03639,0.12049,0.21533,1.24099,0.30623,0.23911,0.00098,1.9527,0.02135,0.7354,0.31069,0.30623,0.23911,1.39267,1.45741,1.41494,1.77643,1.9527,0.16014,0.5326
2026-01-31 02:00:00,1.58448,0,0.04219,0.02449,0.01233,0.00492,0.00539,0.00655,0.02045,0.13869,0.32112,0.69637,0.00484,0.73544,1.39259,0.00125,0.00416,0.00541,0,0.00208,0,1.4149,0.36274,0.15605,0.26914,0.01426,1.32275,0.3106,0.0371,0.12367,0.21565,1.24729,0.30622,0.23912,0.00098,1.95231,0.02129,0.73544,0.3106,0.30622,0.23912,1.39259,1.45732,1.4149,1.77615,1.95231,0.16046,0.53268
2026-01-31 03:00:00,1.60536,0,0.04215,0.02447,0.01231,0.00492,0.00538,0.00654,0.02041,0.13883,0.32113,0.69659,0.00483,0.73547,1.39251,0.00126,0.00415,0.00541,0,0.00207,0,1.41486,0.36386,0.157,0.27035,0.01424,1.3274,0.3105,0.03782,0.12695,0.21618,1.25385,0.30621,0.23912,0.00098,1.9519,0.02124,0.73547,0.3105,0.30621,0.23912,1.39251,1.45722,1.41486,1.77588,1.9519,0.161,0.53278
2026-01-31 04:00:00,1.62624,0,0.0421,0.02444,0.0123,0.00491,0.00537,0.00654,0.02038,0.1393,0.32157,0.69697,0.00482,0.73551,1.39241,0.00126,0.00414,0.00542,0,0.00206,0,1.41482,0.36564,0.15794,0.27156,0.01422,1.33204,0.31041,0.03853,0.13029,0.21737,1.26103,0.30621,0.23911,0.00098,1.9515,0.02118,0.73551,0.31041,0.30621,0.23911,1.39241,1.45712,1.41482,1.77561,1.9515,0.16219,0.53291
2026-01-31 05:00:00,1.64711,0,0.04206,0.0244,0.01229,0.0049,0.00536,0.00653,0.02035,0.13985,0.32218,0.69753,0.00481,0.73556,1.39233,0.00127,0.00414,0.00541,0,0.00205,0,1.41477,0.36838,0.15888,0.27276,0.01421,1.33669,0.31031,0.03924,0.13366,0.21884,1.26851,0.3062,0.2391,0.00098,1.9511,0.02113,0.73556,0.31031,0.3062,0.2391,1.39233,1.45703,1.41477,1.77534,1.9511,0.16367,0.53307
2026-01-31 06:00:00,1.66799,0,0.04202,0.02436,0.01227,0.00489,0.00536,0.00653,0.02032,0.14045,0.32293,0.6983,0.0048,0.73559,1.39225,0.00127,0.00413,0.00541,0,0.00204,0,1.41472,0.37188,0.15983,0.27397,0.01419,1.34134,0.31022,0.03995,0.13705,0.22,1.27566,0.30619,0.23911,0.00098,1.95071,0.02107,0.73559,0.31022,0.30619,0.23911,1.39225,1.45694,1.41472,1.77508,1.95071,0.16483,0.53329
2026-01-31 07:00:00,1.67748,0,0.04198,0.02434,0.01226,0.00489,0.00535,0.00652,0.02028,0.14108,0.32383,0.69917,0.00479,0.73563,1.39217,0.00128,0.00412,0.00541,0,0.00203,0,1.41469,0.37596,0.16097,0.27656,0.01417,1.35159,0.31012,0.04027,0.13673,0.2209,1.2775,0.30619,0.2391,0.00098,1.95033,0.02102,0.73563,0.31012,0.30619,0.2391,1.39217,1.45684,1.41469,1.77481,1.95033,0.16573,0.5336
2026-01-31 08:00:00,1.68696,0,0.04195,0.02431,0.01224,0.00489,0.00534,0.00652,0.02024,0.14151,0.32453,0.70027,0.00479,0.73567,1.39209,0.00128,0.00412,0.00541,0,0.00203,0,1.41464,0.3805,0.1621,0.27914,0.01416,1.36183,0.31001,0.04059,0.13626,0.22145,1.27899,0.30618,0.23909,0.00098,1.94994,0.02096,0.73567,0.31001,0.30618,0.23909,1.39209,1.45675,1.41464,1.77455,1.94994,0.16628,0.53406
2026-01-31 09:00:00,1.69645,0,0.04192,0.02428,0.01223,0.00488,0.00533,0.00652,0.02021,0.14192,0.32527,0.70151,0.00478,0.7357,1.39201,0.00129,0.00411,0.00541,0,0.00202,0,1.41461,0.38539,0.16324,0.28173,0.01415,1.37208,0.30992,0.04091,0.13572,0.22221,1.28069,0.30617,0.23909,0.00098,1.94956,0.02091,0.7357,0.30992,0.30617,0.23909,1.39201,1.45665,1.41461,1.7743,1.94956,0.16704,0.53483
2026-01-31 10:00:00,1.70594,0,0.04188,0.02423,0.01222,0.00487,0.00532,0.00651,0.02018,0.14219,0.32597,0.70287,0.00476,0.73574,1.39192,0.0013,0.0041,0.00541,0,0.00201,0,1.41456,0.39003,0.16438,0.28432,0.01413,1.38233,0.30982,0.04123,0.13515,0.22349,1.28292,0.30617,0.2391,0.00098,1.94917,0.02086,0.73574,0.30982,0.30617,0.2391,1.39192,1.45656,1.41456,1.77405,1.94917,0.16832,0.53636
2026-01-31 11:00:00,1.71542,0,0.04185,0.02416,0.01221,0.00486,0.00532,0.00651,0.02015,0.14254,0.32679,0.70424,0.00475,0.73579,1.39184,0.0013,0.0041,0.0054,0,0.00201,0,1.41452,0.39397,0.16551,0.2869,0.01412,1.39257,0.30973,0.04155,0.13453,0.22498,1.28534,0.30616,0.23909,0.00098,1.9488,0.0208,0.73579,0.30973,0.30616,0.23909,1.39184,1.45647,1.41452,1.7738,1.9488,0.16981,0.54096
2026-01-31 12:00:00,1.72491,0,0.04182,0.02411,0.0122,0.00486,0.00531,0.00651,0.02012,0.14296,0.32764,0.70554,0.00475,0.73583,1.39176,0.00131,0.00409,0.0054,0,0.002,0,1.41448,0.39735,0.16665,0.28949,0.0141,1.40282,0.30962,0.04187,0.13394,0.22615,1.28745,0.30615,0.23908,0.00098,1.94843,0.02075,0.73583,0.30962,0.30615,0.23908,1.39176,1.45638,1.41448,1.77354,1.94843,0.17098,0.55043
2026-01-31 13:00:00,1.72081,0,0.04179,0.02406,0.01218,0.00486,0.0053,0.0065,0.02009,0.14328,0.32835,0.70676,0.00474,0.73586,1.39168,0.00132,0.00408,0.00541,0,0.00199,0,1.41444,0.4003,0.16749,0.29147,0.01409,1.41289,0.30953,0.04198,0.13347,0.22701,1.28928,0.30615,0.23908,0.00098,1.94805,0.0207,0.73586,0.30953,0.30615,0.23908,1.39168,1.45628,1.41444,1.77329,1.94805,0.17185,0.57785
2026-01-31 14:00:00,1.7167,0,0.04177,0.02403,0.01217,0.00486,0.00529,0.0065,0.02006,0.14347,0.32883,0.70792,0.00474,0.7359,1.3916,0.00131,0.00408,0.0054,0,0.00198,0,1.4144,0.40291,0.16833,0.29344,0.01407,1.42296,0.30942,0.04209,0.13289,0.22753,1.29075,0.30614,0.23907,0.00098,1.94768,0.02064,0.7359,0.30942,0.30614,0.23907,1.3916,1.4562,1.4144,1.77305,1.94768,0.17237,0.57785
2026-01-31 15:00:00,1.71259,0,0.04173,0.02401,0.01216,0.00485,0.00528,0.00649,0.02004,0.14364,0.3292,0.70907,0.00473,0.73594,1.39152,0.00132,0.00407,0.0054,0,0.00197,0,1.41436,0.40527,0.16917,0.29542,0.01406,1.43303,0.30933,0.0422,0.13231,0.22823,1.29241,0.30613,0.23907,0.00098,1.94731,0.02059,0.73594,0.30933,0.30613,0.23907,1.39152,1.4561,1.41436,1.7728,1.94731,0.17307,0.57785
2026-01-31 16:00:00,1.70849,0,0.0417,0.02398,0.01215,0.00484,0.00528,0.00649,0.02001,0.14394,0.32963,0.71014,0.00472,0.73597,1.39144,0.00132,0.00406,0.0054,0,0.00196,0,1.41432,0.40712,0.17001,0.2974,0.01405,1.4431,0.30923,0.04231,0.13168,0.22939,1.29451,0.30613,0.23907,0.00098,1.94694,0.02054,0.73597,0.30923,0.30613,0.23907,1.39144,1.45601,1.41432,1.77256,1.94694,0.17423,0.57785
2026-01-31 17:00:00,1.70438,0,0.04166,0.02394,0.01214,0.00483,0.00527,0.00648,0.01997,0.14363,0.32953,0.71102,0.00471,0.73601,1.39135,0.00133,0.00406,0.0054,0,0.00195,0,1.41429,0.40829,0.17085,0.29937,0.01403,1.45317,0.30914,0.04242,0.13103,0.23073,1.29681,0.30612,0.23906,0.00098,1.94658,0.02048,0.73601,0.30914,0.30612,0.23906,1.39135,1.45592,1.41429,1.77233,1.94658,0.17557,0.57785
2026-01-31 18:00:00,1.70028,0,0.04163,0.02391,0.01213,0.00483,0.00525,0.00647,0.01993,0.14385,0.32978,0.71171,0.0047,0.73606,1.39127,0.00133,0.00405,0.00539,0,0.00194,0,1.41425,0.40892,0.17169,0.30135,0.01402,1.46324,0.30904,0.04253,0.1304,0.23179,1.29882,0.30611,0.23905,0.00098,1.94622,0.02043,0.73606,0.30904,0.30611,0.23905,1.39127,1.45583,1.41425,1.77208,1.94622,0.17663,0.57785
2026-01-31 19:00:00,1.70844,0,0.04159,0.02388,0.01212,0.00483,0.00524,0.00646,0.0199,0.14406,0.32997,0.7124,0.0047,0.73609,1.3912,0.00134,0.00404,0.0054,0,0.00193,0,1.41421,0.40914,0.17293,0.30288,0.014,1.46621,0.30895,0.04341,0.13351,0.23267,1.3073,0.30611,0.23906,0.00098,1.94586,0.02038,0.73609,0.30895,0.30611,0.23906,1.3912,1.45574,1.41421,1.77185,1.94586,0.17751,0.57785
2026-01-31 20:00:00,1.71659,0,0.04156,0.02387,0.0121,0.00482,0.00522,0.00646,0.01987,0.1437,0.32978,0.71299,0.00469,0.73613,1.39112,0.00134,0.00404,0.00539,0,0.00192,0,1.41417,0.40904,0.17417,0.30442,0.01399,1.46919,0.30884,0.04429,0.13686,0.23332,1.31558,0.3061,0.23905,0.00098,1.9455,0.02032,0.73613,0.30884,0.3061,0.23905,1.39112,1.45566,1.41417,1.77161,1.9455,0.17817,0.57785
2026-01-31 21:00:00,1.72475,0,0.04152,0.02388,0.0121,0.00482,0.00521,0.00645,0.01984,0.1439,0.32998,0.71355,0.00467,0.73617,1.39104,0.00135,0.00403,0.00539,0,0.00192,0,1.41413,0.40868,0.17541,0.30595,0.01398,1.47216,0.30875,0.04517,0.14039,0.23434,1.32419,0.30609,0.23905,0.00098,1.94514,0.02027,0.73617,0.30875,0.30609,0.23905,1.39104,1.45556,1.41413,1.77138,1.94514,0.17918,0.57785
2026-01-31 22:00:00,1.73291,0,0.04148,0.02389,0.01209,0.00481,0.0052,0.00644,0.01981,0.1441,0.33014,0.71425,0.00466,0.7362,1.39097,0.00136,0.00402,0.0054,0,0.00191,0,1.4141,0.40857,0.17665,0.30748,0.01396,1.47513,0.30865,0.04604,0.14395,0.23635,1.3338,0.30609,0.23904,0.00098,1.94479,0.02022,0.7362,0.30865,0.30609,0.23904,1.39097,1.45548,1.4141,1.77115,1.94479,0.18119,0.57785
2026-01-31 23:00:00,1.74106,0,0.04144,0.02391,0.01207,0.0048,0.00519,0.00644,0.01977,0.1443,0.33036,0.71483,0.00466,0.73624,1.39088,0.00136,0.00402,0.00539,0,0.0019,0,1.41406,0.4091,0.17789,0.30902,0.01395,1.47811,0.30856,0.04692,0.14762,0.23881,1.34387,0.30608,0.23904,0.00098,1.94443,0.02016,0.73624,0.30856,0.30608,0.23904,1.39088,1.45539,1.41406,1.77093,1.94443,0.18365,0.57785
2026-02-01 00:00:00,1.74922,0,0.0414,0.02393,0.01206,0.00479,0.00518,0.00643,0.01974,0.14506,0.33099,0.71541,0.00466,0.73628,1.3908,0.00137,0.00401,0.00539,0,0.00189,0,1.41402,0.41012,0.17913,0.31055,0.01393,1.48108,0.30847,0.0478,0.15126,0.24072,1.35339,0.30607,0.23904,0.00098,1.94409,0.02011,0.73628,0.30847,0.30607,0.23904,1.3908,1.4553,1.41402,1.7707,1.94409,0.18557,0.57785
2026-02-01 01:00:00,1.76739,0,0.04137,0.02394,0.01205,0.00479,0.00518,0.00643,0.01971,0.14531,0.33122,0.71608,0.00465,0.73632,1.39073,0.00138,0.004,0.0054,0,0.00188,0,1.414,0.41152,0.18025,0.3135,0.01392,1.48725,0.30837,0.04912,0.15438,0.24225,1.36285,0.30607,0.23903,0.00098,1.94373,0.02006,0.73632,0.30837,0.30607,0.23903,1.39073,1.45522,1.414,1.77046,1.94373,0.1871,0.57785
2026-02-01 02:00:00,1.78556,0,0.04134,0.02392,0.01203,0.00479,0.00517,0.00643,0.01968,0.14624,0.33207,0.71669,0.00464,0.73636,1.39065,0.00138,0.004,0.00538,0,0.00188,0,1.41396,0.41322,0.18136,0.31645,0.0139,1.49342,0.30828,0.05044,0.15765,0.24329,1.3718,0.30606,0.23903,0.00098,1.94339,0.02001,0.73636,0.30828,0.30606,0.23903,1.39065,1.45513,1.41396,1.77023,1.94339,0.18813,0.57785
2026-02-01 03:00:00,1.80373,0,0.04131,0.02388,0.01203,0.00478,0.00517,0.00642,0.01963,0.1467,0.33263,0.71744,0.00463,0.7364,1.39058,0.00139,0.00399,0.00538,0,0.00187,0,1.41393,0.41515,0.18248,0.31941,0.01389,1.49959,0.30817,0.05177,0.16101,0.24478,1.38123,0.30605,0.23903,0.00098,1.94304,0.01996,0.7364,0.30817,0.30605,0.23903,1.39058,1.45504,1.41393,1.77001,1.94304,0.18962,0.57785
2026-02-01 04:00:00,1.8219,0,0.04129,0.02381,0.01202,0.00477,0.00517,0.00642,0.01959,0.14752,0.33364,0.71817,0.00462,0.73644,1.3905,0.0014,0.00398,0.00538,0,0.00186,0,1.41389,0.41737,0.18359,0.32236,0.01388,1.50576,0.30808,0.05309,0.16444,0.24749,1.39187,0.30605,0.23903,0.00098,1.94269,0.01991,0.73644,0.30808,0.30605,0.23903,1.3905,1.45496,1.41389,1.7698,1.94269,0.19234,0.57785
2026-02-01 05:00:00,1.84007,0,0.04127,0.02368,0.01201,0.00476,0.00516,0.00642,0.01956,0.14839,0.33481,0.71898,0.00462,0.73648,1.39042,0.0014,0.00398,0.00538,0,0.00186,0,1.41385,0.41993,0.18471,0.32531,0.01386,1.51193,0.30798,0.05441,0.16786,0.25074,1.40304,0.30604,0.23902,0.00098,1.94235,0.01986,0.73648,0.30798,0.30604,0.23902,1.39042,1.45487,1.41385,1.76958,1.94235,0.19559,0.57785
2026-02-01 06:00:00,1.85824,0,0.04125,0.02358,0.01199,0.00476,0.00516,0.00641,0.01952,0.14932,0.33612,0.71989,0.00461,0.73652,1.39035,0.00141,0.00397,0.00537,0,0.00185,0,1.41383,0.42274,0.18582,0.32826,0.01385,1.5181,0.30789,0.05573,0.17133,0.25328,1.41352,0.30603,0.23902,0.00098,1.94201,0.01981,0.73652,0.30789,0.30603,0.23902,1.39035,1.45478,1.41383,1.76936,1.94201,0.19814,0.57785
2026-02-01 07:00:00,1.87107,0,0.04124,0.02353,0.01198,0.00476,0.00515,0.00641,0.01948,0.1503,0.33759,0.72138,0.0046,0.73656,1.39027,0.00142,0.00396,0.00538,0,0.00184,0,1.41379,0.42576,0.18845,0.33321,0.01383,1.52942,0.3078,0.05799,0.17659,0.25648,1.43232,0.30603,0.23902,0.00098,1.94167,0.01994,0.73656,0.3078,0.30603,0.23902,1.39027,1.4547,1.41379,1.76915,1.94167,0.20133,0.57785
2026-02-01 08:00:00,1.88391,0,0.04122,0.02353,0.01197,0.00476,0.00514,0.00641,0.01944,0.15107,0.33892,0.72395,0.00459,0.73659,1.3902,0.00142,0.00396,0.00537,0,0.00183,0,1.41376,0.42893,0.19108,0.33815,0.01382,1.54074,0.3077,0.06025,0.18221,0.26018,1.45162,0.30603,0.23901,0.00098,1.94134,0.02008,0.73659,0.3077,0.30603,0.23901,1.3902,1.45461,1.41376,1.76893,1.94134,0.20503,0.57785
2026-02-01 09:00:00,1.89674,0,0.04118,0.0236,0.01196,0.00475,0.00513,0.0064,0.01941,0.15192,0.34034,0.72729,0.00458,0.73663,1.39013,0.00143,0.00395,0.00537,0,0.00183,0,1.41373,0.43223,0.19371,0.3431,0.01381,1.55207,0.3076,0.06252,0.18802,0.26683,1.47389,0.30602,0.23902,0.00098,1.941,0.02021,0.73663,0.3076,0.30602,0.23902,1.39013,1.45452,1.41373,1.7687,1.941,0.21168,0.57785
2026-02-01 10:00:00,1.90957,0,0.04114,0.02374,0.01195,0.00474,0.00513,0.00639,0.01937,0.15276,0.34176,0.73119,0.00457,0.73668,1.39005,0.00144,0.00394,0.00538,0,0.00182,0,1.41369,0.43621,0.19634,0.34805,0.01379,1.56339,0.3075,0.06478,0.19394,0.28216,1.50482,0.30602,0.23901,0.00098,1.94066,0.02035,0.73668,0.3075,0.30602,0.23901,1.39005,1.45444,1.41369,1.76849,1.94066,0.22701,0.57785
2026-02-01 11:00:00,1.92241,0,0.0411,0.02398,0.01194,0.00473,0.00512,0.00639,0.01935,0.15345,0.34331,0.73544,0.00457,0.73671,1.38997,0.00144,0.00394,0.00537,0,0.00181,0,1.41366,0.4413,0.19897,0.35299,0.01378,1.57471,0.30741,0.06704,0.19994,0.30171,1.53997,0.30601,0.23901,0.00098,1.94032,0.02049,0.73671,0.30741,0.30601,0.23901,1.38997,1.45435,1.41366,1.76828,1.94032,0.24656,0.57785
2026-02-01 12:00:00,1.93524,0,0.04107,0.02416,0.01193,0.00473,0.00511,0.00638,0.01932,0.15414,0.34494,0.73988,0.00457,0.73675,1.3899,0.00145,0.00393,0.00537,0,0.0018,0,1.41363,0.44727,0.2016,0.35794,0.01377,1.58603,0.30732,0.0693,0.20596,0.31681,1.57068,0.30601,0.23901,0.00098,1.93999,0.02062,0.73675,0.30732,0.30601,0.23901,1.3899,1.45427,1.41363,1.76807,1.93999,0.26166,0.57751
