GMT,FRAC1,LTDC1,HIDC1,BHNC1,MPAC1,OWCC1,BNCC1,BCKC1,MEEC1,HPIC1,POHC1,EXQC1,DSNC1,STVC1,NWMC1,LGCC1,WARC1,LGAC1,PNEC1,LBDC1,OREC1,PATC1,HETC1,LNRC1,CHVC1F,DCMC1,NDPC1,MDSC1,NDVC1,NSWC1,AVYC1,NMSC1,OBBC1,RIPC1,PTTC1,VNSC1,KNFC1L,STVC1,MDSC1,OBBC1,RIPC1,NWMC1,CRDC1,PATC1,MZRC1,VNSC1,AVYC1L,NDPC1L
,QINE,QINE,QINE,QINE,QINE,QINE,QINE,QINE,QINE,QINE,QINE,QINE,QINE,QINE,QINE,QINE,QINE,QINE,QINE,QINE,QINE,QINE,QINE,QINE,QINE,QINE,QINE,QINE,QINE,QINE,QINE,QINE,QINE,QINE,QINE,QINE,QINE,QINE,QINE,QINE,QINE,QINE,QINE,QINE,QINE,QINE,SQIN,SQIN
2026-06-17 12:00:00,2.62738,0,0.016,-0.01825,0,0,0,0.001,0.25936,0.60782,0.70976,0.70825,0.00826,0.14102,0.43085,0.00001,0,0.00001,0,-0.01616,0.00001,0.46905,1.06282,0.06999,0.14891,0.014,0.85731,0.09644,0.01401,0.03245,0.19802,0.79195,1.73419,1.48705,0,1.44381,0,0.14102,0.09644,1.73419,1.48705,0.43085,0.33333,0.46905,0.42869,1.44381,0.03514,0.27691
2026-06-17 13:00:00,2.52964,0,0.02447,-0.01692,0,0,0,0.001,0.25519,0.61676,0.70031,0.99535,0.00826,0.14102,0.43085,0.00001,0,0.00001,0,-0.01569,0.00001,0.46605,1.02338,0.08036,0.14507,0.013,0.93586,0.10181,0.01436,0.0275,0.19802,0.79267,1.73419,1.49001,0,1.44381,0,0.14102,0.10181,1.73419,1.49001,0.43085,0.33779,0.46605,0.42774,1.44381,0.03513,0.26661
2026-06-17 14:00:00,2.49681,0,0.03301,-0.01517,0,0,0,0.001,0.25936,0.62126,0.69093,1.35932,0.00826,0.13802,0.43345,0.00001,0,0.00001,0,-0.01327,0.00001,0.46905,1.0238,0.08025,0.19295,0.013,1.01442,0.10545,0.01399,-0.02379,0.19802,0.79338,1.72819,1.49594,0,1.46287,0,0.13802,0.10545,1.72819,1.49594,0.43345,0.34226,0.46905,0.42713,1.46287,0.03513,0.26218
2026-06-17 15:00:00,2.49695,0,0.01606,-0.01809,0,0,0,0.001,0.27198,0.63031,0.71451,1.65554,0.00826,0.13802,0.43605,0.00001,0,0.00001,0,-0.00447,0.00001,0.46105,1.08466,0.09072,0.20383,0.013,1.09298,0.10912,0.01358,-0.01467,0.19602,0.7941,1.72219,1.49892,0,1.46287,0,0.13802,0.10912,1.72219,1.49892,0.43605,0.34451,0.46105,0.42699,1.46287,0.03512,0.2607
2026-06-17 16:00:00,2.46431,0,0.01606,-0.02134,0.012,0,0,0.001,0.27198,0.63944,0.70976,1.95254,0.00826,0.13201,0.43866,0.00001,0,0.00001,0,-0.00006,0.00001,0.46405,1.10512,0.09069,0.20173,0.013,1.21409,0.11097,0.01393,0.00602,0.19802,0.79479,1.72219,1.50189,0,1.47563,0,0.13201,0.11097,1.72219,1.50189,0.43866,0.34451,0.46405,0.42721,1.47563,0.03509,0.25997
2026-06-17 17:00:00,2.46463,0,0.00764,-0.014,-0.012,0,0,0.001,0.25519,0.63944,0.73367,2.10732,0.008,0.12801,0.44127,0.00001,0,0.00001,0,-0.00397,0.00001,0.46405,1.04566,0.09069,0.18656,0.013,1.33521,0.11097,0.01315,0.01182,0.19602,0.79546,1.72219,1.50189,0,1.48844,0,0.12801,0.11097,1.72219,1.50189,0.44127,0.34002,0.46405,0.42773,1.48844,0.03507,0.25952
2026-06-17 18:00:00,2.49691,0,0.00761,-0.00583,0,0,0,0.001,0.24697,0.63487,0.73935,1.97514,0.008,0.12401,0.43605,0.00001,0,0.00001,0,-0.00444,0.00001,0.46605,1.08613,0.1013,0.17403,0.013,1.45632,0.11097,0.01383,0.0052,0.19602,0.79615,1.71719,1.50487,0,1.49486,0,0.12401,0.11097,1.71719,1.50487,0.43605,0.33779,0.46605,0.42849,1.49486,0.03505,0.25923
2026-06-17 19:00:00,2.52937,0,-0.00928,-0.0005,0,0,0,0.001,0.24087,0.64864,0.74334,1.8422,0.008,0.12301,0.43345,0.00001,0,0.00001,0,0.00244,0.00001,0.46405,1.08709,0.09093,0.16482,0.013,1.57743,0.11097,0.01343,0.01179,0.19502,0.79676,1.72219,1.50785,0,1.51419,0,0.12301,0.11097,1.72219,1.50785,0.43345,0.33556,0.46405,0.42946,1.51419,0.03503,0.25902
2026-06-17 20:00:00,2.52988,0,-0.0262,0.00108,0,0,0,0.001,0.24087,0.63944,0.75797,1.77706,0.008,0.12101,0.43085,0.00001,0,0.00001,0,0,0.00001,0.46605,1.06709,0.08056,0.13869,0.013,1.69855,0.10728,0.01339,0.02586,0.19502,0.79718,1.71719,1.51083,0,1.52066,0,0.12101,0.10728,1.71719,1.51083,0.43085,0.33333,0.46605,0.43054,1.52066,0.03503,0.25886
2026-06-17 21:00:00,2.46459,0,-0.00931,-0.00142,-0.012,0,0,0.001,0.23097,0.63487,0.7482,1.78185,0.008,0.12001,0.43085,0.00001,0,0.00001,0,-0.01174,0.00001,0.46405,1.08496,0.08067,0.12022,0.013,1.81966,0.10181,0.01372,0.04408,0.19602,0.79737,1.70519,1.51381,0,1.54013,0,0.12001,0.10181,1.70519,1.51381,0.43085,0.33112,0.46405,0.43166,1.54013,0.03502,0.25873
2026-06-17 22:00:00,2.43177,0,-0.00087,-0.009,0,0,0,0.001,0.23097,0.64403,0.75308,1.71305,0.008,0.12001,0.42567,0.00001,0,0.00001,0,-0.02051,0.00001,0.46105,1.04521,0.08067,0.13831,0.013,1.81966,0.09644,0.01368,0.07554,0.19602,0.79734,1.70019,1.5168,0,1.53363,0,0.12001,0.09644,1.70019,1.5168,0.42567,0.3267,0.46105,0.43277,1.53363,0.03502,0.25864
2026-06-17 23:00:00,2.39912,0,-0.00087,-0.01417,-0.012,0,0,0.001,0.22903,0.63031,0.7482,1.4244,0.00764,0.12401,0.42309,0.00001,0,0.00001,0,-0.01757,0.00001,0.45605,1.02611,0.0806,0.1351,0.013,1.81966,0.0929,0.01366,0.07303,0.19502,0.7971,1.70519,1.51979,0,1.53363,0,0.12401,0.0929,1.70519,1.51979,0.42309,0.32451,0.45605,0.43369,1.53363,0.03501,0.25856
2026-06-18 00:00:00,2.30174,0,-0.00084,-0.01408,0,0,0,0.001,0.23292,0.61228,0.75308,0.99256,0.00764,0.12201,0.42309,0.00001,0,0.00001,0,-0.01613,0.00001,0.45105,0.98539,0.07002,0.1152,0.013,1.81966,0.08766,0.01363,0.05894,0.19502,0.79665,1.68819,1.51979,0,1.54664,0,0.12201,0.08766,1.68819,1.51979,0.42309,0.32451,0.45105,0.43424,1.54664,0.03501,0.25849
2026-06-18 01:00:00,2.20381,0,0.00761,-0.01959,0,0,0,0.001,0.27394,0.60782,0.74334,0.63493,0.00764,0.12301,0.42309,0.00001,0,0.00001,0,-0.02201,0.00001,0.45105,1.02208,0.05948,0.11141,0.013,1.81966,0.08252,0.01359,0.05232,0.19302,0.79727,1.71719,1.52878,0,1.54664,0,0.12301,0.08252,1.71719,1.52878,0.42309,0.32451,0.45105,0.43437,1.54664,0.03501,0.25843
2026-06-18 02:00:00,2.1708,0,0.0165,-0.0195,-0.012,0,0,0.001,0.24903,0.59895,0.71928,0.27655,0.00729,0.12301,0.42309,0.00001,0,0.00001,0,-0.01466,0.00001,0.45105,1.00019,0.05941,0.10683,0.013,1.81966,0.08082,0.01357,0.04566,0.19402,0.79773,1.72819,1.52578,0,1.54013,0,0.12301,0.08082,1.72819,1.52578,0.42309,0.32451,0.45105,0.43415,1.54013,0.03501,0.25838
2026-06-18 03:00:00,2.23609,0,0.0175,-0.01358,0,0,0,0.001,0.27591,0.58578,0.71125,-0.08466,0.00729,0.12501,0.42309,0.00001,0,0.00001,0,0.00003,0.00001,0.44505,0.90049,0.04963,0.11329,0.013,1.81966,0.08082,0.01392,0.00838,0.19502,0.79806,1.72819,1.52279,0,1.54664,0,0.12501,0.08082,1.72819,1.52279,0.42309,0.32451,0.44505,0.43359,1.54664,0.035,0.25834
2026-06-18 04:00:00,2.29972,0,0.01897,-0.00283,0,0,0,0.001,0.28391,0.57708,0.70503,-0.30043,0.00729,0.12601,0.42309,0.00001,0,0.00001,0,0.00588,0.00001,0.44305,0.93709,0.04963,0.09512,0.012,1.81966,0.07914,0.01356,-0.00074,0.19302,0.79824,1.72819,1.52279,0,1.54013,0,0.12601,0.07914,1.72819,1.52279,0.42309,0.32231,0.44305,0.43266,1.54013,0.03499,0.2583
2026-06-18 05:00:00,2.32872,0,0.02091,-0.00367,0.012,0,0,0.001,0.28594,0.57276,0.70976,-0.37073,0.00729,0.12701,0.42567,0.00001,0,0.00001,0,0.00883,0.00001,0.44305,0.95574,0.05931,0.08525,0.012,1.81966,0.0758,0.01352,0.02409,0.19102,0.79826,1.71719,1.52279,0,1.54664,0,0.12701,0.0758,1.71719,1.52279,0.42567,0.32013,0.44305,0.43148,1.54664,0.03498,0.25827
2026-06-18 06:00:00,2.53526,0,0.02289,-0.00833,0,0,0,0.001,0.28391,0.56846,0.70976,-0.22663,0.00729,0.13101,0.42567,0.00001,0,0.00001,0,0.00883,0.00001,0.44305,0.91832,0.06985,0.08396,0.012,1.81966,0.07414,0.01386,0.03404,0.18802,0.79815,1.71719,1.52279,0,1.55317,0,0.13101,0.07414,1.71719,1.52279,0.42567,0.31795,0.44305,0.43024,1.55317,0.03497,0.25824
2026-06-18 07:00:00,2.77073,0,0.01638,-0.00683,0,0,0,0.001,0.28391,0.56418,0.69561,-0.00904,0.00696,0.13001,0.42826,0.00001,0,0.00001,0,0.00589,0.00001,0.44305,0.86248,0.08036,0.10023,0.012,1.81966,0.07087,0.01387,0.03157,0.19102,0.79921,1.72819,1.52279,0,1.55317,0,0.13001,0.07087,1.72819,1.52279,0.42826,0.31361,0.44305,0.42898,1.55317,0.03496,0.25822
2026-06-18 08:00:00,2.94026,0,0.01782,-0.00733,0.012,0,0,0.001,0.2819,0.56418,0.69093,0.06248,0.00696,0.12801,0.42567,0.00001,0,0.00001,0,0,0.00001,0.44505,0.88658,0.08029,0.10014,0.012,1.81966,0.07087,0.01348,0.03242,0.19402,0.80023,1.72219,1.52279,0,1.57283,0,0.12801,0.07087,1.72219,1.52279,0.42567,0.31145,0.44505,0.42761,1.57283,0.03496,0.25819
2026-06-18 09:00:00,3.0769,0,0.02671,-0.00908,0,0,0,0.001,0.31504,0.57276,0.67234,0.05978,0.00696,0.12701,0.43085,0.00001,0,0.00001,0,-0.00294,0.00001,0.44505,0.93088,0.08997,0.09927,0.012,1.81966,0.06924,0.01345,0.03825,0.19402,0.80122,1.72819,1.52279,0,1.5794,0,0.12701,0.06924,1.72819,1.52279,0.43085,0.3093,0.44505,0.42615,1.5794,0.03495,0.25817
2026-06-18 10:00:00,3.16507,0,0.02671,-0.01008,0,0,0,0.001,0.333,0.58141,0.68161,0.06013,0.00696,0.12801,0.43345,0.00001,0,0.00001,0,0,0.00001,0.45105,0.91765,0.08997,0.11626,0.012,1.81237,0.06924,0.01381,0.01262,0.19502,0.80217,1.71719,1.52279,0,1.58598,0,0.12801,0.06924,1.71719,1.52279,0.43345,0.30715,0.45105,0.42457,1.58598,0.03494,0.25815
2026-06-18 11:00:00,3.25468,0,0.02671,-0.00592,0,0,0,0.001,0.33897,0.58578,0.67234,0.35986,0.00696,0.12701,0.43345,0.00001,0,0.00001,0,-0.00733,0.00001,0.45105,0.92205,0.08032,0.12811,0.012,1.80508,0.0725,0.01343,-0.01552,0.19502,0.80307,1.71719,1.52279,0,1.5794,0,0.12701,0.0725,1.71719,1.52279,0.43345,0.30715,0.45105,0.42293,1.5794,0.03492,0.25813
2026-06-18 12:00:00,3.23116,0,0.02668,-0.00625,0,0,0,0.001,0.34895,0.59454,0.67697,0.73519,0.00696,0.12701,0.43345,0.00001,0,0.00001,0,-0.01319,0.00001,0.45105,0.98276,0.08032,0.16579,0.012,1.79779,0.0758,0.01341,-0.01799,0.19502,0.80395,1.71719,1.52279,0,1.58598,0,0.12701,0.0758,1.71719,1.52279,0.43345,0.30715,0.45105,0.42126,1.58598,0.03491,0.25689
2026-06-18 13:00:00,3.23116,0,0.02677,-0.01075,0,0,0,0.001,0.34502,0.60337,0.68152,0.96151,0.00696,0.12701,0.43605,0.00001,0,0.00001,0,-0.01466,0.00001,0.44805,1.04397,0.08035,0.14729,0.012,1.7905,0.07914,0.0134,-0.02958,0.19602,0.80661,1.71719,1.52279,0,1.58598,0,0.12701,0.07914,1.71719,1.52279,0.43605,0.3093,0.44805,0.41953,1.58598,0.0349,0.25361
2026-06-18 14:00:00,3.23196,0,0.0268,-0.01792,0.012,0,0,0.001,0.33897,0.63487,0.68626,1.33754,0.00696,0.12801,0.43605,0.00001,0,0.00001,0,-0.0176,0.00001,0.44305,1.02452,0.08046,0.16279,0.012,1.78321,0.08082,0.01375,-0.04035,0.19502,0.80922,1.72219,1.52279,0,1.58598,0,0.12801,0.08082,1.72219,1.52279,0.43605,0.3093,0.44305,0.4179,1.58598,0.0349,0.24921
2026-06-18 15:00:00,3.18037,0,0.01877,-0.02417,0,0,0,0.001,0.32094,0.63031,0.68161,1.78842,0.00696,0.12701,0.43605,0.00001,0,0.00001,0,-0.02054,0.00001,0.43805,0.98224,0.08053,0.19105,0.011,1.77592,0.08082,0.01337,-0.0089,0.19502,0.81177,1.71719,1.52578,0,1.58598,0,0.12701,0.08082,1.71719,1.52578,0.43605,0.31361,0.43805,0.41645,1.58598,0.03489,0.24774
2026-06-18 16:00:00,3.18014,0,0.01877,-0.02383,0,0,0,0.001,0.2949,0.63944,0.69561,2.1627,0.00664,0.12601,0.42051,0.00001,0,0.00001,0,-0.02348,0.00001,0.43505,0.99884,0.08056,0.18564,0.011,1.74493,0.08082,0.01335,-0.00063,0.19502,0.81423,1.72219,1.52878,0,1.57283,0,0.12601,0.08082,1.72219,1.52878,0.42051,0.31361,0.43505,0.41521,1.57283,0.03486,0.24701
2026-06-18 17:00:00,3.12897,0,0.02674,-0.029,0,0,0,0.001,0.28391,0.63944,0.71928,2.16269,0.00664,0.12501,0.42309,0.00001,0,0.00001,0,-0.02201,0.00001,0.43505,1.03586,0.0806,0.18377,0.011,1.71396,0.07914,0.01332,0.01426,0.19502,0.81664,1.72219,1.52878,0,1.58598,0,0.12501,0.07914,1.72219,1.52878,0.42309,0.31795,0.43505,0.41411,1.58598,0.03484,0.24657
2026-06-18 18:00:00,3.02662,0,0.01876,-0.02575,0,0,0,0.001,0.28594,0.64403,0.72406,2.08616,0.00664,0.12801,0.42051,0.00001,0,0.00001,0,-0.01321,0.00001,0.43505,0.97465,0.0806,0.16432,0.011,1.68297,0.07746,0.01253,0.03248,0.19402,0.819,1.72819,1.53178,0,1.5794,0,0.12801,0.07746,1.72819,1.53178,0.42051,0.32013,0.43505,0.41309,1.5794,0.03482,0.24627
2026-06-18 19:00:00,2.76954,0,0.01868,-0.01592,-0.012,0,0,0.001,0.29245,0.64403,0.72885,2.08265,0.00633,0.12701,0.42309,0.00001,0,0.00001,0,-0.01174,0.00001,0.43805,0.9343,0.08063,0.16619,0.011,1.65916,0.07746,0.01358,0.0507,0.19502,0.81719,1.71719,1.52878,0,1.59919,0,0.12701,0.07746,1.71719,1.52878,0.42309,0.32013,0.43805,0.41212,1.59919,0.0348,0.24606
2026-06-18 20:00:00,2.51167,0,0.02665,-0.01333,0,0,0,0.001,0.29003,0.66257,0.74334,1.85451,0.00633,0.12501,0.42051,0.00001,0,0.00001,0,-0.0088,0.00001,0.43805,0.99495,0.0807,0.14923,0.01,1.63533,0.07746,0.01321,0.05979,0.19502,0.81524,1.71119,1.52878,0,1.59919,0,0.12501,0.07746,1.71119,1.52878,0.42051,0.32013,0.43805,0.41117,1.59919,0.0348,0.24591
2026-06-18 21:00:00,2.46123,0,0.01882,-0.00675,0,0,0,0.001,0.2949,0.63487,0.7385,1.55071,0.00633,0.12301,0.42051,0.00001,0,0.00001,0,0.00147,0.00001,0.44305,1.01776,0.08067,0.13729,0.01,1.61152,0.0758,0.01356,0.03578,0.19302,0.81316,1.71719,1.52878,0,1.59258,0,0.12301,0.0758,1.71719,1.52878,0.42051,0.31795,0.44305,0.4102,1.59258,0.03479,0.24578
2026-06-18 22:00:00,2.46123,0,0.01085,-0.00417,-0.012,0,0,0.001,0.2949,0.64403,0.7482,1.32185,0.00604,0.12001,0.42309,0.00001,0,0.00001,0,0.01027,0.00001,0.44305,0.94027,0.07095,0.10777,0.01,1.5877,0.07414,0.01317,0.04652,0.19502,0.81092,1.71719,1.53178,0,1.59258,0,0.12001,0.07414,1.71719,1.53178,0.42309,0.31795,0.44305,0.40928,1.59258,0.03479,0.24569
2026-06-18 23:00:00,2.56332,0,0.01079,-0.00425,0,0,0,0.001,0.29735,0.63944,0.74334,1.05686,0.00604,0.11801,0.42309,0.00001,0,0.00001,0,0.01466,0.00001,0.44305,0.94256,0.08142,0.09054,0.01,1.56388,0.0725,0.01275,0.03325,0.19302,0.80856,1.71719,1.53178,0,1.5794,0,0.11801,0.0725,1.71719,1.53178,0.42309,0.31578,0.44305,0.40848,1.5794,0.03478,0.24561
2026-06-19 00:00:00,2.76881,0,0.01874,-0.00642,-0.012,0,0,0.001,0.29003,0.62578,0.7385,0.60737,0.00576,0.11601,0.42567,0.00001,0,0.00001,0,0.00439,0.00001,0.44305,1.00528,0.08139,0.10948,0.01,1.54006,0.0725,0.01309,0.02412,0.19602,0.80605,1.71719,1.53779,0,1.57283,0,0.11601,0.0725,1.71719,1.53779,0.42567,0.31361,0.44305,0.40776,1.57283,0.03478,0.24554
2026-06-19 01:00:00,3.07709,0,0.01874,-0.00808,0,0,0,0.001,0.28798,0.61228,0.73367,0.23451,0.00576,0.11501,0.42567,0.00001,0,0.00001,0,0.00144,0.00001,0.44505,0.96643,0.06106,0.10972,0.01,1.52299,0.07087,0.01305,0.02162,0.19302,0.80688,1.71719,1.5408,0,1.57283,0,0.11501,0.07087,1.71719,1.5408,0.42567,0.31145,0.44505,0.40702,1.57283,0.0348,0.24548
2026-06-19 02:00:00,3.38611,0,0.01865,-0.0035,0,0,0,0.001,0.29245,0.59895,0.7385,0.08638,0.00576,0.11501,0.42567,0.00001,0,0.00001,0,-0.00003,0.00001,0.44305,0.9077,0.06092,0.09321,0.01,1.50592,0.07087,0.01341,0.01997,0.19502,0.8065,1.71719,1.54381,0,1.56626,0,0.11501,0.07087,1.71719,1.54381,0.42567,0.3093,0.44305,0.40625,1.56626,0.03483,0.24543
2026-06-19 03:00:00,3.53986,0,0.02632,-0.01,0,0,0,0.001,0.29735,0.59015,0.72885,-0.02384,0.0055,0.11401,0.42567,0.00001,0,0.00001,0,-0.01321,0.00001,0.44005,0.92924,0.06096,0.05817,0.01,1.51126,0.06924,0.01266,0.02827,0.19302,0.80493,1.71119,1.54683,0,1.57283,0,0.11401,0.06924,1.71119,1.54683,0.42567,0.30715,0.44005,0.40546,1.57283,0.03489,0.24539
2026-06-19 04:00:00,3.55758,0,0.02616,-0.01725,0,0,0,0.001,0.30483,0.58141,0.71451,-0.31885,0.0055,0.11301,0.42567,0.00001,0,0.00001,0,-0.0191,0.00001,0.43805,0.972,0.07067,0.09223,0.01,1.5166,0.06924,0.01338,0.02748,0.19402,0.8022,1.70519,1.55589,0,1.57283,0,0.11301,0.06924,1.70519,1.55589,0.42567,0.30502,0.43805,0.40466,1.57283,0.03505,0.24536
2026-06-19 05:00:00,3.49182,0,0.01808,-0.01567,0,0,0,0.001,0.30989,0.59015,0.71928,-0.4265,0.0055,0.11201,0.43085,0.00001,0,0.00001,0,-0.01177,0.00001,0.44005,0.93321,0.01757,0.11304,0.01,1.52195,0.06924,0.013,0.02916,0.19402,0.79829,1.70019,1.55589,0,1.57283,0,0.11201,0.06924,1.70019,1.55589,0.43085,0.30502,0.44005,0.40382,1.57283,0.03526,0.24532
2026-06-19 06:00:00,3.43723,0,0.00996,-0.01725,0,0,0,0.001,0.31504,0.57276,0.70031,-0.20062,0.0055,0.11101,0.43345,0.00001,0,0.00001,0,-0.00147,0.00001,0.44005,0.89003,0.00527,0.0823,0.01,1.52729,0.06924,0.01372,0.02086,0.19302,0.7931,1.66619,1.56194,0,1.58598,0,0.11101,0.06924,1.66619,1.56194,0.43345,0.30502,0.44005,0.40291,1.58598,0.03542,0.24529
2026-06-19 07:00:00,3.394,0,0.01793,-0.01442,0,0,0,0.001,0.317,0.57708,0.70031,-0.16245,0.00524,0.11101,0.43345,0.00001,0,0.00001,0,0.00147,0.00001,0.44005,0.92591,0.06587,0.08527,0.01,1.51437,0.06924,0.01261,0.03492,0.19102,0.79067,1.63218,1.56801,0,1.57283,0,0.11101,0.06924,1.63218,1.56801,0.43345,0.30502,0.44005,0.40194,1.57283,0.03552,0.24527
2026-06-19 08:00:00,3.3056,0,0.01793,-0.01542,0,0,0,0.001,0.30735,0.56846,0.6893,-0.21761,0.00524,0.11101,0.44389,0.00001,0,0.00001,0,0,0.00001,0.44005,0.94164,0.0659,0.10631,0.01,1.50146,0.06924,0.01333,0.04319,0.19202,0.78798,1.58218,1.56801,0,1.58598,0,0.11101,0.06924,1.58218,1.56801,0.44389,0.30502,0.44005,0.40095,1.58598,0.03553,0.24525
2026-06-19 09:00:00,3.21774,0,0.01793,-0.01475,0.012,0,0,0.001,0.30989,0.57708,0.67697,-0.23407,0.00524,0.11501,0.44127,0.00001,0,0.00001,0,0.0088,0.00001,0.44005,0.89607,0.05581,0.11147,0.01,1.48854,0.06924,0.01296,0.02577,0.19102,0.78508,1.54317,1.57105,0,1.59258,0,0.11501,0.06924,1.54317,1.57105,0.44127,0.30288,0.44005,0.39993,1.59258,0.03552,0.24522
2026-06-19 10:00:00,3.21452,0,0.01779,-0.01158,0,0,0,0.001,0.31504,0.58578,0.66774,0.06524,0.00524,0.11901,0.45442,0.00001,0,0.00001,0,0.00883,0.00001,0.44005,0.92032,0.05581,0.08076,0.01,1.47562,0.06763,0.01294,0.01168,0.19302,0.78188,1.48317,1.57105,0,1.59258,0,0.11901,0.06763,1.48317,1.57105,0.45442,0.30076,0.44005,0.3989,1.59258,0.03539,0.24521
2026-06-19 11:00:00,3.24361,0,0.01762,-0.0165,0,0,0,0.001,0.31504,0.59454,0.66542,0.50969,0.00524,0.12001,0.45178,0.00001,0,0.00001,0,0.00297,0,0.43805,0.90776,0.09837,0.09543,0.01,1.46271,0.06924,0.01329,-0.00322,0.19302,0.77844,1.44516,1.58308,0,1.61244,0,0.12001,0.06924,1.44516,1.58308,0.45178,0.30076,0.43805,0.39786,1.61244,0.0352,0.24519
2026-06-19 12:00:00,3.20983,0,0.02541,-0.01683,0.012,0,0,0.001,0.317,0.59895,0.66774,0.60215,0.005,0.12001,0.46238,0.00001,0,0.00001,0,-0.00291,0.00001,0.43805,0.90884,0.11068,0.1226,0.01,1.44979,0.06924,0.01293,0.00426,0.19502,0.77482,1.40116,1.58598,0,1.61908,0,0.12001,0.06924,1.40116,1.58598,0.46238,0.30076,0.43805,0.39685,1.61908,0.03505,0.24464
2026-06-19 13:00:00,3.16487,0,0.0171,-0.026,0,0,0,0.001,0.30735,0.59895,0.68626,0.69443,0.005,0.12001,0.44915,0.00001,0,0.00001,0,-0.01168,0.00001,0.43805,0.93388,0.07034,0.13416,0.01,1.44399,0.07087,0.01328,0.00429,0.19502,0.77237,1.34715,1.58888,0,1.63241,0,0.12001,0.07087,1.34715,1.58888,0.44915,0.30288,0.43805,0.39581,1.63241,0.03494,0.24379
2026-06-19 14:00:00,3.16487,0,0.00887,-0.02959,0,0,0,0.001,0.25936,0.59895,0.69093,0.79068,0.005,0.11901,0.46504,0.00001,0,0.00001,0,-0.01165,0.00001,0.43005,0.89909,0.07037,0.13023,0.01,1.43819,0.0725,0.01291,-0.0023,0.19502,0.76988,1.30515,1.59179,0,1.63908,0,0.11901,0.0725,1.30515,1.59179,0.46504,0.30502,0.43005,0.39481,1.63908,0.03489,0.23915
2026-06-19 15:00:00,3.11952,0,0.01674,-0.02575,0,0,0,0.001,0.24697,0.61228,0.69561,0.78901,0.00475,0.11501,0.46504,0.00001,0,0.00001,0,-0.02045,0.00001,0.42505,0.90449,0.08047,0.15432,0.01,1.43239,0.07414,0.01325,0.01512,0.19502,0.76726,1.26814,1.5947,0,1.63908,0,0.11501,0.07414,1.26814,1.5947,0.46504,0.3093,0.42505,0.39388,1.63908,0.03483,0.2376
2026-06-19 16:00:00,3.02966,0,0.02468,-0.02725,0,0,0,0.001,0.25936,0.60337,0.70503,0.79674,0.00475,0.11301,0.47575,0.00001,0,0.00001,0,-0.0234,0.00001,0.42505,0.91906,0.08047,0.16136,0.01,1.4266,0.07746,0.01287,0.01017,0.19502,0.76451,1.22014,1.58888,0,1.64578,0,0.11301,0.07746,1.22014,1.58888,0.47575,0.31361,0.42505,0.39298,1.64578,0.03477,0.23683
2026-06-19 17:00:00,2.84926,0,0.02471,-0.02567,0,0,0,0.001,0.25727,0.60782,0.70503,0.8073,0.00475,0.11201,0.48384,0.00001,0,0.00001,0,-0.02048,0.00001,0.42505,0.95205,0.08047,0.13937,0.01,1.4208,0.08082,0.01322,0.01017,0.19502,0.76168,1.17413,1.58598,0,1.63908,0,0.11201,0.08082,1.17413,1.58598,0.48384,0.31795,0.42505,0.39219,1.63908,0.03471,0.23637
2026-06-19 18:00:00,2.62393,0,0.02458,-0.02459,0,0,0,0.001,0.24087,0.62126,0.70976,0.81289,0.00452,0.10901,0.50016,0.00001,0,0.00001,0,-0.02048,0.00001,0.42805,0.9152,0.09053,0.13727,0.01,1.415,0.08766,0.01284,0.02259,0.19302,0.75874,1.12813,1.57714,0,1.63908,0,0.10901,0.08766,1.12813,1.57714,0.50016,0.32231,0.42805,0.39152,1.63908,0.03467,0.23606
2026-06-19 19:00:00,2.44359,0,0.02316,-0.01867,0,0,0,0.001,0.24087,0.60782,0.71451,0.81939,0.00452,0.10801,0.42309,0.00001,0,0.00001,0,-0.01463,0.00001,0.43305,0.89578,0.10069,0.10114,0.01,1.40945,0.09114,0.01282,0.01432,0.19402,0.75892,1.07712,1.57409,0,1.63241,0,0.10801,0.09114,1.07712,1.57409,0.42309,0.32013,0.43305,0.39105,1.63241,0.03464,0.23584
2026-06-19 20:00:00,2.2628,0,0.01243,-0.01375,-0.012,0,0,0.001,0.23489,0.60782,0.70031,0.82421,0.00429,0.10601,0.42567,0.00001,0,0.00001,0,-0.0088,0.00001,0.44005,0.9565,0.10076,0.09795,0.01,1.4039,0.09114,0.01279,0.0135,0.19302,0.75904,1.02711,1.57105,0,1.64578,0,0.10601,0.09114,1.02711,1.57105,0.42567,0.32013,0.44005,0.39084,1.64578,0.03463,0.23567
2026-06-19 21:00:00,2.0826,0,0.00146,-0.01492,0,0,0,0.001,0.22903,0.59454,0.70976,0.82681,0.00429,0.10601,0.43085,0.00001,0,0.00001,0,-0.00294,0.00001,0.45105,0.95687,0.10073,0.08401,0.01,1.39835,0.0929,0.01276,0.0052,0.19302,0.75907,0.98311,1.55891,0,1.63908,0,0.10601,0.0929,0.98311,1.55891,0.43085,0.31795,0.45105,0.39103,1.63908,0.03461,0.23554
2026-06-19 22:00:00,1.94689,0,-0.00154,-0.01167,-0.012,0,0,0.001,0.23097,0.58578,0.70503,0.83086,0.00429,0.10501,0.44915,0.00001,0,0.00001,0,0,0.00001,0.46105,0.91777,0.10066,0.08833,0.01,1.39281,0.09114,0.01273,-0.00063,0.19102,0.75904,0.94411,1.54985,0,1.63241,0,0.10501,0.09114,0.94411,1.54985,0.44915,0.31361,0.46105,0.39163,1.63241,0.0346,0.23544
2026-06-19 23:00:00,1.8566,0,-0.00454,-0.00617,0,0,0,0.001,0.23097,0.59454,0.70976,0.82765,0.00408,0.10401,0.45972,0.00001,0,0.00001,0,0.00003,0.00001,0.47205,0.8988,0.10073,0.073,0.01,1.38726,0.0894,0.01307,0.02171,0.19202,0.75892,0.9061,1.53479,0,1.63241,0,0.10401,0.0894,0.9061,1.53479,0.45972,0.30715,0.47205,0.39243,1.63241,0.03458,0.23536
2026-06-20 00:00:00,1.76652,0,0.0006,-0.00567,-0.012,0,0,0.001,0.22903,0.58578,0.70503,0.82485,0.00408,0.10301,0.47575,0.00001,0,0.00001,0,0.00591,0.00001,0.47405,0.89779,0.09074,0.04132,0.01,1.38171,0.0894,0.01232,0.02751,0.19102,0.75874,0.8651,1.51979,0,1.63241,0,0.10301,0.0894,0.8651,1.51979,0.47575,0.30288,0.47405,0.39335,1.63241,0.03457,0.23529
2026-06-20 01:00:00,1.6764,0,0.00696,-0.0045,0,0,0,0.001,0.23097,0.56418,0.70031,0.82594,0.00388,0.10401,0.48114,0.00001,0,0.00001,0,0.01177,0.00001,0.47405,0.87687,0.08061,0.06054,0.01,1.3769,0.08766,0.01264,0.01341,0.19202,0.75885,0.83309,1.50785,0,1.62574,0,0.10401,0.08766,0.83309,1.50785,0.48114,0.29864,0.47405,0.3943,1.62574,0.03456,0.23523
2026-06-20 02:00:00,1.67663,0,0.01469,-0.01059,0,0,0,0.001,0.23097,0.55567,0.68626,0.82591,0.00388,0.10601,0.50016,0.00001,0,0.00001,0,0.00591,0.00001,0.47205,0.83511,0.07044,0.04566,0.01,1.3721,0.08594,0.0126,0.01173,0.19002,0.75893,0.81509,1.48705,0,1.62574,0,0.10601,0.08594,0.81509,1.48705,0.50016,0.29442,0.47205,0.3951,1.62574,0.03456,0.23518
2026-06-20 03:00:00,1.76646,0,0.02269,-0.01184,0,0,0,0.001,0.23292,0.55144,0.67234,0.82566,0.00369,0.11001,0.50565,0.00001,0,0.00001,0,0.00003,0.00001,0.46405,0.83434,0.0652,0.03116,0.01,1.36729,0.08594,0.01295,0.02415,0.19002,0.75895,0.80609,1.46637,0,1.62574,0,0.11001,0.08594,0.80609,1.46637,0.50565,0.29233,0.46405,0.39579,1.62574,0.03455,0.23513
2026-06-20 04:00:00,1.86409,0,0.03064,-0.0065,0,0,0,0.001,0.23886,0.53057,0.67234,0.82159,0.00369,0.11501,0.52222,0.00001,0,0.00001,0,0,0.00001,0.46105,0.81311,0.07537,0.01634,0.01,1.36248,0.08422,0.01258,0.0399,0.19102,0.75893,0.80209,1.43999,0,1.62574,0,0.11501,0.08422,0.80209,1.43999,0.52222,0.28815,0.46105,0.39632,1.62574,0.03454,0.23509
2026-06-20 05:00:00,2.01419,0,0.03856,-0.00542,0,0,0,0.001,0.23687,0.52645,0.66774,0.81303,0.00369,0.11801,0.53057,0.00001,0,0.00001,0,-0.00588,0.00001,0.45605,0.77175,0.08061,0.03516,0.009,1.35768,0.08422,0.01294,0.01756,0.19102,0.75885,0.79809,1.41094,0,1.63241,0,0.11801,0.08422,0.79809,1.41094,0.53057,0.28607,0.45605,0.39657,1.63241,0.03452,0.23506
2026-06-20 06:00:00,2.20554,0,0.03058,-0.00633,0,0,0,0.001,0.23097,0.53057,0.65402,0.79989,0.0035,0.12001,0.53617,0.00001,0,0.00001,0,-0.01471,0.00001,0.45105,0.79177,0.08054,0.05396,0.009,1.35287,0.08252,0.01293,-0.00728,0.19002,0.75874,0.79809,1.37929,0,1.63241,0,0.12001,0.08252,0.79809,1.37929,0.53617,0.28607,0.45105,0.39662,1.63241,0.03451,0.23503
2026-06-20 07:00:00,2.34875,0,0.02266,-0.01208,0,0,0,0.001,0.23886,0.52645,0.64495,0.79146,0.0035,0.12001,0.54742,0.00001,0,0.00001,0,-0.01765,0.00001,0.44805,0.77113,0.01987,0.05644,0.009,1.34851,0.08082,0.01294,0.01424,0.19102,0.75893,0.79309,1.34798,0,1.63241,0,0.12001,0.08082,0.79309,1.34798,0.54742,0.284,0.44805,0.39645,1.63241,0.0345,0.235
2026-06-20 08:00:00,2.40264,0,0.03064,-0.01325,0.012,0,0,0.001,0.23292,0.52645,0.63595,0.78771,0.0035,0.12101,0.56732,0.00001,0,0.00001,0,-0.01471,0.00001,0.44305,0.73046,-0.00038,0.0574,0.009,1.34415,0.07914,0.01294,0.01506,0.19202,0.75908,0.79309,1.31098,0,1.63908,0,0.12101,0.07914,0.79309,1.31098,0.56732,0.28193,0.44305,0.39609,1.63908,0.0345,0.23498
2026-06-20 09:00:00,2.46799,0,0.0307,-0.01058,0,0,0,0.001,0.23097,0.52234,0.61814,0.7794,0.00333,0.12001,0.55592,0.00001,0,0.00001,0,-0.00886,0.00001,0.44005,0.72989,0.06543,0.07469,0.009,1.33979,0.07746,0.01257,0.02666,0.19102,0.75923,0.79309,1.28002,0,1.64578,0,0.12001,0.07746,0.79309,1.28002,0.55592,0.28193,0.44005,0.39554,1.64578,0.03449,0.23495
2026-06-20 10:00:00,2.52552,0,0.01478,-0.01067,0,0,0,0.001,0.23097,0.53886,0.62257,0.76839,0.00333,0.12301,0.56161,0.00001,0,0.00001,0,-0.00009,0.00001,0.44005,0.74955,0.08558,0.1102,0.01,1.33543,0.0758,0.01292,0.02086,0.19202,0.75932,0.79809,1.25217,0,1.64578,0,0.12301,0.0758,0.79809,1.25217,0.56161,0.27987,0.44005,0.39477,1.64578,0.03448,0.23493
2026-06-20 11:00:00,2.5765,0,0.00674,-0.01342,0,0,0,0.001,0.23292,0.52645,0.62257,0.75873,0.00333,0.12401,0.56446,0.00001,0,0.00001,0,0.0058,0.00001,0.43805,0.82937,0.08031,0.09204,0.01,1.33107,0.07746,0.01255,0.02086,0.19202,0.75938,0.79809,1.21914,0,1.65248,0,0.12401,0.07746,0.79809,1.21914,0.56446,0.27987,0.43805,0.39383,1.65248,0.03447,0.23492
2026-06-20 12:00:00,2.68778,0,0.00674,-0.01425,0.012,0,0,0.001,0.23292,0.53886,0.61814,0.74584,0.00333,0.12501,0.55876,0.00001,0,0.00001,0,0.00436,0.00001,0.44005,0.86898,0.08031,0.08621,0.01,1.32671,0.08422,0.01327,0.03907,0.18902,0.75941,0.79309,1.18921,0,1.64578,0,0.12501,0.08422,0.79309,1.18921,0.55876,0.27987,0.44005,0.39275,1.64578,0.03445,0.23439
2026-06-20 13:00:00,2.80211,0,0.00671,-0.0105,0,0,0,0.001,0.22903,0.55144,0.62315,0.73769,0.00316,0.12801,0.56732,0.00001,0,0.00001,0,0.00141,0.00001,0.44005,0.88944,0.14093,0.09865,0.012,1.3225,0.0894,0.01255,0.01921,0.18902,0.76434,0.79309,1.15963,0,1.63908,0,0.12801,0.0894,0.79309,1.15963,0.56732,0.28193,0.44005,0.39153,1.63908,0.03445,0.2335
2026-06-20 14:00:00,2.91612,0,0.00671,-0.00933,0,0,0,0.001,0.22718,0.55567,0.62701,0.73759,0.00316,0.13101,0.58169,0.00001,0,0.00001,0,0.00288,0.00001,0.44305,0.9307,0.18141,0.11592,0.02,1.31829,0.09466,0.0129,0.01176,0.19102,0.76927,0.79309,1.12242,0,1.63241,0,0.13101,0.09466,0.79309,1.12242,0.58169,0.28607,0.44305,0.3903,1.63241,0.03444,0.22931
2026-06-20 15:00:00,2.97325,0,0.00665,-0.00642,0,0,0,0.001,0.23489,0.56846,0.63147,0.73557,0.00316,0.13201,0.57018,0.00001,0,0.00001,0,-0.00003,0.00001,0.44005,0.93179,0.13053,0.11635,0.024,1.31408,0.09432,0.01289,-0.02299,0.19102,0.7742,0.79309,1.08481,0,1.63241,0,0.13201,0.09432,0.79309,1.08481,0.57018,0.29023,0.44005,0.38933,1.63241,0.03443,0.22791
2026-06-20 16:00:00,2.973,0,-0.00132,-0.01092,0,0,0,0.001,0.23489,0.56418,0.63595,0.73515,0.00316,0.13301,0.59328,0.00001,0,0.00001,0,-0.00586,0.00001,0.44805,0.93267,0.09983,0.10173,0.025,1.30987,0.09466,0.01289,-0.01555,0.19202,0.77913,0.79809,1.05044,0,1.63908,0,0.13301,0.09466,0.79809,1.05044,0.59328,0.29442,0.44805,0.3887,1.63908,0.03442,0.22722
2026-06-20 17:00:00,2.91587,0,0.00674,-0.01008,0,0,0,0.001,0.23489,0.56846,0.64495,0.73838,0.00316,0.13301,0.60494,0.00001,0,0.00001,0,-0.0088,0.00001,0.44805,0.89341,0.09019,0.10438,0.026,1.30566,0.09466,0.0125,-0.00892,0.19302,0.78405,0.79809,1.0166,0,1.63241,0,0.13301,0.09466,0.79809,1.0166,0.60494,0.29864,0.44805,0.38837,1.63241,0.03441,0.2268
2026-06-20 18:00:00,2.68767,0,0.02225,0.01434,0,0,0,0.001,0.23687,0.57276,0.62701,0.7421,0.00316,0.13301,0.61963,0.00001,0,0.00001,0,-0.01616,0.00001,0.45805,0.83387,0.09026,0.1088,0.027,1.30145,0.09466,0.01284,-0.03044,0.19102,0.78897,0.79809,0.98584,0,1.62574,0,0.13301,0.09466,0.79809,0.98584,0.61963,0.30076,0.45805,0.38817,1.62574,0.0344,0.22652
2026-06-20 19:00:00,2.45915,0,0.02028,0.01117,0,0,0,0.001,0.22534,0.58141,0.64247,0.74617,0.00316,0.13201,0.63445,0.00001,0,0.00001,0,-0.01616,0.00001,0.46605,0.83386,0.10004,0.0951,0.028,1.29697,0.09644,0.01247,-0.01719,0.19302,0.79503,0.79809,0.95532,0,1.60581,0,0.13201,0.09644,0.79809,0.95532,0.63445,0.30502,0.46605,0.38799,1.60581,0.03439,0.22632
2026-06-20 20:00:00,2.34542,0,0.01714,-0.00141,-0.012,0,0,0.001,0.23489,0.56846,0.65857,0.75214,0.00316,0.12901,0.65239,0.00001,0,0.00001,0,-0.00592,0.00001,0.47405,0.83311,0.08995,0.07808,0.029,1.2925,0.10001,0.01245,-0.01719,0.19002,0.80108,0.79809,0.93249,0,1.59258,0,0.12901,0.10001,0.79809,0.93249,0.65239,0.30502,0.47405,0.38786,1.59258,0.03438,0.22617
2026-06-20 21:00:00,2.17431,0,0.01386,-0.00933,0,0,0,0.001,0.24903,0.56418,0.66315,0.74953,0.00316,0.12501,0.6766,0.00001,0,0.00001,0,-0.00006,0.00001,0.47705,0.83234,0.08071,0.0792,0.029,1.28802,0.10001,0.01244,0.00847,0.19102,0.79901,0.79309,0.90746,0,1.5794,0,0.12501,0.10001,0.79309,0.90746,0.6766,0.30502,0.47705,0.38784,1.5794,0.03438,0.22605
2026-06-20 22:00:00,2.0603,0,0.02656,-0.00817,-0.012,0,0,0.001,0.25107,0.56418,0.66774,0.74777,0.00316,0.12001,0.68576,0.00001,0,0.00001,0,-0.00889,0.00001,0.47905,0.85213,0.08153,0.07748,0.031,1.28354,0.10181,0.01279,0.00185,0.19102,0.7969,0.79809,0.88521,0,1.55971,0,0.12001,0.10181,0.79809,0.88521,0.68576,0.30076,0.47905,0.38798,1.55971,0.03436,0.22596
2026-06-20 23:00:00,2.00349,0,0.02331,-0.00167,0,0,0,0.001,0.24697,0.55567,0.66315,0.75982,0.00333,0.11801,0.70111,0.00001,0,0.00001,0,-0.00889,0.00001,0.48205,0.83197,0.09118,0.07591,0.032,1.27907,0.10363,0.01242,0.01341,0.19102,0.79481,0.79309,0.86566,0,1.53363,0,0.11801,0.10363,0.79309,0.86566,0.70111,0.29864,0.48205,0.38839,1.53363,0.03435,0.22588
2026-06-21 00:00:00,1.88959,0,0.01236,-0.02967,0,0,0,0.001,0.24903,0.54304,0.65857,0.77027,0.00333,0.12001,0.71016,0.00001,0,0.00001,0,0.01168,0.00001,0.48205,0.83137,0.0609,0.0597,0.032,1.27459,0.10728,0.01203,0.0374,0.19002,0.79272,0.79809,0.85113,0,1.50773,0,0.12001,0.10728,0.79809,0.85113,0.71016,0.29653,0.48205,0.38901,1.50773,0.03434,0.22582
2026-06-21 01:00:00,1.77533,0,0.01889,-0.03184,-0.012,0,0,0.001,0.24697,0.53057,0.65402,0.7758,0.0035,0.12201,0.71925,0.00001,0,0.00001,0,0.0161,0.00001,0.47205,0.82978,0.05118,0.04255,0.032,1.27085,0.11097,0.01237,0.02003,0.18902,0.79014,0.79309,0.83674,0,1.47563,0,0.12201,0.11097,0.79309,0.83674,0.71925,0.29442,0.47205,0.38975,1.47563,0.03433,0.22577
2026-06-21 02:00:00,1.66082,0,0.01861,-0.01475,0,0,0,0.001,0.24697,0.52234,0.64495,0.77667,0.0035,0.12301,0.51944,0.00001,0,0.00001,0,-0.00444,0.00001,0.47405,0.82834,0.07819,0.04228,0.032,1.26711,0.11283,0.01272,0.01506,0.18902,0.78758,0.78909,0.8272,0,1.45016,0,0.12301,0.11283,0.78909,0.8272,0.51944,0.29442,0.47405,0.39064,1.45016,0.03433,0.22572
2026-06-21 03:00:00,1.60372,0,0.02637,-0.00692,0,0,0,0.001,0.24903,0.51014,0.64044,0.77297,0.00369,0.12301,0.49743,0.00001,0,0.00001,0,-0.01177,0.00001,0.46905,0.8069,0.07083,0.02457,0.032,1.26337,0.1147,0.01236,-0.00069,0.18802,0.785,0.78909,0.81726,0,1.42483,0,0.12301,0.1147,0.78909,0.81726,0.49743,0.29233,0.46905,0.39168,1.42483,0.03432,0.22568
2026-06-21 04:00:00,1.60397,0,0.02609,-0.00617,0,0,0,0.001,0.25727,0.51014,0.62701,0.76835,0.00388,0.12401,0.51391,0.00001,0,0.00001,0,0,0.00001,0.46105,0.74428,0.06353,0.00647,0.033,1.25962,0.11657,0.01271,0.0374,0.19002,0.78241,0.78909,0.8088,0,1.41223,0,0.12401,0.11657,0.78909,0.8088,0.51391,0.29023,0.46105,0.39285,1.41223,0.03431,0.22564
2026-06-21 05:00:00,1.66046,0,0.01783,-0.00983,0,0,0,0.001,0.25519,0.5021,0.62257,0.76175,0.00388,0.12501,0.54179,0.00001,0,0.00001,0,0,0.00001,0.46105,0.74112,0.06029,0.02188,0.032,1.25588,0.12035,0.01307,0.06556,0.19002,0.77983,0.78909,0.80039,0,1.38718,0,0.12501,0.12035,0.78909,0.80039,0.54179,0.29023,0.46105,0.39408,1.38718,0.03429,0.22561
2026-06-21 06:00:00,1.88806,0,0.00977,0.00192,0,0,0,0.001,0.24697,0.48228,0.61814,0.75479,0.00408,0.12601,0.51667,0.00001,0,0.00001,0,-0.01177,0.00001,0.45805,0.73831,0.10063,0.03754,0.031,1.25214,0.12608,0.01236,0.02089,0.19002,0.77725,0.78409,0.79481,0,1.34998,0,0.12601,0.12608,0.78409,0.79481,0.51667,0.29023,0.45805,0.39528,1.34998,0.03428,0.22559
2026-06-21 07:00:00,2.05951,0,0.00969,0.00917,0.012,0,0,0.001,0.24289,0.47838,0.60495,0.746,0.00429,0.12701,0.53337,0.00001,0,0.00001,0,-0.01324,0.00001,0.45305,0.69683,0.11069,0.03813,0.03,1.24837,0.12608,0.01308,-0.01719,0.19102,0.7747,0.78909,0.78926,0,1.33767,0,0.12701,0.12608,0.78909,0.78926,0.53337,0.28815,0.45305,0.39645,1.33767,0.03427,0.22556
2026-06-21 08:00:00,2.1445,0,0.01755,0.0065,0,0,0,0.001,0.24492,0.47449,0.60059,0.73688,0.00452,0.12801,0.53057,0.00001,0,0.00001,0,-0.00441,0.00001,0.45605,0.65447,0.08364,0.03906,0.029,1.24459,0.12225,0.01273,-0.00975,0.19102,0.77215,0.78909,0.78649,0,1.33767,0,0.12801,0.12225,0.78909,0.78649,0.53057,0.28815,0.45605,0.39767,1.33767,0.03427,0.22554
2026-06-21 09:00:00,2.28672,0,0.00958,0.00208,0,0,0,0.001,0.24289,0.46676,0.59624,0.73129,0.00452,0.12801,0.525,0.00001,0,0.00001,0,0,0.00001,0.45605,0.65117,0.09056,0.0397,0.029,1.24082,0.12225,0.01236,0.02915,0.19002,0.76962,0.78909,0.78097,0,1.33154,0,0.12801,0.12225,0.78909,0.78097,0.525,0.28815,0.45605,0.39905,1.33154,0.03426,0.22552
2026-06-21 10:00:00,2.40073,0,0.00961,0.00208,0,0,0,0.001,0.23886,0.4591,0.58328,0.72292,0.00475,0.12801,0.52222,0.00001,0,0.00001,0,0,0.00001,0.45605,0.66947,0.09742,0.05924,0.028,1.23705,0.12608,0.01272,0.00267,0.19102,0.76707,0.78909,0.78097,0,1.32542,0,0.12801,0.12608,0.78909,0.78097,0.52222,0.28815,0.45605,0.40045,1.32542,0.03425,0.2255
2026-06-21 11:00:00,2.39999,0,0.01762,0.00117,0,0,0,0.001,0.24087,0.4553,0.57282,0.71401,0.00475,0.12801,0.525,0.00001,0,0.00001,0,0,0.00001,0.46105,0.66771,0.10021,0.06662,0.027,1.23327,0.13189,0.01309,-0.04368,0.18902,0.76451,0.79309,0.77822,0,1.31321,0,0.12801,0.13189,0.79309,0.77822,0.525,0.29023,0.46105,0.4016,1.31321,0.03424,0.22549
2026-06-21 12:00:00,2.37985,0,0.02559,-0.00425,0.012,0,0,0.001,0.24289,0.444,0.56201,0.70854,0.005,0.12801,0.52222,0.00001,0,0.00001,0,0.00294,0.00001,0.46405,0.66668,0.07999,0.06895,0.027,1.2295,0.13385,0.01237,-0.01308,0.18802,0.76195,0.79809,0.77822,0,1.30104,0,0.12801,0.13385,0.79809,0.77822,0.52222,0.29233,0.46405,0.40252,1.30104,0.03422,0.22508
2026-06-21 13:00:00,2.36015,0,0.02556,-0.00975,0,0,0,0.001,0.24289,0.45151,0.55781,0.7003,0.00524,0.12901,0.60494,0.00001,0,0.00001,0,0.00589,0.00001,0.46405,0.68527,0.06989,0.10116,0.027,1.22626,0.13385,0.01308,0.01753,0.19302,0.75959,0.79309,0.77822,0,1.28893,0,0.12901,0.13385,0.79309,0.77822,0.60494,0.29442,0.46405,0.40346,1.28893,0.03422,0.22461
2026-06-21 14:00:00,2.34045,0,0.00964,-0.0115,0,0,0,0.001,0.24492,0.44775,0.54529,0.68907,0.0055,0.13301,0.60202,0.00001,0,0.00001,0,0.00003,0.00001,0.46905,0.70282,0.07958,0.11829,0.027,1.22301,0.13385,0.01273,0.00596,0.19202,0.75721,0.79309,0.77547,0,1.28289,0,0.13301,0.13385,0.79309,0.77547,0.60202,0.30076,0.46905,0.40461,1.28289,0.03421,0.22052
2026-06-21 15:00:00,2.32076,0,0.00964,-0.01358,0,0,0,0.001,0.21453,0.444,0.54529,0.6781,0.00576,0.13602,0.59038,0.00001,0,0.00001,0,-0.00877,0.00001,0.48205,0.67915,0.07958,0.13348,0.028,1.21977,0.13582,0.01236,-0.0172,0.19302,0.75484,0.79309,0.77547,0,1.26485,0,0.13602,0.13582,0.79309,0.77547,0.59038,0.30502,0.48205,0.40588,1.26485,0.0342,0.21915
2026-06-21 16:00:00,2.30106,0,0.00964,-0.01433,0,0,0,0.001,0.21808,0.43655,0.54116,0.66968,0.00604,0.13802,0.58458,0.00001,0,0.00001,0,-0.0176,0.00001,0.49506,0.67285,0.07965,0.13663,0.029,1.21653,0.13779,0.01271,-0.00642,0.19202,0.75246,0.79309,0.77547,0,1.25887,0,0.13802,0.13779,0.79309,0.77547,0.58458,0.31145,0.49506,0.40713,1.25887,0.03419,0.21847
2026-06-21 17:00:00,2.28137,0,0.002,-0.01517,0,0,0,0.001,0.22168,0.44775,0.53703,0.66107,0.00633,0.13902,0.57018,0.00001,0,0.00001,0,-0.02054,0,0.49506,0.68639,0.08009,0.11974,0.031,1.21328,0.13976,0.01235,-0.0056,0.19102,0.75009,0.79309,0.77547,0,1.24693,0,0.13902,0.13976,0.79309,0.77547,0.57018,0.31361,0.49506,0.40832,1.24693,0.03418,0.21806
2026-06-21 18:00:00,2.26167,0,-0.00431,-0.00783,0,0,0,0.001,0.2235,0.44027,0.53703,0.65412,0.00664,0.13902,0.57018,0.00001,0,0.00001,0,-0.02054,0.00001,0.50906,0.65961,0.09022,0.1013,0.03,1.21004,0.14175,0.01233,-0.02049,0.19102,0.74771,0.79309,0.77273,0,1.24693,0,0.13902,0.14175,0.79309,0.77273,0.57018,0.31361,0.50906,0.40953,1.24693,0.03417,0.21778
2026-06-21 19:00:00,2.24224,0,-0.00934,-0.00725,-0.012,0,0,0.001,0.23097,0.42917,0.52882,0.65085,0.00696,0.13902,0.57305,0.00001,0,0.00001,0,-0.02348,0.00001,0.50606,0.65218,0.08054,0.06853,0.03,1.2063,0.14175,0.01268,0.011,0.19102,0.74658,0.79309,0.77273,0,1.24693,0,0.13902,0.14175,0.79309,0.77273,0.57305,0.31361,0.50606,0.41085,1.24693,0.03416,0.21759
2026-06-21 20:00:00,2.2228,0,0.0018,-0.01475,0,0,0,0.001,0.22903,0.42917,0.53292,0.64667,0.00696,0.13902,0.5788,0.00001,0,0.00001,0,-0.01763,0.00001,0.51206,0.66647,0.07085,0.05075,0.03,1.20256,0.14175,0.01268,0.03666,0.19202,0.74544,0.78909,0.76999,0,1.24693,0,0.13902,0.14175,0.78909,0.76999,0.5788,0.31145,0.51206,0.41232,1.24693,0.03415,0.21744
2026-06-21 21:00:00,2.20337,0,0.00497,-0.00933,0,0,0,0.001,0.22903,0.42551,0.52882,0.64397,0.00729,0.14002,0.56161,0.00001,0,0.00001,0,-0.00294,0.00001,0.52006,0.68302,0.08057,0.05272,0.029,1.19882,0.13779,0.01232,-0.00804,0.19202,0.74432,0.79309,0.77273,0,1.25289,0,0.14002,0.13779,0.79309,0.77273,0.56161,0.30502,0.52006,0.41397,1.25289,0.03415,0.21733
2026-06-21 22:00:00,2.18394,0,0.0081,-0.02325,-0.012,0,0,0.001,0.22718,0.42551,0.52475,0.63993,0.00729,0.14102,0.54179,0.00001,0,0.00001,0,0.00883,0.00001,0.51406,0.68104,0.08057,0.04772,0.029,1.19508,0.13582,0.0123,-0.03288,0.19102,0.74316,0.79309,0.77822,0,1.24693,0,0.14102,0.13582,0.79309,0.77822,0.54179,0.30288,0.51406,0.41576,1.24693,0.03413,0.21724
2026-06-21 23:00:00,2.1645,0,0.00296,-0.036,-0.012,0,0,0.001,0.22903,0.42187,0.52475,0.63726,0.00729,0.14102,0.54742,0.00001,0,0.00001,0,0.00589,0.00001,0.52006,0.64026,0.08061,0.04167,0.028,1.19134,0.13385,0.01264,0.011,0.18902,0.74203,0.79309,0.78097,0,1.24693,0,0.14102,0.13385,0.79309,0.78097,0.54742,0.30076,0.52006,0.41757,1.24693,0.03412,0.21716
2026-06-22 00:00:00,2.15811,0,0.00446,-0.03692,0,0,0,0,0.2235,0.41824,0.51664,0.63651,0.00764,0.14102,0.54742,0.00001,0,0.00001,0,0.00294,0.00001,0.52306,0.67883,0.07092,0.04231,0.026,1.1876,0.13189,0.01227,0.02754,0.18902,0.74089,0.79309,0.77822,0,1.24098,0,0.14102,0.13189,0.79309,0.77822,0.54742,0.30076,0.52306,0.41926,1.24098,0.03411,0.2171
2026-06-22 01:00:00,2.1519,0,0.02066,-0.032,0,0,0,0,0.21987,0.41104,0.52069,0.63289,0.00764,0.14202,0.54742,0.00001,0,0.00001,0,0.00589,0.00001,0.50906,0.69755,0.07089,0.04277,0.026,1.18445,0.12995,0.01226,0.00349,0.18802,0.73826,0.79309,0.77273,0,1.24098,0,0.14202,0.12995,0.79309,0.77273,0.54742,0.30076,0.50906,0.42071,1.24098,0.0341,0.21705
2026-06-22 02:00:00,2.14568,0,0.01269,-0.02459,-0.012,0,0,0,0.21277,0.40746,0.51261,0.63033,0.00764,0.14702,0.54742,0.00001,0,0.00001,0,0.00294,0.00001,0.50606,0.69621,0.07092,0.04269,0.025,1.18129,0.12801,0.01261,-0.00563,0.18902,0.73565,0.78909,0.76454,0,1.22911,0,0.14702,0.12801,0.78909,0.76454,0.54742,0.30076,0.50606,0.42196,1.22911,0.0341,0.217
2026-06-22 03:00:00,2.13947,0,0.00471,-0.02725,0,0,0,0,0.20114,0.40389,0.5086,0.62635,0.00764,0.14802,0.54742,0.00001,0,0.00001,0,-0.00589,0.00001,0.50906,0.67494,0.05118,0.02477,0.024,1.17814,0.12417,0.01224,0.03325,0.18602,0.73302,0.78909,0.7591,0,1.24693,0,0.14802,0.12417,0.78909,0.7591,0.54742,0.29864,0.50906,0.42296,1.24693,0.03409,0.21696
2026-06-22 04:00:00,2.13326,0,0.00474,-0.01367,0,0,0,0,0.20253,0.39683,0.50062,0.62373,0.00764,0.14902,0.55592,0.00001,0,0.00001,0,-0.01177,0.00001,0.49506,0.61447,-0.03969,0.00717,0.025,1.17498,0.12417,0.0126,0.02659,0.18902,0.73037,0.78909,0.75099,0,1.26485,0,0.14902,0.12417,0.78909,0.75099,0.55592,0.29653,0.49506,0.42369,1.26485,0.03408,0.21693
2026-06-22 05:00:00,2.12704,0,0.02066,-0.00283,0.012,0,0,0,0.20253,0.38636,0.49666,0.62138,0.00764,0.14602,0.56732,0.00001,0,0.00001,0,-0.00589,0.00001,0.49506,0.61314,-0.02964,0.00711,0.025,1.17183,0.12035,0.0126,-0.00322,0.18902,0.72774,0.78409,0.74561,0,1.25887,0,0.14602,0.12035,0.78409,0.74561,0.56732,0.29442,0.49506,0.42418,1.25887,0.03406,0.2169
2026-06-22 06:00:00,2.12083,0,0.02861,-0.012,0,0,0,0,0.20114,0.37605,0.4927,0.61587,0.00764,0.14502,0.57305,0.00001,0,0.00001,0,-0.00294,0.00001,0.49806,0.5921,0.07092,0.00689,0.025,1.16867,0.11846,0.01296,-0.01149,0.18702,0.72511,0.78409,0.74026,0,1.27687,0,0.14502,0.11846,0.78409,0.74026,0.57305,0.29233,0.49806,0.42442,1.27687,0.03405,0.21687
2026-06-22 07:00:00,2.1153,0,0.02063,-0.0185,0,0,0,0,0.19702,0.38291,0.48876,0.60976,0.00764,0.15102,0.57305,0.00001,0,0.00001,0,-0.00883,0.00001,0.49005,0.5722,0.07051,0.00686,0.025,1.16544,0.11657,0.01261,-0.00236,0.19102,0.72265,0.78909,0.73493,0,1.27687,0,0.15102,0.11657,0.78909,0.73493,0.57305,0.29023,0.49005,0.4245,1.27687,0.03404,0.21685
2026-06-22 08:00:00,2.10977,0,0.0254,-0.0185,0,0,0,0,0.19505,0.37947,0.48094,0.60356,0.00764,0.15302,0.59038,0.00001,0,0.00001,0,0.00583,0.00001,0.48705,0.57143,0.07044,0.00708,0.026,1.16222,0.11657,0.01262,0.00508,0.18802,0.72018,0.78909,0.72961,0,1.28289,0,0.15302,0.11657,0.78909,0.72961,0.59038,0.29023,0.48705,0.42442,1.28289,0.03404,0.21683
2026-06-22 09:00:00,2.10424,0,0.04609,-0.01992,0,0,0,0,0.20253,0.37265,0.48094,0.59895,0.00764,0.15302,0.58458,0.00001,0,0.00001,0,0.00877,0.00001,0.48705,0.58985,0.08043,0.00731,0.026,1.159,0.11657,0.01226,-0.00319,0.18902,0.71771,0.79309,0.73227,0,1.28289,0,0.15302,0.11657,0.79309,0.73227,0.58458,0.29023,0.48705,0.42414,1.28289,0.03403,0.21681
2026-06-22 10:00:00,2.09871,0,0.03683,0,0,0,0,0,0.20533,0.37265,0.47319,0.59467,0.00764,0.15402,0.59328,0.00001,0,0.00001,0,0.00582,0.00001,0.48505,0.59978,0.06403,0.01737,0.026,1.15577,0.1147,0.01297,0.00828,0.19002,0.71524,0.78909,0.73493,0,1.28893,0,0.15402,0.1147,0.78909,0.73493,0.59328,0.29233,0.48505,0.42371,1.28893,0.03402,0.21679
2026-06-22 11:00:00,2.09318,0,0.02758,0,0.012,0,0,0,0.20114,0.36926,0.46934,0.5889,0.00764,0.15402,0.58458,0.00001,0,0.00001,0,0.00291,0.00001,0.48205,0.6098,0.06385,0.02744,0.026,1.15254,0.1147,0.01262,0.01974,0.18902,0.71278,0.80209,0.74026,0,1.29498,0,0.15402,0.1147,0.80209,0.74026,0.58458,0.29442,0.48205,0.42317,1.29498,0.03401,0.21677
2026-06-22 12:00:00,2.08765,0,0.01834,0,0.012,0,0,0,0.19976,0.36926,0.46168,0.58442,0.00729,0.15502,0.5991,0.00001,0,0.00001,0,0,0.00001,0.48205,0.61973,0.06367,0.03749,0.026,1.14932,0.1147,0.01263,0.03121,0.19002,0.7103,0.8651,0.74561,0,1.29498,0,0.15502,0.1147,0.8651,0.74561,0.5991,0.29864,0.48205,0.4226,1.29498,0.034,0.2164
2026-06-22 13:00:00,2.08142,0,0.01832,0,0.01199,0,0,0,0.19944,0.37046,0.46168,0.58022,0.00725,0.15302,0.59949,0,0,0.00001,0,0,0,0.47705,0.62967,0.06349,0.04757,0.025,1.14654,0.11657,0.01258,0.03116,0.18902,0.70764,0.96141,0.74419,0,1.28856,0,0.15302,0.11657,0.96141,0.74419,0.59949,0.30075,0.47705,0.42194,1.28856,0.03399,0.21601
2026-06-22 14:00:00,2.07519,0,0.0183,0,0.01198,0,0,0,0.19917,0.37092,0.46123,0.57453,0.00725,0.15304,0.59969,0,0,0.00001,0,0,0,0.47874,0.63961,0.06331,0.05765,0.025,1.14377,0.1165,0.01252,0.03111,0.18897,0.70498,1.06019,0.74288,0,1.28214,0,0.15304,0.1165,1.06019,0.74288,0.59969,0.30282,0.47874,0.4212,1.28214,0.03398,0.21208
2026-06-22 15:00:00,2.06896,0,0.01828,0,0.01198,0,0,0,0.19892,0.37148,0.46157,0.56858,0.00725,0.15306,0.5997,0,0,0.00001,0,0,0,0.48102,0.64956,0.06314,0.06774,0.02501,1.14099,0.11641,0.01247,0.03107,0.18865,0.70234,1.1598,0.7415,0,1.27586,0,0.15306,0.11641,1.1598,0.7415,0.5997,0.30481,0.48102,0.42048,1.27586,0.03397,0.21078
2026-06-22 16:00:00,2.06272,0,0.01826,0,0.01197,0,0,0,0.19869,0.37204,0.46267,0.56412,0.00725,0.15308,0.59961,0,0,0.00001,0,0,0,0.48321,0.65952,0.06296,0.07781,0.02501,1.13821,0.1163,0.01241,0.03102,0.18857,0.69967,1.25968,0.74006,0,1.26988,0,0.15308,0.1163,1.25968,0.74006,0.59961,0.30696,0.48321,0.41986,1.26988,0.03396,0.21012
2026-06-22 17:00:00,2.05649,0,0.01824,0,0.01196,0,0,0,0.19847,0.37255,0.46438,0.56283,0.00725,0.15319,0.59946,0,0,0.00001,0,0,0,0.48534,0.66949,0.06278,0.08789,0.02501,1.13544,0.11617,0.01235,0.03097,0.18836,0.69701,1.35966,0.73888,0,1.26426,0,0.15319,0.11617,1.35966,0.73888,0.59946,0.30933,0.48534,0.41938,1.26426,0.03395,0.20973
2026-06-22 18:00:00,2.05026,0,0.01822,0,0.01195,0,0,0,0.19827,0.37398,0.46633,0.56231,0.00725,0.1534,0.59926,0,0,0.00001,0,0,0,0.48743,0.67949,0.0626,0.09797,0.02502,1.13266,0.11607,0.0123,0.03092,0.18849,0.69435,1.45967,0.73795,0,1.25901,0,0.1534,0.11607,1.45967,0.73795,0.59926,0.31162,0.48743,0.41899,1.25901,0.03394,0.20947
2026-06-22 19:00:00,2.05168,0,0.0182,0,0.01193,0,0,0,0.19807,0.37328,0.46844,0.56258,0.00725,0.15361,0.59903,0,0,0.00001,0,0,0,0.48958,0.68949,0.06242,0.10805,0.02502,1.12938,0.11597,0.01225,0.03087,0.18874,0.69176,1.55969,0.73722,0,1.25407,0,0.15361,0.11597,1.55969,0.73722,0.59903,0.31373,0.48958,0.4187,1.25407,0.03393,0.20928
2026-06-22 20:00:00,2.05309,0,0.01818,0,0.01192,0,0,0,0.19786,0.37389,0.47079,0.56355,0.00725,0.15373,0.59879,0,0,0.00001,0,0,0,0.49179,0.69949,0.06225,0.11815,0.02502,1.1261,0.11589,0.01219,0.03083,0.18876,0.68919,1.6597,0.73655,0,1.24936,0,0.15373,0.11589,1.6597,0.73655,0.59879,0.31564,0.49179,0.4185,1.24936,0.03392,0.20914
2026-06-22 21:00:00,2.05451,0,0.01816,0,0.01191,0,0,0,0.19766,0.37243,0.47299,0.565,0.00725,0.15372,0.59854,0,0,0.00001,0,0,0,0.49399,0.70951,0.06207,0.12824,0.02503,1.12282,0.11582,0.01214,0.03078,0.18864,0.68661,1.69303,0.73622,0,1.24487,0,0.15372,0.11582,1.69303,0.73622,0.59854,0.31739,0.49399,0.41839,1.24487,0.03392,0.20903
2026-06-22 22:00:00,2.05592,0,0.01814,0,0.0119,0,0,0,0.19747,0.37266,0.47527,0.5667,0.00725,0.15368,0.59825,0,0,0.00001,0,0,0,0.49611,0.71953,0.06189,0.12789,0.02503,1.11953,0.11579,0.01209,0.03073,0.18783,0.68402,1.70414,0.73838,0,1.24058,0,0.15368,0.11579,1.70414,0.73838,0.59825,0.31896,0.49611,0.41836,1.24058,0.03391,0.20894
2026-06-22 23:00:00,2.05734,0,0.01812,0,0.01188,0,0,0,0.19727,0.37127,0.47516,0.56862,0.00725,0.15362,0.59793,0,0,0.00001,0,0,0,0.49811,0.71744,0.06172,0.12755,0.02503,1.11625,0.11583,0.01204,0.03069,0.18681,0.68144,1.70785,0.74555,0,1.23646,0,0.15362,0.11583,1.70785,0.74555,0.59793,0.32039,0.49811,0.41842,1.23646,0.03389,0.20887
2026-06-23 00:00:00,2.05875,0,0.0181,0,0.01187,0,0,0,0.19707,0.36981,0.4748,0.57063,0.00725,0.15352,0.59757,0,0,0.00001,0,0,0,0.49997,0.71537,0.06154,0.1272,0.02504,1.11297,0.11585,0.01198,0.03064,0.18609,0.67885,1.70908,0.75856,0,1.23251,0,0.15352,0.11585,1.70908,0.75856,0.59757,0.32167,0.49997,0.41856,1.23251,0.03388,0.20881
2026-06-23 01:00:00,2.05924,0,0.01808,0,0.01186,0,0,0,0.19687,0.37205,0.47457,0.57261,0.00725,0.15342,0.59719,0,0,0,0,0,0,0.50167,0.71331,0.06137,0.12687,0.02551,1.11022,0.11592,0.01193,0.03012,0.18557,0.67592,1.70949,0.77714,0,1.22871,0,0.15342,0.11592,1.70949,0.77714,0.59719,0.32282,0.50167,0.41878,1.22871,0.03387,0.20876
2026-06-23 02:00:00,2.05973,0,0.01806,0,0.01185,0,0,0,0.19668,0.37427,0.47437,0.57368,0.00724,0.15329,0.59676,0,0,0,0,0,0,0.50323,0.71125,0.06121,0.12654,0.02551,1.10748,0.1161,0.01189,0.03008,0.1852,0.67301,1.70963,0.80097,0,1.22509,0,0.15329,0.1161,1.70963,0.80097,0.59676,0.32385,0.50323,0.41907,1.22509,0.03387,0.20872
2026-06-23 03:00:00,2.06023,0,0.01804,0,0.01184,0,0,0,0.19648,0.37838,0.47415,0.5735,0.00724,0.15317,0.59631,0,0,0,0,0,0,0.50464,0.7092,0.06104,0.12622,0.02552,1.10473,0.11633,0.01183,0.03004,0.18493,0.67009,1.70968,0.82972,0,1.22173,0,0.15317,0.11633,1.70968,0.82972,0.59631,0.32477,0.50464,0.41942,1.22173,0.03386,0.20868
2026-06-23 04:00:00,2.06072,0,0.01802,0,0.01183,0,0,0,0.19628,0.38062,0.47503,0.57304,0.00724,0.15305,0.59584,0,0,0,0,0,0,0.50591,0.70716,0.06087,0.12589,0.02552,1.10198,0.11648,0.01178,0.02999,0.18473,0.66716,1.70969,0.86308,0,1.21876,0,0.15305,0.11648,1.70969,0.86308,0.59584,0.32557,0.50591,0.41985,1.21876,0.03385,0.20865
2026-06-23 05:00:00,2.06121,0,0.018,0,0.01182,0,0,0,0.19608,0.3829,0.47675,0.57257,0.00724,0.15295,0.59534,0,0,0,0,0,0,0.50706,0.70515,0.06071,0.12556,0.02552,1.09924,0.11664,0.01174,0.02994,0.18458,0.66422,1.7097,0.90075,0,1.21642,0,0.15295,0.11664,1.7097,0.90075,0.59534,0.32628,0.50706,0.42032,1.21642,0.03383,0.20862
2026-06-23 06:00:00,2.0617,0,0.01798,0,0.01181,0,0,0,0.19589,0.38426,0.47932,0.57212,0.00724,0.15286,0.59483,0,0,0,0,0,0,0.50809,0.70315,0.06054,0.12523,0.02553,1.09649,0.1168,0.01168,0.0299,0.18448,0.6613,1.7097,0.94222,0,1.21499,0,0.15286,0.1168,1.7097,0.94222,0.59483,0.3269,0.50809,0.42085,1.21499,0.03382,0.2086
2026-06-23 07:00:00,2.0541,0,0.01796,0,0.0118,0,0,0,0.19569,0.38415,0.48212,0.5721,0.00724,0.15278,0.59429,0,0,0,0,0,0,0.509,0.70117,0.06038,0.12492,0.02553,1.09365,0.11685,0.01164,0.02986,0.18442,0.65891,1.7097,0.98421,0,1.21473,0,0.15278,0.11685,1.7097,0.98421,0.59429,0.32742,0.509,0.42144,1.21473,0.03382,0.20857
2026-06-23 08:00:00,2.0465,0,0.01794,0,0.01178,0,0,0,0.19549,0.38464,0.48475,0.57295,0.00724,0.1527,0.59375,0,0,0,0,0,0,0.50981,0.69919,0.06022,0.1246,0.02554,1.09081,0.11684,0.01159,0.02981,0.18436,0.65648,1.7097,1.02497,0,1.21595,0,0.1527,0.11684,1.7097,1.02497,0.59375,0.32786,0.50981,0.42205,1.21595,0.03381,0.20855
2026-06-23 09:00:00,2.0389,0,0.01793,0,0.01176,0,0,0,0.19529,0.38542,0.48681,0.57464,0.00724,0.15264,0.59321,0,0,0,0,0,0,0.51051,0.69723,0.06007,0.12429,0.02554,1.08798,0.11683,0.01154,0.02976,0.18433,0.65408,1.70969,1.06366,0,1.21888,0,0.15264,0.11683,1.70969,1.06366,0.59321,0.32822,0.51051,0.42269,1.21888,0.03381,0.20853
2026-06-23 10:00:00,2.0313,0,0.01792,0,0.01175,0,0,0,0.1951,0.38639,0.48828,0.57694,0.00724,0.15257,0.59266,0,0,0,0,0,0,0.51111,0.6953,0.05991,0.12398,0.02554,1.08514,0.11683,0.0115,0.02972,0.1843,0.65168,1.70968,1.10011,0,1.22375,0,0.15257,0.11683,1.70968,1.10011,0.59266,0.3285,0.51111,0.42336,1.22375,0.03381,0.20852
2026-06-23 11:00:00,2.0237,0,0.01791,0,0.01174,0,0,0,0.1949,0.38646,0.48932,0.57939,0.00724,0.15252,0.59211,0,0,0,0,0,0,0.51163,0.69346,0.05975,0.12366,0.02555,1.0823,0.11683,0.01145,0.02967,0.18429,0.64927,1.70968,1.13433,0,1.23076,0,0.15252,0.11683,1.70968,1.13433,0.59211,0.32872,0.51163,0.42403,1.23076,0.03381,0.2085
2026-06-23 12:00:00,2.0161,0,0.0179,0,0.01173,0,0,0,0.19469,0.3856,0.49028,0.58156,0.00724,0.15246,0.59156,0,0,0,0,0,0,0.51206,0.69153,0.05959,0.12335,0.02555,1.07946,0.11683,0.0114,0.02963,0.18428,0.64687,1.70968,1.16644,0,1.23997,0,0.15246,0.11683,1.70968,1.16644,0.59156,0.32887,0.51206,0.42471,1.23997,0.03381,0.20813
2026-06-23 13:00:00,2.00952,0,0.01789,0,0.01173,0,0,0,0.19447,0.38374,0.49098,0.58321,0.00724,0.15241,0.59101,0,0,0,0,0,0,0.51242,0.68961,0.05943,0.12304,0.02555,1.07702,0.11683,0.01136,0.02959,0.18426,0.64456,1.70968,1.19656,0,1.25135,0,0.15241,0.11683,1.70968,1.19656,0.59101,0.32897,0.51242,0.4254,1.25135,0.0338,0.20773
2026-06-23 14:00:00,2.00294,0,0.01788,0,0.01172,0,0,0,0.19427,0.38098,0.49108,0.58435,0.00724,0.15237,0.59046,0,0,0,0,0,0,0.51269,0.68769,0.05926,0.12274,0.02556,1.07459,0.11683,0.01131,0.02954,0.18425,0.64224,1.70968,1.22481,0,1.26479,0,0.15237,0.11683,1.70968,1.22481,0.59046,0.32903,0.51269,0.42607,1.26479,0.0338,0.20401
2026-06-23 15:00:00,1.99637,0,0.01787,0,0.01171,0,0,0,0.19406,0.37824,0.49051,0.58518,0.00724,0.15233,0.58991,0,0,0,0,0,0,0.5129,0.68577,0.0591,0.12243,0.02556,1.07215,0.11683,0.01127,0.0295,0.18424,0.63994,1.70968,1.25131,0,1.28008,0,0.15233,0.11683,1.70968,1.25131,0.58991,0.32901,0.5129,0.42674,1.28008,0.03379,0.20277
2026-06-23 16:00:00,1.98979,0,0.01785,0,0.01171,0,0,0,0.19386,0.37551,0.489,0.58582,0.00723,0.15229,0.58936,0,0,0,0,0,0,0.51305,0.68386,0.05894,0.12212,0.02556,1.06971,0.11682,0.01122,0.02946,0.18422,0.63762,1.70968,1.27616,0,1.29701,0,0.15229,0.11682,1.70968,1.27616,0.58936,0.32897,0.51305,0.42741,1.29701,0.03377,0.20215
2026-06-23 17:00:00,1.98321,0,0.01784,0,0.01171,0,0,0,0.19366,0.37279,0.48687,0.58607,0.00723,0.15226,0.58881,0,0,0,0,0,0,0.51314,0.68198,0.05877,0.12182,0.02557,1.06728,0.11681,0.01117,0.02941,0.18419,0.63528,1.70968,1.29947,0,1.31532,0,0.15226,0.11681,1.70968,1.29947,0.58881,0.32888,0.51314,0.42805,1.31532,0.03375,0.20177
2026-06-23 18:00:00,1.97663,0,0.01782,0,0.0117,0,0,0,0.19346,0.37104,0.48421,0.58572,0.00723,0.15223,0.58826,0,0,0,0,0,0,0.51317,0.6801,0.05861,0.12151,0.02557,1.06484,0.11682,0.01113,0.02937,0.18417,0.63296,1.70968,1.32133,0,1.33476,0,0.15223,0.11682,1.70968,1.32133,0.58826,0.32874,0.51317,0.4287,1.33476,0.03373,0.20153
2026-06-23 19:00:00,1.97994,0,0.01781,0,0.01169,0,0,0,0.19326,0.36697,0.48126,0.58462,0.00723,0.15221,0.58771,0,0,0,0,0,0,0.51317,0.67823,0.05845,0.12121,0.02557,1.06192,0.11682,0.01108,0.02933,0.18416,0.63074,1.70968,1.34184,0,1.35511,0,0.15221,0.11682,1.70968,1.34184,0.58771,0.32859,0.51317,0.42932,1.35511,0.03371,0.20135
2026-06-23 20:00:00,1.98324,0,0.01779,0,0.01168,0,0,0,0.19306,0.36431,0.47831,0.58275,0.00723,0.15218,0.58717,0,0,0,0,0,0,0.5131,0.67637,0.05829,0.12091,0.02558,1.05901,0.11681,0.01104,0.02929,0.18415,0.62853,1.70968,1.36107,0,1.37626,0,0.15218,0.11681,1.70968,1.36107,0.58717,0.3284,0.5131,0.42992,1.37626,0.0337,0.20121
2026-06-23 21:00:00,1.98655,0,0.01778,0,0.01168,0,0,0,0.19287,0.35942,0.47509,0.58026,0.00723,0.15216,0.58663,0,0,0,0,0,0,0.513,0.67451,0.05813,0.12061,0.02558,1.05609,0.11682,0.01099,0.02925,0.18414,0.62632,1.70967,1.37912,0,1.39812,0,0.15216,0.11682,1.70967,1.37912,0.58663,0.32816,0.513,0.4305,1.39812,0.03369,0.20111
2026-06-23 22:00:00,1.98986,0,0.01776,0,0.01167,0,0,0,0.19267,0.35637,0.47186,0.57733,0.00723,0.15214,0.58609,0,0,0,0,0,0,0.51286,0.67266,0.05797,0.12031,0.02558,1.05317,0.11682,0.01094,0.02921,0.18413,0.62411,1.70967,1.39604,0,1.42044,0,0.15214,0.11682,1.70967,1.39604,0.58609,0.32792,0.51286,0.43107,1.42044,0.03368,0.20103
2026-06-23 23:00:00,1.99316,0,0.01774,0,0.01165,0,0,0,0.19247,0.35518,0.46855,0.5742,0.00723,0.15213,0.58556,0,0,0,0,0,0,0.51269,0.67083,0.05781,0.12001,0.02559,1.05026,0.11682,0.0109,0.02917,0.18411,0.62189,1.70967,1.41192,0,1.44297,0,0.15213,0.11682,1.70967,1.41192,0.58556,0.32765,0.51269,0.43161,1.44297,0.03366,0.20096
2026-06-24 00:00:00,1.99647,0,0.01772,0,0.01164,0,0,0,0.19227,0.35397,0.46494,0.57091,0.00723,0.15211,0.58503,0,0,0,0,0,0,0.51248,0.66903,0.05765,0.11971,0.02559,1.04734,0.11682,0.01086,0.02913,0.1841,0.61968,1.70967,1.42682,0,1.46552,0,0.15211,0.11682,1.70967,1.42682,0.58503,0.32735,0.51248,0.43213,1.46552,0.03365,0.2009
2026-06-24 01:00:00,1.99532,0,0.0177,0,0.01163,0,0,0,0.19208,0.35653,0.46181,0.56748,0.00723,0.15211,0.5845,0,0,0,0,0,0,0.51224,0.66722,0.0575,0.11942,0.02606,1.04527,0.11682,0.01081,0.02862,0.18409,0.61716,1.70966,1.44064,0,1.48789,0,0.15211,0.11682,1.70966,1.44064,0.5845,0.32705,0.51224,0.43263,1.48789,0.03364,0.20086
2026-06-24 02:00:00,1.99417,0,0.01768,0,0.01162,0,0,0,0.19188,0.359,0.45966,0.564,0.00723,0.1521,0.58397,0,0,0,0,0,0,0.51199,0.66542,0.05735,0.11914,0.02607,1.04319,0.11686,0.01077,0.02858,0.18409,0.61465,1.70966,1.453,0,1.50997,0,0.1521,0.11686,1.70966,1.453,0.58397,0.32671,0.51199,0.4331,1.50997,0.03364,0.20082
2026-06-24 03:00:00,1.99303,0,0.01767,0,0.01161,0,0,0,0.19168,0.36332,0.45831,0.56035,0.00723,0.15209,0.58345,0,0,0,0,0,0,0.5117,0.66365,0.0572,0.11886,0.02607,1.04112,0.11694,0.01073,0.02854,0.18409,0.61215,1.70966,1.46465,0,1.53165,0,0.15209,0.11694,1.70966,1.46465,0.58345,0.32636,0.5117,0.43355,1.53165,0.03364,0.20078
2026-06-24 04:00:00,1.99188,0,0.01764,0,0.0116,0,0,0,0.19148,0.36569,0.45858,0.55673,0.00723,0.15209,0.58293,0,0,0,0,0,0,0.51139,0.66217,0.05705,0.11857,0.02607,1.03905,0.117,0.01069,0.0285,0.18409,0.60965,1.70966,1.47562,0,1.55281,0,0.15209,0.117,1.70966,1.47562,0.58293,0.32602,0.51139,0.43398,1.55281,0.03364,0.20075
2026-06-24 05:00:00,1.99073,0,0.01762,0,0.01159,0,0,0,0.19129,0.36802,0.46003,0.55371,0.00722,0.15208,0.58241,0,0,0,0,0,0,0.51106,0.66114,0.0569,0.11829,0.02608,1.03697,0.11704,0.01065,0.02846,0.18408,0.60713,1.70966,1.48595,0,1.57341,0,0.15208,0.11704,1.70966,1.48595,0.58241,0.32563,0.51106,0.43439,1.57341,0.03363,0.20072
2026-06-24 06:00:00,1.98958,0,0.01761,0,0.01158,0,0,0,0.19109,0.36939,0.46251,0.55151,0.00722,0.15208,0.58189,0,0,0,0,0,0,0.51072,0.66042,0.05675,0.118,0.02608,1.0349,0.1171,0.01061,0.02842,0.18409,0.60462,1.70966,1.49569,0,1.59337,0,0.15208,0.1171,1.70966,1.49569,0.58189,0.32525,0.51072,0.43476,1.59337,0.03363,0.2007
2026-06-24 07:00:00,1.98157,0,0.01759,0,0.01157,0,0,0,0.19089,0.36924,0.46531,0.55046,0.00722,0.15208,0.58137,0,0,0,0,0,0,0.51036,0.65991,0.05661,0.11773,0.02608,1.03323,0.11714,0.01056,0.02838,0.18409,0.60259,1.70966,1.50486,0,1.61263,0,0.15208,0.11714,1.70966,1.50486,0.58137,0.32487,0.51036,0.43513,1.61263,0.03363,0.20068
2026-06-24 08:00:00,1.97357,0,0.01757,0,0.01156,0,0,0,0.19069,0.36966,0.46796,0.55076,0.00722,0.15208,0.58086,0,0,0,0,0,0,0.50999,0.65955,0.05646,0.11746,0.02609,1.03157,0.11717,0.01053,0.02835,0.18409,0.60058,1.70965,1.5135,0,1.63118,0,0.15208,0.11717,1.70965,1.5135,0.58086,0.32446,0.50999,0.43546,1.63118,0.03363,0.20066
2026-06-24 09:00:00,1.96556,0,0.01755,0,0.01154,0,0,0,0.1905,0.37037,0.47002,0.55221,0.00722,0.15209,0.58035,0,0,0,0,0,0,0.5096,0.65926,0.05632,0.11719,0.02609,1.0299,0.1172,0.01049,0.02831,0.18409,0.59856,1.70965,1.52165,0,1.64897,0,0.15209,0.1172,1.70965,1.52165,0.58035,0.32405,0.5096,0.43578,1.64897,0.03363,0.20064
2026-06-24 10:00:00,1.95755,0,0.01753,0,0.01153,0,0,0,0.1903,0.37123,0.47145,0.55444,0.00722,0.15209,0.57984,0,0,0,0,0,0,0.5092,0.65858,0.05618,0.11691,0.02609,1.02823,0.11722,0.01045,0.02827,0.18408,0.59652,1.70965,1.52932,0,1.66598,0,0.15209,0.11722,1.70965,1.52932,0.57984,0.32364,0.5092,0.43609,1.66598,0.03362,0.20062
2026-06-24 11:00:00,1.94955,0,0.01751,0,0.01152,0,0,0,0.1901,0.37122,0.4724,0.55689,0.00722,0.1521,0.57933,0,0,0,0,0,0,0.50879,0.65727,0.05603,0.11664,0.0261,1.02657,0.11724,0.01041,0.02824,0.18406,0.59449,1.70965,1.53656,0,1.68225,0,0.1521,0.11724,1.70965,1.53656,0.57933,0.32321,0.50879,0.43636,1.68225,0.0336,0.20061
2026-06-24 12:00:00,1.94154,0,0.01749,0,0.01152,0,0,0,0.1899,0.3703,0.47324,0.55909,0.00722,0.1521,0.57883,0,0,0,0,0,0,0.50837,0.65537,0.05589,0.11637,0.0261,1.0249,0.11726,0.01037,0.0282,0.18405,0.59245,1.70965,1.54337,0,1.69773,0,0.1521,0.11726,1.70965,1.54337,0.57883,0.32279,0.50837,0.43661,1.69773,0.03359,0.20026
2026-06-24 13:00:00,1.93556,0,0.01747,0,0.01151,0,0,0,0.18971,0.3685,0.47381,0.56075,0.00722,0.1521,0.57833,0,0,0,0,0,0,0.50795,0.65314,0.05574,0.1161,0.0261,1.0221,0.11727,0.01033,0.02816,0.18404,0.59048,1.70965,1.5498,0,1.71247,0,0.1521,0.11727,1.70965,1.5498,0.57833,0.32236,0.50795,0.43685,1.71247,0.03358,0.1999
2026-06-24 14:00:00,1.92958,0,0.01746,0,0.01149,0,0,0,0.18951,0.36579,0.4738,0.56184,0.00722,0.15211,0.57782,0,0,0,0,0,0,0.50751,0.65067,0.0556,0.11583,0.02611,1.01931,0.11729,0.01029,0.02812,0.18405,0.58852,1.70965,1.55586,0,1.72646,0,0.15211,0.11729,1.70965,1.55586,0.57782,0.32191,0.50751,0.43704,1.72646,0.03358,0.19634
2026-06-24 15:00:00,1.92361,0,0.01744,0,0.01149,0,0,0,0.18931,0.36309,0.47313,0.56259,0.00722,0.15212,0.57732,0,0,0,0,0,0,0.50708,0.64807,0.05545,0.11557,0.02611,1.01652,0.1173,0.01025,0.02809,0.18404,0.58656,1.70964,1.56157,0,1.73972,0,0.15212,0.1173,1.70964,1.56157,0.57732,0.32148,0.50708,0.43723,1.73972,0.03357,0.19515
2026-06-24 16:00:00,1.91763,0,0.01743,0,0.01148,0,0,0,0.18911,0.36039,0.47158,0.56311,0.00722,0.15212,0.57682,0,0,0,0,0,0,0.50664,0.64559,0.0553,0.1153,0.02612,1.01372,0.11731,0.01021,0.02805,0.18401,0.58457,1.70964,1.56696,0,1.75227,0,0.15212,0.11731,1.70964,1.56696,0.57682,0.32103,0.50664,0.4374,1.75227,0.03354,0.19456
2026-06-24 17:00:00,1.91165,0,0.01742,0,0.01148,0,0,0,0.18892,0.3577,0.46942,0.56325,0.00722,0.15214,0.57632,0,0,0,0,0,0,0.50618,0.64341,0.05516,0.11503,0.02612,1.01092,0.11732,0.01017,0.02801,0.18399,0.58259,1.70964,1.57204,0,1.76413,0,0.15214,0.11732,1.70964,1.57204,0.57632,0.32058,0.50618,0.43754,1.76413,0.03352,0.19421
2026-06-24 18:00:00,1.90567,0,0.01741,0,0.01147,0,0,0,0.18872,0.35595,0.46673,0.56281,0.00722,0.15215,0.57583,0,0,0,0,0,0,0.50573,0.64144,0.05501,0.11476,0.02612,1.00813,0.11734,0.01013,0.02797,0.18398,0.58061,1.70964,1.57683,0,1.77532,0,0.15215,0.11734,1.70964,1.57683,0.57583,0.32013,0.50573,0.43766,1.77532,0.0335,0.19397
2026-06-24 19:00:00,1.90763,0,0.0174,0,0.01147,0,0,0,0.18852,0.35194,0.46376,0.56165,0.00721,0.15216,0.57532,0,0,0,0,0,0,0.50527,0.63961,0.05486,0.1145,0.02613,1.00547,0.11734,0.0101,0.02793,0.18396,0.57871,1.70964,1.58135,0,1.78587,0,0.15216,0.11734,1.70964,1.58135,0.57532,0.31968,0.50527,0.43777,1.78587,0.03348,0.1938
2026-06-24 20:00:00,1.9096,0,0.0174,0,0.01146,0,0,0,0.18832,0.34925,0.46078,0.55974,0.00721,0.15217,0.57483,0,0,0,0,0,0,0.5048,0.63788,0.05472,0.11424,0.02613,1.00281,0.11735,0.01005,0.0279,0.18395,0.57681,1.70964,1.58561,0,1.79579,0,0.15217,0.11735,1.70964,1.58561,0.57483,0.31922,0.5048,0.43785,1.79579,0.03347,0.19367
2026-06-24 21:00:00,1.91156,0,0.01738,0,0.01145,0,0,0,0.18813,0.34442,0.45755,0.55722,0.00721,0.15217,0.57433,0,0,0,0,0,0,0.50435,0.63622,0.05457,0.11398,0.02613,1.00015,0.11736,0.01002,0.02786,0.18394,0.57492,1.70963,1.58963,0,1.80512,0,0.15217,0.11736,1.70963,1.58963,0.57433,0.31877,0.50435,0.43791,1.80512,0.03346,0.19357
2026-06-24 22:00:00,1.91352,0,0.01737,0,0.01144,0,0,0,0.18793,0.34132,0.4543,0.55427,0.00721,0.15218,0.57384,0,0,0,0,0,0,0.50388,0.6346,0.05442,0.11371,0.02614,0.99748,0.11736,0.00999,0.02782,0.18393,0.57303,1.70963,1.59343,0,1.81386,0,0.15218,0.11736,1.70963,1.59343,0.57384,0.31831,0.50388,0.43796,1.81386,0.03345,0.19349
2026-06-24 23:00:00,1.91549,0,0.01735,0,0.01144,0,0,0,0.18772,0.34002,0.45096,0.55111,0.00721,0.1522,0.57334,0,0,0,0,0,0,0.5034,0.63301,0.05428,0.11345,0.02614,0.99482,0.11737,0.00994,0.02779,0.18391,0.57112,1.70963,1.59701,0,1.82204,0,0.1522,0.11737,1.70963,1.59701,0.57334,0.31785,0.5034,0.43799,1.82204,0.03343,0.19343
2026-06-25 00:00:00,1.91745,0,0.01734,0,0.01143,0,0,0,0.18751,0.33868,0.44735,0.54781,0.00721,0.15221,0.57285,0,0,0,0,0,0,0.50293,0.63142,0.05413,0.11319,0.02614,0.99216,0.11738,0.00991,0.02775,0.1839,0.56923,1.70963,1.60039,0,1.82971,0,0.15221,0.11738,1.70963,1.60039,0.57285,0.3174,0.50293,0.438,1.82971,0.03342,0.19338
2026-06-25 01:00:00,1.91468,0,0.01732,0,0.01142,0,0,0,0.18731,0.34094,0.44411,0.54438,0.00721,0.15223,0.57236,0,0,0,0,0,0,0.50245,0.62985,0.05399,0.11294,0.02662,0.99002,0.11739,0.00988,0.02725,0.18389,0.56702,1.70963,1.60358,0,1.83686,0,0.15223,0.11739,1.70963,1.60358,0.57236,0.31693,0.50245,0.43799,1.83686,0.03341,0.19333
2026-06-25 02:00:00,1.91191,0,0.01731,0,0.0114,0,0,0,0.1871,0.34309,0.44177,0.54088,0.00721,0.15224,0.57187,0,0,0,0,0,0,0.50198,0.62828,0.05386,0.11269,0.02662,0.98787,0.11743,0.00985,0.02721,0.18389,0.56481,1.70963,1.6066,0,1.84352,0,0.15224,0.11743,1.70963,1.6066,0.57187,0.31647,0.50198,0.43797,1.84352,0.03341,0.19329
2026-06-25 03:00:00,1.90915,0,0.01729,0,0.01139,0,0,0,0.18689,0.34699,0.44016,0.53722,0.00721,0.15225,0.57138,0,0,0,0,0,0,0.5015,0.62671,0.05372,0.11244,0.02662,0.98573,0.11751,0.00981,0.02718,0.18389,0.56261,1.70963,1.60944,0,1.84973,0,0.15225,0.11751,1.70963,1.60944,0.57138,0.31602,0.5015,0.43793,1.84973,0.03341,0.19326
2026-06-25 04:00:00,1.90638,0,0.01727,0,0.01137,0,0,0,0.1867,0.34902,0.44005,0.53358,0.00721,0.15226,0.57089,0,0,0,0,0,0,0.50103,0.62516,0.05358,0.11219,0.02663,0.98359,0.11757,0.00977,0.02715,0.18389,0.56039,1.70963,1.61213,0,1.85548,0,0.15226,0.11757,1.70963,1.61213,0.57089,0.31555,0.50103,0.43787,1.85548,0.03341,0.19323
2026-06-25 05:00:00,1.90361,0,0.01725,0,0.01136,0,0,0,0.18649,0.35099,0.44107,0.53045,0.00721,0.15228,0.5704,0,0,0,0,0,0,0.50055,0.6236,0.05345,0.11194,0.02663,0.98144,0.11763,0.00974,0.02711,0.18389,0.55817,1.70963,1.61467,0,1.86082,0,0.15228,0.11763,1.70963,1.61467,0.5704,0.31509,0.50055,0.43781,1.86082,0.0334,0.1932
2026-06-25 06:00:00,1.90084,0,0.01723,0,0.01135,0,0,0,0.18629,0.35203,0.44303,0.52807,0.00721,0.15229,0.56991,0,0,0,0,0,0,0.50007,0.62205,0.05331,0.11169,0.02663,0.9793,0.11767,0.0097,0.02708,0.18389,0.55597,1.70962,1.61707,0,1.86574,0,0.15229,0.11767,1.70962,1.61707,0.56991,0.31462,0.50007,0.43772,1.86574,0.0334,0.19318
2026-06-25 07:00:00,1.89269,0,0.01722,0,0.01134,0,0,0,0.18609,0.3516,0.44523,0.52674,0.00721,0.1523,0.56941,0,0,0,0,0,0,0.49959,0.62049,0.05318,0.11145,0.02664,0.97702,0.11771,0.00967,0.02705,0.18389,0.55423,1.70962,1.61935,0,1.87244,0,0.1523,0.11771,1.70962,1.61935,0.56941,0.31416,0.49959,0.43763,1.87244,0.0334,0.19316
2026-06-25 08:00:00,1.88454,0,0.0172,0,0.01133,0,0,0,0.1859,0.35165,0.44726,0.52667,0.00721,0.15233,0.56892,0,0,0,0,0,0,0.49911,0.61893,0.05305,0.11122,0.02664,0.97473,0.11774,0.00964,0.02701,0.18389,0.55247,1.70962,1.6215,0,1.87878,0,0.15233,0.11774,1.70962,1.6215,0.56892,0.3137,0.49911,0.43753,1.87878,0.0334,0.19314
2026-06-25 09:00:00,1.87639,0,0.01718,0,0.01132,0,0,0,0.1857,0.35193,0.44882,0.52768,0.0072,0.15234,0.56844,0,0,0,0,0,0,0.49863,0.61739,0.05293,0.11098,0.02664,0.97245,0.11778,0.0096,0.02697,0.18389,0.55072,1.70961,1.62353,0,1.88478,0,0.15234,0.11778,1.70961,1.62353,0.56844,0.31324,0.49863,0.43742,1.88478,0.0334,0.19312
2026-06-25 10:00:00,1.86824,0,0.01716,0,0.0113,0,0,0,0.1855,0.35234,0.44976,0.52938,0.0072,0.15235,0.56795,0,0,0,0,0,0,0.49814,0.61588,0.0528,0.11074,0.02665,0.97017,0.1178,0.00957,0.02694,0.18388,0.54897,1.70961,1.62545,0,1.89044,0,0.15235,0.1178,1.70961,1.62545,0.56795,0.31278,0.49814,0.4373,1.89044,0.03339,0.19311
2026-06-25 11:00:00,1.86009,0,0.01714,0,0.01129,0,0,0,0.1853,0.35193,0.45019,0.53125,0.0072,0.15237,0.56746,0,0,0,0,0,0,0.49767,0.61446,0.05267,0.11051,0.02665,0.96788,0.11782,0.00954,0.0269,0.18386,0.54719,1.70961,1.62727,0,1.8958,0,0.15237,0.11782,1.70961,1.62727,0.56746,0.31232,0.49767,0.43717,1.8958,0.03337,0.19309
2026-06-25 12:00:00,1.85194,0,0.01712,0,0.01129,0,0,0,0.18511,0.35065,0.45044,0.53289,0.0072,0.15238,0.56698,0,0,0,0,0,0,0.49719,0.61288,0.05254,0.11027,0.02665,0.9656,0.11784,0.0095,0.02687,0.18385,0.54544,1.70961,1.62899,0,1.90085,0,0.15238,0.11784,1.70961,1.62899,0.56698,0.31185,0.49719,0.43702,1.90085,0.03336,0.19278
2026-06-25 13:00:00,1.84586,0,0.0171,0,0.01128,0,0,0,0.18491,0.34849,0.45041,0.53405,0.0072,0.15239,0.56649,0,0,0,0,0,0,0.49671,0.6113,0.05241,0.11004,0.02666,0.96371,0.11787,0.00947,0.02684,0.18384,0.54374,1.70961,1.63062,0,1.90562,0,0.15239,0.11787,1.70961,1.63062,0.56649,0.31139,0.49671,0.43686,1.90562,0.03335,0.19251
2026-06-25 14:00:00,1.83979,0,0.01709,0,0.01127,0,0,0,0.18471,0.34548,0.45,0.53465,0.0072,0.15241,0.566,0,0,0,0,0,0,0.49623,0.60991,0.05227,0.1098,0.02666,0.96183,0.11788,0.00944,0.0268,0.18384,0.54204,1.70961,1.63216,0,1.91012,0,0.15241,0.11788,1.70961,1.63216,0.566,0.31093,0.49623,0.4367,1.91012,0.03335,0.18906
2026-06-25 15:00:00,1.83371,0,0.01707,0,0.01127,0,0,0,0.18451,0.34249,0.44899,0.53487,0.0072,0.15242,0.56552,0,0,0,0,0,0,0.49575,0.60845,0.05214,0.10957,0.02666,0.95995,0.11789,0.0094,0.02677,0.18384,0.54034,1.7096,1.63363,0,1.91436,0,0.15242,0.11789,1.7096,1.63363,0.56552,0.31046,0.49575,0.43652,1.91436,0.03334,0.18791
2026-06-25 16:00:00,1.82763,0,0.01705,0,0.01127,0,0,0,0.18432,0.33955,0.44728,0.53481,0.0072,0.15245,0.56503,0,0,0,0,0,0,0.49526,0.60698,0.05201,0.10933,0.02667,0.95806,0.1179,0.00936,0.02674,0.18381,0.53861,1.7096,1.63501,0,1.91836,0,0.15245,0.1179,1.7096,1.63501,0.56503,0.31001,0.49526,0.43634,1.91836,0.03331,0.18734
2026-06-25 17:00:00,1.82156,0,0.01702,0,0.01126,0,0,0,0.18412,0.3366,0.44473,0.53445,0.0072,0.15246,0.56455,0,0,0,0,0,0,0.49479,0.60551,0.05187,0.1091,0.02667,0.95618,0.11791,0.00933,0.0267,0.1838,0.53689,1.7096,1.63633,0,1.92213,0,0.15246,0.11791,1.7096,1.63633,0.56455,0.30955,0.49479,0.43614,1.92213,0.03329,0.18699
2026-06-25 18:00:00,1.81548,0,0.017,0,0.01126,0,0,0,0.18392,0.33455,0.44172,0.53361,0.0072,0.15248,0.56406,0,0,0,0,0,0,0.49431,0.60405,0.05174,0.10886,0.02667,0.95429,0.11793,0.0093,0.02667,0.18378,0.53518,1.7096,1.63757,0,1.92568,0,0.15248,0.11793,1.7096,1.63757,0.56406,0.30908,0.49431,0.43593,1.92568,0.03327,0.18676
2026-06-25 19:00:00,1.81046,0,0.01699,0,0.01124,0,0,0,0.18372,0.33046,0.43843,0.53218,0.0072,0.15249,0.56357,0,0,0,0,0,0,0.49383,0.60259,0.05161,0.10863,0.02668,0.95191,0.11794,0.00926,0.02664,0.18376,0.53353,1.7096,1.63876,0,1.92902,0,0.15249,0.11794,1.7096,1.63876,0.56357,0.30862,0.49383,0.43571,1.92902,0.03325,0.1866
2026-06-25 20:00:00,1.80544,0,0.01697,0,0.01123,0,0,0,0.18353,0.32761,0.43511,0.53001,0.0072,0.15251,0.56308,0,0,0,0,0,0,0.49335,0.60112,0.05147,0.1084,0.02668,0.94952,0.11794,0.00924,0.02661,0.18376,0.5319,1.7096,1.63988,0,1.93217,0,0.15251,0.11794,1.7096,1.63988,0.56308,0.30815,0.49335,0.43549,1.93217,0.03325,0.18647
2026-06-25 21:00:00,1.80043,0,0.01696,0,0.01123,0,0,0,0.18333,0.32284,0.43176,0.52717,0.0072,0.15252,0.5626,0,0,0,0,0,0,0.49286,0.59965,0.05134,0.10817,0.02668,0.94714,0.11795,0.00921,0.02658,0.18375,0.53026,1.70959,1.64095,0,1.93513,0,0.15252,0.11795,1.70959,1.64095,0.5626,0.3077,0.49286,0.43526,1.93513,0.03324,0.18638
2026-06-25 22:00:00,1.79541,0,0.01695,0,0.01122,0,0,0,0.18313,0.31964,0.42824,0.52391,0.0072,0.15254,0.56211,0,0,0,0,0,0,0.49238,0.5982,0.05121,0.10794,0.02669,0.94476,0.11795,0.00917,0.02654,0.18375,0.52861,1.70959,1.64196,0,1.93791,0,0.15254,0.11795,1.70959,1.64196,0.56211,0.30724,0.49238,0.43501,1.93791,0.03324,0.1863
2026-06-25 23:00:00,1.79039,0,0.01694,0,0.01121,0,0,0,0.18293,0.31812,0.42444,0.52043,0.00719,0.15255,0.56163,0,0,0,0,0,0,0.4919,0.59677,0.05107,0.10771,0.02669,0.94237,0.11796,0.00915,0.02651,0.18374,0.52698,1.70959,1.64293,0,1.94052,0,0.15255,0.11796,1.70959,1.64293,0.56163,0.30677,0.4919,0.43476,1.94052,0.03323,0.18624
2026-06-26 00:00:00,1.78537,0,0.01693,0,0.0112,0,0,0,0.18274,0.31653,0.42061,0.51689,0.00719,0.15258,0.56114,0,0,0,0,0,0,0.49143,0.59533,0.05094,0.10748,0.02669,0.93999,0.11796,0.00912,0.02648,0.18374,0.52534,1.70959,1.64385,0,1.94298,0,0.15258,0.11796,1.70959,1.64385,0.56114,0.30632,0.49143,0.4345,1.94298,0.03323,0.18619
2026-06-26 01:00:00,1.78173,0,0.01692,0,0.01119,0,0,0,0.18254,0.31819,0.4171,0.51326,0.00719,0.15259,0.56066,0,0,0,0,0,0,0.49095,0.5939,0.05081,0.10726,0.02717,0.93805,0.11797,0.00908,0.02598,0.18374,0.52337,1.70959,1.64472,0,1.94529,0,0.15259,0.11797,1.70959,1.64472,0.56066,0.30586,0.49095,0.43423,1.94529,0.03323,0.18614
2026-06-26 02:00:00,1.77809,0,0.01691,0,0.01118,0,0,0,0.18234,0.31978,0.41422,0.50943,0.00719,0.15261,0.56018,0,0,0,0,0,0,0.49047,0.59248,0.05069,0.10704,0.02717,0.9361,0.11801,0.00906,0.02595,0.18374,0.52141,1.70959,1.64555,0,1.94745,0,0.15261,0.11801,1.70959,1.64555,0.56018,0.30539,0.49047,0.43396,1.94745,0.03323,0.1861
2026-06-26 03:00:00,1.77445,0,0.0169,0,0.01117,0,0,0,0.18214,0.32293,0.41216,0.50545,0.00719,0.15263,0.55969,0,0,0,0,0,0,0.48999,0.59106,0.05057,0.10683,0.02718,0.93416,0.11811,0.00903,0.02591,0.18373,0.51942,1.70958,1.64635,0,1.94948,0,0.15263,0.11811,1.70958,1.64635,0.55969,0.30494,0.48999,0.43368,1.94948,0.03322,0.18607
2026-06-26 04:00:00,1.7708,0,0.01688,0,0.01115,0,0,0,0.18195,0.32434,0.41126,0.50156,0.00719,0.15264,0.55921,0,0,0,0,0,0,0.48951,0.58965,0.05044,0.10661,0.02718,0.93222,0.11817,0.00899,0.02588,0.18372,0.51744,1.70958,1.6471,0,1.95138,0,0.15264,0.11817,1.70958,1.6471,0.55921,0.30448,0.48951,0.43339,1.95138,0.03321,0.18604
2026-06-26 05:00:00,1.76716,0,0.01687,0,0.01114,0,0,0,0.18175,0.32415,0.41157,0.49805,0.00719,0.15266,0.55872,0,0,0,0,0,0,0.48903,0.58825,0.05031,0.10639,0.02718,0.93027,0.11823,0.00897,0.02585,0.18372,0.51547,1.70958,1.64783,0,1.95317,0,0.15266,0.11823,1.70958,1.64783,0.55872,0.30401,0.48903,0.4331,1.95317,0.0332,0.18602
2026-06-26 06:00:00,1.76352,0,0.01685,0,0.01113,0,0,0,0.18155,0.32313,0.41278,0.49521,0.00719,0.15267,0.55824,0,0,0,0,0,0,0.48856,0.58687,0.05019,0.10617,0.02719,0.92833,0.11827,0.00894,0.02582,0.18371,0.51349,1.70958,1.64851,0,1.95484,0,0.15267,0.11827,1.70958,1.64851,0.55824,0.30356,0.48856,0.43281,1.95484,0.03319,0.186
2026-06-26 07:00:00,1.75798,0,0.01684,0,0.01112,0,0,0,0.18135,0.32247,0.41421,0.4933,0.00719,0.15269,0.55775,0,0,0,0,0,0,0.48808,0.5855,0.05007,0.10596,0.02719,0.92627,0.11831,0.0089,0.02579,0.1837,0.51196,1.70958,1.64917,0,1.9564,0,0.15269,0.11831,1.70958,1.64917,0.55775,0.3031,0.48808,0.43251,1.9564,0.03318,0.18598
2026-06-26 08:00:00,1.75245,0,0.01682,0,0.01111,0,0,0,0.18116,0.32311,0.41513,0.49252,0.00719,0.15272,0.55726,0,0,0,0,0,0,0.4876,0.58413,0.04996,0.10575,0.02719,0.9242,0.11834,0.00888,0.02576,0.1837,0.51044,1.70958,1.6498,0,1.95786,0,0.15272,0.11834,1.70958,1.6498,0.55726,0.30264,0.4876,0.43221,1.95786,0.03318,0.18596
2026-06-26 09:00:00,1.74691,0,0.01681,0,0.01109,0,0,0,0.18096,0.32317,0.41531,0.49281,0.00719,0.15273,0.55678,0,0,0,0,0,0,0.48712,0.58276,0.04984,0.10554,0.0272,0.92214,0.11837,0.00885,0.02573,0.18369,0.50891,1.70958,1.65041,0,1.95923,0,0.15273,0.11837,1.70958,1.65041,0.55678,0.30218,0.48712,0.4319,1.95923,0.03317,0.18594
2026-06-26 10:00:00,1.74137,0,0.01679,0,0.01108,0,0,0,0.18076,0.32341,0.41515,0.49377,0.00719,0.15275,0.5563,0,0,0,0,0,0,0.48664,0.5814,0.04972,0.10533,0.0272,0.92008,0.1184,0.00881,0.02571,0.18368,0.50739,1.70958,1.65098,0,1.96051,0,0.15275,0.1184,1.70958,1.65098,0.5563,0.30172,0.48664,0.43159,1.96051,0.03316,0.18593
2026-06-26 11:00:00,1.73584,0,0.01677,0,0.01107,0,0,0,0.18057,0.32292,0.41497,0.49474,0.00719,0.15276,0.55581,0,0,0,0,0,0,0.48616,0.58005,0.04961,0.10512,0.0272,0.91801,0.11842,0.00879,0.02568,0.18367,0.50586,1.70957,1.65154,0,1.9617,0,0.15276,0.11842,1.70957,1.65154,0.55581,0.30126,0.48616,0.43128,1.9617,0.03315,0.18591
2026-06-26 12:00:00,1.7303,0,0.01675,0,0.01106,0,0,0,0.18037,0.32247,0.41487,0.49521,0.00719,0.15278,0.55533,0,0,0,0,0,0,0.48568,0.57871,0.04949,0.10491,0.02721,0.91595,0.11844,0.00876,0.02565,0.18365,0.50432,1.70957,1.65207,0,1.96282,0,0.15278,0.11844,1.70957,1.65207,0.55533,0.30081,0.48568,0.43097,1.96282,0.03313,0.18561
2026-06-26 13:00:00,1.72603,0,0.01673,0,0.01105,0,0,0,0.18017,0.32128,0.41461,0.49515,0.00718,0.15279,0.55485,0,0,0,0,0,0,0.48521,0.57737,0.04937,0.1047,0.02721,0.91427,0.11846,0.00874,0.02562,0.18365,0.50285,1.70957,1.65258,0,1.96386,0,0.15279,0.11846,1.70957,1.65258,0.55485,0.30034,0.48521,0.43065,1.96386,0.03313,0.18534
2026-06-26 14:00:00,1.72176,0,0.01671,0,0.01105,0,0,0,0.17997,0.31939,0.41414,0.49485,0.00718,0.15281,0.55436,0,0,0,0,0,0,0.48473,0.57614,0.04924,0.10449,0.02721,0.9126,0.11847,0.0087,0.02559,0.18364,0.50136,1.70956,1.65307,0,1.96483,0,0.15281,0.11847,1.70956,1.65307,0.55436,0.29989,0.48473,0.43031,1.96483,0.03312,0.18203
2026-06-26 15:00:00,1.7175,0,0.0167,0,0.01104,0,0,0,0.17978,0.31751,0.41341,0.49451,0.00718,0.15283,0.55388,0,0,0,0,0,0,0.48425,0.57484,0.04912,0.10428,0.02722,0.91092,0.11848,0.00867,0.02555,0.18363,0.49986,1.70956,1.65354,0,1.96573,0,0.15283,0.11848,1.70956,1.65354,0.55388,0.29943,0.48425,0.42999,1.96573,0.03311,0.18092
2026-06-26 16:00:00,1.71323,0,0.01668,0,0.01104,0,0,0,0.17958,0.31489,0.4123,0.49414,0.00718,0.15285,0.5534,0,0,0,0,0,0,0.48377,0.57353,0.049,0.10406,0.02722,0.90924,0.1185,0.00865,0.02552,0.18364,0.49838,1.70956,1.65399,0,1.96656,0,0.15285,0.1185,1.70956,1.65399,0.5534,0.29897,0.48377,0.42966,1.96656,0.0331,0.18037
2026-06-26 17:00:00,1.70896,0,0.01665,0,0.01103,0,0,0,0.17938,0.31307,0.41065,0.49362,0.00718,0.15287,0.55291,0,0,0,0,0,0,0.4833,0.57222,0.04887,0.10385,0.02722,0.90757,0.11851,0.00862,0.02549,0.18363,0.4969,1.70956,1.65442,0,1.96734,0,0.15287,0.11851,1.70956,1.65442,0.55291,0.29852,0.4833,0.42932,1.96734,0.03309,0.18004
2026-06-26 18:00:00,1.70469,0,0.01664,0,0.01103,0,0,0,0.17918,0.31124,0.40859,0.49287,0.00718,0.15288,0.55243,0,0,0,0,0,0,0.48282,0.57092,0.04875,0.10364,0.02723,0.90589,0.11852,0.00859,0.02546,0.18362,0.49541,1.70956,1.65484,0,1.96806,0,0.15288,0.11852,1.70956,1.65484,0.55243,0.29806,0.48282,0.42897,1.96806,0.03308,0.17982
2026-06-26 19:00:00,1.70061,0,0.01662,0,0.01102,0,0,0,0.17899,0.30908,0.40619,0.49183,0.00718,0.1529,0.55194,0,0,0,0,0,0,0.48235,0.56962,0.04863,0.10343,0.02723,0.90373,0.11853,0.00857,0.02543,0.18361,0.49398,1.70956,1.65525,0,1.96873,0,0.1529,0.11853,1.70956,1.65525,0.55194,0.2976,0.48235,0.42863,1.96873,0.03307,0.17966
2026-06-26 20:00:00,1.69653,0,0.0166,0,0.01101,0,0,0,0.17879,0.30642,0.40366,0.49037,0.00718,0.15291,0.55146,0,0,0,0,0,0,0.48187,0.56831,0.04851,0.10323,0.02723,0.90156,0.11854,0.00853,0.0254,0.1836,0.49254,1.70956,1.65564,0,1.96934,0,0.15291,0.11854,1.70956,1.65564,0.55146,0.29714,0.48187,0.42827,1.96934,0.03306,0.17954
2026-06-26 21:00:00,1.69245,0,0.01658,0,0.01101,0,0,0,0.17859,0.3021,0.40113,0.48845,0.00718,0.15293,0.55097,0,0,0,0,0,0,0.4814,0.56701,0.04839,0.10302,0.02724,0.8994,0.11855,0.00851,0.02537,0.1836,0.49112,1.70956,1.65602,0,1.96991,0,0.15293,0.11855,1.70956,1.65602,0.55097,0.29669,0.4814,0.42792,1.96991,0.03306,0.17945
2026-06-26 22:00:00,1.68836,0,0.01656,0,0.011,0,0,0,0.17839,0.2991,0.39851,0.48615,0.00718,0.15295,0.55049,0,0,0,0,0,0,0.48092,0.56573,0.04826,0.10281,0.02724,0.89723,0.11856,0.00848,0.02535,0.18358,0.48968,1.70956,1.65639,0,1.97042,0,0.15295,0.11856,1.70956,1.65639,0.55049,0.29623,0.48092,0.42756,1.97042,0.03304,0.17938
2026-06-26 23:00:00,1.68428,0,0.01654,0,0.01098,0,0,0,0.17819,0.29748,0.39556,0.48359,0.00718,0.15296,0.55001,0,0,0,0,0,0,0.48044,0.56444,0.04814,0.10261,0.02724,0.89507,0.11856,0.00845,0.02532,0.18357,0.48825,1.70956,1.65674,0,1.9709,0,0.15296,0.11856,1.70956,1.65674,0.55001,0.29577,0.48044,0.4272,1.9709,0.03303,0.17932
2026-06-27 00:00:00,1.6802,0,0.01652,0,0.01097,0,0,0,0.17798,0.29582,0.39231,0.48093,0.00718,0.15299,0.54952,0,0,0,0,0,0,0.47996,0.56317,0.04802,0.1024,0.02725,0.8929,0.11857,0.00842,0.02529,0.18356,0.48681,1.70956,1.65708,0,1.97133,0,0.15299,0.11857,1.70956,1.65708,0.54952,0.29531,0.47996,0.42683,1.97133,0.03302,0.17927
2026-06-27 01:00:00,1.6761,0,0.0165,0,0.01096,0,0,0,0.17777,0.29548,0.38911,0.47822,0.00718,0.153,0.54904,0,0,0,0,0,0,0.47949,0.56191,0.04791,0.10221,0.02772,0.89116,0.11857,0.0084,0.02479,0.18355,0.48503,1.70956,1.65742,0,1.97173,0,0.153,0.11857,1.70956,1.65742,0.54904,0.29486,0.47949,0.42646,1.97173,0.03301,0.17923
2026-06-27 02:00:00,1.672,0,0.01649,0,0.01095,0,0,0,0.17756,0.29639,0.38628,0.47533,0.00717,0.15302,0.54856,0,0,0,0,0,0,0.47902,0.56064,0.0478,0.10201,0.02772,0.88943,0.11862,0.00837,0.02476,0.18355,0.48326,1.70955,1.65774,0,1.97209,0,0.15302,0.11862,1.70955,1.65774,0.54856,0.2944,0.47902,0.42609,1.97209,0.03301,0.17919
2026-06-27 03:00:00,1.6679,0,0.01647,0,0.01094,0,0,0,0.17736,0.29583,0.38393,0.47216,0.00717,0.15303,0.54808,0,0,0,0,0,0,0.47854,0.55938,0.04769,0.10182,0.02773,0.88769,0.11869,0.00835,0.02474,0.18354,0.4815,1.70954,1.65806,0,1.97241,0,0.15303,0.11869,1.70954,1.65806,0.54808,0.29394,0.47854,0.42572,1.97241,0.033,0.17916
2026-06-27 04:00:00,1.6638,0,0.01646,0,0.01093,0,0,0,0.17716,0.29658,0.38219,0.46884,0.00717,0.15305,0.54759,0,0,0,0,0,0,0.47806,0.55813,0.04757,0.10162,0.02773,0.88595,0.11876,0.00832,0.02471,0.18354,0.47971,1.70954,1.65837,0,1.9727,0,0.15305,0.11876,1.70954,1.65837,0.54759,0.29349,0.47806,0.42533,1.9727,0.03299,0.17913
2026-06-27 05:00:00,1.6597,0,0.01645,0,0.01092,0,0,0,0.17695,0.29592,0.38117,0.46565,0.00717,0.15307,0.54711,0,0,0,0,0,0,0.47759,0.55689,0.04746,0.10143,0.02773,0.88422,0.11882,0.0083,0.02468,0.18352,0.47792,1.70954,1.65867,0,1.97296,0,0.15307,0.11882,1.70954,1.65867,0.54711,0.29303,0.47759,0.42495,1.97296,0.03297,0.17911
2026-06-27 06:00:00,1.6556,0,0.01644,0,0.01091,0,0,0,0.17675,0.29522,0.38055,0.46283,0.00717,0.15308,0.54663,0,0,0,0,0,0,0.47711,0.55567,0.04735,0.10123,0.02774,0.88248,0.11887,0.00827,0.02465,0.18351,0.47614,1.70954,1.65896,0,1.97319,0,0.15308,0.11887,1.70954,1.65896,0.54663,0.29257,0.47711,0.42457,1.97319,0.03296,0.17908
2026-06-27 07:00:00,1.65171,0,0.01643,0,0.0109,0,0,0,0.17656,0.29476,0.38013,0.46052,0.00717,0.1531,0.54613,0,0,0,0,0,0,0.47663,0.55444,0.04724,0.10104,0.02774,0.88061,0.11891,0.00825,0.02462,0.1835,0.4748,1.70954,1.65924,0,1.97339,0,0.1531,0.11891,1.70954,1.65924,0.54613,0.29212,0.47663,0.4242,1.97339,0.03295,0.17906
2026-06-27 08:00:00,1.64782,0,0.01643,0,0.01089,0,0,0,0.17636,0.29472,0.37975,0.45885,0.00717,0.15312,0.54565,0,0,0,0,0,0,0.47616,0.55322,0.04714,0.10086,0.02774,0.87874,0.11895,0.00823,0.0246,0.1835,0.47349,1.70954,1.65952,0,1.97357,0,0.15312,0.11895,1.70954,1.65952,0.54565,0.29166,0.47616,0.42381,1.97357,0.03295,0.17905
2026-06-27 09:00:00,1.64394,0,0.01641,0,0.01087,0,0,0,0.17616,0.2942,0.37912,0.45776,0.00717,0.15314,0.54517,0,0,0,0,0,0,0.47569,0.55199,0.04703,0.10067,0.02775,0.87687,0.11897,0.0082,0.02457,0.18349,0.47215,1.70954,1.65979,0,1.97373,0,0.15314,0.11897,1.70954,1.65979,0.54517,0.2912,0.47569,0.42343,1.97373,0.03294,0.17903
2026-06-27 10:00:00,1.64005,0,0.0164,0,0.01086,0,0,0,0.17596,0.29379,0.37846,0.45702,0.00717,0.15316,0.54468,0,0,0,0,0,0,0.47521,0.55078,0.04692,0.10048,0.02775,0.875,0.119,0.00817,0.02454,0.18348,0.4708,1.70954,1.66005,0,1.97386,0,0.15316,0.119,1.70954,1.66005,0.54468,0.29075,0.47521,0.42305,1.97386,0.03293,0.17902
2026-06-27 11:00:00,1.63616,0,0.01638,0,0.01085,0,0,0,0.17577,0.29278,0.37779,0.45646,0.00717,0.15317,0.5442,0,0,0,0,0,0,0.47474,0.54957,0.04682,0.1003,0.02776,0.87313,0.11902,0.00815,0.02452,0.18347,0.46948,1.70954,1.66031,0,1.97398,0,0.15317,0.11902,1.70954,1.66031,0.5442,0.29029,0.47474,0.42267,1.97398,0.03292,0.179
2026-06-27 12:00:00,1.63227,0,0.01637,0,0.01084,0,0,0,0.17557,0.29179,0.37714,0.45585,0.00717,0.15319,0.54372,0,0,0,0,0,0,0.47426,0.54839,0.04671,0.10011,0.02776,0.87126,0.11904,0.00812,0.02449,0.18345,0.46813,1.70954,1.66056,0,1.97407,0,0.15319,0.11904,1.70954,1.66056,0.54372,0.28983,0.47426,0.42229,1.97407,0.0329,0.17872
2026-06-27 13:00:00,1.62841,0,0.01635,0,0.01084,0,0,0,0.17537,0.29023,0.37632,0.4551,0.00717,0.15321,0.54324,0,0,0,0,0,0,0.47378,0.54721,0.0466,0.09992,0.02776,0.86977,0.11905,0.0081,0.02446,0.18345,0.46684,1.70954,1.66081,0,1.97415,0,0.15321,0.11905,1.70954,1.66081,0.54324,0.28938,0.47378,0.4219,1.97415,0.0329,0.17848
2026-06-27 14:00:00,1.62454,0,0.01634,0,0.01082,0,0,0,0.17517,0.28812,0.37536,0.45433,0.00717,0.15322,0.54275,0,0,0,0,0,0,0.47331,0.54612,0.04649,0.09973,0.02777,0.86828,0.11907,0.00808,0.02443,0.18344,0.46554,1.70954,1.66105,0,1.97422,0,0.15322,0.11907,1.70954,1.66105,0.54275,0.28891,0.47331,0.42152,1.97422,0.03289,0.17528
2026-06-27 15:00:00,1.62068,0,0.01632,0,0.01082,0,0,0,0.17498,0.28605,0.37421,0.45355,0.00717,0.15324,0.54227,0,0,0,0,0,0,0.47284,0.54497,0.04638,0.09955,0.02777,0.86679,0.11909,0.00805,0.02441,0.18344,0.46425,1.70953,1.66129,0,1.97426,0,0.15324,0.11909,1.70953,1.66129,0.54227,0.28846,0.47284,0.42113,1.97426,0.03288,0.17421
2026-06-27 16:00:00,1.61682,0,0.0163,0,0.01081,0,0,0,0.17478,0.28338,0.3728,0.4527,0.00716,0.15326,0.54179,0,0,0,0,0,0,0.47236,0.5438,0.04627,0.09936,0.02777,0.8653,0.1191,0.00802,0.02438,0.18343,0.46293,1.70952,1.66153,0,1.97429,0,0.15326,0.1191,1.70952,1.66153,0.54179,0.28801,0.47236,0.42073,1.97429,0.03287,0.17368
2026-06-27 17:00:00,1.61295,0,0.01628,0,0.01081,0,0,0,0.17458,0.28137,0.37096,0.45172,0.00716,0.15328,0.5413,0,0,0,0,0,0,0.47188,0.54264,0.04616,0.09917,0.02778,0.86381,0.11911,0.008,0.02435,0.18343,0.46163,1.70952,1.66176,0,1.9743,0,0.15328,0.11911,1.70952,1.66176,0.5413,0.28754,0.47188,0.42034,1.9743,0.03286,0.17336
2026-06-27 18:00:00,1.60909,0,0.01626,0,0.0108,0,0,0,0.17439,0.27937,0.36882,0.45058,0.00716,0.1533,0.54082,0,0,0,0,0,0,0.47141,0.54148,0.04605,0.09898,0.02778,0.86232,0.11912,0.00797,0.02432,0.18342,0.46033,1.70952,1.66199,0,1.9743,0,0.1533,0.11912,1.70952,1.66199,0.54082,0.28709,0.47141,0.41995,1.9743,0.03285,0.17315
2026-06-27 19:00:00,1.60541,0,0.01625,0,0.0108,0,0,0,0.17419,0.27723,0.36642,0.44923,0.00716,0.15331,0.54033,0,0,0,0,0,0,0.47093,0.54032,0.04594,0.0988,0.02778,0.86035,0.11913,0.00795,0.02429,0.18341,0.45907,1.70952,1.66221,0,1.97428,0,0.15331,0.11913,1.70952,1.66221,0.54033,0.28664,0.47093,0.41954,1.97428,0.03284,0.17299
2026-06-27 20:00:00,1.60172,0,0.01623,0,0.01079,0,0,0,0.17399,0.27488,0.36393,0.44757,0.00716,0.15333,0.53985,0,0,0,0,0,0,0.47045,0.53915,0.04583,0.09861,0.02779,0.85837,0.11914,0.00793,0.02427,0.1834,0.45782,1.70952,1.66243,0,1.97425,0,0.15333,0.11914,1.70952,1.66243,0.53985,0.28618,0.47045,0.41915,1.97425,0.03283,0.17288
2026-06-27 21:00:00,1.59804,0,0.01621,0,0.01078,0,0,0,0.17379,0.27125,0.36148,0.44554,0.00716,0.15334,0.53937,0,0,0,0,0,0,0.46998,0.53799,0.04572,0.09843,0.02779,0.8564,0.11914,0.0079,0.02425,0.1834,0.45658,1.70952,1.66265,0,1.97421,0,0.15334,0.11914,1.70952,1.66265,0.53937,0.28572,0.46998,0.41874,1.97421,0.03283,0.17279
2026-06-27 22:00:00,1.59436,0,0.01619,0,0.01077,0,0,0,0.1736,0.26876,0.359,0.44322,0.00716,0.15336,0.53888,0,0,0,0,0,0,0.46951,0.53683,0.0456,0.09825,0.02779,0.85443,0.11915,0.00787,0.02422,0.18338,0.4553,1.70952,1.66286,0,1.97415,0,0.15336,0.11915,1.70952,1.66286,0.53888,0.28527,0.46951,0.41835,1.97415,0.03281,0.17272
2026-06-27 23:00:00,1.59067,0,0.01617,0,0.01076,0,0,0,0.1734,0.26742,0.35638,0.4407,0.00716,0.15338,0.5384,0,0,0,0,0,0,0.46904,0.53569,0.04549,0.09806,0.0278,0.85245,0.11917,0.00785,0.02419,0.18337,0.45404,1.70952,1.66307,0,1.97409,0,0.15338,0.11917,1.70952,1.66307,0.5384,0.28481,0.46904,0.41794,1.97409,0.0328,0.17266
2026-06-28 00:00:00,1.58699,0,0.01615,0,0.01075,0,0,0,0.1732,0.26607,0.35365,0.43813,0.00716,0.1534,0.53792,0,0,0,0,0,0,0.46856,0.53456,0.04538,0.09788,0.0278,0.85048,0.11917,0.00783,0.02417,0.18336,0.45279,1.70952,1.66328,0,1.97401,0,0.1534,0.11917,1.70952,1.66328,0.53792,0.28435,0.46856,0.41753,1.97401,0.03279,0.17261
2026-06-28 01:00:00,1.58342,0,0.01614,0,0.01074,0,0,0,0.173,0.26584,0.35097,0.43555,0.00716,0.15342,0.53743,0,0,0,0,0,0,0.46808,0.53342,0.04528,0.09771,0.02827,0.84891,0.11918,0.0078,0.02367,0.18335,0.45118,1.70952,1.66349,0,1.97393,0,0.15342,0.11918,1.70952,1.66349,0.53743,0.2839,0.46808,0.41712,1.97393,0.03278,0.17257
2026-06-28 02:00:00,1.57986,0,0.01612,0,0.01073,0,0,0,0.17281,0.26668,0.34864,0.4329,0.00716,0.15344,0.53695,0,0,0,0,0,0,0.46761,0.53229,0.04518,0.09753,0.02828,0.84734,0.11922,0.00778,0.02365,0.18335,0.44959,1.70952,1.6637,0,1.97383,0,0.15344,0.11922,1.70952,1.6637,0.53695,0.28344,0.46761,0.41671,1.97383,0.03278,0.17254
2026-06-28 03:00:00,1.57629,0,0.01611,0,0.01072,0,0,0,0.17261,0.26635,0.34676,0.43014,0.00716,0.15345,0.53647,0,0,0,0,0,0,0.46713,0.53117,0.04507,0.09736,0.02828,0.84577,0.11929,0.00777,0.02363,0.18335,0.448,1.70951,1.6639,0,1.97373,0,0.15345,0.11929,1.70951,1.6639,0.53647,0.28299,0.46713,0.4163,1.97373,0.03277,0.17251
2026-06-28 04:00:00,1.57272,0,0.0161,0,0.0107,0,0,0,0.17241,0.2671,0.34538,0.42733,0.00716,0.15347,0.53599,0,0,0,0,0,0,0.46666,0.53005,0.04497,0.09719,0.02828,0.84419,0.11936,0.00774,0.0236,0.18334,0.44638,1.70951,1.6641,0,1.97361,0,0.15347,0.11936,1.70951,1.6641,0.53599,0.28253,0.46666,0.41588,1.97361,0.03276,0.17248
2026-06-28 05:00:00,1.56916,0,0.01609,0,0.01069,0,0,0,0.17221,0.26671,0.34466,0.42467,0.00716,0.15348,0.5355,0,0,0,0,0,0,0.46619,0.52893,0.04487,0.09701,0.02829,0.84262,0.11941,0.00772,0.02358,0.18332,0.44477,1.70951,1.6643,0,1.97349,0,0.15348,0.11941,1.70951,1.6643,0.5355,0.28207,0.46619,0.41547,1.97349,0.03274,0.17246
2026-06-28 06:00:00,1.56559,0,0.01608,0,0.01068,0,0,0,0.17202,0.2663,0.34432,0.42237,0.00715,0.1535,0.53502,0,0,0,0,0,0,0.46571,0.52783,0.04477,0.09684,0.02829,0.84105,0.11946,0.0077,0.02355,0.18331,0.44316,1.70951,1.66449,0,1.97336,0,0.1535,0.11946,1.70951,1.66449,0.53502,0.28162,0.46571,0.41505,1.97336,0.03273,0.17243
2026-06-28 07:00:00,1.56212,0,0.01607,0,0.01067,0,0,0,0.17182,0.26592,0.34417,0.42052,0.00715,0.15353,0.53453,0,0,0,0,0,0,0.46524,0.52673,0.04468,0.09667,0.02829,0.83935,0.11951,0.00767,0.02353,0.1833,0.44199,1.7095,1.66469,0,1.97323,0,0.15353,0.11951,1.7095,1.66469,0.53453,0.28116,0.46524,0.41464,1.97323,0.03272,0.17242
2026-06-28 08:00:00,1.55865,0,0.01606,0,0.01066,0,0,0,0.17162,0.26563,0.3441,0.41922,0.00715,0.15354,0.53405,0,0,0,0,0,0,0.46476,0.52563,0.04458,0.09651,0.0283,0.83764,0.11955,0.00765,0.0235,0.1833,0.44082,1.7095,1.66488,0,1.97308,0,0.15354,0.11955,1.7095,1.66488,0.53405,0.2807,0.46476,0.41423,1.97308,0.03272,0.1724
2026-06-28 09:00:00,1.55518,0,0.01605,0,0.01065,0,0,0,0.17142,0.2648,0.34379,0.41845,0.00715,0.15356,0.53356,0,0,0,0,0,0,0.46428,0.52453,0.04448,0.09634,0.0283,0.83594,0.11958,0.00764,0.02348,0.18329,0.43967,1.7095,1.66507,0,1.97293,0,0.15356,0.11958,1.7095,1.66507,0.53356,0.28025,0.46428,0.41383,1.97293,0.03271,0.17238
2026-06-28 10:00:00,1.55171,0,0.01603,0,0.01063,0,0,0,0.17123,0.26402,0.34343,0.41801,0.00715,0.15357,0.53308,0,0,0,0,0,0,0.46381,0.52345,0.04439,0.09617,0.0283,0.83424,0.1196,0.00761,0.02345,0.18328,0.43849,1.7095,1.66526,0,1.97278,0,0.15357,0.1196,1.7095,1.66526,0.53308,0.27979,0.46381,0.41342,1.97278,0.0327,0.17237
2026-06-28 11:00:00,1.54824,0,0.01602,0,0.01062,0,0,0,0.17103,0.2627,0.34292,0.41774,0.00715,0.15359,0.5326,0,0,0,0,0,0,0.46334,0.52237,0.0443,0.09601,0.02831,0.83253,0.11962,0.00759,0.02343,0.18326,0.43732,1.7095,1.66545,0,1.97263,0,0.15359,0.11962,1.7095,1.66545,0.5326,0.27934,0.46334,0.41301,1.97263,0.03269,0.17236
2026-06-28 12:00:00,1.54477,0,0.016,0,0.01062,0,0,0,0.17083,0.26139,0.3423,0.41744,0.00715,0.15361,0.53212,0,0,0,0,0,0,0.46286,0.52129,0.0442,0.09584,0.02831,0.83083,0.11964,0.00757,0.0234,0.18324,0.43613,1.7095,1.66564,0,1.97247,0,0.15361,0.11964,1.7095,1.66564,0.53212,0.27888,0.46286,0.4126,1.97247,0.03267,0.17209
2026-06-28 13:00:00,1.5413,0,0.01599,0,0.01061,0,0,0,0.17063,0.25964,0.34144,0.41703,0.00715,0.15362,0.53163,0,0,0,0,0,0,0.46239,0.52023,0.0441,0.09567,0.02831,0.8295,0.11965,0.00754,0.02337,0.18324,0.43499,1.7095,1.66583,0,1.97231,0,0.15362,0.11965,1.7095,1.66583,0.53163,0.27842,0.46239,0.41219,1.97231,0.03267,0.17192
2026-06-28 14:00:00,1.53783,0,0.01597,0,0.0106,0,0,0,0.17044,0.25745,0.34036,0.41651,0.00715,0.15364,0.53115,0,0,0,0,0,0,0.46191,0.51926,0.04399,0.0955,0.02832,0.82816,0.11967,0.00752,0.02335,0.18323,0.43384,1.70949,1.66602,0,1.97214,0,0.15364,0.11967,1.70949,1.66602,0.53115,0.27797,0.46191,0.41177,1.97214,0.03266,0.16879
2026-06-28 15:00:00,1.53437,0,0.01596,0,0.0106,0,0,0,0.17024,0.25532,0.33907,0.41585,0.00715,0.15367,0.53067,0,0,0,0,0,0,0.46144,0.51822,0.04389,0.09534,0.02832,0.82683,0.11968,0.0075,0.02332,0.18323,0.43269,1.70949,1.6662,0,1.97197,0,0.15367,0.11968,1.70949,1.6662,0.53067,0.27751,0.46144,0.41136,1.97197,0.03265,0.16775
2026-06-28 16:00:00,1.5309,0,0.01594,0,0.01059,0,0,0,0.17004,0.25271,0.33754,0.41504,0.00715,0.15368,0.53018,0,0,0,0,0,0,0.46096,0.51718,0.04379,0.09517,0.02832,0.82549,0.11969,0.00748,0.02329,0.18322,0.43154,1.70949,1.66639,0,1.97179,0,0.15368,0.11969,1.70949,1.66639,0.53018,0.27705,0.46096,0.41095,1.97179,0.03264,0.16723
2026-06-28 17:00:00,1.52743,0,0.01592,0,0.01059,0,0,0,0.16984,0.25062,0.33563,0.41402,0.00715,0.1537,0.5297,0,0,0,0,0,0,0.46048,0.51613,0.04368,0.095,0.02833,0.82416,0.11971,0.00745,0.02327,0.18321,0.43039,1.70949,1.66657,0,1.97161,0,0.1537,0.11971,1.70949,1.66657,0.5297,0.2766,0.46048,0.41054,1.97161,0.03263,0.16692
2026-06-28 18:00:00,1.52396,0,0.0159,0,0.01058,0,0,0,0.16965,0.24854,0.33348,0.41277,0.00715,0.15371,0.52922,0,0,0,0,0,0,0.46002,0.51509,0.04358,0.09483,0.02833,0.82282,0.11971,0.00743,0.02324,0.18321,0.42924,1.70949,1.66675,0,1.97143,0,0.15371,0.11971,1.70949,1.66675,0.52922,0.27615,0.46002,0.41012,1.97143,0.03262,0.16671
2026-06-28 19:00:00,1.52065,0,0.01588,0,0.01056,0,0,0,0.16945,0.24651,0.33112,0.4113,0.00715,0.15373,0.52873,0,0,0,0,0,0,0.45954,0.5141,0.04348,0.09466,0.02833,0.82116,0.11972,0.00741,0.02322,0.1832,0.42813,1.70949,1.66693,0,1.97124,0,0.15373,0.11972,1.70949,1.66693,0.52873,0.27568,0.45954,0.4097,1.97124,0.03261,0.16656
2026-06-28 20:00:00,1.51734,0,0.01586,0,0.01054,0,0,0,0.16925,0.24453,0.32864,0.40954,0.00714,0.15374,0.52825,0,0,0,0,0,0,0.45907,0.51333,0.04338,0.0945,0.02834,0.8195,0.11974,0.00739,0.02319,0.18319,0.42703,1.70949,1.66711,0,1.97105,0,0.15374,0.11974,1.70949,1.66711,0.52825,0.27523,0.45907,0.40929,1.97105,0.0326,0.16645
2026-06-28 21:00:00,1.51404,0,0.01585,0,0.01053,0,0,0,0.16905,0.2416,0.3262,0.40747,0.00714,0.15376,0.52776,0,0,0,0,0,0,0.45859,0.51251,0.04327,0.09434,0.02834,0.81784,0.11974,0.00737,0.02317,0.18319,0.42593,1.70949,1.66729,0,1.97086,0,0.15376,0.11974,1.70949,1.66729,0.52776,0.27477,0.45859,0.40886,1.97086,0.0326,0.16636
2026-06-28 22:00:00,1.51073,0,0.01583,0,0.01051,0,0,0,0.16886,0.23967,0.32377,0.40516,0.00714,0.15377,0.52728,0,0,0,0,0,0,0.45811,0.51164,0.04317,0.09417,0.02835,0.81618,0.11975,0.00735,0.02315,0.18318,0.42482,1.70948,1.66747,0,1.97066,0,0.15377,0.11975,1.70948,1.66747,0.52728,0.27432,0.45811,0.40844,1.97066,0.03259,0.16629
2026-06-28 23:00:00,1.50742,0,0.0158,0,0.0105,0,0,0,0.16865,0.23873,0.32137,0.40267,0.00714,0.1538,0.5268,0,0,0,0,0,0,0.45764,0.51074,0.04307,0.094,0.02835,0.81452,0.11976,0.00733,0.02312,0.18316,0.42371,1.70948,1.66765,0,1.97046,0,0.1538,0.11976,1.70948,1.66765,0.5268,0.27386,0.45764,0.40801,1.97046,0.03257,0.16624
2026-06-29 00:00:00,1.50411,0,0.01579,0,0.01049,0,0,0,0.16844,0.2378,0.31898,0.40011,0.00714,0.15382,0.52631,0,0,0,0,0,0,0.45717,0.50981,0.04297,0.09384,0.02835,0.81286,0.11976,0.00731,0.0231,0.18315,0.4226,1.70948,1.66784,0,1.97025,0,0.15382,0.11976,1.70948,1.66784,0.52631,0.2734,0.45717,0.4076,1.97025,0.03256,0.16619
2026-06-29 01:00:00,1.50089,0,0.01577,0,0.01048,0,0,0,0.16824,0.23786,0.31673,0.39756,0.00714,0.15383,0.52583,0,0,0,0,0,0,0.45669,0.50886,0.04288,0.09369,0.02883,0.81147,0.11977,0.00729,0.02261,0.18314,0.42114,1.70948,1.66801,0,1.97005,0,0.15383,0.11977,1.70948,1.66801,0.52583,0.27295,0.45669,0.40717,1.97005,0.03255,0.16615
2026-06-29 02:00:00,1.49767,0,0.01575,0,0.01047,0,0,0,0.16803,0.23889,0.31482,0.39503,0.00714,0.15385,0.52535,0,0,0,0,0,0,0.45622,0.50791,0.04278,0.09353,0.02883,0.81009,0.11982,0.00727,0.02259,0.18315,0.41969,1.70948,1.66819,0,1.96984,0,0.15385,0.11982,1.70948,1.66819,0.52535,0.2725,0.45622,0.40674,1.96984,0.03255,0.16611
2026-06-29 03:00:00,1.49445,0,0.01573,0,0.01046,0,0,0,0.16782,0.23895,0.31333,0.39252,0.00714,0.15387,0.52487,0,0,0,0,0,0,0.45574,0.50693,0.04269,0.09338,0.02883,0.8087,0.1199,0.00725,0.02257,0.18314,0.41823,1.70947,1.66837,0,1.96962,0,0.15387,0.1199,1.70947,1.66837,0.52487,0.27203,0.45574,0.40632,1.96962,0.03254,0.16608
2026-06-29 04:00:00,1.49122,0,0.01571,0,0.01046,0,0,0,0.16761,0.23997,0.31231,0.39007,0.00714,0.15388,0.52438,0,0,0,0,0,0,0.45527,0.50596,0.0426,0.09323,0.02884,0.80731,0.11996,0.00723,0.02254,0.18313,0.41676,1.70947,1.66854,0,1.96941,0,0.15388,0.11996,1.70947,1.66854,0.52438,0.27158,0.45527,0.40588,1.96941,0.03253,0.16606
2026-06-29 05:00:00,1.488,0,0.01569,0,0.01045,0,0,0,0.16742,0.24003,0.3119,0.38783,0.00714,0.1539,0.5239,0,0,0,0,0,0,0.45479,0.50498,0.0425,0.09307,0.02884,0.80593,0.12001,0.00721,0.02252,0.18311,0.41529,1.70947,1.66872,0,1.96919,0,0.1539,0.12001,1.70947,1.66872,0.5239,0.27113,0.45479,0.40545,1.96919,0.03251,0.16603
2026-06-29 06:00:00,1.48478,0,0.01567,0,0.01044,0,0,0,0.16722,0.24007,0.31186,0.38594,0.00714,0.15391,0.52342,0,0,0,0,0,0,0.45431,0.504,0.04241,0.09292,0.02884,0.80454,0.12006,0.00719,0.0225,0.1831,0.41383,1.70947,1.66889,0,1.96897,0,0.15391,0.12006,1.70947,1.66889,0.52342,0.27067,0.45431,0.40503,1.96897,0.0325,0.16601
2026-06-29 07:00:00,1.48166,0,0.01565,0,0.01043,0,0,0,0.16702,0.24014,0.31206,0.38447,0.00714,0.15394,0.52292,0,0,0,0,0,0,0.45385,0.50302,0.04232,0.09277,0.02885,0.80299,0.1201,0.00718,0.02248,0.18309,0.4128,1.70947,1.66907,0,1.96874,0,0.15394,0.1201,1.70947,1.66907,0.52292,0.27021,0.45385,0.40461,1.96874,0.03249,0.166
2026-06-29 08:00:00,1.47854,0,0.01564,0,0.01043,0,0,0,0.16682,0.24024,0.31236,0.38352,0.00714,0.15396,0.52244,0,0,0,0,0,0,0.45337,0.50204,0.04223,0.09263,0.02885,0.80144,0.12013,0.00716,0.02245,0.18309,0.41177,1.70947,1.66924,0,1.96852,0,0.15396,0.12013,1.70947,1.66924,0.52244,0.26976,0.45337,0.40419,1.96852,0.03249,0.16598
2026-06-29 09:00:00,1.47543,0,0.01562,0,0.01041,0,0,0,0.16663,0.23989,0.31248,0.38306,0.00713,0.15397,0.52196,0,0,0,0,0,0,0.4529,0.50106,0.04215,0.09248,0.02885,0.79989,0.12017,0.00714,0.02243,0.18308,0.41074,1.70947,1.66942,0,1.9683,0,0.15397,0.12017,1.70947,1.66942,0.52196,0.2693,0.4529,0.40376,1.9683,0.03248,0.16596
2026-06-29 10:00:00,1.47231,0,0.01561,0,0.0104,0,0,0,0.16643,0.23954,0.31255,0.38295,0.00713,0.15399,0.52148,0,0,0,0,0,0,0.45242,0.50008,0.04206,0.09233,0.02886,0.79834,0.12019,0.00712,0.02241,0.18307,0.4097,1.70947,1.66959,0,1.96807,0,0.15399,0.12019,1.70947,1.66959,0.52148,0.26885,0.45242,0.40334,1.96807,0.03247,0.16595
2026-06-29 11:00:00,1.46919,0,0.0156,0,0.01039,0,0,0,0.16623,0.23872,0.3125,0.38304,0.00713,0.154,0.521,0,0,0,0,0,0,0.45194,0.49911,0.04197,0.09219,0.02886,0.79679,0.12022,0.00711,0.02238,0.18306,0.40867,1.70947,1.66977,0,1.96785,0,0.154,0.12022,1.70947,1.66977,0.521,0.26838,0.45194,0.40292,1.96785,0.03246,0.16594
2026-06-29 12:00:00,1.46607,0,0.01559,0,0.01038,0,0,0,0.16603,0.23791,0.31235,0.38315,0.00713,0.15402,0.52051,0,0,0,0,0,0,0.45147,0.49816,0.04188,0.09204,0.02886,0.79524,0.12024,0.00708,0.02236,0.18305,0.40763,1.70946,1.66994,0,1.96762,0,0.15402,0.12024,1.70946,1.66994,0.52051,0.26793,0.45147,0.4025,1.96762,0.03245,0.16568
2026-06-29 13:00:00,1.46295,0,0.01558,0,0.01038,0,0,0,0.16584,0.23665,0.31195,0.38316,0.00713,0.15404,0.52003,0,0,0,0,0,0,0.451,0.4972,0.04179,0.09189,0.02887,0.79404,0.12026,0.00706,0.02234,0.18304,0.40661,1.70946,1.67011,0,1.9674,0,0.15404,0.12026,1.70946,1.67011,0.52003,0.26748,0.451,0.40208,1.9674,0.03244,0.1655
2026-06-29 14:00:00,1.45984,0,0.01558,0,0.01037,0,0,0,0.16564,0.23494,0.31138,0.38308,0.00713,0.15405,0.51955,0,0,0,0,0,0,0.45052,0.49634,0.04169,0.09174,0.02887,0.79284,0.12027,0.00704,0.02231,0.18304,0.40558,1.70946,1.67028,0,1.96717,0,0.15405,0.12027,1.70946,1.67028,0.51955,0.26702,0.45052,0.40166,1.96717,0.03243,0.16247
2026-06-29 15:00:00,1.45672,0,0.01556,0,0.01037,0,0,0,0.16544,0.23325,0.3106,0.38289,0.00713,0.15408,0.51906,0,0,0,0,0,0,0.45005,0.49541,0.0416,0.09159,0.02887,0.79164,0.12028,0.00702,0.02229,0.18303,0.40457,1.70945,1.67046,0,1.96694,0,0.15408,0.12028,1.70945,1.67046,0.51906,0.26656,0.45005,0.40124,1.96694,0.03242,0.16146
2026-06-29 16:00:00,1.4536,0,0.01555,0,0.01036,0,0,0,0.16524,0.23111,0.3096,0.38255,0.00713,0.1541,0.51858,0,0,0,0,0,0,0.44957,0.49448,0.04151,0.09144,0.02888,0.79043,0.12029,0.007,0.02227,0.18302,0.40355,1.70945,1.67063,0,1.96672,0,0.1541,0.12029,1.70945,1.67063,0.51858,0.26611,0.44957,0.40082,1.96672,0.03241,0.16096
2026-06-29 17:00:00,1.45049,0,0.01553,0,0.01036,0,0,0,0.16505,0.22944,0.30823,0.382,0.00713,0.15411,0.5181,0,0,0,0,0,0,0.4491,0.49353,0.04141,0.09129,0.02888,0.78923,0.1203,0.00698,0.02224,0.18301,0.40252,1.70945,1.6708,0,1.96649,0,0.15411,0.1203,1.70945,1.6708,0.5181,0.26565,0.4491,0.4004,1.96649,0.0324,0.16066
2026-06-29 18:00:00,1.44737,0,0.01552,0,0.01036,0,0,0,0.16485,0.22778,0.30659,0.38127,0.00713,0.15413,0.51762,0,0,0,0,0,0,0.44862,0.49259,0.04132,0.09114,0.02888,0.78803,0.12031,0.00695,0.02222,0.183,0.4015,1.70945,1.67097,0,1.96626,0,0.15413,0.12031,1.70945,1.67097,0.51762,0.2652,0.44862,0.39997,1.96626,0.03239,0.16046
2026-06-29 19:00:00,1.44439,0,0.0155,0,0.01035,0,0,0,0.16465,0.22612,0.30473,0.38032,0.00713,0.15414,0.51712,0,0,0,0,0,0,0.44814,0.49164,0.04123,0.09099,0.02889,0.78635,0.12032,0.00694,0.0222,0.183,0.40052,1.70945,1.67114,0,1.96603,0,0.15414,0.12032,1.70945,1.67114,0.51712,0.26474,0.44814,0.39955,1.96603,0.03238,0.16031
2026-06-29 20:00:00,1.44142,0,0.01549,0,0.01034,0,0,0,0.16445,0.22447,0.30273,0.3791,0.00713,0.15416,0.51664,0,0,0,0,0,0,0.44768,0.49069,0.04113,0.09084,0.02889,0.78466,0.12033,0.00692,0.02217,0.18299,0.39953,1.70945,1.67131,0,1.9658,0,0.15416,0.12033,1.70945,1.67131,0.51664,0.26428,0.44768,0.39912,1.9658,0.03237,0.1602
2026-06-29 21:00:00,1.43845,0,0.01547,0,0.01033,0,0,0,0.16426,0.22193,0.30075,0.37757,0.00713,0.15418,0.51616,0,0,0,0,0,0,0.4472,0.48975,0.04104,0.0907,0.02889,0.78298,0.12034,0.0069,0.02215,0.18299,0.39856,1.70945,1.67149,0,1.96557,0,0.15418,0.12034,1.70945,1.67149,0.51616,0.26383,0.4472,0.3987,1.96557,0.03237,0.16012
2026-06-29 22:00:00,1.43547,0,0.01545,0,0.01033,0,0,0,0.16406,0.22031,0.29877,0.37577,0.00713,0.15419,0.51568,0,0,0,0,0,0,0.44673,0.48881,0.04094,0.09055,0.0289,0.7813,0.12035,0.00688,0.02213,0.18298,0.39757,1.70945,1.67166,0,1.96534,0,0.15419,0.12035,1.70945,1.67166,0.51568,0.26338,0.44673,0.39827,1.96534,0.03236,0.16005
2026-06-29 23:00:00,1.4325,0,0.01543,0,0.01031,0,0,0,0.16386,0.21959,0.2968,0.37378,0.00712,0.15422,0.51519,0,0,0,0,0,0,0.44625,0.48787,0.04085,0.0904,0.0289,0.77961,0.12036,0.00686,0.0221,0.18296,0.39657,1.70945,1.67183,0,1.9651,0,0.15422,0.12036,1.70945,1.67183,0.51519,0.26291,0.44625,0.39784,1.9651,0.03234,0.16
2026-06-30 00:00:00,1.42952,0,0.01541,0,0.0103,0,0,0,0.16366,0.21888,0.2948,0.37171,0.00712,0.15423,0.51471,0,0,0,0,0,0,0.44578,0.48693,0.04075,0.09025,0.0289,0.77793,0.12036,0.00684,0.02208,0.18295,0.39559,1.70945,1.672,0,1.96487,0,0.15423,0.12036,1.70945,1.672,0.51471,0.26246,0.44578,0.3974,1.96487,0.03233,0.15995
2026-06-30 01:00:00,1.42664,0,0.0154,0,0.01029,0,0,0,0.16347,0.21906,0.2929,0.36962,0.00712,0.15425,0.51423,0,0,0,0,0,0,0.4453,0.486,0.04067,0.09011,0.02939,0.77663,0.12037,0.00683,0.02159,0.18294,0.39425,1.70945,1.67217,0,1.96463,0,0.15425,0.12037,1.70945,1.67217,0.51423,0.262,0.4453,0.39697,1.96463,0.03232,0.15991
2026-06-30 02:00:00,1.42377,0,0.01538,0,0.01028,0,0,0,0.16327,0.22014,0.2913,0.36755,0.00712,0.15427,0.51375,0,0,0,0,0,0,0.44483,0.48509,0.04058,0.08997,0.02939,0.77532,0.12041,0.00681,0.02157,0.18295,0.39292,1.70945,1.67234,0,1.96439,0,0.15427,0.12041,1.70945,1.67234,0.51375,0.26155,0.44483,0.39654,1.96439,0.03232,0.15988
2026-06-30 03:00:00,1.42089,0,0.01536,0,0.01027,0,0,0,0.16307,0.22032,0.29006,0.36546,0.00712,0.15428,0.51326,0,0,0,0,0,0,0.44435,0.48416,0.04049,0.08984,0.02939,0.77402,0.12049,0.0068,0.02155,0.18294,0.39159,1.70943,1.67251,0,1.96415,0,0.15428,0.12049,1.70943,1.67251,0.51326,0.26109,0.44435,0.39611,1.96415,0.03231,0.15985
2026-06-30 04:00:00,1.41801,0,0.01534,0,0.01026,0,0,0,0.16287,0.22139,0.28924,0.3634,0.00712,0.1543,0.51278,0,0,0,0,0,0,0.44388,0.48324,0.04041,0.0897,0.0294,0.77271,0.12056,0.00678,0.02153,0.18293,0.39025,1.70943,1.67268,0,1.9639,0,0.1543,0.12056,1.70943,1.67268,0.51278,0.26063,0.44388,0.39567,1.9639,0.0323,0.15983
2026-06-30 05:00:00,1.41514,0,0.01532,0,0.01024,0,0,0,0.16268,0.22157,0.289,0.3615,0.00712,0.15432,0.5123,0,0,0,0,0,0,0.4434,0.48233,0.04033,0.08956,0.0294,0.77141,0.12062,0.00676,0.02151,0.18291,0.3889,1.70943,1.67285,0,1.96366,0,0.15432,0.12062,1.70943,1.67285,0.5123,0.26018,0.4434,0.39524,1.96366,0.03228,0.1598
2026-06-30 06:00:00,1.41226,0,0.0153,0,0.01023,0,0,0,0.16248,0.22174,0.2891,0.3599,0.00712,0.15433,0.51181,0,0,0,0,0,0,0.44293,0.48143,0.04024,0.08942,0.02941,0.7701,0.12067,0.00675,0.02149,0.1829,0.38756,1.70943,1.67302,0,1.96342,0,0.15433,0.12067,1.70943,1.67302,0.51181,0.25973,0.44293,0.39481,1.96342,0.03227,0.15978
2026-06-30 07:00:00,1.40948,0,0.01529,0,0.01022,0,0,0,0.16228,0.22191,0.28943,0.35867,0.00712,0.15436,0.51132,0,0,0,0,0,0,0.44245,0.48053,0.04016,0.08929,0.02941,0.76867,0.12071,0.00672,0.02147,0.18289,0.38664,1.70943,1.67319,0,1.96317,0,0.15436,0.12071,1.70943,1.67319,0.51132,0.25926,0.44245,0.39439,1.96317,0.03226,0.15977
2026-06-30 08:00:00,1.40669,0,0.01527,0,0.01021,0,0,0,0.16209,0.22209,0.28985,0.35792,0.00712,0.15438,0.51084,0,0,0,0,0,0,0.44198,0.47963,0.04008,0.08916,0.02941,0.76724,0.12074,0.00671,0.02145,0.18289,0.38573,1.70943,1.67336,0,1.96293,0,0.15438,0.12074,1.70943,1.67336,0.51084,0.25881,0.44198,0.39395,1.96293,0.03226,0.15975
2026-06-30 09:00:00,1.40391,0,0.01526,0,0.0102,0,0,0,0.16189,0.22183,0.2901,0.35764,0.00712,0.15439,0.51036,0,0,0,0,0,0,0.44151,0.47874,0.04,0.08903,0.02942,0.7658,0.12077,0.0067,0.02143,0.18288,0.38482,1.70943,1.67353,0,1.96268,0,0.15439,0.12077,1.70943,1.67353,0.51036,0.25836,0.44151,0.39353,1.96268,0.03225,0.15974
2026-06-30 10:00:00,1.40112,0,0.01525,0,0.01019,0,0,0,0.16169,0.22156,0.2903,0.35767,0.00712,0.15441,0.50988,0,0,0,0,0,0,0.44103,0.47786,0.03991,0.08889,0.02942,0.76437,0.12079,0.00667,0.0214,0.18287,0.38389,1.70943,1.6737,0,1.96244,0,0.15441,0.12079,1.70943,1.6737,0.50988,0.2579,0.44103,0.39311,1.96244,0.03224,0.15972
2026-06-30 11:00:00,1.39834,0,0.01524,0,0.01018,0,0,0,0.16149,0.22087,0.29038,0.3579,0.00712,0.15442,0.50939,0,0,0,0,0,0,0.44056,0.47697,0.03983,0.08876,0.02942,0.76294,0.12082,0.00666,0.02138,0.18286,0.38297,1.70943,1.67387,0,1.9622,0,0.15442,0.12082,1.70943,1.67387,0.50939,0.25744,0.44056,0.39268,1.9622,0.03223,0.15971
2026-06-30 12:00:00,1.39555,0,0.01523,0,0.01017,0,0,0,0.1613,0.22017,0.29034,0.35813,0.00712,0.15444,0.50891,0,0,0,0,0,0,0.44008,0.4761,0.03975,0.08863,0.02943,0.76151,0.12084,0.00664,0.02136,0.18285,0.38205,1.70943,1.67404,0,1.96196,0,0.15444,0.12084,1.70943,1.67404,0.50891,0.25699,0.44008,0.39226,1.96196,0.03222,0.15946
2026-06-30 13:00:00,1.39273,0,0.01522,0,0.01017,0,0,0,0.1611,0.21905,0.29009,0.35829,0.00711,0.15445,0.50843,0,0,0,0,0,0,0.43961,0.47523,0.03966,0.08849,0.02943,0.76041,0.12086,0.00661,0.02134,0.18285,0.38114,1.70943,1.67421,0,1.96171,0,0.15445,0.12086,1.70943,1.67421,0.50843,0.25653,0.43961,0.39184,1.96171,0.03221,0.15927
2026-06-30 14:00:00,1.3899,0,0.01521,0,0.01015,0,0,0,0.1609,0.21751,0.28964,0.35835,0.00711,0.15447,0.50794,0,0,0,0,0,0,0.43913,0.47446,0.03958,0.08836,0.02943,0.75931,0.12088,0.0066,0.02132,0.18284,0.38024,1.70943,1.67438,0,1.96147,0,0.15447,0.12088,1.70943,1.67438,0.50794,0.25608,0.43913,0.39141,1.96147,0.0322,0.15635
2026-06-30 15:00:00,1.38708,0,0.0152,0,0.01014,0,0,0,0.1607,0.21599,0.28901,0.35829,0.00711,0.1545,0.50746,0,0,0,0,0,0,0.43865,0.47362,0.03949,0.08822,0.02944,0.75822,0.12089,0.00659,0.0213,0.18283,0.37935,1.70942,1.67455,0,1.96123,0,0.1545,0.12089,1.70942,1.67455,0.50746,0.25561,0.43865,0.39099,1.96123,0.03219,0.15537
2026-06-30 16:00:00,1.38426,0,0.01518,0,0.01014,0,0,0,0.16051,0.21404,0.28816,0.35808,0.00711,0.15451,0.50698,0,0,0,0,0,0,0.43819,0.47277,0.0394,0.08808,0.02944,0.75712,0.1209,0.00656,0.02127,0.18281,0.37842,1.70942,1.67472,0,1.96099,0,0.15451,0.1209,1.70942,1.67472,0.50698,0.25516,0.43819,0.39057,1.96099,0.03217,0.15489
2026-06-30 17:00:00,1.38143,0,0.01517,0,0.01014,0,0,0,0.16031,0.21253,0.28697,0.35768,0.00711,0.15453,0.50649,0,0,0,0,0,0,0.43771,0.47191,0.03932,0.08795,0.02944,0.75602,0.12091,0.00654,0.02125,0.18278,0.37749,1.70941,1.67488,0,1.96075,0,0.15453,0.12091,1.70941,1.67488,0.50649,0.25471,0.43771,0.39014,1.96075,0.03214,0.1546
2026-06-30 18:00:00,1.37861,0,0.01515,0,0.01013,0,0,0,0.16011,0.21103,0.28551,0.35708,0.00711,0.15454,0.50601,0,0,0,0,0,0,0.43723,0.47104,0.03923,0.08781,0.02945,0.75492,0.12092,0.00653,0.02123,0.18276,0.37658,1.70941,1.67505,0,1.96051,0,0.15454,0.12092,1.70941,1.67505,0.50601,0.25425,0.43723,0.38971,1.96051,0.03212,0.1544
2026-06-30 19:00:00,1.37593,0,0.01514,0,0.01012,0,0,0,0.15991,0.20953,0.28383,0.35628,0.00711,0.15456,0.50552,0,0,0,0,0,0,0.43676,0.47019,0.03914,0.08768,0.02945,0.75336,0.12093,0.00652,0.02121,0.18274,0.3757,1.70941,1.67522,0,1.96027,0,0.15456,0.12093,1.70941,1.67522,0.50552,0.25379,0.43676,0.38928,1.96027,0.0321,0.15426
2026-06-30 20:00:00,1.37325,0,0.01512,0,0.01011,0,0,0,0.15972,0.20804,0.28202,0.35522,0.00711,0.15458,0.50504,0,0,0,0,0,0,0.43628,0.46932,0.03905,0.08754,0.02945,0.7518,0.12093,0.00649,0.02119,0.18275,0.37482,1.70941,1.6754,0,1.96003,0,0.15458,0.12093,1.70941,1.6754,0.50504,0.25334,0.43628,0.38885,1.96003,0.0321,0.15416
2026-06-30 21:00:00,1.37058,0,0.01511,0,0.01011,0,0,0,0.15952,0.20572,0.28023,0.35386,0.00711,0.15459,0.50455,0,0,0,0,0,0,0.43581,0.46847,0.03897,0.08741,0.02946,0.75025,0.12094,0.00648,0.02117,0.18274,0.37395,1.70941,1.67557,0,1.95979,0,0.15459,0.12094,1.70941,1.67557,0.50455,0.25288,0.43581,0.38843,1.95979,0.03209,0.15408
2026-06-30 22:00:00,1.3679,0,0.01509,0,0.0101,0,0,0,0.15932,0.20425,0.27843,0.35226,0.00711,0.15462,0.50407,0,0,0,0,0,0,0.43534,0.4676,0.03888,0.08728,0.02946,0.74869,0.12095,0.00647,0.02115,0.18274,0.37309,1.70941,1.67574,0,1.95954,0,0.15462,0.12095,1.70941,1.67574,0.50407,0.25243,0.43534,0.38799,1.95954,0.03209,0.15401
2026-06-30 23:00:00,1.36522,0,0.01507,0,0.01009,0,0,0,0.15911,0.20361,0.27665,0.35046,0.00711,0.15463,0.50359,0,0,0,0,0,0,0.43486,0.46675,0.03879,0.08714,0.02946,0.74713,0.12096,0.00644,0.02113,0.18274,0.37221,1.70941,1.67591,0,1.9593,0,0.15463,0.12096,1.70941,1.67591,0.50359,0.25197,0.43486,0.38756,1.9593,0.03209,0.15396
2026-07-01 00:00:00,1.36254,0,0.01505,0,0.01008,0,0,0,0.15891,0.20298,0.27485,0.34857,0.00711,0.15465,0.50311,0,0,0,0,0,0,0.43439,0.4659,0.0387,0.08701,0.02947,0.74557,0.12098,0.00643,0.02111,0.18273,0.37134,1.70941,1.67608,0,1.95905,0,0.15465,0.12098,1.70941,1.67608,0.50311,0.25151,0.43439,0.38713,1.95905,0.03208,0.15391
2026-07-01 01:00:00,1.35996,0,0.01503,0,0.01007,0,0,0,0.1587,0.20317,0.27311,0.34668,0.00711,0.15467,0.50263,0,0,0,0,0,0,0.43391,0.46506,0.03862,0.08689,0.02994,0.74438,0.12098,0.00642,0.02062,0.18274,0.37011,1.70941,1.67625,0,1.95881,0,0.15467,0.12098,1.70941,1.67625,0.50263,0.25106,0.43391,0.3867,1.95881,0.03208,0.15388
2026-07-01 02:00:00,1.35738,0,0.01501,0,0.01006,0,0,0,0.15849,0.20421,0.27166,0.34479,0.00711,0.15468,0.50214,0,0,0,0,0,0,0.43344,0.46422,0.03854,0.08676,0.02994,0.74318,0.12103,0.0064,0.0206,0.18274,0.36889,1.70941,1.67642,0,1.95856,0,0.15468,0.12103,1.70941,1.67642,0.50214,0.2506,0.43344,0.38626,1.95856,0.03208,0.15384
2026-07-01 03:00:00,1.3548,0,0.015,0,0.01005,0,0,0,0.15828,0.20441,0.27055,0.3429,0.0071,0.1547,0.50166,0,0,0,0,0,0,0.43296,0.46338,0.03846,0.08664,0.02995,0.74199,0.1211,0.00639,0.02058,0.18274,0.36766,1.70941,1.67659,0,1.95831,0,0.1547,0.1211,1.70941,1.67659,0.50166,0.25014,0.43296,0.38583,1.95831,0.03208,0.15382
2026-07-01 04:00:00,1.35221,0,0.01498,0,0.01003,0,0,0,0.15808,0.20543,0.26978,0.34102,0.0071,0.15471,0.50118,0,0,0,0,0,0,0.43248,0.46255,0.03839,0.08652,0.02995,0.7408,0.12117,0.00637,0.02056,0.18273,0.36641,1.70941,1.67675,0,1.95806,0,0.15471,0.12117,1.70941,1.67675,0.50118,0.24969,0.43248,0.38538,1.95806,0.03207,0.15379
2026-07-01 05:00:00,1.34963,0,0.01495,0,0.01002,0,0,0,0.15788,0.20562,0.26958,0.33929,0.0071,0.15473,0.50069,0,0,0,0,0,0,0.43202,0.46173,0.03831,0.08639,0.02995,0.7396,0.12122,0.00635,0.02054,0.18271,0.36517,1.70941,1.67692,0,1.95781,0,0.15473,0.12122,1.70941,1.67692,0.50069,0.24923,0.43202,0.38495,1.95781,0.03205,0.15377
2026-07-01 06:00:00,1.34705,0,0.01494,0,0.01001,0,0,0,0.15768,0.20581,0.26972,0.33784,0.0071,0.15476,0.50021,0,0,0,0,0,0,0.43154,0.46091,0.03823,0.08627,0.02996,0.73841,0.12126,0.00634,0.02052,0.1827,0.36393,1.70941,1.67709,0,1.95756,0,0.15476,0.12126,1.70941,1.67709,0.50021,0.24877,0.43154,0.38452,1.95756,0.03204,0.15375
2026-07-01 07:00:00,1.34454,0,0.01492,0,0.01,0,0,0,0.15748,0.206,0.27005,0.33673,0.0071,0.15477,0.49972,0,0,0,0,0,0,0.43106,0.46009,0.03815,0.08615,0.02996,0.73699,0.1213,0.00633,0.0205,0.1827,0.36312,1.70941,1.67726,0,1.95731,0,0.15477,0.1213,1.70941,1.67726,0.49972,0.24832,0.43106,0.38409,1.95731,0.03204,0.15373
2026-07-01 08:00:00,1.34203,0,0.0149,0,0.00999,0,0,0,0.15729,0.2062,0.27049,0.33604,0.0071,0.15479,0.49923,0,0,0,0,0,0,0.43059,0.45928,0.03808,0.08603,0.02996,0.73557,0.12135,0.0063,0.02048,0.18269,0.36229,1.7094,1.67743,0,1.95706,0,0.15479,0.12135,1.7094,1.67743,0.49923,0.24786,0.43059,0.38366,1.95706,0.03203,0.15372
2026-07-01 09:00:00,1.33952,0,0.01489,0,0.00997,0,0,0,0.15709,0.20598,0.27078,0.3358,0.0071,0.1548,0.49875,0,0,0,0,0,0,0.43011,0.45846,0.038,0.08592,0.02997,0.73415,0.12137,0.00629,0.02046,0.18268,0.36148,1.70939,1.6776,0,1.95681,0,0.1548,0.12137,1.70939,1.6776,0.49875,0.24741,0.43011,0.38324,1.95681,0.03202,0.15371
2026-07-01 10:00:00,1.33701,0,0.01488,0,0.00996,0,0,0,0.15689,0.20577,0.27099,0.33586,0.0071,0.15482,0.49827,0,0,0,0,0,0,0.42963,0.45765,0.03793,0.0858,0.02997,0.73273,0.1214,0.00628,0.02044,0.18267,0.36066,1.70939,1.67777,0,1.95656,0,0.15482,0.1214,1.70939,1.67777,0.49827,0.24695,0.42963,0.3828,1.95656,0.03201,0.15369
2026-07-01 11:00:00,1.3345,0,0.01487,0,0.00995,0,0,0,0.15669,0.20516,0.27111,0.3361,0.0071,0.15484,0.49779,0,0,0,0,0,0,0.42917,0.45685,0.03785,0.08568,0.02997,0.73131,0.12142,0.00625,0.02042,0.18266,0.35983,1.70939,1.67794,0,1.95631,0,0.15484,0.12142,1.70939,1.67794,0.49779,0.24649,0.42917,0.38238,1.95631,0.032,0.15368
2026-07-01 12:00:00,1.33199,0,0.01486,0,0.00995,0,0,0,0.1565,0.20455,0.27113,0.33636,0.0071,0.15485,0.4973,0,0,0,0,0,0,0.42869,0.45607,0.03778,0.08556,0.02998,0.72989,0.12143,0.00624,0.0204,0.18266,0.35901,1.70939,1.67811,0,1.95607,0,0.15485,0.12143,1.70939,1.67811,0.4973,0.24604,0.42869,0.38195,1.95607,0.03199,0.15173
2026-07-01 13:00:00,1.32944,0,0.01485,0,0.00994,0,0,0,0.1563,0.2036,0.27092,0.33653,0.0071,0.15487,0.49682,0,0,0,0,0,0,0.42822,0.45543,0.0377,0.08544,0.02998,0.72858,0.12146,0.00623,0.02038,0.18265,0.3582,1.70939,1.67827,0,1.95582,0,0.15487,0.12146,1.70939,1.67827,0.49682,0.24559,0.42822,0.38153,1.95582,0.03198,0.14857
2026-07-01 14:00:00,1.32689,0,0.01485,0,0.00993,0,0,0,0.1561,0.20256,0.27057,0.33661,0.0071,0.1549,0.49634,0,0,0,0,0,0,0.42774,0.45463,0.03762,0.08532,0.02998,0.72727,0.12147,0.00621,0.02036,0.18264,0.35739,1.70939,1.67844,0,1.95558,0,0.1549,0.12147,1.70939,1.67844,0.49634,0.24512,0.42774,0.3811,1.95558,0.03197,0.14857
2026-07-01 15:00:00,1.32434,0,0.01483,0,0.00993,0,0,0,0.15591,0.20144,0.27001,0.33661,0.0071,0.15491,0.49586,0,0,0,0,0,0,0.42727,0.45384,0.03754,0.0852,0.02999,0.72596,0.12148,0.00619,0.02034,0.18263,0.35658,1.70938,1.67861,0,1.95533,0,0.15491,0.12148,1.70938,1.67861,0.49586,0.24467,0.42727,0.38068,1.95533,0.03196,0.14857
2026-07-01 16:00:00,1.32178,0,0.01482,0,0.00992,0,0,0,0.15571,0.19988,0.26929,0.33645,0.0071,0.15493,0.49537,0,0,0,0,0,0,0.42679,0.45306,0.03745,0.08507,0.02999,0.72464,0.12149,0.00618,0.02031,0.18261,0.35575,1.70938,1.67878,0,1.95509,0,0.15493,0.12149,1.70938,1.67878,0.49537,0.24422,0.42679,0.38025,1.95509,0.03194,0.14857
2026-07-01 17:00:00,1.31923,0,0.0148,0,0.00992,0,0,0,0.15551,0.19865,0.2683,0.33611,0.00709,0.15494,0.49489,0,0,0,0,0,0,0.42631,0.45227,0.03737,0.08495,0.03,0.72333,0.12151,0.00616,0.02029,0.18258,0.35492,1.70938,1.67895,0,1.95485,0,0.15494,0.12151,1.70938,1.67895,0.49489,0.24376,0.42631,0.37983,1.95485,0.03191,0.14857
2026-07-01 18:00:00,1.31668,0,0.01479,0,0.00991,0,0,0,0.15531,0.1974,0.26718,0.3356,0.00709,0.15496,0.49441,0,0,0,0,0,0,0.42585,0.45148,0.03729,0.08483,0.03,0.72202,0.12152,0.00614,0.02027,0.18256,0.3541,1.70938,1.67912,0,1.9546,0,0.15496,0.12152,1.70938,1.67912,0.49441,0.24331,0.42585,0.37939,1.9546,0.03189,0.14857
2026-07-01 19:00:00,1.31425,0,0.01478,0,0.0099,0,0,0,0.15512,0.19612,0.26586,0.33491,0.00709,0.15498,0.49392,0,0,0,0,0,0,0.42537,0.4507,0.03721,0.08471,0.03,0.72103,0.12153,0.00613,0.02025,0.18254,0.35331,1.70938,1.67929,0,1.95436,0,0.15498,0.12153,1.70938,1.67929,0.49392,0.24285,0.42537,0.37897,1.95436,0.03187,0.14857
2026-07-01 20:00:00,1.31182,0,0.01476,0,0.00989,0,0,0,0.15492,0.1948,0.26441,0.33401,0.00709,0.15499,0.49343,0,0,0,0,0,0,0.4249,0.44991,0.03712,0.08458,0.03001,0.72005,0.12154,0.00612,0.02023,0.18254,0.35253,1.70938,1.67946,0,1.95411,0,0.15499,0.12154,1.70938,1.67946,0.49343,0.2424,0.4249,0.37853,1.95411,0.03187,0.14857
2026-07-01 21:00:00,1.30939,0,0.01474,0,0.00988,0,0,0,0.15472,0.19267,0.26295,0.3329,0.00709,0.15501,0.49295,0,0,0,0,0,0,0.42442,0.44913,0.03704,0.08446,0.03001,0.71906,0.12154,0.0061,0.02022,0.18254,0.35176,1.70938,1.67963,0,1.95386,0,0.15501,0.12154,1.70938,1.67963,0.49295,0.24195,0.42442,0.37811,1.95386,0.03186,0.14857
2026-07-01 22:00:00,1.30697,0,0.01472,0,0.00987,0,0,0,0.15452,0.19131,0.26147,0.33162,0.00709,0.15504,0.49247,0,0,0,0,0,0,0.42395,0.44835,0.03696,0.08434,0.03001,0.71807,0.12155,0.00608,0.0202,0.18252,0.35095,1.70938,1.67979,0,1.95362,0,0.15504,0.12155,1.70938,1.67979,0.49247,0.24151,0.42395,0.37767,1.95362,0.03184,0.14857
2026-07-01 23:00:00,1.30454,0,0.01471,0,0.00986,0,0,0,0.15433,0.19078,0.25997,0.33018,0.00709,0.15505,0.49198,0,0,0,0,0,0,0.42347,0.44757,0.03687,0.08421,0.03002,0.71709,0.12155,0.00607,0.02018,0.18251,0.35017,1.70937,1.67996,0,1.95337,0,0.15505,0.12155,1.70937,1.67996,0.49198,0.24112,0.42347,0.37724,1.95337,0.03183,0.14857
2026-07-02 00:00:00,1.30211,0,0.01469,0,0.00986,0,0,0,0.15413,0.19023,0.25846,0.32866,0.00709,0.15507,0.4915,0,0,0,0,0,0,0.42301,0.4468,0.03679,0.08409,0.03002,0.7161,0.12156,0.00605,0.02016,0.1825,0.34937,1.70937,1.68013,0,1.95312,0,0.15507,0.12156,1.70937,1.68013,0.4915,0.24073,0.42301,0.37681,1.95312,0.03181,0.14857
2026-07-02 01:00:00,1.29979,0,0.01467,0,0.00985,0,0,0,0.15393,0.19049,0.25697,0.3271,0.00709,0.15508,0.49102,0,0,0,0,0,0,0.42256,0.44603,0.03672,0.08398,0.03049,0.71515,0.12156,0.00604,0.01967,0.1825,0.34823,1.70937,1.6803,0,1.95287,0,0.15508,0.12156,1.70937,1.6803,0.49102,0.24034,0.42256,0.37638,1.95287,0.03181,0.14857
2026-07-02 02:00:00,1.29747,0,0.01465,0,0.00983,0,0,0,0.15373,0.19159,0.25566,0.32552,0.00709,0.1551,0.49054,0,0,0,0,0,0,0.42212,0.44526,0.03664,0.08386,0.0305,0.71421,0.12163,0.00603,0.01965,0.18249,0.34707,1.70937,1.68047,0,1.95263,0,0.1551,0.12163,1.70937,1.68047,0.49054,0.23995,0.42212,0.37594,1.95263,0.0318,0.14857
2026-07-02 03:00:00,1.29515,0,0.01463,0,0.00982,0,0,0,0.15354,0.19186,0.25464,0.32393,0.00709,0.15512,0.49006,0,0,0,0,0,0,0.42169,0.4445,0.03657,0.08375,0.0305,0.71326,0.1217,0.00601,0.01964,0.18248,0.34593,1.70937,1.68064,0,1.95238,0,0.15512,0.1217,1.70937,1.68064,0.49006,0.23955,0.42169,0.37551,1.95238,0.03179,0.14857
2026-07-02 04:00:00,1.29282,0,0.01461,0,0.00981,0,0,0,0.15334,0.19295,0.25395,0.32233,0.00709,0.15513,0.48957,0,0,0,0,0,0,0.42127,0.44374,0.0365,0.08364,0.0305,0.71231,0.12177,0.00599,0.01962,0.18247,0.34477,1.70937,1.6808,0,1.95213,0,0.15513,0.12177,1.70937,1.6808,0.48957,0.23913,0.42127,0.37506,1.95213,0.03178,0.14857
2026-07-02 05:00:00,1.2905,0,0.01459,0,0.0098,0,0,0,0.15314,0.19323,0.25376,0.32082,0.00709,0.15515,0.48909,0,0,0,0,0,0,0.42086,0.44298,0.03642,0.08352,0.03051,0.71137,0.12182,0.00598,0.0196,0.18246,0.34361,1.70937,1.68097,0,1.95188,0,0.15515,0.12182,1.70937,1.68097,0.48909,0.23872,0.42086,0.37463,1.95188,0.03177,0.14857
2026-07-02 06:00:00,1.28818,0,0.01457,0,0.00979,0,0,0,0.15294,0.1935,0.25393,0.31951,0.00708,0.15518,0.48861,0,0,0,0,0,0,0.42043,0.44224,0.03635,0.08341,0.03051,0.71042,0.12187,0.00597,0.01958,0.18245,0.34246,1.70937,1.68114,0,1.95162,0,0.15518,0.12187,1.70937,1.68114,0.48861,0.23831,0.42043,0.37419,1.95162,0.03176,0.14857
2026-07-02 07:00:00,1.28591,0,0.01456,0,0.00979,0,0,0,0.15275,0.19379,0.25431,0.3185,0.00708,0.15519,0.48811,0,0,0,0,0,0,0.42002,0.44149,0.03628,0.0833,0.03051,0.70954,0.12191,0.00595,0.01956,0.18244,0.34172,1.70937,1.68131,0,1.95137,0,0.15519,0.12191,1.70937,1.68131,0.48811,0.23789,0.42002,0.37377,1.95137,0.03175,0.14857
2026-07-02 08:00:00,1.28365,0,0.01454,0,0.00978,0,0,0,0.15255,0.19405,0.25483,0.31786,0.00708,0.15521,0.48763,0,0,0,0,0,0,0.41959,0.44076,0.03621,0.0832,0.03052,0.70865,0.12194,0.00594,0.01954,0.18244,0.341,1.70937,1.68148,0,1.95112,0,0.15521,0.12194,1.70937,1.68148,0.48763,0.23748,0.41959,0.37336,1.95112,0.03175,0.14857
2026-07-02 09:00:00,1.28138,0,0.01453,0,0.00977,0,0,0,0.15235,0.19394,0.25522,0.31765,0.00708,0.15522,0.48715,0,0,0,0,0,0,0.41916,0.44002,0.03615,0.08309,0.03052,0.70777,0.12197,0.00593,0.01953,0.18243,0.34027,1.70936,1.68165,0,1.95087,0,0.15522,0.12197,1.70936,1.68165,0.48715,0.23705,0.41916,0.37293,1.95087,0.03174,0.14857
2026-07-02 10:00:00,1.27911,0,0.01452,0,0.00977,0,0,0,0.15215,0.19379,0.25555,0.31775,0.00708,0.15524,0.48667,0,0,0,0,0,0,0.41872,0.43929,0.03608,0.08298,0.03052,0.70688,0.12199,0.00591,0.01951,0.18243,0.33954,1.70936,1.68182,0,1.95062,0,0.15524,0.12199,1.70936,1.68182,0.48667,0.23663,0.41872,0.37251,1.95062,0.03174,0.14857
2026-07-02 11:00:00,1.27685,0,0.01451,0,0.00976,0,0,0,0.15196,0.19326,0.25577,0.31805,0.00708,0.15525,0.48619,0,0,0,0,0,0,0.41829,0.43859,0.03601,0.08288,0.03053,0.706,0.12202,0.0059,0.01949,0.18243,0.33882,1.70936,1.68198,0,1.95038,0,0.15525,0.12202,1.70936,1.68198,0.48619,0.2362,0.41829,0.3721,1.95038,0.03174,0.14857
2026-07-02 12:00:00,1.27458,0,0.0145,0,0.00976,0,0,0,0.15176,0.19273,0.2559,0.3184,0.00708,0.15527,0.4857,0,0,0,0,0,0,0.41785,0.43789,0.03594,0.08277,0.03053,0.70511,0.12204,0.00589,0.01947,0.18244,0.33809,1.70936,1.68215,0,1.95014,0,0.15527,0.12204,1.70936,1.68215,0.4857,0.23577,0.41785,0.37169,1.95014,0.03174,0.14859
