GMT,FRAC1,LTDC1,HIDC1,BHNC1,MPAC1,OWCC1,BNCC1,BCKC1,MEEC1,HPIC1,POHC1,EXQC1,DSNC1,STVC1,NWMC1,LGCC1,WARC1,LGAC1,PNEC1,LBDC1,OREC1,PATC1,HETC1,LNRC1,CHVC1F,DCMC1,NDPC1,MDSC1,NDVC1,NSWC1,AVYC1,NMSC1,OBBC1,RIPC1,PTTC1,VNSC1,KNFC1L,STVC1,MDSC1,OBBC1,RIPC1,NWMC1,CRDC1,PATC1,MZRC1,VNSC1,AVYC1L,NDPC1L
,QINE,QINE,QINE,QINE,QINE,QINE,QINE,QINE,QINE,QINE,QINE,QINE,QINE,QINE,QINE,QINE,QINE,QINE,QINE,QINE,QINE,QINE,QINE,QINE,QINE,QINE,QINE,QINE,QINE,QINE,QINE,QINE,QINE,QINE,QINE,QINE,QINE,QINE,QINE,QINE,QINE,QINE,QINE,QINE,QINE,QINE,SQIN,SQIN
2026-01-01 18:00:00,6.89933,0.02377,0.12027,0.10893,0.04701,0.042,1.29214,0.022,0.07049,0.67277,1.00043,3.60109,0.19823,0.14802,0.89625,0.01593,0.03997,0.00121,0.00081,-0.00739,0.00001,0.95711,3.36499,2.04739,3.59671,0.019,7.76018,0.50717,0.28627,1.04347,0.9181,4.7061,0.49906,0.23797,0.00236,1.84487,0.37067,0.14802,0.50717,0.49906,0.23797,0.89625,0.97512,0.95711,1.42497,1.84487,2.41346,3.74369
2026-01-01 19:00:00,7.1174,0.03898,0.09963,0.10901,0.05101,0.10701,1.29414,0.03,0.07321,0.77513,1.14648,3.72411,0.26063,0.15102,0.89297,0.22051,0.04581,0.00129,0.00064,0.01018,0.00001,0.95711,3.53445,2.15385,3.68542,0.019,7.93033,0.47588,0.36103,1.12284,1.27014,4.8535,0.56706,0.2394,0.00236,1.84487,0.37049,0.15102,0.47588,0.56706,0.2394,0.89297,0.97512,0.95711,1.42939,1.84487,2.63369,4.04602
2026-01-01 20:00:00,7.76993,0.06094,0.07896,0.12918,0.05701,0.16702,1.27414,0.06001,0.07757,0.78581,1.30121,3.84767,0.3205,0.15002,0.89625,0.1964,0.05165,0.00131,0.00064,0.02487,0.00001,0.95311,3.51691,2.19101,3.67295,0.01931,8.10049,0.45071,0.44338,1.16531,1.84221,4.92111,0.68808,0.24229,0.00236,1.83783,0.37031,0.15002,0.45071,0.68808,0.24229,0.89625,0.97156,0.95311,1.43412,1.83783,2.69666,4.34834
2026-01-01 21:00:00,8.53089,0.084,0.0686,0.15644,0.06101,0.16602,1.39116,0.12101,0.20816,0.82382,1.49633,4.05979,0.37116,0.14802,0.89297,0.13767,0.0575,0.00143,0.00049,0.03273,0.00001,0.95711,3.40452,2.1404,3.51736,0.01965,8.27065,0.43141,0.49095,1.16719,2.27425,4.96764,0.79809,0.24374,0.00259,1.85191,0.37013,0.14802,0.43141,0.79809,0.24374,0.89297,0.97156,0.95711,1.43771,1.85191,2.71921,4.65067
2026-01-01 22:00:00,9.83763,0.10789,0.07896,0.18369,0.06101,0.14402,1.41616,0.29203,0.58639,0.89708,1.59641,4.6344,0.38515,0.14702,0.89625,0.08325,0.06334,0.00304,0.00049,0.02051,0.00001,0.95711,3.23433,2.00331,3.16996,0.02,8.3722,0.42049,0.55973,1.15677,2.46727,4.9389,0.81109,0.24666,0.00283,1.85896,0.36995,0.14702,0.42049,0.81109,0.24666,0.89625,0.97156,0.95711,1.43944,1.85896,2.5891,4.95299
2026-01-01 23:00:00,11.1455,0.13555,0.09467,0.20494,0.06101,0.23703,1.28714,0.46605,0.73252,0.8962,1.65964,5.2019,0.36251,0.14602,0.89625,0.06605,0.06918,0.03667,0.00049,-0.00491,0.00001,0.95711,2.97231,1.89453,2.83349,0.022,8.47376,0.41236,0.50565,1.12726,2.22025,4.86504,0.75308,0.24959,0.00292,1.85896,0.36977,0.14602,0.41236,0.75308,0.24959,0.89625,0.97156,0.95711,1.43944,1.85896,2.3657,5.25532
2026-01-02 00:00:00,11.79819,0.15757,0.09985,0.20494,0.06201,0.25903,1.04212,0.59207,0.79009,0.89708,1.66695,5.61047,0.33441,0.14402,0.89625,0.05082,0.07502,0.06706,0.00064,-0.00294,0.00001,0.95311,2.78472,1.84584,2.7792,0.021,8.57531,0.40965,0.48179,1.08417,2.05023,4.82022,0.68408,0.25255,0.00308,1.85191,0.36959,0.14402,0.40965,0.68408,0.25255,0.89625,0.96801,0.95311,1.43816,1.85191,2.20168,5.55764
2026-01-02 01:00:00,12.34283,0.1752,0.11539,0.20486,0.06801,0.24603,0.8711,0.65707,0.88786,0.89708,1.70366,6.10159,0.30749,0.14302,0.89625,0.03896,0.06485,0.07412,0.00143,0.00003,0.00001,0.95311,2.59766,1.77561,2.62775,0.024,8.67686,0.40696,0.50385,1.04047,1.86121,4.82288,0.61607,0.25404,0.00335,1.85896,0.35147,0.14302,0.40696,0.61607,0.25404,0.89625,0.96801,0.95311,1.43606,1.85896,2.06823,5.85997
2026-01-02 02:00:00,12.88793,0.18856,0.13102,0.20586,0.07301,0.23403,0.75608,0.67107,1.06387,0.91448,1.73332,6.49013,0.28224,0.14302,0.89625,0.03173,0.05469,0.08495,0.0012,-0.00438,0.00001,0.94911,2.44793,1.7068,2.43549,0.024,8.77842,0.40427,0.5219,0.99736,1.7572,4.85079,0.56306,0.25702,0.00335,1.88017,0.33334,0.14302,0.40427,0.56306,0.25702,0.89625,0.96801,0.94911,1.43348,1.88017,2.0019,6.1623
2026-01-02 03:00:00,13.43256,0.19768,0.15174,0.21894,0.07601,0.20602,0.66907,0.67408,1.23652,0.87417,1.73332,6.63683,0.25974,0.14302,0.89297,0.02694,0.04452,0.10722,0.00081,-0.01907,0.00001,0.94611,2.33843,1.63935,2.33516,0.026,8.87997,0.40157,0.54297,0.95486,1.73819,4.86476,0.53106,0.25852,0.00335,1.89437,0.31522,0.14302,0.40157,0.53106,0.25852,0.89297,0.96447,0.94611,1.43072,1.89437,1.92225,5.91165
2026-01-02 04:00:00,13.65063,0.20382,0.17759,0.24611,0.09601,0.17602,0.55106,0.66907,1.38115,0.87987,1.73332,6.47092,0.24,0.14302,0.89297,0.02355,0.03435,0.13206,0.01752,-0.01468,0.00001,0.94611,2.17202,1.58607,2.19855,0.029,8.98152,0.40157,0.52701,0.92346,1.58618,4.86563,0.51506,0.25702,0.00335,1.90149,0.2971,0.14302,0.40157,0.51506,0.25702,0.89297,0.96447,0.94611,1.42796,1.90149,1.83198,5.661
2026-01-02 05:00:00,13.58379,0.19696,0.22424,0.29445,0.15002,0.15702,0.38204,0.65007,1.48575,0.85158,1.71846,6.20959,0.22308,0.14202,0.89297,0.02038,0.02419,0.11465,0.01435,0.00586,0.00001,0.9421,2.07825,1.52435,2.18368,0.03,9.08307,0.40157,0.50007,0.91357,1.51717,4.86138,0.51906,0.26003,0.00335,1.91576,0.27897,0.14202,0.40157,0.51906,0.26003,0.89297,0.96093,0.9421,1.42517,1.91576,1.74631,5.41035
2026-01-02 06:00:00,13.23543,0.18644,0.30221,0.36304,0.21402,0.13101,0.34148,0.61707,1.58076,0.81286,1.65236,6.1108,0.20838,0.14302,0.8897,0.01784,0.01402,0.1006,0.01149,0.00586,0.00001,0.9421,1.96892,1.45098,2.07595,0.033,9.18463,0.40157,0.46148,0.8988,1.45116,4.85825,0.51506,0.26295,0.00363,1.92291,0.26085,0.14302,0.40157,0.51506,0.26295,0.8897,0.96093,0.9421,1.42235,1.92291,1.67583,5.15971
2026-01-02 07:00:00,12.11383,0.1699,0.38539,0.43172,0.27103,0.10801,0.32232,0.58607,1.68936,0.80741,1.62341,5.91253,0.1952,0.14302,0.8897,0.01547,0.01253,0.08954,0.01018,0.00288,0.00001,0.9381,1.89456,1.38115,1.97638,0.036,9.28618,0.40427,0.42909,0.85389,1.33915,4.90142,0.49506,0.26885,0.00363,1.92291,0.24798,0.14302,0.40427,0.49506,0.26885,0.8897,0.96093,0.9381,1.41958,1.92291,1.6288,4.90906
2026-01-02 08:00:00,10.69596,0.15042,0.46341,0.48722,0.31103,0.05801,0.31904,0.54406,1.77617,0.77513,1.59472,5.66202,0.18321,0.14202,0.8897,0.01413,0.01103,0.07957,0.00895,-0.0118,0.00001,0.9381,1.87512,1.3094,1.94816,0.038,9.38773,0.40696,0.40052,0.79789,1.32415,4.93317,0.47605,0.27785,0.0039,1.92291,0.2351,0.14202,0.40696,0.47605,0.27785,0.8897,0.9574,0.9381,1.41695,1.92291,1.60051,4.65841
2026-01-02 09:00:00,9.10456,0.13073,0.52597,0.52248,0.33504,0.05147,0.29603,0.49406,1.83557,0.76453,1.55921,5.41168,0.17257,0.14202,0.8897,0.01161,0.00954,0.07093,0.00779,-0.0118,0.00001,0.9341,1.81791,1.25795,1.78127,0.036,9.48928,0.40965,0.38066,0.74309,1.22614,4.93659,0.45705,0.29165,0.0039,1.92291,0.22223,0.14202,0.40965,0.45705,0.29165,0.8897,0.9574,0.9341,1.41442,1.92291,1.56284,4.40777
2026-01-02 10:00:00,7.63626,0.1127,0.57478,0.53656,0.34704,0.05001,0.28103,0.43805,1.86959,0.72807,1.48254,5.21292,0.16313,0.14302,0.89297,0.01038,0.00805,0.06311,0.00672,-0.00297,0.00001,0.9341,1.79917,1.18764,1.76105,0.04,9.2247,0.41778,0.36645,0.684,1.11312,4.89742,0.43405,0.31064,0.0039,1.92291,0.20935,0.14302,0.41778,0.43405,0.31064,0.89297,0.9574,0.9341,1.41208,1.92291,1.49654,4.15712
2026-01-02 11:00:00,6.51725,0.09813,0.60717,0.51639,0.35104,0.05401,0.26503,0.38104,1.85,0.6926,1.4688,5.11602,0.15475,0.14302,0.8897,0.00925,0.00655,0.05633,0.00573,0.00144,0.00001,0.9271,1.72633,1.12418,1.72612,0.06901,8.96011,0.42049,0.34789,0.6237,1.09712,4.82523,0.42205,0.33506,0.00418,1.91576,0.19647,0.14302,0.42049,0.42205,0.33506,0.8897,0.9574,0.9271,1.40997,1.91576,1.41847,3.90647
2026-01-02 12:00:00,5.73045,0.08907,0.61002,0.48306,0.35304,0.05001,0.24003,0.32704,1.79299,0.68762,1.42125,4.96474,0.1473,0.14302,0.8897,0.00854,0.00506,0.04999,0.00481,0.00439,0.00001,0.9271,1.63357,1.06798,1.63076,0.20002,8.69553,0.42321,0.36003,0.58244,1.04412,4.74057,0.40204,0.35854,0.00418,1.90862,0.1836,0.14302,0.42321,0.40204,0.35854,0.8897,0.9574,0.9271,1.40811,1.90862,1.35724,3.34167
2026-01-02 13:00:00,5.38314,0.08006,0.57984,0.44264,0.35304,0.04701,0.20402,0.27503,1.68936,0.67277,1.37448,4.75933,0.14067,0.14302,0.88642,0.00749,0.00486,0.04428,0.00439,0.00294,0.00001,0.9271,1.59564,1.01528,1.61426,0.46805,8.43094,0.43141,0.33882,0.57011,1.03312,4.78595,0.39004,0.38469,0.00418,1.90149,0.17393,0.14302,0.43141,0.39004,0.38469,0.88642,0.9574,0.9271,1.40663,1.90149,1.31144,2.9436
2026-01-02 14:00:00,5.38342,0.07136,0.54355,0.4013,0.35304,0.044,0.19602,0.22803,1.56155,0.64363,1.34812,4.6056,0.13479,0.14302,0.88642,0.00682,0.00466,0.03873,0.00398,0.00883,0.00001,0.9271,1.59549,0.96498,1.50577,0.72508,8.16636,0.44517,0.33263,0.56519,0.98211,4.8203,0.37804,0.40924,0.00418,1.90149,0.16427,0.14302,0.44517,0.37804,0.40924,0.88642,0.9574,0.9271,1.40553,1.90149,1.28417,2.85968
2026-01-02 15:00:00,5.55695,0.06362,0.51763,0.37413,0.35304,0.042,0.17702,0.18802,1.44985,0.62933,1.3026,4.50233,0.12957,0.14402,0.88642,0.0062,0.00446,0.03346,0.00359,0.00736,0.00001,0.9231,1.57756,0.9023,1.47919,0.95811,7.90177,0.54195,0.33557,0.55045,0.9381,4.82116,0.37004,0.43097,0.00418,1.89437,0.15461,0.14402,0.54195,0.37004,0.43097,0.88642,0.9574,0.9231,1.40459,1.89437,1.24745,2.77576
2026-01-02 16:00:00,5.3251,0.05705,0.47857,0.34696,0.34904,0.039,0.16202,0.16702,1.33184,0.6152,1.25787,4.35932,0.12495,0.14402,0.88642,0.00562,0.00425,0.03005,0.00322,0.00147,0.00001,0.9231,1.50336,0.84058,1.50339,1.12012,7.54582,0.68743,0.31638,0.53076,0.9231,4.77334,0.35804,0.44924,0.0039,1.88727,0.14494,0.14402,0.68743,0.35804,0.44924,0.88642,0.95387,0.9231,1.404,1.88727,1.18651,2.69184
2026-01-02 17:00:00,4.74651,0.05154,0.43555,0.32579,0.34404,0.037,0.14902,0.15102,1.22502,0.58749,1.18303,4.1264,0.12087,0.14502,0.88642,0.00534,0.00405,0.02723,0.00322,-0.00736,0.00001,0.9231,1.40998,0.77425,1.39891,1.27614,7.18986,0.81265,0.3072,0.51107,0.8991,4.68828,0.35404,0.46166,0.0039,1.88017,0.13528,0.14502,0.81265,0.35404,0.46166,0.88642,0.95387,0.9231,1.4041,1.88017,1.11629,2.60792
2026-01-02 18:00:00,4.22482,0.04686,0.40727,0.3117,0.33704,0.036,0.15302,0.14102,1.12842,0.5784,1.20152,3.89416,0.11728,0.14602,0.88642,0.00508,0.00385,0.02494,0.00288,-0.0103,0.00001,0.9231,1.39071,0.72053,1.33708,1.37915,6.83391,0.93029,0.29302,0.4908,0.8801,4.5896,0.34604,0.46794,0.0039,1.86602,0.12561,0.14602,0.93029,0.34604,0.46794,0.88642,0.95387,0.9231,1.4075,1.86602,1.06097,2.524
2026-01-02 19:00:00,3.93433,0.04274,0.38469,0.29054,0.32704,0.034,0.13401,0.13101,1.02789,0.57389,1.17078,3.81531,0.11415,0.14702,0.88642,0.00457,0.00384,0.02196,0.00255,-0.00883,0.00001,0.9191,1.40996,0.67579,1.26346,1.46616,6.47796,1.02348,0.26784,0.47052,0.83809,4.63915,0.34204,0.47197,0.0039,1.88017,0.12035,0.14702,1.02348,0.34204,0.47197,0.88642,0.95387,0.9191,1.41801,1.88017,1.02118,2.44008
2026-01-02 20:00:00,3.64444,0.03912,0.36212,0.27028,0.31604,0.032,0.13802,0.12401,0.94779,0.56492,1.14045,3.68689,0.11142,0.15002,0.88316,0.00433,0.00384,0.01945,0.00224,-0.01324,0.00001,0.9191,1.37291,0.62619,1.21313,1.47616,6.122,1.11916,0.25265,0.45454,0.79309,4.68869,0.33404,0.47197,0.0039,1.88017,0.11509,0.15002,1.11916,0.33404,0.47197,0.88316,0.95035,0.9191,1.43607,1.88017,0.99911,2.35616
2026-01-02 21:00:00,3.18106,0.03604,0.33952,0.25711,0.29703,0.02955,0.11901,0.11601,0.87226,0.54723,1.11646,3.40745,0.10907,0.15902,0.88316,0.00411,0.00383,0.01729,0.00224,-0.01471,0.00001,0.9191,1.31728,0.55999,1.28579,1.50117,5.76605,1.19252,0.23446,0.46007,0.81509,4.71264,0.33404,0.47005,0.00363,1.88017,0.10984,0.15902,1.19252,0.33404,0.47005,0.88316,0.95035,0.9191,1.46037,1.88017,0.97092,2.27224
2026-01-02 22:00:00,3.12299,0.0335,0.32825,0.25003,0.28303,0.03,0.12301,0.10801,0.79009,0.53417,1.09865,3.16666,0.10705,0.17402,0.88642,0.00388,0.00382,0.01525,0.00195,-0.01324,0.00001,0.9191,1.26159,0.52842,1.23091,1.50117,5.95089,1.25645,0.24995,0.45513,0.76709,4.69895,0.32604,0.46584,0.0039,1.88727,0.10458,0.17402,1.25645,0.32604,0.46584,0.88642,0.94683,0.9191,1.48962,1.88727,0.9278,2.18832
2026-01-02 23:00:00,3.5858,0.03141,0.3113,0.24295,0.26903,0.029,0.10501,0.10201,0.72751,0.52778,1.08685,3.06601,0.10201,0.21102,0.88642,0.00367,0.00382,0.01342,0.00195,-0.00003,0.00001,0.9161,1.24293,0.53825,1.15229,1.47616,6.13572,1.30684,0.24096,0.45328,0.74108,4.65818,0.32304,0.46166,0.00363,1.89437,0.09932,0.21102,1.30684,0.32304,0.46166,0.88642,0.94683,0.9161,1.52306,1.89437,0.8797,2.1044
2026-01-03 00:00:00,4.16553,0.02965,0.2831,0.22269,0.25203,0.028,0.11101,0.09601,0.66944,0.52128,1.05765,2.96442,0.09619,0.26103,0.89297,0.00347,0.00381,0.01233,0.00168,0.01168,0.00001,0.9121,1.22574,0.51422,1.13252,1.42654,6.32056,1.34316,0.23094,0.44097,0.72408,4.6098,0.31904,0.45542,0.00363,1.90149,0.09406,0.26103,1.34316,0.31904,0.45542,0.89297,0.94332,0.9121,1.55988,1.90149,0.84155,2.02048
2026-01-03 01:00:00,4.74554,0.02814,0.27186,0.21661,0.23803,0.027,0.10501,0.09201,0.62144,0.50436,1.03457,2.76058,0.09202,0.32304,0.89954,0.00327,0.0038,0.01152,0.00168,-0.00006,0.00001,0.9161,1.20707,0.46797,1.11333,1.36615,6.5054,1.36144,0.22186,0.40342,0.71108,4.63254,0.31504,0.44719,0.00363,1.90862,0.09201,0.32304,1.36144,0.31504,0.44719,0.89954,0.94332,0.9161,1.59872,1.90862,0.81457,2.11912
2026-01-03 02:00:00,5.38362,0.02683,0.26624,0.21561,0.22402,0.026,0.08901,0.08801,0.58158,0.50018,1.02986,2.6321,0.08674,0.38704,0.91602,0.00309,0.0038,0.01076,0.00143,-0.00736,0.00001,0.9121,1.20617,0.44685,1.14605,1.30509,6.69023,1.38713,0.21214,0.36464,0.69508,4.66621,0.31103,0.44107,0.00335,1.91576,0.08995,0.38704,1.38713,0.31103,0.44107,0.91602,0.94332,0.9121,1.63858,1.91576,0.79963,2.21776
2026-01-03 03:00:00,6.13717,0.02572,0.26065,0.20044,0.20802,0.025,0.09601,0.08301,0.53798,0.48775,1.02312,2.62992,0.08182,0.44179,0.93928,0.00291,0.00379,0.01001,0.00128,-0.00441,0.00001,0.9081,1.18828,0.45832,1.12949,1.24114,6.87507,1.38713,0.21121,0.31664,0.69108,4.68835,0.31103,0.43097,0.00335,1.93009,0.0879,0.44179,1.38713,0.31103,0.43097,0.93928,0.94332,0.9081,1.67837,1.93009,0.78063,2.3164
2026-01-03 04:00:00,6.54255,0.02481,0.26068,0.18727,0.19402,0.024,0.09001,0.08101,0.51317,0.48365,0.98359,2.65412,0.07829,0.49305,0.96612,0.00291,0.00378,0.0095,0.0012,-0.00003,0.00001,0.9121,1.13339,0.398,1.09323,1.17813,7.05991,1.38345,0.21665,0.32343,0.67007,4.68905,0.30703,0.42299,0.00308,1.95885,0.08585,0.49305,1.38345,0.30703,0.42299,0.96612,0.94683,0.9121,1.71726,1.95885,0.75138,2.41504
2026-01-03 05:00:00,6.36455,0.02405,0.25503,0.18119,0.18302,0.024,0.08601,0.07701,0.48422,0.46743,0.96688,2.65412,0.07473,0.53306,1.00003,0.00273,0.00378,0.00904,0.0012,0.00291,0.00001,0.9121,1.13412,0.35167,1.18382,1.11512,7.24474,1.37243,0.20864,0.37638,0.67007,4.67776,0.30703,0.41314,0.00335,1.99507,0.08379,0.53306,1.37243,0.30703,0.41314,1.00003,0.94683,0.9121,1.75487,1.99507,0.71867,2.51367
2026-01-03 06:00:00,6.11558,0.02342,0.24373,0.18827,0.17302,0.023,0.07001,0.07301,0.46222,0.45943,0.96135,2.60787,0.07099,0.55906,1.03436,0.00257,0.00377,0.00858,0.0012,-0.00733,0.00001,0.9161,1.13353,0.43998,1.1583,1.02511,7.42958,1.35412,0.2003,0.42991,0.65807,4.6704,0.32604,0.40536,0.00335,2.03158,0.08174,0.55906,1.35412,0.32604,0.40536,1.03436,0.95035,0.9161,1.79056,2.03158,0.69275,2.61231
2026-01-03 07:00:00,6.33732,0.02286,0.24373,0.18827,0.16702,0.022,0.07801,0.07001,0.44528,0.45546,0.96135,2.56912,0.06742,0.58106,1.0691,0.00257,0.00382,0.00826,0.001,-0.00147,0.00001,0.9161,1.22495,0.46488,1.04966,0.96511,7.61442,1.3286,0.19516,0.49577,0.66207,4.86101,0.37404,0.39765,0.00363,2.07575,0.11389,0.58106,1.3286,0.37404,0.39765,1.0691,0.9574,0.9161,1.82379,2.07575,0.68657,2.71095
2026-01-03 08:00:00,6.8752,0.02237,0.255,0.18119,0.15702,0.022,0.07501,0.06901,0.42795,0.45151,0.92846,2.55843,0.06513,0.59307,1.10423,0.00241,0.00386,0.00803,0.001,0.00877,0.00001,0.9161,1.24377,0.42645,1.25338,0.9081,7.79925,1.29598,0.19495,0.57764,0.65407,5.00638,0.43805,0.38825,0.00363,2.12781,0.14605,0.59307,1.29598,0.43805,0.38825,1.10423,0.96801,0.9161,1.85433,2.12781,0.70077,2.80959
2026-01-03 09:00:00,7.04902,0.02195,0.24929,0.18827,0.14602,0.021,0.07301,0.06701,0.40856,0.44367,0.92304,2.51998,0.06306,0.59807,1.13978,0.00241,0.00391,0.0078,0.001,0.00877,0.00001,0.9191,1.26196,0.45514,1.4714,0.83609,7.98409,1.2672,0.20121,0.72043,0.66207,5.10146,0.48805,0.37938,0.00363,2.17287,0.1782,0.59807,1.2672,0.48805,0.37938,1.13978,0.97868,0.9191,1.88198,2.17287,0.73658,2.90823
2026-01-03 10:00:00,6.91607,0.02161,0.23234,0.19536,0.13802,0.021,0.07101,0.06401,0.38965,0.44758,0.92846,2.45319,0.06118,0.59807,1.1721,0.00241,0.00395,0.00759,0.001,0.00291,0.00001,0.9271,1.41076,0.60872,1.67085,0.77609,8.25392,1.23504,0.21017,0.81828,0.67408,5.19126,0.54706,0.37411,0.00363,2.22595,0.21035,0.59807,1.23504,0.54706,0.37411,1.1721,0.99658,0.9271,1.90651,2.22595,0.83854,3.00687
2026-01-03 11:00:00,6.91464,0.02139,0.22672,0.19536,0.13201,0.02,0.06801,0.06201,0.38125,0.44758,0.92304,2.36237,0.05936,0.59307,1.2011,0.00241,0.004,0.00738,0.00081,-0.00589,0.00001,0.9311,1.50334,0.76882,1.79592,0.71208,8.52375,1.19605,0.21866,0.7998,0.68208,5.22042,0.64607,0.36715,0.00363,2.27957,0.24251,0.59307,1.19605,0.64607,0.36715,1.2011,1.011,0.9311,1.92783,2.27957,0.9747,3.10551
2026-01-03 12:00:00,6.76122,0.02136,0.2324,0.18127,0.12601,0.02,0.06701,0.06101,0.36494,0.44758,0.9339,2.31891,0.05847,0.58507,1.22302,0.00241,0.00404,0.00718,0.00081,0.00438,0.00001,0.9421,1.55895,0.83168,1.94616,0.67908,8.79358,1.16792,0.23312,0.76101,0.73208,5.11486,0.74008,0.36197,0.00363,2.33374,0.27466,0.58507,1.16792,0.74008,0.36197,1.22302,1.02915,0.9421,1.94612,2.33374,1.07892,3.94362
2026-01-03 13:00:00,6.12721,0.02159,0.2211,0.17427,0.12001,0.02,0.05301,0.05901,0.353,0.46743,0.92304,2.21256,0.05759,0.57606,1.24139,0.00241,0.00405,0.00699,0.00081,0.00438,0.00001,0.9381,1.5064,0.98122,2.52216,0.63107,9.06341,1.13999,0.24607,0.75854,0.81509,5.20968,0.79309,0.35514,0.00363,2.37277,0.28527,0.57606,1.13999,0.79309,0.35514,1.24139,1.05481,0.9381,1.96155,2.37277,1.1572,4.77366
2026-01-03 14:00:00,5.28246,0.02201,0.1985,0.18236,0.11501,0.02,0.06501,0.05901,0.34493,0.48365,0.96135,2.10528,0.05759,0.56606,1.26356,0.00241,0.00405,0.0068,0.00064,-0.00294,0.00001,0.95311,1.60047,1.1998,2.85508,0.57992,9.33324,1.11225,0.28289,0.78623,0.98711,5.25424,0.82009,0.35175,0.00335,2.41997,0.29589,0.56606,1.11225,0.82009,0.35175,1.26356,1.07701,0.95311,1.97387,2.41997,1.19779,4.77778
2026-01-03 15:00:00,4.64683,0.0225,0.19853,0.16927,0.11201,0.019,0.06501,0.05901,0.32693,0.50436,1.00608,2.18436,0.05847,0.55206,1.27842,0.00241,0.00406,0.00669,0.00064,0,0.00001,0.95711,1.80408,1.32901,2.82244,0.53306,9.60307,1.07444,0.30033,0.71236,1.19113,5.29226,0.84209,0.34502,0.00335,2.4596,0.3065,0.55206,1.07444,0.84209,0.34502,1.27842,1.09942,0.95711,1.98385,2.4596,1.24744,4.78229
2026-01-03 16:00:00,4.54098,0.02337,0.2098,0.15519,0.10901,0.019,0.07801,0.05901,0.31897,0.53417,1.03457,2.4497,0.06027,0.54006,1.29333,0.00241,0.00407,0.00662,0.00064,0.00294,0.00001,0.96411,1.8778,1.36556,2.83069,0.49506,10.86852,1.037,0.33077,0.67296,1.43516,5.3286,0.8831,0.34168,0.00335,2.47554,0.31711,0.54006,1.037,0.8831,0.34168,1.29333,1.12203,0.96411,1.99204,2.47554,1.31299,4.78725
2026-01-03 17:00:00,4.85743,0.02608,0.21539,0.15419,0.10501,0.019,0.06801,0.05801,0.31245,0.5784,1.11646,2.5554,0.06627,0.52606,1.30082,0.00241,0.00407,0.00644,0.00049,0.00294,0.00001,0.98011,1.86027,1.34533,2.82839,0.44105,12.13396,0.99325,0.35175,0.74989,1.7852,5.35118,0.9391,0.33671,0.00335,2.5236,0.32773,0.52606,0.99325,0.9391,0.33671,1.30082,1.14486,0.98011,1.99859,2.5236,1.38118,4.79273
2026-01-03 18:00:00,5.49254,0.03296,0.20971,0.15319,0.10101,0.018,0.07101,0.05701,0.29983,0.61053,1.17078,2.7665,0.07346,0.51206,1.31208,0.00241,0.00408,0.00638,0.00064,0.00588,0.00001,0.98711,1.93516,1.32586,2.9462,0.40894,13.39941,0.95336,0.37227,0.82743,1.85121,5.3475,0.97811,0.33342,0.00335,2.54777,0.33834,0.51206,0.95336,0.97811,0.33342,1.31208,1.16788,0.98711,2.0034,2.54777,1.43609,4.79882
2026-01-03 19:00:00,6.02077,0.04713,0.20985,0.1461,0.10001,0.018,0.07301,0.05501,0.29003,0.6246,1.26421,3.13672,0.08182,0.50206,1.3196,0.00257,0.00421,0.00636,0.00064,0.04111,0.00001,1.00311,2.06246,1.33671,2.97781,0.37915,14.66485,0.91719,0.37534,0.9013,1.87121,5.38037,1.01711,0.33015,0.00335,2.55585,0.32817,0.50206,0.91719,1.01711,0.33015,1.3196,1.18721,1.00311,2.00639,2.55585,1.46943,4.80563
2026-01-03 20:00:00,6.23151,0.06732,0.2157,0.13902,0.09901,0.018,0.07401,0.05401,0.28594,0.60988,1.33399,3.50759,0.09067,0.48605,1.32713,0.00257,0.00434,0.00631,0.00049,0.02348,0.00001,1.01411,2.1536,1.3003,2.73665,0.34904,15.9303,0.87822,0.36534,0.94009,1.85121,5.39648,1.05712,0.32852,0.00335,2.57205,0.31801,0.48605,0.87822,1.05712,0.32852,1.32713,1.20668,1.01411,2.0076,2.57205,1.48205,4.81329
2026-01-03 21:00:00,6.55113,0.08835,0.22154,0.14602,0.09301,0.017,0.07401,0.05401,0.28391,0.60988,1.39443,3.85178,0.09619,0.47505,1.33468,0.00257,0.00447,0.00635,0.00049,-0.01469,0.00001,1.02111,2.04435,1.29697,2.48236,0.30903,17.19574,0.84903,0.39172,0.94627,1.87121,5.40983,1.05212,0.32689,0.00335,2.58829,0.30784,0.47505,0.84903,1.05212,0.32689,1.33468,1.22237,1.02111,2.00707,2.58829,1.492,4.82196
2026-01-03 22:00:00,6.76181,0.11184,0.22736,0.15302,0.09201,0.016,0.07701,0.05301,0.27198,0.60588,1.42799,3.95718,0.09906,0.46105,1.34225,0.00257,0.00459,0.0064,0.00049,-0.00883,0.00001,1.03712,1.93616,1.42092,2.43104,0.28698,17.19574,0.81594,0.41067,0.93829,1.89021,5.41537,1.03211,0.32689,0.00335,2.58829,0.29767,0.46105,0.81594,1.03211,0.32689,1.34225,1.2421,1.03712,2.00516,2.58829,1.49254,4.83188
2026-01-03 23:00:00,6.97203,0.13738,0.23315,0.15402,0.09101,0.015,0.09501,0.05301,0.27003,0.60588,1.43475,4.27537,0.09906,0.44905,1.34604,0.00273,0.00472,0.00644,0.00049,-0.00883,0.00001,1.06012,2.04657,1.62148,2.65757,0.26703,17.19574,0.78974,0.4255,0.89153,1.7662,5.41513,0.99811,0.32852,0.00335,2.59643,0.28751,0.44905,0.78974,0.99811,0.32852,1.34604,1.254,1.06012,2.002,2.59643,1.48617,4.84333
2026-01-04 00:00:00,7.60663,0.15883,0.24467,0.16202,0.08901,0.015,0.08901,0.05301,0.26572,0.59665,1.42125,4.59391,0.09478,0.44305,1.36123,0.00273,0.00485,0.00646,0.00049,-0.02351,0.00001,1.07912,2.13824,1.78582,2.78194,0.25003,17.19574,0.77025,0.40337,0.85645,1.7852,5.41618,0.97311,0.33342,0.00335,2.59643,0.27734,0.44305,0.77025,0.97311,0.33342,1.36123,1.28196,1.07912,1.9979,2.59643,1.48228,4.85668
2026-01-04 01:00:00,8.66405,0.17694,0.25603,0.19027,0.08601,0.015,0.09401,0.05401,0.25936,0.58749,1.40111,4.86945,0.09067,0.43305,1.36503,0.00257,0.00505,0.00646,0.00036,-0.05288,0.00001,1.09112,2.12019,1.91011,2.50499,0.24049,17.19574,0.76378,0.41071,0.80165,1.90021,5.44786,0.94911,0.34335,0.00335,2.59643,0.2842,0.43305,0.76378,0.94911,0.34335,1.36503,1.29806,1.09112,1.99311,2.59643,1.47843,4.87246
2026-01-04 02:00:00,9.82621,0.19116,0.27289,0.22569,0.08501,0.014,0.09701,0.05501,0.25727,0.56939,1.37469,5.08952,0.08549,0.42705,1.36885,0.00257,0.00525,0.00647,0.00036,-0.01766,0.00001,1.10612,1.95524,2.11058,2.27217,0.23158,17.19574,0.75089,0.3975,0.77947,1.84221,5.481,0.9351,0.35684,0.00335,2.58829,0.29106,0.42705,0.75089,0.9351,0.35684,1.36885,1.31426,1.10612,1.98738,2.58829,1.47764,4.8914
2026-01-04 03:00:00,11.09378,0.2042,0.27837,0.26811,0.08401,0.014,0.09501,0.05901,0.26147,0.55162,1.34156,5.24522,0.08303,0.42205,1.36885,0.00411,0.00545,0.00648,0.00036,0.01757,0.00001,1.11812,1.93582,2.28615,2.3312,0.22102,17.19574,0.73168,0.39312,0.80407,1.85121,5.51399,0.9251,0.37762,0.00308,2.58017,0.29793,0.42205,0.73168,0.9251,0.37762,1.36885,1.32238,1.11812,1.98149,2.58017,1.47771,4.91455
2026-01-04 04:00:00,12.46979,0.21797,0.2782,0.31762,0.08401,0.013,0.09101,0.07301,0.26147,0.54723,1.32201,5.42259,0.07829,0.41505,1.37648,0.00388,0.00564,0.00648,0.00036,0.00877,0.00001,1.13013,2.04442,2.36997,2.39741,0.20902,17.19574,0.7,0.3767,0.78376,1.92021,5.54981,0.96411,0.40149,0.00335,2.58017,0.30479,0.41505,0.7,0.96411,0.40149,1.37648,1.33462,1.13013,1.97602,2.58017,1.48246,4.94348
2026-01-04 05:00:00,13.1196,0.20576,0.2894,0.36713,0.08401,0.013,0.08701,0.08201,0.25727,0.53417,1.31552,5.46465,0.07473,0.41305,1.38413,0.00367,0.00584,0.00649,0.00025,0.00583,0.00001,1.14213,2.0463,2.38356,2.22143,0.20002,17.19574,0.67805,0.36413,0.76531,1.8042,5.58711,0.97811,0.43097,0.00363,2.57205,0.31165,0.41305,0.67805,0.97811,0.43097,1.38413,1.3428,1.14213,1.97116,2.57205,1.48996,4.98067
2026-01-04 06:00:00,12.82033,0.19547,0.31177,0.42363,0.08401,0.012,0.08401,0.08201,0.25519,0.52128,1.26421,5.43417,0.07222,0.41505,1.3918,0.00367,0.00604,0.00666,0.00025,0.00877,0.00001,1.15813,1.95492,2.39095,1.86603,0.19102,17.19574,0.65322,0.35483,0.74747,1.7572,5.62221,0.95411,0.46166,0.00363,2.56395,0.31851,0.41505,0.65322,0.95411,0.46166,1.3918,1.351,1.15813,1.9665,2.56395,1.49554,5.03027
2026-01-04 07:00:00,12.17023,0.18583,0.35672,0.45189,0.08501,0.012,0.06701,0.08201,0.25519,0.50856,1.25154,5.31788,0.06978,0.41505,1.39948,0.00367,0.00599,0.00689,0.00025,0.03229,0.00001,1.16613,1.8806,2.41404,1.63202,0.17964,17.19574,0.63171,0.37433,0.76963,1.71119,6.05085,0.96411,0.49138,0.00335,2.55585,0.31076,0.41505,0.63171,0.96411,0.49138,1.39948,1.35923,1.16613,1.9615,2.55585,1.49932,5.09971
2026-01-04 08:00:00,11.54303,0.17429,0.40173,0.45897,0.08901,0.011,0.07601,0.08001,0.25727,0.50018,1.22016,5.25717,0.06978,0.41305,1.40717,0.00411,0.00595,0.00703,0.00025,0.04403,0.00001,1.17813,1.89824,2.37447,1.62811,0.17002,17.19574,0.61648,0.36492,0.74995,1.7752,6.47418,1.01711,0.52129,0.00335,2.5397,0.30302,0.41305,0.61648,1.01711,0.52129,1.40717,1.36748,1.17813,1.95604,2.5397,1.50025,5.20386
2026-01-04 09:00:00,10.58373,0.16287,0.45244,0.45905,0.09401,0.011,0.07301,0.07601,0.25936,0.49187,1.20152,5.15466,0.06978,0.40905,1.41488,0.0059,0.0059,0.00715,0.00025,0.02349,0.00001,1.19013,1.93994,2.36091,1.81556,0.16302,17.19574,0.60136,0.34957,0.67917,1.7572,6.89365,1.09212,0.55203,0.00335,2.5236,0.29527,0.40905,0.60136,1.09212,0.55203,1.41488,1.37161,1.19013,1.9503,2.5236,1.50035,5.37745
2026-01-04 10:00:00,9.26938,0.1523,0.49194,0.44497,0.09701,0.011,0.07001,0.07301,0.25312,0.49602,1.18303,5.02973,0.07346,0.40705,1.4226,0.00784,0.00585,0.00734,0.00025,-0.00291,0.00001,1.19413,1.85417,2.35042,1.81148,0.15702,17.11292,0.59233,0.34066,0.63299,1.69219,7.30642,1.12813,0.57791,0.00335,2.50753,0.28752,0.40705,0.59233,1.12813,0.57791,1.4226,1.37989,1.19413,1.94424,2.50753,1.49706,5.72463
2026-01-04 11:00:00,8.44582,0.14217,0.50883,0.43088,0.10201,0.011,0.06701,0.07001,0.26147,0.47956,1.17078,4.9874,0.08182,0.40204,1.43809,0.01204,0.00581,0.00758,0.00025,0.00003,0.00001,1.20213,1.75208,2.30951,1.5999,0.16602,17.0301,0.58634,0.33945,0.66437,1.65618,7.71339,1.13813,0.60372,0.00335,2.49152,0.27978,0.40204,0.58634,1.13813,0.60372,1.43809,1.38404,1.20213,1.93814,2.49152,1.49176,6.76616
2026-01-04 12:00:00,8.18484,0.1316,0.5201,0.42488,0.10501,0.011,0.05301,0.06901,0.26572,0.47956,1.15253,4.96497,0.08674,0.39804,1.44198,0.01593,0.00576,0.00772,0.00025,0.01174,0.00001,1.21514,1.78359,2.3149,1.59003,0.15602,16.94729,0.57737,0.31693,0.70068,1.63918,8.11813,1.10712,0.6292,0.00335,2.47554,0.27203,0.39804,0.57737,1.10712,0.6292,1.44198,1.39237,1.21514,1.93213,2.47554,1.48783,8.6743
2026-01-04 13:00:00,8.01913,0.11922,0.50326,0.42588,0.10601,0.011,0.06201,0.06701,0.26572,0.46743,1.13443,4.96444,0.08674,0.39804,1.45364,0.02091,0.00594,0.00783,0.00016,-0.00736,0.00001,1.22314,1.81532,2.2785,1.67142,0.16202,16.86447,0.5744,0.29712,0.64592,1.52617,8.82669,1.07212,0.65527,0.00335,2.4596,0.3112,0.39804,0.5744,1.07212,0.65527,1.45364,1.4007,1.22314,1.92637,2.4596,1.47624,8.16332
2026-01-04 14:00:00,8.1849,0.10568,0.48069,0.4188,0.11201,0.011,0.06001,0.06401,0.26572,0.46743,1.09865,4.96397,0.08425,0.39604,1.46144,0.01883,0.00613,0.00875,0.00016,-0.02496,0.00001,1.23114,1.827,2.23417,1.71975,0.18902,16.78165,0.58634,0.27804,0.65884,1.43516,9.54836,1.03712,0.69306,0.00335,2.48352,0.35036,0.39604,0.58634,1.03712,0.69306,1.46144,1.41325,1.23114,1.92108,2.48352,1.45777,8.69696
2026-01-04 15:00:00,8.68173,0.09553,0.46374,0.41272,0.11301,0.011,0.05801,0.06201,0.27003,0.46342,1.09274,5.10314,0.08303,0.39604,1.46925,0.01883,0.00632,0.00965,0.00016,0,0.00001,1.23514,1.85398,2.18548,1.66403,0.20002,16.69883,0.60136,0.26877,0.75301,1.36315,10.26708,1.00811,0.7112,0.00308,2.48352,0.38953,0.39604,0.60136,1.00811,0.7112,1.46925,1.42164,1.23514,1.91622,2.48352,1.42208,9.2306
2026-01-04 16:00:00,9.18065,0.08817,0.45812,0.4208,0.11301,0.011,0.05601,0.06101,0.2779,0.45943,1.09865,5.27598,0.08182,0.39404,1.47708,0.01687,0.0065,0.00965,0.00016,0.03523,0.00001,1.24714,1.95437,2.11769,1.42909,0.23603,16.93511,0.61648,0.25745,0.78008,1.41016,10.92894,0.98811,0.72433,0.00308,2.48352,0.4287,0.39404,0.61648,0.98811,0.72433,1.47708,1.43426,1.24714,1.91179,2.48352,1.33537,9.76424
2026-01-04 17:00:00,9.76346,0.08149,0.45812,0.42788,0.11301,0.011,0.05601,0.06001,0.27591,0.45151,1.08098,5.39407,0.08425,0.39104,1.48886,0.01457,0.00669,0.0097,0.00025,0.04697,0.00001,1.26014,2.03202,2.06278,1.32968,0.28376,17.17139,0.62866,0.25831,0.72346,1.40216,11.56235,0.99811,0.73493,0.00335,2.47554,0.46786,0.39104,0.62866,0.99811,0.73493,1.48886,1.45542,1.26014,1.90841,2.47554,1.22337,10.29787
2026-01-04 18:00:00,10.09453,0.07549,0.4525,0.4138,0.11301,0.012,0.05701,0.06101,0.2779,0.44367,1.05185,5.56289,0.10577,0.39104,1.49672,0.01327,0.00687,0.00965,0.00081,0.05285,0.00001,1.27214,1.97474,1.98471,1.50556,0.33304,17.40767,0.6656,0.26006,0.69209,1.38615,12.24469,1.02711,0.75369,0.00335,2.49952,0.50703,0.39104,0.6656,1.02711,0.75369,1.49672,1.47244,1.27214,1.90654,2.49952,1.13711,10.83151
2026-01-04 19:00:00,10.09325,0.07001,0.45238,0.40671,0.11301,0.015,0.05901,0.06101,0.27394,0.43978,1.06346,5.6794,0.13409,0.39404,1.50066,0.01161,0.02811,0.00985,0.001,0.05138,0.00001,1.28514,1.93794,1.95432,1.68128,0.35704,17.77159,0.69685,0.26098,0.7315,1.38615,13.06838,1.05712,0.76999,0.00335,2.49952,0.91135,0.39404,0.69685,1.05712,0.76999,1.50066,1.48527,1.28514,1.90619,2.49952,1.07424,11.36515
2026-01-04 20:00:00,10.17721,0.06505,0.44676,0.4218,0.11301,0.019,0.06301,0.06101,0.27003,0.43591,1.04032,5.84982,0.31615,0.40004,1.50854,0.01119,0.04935,0.01137,0.00143,0.04844,0.00001,1.30215,2.017,1.91695,1.57768,0.401,18.13549,0.74447,0.25225,0.71119,1.30114,13.84705,1.15313,0.78097,0.00363,2.5236,1.31568,0.40004,0.74447,1.15313,0.78097,1.50854,1.50675,1.30215,1.90725,2.5236,1.04312,11.89879
2026-01-04 21:00:00,10.26116,0.0608,0.42993,0.42888,0.11301,0.02,0.08201,0.06201,0.26787,0.43205,1.02883,6.14792,1.07912,0.40405,1.51644,0.01285,0.07059,0.01468,0.00143,0.05282,0.00001,1.32315,2.03916,1.85761,1.30438,0.44405,18.49941,0.77998,0.25385,0.67055,1.21914,14.52119,1.29914,0.80319,0.00418,2.54777,1.72,0.40405,0.77998,1.29914,0.80319,1.51644,1.52403,1.32315,1.91028,2.54777,1.00669,12.43243
2026-01-04 22:00:00,10.25989,0.05742,0.40167,0.41472,0.11601,0.023,0.10801,0.06501,0.26572,0.42822,1.02312,6.46982,1.30509,0.41105,1.52832,0.01502,0.09182,0.02552,0.0012,0.04985,0.00894,1.34815,1.98516,1.80931,1.37026,0.47405,18.86332,0.81265,0.25161,0.7081,1.18413,15.08872,1.46116,0.82246,0.00418,2.57205,2.12432,0.41105,0.81265,1.46116,0.82246,1.52832,1.5414,1.34815,1.91579,2.57205,0.96281,12.96607
2026-01-04 23:00:00,10.17599,0.05545,0.39311,0.40855,0.11901,0.032,0.19002,0.07201,0.25936,0.42822,1.02312,6.85091,1.52084,0.41305,1.53229,0.01735,0.11306,0.02521,0.001,0.0352,0.00962,1.36515,1.87153,1.7771,1.64599,0.50832,19.22723,0.82583,0.26617,0.7081,1.13613,15.5617,1.67719,0.83196,0.00418,2.58829,2.52865,0.41305,0.82583,1.67719,0.83196,1.53229,1.55886,1.36515,1.92404,2.58829,0.91949,13.49971
2026-01-05 00:00:00,9.92807,0.0557,0.39243,0.41555,0.12101,0.05801,0.50006,0.09901,0.25936,0.43205,1.01175,7.39573,1.8241,0.42205,1.53626,0.02197,0.1343,0.02481,0.001,0.01174,0.0071,1.37815,1.8935,1.71923,1.56806,0.54406,19.59115,0.83244,0.26621,0.66867,1.10712,15.94957,1.89521,0.83913,0.00418,2.61273,2.93297,0.42205,0.83244,1.89521,0.83913,1.53626,1.57201,1.37815,1.93505,2.61273,0.88419,14.03335
2026-01-05 01:00:00,9.59654,0.05905,0.39231,0.42363,0.12401,0.17002,0.9111,0.20402,0.25312,0.4244,0.9948,8.20728,2.32272,0.43305,1.54023,0.26205,0.13237,0.06379,0.0012,0.0088,0.00441,1.40016,1.93445,1.63941,1.31776,0.58527,19.83835,0.83575,0.25497,0.644,1.08612,15.30757,2.15124,0.84873,0.00447,2.62908,2.69196,0.43305,0.83575,2.15124,0.84873,1.54023,1.58081,1.40016,1.94823,2.62908,0.86188,14.56699
2026-01-05 02:00:00,9.18192,0.06482,0.39782,0.4458,0.12401,0.74108,1.34715,0.29803,0.25936,0.40932,0.97244,9.01774,2.75853,0.44305,1.54421,0.3414,0.13045,0.09729,0.00143,0.0528,0.00248,1.40816,1.81977,1.57967,1.29277,0.63307,20.08554,0.84571,0.25134,0.61137,1.08612,14.68156,2.52928,0.86214,0.00476,2.64547,2.45095,0.44305,0.84571,2.52928,0.86214,1.54421,1.58962,1.40816,1.96281,2.64547,0.85099,14.00132
2026-01-05 03:00:00,8.93348,0.07132,0.40891,0.48206,0.12501,1.38315,1.10212,0.41705,0.25936,0.40932,0.978,9.61319,2.57069,0.45205,1.55217,0.25488,0.12852,0.12705,0.00143,0.09388,0.00121,1.41716,1.72076,1.52863,1.38481,0.68908,20.33274,0.85571,0.24687,0.56705,1.04912,14.05554,2.77031,0.87766,0.00507,2.67839,2.20995,0.45205,0.85571,2.77031,0.87766,1.55217,1.59403,1.41716,1.97793,2.67839,0.83884,13.43565
2026-01-05 04:00:00,8.76731,0.07766,0.43137,0.55365,0.13101,1.65765,1.02911,0.64207,0.26787,0.40352,0.9595,10.31137,2.09699,0.45905,1.55616,0.20428,0.12659,0.19749,0.00168,0.10856,0.00026,1.42616,1.6596,1.47014,1.36219,0.72908,20.57993,0.87822,0.23366,0.53135,1.00311,13.42717,2.7003,0.89017,0.00539,2.70319,1.96894,0.45905,0.87822,2.7003,0.89017,1.55616,1.60288,1.42616,1.99332,2.70319,0.82315,12.86998
2026-01-05 05:00:00,8.2158,0.08355,0.43984,0.69183,0.14102,1.79376,0.96111,0.82409,0.32094,0.3978,0.93936,10.84462,1.67391,0.46805,1.56415,0.15102,0.12467,0.24019,0.00224,0.15844,0.00001,1.43416,1.64064,1.3912,1.14143,0.78709,20.82713,0.90415,0.22321,0.50304,0.98711,12.80023,2.40027,0.9091,0.00572,2.72808,1.72793,0.46805,0.90415,2.40027,0.9091,1.56415,1.60731,1.43416,2.00903,2.72808,0.80704,12.30431
2026-01-05 06:00:00,7.82491,0.08903,0.4525,0.9762,0.16002,1.7665,0.8561,1.02211,0.46876,0.39212,0.92304,10.94897,1.40042,0.47505,1.57216,0.107,0.12274,0.2285,0.00195,0.22007,0.00001,1.44316,1.59979,1.34515,0.95759,0.85798,21.07432,0.93029,0.21576,0.49321,0.9381,12.17825,2.04923,0.92503,0.00606,2.76144,1.48692,0.47505,0.93029,2.04923,0.92503,1.57216,1.61619,1.44316,2.02524,2.76144,0.79403,11.73864
2026-01-05 07:00:00,7.93691,0.09423,0.46465,1.436,0.21002,1.64167,0.73408,1.13813,0.5888,0.38677,0.89617,11.05422,1.20504,0.48405,1.57617,0.08943,0.10687,0.23324,0.06836,0.26704,0.00001,1.43916,1.48041,1.30774,0.97442,0.9271,19.92696,0.96329,0.21796,0.46864,0.94311,11.35131,1.73919,0.94433,0.00644,2.79496,1.39076,0.48405,0.96329,1.73919,0.94433,1.57617,1.62064,1.43916,2.04225,2.79496,0.78508,11.17297
2026-01-05 08:00:00,7.9353,0.09906,0.4952,1.98864,0.38404,1.28287,0.56506,1.19213,0.73755,0.38154,0.88553,11.05267,1.05313,0.49305,1.58821,0.06427,0.09099,0.24492,0.08036,0.26901,0.00001,1.45216,1.40145,1.26407,1.04012,1.03712,18.77961,0.99325,0.20456,0.43235,0.8891,10.55439,1.52717,0.97032,0.00644,2.82866,1.29461,0.49305,0.99325,1.52717,0.97032,1.58821,1.62509,1.45216,2.06041,2.82866,0.77989,10.6073
2026-01-05 09:00:00,7.63039,0.10487,0.5379,2.5312,0.56006,1.04367,0.38204,1.22014,0.99639,0.3765,0.88024,10.94488,0.91897,0.50206,1.59223,0.05651,0.07512,0.25915,0.0751,0.25238,0.00001,1.46116,1.42069,1.19976,1.03968,1.17013,17.63227,1.03023,0.20418,0.41637,0.8801,9.78244,1.36415,0.99948,0.00644,2.85404,1.19845,0.50206,1.03023,1.36415,0.99948,1.59223,1.63401,1.46116,2.07974,2.85404,0.77314,10.04163
2026-01-05 10:00:00,7.57622,0.10918,0.58667,2.983,0.61707,0.95397,0.28203,1.22014,1.26183,0.38007,0.8697,10.57073,0.80332,0.51206,1.59625,0.04848,0.05924,0.22182,0.05583,0.26892,0.00001,1.46116,1.43936,1.13806,0.94298,1.38215,16.48492,1.08128,0.19617,0.38682,0.8751,9.0333,1.27314,1.0357,0.00644,2.88804,1.10229,0.51206,1.08128,1.27314,1.0357,1.59625,1.63848,1.46116,2.1003,2.88804,0.76193,9.47597
2026-01-05 11:00:00,7.89215,0.11094,0.64761,3.26745,0.65207,0.90336,0.38004,1.21514,1.46654,0.37294,0.85401,10.08927,0.71697,0.52106,1.60028,0.04249,0.04337,0.19376,0.04194,0.26071,0.00001,1.46916,1.39877,1.08176,0.92352,1.62318,15.33757,1.13304,0.19317,0.37449,0.8611,8.30968,1.18913,1.08268,0.00725,2.91365,1.00614,0.52106,1.13304,1.18913,1.08268,1.60028,1.64743,1.46916,2.12211,2.91365,0.74901,8.9103
2026-01-05 12:00:00,5.59172,0.10954,0.70862,3.31795,0.68908,0.844,0.37004,1.19013,1.65576,0.35892,0.84362,8.26874,0.63754,0.53506,1.60835,0.03827,0.02749,0.1633,0.0334,0.2374,0.00001,1.47416,1.28283,1.00002,1.04612,1.89921,14.19022,1.20311,0.18404,0.3511,0.85209,7.61504,1.15313,1.14063,0.00855,2.94796,0.90998,0.53506,1.20311,1.15313,1.14063,1.60835,1.65192,1.47416,2.14525,2.94796,0.73884,9.48483
2026-01-05 13:00:00,5.36536,0.10413,0.7819,3.11935,0.72008,0.72686,0.34304,1.15813,1.81258,0.3624,0.84362,7.3359,0.56806,0.54906,1.61239,0.03427,0.0251,0.13507,0.02685,0.21586,0.00001,1.48317,1.34069,0.94793,1.08675,2.10223,13.80141,1.29238,0.1786,0.35045,0.85209,7.2128,1.09712,1.20916,0.01202,2.98243,0.86663,0.54906,1.29238,1.09712,1.20916,1.61239,1.65641,1.48317,2.1703,2.98243,0.73136,8.35723
2026-01-05 14:00:00,5.24458,0.09723,0.83069,2.75431,0.72908,0.47835,0.33204,1.12313,1.92788,0.3624,0.82817,6.39928,0.50608,0.56106,1.62452,0.03173,0.0227,0.1144,0.02102,0.20179,0.05569,1.48317,1.35856,0.90304,0.95238,2.30426,13.41261,1.38713,0.17515,0.36643,0.82909,6.81959,1.07212,1.29027,0.01483,3.0084,0.82327,0.56106,1.38713,1.07212,1.29027,1.62452,1.66091,1.48317,2.19772,3.0084,0.72697,6.8628
2026-01-05 15:00:00,5.12381,0.09124,0.85503,2.36201,0.73208,0.31268,0.31704,1.09312,1.98779,0.35892,0.81795,6.03187,0.45723,0.57306,1.62452,0.02928,0.02031,0.09922,0.01752,0.20041,0.06577,1.48317,1.20294,0.85098,0.81659,2.49828,13.0238,1.47629,0.16679,0.32888,0.80209,6.43216,1.05212,1.37347,0.02613,3.06062,0.77992,0.57306,1.47629,1.05212,1.37347,1.62452,1.66542,1.48317,2.22818,3.06062,0.72114,6.36466
2026-01-05 16:00:00,5.01821,0.08529,0.86724,2.01006,0.73708,0.25055,0.29303,1.05912,2.00022,0.35546,0.82305,5.67061,0.3997,0.58807,1.63263,0.0281,0.01792,0.0874,0.01511,0.18396,0.0673,1.48317,1.16393,0.80896,0.87327,2.6833,12.63498,1.58613,0.16613,0.32273,0.79709,6.04897,1.00311,1.45235,0.02679,3.08687,0.73657,0.58807,1.58613,1.00311,1.45235,1.63263,1.67227,1.48317,2.26281,3.08687,0.7116,6.11559
2026-01-05 17:00:00,4.91227,0.07966,0.86727,1.72969,0.74108,0.28334,0.27203,1.01211,1.96922,0.35892,0.82817,5.30855,0.34829,0.60307,1.64076,0.0281,0.01552,0.07855,0.01217,0.16289,0.06886,1.48717,1.25997,0.79276,1.01429,2.82631,12.24618,1.706,0.16172,0.31104,0.78009,5.67168,0.9301,1.52279,0.02627,3.13085,0.69321,0.60307,1.706,0.9301,1.52279,1.64076,1.67895,1.48717,2.30204,3.13085,0.70065,5.96614
2026-01-05 18:00:00,4.84764,0.07426,0.84897,1.51583,0.74208,0.32204,0.27303,0.95915,1.91858,0.35546,0.82817,4.94223,0.30475,0.62007,1.64889,0.02694,0.01313,0.07027,0.01082,0.1558,0.06886,1.48717,1.27887,0.78452,0.96252,2.97733,11.85737,1.80447,0.15458,0.31104,0.76208,5.30286,0.8611,1.58598,0.02627,3.15736,0.64986,0.62007,1.80447,0.8611,1.58598,1.64889,1.688,1.48717,2.34599,3.15736,0.69201,5.86651
2026-01-05 19:00:00,5.4752,0.06886,0.81227,1.36048,0.74108,0.29503,0.24203,0.8881,1.84721,0.3486,0.80274,4.74273,0.27118,0.64307,1.66114,0.02752,0.01284,0.06403,0.00895,0.14694,0.06577,1.50117,1.16282,0.74824,0.80708,3.12835,11.57836,1.92875,0.15229,0.28706,0.74108,5.35916,0.78909,1.63565,0.02546,3.20996,0.60315,0.64307,1.92875,0.78909,1.63565,1.66114,1.69253,1.50117,2.39522,3.20996,0.68565,5.79535
2026-01-05 20:00:00,4.72261,0.06355,0.79145,1.28644,0.73608,0.30703,0.23503,0.82809,1.78739,0.3486,0.81795,4.55083,0.23725,0.67608,1.66931,0.02694,0.01255,0.05986,0.00779,0.12569,0.0671,1.50117,1.14393,0.71013,0.82693,3.24336,11.29936,2.02249,0.14823,0.24648,0.73207,5.39503,0.72708,1.67705,0.02387,3.24427,0.55644,0.67608,2.02249,0.72708,1.67705,1.66931,1.69707,1.50117,2.44819,3.24427,0.68187,5.74198
2026-01-05 21:00:00,4.24343,0.05877,0.77867,1.22076,0.73508,0.29303,0.20702,0.79709,1.73138,0.3486,0.80274,4.35842,0.21482,0.71308,1.6775,0.02467,0.01226,0.05623,0.00725,0.1133,0.04967,1.50117,1.18305,0.68282,0.95288,3.36638,11.02036,2.12165,0.14654,0.28159,0.73702,5.40774,0.69308,1.7069,0.0231,3.29604,0.50972,0.71308,2.12165,0.69308,1.7069,1.6775,1.70161,1.50117,2.50585,3.29604,0.67681,5.70047
2026-01-05 22:00:00,3.96888,0.05465,0.76951,1.16979,0.65567,0.21037,0.18307,0.71124,1.67538,0.3486,0.82305,4.15367,0.19576,0.76108,1.69392,0.02467,0.01196,0.05275,0.00621,0.1133,0.04868,1.51417,1.14351,0.66879,0.98941,3.52739,10.74135,2.21794,0.14213,0.27853,0.74508,5.39543,0.64607,1.72491,0.02234,3.3562,0.46301,0.76108,2.21794,0.64607,1.72491,1.69392,1.71072,1.51417,2.56756,3.3562,0.66841,5.66726
2026-01-05 23:00:00,3.90005,0.05114,0.75108,1.13437,0.57374,0.13098,0.16184,0.6609,1.62037,0.34519,0.81795,3.95256,0.18108,0.82209,1.71039,0.02357,0.01167,0.04939,0.00573,0.10624,0.04673,1.51817,1.06537,0.63763,0.88489,3.68241,10.46235,2.29841,0.14079,0.30133,0.72808,5.35952,0.60807,1.73093,0.02159,3.42546,0.4163,0.82209,2.29841,0.60807,1.73093,1.71039,1.71528,1.51817,2.63192,3.42546,0.65872,5.64009
2026-01-06 00:00:00,3.96893,0.04805,0.73272,1.11312,0.50128,0.12669,0.14066,0.60538,1.56876,0.34181,0.80779,3.75625,0.16602,0.8901,1.72692,0.02197,0.01138,0.04676,0.00526,0.09208,0.04483,1.51817,1.08451,0.61595,0.81454,3.83443,10.18334,2.37539,0.13639,0.31737,0.72408,5.30286,0.57106,1.73093,0.02086,3.4778,0.36959,0.8901,2.37539,0.57106,1.73093,1.72692,1.72441,1.51817,2.69853,3.4778,0.65109,5.61744
2026-01-06 01:00:00,3.90033,0.04523,0.67959,1.1074,0.43561,0.11843,0.12116,0.54807,1.52556,0.35202,0.80274,3.67343,0.15438,0.96611,1.756,0.02197,0.01136,0.04507,0.00481,0.09029,0.04299,1.52317,1.0844,0.59905,0.86263,3.93644,10.0502,2.46178,0.13405,0.28968,0.72808,5.33942,0.53506,1.71589,0.02014,3.55694,0.35621,0.96611,2.46178,0.53506,1.71589,1.756,1.73357,1.52317,2.76676,3.55694,0.64548,5.59828
2026-01-06 02:00:00,3.7633,0.04263,0.63107,1.09123,0.39776,0.1012,0.10674,0.49226,1.48096,0.33844,0.80779,3.59524,0.14369,1.04812,1.78523,0.02038,0.01135,0.04252,0.00439,0.10088,0.04119,1.53617,1.065,0.59687,0.92831,3.95244,9.91706,2.53591,0.13165,0.28412,0.72408,5.36373,0.50306,1.69493,0.01943,3.64574,0.34283,1.04812,2.53591,0.50306,1.69493,1.78523,1.73816,1.53617,2.83595,3.64574,0.64221,5.58186
2026-01-06 03:00:00,3.69514,0.04037,0.58789,1.05164,0.36267,0.08971,0.09334,0.44096,1.43375,0.33844,0.80779,3.5058,0.13409,1.13013,1.81886,0.01883,0.01133,0.04116,0.00398,0.09556,0.04032,1.54517,1.1604,0.59827,0.90438,3.97944,9.78392,2.64605,0.13168,0.27117,0.72408,5.37258,0.47605,1.66518,0.01874,3.74448,0.32945,1.13013,2.64605,0.47605,1.66518,1.81886,1.74735,1.54517,2.90615,3.74448,0.63786,5.56763
2026-01-06 04:00:00,3.55838,0.03846,0.54997,1.03132,0.33029,0.08541,0.08082,0.39592,1.39073,0.33509,0.7977,3.41413,0.12439,1.20013,1.8612,0.01784,0.01131,0.04002,0.01752,0.0885,0.03775,1.55017,1.17952,0.57209,0.79494,3.97944,9.65079,2.69049,0.12858,0.26561,0.70708,5.3641,0.45305,1.62977,0.01807,3.84434,0.31607,1.20013,2.69049,0.45305,1.62977,1.8612,1.75657,1.55017,2.97726,3.84434,0.63075,5.55518
2026-01-06 05:00:00,3.35342,0.03685,0.51732,1.02801,0.30121,0.08299,0.06896,0.35677,1.33654,0.33177,0.77276,3.32809,0.11807,1.26914,1.90388,0.01784,0.0113,0.03829,0.01923,0.08853,0.03775,1.56317,1.12233,0.55838,0.77918,3.96344,9.51766,2.74409,0.12425,0.24221,0.68708,5.33989,0.42605,1.5947,0.0174,3.95453,0.30269,1.26914,2.74409,0.42605,1.5947,1.90388,1.77042,1.56317,3.04655,3.95453,0.62262,5.54419
2026-01-06 06:00:00,3.21672,0.03546,0.4895,1.03721,0.27575,0.08018,0.06305,0.32189,1.28092,0.33177,0.77276,3.24521,0.11097,1.32315,1.95124,0.01547,0.01128,0.03708,0.01923,0.09565,0.03611,1.56817,1.045,0.55683,0.84824,3.90444,9.38452,2.82958,0.1225,0.23974,0.69108,5.30286,0.40705,1.54985,0.01675,4.06604,0.28931,1.32315,2.82958,0.40705,1.54985,1.95124,1.78432,1.56817,3.11644,4.06604,0.6162,5.53442
2026-01-06 07:00:00,3.17577,0.0342,0.46545,1.00461,0.25371,0.07465,0.05719,0.28988,1.22043,0.32189,0.78269,3.1992,0.10451,1.36715,1.99899,0.01547,0.01126,0.03637,0.01837,0.09924,0.0353,1.57218,1.08341,0.546,0.88342,3.87243,9.16196,2.87033,0.11981,0.25081,0.68208,5.34116,0.39404,1.50189,0.01675,4.1694,0.27968,1.36715,2.87033,0.39404,1.50189,1.99899,1.80293,1.57218,3.18579,4.1694,0.6115,5.52568
2026-01-06 08:00:00,3.31984,0.03305,0.44439,0.96236,0.23459,0.06294,0.05937,0.26006,1.16751,0.32189,0.76782,3.14214,0.09906,1.40516,2.04716,0.01327,0.01124,0.03503,0.01752,0.08508,0.03372,1.58618,1.1412,0.51589,0.81641,3.79242,8.9394,2.88849,0.11813,0.26249,0.66607,5.37608,0.37804,1.45462,0.01611,4.28341,0.27004,1.40516,2.88849,0.37804,1.45462,2.04716,1.82163,1.58618,3.25529,4.28341,0.60875,5.51782
2026-01-06 09:00:00,3.28521,0.03206,0.42568,0.90107,0.21786,0.05513,0.06237,0.23267,1.10081,0.31863,0.75797,3.0869,0.09478,1.42616,2.08687,0.01327,0.01123,0.03355,0.0167,0.07802,0.03295,1.60018,1.02629,0.51312,0.73535,3.70241,8.71684,2.90669,0.11709,0.25263,0.65007,5.40434,0.37404,1.38807,0.01488,4.38904,0.26041,1.42616,2.90669,0.37404,1.38807,2.08687,1.84513,1.60018,3.32486,4.38904,0.60509,5.5107
2026-01-06 10:00:00,3.2171,0.03122,0.40876,0.85195,0.20318,0.0522,0.06602,0.20855,1.03906,0.32516,0.7385,3.04597,0.08933,1.44416,2.13131,0.01285,0.01121,0.03324,0.0159,0.07805,0.03219,1.60918,1.00772,0.52213,0.72781,3.5834,8.49428,2.90669,0.11541,0.22432,0.64207,5.42408,0.36604,1.31907,0.01488,4.49576,0.25078,1.44416,2.90669,0.36604,1.31907,2.13131,1.86875,1.60918,3.39302,4.49576,0.59909,5.50423
2026-01-06 11:00:00,3.42373,0.03051,0.39343,0.81334,0.19048,0.05075,0.07017,0.1878,0.96396,0.31539,0.74334,3.00196,0.08549,1.44416,2.16261,0.01204,0.01119,0.03193,0.01511,0.08155,0.03071,1.62318,1.08477,0.50085,0.75995,3.45639,8.27171,2.91125,0.11095,0.20646,0.62707,5.43695,0.36204,1.25471,0.01488,4.59372,0.24114,1.44416,2.91125,0.36204,1.25471,2.16261,1.89727,1.62318,3.45903,4.59372,0.59221,5.49832
2026-01-06 12:00:00,3.35219,0.02989,0.37956,0.78187,0.30737,0.04923,0.07446,0.16941,0.88786,0.31539,0.72885,2.94941,0.08182,1.44016,2.19858,0.01038,0.01117,0.03063,0.0136,0.06733,0.02927,1.63218,1.12329,0.47489,0.76671,3.29237,8.04915,2.87941,0.11205,0.19168,0.61507,5.44591,0.35404,1.18496,0.01428,4.69256,0.23151,1.44016,2.87941,0.35404,1.18496,2.19858,1.92598,1.63218,3.52251,4.69256,0.58679,4.8918
2026-01-06 13:00:00,3.30559,0.02932,0.36686,0.75796,0.42614,0.04643,0.0789,0.15253,0.82025,0.31216,0.70976,2.91145,0.07829,1.43716,2.22571,0.01119,0.01115,0.0296,0.01288,0.04959,0.02856,1.65018,1.08385,0.4771,0.68479,3.09935,7.78358,2.86579,0.1093,0.20707,0.61907,5.23191,0.35004,1.12029,0.01488,4.78228,0.2249,1.43716,2.86579,0.35004,1.12029,2.22571,1.95973,1.65018,3.58267,4.78228,0.58279,3.22246
2026-01-06 14:00:00,3.25898,0.02879,0.33022,0.72686,0.54653,0.14229,0.08375,0.13672,0.76004,0.30578,0.73367,2.87866,0.07601,1.43016,2.25294,0.01038,0.01113,0.02915,0.01217,0.05312,0.02787,1.66018,1.0053,0.47176,0.63749,2.89432,7.51802,2.8341,0.10826,0.19663,0.61207,5.01953,0.35004,1.05906,0.0137,4.86263,0.21829,1.43016,2.8341,0.35004,1.05906,2.25294,1.99372,1.66018,3.63894,4.86263,0.58041,3.02284
2026-01-06 15:00:00,3.21238,0.02832,0.30677,0.68158,0.66807,0.24003,0.08901,0.12201,0.69346,0.30262,0.70976,2.8489,0.07222,1.41216,2.27116,0.00925,0.01111,0.02824,0.01149,0.05665,0.02652,1.67819,1.00411,0.43894,0.68734,2.7013,7.25245,2.76203,0.10616,0.19604,0.61507,4.80633,0.34204,0.99948,0.0137,4.9537,0.21169,1.41216,2.76203,0.34204,0.99948,2.27116,2.02798,1.67819,3.69181,4.9537,0.57721,2.95629
2026-01-06 16:00:00,3.16577,0.02792,0.29685,0.64531,0.66407,0.23903,0.08601,0.11601,0.63099,0.29947,0.70503,2.81016,0.06859,1.39516,2.28943,0.00925,0.01109,0.02674,0.01082,0.06514,0.02652,1.70219,1.01421,0.43334,0.62451,2.47728,6.98688,2.71725,0.10754,0.21527,0.60407,4.591,0.33804,0.94109,0.01313,5.01481,0.20508,1.39516,2.71725,0.33804,0.94109,2.28943,2.06248,1.70219,3.74145,5.01481,0.57188,2.92302
2026-01-06 17:00:00,3.11917,0.02758,0.28695,0.61677,0.65907,0.23703,0.08501,0.11201,0.58158,0.30262,0.70031,2.785,0.06742,1.37115,2.29859,0.00854,0.01107,0.02644,0.00955,0.07364,0.02586,1.72019,1.02465,0.42772,0.61549,2.26325,6.72132,2.63276,0.10516,0.23249,0.58507,4.37485,0.33404,0.88391,0.01313,5.0865,0.19847,1.37115,2.63276,0.33404,0.88391,2.29859,2.09226,1.72019,3.78682,5.0865,0.56573,2.90306
2026-01-06 18:00:00,3.07256,0.02727,0.27723,0.59341,0.52738,0.23703,0.08101,0.10701,0.54019,0.30262,0.69561,2.76061,0.06401,1.34315,2.31235,0.00854,0.01105,0.02475,0.00895,0.08213,0.02521,1.74419,1.03531,0.42212,0.60647,2.07123,6.45575,2.55784,0.10412,0.25072,0.58106,4.16,0.33404,0.83913,0.01313,5.14828,0.19186,1.34315,2.55784,0.33404,0.83913,2.31235,2.12725,1.74419,3.82765,5.14828,0.56088,2.88975
2026-01-06 19:00:00,3.04947,0.02697,0.2678,0.57549,0.39628,0.23503,0.07801,0.10201,0.50406,0.30578,0.69561,2.74397,0.06211,1.33015,2.32154,0.00854,0.01103,0.0245,0.00895,0.07955,0.02521,1.7632,1.04615,0.41831,0.59928,1.88521,6.37321,2.46612,0.1023,0.24697,0.58507,3.96054,0.33004,0.79481,0.01143,5.20002,0.18744,1.33015,2.46612,0.33004,0.79481,2.32154,2.16249,1.7632,3.86392,5.20002,0.55727,2.88025
2026-01-06 20:00:00,3.02638,0.02668,0.25871,0.55208,0.26561,0.13027,0.07034,0.09714,0.47015,0.3036,0.67234,2.73274,0.05934,1.30315,2.3181,0.00836,0.01101,0.02414,0.00779,0.07696,0.01343,1.7872,1.03704,0.41452,0.59209,1.72219,6.29066,2.35393,0.10047,0.24523,0.58907,3.76254,0.32262,0.76196,0.01029,5.21556,0.18303,1.30315,2.35393,0.32262,0.76196,2.3181,2.18778,1.7872,3.89519,5.21556,0.55511,2.87312
2026-01-06 21:00:00,3.00328,0.02642,0.24995,0.51788,0.13523,0.02665,0.06286,0.092,0.43254,0.302,0.66948,2.72261,0.05675,1.28362,2.3121,0.00819,0.011,0.02346,0.00756,0.07438,0.02437,1.82283,1.02813,0.41071,0.58491,1.58677,6.20813,2.2413,0.09865,0.24286,0.5877,3.72036,0.31525,0.73139,0.00955,5.22413,0.17861,1.28362,2.2413,0.31525,0.73139,2.3121,2.21125,1.82283,3.92152,5.22413,0.55217,2.86757
2026-01-06 22:00:00,2.98019,0.0262,0.24155,0.49049,0.13297,0.02579,0.05553,0.08709,0.39192,0.30039,0.66729,2.71457,0.05431,1.26441,2.30408,0.008,0.01098,0.02229,0.00737,0.07181,0.02401,1.85828,1.01971,0.40691,0.57772,1.45976,6.12559,2.13365,0.09683,0.24039,0.58395,3.67616,0.30791,0.70309,0.00896,5.2259,0.17419,1.26441,2.13365,0.30791,0.70309,2.30408,2.23278,1.85828,3.94223,5.2259,0.54721,2.86314
2026-01-06 23:00:00,2.9571,0.026,0.23363,0.46904,0.13094,0.02533,0.04831,0.08273,0.34693,0.29883,0.66488,2.69954,0.05202,1.24547,2.29472,0.00781,0.01096,0.02194,0.00717,0.06922,0.02366,1.89202,1.01184,0.40311,0.57053,1.34042,6.04305,2.03343,0.095,0.23788,0.57963,3.63119,0.30116,0.67712,0.00812,5.22114,0.16978,1.24547,2.03343,0.30116,0.67712,2.29472,2.25195,1.89202,3.95698,5.22114,0.54147,2.85951
2026-01-07 00:00:00,2.93401,0.02581,0.22623,0.45179,0.12916,0.02481,0.04111,0.07878,0.29817,0.29781,0.66262,2.68196,0.04987,1.22683,2.28452,0.00764,0.01094,0.02191,0.00698,0.06664,0.02331,1.9237,1.00437,0.39931,0.56334,1.22921,5.96051,1.94088,0.09318,0.23534,0.57638,3.58744,0.29517,0.65335,0.00711,5.21008,0.16536,1.22683,1.94088,0.29517,0.65335,2.28452,2.26834,1.9237,3.96621,5.21008,0.53696,2.85648
2026-01-07 01:00:00,2.92491,0.02561,0.21933,0.43895,0.12756,0.0238,0.03395,0.07501,0.24904,0.29625,0.65915,2.67543,0.04785,1.20865,2.27388,0.00747,0.01092,0.02105,0.00679,0.06484,0.02331,1.95332,0.99717,0.39658,0.55729,1.12636,5.90363,1.84949,0.09137,0.23284,0.57423,3.54833,0.28945,0.63175,0.00641,5.19308,0.16229,1.20865,1.84949,0.28945,0.63175,2.27388,2.28185,1.95332,3.97055,5.19308,0.53366,2.85392
2026-01-07 02:00:00,2.91582,0.0254,0.21284,0.42239,0.12611,0.0217,0.02688,0.07128,0.20743,0.29528,0.65648,2.67066,0.04593,1.19126,2.26308,0.00729,0.0109,0.02034,0.00659,0.06304,0.02295,1.98078,0.99015,0.39386,0.55124,1.03125,5.84675,1.76722,0.08956,0.23029,0.57384,3.51065,0.28382,0.61228,0.00607,5.17062,0.15922,1.19126,1.76722,0.28382,0.61228,2.26308,2.29252,1.98078,3.9709,5.17062,0.53179,2.85173
2026-01-07 03:00:00,2.90672,0.02521,0.2067,0.39848,0.12474,0.0203,0.01988,0.06763,0.17852,0.29375,0.65296,2.66622,0.04413,1.17469,2.25241,0.00713,0.01089,0.02013,0.0064,0.06125,0.0226,2.00592,0.98363,0.39114,0.5452,0.9606,5.78987,1.69464,0.08775,0.22781,0.57255,3.47239,0.27821,0.59491,0.00596,5.14326,0.15615,1.17469,1.69464,0.27821,0.59491,2.25241,2.30052,2.00592,3.9679,5.14326,0.52934,2.84983
2026-01-07 04:00:00,2.89761,0.02504,0.20089,0.3793,0.12343,0.01978,0.01954,0.06428,0.1592,0.29253,0.64987,2.66142,0.04242,1.15883,2.24217,0.00696,0.01087,0.01959,0.0062,0.05945,0.02225,2.02859,0.97859,0.38842,0.53915,0.89656,5.73299,1.63287,0.08594,0.22531,0.56962,3.4327,0.27261,0.57946,0.00593,5.1117,0.15308,1.15883,1.63287,0.27261,0.57946,2.24217,2.30604,2.02859,3.96197,5.1117,0.52546,2.84816
2026-01-07 05:00:00,2.88852,0.02489,0.19545,0.36406,0.12222,0.0195,0.01925,0.06133,0.14581,0.29132,0.64683,2.65639,0.0408,1.14348,2.23262,0.00679,0.01085,0.01957,0.00601,0.05765,0.0219,2.04872,0.9754,0.38569,0.5331,0.83837,5.67611,1.58276,0.08413,0.22276,0.56602,3.39251,0.26737,0.56561,0.00579,5.07674,0.15001,1.14348,1.58276,0.26737,0.56561,2.23262,2.30932,2.04872,3.95358,5.07674,0.52108,2.8467
2026-01-07 06:00:00,2.87942,0.02474,0.19043,0.35119,0.12112,0.01918,0.01898,0.05865,0.13602,0.29009,0.64377,2.65128,0.03925,1.12831,2.22399,0.00662,0.01083,0.01952,0.00582,0.05585,0.02154,2.06629,0.97348,0.38297,0.52705,0.78535,5.61922,1.48141,0.08232,0.22027,0.56291,3.35323,0.2626,0.55329,0.00558,5.03905,0.14694,1.12831,1.48141,0.2626,0.55329,2.22399,2.31065,2.06629,3.94323,5.03905,0.51761,2.84539
2026-01-07 07:00:00,2.88556,0.02458,0.18573,0.34077,0.1201,0.01856,0.01871,0.0561,0.129,0.28893,0.64076,2.62637,0.0378,1.11332,2.21642,0.00646,0.01081,0.01933,0.00562,0.05437,0.02119,2.08133,0.97243,0.38098,0.52227,0.73699,5.5498,1.39825,0.08052,0.21781,0.56098,3.32546,0.258,0.54251,0.00551,4.99911,0.14477,1.11332,1.39825,0.258,0.54251,2.21642,2.31027,2.08133,3.93145,4.99911,0.51502,2.84422
2026-01-07 08:00:00,2.89168,0.02442,0.18123,0.32688,0.11914,0.01727,0.01848,0.05354,0.12487,0.28749,0.6374,2.60161,0.03642,1.09858,2.20997,0.00631,0.01079,0.01914,0.00543,0.05289,0.02084,2.09394,0.97199,0.379,0.51749,0.69279,5.48038,1.32139,0.07872,0.21529,0.56025,3.29866,0.25611,0.53325,0.0056,4.95737,0.1426,1.09858,1.32139,0.25611,0.53325,2.20997,2.30847,2.09394,3.91786,4.95737,0.51342,2.84317
2026-01-07 09:00:00,2.89782,0.02426,0.17685,0.30625,0.1182,0.01641,0.01829,0.05104,0.12303,0.28604,0.63404,2.5769,0.03509,1.08416,2.20467,0.00615,0.01078,0.01894,0.00523,0.05141,0.02048,2.10428,0.97137,0.37701,0.51271,0.65217,5.41095,1.25035,0.07693,0.21283,0.55904,3.27129,0.25424,0.52522,0.00579,4.91425,0.14044,1.08416,1.25035,0.25424,0.52522,2.20467,2.30551,2.10428,3.90159,4.91425,0.51122,2.84222
2026-01-07 10:00:00,2.90395,0.02413,0.1725,0.28977,0.11728,0.01609,0.01813,0.04871,0.12233,0.28442,0.63043,2.55221,0.03383,1.07021,2.20056,0.00598,0.01076,0.01873,0.00504,0.04992,0.02013,2.11252,0.96868,0.37502,0.50792,0.61477,5.34153,1.18477,0.07513,0.21036,0.55632,3.24226,0.25237,0.51816,0.00601,4.86987,0.13827,1.07021,1.18477,0.25237,0.51816,2.20056,2.30166,2.11252,3.88264,4.86987,0.50738,2.84136
2026-01-07 11:00:00,2.91008,0.024,0.16816,0.27699,0.11641,0.01591,0.01798,0.04664,0.12221,0.28285,0.62693,2.52739,0.03263,1.05679,2.19765,0.00583,0.01074,0.01855,0.00485,0.04844,0.01978,2.11887,0.96325,0.37303,0.50314,0.58041,5.27211,1.12413,0.07333,0.20805,0.553,3.21258,0.25072,0.51194,0.00617,4.82427,0.1361,1.05679,1.12413,0.25072,0.51194,2.19765,2.29703,2.11887,3.86135,4.82427,0.50289,2.84057
2026-01-07 12:00:00,2.91621,0.02388,0.16392,0.26698,0.1156,0.01571,0.01781,0.04476,0.1227,0.28135,0.62344,2.50242,0.03149,1.04398,2.19592,0.00567,0.01072,0.01836,0.00465,0.04697,0.01942,2.12354,0.9559,0.37105,0.49836,0.54892,5.20269,1.06806,0.07153,0.20565,0.55072,3.18387,0.24936,0.50649,0.0063,4.77751,0.13393,1.04398,1.06806,0.24936,0.50649,2.19592,2.29163,2.12354,3.83717,4.77751,0.49937,2.72611
2026-01-07 13:00:00,2.93181,0.02374,0.16294,0.25987,0.11484,0.01533,0.01765,0.04294,0.12411,0.27979,0.61985,2.48117,0.03039,1.03181,2.19537,0.00552,0.0107,0.01818,0.00446,0.04575,0.01907,2.12676,0.94724,0.37094,0.49507,0.52012,5.10835,1.01638,0.06973,0.20323,0.54933,3.16453,0.2481,0.50184,0.00606,4.72957,0.13237,1.03181,1.01638,0.2481,0.50184,2.19537,2.28584,2.12676,3.81134,4.72957,0.4967,2.3601
2026-01-07 14:00:00,2.94742,0.0236,0.16203,0.25081,0.1141,0.01453,0.0175,0.04113,0.12678,0.2782,0.61614,2.45983,0.02933,1.02023,2.19601,0.00538,0.01068,0.018,0.00427,0.04453,0.01872,2.12872,0.93766,0.37085,0.49177,0.49264,5.014,0.9689,0.06795,0.20078,0.54899,3.14623,0.24687,0.49794,0.0059,4.68058,0.13081,1.02023,0.9689,0.24687,0.49794,2.19601,2.28029,2.12872,3.78412,4.68058,0.49506,2.23523
2026-01-07 15:00:00,2.96302,0.02346,0.16111,0.23788,0.11336,0.01399,0.01737,0.03933,0.13072,0.2767,0.61254,2.43854,0.02832,1.00925,2.19777,0.00524,0.01067,0.01781,0.00407,0.04331,0.01836,2.12959,0.92766,0.37075,0.48848,0.46465,4.91965,0.92522,0.06616,0.19835,0.54806,3.1273,0.24564,0.49479,0.00578,4.63073,0.12925,1.00925,0.92522,0.24564,0.49479,2.19777,2.27511,2.12959,3.75572,4.63073,0.49281,2.1936
2026-01-07 16:00:00,2.97863,0.02334,0.16015,0.22747,0.11262,0.01379,0.01726,0.03766,0.13555,0.27537,0.60919,2.41721,0.02734,0.99891,2.20064,0.00509,0.01065,0.01763,0.00388,0.04208,0.01801,2.12962,0.91814,0.37064,0.48518,0.43917,4.8253,0.88458,0.06437,0.19592,0.54554,3.10677,0.24442,0.49228,0.00568,4.58027,0.12768,0.99891,0.88458,0.24442,0.49228,2.20064,2.2702,2.12962,3.72634,4.58027,0.48896,2.17279
2026-01-07 17:00:00,2.99423,0.02323,0.15918,0.21925,0.11192,0.01368,0.01717,0.03617,0.13039,0.27347,0.60507,2.39578,0.0264,0.98922,2.20455,0.00495,0.01063,0.01744,0.00368,0.04086,0.01766,2.1291,0.9095,0.37055,0.48189,0.41587,4.73096,0.8466,0.06259,0.19344,0.54238,3.08561,0.24334,0.4784,0.00556,4.52941,0.12612,0.98922,0.8466,0.24334,0.4784,2.20455,2.26561,2.1291,3.69614,4.52941,0.48446,2.1603
2026-01-07 18:00:00,3.00984,0.02311,0.15824,0.21254,0.11125,0.01356,0.01707,0.03479,0.12543,0.27215,0.60174,2.37433,0.02547,0.97661,2.20938,0.0048,0.01061,0.01726,0.00349,0.03964,0.0173,2.12826,0.90146,0.37044,0.47859,0.39454,4.63661,0.81121,0.0608,0.19099,0.54021,3.06541,0.24244,0.46509,0.00541,4.47831,0.12456,0.97661,0.81121,0.24244,0.46509,2.20938,2.26141,2.12826,3.66527,4.47831,0.48093,2.15198
2026-01-07 19:00:00,3.03177,0.02299,0.15738,0.20742,0.11062,0.01332,0.01698,0.03347,0.12067,0.27083,0.59848,2.36288,0.02459,0.96462,2.21484,0.00466,0.01059,0.01711,0.0033,0.03801,0.01695,2.12731,0.89386,0.37068,0.47518,0.37513,4.5741,0.77832,0.05902,0.18859,0.53895,3.05027,0.24161,0.45234,0.0053,4.42714,0.12341,0.96462,0.77832,0.24161,0.45234,2.21484,2.2577,2.12731,3.63389,4.42714,0.4783,2.14603
2026-01-07 20:00:00,3.01096,0.02285,0.15656,0.20088,0.10999,0.01282,0.01691,0.03213,0.11638,0.26891,0.59449,2.35125,0.02375,0.95325,2.22076,0.00453,0.01057,0.01693,0.0031,0.03639,0.0166,2.12635,0.88656,0.3709,0.47176,0.35705,4.51158,0.7478,0.05725,0.18617,0.53875,3.03622,0.24079,0.44014,0.00522,4.37605,0.12225,0.95325,0.7478,0.24079,0.44014,2.22076,2.25452,2.12635,3.60214,4.37605,0.47674,2.14157
2026-01-07 21:00:00,2.99015,0.02272,0.15572,0.19149,0.10934,0.01249,0.01685,0.03081,0.11264,0.26758,0.59128,2.33959,0.02296,0.94249,2.22709,0.0044,0.01056,0.01675,0.00291,0.03476,0.01624,2.12552,0.87951,0.37114,0.46835,0.3398,4.44907,0.72125,0.05548,0.18374,0.53801,3.02161,0.23998,0.42854,0.00516,4.32511,0.1211,0.94249,0.72125,0.23998,0.42854,2.22709,2.25193,2.12552,3.57016,4.32511,0.47463,2.1381
2026-01-07 22:00:00,2.96935,0.0226,0.15484,0.18398,0.1087,0.01237,0.0168,0.02958,0.10923,0.26621,0.58815,2.32826,0.02227,0.93234,2.23378,0.00426,0.01054,0.01658,0.00271,0.03313,0.01589,2.12491,0.87283,0.37137,0.46494,0.32337,4.38656,0.69801,0.0537,0.18134,0.5359,3.0056,0.23917,0.41757,0.00511,4.27427,0.11995,0.93234,0.69801,0.23917,0.41757,2.23378,2.24994,2.12491,3.5381,4.27427,0.47113,2.13533
2026-01-07 23:00:00,2.94854,0.02249,0.15393,0.17807,0.10807,0.0123,0.01676,0.02846,0.10595,0.26484,0.58498,2.31675,0.02168,0.9228,2.24082,0.00413,0.01052,0.0164,0.00252,0.03151,0.01554,2.12462,0.86657,0.3716,0.46152,0.30791,4.32404,0.67582,0.05193,0.17894,0.53324,2.98907,0.23844,0.4072,0.00505,4.22344,0.11879,0.9228,0.67582,0.23844,0.4072,2.24082,2.24856,2.12462,3.50489,4.22344,0.46709,2.13306
2026-01-08 00:00:00,2.92773,0.02238,0.15305,0.17327,0.10747,0.01222,0.01672,0.02743,0.10264,0.26399,0.58257,2.30521,0.02106,0.91383,2.24819,0.00399,0.0105,0.01623,0.00233,0.02988,0.01519,2.12473,0.86059,0.37183,0.45811,0.29249,4.26152,0.65469,0.05015,0.17645,0.53142,2.97338,0.23783,0.3974,0.00498,4.17251,0.11764,0.91383,0.65469,0.23783,0.3974,2.24819,2.24778,2.12473,3.4707,4.17251,0.46391,2.13117
2026-01-08 01:00:00,2.9117,0.02226,0.15223,0.16969,0.1069,0.01207,0.0167,0.02642,0.09935,0.26264,0.5795,2.30056,0.0204,0.90542,2.25584,0.00387,0.01048,0.01608,0.00213,0.02913,0.01483,2.12529,0.85481,0.37268,0.45519,0.27713,4.21506,0.6345,0.04839,0.17398,0.53047,2.9602,0.23726,0.38814,0.00492,4.12124,0.11676,0.90542,0.6345,0.23726,0.38814,2.25584,2.24757,2.12529,3.4371,4.12124,0.46158,2.12957
2026-01-08 02:00:00,2.89567,0.02213,0.15146,0.16503,0.10634,0.01176,0.01668,0.02567,0.09634,0.26185,0.57723,2.29599,0.01972,0.89754,2.26373,0.00375,0.01047,0.01593,0.00194,0.02838,0.01448,2.12635,0.84917,0.37352,0.45226,0.26303,4.1686,0.61512,0.04662,0.17154,0.53049,2.94798,0.23669,0.37942,0.00488,4.06971,0.11588,0.89754,0.61512,0.23669,0.37942,2.26373,2.24792,2.12635,3.40416,4.06971,0.46022,2.12819
2026-01-08 03:00:00,2.87964,0.022,0.15067,0.15825,0.10575,0.01155,0.01667,0.02492,0.0937,0.26056,0.57441,2.29173,0.01901,0.89016,2.27184,0.00362,0.01045,0.01576,0.00174,0.02763,0.01413,2.12792,0.84371,0.37437,0.44934,0.25,4.12214,0.59652,0.04486,0.16913,0.53007,2.93533,0.23613,0.3712,0.00485,4.01819,0.11501,0.89016,0.59652,0.23613,0.3712,2.27184,2.24878,2.12792,3.37193,4.01819,0.45842,2.127
2026-01-08 04:00:00,2.86361,0.02189,0.14982,0.15282,0.10516,0.01147,0.01665,0.02424,0.09128,0.25951,0.57205,2.28757,0.0182,0.88329,2.28011,0.0035,0.01043,0.0156,0.00155,0.02688,0.01377,2.13004,0.83882,0.37521,0.44642,0.23793,4.07568,0.57874,0.04309,0.16676,0.52852,2.92155,0.23558,0.36344,0.00482,3.96687,0.11413,0.88329,0.57874,0.23558,0.36344,2.28011,2.25016,2.13004,3.34043,3.96687,0.4555,2.12596
2026-01-08 05:00:00,2.84758,0.02179,0.14895,0.14855,0.10459,0.01143,0.01662,0.02364,0.08892,0.25848,0.56975,2.28348,0.01734,0.87689,2.28849,0.00338,0.01042,0.01544,0.00136,0.02613,0.01342,2.1327,0.83466,0.37606,0.44349,0.22686,4.02922,0.56184,0.04133,0.16437,0.52656,2.90736,0.23507,0.3561,0.00476,3.91593,0.11325,0.87689,0.56184,0.23507,0.3561,2.28849,2.25202,2.1327,3.30967,3.91593,0.45216,2.12505
2026-01-08 06:00:00,2.83155,0.02168,0.1481,0.14507,0.10404,0.01138,0.01656,0.0231,0.0865,0.25743,0.56748,2.2795,0.01652,0.87096,2.29693,0.00325,0.0104,0.01528,0.00116,0.02538,0.01307,2.13589,0.83099,0.3769,0.44057,0.21678,3.98276,0.54584,0.03956,0.16199,0.5253,2.89386,0.23464,0.34917,0.00469,3.86554,0.11237,0.87096,0.54584,0.23464,0.34917,2.29693,2.25432,2.13589,3.27968,3.86554,0.44952,2.12423
2026-01-08 07:00:00,2.81888,0.02156,0.14732,0.14241,0.10351,0.01127,0.01648,0.02258,0.08408,0.25641,0.56522,2.2626,0.01577,0.86545,2.30541,0.00314,0.01038,0.01514,0.00097,0.02498,0.01271,2.13961,0.82768,0.37806,0.4381,0.20755,3.92938,0.53073,0.03933,0.16001,0.52468,2.88386,0.23423,0.34263,0.00464,3.81578,0.11185,0.86545,0.53073,0.23423,0.34263,2.30541,2.25704,2.13961,3.25045,3.81578,0.44754,2.1235
2026-01-08 08:00:00,2.80621,0.02143,0.14657,0.13894,0.10298,0.01105,0.0164,0.02206,0.08186,0.25521,0.56268,2.2459,0.01555,0.86035,2.31386,0.00303,0.01036,0.01499,0.00078,0.02457,0.01236,2.14383,0.82461,0.37921,0.43563,0.19904,3.876,0.51654,0.03909,0.15858,0.52482,2.87458,0.23383,0.33647,0.0046,3.76678,0.11132,0.86035,0.51654,0.23383,0.33647,2.31386,2.26203,2.14383,3.22203,3.76678,0.4463,2.12284
2026-01-08 09:00:00,2.79354,0.02131,0.14582,0.13388,0.10244,0.0109,0.01633,0.02155,0.07992,0.25398,0.56012,2.22927,0.01536,0.85564,2.32224,0.00291,0.01035,0.01484,0.00058,0.02417,0.01201,2.14855,0.82161,0.38037,0.43316,0.19115,3.82262,0.50324,0.03886,0.15744,0.52446,2.86483,0.23343,0.33065,0.00457,3.7186,0.1108,0.85564,0.50324,0.23343,0.33065,2.32224,2.26737,2.14855,3.1944,3.7186,0.44457,2.12225
2026-01-08 10:00:00,2.78087,0.0212,0.14502,0.12983,0.10188,0.01085,0.01626,0.02108,0.07815,0.25262,0.55738,2.21267,0.0152,0.8513,2.3305,0.0028,0.01033,0.01468,0.00039,0.02376,0.01165,2.15392,0.81826,0.38152,0.43069,0.1838,3.76923,0.49079,0.03863,0.15644,0.52282,2.85379,0.23304,0.32517,0.00455,3.6713,0.11028,0.8513,0.49079,0.23304,0.32517,2.3305,2.27302,2.15392,3.1676,3.6713,0.44156,2.12171
2026-01-08 11:00:00,2.7682,0.0211,0.14419,0.12665,0.10134,0.01082,0.0162,0.02067,0.0764,0.25133,0.5547,2.19597,0.01506,0.84732,2.33861,0.00269,0.01031,0.01453,0.00019,0.02335,0.0113,2.16013,0.81433,0.38268,0.42822,0.17702,3.71585,0.47914,0.03839,0.15552,0.52066,2.84222,0.23267,0.31999,0.00453,3.62496,0.10975,0.84732,0.47914,0.23267,0.31999,2.33861,2.27896,2.16013,3.14165,3.62496,0.43803,2.12121
2026-01-08 12:00:00,2.75553,0.021,0.1434,0.12406,0.10082,0.01078,0.01614,0.02029,0.07461,0.25008,0.55203,2.17914,0.01493,0.84368,2.34651,0.00257,0.01029,0.01439,0,0.02295,0.01095,2.16713,0.81001,0.38383,0.42575,0.1708,3.66247,0.46826,0.03816,0.15467,0.51925,2.83142,0.23235,0.3151,0.0045,3.57959,0.10923,0.84368,0.46826,0.23235,0.3151,2.34651,2.28515,2.16713,3.11651,3.57959,0.43525,2.09411
2026-01-08 13:00:00,2.74605,0.02089,0.14266,0.1221,0.10032,0.01072,0.01608,0.01992,0.07283,0.24879,0.54926,2.16216,0.01482,0.84035,2.35416,0.00248,0.01027,0.01426,0,0.02273,0.01059,2.17476,0.8054,0.38548,0.42364,0.16505,3.60905,0.4581,0.03794,0.15384,0.5185,2.82057,0.23205,0.31048,0.00448,3.53526,0.10856,0.84035,0.4581,0.23205,0.31048,2.35416,2.29155,2.17476,3.09143,3.53526,0.43313,1.99747
2026-01-08 14:00:00,2.73656,0.02077,0.14196,0.11954,0.09982,0.01058,0.01602,0.01954,0.07123,0.24739,0.54641,2.1451,0.01471,0.83776,2.36153,0.00237,0.01026,0.01411,0,0.02252,0.01024,2.18295,0.8006,0.38713,0.42153,0.15971,3.55563,0.44865,0.03771,0.153,0.51854,2.81049,0.23175,0.30613,0.00447,3.49188,0.10789,0.83776,0.44865,0.23175,0.30613,2.36153,2.29812,2.18295,3.06736,3.49188,0.43179,1.8734
2026-01-08 15:00:00,2.72708,0.02066,0.14124,0.11582,0.09931,0.01049,0.01598,0.01917,0.06988,0.24602,0.54366,2.12807,0.01461,0.83819,2.36868,0.00227,0.01024,0.01398,0,0.0223,0.00989,2.19159,0.79568,0.38878,0.41943,0.1547,3.5304,0.43984,0.03748,0.1522,0.51802,2.79987,0.23145,0.30202,0.00446,3.44942,0.10723,0.83819,0.43984,0.23145,0.30202,2.36868,2.30481,2.19159,3.04427,3.44942,0.42991,1.83205
2026-01-08 16:00:00,2.71759,0.02056,0.14048,0.11284,0.09879,0.01045,0.01593,0.01881,0.06867,0.24476,0.54111,2.111,0.01451,0.84411,2.37587,0.00217,0.01022,0.01384,0,0.02208,0.00953,2.20061,0.79074,0.3857,0.41732,0.15,3.50516,0.43163,0.03726,0.1514,0.51611,2.78785,0.23116,0.29814,0.00445,3.40798,0.10656,0.84411,0.43163,0.23116,0.29814,2.37587,2.3116,2.20061,3.02222,3.40798,0.42662,1.81137
2026-01-08 17:00:00,2.70811,0.02047,0.13969,0.11049,0.09828,0.01043,0.01589,0.01851,0.06748,0.2431,0.53788,2.09385,0.01442,0.85528,2.38351,0.00207,0.01021,0.0137,0,0.02187,0.00918,2.20995,0.78583,0.38263,0.41521,0.14563,3.47993,0.424,0.03704,0.15061,0.51362,2.77526,0.23088,0.29448,0.00443,3.36762,0.10589,0.85528,0.424,0.23088,0.29448,2.38351,2.31844,2.20995,3.00116,3.36762,0.42276,1.79897
2026-01-08 18:00:00,2.69862,0.02037,0.13893,0.10857,0.09779,0.01041,0.01584,0.01823,0.06624,0.24183,0.53529,2.07669,0.01433,0.87022,2.39201,0.00196,0.01019,0.01356,0,0.02165,0.00883,2.21955,0.78094,0.37955,0.4131,0.14159,3.4547,0.41687,0.03681,0.14983,0.51195,2.76348,0.23063,0.29102,0.00441,3.3284,0.10522,0.87022,0.41687,0.23063,0.29102,2.39201,2.3253,2.21955,2.98114,3.3284,0.41972,1.79069
2026-01-08 19:00:00,2.6893,0.02026,0.13822,0.1071,0.09732,0.01036,0.01579,0.01796,0.06499,0.24054,0.53272,2.06354,0.01425,0.88778,2.40167,0.00187,0.01017,0.01344,0,0.0215,0.00848,2.22937,0.77607,0.37721,0.41121,0.13785,3.42619,0.41023,0.0366,0.14902,0.51104,2.7523,0.23039,0.28775,0.00439,3.29034,0.1047,0.88778,0.41023,0.23039,0.28775,2.40167,2.33217,2.22937,2.96212,3.29034,0.41743,1.78479
2026-01-08 20:00:00,2.67997,0.02015,0.13755,0.10518,0.09685,0.01027,0.01574,0.01768,0.06385,0.23928,0.52948,2.05023,0.01416,0.90707,2.41261,0.00177,0.01016,0.01331,0,0.02135,0.00812,2.23936,0.7712,0.37486,0.40931,0.13435,3.39768,0.40405,0.03638,0.14826,0.51102,2.74201,0.23016,0.28468,0.00438,3.26141,0.10418,0.90707,0.40405,0.23016,0.28468,2.41261,2.33907,2.23936,2.94412,3.26141,0.41603,1.78036
2026-01-08 21:00:00,2.67065,0.02003,0.13687,0.10238,0.09636,0.0102,0.01569,0.01741,0.06289,0.2384,0.5269,2.03686,0.01408,0.92738,2.42478,0.00168,0.01014,0.01318,0,0.0212,0.00777,2.24946,0.76634,0.37252,0.40742,0.13106,3.36918,0.39829,0.03617,0.1475,0.5105,2.73121,0.22993,0.28177,0.00437,3.23369,0.10367,0.92738,0.39829,0.22993,0.28177,2.42478,2.34606,2.24946,2.92708,3.23369,0.41412,1.77691
2026-01-08 22:00:00,2.66133,0.01993,0.13614,0.10014,0.09586,0.01018,0.01565,0.01716,0.06204,0.23744,0.52438,2.02375,0.01401,0.94822,2.43803,0.00159,0.01012,0.01305,0,0.02105,0.00742,2.25966,0.76154,0.37018,0.40553,0.12796,3.34067,0.39293,0.03596,0.14672,0.50862,2.71908,0.22969,0.27902,0.00436,3.20719,0.10315,0.94822,0.39293,0.22969,0.27902,2.43803,2.35323,2.25966,2.911,3.20719,0.41088,1.77415
2026-01-08 23:00:00,2.652,0.01984,0.13539,0.09837,0.09537,0.01017,0.01561,0.01694,0.06118,0.2364,0.52191,2.01042,0.01394,0.96919,2.45215,0.00149,0.01011,0.01292,0,0.0209,0.00706,2.26994,0.75682,0.36783,0.40363,0.12505,3.31216,0.38793,0.03574,0.14595,0.50621,2.70641,0.22947,0.27643,0.00434,3.18189,0.10263,0.96919,0.38793,0.22947,0.27643,2.45215,2.36068,2.26994,2.89587,3.18189,0.4071,1.7719
2026-01-09 00:00:00,2.64268,0.01974,0.13467,0.09693,0.0949,0.01015,0.01556,0.01674,0.06026,0.23569,0.52019,1.99705,0.01388,0.98999,2.46692,0.0014,0.01009,0.0128,0,0.02075,0.00671,2.28031,0.75215,0.36549,0.40174,0.12236,3.28365,0.38326,0.03553,0.14518,0.50463,2.69456,0.22927,0.27398,0.00431,3.1578,0.10211,0.98999,0.38326,0.22927,0.27398,2.46692,2.36852,2.28031,2.88165,3.1578,0.40414,1.77002
2026-01-09 01:00:00,2.635,0.01964,0.13399,0.09582,0.09445,0.01012,0.01551,0.01655,0.05931,0.23455,0.51794,1.9867,0.01381,1.0104,2.48207,0.00131,0.01007,0.01268,0,0.02063,0.00636,2.2908,0.74752,0.36331,0.4,0.11985,3.26877,0.37892,0.03533,0.14443,0.50379,2.68376,0.22908,0.27166,0.00429,3.13489,0.10168,1.0104,0.37892,0.22908,0.27166,2.48207,2.37682,2.2908,2.86832,3.13489,0.40192,1.76843
2026-01-09 02:00:00,2.62732,0.01952,0.13335,0.09437,0.09399,0.01004,0.01547,0.01636,0.05846,0.23375,0.51641,1.97646,0.01375,1.03025,2.49736,0.00122,0.01006,0.01256,0,0.02051,0.00636,2.30146,0.74291,0.36112,0.39826,0.1175,3.25388,0.37485,0.03512,0.1437,0.50382,2.67382,0.22889,0.26948,0.00428,3.11315,0.10124,1.03025,0.37485,0.22889,0.26948,2.49736,2.38566,2.30146,2.85585,3.11315,0.40058,1.76706
2026-01-09 03:00:00,2.61963,0.01942,0.13271,0.09225,0.09352,0.01,0.01543,0.01617,0.05774,0.23255,0.51433,1.96655,0.01369,1.04942,2.51257,0.00115,0.01004,0.01245,0,0.02039,0.006,2.31234,0.73834,0.35894,0.39652,0.11527,3.239,0.37106,0.03492,0.14294,0.50338,2.66343,0.22869,0.26742,0.00427,3.09255,0.10081,1.04942,0.37106,0.22869,0.26742,2.51257,2.39508,2.31234,2.84423,3.09255,0.39877,1.76588
2026-01-09 04:00:00,2.61195,0.01932,0.13202,0.09055,0.09304,0.00998,0.01539,0.016,0.05709,0.23151,0.5126,1.9568,0.01362,1.06784,2.5275,0.00106,0.01002,0.01233,0,0.02028,0.00565,2.32354,0.73387,0.35676,0.39478,0.11315,3.22412,0.36752,0.03471,0.14219,0.50171,2.65178,0.2285,0.26547,0.00426,3.07307,0.10038,1.06784,0.36752,0.2285,0.26547,2.5275,2.40506,2.32354,2.83341,3.07307,0.39572,1.76485
2026-01-09 05:00:00,2.60427,0.01923,0.13132,0.08921,0.09257,0.00997,0.01536,0.01585,0.05642,0.23047,0.51086,1.94715,0.01353,1.08547,2.54193,0.00097,0.01001,0.01221,0,0.02016,0.0053,2.33511,0.72955,0.35457,0.39304,0.11117,3.20923,0.36421,0.03451,0.14146,0.49955,2.63966,0.22832,0.26363,0.00424,3.05469,0.09994,1.08547,0.36421,0.22832,0.26363,2.54193,2.41558,2.33511,2.82337,3.05469,0.39219,1.76393
2026-01-09 06:00:00,2.59659,0.01914,0.13063,0.08812,0.09212,0.00995,0.01531,0.01571,0.0557,0.2294,0.50911,1.9376,0.01342,1.10227,2.55571,0.00089,0.00999,0.0121,0,0.02004,0.00494,2.34709,0.72534,0.35239,0.3913,0.10931,3.19435,0.3611,0.0343,0.14072,0.49815,2.62829,0.22815,0.26188,0.00422,3.03736,0.09951,1.10227,0.3611,0.22815,0.26188,2.55571,2.4266,2.34709,2.81412,3.03736,0.38941,1.76312
2026-01-09 07:00:00,2.58989,0.01904,0.13,0.08728,0.09169,0.00993,0.01527,0.01557,0.05495,0.22833,0.50732,1.92879,0.01333,1.11823,2.56872,0.00081,0.00997,0.01198,0,0.01994,0.00459,2.35955,0.7212,0.35001,0.38974,0.10757,3.17297,0.3582,0.0341,0.14002,0.49745,2.61828,0.22798,0.26023,0.0042,3.02106,0.09912,1.11823,0.3582,0.22798,0.26023,2.56872,2.43805,2.35955,2.8056,3.02106,0.38734,1.7624
2026-01-09 08:00:00,2.5832,0.01893,0.12939,0.08618,0.09125,0.00987,0.01522,0.01543,0.05428,0.22706,0.50522,1.9201,0.01326,1.13336,2.58081,0.00073,0.00995,0.01187,0,0.01983,0.00424,2.37246,0.7171,0.34763,0.38818,0.10593,3.15158,0.35548,0.03391,0.13928,0.49757,2.60909,0.22782,0.25867,0.00419,3.00577,0.09873,1.13336,0.35548,0.22782,0.25867,2.58081,2.44983,2.37246,2.79781,3.00577,0.38608,1.76175
2026-01-09 09:00:00,2.5765,0.01883,0.12878,0.08457,0.0908,0.00983,0.01519,0.01529,0.05371,0.22576,0.50308,1.91143,0.01321,1.14767,2.59192,0.00066,0.00993,0.01177,0,0.01972,0.00388,2.38587,0.71305,0.34525,0.38662,0.10437,3.1302,0.35293,0.03371,0.13855,0.49724,2.59946,0.22766,0.2572,0.00418,2.99145,0.09834,1.14767,0.35293,0.22766,0.2572,2.59192,2.46186,2.38587,2.79074,2.99145,0.38438,1.76115
2026-01-09 10:00:00,2.5698,0.01874,0.12813,0.08328,0.09033,0.00981,0.01515,0.01515,0.0532,0.22435,0.50074,1.90274,0.01316,1.16118,2.60196,0.00058,0.00992,0.01166,0,0.01962,0.00353,2.39974,0.70905,0.34286,0.38506,0.10289,3.10882,0.35054,0.03351,0.13783,0.49573,2.58863,0.22749,0.25581,0.00417,2.97808,0.09794,1.16118,0.35054,0.22749,0.25581,2.60196,2.47402,2.39974,2.78438,2.97808,0.3815,1.76062
2026-01-09 11:00:00,2.56311,0.01866,0.12745,0.08226,0.08988,0.0098,0.01512,0.01504,0.05269,0.22298,0.49842,1.89391,0.01312,1.17392,2.61088,0.0005,0.0099,0.01154,0,0.01952,0.00318,2.41403,0.70512,0.34048,0.3835,0.10148,3.08743,0.34829,0.03332,0.1371,0.49376,2.57735,0.22733,0.25449,0.00415,2.96564,0.09755,1.17392,0.34829,0.22733,0.25449,2.61088,2.48621,2.41403,2.7787,2.96564,0.37815,1.76013
2026-01-09 12:00:00,2.55641,0.01858,0.1268,0.08143,0.08945,0.00979,0.01507,0.01493,0.05214,0.22165,0.4961,1.88491,0.01309,1.18592,2.61864,0.00043,0.00988,0.01144,0,0.01941,0.00283,2.42867,0.70123,0.3381,0.38194,0.10016,3.06605,0.34617,0.03312,0.13641,0.4925,2.56678,0.22718,0.25324,0.00413,2.95409,0.09716,1.18592,0.34617,0.22718,0.25324,2.61864,2.49833,2.42867,2.77371,2.95409,0.37552,1.73898
2026-01-09 13:00:00,2.55031,0.01848,0.12618,0.08079,0.08902,0.00976,0.01503,0.01482,0.05157,0.22029,0.49366,1.87647,0.01306,1.19721,2.62523,0.00036,0.00986,0.01133,0,0.01931,0.00247,2.44362,0.69736,0.33611,0.38053,0.09891,3.04864,0.34418,0.03293,0.13571,0.4919,2.55735,0.22704,0.25205,0.00411,2.94342,0.09678,1.19721,0.34418,0.22704,0.25205,2.62523,2.50769,2.44362,2.76938,2.94342,0.37355,1.66673
2026-01-09 14:00:00,2.54422,0.01838,0.12561,0.07996,0.0886,0.00969,0.01498,0.01471,0.05106,0.21889,0.49114,1.86793,0.01303,1.20783,2.63064,0.00029,0.00985,0.01123,0,0.01921,0.00212,2.45878,0.69353,0.33411,0.37913,0.09773,3.03123,0.34231,0.03274,0.13501,0.49208,2.54871,0.22689,0.25094,0.00409,2.9336,0.09639,1.20783,0.34231,0.22689,0.25094,2.63064,2.51771,2.45878,2.76573,2.9336,0.37235,1.57622
2026-01-09 15:00:00,2.53812,0.01828,0.12502,0.07874,0.08816,0.00965,0.01495,0.0146,0.05063,0.21755,0.48867,1.85938,0.01299,1.21781,2.63486,0.00023,0.00983,0.01115,0,0.01912,0.00177,2.47026,0.68972,0.33212,0.37772,0.0966,3.01382,0.34055,0.03255,0.13433,0.49044,2.53961,0.22674,0.24988,0.00408,2.92462,0.09601,1.21781,0.34055,0.22674,0.24988,2.63486,2.52826,2.47026,2.76272,2.92462,0.37071,1.54605
2026-01-09 16:00:00,2.53203,0.01819,0.1244,0.07776,0.08771,0.00963,0.01491,0.0145,0.05024,0.21632,0.48638,1.85078,0.01296,1.2272,2.643,0.00015,0.00981,0.01104,0,0.01902,0.00141,2.48134,0.68596,0.33013,0.37631,0.09551,2.99641,0.33889,0.03236,0.13363,0.48765,2.52936,0.2266,0.24887,0.00407,2.91646,0.09563,1.2272,0.33889,0.2266,0.24887,2.643,2.53882,2.48134,2.76034,2.91646,0.36792,1.53096
2026-01-09 17:00:00,2.52593,0.01811,0.12376,0.077,0.08727,0.00962,0.01488,0.01441,0.04984,0.2147,0.48352,1.84208,0.01293,1.23602,2.65,0.00008,0.0098,0.01093,0,0.01892,0.00106,2.49213,0.68226,0.32813,0.37491,0.09448,2.979,0.33732,0.03217,0.13297,0.4844,2.51868,0.22645,0.24792,0.00405,2.9091,0.09524,1.23602,0.33732,0.22645,0.24792,2.65,2.54908,2.49213,2.75857,2.9091,0.36468,1.52191
2026-01-09 18:00:00,2.51984,0.01803,0.12315,0.07636,0.08685,0.00961,0.01483,0.01432,0.0494,0.21348,0.48123,1.83337,0.0129,1.24431,2.65586,0.00002,0.00978,0.01083,0,0.01882,0.00071,2.50281,0.67862,0.32614,0.3735,0.0935,2.96159,0.33583,0.03198,0.13229,0.48186,2.50868,0.2263,0.24701,0.00403,2.90251,0.09486,1.24431,0.33583,0.2263,0.24701,2.65586,2.55892,2.50281,2.7574,2.90251,0.36214,1.51588
2026-01-09 19:00:00,2.51428,0.01794,0.12257,0.07588,0.08644,0.0096,0.01479,0.01424,0.04893,0.21227,0.47898,1.82506,0.01287,1.25211,2.66064,0,0.00976,0.01073,0,0.01873,0.00071,2.51342,0.67501,0.32516,0.37222,0.09257,2.94178,0.33443,0.0318,0.13159,0.47996,2.49974,0.22614,0.24616,0.00401,2.89667,0.09453,1.25211,0.33443,0.22614,0.24616,2.66064,2.56835,2.51342,2.75678,2.89667,0.36024,1.51157
2026-01-09 20:00:00,2.50873,0.01784,0.12202,0.07523,0.08603,0.00957,0.01475,0.01416,0.04851,0.21065,0.47613,1.81661,0.01284,1.25945,2.66436,0,0.00975,0.01064,0,0.01863,0.00071,2.5239,0.67142,0.32417,0.37094,0.09168,2.92198,0.3331,0.03162,0.13094,0.47883,2.49156,0.22599,0.24535,0.004,2.89157,0.0942,1.25945,0.3331,0.22599,0.24535,2.66436,2.57745,2.5239,2.75667,2.89157,0.35911,1.50833
2026-01-09 21:00:00,2.50317,0.01775,0.12147,0.07429,0.08561,0.00955,0.01471,0.01407,0.04816,0.20944,0.47387,1.80813,0.01281,1.26637,2.66706,0,0.00973,0.01055,0,0.01854,0.00071,2.53418,0.66788,0.32319,0.36966,0.09083,2.90217,0.33184,0.03144,0.13028,0.47729,2.48299,0.22584,0.24457,0.00399,2.88716,0.09387,1.26637,0.33184,0.22584,0.24457,2.66706,2.58621,2.53418,2.75706,2.88716,0.35758,1.50582
2026-01-09 22:00:00,2.49761,0.01767,0.12087,0.07354,0.08518,0.00954,0.01467,0.01399,0.04784,0.20825,0.47169,1.79988,0.01279,1.27288,2.66879,0,0.00972,0.01045,0,0.01845,0.00071,2.5442,0.66463,0.3222,0.36838,0.09,2.88237,0.33065,0.03126,0.1296,0.47476,2.4734,0.22568,0.24384,0.00398,2.88342,0.09354,1.27288,0.33065,0.22568,0.24384,2.66879,2.59459,2.5442,2.75791,2.88342,0.35504,1.50381
2026-01-09 23:00:00,2.49206,0.01759,0.12025,0.07295,0.08475,0.00954,0.01464,0.01392,0.04751,0.20706,0.46948,1.79146,0.01276,1.27902,2.6696,0,0.0097,0.01036,0,0.01835,0.00071,2.55395,0.66184,0.32122,0.3671,0.08921,2.86257,0.32951,0.03108,0.12895,0.47182,2.46343,0.22554,0.24315,0.00396,2.88033,0.09321,1.27902,0.32951,0.22554,0.24315,2.6696,2.60254,2.55395,2.75919,2.88033,0.35211,1.50216
2026-01-10 00:00:00,2.4865,0.01751,0.11965,0.07245,0.08435,0.00953,0.0146,0.01386,0.04714,0.2063,0.46786,1.78301,0.01273,1.28482,2.66953,0,0.00969,0.01028,0,0.01826,0.00071,2.56339,0.65936,0.32023,0.36582,0.08846,2.84276,0.32843,0.0309,0.12827,0.4695,2.45406,0.22542,0.24249,0.00394,2.87784,0.09288,1.28482,0.32843,0.22542,0.24249,2.66953,2.60999,2.56339,2.76089,2.87784,0.34979,1.50079
2026-01-10 01:00:00,2.48134,0.01742,0.11908,0.07206,0.08396,0.00951,0.01456,0.01379,0.04675,0.20515,0.46569,1.79208,0.0127,1.2903,2.66864,0,0.00967,0.01019,0,0.01817,0.00071,2.57251,0.65709,0.31893,0.36464,0.08773,2.8339,0.3274,0.03073,0.12763,0.46781,2.4456,0.2253,0.24185,0.00392,2.87593,0.09257,1.2903,0.3274,0.2253,0.24185,2.66864,2.61688,2.57251,2.76298,2.87593,0.34811,1.49963
2026-01-10 02:00:00,2.47617,0.01733,0.11855,0.07154,0.08356,0.00948,0.01453,0.01373,0.0464,0.20446,0.46423,1.80122,0.01267,1.29549,2.66696,0,0.00966,0.0101,0,0.01808,0.00071,2.58127,0.65498,0.31763,0.36347,0.08704,2.82505,0.32642,0.03056,0.12698,0.46686,2.43788,0.22519,0.24125,0.00391,2.87457,0.09227,1.29549,0.32642,0.22519,0.24125,2.66696,2.62318,2.58127,2.76542,2.87457,0.34716,1.49864
2026-01-10 03:00:00,2.47101,0.01724,0.11802,0.07077,0.08315,0.00945,0.0145,0.01366,0.04611,0.20336,0.46232,1.8106,0.01264,1.30041,2.66456,0,0.00964,0.01003,0,0.01798,0.00071,2.58964,0.65299,0.31633,0.36229,0.08636,2.8162,0.32548,0.03039,0.12635,0.4656,2.42987,0.22507,0.24068,0.0039,2.87374,0.09196,1.30041,0.32548,0.22507,0.24068,2.66456,2.62884,2.58964,2.7682,2.87374,0.34591,1.49777
2026-01-10 04:00:00,2.46584,0.01716,0.11746,0.07015,0.08273,0.00944,0.01447,0.0136,0.04586,0.20252,0.46079,1.82004,0.01261,1.30507,2.66148,0,0.00962,0.00993,0,0.01789,0.00071,2.59756,0.65142,0.31502,0.36111,0.08571,2.80734,0.32458,0.03021,0.12568,0.46362,2.4211,0.22496,0.24013,0.00389,2.87339,0.09165,1.30507,0.32458,0.22496,0.24013,2.66148,2.63384,2.59756,2.77127,2.87339,0.34393,1.49702
2026-01-10 05:00:00,2.46067,0.01708,0.11688,0.06967,0.08231,0.00944,0.01443,0.01355,0.04559,0.20168,0.45935,1.82956,0.01258,1.30951,2.65776,0,0.00961,0.00984,0,0.0178,0.00071,2.60499,0.65039,0.31372,0.35994,0.08508,2.79848,0.32372,0.03004,0.12505,0.46138,2.41209,0.22484,0.23962,0.00387,2.8735,0.09135,1.30951,0.32372,0.22484,0.23962,2.65776,2.63814,2.60499,2.77461,2.8735,0.3417,1.49635
2026-01-10 06:00:00,2.45551,0.01701,0.11632,0.06927,0.08192,0.00943,0.0144,0.0135,0.04529,0.20088,0.45792,1.8392,0.01256,1.31373,2.65345,0,0.00959,0.00977,0,0.01771,0.00071,2.6119,0.64976,0.31242,0.35876,0.08447,2.78963,0.3229,0.02987,0.1244,0.45961,2.40355,0.22473,0.23912,0.00384,2.87404,0.09104,1.31373,0.3229,0.22473,0.23912,2.65345,2.64175,2.6119,2.77821,2.87404,0.33993,1.49576
2026-01-10 07:00:00,2.45061,0.01692,0.11579,0.06897,0.08153,0.00942,0.01435,0.01345,0.04497,0.2001,0.45655,1.82931,0.01253,1.31775,2.64861,0,0.00957,0.00973,0,0.01762,0.00071,2.61824,0.64939,0.31034,0.35768,0.08388,2.77522,0.32212,0.0297,0.12378,0.45826,2.39564,0.22462,0.23864,0.00382,2.87498,0.09074,1.31775,0.32212,0.22462,0.23864,2.64861,2.64465,2.61824,2.78202,2.87498,0.33859,1.49523
2026-01-10 08:00:00,2.44571,0.01683,0.1153,0.06857,0.08115,0.00939,0.01431,0.01339,0.04468,0.19912,0.45497,1.81961,0.0125,1.3216,2.64326,0,0.00956,0.00972,0,0.01754,0.00071,2.62398,0.64921,0.30827,0.3566,0.08331,2.76081,0.32136,0.02954,0.12316,0.4574,2.38822,0.22451,0.23818,0.00381,2.87629,0.09045,1.3216,0.32136,0.22451,0.23818,2.64326,2.64685,2.62398,2.78603,2.87629,0.33773,1.49476
2026-01-10 09:00:00,2.44081,0.01674,0.1148,0.06798,0.08075,0.00937,0.01427,0.01334,0.04444,0.19813,0.45338,1.80999,0.01248,1.32528,2.63746,0,0.00954,0.0097,0,0.01745,0.00071,2.62909,0.64907,0.30619,0.35553,0.08276,2.7464,0.32064,0.02937,0.12254,0.45618,2.38044,0.22439,0.23775,0.0038,2.87794,0.09015,1.32528,0.32064,0.22439,0.23775,2.63746,2.64834,2.62909,2.7902,2.87794,0.33652,1.49433
2026-01-10 10:00:00,2.43591,0.01666,0.11426,0.06751,0.08034,0.00936,0.01424,0.01329,0.04422,0.19704,0.45165,1.8004,0.01245,1.32881,2.63124,0,0.00952,0.00969,0,0.01736,0.00071,2.63355,0.64818,0.30411,0.35445,0.08222,2.73198,0.31994,0.0292,0.1219,0.454,2.37168,0.22428,0.23733,0.00379,2.8799,0.08985,1.32881,0.31994,0.22428,0.23733,2.63124,2.64915,2.63355,2.7945,2.8799,0.33434,1.49393
2026-01-10 11:00:00,2.43101,0.01658,0.1137,0.06714,0.07995,0.00935,0.01421,0.01324,0.044,0.19599,0.45002,1.79077,0.01242,1.3322,2.62464,0,0.00951,0.00967,0,0.01728,0.00071,2.63735,0.64603,0.30204,0.35337,0.08169,2.71757,0.31926,0.02904,0.12128,0.45142,2.36255,0.22417,0.23693,0.00377,2.88214,0.08956,1.3322,0.31926,0.22417,0.23693,2.62464,2.64928,2.63735,2.7989,2.88214,0.33177,1.49358
2026-01-10 12:00:00,2.42611,0.01651,0.11316,0.06683,0.07957,0.00935,0.01417,0.0132,0.04375,0.19501,0.44839,1.78104,0.01239,1.33546,2.6177,0,0.00949,0.00966,0,0.01719,0.00071,2.64047,0.64303,0.29996,0.35229,0.08118,2.70316,0.31861,0.02887,0.12068,0.4494,2.35396,0.22406,0.23655,0.00375,2.88463,0.08926,1.33546,0.31861,0.22406,0.23655,2.6177,2.64879,2.64047,2.80339,2.88463,0.32975,1.47337
2026-01-10 13:00:00,2.42141,0.01642,0.11265,0.06658,0.0792,0.00933,0.01412,0.01316,0.04348,0.19398,0.44664,1.77054,0.01236,1.3386,2.61045,0,0.00948,0.00964,0,0.01711,0.00071,2.64291,0.63944,0.29846,0.35129,0.08069,2.68777,0.31799,0.02871,0.12006,0.44785,2.34604,0.22396,0.23618,0.00373,2.88734,0.08897,1.3386,0.31799,0.22396,0.23618,2.61045,2.64769,2.64291,2.80791,2.88734,0.32821,1.40911
2026-01-10 14:00:00,2.41671,0.01634,0.11218,0.06624,0.07883,0.0093,0.01408,0.01311,0.04324,0.19288,0.44477,1.75999,0.01233,1.34164,2.60293,0,0.00946,0.00962,0,0.01702,0.00071,2.64468,0.63543,0.29696,0.35029,0.08021,2.67239,0.31738,0.02855,0.11945,0.4469,2.3387,0.22385,0.23582,0.00372,2.89024,0.08869,1.34164,0.31738,0.22385,0.23582,2.60293,2.64603,2.64468,2.81246,2.89024,0.32726,1.35032
2026-01-10 15:00:00,2.41201,0.01625,0.1117,0.06574,0.07845,0.00928,0.01404,0.01307,0.04304,0.19183,0.44296,1.74949,0.01231,1.34458,2.59516,0,0.00944,0.00961,0,0.01694,0.00071,2.64579,0.63114,0.29546,0.3493,0.07973,2.657,0.31679,0.0284,0.11888,0.44558,2.33101,0.22374,0.23548,0.00371,2.8933,0.08841,1.34458,0.31679,0.22374,0.23548,2.59516,2.6438,2.64579,2.81699,2.8933,0.32594,1.33073
2026-01-10 16:00:00,2.40731,0.01618,0.11119,0.06534,0.07806,0.00928,0.01401,0.01303,0.04285,0.19092,0.4413,1.73895,0.01228,1.34743,2.58717,0,0.00943,0.00959,0,0.01685,0.00071,2.64626,0.62691,0.29396,0.3483,0.07927,2.64161,0.31622,0.02824,0.11828,0.44329,2.32235,0.22364,0.23516,0.0037,2.89649,0.08812,1.34743,0.31622,0.22364,0.23516,2.58717,2.64106,2.64626,2.82147,2.89649,0.32366,1.32093
2026-01-10 17:00:00,2.40261,0.01611,0.11066,0.06503,0.07767,0.00927,0.01397,0.01299,0.04265,0.18953,0.43906,1.7283,0.01226,1.3502,2.579,0,0.00941,0.00957,0,0.01677,0.00071,2.6461,0.62292,0.29246,0.3473,0.07882,2.62623,0.31566,0.02808,0.11766,0.44062,2.31329,0.22353,0.23484,0.00368,2.89977,0.08784,1.3502,0.31566,0.22353,0.23484,2.579,2.6378,2.6461,2.82591,2.89977,0.32099,1.31505
2026-01-10 18:00:00,2.39791,0.01604,0.11015,0.06477,0.07731,0.00927,0.01394,0.01295,0.04244,0.18861,0.43734,1.71761,0.01223,1.35289,2.57066,0,0.0094,0.00956,0,0.01668,0.00071,2.64535,0.6191,0.29096,0.3463,0.07838,2.61084,0.31513,0.02792,0.11707,0.43851,2.30481,0.22343,0.23454,0.00366,2.90313,0.08755,1.35289,0.31513,0.22343,0.23454,2.57066,2.63406,2.64535,2.83025,2.90313,0.31889,1.31113
2026-01-10 19:00:00,2.39339,0.01596,0.10967,0.06456,0.07695,0.00925,0.0139,0.01292,0.04222,0.18766,0.43567,1.72162,0.0122,1.35552,2.56219,0,0.00938,0.00954,0,0.0166,0.00071,2.64401,0.61539,0.28979,0.34535,0.07794,2.59648,0.3146,0.02777,0.11655,0.43696,2.29715,0.22332,0.23425,0.00364,2.90653,0.08727,1.35552,0.3146,0.22332,0.23425,2.56219,2.62987,2.64401,2.83448,2.90653,0.31735,1.30833
2026-01-10 20:00:00,2.38888,0.01588,0.10922,0.06427,0.07659,0.00922,0.01386,0.01288,0.04201,0.18624,0.43339,1.72547,0.01217,1.35808,2.5536,0,0.00937,0.00952,0,0.01652,0.00071,2.64211,0.61177,0.28861,0.3444,0.07752,2.58212,0.3141,0.02762,0.11603,0.43608,2.29015,0.22322,0.23397,0.00363,2.90995,0.08699,1.35808,0.3141,0.22322,0.23397,2.5536,2.62525,2.64211,2.83858,2.90995,0.31647,1.30623
2026-01-10 21:00:00,2.38436,0.01581,0.10876,0.06385,0.07622,0.0092,0.01383,0.01284,0.04183,0.18526,0.43166,1.72926,0.01214,1.36058,2.54491,0,0.00935,0.00951,0,0.01644,0.00071,2.63967,0.60824,0.28744,0.34346,0.07711,2.56776,0.3136,0.02746,0.11554,0.4349,2.28285,0.22312,0.23371,0.00362,2.91336,0.08671,1.36058,0.3136,0.22312,0.23371,2.54491,2.62023,2.63967,2.84252,2.91336,0.3153,1.3046
2026-01-10 22:00:00,2.37984,0.01574,0.10827,0.06352,0.07585,0.00919,0.0138,0.01281,0.04167,0.18428,0.42999,1.73327,0.01211,1.36303,2.53615,0,0.00933,0.00949,0,0.01635,0.00071,2.63673,0.60534,0.28627,0.34251,0.0767,2.5534,0.31312,0.02731,0.11502,0.43305,2.27487,0.22301,0.23345,0.00361,2.91673,0.08643,1.36303,0.31312,0.22301,0.23345,2.53615,2.61483,2.63673,2.84629,2.91673,0.31345,1.30329
2026-01-10 23:00:00,2.37533,0.01567,0.10776,0.06325,0.07548,0.00919,0.01377,0.01278,0.0415,0.18327,0.42828,1.7371,0.01209,1.36543,2.52733,0,0.00932,0.00948,0,0.01627,0.00071,2.63329,0.60342,0.28509,0.34156,0.07629,2.53904,0.31265,0.02716,0.11452,0.43096,2.26666,0.22291,0.2332,0.0036,2.92005,0.08615,1.36543,0.31265,0.22291,0.2332,2.52733,2.60907,2.63329,2.84987,2.92005,0.31135,1.30222
2026-01-11 00:00:00,2.37081,0.01561,0.10726,0.06303,0.07512,0.00918,0.01374,0.01274,0.04131,0.18273,0.42711,1.74087,0.01206,1.36779,2.51847,0,0.0093,0.00946,0,0.01619,0.00071,2.62939,0.60218,0.28392,0.34061,0.07589,2.52468,0.31219,0.02701,0.11399,0.4293,2.25887,0.22281,0.23295,0.00359,2.92328,0.08587,1.36779,0.31219,0.22281,0.23295,2.51847,2.60299,2.62939,2.85326,2.92328,0.30969,1.30133
2026-01-11 01:00:00,2.3664,0.01553,0.1068,0.06286,0.07478,0.00917,0.0137,0.0127,0.0411,0.18175,0.42553,1.7446,0.01204,1.3701,2.50959,0,0.00929,0.00944,0,0.01611,0.00071,2.62505,0.6014,0.28336,0.33973,0.07549,2.52186,0.31174,0.02686,0.11462,0.42809,2.25285,0.22271,0.23272,0.00358,2.92642,0.08559,1.3701,0.31174,0.22271,0.23272,2.50959,2.59661,2.62505,2.85642,2.92642,0.30849,1.30058
2026-01-11 02:00:00,2.362,0.01545,0.10636,0.06263,0.07443,0.00915,0.01366,0.01266,0.04091,0.18133,0.42475,1.74838,0.01201,1.37238,2.50069,0,0.00927,0.00943,0,0.01603,0.00071,2.6203,0.60095,0.2828,0.33885,0.07509,2.51905,0.3113,0.02672,0.11524,0.4274,2.24736,0.22261,0.23249,0.00357,2.92943,0.08532,1.37238,0.3113,0.22261,0.23249,2.50069,2.58996,2.6203,2.85936,2.92943,0.30781,1.29993
2026-01-11 03:00:00,2.35759,0.01537,0.10593,0.06228,0.07407,0.00913,0.01363,0.01262,0.04076,0.18052,0.42367,1.75238,0.01198,1.37463,2.4918,0,0.00926,0.00941,0,0.01595,0.00071,2.61515,0.60082,0.28224,0.33797,0.07469,2.51623,0.31087,0.02657,0.11588,0.42651,2.24166,0.22251,0.23227,0.00356,2.9323,0.08504,1.37463,0.31087,0.22251,0.23227,2.4918,2.58305,2.61515,2.86206,2.9323,0.30693,1.29937
2026-01-11 04:00:00,2.35318,0.0153,0.10546,0.062,0.07371,0.00913,0.0136,0.01257,0.04061,0.17999,0.42305,1.75646,0.01195,1.37685,2.48293,0,0.00924,0.0094,0,0.01587,0.00071,2.60965,0.60244,0.28168,0.33708,0.07429,2.51341,0.31044,0.02642,0.11649,0.4251,2.23541,0.22241,0.23206,0.00355,2.93503,0.08477,1.37685,0.31044,0.22241,0.23206,2.48293,2.57592,2.60965,2.86451,2.93503,0.30552,1.29888
2026-01-11 05:00:00,2.34878,0.01523,0.10498,0.06178,0.07335,0.00912,0.01357,0.01254,0.04046,0.17951,0.42259,1.76073,0.01193,1.37903,2.47408,0,0.00923,0.00938,0,0.01579,0.00071,2.60381,0.60669,0.28112,0.3362,0.07391,2.5106,0.31,0.02628,0.11712,0.4235,2.22901,0.22231,0.23185,0.00354,2.93758,0.0845,1.37903,0.31,0.22231,0.23185,2.47408,2.56859,2.60381,2.86671,2.93758,0.30393,1.29845
2026-01-11 06:00:00,2.34437,0.01517,0.10451,0.0616,0.07301,0.00912,0.01353,0.0125,0.04029,0.17906,0.42226,1.76522,0.01191,1.38119,2.46527,0,0.00921,0.00937,0,0.01571,0.00071,2.59765,0.61276,0.28056,0.33532,0.07353,2.50778,0.30958,0.02613,0.11774,0.42224,2.22294,0.22221,0.23165,0.00352,2.93995,0.08422,1.38119,0.30958,0.22221,0.23165,2.46527,2.56107,2.59765,2.86865,2.93995,0.30268,1.29807
2026-01-11 07:00:00,2.34001,0.01509,0.10407,0.06145,0.07268,0.0091,0.01349,0.01247,0.04011,0.17868,0.42193,1.75366,0.01188,1.38333,2.45651,0,0.00919,0.00935,0,0.01563,0.00071,2.59121,0.62009,0.28051,0.33451,0.07316,2.50465,0.30917,0.02599,0.11707,0.42127,2.216,0.22212,0.23146,0.0035,2.94213,0.08395,1.38333,0.30917,0.22212,0.23146,2.45651,2.55339,2.59121,2.87032,2.94213,0.30171,1.29772
2026-01-11 08:00:00,2.33566,0.01501,0.10366,0.06124,0.07235,0.00907,0.01345,0.01244,0.03995,0.17818,0.42139,1.74237,0.01185,1.38545,2.44781,0,0.00918,0.00933,0,0.01556,0.00071,2.5845,0.6283,0.28046,0.33371,0.07281,2.50151,0.30876,0.02585,0.11638,0.42062,2.20938,0.22202,0.23127,0.00349,2.9441,0.08368,1.38545,0.30876,0.22202,0.23127,2.44781,2.54557,2.5845,2.87171,2.9441,0.30107,1.29741
2026-01-11 09:00:00,2.3313,0.01493,0.10325,0.06094,0.07201,0.00905,0.01341,0.0124,0.03982,0.17769,0.4208,1.73126,0.01182,1.38755,2.43917,0,0.00916,0.00932,0,0.01548,0.00071,2.57756,0.6368,0.28041,0.3329,0.07246,2.49838,0.30837,0.02572,0.11571,0.4197,2.20251,0.22192,0.23108,0.00348,2.94586,0.08342,1.38755,0.30837,0.22192,0.23108,2.43917,2.53763,2.57756,2.87284,2.94586,0.30015,1.29713
2026-01-11 10:00:00,2.32695,0.01487,0.10281,0.0607,0.07166,0.00905,0.01338,0.01237,0.0397,0.17715,0.42011,1.72023,0.01179,1.38963,2.4306,0,0.00914,0.0093,0,0.0154,0.00071,2.57039,0.64264,0.28036,0.33209,0.07211,2.49525,0.30798,0.02558,0.11505,0.41801,2.19486,0.22183,0.2309,0.00347,2.9474,0.08315,1.38963,0.30798,0.22183,0.2309,2.4306,2.52958,2.57039,2.87368,2.9474,0.29847,1.29688
2026-01-11 11:00:00,2.32259,0.0148,0.10235,0.06051,0.07132,0.00904,0.01335,0.01235,0.03957,0.1767,0.41949,1.70913,0.01177,1.39169,2.42211,0,0.00913,0.00929,0,0.01533,0.00071,2.56304,0.64406,0.28031,0.33129,0.07178,2.49211,0.30759,0.02544,0.11436,0.416,2.18687,0.22173,0.23073,0.00345,2.9487,0.08288,1.39169,0.30759,0.22173,0.23073,2.42211,2.52145,2.56304,2.87426,2.9487,0.29646,1.29665
2026-01-11 12:00:00,2.31824,0.01474,0.10191,0.06034,0.071,0.00903,0.01331,0.01232,0.03941,0.17633,0.41893,1.69792,0.01174,1.39374,2.41371,0,0.00911,0.00927,0,0.01525,0.00071,2.55551,0.64242,0.28026,0.33048,0.07145,2.48898,0.30722,0.0253,0.11371,0.41443,2.17933,0.22164,0.23056,0.00342,2.94978,0.08261,1.39374,0.30722,0.22164,0.23056,2.41371,2.51325,2.55551,2.87454,2.94978,0.29489,1.27445
2026-01-11 13:00:00,2.31406,0.01467,0.1015,0.06021,0.07068,0.00902,0.01327,0.0123,0.03924,0.1759,0.4182,1.6901,0.01171,1.39577,2.4054,0,0.0091,0.00926,0,0.01518,0.00071,2.54782,0.63866,0.27967,0.3297,0.07112,2.47357,0.30685,0.02516,0.11271,0.41322,2.172,0.22154,0.23039,0.0034,2.95061,0.08235,1.39577,0.30685,0.22154,0.23039,2.4054,2.50499,2.54782,2.87456,2.95061,0.29369,1.21231
2026-01-11 14:00:00,2.30988,0.0146,0.10111,0.06004,0.07036,0.00899,0.01324,0.01227,0.03909,0.17538,0.41729,1.68225,0.01169,1.39779,2.39718,0,0.00908,0.00924,0,0.0151,0.00071,2.54,0.63345,0.27907,0.32892,0.0708,2.45816,0.30649,0.02503,0.11176,0.41248,2.16516,0.22145,0.23022,0.00339,2.95121,0.08209,1.39779,0.30649,0.22145,0.23022,2.39718,2.4956,2.54,2.87429,2.95121,0.29295,1.18652
2026-01-11 15:00:00,2.3057,0.01453,0.10072,0.05977,0.07003,0.00897,0.01321,0.01225,0.03895,0.17482,0.41632,1.67444,0.01166,1.3998,2.38907,0,0.00907,0.00923,0,0.01503,0.00071,2.53207,0.62725,0.27848,0.32814,0.07049,2.44275,0.30613,0.02489,0.11079,0.41146,2.15801,0.22136,0.23006,0.00338,2.95156,0.08183,1.3998,0.30613,0.22136,0.23006,2.38907,2.48523,2.53207,2.87377,2.95156,0.29193,1.17793
2026-01-11 16:00:00,2.30152,0.01447,0.1003,0.05956,0.06969,0.00896,0.01318,0.01222,0.03882,0.17439,0.41575,1.6666,0.01164,1.4018,2.38105,0,0.00905,0.00921,0,0.01496,0.00071,2.52394,0.62072,0.27788,0.32736,0.07018,2.42735,0.30578,0.02476,0.10982,0.40969,2.15013,0.22126,0.2299,0.00337,2.95166,0.08156,1.4018,0.30578,0.22126,0.2299,2.38105,2.4762,2.52394,2.87298,2.95166,0.29017,1.17363
2026-01-11 17:00:00,2.29734,0.01442,0.09987,0.05939,0.06936,0.00896,0.01315,0.0122,0.03868,0.17342,0.41457,1.65862,0.01161,1.40379,2.37314,0,0.00903,0.00919,0,0.01488,0.00071,2.51541,0.6143,0.27729,0.32658,0.06987,2.41194,0.30543,0.02462,0.10884,0.40764,2.14198,0.22117,0.22975,0.00335,2.95152,0.0813,1.40379,0.30543,0.22117,0.22975,2.37314,2.46763,2.51541,2.87191,2.95152,0.28813,1.17105
2026-01-11 18:00:00,2.29316,0.01436,0.09945,0.05925,0.06904,0.00895,0.01312,0.01218,0.03853,0.17294,0.41382,1.65051,0.01158,1.40577,2.36535,0,0.00902,0.00918,0,0.01481,0.00071,2.50653,0.60795,0.27669,0.3258,0.06956,2.39653,0.30509,0.02449,0.10789,0.40603,2.13425,0.22108,0.2296,0.00333,2.95113,0.08104,1.40577,0.30509,0.22108,0.2296,2.36535,2.45923,2.50653,2.8706,2.95113,0.28652,1.16933
2026-01-11 19:00:00,2.28908,0.01429,0.09905,0.05914,0.06873,0.00894,0.01308,0.01215,0.03837,0.1724,0.41305,1.65518,0.01156,1.40775,2.35767,0,0.009,0.00916,0,0.01474,0.00071,2.49757,0.60165,0.27586,0.32505,0.06926,2.38756,0.30476,0.02436,0.10751,0.40487,2.12769,0.22099,0.22945,0.00331,2.9505,0.08078,1.40775,0.30476,0.22099,0.22945,2.35767,2.4509,2.49757,2.86902,2.9505,0.28536,1.1681
2026-01-11 20:00:00,2.285,0.01421,0.09868,0.05898,0.06842,0.00891,0.01304,0.01213,0.03822,0.17131,0.41167,1.65979,0.01153,1.40972,2.3501,0,0.00899,0.00914,0,0.01466,0.00071,2.4887,0.59539,0.27504,0.32431,0.06897,2.37858,0.30443,0.02424,0.1071,0.40421,2.12165,0.2209,0.2293,0.0033,2.94963,0.08052,1.40972,0.30443,0.2209,0.2293,2.3501,2.44262,2.4887,2.8672,2.94963,0.28471,1.16718
2026-01-11 21:00:00,2.28092,0.01414,0.09831,0.05876,0.0681,0.00889,0.01301,0.0121,0.0381,0.17065,0.41079,1.66431,0.01151,1.41168,2.34265,0,0.00898,0.00913,0,0.01459,0.00071,2.47996,0.58926,0.27421,0.32356,0.06867,2.36961,0.30411,0.02411,0.10673,0.40338,2.11542,0.22081,0.22916,0.00329,2.94852,0.08026,1.41168,0.30411,0.22081,0.22916,2.34265,2.43439,2.47996,2.8651,2.94852,0.28388,1.16646
2026-01-11 22:00:00,2.27683,0.01408,0.09791,0.05857,0.06777,0.00888,0.01298,0.01208,0.03798,0.16997,0.4099,1.66898,0.01149,1.41363,2.33532,0,0.00896,0.00911,0,0.01452,0.00071,2.47134,0.58557,0.27338,0.32281,0.06838,2.36063,0.30379,0.02398,0.10635,0.4021,2.10875,0.22072,0.22902,0.00328,2.94717,0.08001,1.41363,0.30379,0.22072,0.22902,2.33532,2.42622,2.47134,2.86274,2.94717,0.28261,1.16589
2026-01-11 23:00:00,2.27275,0.01402,0.09749,0.05843,0.06745,0.00888,0.01295,0.01206,0.03786,0.16927,0.40903,1.67343,0.01147,1.41558,2.32811,0,0.00894,0.0091,0,0.01444,0.00071,2.46281,0.58582,0.27256,0.32207,0.06809,2.35166,0.30348,0.02386,0.10597,0.40068,2.10194,0.22063,0.22888,0.00327,2.94557,0.07975,1.41558,0.30348,0.22063,0.22888,2.32811,2.4181,2.46281,2.86015,2.94557,0.28119,1.16542
2026-01-12 00:00:00,2.26867,0.01396,0.09708,0.0583,0.06714,0.00887,0.01292,0.01203,0.03774,0.16905,0.40859,1.6778,0.01144,1.41752,2.32102,0,0.00893,0.00908,0,0.01437,0.00071,2.45436,0.58878,0.27173,0.32132,0.0678,2.34268,0.30317,0.02373,0.10556,0.39956,2.09542,0.22054,0.22874,0.00326,2.94374,0.07949,1.41752,0.30317,0.22054,0.22874,2.32102,2.41005,2.45436,2.8573,2.94374,0.28007,1.16503
2026-01-12 01:00:00,2.26465,0.0139,0.09669,0.05819,0.06684,0.00886,0.01288,0.01201,0.03761,0.16837,0.40768,1.6781,0.01141,1.41946,2.31406,0,0.00892,0.00907,0,0.0143,0.00071,2.44599,0.59363,0.27243,0.32128,0.06752,2.34852,0.30286,0.02361,0.10824,0.39873,2.09239,0.22046,0.22862,0.00325,2.94167,0.07924,1.41946,0.30286,0.22046,0.22862,2.31406,2.40207,2.44599,2.85425,2.94167,0.27924,1.1647
2026-01-12 02:00:00,2.26063,0.01382,0.09633,0.05805,0.06654,0.00884,0.01285,0.01199,0.0375,0.16832,0.40751,1.67845,0.01138,1.4214,2.30721,0,0.0089,0.00905,0,0.01423,0.00071,2.43769,0.59979,0.27313,0.32125,0.06723,2.35435,0.30256,0.02348,0.11091,0.39823,2.08969,0.22037,0.22848,0.00324,2.93937,0.07899,1.4214,0.30256,0.22037,0.22848,2.30721,2.39417,2.43769,2.85096,2.93937,0.27875,1.16442
2026-01-12 03:00:00,2.2566,0.01376,0.09597,0.05782,0.06623,0.00882,0.01282,0.01196,0.0374,0.16784,0.40697,1.67898,0.01136,1.42333,2.30049,0,0.00889,0.00903,0,0.01417,0.00071,2.42946,0.60682,0.27383,0.32122,0.06695,2.36019,0.30226,0.02336,0.1136,0.39758,2.08684,0.22028,0.22835,0.00324,2.93685,0.07873,1.42333,0.30226,0.22028,0.22835,2.30049,2.38635,2.42946,2.84748,2.93685,0.2781,1.16417
2026-01-12 04:00:00,2.25258,0.0137,0.09558,0.05765,0.06591,0.00881,0.01279,0.01194,0.0373,0.16769,0.4069,1.67953,0.01134,1.42526,2.2939,0,0.00887,0.00902,0,0.0141,0.00071,2.4213,0.61409,0.27453,0.32118,0.06668,2.36603,0.30196,0.02324,0.11624,0.39646,2.08352,0.2202,0.22822,0.00323,2.9341,0.07848,1.42526,0.30196,0.2202,0.22822,2.2939,2.37862,2.4213,2.84382,2.9341,0.27699,1.16396
2026-01-12 05:00:00,2.24856,0.01364,0.09517,0.0575,0.0656,0.00881,0.01277,0.01192,0.03719,0.16761,0.40698,1.6802,0.01131,1.42718,2.28742,0,0.00885,0.009,0,0.01403,0.00071,2.41321,0.62121,0.27523,0.32114,0.0664,2.37186,0.30165,0.02311,0.11892,0.39518,2.08003,0.22011,0.2281,0.00321,2.93116,0.07823,1.42718,0.30165,0.22011,0.2281,2.28742,2.37098,2.41321,2.83997,2.93116,0.27571,1.16377
2026-01-12 06:00:00,2.24454,0.01359,0.09478,0.05737,0.0653,0.0088,0.01274,0.0119,0.03706,0.16756,0.40722,1.68103,0.01129,1.42911,2.28108,0,0.00884,0.00899,0,0.01396,0.00071,2.4052,0.62822,0.27593,0.32111,0.06613,2.3777,0.30136,0.02299,0.1217,0.39417,2.07682,0.22003,0.22797,0.00319,2.92801,0.07798,1.42911,0.30136,0.22003,0.22797,2.28108,2.36343,2.4052,2.83596,2.92801,0.2747,1.1636
2026-01-12 07:00:00,2.2406,0.01353,0.09441,0.05724,0.06502,0.00879,0.01271,0.01188,0.03692,0.16759,0.40752,1.67037,0.01127,1.43103,2.27485,0,0.00883,0.00898,0,0.01389,0.00071,2.39727,0.63515,0.27708,0.32179,0.06585,2.37973,0.30108,0.02287,0.12059,0.39337,2.07006,0.21994,0.22784,0.00317,2.92468,0.07773,1.43103,0.30108,0.21994,0.22784,2.27485,2.35599,2.39727,2.83177,2.92468,0.27391,1.16345
2026-01-12 08:00:00,2.23667,0.01346,0.09406,0.05706,0.06473,0.00876,0.01268,0.01186,0.0368,0.16743,0.40758,1.65996,0.01125,1.43294,2.26875,0,0.00881,0.00896,0,0.01383,0.00071,2.38942,0.64203,0.27824,0.32247,0.06558,2.38176,0.30079,0.02276,0.11949,0.39285,2.06359,0.21986,0.22772,0.00316,2.92117,0.07748,1.43294,0.30079,0.21986,0.22772,2.26875,2.34864,2.38942,2.82743,2.92117,0.27339,1.16331
2026-01-12 09:00:00,2.23273,0.0134,0.09372,0.05677,0.06443,0.00874,0.01265,0.01184,0.03669,0.16729,0.40763,1.64973,0.01122,1.43486,2.26277,0,0.0088,0.00894,0,0.01376,0.00071,2.38166,0.64861,0.27939,0.32316,0.06532,2.3838,0.30051,0.02264,0.11838,0.39209,2.05687,0.21978,0.2276,0.00315,2.91748,0.07724,1.43486,0.30051,0.21978,0.2276,2.26277,2.3414,2.38166,2.82295,2.91748,0.27263,1.16319
2026-01-12 10:00:00,2.22879,0.01335,0.09336,0.05655,0.06412,0.00873,0.01263,0.01182,0.03659,0.167,0.40757,1.63962,0.01119,1.43677,2.25691,0,0.00878,0.00893,0,0.01369,0.00071,2.37399,0.65264,0.28054,0.32384,0.06505,2.38583,0.30022,0.02252,0.11727,0.39066,2.04949,0.21969,0.22748,0.00314,2.91363,0.07699,1.43677,0.30022,0.21969,0.22748,2.25691,2.33426,2.37399,2.81834,2.91363,0.27122,1.16308
2026-01-12 11:00:00,2.22486,0.0133,0.09298,0.05637,0.06382,0.00873,0.01261,0.0118,0.03649,0.16681,0.4076,1.62947,0.01116,1.43868,2.25117,0,0.00876,0.00892,0,0.01363,0.00071,2.36642,0.65278,0.2817,0.32452,0.06479,2.38786,0.29995,0.02241,0.11617,0.38894,2.04187,0.21961,0.22736,0.00313,2.90963,0.07674,1.43868,0.29995,0.21961,0.22736,2.25117,2.32723,2.36642,2.81359,2.90963,0.26955,1.16297
2026-01-12 12:00:00,2.22092,0.01325,0.09261,0.05623,0.06353,0.00872,0.01258,0.01179,0.03637,0.16672,0.40766,1.6192,0.01114,1.44059,2.24555,0,0.00875,0.0089,0,0.01356,0.00071,2.35894,0.65024,0.28285,0.3252,0.06452,2.38989,0.29967,0.02229,0.11506,0.38756,2.03459,0.21953,0.22724,0.00312,2.90547,0.07649,1.44059,0.29967,0.21953,0.22724,2.24555,2.32032,2.35894,2.80872,2.90547,0.26824,1.15535
2026-01-12 13:00:00,2.22575,0.01319,0.09228,0.05613,0.06325,0.00871,0.01254,0.01177,0.03625,0.16651,0.40758,1.61212,0.01112,1.4425,2.24005,0,0.00874,0.00889,0,0.01349,0.00071,2.35156,0.64585,0.28242,0.32545,0.06426,2.38051,0.2994,0.02218,0.11367,0.38648,2.02748,0.21945,0.22713,0.00311,2.90118,0.07625,1.4425,0.2994,0.21945,0.22713,2.24005,2.31352,2.35156,2.80374,2.90118,0.26724,1.1343
2026-01-12 14:00:00,2.23057,0.01312,0.09196,0.056,0.06297,0.00869,0.01251,0.01175,0.03615,0.16616,0.40731,1.605,0.01109,1.44441,2.23467,0,0.00872,0.00887,0,0.01343,0.00071,2.34428,0.64018,0.282,0.3257,0.064,2.37112,0.29912,0.02206,0.11228,0.38578,2.02076,0.21937,0.22702,0.0031,2.89676,0.07601,1.44441,0.29912,0.21937,0.22702,2.23467,2.30683,2.34428,2.79864,2.89676,0.26664,1.11004
2026-01-12 15:00:00,2.2354,0.01306,0.09164,0.0558,0.06268,0.00867,0.01248,0.01172,0.03606,0.16577,0.40703,1.59793,0.01107,1.44631,2.2294,0,0.00871,0.00885,0,0.01336,0.00071,2.33711,0.63365,0.28157,0.32595,0.06375,2.36174,0.29885,0.02195,0.11089,0.38485,2.01382,0.21928,0.22691,0.0031,2.89221,0.07577,1.44631,0.29885,0.21928,0.22691,2.2294,2.30025,2.33711,2.79345,2.89221,0.26581,1.10195
2026-01-12 16:00:00,2.24023,0.013,0.0913,0.05564,0.06237,0.00866,0.01245,0.0117,0.03598,0.1655,0.40684,1.59083,0.01105,1.44822,2.22424,0,0.00869,0.00884,0,0.01329,0.00071,2.33005,0.62696,0.28114,0.32621,0.06349,2.35236,0.29858,0.02184,0.10949,0.38336,2.0063,0.2192,0.2268,0.00309,2.88754,0.07552,1.44822,0.29858,0.2192,0.2268,2.22424,2.29378,2.33005,2.78817,2.88754,0.26442,1.09791
2026-01-12 17:00:00,2.24505,0.01295,0.09094,0.05552,0.06208,0.00866,0.01242,0.01168,0.03589,0.16459,0.40606,1.58358,0.01103,1.45012,2.2192,0,0.00867,0.00883,0,0.01323,0.00071,2.32309,0.62056,0.28072,0.32646,0.06324,2.34297,0.29831,0.02172,0.1081,0.38163,1.99856,0.21912,0.22668,0.00307,2.88276,0.07528,1.45012,0.29831,0.21912,0.22668,2.2192,2.28743,2.32309,2.78282,2.88276,0.2628,1.09548
2026-01-12 18:00:00,2.24988,0.0129,0.09059,0.05541,0.0618,0.00865,0.01239,0.01166,0.03579,0.16424,0.40573,1.57623,0.011,1.45203,2.21426,0,0.00866,0.00881,0,0.01316,0.00071,2.31625,0.61437,0.28029,0.32671,0.06299,2.33359,0.29805,0.02161,0.10671,0.38025,1.99118,0.21904,0.22657,0.00305,2.87788,0.07504,1.45203,0.29805,0.21904,0.22657,2.21426,2.2812,2.31625,2.77737,2.87788,0.26153,1.09387
2026-01-12 19:00:00,2.25149,0.01284,0.09026,0.05533,0.06153,0.00864,0.01236,0.01164,0.03569,0.16381,0.40534,1.58236,0.01098,1.45393,2.20944,0,0.00865,0.0088,0,0.0131,0.00071,2.30951,0.60831,0.27938,0.32636,0.06274,2.32573,0.29778,0.02151,0.10608,0.37924,1.98507,0.21896,0.22646,0.00303,2.87291,0.0748,1.45393,0.29778,0.21896,0.22646,2.20944,2.27508,2.30951,2.77186,2.87291,0.26063,1.09271
2026-01-12 20:00:00,2.2531,0.01278,0.08995,0.05522,0.06125,0.00861,0.01232,0.01161,0.0356,0.16315,0.40434,1.58831,0.01095,1.45583,2.20473,0,0.00863,0.00878,0,0.01304,0.00071,2.30289,0.60236,0.27848,0.32602,0.06249,2.31787,0.29752,0.02141,0.10545,0.37866,1.97938,0.21889,0.22636,0.00302,2.86784,0.07457,1.45583,0.29752,0.21889,0.22636,2.20473,2.26908,2.30289,2.76629,2.86784,0.26016,1.09184
2026-01-12 21:00:00,2.2547,0.01272,0.08964,0.05506,0.06097,0.00859,0.01229,0.01159,0.03551,0.16302,0.40346,1.59415,0.01092,1.45773,2.20012,0,0.00862,0.00876,0,0.01298,0.00071,2.29638,0.5966,0.27757,0.32567,0.06224,2.31001,0.29727,0.02132,0.10482,0.37799,1.97362,0.21881,0.22625,0.00301,2.8627,0.07433,1.45773,0.29727,0.21881,0.22625,2.20012,2.26319,2.29638,2.76066,2.8627,0.2596,1.09117
2026-01-12 22:00:00,2.25631,0.01266,0.0893,0.05494,0.06069,0.00858,0.01226,0.01157,0.03542,0.16284,0.40254,1.60012,0.0109,1.45963,2.19562,0,0.00861,0.00875,0,0.01291,0.00071,2.28999,0.59348,0.27666,0.32533,0.062,2.30215,0.29701,0.02122,0.10418,0.3771,1.96761,0.21873,0.22614,0.003,2.85748,0.07409,1.45963,0.29701,0.21873,0.22614,2.19562,2.25741,2.28999,2.75498,2.85748,0.25882,1.09063
2026-01-12 23:00:00,2.25792,0.01262,0.08895,0.05483,0.06041,0.00858,0.01224,0.01155,0.03531,0.16262,0.40165,1.60587,0.01087,1.46153,2.19121,0,0.00859,0.00874,0,0.01285,0.00071,2.28371,0.59454,0.27576,0.32499,0.06175,2.29429,0.29675,0.02112,0.10355,0.37616,1.96157,0.21865,0.22603,0.00299,2.85219,0.07386,1.46153,0.29675,0.21865,0.22603,2.19121,2.25175,2.28371,2.74924,2.85219,0.25799,1.09019
2026-01-13 00:00:00,2.25953,0.01257,0.0886,0.05474,0.06014,0.00857,0.0122,0.01153,0.03518,0.16296,0.4013,1.61136,0.01085,1.46343,2.18691,0,0.00858,0.00873,0,0.01279,0.00071,2.27755,0.59851,0.27485,0.32464,0.06151,2.28643,0.2965,0.02102,0.10292,0.37539,1.95568,0.21858,0.22593,0.00298,2.84684,0.07362,1.46343,0.2965,0.21858,0.22593,2.18691,2.2462,2.27755,2.74348,2.84684,0.25732,1.08982
2026-01-13 01:00:00,2.26163,0.01252,0.08828,0.05466,0.05988,0.00856,0.01217,0.01151,0.03503,0.16275,0.40054,1.61006,0.01083,1.46533,2.18271,0,0.00856,0.00871,0,0.01273,0.00071,2.2715,0.60448,0.27559,0.32479,0.06127,2.2927,0.29625,0.02093,0.10583,0.37493,1.95376,0.2185,0.22583,0.00297,2.84143,0.07339,1.46533,0.29625,0.2185,0.22583,2.18271,2.24077,2.2715,2.73768,2.84143,0.25695,1.08951
2026-01-13 02:00:00,2.26373,0.01246,0.08798,0.05454,0.05962,0.00854,0.01213,0.01149,0.03489,0.16323,0.40061,1.60875,0.01081,1.46723,2.17861,0,0.00855,0.0087,0,0.01267,0.00071,2.26557,0.61184,0.27634,0.32494,0.06103,2.29897,0.296,0.02085,0.10874,0.37474,1.95214,0.21843,0.22573,0.00296,2.83597,0.07315,1.46723,0.296,0.21843,0.22573,2.17861,2.23544,2.26557,2.73185,2.83597,0.25687,1.08924
2026-01-13 03:00:00,2.26583,0.01241,0.08768,0.05436,0.05935,0.00852,0.0121,0.01147,0.03477,0.1632,0.40031,1.60767,0.01078,1.46913,2.1746,0,0.00854,0.00868,0,0.01261,0.00071,2.25975,0.62006,0.27708,0.32508,0.0608,2.30525,0.29575,0.02076,0.11165,0.37467,1.95063,0.21835,0.22563,0.00296,2.83047,0.07292,1.46913,0.29575,0.21835,0.22563,2.1746,2.23023,2.25975,2.726,2.83047,0.2569,1.08901
2026-01-13 04:00:00,2.26793,0.01236,0.08736,0.05422,0.05907,0.00852,0.01207,0.01145,0.03467,0.16352,0.40051,1.60668,0.01076,1.47103,2.17068,0,0.00852,0.00866,0,0.01255,0.00071,2.25404,0.62765,0.27782,0.32523,0.06056,2.31152,0.2955,0.02067,0.11455,0.37494,1.94944,0.21827,0.22553,0.00295,2.82492,0.07269,1.47103,0.2955,0.21827,0.22553,2.17068,2.22512,2.25404,2.72013,2.82492,0.25727,1.08881
2026-01-13 05:00:00,2.27003,0.01232,0.08704,0.0541,0.0588,0.00851,0.01205,0.01143,0.03458,0.16389,0.40088,1.60588,0.01074,1.47292,2.16686,0,0.0085,0.00865,0,0.01249,0.00071,2.24845,0.63371,0.27857,0.32538,0.06032,2.31779,0.29525,0.02059,0.11746,0.37541,1.94847,0.2182,0.22543,0.00293,2.81935,0.07245,1.47292,0.29525,0.2182,0.22543,2.16686,2.22012,2.24845,2.71426,2.81935,0.25784,1.08863
2026-01-13 06:00:00,2.27213,0.01227,0.08672,0.054,0.05854,0.00851,0.01202,0.01142,0.03448,0.1643,0.4014,1.60531,0.01072,1.47482,2.16312,0,0.00849,0.00864,0,0.01243,0.00071,2.24296,0.63872,0.27931,0.32553,0.06009,2.32406,0.29501,0.0205,0.12037,0.37573,1.94734,0.21813,0.22532,0.00291,2.81374,0.07222,1.47482,0.29501,0.21813,0.22532,2.16312,2.21523,2.24296,2.70837,2.81374,0.25826,1.08847
2026-01-13 07:00:00,2.29165,0.01222,0.08642,0.05392,0.05828,0.00849,0.01199,0.0114,0.03438,0.16477,0.40196,1.59586,0.0107,1.47672,2.15947,0,0.00847,0.00862,0,0.01237,0.00071,2.23759,0.64301,0.28034,0.32617,0.05986,2.32423,0.29477,0.0204,0.11929,0.37588,1.94215,0.21805,0.22522,0.00289,2.80811,0.07199,1.47672,0.29477,0.21805,0.22522,2.15947,2.21045,2.23759,2.70247,2.80811,0.2585,1.08833
2026-01-13 08:00:00,2.31117,0.01217,0.08614,0.0538,0.05803,0.00846,0.01196,0.01138,0.03429,0.16501,0.40228,1.58668,0.01068,1.47861,2.15591,0,0.00846,0.00861,0,0.01231,0.00071,2.23233,0.64678,0.28136,0.32682,0.05963,2.3244,0.29453,0.02029,0.11821,0.37576,1.93669,0.21798,0.22513,0.00288,2.80246,0.07176,1.47861,0.29453,0.21798,0.22513,2.15591,2.20577,2.23233,2.69658,2.80246,0.25848,1.0882
2026-01-13 09:00:00,2.33069,0.01211,0.08586,0.05362,0.05777,0.00844,0.01194,0.01135,0.03421,0.16524,0.40254,1.5777,0.01065,1.48051,2.15243,0,0.00845,0.0086,0,0.01226,0.00071,2.22718,0.65004,0.28239,0.32746,0.0594,2.32457,0.29429,0.02019,0.11713,0.3755,1.93109,0.21791,0.22503,0.00287,2.7968,0.07154,1.48051,0.29429,0.21791,0.22503,2.15243,2.20119,2.22718,2.6907,2.7968,0.25831,1.08809
2026-01-13 10:00:00,2.3502,0.01206,0.08556,0.05347,0.0575,0.00843,0.01191,0.01133,0.03413,0.16535,0.40271,1.56883,0.01063,1.48241,2.14902,0,0.00843,0.00858,0,0.0122,0.00071,2.22214,0.65139,0.28342,0.3281,0.05918,2.32473,0.29405,0.02009,0.11605,0.3747,1.92495,0.21783,0.22493,0.00286,2.79113,0.07131,1.48241,0.29405,0.21783,0.22493,2.14902,2.19671,2.22214,2.68483,2.79113,0.2576,1.08798
2026-01-13 11:00:00,2.36972,0.01201,0.08525,0.05336,0.05723,0.00843,0.01189,0.01131,0.03405,0.16554,0.40293,1.5599,0.01061,1.4843,2.1457,0,0.00842,0.00857,0,0.01214,0.00071,2.21721,0.65002,0.28444,0.32875,0.05896,2.3249,0.29381,0.01998,0.11497,0.37361,1.91852,0.21776,0.22483,0.00285,2.78545,0.07108,1.4843,0.29381,0.21776,0.22483,2.1457,2.19233,2.21721,2.67896,2.78545,0.25661,1.08789
2026-01-13 12:00:00,2.38924,0.01197,0.08494,0.05326,0.05698,0.00842,0.01186,0.01129,0.03395,0.16582,0.40317,1.55084,0.01059,1.4862,2.14244,0,0.0084,0.00855,0,0.01208,0.00071,2.21238,0.64679,0.28547,0.32939,0.05873,2.32507,0.29358,0.01988,0.11389,0.37277,1.91234,0.21769,0.22473,0.00284,2.77978,0.07085,1.4862,0.29358,0.21769,0.22473,2.14244,2.18805,2.21238,2.67312,2.77978,0.25586,1.08255
2026-01-13 13:00:00,2.39683,0.01192,0.08465,0.05319,0.05674,0.00841,0.01182,0.01127,0.03385,0.166,0.40326,1.54605,0.01056,1.48809,2.13926,0,0.00839,0.00854,0,0.01202,0.00071,2.20766,0.64226,0.28485,0.3295,0.05851,2.31736,0.29335,0.01979,0.11237,0.37209,1.90601,0.21762,0.22464,0.00283,2.77411,0.07063,1.48809,0.29335,0.21762,0.22464,2.13926,2.18386,2.20766,2.6673,2.77411,0.25527,1.06832
2026-01-13 14:00:00,2.40441,0.01186,0.08438,0.05308,0.05649,0.00839,0.01179,0.01126,0.03376,0.16604,0.40315,1.54123,0.01054,1.48999,2.13615,0,0.00837,0.00853,0,0.01197,0.00071,2.20303,0.63684,0.28423,0.32961,0.05829,2.30964,0.29312,0.01971,0.11084,0.37169,1.89995,0.21755,0.22455,0.00282,2.76844,0.07041,1.48999,0.29312,0.21755,0.22455,2.13615,2.17977,2.20303,2.6615,2.76844,0.25496,1.04925
2026-01-13 15:00:00,2.412,0.01181,0.08412,0.05293,0.05624,0.00837,0.01176,0.01124,0.03368,0.16605,0.40302,1.53642,0.01052,1.49188,2.1331,0,0.00836,0.00851,0,0.01191,0.00071,2.19851,0.63084,0.28361,0.32972,0.05807,2.30193,0.29289,0.01962,0.10932,0.37119,1.89381,0.21747,0.22446,0.00281,2.76279,0.07019,1.49188,0.29289,0.21747,0.22446,2.1331,2.17577,2.19851,2.65572,2.76279,0.25456,1.0429
2026-01-13 16:00:00,2.41958,0.01177,0.08383,0.05281,0.05598,0.00837,0.01174,0.01122,0.0336,0.16618,0.403,1.53158,0.0105,1.49377,2.13012,0,0.00835,0.00849,0,0.01185,0.00071,2.19409,0.62508,0.28298,0.32982,0.05786,2.29422,0.29267,0.01953,0.10779,0.37054,1.8875,0.2174,0.22436,0.0028,2.75715,0.06996,1.49377,0.29267,0.2174,0.22436,2.13012,2.17186,2.19409,2.64998,2.75715,0.25401,1.03972
2026-01-13 17:00:00,2.42717,0.01173,0.08353,0.05271,0.05573,0.00836,0.01171,0.0112,0.03352,0.16564,0.40235,1.52659,0.01048,1.49567,2.12719,0,0.00833,0.00848,0,0.0118,0.00071,2.18977,0.62009,0.28236,0.32993,0.05764,2.2865,0.29243,0.01945,0.10627,0.36986,1.88118,0.21733,0.22427,0.00279,2.75152,0.06974,1.49567,0.29243,0.21733,0.22427,2.12719,2.16803,2.18977,2.64427,2.75152,0.25343,1.03781
2026-01-13 18:00:00,2.43475,0.01168,0.08324,0.05263,0.05549,0.00836,0.01168,0.01118,0.03344,0.16568,0.40218,1.52147,0.01046,1.49756,2.12431,0,0.00832,0.00846,0,0.01174,0.00071,2.18554,0.61564,0.28174,0.33004,0.05742,2.27879,0.29221,0.01936,0.10474,0.3693,1.87496,0.21726,0.22418,0.00277,2.74592,0.06952,1.49756,0.29221,0.21726,0.22418,2.12431,2.16429,2.18554,2.6386,2.74592,0.25296,1.03654
2026-01-13 19:00:00,2.42862,0.01164,0.08297,0.05255,0.05525,0.00835,0.01165,0.01116,0.03335,0.16568,0.40197,1.52995,0.01043,1.49945,2.12149,0,0.00831,0.00845,0,0.01169,0.00071,2.18141,0.61155,0.28113,0.32975,0.05721,2.27389,0.29198,0.01928,0.10483,0.36895,1.87191,0.2172,0.22409,0.00275,2.74035,0.0693,1.49945,0.29198,0.2172,0.22409,2.12149,2.16063,2.18141,2.63295,2.74035,0.25271,1.03563
2026-01-13 20:00:00,2.42249,0.01158,0.08272,0.05245,0.05502,0.00832,0.01162,0.01114,0.03327,0.165,0.40119,1.53822,0.01041,1.50129,2.11871,0,0.00829,0.00844,0,0.01163,0.00071,2.17737,0.60772,0.28052,0.32946,0.057,2.269,0.29176,0.01919,0.10491,0.36883,1.86906,0.21713,0.22399,0.00274,2.73479,0.06908,1.50129,0.29176,0.21713,0.22399,2.11871,2.15706,2.17737,2.62736,2.73479,0.25269,1.03495
2026-01-13 21:00:00,2.41637,0.01154,0.08246,0.0523,0.05478,0.00831,0.0116,0.01112,0.0332,0.16491,0.40089,1.54639,0.01039,1.50311,2.11596,0,0.00828,0.00842,0,0.01158,0.00071,2.17342,0.60419,0.27991,0.32917,0.05678,2.2641,0.29154,0.01911,0.105,0.36884,1.86636,0.21706,0.22391,0.00273,2.72927,0.06887,1.50311,0.29154,0.21706,0.22391,2.11596,2.15356,2.17342,2.62179,2.72927,0.25279,1.03442
2026-01-13 22:00:00,2.41024,0.01149,0.08219,0.05219,0.05453,0.0083,0.01158,0.0111,0.03313,0.16479,0.40056,1.55471,0.01037,1.50493,2.11325,0,0.00827,0.00841,0,0.01152,0.00071,2.16955,0.60302,0.27929,0.32888,0.05657,2.2592,0.29132,0.01903,0.10509,0.3692,1.864,0.217,0.22382,0.00272,2.72378,0.06865,1.50493,0.29132,0.217,0.22382,2.11325,2.15013,2.16955,2.61629,2.72378,0.25324,1.034
2026-01-13 23:00:00,2.40411,0.01145,0.0819,0.05209,0.05429,0.0083,0.01155,0.01108,0.03305,0.16464,0.40024,1.56283,0.01035,1.50676,2.11056,0,0.00825,0.00839,0,0.01146,0.00071,2.16578,0.60547,0.27868,0.32859,0.05636,2.25431,0.29111,0.01894,0.10517,0.36976,1.86183,0.21693,0.22373,0.00271,2.71832,0.06843,1.50676,0.29111,0.21693,0.22373,2.11056,2.14678,2.16578,2.61083,2.71832,0.25389,1.03365
2026-01-14 00:00:00,2.39798,0.01141,0.08162,0.05201,0.05406,0.00829,0.01153,0.01106,0.03297,0.1651,0.40043,1.57086,0.01033,1.5086,2.1079,0,0.00824,0.00838,0,0.01141,0.00071,2.16208,0.61044,0.27807,0.3283,0.05616,2.24941,0.29089,0.01886,0.10526,0.37016,1.85951,0.21686,0.22364,0.0027,2.71291,0.06821,1.5086,0.29089,0.21686,0.22364,2.1079,2.14349,2.16208,2.6054,2.71291,0.25438,1.03336
2026-01-14 01:00:00,2.39692,0.01136,0.08135,0.05194,0.05384,0.00828,0.0115,0.01104,0.03288,0.165,0.40011,1.57029,0.0103,1.51044,2.10527,0,0.00823,0.00836,0,0.01136,0.00071,2.15847,0.61715,0.27947,0.32876,0.05595,2.25684,0.29067,0.0188,0.10962,0.37045,1.86524,0.2168,0.22355,0.00269,2.70753,0.068,1.51044,0.29067,0.2168,0.22355,2.10527,2.14027,2.15847,2.60004,2.70753,0.25476,1.03312
2026-01-14 02:00:00,2.39585,0.01131,0.0811,0.05184,0.05361,0.00826,0.01147,0.01102,0.0328,0.16567,0.40055,1.56974,0.01028,1.51228,2.10267,0,0.00821,0.00835,0,0.0113,0.00071,2.15493,0.62506,0.28086,0.32923,0.05575,2.26427,0.29046,0.01874,0.11398,0.37057,1.87079,0.21673,0.22346,0.00268,2.70219,0.06778,1.51228,0.29046,0.21673,0.22346,2.10267,2.1371,2.15493,2.59472,2.70219,0.25496,1.03291
2026-01-14 03:00:00,2.39479,0.01126,0.08086,0.05169,0.05338,0.00824,0.01145,0.01101,0.03273,0.16581,0.40062,1.56941,0.01026,1.51413,2.1001,0,0.0082,0.00834,0,0.01125,0.00071,2.15147,0.63365,0.28226,0.32969,0.05555,2.2717,0.29025,0.01869,0.11834,0.37073,1.8764,0.21666,0.22337,0.00267,2.69689,0.06757,1.51413,0.29025,0.21666,0.22337,2.1001,2.134,2.15147,2.58945,2.69689,0.2552,1.03273
2026-01-14 04:00:00,2.39373,0.01121,0.08059,0.05158,0.05313,0.00823,0.01143,0.01099,0.03266,0.16635,0.4012,1.56913,0.01024,1.51598,2.09756,0,0.00819,0.00832,0,0.0112,0.00071,2.14807,0.6411,0.28366,0.33015,0.05535,2.27912,0.29003,0.01863,0.1227,0.37096,1.88207,0.2166,0.2233,0.00266,2.69164,0.06735,1.51598,0.29003,0.2166,0.2233,2.09756,2.13095,2.14807,2.58424,2.69164,0.25552,1.03257
2026-01-14 05:00:00,2.39266,0.01117,0.08032,0.05148,0.0529,0.00823,0.01141,0.01097,0.03258,0.16697,0.40197,1.56894,0.01021,1.51783,2.09507,0,0.00817,0.00831,0,0.01114,0.00071,2.14475,0.64636,0.28505,0.33062,0.05515,2.28655,0.28982,0.01857,0.12706,0.3712,1.88774,0.21653,0.22321,0.00265,2.68644,0.06714,1.51783,0.28982,0.21653,0.22321,2.09507,2.12794,2.14475,2.57908,2.68644,0.25584,1.03243
2026-01-14 06:00:00,2.3916,0.01113,0.08005,0.0514,0.05267,0.00823,0.01139,0.01095,0.03249,0.16764,0.40291,1.56894,0.01019,1.51969,2.09261,0,0.00816,0.0083,0,0.01109,0.00071,2.14149,0.6501,0.28645,0.33108,0.05495,2.29398,0.28961,0.01851,0.13142,0.37139,1.89336,0.21647,0.22312,0.00263,2.68128,0.06692,1.51969,0.28961,0.21647,0.22312,2.09261,2.12498,2.14149,2.57398,2.68128,0.25611,1.0323
2026-01-14 07:00:00,2.41004,0.01108,0.0798,0.05133,0.05245,0.00821,0.01136,0.01093,0.03239,0.16838,0.40393,1.56072,0.01017,1.52155,2.09019,0,0.00815,0.00828,0,0.01104,0.00071,2.13829,0.65279,0.28795,0.33209,0.05475,2.29444,0.28941,0.01849,0.13022,0.37146,1.89162,0.2164,0.22303,0.00261,2.67617,0.06671,1.52155,0.28941,0.2164,0.22303,2.09019,2.12207,2.13829,2.56892,2.67617,0.25626,1.03219
2026-01-14 08:00:00,2.42848,0.01103,0.07957,0.05124,0.05223,0.00819,0.01133,0.01091,0.0323,0.16889,0.40466,1.5528,0.01015,1.52341,2.08781,0,0.00813,0.00827,0,0.01099,0.00071,2.13515,0.65475,0.28945,0.33309,0.05455,2.29489,0.2892,0.01848,0.12901,0.37142,1.88978,0.21634,0.22295,0.0026,2.67111,0.0665,1.52341,0.2892,0.21634,0.22295,2.08781,2.11921,2.13515,2.56394,2.67111,0.2563,1.03209
2026-01-14 09:00:00,2.44693,0.01098,0.07933,0.05109,0.052,0.00817,0.01131,0.01089,0.03222,0.16939,0.40542,1.5451,0.01013,1.52528,2.08547,0,0.00812,0.00826,0,0.01094,0.00071,2.13207,0.6561,0.29096,0.3341,0.05436,2.29535,0.289,0.01846,0.12781,0.37135,1.8879,0.21628,0.22286,0.00259,2.66605,0.0663,1.52528,0.289,0.21628,0.22286,2.08547,2.11639,2.13207,2.55901,2.66605,0.2563,1.032
2026-01-14 10:00:00,2.46537,0.01094,0.07908,0.05097,0.05177,0.00817,0.01129,0.01087,0.03215,0.16976,0.40604,1.53752,0.01011,1.52715,2.08317,0,0.0081,0.00824,0,0.01089,0.00071,2.12903,0.65605,0.29246,0.33511,0.05416,2.2958,0.2888,0.01844,0.12661,0.3712,1.88592,0.21621,0.22279,0.00258,2.66066,0.06609,1.52715,0.2888,0.21621,0.22279,2.08317,2.11362,2.12903,2.55412,2.66066,0.25621,1.03192
2026-01-14 11:00:00,2.48381,0.0109,0.07881,0.05088,0.05154,0.00816,0.01127,0.01085,0.03207,0.17021,0.40677,1.52989,0.01008,1.52902,2.08092,0,0.00809,0.00823,0,0.01084,0.00071,2.12605,0.65415,0.29396,0.33611,0.05397,2.29626,0.2886,0.01843,0.1254,0.37096,1.88387,0.21615,0.2227,0.00257,2.65544,0.06588,1.52902,0.2886,0.21615,0.2227,2.08092,2.11088,2.12605,2.5493,2.65544,0.25604,1.03184
2026-01-14 12:00:00,2.50225,0.01086,0.07855,0.0508,0.05132,0.00816,0.01124,0.01083,0.03199,0.17077,0.40751,1.52215,0.01006,1.53089,2.07872,0,0.00807,0.00822,0,0.01079,0.00071,2.12312,0.651,0.29546,0.33712,0.05378,2.29671,0.2884,0.01841,0.1242,0.37079,1.88187,0.21609,0.22262,0.00256,2.65036,0.06567,1.53089,0.2884,0.21609,0.22262,2.07872,2.10819,2.12312,2.54454,2.65036,0.25593,1.0286
2026-01-14 13:00:00,2.50763,0.01082,0.07831,0.05073,0.05111,0.00815,0.01121,0.01081,0.03191,0.17122,0.40808,1.51878,0.01004,1.53276,2.07657,0,0.00806,0.0082,0,0.01074,0.00071,2.12023,0.64697,0.29508,0.33745,0.05359,2.29138,0.2882,0.01846,0.12234,0.37054,1.87687,0.21603,0.22254,0.00255,2.64541,0.06546,1.53276,0.2882,0.21603,0.22254,2.07657,2.10554,2.12023,2.53983,2.64541,0.25573,1.02122
2026-01-14 14:00:00,2.51301,0.01077,0.07808,0.05063,0.05089,0.00812,0.01119,0.01079,0.03183,0.17149,0.40846,1.51539,0.01002,1.53464,2.07446,0,0.00804,0.00819,0,0.01069,0.00071,2.11739,0.6423,0.2947,0.33779,0.0534,2.28605,0.288,0.01851,0.12047,0.37023,1.8718,0.21597,0.22245,0.00254,2.64055,0.06526,1.53464,0.288,0.21597,0.22245,2.07446,2.10294,2.11739,2.53518,2.64055,0.25547,1.00371
2026-01-14 15:00:00,2.5184,0.01073,0.07785,0.05048,0.05067,0.00811,0.01116,0.01077,0.03176,0.17174,0.40882,1.51205,0.00999,1.53651,2.0724,0,0.00803,0.00818,0,0.01064,0.00071,2.11459,0.63728,0.29433,0.33812,0.05321,2.28073,0.2878,0.01856,0.11861,0.36972,1.86653,0.2159,0.22238,0.00253,2.63579,0.06505,1.53651,0.2878,0.2159,0.22238,2.0724,2.10037,2.11459,2.53059,2.63579,0.255,0.99787
2026-01-14 16:00:00,2.52378,0.01069,0.07761,0.05036,0.05044,0.0081,0.01114,0.01075,0.0317,0.17213,0.4093,1.50864,0.00997,1.53839,2.07039,0,0.00802,0.00816,0,0.01058,0.00071,2.11184,0.63265,0.29395,0.33845,0.05302,2.2754,0.2876,0.01861,0.11674,0.36859,1.86062,0.21584,0.2223,0.00252,2.6311,0.06484,1.53839,0.2876,0.21584,0.2223,2.07039,2.09785,2.11184,2.52605,2.6311,0.2539,0.99495
2026-01-14 17:00:00,2.52916,0.01065,0.07735,0.05027,0.05022,0.0081,0.01112,0.01073,0.03163,0.17178,0.40912,1.50508,0.00995,1.54027,2.06844,0,0.008,0.00815,0,0.01053,0.00071,2.10914,0.62889,0.29357,0.33879,0.05284,2.27007,0.28741,0.01866,0.11488,0.36716,1.85442,0.21578,0.22222,0.00251,2.62649,0.06464,1.54027,0.28741,0.21578,0.22222,2.06844,2.09538,2.10914,2.52158,2.62649,0.2525,0.9932
2026-01-14 18:00:00,2.53454,0.01062,0.07711,0.05019,0.05,0.00809,0.01109,0.01072,0.03155,0.17208,0.40944,1.50141,0.00993,1.54215,2.06653,0,0.00799,0.00814,0,0.01048,0.00071,2.10647,0.62572,0.29319,0.33912,0.05266,2.26474,0.28721,0.01871,0.11301,0.36606,1.84853,0.21572,0.22214,0.00249,2.62194,0.06443,1.54215,0.28721,0.21572,0.22214,2.06653,2.09295,2.10647,2.51715,2.62194,0.25142,0.99203
2026-01-14 19:00:00,2.52755,0.01058,0.07688,0.05012,0.0498,0.00808,0.01106,0.01071,0.03147,0.17232,0.40971,1.50807,0.00991,1.54403,2.06468,0,0.00798,0.00812,0,0.01043,0.00071,2.10385,0.62297,0.29292,0.33912,0.05247,2.26107,0.28702,0.01885,0.11395,0.36527,1.84568,0.21566,0.22205,0.00247,2.61746,0.06423,1.54403,0.28702,0.21566,0.22205,2.06468,2.09056,2.10385,2.51277,2.61746,0.25064,0.9912
2026-01-14 20:00:00,2.52056,0.01053,0.07666,0.05002,0.04959,0.00805,0.01103,0.01069,0.03139,0.17181,0.40933,1.51451,0.00989,1.54591,2.06288,0,0.00796,0.00811,0,0.01039,0.00071,2.10128,0.62051,0.29264,0.33912,0.05229,2.2574,0.28683,0.01899,0.1149,0.3649,1.84323,0.2156,0.22197,0.00246,2.61304,0.06403,1.54591,0.28683,0.2156,0.22197,2.06288,2.08822,2.10128,2.50845,2.61304,0.25026,0.99058
2026-01-14 21:00:00,2.51358,0.01049,0.07645,0.04987,0.04938,0.00803,0.011,0.01067,0.03132,0.17195,0.40948,1.52085,0.00987,1.54779,2.06113,0,0.00795,0.00809,0,0.01034,0.00071,2.09874,0.61834,0.29237,0.33912,0.05211,2.25373,0.28664,0.01913,0.11584,0.36449,1.84074,0.21554,0.2219,0.00245,2.60867,0.06383,1.54779,0.28664,0.21554,0.2219,2.06113,2.08593,2.09874,2.5042,2.60867,0.24984,0.99009
2026-01-14 22:00:00,2.50659,0.01046,0.07622,0.04976,0.04917,0.00802,0.01097,0.01066,0.03126,0.17205,0.40962,1.52733,0.00985,1.54967,2.05943,0,0.00794,0.00808,0,0.01029,0.00071,2.09625,0.61771,0.2921,0.33911,0.05193,2.25006,0.28646,0.01927,0.11678,0.36403,1.83819,0.21548,0.22182,0.00244,2.60436,0.06363,1.54967,0.28646,0.21548,0.22182,2.05943,2.08369,2.09625,2.49998,2.60436,0.24936,0.9897
2026-01-14 23:00:00,2.4996,0.01042,0.07597,0.04966,0.04896,0.00802,0.01095,0.01064,0.03119,0.17212,0.40973,1.53358,0.00983,1.55156,2.05779,0,0.00792,0.00806,0,0.01025,0.00071,2.09381,0.61936,0.29182,0.33911,0.05175,2.24639,0.28627,0.01941,0.11773,0.36362,1.83568,0.21542,0.22174,0.00243,2.60011,0.06343,1.55156,0.28627,0.21542,0.22174,2.05779,2.08149,2.09381,2.49584,2.60011,0.24892,0.98938
2026-01-15 00:00:00,2.49261,0.01039,0.07573,0.04958,0.04876,0.00801,0.01093,0.01063,0.03111,0.17286,0.41035,1.53973,0.00981,1.55344,2.0562,0,0.00791,0.00805,0,0.0102,0.00071,2.09142,0.62261,0.29155,0.33911,0.05157,2.24272,0.28609,0.01955,0.11867,0.3633,1.83324,0.21536,0.22167,0.00241,2.59592,0.06323,1.55344,0.28609,0.21536,0.22167,2.0562,2.07934,2.09142,2.49174,2.59592,0.24855,0.98912
2026-01-15 01:00:00,2.49183,0.01035,0.07551,0.04951,0.04856,0.008,0.0109,0.01061,0.03103,0.17295,0.41042,1.53921,0.00979,1.55533,2.05467,0,0.0079,0.00803,0,0.01015,0.00071,2.08907,0.62694,0.29304,0.34018,0.0514,2.24856,0.2859,0.0197,0.12284,0.36316,1.83614,0.21531,0.22159,0.0024,2.59178,0.06303,1.55533,0.2859,0.21531,0.22159,2.05467,2.07724,2.08907,2.48768,2.59178,0.24835,0.98889
2026-01-15 02:00:00,2.49105,0.01031,0.0753,0.04942,0.04837,0.00798,0.01088,0.01059,0.03095,0.17384,0.41128,1.53871,0.00977,1.55721,2.05319,0,0.00788,0.00802,0,0.01011,0.00071,2.08676,0.63204,0.29452,0.34126,0.05122,2.2544,0.28572,0.01985,0.127,0.36317,1.83917,0.21525,0.22151,0.0024,2.58769,0.06284,1.55721,0.28572,0.21525,0.22151,2.05319,2.07519,2.08676,2.48368,2.58769,0.24829,0.9887
2026-01-15 03:00:00,2.49027,0.01026,0.07509,0.04927,0.04816,0.00796,0.01086,0.01058,0.03088,0.17411,0.4117,1.53841,0.00975,1.5591,2.05176,0,0.00787,0.00801,0,0.01006,0.00071,2.08451,0.63757,0.29601,0.34233,0.05105,2.26024,0.28554,0.02,0.13117,0.36326,1.84227,0.21519,0.22144,0.00239,2.58365,0.06264,1.5591,0.28554,0.21519,0.22144,2.05176,2.07318,2.08451,2.47975,2.58365,0.24828,0.98853
2026-01-15 04:00:00,2.48949,0.01023,0.07487,0.04915,0.04794,0.00795,0.01084,0.01056,0.03081,0.17479,0.41263,1.53813,0.00973,1.56099,2.05038,0,0.00786,0.00799,0,0.01001,0.00071,2.0823,0.64235,0.2975,0.3434,0.05088,2.26609,0.28535,0.02015,0.13534,0.36345,1.84546,0.21514,0.22136,0.00239,2.57966,0.06244,1.56099,0.28535,0.21514,0.22136,2.05038,2.07123,2.0823,2.47586,2.57966,0.24837,0.98839
2026-01-15 05:00:00,2.48871,0.01019,0.07464,0.04906,0.04773,0.00795,0.01083,0.01054,0.03074,0.17553,0.41371,1.53795,0.00971,1.56287,2.04906,0,0.00784,0.00798,0,0.00997,0.00071,2.08013,0.6457,0.29898,0.34448,0.0507,2.27193,0.28517,0.0203,0.1395,0.36373,1.84872,0.21508,0.22129,0.00238,2.57572,0.06225,1.56287,0.28517,0.21508,0.22129,2.04906,2.06933,2.08013,2.47202,2.57572,0.24854,0.98826
2026-01-15 06:00:00,2.48793,0.01016,0.07441,0.04898,0.04753,0.00794,0.0108,0.01053,0.03066,0.17631,0.41495,1.53793,0.00969,1.56476,2.0478,0,0.00783,0.00797,0,0.00992,0.00071,2.07802,0.64806,0.30047,0.34555,0.05053,2.27777,0.28499,0.02045,0.14367,0.36398,1.85195,0.21502,0.22121,0.00237,2.57184,0.06205,1.56476,0.28499,0.21502,0.22121,2.0478,2.06748,2.07802,2.46823,2.57184,0.24867,0.98814
2026-01-15 07:00:00,2.50156,0.01012,0.0742,0.04891,0.04734,0.00793,0.01078,0.01051,0.03057,0.17715,0.41625,1.53074,0.00967,1.56665,2.04658,0,0.00782,0.00795,0,0.00988,0.00071,2.07596,0.64972,0.30194,0.34769,0.05036,2.27855,0.28481,0.0207,0.14369,0.36421,1.85031,0.21497,0.22114,0.00236,2.56801,0.06186,1.56665,0.28481,0.21497,0.22114,2.04658,2.06568,2.07596,2.46451,2.56801,0.24877,0.98804
2026-01-15 08:00:00,2.5152,0.01008,0.074,0.04881,0.04715,0.00791,0.01075,0.01049,0.03049,0.1777,0.41725,1.52382,0.00965,1.56854,2.04542,0,0.0078,0.00794,0,0.00983,0.00071,2.07394,0.65091,0.3034,0.34984,0.05019,2.27934,0.28464,0.02095,0.14372,0.36439,1.84864,0.21491,0.22107,0.00235,2.56423,0.06166,1.56854,0.28464,0.21491,0.22107,2.04542,2.06393,2.07394,2.46082,2.56423,0.24882,0.98795
2026-01-15 09:00:00,2.52883,0.01004,0.07381,0.04866,0.04695,0.00789,0.01073,0.01047,0.03043,0.17824,0.41828,1.51708,0.00963,1.57043,2.04431,0,0.00779,0.00793,0,0.00979,0.00071,2.07198,0.6517,0.30487,0.35198,0.05002,2.28012,0.28446,0.02121,0.14374,0.3646,1.84699,0.21485,0.22099,0.00235,2.5605,0.06147,1.57043,0.28446,0.21485,0.22099,2.04431,2.06223,2.07198,2.45719,2.5605,0.24889,0.98787
2026-01-15 10:00:00,2.54246,0.01,0.07359,0.04854,0.04675,0.00789,0.01071,0.01044,0.03037,0.17862,0.41916,1.51046,0.00961,1.57231,2.04325,0,0.00778,0.00791,0,0.00974,0.00071,2.07006,0.65154,0.30633,0.35412,0.04986,2.2809,0.28429,0.02146,0.14376,0.36482,1.84533,0.2148,0.22092,0.00234,2.55681,0.06128,1.57231,0.28429,0.2148,0.22092,2.04325,2.06059,2.07006,2.45361,2.55681,0.24897,0.98779
2026-01-15 11:00:00,2.5561,0.00997,0.07337,0.04845,0.04656,0.00788,0.01069,0.01042,0.0303,0.17909,0.42009,1.50377,0.00959,1.5742,2.04224,0,0.00776,0.0079,0,0.0097,0.00071,2.0682,0.65011,0.3078,0.35627,0.04969,2.28169,0.28411,0.02171,0.14379,0.36504,1.84369,0.21474,0.22085,0.00233,2.55318,0.06108,1.5742,0.28411,0.21474,0.22085,2.04224,2.059,2.0682,2.45008,2.55318,0.24905,0.98772
2026-01-15 12:00:00,2.56973,0.00993,0.07315,0.04837,0.04637,0.00788,0.01067,0.01041,0.03023,0.17966,0.42105,1.49696,0.00957,1.57599,2.04128,0.00003,0.00775,0.00789,0,0.00965,0.00071,2.06639,0.64781,0.30926,0.35841,0.04953,2.28247,0.28394,0.02196,0.14381,0.36526,1.84201,0.21469,0.22078,0.00232,2.5496,0.06089,1.57599,0.28394,0.21469,0.22078,2.04128,2.05746,2.06639,2.44661,2.5496,0.24911,0.97488
2026-01-15 13:00:00,2.57452,0.00989,0.07295,0.0483,0.04619,0.00787,0.01064,0.01039,0.03015,0.18011,0.42182,1.4936,0.00955,1.57763,2.04037,0.00007,0.00774,0.00787,0,0.00961,0.00071,2.06463,0.64488,0.30889,0.36,0.04936,2.27808,0.28377,0.02202,0.14077,0.36543,1.83534,0.21463,0.2207,0.00231,2.54606,0.0607,1.57763,0.28377,0.21463,0.2207,2.04037,2.05597,2.06463,2.44319,2.54606,0.24911,0.95399
2026-01-15 14:00:00,2.5793,0.00985,0.07276,0.0482,0.046,0.00784,0.01061,0.01037,0.03008,0.18041,0.42237,1.49018,0.00953,1.57914,2.03947,0.00013,0.00772,0.00786,0,0.00956,0.00071,2.06292,0.64154,0.30851,0.36158,0.0492,2.27368,0.2836,0.02208,0.13773,0.36555,1.82861,0.21458,0.22063,0.0023,2.54258,0.06051,1.57914,0.2836,0.21458,0.22063,2.03947,2.05453,2.06292,2.43981,2.54258,0.24905,0.95399
2026-01-15 15:00:00,2.58409,0.00981,0.07257,0.04805,0.04581,0.00783,0.01059,0.01035,0.03002,0.18069,0.42287,1.48678,0.00951,1.58051,2.03858,0.00017,0.00771,0.00785,0,0.00952,0.00071,2.06126,0.63795,0.30814,0.36317,0.04904,2.26929,0.28343,0.02214,0.1347,0.3656,1.8218,0.21453,0.22057,0.0023,2.53915,0.06033,1.58051,0.28343,0.21453,0.22057,2.03858,2.05314,2.06126,2.43649,2.53915,0.2489,0.95399
2026-01-15 16:00:00,2.58888,0.00977,0.07237,0.04794,0.04562,0.00782,0.01057,0.01033,0.02996,0.18114,0.42352,1.48331,0.00949,1.58177,2.03768,0.00022,0.0077,0.00783,0,0.00948,0.00071,2.05965,0.63453,0.30777,0.36476,0.04888,2.2649,0.28326,0.0222,0.13166,0.36543,1.81474,0.21447,0.22049,0.0023,2.53576,0.06014,1.58177,0.28326,0.21447,0.22049,2.03768,2.05181,2.05965,2.43323,2.53576,0.24851,0.95399
2026-01-15 17:00:00,2.59366,0.00974,0.07216,0.04784,0.04543,0.00782,0.01055,0.01032,0.0299,0.18079,0.42343,1.47967,0.00947,1.58292,2.03677,0.00027,0.00768,0.00782,0,0.00943,0.00071,2.0581,0.63156,0.30739,0.36634,0.04872,2.2605,0.28309,0.02226,0.12862,0.36513,1.80756,0.21442,0.22042,0.00229,2.53243,0.05995,1.58292,0.28309,0.21442,0.22042,2.03677,2.05052,2.0581,2.43001,2.53243,0.248,0.95399
2026-01-15 18:00:00,2.59845,0.0097,0.07196,0.04776,0.04525,0.00781,0.01053,0.0103,0.02984,0.18114,0.42389,1.47589,0.00945,1.58397,2.03583,0.00031,0.00767,0.00781,0,0.00939,0.00071,2.05659,0.62891,0.30702,0.36793,0.04856,2.25611,0.28293,0.02232,0.12558,0.36494,1.80049,0.21437,0.22035,0.00227,2.52915,0.05976,1.58397,0.28293,0.21437,0.22035,2.03583,2.04928,2.05659,2.42685,2.52915,0.2476,0.95399
2026-01-15 19:00:00,2.59106,0.00967,0.07177,0.04769,0.04507,0.00781,0.0105,0.01029,0.02977,0.18145,0.42432,1.4774,0.00943,1.58494,2.03486,0.00037,0.00766,0.00779,0,0.00935,0.00071,2.05514,0.62646,0.30667,0.36876,0.04841,2.25573,0.28276,0.02221,0.12688,0.36481,1.79816,0.21432,0.22029,0.00226,2.52591,0.05958,1.58494,0.28276,0.21432,0.22029,2.03486,2.04808,2.05514,2.42373,2.52591,0.24729,0.95399
2026-01-15 20:00:00,2.58367,0.00963,0.07159,0.04759,0.04489,0.00779,0.01047,0.01027,0.0297,0.18093,0.42407,1.47868,0.00941,1.58582,2.03385,0.00041,0.00765,0.00778,0,0.00931,0.00071,2.05374,0.62417,0.30632,0.3696,0.04825,2.25535,0.2826,0.02211,0.12818,0.3648,1.79596,0.21427,0.22022,0.00226,2.52273,0.05939,1.58582,0.2826,0.21427,0.22022,2.03385,2.04691,2.05374,2.42067,2.52273,0.24711,0.95399
2026-01-15 21:00:00,2.57628,0.0096,0.07141,0.04745,0.0447,0.00778,0.01045,0.01025,0.02964,0.1811,0.42439,1.47985,0.00939,1.58662,2.03282,0.00046,0.00764,0.00777,0,0.00927,0.00071,2.05238,0.62205,0.30596,0.37043,0.0481,2.25497,0.28244,0.022,0.12948,0.36469,1.79368,0.21421,0.22015,0.00225,2.51959,0.05921,1.58662,0.28244,0.21421,0.22015,2.03282,2.04577,2.05238,2.41765,2.51959,0.24685,0.95399
2026-01-15 22:00:00,2.56888,0.00956,0.07122,0.04733,0.04451,0.00777,0.01043,0.01024,0.02958,0.18124,0.42475,1.48119,0.00937,1.58735,2.03174,0.00052,0.00762,0.00775,0,0.00923,0.00071,2.05108,0.62107,0.30561,0.37126,0.04794,2.25459,0.28228,0.02189,0.13077,0.36441,1.79124,0.21416,0.22007,0.00224,2.51651,0.05902,1.58735,0.28228,0.21416,0.22007,2.03174,2.04466,2.05108,2.41469,2.51651,0.24644,0.95399
2026-01-15 23:00:00,2.56149,0.00954,0.07102,0.04724,0.04432,0.00777,0.01041,0.01022,0.02951,0.18133,0.42506,1.48228,0.00935,1.58803,2.03063,0.00056,0.00761,0.00774,0,0.00919,0.00071,2.04981,0.62181,0.30526,0.3721,0.04779,2.25421,0.28212,0.02179,0.13207,0.36405,1.78875,0.21411,0.22001,0.00222,2.51347,0.05884,1.58803,0.28212,0.21411,0.22001,2.03063,2.04356,2.04981,2.41179,2.51347,0.24597,0.95399
2026-01-16 00:00:00,2.5541,0.00951,0.07082,0.04716,0.04414,0.00776,0.01038,0.01021,0.02943,0.18219,0.42593,1.48328,0.00933,1.58864,2.02949,0.00061,0.0076,0.00776,0,0.00915,0.00071,2.04858,0.62374,0.30491,0.37293,0.04763,2.25383,0.28196,0.02168,0.13337,0.36376,1.78636,0.21406,0.21994,0.0022,2.51048,0.05865,1.58864,0.28196,0.21406,0.21994,2.02949,2.04247,2.04858,2.40892,2.51048,0.2456,0.95399
2026-01-16 01:00:00,2.5536,0.00947,0.07064,0.0471,0.04396,0.00775,0.01035,0.01019,0.02935,0.18229,0.42626,1.47888,0.00931,1.5892,2.02831,0.00067,0.00759,0.00778,0,0.00911,0.00071,2.04739,0.62648,0.3058,0.37479,0.04748,2.25974,0.2818,0.02175,0.13604,0.36356,1.78714,0.21401,0.21987,0.00218,2.50754,0.05847,1.5892,0.2818,0.21401,0.21987,2.02831,2.04138,2.04739,2.40612,2.50754,0.24536,0.95399
2026-01-16 02:00:00,2.55309,0.00944,0.07046,0.04702,0.04379,0.00773,0.01033,0.01018,0.02928,0.18323,0.42742,1.47451,0.00929,1.58971,2.0271,0.00072,0.00758,0.00783,0,0.00906,0.00071,2.04622,0.6298,0.30668,0.37665,0.04733,2.26564,0.28164,0.02183,0.1387,0.36346,1.78806,0.21396,0.2198,0.00217,2.50464,0.05829,1.58971,0.28164,0.21396,0.2198,2.0271,2.0403,2.04622,2.40337,2.50464,0.24525,0.95399
2026-01-16 03:00:00,2.55259,0.00941,0.07029,0.04691,0.04361,0.00771,0.0103,0.01016,0.02922,0.18344,0.42818,1.47037,0.00928,1.59017,2.02587,0.00077,0.00757,0.00786,0,0.00902,0.00071,2.04507,0.63348,0.30757,0.37851,0.04718,2.27155,0.28149,0.0219,0.14137,0.36335,1.78898,0.21391,0.21974,0.00216,2.50181,0.05811,1.59017,0.28149,0.21391,0.21974,2.02587,2.03921,2.04507,2.40067,2.50181,0.24515,0.95399
2026-01-16 04:00:00,2.55209,0.00938,0.0701,0.04682,0.04342,0.00771,0.01028,0.01014,0.02915,0.18409,0.42949,1.46628,0.00926,1.59059,2.02461,0.00082,0.00755,0.00789,0,0.00898,0.00071,2.04394,0.63699,0.30845,0.38037,0.04703,2.27745,0.28132,0.02197,0.14403,0.36323,1.7899,0.21386,0.21967,0.00216,2.49902,0.05792,1.59059,0.28132,0.21386,0.21967,2.02461,2.03811,2.04394,2.39802,2.49902,0.24506,0.95399
2026-01-16 05:00:00,2.55158,0.00935,0.0699,0.04674,0.04324,0.0077,0.01027,0.01013,0.02908,0.18477,0.43097,1.4623,0.00924,1.59098,2.02333,0.00087,0.00754,0.00793,0,0.00893,0.00071,2.04283,0.64001,0.30933,0.38223,0.04688,2.28336,0.28117,0.02205,0.1467,0.36313,1.79088,0.21381,0.21961,0.00215,2.49627,0.05774,1.59098,0.28117,0.21381,0.21961,2.02333,2.037,2.04283,2.39542,2.49627,0.245,0.95399
2026-01-16 06:00:00,2.55108,0.00932,0.06971,0.04667,0.04307,0.0077,0.01025,0.01012,0.02901,0.18548,0.43258,1.45853,0.00922,1.59133,2.02203,0.00092,0.00753,0.00796,0,0.00889,0.00071,2.04172,0.6427,0.31022,0.38409,0.04673,2.28926,0.28101,0.02212,0.14936,0.36303,1.79184,0.21376,0.21954,0.00213,2.49358,0.05756,1.59133,0.28101,0.21376,0.21954,2.02203,2.03588,2.04172,2.39287,2.49358,0.24495,0.95399
2026-01-16 07:00:00,2.5584,0.00929,0.06953,0.0466,0.04291,0.00769,0.01022,0.0101,0.02894,0.18622,0.43421,1.4514,0.0092,1.59165,2.02072,0.00098,0.00752,0.00801,0,0.00885,0.00071,2.04061,0.64516,0.31051,0.3861,0.04659,2.29259,0.28086,0.02233,0.14856,0.36295,1.78896,0.21371,0.21947,0.00212,2.49094,0.05738,1.59165,0.28086,0.21371,0.21947,2.02072,2.03475,2.04061,2.39036,2.49094,0.2449,0.95399
2026-01-16 08:00:00,2.56572,0.00925,0.06936,0.04651,0.04274,0.00766,0.0102,0.01008,0.02886,0.18659,0.43594,1.44457,0.00919,1.59194,2.01939,0.00103,0.0075,0.00804,0,0.00881,0.00071,2.0395,0.64746,0.31081,0.38812,0.04644,2.29591,0.28071,0.02253,0.14776,0.3629,1.78609,0.21367,0.21941,0.00212,2.48834,0.0572,1.59194,0.28071,0.21367,0.21941,2.01939,2.0336,2.0395,2.38789,2.48834,0.24486,0.95399
2026-01-16 09:00:00,2.57304,0.00922,0.06919,0.04637,0.04257,0.00765,0.01019,0.01007,0.0288,0.18688,0.43748,1.43793,0.00917,1.59221,2.01805,0.00108,0.00749,0.00807,0,0.00878,0.00071,2.03839,0.64954,0.3111,0.39013,0.0463,2.29924,0.28056,0.02274,0.14696,0.36282,1.78318,0.21362,0.21935,0.00211,2.48579,0.05702,1.59221,0.28056,0.21362,0.21935,2.01805,2.03244,2.03839,2.38548,2.48579,0.24478,0.95399
2026-01-16 10:00:00,2.58035,0.00919,0.06901,0.04625,0.0424,0.00764,0.01017,0.01005,0.02874,0.18694,0.4387,1.43139,0.00915,1.59245,2.0167,0.00114,0.00748,0.00812,0,0.00874,0.00071,2.03727,0.65048,0.31139,0.39214,0.04615,2.30256,0.28041,0.02295,0.14616,0.36264,1.78015,0.21357,0.21928,0.00211,2.48328,0.05685,1.59245,0.28041,0.21357,0.21928,2.0167,2.03126,2.03727,2.38311,2.48328,0.24458,0.95399
2026-01-16 11:00:00,2.58767,0.00916,0.06882,0.04616,0.04222,0.00764,0.01015,0.01003,0.02868,0.18708,0.43988,1.4249,0.00913,1.59266,2.01535,0.00119,0.00746,0.00815,0,0.0087,0.00071,2.03614,0.64974,0.31169,0.39416,0.04601,2.30588,0.28026,0.02315,0.14536,0.36243,1.77707,0.21352,0.21922,0.0021,2.48082,0.05667,1.59266,0.28026,0.21352,0.21922,2.01535,2.03006,2.03614,2.38078,2.48082,0.24433,0.95399
2026-01-16 12:00:00,2.59499,0.00913,0.06864,0.04609,0.04206,0.00763,0.01013,0.01002,0.02862,0.1873,0.44094,1.4184,0.00911,1.59286,2.01399,0.00125,0.00745,0.0082,0,0.00866,0.00071,2.035,0.64784,0.31198,0.39617,0.04587,2.30921,0.28011,0.02336,0.14456,0.3623,1.77405,0.21347,0.21915,0.00209,2.47841,0.05649,1.59286,0.28011,0.21347,0.21915,2.01399,2.02885,2.035,2.37849,2.47841,0.24414,0.95409
