GMT,FRAC1,LTDC1,HIDC1,BHNC1,MPAC1,OWCC1,BNCC1,BCKC1,MEEC1,HPIC1,POHC1,EXQC1,DSNC1,STVC1,NWMC1,LGCC1,WARC1,LGAC1,PNEC1,LBDC1,OREC1,PATC1,HETC1,LNRC1,CHVC1F,DCMC1,NDPC1,MDSC1,NDVC1,NSWC1,AVYC1,NMSC1,OBBC1,RIPC1,PTTC1,VNSC1,KNFC1L,STVC1,MDSC1,OBBC1,RIPC1,NWMC1,CRDC1,PATC1,MZRC1,VNSC1,AVYC1L,NDPC1L
,QINE,QINE,QINE,QINE,QINE,QINE,QINE,QINE,QINE,QINE,QINE,QINE,QINE,QINE,QINE,QINE,QINE,QINE,QINE,QINE,QINE,QINE,QINE,QINE,QINE,QINE,QINE,QINE,QINE,QINE,QINE,QINE,QINE,QINE,QINE,QINE,QINE,QINE,QINE,QINE,QINE,QINE,QINE,QINE,QINE,QINE,SQIN,SQIN
2026-01-24 12:00:00,1.58946,0,0.04924,0.07876,0.015,0.005,0.007,0.007,0.02,0.20894,0.43908,1.57202,0.0078,0.8611,1.58821,0.00093,0.00541,0.00659,0,-0.00235,0.00001,1.67419,0.53406,0.13916,0.25682,0.015,1.24326,0.32345,0.07343,0.17967,0.27003,0.79726,0.30703,0.28547,0.00195,2.46756,0.03287,0.8611,0.32345,0.30703,0.28547,1.58821,1.66992,1.67419,2.16499,2.46756,0.21496,0.58869
2026-01-24 13:00:00,1.51599,0,0.04929,0.07876,0.015,0.005,0.007,0.007,0.02,0.21141,0.44281,1.57257,0.0078,0.8671,1.59223,0.00093,0.0054,0.0065,0,0,0.00001,1.67419,0.57249,0.15791,0.24178,0.015,1.26606,0.32345,0.07356,0.16122,0.27003,0.78556,0.30703,0.28547,0.00195,2.4596,0.03278,0.8671,0.32345,0.30703,0.28547,1.59223,1.66542,1.67419,2.16004,2.4596,0.2146,0.5861
2026-01-24 14:00:00,1.44252,0,0.04929,0.07067,0.015,0.005,0.007,0.007,0.02,0.20649,0.43537,1.57177,0.0078,0.8641,1.58821,0.00093,0.00539,0.0065,0,0.00059,0.00001,1.66419,0.55295,0.14813,0.29331,0.014,1.28886,0.32345,0.07142,0.17908,0.26803,0.77393,0.31103,0.28393,0.00195,2.44372,0.03268,0.8641,0.32345,0.31103,0.28393,1.58821,1.66542,1.66419,2.15508,2.44372,0.21423,0.58601
2026-01-24 15:00:00,1.46691,0,0.05621,0.06967,0.015,0.005,0.007,0.007,0.02,0.20649,0.43537,1.62184,0.0078,0.8611,1.58821,0.00093,0.00539,0.00648,0,0.0053,0.00001,1.66018,0.34044,0.1191,0.25424,0.014,1.31166,0.32597,0.07175,0.17908,0.26303,0.76224,0.30703,0.2824,0.00195,2.43579,0.03259,0.8611,0.32597,0.30703,0.2824,1.58821,1.66091,1.66018,2.1501,2.43579,0.21358,0.58591
2026-01-24 16:00:00,1.46679,0,0.04915,0.05959,0.015,0.005,0.007,0.007,0.02,0.19841,0.43537,1.67252,0.0078,0.8531,1.58018,0.00101,0.00538,0.0064,0,0.00707,0.00001,1.65518,0.24366,0.09979,0.12698,0.015,1.32583,0.32345,0.07109,0.16125,0.27003,0.75021,0.30703,0.28088,0.00195,2.42787,0.0325,0.8531,0.32345,0.30703,0.28088,1.58018,1.65641,1.65518,2.1451,2.42787,0.21212,0.5858
2026-01-24 17:00:00,1.3688,0,0.04918,0.04142,0.015,0.005,0.007,0.007,0.02,0.19575,0.43168,1.62189,0.0078,0.8531,1.57617,0.00101,0.00537,0.00639,0,0.00707,0.00001,1.65018,0.39759,0.09944,0.19168,0.014,1.34,0.32345,0.06929,0.10095,0.26303,0.73806,0.30703,0.27936,0.00195,2.40419,0.0324,0.8531,0.32345,0.30703,0.27936,1.57617,1.65641,1.65018,2.14011,2.40419,0.21027,0.58568
2026-01-24 18:00:00,1.22187,0,0.05621,0.03234,0.015,0.005,0.007,0.007,0.01848,0.1931,0.42434,1.67132,0.0078,0.84709,1.58018,0.00101,0.00536,0.00638,0,0.00589,0.00001,1.65518,0.39757,0.1269,0.34132,0.014,1.35418,0.32345,0.06653,0.10095,0.26603,0.72622,0.30703,0.27936,0.00215,2.38846,0.03231,0.84709,0.32345,0.30703,0.27936,1.58018,1.65192,1.65518,2.13519,2.38846,0.20884,0.58555
2026-01-24 19:00:00,1.09957,0,0.05621,0.03234,0.015,0.005,0.007,0.007,0.01848,0.1931,0.42069,1.72018,0.00808,0.83909,1.57617,0.00101,0.00535,0.00637,0,0.00353,0.00001,1.64618,0.30128,0.15483,0.30085,0.014,1.36835,0.32345,0.06835,0.15015,0.26603,0.73304,0.30703,0.27936,0.00236,2.38061,0.03222,0.83909,0.32345,0.30703,0.27936,1.57617,1.64743,1.64618,2.13029,2.38061,0.20767,0.5854
2026-01-24 20:00:00,0.94556,0,0.04923,0.04142,0.015,0.005,0.007,0.007,0.01848,0.1931,0.41344,1.67001,0.00808,0.83009,1.57216,0.00101,0.00534,0.00637,0,-0.00591,0.00001,1.65018,0.30148,0.13557,0.1421,0.013,1.38252,0.32345,0.0669,0.15012,0.26303,0.73997,0.30703,0.27785,0.00215,2.37277,0.03213,0.83009,0.32345,0.30703,0.27785,1.57216,1.64295,1.65018,2.12536,2.37277,0.2069,0.58523
2026-01-24 21:00:00,0.74749,0,0.04217,0.05151,0.015,0.005,0.007,0.007,0.01848,0.2011,0.41706,1.61985,0.00808,0.82409,1.56415,0.00101,0.00533,0.00636,0,-0.01419,0.00001,1.64118,0.43688,0.13567,0.11651,0.013,1.39669,0.32345,0.07118,0.11381,0.26103,0.74665,0.30703,0.27785,0.00215,2.38061,0.03204,0.82409,0.32345,0.30703,0.27785,1.56415,1.64295,1.64118,2.12047,2.38061,0.20578,0.58504
2026-01-24 22:00:00,0.56407,0,0.04208,0.06159,0.015,0.005,0.007,0.007,0.01848,0.19841,0.41344,1.41647,0.00808,0.81609,1.56015,0.0011,0.00532,0.00635,0,0,0.00001,1.63718,0.57221,0.16367,0.29515,0.013,1.40657,0.32345,0.06871,0.10581,0.25903,0.75276,0.30703,0.27785,0.00215,2.36494,0.03194,0.81609,0.32345,0.30703,0.27785,1.56015,1.63848,1.63718,2.11564,2.36494,0.20375,0.58483
2026-01-24 23:00:00,0.43244,0,0.04211,0.07876,0.015,0.005,0.007,0.007,0.01848,0.20894,0.40626,1.11203,0.00808,0.80809,1.55616,0.0011,0.00531,0.00634,0,0,0.00001,1.63718,0.4181,0.18152,0.2723,0.014,1.41646,0.32345,0.07179,0.15195,0.26103,0.75858,0.30703,0.27634,0.00195,2.36494,0.03185,0.80809,0.32345,0.30703,0.27634,1.55616,1.62955,1.63718,2.11086,2.36494,0.20133,0.58458
2026-01-25 00:00:00,0.39314,0,0.04214,0.07876,0.015,0.005,0.007,0.007,0.01848,0.21141,0.40985,0.65584,0.00808,0.79909,1.55217,0.0011,0.0053,0.00633,0,-0.01772,0.00001,1.62318,0.34087,0.15322,0.13529,0.014,1.42634,0.32597,0.0708,0.14209,0.25703,0.76456,0.30703,0.27634,0.00195,2.37277,0.03176,0.79909,0.32597,0.30703,0.27634,1.55217,1.62509,1.62318,2.10614,2.37277,0.19944,0.58428
2026-01-25 01:00:00,0.39976,0,0.04214,0.07876,0.015,0.005,0.007,0.007,0.01848,0.20649,0.41344,0.20046,0.00808,0.79409,1.54819,0.0011,0.00529,0.00632,0,-0.00709,0.00001,1.62318,0.37932,0.10657,0.1886,0.014,1.43622,0.32345,0.06938,0.08303,0.25503,0.77098,0.30703,0.27634,0.00195,2.35712,0.03167,0.79409,0.32345,0.30703,0.27634,1.54819,1.62509,1.62318,2.10147,2.35712,0.19808,0.58394
2026-01-25 02:00:00,0.48389,0,0.04918,0.07776,0.015,0.005,0.007,0.007,0.01707,0.20649,0.41344,-0.15484,0.0078,0.78609,1.54023,0.0011,0.00528,0.00632,0,0.01595,0.00001,1.61818,0.35999,0.11598,0.29186,0.014,1.44611,0.32093,0.07009,0.07626,0.25103,0.77766,0.30703,0.27483,0.00195,2.34932,0.03158,0.78609,0.32093,0.30703,0.27483,1.54023,1.61619,1.61818,2.09685,2.34932,0.19735,0.58353
2026-01-25 03:00:00,0.62792,0,0.05624,0.06767,0.015,0.005,0.007,0.007,0.01707,0.20649,0.41706,-0.51089,0.0078,0.77509,1.53229,0.0011,0.00527,0.00632,0,0.0266,0.00001,1.61818,0.49489,0.14288,0.44211,0.014,1.45599,0.32093,0.06938,0.09471,0.25203,0.78421,0.30703,0.27483,0.00195,2.34153,0.03149,0.77509,0.32093,0.30703,0.27483,1.53229,1.61175,1.61818,2.09232,2.34153,0.19643,0.58302
2026-01-25 04:00:00,0.73569,0,0.05627,0.05759,0.015,0.005,0.007,0.007,0.01707,0.20649,0.42434,-0.71382,0.0078,0.76909,1.52832,0.00101,0.00526,0.00638,0,0,0.00001,1.60918,0.51407,0.15077,0.46107,0.014,1.44026,0.32093,0.06766,0.11069,0.25103,0.79048,0.30703,0.27483,0.00175,2.33374,0.0314,0.76909,0.32093,0.30703,0.27483,1.52832,1.60288,1.60918,2.08786,2.33374,0.19511,0.58239
2026-01-25 05:00:00,0.89172,0,0.05627,0.04042,0.015,0.005,0.007,0.007,0.01707,0.20381,0.42069,-0.71387,0.0078,0.76108,1.51644,0.00101,0.00525,0.00637,0,-0.00709,0.00001,1.60418,0.49554,0.14131,0.27863,0.014,1.42453,0.31842,0.06799,0.11313,0.24903,0.79665,0.30703,0.27333,0.00175,2.32597,0.03131,0.76108,0.31842,0.30703,0.27333,1.51644,1.60288,1.60418,2.08325,2.32597,0.19368,0.58158
2026-01-25 06:00:00,1.06824,0,0.04923,0.04142,0.015,0.005,0.007,0.007,0.01707,0.20381,0.42069,-0.47329,0.0078,0.75808,1.51249,0.00101,0.00524,0.00636,0,0.01948,0.00001,1.60418,0.51408,0.13132,0.20844,0.014,1.4088,0.31842,0.06627,0.11561,0.25103,0.8029,0.30703,0.27333,0.00175,2.31821,0.03122,0.75808,0.31842,0.30703,0.27333,1.51249,1.59403,1.60418,2.07857,2.31821,0.19253,0.58049
2026-01-25 07:00:00,1.21743,0,0.04923,0.04242,0.015,0.005,0.007,0.007,0.01707,0.19575,0.41706,-0.0939,0.0078,0.75308,1.5046,0.00093,0.00523,0.00635,0,0.01239,0.00001,1.59518,0.53336,0.13036,0.33035,0.013,1.39307,0.32093,0.06553,0.13715,0.24803,0.81282,0.31103,0.27183,0.00175,2.31046,0.03113,0.75308,0.32093,0.31103,0.27183,1.5046,1.58962,1.59518,2.0739,2.31046,0.19172,0.57898
2026-01-25 08:00:00,1.30393,0,0.05624,0.03434,0.015,0.005,0.007,0.007,0.01707,0.19047,0.40269,0.28044,0.0078,0.74708,1.49672,0.00093,0.00523,0.00634,0,-0.00356,0.00001,1.59118,0.55411,0.1301,0.33067,0.014,1.37734,0.31842,0.06413,0.13838,0.24503,0.82284,0.30703,0.27183,0.00175,2.30272,0.03104,0.74708,0.31842,0.30703,0.27183,1.49672,1.58521,1.59118,2.06917,2.30272,0.19125,0.5767
2026-01-25 09:00:00,1.32564,0,0.05621,0.03434,0.015,0.005,0.007,0.007,0.01707,0.18529,0.3956,0.7009,0.00808,0.74208,1.49279,0.00093,0.00522,0.00634,0,-0.01065,0.00001,1.59118,0.47694,0.13014,0.10075,0.014,1.36161,0.32093,0.06236,0.12856,0.24503,0.83272,0.30703,0.27183,0.00175,2.30272,0.03096,0.74208,0.32093,0.30703,0.27183,1.49279,1.57641,1.59118,2.06436,2.30272,0.19064,0.57291
2026-01-25 10:00:00,1.41005,0,0.06327,0.03434,0.015,0.005,0.007,0.007,0.01577,0.18019,0.3956,1.0304,0.0078,0.73908,1.48493,0.00093,0.00521,0.00641,0,0.00177,0.00001,1.58618,0.34121,0.1302,0.02929,0.013,1.34496,0.32093,0.06274,0.12611,0.24503,0.8423,0.30703,0.27183,0.00157,2.30272,0.03087,0.73908,0.32093,0.30703,0.27183,1.48493,1.57201,1.58618,2.05961,2.30272,0.18965,0.56533
2026-01-25 11:00:00,1.42669,0,0.07028,0.04242,0.015,0.005,0.007,0.007,0.01577,0.17473,0.38162,1.30832,0.0078,0.73408,1.47708,0.00093,0.00521,0.0064,0,0.01239,0.00001,1.57718,0.30104,0.12027,0.25638,0.013,1.32831,0.32093,0.06171,0.12858,0.24503,0.8517,0.30703,0.27183,0.00175,2.295,0.03078,0.73408,0.32093,0.30703,0.27183,1.47708,1.56323,1.57718,2.05485,2.295,0.18851,0.54259
2026-01-25 12:00:00,1.3591,0,0.07022,0.04142,0.015,0.005,0.007,0.007,0.01577,0.17203,0.3713,1.49281,0.0078,0.73108,1.47316,0.00093,0.0052,0.00639,0,-0.0018,0.00001,1.57218,0.34014,0.11107,0.29317,0.013,1.31167,0.32093,0.06277,0.11873,0.24403,0.86118,0.30703,0.27034,0.00175,2.295,0.03069,0.73108,0.32093,0.30703,0.27034,1.47316,1.55448,1.57218,2.05009,2.295,0.18762,0.55226
2026-01-25 13:00:00,1.33855,0,0.07022,0.03234,0.015,0.005,0.007,0.007,0.01577,0.16671,0.35776,1.49259,0.0078,0.72608,1.46925,0.00093,0.00519,0.00638,0,-0.01242,0.00001,1.56817,0.33992,0.12935,0.08388,0.013,1.29502,0.32093,0.06275,0.10825,0.24403,0.90087,0.30703,0.27034,0.00175,2.28727,0.0306,0.72608,0.32093,0.30703,0.27034,1.46925,1.55012,1.56817,2.04537,2.28727,0.18693,0.55216
2026-01-25 14:00:00,1.40051,0,0.07022,0.04042,0.015,0.005,0.007,0.007,0.01577,0.15893,0.35109,1.49187,0.0078,0.72308,1.46144,0.00093,0.00518,0.00637,0,-0.00889,0.00001,1.56317,0.33841,0.13799,0.10168,0.013,1.27837,0.31842,0.05995,0.09162,0.24303,0.94044,0.30703,0.27034,0.00175,2.27957,0.03052,0.72308,0.31842,0.30703,0.27034,1.46144,1.54576,1.56317,2.04065,2.27957,0.18648,0.53901
2026-01-25 15:00:00,1.42117,0,0.06321,0.04042,0.015,0.005,0.007,0.007,0.01577,0.14854,0.33794,1.44578,0.0078,0.71808,1.45754,0.00093,0.00518,0.00635,0,0.00171,0.00001,1.55917,0.26042,0.11997,0.27622,0.013,1.26172,0.32093,0.05855,0.10637,0.24103,0.97961,0.30703,0.27183,0.00175,2.27187,0.03043,0.71808,0.32093,0.30703,0.27183,1.45754,1.53705,1.55917,2.03588,2.27187,0.18584,0.53463
2026-01-25 16:00:00,1.37996,0,0.05618,0.03234,0.015,0.005,0.007,0.007,0.01577,0.14081,0.32824,1.39973,0.0078,0.71808,1.44975,0.00093,0.00517,0.00626,0,0.00171,0.00001,1.55417,0.28027,0.09265,0.27073,0.013,1.24976,0.32093,0.05858,0.12173,0.23903,1.01811,0.30703,0.27034,0.00175,2.26419,0.03034,0.71808,0.32093,0.30703,0.27034,1.44975,1.53271,1.55417,2.03108,2.26419,0.18468,0.53244
2026-01-25 17:00:00,1.44196,0,0.05303,0.03334,0.015,0.005,0.007,0.007,0.01577,0.13582,0.32504,1.40133,0.0078,0.71508,1.44586,0.00101,0.00516,0.00625,0,-0.00889,0.00001,1.55017,0.33971,0.09278,0.13934,0.012,1.2378,0.32093,0.05935,0.10634,0.24103,1.05613,0.30703,0.27034,0.00175,2.25652,0.03026,0.71508,0.32093,0.30703,0.27034,1.44586,1.52403,1.55017,2.02614,2.25652,0.1833,0.53113
2026-01-25 18:00:00,1.52438,0,0.05383,0.03434,0.015,0.005,0.006,0.007,0.01456,0.14335,0.31868,1.40221,0.0078,0.71308,1.44198,0.00101,0.00515,0.00623,0,-0.00886,0.00001,1.54117,0.34025,0.12006,0.14712,0.012,1.22585,0.32093,0.06115,0.12358,0.23903,1.09405,0.30703,0.26885,0.00175,2.25652,0.03017,0.71308,0.32093,0.30703,0.26885,1.44198,1.52403,1.54117,2.02114,2.25652,0.18222,0.53025
2026-01-25 19:00:00,1.50372,0,0.05462,0.04242,0.015,0.005,0.006,0.006,0.01456,0.15119,0.31238,1.35706,0.0078,0.71308,1.44198,0.00101,0.00514,0.00616,0,-0.0053,0.00001,1.53217,0.28142,0.10984,0.24453,0.012,1.21389,0.32093,0.06425,0.13529,0.23403,1.0959,0.30703,0.26885,0.00175,2.24886,0.03009,0.71308,0.32093,0.30703,0.26885,1.44198,1.5197,1.53217,2.01617,2.24886,0.18139,0.52963
2026-01-25 20:00:00,1.44166,0,0.04844,0.04242,0.015,0.005,0.006,0.006,0.01456,0.16936,0.30306,1.31242,0.0078,0.71308,1.43034,0.0011,0.00513,0.00615,0,-0.00706,0.00001,1.52717,0.23865,0.09964,0.2404,0.012,1.20193,0.32093,0.06414,0.15439,0.23403,1.09799,0.30703,0.27034,0.00175,2.24886,0.03,0.71308,0.32093,0.30703,0.27034,1.43034,1.51538,1.52717,2.01115,2.24886,0.18087,0.52916
2026-01-25 21:00:00,1.46233,0,0.04929,0.03434,0.015,0.005,0.006,0.006,0.01456,0.16936,0.30615,1.31334,0.0078,0.70708,1.43422,0.0011,0.00512,0.00614,0,-0.00706,0.00001,1.52717,0.315,0.09948,0.13395,0.012,1.18997,0.32093,0.06207,0.16243,0.23303,1.09988,0.30703,0.26885,0.00175,2.24121,0.02992,0.70708,0.32093,0.30703,0.26885,1.43422,1.51538,1.52717,2.00608,2.24121,0.18015,0.52879
2026-01-25 22:00:00,1.50366,0,0.05009,0.04242,0.015,0.005,0.006,0.006,0.01456,0.17746,0.32824,1.178,0.0078,0.71008,1.43034,0.0011,0.00511,0.00614,0,-0.00706,0.00001,1.51817,0.35498,0.11758,0.09483,0.012,1.18715,0.32093,0.06378,0.15321,0.23103,1.10132,0.30703,0.26885,0.00175,2.24121,0.02984,0.71008,0.32093,0.30703,0.26885,1.43034,1.51106,1.51817,2.00097,2.24121,0.1789,0.5285
2026-01-25 23:00:00,1.46233,0,0.047,0.04142,0.015,0.004,0.00661,0.006,0.01456,0.19841,0.34778,0.85948,0.0078,0.70508,1.43034,0.0011,0.0051,0.00613,0,-0.00706,0.00001,1.51417,0.39298,0.13573,0.19488,0.012,1.18432,0.31842,0.06415,0.1606,0.22503,1.10255,0.30703,0.26885,0.00175,2.24121,0.02975,0.70508,0.31842,0.30703,0.26885,1.43034,1.51106,1.51417,1.99581,2.24121,0.17744,0.52826
2026-01-26 00:00:00,1.42112,0,0.04703,0.03234,0.015,0.004,0.006,0.006,0.01456,0.20649,0.3645,0.54163,0.0078,0.70508,1.41874,0.0011,0.00509,0.00612,0,-0.0053,0.00001,1.51417,0.35357,0.12677,0.2797,0.012,1.1815,0.32093,0.06452,0.1292,0.22503,1.10401,0.30403,0.26885,0.00175,2.23357,0.02967,0.70508,0.32093,0.30403,0.26885,1.41874,1.50675,1.51417,1.99066,2.23357,0.17629,0.52806
2026-01-26 01:00:00,1.48299,0,0.04703,0.03334,0.015,0.004,0.006,0.006,0.01456,0.20894,0.38509,0.22443,0.0078,0.70208,1.41874,0.00101,0.00508,0.00611,0,0.00886,0.00001,1.51417,0.37429,0.12708,0.24586,0.012,1.17868,0.31842,0.06138,0.11072,0.22202,1.10422,0.30703,0.26885,0.00175,2.23357,0.02959,0.70208,0.31842,0.30703,0.26885,1.41874,1.50244,1.51417,1.98552,2.23357,0.17551,0.52789
2026-01-26 02:00:00,1.58638,0,0.04309,0.03434,0.015,0.004,0.006,0.006,0.01456,0.20649,0.39914,-0.09302,0.0078,0.70008,1.4226,0.00101,0.00507,0.00611,0,0.01419,0.00001,1.50917,0.418,0.12742,0.17515,0.012,1.17585,0.31842,0.06072,0.12426,0.21802,1.1048,0.30703,0.26885,0.00175,2.22595,0.0295,0.70008,0.31842,0.30703,0.26885,1.4226,1.49814,1.50917,1.98033,2.22595,0.17517,0.52775
2026-01-26 03:00:00,1.64824,0,0.04226,0.04242,0.015,0.004,0.006,0.006,0.01456,0.20894,0.42069,-0.36602,0.0078,0.69708,1.41874,0.00101,0.00507,0.0061,0,0.00006,0.00001,1.50517,0.41979,0.1367,0.29336,0.012,1.17303,0.31842,0.06143,0.10516,0.22402,1.10537,0.31103,0.26737,0.00175,2.21833,0.02942,0.69708,0.31842,0.31103,0.26737,1.41874,1.49814,1.50517,1.97519,2.21833,0.17482,0.52762
2026-01-26 04:00:00,1.64823,0,0.05553,0.04242,0.015,0.004,0.006,0.006,0.01456,0.21141,0.43168,-0.50208,0.0078,0.69708,1.41488,0.00093,0.00506,0.0061,0,0.00362,0.00001,1.50117,0.45721,0.12812,0.41946,0.012,1.17209,0.31842,0.06,0.07191,0.22503,1.10597,0.31103,0.26737,0.00175,2.21833,0.02934,0.69708,0.31842,0.31103,0.26737,1.41488,1.48956,1.50117,1.97014,2.21833,0.17452,0.52751
2026-01-26 05:00:00,1.6856,0,0.05471,0.03434,0.015,0.004,0.006,0.006,0.01456,0.20649,0.43537,-0.45678,0.0078,0.69408,1.41102,0.00093,0.00505,0.00616,0,0.01778,0.00001,1.49617,0.36059,0.10875,0.2898,0.013,1.17115,0.31591,0.06105,0.07744,0.23103,1.10664,0.31103,0.26737,0.00175,2.20314,0.02925,0.69408,0.31591,0.31103,0.26737,1.41102,1.48527,1.49617,1.96509,2.20314,0.1743,0.52742
2026-01-26 06:00:00,1.75873,0,0.05388,0.04242,0.015,0.004,0.006,0.006,0.01456,0.2011,0.43168,-0.29972,0.0078,0.69408,1.41102,0.00093,0.00504,0.00615,0,0.02131,0.00001,1.49617,0.38123,0.10719,0.17748,0.012,1.1702,0.31591,0.05968,0.10019,0.23503,1.10733,0.30703,0.26737,0.00175,2.20314,0.02917,0.69408,0.31591,0.30703,0.26737,1.41102,1.48527,1.49617,1.96011,2.20314,0.1741,0.52733
2026-01-26 07:00:00,1.78901,0,0.06012,0.04142,0.015,0.004,0.006,0.006,0.01344,0.19841,0.428,0.07619,0.00752,0.69408,1.40717,0.00086,0.00503,0.00615,0,0.01068,0.00001,1.49217,0.439,0.11677,0.26985,0.012,1.16926,0.31591,0.05896,0.09895,0.23903,1.10593,0.30703,0.26737,0.00175,2.19554,0.02909,0.69408,0.31591,0.30703,0.26737,1.40717,1.48098,1.49217,1.95521,2.19554,0.17399,0.52725
2026-01-26 08:00:00,1.77818,0,0.06324,0.04042,0.015,0.004,0.006,0.006,0.01344,0.1931,0.42069,0.52775,0.00752,0.69208,1.40717,0.00086,0.00502,0.00622,0,-0.0035,0.00001,1.48717,0.4375,0.12636,0.34392,0.012,1.16832,0.31591,0.05965,0.0571,0.24103,1.10456,0.30703,0.26737,0.00175,2.19554,0.02901,0.69208,0.31591,0.30703,0.26737,1.40717,1.47671,1.48717,1.95029,2.19554,0.17392,0.52719
2026-01-26 09:00:00,1.66486,0,0.07024,0.04042,0.015,0.004,0.006,0.006,0.01344,0.19047,0.41344,0.82844,0.00752,0.69208,1.40717,0.00086,0.00502,0.00621,0,0.00356,0.00001,1.48717,0.47608,0.11738,0.21126,0.013,1.16738,0.31591,0.05864,0.03371,0.23803,1.10318,0.30703,0.26737,0.00175,2.18797,0.02893,0.69208,0.31591,0.30703,0.26737,1.40717,1.47244,1.48717,1.94536,2.18797,0.17383,0.52712
2026-01-26 10:00:00,1.61341,0,0.06315,0.04142,0.015,0.004,0.006,0.006,0.01344,0.18787,0.40626,1.15787,0.00752,0.68908,1.39948,0.00086,0.00501,0.0062,0,0.00533,0.00001,1.48317,0.49554,0.10842,0.11052,0.013,1.16353,0.31591,0.05791,0.03556,0.23503,1.1017,0.30703,0.26589,0.00175,2.18797,0.02884,0.68908,0.31591,0.30703,0.26589,1.39948,1.47244,1.48317,1.94047,2.18797,0.17365,0.52707
2026-01-26 11:00:00,1.60713,0,0.06324,0.05051,0.015,0.004,0.006,0.006,0.01344,0.18529,0.40269,1.5634,0.00752,0.68608,1.39948,0.00086,0.005,0.00619,0,-0.0053,0.00001,1.47816,0.49579,0.10911,0.21402,0.012,1.15969,0.31591,0.05825,0.00666,0.22903,1.10019,0.30703,0.26589,0.00175,2.18041,0.02876,0.68608,0.31591,0.30703,0.26589,1.39948,1.46818,1.47816,1.93563,2.18041,0.17344,0.52701
2026-01-26 12:00:00,1.52387,0,0.06346,0.04242,0.015,0.004,0.006,0.006,0.01344,0.18273,0.3956,1.81249,0.00752,0.68408,1.39948,0.00086,0.00499,0.00617,0,-0.00353,0.00001,1.47416,0.45728,0.11948,0.28182,0.012,1.15584,0.31842,0.05751,-0.02715,0.23003,1.0987,0.30703,0.26589,0.00157,2.17287,0.02868,0.68408,0.31842,0.30703,0.26589,1.39948,1.46392,1.47416,1.93084,2.17287,0.17327,0.51942
2026-01-26 13:00:00,1.44193,0,0.06366,0.03434,0.015,0.004,0.006,0.006,0.01344,0.18019,0.38509,1.63022,0.00752,0.68608,1.39564,0.00086,0.00498,0.00608,0,-0.00353,0.00001,1.47416,0.4378,0.12913,0.21598,0.012,1.152,0.31842,0.05684,-0.05176,0.22803,1.09708,0.30703,0.26589,0.00175,2.17287,0.0286,0.68608,0.31842,0.30703,0.26589,1.39564,1.46392,1.47416,1.9261,2.17287,0.17306,0.50169
2026-01-26 14:00:00,1.42115,0,0.05679,0.03434,0.015,0.004,0.006,0.006,0.01344,0.18019,0.37816,1.62956,0.00752,0.68608,1.39564,0.00086,0.00497,0.00608,0,0.00712,0.00001,1.46916,0.41838,0.11948,0.16777,0.012,1.14816,0.31842,0.0569,-0.0419,0.22603,1.09542,0.30703,0.26589,0.00175,2.16533,0.02852,0.68608,0.31842,0.30703,0.26589,1.39564,1.46392,1.46916,1.92142,2.16533,0.17283,0.49896
2026-01-26 15:00:00,1.52352,0,0.04292,0.03434,0.013,0.004,0.006,0.006,0.01344,0.17746,0.3713,1.93239,0.00752,0.68108,1.38796,0.00086,0.00497,0.00606,0,0.00712,0.00001,1.46516,0.36062,0.09968,0.22219,0.012,1.14431,0.31591,0.05581,-0.02271,0.22903,1.09362,0.30703,0.26442,0.00175,2.16533,0.02844,0.68108,0.31591,0.30703,0.26442,1.38796,1.45966,1.46516,1.91685,2.16533,0.17243,0.49805
2026-01-26 16:00:00,1.60566,0,0.04304,0.02525,0.013,0.004,0.006,0.006,0.01344,0.17473,0.3713,1.93306,0.00752,0.68408,1.3918,0.00086,0.00496,0.00598,0,-0.0053,0.00001,1.46516,0.32206,0.09825,0.27752,0.012,1.1396,0.31591,0.05722,-0.01148,0.23903,1.09133,0.30703,0.26442,0.00175,2.1578,0.02836,0.68408,0.31591,0.30703,0.26442,1.3918,1.45542,1.46516,1.91241,2.1578,0.17149,0.49759
2026-01-26 17:00:00,1.64637,0,0.04295,0.02425,0.013,0.004,0.006,0.006,0.01344,0.17473,0.3645,1.87251,0.00752,0.68408,1.38413,0.00086,0.00495,0.00597,0,-0.0053,0.00001,1.46516,0.36062,0.11641,0.22968,0.012,1.1349,0.31842,0.0565,0.00344,0.25003,1.08884,0.30703,0.26442,0.00175,2.15029,0.02828,0.68408,0.31842,0.30703,0.26442,1.38413,1.45118,1.46516,1.90804,2.15029,0.17031,0.49732
2026-01-26 18:00:00,1.68709,0,0.04273,0.04042,0.013,0.004,0.006,0.006,0.01344,0.17473,0.36112,1.8113,0.00752,0.68408,1.38413,0.00093,0.00494,0.00595,0,-0.00353,0.00001,1.46116,0.39836,0.11599,0.14572,0.012,1.13019,0.31591,0.05686,0.03742,0.25703,1.08655,0.30703,0.26442,0.00175,2.15029,0.0282,0.68408,0.31591,0.30703,0.26442,1.38413,1.44694,1.46116,1.90362,2.15029,0.16939,0.49713
2026-01-26 19:00:00,1.70777,0,0.03894,0.04851,0.013,0.004,0.006,0.006,0.01344,0.17473,0.35776,1.99334,0.00752,0.68108,1.3803,0.00093,0.00493,0.00588,0,-0.00353,0.00001,1.46116,0.37948,0.09697,0.12535,0.012,1.12548,0.31591,0.05613,0.07941,0.27003,1.08696,0.30703,0.26442,0.00175,2.14279,0.02812,0.68108,0.31591,0.30703,0.26442,1.3803,1.44694,1.46116,1.89921,2.14279,0.16867,0.497
2026-01-26 20:00:00,1.68761,0,0.04584,0.04851,0.013,0.004,0.006,0.006,0.01344,0.17746,0.36112,1.93309,0.00752,0.68108,1.38413,0.00093,0.00492,0.00588,0,-0.00709,0.00001,1.45616,0.38087,0.08761,0.21387,0.012,1.12078,0.31842,0.05647,0.10295,0.28503,1.08758,0.30703,0.26442,0.00175,2.13529,0.02805,0.68108,0.31842,0.30703,0.26442,1.38413,1.44271,1.45616,1.89495,2.13529,0.16823,0.49691
2026-01-26 21:00:00,1.62624,0,0.05279,0.04851,0.013,0.004,0.00638,0.006,0.01344,0.17746,0.36789,1.56958,0.00752,0.68108,1.37648,0.00093,0.00492,0.00587,0,-0.00709,0.00001,1.46916,0.4004,0.10585,0.23462,0.012,1.11607,0.31842,0.05725,0.12087,0.30203,1.08802,0.30703,0.26295,0.00175,2.13529,0.02797,0.68108,0.31842,0.30703,0.26295,1.37648,1.44271,1.46916,1.89077,2.13529,0.16761,0.49683
2026-01-26 22:00:00,1.52396,0,0.04573,0.08484,0.01299,0.00399,0.00638,0.006,0.01344,0.17473,0.37472,1.3878,0.00752,0.67908,1.37648,0.00093,0.00491,0.00586,0,-0.00706,0.00001,1.46916,0.38123,0.11538,0.13015,0.012,1.11607,0.32093,0.05709,0.1387,0.31804,1.08809,0.30703,0.26442,0.00175,2.13529,0.02789,0.67908,0.32093,0.30703,0.26442,1.37648,1.43848,1.46916,1.88657,2.13529,0.16657,0.49677
2026-01-26 23:00:00,1.40141,0,0.04926,0.08684,0.01299,0.004,0.00637,0.006,0.01344,0.18019,0.37472,1.08427,0.00752,0.67908,1.37648,0.00093,0.0049,0.00585,0,-0.00353,0.00001,1.46916,0.38112,0.10644,0.13022,0.012,1.11607,0.32345,0.0569,0.13991,0.34204,1.08799,0.30703,0.26442,0.00175,2.14279,0.02782,0.67908,0.32345,0.30703,0.26442,1.37648,1.43426,1.46916,1.88248,2.14279,0.16537,0.49672
2026-01-27 00:00:00,1.4013,0,0.04926,0.07067,0.01299,0.004,0.00635,0.006,0.01344,0.18273,0.37816,0.72078,0.00752,0.67908,1.37648,0.00093,0.00489,0.00584,0,-0.00706,0.00001,1.45216,0.36264,0.11534,0.24838,0.012,1.11607,0.32345,0.05683,0.12637,0.36904,1.08808,0.30403,0.26442,0.00175,2.13529,0.02774,0.67908,0.32345,0.30403,0.26442,1.37648,1.43426,1.45216,1.87849,2.13529,0.16442,0.49668
2026-01-27 01:00:00,1.44201,0,0.04579,0.06513,0.013,0.004,0.006,0.006,0.01344,0.18019,0.37816,0.29758,0.00752,0.67608,1.37648,0.00093,0.00488,0.00583,0,0.00356,0.00001,1.44316,0.36322,0.12427,0.28113,0.012,1.11607,0.32345,0.05511,0.12575,0.39204,1.0884,0.30403,0.26295,0.00175,2.13529,0.02766,0.67608,0.32345,0.30403,0.26295,1.37648,1.43005,1.44316,1.87462,2.13529,0.16381,0.49664
2026-01-27 02:00:00,1.40111,0,0.05286,0.05211,0.013,0.004,0.006,0.006,0.01241,0.17746,0.38162,-0.12651,0.00752,0.67608,1.37266,0.00086,0.00488,0.00583,0,0.01062,0.00001,1.44316,0.38133,0.12428,0.1724,0.012,1.11607,0.32345,0.05617,0.12387,0.41905,1.08904,0.30403,0.26295,0.00175,2.12781,0.02759,0.67608,0.32345,0.30403,0.26295,1.37266,1.42584,1.44316,1.87094,2.12781,0.16359,0.49661
2026-01-27 03:00:00,1.38075,0,0.05286,0.05151,0.013,0.004,0.006,0.006,0.01241,0.17746,0.38162,-0.42908,0.00752,0.66807,1.37266,0.00086,0.00487,0.00582,0,0.00353,0.00001,1.43916,0.36107,0.11537,0.16793,0.012,1.11607,0.32345,0.05652,0.12875,0.44105,1.08975,0.30403,0.26442,0.00175,2.12034,0.02751,0.66807,0.32345,0.30403,0.26442,1.37266,1.42164,1.43916,1.86738,2.12034,0.16344,0.49659
2026-01-27 04:00:00,1.48303,0,0.0528,0.04142,0.013,0.004,0.006,0.006,0.01241,0.17746,0.38162,-0.60996,0.00752,0.67408,1.36885,0.00079,0.00486,0.00581,0,0.0106,0.00001,1.43016,0.3802,0.11537,0.3071,0.012,1.11607,0.32345,0.0541,0.12505,0.45405,1.09064,0.30403,0.26442,0.00175,2.12034,0.02743,0.67408,0.32345,0.30403,0.26442,1.36885,1.41744,1.43016,1.86384,2.12034,0.16351,0.49656
2026-01-27 05:00:00,1.56209,0,0.05627,0.04042,0.013,0.004,0.006,0.006,0.01241,0.17746,0.37472,-0.78986,0.00752,0.67408,1.36885,0.00079,0.00486,0.00581,0,0.0106,0.00001,1.43016,0.41875,0.1332,0.32845,0.012,1.11607,0.32345,0.05552,0.11336,0.45105,1.09169,0.30403,0.26589,0.00157,2.11289,0.02736,0.67408,0.32345,0.30403,0.26589,1.36885,1.41325,1.43016,1.86032,2.11289,0.16375,0.49654
2026-01-27 06:00:00,1.50395,0,0.06327,0.04042,0.013,0.004,0.006,0.006,0.01241,0.17746,0.3713,-0.63441,0.00752,0.67408,1.36885,0.00079,0.00485,0.00586,0,0.00883,0.00001,1.42616,0.41883,0.12428,0.22992,0.011,1.11607,0.32093,0.05517,0.12013,0.44705,1.09266,0.30403,0.26885,0.00157,2.10543,0.02728,0.67408,0.32093,0.30403,0.26885,1.36885,1.41325,1.42616,1.85682,2.10543,0.16392,0.49653
2026-01-27 07:00:00,1.41075,0,0.06327,0.04142,0.013,0.004,0.006,0.006,0.01241,0.17473,0.36789,-0.13621,0.00752,0.67107,1.36503,0.00079,0.00484,0.00585,0,0.00174,0.00001,1.41716,0.36096,0.10572,0.19425,0.011,1.11607,0.32093,0.05409,0.10474,0.44405,1.10207,0.30403,0.27183,0.00157,2.10543,0.02721,0.67107,0.32093,0.30403,0.27183,1.36503,1.40906,1.41716,1.85335,2.10543,0.16407,0.49651
2026-01-27 08:00:00,1.3967,0,0.04915,0.05051,0.013,0.004,0.006,0.006,0.01241,0.16936,0.36789,0.24962,0.00752,0.67408,1.36503,0.00079,0.00483,0.00585,0,-0.00356,0.00001,1.41716,0.34233,0.10572,0.24305,0.011,1.11607,0.31842,0.05407,0.09983,0.44705,1.11138,0.30403,0.27634,0.00157,2.10543,0.02713,0.67408,0.31842,0.30403,0.27634,1.36503,1.40906,1.41716,1.84989,2.10543,0.16415,0.4965
2026-01-27 09:00:00,1.38257,0,0.04909,0.04242,0.013,0.004,0.006,0.006,0.01241,0.16671,0.3645,0.62758,0.00752,0.67107,1.36123,0.00079,0.00483,0.00584,0,0.00353,0.00001,1.41716,0.36226,0.11536,0.25962,0.011,1.11607,0.31842,0.05441,0.07522,0.44705,1.12066,0.30403,0.27634,0.00157,2.09799,0.02705,0.67107,0.31842,0.30403,0.27634,1.36123,1.40488,1.41716,1.84633,2.09799,0.16424,0.49648
2026-01-27 10:00:00,1.27111,0,0.06319,0.04242,0.013,0.004,0.006,0.006,0.01241,0.16409,0.3645,1.01329,0.0078,0.67107,1.35742,0.00079,0.00482,0.00583,0,0.00353,0.00001,1.41316,0.3815,0.12427,0.18816,0.011,1.11624,0.31842,0.05269,0.05247,0.45105,1.12989,0.30403,0.27634,0.00157,2.09057,0.02698,0.67107,0.31842,0.30403,0.27634,1.35742,1.40488,1.41316,1.8427,2.09057,0.16433,0.49647
2026-01-27 11:00:00,1.16472,0,0.05621,0.04242,0.013,0.004,0.006,0.006,0.01241,0.15893,0.35776,1.30101,0.0078,0.67107,1.35742,0.00072,0.00481,0.00582,0,0.00709,0.00001,1.40816,0.41938,0.10606,0.11385,0.011,1.11641,0.31842,0.0513,0.07587,0.44705,1.13906,0.30403,0.27483,0.00157,2.09057,0.0269,0.67107,0.31842,0.30403,0.27483,1.35742,1.4007,1.40816,1.839,2.09057,0.1644,0.49646
2026-01-27 12:00:00,1.15023,0,0.0422,0.03434,0.013,0.004,0.006,0.006,0.01146,0.15387,0.35109,1.20809,0.00808,0.67107,1.35742,0.00079,0.0048,0.00581,0,0.01242,0.00001,1.40416,0.37999,0.08823,0.14811,0.011,1.11659,0.31842,0.05164,0.08449,0.45105,1.14819,0.30403,0.27333,0.00175,2.09057,0.02683,0.67107,0.31842,0.30403,0.27333,1.35742,1.4007,1.40416,1.83523,2.09057,0.16447,0.49399
2026-01-27 13:00:00,1.18619,0,0.0422,0.02525,0.013,0.004,0.006,0.006,0.01146,0.15119,0.3412,0.78745,0.00808,0.67608,1.35742,0.00079,0.00479,0.0058,0,0.00356,0.00001,1.40416,0.37984,0.08787,0.22373,0.011,1.11676,0.31591,0.05169,0.08758,0.44405,1.17057,0.30403,0.27183,0.00157,2.09057,0.02676,0.67608,0.31591,0.30403,0.27183,1.35742,1.4007,1.40416,1.83151,2.09057,0.16442,0.48811
2026-01-27 14:00:00,1.18601,0,0.04921,0.02425,0.013,0.004,0.006,0.006,0.01146,0.14854,0.33794,0.52478,0.00808,0.67608,1.34983,0.00079,0.00478,0.00573,0,-0.00883,0.00001,1.40016,0.41834,0.09605,0.21263,0.011,1.11693,0.31591,0.05132,0.087,0.44105,1.19267,0.30403,0.27034,0.00157,2.08316,0.02668,0.67608,0.31591,0.30403,0.27034,1.34983,1.4007,1.40016,1.82782,2.08316,0.16425,0.4871
2026-01-27 15:00:00,1.18619,0,0.04915,0.03234,0.013,0.004,0.006,0.006,0.01146,0.14593,0.32824,0.41896,0.00808,0.67908,1.35742,0.00079,0.00477,0.00571,0,-0.0035,0.00001,1.40016,0.36049,0.10498,0.14491,0.011,1.1171,0.31591,0.05131,0.0976,0.44705,1.21448,0.30403,0.26885,0.00157,2.08316,0.02661,0.67908,0.31591,0.30403,0.26885,1.35742,1.39653,1.40016,1.82419,2.08316,0.16391,0.48677
2026-01-27 16:00:00,1.2579,0,0.02805,0.02425,0.013,0.004,0.006,0.006,0.01146,0.14081,0.32185,0.41818,0.00808,0.67908,1.34983,0.00086,0.00477,0.00565,0,0.00356,0.00001,1.39516,0.322,0.08641,0.1645,0.011,1.11557,0.31591,0.05094,0.1194,0.44405,1.23559,0.30403,0.26885,0.00157,2.07575,0.02654,0.67908,0.31591,0.30403,0.26885,1.34983,1.39653,1.39516,1.82053,2.07575,0.16304,0.4866
2026-01-27 17:00:00,1.34768,0,0.02808,0.01617,0.013,0.004,0.006,0.006,0.01146,0.1383,0.31238,0.52374,0.00808,0.67908,1.35362,0.00086,0.00476,0.00564,0,-0.01065,0.00001,1.39516,0.26502,0.07702,0.27133,0.011,1.11405,0.31591,0.052,0.12089,0.44705,1.25625,0.30403,0.26737,0.00157,2.07575,0.02646,0.67908,0.31591,0.30403,0.26737,1.35362,1.39653,1.39516,1.81685,2.07575,0.1619,0.4865
2026-01-27 18:00:00,1.4016,0,0.03514,0.02525,0.013,0.004,0.006,0.006,0.01146,0.1383,0.30615,0.73447,0.00808,0.67908,1.34983,0.00093,0.00475,0.00563,0,-0.0284,0.00001,1.39115,0.26521,0.07606,0.23457,0.011,1.11252,0.31591,0.05028,0.11562,0.43505,1.277,0.30403,0.26737,0.00157,2.06836,0.02639,0.67908,0.31591,0.30403,0.26737,1.34983,1.39237,1.39115,1.81323,2.06836,0.16103,0.48643
2026-01-27 19:00:00,1.38363,0,0.03517,0.03434,0.013,0.004,0.006,0.006,0.01146,0.1383,0.29999,1.05013,0.00808,0.67608,1.34983,0.00093,0.00474,0.00562,0,-0.02307,0.00001,1.39115,0.30319,0.09474,0.12639,0.011,1.11102,0.31591,0.05063,0.12883,0.45105,1.27715,0.30703,0.26737,0.00175,2.06836,0.02632,0.67608,0.31591,0.30703,0.26737,1.34983,1.39237,1.39115,1.80971,2.06836,0.16033,0.48639
2026-01-27 20:00:00,1.38373,0,0.0352,0.02625,0.013,0.003,0.006,0.006,0.01146,0.14593,0.29693,1.31307,0.00808,0.67608,1.34983,0.00093,0.00473,0.00562,0,-0.00889,0.00001,1.39116,0.32259,0.11456,0.16029,0.011,1.10954,0.31591,0.05162,0.10757,0.44405,1.27757,0.30703,0.26589,0.00175,2.06836,0.02624,0.67608,0.31591,0.30703,0.26589,1.34983,1.3882,1.39116,1.80627,2.06836,0.1599,0.48635
2026-01-27 21:00:00,1.40144,0,0.0352,0.01817,0.013,0.004,0.006,0.006,0.01146,0.15119,0.29693,1.36611,0.00808,0.67408,1.35362,0.00093,0.00473,0.00561,0,-0.01775,0.00001,1.38715,0.32278,0.09577,0.232,0.011,1.10804,0.31591,0.05269,0.10649,0.43805,1.27781,0.30703,0.26589,0.00175,2.06836,0.02617,0.67408,0.31591,0.30703,0.26589,1.35362,1.3882,1.38715,1.80291,2.06836,0.15931,0.48632
2026-01-27 22:00:00,1.34761,0,0.04921,0.02625,0.013,0.004,0.006,0.006,0.01146,0.16671,0.31553,1.15589,0.00808,0.67408,1.34604,0.00101,0.00472,0.00559,0,-0.02481,0.00001,1.38715,0.28423,0.08589,0.23137,0.011,1.10654,0.31591,0.05306,0.13728,0.42905,1.27758,0.30703,0.26589,0.00175,2.06836,0.0261,0.67408,0.31591,0.30703,0.26589,1.34604,1.3882,1.38715,1.79964,2.06836,0.15831,0.4863
2026-01-27 23:00:00,1.27599,0,0.04915,0.04242,0.013,0.003,0.006,0.006,0.01146,0.17746,0.33146,0.94515,0.00808,0.67107,1.34983,0.00093,0.00471,0.00553,0,-0.01062,0.00001,1.38715,0.34193,0.08577,0.16542,0.011,1.10505,0.31591,0.0538,0.14528,0.44105,1.27718,0.30703,0.26589,0.00175,2.06098,0.02602,0.67107,0.31591,0.30703,0.26589,1.34983,1.38404,1.38715,1.79644,2.06098,0.15716,0.48628
2026-01-28 00:00:00,1.23994,0,0.04921,0.04142,0.013,0.003,0.006,0.006,0.01146,0.18529,0.3412,0.73473,0.00808,0.66807,1.34604,0.00093,0.0047,0.00558,0,0.00356,0.00001,1.38215,0.38035,0.10434,0.19294,0.011,1.10355,0.31591,0.05167,0.16497,0.43805,1.277,0.30403,0.26442,0.00175,2.06098,0.02595,0.66807,0.31591,0.30403,0.26442,1.34604,1.38404,1.38215,1.79332,2.06098,0.15625,0.48627
2026-01-28 01:00:00,1.27607,0,0.04929,0.03234,0.013,0.003,0.006,0.006,0.01146,0.18273,0.35442,0.47125,0.00808,0.66807,1.34983,0.00086,0.00469,0.00557,0,-0.00174,0.00001,1.37815,0.38024,0.10436,0.29205,0.011,1.10318,0.31591,0.05167,0.15697,0.42605,1.27646,0.30703,0.26442,0.00175,2.06098,0.02588,0.66807,0.31591,0.30703,0.26442,1.34983,1.38404,1.37815,1.79025,2.06098,0.15569,0.48625
2026-01-28 02:00:00,1.31194,0,0.04926,0.04042,0.013,0.003,0.006,0.005,0.01146,0.18019,0.3645,0.15446,0.00808,0.66607,1.34225,0.00086,0.00469,0.00556,0,-0.00883,0.00001,1.37815,0.34154,0.09472,0.3025,0.011,1.1028,0.3134,0.05202,0.1625,0.41905,1.27629,0.30703,0.26442,0.00175,2.05362,0.02581,0.66607,0.3134,0.30703,0.26442,1.34225,1.37989,1.37815,1.78723,2.05362,0.1555,0.48624
2026-01-28 03:00:00,1.31176,0,0.05627,0.04851,0.013,0.003,0.006,0.005,0.01146,0.18019,0.37816,-0.10847,0.00808,0.66807,1.34225,0.00086,0.00468,0.00557,0,-0.0035,0.00001,1.37815,0.34136,0.08617,0.25535,0.011,1.10243,0.3134,0.0513,0.16312,0.39804,1.2762,0.30703,0.26442,0.00175,2.04626,0.02574,0.66807,0.3134,0.30703,0.26442,1.34225,1.37989,1.37815,1.78427,2.04626,0.15538,0.48623
2026-01-28 04:00:00,1.32981,0,0.05627,0.04951,0.013,0.003,0.006,0.005,0.01146,0.17746,0.38162,-0.10795,0.00808,0.66607,1.34225,0.00079,0.00467,0.00562,0,0.00006,0.00001,1.37415,0.37913,0.1055,0.20824,0.011,1.10207,0.31591,0.05128,0.10835,0.40104,1.27638,0.30703,0.26442,0.00175,2.04626,0.02567,0.66607,0.31591,0.30703,0.26442,1.34225,1.37989,1.37415,1.78136,2.04626,0.15555,0.48623
2026-01-28 05:00:00,1.38364,0,0.05627,0.04242,0.013,0.003,0.006,0.005,0.01146,0.17746,0.38162,-0.05523,0.0078,0.66607,1.34225,0.00079,0.00467,0.00562,0,0.00362,0.00001,1.37415,0.37925,0.133,0.25834,0.011,1.10169,0.3134,0.05064,0.0665,0.39504,1.27675,0.30703,0.26442,0.00157,2.03891,0.0256,0.66607,0.3134,0.30703,0.26442,1.34225,1.37989,1.37415,1.77844,2.03891,0.1559,0.48622
2026-01-28 06:00:00,1.41968,0,0.04915,0.03434,0.013,0.003,0.006,0.005,0.01146,0.17473,0.37816,-0.00245,0.0078,0.66807,1.34225,0.00072,0.00466,0.00567,0,0.00718,0.00001,1.37415,0.43795,0.11479,0.32015,0.011,1.10132,0.3109,0.05134,0.02898,0.38904,1.277,0.30703,0.26442,0.00157,2.03158,0.02553,0.66807,0.3109,0.30703,0.26442,1.34225,1.37575,1.37415,1.77549,2.03158,0.15614,0.48621
2026-01-28 07:00:00,1.40506,0,0.04909,0.04242,0.013,0.003,0.006,0.005,0.01146,0.17203,0.37816,0.07149,0.0078,0.66607,1.34225,0.00072,0.00465,0.00566,0,0.01071,0.00001,1.36915,0.41877,0.09582,0.22332,0.011,1.10225,0.3109,0.05063,-0.01042,0.38704,1.27559,0.30703,0.26442,0.00157,2.03158,0.02546,0.66607,0.3109,0.30703,0.26442,1.34225,1.37575,1.36915,1.77269,2.03158,0.15637,0.48621
2026-01-28 08:00:00,1.38352,0,0.04915,0.04242,0.013,0.003,0.006,0.005,0.01146,0.17203,0.36789,0.18357,0.0078,0.66607,1.33846,0.00072,0.00464,0.00566,0,0.01778,0.00001,1.36915,0.41812,0.0958,0.1431,0.011,1.10317,0.3109,0.05026,-0.02585,0.38404,1.27408,0.30703,0.26295,0.00157,2.02426,0.02539,0.66607,0.3109,0.30703,0.26295,1.33846,1.37575,1.36915,1.76994,2.02426,0.15651,0.4862
2026-01-28 09:00:00,1.38395,0,0.04217,0.03434,0.013,0.003,0.006,0.005,0.01146,0.16936,0.36789,0.26268,0.0078,0.66607,1.33468,0.00072,0.00464,0.00566,0,0.02128,0.00001,1.36915,0.3989,0.12291,0.24189,0.01,1.10409,0.3109,0.05133,-0.00925,0.38904,1.27261,0.30703,0.26442,0.00157,2.02426,0.02533,0.66607,0.3109,0.30703,0.26442,1.33468,1.37161,1.36915,1.76708,2.02426,0.1567,0.4862
2026-01-28 10:00:00,1.43797,0,0.0422,0.03334,0.013,0.003,0.006,0.005,0.01057,0.16671,0.3645,0.26195,0.0078,0.66807,1.33468,0.00072,0.00463,0.00571,0,0.01772,0.00001,1.36915,0.41978,0.11285,0.29051,0.011,1.10502,0.3109,0.05098,0.02583,0.38104,1.27127,0.30703,0.26442,0.00157,2.01694,0.02526,0.66807,0.3109,0.30703,0.26442,1.33468,1.37161,1.36915,1.76424,2.01694,0.157,0.48619
2026-01-28 11:00:00,1.49218,0,0.0422,0.03234,0.013,0.003,0.006,0.005,0.01057,0.16409,0.35776,0.26291,0.0078,0.66607,1.33468,0.00072,0.00462,0.00563,0,0.01062,0.00001,1.36915,0.38123,0.07644,0.16792,0.01,1.10594,0.3109,0.0499,0.06768,0.38404,1.26996,0.30703,0.26442,0.00157,2.01694,0.02519,0.66607,0.3109,0.30703,0.26442,1.33468,1.37161,1.36915,1.76146,2.01694,0.15733,0.48619
2026-01-28 12:00:00,1.49142,0,0.04921,0.04142,0.013,0.003,0.006,0.005,0.01057,0.16409,0.35442,0.42438,0.0078,0.66107,1.33468,0.00072,0.00461,0.00561,0,0.00706,0.00001,1.36515,0.28397,0.08574,0.11631,0.01,1.10687,0.3109,0.05024,0.10029,0.38904,1.26857,0.30703,0.26442,0.00157,2.01694,0.02512,0.66107,0.3109,0.30703,0.26442,1.33468,1.37161,1.36515,1.75875,2.01694,0.15759,0.48485
2026-01-28 13:00:00,1.48099,0,0.04915,0.04242,0.013,0.003,0.006,0.005,0.01057,0.15893,0.34778,0.58836,0.0078,0.66607,1.3309,0.00072,0.0046,0.00555,0,0.00883,0.00001,1.36115,0.30318,0.11433,0.25751,0.01,1.10597,0.3109,0.04995,0.14031,0.38104,1.26477,0.30403,0.26442,0.00157,2.00964,0.02505,0.66607,0.3109,0.30403,0.26442,1.3309,1.36748,1.36115,1.7561,2.00964,0.15769,0.48335
2026-01-28 14:00:00,1.47057,0,0.04915,0.03434,0.013,0.003,0.006,0.005,0.00976,0.15639,0.34448,0.75003,0.0078,0.66307,1.3309,0.00072,0.00459,0.00554,0,0.00706,0.00001,1.36515,0.28462,0.10468,0.29369,0.01,1.10507,0.3109,0.0496,0.19634,0.38704,1.26081,0.30403,0.26442,0.00157,2.00964,0.02498,0.66307,0.3109,0.30403,0.26442,1.3309,1.36748,1.36515,1.75352,2.00964,0.15762,0.4831
2026-01-28 15:00:00,1.46013,0,0.04918,0.03434,0.013,0.003,0.006,0.005,0.00976,0.15639,0.33794,0.74439,0.0078,0.66307,1.3309,0.00072,0.00459,0.00552,0,-0.00177,0.00001,1.36515,0.40032,0.08573,0.13528,0.01,1.10416,0.3109,0.04959,0.20314,0.38404,1.25669,0.30403,0.26589,0.00157,2.00964,0.02492,0.66307,0.3109,0.30403,0.26589,1.3309,1.36335,1.36515,1.75098,2.00964,0.15739,0.48285
2026-01-28 16:00:00,1.4497,0,0.04217,0.02625,0.013,0.003,0.006,0.005,0.00976,0.15119,0.33469,0.73862,0.0078,0.66107,1.32713,0.00072,0.00458,0.00546,0,0,0.00001,1.36515,0.32244,0.09538,0.117,0.01,1.10326,0.3109,0.04959,0.2004,0.38704,1.25211,0.30403,0.26589,0.00175,2.00964,0.02485,0.66107,0.3109,0.30403,0.26589,1.32713,1.36335,1.36515,1.74849,2.00964,0.15671,0.48261
2026-01-28 17:00:00,1.43928,0,0.0422,0.01817,0.013,0.003,0.006,0.005,0.00976,0.14854,0.33146,0.7328,0.0078,0.66307,1.32713,0.00079,0.00457,0.00544,0,-0.00709,0.00001,1.36115,0.30312,0.11357,0.25599,0.01,1.10235,0.3109,0.04886,0.1955,0.38404,1.24728,0.30403,0.26589,0.00157,2.00235,0.02478,0.66307,0.3109,0.30403,0.26589,1.32713,1.35923,1.36115,1.74607,2.00235,0.15578,0.48236
2026-01-28 18:00:00,1.42885,0,0.04223,0.01717,0.013,0.003,0.006,0.005,0.00976,0.14593,0.32504,0.72699,0.0078,0.66807,1.32713,0.00079,0.00456,0.00537,0,-0.01842,0.00001,1.36115,0.3995,0.10427,0.27147,0.01,1.10145,0.3109,0.04776,0.17706,0.38104,1.24269,0.30703,0.26589,0.00157,1.99507,0.02471,0.66807,0.3109,0.30703,0.26589,1.32713,1.35923,1.36115,1.74372,1.99507,0.15508,0.48211
2026-01-28 19:00:00,1.42049,0,0.04226,0.01617,0.013,0.003,0.006,0.005,0.00976,0.14854,0.32185,0.72118,0.0078,0.66107,1.32713,0.00079,0.00455,0.00536,0,-0.01984,0.00001,1.36115,0.39869,0.07606,0.16457,0.01,1.10023,0.3109,0.04852,0.17707,0.38404,1.23916,0.30703,0.26589,0.00157,1.9878,0.02464,0.66107,0.3109,0.30703,0.26589,1.32713,1.36335,1.36115,1.74139,1.9878,0.15447,0.48186
2026-01-28 20:00:00,1.41214,0,0.0352,0.02425,0.013,0.003,0.006,0.005,0.009,0.14593,0.32185,0.71672,0.00808,0.66107,1.32336,0.00079,0.00455,0.00536,0,-0.02302,0.00001,1.36115,0.39876,0.06677,0.12895,0.01,1.099,0.3109,0.04852,0.13771,0.37804,1.23581,0.30703,0.26589,0.00175,1.98055,0.02458,0.66107,0.3109,0.30703,0.26589,1.32336,1.35923,1.36115,1.73911,1.98055,0.15405,0.48162
2026-01-28 21:00:00,1.40377,0,0.03511,0.03234,0.013,0.003,0.006,0.005,0.009,0.15639,0.33146,0.71125,0.00808,0.65607,1.32713,0.00086,0.00454,0.00535,0,-0.0209,0.00001,1.35215,0.30328,0.07644,0.19853,0.01,1.09778,0.3109,0.04852,0.10633,0.38104,1.23229,0.30703,0.26589,0.00175,1.97331,0.02451,0.65607,0.3109,0.30703,0.26589,1.32713,1.35923,1.35215,1.73687,1.97331,0.15343,0.48137
2026-01-28 22:00:00,1.39541,0,0.04217,0.03234,0.013,0.003,0.006,0.005,0.00976,0.1615,0.33794,0.70561,0.00808,0.65607,1.32336,0.00086,0.00453,0.00534,0,-0.02408,0.00001,1.35715,0.39969,0.08575,0.24945,0.01,1.09657,0.3109,0.04851,0.12077,0.37804,1.22819,0.30403,0.26737,0.00215,1.97331,0.02444,0.65607,0.3109,0.30403,0.26737,1.32336,1.35923,1.35715,1.73464,1.97331,0.15227,0.48112
2026-01-28 23:00:00,1.38706,0,0.04926,0.04042,0.013,0.003,0.006,0.005,0.009,0.16671,0.32824,0.7025,0.00808,0.65307,1.32713,0.00086,0.00453,0.00533,0,-0.01592,0.00001,1.35715,0.36103,0.08613,0.21161,0.01,1.09534,0.3109,0.04922,0.14352,0.37804,1.22389,0.30703,0.26737,0.00157,1.97331,0.02438,0.65307,0.3109,0.30703,0.26737,1.32713,1.35923,1.35715,1.73244,1.97331,0.15089,0.48087
2026-01-29 00:00:00,1.38108,0,0.04924,0.04042,0.013,0.003,0.005,0.005,0.00976,0.16936,0.32824,0.70502,0.00808,0.65007,1.32336,0.00086,0.00452,0.00532,0,-0.00106,0.00001,1.35215,0.30315,0.08579,0.13705,0.01,1.09412,0.3109,0.04922,0.14472,0.38104,1.21987,0.30403,0.26737,0.00175,1.97331,0.02431,0.65007,0.3109,0.30403,0.26737,1.32336,1.35511,1.35215,1.73026,1.97331,0.1498,0.4812
2026-01-29 01:00:00,1.39922,0,0.04924,0.03234,0.013,0.003,0.005,0.005,0.00976,0.16409,0.33146,0.71145,0.0078,0.64807,1.3196,0.00079,0.00451,0.00531,0,0.00388,0.00001,1.35215,0.32329,0.08541,0.16621,0.01,1.09441,0.3109,0.04888,0.14163,0.37504,1.22462,0.30403,0.26737,0.00175,1.98055,0.02425,0.64807,0.3109,0.30403,0.26737,1.3196,1.35511,1.35215,1.72816,1.98055,0.14912,0.48154
2026-01-29 02:00:00,1.41736,0,0.05627,0.03334,0.013,0.003,0.005,0.005,0.00976,0.15893,0.33794,0.71124,0.00808,0.64507,1.3196,0.00079,0.0045,0.00531,0,0.00883,0.00001,1.35215,0.32327,0.09505,0.28472,0.01,1.09471,0.3109,0.04888,0.165,0.36404,1.22983,0.30703,0.26737,0.00157,1.99507,0.02418,0.64507,0.3109,0.30703,0.26737,1.3196,1.351,1.35215,1.7261,1.99507,0.14891,0.48187
2026-01-29 03:00:00,1.43551,0,0.05456,0.04342,0.013,0.003,0.005,0.005,0.00976,0.15893,0.34778,0.70728,0.00808,0.64507,1.3196,0.00079,0.0045,0.0053,0,0.01377,0.00001,1.34815,0.36083,0.10434,0.28327,0.01,1.095,0.3109,0.04923,0.15332,0.34704,1.23513,0.30703,0.26737,0.00157,1.99507,0.02412,0.64507,0.3109,0.30703,0.26737,1.3196,1.351,1.34815,1.72409,1.99507,0.14879,0.4822
2026-01-29 04:00:00,1.45365,0,0.05094,0.05211,0.013,0.003,0.005,0.005,0.00976,0.15639,0.34778,0.70787,0.00808,0.64307,1.31583,0.00079,0.00449,0.0053,0,0.01872,0.00001,1.34815,0.302,0.10432,0.1615,0.01,1.0953,0.3109,0.04889,0.12058,0.34204,1.24082,0.30703,0.26589,0.00157,1.9878,0.02405,0.64307,0.3109,0.30703,0.26589,1.31583,1.3469,1.34815,1.72212,1.9878,0.14906,0.48253
2026-01-29 05:00:00,1.47179,0,0.04735,0.05301,0.013,0.003,0.005,0.005,0.00976,0.15639,0.35109,0.71205,0.00808,0.64007,1.31208,0.00072,0.00448,0.00535,0,0.01589,0.00001,1.34415,0.33975,0.11323,0.16453,0.01,1.0956,0.3109,0.04924,0.09263,0.32504,1.24675,0.30703,0.26589,0.00157,1.9878,0.02399,0.64007,0.3109,0.30703,0.26589,1.31208,1.3469,1.34415,1.72022,1.9878,0.14957,0.48286
2026-01-29 06:00:00,1.48993,0,0.05094,0.04088,0.013,0.003,0.00579,0.005,0.009,0.15893,0.34448,0.71966,0.00808,0.64007,1.31208,0.00072,0.00447,0.00534,0,0.01236,0.00001,1.34415,0.34061,0.12247,0.29083,0.01,1.0959,0.30841,0.04889,0.08623,0.31203,1.25254,0.30703,0.26589,0.00157,1.98055,0.02392,0.64007,0.30841,0.30703,0.26589,1.31208,1.3428,1.34415,1.71835,1.98055,0.14994,0.48319
2026-01-29 07:00:00,1.49422,0,0.04918,0.05301,0.013,0.003,0.00578,0.005,0.00976,0.15893,0.33469,0.72536,0.00808,0.64007,1.30832,0.00072,0.00446,0.00534,0,0.01236,0.00001,1.34415,0.34148,0.11354,0.27804,0.01,1.09862,0.3109,0.04889,0.07796,0.30203,1.25063,0.30403,0.26589,0.00157,1.98055,0.02386,0.64007,0.3109,0.30403,0.26589,1.30832,1.3428,1.34415,1.71648,1.98055,0.1503,0.48352
2026-01-29 08:00:00,1.49851,0,0.04918,0.05151,0.013,0.003,0.00577,0.005,0.00976,0.15639,0.33469,0.72801,0.00808,0.64007,1.30832,0.00072,0.00446,0.00534,0,0.00883,0.00001,1.34015,0.3986,0.10427,0.15876,0.01,1.10134,0.30841,0.04789,0.07894,0.29703,1.24864,0.30703,0.26589,0.00157,1.97331,0.02379,0.64007,0.30841,0.30703,0.26589,1.30832,1.33871,1.34015,1.71465,1.97331,0.15056,0.48385
2026-01-29 09:00:00,1.50281,0,0.05094,0.03788,0.013,0.003,0.005,0.005,0.009,0.15639,0.33469,0.72739,0.00808,0.64007,1.30832,0.00072,0.00445,0.00539,0,0.0053,0.00001,1.34015,0.36012,0.10427,0.12567,0.01,1.10406,0.30841,0.04853,0.12298,0.28503,1.24677,0.30703,0.26589,0.00157,1.97331,0.02373,0.64007,0.30841,0.30703,0.26589,1.30832,1.33871,1.34015,1.71274,1.97331,0.15095,0.48418
2026-01-29 10:00:00,1.5071,0,0.04849,0.03493,0.013,0.003,0.005,0.005,0.009,0.15387,0.33469,0.72086,0.00808,0.63807,1.30457,0.00072,0.00444,0.00539,0,0.00387,0.00001,1.33515,0.34648,0.10853,0.21317,0.01,1.10677,0.3109,0.04781,0.11738,0.27803,1.24521,0.30703,0.26589,0.00157,1.97331,0.02367,0.63807,0.3109,0.30703,0.26589,1.30457,1.33462,1.33515,1.71084,1.97331,0.15167,0.48451
2026-01-29 11:00:00,1.51139,0,0.04604,0.03196,0.013,0.003,0.005,0.005,0.009,0.15387,0.33469,0.71579,0.00808,0.64007,1.30082,0.00066,0.00444,0.00538,0,0.00244,0.00001,1.33515,0.33244,0.10884,0.21365,0.01,1.10949,0.30841,0.04922,0.11179,0.26803,1.24383,0.30703,0.26589,0.00157,1.97331,0.0236,0.64007,0.30841,0.30703,0.26589,1.30082,1.33462,1.33515,1.70895,1.97331,0.15254,0.48484
2026-01-29 12:00:00,1.51568,0,0.0436,0.02899,0.013,0.003,0.005,0.005,0.009,0.14854,0.33146,0.7149,0.00808,0.64007,1.30457,0.00066,0.00443,0.00536,0,0.00243,0.00001,1.33115,0.33272,0.10916,0.21412,0.01,1.11221,0.30841,0.04644,0.1052,0.26103,1.24224,0.30703,0.26589,0.00157,1.96608,0.02354,0.64007,0.30841,0.30703,0.26589,1.30457,1.33053,1.33115,1.70698,1.96608,0.15322,0.48847
2026-01-29 13:00:00,1.50844,0,0.04356,0.02605,0.013,0.003,0.005,0.005,0.00976,0.14854,0.32824,0.71472,0.00808,0.64307,1.30082,0.00072,0.00442,0.00529,0,0.00242,0.00001,1.33115,0.33275,0.10905,0.21424,0.01,1.11291,0.30593,0.04584,0.10402,0.25503,1.23926,0.30703,0.26589,0.00157,1.97331,0.02348,0.64307,0.30593,0.30703,0.26589,1.30082,1.32646,1.33115,1.70508,1.97331,0.15365,0.49196
2026-01-29 14:00:00,1.5012,0,0.04353,0.02601,0.01298,0.003,0.00572,0.00499,0.00979,0.14694,0.33146,0.71448,0.00807,0.64307,1.30047,0.00071,0.00441,0.00529,0,0.00241,0,1.33115,0.33259,0.10895,0.21435,0.01,1.11362,0.30841,0.04523,0.10284,0.24703,1.236,0.30677,0.2658,0.00157,1.97129,0.02342,0.64307,0.30841,0.30677,0.2658,1.30047,1.32488,1.33115,1.70319,1.97129,0.1538,0.49197
2026-01-29 15:00:00,1.49396,0,0.04348,0.02599,0.01295,0.003,0.00571,0.005,0.00982,0.14533,0.33114,0.71281,0.00806,0.64429,1.30033,0.00071,0.0044,0.00528,0,0.0024,0,1.3286,0.33227,0.10885,0.21447,0.00997,1.11433,0.30838,0.04463,0.10239,0.23648,1.23273,0.30649,0.26576,0.00157,1.96928,0.02335,0.64429,0.30838,0.30649,0.26576,1.30033,1.32341,1.3286,1.70123,1.96928,0.15391,0.49198
2026-01-29 16:00:00,1.48672,0,0.04344,0.02596,0.01292,0.00299,0.00571,0.00499,0.00979,0.1438,0.33024,0.70949,0.00803,0.64568,1.30035,0.00071,0.0044,0.00526,0,0.00239,0,1.32593,0.33175,0.10874,0.21458,0.00993,1.11503,0.30833,0.04402,0.1013,0.22599,1.22922,0.30648,0.26581,0.00156,1.96725,0.02329,0.64568,0.30833,0.30648,0.26581,1.30035,1.32202,1.32593,1.69919,1.96725,0.15382,0.49199
2026-01-29 17:00:00,1.47948,0,0.0434,0.02592,0.0129,0.00299,0.0057,0.00498,0.00975,0.14182,0.32843,0.70836,0.00802,0.64709,1.30054,0.00071,0.00439,0.00519,0,0.00238,0,1.32356,0.33097,0.10864,0.2147,0.00983,1.11574,0.30829,0.04342,0.09986,0.21645,1.22561,0.30647,0.2659,0.00155,1.96521,0.02323,0.64709,0.30829,0.30647,0.2659,1.30054,1.32066,1.32356,1.69715,1.96521,0.15361,0.492
2026-01-29 18:00:00,1.47224,0,0.04336,0.02588,0.01288,0.00299,0.00569,0.00498,0.00973,0.14024,0.3275,0.70878,0.00801,0.64841,1.30091,0.0007,0.00438,0.00518,0,0.00237,0,1.32147,0.33,0.10853,0.21481,0.00976,1.11644,0.30823,0.04281,0.09828,0.21178,1.22206,0.30646,0.26597,0.00154,1.96314,0.02317,0.64841,0.30823,0.30646,0.26597,1.30091,1.31942,1.32147,1.69519,1.96314,0.15347,0.49202
2026-01-29 19:00:00,1.47185,0,0.04332,0.02585,0.01286,0.003,0.00568,0.00498,0.0097,0.13862,0.32654,0.70786,0.00799,0.64976,1.3014,0.0007,0.00437,0.00518,0,0.00236,0,1.31957,0.32887,0.10824,0.21447,0.00961,1.11533,0.30816,0.04262,0.09863,0.20821,1.22192,0.30645,0.26605,0.00153,1.96105,0.02311,0.64976,0.30816,0.30645,0.26605,1.3014,1.31831,1.31957,1.6932,1.96105,0.15333,0.49203
2026-01-29 20:00:00,1.47146,0,0.04329,0.02582,0.01284,0.00299,0.00567,0.00498,0.0097,0.13652,0.32512,0.7061,0.00798,0.65094,1.302,0.0007,0.00437,0.00517,0,0.00235,0,1.31785,0.32763,0.10795,0.21413,0.00944,1.11423,0.30807,0.04244,0.09911,0.20522,1.22184,0.30645,0.26604,0.00153,1.95897,0.02305,0.65094,0.30807,0.30645,0.26604,1.302,1.31735,1.31785,1.69119,1.95897,0.15324,0.49205
2026-01-29 21:00:00,1.47108,0,0.04325,0.02579,0.01282,0.00298,0.00566,0.00497,0.00975,0.13483,0.32414,0.70416,0.00796,0.65191,1.30267,0.0007,0.00436,0.00516,0,0.00235,0,1.31628,0.32629,0.10766,0.21379,0.00934,1.11312,0.30785,0.04226,0.09962,0.20286,1.22174,0.30644,0.266,0.00152,1.95688,0.02299,0.65191,0.30785,0.30644,0.266,1.30267,1.31653,1.31628,1.68918,1.95688,0.15312,0.49207
2026-01-29 22:00:00,1.47069,0,0.04322,0.02575,0.0128,0.00298,0.00566,0.00496,0.00984,0.13312,0.32311,0.70254,0.00795,0.6528,1.30338,0.0007,0.00435,0.00515,0,0.00234,0,1.31486,0.32498,0.10737,0.21344,0.00928,1.11201,0.30749,0.04208,0.10017,0.20114,1.22156,0.30643,0.26605,0.00152,1.95479,0.02292,0.6528,0.30749,0.30643,0.26605,1.30338,1.31587,1.31486,1.68717,1.95479,0.15294,0.49209
2026-01-29 23:00:00,1.4703,0,0.04319,0.02568,0.01278,0.00296,0.00565,0.00496,0.00995,0.13138,0.32212,0.70078,0.00793,0.65357,1.30411,0.00069,0.00435,0.00509,0,0.00233,0,1.3136,0.32382,0.10708,0.2131,0.00921,1.11091,0.30752,0.04189,0.10072,0.1998,1.22136,0.30642,0.26611,0.00152,1.9527,0.02286,0.65357,0.30752,0.30642,0.26611,1.30411,1.31535,1.3136,1.68514,1.9527,0.15274,0.49211
2026-01-30 00:00:00,1.46991,0,0.04316,0.02562,0.01276,0.00297,0.00563,0.00496,0.01005,0.13008,0.32156,0.699,0.00793,0.65412,1.30482,0.00069,0.00434,0.00509,0,0.00232,0,1.31248,0.32276,0.10679,0.21276,0.0091,1.10981,0.30791,0.04171,0.10129,0.19879,1.22121,0.30641,0.26618,0.00152,1.9506,0.0228,0.65412,0.30791,0.30641,0.26618,1.30482,1.31497,1.31248,1.68314,1.9506,0.15258,0.49214
2026-01-30 01:00:00,1.50113,0,0.04313,0.02558,0.01274,0.00297,0.00562,0.00495,0.01011,0.12841,0.3207,0.69763,0.00791,0.6545,1.30551,0.00069,0.00433,0.00513,0,0.00231,0,1.31151,0.32178,0.10728,0.21372,0.00906,1.11337,0.30826,0.04292,0.10732,0.19821,1.23265,0.3064,0.26623,0.00152,1.9485,0.02274,0.6545,0.30826,0.3064,0.26623,1.30551,1.31471,1.31151,1.68114,1.9485,0.15262,0.49217
2026-01-30 02:00:00,1.53236,0,0.0431,0.02554,0.01272,0.00298,0.0056,0.00495,0.01015,0.12885,0.32073,0.69673,0.00789,0.65486,1.30614,0.00069,0.00433,0.00511,0,0.0023,0,1.31069,0.32086,0.10776,0.21467,0.0091,1.11693,0.30831,0.04414,0.11385,0.19801,1.24429,0.3064,0.26628,0.00152,1.94641,0.02268,0.65486,0.30831,0.3064,0.26628,1.30614,1.31457,1.31069,1.67915,1.94641,0.15286,0.49221
2026-01-30 03:00:00,1.56358,0,0.04307,0.02551,0.0127,0.00297,0.00559,0.00494,0.01018,0.12898,0.32067,0.69635,0.00788,0.65519,1.30672,0.00068,0.00432,0.00511,0,0.00229,0,1.31001,0.31999,0.10825,0.21563,0.00914,1.12049,0.30811,0.04535,0.12065,0.19823,1.25622,0.30639,0.26633,0.00152,1.94433,0.02262,0.65519,0.30811,0.30639,0.26633,1.30672,1.31452,1.31001,1.67721,1.94433,0.1534,0.49226
2026-01-30 04:00:00,1.5948,0,0.04303,0.02546,0.01266,0.00296,0.00558,0.00494,0.01019,0.12941,0.3212,0.69628,0.00786,0.65549,1.30724,0.00068,0.00431,0.0051,0,0.00228,0,1.30946,0.32068,0.10874,0.21659,0.0092,1.12404,0.30792,0.04656,0.12759,0.19941,1.26903,0.30638,0.26635,0.00152,1.94225,0.02256,0.65549,0.30792,0.30638,0.26635,1.30724,1.31456,1.30946,1.67534,1.94225,0.15482,0.49232
2026-01-30 05:00:00,1.62603,0,0.04299,0.02539,0.01264,0.00296,0.00557,0.00494,0.01019,0.12992,0.32204,0.69663,0.00786,0.65578,1.3077,0.00068,0.00431,0.00509,0,0.00227,0,1.30905,0.32408,0.10922,0.21754,0.00924,1.1276,0.30775,0.04778,0.13459,0.20112,1.28231,0.30637,0.26637,0.00152,1.9402,0.0225,0.65578,0.30775,0.30637,0.26637,1.3077,1.31466,1.30905,1.6735,1.9402,0.15669,0.4924
2026-01-30 06:00:00,1.65725,0,0.04296,0.02533,0.01263,0.00296,0.00556,0.00494,0.01019,0.1305,0.3233,0.69748,0.00784,0.65604,1.30811,0.00068,0.0043,0.00507,0,0.00226,0,1.30875,0.32959,0.10971,0.2185,0.00926,1.13116,0.30748,0.04899,0.14164,0.20243,1.29514,0.30636,0.26638,0.00152,1.93819,0.02244,0.65604,0.30748,0.30636,0.26638,1.30811,1.31483,1.30875,1.67171,1.93819,0.15813,0.49251
2026-01-30 07:00:00,1.66277,0,0.04293,0.02529,0.01261,0.00296,0.00554,0.00493,0.01017,0.13114,0.3251,0.69861,0.00781,0.65629,1.30847,0.00068,0.00429,0.00507,0,0.00225,0,1.30855,0.33674,0.11043,0.221,0.0093,1.14531,0.30725,0.04921,0.14019,0.20345,1.29539,0.30636,0.26639,0.00152,1.9362,0.02238,0.65629,0.30725,0.30636,0.26639,1.30847,1.31505,1.30855,1.66996,1.9362,0.15923,0.49266
2026-01-30 08:00:00,1.6683,0,0.04289,0.02525,0.01259,0.00296,0.00553,0.00494,0.01015,0.13168,0.32698,0.70011,0.0078,0.65651,1.30879,0.00067,0.00429,0.00506,0,0.00224,0,1.30846,0.34517,0.11115,0.22349,0.00934,1.15947,0.30714,0.04942,0.13843,0.20402,1.29518,0.30635,0.26639,0.00152,1.93426,0.02232,0.65651,0.30714,0.30635,0.26639,1.30879,1.31529,1.30846,1.66824,1.93426,0.15986,0.49288
2026-01-30 09:00:00,1.67382,0,0.04285,0.02523,0.01256,0.00297,0.00553,0.00494,0.01014,0.13222,0.32907,0.70195,0.00779,0.65673,1.30907,0.00067,0.00428,0.00505,0,0.00224,0,1.30845,0.3546,0.11187,0.22599,0.00933,1.17361,0.30706,0.04964,0.13645,0.20479,1.29514,0.30634,0.26639,0.00152,1.93235,0.02227,0.65673,0.30706,0.30634,0.26639,1.30907,1.31556,1.30845,1.66655,1.93235,0.16067,0.49325
2026-01-30 10:00:00,1.67934,0,0.04281,0.0252,0.01255,0.00295,0.00552,0.00494,0.01012,0.1327,0.33116,0.70423,0.00778,0.65693,1.30932,0.00067,0.00427,0.00505,0,0.00223,0,1.3085,0.36326,0.11258,0.22849,0.00933,1.18776,0.30698,0.04986,0.13438,0.206,1.29553,0.30634,0.26641,0.00152,1.93047,0.02221,0.65693,0.30698,0.30634,0.26641,1.30932,1.31584,1.3085,1.66492,1.93047,0.16191,0.49398
2026-01-30 11:00:00,1.68487,0,0.04277,0.02516,0.01253,0.00295,0.00551,0.00494,0.0101,0.13326,0.3334,0.70682,0.00777,0.65711,1.30953,0.00066,0.00427,0.00503,0,0.00222,0,1.30862,0.36977,0.1133,0.23098,0.00934,1.20191,0.30691,0.05007,0.13231,0.20736,1.29606,0.30633,0.2664,0.00152,1.92864,0.02215,0.65711,0.30691,0.30633,0.2664,1.30953,1.31612,1.30862,1.66333,1.92864,0.16329,0.4962
2026-01-30 12:00:00,1.69039,0,0.04273,0.02512,0.01252,0.00295,0.0055,0.00494,0.01009,0.13391,0.33577,0.70959,0.00775,0.65729,1.30972,0.00066,0.00426,0.00502,0,0.00221,0,1.30878,0.37463,0.11402,0.23348,0.00933,1.21606,0.30683,0.05029,0.13012,0.20844,1.29632,0.33966,0.26642,0.00152,1.92684,0.02209,0.65729,0.30683,0.33966,0.26642,1.30972,1.3164,1.30878,1.66179,1.92684,0.16439,0.51946
2026-01-30 13:00:00,1.68263,0,0.0427,0.02509,0.01249,0.00295,0.00549,0.00494,0.01007,0.13446,0.33799,0.71231,0.00774,0.65745,1.30987,0.00066,0.00425,0.00502,0,0.0022,0,1.30897,0.37819,0.114,0.23532,0.00934,1.22235,0.30676,0.04992,0.12894,0.20914,1.29447,0.3841,0.26642,0.00152,1.92508,0.02203,0.65745,0.30676,0.3841,0.26642,1.30987,1.31669,1.30897,1.6603,1.92508,0.16509,0.53027
2026-01-30 14:00:00,1.67487,0,0.04266,0.02506,0.01248,0.00296,0.00548,0.00494,0.01005,0.13483,0.3399,0.71482,0.00772,0.65755,1.31,0.00065,0.00425,0.00501,0,0.00219,0,1.3092,0.38074,0.11398,0.23716,0.00934,1.22864,0.30668,0.04954,0.12758,0.20941,1.29219,0.43225,0.26642,0.00152,1.92336,0.02197,0.65755,0.30668,0.43225,0.26642,1.31,1.31697,1.3092,1.65888,1.92336,0.16537,0.53034
2026-01-30 15:00:00,1.66711,0,0.04262,0.02503,0.01246,0.00295,0.00547,0.00493,0.01005,0.13515,0.34063,0.71728,0.00771,0.65732,1.31009,0.00066,0.00424,0.00499,0,0.00218,0,1.30944,0.38252,0.11397,0.23901,0.00934,1.23493,0.30661,0.04917,0.12608,0.20964,1.2899,0.48164,0.26642,0.00152,1.92168,0.02191,0.65732,0.30661,0.48164,0.26642,1.31009,1.31723,1.30944,1.65751,1.92168,0.16561,0.53043
2026-01-30 16:00:00,1.65935,0,0.04258,0.02499,0.01245,0.00295,0.00547,0.00493,0.01003,0.13553,0.34139,0.7196,0.0077,0.65642,1.31011,0.00066,0.00423,0.00499,0,0.00217,0,1.30969,0.3834,0.11395,0.24085,0.00933,1.24122,0.30654,0.04879,0.12451,0.20972,1.28742,0.4981,0.26642,0.00152,1.92006,0.02186,0.65642,0.30654,0.4981,0.26642,1.31011,1.31748,1.30969,1.65621,1.92006,0.1657,0.53052
2026-01-30 17:00:00,1.65159,0,0.04254,0.02492,0.01242,0.00294,0.00546,0.00493,0.01002,0.13532,0.3415,0.72165,0.00769,0.65479,1.30999,0.00065,0.00423,0.00498,0,0.00216,0,1.30996,0.3833,0.11393,0.24269,0.00932,1.24752,0.30647,0.04842,0.1229,0.20969,1.28484,0.50358,0.26642,0.00152,1.91849,0.0218,0.65479,0.30647,0.50358,0.26642,1.30999,1.31772,1.30996,1.65494,1.91849,0.16567,0.53062
2026-01-30 18:00:00,1.64383,0,0.0425,0.02486,0.01241,0.00294,0.00545,0.00492,0.01001,0.13558,0.34201,0.72298,0.00766,0.65253,1.30966,0.00065,0.00422,0.00497,0,0.00215,0,1.31022,0.38244,0.11391,0.24453,0.00932,1.25381,0.30641,0.04805,0.1213,0.20968,1.28227,0.5054,0.26642,0.00152,1.91696,0.02174,0.65253,0.30641,0.5054,0.26642,1.30966,1.31794,1.31022,1.65375,1.91696,0.16566,0.53073
2026-01-30 19:00:00,1.64714,0,0.04246,0.02482,0.01239,0.00295,0.00544,0.00492,0.00998,0.13579,0.34242,0.7237,0.00764,0.64981,1.30905,0.00065,0.00421,0.00497,0,0.00214,0,1.31048,0.381,0.11373,0.2452,0.00931,1.25455,0.30634,0.04808,0.12339,0.20965,1.28527,0.506,0.26643,0.00152,1.91549,0.02168,0.64981,0.30634,0.506,0.26643,1.30905,1.31814,1.31048,1.65259,1.91549,0.16563,0.53086
2026-01-30 20:00:00,1.65045,0,0.04243,0.02478,0.01237,0.00295,0.00544,0.00492,0.00996,0.13541,0.34225,0.72405,0.00764,0.64672,1.30813,0.00065,0.0042,0.00495,0,0.00213,0,1.31073,0.37909,0.11354,0.24588,0.00931,1.25529,0.30626,0.04811,0.12563,0.20964,1.28827,0.5062,0.26642,0.00152,1.91406,0.02163,0.64672,0.30626,0.5062,0.26642,1.30813,1.31831,1.31073,1.65149,1.91406,0.16563,0.531
2026-01-30 21:00:00,1.65376,0,0.04239,0.02475,0.01235,0.00295,0.00543,0.00491,0.00995,0.13548,0.34257,0.72423,0.00762,0.64339,1.30689,0.00065,0.0042,0.00494,0,0.00213,0,1.31098,0.37682,0.11336,0.24655,0.00929,1.25603,0.30619,0.04814,0.12794,0.20966,1.29131,0.50626,0.26641,0.00152,1.91269,0.02157,0.64339,0.30619,0.50626,0.26641,1.30689,1.31842,1.31098,1.65044,1.91269,0.16565,0.53116
2026-01-30 22:00:00,1.65706,0,0.04234,0.0247,0.01232,0.00294,0.00542,0.00491,0.00994,0.13553,0.34276,0.7245,0.00761,0.63988,1.30531,0.00065,0.00419,0.00494,0,0.00212,0,1.3112,0.37497,0.11317,0.24722,0.00929,1.25677,0.30613,0.04816,0.13029,0.20975,1.29442,0.50627,0.26642,0.00151,1.91136,0.02151,0.63988,0.30613,0.50627,0.26642,1.30531,1.31846,1.3112,1.64943,1.91136,0.16574,0.53135
2026-01-30 23:00:00,1.66037,0,0.0423,0.02463,0.0123,0.00294,0.00541,0.0049,0.00992,0.13556,0.34298,0.7245,0.00759,0.63626,1.30341,0.00064,0.00418,0.00492,0,0.00211,0,1.31141,0.37412,0.11299,0.2479,0.00927,1.25751,0.30605,0.04819,0.13264,0.20988,1.29755,0.50627,0.26642,0.00151,1.91007,0.02146,0.63626,0.30605,0.50627,0.26642,1.30341,1.31839,1.31141,1.64848,1.91007,0.16587,0.53156
2026-01-31 00:00:00,1.66368,0,0.04226,0.02457,0.01228,0.00294,0.00541,0.00491,0.00991,0.13609,0.3437,0.72443,0.00757,0.6326,1.30123,0.00065,0.00417,0.00491,0,0.0021,0,1.31159,0.37404,0.1128,0.24857,0.00926,1.25825,0.30598,0.04822,0.13502,0.20997,1.30067,0.50626,0.26642,0.00151,1.90884,0.0214,0.6326,0.30598,0.50626,0.26642,1.30123,1.3182,1.31159,1.64756,1.90884,0.16597,0.53181
2026-01-31 01:00:00,1.6958,0,0.04222,0.02453,0.01226,0.00294,0.0054,0.0049,0.00989,0.13617,0.34395,0.72467,0.00757,0.62892,1.29878,0.00065,0.00416,0.00491,0,0.00209,0,1.31171,0.37458,0.11328,0.25013,0.00925,1.2663,0.30591,0.04938,0.13958,0.2102,1.31058,0.50626,0.26714,0.00151,1.90765,0.02135,0.62892,0.30591,0.50626,0.26714,1.29878,1.31786,1.31171,1.64669,1.90765,0.1662,0.5321
2026-01-31 02:00:00,1.72791,0,0.04219,0.02449,0.01224,0.00294,0.00539,0.00489,0.00987,0.13694,0.34515,0.72525,0.00755,0.62528,1.29611,0.00064,0.00416,0.00489,0,0.00208,0,1.31176,0.37558,0.11375,0.25169,0.00923,1.27434,0.30583,0.05054,0.14453,0.21054,1.32062,0.50625,0.2698,0.00151,1.90651,0.02129,0.62528,0.30583,0.50625,0.2698,1.29611,1.31734,1.31176,1.64585,1.90651,0.16654,0.53245
2026-01-31 03:00:00,1.76003,0,0.04215,0.02447,0.01222,0.00294,0.00538,0.00489,0.00985,0.13728,0.34612,0.72629,0.00755,0.6217,1.29324,0.00064,0.00415,0.00489,0,0.00207,0,1.31174,0.37695,0.11423,0.25325,0.00923,1.28238,0.30576,0.0517,0.14973,0.21119,1.33096,0.50624,0.27498,0.00151,1.9054,0.02124,0.6217,0.30576,0.50624,0.27498,1.29324,1.31664,1.31174,1.64506,1.9054,0.1672,0.53288
2026-01-31 04:00:00,1.79215,0,0.0421,0.02444,0.0122,0.00294,0.00537,0.00489,0.00984,0.13801,0.3477,0.72755,0.00753,0.6182,1.29022,0.00063,0.00414,0.00489,0,0.00206,0,1.31159,0.37926,0.11471,0.2548,0.00921,1.29042,0.30569,0.05285,0.15503,0.21277,1.34221,0.50624,0.28276,0.00151,1.90433,0.02118,0.6182,0.30569,0.50624,0.28276,1.29022,1.31575,1.31159,1.64428,1.90433,0.16878,0.53342
2026-01-31 05:00:00,1.82426,0,0.04206,0.0244,0.01219,0.00293,0.00536,0.00488,0.00982,0.13881,0.34959,0.72914,0.00751,0.61481,1.28707,0.00064,0.00414,0.00487,0,0.00205,0,1.31133,0.38293,0.11518,0.25636,0.0092,1.29846,0.30562,0.05401,0.16037,0.2148,1.35395,0.50623,0.29256,0.00151,1.90332,0.02113,0.61481,0.30562,0.50623,0.29256,1.28707,1.31466,1.31133,1.64354,1.90332,0.17082,0.53411
2026-01-31 06:00:00,1.85638,0,0.04202,0.02436,0.01216,0.00293,0.00536,0.00489,0.00981,0.13967,0.35173,0.73115,0.0075,0.61153,1.28385,0.00063,0.00413,0.00486,0,0.00204,0,1.31092,0.38767,0.11566,0.25792,0.00919,1.3065,0.30555,0.05517,0.16577,0.21637,1.3652,0.50622,0.30308,0.00151,1.90235,0.02107,0.61153,0.30555,0.50622,0.30308,1.28385,1.31337,1.31092,1.64284,1.90235,0.17239,0.53503
2026-01-31 07:00:00,1.86582,0,0.04198,0.02434,0.01215,0.00293,0.00535,0.00488,0.00978,0.14062,0.35399,0.73337,0.00748,0.60838,1.28055,0.00063,0.00412,0.00485,0,0.00203,0,1.31034,0.39324,0.11633,0.26062,0.00917,1.31779,0.30547,0.05537,0.16434,0.21757,1.36555,0.50622,0.31337,0.00151,1.90152,0.02102,0.60838,0.30547,0.50622,0.31337,1.28055,1.31188,1.31034,1.64215,1.90152,0.17359,0.53631
2026-01-31 08:00:00,1.87526,0,0.04195,0.02431,0.01213,0.00293,0.00534,0.00488,0.00976,0.1413,0.35595,0.73593,0.00748,0.60535,1.27722,0.00062,0.00412,0.00485,0,0.00203,0,1.3096,0.39946,0.117,0.26332,0.00916,1.32908,0.30539,0.05558,0.16256,0.21824,1.36537,0.50621,0.32317,0.00151,1.90089,0.02096,0.60535,0.30539,0.50621,0.32317,1.27722,1.3102,1.3096,1.64147,1.90089,0.17426,0.53825
2026-01-31 09:00:00,1.8847,0,0.04192,0.02428,0.01212,0.00293,0.00533,0.00489,0.00976,0.14198,0.35785,0.73874,0.00746,0.60247,1.27387,0.00062,0.00411,0.00484,0,0.00202,0,1.30868,0.40617,0.11768,0.26602,0.00915,1.34037,0.30532,0.05578,0.16063,0.2191,1.36539,0.5062,0.33239,0.00151,1.90059,0.02091,0.60247,0.30532,0.5062,0.33239,1.27387,1.30834,1.30868,1.6408,1.90059,0.17512,0.54147
2026-01-31 10:00:00,1.89413,0,0.04188,0.02423,0.01209,0.00292,0.00532,0.00488,0.00974,0.14251,0.35963,0.74171,0.00744,0.59973,1.27054,0.00063,0.0041,0.00483,0,0.00201,0,1.30757,0.41249,0.11835,0.26873,0.00914,1.35166,0.30525,0.05598,0.15861,0.22042,1.36585,0.5062,0.34102,0.00151,1.90073,0.02086,0.59973,0.30525,0.5062,0.34102,1.27054,1.30632,1.30757,1.64014,1.90073,0.17644,0.54791
2026-01-31 11:00:00,1.90357,0,0.04185,0.02416,0.01208,0.00292,0.00532,0.00488,0.00972,0.14311,0.3615,0.74462,0.00742,0.59712,1.26723,0.00062,0.0041,0.00481,0,0.00201,0,1.30629,0.41773,0.11902,0.27143,0.00912,1.36295,0.30517,0.05619,0.15656,0.22187,1.36645,0.50619,0.34909,0.00151,1.90139,0.0208,0.59712,0.30517,0.50619,0.34909,1.26723,1.30415,1.30629,1.63948,1.90139,0.17789,0.56723
2026-01-31 12:00:00,1.91301,0,0.04182,0.02411,0.01207,0.00292,0.00531,0.00489,0.00972,0.1438,0.36343,0.74737,0.00741,0.59465,1.26397,0.00062,0.00409,0.00481,0,0.002,0,1.30482,0.42211,0.11969,0.27413,0.00911,1.37424,0.3051,0.05639,0.15445,0.22302,1.36677,0.53952,0.35667,0.00151,1.90261,0.02075,0.59465,0.3051,0.53952,0.35667,1.26397,1.30183,1.30482,1.6388,1.90261,0.17905,0.56103
2026-01-31 13:00:00,1.90276,0,0.04179,0.02406,0.01205,0.00293,0.0053,0.00488,0.00971,0.14437,0.36507,0.74983,0.0074,0.59231,1.26077,0.00062,0.00408,0.00481,0,0.00199,0,1.30317,0.42584,0.11975,0.27559,0.0091,1.38086,0.30503,0.05594,0.15294,0.22375,1.36439,0.58396,0.36374,0.00151,1.90437,0.0207,0.59231,0.30503,0.58396,0.36374,1.26077,1.2994,1.30317,1.63811,1.90437,0.17978,0.56099
2026-01-31 14:00:00,1.89252,0,0.04177,0.02403,0.01204,0.00293,0.00529,0.00489,0.0097,0.14472,0.36633,0.75198,0.00739,0.59011,1.25764,0.00062,0.00408,0.00479,0,0.00198,0,1.30136,0.42906,0.11981,0.27705,0.00908,1.38748,0.30495,0.0555,0.15117,0.22404,1.36156,0.66544,0.37036,0.00151,1.90665,0.02064,0.59011,0.30495,0.66544,0.37036,1.25764,1.29686,1.30136,1.6374,1.90665,0.18007,0.57759
2026-01-31 15:00:00,1.88227,0,0.04173,0.02401,0.01202,0.00292,0.00528,0.00488,0.0097,0.14504,0.36738,0.75397,0.00738,0.58803,1.25459,0.00062,0.00407,0.00478,0,0.00197,0,1.2994,0.43187,0.11988,0.27851,0.00908,1.3935,0.30487,0.05505,0.1493,0.22429,1.3587,0.75927,0.37655,0.00151,1.90941,0.02059,0.58803,0.30487,0.75927,0.37655,1.25459,1.29424,1.2994,1.63666,1.90941,0.18032,0.58313
2026-01-31 16:00:00,1.87202,0,0.0417,0.02398,0.012,0.00292,0.00528,0.00488,0.00968,0.14546,0.36843,0.75575,0.00736,0.58609,1.25162,0.00061,0.00406,0.00477,0,0.00196,0,1.29728,0.43364,0.11994,0.27996,0.00906,1.39951,0.3048,0.05459,0.14729,0.22437,1.35566,0.79055,0.38234,0.00151,1.91257,0.02054,0.58609,0.3048,0.79055,0.38234,1.25162,1.29155,1.29728,1.63588,1.91257,0.1804,0.58589
2026-01-31 17:00:00,1.86178,0,0.04166,0.02394,0.01199,0.00291,0.00527,0.00488,0.00966,0.14515,0.36869,0.75713,0.00734,0.58426,1.24874,0.00061,0.00406,0.00477,0,0.00195,0,1.29504,0.43385,0.12,0.28142,0.00905,1.40552,0.30473,0.05414,0.14528,0.22432,1.35249,0.80097,0.38776,0.00151,1.91608,0.02048,0.58426,0.30473,0.80097,0.38776,1.24874,1.28881,1.29504,1.63507,1.91608,0.18035,0.58755
2026-01-31 18:00:00,1.85153,0,0.04163,0.02391,0.01198,0.00292,0.00525,0.00487,0.00965,0.14546,0.3694,0.75815,0.00733,0.58254,1.24596,0.0006,0.00405,0.00475,0,0.00194,0,1.29269,0.43285,0.12006,0.28288,0.00903,1.41153,0.30466,0.05369,0.14323,0.2243,1.34936,0.80444,0.39283,0.00151,1.91986,0.02043,0.58254,0.30466,0.80444,0.39283,1.24596,1.28602,1.29269,1.63421,1.91986,0.18033,0.58866
2026-01-31 19:00:00,1.85398,0,0.04159,0.02388,0.01196,0.00292,0.00524,0.00486,0.00963,0.1457,0.36997,0.75898,0.00732,0.58094,1.24328,0.00061,0.00404,0.00475,0,0.00193,0,1.29023,0.43091,0.11995,0.28296,0.00902,1.4121,0.30458,0.05375,0.14547,0.22425,1.35296,0.80559,0.39758,0.00151,1.92385,0.02038,0.58094,0.30458,0.80559,0.39758,1.24328,1.28321,1.29023,1.63331,1.92385,0.18029,0.58945
2026-01-31 20:00:00,1.85644,0,0.04156,0.02385,0.01194,0.00292,0.00522,0.00487,0.00961,0.14521,0.36988,0.75947,0.00731,0.57944,1.2407,0.0006,0.00404,0.00473,0,0.00192,0,1.28769,0.42824,0.11984,0.28304,0.00901,1.41267,0.30451,0.0538,0.14789,0.22425,1.35658,0.80597,0.402,0.00151,1.928,0.02032,0.57944,0.30451,0.80597,0.402,1.2407,1.28039,1.28769,1.63235,1.928,0.18029,0.59004
2026-01-31 21:00:00,1.85889,0,0.04152,0.02382,0.01193,0.00292,0.00521,0.00486,0.0096,0.14535,0.37031,0.75977,0.00728,0.57804,1.23822,0.0006,0.00403,0.00472,0,0.00192,0,1.28508,0.425,0.11974,0.28312,0.00899,1.41324,0.30443,0.05386,0.1504,0.22428,1.36024,0.80609,0.40616,0.00151,1.93224,0.02027,0.57804,0.30443,0.80609,0.40616,1.23822,1.27757,1.28508,1.63135,1.93224,0.18032,0.59051
2026-01-31 22:00:00,1.86134,0,0.04148,0.02378,0.01192,0.00291,0.0052,0.00485,0.00958,0.14543,0.37063,0.76014,0.00726,0.57673,1.23584,0.0006,0.00402,0.00473,0,0.00191,0,1.2824,0.42212,0.11963,0.28321,0.00899,1.4138,0.30435,0.05391,0.15296,0.22439,1.36397,0.80613,0.41003,0.00151,1.93653,0.02022,0.57673,0.30435,0.80613,0.41003,1.23584,1.27476,1.2824,1.63028,1.93653,0.18044,0.59087
2026-01-31 23:00:00,1.8638,0,0.04144,0.02371,0.01189,0.00291,0.00519,0.00486,0.00956,0.14549,0.371,0.76022,0.00726,0.57551,1.23357,0.00059,0.00402,0.00471,0,0.0019,0,1.27969,0.42032,0.11952,0.28329,0.00897,1.41437,0.30428,0.05397,0.15553,0.22459,1.36781,0.80613,0.41365,0.00151,1.94082,0.02016,0.57551,0.30428,0.80613,0.41365,1.23357,1.27197,1.27969,1.62916,1.94082,0.18063,0.59118
2026-02-01 00:00:00,1.86625,0,0.0414,0.02365,0.01188,0.0029,0.00518,0.00485,0.00954,0.1462,0.37189,0.76017,0.00725,0.57438,1.2314,0.0006,0.00401,0.0047,0,0.00189,0,1.27696,0.41938,0.11941,0.28337,0.00896,1.41494,0.30421,0.05402,0.15815,0.22472,1.37155,0.80613,0.41706,0.00151,1.94506,0.02011,0.57438,0.30421,0.80613,0.41706,1.2314,1.26921,1.27696,1.62799,1.94506,0.18076,0.59143
2026-02-01 01:00:00,1.89167,0,0.04136,0.02361,0.01187,0.00291,0.00518,0.00485,0.00953,0.14629,0.37224,0.76048,0.00724,0.57332,1.22932,0.0006,0.004,0.0047,0,0.00188,0,1.27419,0.41909,0.11988,0.28432,0.00895,1.4189,0.30414,0.05515,0.1616,0.22498,1.37981,0.80613,0.42075,0.00151,1.94924,0.02006,0.57332,0.30414,0.80613,0.42075,1.22932,1.2665,1.27419,1.62674,1.94924,0.18102,0.59164
2026-02-01 02:00:00,1.91709,0,0.04133,0.02358,0.01185,0.00291,0.00517,0.00486,0.00951,0.14719,0.37361,0.76116,0.00722,0.57235,1.22733,0.00059,0.004,0.00469,0,0.00188,0,1.27144,0.41931,0.12036,0.28527,0.00893,1.42286,0.30407,0.05629,0.16545,0.22531,1.38816,0.80612,0.4259,0.00151,1.95331,0.02001,0.57235,0.30407,0.80612,0.4259,1.22733,1.26384,1.27144,1.62544,1.95331,0.18136,0.59182
2026-02-01 03:00:00,1.94251,0,0.0413,0.02355,0.01183,0.00291,0.00517,0.00485,0.00949,0.14751,0.37465,0.76234,0.00721,0.57143,1.22544,0.00059,0.00399,0.00468,0,0.00187,0,1.26869,0.41993,0.12083,0.28622,0.00893,1.42683,0.30399,0.05742,0.1695,0.22596,1.39681,0.80611,0.43373,0.00151,1.95727,0.01996,0.57143,0.30399,0.80611,0.43373,1.22544,1.26123,1.26869,1.62409,1.95727,0.18201,0.59198
2026-02-01 04:00:00,1.96792,0,0.04127,0.02353,0.01182,0.0029,0.00517,0.00486,0.00948,0.14825,0.37635,0.76375,0.00719,0.57059,1.22364,0.0006,0.00398,0.00467,0,0.00186,0,1.26595,0.42156,0.1213,0.28716,0.00891,1.43079,0.30391,0.05855,0.1737,0.2275,1.40634,0.80611,0.44542,0.00151,1.96106,0.01991,0.57059,0.30391,0.80611,0.44542,1.22364,1.25868,1.26595,1.62268,1.96106,0.18355,0.59212
2026-02-01 05:00:00,1.99334,0,0.04124,0.02349,0.01181,0.00289,0.00516,0.00486,0.00946,0.14907,0.37835,0.76549,0.00718,0.56981,1.22192,0.00059,0.00398,0.00466,0,0.00186,0,1.26325,0.42468,0.12178,0.28811,0.00891,1.43475,0.30384,0.05969,0.17787,0.22948,1.41632,0.8061,0.46123,0.00151,1.96469,0.01986,0.56981,0.30384,0.8061,0.46123,1.22192,1.25619,1.26325,1.62122,1.96469,0.18553,0.59224
2026-02-01 06:00:00,2.01876,0,0.04121,0.02345,0.01179,0.0029,0.00516,0.00485,0.00943,0.14992,0.38063,0.76765,0.00717,0.56908,1.22029,0.00059,0.00397,0.00464,0,0.00185,0,1.26058,0.42894,0.12225,0.28906,0.00889,1.43871,0.30377,0.06082,0.18217,0.231,1.42585,0.80609,0.47919,0.00151,1.96818,0.01981,0.56908,0.30377,0.80609,0.47919,1.22029,1.25376,1.26058,1.61971,1.96818,0.18705,0.59235
2026-02-01 07:00:00,2.01845,0,0.04118,0.02342,0.01178,0.0029,0.00515,0.00486,0.00942,0.15083,0.38296,0.76998,0.00715,0.56841,1.21873,0.00059,0.00396,0.00465,0,0.00184,0,1.25795,0.43411,0.12281,0.29091,0.00889,1.44774,0.3037,0.06085,0.18037,0.23214,1.42486,0.80609,0.49714,0.00151,1.97154,0.01976,0.56841,0.3037,0.80609,0.49714,1.21873,1.25141,1.25795,1.61814,1.97154,0.18819,0.59245
2026-02-01 08:00:00,2.01814,0,0.04116,0.0234,0.01176,0.00291,0.00514,0.00486,0.0094,0.15142,0.38486,0.77264,0.00714,0.56779,1.21725,0.00058,0.00396,0.00463,0,0.00183,0,1.25537,0.43998,0.12338,0.29276,0.00887,1.45678,0.30363,0.06087,0.17818,0.23274,1.42333,0.80609,0.51431,0.00151,1.97491,0.01971,0.56779,0.30363,0.80609,0.51431,1.21725,1.24913,1.25537,1.61654,1.97491,0.1888,0.59253
2026-02-01 09:00:00,2.01784,0,0.04112,0.02337,0.01174,0.0029,0.00513,0.00485,0.00938,0.15202,0.38667,0.77554,0.00712,0.56722,1.21586,0.00059,0.00395,0.00462,0,0.00183,0,1.25285,0.44639,0.12394,0.29461,0.00886,1.46582,0.30355,0.0609,0.1758,0.23351,1.42199,0.80608,0.53051,0.00151,1.97839,0.01966,0.56722,0.30355,0.80608,0.53051,1.21586,1.24692,1.25285,1.61488,1.97839,0.18957,0.59261
2026-02-01 10:00:00,2.01753,0,0.04109,0.02332,0.01173,0.0029,0.00513,0.00485,0.00937,0.15258,0.38829,0.7786,0.0071,0.56668,1.21452,0.00059,0.00394,0.00462,0,0.00182,0,1.25038,0.45221,0.1245,0.29645,0.00885,1.47485,0.30348,0.06093,0.1733,0.23459,1.42094,0.80608,0.54568,0.00151,1.98221,0.01961,0.56668,0.30348,0.80608,0.54568,1.21452,1.24478,1.25038,1.61319,1.98221,0.19065,0.59269
2026-02-01 11:00:00,2.01722,0,0.04105,0.02325,0.01172,0.00289,0.00512,0.00485,0.00936,0.15292,0.38994,0.7815,0.0071,0.5662,1.21326,0.00058,0.00394,0.0046,0,0.00181,0,1.24798,0.45659,0.12507,0.2983,0.00883,1.48388,0.30341,0.06095,0.17072,0.23576,1.41997,0.80607,0.55992,0.00151,1.98652,0.01956,0.5662,0.30341,0.80607,0.55992,1.21326,1.24272,1.24798,1.61146,1.98652,0.19182,0.59275
2026-02-01 12:00:00,2.01691,0,0.04102,0.02319,0.0117,0.00289,0.00511,0.00484,0.00935,0.15319,0.3916,0.78416,0.00709,0.56575,1.21205,0.00058,0.00393,0.0046,0,0.0018,0,1.24565,0.45984,0.12563,0.30015,0.00883,1.49292,0.30333,0.06098,0.16811,0.23668,1.41877,0.80607,0.57322,0.00151,1.9914,0.01951,0.56575,0.30333,0.80607,0.57322,1.21205,1.24073,1.24565,1.6097,1.9914,0.19275,0.60083
2026-02-01 13:00:00,1.99924,0,0.04098,0.02315,0.01168,0.0029,0.00511,0.00484,0.00935,0.15353,0.39291,0.78646,0.00708,0.56533,1.21091,0.00058,0.00392,0.0046,0,0.00179,0,1.24338,0.46221,0.12546,0.30059,0.00881,1.49481,0.30326,0.06034,0.16594,0.23722,1.4144,0.80606,0.58567,0.00151,1.99693,0.01946,0.56533,0.30326,0.80606,0.58567,1.21091,1.23882,1.24338,1.60789,1.99693,0.19329,0.60887
2026-02-01 14:00:00,1.98156,0,0.04095,0.02312,0.01167,0.00289,0.0051,0.00484,0.00934,0.15362,0.39381,0.78838,0.00705,0.56495,1.20982,0.00058,0.00392,0.00458,0,0.00178,0,1.24118,0.46389,0.12529,0.30103,0.0088,1.49671,0.30319,0.0597,0.16353,0.23738,1.40965,0.80606,0.59732,0.00151,2.00306,0.01941,0.56495,0.30319,0.80606,0.59732,1.20982,1.23698,1.24118,1.60607,2.00306,0.19345,0.61028
2026-02-01 15:00:00,1.96389,0,0.04091,0.0231,0.01165,0.0029,0.00509,0.00483,0.00933,0.15368,0.39442,0.79009,0.00703,0.56459,1.20879,0.00058,0.00391,0.00457,0,0.00178,0,1.23906,0.46505,0.12512,0.30146,0.00879,1.4986,0.30311,0.05906,0.16095,0.23743,1.40478,0.80605,0.60822,0.00151,2.00975,0.01936,0.56459,0.30311,0.80605,0.60822,1.20879,1.23522,1.23906,1.60422,2.00975,0.1935,0.61169
2026-02-01 16:00:00,1.94621,0,0.04087,0.02307,0.01163,0.00289,0.00508,0.00483,0.00934,0.15386,0.39494,0.79151,0.00703,0.56427,1.2078,0.00058,0.0039,0.00458,0,0.00177,0,1.237,0.46516,0.12494,0.3019,0.00877,1.50049,0.30304,0.05842,0.15834,0.23713,1.39956,0.80604,0.61842,0.00151,2.01694,0.01931,0.56427,0.30304,0.80604,0.61842,1.2078,1.23352,1.237,1.60236,2.01694,0.1932,0.61309
2026-02-01 17:00:00,1.92853,0,0.04083,0.02303,0.01162,0.00289,0.00508,0.00482,0.00933,0.15321,0.39455,0.79249,0.00701,0.56396,1.20687,0.00057,0.0039,0.00456,0,0.00176,0,1.23502,0.46383,0.12477,0.30234,0.00877,1.50239,0.30297,0.05778,0.15565,0.23661,1.39413,0.80604,0.62795,0.00151,2.02454,0.01926,0.56396,0.30297,0.80604,0.62795,1.20687,1.2319,1.23502,1.60048,2.02454,0.19268,0.6145
2026-02-01 18:00:00,1.91086,0,0.04079,0.023,0.01161,0.00289,0.00506,0.00483,0.00931,0.15324,0.39462,0.79304,0.00701,0.56369,1.20599,0.00058,0.00389,0.00455,0,0.00175,0,1.23311,0.46139,0.1246,0.30278,0.00875,1.50428,0.3029,0.05714,0.15295,0.23621,1.38882,0.80603,0.63687,0.00151,2.03247,0.01921,0.56369,0.3029,0.80603,0.63687,1.20599,1.23034,1.23311,1.59858,2.03247,0.19229,0.61591
2026-02-01 19:00:00,1.9036,0,0.04076,0.02297,0.0116,0.00288,0.00505,0.00483,0.0093,0.15246,0.39452,0.79332,0.00699,0.56345,1.20514,0.00058,0.00388,0.00455,0,0.00174,0,1.23127,0.45807,0.12416,0.30168,0.00874,1.5008,0.30283,0.05696,0.15359,0.23589,1.38888,0.80603,0.64522,0.00151,2.04062,0.01916,0.56345,0.30283,0.80603,0.64522,1.20514,1.22885,1.23127,1.59668,2.04062,0.19197,0.61731
2026-02-01 20:00:00,1.89634,0,0.04073,0.02294,0.01159,0.00289,0.00503,0.00482,0.00928,0.15233,0.3937,0.79312,0.00698,0.56321,1.20434,0.00057,0.00388,0.00453,0,0.00174,0,1.2295,0.45407,0.12371,0.30057,0.00873,1.49731,0.30276,0.05678,0.15431,0.23571,1.38909,0.80602,0.65302,0.00151,2.04894,0.01912,0.56321,0.30276,0.80602,0.65302,1.20434,1.22741,1.2295,1.59476,2.04894,0.19179,0.61872
2026-02-01 21:00:00,1.88908,0,0.04069,0.02291,0.01158,0.00289,0.00502,0.00483,0.00926,0.15141,0.39339,0.79262,0.00696,0.563,1.20357,0.00057,0.00388,0.00453,0,0.00173,0,1.22781,0.44954,0.12327,0.29947,0.00871,1.49383,0.30267,0.05661,0.15511,0.23546,1.38924,0.80601,0.66033,0.00151,2.05736,0.01907,0.563,0.30267,0.80601,0.66033,1.20357,1.22604,1.22781,1.59285,2.05736,0.19154,0.62013
2026-02-01 22:00:00,1.88182,0,0.04066,0.02287,0.01157,0.00288,0.00501,0.00483,0.00926,0.15116,0.39293,0.79216,0.00694,0.5628,1.20284,0.00057,0.00387,0.00453,0,0.00172,0,1.22617,0.44526,0.12282,0.29837,0.00871,1.49034,0.3026,0.05643,0.15601,0.23512,1.38927,0.80601,0.66716,0.00151,2.06579,0.01902,0.5628,0.3026,0.80601,0.66716,1.20284,1.22474,1.22617,1.59093,2.06579,0.19119,0.62153
2026-02-01 23:00:00,1.87456,0,0.04063,0.0228,0.01157,0.00288,0.005,0.00482,0.00924,0.15161,0.39238,0.79134,0.00694,0.56263,1.20214,0.00057,0.00386,0.00451,0,0.00172,0,1.22461,0.44182,0.12238,0.29726,0.00869,1.48686,0.30253,0.05625,0.15691,0.23473,1.38928,0.806,0.67356,0.00151,2.07418,0.01898,0.56263,0.30253,0.806,0.67356,1.20214,1.22349,1.22461,1.58901,2.07418,0.19081,0.62294
2026-02-02 00:00:00,1.8673,0,0.0406,0.02274,0.01156,0.00288,0.00498,0.00483,0.00921,0.15128,0.3924,0.79036,0.00693,0.56247,1.20148,0.00057,0.00386,0.0045,0,0.00171,0,1.22312,0.43904,0.12193,0.29616,0.00869,1.48337,0.30246,0.05607,0.15785,0.23442,1.38935,0.806,0.67952,0.00151,2.08249,0.01893,0.56247,0.30246,0.806,0.67952,1.20148,1.22229,1.22312,1.5871,2.08249,0.1905,0.62435
2026-02-02 01:00:00,1.87979,0,0.04057,0.0227,0.01154,0.00288,0.00497,0.00483,0.00919,0.15101,0.39183,0.78962,0.00692,0.56232,1.20084,0.00057,0.00385,0.0045,0,0.0017,0,1.22168,0.43677,0.12197,0.29564,0.00868,1.48405,0.3024,0.05681,0.1601,0.23431,1.39403,0.80599,0.68511,0.00151,2.09066,0.01888,0.56232,0.3024,0.80599,0.68511,1.20084,1.22115,1.22168,1.58518,2.09066,0.19039,0.62575
2026-02-02 02:00:00,1.89227,0,0.04055,0.02267,0.01153,0.00288,0.00496,0.00482,0.00917,0.15155,0.39217,0.78907,0.0069,0.56219,1.20023,0.00057,0.00385,0.00449,0,0.00169,0,1.22031,0.4349,0.12201,0.29511,0.00867,1.48472,0.30233,0.05756,0.16269,0.2344,1.3989,0.80599,0.69035,0.00151,2.09867,0.01884,0.56219,0.30233,0.80599,0.69035,1.20023,1.22007,1.22031,1.58329,2.09867,0.19048,0.62716
2026-02-02 03:00:00,1.90476,0,0.04052,0.02264,0.01152,0.00288,0.00495,0.00482,0.00915,0.15218,0.39231,0.78885,0.00688,0.56206,1.19966,0.00057,0.00384,0.00448,0,0.00169,0,1.219,0.43334,0.12204,0.29459,0.00866,1.4854,0.30226,0.0583,0.16541,0.23467,1.40397,0.80598,0.69524,0.00151,2.10647,0.01879,0.56206,0.30226,0.80598,0.69524,1.19966,1.21903,1.219,1.5814,2.10647,0.19075,0.62857
2026-02-02 04:00:00,1.91725,0,0.04048,0.02262,0.01151,0.00287,0.00494,0.00482,0.00914,0.15287,0.39311,0.7888,0.00687,0.56195,1.19911,0.00057,0.00383,0.00448,0,0.00168,0,1.21774,0.43269,0.12208,0.29407,0.00864,1.48608,0.30219,0.05904,0.16826,0.23548,1.40957,0.80598,0.69982,0.00151,2.11404,0.01874,0.56195,0.30219,0.80598,0.69982,1.19911,1.21803,1.21774,1.57952,2.11404,0.19157,0.62997
2026-02-02 05:00:00,1.92973,0,0.04044,0.02258,0.01149,0.00287,0.00494,0.00482,0.00912,0.15361,0.39401,0.78896,0.00686,0.56185,1.19857,0.00057,0.00383,0.00446,0,0.00167,0,1.21654,0.43344,0.12212,0.29354,0.00864,1.48675,0.30211,0.05979,0.17118,0.23658,1.41547,0.80597,0.7041,0.00151,2.12137,0.0187,0.56185,0.30211,0.80597,0.7041,1.19857,1.21708,1.21654,1.57767,2.12137,0.19268,0.63138
2026-02-02 06:00:00,1.94222,0,0.04041,0.02254,0.01148,0.00287,0.00493,0.00481,0.0091,0.15439,0.39516,0.78949,0.00685,0.56176,1.19806,0.00057,0.00382,0.00446,0,0.00166,0,1.2154,0.43527,0.12216,0.29302,0.00863,1.48743,0.30203,0.06053,0.17413,0.23742,1.4211,0.80597,0.70811,0.00151,2.12844,0.01865,0.56176,0.30203,0.80597,0.70811,1.19806,1.21616,1.2154,1.57583,2.12844,0.19352,0.63279
2026-02-02 07:00:00,1.93499,0,0.04037,0.02251,0.01147,0.00288,0.00492,0.00481,0.00908,0.15521,0.39658,0.79025,0.00683,0.56168,1.19757,0.00057,0.00381,0.00446,0,0.00166,0,1.21429,0.43794,0.12232,0.29335,0.00863,1.48925,0.30196,0.06036,0.1723,0.23804,1.41846,0.80596,0.71185,0.00151,2.13524,0.0186,0.56168,0.30196,0.80596,0.71185,1.19757,1.2153,1.21429,1.574,2.13524,0.19415,0.63419
2026-02-02 08:00:00,1.92775,0,0.04034,0.02249,0.01146,0.00288,0.00491,0.00481,0.00905,0.15535,0.39773,0.79127,0.00681,0.5616,1.1971,0.00057,0.00381,0.00445,0,0.00165,0,1.21325,0.44127,0.12249,0.29368,0.00861,1.49107,0.3019,0.06018,0.17016,0.23835,1.41549,0.80596,0.71535,0.00151,2.14175,0.01856,0.5616,0.3019,0.80596,0.71535,1.1971,1.21447,1.21325,1.57218,2.14175,0.19445,0.6356
2026-02-02 09:00:00,1.92052,0,0.0403,0.02245,0.01144,0.00287,0.0049,0.0048,0.00903,0.15536,0.39886,0.79244,0.0068,0.56154,1.19665,0.00057,0.0038,0.00444,0,0.00164,0,1.21225,0.4451,0.12265,0.29401,0.00861,1.49289,0.30183,0.06001,0.16789,0.23871,1.41258,0.80595,0.71864,0.00151,2.14797,0.01851,0.56154,0.30183,0.80595,0.71864,1.19665,1.21368,1.21225,1.5704,2.14797,0.19481,0.63701
2026-02-02 10:00:00,1.91329,0,0.04026,0.02241,0.01142,0.00287,0.00489,0.0048,0.00903,0.15496,0.39982,0.79381,0.00679,0.56147,1.19622,0.00057,0.00379,0.00443,0,0.00164,0,1.21129,0.44852,0.12281,0.29434,0.00859,1.49471,0.30176,0.05983,0.16546,0.23912,1.40972,0.80594,0.7217,0.00151,2.15391,0.01846,0.56147,0.30176,0.80594,0.7217,1.19622,1.21292,1.21129,1.56864,2.15391,0.19522,0.63841
2026-02-02 11:00:00,1.90605,0,0.04022,0.02234,0.01141,0.00286,0.00489,0.0048,0.00901,0.15472,0.40082,0.79521,0.00678,0.56142,1.1958,0.00056,0.00379,0.00443,0,0.00164,0,1.21038,0.45079,0.12298,0.29467,0.00858,1.49653,0.30169,0.05966,0.16299,0.23952,1.40686,0.80594,0.72458,0.00151,2.15955,0.01842,0.56142,0.30169,0.80594,0.72458,1.1958,1.2122,1.21038,1.56691,2.15955,0.19562,0.63982
2026-02-02 12:00:00,1.89882,0,0.04019,0.02228,0.0114,0.00287,0.00488,0.0048,0.009,0.15464,0.40174,0.79646,0.00677,0.56138,1.19541,0.00056,0.00378,0.00442,0,0.00163,0,1.20951,0.45217,0.12314,0.295,0.00858,1.49835,0.30162,0.05948,0.1605,0.23985,1.40391,0.80593,0.72725,0.00151,2.16492,0.01837,0.56138,0.30162,0.80593,0.72725,1.19541,1.21151,1.20951,1.56518,2.16492,0.19595,0.62879
2026-02-02 13:00:00,1.88004,0,0.04015,0.02224,0.0114,0.00287,0.00487,0.00479,0.009,0.15435,0.40222,0.79747,0.00676,0.56133,1.19502,0.00057,0.00377,0.00442,0,0.00162,0,1.20867,0.45285,0.12276,0.29424,0.00856,1.49573,0.30155,0.05871,0.15821,0.23996,1.39819,0.80593,0.72976,0.00151,2.16999,0.01832,0.56133,0.30155,0.80593,0.72976,1.19502,1.21085,1.20867,1.5635,2.16999,0.19607,0.62335
2026-02-02 14:00:00,1.86126,0,0.04012,0.02221,0.01138,0.00287,0.00486,0.0048,0.00898,0.15378,0.40211,0.79815,0.00674,0.5613,1.19465,0.00056,0.00377,0.00441,0,0.00161,0,1.20788,0.45299,0.12238,0.29347,0.00856,1.49311,0.30148,0.05795,0.15566,0.23987,1.39226,0.80592,0.73211,0.00151,2.17479,0.01828,0.5613,0.30148,0.80592,0.73211,1.19465,1.21021,1.20788,1.56183,2.17479,0.19599,0.62335
2026-02-02 15:00:00,1.84248,0,0.04009,0.02219,0.01137,0.00287,0.00485,0.0048,0.00897,0.15327,0.40165,0.79862,0.00672,0.56126,1.19428,0.00056,0.00376,0.0044,0,0.0016,0,1.20712,0.45272,0.12201,0.29271,0.00855,1.49049,0.30141,0.05718,0.15302,0.23963,1.38617,0.80592,0.73431,0.00151,2.17932,0.01823,0.56126,0.30141,0.80592,0.73431,1.19428,1.2096,1.20712,1.5602,2.17932,0.19575,0.62334
2026-02-02 16:00:00,1.8237,0,0.04005,0.02216,0.01137,0.00286,0.00485,0.00479,0.00897,0.15238,0.40116,0.79873,0.00671,0.56123,1.19393,0.00056,0.00375,0.0044,0,0.00159,0,1.20639,0.45171,0.12163,0.29194,0.00853,1.48787,0.30133,0.05641,0.15031,0.2389,1.37959,0.80592,0.73636,0.0015,2.18358,0.01818,0.56123,0.30133,0.80592,0.73636,1.19393,1.20901,1.20639,1.55859,2.18358,0.19502,0.62334
2026-02-02 17:00:00,1.80492,0,0.04002,0.02212,0.01136,0.00287,0.00484,0.0048,0.00895,0.15216,0.39982,0.7983,0.0067,0.5612,1.19359,0.00055,0.00375,0.00439,0,0.00158,0,1.20569,0.44971,0.12125,0.29118,0.00853,1.48525,0.30126,0.05565,0.14759,0.2379,1.37276,0.80591,0.73828,0.0015,2.18759,0.01814,0.5612,0.30126,0.80591,0.73828,1.19359,1.20845,1.20569,1.557,2.18759,0.19403,0.62334
2026-02-02 18:00:00,1.78614,0,0.04,0.02209,0.01134,0.00287,0.00483,0.0048,0.00893,0.15114,0.39889,0.79734,0.00669,0.56119,1.19327,0.00056,0.00374,0.00438,0,0.00157,0,1.20503,0.44694,0.12087,0.29041,0.00852,1.48263,0.30119,0.05488,0.14481,0.23714,1.36615,0.80591,0.74009,0.0015,2.19134,0.01809,0.56119,0.30119,0.80591,0.74009,1.19327,1.20791,1.20503,1.55544,2.19134,0.19327,0.62334
2026-02-02 19:00:00,1.7753,0,0.03997,0.02206,0.01134,0.00288,0.00482,0.0048,0.00892,0.15015,0.39778,0.79609,0.00666,0.56118,1.19295,0.00056,0.00373,0.00438,0,0.00156,0,1.20439,0.44358,0.1203,0.28839,0.00851,1.47647,0.30112,0.05458,0.14461,0.23656,1.36438,0.8059,0.74175,0.0015,2.19485,0.01805,0.56118,0.30112,0.8059,0.74175,1.19295,1.2074,1.20439,1.55392,2.19485,0.19269,0.62333
2026-02-02 20:00:00,1.76447,0,0.03994,0.02203,0.01133,0.00288,0.00481,0.0048,0.0089,0.14992,0.39591,0.79441,0.00664,0.56116,1.19264,0.00056,0.00373,0.00437,0,0.00156,0,1.20378,0.43975,0.11974,0.28636,0.0085,1.4703,0.30105,0.05428,0.14459,0.23623,1.36287,0.8059,0.74333,0.0015,2.19813,0.018,0.56116,0.30105,0.8059,0.74333,1.19264,1.20691,1.20378,1.55242,2.19813,0.19236,0.62333
2026-02-02 21:00:00,1.75363,0,0.03991,0.022,0.01132,0.00288,0.0048,0.00479,0.00888,0.149,0.39467,0.79246,0.00664,0.56115,1.19236,0.00056,0.00372,0.00436,0,0.00155,0,1.20319,0.43556,0.11917,0.28434,0.0085,1.46414,0.30098,0.05398,0.14464,0.23582,1.36127,0.80589,0.7448,0.0015,2.20119,0.01796,0.56115,0.30098,0.80589,0.7448,1.19236,1.20644,1.20319,1.55095,2.20119,0.19195,0.62333
2026-02-02 22:00:00,1.74279,0,0.03987,0.02196,0.0113,0.00287,0.0048,0.0048,0.00887,0.14884,0.39339,0.79054,0.00663,0.56113,1.19207,0.00056,0.00371,0.00436,0,0.00154,0,1.20263,0.4316,0.1186,0.28232,0.00848,1.45797,0.30091,0.05367,0.14473,0.23519,1.35944,0.80589,0.74618,0.0015,2.20404,0.01792,0.56113,0.30091,0.80589,0.74618,1.19207,1.20598,1.20263,1.5495,2.20404,0.19133,0.62332
2026-02-02 23:00:00,1.73196,0,0.03984,0.02189,0.01129,0.00286,0.00479,0.00479,0.00885,0.1487,0.39196,0.78823,0.00662,0.56113,1.19179,0.00056,0.00371,0.00434,0,0.00154,0,1.20209,0.42835,0.11804,0.28029,0.00847,1.45181,0.30084,0.05337,0.14486,0.23451,1.35757,0.80588,0.74746,0.0015,2.20668,0.01787,0.56113,0.30084,0.80588,0.74746,1.19179,1.20554,1.20209,1.54808,2.20668,0.19065,0.62332
2026-02-03 00:00:00,1.72112,0,0.0398,0.02183,0.01128,0.00287,0.00478,0.00479,0.00884,0.1493,0.39121,0.78581,0.0066,0.56112,1.19152,0.00056,0.0037,0.00433,0,0.00153,0,1.20158,0.42564,0.11747,0.27827,0.00847,1.44564,0.30077,0.05307,0.14497,0.23398,1.35586,0.80588,0.74866,0.0015,2.20912,0.01783,0.56112,0.30077,0.80588,0.74866,1.19152,1.20512,1.20158,1.54669,2.20912,0.19012,0.62331
2026-02-03 01:00:00,1.73147,0,0.03977,0.02179,0.01127,0.00287,0.00477,0.00479,0.00885,0.15011,0.39006,0.78378,0.00658,0.56112,1.19125,0.00056,0.00369,0.00434,0,0.00152,0,1.20108,0.42335,0.11746,0.27729,0.00845,1.44382,0.3007,0.05396,0.14801,0.23373,1.36166,0.80587,0.7498,0.0015,2.21139,0.01779,0.56112,0.3007,0.80587,0.7498,1.19125,1.20471,1.20108,1.54533,2.21139,0.18987,0.62331
2026-02-03 02:00:00,1.74181,0,0.03974,0.02176,0.01125,0.00287,0.00476,0.00479,0.00884,0.15131,0.38996,0.78205,0.00657,0.56113,1.19099,0.00055,0.00369,0.00432,0,0.00152,0,1.20061,0.42139,0.11744,0.2763,0.00845,1.442,0.30063,0.05485,0.15152,0.23379,1.36775,0.80587,0.75084,0.0015,2.21346,0.01774,0.56113,0.30063,0.80587,0.75084,1.19099,1.20432,1.20061,1.544,2.21346,0.18993,0.6233
2026-02-03 03:00:00,1.75216,0,0.03971,0.02173,0.01123,0.00287,0.00476,0.00479,0.00883,0.1528,0.38968,0.78077,0.00656,0.56112,1.19074,0.00056,0.00369,0.00431,0,0.00151,0,1.20016,0.41969,0.11743,0.27532,0.00843,1.44019,0.30056,0.05574,0.15523,0.23405,1.37407,0.80586,0.75182,0.0015,2.21538,0.0177,0.56112,0.30056,0.80586,0.75182,1.19074,1.20393,1.20016,1.5427,2.21538,0.19019,0.62329
2026-02-03 04:00:00,1.76251,0,0.03968,0.02171,0.01122,0.00287,0.00475,0.0048,0.00883,0.15454,0.39021,0.77981,0.00655,0.56113,1.19049,0.00056,0.00368,0.00431,0,0.0015,0,1.19972,0.41888,0.11742,0.27434,0.00843,1.43837,0.30049,0.05663,0.15901,0.23496,1.38103,0.80585,0.75275,0.0015,2.21713,0.01766,0.56113,0.30049,0.80585,0.75275,1.19049,1.20357,1.19972,1.54142,2.21713,0.1911,0.62327
2026-02-03 05:00:00,1.77285,0,0.03965,0.02166,0.01121,0.00286,0.00474,0.00479,0.00881,0.15649,0.39132,0.77926,0.00654,0.56113,1.19025,0.00055,0.00368,0.00429,0,0.0015,0,1.1993,0.41948,0.1174,0.27335,0.00842,1.43655,0.30042,0.05752,0.16291,0.23621,1.38831,0.80585,0.75361,0.0015,2.21874,0.01761,0.56113,0.30042,0.80585,0.75361,1.19025,1.20322,1.1993,1.54017,2.21874,0.19235,0.62326
2026-02-03 06:00:00,1.7832,0,0.03962,0.02163,0.0112,0.00285,0.00474,0.00479,0.00879,0.1586,0.3929,0.77921,0.00654,0.56114,1.19003,0.00055,0.00367,0.00429,0,0.00149,0,1.19889,0.42116,0.11739,0.27237,0.0084,1.43473,0.30035,0.05841,0.16687,0.23716,1.39531,0.80584,0.75441,0.0015,2.2202,0.01757,0.56114,0.30035,0.80584,0.75441,1.19003,1.20288,1.19889,1.53894,2.2202,0.1933,0.62324
2026-02-03 07:00:00,1.77799,0,0.0396,0.02161,0.01118,0.00286,0.00473,0.0048,0.00879,0.16084,0.39486,0.77952,0.00652,0.56115,1.1898,0.00055,0.00366,0.00429,0,0.00148,0,1.1985,0.42369,0.11766,0.27289,0.0084,1.43668,0.30028,0.05841,0.16564,0.2379,1.39404,0.80584,0.75517,0.0015,2.22153,0.01753,0.56115,0.30028,0.80584,0.75517,1.1898,1.20254,1.1985,1.53773,2.22153,0.19405,0.62321
2026-02-03 08:00:00,1.77277,0,0.03957,0.02158,0.01117,0.00286,0.00472,0.00479,0.00877,0.16241,0.39676,0.78047,0.0065,0.56115,1.18958,0.00056,0.00366,0.00428,0,0.00148,0,1.19812,0.42687,0.11793,0.27342,0.00839,1.43862,0.30021,0.05841,0.16414,0.2383,1.39239,0.80583,0.75587,0.0015,2.22273,0.01748,0.56115,0.30021,0.80583,0.75587,1.18958,1.20222,1.19812,1.53656,2.22273,0.19445,0.62316
2026-02-03 09:00:00,1.76756,0,0.03954,0.02156,0.01117,0.00286,0.00471,0.00479,0.00875,0.16388,0.39881,0.78195,0.00649,0.56116,1.18937,0.00056,0.00365,0.00427,0,0.00147,0,1.19776,0.43057,0.1182,0.27394,0.00838,1.44057,0.30014,0.05842,0.16251,0.23883,1.3909,0.80583,0.75654,0.0015,2.2238,0.01744,0.56116,0.30014,0.80583,0.75654,1.18937,1.20192,1.19776,1.53541,2.2238,0.19498,0.62309
2026-02-03 10:00:00,1.76235,0,0.0395,0.02154,0.01116,0.00285,0.0047,0.00479,0.00874,0.16495,0.40088,0.78389,0.00647,0.56117,1.18915,0.00055,0.00364,0.00427,0,0.00146,0,1.1974,0.43394,0.11846,0.27446,0.00837,1.44251,0.30006,0.05842,0.16073,0.23959,1.38964,0.80583,0.75714,0.0015,2.22476,0.0174,0.56117,0.30006,0.80583,0.75714,1.18915,1.20162,1.1974,1.53429,2.22476,0.19574,0.62294
2026-02-03 11:00:00,1.75713,0,0.03947,0.0215,0.01114,0.00285,0.00469,0.00478,0.00872,0.1662,0.40319,0.78603,0.00647,0.56118,1.18895,0.00055,0.00364,0.00426,0,0.00146,0,1.19707,0.43632,0.11873,0.27499,0.00837,1.44446,0.29999,0.05842,0.15896,0.24041,1.38842,0.80582,0.75772,0.0015,2.22562,0.01735,0.56118,0.29999,0.80582,0.75772,1.18895,1.20132,1.19707,1.5332,2.22562,0.19657,0.62249
2026-02-03 12:00:00,1.75192,0,0.03944,0.02147,0.01114,0.00285,0.00469,0.00479,0.0087,0.16763,0.40547,0.78827,0.00645,0.56119,1.18874,0.00056,0.00363,0.00425,0,0.00145,0,1.19675,0.43794,0.119,0.27551,0.00836,1.4464,0.29992,0.05842,0.15714,0.24107,1.38705,0.80582,0.75826,0.0015,2.22638,0.01731,0.56119,0.29992,0.80582,0.75826,1.18874,1.20104,1.19675,1.53213,2.22638,0.19723,0.61333
2026-02-03 13:00:00,1.73696,0,0.0394,0.02144,0.01113,0.00285,0.00468,0.00478,0.00869,0.16874,0.40737,0.79044,0.00643,0.56121,1.18854,0.00056,0.00363,0.00425,0,0.00144,0,1.19642,0.43897,0.11878,0.27532,0.00835,1.44513,0.29986,0.05775,0.15513,0.24143,1.3822,0.80581,0.75876,0.0015,2.22704,0.01727,0.56121,0.29986,0.80581,0.75876,1.18854,1.20076,1.19642,1.53108,2.22704,0.19759,0.61281
2026-02-03 14:00:00,1.722,0,0.03937,0.02141,0.01112,0.00286,0.00467,0.00477,0.00867,0.16931,0.40876,0.79247,0.00642,0.56122,1.18835,0.00055,0.00362,0.00424,0,0.00143,0,1.19612,0.43953,0.11856,0.27513,0.00835,1.44387,0.29979,0.05708,0.15286,0.24149,1.37707,0.80581,0.75923,0.0015,2.22762,0.01723,0.56122,0.29979,0.80581,0.75923,1.18835,1.2005,1.19612,1.53006,2.22762,0.19765,0.61233
2026-02-03 15:00:00,1.70704,0,0.03934,0.02139,0.0111,0.00285,0.00466,0.00477,0.00866,0.16978,0.40985,0.79443,0.0064,0.56123,1.18817,0.00055,0.00362,0.00424,0,0.00143,0,1.19583,0.43974,0.11834,0.27495,0.00833,1.4426,0.29972,0.05642,0.15048,0.24143,1.37181,0.8058,0.75967,0.0015,2.22811,0.01719,0.56123,0.29972,0.8058,0.75967,1.18817,1.20024,1.19583,1.52906,2.22811,0.19759,0.61185
2026-02-03 16:00:00,1.69209,0,0.03931,0.02134,0.01109,0.00285,0.00466,0.00477,0.00865,0.16967,0.41093,0.79612,0.0064,0.56125,1.18798,0.00055,0.00361,0.00424,0,0.00142,0,1.19553,0.43925,0.11811,0.27476,0.00833,1.44133,0.29965,0.05575,0.14803,0.24095,1.36613,0.8058,0.76009,0.0015,2.22853,0.01714,0.56125,0.29965,0.8058,0.76009,1.18798,1.19998,1.19553,1.52808,2.22853,0.19712,0.61136
2026-02-03 17:00:00,1.67713,0,0.03928,0.02128,0.01108,0.00284,0.00465,0.00476,0.00864,0.17023,0.41112,0.79734,0.00638,0.56126,1.1878,0.00055,0.00361,0.00422,0,0.00141,0,1.19526,0.43779,0.11789,0.27457,0.00832,1.44007,0.29958,0.05508,0.14554,0.24025,1.36024,0.80579,0.76046,0.0015,2.22887,0.0171,0.56126,0.29958,0.80579,0.76046,1.1878,1.19974,1.19526,1.52713,2.22887,0.19642,0.61088
2026-02-03 18:00:00,1.66217,0,0.03925,0.02122,0.01107,0.00285,0.00464,0.00477,0.00863,0.16978,0.4116,0.79808,0.00638,0.56128,1.18762,0.00055,0.0036,0.00421,0,0.0014,0,1.19499,0.43559,0.11767,0.27438,0.00831,1.4388,0.29951,0.05441,0.143,0.23973,1.35451,0.80579,0.76083,0.0015,2.22916,0.01706,0.56128,0.29951,0.80579,0.76083,1.18762,1.1995,1.19499,1.52619,2.22916,0.1959,0.6104
2026-02-03 19:00:00,1.65829,0,0.03923,0.02118,0.01107,0.00285,0.00463,0.00476,0.00863,0.16918,0.41179,0.79861,0.00636,0.56129,1.18745,0.00055,0.00359,0.00421,0,0.00139,0,1.19472,0.4328,0.11727,0.27314,0.00831,1.4338,0.29944,0.05429,0.14374,0.23932,1.35509,0.80578,0.76117,0.0015,2.22937,0.01702,0.56129,0.29944,0.80578,0.76117,1.18745,1.19927,1.19472,1.52528,2.22937,0.19549,0.60992
2026-02-03 20:00:00,1.65441,0,0.0392,0.02115,0.01105,0.00284,0.00462,0.00476,0.00862,0.16933,0.41113,0.79875,0.00634,0.56131,1.18728,0.00055,0.00359,0.00421,0,0.00139,0,1.19447,0.42956,0.11686,0.2719,0.0083,1.42879,0.29937,0.05418,0.14464,0.23911,1.35587,0.80578,0.76148,0.0015,2.22952,0.01698,0.56131,0.29937,0.80578,0.76148,1.18728,1.19904,1.19447,1.52439,2.22952,0.19528,0.60944
2026-02-03 21:00:00,1.65053,0,0.03917,0.02113,0.01105,0.00285,0.00461,0.00477,0.00861,0.16847,0.41098,0.7986,0.00633,0.56133,1.18711,0.00055,0.00358,0.0042,0,0.00138,0,1.19422,0.42597,0.11646,0.27067,0.00829,1.42379,0.2993,0.05406,0.14567,0.23885,1.35661,0.80577,0.76177,0.0015,2.22963,0.01694,0.56133,0.2993,0.80577,0.76177,1.18711,1.19882,1.19422,1.52351,2.22963,0.19502,0.60895
2026-02-03 22:00:00,1.64665,0,0.03914,0.0211,0.01104,0.00284,0.00461,0.00476,0.00861,0.16843,0.41064,0.79838,0.00631,0.56134,1.18694,0.00055,0.00357,0.00419,0,0.00137,0,1.19397,0.42257,0.11605,0.26943,0.00828,1.41878,0.29923,0.05394,0.14674,0.23854,1.35728,0.80577,0.76205,0.0015,2.22967,0.01689,0.56134,0.29923,0.80577,0.76205,1.18694,1.19861,1.19397,1.52266,2.22967,0.19471,0.60847
2026-02-03 23:00:00,1.64277,0,0.0391,0.02106,0.01104,0.00284,0.0046,0.00477,0.0086,0.16833,0.41008,0.7977,0.00631,0.56136,1.18678,0.00055,0.00357,0.00418,0,0.00137,0,1.19374,0.4198,0.11564,0.26819,0.00828,1.41377,0.29917,0.05383,0.14785,0.23822,1.35796,0.80576,0.76231,0.0015,2.22967,0.01685,0.56136,0.29917,0.80576,0.76231,1.18678,1.1984,1.19374,1.52183,2.22967,0.19439,0.60799
2026-02-04 00:00:00,1.63889,0,0.03907,0.02103,0.01103,0.00283,0.00459,0.00477,0.00858,0.16911,0.41009,0.79679,0.0063,0.56138,1.18663,0.00055,0.00356,0.00419,0,0.00136,0,1.19352,0.41751,0.11524,0.26695,0.00827,1.40877,0.2991,0.05371,0.14895,0.23796,1.35869,0.80576,0.76254,0.0015,2.22963,0.01681,0.56138,0.2991,0.80576,0.76254,1.18663,1.19818,1.19352,1.52102,2.22963,0.19413,0.60751
2026-02-04 01:00:00,1.66047,0,0.03904,0.021,0.01102,0.00283,0.00458,0.00476,0.00857,0.17007,0.4096,0.79622,0.00628,0.5614,1.18647,0.00055,0.00356,0.00418,0,0.00135,0,1.19329,0.4156,0.11548,0.26704,0.00826,1.40866,0.29903,0.05494,0.15257,0.23795,1.36652,0.80575,0.76277,0.0015,2.22955,0.01677,0.5614,0.29903,0.80575,0.76277,1.18647,1.19798,1.19329,1.52022,2.22955,0.19412,0.60702
2026-02-04 02:00:00,1.68205,0,0.03901,0.02098,0.01102,0.00284,0.00457,0.00477,0.00855,0.17137,0.41016,0.79591,0.00626,0.56142,1.18632,0.00056,0.00355,0.00417,0,0.00135,0,1.19308,0.41398,0.11572,0.26713,0.00826,1.40855,0.29896,0.05616,0.15665,0.23817,1.37457,0.80575,0.76298,0.0015,2.22944,0.01673,0.56142,0.29896,0.80575,0.76298,1.18632,1.19778,1.19308,1.51945,2.22944,0.19434,0.60755
2026-02-04 03:00:00,1.70364,0,0.03898,0.02096,0.01102,0.00284,0.00457,0.00476,0.00853,0.17298,0.41055,0.79601,0.00624,0.56143,1.18617,0.00056,0.00355,0.00416,0,0.00134,0,1.19287,0.41259,0.11596,0.26723,0.00824,1.40844,0.2989,0.05739,0.161,0.23868,1.38294,0.80575,0.76317,0.0015,2.22928,0.01669,0.56143,0.2989,0.80575,0.76317,1.18617,1.19759,1.19287,1.51869,2.22928,0.19486,0.60808
2026-02-04 04:00:00,1.72522,0,0.03895,0.02093,0.011,0.00284,0.00456,0.00476,0.00852,0.17483,0.41181,0.79637,0.00624,0.56146,1.18602,0.00055,0.00354,0.00416,0,0.00133,0,1.19266,0.41233,0.1162,0.26732,0.00824,1.40832,0.29882,0.05862,0.16553,0.24008,1.3922,0.80574,0.76337,0.0015,2.22909,0.01665,0.56146,0.29882,0.80574,0.76337,1.18602,1.1974,1.19266,1.51795,2.22909,0.19626,0.60861
2026-02-04 05:00:00,1.7468,0,0.03892,0.02089,0.011,0.00284,0.00456,0.00476,0.0085,0.17689,0.41364,0.79712,0.00623,0.56147,1.18587,0.00055,0.00354,0.00415,0,0.00133,0,1.19246,0.41392,0.11644,0.26741,0.00823,1.40821,0.29875,0.05984,0.17007,0.24193,1.40188,0.80574,0.76353,0.0015,2.22888,0.01661,0.56147,0.29875,0.80574,0.76353,1.18587,1.19722,1.19246,1.51722,2.22888,0.19811,0.60914
2026-02-04 06:00:00,1.76838,0,0.03889,0.02086,0.011,0.00285,0.00455,0.00476,0.00849,0.17912,0.416,0.79837,0.00621,0.5615,1.18573,0.00055,0.00353,0.00414,0,0.00132,0,1.19226,0.41694,0.11668,0.2675,0.00823,1.4081,0.29868,0.06107,0.17469,0.24335,1.41114,0.80574,0.76369,0.0015,2.22863,0.01657,0.5615,0.29868,0.80574,0.76369,1.18573,1.19704,1.19226,1.51653,2.22863,0.19953,0.60967
2026-02-04 07:00:00,1.76997,0,0.03887,0.02083,0.01099,0.00285,0.00455,0.00476,0.00849,0.1815,0.41871,0.80001,0.00621,0.56151,1.18559,0.00056,0.00352,0.00414,0,0.00132,0,1.19206,0.42107,0.11717,0.26917,0.00822,1.41613,0.29862,0.06121,0.17374,0.24443,1.41071,0.80573,0.76384,0.0015,2.22837,0.01653,0.56151,0.29862,0.80573,0.76384,1.18559,1.19686,1.19206,1.51584,2.22837,0.20061,0.6102
2026-02-04 08:00:00,1.77155,0,0.03884,0.02081,0.01097,0.00284,0.00455,0.00476,0.00848,0.18298,0.42132,0.80228,0.00619,0.56154,1.18545,0.00055,0.00352,0.00413,0,0.00131,0,1.19188,0.42607,0.11766,0.27083,0.00821,1.42417,0.29855,0.06135,0.17245,0.24501,1.40978,0.80573,0.76399,0.0015,2.22808,0.01649,0.56154,0.29855,0.80573,0.76399,1.18545,1.19669,1.19188,1.51516,2.22808,0.2012,0.61073
2026-02-04 09:00:00,1.77314,0,0.03881,0.02078,0.01096,0.00285,0.00454,0.00476,0.00846,0.18432,0.42407,0.80509,0.00618,0.56156,1.18533,0.00055,0.00351,0.00412,0,0.00131,0,1.1917,0.43175,0.11815,0.2725,0.00821,1.4322,0.29849,0.0615,0.17095,0.24575,1.40902,0.80572,0.76411,0.0015,2.22777,0.01646,0.56156,0.29849,0.80572,0.76411,1.18533,1.19652,1.1917,1.5145,2.22777,0.20195,0.61126
2026-02-04 10:00:00,1.77472,0,0.03877,0.02074,0.01095,0.00284,0.00454,0.00476,0.00846,0.1851,0.42679,0.80837,0.00616,0.56158,1.18519,0.00055,0.0035,0.00412,0,0.0013,0,1.19152,0.43707,0.11863,0.27416,0.0082,1.44023,0.29842,0.06164,0.16934,0.24684,1.40859,0.80572,0.76423,0.0015,2.22745,0.01642,0.56158,0.29842,0.80572,0.76423,1.18519,1.19635,1.19152,1.51385,2.22745,0.20304,0.61179
2026-02-04 11:00:00,1.77631,0,0.03874,0.02067,0.01094,0.00284,0.00454,0.00476,0.00846,0.18611,0.4298,0.81182,0.00616,0.5616,1.18506,0.00054,0.0035,0.00411,0,0.0013,0,1.19135,0.44124,0.11912,0.27583,0.0082,1.44827,0.29836,0.06178,0.1677,0.24803,1.40827,0.80571,0.76435,0.0015,2.22709,0.01638,0.5616,0.29836,0.80571,0.76435,1.18506,1.19618,1.19135,1.51322,2.22709,0.20423,0.61232
2026-02-04 12:00:00,1.77789,0,0.03871,0.02061,0.01094,0.00284,0.00453,0.00476,0.00844,0.18737,0.43295,0.81533,0.00614,0.56162,1.18493,0.00055,0.00349,0.00411,0,0.00129,0,1.19118,0.44451,0.11961,0.27749,0.00819,1.4563,0.29829,0.06192,0.16597,0.24897,1.40769,0.80571,0.76445,0.0015,2.22674,0.01634,0.56162,0.29829,0.80571,0.76445,1.18493,1.19602,1.19118,1.5126,2.22674,0.20517,0.61644
2026-02-04 13:00:00,1.76527,0,0.03867,0.02057,0.01092,0.00284,0.00453,0.00477,0.00843,0.18821,0.4353,0.81871,0.00613,0.56164,1.1848,0.00055,0.00349,0.0041,0,0.00128,0,1.191,0.44709,0.11949,0.27817,0.00819,1.45822,0.29823,0.0613,0.16408,0.24952,1.40335,0.8057,0.76455,0.0015,2.22635,0.0163,0.56164,0.29823,0.8057,0.76455,1.1848,1.19587,1.191,1.512,2.22635,0.20572,0.62028
2026-02-04 14:00:00,1.75265,0,0.03864,0.02054,0.01091,0.00284,0.00452,0.00476,0.00841,0.1885,0.4368,0.8219,0.00612,0.56166,1.18468,0.00055,0.00348,0.00411,0,0.00127,0,1.19084,0.44912,0.11937,0.27885,0.00818,1.46015,0.29815,0.06067,0.16191,0.24968,1.39862,0.8057,0.76464,0.0015,2.22596,0.01626,0.56166,0.29815,0.8057,0.76464,1.18468,1.19571,1.19084,1.51141,2.22596,0.20588,0.62029
2026-02-04 15:00:00,1.74003,0,0.03862,0.02052,0.01091,0.00284,0.00451,0.00475,0.0084,0.18874,0.43785,0.82506,0.0061,0.56168,1.18455,0.00055,0.00348,0.0041,0,0.00127,0,1.19068,0.45073,0.11926,0.27953,0.00817,1.46207,0.29808,0.06005,0.15961,0.24971,1.39377,0.8057,0.76474,0.0015,2.22556,0.01623,0.56168,0.29808,0.8057,0.76474,1.18455,1.19556,1.19068,1.51083,2.22556,0.20592,0.62031
2026-02-04 16:00:00,1.72741,0,0.03859,0.02049,0.0109,0.00283,0.00451,0.00476,0.0084,0.1883,0.43875,0.82783,0.00609,0.56171,1.18443,0.00055,0.00347,0.00409,0,0.00126,0,1.19052,0.45139,0.11914,0.28021,0.00817,1.46399,0.29802,0.05942,0.1572,0.24937,1.38854,0.80569,0.76482,0.0015,2.22514,0.01619,0.56171,0.29802,0.80569,0.76482,1.18443,1.19542,1.19052,1.51027,2.22514,0.20559,0.62032
2026-02-04 17:00:00,1.71479,0,0.03856,0.02045,0.01089,0.00283,0.0045,0.00475,0.00839,0.18885,0.43858,0.82979,0.00607,0.56172,1.18431,0.00055,0.00346,0.00408,0,0.00125,0,1.19037,0.45069,0.11902,0.28089,0.00816,1.46592,0.29795,0.0588,0.15472,0.24882,1.3831,0.80569,0.76489,0.0015,2.22472,0.01615,0.56172,0.29795,0.80569,0.76489,1.18431,1.19528,1.19037,1.50972,2.22472,0.20504,0.62033
2026-02-04 18:00:00,1.70217,0,0.03853,0.02042,0.01088,0.00283,0.00449,0.00475,0.00839,0.1881,0.43868,0.83102,0.00606,0.56175,1.1842,0.00055,0.00346,0.00407,0,0.00124,0,1.19022,0.44892,0.1189,0.28157,0.00816,1.46784,0.29789,0.05817,0.15225,0.24841,1.3778,0.80569,0.76496,0.0015,2.22429,0.01611,0.56175,0.29789,0.80569,0.76496,1.1842,1.19513,1.19022,1.50918,2.22429,0.20463,0.62035
2026-02-04 19:00:00,1.70085,0,0.0385,0.02039,0.01088,0.00283,0.00448,0.00476,0.00839,0.18719,0.4385,0.83184,0.00605,0.56176,1.18408,0.00055,0.00345,0.00408,0,0.00123,0,1.19007,0.44633,0.11857,0.28097,0.00815,1.46403,0.29782,0.05815,0.1535,0.24808,1.3797,0.80568,0.76502,0.0015,2.22385,0.01607,0.56176,0.29782,0.80568,0.76502,1.18408,1.19499,1.19007,1.50865,2.22385,0.2043,0.62037
2026-02-04 20:00:00,1.69952,0,0.03848,0.02037,0.01087,0.00284,0.00448,0.00475,0.00838,0.18736,0.43762,0.8321,0.00603,0.56179,1.18397,0.00055,0.00345,0.00406,0,0.00123,0,1.18993,0.44309,0.11824,0.28037,0.00815,1.46022,0.29775,0.05813,0.15494,0.24792,1.38177,0.80568,0.76509,0.0015,2.22341,0.01603,0.56179,0.29775,0.80568,0.76509,1.18397,1.19484,1.18993,1.50813,2.22341,0.20415,0.62039
2026-02-04 21:00:00,1.6982,0,0.03845,0.02035,0.01085,0.00283,0.00447,0.00475,0.00838,0.18625,0.43733,0.83192,0.00602,0.56181,1.18386,0.00056,0.00344,0.00405,0,0.00122,0,1.18979,0.43936,0.11792,0.27977,0.00814,1.45642,0.29769,0.05812,0.15651,0.24775,1.38386,0.80568,0.76515,0.0015,2.22295,0.016,0.56181,0.29769,0.80568,0.76515,1.18386,1.19471,1.18979,1.50761,2.22295,0.20398,0.62041
2026-02-04 22:00:00,1.69687,0,0.03841,0.02032,0.01084,0.00282,0.00446,0.00476,0.00838,0.18627,0.43681,0.83166,0.006,0.56183,1.18375,0.00055,0.00343,0.00405,0,0.00121,0,1.18964,0.43581,0.11759,0.27918,0.00813,1.45261,0.29762,0.0581,0.15813,0.2476,1.38593,0.80567,0.76519,0.0015,2.2225,0.01596,0.56183,0.29762,0.80567,0.76519,1.18375,1.19457,1.18964,1.50712,2.2225,0.20382,0.62044
2026-02-04 23:00:00,1.69555,0,0.03838,0.02028,0.01083,0.00282,0.00446,0.00476,0.00837,0.18623,0.43631,0.83099,0.00599,0.56185,1.18364,0.00055,0.00343,0.00403,0,0.00121,0,1.18951,0.43297,0.11726,0.27858,0.00813,1.4488,0.29755,0.05808,0.15978,0.24747,1.38802,0.80567,0.76525,0.0015,2.22203,0.01592,0.56185,0.29755,0.80567,0.76525,1.18364,1.19444,1.18951,1.50664,2.22203,0.20369,0.62047
2026-02-05 00:00:00,1.69422,0,0.03834,0.02025,0.01082,0.00282,0.00445,0.00476,0.00835,0.18734,0.43645,0.83019,0.00598,0.56187,1.18353,0.00055,0.00342,0.00404,0,0.0012,0,1.18937,0.43069,0.11693,0.27798,0.00811,1.44499,0.29748,0.05806,0.16141,0.24736,1.39015,0.80566,0.76529,0.0015,2.22156,0.01588,0.56187,0.29748,0.80566,0.76529,1.18353,1.19432,1.18937,1.50616,2.22156,0.20359,0.62051
2026-02-05 01:00:00,1.71869,0,0.03831,0.02023,0.0108,0.00283,0.00444,0.00476,0.00834,0.18864,0.43607,0.82976,0.00597,0.56189,1.18342,0.00055,0.00342,0.00403,0,0.00119,0,1.18923,0.42884,0.11723,0.27862,0.00811,1.4465,0.29741,0.05935,0.16462,0.24745,1.39765,0.80566,0.76533,0.0015,2.2211,0.01584,0.56189,0.29741,0.80566,0.76533,1.18342,1.19419,1.18923,1.50569,2.2211,0.20368,0.62055
2026-02-05 02:00:00,1.74316,0,0.03828,0.0202,0.0108,0.00283,0.00443,0.00476,0.00833,0.1903,0.43697,0.82968,0.00597,0.56191,1.18331,0.00056,0.00341,0.00403,0,0.00119,0,1.18911,0.42732,0.11754,0.27926,0.00811,1.44801,0.29735,0.06063,0.16825,0.24774,1.40533,0.80565,0.76537,0.0015,2.22062,0.0158,0.56191,0.29735,0.80565,0.76537,1.18331,1.19406,1.18911,1.50524,2.22062,0.20397,0.6206
2026-02-05 03:00:00,1.76763,0,0.03825,0.02017,0.01079,0.00283,0.00442,0.00476,0.00831,0.19227,0.43814,0.83015,0.00595,0.56194,1.18322,0.00056,0.00341,0.00402,0,0.00118,0,1.18898,0.42607,0.11784,0.2799,0.0081,1.44953,0.29728,0.06192,0.17216,0.24835,1.41334,0.80565,0.76542,0.0015,2.22015,0.01577,0.56194,0.29728,0.80565,0.76542,1.18322,1.19394,1.18898,1.5048,2.22015,0.20458,0.62066
2026-02-05 04:00:00,1.7921,0,0.03822,0.02013,0.01079,0.00283,0.00442,0.00476,0.00831,0.19447,0.44042,0.83094,0.00594,0.56196,1.18312,0.00055,0.0034,0.00401,0,0.00117,0,1.18885,0.42602,0.11814,0.28055,0.00809,1.45104,0.29721,0.06321,0.17618,0.2499,1.4223,0.80565,0.76545,0.0015,2.21967,0.01573,0.56196,0.29721,0.80565,0.76545,1.18312,1.19382,1.18885,1.50436,2.21967,0.20613,0.62074
2026-02-05 05:00:00,1.81657,0,0.03819,0.02006,0.01079,0.00282,0.00441,0.00475,0.00829,0.19687,0.44333,0.83221,0.00592,0.56198,1.18302,0.00055,0.0034,0.00401,0,0.00117,0,1.18873,0.4279,0.11845,0.28119,0.00808,1.45255,0.29715,0.06449,0.1803,0.25192,1.43171,0.80564,0.76548,0.0015,2.21919,0.01569,0.56198,0.29715,0.80564,0.76548,1.18302,1.1937,1.18873,1.50393,2.21919,0.20815,0.62084
2026-02-05 06:00:00,1.84104,0,0.03816,0.02001,0.01077,0.00283,0.0044,0.00476,0.00827,0.19947,0.44681,0.83426,0.0059,0.562,1.18292,0.00056,0.00339,0.004,0,0.00116,0,1.18861,0.43128,0.11875,0.28183,0.00808,1.45406,0.29708,0.06578,0.18443,0.25347,1.44066,0.80564,0.76551,0.0015,2.21872,0.01565,0.562,0.29708,0.80564,0.76551,1.18292,1.19358,1.18861,1.5035,2.21872,0.2097,0.62098
2026-02-05 07:00:00,1.84234,0,0.03814,0.01997,0.01077,0.00283,0.00439,0.00475,0.00826,0.20218,0.45055,0.837,0.0059,0.56202,1.18282,0.00056,0.00339,0.004,0,0.00115,0,1.18849,0.43584,0.11926,0.28383,0.00807,1.46362,0.29701,0.06582,0.18332,0.25463,1.43973,0.80563,0.76554,0.0015,2.21824,0.01561,0.56202,0.29701,0.80563,0.76554,1.18282,1.19346,1.18849,1.5031,2.21824,0.21087,0.62117
2026-02-05 08:00:00,1.84365,0,0.03811,0.01993,0.01077,0.00284,0.00438,0.00475,0.00824,0.20373,0.45393,0.8405,0.00589,0.56205,1.18272,0.00055,0.00338,0.00399,0,0.00115,0,1.18838,0.44131,0.11977,0.28582,0.00808,1.47318,0.29694,0.06586,0.18175,0.25523,1.43825,0.80563,0.76557,0.0015,2.21777,0.01558,0.56205,0.29694,0.80563,0.76557,1.18272,1.19334,1.18838,1.50269,2.21777,0.21148,0.62145
2026-02-05 09:00:00,1.84496,0,0.03808,0.01991,0.01076,0.00283,0.00437,0.00476,0.00823,0.20521,0.45729,0.84459,0.00589,0.56207,1.18262,0.00055,0.00338,0.00399,0,0.00114,0,1.18826,0.44748,0.12027,0.28782,0.00807,1.48274,0.29687,0.0659,0.17998,0.25599,1.43692,0.80563,0.76559,0.0015,2.21729,0.01555,0.56207,0.29687,0.80563,0.76559,1.18262,1.19323,1.18826,1.50229,2.21729,0.21224,0.62192
2026-02-05 10:00:00,1.84626,0,0.03805,0.01988,0.01075,0.00283,0.00437,0.00475,0.00823,0.20819,0.4605,0.84911,0.00587,0.56209,1.18253,0.00055,0.00337,0.00398,0,0.00113,0,1.18814,0.45329,0.12078,0.28982,0.00806,1.49229,0.29681,0.06593,0.17806,0.25703,1.43585,0.80562,0.76562,0.00149,2.21681,0.01551,0.56209,0.29681,0.80562,0.76562,1.18253,1.19312,1.18814,1.5019,2.21681,0.21328,0.62287
2026-02-05 11:00:00,1.84757,0,0.03801,0.01984,0.01075,0.00282,0.00436,0.00475,0.00822,0.21033,0.46356,0.85364,0.00584,0.56211,1.18244,0.00055,0.00337,0.00397,0,0.00113,0,1.18803,0.45791,0.12129,0.29181,0.00806,1.50185,0.29674,0.06597,0.17605,0.25813,1.43487,0.80562,0.76563,0.00149,2.21633,0.01548,0.56211,0.29674,0.80562,0.76563,1.18244,1.19302,1.18803,1.50153,2.21633,0.21439,0.6257
2026-02-05 12:00:00,1.84887,0,0.03798,0.01981,0.01074,0.00282,0.00435,0.00476,0.00821,0.21219,0.46632,0.85802,0.00583,0.56213,1.18235,0.00055,0.00336,0.00397,0,0.00112,0,1.18792,0.46159,0.1218,0.29381,0.00805,1.51141,0.29668,0.06601,0.17403,0.25901,1.43365,0.80562,0.76565,0.00149,2.21586,0.01544,0.56213,0.29668,0.80562,0.76565,1.18235,1.19291,1.18792,1.50116,2.21586,0.21527,0.63294
2026-02-05 13:00:00,1.83446,0,0.03795,0.01979,0.01074,0.00283,0.00434,0.00475,0.00821,0.21295,0.46876,0.86209,0.00582,0.56216,1.18226,0.00055,0.00336,0.00396,0,0.00111,0,1.18781,0.46456,0.12168,0.29451,0.00806,1.516,0.29661,0.06532,0.17217,0.2595,1.42926,0.80561,0.76567,0.00149,2.21539,0.0154,0.56216,0.29661,0.80561,0.76567,1.18226,1.1928,1.18781,1.50079,2.21539,0.21577,0.64637
2026-02-05 14:00:00,1.82006,0,0.03792,0.01976,0.01073,0.00282,0.00433,0.00476,0.0082,0.21253,0.47088,0.86565,0.00582,0.56217,1.18217,0.00055,0.00335,0.00397,0,0.00111,0,1.18771,0.46696,0.12156,0.29522,0.00805,1.52059,0.29655,0.06462,0.17005,0.25961,1.42447,0.80561,0.76568,0.00149,2.21492,0.01537,0.56217,0.29655,0.80561,0.76568,1.18217,1.1927,1.18771,1.50042,2.21492,0.21588,0.65185
2026-02-05 15:00:00,1.80565,0,0.03789,0.01974,0.01073,0.00283,0.00433,0.00475,0.00819,0.21192,0.47265,0.86875,0.0058,0.5622,1.18208,0.00055,0.00335,0.00396,0,0.0011,0,1.18761,0.46893,0.12144,0.29592,0.00805,1.52518,0.29648,0.06393,0.16777,0.25956,1.41955,0.80561,0.76571,0.00149,2.21444,0.01533,0.5622,0.29648,0.80561,0.76571,1.18208,1.1926,1.18761,1.50007,2.21444,0.21584,0.65367
2026-02-05 16:00:00,1.79124,0,0.03786,0.01972,0.01073,0.00282,0.00432,0.00475,0.00819,0.21052,0.47403,0.87138,0.00578,0.56222,1.182,0.00055,0.00334,0.00395,0,0.00109,0,1.1875,0.46981,0.12132,0.29662,0.00804,1.52976,0.29642,0.06324,0.16541,0.25908,1.41417,0.8056,0.76572,0.00149,2.21398,0.01529,0.56222,0.29642,0.8056,0.76572,1.182,1.1925,1.1875,1.49973,2.21398,0.21536,0.65459
2026-02-05 17:00:00,1.77684,0,0.03783,0.01968,0.01073,0.00282,0.00431,0.00475,0.00817,0.21042,0.47384,0.87357,0.00577,0.56224,1.18191,0.00055,0.00334,0.00394,0,0.00109,0,1.1874,0.46912,0.1212,0.29733,0.00803,1.53435,0.29635,0.06254,0.16301,0.25833,1.40852,0.8056,0.76573,0.00149,2.21351,0.01526,0.56224,0.29635,0.8056,0.76573,1.18191,1.19239,1.1874,1.49939,2.21351,0.21461,0.65513
2026-02-05 18:00:00,1.76243,0,0.0378,0.01965,0.01072,0.00282,0.00431,0.00474,0.00815,0.20887,0.4736,0.87533,0.00575,0.56227,1.18182,0.00055,0.00333,0.00395,0,0.00108,0,1.18731,0.46719,0.12108,0.29803,0.00803,1.53894,0.29628,0.06185,0.1606,0.25778,1.40309,0.8056,0.76574,0.00149,2.21305,0.01522,0.56227,0.29628,0.8056,0.76574,1.18182,1.19229,1.18731,1.49905,2.21305,0.21406,0.6555
2026-02-05 19:00:00,1.75947,0,0.03778,0.01962,0.01071,0.00282,0.0043,0.00474,0.00814,0.20724,0.47281,0.87668,0.00575,0.56228,1.18174,0.00055,0.00332,0.00394,0,0.00107,0,1.1872,0.4643,0.12077,0.29733,0.00803,1.53522,0.29622,0.06184,0.16188,0.25735,1.40509,0.80559,0.76575,0.00149,2.21258,0.01519,0.56228,0.29622,0.80559,0.76575,1.18174,1.19219,1.1872,1.49873,2.21258,0.21363,0.65576
2026-02-05 20:00:00,1.7565,0,0.03775,0.0196,0.01071,0.00282,0.00429,0.00474,0.00812,0.20695,0.47117,0.87717,0.00573,0.56231,1.18165,0.00055,0.00332,0.00393,0,0.00107,0,1.18711,0.46066,0.12046,0.29664,0.00803,1.5315,0.29615,0.06183,0.16335,0.25714,1.4073,0.80559,0.76577,0.00149,2.21212,0.01515,0.56231,0.29615,0.80559,0.76577,1.18165,1.19209,1.18711,1.4984,2.21212,0.21342,0.65595
2026-02-05 21:00:00,1.75354,0,0.03772,0.01958,0.01071,0.00282,0.00428,0.00473,0.0081,0.2052,0.47018,0.87683,0.00573,0.56232,1.18158,0.00055,0.00331,0.00392,0,0.00106,0,1.18701,0.45645,0.12014,0.29594,0.00802,1.52779,0.29609,0.06182,0.16498,0.25691,1.4095,0.80559,0.76578,0.00149,2.21167,0.01512,0.56232,0.29609,0.80559,0.76578,1.18158,1.192,1.18701,1.49808,2.21167,0.21319,0.65611
2026-02-05 22:00:00,1.75058,0,0.03768,0.01956,0.01071,0.00282,0.00427,0.00473,0.00809,0.20485,0.46886,0.87608,0.00572,0.56235,1.1815,0.00055,0.0033,0.00392,0,0.00105,0,1.18691,0.45228,0.11983,0.29525,0.00802,1.52407,0.29602,0.0618,0.16666,0.25667,1.41169,0.80558,0.76579,0.00149,2.2112,0.01509,0.56235,0.29602,0.80558,0.76579,1.1815,1.19191,1.18691,1.49778,2.2112,0.21295,0.65623
2026-02-05 23:00:00,1.74761,0,0.03765,0.01952,0.0107,0.00282,0.00426,0.00473,0.00809,0.20449,0.46759,0.87468,0.0057,0.56238,1.18141,0.00054,0.0033,0.00391,0,0.00105,0,1.18682,0.44863,0.11952,0.29455,0.00801,1.52035,0.29596,0.06179,0.16836,0.25646,1.41391,0.80558,0.76579,0.00149,2.21075,0.01505,0.56238,0.29596,0.80558,0.76579,1.18141,1.19181,1.18682,1.49747,2.21075,0.21275,0.65633
2026-02-06 00:00:00,1.74465,0,0.03761,0.01949,0.01069,0.00283,0.00426,0.00472,0.00808,0.20554,0.46706,0.87308,0.00569,0.56239,1.18133,0.00054,0.00329,0.00391,0,0.00104,0,1.18673,0.4454,0.11921,0.29386,0.008,1.51663,0.2959,0.06178,0.17013,0.25628,1.41616,0.80558,0.7658,0.00149,2.2103,0.01502,0.56239,0.2959,0.80558,0.7658,1.18133,1.19172,1.18673,1.49717,2.2103,0.21257,0.65641
2026-02-06 01:00:00,1.76637,0,0.03758,0.01947,0.01069,0.00283,0.00425,0.00472,0.00807,0.20707,0.46613,0.87178,0.00567,0.56242,1.18126,0.00055,0.00329,0.0039,0,0.00103,0,1.18664,0.44248,0.11946,0.29434,0.00801,1.51698,0.29583,0.06312,0.17301,0.25634,1.42322,0.80557,0.7658,0.00149,2.20985,0.01498,0.56242,0.29583,0.80557,0.7658,1.18126,1.19163,1.18664,1.49688,2.20985,0.21263,0.65648
2026-02-06 02:00:00,1.78808,0,0.03755,0.01944,0.01068,0.00283,0.00424,0.00473,0.00807,0.20935,0.4668,0.87077,0.00566,0.56243,1.18118,0.00055,0.00328,0.0039,0,0.00103,0,1.18655,0.43981,0.11971,0.29482,0.008,1.51734,0.29577,0.06446,0.17639,0.25661,1.43049,0.80557,0.76581,0.00149,2.20941,0.01495,0.56243,0.29577,0.80557,0.76581,1.18118,1.19155,1.18655,1.49658,2.20941,0.2129,0.65654
2026-02-06 03:00:00,1.8098,0,0.03752,0.01941,0.01066,0.00283,0.00423,0.00472,0.00807,0.21205,0.4676,0.87034,0.00565,0.56246,1.1811,0.00055,0.00328,0.00389,0,0.00102,0,1.18647,0.43733,0.11997,0.29531,0.008,1.51769,0.29569,0.0658,0.17998,0.25719,1.43807,0.80557,0.76582,0.00149,2.20897,0.01492,0.56246,0.29569,0.80557,0.76582,1.1811,1.19146,1.18647,1.49629,2.20897,0.21348,0.65659
2026-02-06 04:00:00,1.83152,0,0.03749,0.01937,0.01065,0.00282,0.00423,0.00473,0.00806,0.21495,0.4697,0.87028,0.00564,0.56249,1.18102,0.00054,0.00327,0.00389,0,0.00101,0,1.18637,0.43634,0.12022,0.29579,0.00799,1.51804,0.29563,0.06713,0.1838,0.25869,1.44655,0.80556,0.76583,0.00149,2.20852,0.01488,0.56249,0.29563,0.80556,0.76583,1.18102,1.19136,1.18637,1.49602,2.20852,0.21498,0.65664
2026-02-06 05:00:00,1.85323,0,0.03746,0.0193,0.01064,0.00282,0.00422,0.00473,0.00805,0.21795,0.47266,0.87089,0.00563,0.5625,1.18095,0.00054,0.00327,0.00388,0,0.00101,0,1.18629,0.43784,0.12047,0.29627,0.00798,1.5184,0.29556,0.06847,0.18762,0.26067,1.45553,0.80556,0.76584,0.00149,2.20809,0.01484,0.5625,0.29556,0.80556,0.76584,1.18095,1.19127,1.18629,1.49574,2.20809,0.21696,0.65668
2026-02-06 06:00:00,1.87495,0,0.03743,0.01925,0.01064,0.00282,0.00421,0.00473,0.00802,0.22104,0.47644,0.8724,0.00561,0.56253,1.18088,0.00055,0.00326,0.00387,0,0.001,0,1.18621,0.44127,0.12072,0.29675,0.00798,1.51875,0.2955,0.06981,0.19153,0.26219,1.46404,0.80556,0.76583,0.00149,2.20765,0.01481,0.56253,0.2955,0.80556,0.76583,1.18088,1.19119,1.18621,1.49547,2.20765,0.21848,0.65672
2026-02-06 07:00:00,1.8748,0,0.03741,0.01921,0.01062,0.00282,0.0042,0.00473,0.008,0.22417,0.48055,0.87462,0.0056,0.56254,1.18081,0.00055,0.00326,0.00387,0,0.001,0,1.18612,0.44622,0.12111,0.29846,0.00797,1.52724,0.29543,0.06986,0.19062,0.26332,1.46333,0.80555,0.76584,0.00149,2.20722,0.01478,0.56254,0.29543,0.80555,0.76584,1.18081,1.19111,1.18612,1.4952,2.20722,0.21961,0.65675
2026-02-06 08:00:00,1.87465,0,0.03738,0.01918,0.01061,0.00282,0.00419,0.00473,0.00799,0.22582,0.48433,0.87778,0.00558,0.56257,1.18073,0.00055,0.00325,0.00386,0,0.00099,0,1.18604,0.45233,0.12151,0.30018,0.00797,1.53574,0.29537,0.06992,0.18926,0.2639,1.4621,0.80555,0.76585,0.00149,2.20679,0.01474,0.56257,0.29537,0.80555,0.76585,1.18073,1.19102,1.18604,1.49493,2.20679,0.2202,0.65678
2026-02-06 09:00:00,1.8745,0,0.03735,0.01915,0.01061,0.00282,0.00418,0.00472,0.00798,0.22717,0.48805,0.88176,0.00557,0.56259,1.18066,0.00055,0.00324,0.00385,0,0.00099,0,1.18596,0.45936,0.12191,0.30189,0.00796,1.54423,0.2953,0.06997,0.18772,0.2646,1.46098,0.80554,0.76585,0.00149,2.20636,0.01471,0.56259,0.2953,0.80554,0.76585,1.18066,1.19094,1.18596,1.49468,2.20636,0.22091,0.6568
2026-02-06 10:00:00,1.87434,0,0.03732,0.01913,0.0106,0.00281,0.00418,0.00473,0.00796,0.22762,0.49154,0.88634,0.00556,0.56261,1.18059,0.00055,0.00324,0.00385,0,0.00098,0,1.18588,0.46612,0.1223,0.3036,0.00796,1.55272,0.29524,0.07002,0.18601,0.26553,1.46006,0.80554,0.76585,0.00149,2.20594,0.01468,0.56261,0.29524,0.80554,0.76585,1.18059,1.19086,1.18588,1.49442,2.20594,0.22184,0.65683
2026-02-06 11:00:00,1.87419,0,0.03728,0.01909,0.0106,0.00281,0.00417,0.00472,0.00795,0.22836,0.49477,0.89101,0.00555,0.56264,1.18052,0.00055,0.00324,0.00383,0,0.00098,0,1.1858,0.47168,0.12269,0.30532,0.00795,1.56122,0.29517,0.07008,0.18425,0.2665,1.45921,0.80553,0.76585,0.00149,2.20551,0.01464,0.56264,0.29517,0.80553,0.76585,1.18052,1.19078,1.1858,1.49417,2.20551,0.22282,0.65685
2026-02-06 12:00:00,1.87404,0,0.03725,0.01905,0.01059,0.00281,0.00416,0.00472,0.00794,0.22936,0.49754,0.89553,0.00555,0.56266,1.18045,0.00055,0.00323,0.00383,0,0.00097,0,1.18573,0.47633,0.12309,0.30703,0.00794,1.56971,0.2951,0.07013,0.18243,0.26728,1.45816,0.80553,0.76585,0.00149,2.2051,0.01461,0.56266,0.2951,0.80553,0.76585,1.18045,1.1907,1.18573,1.49392,2.2051,0.2236,0.65914
2026-02-06 13:00:00,1.85916,0,0.03722,0.01903,0.01058,0.00281,0.00415,0.00472,0.00794,0.22957,0.49939,0.89971,0.00553,0.56268,1.18038,0.00055,0.00322,0.00383,0,0.00096,0,1.18564,0.48025,0.12289,0.30745,0.00795,1.57238,0.29503,0.06949,0.18092,0.2677,1.45438,0.80552,0.76585,0.00149,2.20468,0.01458,0.56268,0.29503,0.80552,0.76585,1.18038,1.19062,1.18564,1.49367,2.20468,0.22401,0.66183
2026-02-06 14:00:00,1.84429,0,0.03719,0.019,0.01058,0.00282,0.00414,0.00472,0.00794,0.22869,0.50033,0.90333,0.00552,0.5627,1.18031,0.00055,0.00322,0.00383,0,0.00096,0,1.18557,0.48362,0.1227,0.30787,0.00794,1.57506,0.29497,0.06885,0.17913,0.26775,1.45023,0.80552,0.76585,0.00149,2.20426,0.01454,0.5627,0.29497,0.80552,0.76585,1.18031,1.19054,1.18557,1.49344,2.20426,0.22406,0.66271
2026-02-06 15:00:00,1.82941,0,0.03716,0.01898,0.01058,0.00282,0.00414,0.00472,0.00793,0.22774,0.50083,0.90638,0.0055,0.56273,1.18025,0.00056,0.00321,0.00382,0,0.00095,0,1.1855,0.48655,0.12251,0.30829,0.00794,1.57773,0.29491,0.06822,0.17723,0.26763,1.44595,0.80552,0.76586,0.00149,2.20386,0.01451,0.56273,0.29491,0.80552,0.76586,1.18025,1.19046,1.1855,1.4932,2.20386,0.22395,0.66359
2026-02-06 16:00:00,1.81453,0,0.03713,0.01896,0.01057,0.00281,0.00413,0.00472,0.00792,0.22602,0.50114,0.90864,0.00548,0.56275,1.18019,0.00055,0.0032,0.00381,0,0.00094,0,1.18542,0.48848,0.12231,0.3087,0.00794,1.5804,0.29485,0.06758,0.17524,0.26699,1.44112,0.80551,0.76586,0.00149,2.20344,0.01448,0.56275,0.29485,0.80551,0.76586,1.18019,1.19038,1.18542,1.49296,2.20344,0.22331,0.66447
2026-02-06 17:00:00,1.79966,0,0.0371,0.01892,0.01056,0.00282,0.00412,0.00472,0.00791,0.22569,0.50002,0.90992,0.00548,0.56277,1.18012,0.00055,0.0032,0.0038,0,0.00094,0,1.18535,0.48898,0.12212,0.30912,0.00794,1.58308,0.29479,0.06694,0.17318,0.26607,1.436,0.80551,0.76587,0.00149,2.20304,0.01444,0.56277,0.29479,0.80551,0.76587,1.18012,1.19031,1.18535,1.49273,2.20304,0.22239,0.66535
2026-02-06 18:00:00,1.78478,0,0.03707,0.01889,0.01056,0.00282,0.00412,0.00473,0.00789,0.22383,0.49902,0.9104,0.00547,0.56279,1.18006,0.00055,0.00319,0.00381,0,0.00093,0,1.18528,0.48837,0.12192,0.30954,0.00793,1.58575,0.29472,0.0663,0.17112,0.26537,1.43111,0.80551,0.76586,0.00149,2.20263,0.01441,0.56279,0.29472,0.80551,0.76586,1.18006,1.19024,1.18528,1.4925,2.20263,0.22169,0.66623
2026-02-06 19:00:00,1.78178,0,0.03705,0.01886,0.01056,0.00282,0.00411,0.00472,0.00788,0.22193,0.49763,0.91045,0.00546,0.56281,1.17999,0.00056,0.00318,0.0038,0,0.00092,0,1.1852,0.48688,0.12157,0.30863,0.00792,1.58312,0.29466,0.06641,0.1722,0.26483,1.43263,0.80551,0.76586,0.00149,2.20223,0.01438,0.56281,0.29466,0.80551,0.76586,1.17999,1.19016,1.1852,1.49228,2.20223,0.22116,0.66711
2026-02-06 20:00:00,1.77878,0,0.03702,0.01884,0.01055,0.00282,0.0041,0.00472,0.00787,0.22145,0.49547,0.90978,0.00544,0.56284,1.17993,0.00056,0.00318,0.00379,0,0.00092,0,1.18513,0.48472,0.12122,0.30772,0.00793,1.5805,0.2946,0.06653,0.1735,0.26458,1.43445,0.80551,0.76587,0.00149,2.20183,0.01434,0.56284,0.2946,0.80551,0.76587,1.17993,1.19009,1.18513,1.49206,2.20183,0.22091,0.66799
2026-02-06 21:00:00,1.77579,0,0.037,0.01883,0.01055,0.00283,0.00409,0.00472,0.00785,0.21948,0.49406,0.90844,0.00542,0.56285,1.17986,0.00055,0.00318,0.00379,0,0.00091,0,1.18506,0.48204,0.12086,0.30682,0.00792,1.57787,0.29452,0.06664,0.17494,0.26428,1.43619,0.8055,0.76587,0.00149,2.20143,0.01431,0.56285,0.29452,0.8055,0.76587,1.17986,1.19002,1.18506,1.49184,2.20143,0.22061,0.66887
2026-02-06 22:00:00,1.77279,0,0.03698,0.0188,0.01055,0.00282,0.00408,0.00472,0.00783,0.21898,0.49243,0.90686,0.00541,0.56288,1.1798,0.00055,0.00317,0.00379,0,0.0009,0,1.18499,0.4796,0.12051,0.30591,0.00792,1.57524,0.29446,0.06675,0.17646,0.26397,1.43793,0.8055,0.76588,0.00149,2.20104,0.01428,0.56288,0.29446,0.8055,0.76588,1.1798,1.18995,1.18499,1.49162,2.20104,0.2203,0.66975
2026-02-06 23:00:00,1.76979,0,0.03695,0.01876,0.01054,0.00281,0.00408,0.00471,0.00783,0.21846,0.49087,0.90477,0.0054,0.56291,1.17973,0.00055,0.00316,0.00378,0,0.0009,0,1.18492,0.47801,0.12016,0.305,0.00791,1.57262,0.2944,0.06687,0.17802,0.26369,1.43972,0.8055,0.76587,0.00149,2.20065,0.01424,0.56291,0.2944,0.8055,0.76587,1.17973,1.18988,1.18492,1.49141,2.20065,0.22002,0.67063
2026-02-07 00:00:00,1.76679,0,0.03693,0.01873,0.01053,0.00281,0.00407,0.00472,0.00782,0.2194,0.49012,0.90257,0.0054,0.56292,1.17968,0.00056,0.00316,0.00377,0,0.00089,0,1.18486,0.47708,0.11981,0.30409,0.00792,1.56999,0.29433,0.06698,0.17963,0.26345,1.44152,0.8055,0.76588,0.00149,2.20025,0.01421,0.56292,0.29433,0.8055,0.76588,1.17968,1.18982,1.18486,1.49119,2.20025,0.21978,0.67151
2026-02-07 01:00:00,1.77974,0,0.0369,0.01871,0.01053,0.00281,0.00407,0.00472,0.00781,0.22071,0.48893,0.90073,0.00538,0.56295,1.17962,0.00056,0.00316,0.00377,0,0.00089,0,1.18479,0.47667,0.11991,0.304,0.00791,1.57194,0.29427,0.06794,0.1814,0.26341,1.4458,0.80549,0.76587,0.00149,2.19987,0.01418,0.56295,0.29427,0.80549,0.76587,1.17962,1.18974,1.18479,1.49099,2.19987,0.21975,0.67239
2026-02-07 02:00:00,1.79269,0,0.03688,0.01869,0.01053,0.00282,0.00407,0.00471,0.00781,0.22262,0.48922,0.89913,0.00537,0.56297,1.17956,0.00056,0.00315,0.00376,0,0.00088,0,1.18473,0.47665,0.12002,0.30392,0.0079,1.57389,0.29421,0.0689,0.18345,0.26356,1.45023,0.80549,0.76587,0.00149,2.19948,0.01415,0.56297,0.29421,0.80549,0.76587,1.17956,1.18967,1.18473,1.49078,2.19948,0.2199,0.67327
2026-02-07 03:00:00,1.80564,0,0.03685,0.01867,0.01053,0.00281,0.00407,0.00472,0.0078,0.22485,0.48957,0.89808,0.00536,0.56299,1.1795,0.00056,0.00315,0.00376,0,0.00088,0,1.18467,0.47694,0.12012,0.30384,0.00791,1.57584,0.29414,0.06986,0.18566,0.26393,1.4549,0.80549,0.76587,0.00149,2.1991,0.01412,0.56299,0.29414,0.80549,0.76587,1.1795,1.18961,1.18467,1.49057,2.1991,0.22027,0.67246
2026-02-07 04:00:00,1.81859,0,0.03682,0.01865,0.01053,0.00281,0.00406,0.00472,0.00779,0.22721,0.49117,0.89738,0.00534,0.56301,1.17944,0.00055,0.00314,0.00375,0,0.00087,0,1.1846,0.4783,0.12022,0.30375,0.0079,1.57778,0.29408,0.07081,0.188,0.26492,1.46017,0.80548,0.76587,0.00149,2.19871,0.01408,0.56301,0.29408,0.80548,0.76587,1.17944,1.18954,1.1846,1.49038,2.19871,0.22126,0.67165
2026-02-07 05:00:00,1.83154,0,0.03678,0.01861,0.01051,0.0028,0.00406,0.00472,0.00779,0.22969,0.49351,0.89724,0.00533,0.56304,1.17938,0.00056,0.00314,0.00374,0,0.00087,0,1.18454,0.4813,0.12033,0.30367,0.0079,1.57973,0.29402,0.07177,0.19037,0.26625,1.4658,0.80548,0.76587,0.00149,2.19833,0.01405,0.56304,0.29402,0.80548,0.76587,1.17938,1.18948,1.18454,1.49017,2.19833,0.22259,0.67084
2026-02-07 06:00:00,1.84449,0,0.03675,0.01858,0.01051,0.0028,0.00406,0.00473,0.00777,0.23219,0.49651,0.89788,0.00532,0.56306,1.17932,0.00056,0.00313,0.00373,0,0.00086,0,1.18448,0.48558,0.12043,0.30358,0.0079,1.58168,0.29395,0.07273,0.19277,0.26725,1.4711,0.80548,0.76587,0.00149,2.19796,0.01402,0.56306,0.29395,0.80548,0.76587,1.17932,1.18941,1.18448,1.48998,2.19796,0.2236,0.67003
2026-02-07 07:00:00,1.84252,0,0.03672,0.01856,0.01051,0.00281,0.00405,0.00472,0.00775,0.2347,0.49984,0.89919,0.00531,0.56308,1.17926,0.00056,0.00313,0.00374,0,0.00086,0,1.18441,0.49087,0.12066,0.30446,0.00789,1.58796,0.29388,0.07273,0.19208,0.26801,1.4702,0.80547,0.76587,0.00149,2.19758,0.01399,0.56308,0.29388,0.80547,0.76587,1.17926,1.18935,1.18441,1.4898,2.19758,0.22436,0.66921
2026-02-07 08:00:00,1.84055,0,0.03669,0.01853,0.01051,0.00281,0.00404,0.00473,0.00774,0.23576,0.50284,0.90137,0.0053,0.56311,1.17921,0.00056,0.00312,0.00374,0,0.00085,0,1.18435,0.49694,0.12089,0.30534,0.00789,1.59425,0.29382,0.07272,0.19113,0.2684,1.46892,0.80547,0.76587,0.00149,2.19721,0.01396,0.56311,0.29382,0.80547,0.76587,1.17921,1.18929,1.18435,1.4896,2.19721,0.22475,0.6684
2026-02-07 09:00:00,1.83858,0,0.03666,0.0185,0.0105,0.00282,0.00404,0.00473,0.00773,0.23652,0.50581,0.90426,0.00529,0.56313,1.17916,0.00057,0.00312,0.00372,0,0.00084,0,1.1843,0.50438,0.12112,0.30622,0.00789,1.60053,0.29376,0.07272,0.18994,0.26888,1.46774,0.80547,0.76586,0.00149,2.19684,0.01393,0.56313,0.29376,0.80547,0.76586,1.17916,1.18922,1.1843,1.48942,2.19684,0.22523,0.66759
2026-02-07 10:00:00,1.8366,0,0.03664,0.01846,0.0105,0.00281,0.00403,0.00473,0.00772,0.2364,0.50852,0.90768,0.00528,0.56315,1.1791,0.00056,0.00311,0.00371,0,0.00084,0,1.18423,0.51288,0.12136,0.3071,0.00789,1.60681,0.29369,0.07271,0.1886,0.2695,1.46667,0.80546,0.76587,0.00149,2.19647,0.0139,0.56315,0.29369,0.80546,0.76587,1.1791,1.18916,1.18423,1.48922,2.19647,0.22585,0.66678
2026-02-07 11:00:00,1.83463,0,0.03661,0.01839,0.01049,0.00282,0.00402,0.00474,0.00772,0.23656,0.51098,0.91118,0.00526,0.56318,1.17905,0.00056,0.00311,0.00371,0,0.00084,0,1.18418,0.51922,0.12159,0.30798,0.00788,1.6131,0.29363,0.07271,0.18731,0.27015,1.46566,0.80546,0.76587,0.00149,2.19611,0.01387,0.56318,0.29363,0.80546,0.76587,1.17905,1.18909,1.18418,1.48905,2.19611,0.2265,0.66597
2026-02-07 12:00:00,1.83266,0,0.03658,0.01834,0.01049,0.00281,0.00402,0.00474,0.00772,0.23703,0.51299,0.91454,0.00525,0.5632,1.17899,0.00056,0.0031,0.00372,0,0.00083,0,1.18412,0.52407,0.12182,0.30886,0.00788,1.61938,0.29357,0.0727,0.18595,0.27067,1.46452,0.80546,0.76587,0.00149,2.19574,0.01384,0.5632,0.29357,0.80546,0.76587,1.17899,1.18903,1.18412,1.48886,2.19574,0.22703,0.66379
2026-02-07 13:00:00,1.81769,0,0.03656,0.0183,0.01048,0.00281,0.00401,0.00474,0.00772,0.23676,0.5141,0.9176,0.00523,0.56322,1.17894,0.00056,0.0031,0.00371,0,0.00082,0,1.18406,0.52789,0.1217,0.30872,0.00788,1.61987,0.29351,0.07194,0.18403,0.2709,1.45991,0.80545,0.76586,0.00149,2.19538,0.01381,0.56322,0.29351,0.80545,0.76586,1.17894,1.18896,1.18406,1.48868,2.19538,0.22727,0.66057
2026-02-07 14:00:00,1.80271,0,0.03653,0.01827,0.01048,0.00282,0.004,0.00474,0.00773,0.23552,0.5143,0.92012,0.00522,0.56324,1.17888,0.00057,0.00309,0.00371,0,0.00082,0,1.18401,0.53099,0.12157,0.30858,0.00787,1.62037,0.29344,0.07117,0.18191,0.27089,1.45504,0.80545,0.76586,0.00149,2.19501,0.01378,0.56324,0.29344,0.80545,0.76586,1.17888,1.18891,1.18401,1.4885,2.19501,0.22726,0.66057
2026-02-07 15:00:00,1.78774,0,0.03651,0.01824,0.01048,0.00281,0.00399,0.00474,0.00772,0.23427,0.51413,0.92212,0.00522,0.56327,1.17883,0.00057,0.00309,0.0037,0,0.00081,0,1.18395,0.53357,0.12145,0.30844,0.00787,1.62086,0.29337,0.07041,0.17958,0.2707,1.45001,0.80545,0.76587,0.00149,2.19465,0.01375,0.56327,0.29337,0.80545,0.76587,1.17883,1.18885,1.18395,1.48833,2.19465,0.22707,0.66057
2026-02-07 16:00:00,1.77276,0,0.03649,0.01822,0.01048,0.00281,0.00398,0.00473,0.00771,0.23227,0.51375,0.92335,0.0052,0.56328,1.17877,0.00056,0.00308,0.00369,0,0.0008,0,1.18389,0.5349,0.12133,0.3083,0.00787,1.62136,0.29331,0.06964,0.17722,0.27001,1.44447,0.80544,0.76587,0.00149,2.1943,0.01371,0.56328,0.29331,0.80544,0.76587,1.17877,1.18879,1.18389,1.48815,2.1943,0.22639,0.66057
2026-02-07 17:00:00,1.75779,0,0.03646,0.01818,0.01047,0.0028,0.00398,0.00473,0.00771,0.23166,0.51198,0.92363,0.00518,0.56331,1.17872,0.00056,0.00308,0.00369,0,0.0008,0,1.18384,0.53449,0.1212,0.30816,0.00787,1.62186,0.29324,0.06888,0.17475,0.26905,1.43866,0.80544,0.76586,0.00149,2.19394,0.01368,0.56331,0.29324,0.80544,0.76586,1.17872,1.18873,1.18384,1.48798,2.19394,0.22543,0.66057
2026-02-07 18:00:00,1.74281,0,0.03644,0.01814,0.01046,0.00281,0.00397,0.00473,0.0077,0.22953,0.51043,0.92317,0.00516,0.56334,1.17867,0.00056,0.00307,0.00369,0,0.00079,0,1.18378,0.53287,0.12108,0.30802,0.00786,1.62235,0.29318,0.06811,0.1723,0.26832,1.43307,0.80544,0.76586,0.00149,2.19359,0.01365,0.56334,0.29318,0.80544,0.76586,1.17867,1.18867,1.18378,1.48781,2.19359,0.2247,0.66057
2026-02-07 19:00:00,1.73854,0,0.03642,0.01812,0.01046,0.00281,0.00396,0.00473,0.00768,0.22739,0.50851,0.92231,0.00515,0.56336,1.17862,0.00057,0.00307,0.00368,0,0.00078,0,1.18372,0.53042,0.1219,0.30727,0.00786,1.6199,0.29312,0.0681,0.17302,0.26777,1.43388,0.80543,0.76587,0.00149,2.19323,0.01362,0.56336,0.29312,0.80543,0.76587,1.17862,1.18861,1.18372,1.48764,2.19323,0.22415,0.66057
2026-02-07 20:00:00,1.73427,0,0.0364,0.01809,0.01046,0.00281,0.00395,0.00474,0.00768,0.22667,0.50592,0.92075,0.00515,0.56338,1.17857,0.00057,0.00306,0.00368,0,0.00078,0,1.18367,0.52739,0.12272,0.30651,0.00786,1.61744,0.29306,0.06809,0.17398,0.26749,1.43495,0.80543,0.76587,0.00149,2.19288,0.01359,0.56338,0.29306,0.80543,0.76587,1.17857,1.18856,1.18367,1.48747,2.19288,0.22387,0.66057
2026-02-07 21:00:00,1.73001,0,0.03637,0.01807,0.01046,0.00281,0.00394,0.00473,0.00767,0.22447,0.50407,0.9186,0.00513,0.5634,1.17852,0.00057,0.00306,0.00368,0,0.00077,0,1.18362,0.52397,0.12354,0.30576,0.00785,1.61499,0.29299,0.06808,0.17508,0.26716,1.43599,0.80543,0.76585,0.00149,2.19253,0.01357,0.5634,0.29299,0.80543,0.76585,1.17852,1.18849,1.18362,1.4873,2.19253,0.22355,0.66057
2026-02-07 22:00:00,1.72574,0,0.03634,0.01805,0.01045,0.0028,0.00394,0.00474,0.00765,0.22373,0.50197,0.91628,0.00513,0.56343,1.17846,0.00056,0.00305,0.00367,0,0.00076,0,1.18356,0.52098,0.12437,0.30501,0.00785,1.61253,0.29293,0.06807,0.17628,0.26676,1.43695,0.80542,0.76586,0.00149,2.19218,0.01354,0.56343,0.29293,0.80542,0.76586,1.17846,1.18844,1.18356,1.48714,2.19218,0.22315,0.66057
2026-02-07 23:00:00,1.72147,0,0.0363,0.01801,0.01044,0.0028,0.00393,0.00474,0.00765,0.22298,0.49999,0.91351,0.00512,0.56344,1.17841,0.00057,0.00305,0.00366,0,0.00076,0,1.18352,0.51901,0.12519,0.30425,0.00784,1.61008,0.29287,0.06806,0.17747,0.26637,1.43791,0.80542,0.76586,0.00149,2.19184,0.01351,0.56344,0.29287,0.80542,0.76586,1.17841,1.18838,1.18352,1.48697,2.19184,0.22276,0.66057
2026-02-08 00:00:00,1.7172,0,0.03627,0.01798,0.01044,0.0028,0.00392,0.00474,0.00765,0.22366,0.49884,0.91069,0.00511,0.56347,1.17836,0.00057,0.00304,0.00366,0,0.00075,0,1.18347,0.51773,0.12601,0.3035,0.00784,1.60762,0.2928,0.06805,0.17874,0.26605,1.43895,0.80542,0.76587,0.00149,2.19149,0.01348,0.56347,0.2928,0.80542,0.76587,1.17836,1.18833,1.18347,1.48681,2.19149,0.22245,0.66057
2026-02-08 01:00:00,1.73012,0,0.03624,0.01795,0.01044,0.00281,0.00391,0.00474,0.00764,0.22477,0.49725,0.90823,0.00509,0.5635,1.17831,0.00057,0.00304,0.00365,0,0.00074,0,1.18341,0.51693,0.12835,0.30475,0.00783,1.61256,0.29273,0.06902,0.18058,0.26595,1.44313,0.80542,0.76585,0.00149,2.19114,0.01345,0.5635,0.29273,0.80542,0.76585,1.17831,1.18828,1.18341,1.48665,2.19114,0.22235,0.66057
2026-02-08 02:00:00,1.74304,0,0.03621,0.01793,0.01043,0.00281,0.0039,0.00474,0.00764,0.22656,0.49714,0.90607,0.00507,0.56351,1.17826,0.00057,0.00303,0.00366,0,0.00074,0,1.18336,0.51646,0.1307,0.306,0.00784,1.6175,0.29267,0.06999,0.1828,0.26605,1.44753,0.80542,0.76586,0.00149,2.1908,0.01342,0.56351,0.29267,0.80542,0.76586,1.17826,1.18822,1.18336,1.48649,2.1908,0.22245,0.66057
2026-02-08 03:00:00,1.75596,0,0.03618,0.01792,0.01043,0.0028,0.0039,0.00473,0.00763,0.22868,0.49712,0.90451,0.00506,0.56354,1.17822,0.00057,0.00303,0.00365,0,0.00073,0,1.18332,0.51624,0.13304,0.30725,0.00783,1.62244,0.2926,0.07096,0.18519,0.26634,1.4521,0.80541,0.76586,0.00149,2.19045,0.01339,0.56354,0.2926,0.80541,0.76586,1.17822,1.18817,1.18332,1.48634,2.19045,0.22274,0.66057
2026-02-08 04:00:00,1.76887,0,0.03615,0.01789,0.01043,0.00281,0.00389,0.00474,0.00761,0.23097,0.49834,0.90334,0.00505,0.56356,1.17817,0.00058,0.00302,0.00364,0,0.00073,0,1.18326,0.51744,0.13538,0.3085,0.00782,1.62738,0.29254,0.07193,0.18771,0.2672,1.45724,0.80541,0.76585,0.00148,2.19011,0.01336,0.56356,0.29254,0.80541,0.76585,1.17817,1.18812,1.18326,1.48618,2.19011,0.2236,0.66057
2026-02-08 05:00:00,1.78179,0,0.03612,0.01785,0.01043,0.0028,0.00388,0.00473,0.00761,0.23338,0.50034,0.90275,0.00505,0.56358,1.17812,0.00058,0.00302,0.00363,0,0.00072,0,1.18322,0.52086,0.13773,0.30975,0.00783,1.63232,0.29248,0.0729,0.19029,0.26837,1.4627,0.80541,0.76585,0.00148,2.18978,0.01333,0.56358,0.29248,0.80541,0.76585,1.17812,1.18806,1.18322,1.48603,2.18978,0.22476,0.66057
2026-02-08 06:00:00,1.79471,0,0.03609,0.01782,0.01041,0.00281,0.00388,0.00473,0.00759,0.23582,0.50303,0.90296,0.00504,0.56361,1.17807,0.00058,0.00301,0.00363,0,0.00072,0,1.18317,0.52581,0.14007,0.311,0.00782,1.63726,0.29241,0.07387,0.19288,0.26926,1.46787,0.80541,0.76585,0.00148,2.18944,0.0133,0.56361,0.29241,0.80541,0.76585,1.17807,1.18801,1.18317,1.48587,2.18944,0.22565,0.66057
2026-02-08 07:00:00,1.79536,0,0.03607,0.0178,0.01041,0.00281,0.00387,0.00473,0.00757,0.23835,0.50612,0.90388,0.00502,0.56363,1.17802,0.00058,0.00301,0.00363,0,0.00071,0,1.18312,0.53182,0.1419,0.31387,0.00782,1.64798,0.29235,0.07398,0.19255,0.26992,1.46748,0.8054,0.76585,0.00148,2.18911,0.01327,0.56363,0.29235,0.8054,0.76585,1.17802,1.18796,1.18312,1.48572,2.18911,0.22632,0.66057
2026-02-08 08:00:00,1.796,0,0.03604,0.01778,0.01041,0.00282,0.00386,0.00473,0.00756,0.23952,0.50897,0.90576,0.00501,0.56365,1.17797,0.00058,0.003,0.00363,0,0.00071,0,1.18307,0.53857,0.14373,0.31673,0.00782,1.6587,0.29229,0.0741,0.19197,0.27026,1.46677,0.8054,0.76585,0.00148,2.18877,0.01324,0.56365,0.29229,0.8054,0.76585,1.17797,1.1879,1.18307,1.48557,2.18877,0.22666,0.66057
2026-02-08 09:00:00,1.79665,0,0.03601,0.01776,0.01041,0.00281,0.00385,0.00473,0.00755,0.24045,0.51182,0.90842,0.00499,0.56367,1.17792,0.00059,0.003,0.00362,0,0.00071,0,1.18303,0.54579,0.14556,0.3196,0.00781,1.66942,0.29222,0.07421,0.19123,0.27066,1.46613,0.8054,0.76585,0.00148,2.18843,0.01322,0.56367,0.29222,0.8054,0.76585,1.17792,1.18785,1.18303,1.48542,2.18843,0.22707,0.66057
2026-02-08 10:00:00,1.79729,0,0.03598,0.01774,0.01041,0.0028,0.00384,0.00473,0.00754,0.24048,0.51449,0.91167,0.00498,0.5637,1.17787,0.00058,0.00299,0.00361,0,0.0007,0,1.18298,0.55237,0.14738,0.32247,0.00782,1.68013,0.29215,0.07432,0.1904,0.2712,1.46562,0.80539,0.76586,0.00148,2.18811,0.01319,0.5637,0.29215,0.80539,0.76586,1.17787,1.1878,1.18298,1.48528,2.18811,0.22762,0.66057
2026-02-08 11:00:00,1.79794,0,0.03594,0.0177,0.0104,0.0028,0.00383,0.00473,0.00754,0.24083,0.51697,0.9151,0.00497,0.56371,1.17782,0.00058,0.00299,0.00361,0,0.0007,0,1.18293,0.55758,0.14921,0.32533,0.00781,1.69085,0.29209,0.07444,0.18951,0.27175,1.46513,0.80539,0.76584,0.00148,2.18777,0.01316,0.56371,0.29209,0.80539,0.76584,1.17782,1.18775,1.18293,1.48512,2.18777,0.22818,0.66057
2026-02-08 12:00:00,1.79858,0,0.03591,0.01767,0.01039,0.0028,0.00383,0.00474,0.00753,0.24148,0.51905,0.91848,0.00496,0.56374,1.17779,0.00058,0.00298,0.00361,0,0.00069,0,1.18289,0.56184,0.15104,0.3282,0.00781,1.70157,0.29203,0.07455,0.18859,0.2722,1.46453,0.80539,0.76585,0.00148,2.18745,0.01313,0.56374,0.29203,0.80539,0.76585,1.17779,1.1877,1.18289,1.48498,2.18745,0.22863,0.66059
