GMT,FRAC1,LTDC1,HIDC1,BHNC1,MPAC1,OWCC1,BNCC1,BCKC1,MEEC1,HPIC1,POHC1,EXQC1,DSNC1,STVC1,NWMC1,LGCC1,WARC1,LGAC1,PNEC1,LBDC1,OREC1,PATC1,HETC1,LNRC1,CHVC1F,DCMC1,NDPC1,MDSC1,NDVC1,NSWC1,AVYC1,NMSC1,OBBC1,RIPC1,PTTC1,VNSC1,KNFC1L,STVC1,MDSC1,OBBC1,RIPC1,NWMC1,CRDC1,PATC1,MZRC1,VNSC1,AVYC1L,NDPC1L
,QINE,QINE,QINE,QINE,QINE,QINE,QINE,QINE,QINE,QINE,QINE,QINE,QINE,QINE,QINE,QINE,QINE,QINE,QINE,QINE,QINE,QINE,QINE,QINE,QINE,QINE,QINE,QINE,QINE,QINE,QINE,QINE,QINE,QINE,QINE,QINE,QINE,QINE,QINE,QINE,QINE,QINE,QINE,QINE,QINE,QINE,SQIN,SQIN
2026-02-15 12:00:00,1.19965,0,0.05347,0.02625,0.013,0.002,0.004,0.005,0.00665,0.16409,0.35109,0.87181,0.00677,0.65607,1.16489,0.00032,0.00228,0.00274,0,0.00621,0.00001,1.21013,0.52663,0.11881,0.24505,0.004,1.27613,1.28877,0.05349,0.07912,0.20002,0.64667,0.26303,0.26295,0.0011,2.85404,0.00954,0.65607,1.28877,0.26303,0.26295,1.16489,1.15251,1.21013,2.40144,2.85404,0.17962,0.55488
2026-02-15 13:00:00,1.15015,0,0.03849,0.03434,0.013,0.002,0.004,0.005,0.00601,0.16409,0.34778,0.58558,0.00677,0.65607,1.16489,0.00032,0.00228,0.00274,0,0.01836,0.00001,1.21514,0.56122,0.12753,0.21317,0.004,1.40518,1.29238,0.05285,0.05207,0.20002,0.5552,0.26303,0.26149,0.0011,2.85404,0.00952,0.65607,1.29238,0.26303,0.26149,1.16489,1.15251,1.21514,2.40339,2.85404,0.18055,0.25311
2026-02-15 14:00:00,1.19965,0,0.03849,0.02525,0.013,0.002,0.004,0.005,0.00601,0.1615,0.34448,0.52927,0.007,0.65607,1.16489,0.00032,0.00228,0.00273,0,0.0133,0.00001,1.21514,0.53491,0.12028,0.08452,0.004,1.53424,1.29598,0.05284,0.06502,0.20002,0.46354,0.26303,0.26149,0.0011,2.85404,0.00951,0.65607,1.29598,0.26303,0.26149,1.16489,1.15251,1.21514,2.40531,2.85404,0.1813,0.28398
2026-02-15 15:00:00,1.24916,0,0.03846,0.01617,0.013,0.002,0.004,0.005,0.00601,0.15893,0.34448,0.52936,0.007,0.65607,1.16849,0.00032,0.00227,0.00269,0,0.00315,0.00001,1.21514,0.43076,0.12172,0.10041,0.004,1.66329,1.29238,0.05247,0.08718,0.20202,0.3715,0.26303,0.26003,0.0011,2.85404,0.00949,0.65607,1.29238,0.26303,0.26003,1.16849,1.15251,1.21514,2.40708,2.85404,0.18165,0.31485
2026-02-15 16:00:00,1.23238,0,0.02345,0.02425,0.013,0.002,0.004,0.005,0.00601,0.15893,0.34448,0.64344,0.007,0.65307,1.16489,0.00032,0.00227,0.00268,0,-0.00701,0.00001,1.21914,0.40298,0.12171,0.23301,0.004,1.81508,1.29598,0.05282,0.09887,0.20002,0.27907,0.26303,0.26003,0.0011,2.85404,0.00947,0.65307,1.29598,0.26303,0.26003,1.16489,1.15251,1.21914,2.40886,2.85404,0.18162,0.34571
2026-02-15 17:00:00,1.16641,0,0.02345,0.03234,0.012,0.002,0.004,0.005,0.00601,0.15893,0.3412,0.75801,0.00726,0.65607,1.16489,0.00036,0.00227,0.00267,0,-0.0136,0.00001,1.21914,0.43382,0.10321,0.23265,0.004,1.96687,1.29238,0.05074,0.10934,0.19902,0.18639,0.26303,0.25852,0.0011,2.83711,0.00946,0.65607,1.29238,0.26303,0.25852,1.16489,1.15251,1.21914,2.41073,2.83711,0.18135,0.37658
2026-02-15 18:00:00,1.10043,0,0.03096,0.04142,0.012,0.002,0.005,0.005,0.00601,0.15639,0.33794,0.98729,0.00726,0.65607,1.16489,0.00036,0.00227,0.00267,0,-0.01878,0.00001,1.21914,0.4068,0.08473,0.12967,0.005,2.11866,1.29238,0.05071,0.13336,0.19802,0.09299,0.26003,0.25702,0.0011,2.84557,0.00944,0.65607,1.29238,0.26003,0.25702,1.16489,1.15251,1.21914,2.4125,2.84557,0.18035,0.40745
2026-02-15 19:00:00,1.00112,0,0.03846,0.04242,0.012,0.002,0.005,0.005,0.00543,0.15639,0.33794,1.389,0.007,0.65607,1.16489,0.00036,0.00226,0.00263,0,-0.02608,0.00001,1.21914,0.40292,0.11199,0.11595,0.005,2.27045,1.29238,0.05033,0.14074,0.19702,0.15508,0.26303,0.25702,0.0011,2.82866,0.00942,0.65607,1.29238,0.26303,0.25702,1.16489,1.15251,1.21914,2.41421,2.82866,0.17895,0.43832
2026-02-15 20:00:00,0.85232,0,0.03849,0.04242,0.012,0.002,0.005,0.005,0.00601,0.15387,0.33469,1.44664,0.007,0.65607,1.16489,0.00036,0.00226,0.00266,0,-0.02831,0.00001,1.21914,0.36423,0.14798,0.17869,0.005,2.42224,1.29598,0.05102,0.11797,0.19602,0.21751,0.26303,0.25553,0.0011,2.83711,0.00941,0.65607,1.29598,0.26303,0.25553,1.16489,1.15251,1.21914,2.4158,2.83711,0.17789,0.46919
2026-02-15 21:00:00,0.70394,0,0.03102,0.04242,0.012,0.002,0.005,0.005,0.00543,0.15119,0.33794,1.39032,0.007,0.65307,1.16489,0.00036,0.00226,0.00262,0,-0.02546,0.00001,1.21914,0.3254,0.15633,0.2238,0.004,2.57403,1.29238,0.05143,0.08409,0.19602,0.2801,0.26303,0.25553,0.0011,2.83711,0.00939,0.65307,1.29238,0.26303,0.25553,1.16489,1.15251,1.21914,2.41725,2.83711,0.17699,0.50006
2026-02-15 22:00:00,0.6054,0,0.03102,0.03434,0.013,0.002,0.005,0.005,0.00601,0.15119,0.33469,1.39212,0.007,0.65607,1.16849,0.00036,0.00225,0.00261,0,-0.0226,0.00001,1.22314,0.26729,0.1283,0.1928,0.004,2.62734,1.2996,0.05036,0.09454,0.19602,0.343,0.26003,0.25404,0.0011,2.83711,0.00937,0.65607,1.2996,0.26003,0.25404,1.16849,1.15634,1.22314,2.41864,2.83711,0.17639,0.53093
2026-02-15 23:00:00,0.57216,0,0.03099,0.03434,0.013,0.002,0.005,0.005,0.00601,0.15387,0.33146,1.27795,0.007,0.65307,1.16849,0.00036,0.00225,0.00261,0,-0.01943,0.00001,1.22714,0.19067,0.10174,0.10199,0.004,2.68066,1.2996,0.05071,0.11544,0.19602,0.4056,0.26003,0.25255,0.0011,2.83711,0.00936,0.65307,1.2996,0.26003,0.25255,1.16849,1.15634,1.22714,2.42005,2.83711,0.1755,0.5618
2026-02-16 00:00:00,0.57183,0,0.03846,0.02625,0.013,0.001,0.005,0.005,0.00601,0.15387,0.33146,1.0481,0.007,0.65607,1.16489,0.00036,0.00224,0.0026,0,-0.01377,0.00001,1.22314,0.15181,0.1028,0.09869,0.004,2.73397,1.29598,0.05142,0.10372,0.19302,0.4675,0.26003,0.25255,0.0011,2.85404,0.00934,0.65607,1.29598,0.26003,0.25255,1.16489,1.15251,1.22314,2.42143,2.85404,0.17391,0.59266
2026-02-16 01:00:00,0.60499,0,0.04597,0.01717,0.013,0.001,0.004,0.005,0.00601,0.15387,0.32504,0.64544,0.007,0.65307,1.16849,0.00036,0.00224,0.0026,0,-0.00777,0.00001,1.22314,0.11295,0.08426,0.17916,0.004,2.78728,1.30322,0.05071,0.09263,0.19102,0.52794,0.26303,0.25107,0.0011,2.86253,0.00932,0.65307,1.30322,0.26303,0.25107,1.16849,1.15634,1.22314,2.42287,2.86253,0.17202,0.62353
2026-02-16 02:00:00,0.67132,0,0.05347,0.01717,0.013,0.001,0.004,0.005,0.00601,0.15387,0.32824,0.30061,0.007,0.65307,1.16489,0.00036,0.00223,0.0026,0,0.00003,0.00001,1.22314,0.01703,0.04754,0.22229,0.004,2.8406,1.30322,0.0507,0.07415,0.19302,0.58903,0.26003,0.25107,0.0011,2.84557,0.00931,0.65307,1.30322,0.26003,0.25107,1.16489,1.15251,1.22314,2.42436,2.84557,0.17053,0.6544
2026-02-16 03:00:00,0.7372,0,0.06098,0.02625,0.013,0.001,0.004,0.005,0.00665,0.15893,0.32504,0.06966,0.007,0.65007,1.16849,0.00032,0.00223,0.00259,0,0.00427,0.00001,1.21914,0,0.04756,0.11975,0.004,2.89391,1.30322,0.05213,0.08092,0.19202,0.65094,0.26303,0.24959,0.0011,2.85404,0.0093,0.65007,1.30322,0.26303,0.24959,1.16849,1.15251,1.21914,2.42573,2.85404,0.16961,0.68527
2026-02-16 04:00:00,0.8029,0,0.06845,0.02625,0.012,0.001,0.004,0.005,0.00665,0.15639,0.33146,-0.21865,0.007,0.65307,1.16489,0.00032,0.00223,0.00259,0,0.00848,0.00001,1.21914,0,0.0934,0.07953,0.004,3.05385,1.30684,0.05071,0.08768,0.19302,0.7138,0.26303,0.24812,0.0011,2.85404,0.00928,0.65307,1.30684,0.26303,0.24812,1.16489,1.15251,1.21914,2.4272,2.85404,0.16933,0.71614
2026-02-16 05:00:00,0.83508,0,0.06845,0.02625,0.012,0.001,0.004,0.005,0.00665,0.15639,0.32824,-0.27517,0.007,0.65307,1.16849,0.00032,0.00222,0.00263,0,0.01589,0.00001,1.21914,0.01507,0.12103,0.19217,0.004,3.21379,1.30684,0.05071,0.06308,0.19102,0.77738,0.26303,0.24812,0.0011,2.86253,0.00927,0.65307,1.30684,0.26303,0.24812,1.16849,1.15251,1.21914,2.42877,2.86253,0.16919,0.74701
2026-02-16 06:00:00,0.97546,0,0.06106,0.01717,0.012,0.001,0.004,0.005,0.00665,0.15639,0.33146,-0.04233,0.007,0.65307,1.16849,0.00032,0.00222,0.00263,0,0.01942,0.00001,1.21914,0,0.10249,0.2341,0.004,3.37373,1.30322,0.05034,0.05202,0.19102,0.842,0.26303,0.24812,0.0011,2.86253,0.00925,0.65307,1.30322,0.26303,0.24812,1.16849,1.15634,1.21914,2.43029,2.86253,0.16961,0.77788
2026-02-16 07:00:00,1.17683,0,0.05365,0.02625,0.012,0.001,0.004,0.005,0.00665,0.15639,0.33146,0.31136,0.007,0.65307,1.1721,0.00032,0.00222,0.00262,0,0.02119,0.00001,1.21914,0,0.09265,0.20666,0.004,3.53367,1.31408,0.0514,0.07173,0.18902,0.95698,0.26303,0.24666,0.0011,2.86253,0.01373,0.65307,1.31408,0.26303,0.24666,1.1721,1.16018,1.21914,2.43184,2.86253,0.17037,0.80875
2026-02-16 08:00:00,1.29721,0,0.04611,0.03434,0.012,0.001,0.004,0.005,0.00665,0.15387,0.33146,0.72397,0.007,0.65307,1.1721,0.00032,0.00221,0.00262,0,0.01763,0.00001,1.21514,0,0.12931,0.16505,0.004,3.69361,1.32133,0.05033,0.10437,0.19102,1.07313,0.26303,0.24666,0.00123,2.87102,0.01821,0.65307,1.32133,0.26303,0.24666,1.1721,1.16018,1.21514,2.43334,2.87102,0.17092,0.83961
2026-02-16 09:00:00,1.41769,0,0.04609,0.02525,0.012,0.002,0.004,0.005,0.00665,0.15387,0.33469,0.96193,0.007,0.65307,1.1721,0.00032,0.00221,0.00262,0,0.01054,0.00001,1.21914,0,0.14785,0.1783,0.004,3.85355,1.33952,0.05004,0.10684,0.19102,1.19079,0.26303,0.24666,0.00123,2.87102,0.0227,0.65307,1.33952,0.26303,0.24666,1.1721,1.16018,1.21914,2.43474,2.87102,0.17166,0.87048
2026-02-16 10:00:00,1.60277,0,0.04609,0.03434,0.012,0.002,0.004,0.005,0.00665,0.15119,0.33469,1.19786,0.007,0.65307,1.17571,0.00032,0.00221,0.00261,0,0.01763,0.00001,1.21914,0,0.12026,0.24696,0.005,4.03817,1.37978,0.04932,0.11302,0.19402,1.30988,0.26703,0.24666,0.00137,2.87102,0.02718,0.65307,1.37978,0.26703,0.24666,1.17571,1.16403,1.21914,2.43636,2.87102,0.17246,0.90135
2026-02-16 11:00:00,1.8215,0,0.04609,0.03434,0.012,0.002,0.004,0.005,0.00665,0.15119,0.33146,1.31679,0.007,0.65607,1.17571,0.00032,0.0022,0.00261,0,0.02119,0.00001,1.22314,0,0.10139,0.28269,0.008,4.22279,1.43523,0.04931,0.13765,0.19302,1.43107,0.26703,0.24812,0.00137,2.87953,0.03166,0.65607,1.43523,0.26703,0.24812,1.17571,1.16788,1.22314,2.43852,2.87953,0.17386,0.93222
2026-02-16 12:00:00,1.9154,0,0.04597,0.04242,0.012,0.002,0.004,0.005,0.00665,0.14854,0.33146,1.14292,0.007,0.65807,1.17933,0.00032,0.0022,0.0026,0,0.01236,0.00001,1.23114,0,0.1192,0.21332,0.008,4.40741,1.49131,0.05002,0.16229,0.19602,1.55603,0.27003,0.25107,0.00152,2.87953,0.03614,0.65807,1.49131,0.27003,0.25107,1.17933,1.17173,1.23114,2.44168,2.87953,0.177,1.60639
2026-02-16 13:00:00,1.96334,0,0.05344,0.04242,0.012,0.002,0.004,0.005,0.00665,0.15119,0.33146,0.84665,0.00726,0.66107,1.18657,0.00036,0.0022,0.0026,0,0.01236,0.00001,1.23914,0.02098,0.12905,0.14422,0.009,4.59202,1.5556,0.05074,0.18074,0.19802,1.89996,0.27403,0.24812,0.00172,2.87102,0.04502,0.66107,1.5556,0.27403,0.24812,1.18657,1.17946,1.23914,2.44692,2.87102,0.18097,2.45379
2026-02-16 14:00:00,2.05904,0,0.06103,0.06059,0.012,0.002,0.004,0.005,0.00736,0.15119,0.33146,0.66882,0.00752,0.66107,1.19383,0.00044,0.00219,0.00259,0,0.01886,0.00001,1.24714,0.14596,0.12878,0.21338,0.014,4.77664,1.63223,0.05076,0.20105,0.20502,2.24301,0.27803,0.24959,0.00192,2.87953,0.05389,0.66107,1.63223,0.27803,0.24959,1.19383,1.17946,1.24714,2.45507,2.87953,0.18404,2.46202
2026-02-16 15:00:00,2.2509,0,0.06851,0.08584,0.012,0.002,0.005,0.005,0.00736,0.15119,0.33146,0.9645,0.00752,0.66107,1.1902,0.00054,0.00219,0.00255,0,0.0354,0.00001,1.26414,0.27178,0.13759,0.3167,0.006,4.96126,1.67482,0.05177,0.21276,0.20902,2.58627,0.27803,0.25107,0.00214,2.89657,0.06277,0.66107,1.67482,0.27803,0.25107,1.1902,1.18333,1.26414,2.46642,2.89657,0.18731,2.47103
2026-02-16 16:00:00,2.4423,0,0.07598,0.08484,0.024,0.003,0.005,0.005,0.00814,0.15119,0.32824,1.20108,0.0078,0.66107,1.19383,0.00079,0.00219,0.00255,0,0.03779,0.00001,1.26814,0.31973,0.15617,0.36489,0.005,5.1623,1.71381,0.05286,0.1783,0.21102,2.92943,0.28103,0.25404,0.00262,2.89657,0.07164,0.66107,1.71381,0.28103,0.25404,1.19383,1.18333,1.26814,2.48131,2.89657,0.19051,2.48095
2026-02-16 17:00:00,2.48978,0,0.106,0.10201,0.025,0.003,0.005,0.005,0.009,0.15119,0.33146,1.43938,0.0078,0.66307,1.19383,0.00101,0.00218,0.00254,0,0.03402,0.00001,1.27614,0.38773,0.17512,0.32359,0.008,5.36335,1.76095,0.05217,0.17521,0.21702,3.27488,0.28503,0.26003,0.00289,2.92222,0.08052,0.66307,1.76095,0.28503,0.26003,1.19383,1.19109,1.27614,2.49941,2.92222,0.19599,2.49191
2026-02-16 18:00:00,2.49028,0,0.14361,0.12826,0.025,0.005,0.006,0.005,0.009,0.15119,0.33146,1.97337,0.00808,0.66307,1.19383,0.00139,0.00218,0.00254,0,0.04003,0.00001,1.28114,0.47973,0.19448,0.31707,0.012,5.56439,1.82037,0.05462,0.17332,0.22002,3.62691,0.29203,0.26589,0.00376,2.93079,0.08939,0.66307,1.82037,0.29203,0.26589,1.19383,1.19109,1.28114,2.51952,2.93079,0.20805,2.50408
2026-02-16 19:00:00,2.49028,0,0.15109,0.13635,0.025,0.005,0.006,0.006,0.00995,0.15119,0.33469,2.20995,0.00808,0.66807,1.20474,0.00257,0.00219,0.00254,0,0.04073,0.00001,1.29314,0.57569,0.23966,0.46353,0.018,5.76543,1.89645,0.05395,0.18253,0.22503,4.16835,0.29603,0.27483,0.00437,2.94796,0.14463,0.66807,1.89645,0.29603,0.27483,1.20474,1.19888,1.29314,2.54124,2.94796,0.22325,2.5177
2026-02-16 20:00:00,2.4423,0,0.1435,0.11009,0.026,0.018,0.007,0.006,0.0141,0.15639,0.33794,2.32809,0.00838,0.67107,1.20839,0.00291,0.00219,0.00253,0,0.03847,0.00001,1.31015,0.53887,0.23024,0.5034,0.039,5.96648,1.98974,0.05433,0.1936,0.23203,4.57105,0.30403,0.28088,0.00536,2.97379,0.19986,0.67107,1.98974,0.30403,0.28088,1.20839,1.20668,1.31015,2.56496,2.97379,0.23501,2.53301
2026-02-16 21:00:00,2.20249,0,0.13602,0.10201,0.027,0.007,0.008,0.006,0.01195,0.1615,0.34778,2.50661,0.00838,0.66807,1.20839,0.00682,0.0022,0.00253,0,0.03326,0.00001,1.32315,0.52039,0.19425,0.40524,0.018,6.16752,2.06364,0.0568,0.18127,0.23503,4.83714,0.31103,0.27785,0.00572,2.99107,0.2551,0.66807,2.06364,0.31103,0.27785,1.20839,1.21452,1.32315,2.59151,2.99107,0.24336,2.55036
2026-02-16 22:00:00,1.9152,0,0.16607,0.11109,0.027,0.007,0.009,0.007,0.00995,0.1615,0.35442,2.80442,0.00838,0.66807,1.20839,0.00925,0.00221,0.00253,0,0.02475,0.00001,1.33115,0.57898,0.21207,0.36867,0.019,6.4048,2.09258,0.05642,0.27541,0.23903,4.96681,0.31103,0.27634,0.00648,3.0084,0.31034,0.66807,2.09258,0.31103,0.27634,1.20839,1.21452,1.33115,2.62196,3.0084,0.24732,2.57019
2026-02-16 23:00:00,1.81977,0,0.15112,0.12018,0.016,0.008,0.01,0.007,0.00995,0.16409,0.35442,3.03332,0.00868,0.67107,1.2157,0.01161,0.00221,0.00252,0,0.01554,0.00001,1.33115,0.57985,0.22992,0.44026,0.016,6.64209,2.10502,0.05853,0.30926,0.24203,4.97092,0.32604,0.27785,0.00687,3.02576,0.36557,0.67107,2.10502,0.32604,0.27785,1.2157,1.21844,1.33115,2.6558,3.02576,0.25173,2.59308
2026-02-17 00:00:00,1.91524,0,0.09853,0.12826,0.029,0.008,0.024,0.007,0.01298,0.1615,0.35442,3.1279,0.00932,0.67408,1.21936,0.01413,0.00222,0.00252,0,0.00895,0.00001,1.33115,0.54138,0.22012,0.48825,0.012,6.87937,2.09673,0.05823,0.30249,0.24703,4.84892,0.35804,0.27785,0.00814,3.06062,0.42081,0.67408,2.09673,0.35804,0.27785,1.21936,1.22237,1.33115,2.68909,3.06062,0.25646,2.61977
2026-02-17 01:00:00,2.2985,0,0.09096,0.12018,0.06801,0.013,0.018,0.01,0.01662,0.15971,0.36112,3.33191,0.01035,0.67408,1.22302,0.01547,0.00222,0.00256,0,0.00353,0.00001,1.33115,0.50347,0.1932,0.41639,0.011,7.11665,2.0719,0.0617,0.31788,0.24903,4.96848,0.43805,0.27634,0.00859,3.08687,0.54654,0.67408,2.0719,0.43805,0.27634,1.22302,1.23024,1.33115,2.72188,3.08687,0.26078,2.65132
2026-02-17 02:00:00,2.68221,0,0.0985,0.14643,0.09601,0.026,0.49506,0.013,0.01804,0.15791,0.36111,3.57221,0.01107,0.67608,1.22302,0.02579,0.00222,0.00264,0,0.00165,0.0013,1.32715,0.55962,0.1939,0.4343,0.011,7.35394,2.05951,0.06277,0.30496,0.25203,5.06834,0.66307,0.27936,0.00905,3.12203,0.67227,0.67608,2.05951,0.66307,0.27936,1.22302,1.23419,1.32715,2.75324,3.12203,0.26437,2.68919
2026-02-17 03:00:00,2.92178,0,0.11356,0.1636,0.12401,0.044,1.15613,0.033,0.02124,0.15608,0.35987,3.316,0.01107,0.67608,1.22669,0.03173,0.00223,0.00275,0,0.00212,0.00172,1.32715,0.61661,0.21171,0.46823,0.013,7.59122,2.04715,0.06312,0.32897,0.25303,5.14665,0.8931,0.28393,0.00953,3.15736,0.798,0.67608,2.04715,0.8931,0.28393,1.22669,1.2421,1.32715,2.78221,3.15736,0.26578,2.73546
2026-02-17 04:00:00,3.16113,0,0.09111,0.15452,0.05901,0.08601,1.19213,0.04,0.02735,0.15422,0.35776,2.75145,0.01354,0.67908,1.23036,0.02869,0.00223,0.00301,0,0.00591,0.00208,1.32715,0.57794,0.19389,0.389,0.01,7.8285,2.03892,0.06282,0.25761,0.25403,5.20413,1.23614,0.28855,0.00905,3.19286,0.92373,0.67908,2.03892,1.23614,0.28855,1.23036,1.25002,1.32715,2.80877,3.19286,0.26534,2.7933
2026-02-17 05:00:00,3.25899,0,0.09105,0.13735,0.08501,0.06101,1.38315,0.037,0.03268,0.15235,0.35442,2.54022,0.7506,0.68108,1.23036,0.03362,0.00223,0.00325,0,0.00359,0.00208,1.32715,0.55682,0.18097,0.39092,0.009,8.06578,2.03892,0.06522,0.21885,0.25303,5.24168,1.62118,0.29477,0.00859,3.23632,1.04946,0.68108,2.03892,1.62118,0.29477,1.23036,1.25797,1.32715,2.83336,3.23632,0.26351,2.86768
2026-02-17 06:00:00,3.19824,0,0.12857,0.12926,0.14002,0.08701,1.75019,0.26803,0.0472,0.15045,0.34778,2.43027,1.71533,0.68108,1.23403,0.03427,0.00223,0.00385,0,0.0095,0.00221,1.33115,0.59577,0.18282,0.46695,0.008,8.30307,2.05127,0.06557,0.24286,0.24603,5.25625,1.8142,0.30106,0.00859,3.2965,1.17519,0.68108,2.05127,1.8142,0.30106,1.23403,1.26196,1.33115,2.85623,3.2965,0.2576,2.96684
2026-02-17 07:00:00,2.99337,0,0.12863,0.15452,0.12301,0.07201,1.7522,0.26403,0.36494,0.14856,0.33794,2.4733,1.6785,0.68408,1.23403,0.03299,0.00223,0.00489,0.03226,0.01774,0.00221,1.33115,0.53841,0.15782,0.49429,0.015,8.54035,2.07603,0.06661,0.17209,0.24503,5.34935,1.72219,0.30583,0.00905,3.33931,1.11808,0.68408,2.07603,1.72219,0.30583,1.23403,1.26595,1.33115,2.87781,3.33931,0.24952,3.10566
2026-02-17 08:00:00,3.05872,0,0.1286,0.17169,0.08401,0.06601,1.56417,0.35404,0.69346,0.14638,0.33,2.64222,1.57455,0.68608,1.23771,0.03362,0.00223,0.00862,0.03114,0.01539,0.00221,1.34415,0.44105,0.14117,0.45285,0.01,8.77763,2.08844,0.06837,0.13209,0.24303,5.44382,1.47216,0.31064,0.00953,3.3737,1.06097,0.68608,2.08844,1.47216,0.31064,1.23771,1.26595,1.34415,2.89875,3.3737,0.24337,3.3139
2026-02-17 09:00:00,3.36329,0,0.13608,0.17169,0.11501,0.07801,1.26814,0.42205,0.8671,0.14418,0.32185,2.94513,1.33825,0.68908,1.24139,0.03111,0.00223,0.01249,0.0334,0.01424,0.00221,1.34015,0.45941,0.13397,0.42884,0.009,9.01491,2.09258,0.06735,0.1481,0.23903,5.53906,1.21013,0.31713,0.01052,3.42554,1.00386,0.68908,2.09258,1.21013,0.31713,1.24139,1.26595,1.34015,2.9198,3.42554,0.23855,3.66097
2026-02-17 10:00:00,3.44536,0,0.14361,0.19794,0.14302,0.12201,1.07112,0.66507,1.05312,0.14186,0.31238,3.22673,1.14264,0.69208,1.24139,0.02752,0.00223,0.01626,0.03694,0.00951,0.00221,1.34415,0.49784,0.10897,0.47598,0.013,8.24633,2.09258,0.06867,0.16532,0.23103,5.63615,1.00311,0.32527,0.01102,3.4603,0.94675,0.69208,2.09258,1.00311,0.32527,1.24139,1.26595,1.34415,2.94099,3.4603,0.23582,4.35509
2026-02-17 11:00:00,3.50972,0,0.15862,0.21511,0.30503,0.13802,0.8721,0.72908,1.25492,0.13965,0.30615,3.16978,1.0198,0.69408,1.24876,0.02579,0.00223,0.033,0.03816,0.01419,0.00208,1.34415,0.51854,0.07902,0.51222,0.018,7.47775,2.10087,0.0687,0.1536,0.22402,5.73142,0.8701,0.33671,0.01154,3.49519,0.88964,0.69408,2.10087,0.8701,0.33671,1.24876,1.26595,1.34415,2.96179,3.49519,0.23225,6.43748
2026-02-17 12:00:00,3.64508,0,0.18116,0.21511,0.47105,0.13802,0.79609,0.74508,1.40755,0.13754,0.29999,2.96861,0.89446,0.69708,1.25246,0.0225,0.00223,0.03117,0.03456,0,0.00208,1.34815,0.48064,0.02557,0.48129,0.024,6.70918,2.10502,0.06837,0.14807,0.21802,5.82336,0.78409,0.35006,0.01154,3.52146,0.83253,0.69708,2.10502,0.78409,0.35006,1.25246,1.26595,1.34815,2.98184,3.52146,0.22684,5.4543
2026-02-17 13:00:00,3.86746,0,0.21118,0.23227,0.58106,0.10201,0.69808,0.72508,1.53275,0.13545,0.29389,2.70884,0.80072,0.70008,1.25615,0.01934,0.00223,0.03635,0.02789,-0.01416,0.00221,1.34415,0.48181,0.00737,0.3765,0.03,5.9406,2.10087,0.06696,0.19119,0.21102,6.06787,0.73108,0.36542,0.01318,3.54782,0.79889,0.70008,2.10087,0.73108,0.36542,1.25615,1.26595,1.34415,3.00128,3.54782,0.22083,4.33085
2026-02-17 14:00:00,4.20075,0,0.24117,0.26553,0.53506,0.09001,0.64707,0.70108,1.61475,0.13337,0.28785,2.38686,0.70552,0.70508,1.26356,0.01833,0.00222,0.03562,0.02384,0.06021,0.00234,1.34815,0.38512,0.02588,0.31653,0.034,5.17202,2.10087,0.0694,0.20475,0.20702,6.29012,0.68808,0.38291,0.01262,3.58308,0.76526,0.70508,2.10087,0.68808,0.38291,1.26356,1.26595,1.34815,3.02021,3.58308,0.21606,4.57505
2026-02-17 15:00:00,4.36767,0,0.25615,0.31695,0.51706,0.027,0.60707,0.70108,1.69496,0.13582,0.28188,2.27065,0.59757,0.70508,1.26727,0.01687,0.00222,0.03565,0.02011,0.06727,0.00263,1.34415,0.30586,0.0168,0.42301,0.04,4.40344,2.10917,0.07042,0.23983,0.20502,6.49088,0.65807,0.40342,0.01262,3.59192,0.73162,0.70508,2.10917,0.65807,0.40342,1.26727,1.26994,1.34415,3.03827,3.59192,0.21276,4.81925
2026-02-17 16:00:00,4.36794,0,0.28611,0.37746,0.49005,0.008,0.51706,0.73208,1.75378,0.13582,0.28188,2.48331,0.5002,0.71008,1.27098,0.01593,0.00222,0.03454,0.01752,0,0.00294,1.34815,0.36253,0.0172,0.51045,0.05301,4.18953,2.11334,0.06937,0.24536,0.20202,6.67072,0.61607,0.43298,0.01262,3.61849,0.69798,0.71008,2.11334,0.61607,0.43298,1.27098,1.26994,1.34815,3.05537,3.61849,0.21104,5.06345
2026-02-17 17:00:00,4.31275,0,0.29367,0.42888,0.52806,0.05401,0.33704,0.77909,1.78178,0.1383,0.27891,2.58939,0.40671,0.71008,1.27842,0.01547,0.00221,0.03249,0.01511,-0.00707,0.00363,1.34415,0.30284,0.07245,0.42262,0.09701,3.97561,2.12581,0.06974,0.22899,0.20202,6.82653,0.57906,0.47582,0.01262,3.64515,0.66435,0.71008,2.12581,0.57906,0.47582,1.27842,1.27394,1.34415,3.07188,3.64515,0.20894,5.30764
2026-02-17 18:00:00,4.14556,0,0.28614,0.48031,0.59507,0.06201,0.33168,0.74908,1.79858,0.14335,0.27891,2.80282,0.30935,0.71308,1.28587,0.0137,0.00221,0.0301,0.01288,0.01062,0.00462,1.34415,0.22225,0.10769,0.3861,0.27503,3.7617,2.13414,0.07083,0.3304,0.20302,6.95722,0.55506,0.52943,0.01208,3.66297,0.63071,0.71308,2.13414,0.55506,0.52943,1.28587,1.27394,1.34415,3.08789,3.66297,0.20596,5.55184
2026-02-17 19:00:00,3.6442,0,0.30115,0.53165,0.68008,0.08301,0.33504,0.70308,1.80978,0.14854,0.27891,3.02822,0.26506,0.71808,1.2896,0.01244,0.00221,0.02856,0.01149,0.02478,0.00603,1.34015,0.35422,0.11608,0.422,0.64107,3.54779,2.14665,0.07041,0.41764,0.20402,7.17892,0.52706,0.59007,0.01376,3.68976,0.81779,0.71808,2.14665,0.52706,0.59007,1.2896,1.27795,1.34015,3.10356,3.68976,0.20275,5.79604
2026-02-17 20:00:00,2.80977,0,0.30123,0.55881,0.65307,0.07201,0.34504,0.65707,1.79858,0.14748,0.28188,3.14675,0.22701,0.72308,1.29707,0.01244,0.00221,0.02664,0.01018,-0.04603,0.0071,1.35215,0.66448,0.14396,0.44783,1.05812,3.33387,2.20952,0.07394,0.44518,0.20902,7.4042,0.51106,0.66007,0.01494,3.69871,1.00487,0.72308,2.20952,0.51106,0.66007,1.29707,1.28196,1.35215,3.11901,3.69871,0.20019,6.04023
2026-02-17 21:00:00,2.19804,0,0.32378,0.59407,0.59207,0.06601,0.33604,0.58907,1.7622,0.14617,0.28486,3.42729,0.19707,0.73108,1.31208,0.01204,0.00221,0.0244,0.00955,-0.04247,0.00996,1.35215,0.64836,0.15379,0.48975,1.45016,3.11996,2.36251,0.07254,0.4364,0.20902,7.63327,0.49506,0.72433,0.01494,3.7346,1.19194,0.73108,2.36251,0.49506,0.72433,1.31208,1.29,1.35215,3.13426,3.7346,0.19837,6.28443
2026-02-17 22:00:00,1.91968,0,0.33125,0.60215,0.52506,0.05001,0.33904,0.55806,1.72016,0.14515,0.28785,3.77941,0.17883,0.73908,1.3196,0.01244,0.0022,0.02221,0.00895,0.04253,0.01223,1.36515,0.55136,0.19913,0.45595,1.7742,3.11996,2.55784,0.07293,0.44733,0.21102,7.86615,0.48805,0.77822,0.01494,3.7526,1.37902,0.73908,2.55784,0.48805,0.77822,1.3196,1.29806,1.36515,3.1508,3.7526,0.1973,6.52863
2026-02-17 23:00:00,1.80793,0,0.34617,0.58507,0.47505,0.06001,0.34304,0.50706,1.65576,0.14418,0.29086,4.24517,0.17103,0.75308,1.3309,0.01285,0.0022,0.02094,0.00836,0.05668,0.02272,1.37415,0.61088,0.21763,0.43989,2.01822,3.11996,2.74409,0.07746,0.49559,0.21602,8.10065,0.48405,0.82246,0.01747,3.7887,1.5661,0.75308,2.74409,0.48405,0.82246,1.3309,1.30615,1.37415,3.17221,3.7887,0.19587,6.77283
2026-02-18 00:00:00,1.86334,0,0.36118,0.59917,0.44705,0.06001,0.41205,0.45305,1.55435,0.14349,0.29879,4.60624,0.1808,0.76909,1.33846,0.01502,0.0022,0.01987,0.00836,0.05315,0.02521,1.38215,0.7099,0.21857,0.49441,2.21125,3.11996,2.93406,0.08096,0.431,0.21902,8.33559,0.51106,0.84873,0.01814,3.81589,1.75318,0.76909,2.93406,0.51106,0.84873,1.33846,1.31426,1.38215,3.2016,3.81589,0.1935,7.01702
2026-02-18 01:00:00,2.14201,0,0.36112,0.59469,0.44105,0.06201,0.63907,0.43405,1.45695,0.14282,0.30502,5.37459,0.24779,0.78809,1.34983,0.02091,0.02702,0.0188,0.00836,0.10274,0.02787,1.38715,0.63293,0.24626,0.58241,2.33226,3.11996,3.11582,0.08449,0.36761,0.22102,8.0016,0.56706,0.85905,0.01951,3.85225,1.82084,0.78809,3.11582,0.56706,0.85905,1.34983,1.32646,1.38715,3.23896,3.85225,0.19077,6.77063
2026-02-18 02:00:00,2.64284,0,0.75357,0.58523,0.74295,0.10579,0.74619,0.53866,1.42372,0.14216,0.3107,6.35622,1.14646,0.81309,1.36123,0.03111,0.05184,0.01805,0.00779,0.34355,0.03144,1.39116,0.45837,0.25602,0.55249,2.41827,3.11996,3.25551,0.09076,0.391,0.20902,7.65892,0.68008,0.86214,0.02242,3.87048,1.88851,0.81309,3.25551,0.68008,0.86214,1.36123,1.33462,1.39116,3.28384,3.87048,0.18861,6.52424
2026-02-18 03:00:00,3.31029,0,1.37965,0.51481,0.85272,0.16735,0.88012,1.07959,1.39921,0.14152,0.31553,6.86287,1.73831,0.83609,1.37648,0.05819,0.07666,0.01745,0.00779,0.75791,0.0345,1.40016,0.45766,0.29358,0.38421,2.45627,3.11996,3.37872,0.09876,0.33503,0.20202,7.30748,0.9061,0.85597,0.02094,3.91624,1.95617,0.83609,3.37872,0.9061,0.85597,1.37648,1.3428,1.40016,3.33616,3.91624,0.18708,6.27785
2026-02-18 04:00:00,4.1452,0,1.59946,0.56907,0.97275,0.26981,1.11596,1.40475,1.38451,0.1409,0.31553,7.17096,2.11805,0.8641,1.38796,0.37677,0.10148,0.01604,0.00725,1.17224,0.03775,1.40416,0.47482,0.28538,0.37149,2.47328,3.11996,3.46903,0.10313,0.25442,0.19802,6.9472,1.14313,0.84392,0.02022,3.95299,2.02383,0.8641,3.46903,1.14313,0.84392,1.38796,1.351,1.40416,3.39461,3.95299,0.18627,6.03145
2026-02-18 05:00:00,4.87299,0,1.79986,0.70208,1.10908,0.34758,1.27632,1.67887,1.3821,0.14028,0.31553,7.77091,2.57069,0.8961,1.41102,0.69584,0.1263,0.01493,0.02011,1.47677,0.0386,1.40816,0.46818,0.24898,0.3848,2.45627,3.11996,3.55556,0.10442,0.22979,0.19302,6.57654,1.33715,0.82483,0.02094,3.9899,2.0915,0.8961,3.55556,1.33715,0.82483,1.41102,1.35923,1.40816,3.45755,3.9899,0.18526,5.78506
2026-02-18 06:00:00,5.34297,0,1.9705,0.78092,1.27862,0.39452,1.41291,1.80353,1.40057,0.13968,0.30926,8.323,2.90966,0.9311,1.42647,0.68991,0.15112,0.0152,0.02895,1.77071,0.0386,1.41316,0.43911,0.24863,0.23152,2.42727,3.11996,3.62254,0.10844,0.21193,0.19502,6.19515,1.48817,0.80319,0.02094,4.06415,2.15916,0.9311,3.62254,1.48817,0.80319,1.42647,1.36748,1.41316,3.52345,4.06415,0.1838,5.53867
2026-02-18 07:00:00,5.57477,0,2.08376,0.95036,1.49017,0.42505,1.52417,1.89721,1.44755,0.13909,0.30306,8.45721,2.77038,0.97211,1.45364,0.63489,0.15136,0.54288,0.02685,2.02218,0.41836,1.41716,0.34817,0.2315,0.10021,2.37326,3.11996,3.69023,0.11074,0.18977,0.19602,5.74972,1.52117,0.77547,0.02475,4.13897,1.99823,0.97211,3.69023,1.52117,0.77547,1.45364,1.37989,1.41716,3.59111,4.13897,0.18221,5.29227
2026-02-18 08:00:00,5.67799,0,2.16919,1.16813,2.30226,0.36704,1.62618,2.19424,1.58076,0.13823,0.27597,8.27147,2.40017,1.00811,1.47708,0.57946,0.15159,0.73591,0.09527,2.07883,0.45986,1.42616,0.1859,0.21325,0.10523,2.30426,3.11996,3.73751,0.10794,0.15469,0.18902,5.31561,1.40116,0.7483,0.03067,4.21437,1.83729,1.00811,3.73751,1.40116,0.7483,1.47708,1.3882,1.42616,3.65979,4.21437,0.18095,5.04588
2026-02-18 09:00:00,5.59284,0,2.19337,1.38491,2.6703,0.32104,1.63018,2.31326,1.73698,0.13732,0.23909,7.97737,2.06575,1.04212,1.50854,0.4332,0.15183,0.7323,0.55851,1.8911,0.43879,1.42616,0.19099,0.2028,0.16933,2.20425,3.11996,3.75335,0.10989,0.16823,0.18602,4.89275,1.22614,0.71906,0.08198,4.29988,1.67636,1.04212,3.75335,1.22614,0.71906,1.50854,1.4007,1.42616,3.72891,4.29988,0.18005,4.79949
2026-02-18 10:00:00,5.3983,0,2.08944,1.71169,2.6533,0.29803,1.49317,2.16024,1.87521,0.13626,0.23636,7.80917,1.86811,1.07612,1.54023,0.34482,0.15207,0.7168,0.50117,1.62907,0.41836,1.43416,0.27921,0.19347,0.17143,2.10223,3.13334,3.75863,0.10539,0.2119,0.18602,4.48104,1.07212,0.69049,0.08327,4.39574,1.51543,1.07612,3.75863,1.07212,0.69049,1.54023,1.41325,1.43416,3.79798,4.39574,0.17951,4.5531
2026-02-18 11:00:00,5.3112,0,1.80799,2.05656,2.55228,0.27503,1.35115,2.08823,1.99089,0.13527,0.24736,7.18081,1.76174,1.10412,1.56815,0.24339,0.1523,0.58121,1.24951,1.51223,0.40343,1.44316,0.31869,0.19268,0.13015,1.99622,3.14671,3.76922,0.10365,0.20204,0.18002,4.07991,0.96411,0.66257,0.08071,4.49248,1.35449,1.10412,3.76922,0.96411,0.66257,1.56815,1.42584,1.44316,3.86613,4.49248,0.1788,4.3067
2026-02-18 12:00:00,5.33976,0,1.55857,2.32368,2.34326,0.27603,1.25414,2.06123,2.09623,0.13434,0.25015,6.32873,1.62332,1.12613,1.60028,0.2049,0.15254,0.51568,1.11098,1.42374,0.37465,1.45216,0.34033,0.20082,0.11113,1.88921,3.16009,3.76392,0.09882,0.17187,0.18902,3.68908,0.8971,0.64098,0.0757,4.59012,1.19356,1.12613,3.76392,0.8971,0.64098,1.60028,1.43848,1.45216,3.93285,4.59012,0.17762,3.88911
2026-02-18 13:00:00,5.40736,0,1.38373,2.46986,2.17624,0.27603,1.30415,1.88921,2.19324,0.13337,0.24736,5.57348,1.44342,1.14613,1.63263,0.16543,0.13182,0.44808,0.90167,1.3175,0.3517,1.45616,0.28908,0.21008,0.1725,1.7812,3.17346,3.76922,0.09498,0.15586,0.19302,3.4546,0.84709,0.62452,0.07447,4.68863,1.11754,1.14613,3.76922,0.84709,0.62452,1.63263,1.45542,1.45616,3.99764,4.68863,0.17625,2.96513
2026-02-18 14:00:00,5.34937,0,1.34308,2.44369,2.00422,0.24103,1.15813,1.70219,2.31823,0.13337,0.23909,5.00167,1.28108,1.16213,1.66522,0.13149,0.1111,0.38862,0.71079,1.07315,0.34722,1.46516,0.36183,0.18257,0.25788,1.71519,3.18684,3.78513,0.09197,0.14292,0.19602,3.22808,0.79809,0.61523,0.07205,4.78803,1.04152,1.16213,3.78513,0.79809,0.61523,1.66522,1.48098,1.46516,4.05963,4.78803,0.17517,2.94096
2026-02-18 15:00:00,5.25706,0,1.32636,2.32976,1.72719,0.21238,1.02697,1.51554,2.44286,0.13275,0.24459,4.67047,1.12744,1.17413,1.70215,0.1178,0.09038,0.35665,0.49,0.85005,0.32539,1.47416,0.38098,0.16509,0.19407,1.69119,3.20021,3.8064,0.08783,0.10966,0.20302,3.00946,0.74008,0.61061,0.06848,4.87824,0.96551,1.17413,3.8064,0.74008,0.61061,1.70215,1.49814,1.47416,4.11874,4.87824,0.17437,2.93291
2026-02-18 16:00:00,5.03712,0,1.31468,2.15116,0.85144,0.16423,0.85163,1.31194,2.57246,0.13203,0.25015,4.39977,0.99204,1.18113,1.73107,0.10261,0.06965,0.31548,0.41139,0.76147,0.32114,1.48717,0.34265,0.1647,0.09726,1.71819,3.03817,3.83844,0.0851,0.11705,0.20502,2.79875,0.68808,0.61987,0.06615,4.9793,0.88949,1.18113,3.83844,0.68808,0.61987,1.73107,1.5197,1.48717,4.1754,4.9793,0.17389,2.92888
2026-02-18 17:00:00,4.69123,0,1.24297,1.91721,0.81648,0.13201,0.74808,1.12813,2.67947,0.13157,0.25861,4.29095,0.80627,1.18713,1.76016,0.08848,0.04893,0.27074,0.31662,0.65521,0.30446,1.50117,0.36263,0.16398,0.13975,1.8202,2.87614,3.88677,0.08267,0.14539,0.20802,2.59557,0.64207,0.64098,0.06615,5.06078,0.81347,1.18713,3.88677,0.64207,0.64098,1.76016,1.54576,1.50117,4.23029,5.06078,0.17323,2.92646
2026-02-18 18:00:00,4.18797,0,1.16327,1.68227,0.7741,0.12001,0.71108,0.99111,2.76089,0.13086,0.26147,4.34264,0.65707,1.19113,1.78523,0.07734,0.02821,0.23138,0.27459,0.50291,0.28053,1.50917,0.30572,0.17477,0.22434,1.96922,2.7141,3.94631,0.08066,0.13438,0.21402,2.39969,0.60007,0.67772,0.065,5.13253,0.73745,1.19113,3.94631,0.60007,0.67772,1.78523,1.57201,1.50917,4.28395,5.13253,0.17213,2.92485
2026-02-18 19:00:00,3.59066,0,1.05971,1.48058,0.98711,0.10801,0.66107,0.9061,2.81,0.13015,0.26722,4.39436,0.54717,1.19113,1.81043,0.0688,0.02522,0.20093,0.22695,0.33293,0.26903,1.52717,0.36459,0.16513,0.17515,2.13324,2.71313,4.02833,0.07866,0.16382,0.22002,2.41944,0.57106,0.72169,0.06161,5.2254,0.69272,1.19113,4.02833,0.57106,0.72169,1.81043,1.59846,1.52717,4.33707,5.2254,0.17085,2.9237
2026-02-18 20:00:00,2.99319,0,0.96412,1.31315,0.8791,0.10801,0.61207,0.83109,2.83219,0.12969,0.27597,4.31683,0.46104,1.19713,1.83575,0.06076,0.02222,0.16978,0.19561,0.32937,0.25785,1.54517,0.36744,0.15476,0.08691,2.30426,2.71218,4.13359,0.07788,0.18202,0.22703,2.43134,0.54306,0.77273,0.05939,5.28771,0.64799,1.19713,4.13359,0.54306,0.77273,1.83575,1.62509,1.54517,4.39053,5.28771,0.16984,2.92284
2026-02-18 21:00:00,2.33353,0,0.86056,1.17297,0.81109,0.08301,0.55906,0.77809,2.82478,0.129,0.27891,4.16016,0.36914,1.19713,1.85695,0.05403,0.01923,0.14179,0.17581,0.3754,0.23988,1.55917,0.31969,0.15441,0.11653,2.46027,2.71121,4.23472,0.07659,0.19712,0.22903,2.43545,0.51906,0.82009,0.05722,5.37128,0.60326,1.19713,4.23472,0.51906,0.82009,1.85695,1.65192,1.55917,4.4452,5.37128,0.16909,2.92217
2026-02-18 22:00:00,1.79943,0,0.78087,1.04887,0.72508,0.07101,0.43605,0.73608,2.80631,0.12856,0.28785,3.72827,0.2988,1.22614,1.88677,0.04925,0.01624,0.12471,0.15458,0.34355,0.2295,1.57718,0.35878,0.16411,0.20538,2.60929,2.71024,4.33723,0.07619,0.20239,0.23403,2.43176,0.49906,0.85356,0.05508,5.42377,0.55853,1.22614,4.33723,0.49906,0.85356,1.88677,1.67895,1.57718,4.50202,5.42377,0.16864,2.92163
2026-02-18 23:00:00,1.48568,0,0.71712,0.96002,0.67808,0.05801,0.38541,0.67608,2.76831,0.12811,0.29086,3.29617,0.26506,1.24014,1.91246,0.04468,0.01324,0.11021,0.1428,0.2869,0.21611,1.60018,0.36902,0.17414,0.3374,2.75031,2.70929,4.45277,0.07386,0.16764,0.23503,2.41993,0.48805,0.89017,0.05298,5.49764,0.5138,1.24014,4.45277,0.48805,0.89017,1.91246,1.70616,1.60018,4.56177,5.49764,0.16802,2.92119
2026-02-19 00:00:00,1.4541,0,0.66933,0.88843,0.62907,0.07001,0.35465,0.64907,2.71277,0.12792,0.29999,2.91849,0.23375,1.26914,1.93829,0.03965,0.01025,0.09669,0.11783,0.27272,0.20642,1.62318,0.38608,0.18343,0.39152,2.87632,2.70832,4.56411,0.07525,0.15623,0.23703,2.39969,0.47205,0.91546,0.05093,5.5613,0.46907,1.26914,4.56411,0.47205,0.91546,1.93829,1.75657,1.62318,4.62459,5.5613,0.16698,2.92082
2026-02-19 01:00:00,1.64243,0,0.61353,0.79976,0.60107,0.05801,0.33404,0.64307,2.63876,0.12773,0.30926,2.54135,0.21184,1.31615,1.96856,0.03759,0.00988,0.08649,0.10728,0.29747,0.19393,1.64618,0.46315,0.20163,0.35226,2.95933,2.71066,4.67103,0.07452,0.13821,0.24503,2.4095,0.46005,0.93144,0.04791,5.61458,0.44187,1.31615,4.67103,0.46005,0.93144,1.96856,1.82163,1.64618,4.6905,5.61458,0.16577,2.92051
2026-02-19 02:00:00,1.95698,0,0.55777,0.73833,0.55106,0.04601,0.35204,0.60907,2.57246,0.12754,0.30838,2.1642,0.18887,1.36415,1.99463,0.03427,0.0095,0.07884,0.09142,0.27975,0.19393,1.67419,0.50147,0.22094,0.32919,3.02434,2.71301,4.76119,0.07413,0.11667,0.25503,2.41548,0.44905,0.93465,0.04595,5.68952,0.41467,1.36415,4.76119,0.44905,0.93465,1.99463,1.87349,1.67419,4.75968,5.68952,0.16482,2.92025
2026-02-19 03:00:00,2.30257,0,0.52589,0.70208,0.51506,0.05801,0.31604,0.59407,2.47887,0.12733,0.30721,1.73362,0.17302,1.41916,2.02522,0.03235,0.00913,0.07293,0.08216,0.23373,0.18195,1.70619,0.5134,0.22092,0.37142,3.04734,2.71535,4.84013,0.07346,0.13144,0.26603,2.41762,0.44105,0.92823,0.04402,5.7541,0.38748,1.41916,4.84013,0.44105,0.92823,2.02522,1.92598,1.70619,4.83204,5.7541,0.16411,2.92002
2026-02-19 04:00:00,2.55405,0,0.48605,0.66682,0.50106,0.04601,0.31103,0.60107,2.36465,0.12714,0.30627,1.57275,0.15767,1.47516,2.06037,0.03173,0.00875,0.06815,0.07339,0.21604,0.16765,1.73919,0.45643,0.2105,0.31809,3.08534,2.71768,4.91979,0.07207,0.15236,0.27303,2.41597,0.43805,0.9091,0.04214,5.81898,0.36028,1.47516,4.91979,0.43805,0.9091,2.06037,1.96941,1.73919,4.9071,5.81898,0.16368,2.91982
2026-02-19 05:00:00,2.61652,0,0.45418,0.62257,0.48605,0.04601,0.30603,0.59007,2.21772,0.12695,0.30544,1.51877,0.14583,1.53617,2.10905,0.03049,0.00838,0.06345,0.06511,0.2196,0.16765,1.7732,0.42783,0.21052,0.07267,3.08034,2.72003,4.97537,0.07247,0.18989,0.27503,2.41009,0.46005,0.88704,0.0403,5.90597,0.33308,1.53617,4.97537,0.46005,0.88704,2.10905,2.00837,1.7732,4.98422,5.90597,0.16309,2.91964
2026-02-19 06:00:00,2.52191,0,0.43826,0.5964,0.46205,0.04501,0.29303,0.59107,2.05781,0.12676,0.30468,1.51856,0.13802,1.59518,2.14918,0.02752,0.008,0.05863,0.05884,0.25147,0.15411,1.8062,0.50899,0.2198,-0.08866,3.04334,2.72237,5.02662,0.0711,0.2182,0.27303,2.39969,0.50706,0.85905,0.03829,5.98253,0.30588,1.59518,5.02662,0.50706,0.85905,2.14918,2.03781,1.8062,5.0629,5.98253,0.1621,2.91948
2026-02-19 07:00:00,2.48438,0,0.42231,0.57923,0.44905,0.05701,0.28303,0.57106,1.88758,0.12658,0.30397,1.52918,0.1298,1.62818,2.19408,0.02752,0.00799,0.05454,0.05435,0.26919,0.14633,1.84421,0.45207,0.22981,-0.03156,2.97733,2.73426,5.06563,0.07073,0.20834,0.27503,2.41634,0.55506,0.83435,0.0363,6.05951,0.30047,1.62818,5.06563,0.55506,0.83435,2.19408,2.07735,1.84421,5.14297,6.05951,0.16095,2.91934
2026-02-19 08:00:00,2.2862,0,0.40635,0.55198,0.44405,0.033,0.26803,0.55006,1.73138,0.12616,0.30314,1.5451,0.12508,1.69119,2.24385,0.02636,0.00798,0.05089,0.05004,0.21254,0.1438,1.87721,0.47002,0.22016,0.19853,2.89932,2.74615,5.09829,0.07214,0.23109,0.28503,2.43208,0.60407,0.80319,0.03533,6.15908,0.29506,1.69119,5.09829,0.60407,0.80319,2.24385,2.10223,1.87721,5.22392,6.15908,0.16004,2.91921
2026-02-19 09:00:00,2.01883,0,0.37448,0.53489,0.40304,0.044,0.26903,0.53806,1.61195,0.12569,0.30229,1.6796,0.11909,1.72919,2.28486,0.02636,0.00797,0.04676,0.04456,0.17357,0.13882,1.91421,0.4887,0.21089,0.19712,2.79031,2.75804,5.10483,0.07142,0.20092,0.29503,2.44688,0.65807,0.76726,0.03437,6.22584,0.28966,1.72919,5.10483,0.65807,0.76726,2.28486,2.1373,1.91421,5.30513,6.22584,0.15936,2.9191
2026-02-19 10:00:00,1.7664,0,0.35853,0.52689,0.41505,0.044,0.26203,0.51306,1.51395,0.12507,0.30136,1.78683,0.11483,1.7562,2.34456,0.02523,0.00796,0.04329,0.04194,0.18773,0.13154,1.94222,0.48888,0.20235,0.19572,2.64429,2.76994,5.13104,0.07141,0.18244,0.30503,2.46082,0.74508,0.73493,0.03342,6.33779,0.28425,1.7562,5.13104,0.74508,0.73493,2.34456,2.16754,1.94222,5.38616,6.33779,0.15895,2.91899
2026-02-19 11:00:00,1.57659,0,0.38254,0.52326,0.38604,0.032,0.25703,0.50606,1.44064,0.12452,0.30048,1.78621,0.11344,1.7872,2.39086,0.02467,0.00795,0.04194,0.0394,0.19835,0.13154,1.97022,0.50595,0.1927,0.19432,2.49428,2.78182,5.11793,0.07248,0.17876,0.30703,2.47341,0.8611,0.7008,0.03249,6.45057,0.27884,1.7872,5.11793,0.8611,0.7008,2.39086,2.20308,1.97022,5.46639,6.45057,0.15839,2.9189
2026-02-19 12:00:00,1.60879,0,0.39866,0.51781,0.38504,0.043,0.25603,0.52106,1.36963,0.12399,0.29962,1.83756,0.11206,1.7832,2.43747,0.02303,0.00794,0.0408,0.03816,0.28337,0.12684,2.00322,0.50035,0.15596,0.19291,2.32826,2.79371,5.09175,0.07041,0.14368,0.31804,2.48433,0.99311,0.67265,0.03249,6.5642,0.27343,1.7832,5.09175,0.99311,0.67265,2.43747,2.24399,2.00322,5.54511,6.5642,0.15745,2.86509
2026-02-19 13:00:00,1.67985,0,0.39882,0.52689,0.35604,0.042,0.25703,0.47985,1.30884,0.12344,0.29868,1.89447,0.11206,1.8062,2.4797,0.02303,0.02095,0.03912,0.03694,0.24088,0.12684,2.04123,0.47628,0.10919,0.19183,2.18824,2.80124,5.09829,0.07076,0.13691,0.31003,2.47504,1.08712,0.65767,0.03437,6.6557,0.32698,1.8062,5.09829,1.08712,0.65767,2.4797,2.28523,2.04123,5.62209,6.6557,0.15635,2.80775
2026-02-19 14:00:00,1.75091,0,0.39102,0.54506,0.39204,0.042,0.26803,0.43972,1.25492,0.12285,0.29761,1.95135,0.11483,1.7982,2.52218,0.02467,0.03396,0.03667,0.03574,0.18066,0.15149,2.07523,0.43301,0.10883,0.19075,2.00322,2.80876,5.05261,0.07247,0.14371,0.30503,2.46601,1.13313,0.63154,0.03533,6.75927,0.38053,1.7982,5.05261,1.13313,0.63154,2.52218,2.32681,2.07523,5.69662,6.75927,0.15549,2.80749
2026-02-19 15:00:00,1.82197,0,0.40713,0.54506,0.39204,0.042,0.33604,0.40204,1.1836,0.1223,0.29651,2.00826,0.12054,1.7872,2.54114,0.02694,0.04697,0.03601,0.03226,0.25862,0.15149,2.11824,0.52483,0.1735,0.18968,1.8342,2.81628,4.99424,0.07112,0.19604,0.31003,2.45719,1.15813,0.60372,0.0363,6.8403,0.43409,1.7872,4.99424,1.15813,0.60372,2.54114,2.35821,2.11824,5.76779,6.8403,0.15485,2.80721
2026-02-19 16:00:00,1.89302,0,0.42325,0.54506,0.42905,0.042,0.49906,0.36704,1.12842,0.12167,0.29545,2.06516,0.13141,1.7752,2.58877,0.02869,0.05998,0.03481,0.03114,0.30112,0.14129,2.15224,0.54071,0.23853,0.1886,1.68019,2.8238,4.91979,0.0732,0.26743,0.30703,2.44861,1.19513,0.58398,0.0403,6.95675,0.48764,1.7752,4.91979,1.19513,0.58398,2.58877,2.40566,2.15224,5.83612,6.95675,0.15445,2.80691
2026-02-19 17:00:00,1.96409,0,0.39938,0.54506,0.44205,0.07801,0.69108,0.38304,1.07198,0.12126,0.29408,2.12196,0.15402,1.74819,2.61749,0.03492,0.07299,0.03435,0.03004,0.38608,0.1438,2.18224,0.51963,0.26679,0.18752,1.54717,2.83132,4.85233,0.07178,0.31419,0.31003,2.4399,1.21514,0.56589,0.04595,7.05052,0.54119,1.74819,4.85233,1.21514,0.56589,2.61749,2.44817,2.18224,5.90095,7.05052,0.15392,2.80657
2026-02-19 18:00:00,2.03514,0,0.37545,0.56323,0.51106,0.07701,0.76409,0.40805,1.03067,0.12063,0.29299,2.17868,0.24779,1.72219,2.64152,0.03759,0.086,0.03367,0.02895,0.3967,0.13882,2.21625,0.40981,0.27498,0.18644,1.41759,2.83884,4.78323,0.07428,0.33203,0.30503,2.4308,1.24714,0.54798,0.04499,7.09759,0.59474,1.72219,4.78323,1.24714,0.54798,2.64152,2.48565,2.21625,5.96094,7.09759,0.15301,2.80619
2026-02-19 19:00:00,2.1708,0,0.37551,0.58744,0.51806,0.08901,0.72708,0.46005,0.99367,0.12,0.2919,2.4141,0.45609,1.69519,2.66562,0.08743,0.09135,0.03292,0.03114,0.5844,0.14129,2.24625,0.45139,0.25641,0.1856,1.30315,2.83998,4.71298,0.0746,0.31787,0.30503,2.44694,1.29914,0.53147,0.04214,7.16846,0.60639,1.69519,4.71298,1.29914,0.53147,2.66562,2.52338,2.24625,6.01579,7.16846,0.15196,2.80577
2026-02-19 20:00:00,2.30645,0,0.39143,0.59106,0.56306,0.11301,0.82109,0.52006,0.97479,0.11959,0.2905,2.6494,0.58722,1.67319,2.6898,0.09058,0.0967,0.06326,0.02685,0.85709,0.1489,2.27625,0.54366,0.27613,0.18476,1.18913,2.84111,4.62333,0.07562,0.292,0.30003,2.46332,1.34215,0.52332,0.04121,7.22774,0.61805,1.67319,4.62333,1.34215,0.52332,2.6898,2.5668,2.27625,6.06573,7.22774,0.15113,2.80529
2026-02-19 21:00:00,2.4421,0,0.3914,0.60157,0.59907,0.21102,1.12313,0.56906,1.02249,0.11897,0.2894,2.88468,0.80072,1.63518,2.70955,0.08536,0.10205,0.08675,0.02483,0.98101,0.24341,2.30126,0.55791,0.25828,0.18392,1.10112,2.84224,4.54054,0.07744,0.26493,0.30503,2.54361,1.38015,0.51523,0.04693,7.29914,0.62971,1.63518,4.54054,1.38015,0.51523,2.70955,2.59957,2.30126,6.11105,7.29914,0.15051,2.80476
2026-02-19 22:00:00,2.57775,0,0.38346,0.6389,0.69608,0.24803,1.16713,0.68308,1.13071,0.11858,0.28831,3.12006,1.16574,1.62018,2.72948,0.07444,0.10739,0.1075,0.02483,1.1085,0.36077,2.33626,0.60943,0.19324,0.18308,1.02511,2.84337,4.45277,0.07769,0.18309,0.30003,2.62415,1.39115,0.51322,0.04693,7.34692,0.64136,1.62018,4.45277,1.39115,0.51322,2.72948,2.63804,2.33626,6.15171,7.34692,0.15014,2.80414
2026-02-19 23:00:00,2.7134,0.0224,0.43128,0.65807,0.76809,0.23703,1.10412,0.81109,1.24114,0.11819,0.28722,3.35533,1.32985,1.59118,2.74447,0.06516,0.11274,0.11906,0.09142,1.1758,0.40343,2.36626,0.62155,0.15606,0.18224,0.95511,2.8445,4.37172,0.077,0.10737,0.30703,2.70457,1.41216,0.51725,0.04693,7.39481,0.65302,1.59118,4.37172,1.41216,0.51725,2.74447,2.67122,2.36626,6.18746,7.39481,0.14962,2.80343
2026-02-20 00:00:00,2.74391,0.04395,0.45518,0.67724,0.79809,0.26203,1.04112,0.8801,1.35574,0.11803,0.28643,3.52112,1.37146,1.56217,2.74947,0.06338,0.11809,0.15556,0.09334,1.21562,0.43879,2.39727,0.74315,0.17494,0.1814,0.8981,2.84563,4.28581,0.07737,0.09751,0.30503,2.78461,1.42316,0.52943,0.05093,7.41882,0.66467,1.56217,4.28581,1.42316,0.52943,2.74947,2.69344,2.39727,6.21851,7.41882,0.14875,2.8026
2026-02-20 01:00:00,2.76369,0.10378,0.42328,0.7045,0.81809,0.28703,1.03612,0.8791,1.50017,0.11788,0.28535,3.51841,1.26507,1.54717,2.76949,0.06076,0.10283,0.19071,0.08953,1.18728,0.46523,2.43727,0.7149,0.21205,0.18073,0.84709,2.83955,4.22342,0.07846,0.13506,0.29503,2.80017,1.43416,0.54798,0.05508,7.46691,0.65904,1.54717,4.22342,1.43416,0.54798,2.76949,2.72691,2.43727,6.24518,7.46691,0.14774,2.80163
2026-02-20 02:00:00,2.78348,0.11463,0.42331,0.74084,0.8781,0.28803,0.98811,0.94611,1.64206,0.11771,0.2846,3.51572,1.11238,1.52517,2.77953,0.05989,0.08757,0.18853,0.07859,1.15414,0.49267,2.45327,0.5779,0.18378,0.18006,0.80409,2.83345,4.15594,0.07634,0.14186,0.29703,2.81593,1.42316,0.57188,0.0583,7.52723,0.65341,1.52517,4.15594,1.42316,0.57188,2.77953,2.75496,2.45327,6.26766,7.52723,0.14695,2.80045
2026-02-20 03:00:00,2.80326,0.11979,0.44723,0.77917,1.03612,0.24003,0.8611,1.00911,1.75097,0.11756,0.28357,3.51316,0.9791,1.49617,2.78455,0.05734,0.07231,0.18567,0.07684,1.16809,0.53284,2.47828,0.51796,0.15553,0.17939,0.77209,2.82736,4.09463,0.07599,0.13756,0.29703,2.83191,1.39116,0.60372,0.065,7.5635,0.64778,1.49617,4.09463,1.39116,0.60372,2.78455,2.77747,2.47828,6.28648,7.5635,0.14635,2.79902
2026-02-20 04:00:00,2.82304,0.1206,0.47907,0.81643,1.17413,0.20502,0.75308,1.00011,1.83557,0.1174,0.28275,3.51062,0.80072,1.47916,2.79963,0.05241,0.05704,0.17644,0.18808,1.12636,0.52697,2.50928,0.51736,0.16445,0.17871,0.74408,2.82127,4.03934,0.0749,0.14495,0.29503,2.84812,1.35815,0.64334,0.08071,7.58774,0.64215,1.47916,4.03934,1.35815,0.64334,2.79963,2.80007,2.50928,6.30243,7.58774,0.14599,2.79722
2026-02-20 05:00:00,2.84283,0.11681,0.46459,0.88085,1.14013,0.16802,0.65207,0.9271,1.89378,0.11724,0.28203,3.50811,0.65203,1.45416,2.8097,0.05322,0.04178,0.16066,0.18313,1.00915,0.51538,2.53028,0.45972,0.17336,0.17804,0.72508,2.81518,3.99541,0.07559,0.15236,0.29503,2.86418,1.32615,0.68537,0.08984,7.59987,0.63652,1.45416,3.99541,1.32615,0.68537,2.8097,2.82844,2.53028,6.31589,7.59987,0.1455,2.79492
2026-02-20 06:00:00,2.86261,0.10914,0.4849,0.9281,1.04712,0.14502,0.51506,0.8631,1.94041,0.11708,0.28137,3.50562,0.54227,1.43716,2.81979,0.04848,0.02652,0.14468,0.1856,0.86827,0.47608,2.54628,0.34432,0.17303,0.17737,0.71008,2.80908,3.94631,0.07415,0.15978,0.29203,2.87992,1.30515,0.73227,0.0885,7.612,0.63089,1.43716,3.94631,1.30515,0.73227,2.81979,2.86264,2.54628,6.32715,7.612,0.14467,2.79184
2026-02-20 07:00:00,2.84505,0.10149,0.54602,0.94811,0.96711,0.13201,0.34504,0.82709,1.97849,0.11692,0.28075,3.41806,0.46605,1.42316,2.8299,0.04468,0.02428,0.12966,0.19058,0.77433,0.444,2.57729,0.40096,0.19164,0.17682,0.69908,2.7497,3.89216,0.07412,0.14315,0.28703,2.83165,1.28314,0.78097,0.08718,7.62414,0.61486,1.42316,3.89216,1.28314,0.78097,2.8299,2.90277,2.57729,6.33686,7.62414,0.1437,2.78754
2026-02-20 08:00:00,2.82748,0.09628,0.55888,0.96711,0.8951,0.12001,0.36904,0.78609,2.00341,0.11655,0.28003,3.33061,0.39564,1.40916,2.84001,0.04249,0.02204,0.11334,0.18808,0.70541,0.40343,2.60929,0.49786,0.20094,0.17627,0.69708,2.69031,3.876,0.07244,0.14374,0.29003,2.78357,1.27314,0.82958,0.08456,7.62414,0.59884,1.40916,3.876,1.27314,0.82958,2.84001,2.93737,2.60929,6.34543,7.62414,0.14293,2.78109
2026-02-20 09:00:00,2.80992,0.09168,0.54732,0.96694,0.84009,0.10801,0.45105,0.75608,2.0194,0.11613,0.27931,3.24326,0.31692,1.39516,2.8552,0.03827,0.0198,0.10094,0.16861,0.58378,0.37935,2.63029,0.47811,0.18237,0.17572,0.71208,2.63093,3.85451,0.07213,0.14371,0.28503,2.73569,1.25714,0.87455,0.08198,7.63629,0.58281,1.39516,3.85451,1.25714,0.87455,2.8552,2.98959,2.63029,6.35256,7.63629,0.14236,2.77033
2026-02-20 10:00:00,2.79235,0.08438,0.54837,0.94554,0.79309,0.10801,0.46105,0.72008,2.01619,0.11558,0.2785,3.15596,0.27801,1.38815,2.87041,0.03691,0.01755,0.09381,0.17099,0.55119,0.35622,2.6563,0.41534,0.17827,0.17516,0.73508,2.57155,3.83309,0.07003,0.12685,0.29003,2.68805,1.24114,0.92503,0.07944,7.63629,0.56678,1.38815,3.83309,1.24114,0.92503,2.87041,3.03636,2.6563,6.35848,7.63629,0.14202,2.74881
2026-02-20 11:00:00,2.77479,0.07177,0.55923,0.84845,0.72408,0.09601,0.42605,0.68708,2.0066,0.11508,0.27774,3.06865,0.24779,1.37815,2.87549,0.03235,0.01531,0.08479,0.13808,0.5186,0.32539,2.6883,0.35258,0.17417,0.17461,0.77809,2.51216,3.82774,0.07043,0.10998,0.29203,2.64027,1.23114,0.97676,0.0757,7.63629,0.55076,1.37815,3.82774,1.23114,0.97676,2.87549,3.08344,2.6883,6.36411,7.63629,0.14155,2.68425
2026-02-20 12:00:00,2.75722,0.05288,0.58742,0.78675,0.70008,0.08401,0.40605,0.65407,1.95959,0.11462,0.27699,2.9813,0.2226,1.37115,2.89075,0.03173,0.01307,0.07675,0.14043,0.48601,0.30446,2.7203,0.28984,0.17007,0.17406,0.84309,2.45277,3.81707,0.06999,0.09512,0.29003,2.59217,1.22014,1.02245,0.07205,7.63629,0.53473,1.37115,3.81707,1.22014,1.02245,2.89075,3.13679,2.7203,6.36984,7.63629,0.14075,2.3702
2026-02-20 13:00:00,2.72094,0.04134,0.56,0.75912,0.63907,0.07201,0.39304,0.62807,1.88758,0.11412,0.27616,2.88323,0.19913,1.37815,2.91114,0.03049,0.01277,0.0703,0.12,0.46213,0.28443,2.74631,0.2893,0.16597,0.1736,0.9191,2.42361,3.82774,0.06942,0.09401,0.29003,2.52813,1.21013,1.06242,0.06966,7.64845,0.51626,1.37815,3.82774,1.21013,1.06242,2.91114,3.17856,2.74631,6.37589,7.64845,0.13982,2.22116
2026-02-20 14:00:00,2.68466,0.03541,0.52993,0.70428,0.60214,0.0706,0.36463,0.5913,1.8202,0.11357,0.27524,2.78514,0.18842,1.37115,2.94237,0.03018,0.01247,0.06708,0.1244,0.43824,0.26425,2.77931,0.28871,0.16188,0.17314,1.00511,2.39444,3.83844,0.06887,0.09391,0.28703,2.46431,1.19456,1.09578,0.06192,7.66578,0.49778,1.37115,3.83844,1.19456,1.09578,2.94237,3.2153,2.77931,6.38269,7.66578,0.13909,2.20668
2026-02-20 15:00:00,2.64838,0.02867,0.49986,0.67844,0.56359,0.06677,0.34717,0.55213,1.75994,0.11308,0.27427,2.68708,0.17839,1.37146,2.97518,0.02987,0.01217,0.06293,0.10957,0.41436,0.24489,2.82653,0.28812,0.15779,0.17268,1.15085,2.36527,3.86519,0.0683,0.09164,0.28637,2.40066,1.2457,1.12558,0.0564,7.68542,0.47931,1.37146,3.86519,1.2457,1.12558,2.97518,3.24534,2.82653,6.39066,7.68542,0.13855,2.20185
2026-02-20 16:00:00,2.6121,0.02158,0.47142,0.64662,0.52578,0.05746,0.32913,0.51165,1.70761,0.11249,0.27334,2.58899,0.16895,1.38186,3.00939,0.02955,0.01186,0.05927,0.09548,0.39048,0.22808,2.87347,0.28754,0.15369,0.17221,1.27036,2.3361,3.90725,0.06773,0.09012,0.28591,2.33722,1.31907,1.15245,0.05195,7.70765,0.46083,1.38186,3.90725,1.31907,1.15245,3.00939,3.2696,2.87347,6.40038,7.70765,0.13822,2.19944
2026-02-20 17:00:00,2.57582,0.01358,0.44503,0.60335,0.49022,0.05167,0.30817,0.47161,1.65929,0.11214,0.2721,2.49082,0.16001,1.40482,3.04564,0.02925,0.01156,0.0563,0.08142,0.36659,0.21343,2.91822,0.28696,0.1496,0.17175,1.36616,2.30693,3.96644,0.06718,0.08894,0.28534,2.27368,1.3362,1.17689,0.04681,7.73265,0.44236,1.40482,3.96644,1.3362,1.17689,3.04564,3.28943,2.91822,6.41229,7.73265,0.13777,2.19799
2026-02-20 18:00:00,2.53954,0.00393,0.42096,0.56708,0.45889,0.0503,0.2835,0.43517,1.61119,0.11156,0.27114,2.39259,0.15151,1.44127,3.08492,0.02894,0.01126,0.05197,0.06814,0.34271,0.19963,2.95973,0.28638,0.14551,0.17129,1.44504,2.27776,4.03546,0.06661,0.088,0.28445,2.2098,1.3376,1.19946,0.04118,7.76051,0.42388,1.44127,4.03546,1.3376,1.19946,3.08492,3.30627,2.95973,6.42697,7.76051,0.137,2.19702
2026-02-20 19:00:00,2.51306,0,0.3994,0.5369,0.43561,0.05002,0.25935,0.40608,1.5628,0.11097,0.27016,2.32412,0.14343,1.48982,3.12845,0.02867,0.01124,0.04881,0.05516,0.32282,0.18481,2.99731,0.28581,0.14141,0.17089,1.5186,2.28081,4.10706,0.06605,0.08719,0.28382,2.17297,1.33376,1.21924,0.03687,7.79124,0.40864,1.48982,4.10706,1.33376,1.21924,3.12845,3.32128,2.99731,6.44516,7.79124,0.13612,2.19633
2026-02-20 20:00:00,2.48657,0,0.38029,0.51095,0.41256,0.0494,0.23897,0.39126,1.51583,0.11061,0.26889,2.25554,0.13572,1.5457,3.17715,0.02839,0.01122,0.04647,0.04208,0.30293,0.1696,3.03083,0.28524,0.13733,0.17049,1.57352,2.28386,4.17867,0.0655,0.08645,0.28333,2.13631,1.32656,1.23514,0.03406,7.82492,0.39339,1.5457,4.17867,1.32656,1.23514,3.17715,3.33516,3.03083,6.46742,7.82492,0.13542,2.19582
2026-02-20 21:00:00,2.46009,0,0.36334,0.48745,0.3904,0.04686,0.22218,0.37824,1.47167,0.11004,0.2679,2.18694,0.12834,1.59986,3.2312,0.02812,0.01121,0.04408,0.04156,0.28304,0.1563,3.06055,0.28467,0.13324,0.1701,1.59969,2.2869,4.24905,0.06494,0.08573,0.28312,2.09984,1.31877,1.24781,0.03217,7.86171,0.37815,1.59986,4.24905,1.31877,1.24781,3.2312,3.34843,3.06055,6.49393,7.86171,0.1349,2.19541
2026-02-20 22:00:00,2.4336,0,0.34854,0.46139,0.36998,0.03993,0.20794,0.36321,1.42995,0.10967,0.26692,2.11843,0.12129,1.64551,3.28975,0.02785,0.01119,0.04301,0.04115,0.26316,0.14531,3.087,0.28411,0.12915,0.1697,1.59952,2.28995,4.31908,0.06438,0.08508,0.28339,2.06357,1.31079,1.25779,0.0306,7.90174,0.3629,1.64551,4.31908,1.31079,1.25779,3.28975,3.36163,3.087,6.52451,7.90174,0.13458,2.19509
2026-02-20 23:00:00,2.40712,0,0.33574,0.42884,0.35182,0.03574,0.19498,0.34685,1.38857,0.10933,0.26594,2.04981,0.11453,1.68162,3.35119,0.02758,0.01117,0.04242,0.04083,0.24327,0.1361,3.11075,0.28356,0.12507,0.1693,1.57745,2.293,4.37667,0.06383,0.08439,0.28298,2.02718,1.30394,1.26541,0.02855,7.94508,0.34766,1.68162,4.37667,1.30394,1.26541,3.35119,3.37545,3.11075,6.55886,7.94508,0.13415,2.19483
2026-02-21 00:00:00,2.38063,0,0.32441,0.40265,0.33622,0.03497,0.18144,0.3299,1.34508,0.1092,0.26523,1.98117,0.10805,1.70861,3.41364,0.02731,0.01115,0.04184,0.04061,0.22338,0.12773,3.1324,0.283,0.12098,0.1689,1.53731,2.29604,4.41796,0.06327,0.08374,0.28198,1.9905,1.29865,1.27081,0.02617,7.99167,0.33241,1.70861,4.41796,1.29865,1.27081,3.41364,3.39051,3.1324,6.59664,7.99167,0.13342,2.19461
2026-02-21 01:00:00,2.37006,0,0.31412,0.38214,0.3229,0.03521,0.16815,0.31351,1.29927,0.10909,0.26426,2.01671,0.10182,1.72747,3.4754,0.02705,0.01113,0.04126,0.04045,0.21142,0.11898,3.15253,0.28245,0.11689,0.16855,1.48243,2.30076,4.44293,0.06271,0.08308,0.2809,1.99008,1.29387,1.2763,0.02406,8.04138,0.32162,1.72747,4.44293,1.29387,1.2763,3.4754,3.4073,3.15253,6.63736,8.04138,0.13256,2.19442
2026-02-21 02:00:00,2.35949,0,0.30453,0.36592,0.31106,0.03535,0.15718,0.29852,1.25326,0.10899,0.26357,2.05228,0.09584,1.73935,3.53505,0.02679,0.01111,0.04068,0.04022,0.19946,0.11012,3.17171,0.28191,0.11281,0.1682,1.41527,2.30546,4.45297,0.06217,0.0824,0.28006,1.98987,1.28927,1.27845,0.02262,8.09403,0.31083,1.73935,4.45297,1.28927,1.27845,3.53505,3.42616,3.17171,6.68024,8.09403,0.13189,2.19426
2026-02-21 03:00:00,2.34892,0,0.29544,0.35596,0.30039,0.0345,0.1483,0.28482,1.20829,0.10888,0.26263,2.08795,0.09009,1.74511,3.59152,0.02653,0.0111,0.04014,0.03972,0.18751,0.10243,3.19056,0.28136,0.10873,0.16785,1.33547,2.31018,4.44875,0.06162,0.08174,0.27939,1.98981,1.28473,1.28251,0.02159,8.14933,0.30005,1.74511,4.44875,1.28473,1.28251,3.59152,3.44729,3.19056,6.72426,8.14933,0.13138,2.19413
2026-02-21 04:00:00,2.33835,0,0.28684,0.34305,0.2911,0.03141,0.14088,0.27178,1.16374,0.10878,0.26188,2.12367,0.08454,1.74551,3.64404,0.02626,0.01108,0.03965,0.03933,0.17555,0.09612,3.20962,0.28082,0.10465,0.1675,1.24983,2.31489,4.42889,0.06106,0.08109,0.27893,1.98994,1.28021,1.28615,0.0207,8.20667,0.28926,1.74551,4.42889,1.28021,1.28615,3.64404,3.47073,3.20962,6.76845,8.20667,0.13107,2.19401
2026-02-21 05:00:00,2.32778,0,0.27869,0.3243,0.28322,0.02978,0.13422,0.25894,1.1189,0.10868,0.26121,2.15938,0.0792,1.74137,3.69213,0.02601,0.01106,0.03938,0.03902,0.16359,0.09088,3.22942,0.28029,0.10057,0.16715,1.16671,2.31959,4.39448,0.06051,0.08045,0.27839,1.98998,1.27626,1.2888,0.01958,8.26533,0.27847,1.74137,4.39448,1.27626,1.2888,3.69213,3.49639,3.22942,6.81195,8.26533,0.13066,2.1939
2026-02-21 06:00:00,2.31721,0,0.27091,0.30928,0.27663,0.02996,0.12708,0.24619,1.07361,0.10858,0.26065,2.19512,0.07405,1.73342,3.73554,0.02575,0.01104,0.0391,0.03881,0.15163,0.08614,3.25034,0.27975,0.09649,0.1668,1.08526,2.32431,4.34897,0.05996,0.0798,0.27753,1.98971,1.27307,1.29027,0.01829,8.32457,0.26768,1.73342,4.34897,1.27307,1.29027,3.73554,3.52398,3.25034,6.85397,8.32457,0.12994,2.1938
2026-02-21 07:00:00,2.30369,0,0.26342,0.29735,0.27112,0.03064,0.11971,0.23392,1.02826,0.1085,0.26013,2.20695,0.06905,1.72239,3.77421,0.0255,0.01102,0.03883,0.03866,0.14611,0.08119,3.27273,0.27922,0.09241,0.16648,1.00437,2.32633,4.29521,0.05941,0.07914,0.2766,1.97898,1.27013,1.2909,0.01728,8.38364,0.26023,1.72239,4.29521,1.27013,1.2909,3.77421,3.55312,3.27273,6.89377,8.38364,0.12912,2.19372
2026-02-21 08:00:00,2.29017,0,0.25612,0.28722,0.26635,0.03122,0.1135,0.22266,0.98332,0.10815,0.2595,2.21888,0.06423,1.70912,3.80828,0.02526,0.011,0.03855,0.03843,0.1406,0.07619,3.29678,0.2787,0.08833,0.16617,0.94099,2.32834,4.23512,0.05887,0.07854,0.27581,1.96842,1.26727,1.29107,0.01658,8.44181,0.25277,1.70912,4.23512,1.26727,1.29107,3.80828,3.58326,3.29678,6.93069,8.44181,0.12846,2.19364
2026-02-21 09:00:00,2.27665,0,0.24901,0.27897,0.26218,0.03113,0.10944,0.21239,0.93839,0.10778,0.25886,2.23091,0.05957,1.69444,3.83802,0.02501,0.01099,0.03827,0.03794,0.13508,0.07188,3.32254,0.27817,0.08426,0.16585,0.88149,2.33037,4.17685,0.05833,0.07788,0.27521,1.95805,1.26444,1.29081,0.01609,8.49839,0.24532,1.69444,4.17685,1.26444,1.29081,3.83802,3.61388,3.32254,6.9643,8.49839,0.12798,2.19357
2026-02-21 10:00:00,2.26313,0,0.24221,0.26786,0.25867,0.02953,0.10591,0.20254,0.89318,0.10726,0.25817,2.24301,0.05504,1.67902,3.86379,0.02476,0.01097,0.038,0.03755,0.12956,0.06838,3.35,0.27765,0.08406,0.16553,0.82661,2.33238,4.11837,0.05778,0.07722,0.27479,1.94784,1.19495,1.29019,0.01566,8.55276,0.23787,1.67902,4.11837,1.19495,1.29019,3.86379,3.64443,3.35,6.9943,8.55276,0.12768,2.19351
2026-02-21 11:00:00,2.24961,0,0.23577,0.25124,0.25579,0.02888,0.10244,0.19257,0.84817,0.1068,0.2575,2.25511,0.05065,1.66328,3.88605,0.02453,0.01095,0.03773,0.03724,0.12405,0.0655,3.37893,0.27713,0.08387,0.16522,0.77663,2.3344,4.0597,0.05724,0.07661,0.27427,1.93754,1.10356,1.28925,0.01511,8.60434,0.23041,1.66328,4.0597,1.10356,1.28925,3.88605,3.67453,3.37893,7.02067,8.60434,0.12728,2.19345
2026-02-21 12:00:00,2.23609,0,0.22972,0.23797,0.25133,0.02816,0.09866,0.18551,0.80301,0.10637,0.25686,2.26715,0.04875,1.64762,3.90524,0.02428,0.01093,0.03745,0.03704,0.11853,0.06243,3.40911,0.27662,0.08367,0.1649,0.73088,2.33642,4.00175,0.05669,0.07594,0.27346,1.92695,1.07189,1.28803,0.01449,8.65079,0.22296,1.64762,4.00175,1.07189,1.28803,3.90524,3.70382,3.40911,7.04362,8.65079,0.1266,2.16559
2026-02-21 13:00:00,2.21891,0,0.22408,0.22767,0.24726,0.02776,0.09469,0.17855,0.75933,0.1059,0.25616,2.21703,0.04697,1.63461,3.92185,0.02404,0.01091,0.0372,0.03689,0.11595,0.05923,3.44016,0.27611,0.08348,0.16461,0.68909,2.33625,3.94731,0.05614,0.07533,0.27256,1.90926,1.06012,1.28666,0.01399,8.69256,0.2177,1.63461,3.94731,1.06012,1.28666,3.92185,3.73205,3.44016,7.06342,8.69256,0.12582,2.13517
2026-02-21 14:00:00,2.20172,0,0.21884,0.21955,0.24343,0.0273,0.09104,0.17228,0.71854,0.10537,0.25534,2.16688,0.0453,1.62815,3.93662,0.02381,0.01089,0.03693,0.03669,0.11338,0.056,3.47174,0.27561,0.08329,0.16432,0.65104,2.33609,3.89485,0.05561,0.07467,0.27181,1.89173,0.98832,1.28529,0.01365,8.73147,0.21243,1.62815,3.89485,0.98832,1.28529,3.93662,3.75897,3.47174,7.0803,8.73147,0.1252,2.13135
2026-02-21 15:00:00,2.18454,0,0.21399,0.21368,0.2398,0.02639,0.08779,0.16685,0.68183,0.1049,0.25449,2.11676,0.04373,1.62892,3.95051,0.02357,0.01087,0.03666,0.03624,0.11081,0.05317,3.50349,0.2751,0.08311,0.16403,0.61625,2.33593,3.84473,0.05507,0.07402,0.27123,1.87437,0.8965,1.28388,0.0134,8.76727,0.20717,1.62892,3.84473,0.8965,1.28388,3.95051,3.78268,3.50349,7.09453,8.76727,0.12473,2.12752
2026-02-21 16:00:00,2.16735,0,0.20958,0.20615,0.23645,0.02449,0.08482,0.16185,0.64895,0.10434,0.25364,2.06663,0.04226,1.63525,3.96455,0.02333,0.01086,0.03641,0.0359,0.10823,0.05082,3.53507,0.2746,0.08292,0.16374,0.5843,2.33576,3.79718,0.05452,0.07341,0.27083,1.85717,0.86468,1.28245,0.01319,8.79984,0.20191,1.63525,3.79718,0.86468,1.28245,3.96455,3.79761,3.53507,7.10643,8.79984,0.12445,2.1237
2026-02-21 17:00:00,2.15017,0,0.20574,0.19534,0.23342,0.02321,0.08207,0.15684,0.6188,0.10402,0.2525,2.01642,0.04087,1.64576,3.97959,0.02311,0.01084,0.03615,0.03562,0.10566,0.04884,3.56613,0.2741,0.08273,0.16345,0.5548,2.3356,3.75229,0.05399,0.07276,0.27032,1.83989,0.85308,1.28099,0.01291,8.82915,0.19664,1.64576,3.75229,0.85308,1.28099,3.97959,3.81425,3.56613,7.1163,8.82915,0.12407,2.11987
2026-02-21 18:00:00,2.13298,0,0.20252,0.18664,0.23066,0.02274,0.07924,0.15166,0.5893,0.10346,0.25162,1.96614,0.03957,1.65942,3.99615,0.02287,0.01082,0.03589,0.03543,0.10308,0.04703,3.59583,0.2736,0.08254,0.16316,0.52742,2.33544,3.71006,0.05344,0.07214,0.26954,1.82232,0.84841,1.27951,0.01259,8.85525,0.19138,1.65942,3.71006,0.84841,1.27951,3.99615,3.8314,3.59583,7.12438,8.85525,0.12342,2.11604
2026-02-21 19:00:00,2.12308,0,0.19983,0.17978,0.22809,0.02247,0.0764,0.1465,0.55912,0.10291,0.25072,1.93105,0.03836,1.67548,4.01452,0.02264,0.0108,0.03565,0.03529,0.10167,0.04515,3.62309,0.27311,0.08238,0.16289,0.50189,2.33729,3.67046,0.0529,0.0715,0.26866,1.8147,0.84606,1.27803,0.01233,8.87829,0.18765,1.67548,3.67046,0.84606,1.27803,4.01452,3.8484,3.62309,7.13094,8.87829,0.12266,2.11222
2026-02-21 20:00:00,2.11319,0,0.19749,0.17416,0.22562,0.02217,0.0738,0.14178,0.5291,0.10259,0.24953,1.89583,0.03722,1.69339,4.03481,0.02242,0.01078,0.0354,0.03507,0.10026,0.04323,3.64801,0.27261,0.08221,0.16262,0.47796,2.33915,3.63334,0.05238,0.07085,0.26794,1.80725,0.84448,1.27453,0.01215,8.89842,0.18391,1.69339,3.63334,0.84448,1.27453,4.03481,3.86488,3.64801,7.13617,8.89842,0.12206,2.10839
2026-02-21 21:00:00,2.10329,0,0.19537,0.16985,0.22322,0.02156,0.07146,0.13761,0.50096,0.10204,0.2486,1.86059,0.03615,1.71264,4.05697,0.02219,0.01077,0.03514,0.03458,0.09885,0.04156,3.67149,0.27212,0.08205,0.16236,0.45532,2.34101,3.59856,0.05184,0.07021,0.26738,1.79995,0.84316,1.26632,0.01202,8.91582,0.18018,1.71264,3.59856,0.84316,1.26632,4.05697,3.88072,3.67149,7.14028,8.91582,0.12162,2.10457
2026-02-21 22:00:00,2.09339,0,0.19345,0.16432,0.22097,0.02029,0.06931,0.13368,0.47573,0.10173,0.24769,1.82543,0.03514,1.73278,4.08089,0.02196,0.01075,0.03489,0.0342,0.09743,0.04017,3.69395,0.27163,0.08188,0.16209,0.43334,2.34286,3.56595,0.0513,0.06957,0.26698,1.79279,0.84192,1.25487,0.01191,8.93072,0.17644,1.73278,3.56595,0.84192,1.25487,4.08089,3.89592,3.69395,7.14338,8.93072,0.12134,2.10074
2026-02-21 23:00:00,2.0835,0,0.19176,0.15636,0.21891,0.01944,0.06821,0.12961,0.45312,0.10142,0.24679,1.79016,0.0342,1.75343,4.10638,0.02175,0.01073,0.03464,0.0339,0.09602,0.039,3.71557,0.27116,0.08171,0.16182,0.41152,2.34472,3.53528,0.05078,0.06894,0.26648,1.78557,0.84084,1.24284,0.01176,8.94331,0.17271,1.75343,3.53528,0.84084,1.24284,4.10638,3.91477,3.71557,7.1456,8.94331,0.12097,2.09691
2026-02-22 00:00:00,2.0736,0,0.19029,0.14998,0.21699,0.01913,0.06708,0.12524,0.4324,0.10135,0.24613,1.75486,0.03331,1.77428,4.13323,0.02152,0.01071,0.03439,0.0337,0.09461,0.03792,3.73641,0.2707,0.08155,0.16155,0.39049,2.34658,3.50628,0.05024,0.06833,0.26575,1.77809,0.83995,1.22902,0.01158,8.9538,0.16897,1.77428,3.50628,0.83995,1.22902,4.13323,3.93322,3.73641,7.14702,8.9538,0.12035,2.09309
2026-02-22 01:00:00,2.07491,0,0.18899,0.14497,0.21515,0.01895,0.06595,0.12077,0.41346,0.10128,0.24523,1.8105,0.03248,1.79508,4.16116,0.0213,0.01069,0.03414,0.03356,0.09373,0.03679,3.75669,0.27025,0.08164,0.1613,0.37082,2.3574,3.47871,0.04971,0.0677,0.26489,1.79039,0.83912,1.21099,0.01144,8.9623,0.16624,1.79508,3.47871,0.83912,1.21099,4.16116,3.95149,3.75669,7.14776,8.9623,0.11962,2.09789
2026-02-22 02:00:00,2.07623,0,0.18774,0.14092,0.21334,0.01874,0.06497,0.11668,0.39713,0.10121,0.24461,1.86619,0.03169,1.81568,4.18993,0.02109,0.01068,0.03392,0.03337,0.09286,0.03563,3.77701,0.2698,0.08172,0.16104,0.35234,2.36821,3.45356,0.04918,0.06707,0.2642,1.80283,0.80497,1.1903,0.01134,8.96889,0.16351,1.81568,3.45356,0.80497,1.1903,4.18993,3.96978,3.77701,7.14793,8.96889,0.11904,2.10269
2026-02-22 03:00:00,2.07754,0,0.18649,0.1379,0.21156,0.01834,0.06414,0.1132,0.38349,0.10114,0.24373,1.92197,0.03095,1.83594,4.21929,0.02087,0.01066,0.03367,0.03298,0.09198,0.03462,3.79766,0.26937,0.08181,0.16079,0.33488,2.37904,3.43162,0.04865,0.06645,0.26364,1.81543,0.75972,1.16959,0.01127,8.97357,0.16079,1.83594,3.43162,0.75972,1.16959,4.21929,3.9883,3.79766,7.14761,8.97357,0.11861,2.10749
2026-02-22 04:00:00,2.07885,0,0.18525,0.13398,0.20986,0.01749,0.06342,0.1101,0.37146,0.10108,0.24305,1.97778,0.03025,1.85573,4.24898,0.02066,0.01064,0.03342,0.03267,0.0911,0.03378,3.81849,0.26896,0.0819,0.16054,0.31837,2.38986,3.41032,0.04811,0.06583,0.26326,1.82818,0.7441,1.14971,0.0112,8.97642,0.15806,1.85573,3.41032,0.7441,1.14971,4.24898,4.00717,3.81849,7.1469,8.97642,0.11835,2.11229
2026-02-22 05:00:00,2.08017,0,0.18409,0.1283,0.20829,0.01692,0.06277,0.10708,0.36004,0.10101,0.24246,2.03361,0.02959,1.87499,4.27877,0.02046,0.01063,0.03319,0.03242,0.09023,0.03307,3.83943,0.26861,0.08198,0.16028,0.30284,2.40067,3.38975,0.04759,0.06522,0.26278,1.84086,0.73844,1.13088,0.0111,8.97744,0.15533,1.87499,3.38975,0.73844,1.13088,4.27877,4.02651,3.83943,7.14593,8.97744,0.118,2.11709
2026-02-22 06:00:00,2.08148,0,0.18303,0.12374,0.2068,0.01671,0.06211,0.10397,0.3487,0.10094,0.24194,2.08945,0.02897,1.89334,4.30845,0.02024,0.01061,0.03295,0.03226,0.08935,0.03242,3.86051,0.2683,0.08207,0.16003,0.28666,2.4115,3.36994,0.04705,0.06461,0.26205,1.85327,0.73619,1.11313,0.01098,8.97664,0.1526,1.89334,3.36994,0.73619,1.11313,4.30845,4.04639,3.86051,7.14486,8.97664,0.11739,2.12189
2026-02-22 07:00:00,2.08132,0,0.18202,0.12015,0.20535,0.01659,0.06143,0.10087,0.33772,0.10087,0.24151,2.11219,0.02839,1.91033,4.33778,0.02004,0.01059,0.03271,0.03213,0.0887,0.03174,3.88176,0.26802,0.08254,0.15979,0.27163,2.42818,3.35077,0.04652,0.06401,0.26123,1.85188,0.73507,1.09643,0.01089,8.97403,0.15059,1.91033,3.35077,0.73507,1.09643,4.33778,4.06688,3.88176,7.14377,8.97403,0.11669,2.12669
2026-02-22 08:00:00,2.08115,0,0.18101,0.11718,0.20391,0.01645,0.06083,0.09847,0.32795,0.10056,0.24097,2.13505,0.02784,1.92593,4.36651,0.01983,0.01057,0.03249,0.03194,0.08804,0.03105,3.90326,0.26776,0.08302,0.15955,0.25801,2.44486,3.33221,0.046,0.0634,0.26056,1.85062,0.73433,1.08071,0.01082,8.96968,0.14857,1.92593,3.33221,0.73433,1.08071,4.36651,4.08799,3.90326,7.14267,8.96968,0.11614,2.13149
2026-02-22 09:00:00,2.08099,0,0.17993,0.11488,0.20246,0.01618,0.06032,0.09645,0.3196,0.10022,0.24046,2.158,0.02733,1.94024,4.39442,0.01963,0.01056,0.03225,0.0315,0.08739,0.03045,3.92511,0.26754,0.0835,0.15931,0.24559,2.46155,3.31433,0.04548,0.06278,0.26002,1.84952,0.73371,1.06594,0.01077,8.9637,0.14656,1.94024,3.31433,0.73371,1.06594,4.39442,4.10976,3.92511,7.14162,8.9637,0.11572,2.13629
2026-02-22 10:00:00,2.08083,0,0.17883,0.11187,0.20107,0.0156,0.05988,0.0945,0.31202,0.09975,0.23987,2.18103,0.02685,1.95332,4.4213,0.01943,0.01054,0.03201,0.03116,0.08673,0.02994,3.94734,0.26738,0.08397,0.15907,0.23421,2.47822,3.29727,0.04495,0.06215,0.25966,1.84857,0.73314,1.05204,0.01072,8.95622,0.14454,1.95332,3.29727,0.73314,1.05204,4.4213,4.13215,3.94734,7.14065,8.95622,0.11548,2.14109
2026-02-22 11:00:00,2.08066,0,0.17779,0.10744,0.19977,0.01522,0.05948,0.09249,0.30455,0.09932,0.23933,2.20406,0.02639,1.96525,4.44698,0.01922,0.01052,0.03179,0.0309,0.08608,0.02951,3.97004,0.26735,0.08444,0.15883,0.22383,2.4949,3.28107,0.04443,0.06158,0.25919,1.84754,0.73264,1.03897,0.01064,8.94739,0.14253,1.96525,3.28107,0.73264,1.03897,4.44698,4.1551,3.97004,7.13982,8.94739,0.11514,2.14589
2026-02-22 12:00:00,2.0805,0,0.17681,0.1039,0.19853,0.01507,0.05906,0.09036,0.29675,0.09893,0.23884,2.22706,0.02596,1.97611,4.47135,0.01903,0.0105,0.03157,0.03071,0.08542,0.02912,3.99324,0.2674,0.08492,0.15859,0.21442,2.51159,3.26575,0.0439,0.06095,0.25849,1.84626,0.73221,1.02564,0.01054,8.9374,0.14051,1.97611,3.26575,0.73221,1.02564,4.47135,4.17855,3.99324,7.13913,8.9374,0.11457,2.16458
2026-02-22 13:00:00,2.07591,0,0.17589,0.10111,0.19732,0.01499,0.05863,0.08816,0.28881,0.09851,0.23827,2.19723,0.02555,1.98598,4.4943,0.01884,0.01048,0.03134,0.03059,0.08492,0.0287,4.01698,0.26754,0.08501,0.15835,0.20589,2.52841,3.25133,0.04337,0.06037,0.2577,1.83683,0.7318,1.01066,0.01045,8.92643,0.139,1.98598,3.25133,0.7318,1.01066,4.4943,4.2024,4.01698,7.13866,8.92643,0.11391,2.18695
2026-02-22 14:00:00,2.07131,0,0.17494,0.09881,0.19609,0.0149,0.05824,0.08609,0.28153,0.09803,0.23762,2.16738,0.02516,1.99496,4.51574,0.01864,0.01047,0.03113,0.03041,0.08442,0.02826,4.04127,0.26774,0.08509,0.15812,0.1981,2.54522,3.23782,0.04286,0.05974,0.25706,1.82753,0.7314,0.99433,0.01039,8.91465,0.13748,1.99496,3.23782,0.7314,0.99433,4.51574,4.22655,4.04127,7.13843,8.91465,0.11339,2.19542
2026-02-22 15:00:00,2.06672,0,0.17394,0.097,0.19486,0.01471,0.05792,0.08423,0.27522,0.0976,0.23693,2.13758,0.0248,2.00311,4.53565,0.01845,0.01045,0.03091,0.03002,0.08392,0.02788,4.0661,0.26797,0.08518,0.15788,0.19092,2.56205,3.2252,0.04233,0.05915,0.25655,1.81837,0.73101,0.97828,0.01035,8.90226,0.13597,2.00311,3.2252,0.73101,0.97828,4.53565,4.25088,4.0661,7.13852,8.90226,0.113,2.20388
2026-02-22 16:00:00,2.06213,0,0.17291,0.09462,0.19366,0.01431,0.05763,0.08252,0.26944,0.09707,0.23625,2.10776,0.02445,2.0105,4.55395,0.01825,0.01043,0.03069,0.02971,0.08341,0.02757,4.09142,0.26815,0.08527,0.15764,0.18429,2.57887,3.21344,0.04181,0.05854,0.25619,1.80937,0.73061,0.96301,0.01032,8.88939,0.13445,2.0105,3.21344,0.73061,0.96301,4.55395,4.27528,4.09142,7.13896,8.88939,0.11276,2.21235
2026-02-22 17:00:00,2.05753,0,0.17192,0.09109,0.19254,0.01405,0.05736,0.08083,0.26371,0.09677,0.2353,2.07787,0.02412,2.01718,4.5705,0.01806,0.01042,0.03047,0.02947,0.08291,0.0273,4.1172,0.2682,0.08535,0.15741,0.1782,2.59568,3.20248,0.04129,0.05794,0.25573,1.80026,0.73025,0.94863,0.01027,8.87621,0.13294,2.01718,3.20248,0.73025,0.94863,4.5705,4.29961,4.1172,7.13981,8.87621,0.11243,2.22082
2026-02-22 18:00:00,2.05294,0,0.17101,0.08827,0.19146,0.01395,0.05707,0.07909,0.25774,0.09625,0.2346,2.04793,0.02381,2.02321,4.58535,0.01787,0.0104,0.03025,0.02931,0.08241,0.02705,4.14337,0.26814,0.08544,0.15717,0.17264,2.61251,3.19229,0.04077,0.05733,0.25506,1.79094,0.72994,0.93512,0.01022,8.86281,0.13142,2.02321,3.19229,0.72994,0.93512,4.58535,4.32376,4.14337,7.14111,8.86281,0.11188,2.22929
2026-02-22 19:00:00,2.05065,0,0.17014,0.08606,0.19039,0.0139,0.05675,0.07733,0.25176,0.09571,0.23391,2.02986,0.02352,2.02865,4.59864,0.01768,0.01038,0.03004,0.02918,0.08197,0.02678,4.16983,0.26801,0.08577,0.15695,0.16755,2.62419,3.18283,0.04025,0.05675,0.25429,1.79316,0.72964,0.92244,0.01019,8.84926,0.13026,2.02865,3.18283,0.72964,0.92244,4.59864,4.34758,4.16983,7.14291,8.84926,0.11124,2.23775
2026-02-22 20:00:00,2.04835,0,0.16925,0.08428,0.18929,0.01383,0.05647,0.07569,0.24642,0.09543,0.23299,2.01167,0.02325,2.03356,4.61042,0.0175,0.01036,0.02982,0.02899,0.08153,0.0265,4.19651,0.26782,0.0861,0.15673,0.16285,2.63588,3.17406,0.03973,0.05615,0.25366,1.79551,0.72935,0.91055,0.01016,8.83562,0.1291,2.03356,3.17406,0.72935,0.91055,4.61042,4.37095,4.19651,7.14524,8.83562,0.11073,2.24622
2026-02-22 21:00:00,2.04606,0,0.16829,0.08295,0.18819,0.0137,0.05623,0.07423,0.24191,0.09489,0.23236,1.99346,0.02299,2.03799,4.62076,0.01731,0.01035,0.02961,0.02855,0.0811,0.02626,4.22329,0.26759,0.08643,0.15651,0.15848,2.64757,3.16593,0.03922,0.05557,0.25316,1.79799,0.72906,0.89938,0.01014,8.82197,0.12793,2.03799,3.16593,0.72906,0.89938,4.62076,4.39377,4.22329,7.14811,8.82197,0.11035,2.25469
2026-02-22 22:00:00,2.04377,0,0.16732,0.08121,0.18712,0.01343,0.05601,0.07289,0.23783,0.09461,0.23178,1.97535,0.02274,2.04197,4.62968,0.01712,0.01033,0.02941,0.02821,0.08066,0.02606,4.25008,0.26747,0.08675,0.15628,0.15441,2.65925,3.1584,0.0387,0.05495,0.25282,1.80061,0.72877,0.88892,0.01012,8.80843,0.12677,2.04197,3.1584,0.72877,0.88892,4.62968,4.41592,4.25008,7.15157,8.80843,0.11012,2.26316
2026-02-22 23:00:00,2.04147,0,0.16639,0.0787,0.1861,0.01325,0.0558,0.07157,0.23374,0.09431,0.23125,1.95717,0.02251,2.04555,4.63719,0.01694,0.01031,0.0292,0.02794,0.08022,0.02588,4.27674,0.26762,0.08708,0.15606,0.15064,2.67094,3.15142,0.03818,0.05437,0.25237,1.80315,0.7285,0.87911,0.01008,8.79508,0.12561,2.04555,3.15142,0.7285,0.87911,4.63719,4.43731,4.27674,7.15564,8.79508,0.1098,2.27162
2026-02-23 00:00:00,2.03918,0,0.16551,0.07669,0.18512,0.01319,0.05556,0.07021,0.22936,0.0943,0.23095,1.939,0.02229,2.04876,4.64335,0.01676,0.01029,0.029,0.02776,0.07978,0.02572,4.30318,0.26798,0.08741,0.15584,0.14716,2.68262,3.14495,0.03767,0.05377,0.25172,1.80548,0.72826,0.86991,0.01003,8.78203,0.12445,2.04876,3.14495,0.72826,0.86991,4.64335,4.45784,4.30318,7.16029,8.78203,0.10927,2.28009
2026-02-23 01:00:00,2.04137,0,0.16468,0.07511,0.18415,0.01315,0.05528,0.06885,0.22483,0.09426,0.2305,2.00891,0.02209,2.05164,4.64817,0.01658,0.01027,0.02879,0.02764,0.07937,0.02554,4.32929,0.26849,0.08903,0.15587,0.14394,2.69675,3.13896,0.03716,0.05319,0.25097,1.81165,0.72803,0.86128,0.01,8.76937,0.12354,2.05164,3.13896,0.72803,0.86128,4.64817,4.47745,4.32929,7.16557,8.76937,0.10865,2.28856
2026-02-23 02:00:00,2.04357,0,0.16384,0.07383,0.18315,0.0131,0.05503,0.06758,0.22069,0.09425,0.23044,2.0789,0.02189,2.05423,4.6517,0.01641,0.01026,0.02858,0.02748,0.07897,0.02535,4.35494,0.26912,0.09064,0.15589,0.14093,2.71089,3.1334,0.03664,0.05257,0.25037,1.81794,0.72781,0.85318,0.00997,8.75721,0.12263,2.05423,3.1334,0.72781,0.85318,4.6517,4.49607,4.35494,7.17143,8.75721,0.10817,2.29703
2026-02-23 03:00:00,2.04576,0,0.16293,0.07287,0.18213,0.01301,0.05482,0.06645,0.21713,0.09425,0.23019,2.149,0.0217,2.05654,4.65395,0.01623,0.01024,0.02838,0.02714,0.07856,0.02519,4.38006,0.26984,0.09226,0.15592,0.1381,2.72503,3.12825,0.03614,0.05202,0.24988,1.82437,0.72758,0.84558,0.00995,8.74563,0.12172,2.05654,3.12825,0.72758,0.84558,4.65395,4.51367,4.38006,7.1779,8.74563,0.10781,2.29117
2026-02-23 04:00:00,2.04795,0,0.162,0.07164,0.18115,0.01281,0.05463,0.06541,0.21386,0.09425,0.23022,2.21916,0.02152,2.05862,4.655,0.01605,0.01022,0.02818,0.02688,0.07816,0.02505,4.40451,0.27076,0.09387,0.15595,0.13544,2.73916,3.12348,0.03562,0.0514,0.24954,1.83093,0.72736,0.83845,0.00993,8.73475,0.12081,2.05862,3.12348,0.72736,0.83845,4.655,4.53019,4.40451,7.18493,8.73475,0.10759,2.28532
2026-02-23 05:00:00,2.05015,0,0.16111,0.06987,0.18021,0.01268,0.05445,0.06438,0.21055,0.09425,0.23039,2.28944,0.02135,2.06047,4.65486,0.01588,0.01021,0.02798,0.02667,0.07776,0.02493,4.42825,0.27193,0.09548,0.15597,0.13294,2.7533,3.11904,0.03511,0.05082,0.24912,1.83742,0.72715,0.83175,0.00989,8.72466,0.1199,2.06047,3.11904,0.72715,0.83175,4.65486,4.54561,4.42825,7.19252,8.72466,0.1073,2.27946
2026-02-23 06:00:00,2.05234,0,0.16028,0.06845,0.1793,0.01263,0.05426,0.06332,0.20699,0.09427,0.23073,2.35981,0.02119,2.06212,4.65357,0.01571,0.01019,0.02778,0.02653,0.07735,0.02481,4.45117,0.27331,0.0971,0.156,0.13061,2.76743,3.11491,0.0346,0.05022,0.24853,1.84373,0.72696,0.82548,0.00985,8.71539,0.11899,2.06212,3.11491,0.72696,0.82548,4.65357,4.55989,4.45117,7.20064,8.71539,0.10683,2.2736
2026-02-23 07:00:00,2.05104,0,0.15949,0.06732,0.17839,0.0126,0.05405,0.06226,0.20331,0.09429,0.23112,2.42392,0.02103,2.0636,4.6512,0.01554,0.01017,0.02758,0.02642,0.07697,0.02469,4.47322,0.27485,0.09771,0.15629,0.12843,2.74954,3.11107,0.03409,0.04964,0.24786,1.83843,0.72677,0.81959,0.00981,8.70694,0.11826,2.0636,3.11107,0.72677,0.81959,4.6512,4.57303,4.47322,7.20925,8.70694,0.10628,2.26775
2026-02-23 08:00:00,2.04973,0,0.15869,0.06635,0.17746,0.01257,0.05388,0.06126,0.19996,0.09403,0.23137,2.48821,0.02089,2.06492,4.64777,0.01537,0.01016,0.02738,0.02625,0.07659,0.02455,4.49433,0.27651,0.09832,0.15658,0.12637,2.73166,3.10749,0.03358,0.04909,0.24729,1.83326,0.72659,0.81406,0.00978,8.6993,0.11752,2.06492,3.10749,0.72659,0.81406,4.64777,4.58499,4.49433,7.21832,8.6993,0.10584,2.26189
2026-02-23 09:00:00,2.04843,0,0.15783,0.06556,0.1765,0.0125,0.05372,0.06038,0.19708,0.09371,0.23157,2.55266,0.02075,2.06609,4.64331,0.01521,0.01014,0.02718,0.02587,0.07621,0.02443,4.51146,0.27827,0.09892,0.15688,0.12443,2.71377,3.10416,0.03308,0.04847,0.24686,1.8282,0.7264,0.80887,0.00976,8.69249,0.11679,2.06609,3.10416,0.7264,0.80887,4.64331,4.59579,4.51146,7.2278,8.69249,0.10553,2.25603
2026-02-23 10:00:00,2.04712,0,0.15694,0.0645,0.17557,0.01236,0.05358,0.05956,0.19444,0.09323,0.23168,2.61722,0.02061,2.06714,4.6379,0.01504,0.01012,0.02699,0.02557,0.07583,0.02432,4.52756,0.28123,0.09953,0.15717,0.12257,2.69588,3.10105,0.03256,0.04789,0.24656,1.82326,0.72622,0.804,0.00974,8.68649,0.11605,2.06714,3.10105,0.72622,0.804,4.6379,4.60541,4.52756,7.23768,8.68649,0.10535,2.25018
2026-02-23 11:00:00,2.04582,0,0.15609,0.0629,0.17468,0.01227,0.05345,0.05876,0.19176,0.09281,0.2318,2.68178,0.02048,2.06808,4.63155,0.01487,0.01011,0.0268,0.02533,0.07545,0.02423,4.5426,0.28624,0.10014,0.15746,0.12081,2.678,3.09814,0.03205,0.04735,0.24622,1.81831,0.69271,0.79943,0.00971,8.68129,0.11532,2.06808,3.09814,0.69271,0.79943,4.63155,4.61386,4.5426,7.24789,8.68129,0.10513,2.24432
2026-02-23 12:00:00,2.04451,0,0.1553,0.06163,0.17383,0.01224,0.05329,0.05793,0.18888,0.09244,0.23193,2.74626,0.02035,2.06891,4.62429,0.01471,0.01009,0.02662,0.02517,0.07507,0.02413,4.55655,0.29286,0.10075,0.15775,0.11916,2.66011,3.09542,0.03155,0.04682,0.24574,1.81321,0.6481,0.79514,0.00966,8.67688,0.11458,2.06891,3.09542,0.6481,0.79514,4.62429,4.62115,4.55655,7.25839,8.67688,0.10478,2.07442
2026-02-23 13:00:00,2.03998,0,0.15454,0.06063,0.17296,0.01222,0.05311,0.05709,0.1859,0.09201,0.23195,2.71271,0.02023,2.06965,4.6162,0.01455,0.01007,0.02642,0.02506,0.0747,0.024,4.5694,0.30073,0.09966,0.15792,0.11759,2.53624,3.09287,0.03104,0.04627,0.24523,1.80174,0.63313,0.79111,0.00962,8.67323,0.11397,2.06965,3.09287,0.63313,0.79111,4.6162,4.62728,4.5694,7.26914,8.67323,0.10439,1.25759
2026-02-23 14:00:00,2.03546,0,0.15378,0.05981,0.17207,0.01219,0.05296,0.05631,0.1832,0.09153,0.23176,2.67911,0.02011,2.07031,4.60729,0.01439,0.01006,0.02623,0.02488,0.07434,0.02385,4.58111,0.30956,0.09857,0.15808,0.1161,2.41237,3.09047,0.03053,0.0457,0.2448,1.79034,0.62804,0.78733,0.0096,8.67031,0.11336,2.07031,3.09047,0.62804,0.78733,4.60729,4.63226,4.58111,7.28009,8.67031,0.10408,1.34104
2026-02-23 15:00:00,2.03093,0,0.15296,0.05917,0.17116,0.01215,0.05282,0.05562,0.1809,0.09112,0.23143,2.64551,0.02,2.0709,4.59759,0.01423,0.01004,0.02605,0.0245,0.07397,0.02371,4.59169,0.31914,0.09748,0.15824,0.11468,2.2885,3.08821,0.03004,0.04516,0.24446,1.77906,0.62624,0.78378,0.00958,8.66809,0.11275,2.0709,3.08821,0.62624,0.78378,4.59759,4.63612,4.59169,7.29121,8.66809,0.10387,1.42449
2026-02-23 16:00:00,2.0264,0,0.15212,0.05832,0.17027,0.01204,0.05269,0.05498,0.17881,0.09061,0.23105,2.61188,0.01989,2.07141,4.58717,0.01407,0.01002,0.02587,0.02419,0.07361,0.0236,4.60113,0.32731,0.0964,0.15841,0.11331,2.15803,3.08609,0.02953,0.0446,0.24421,1.76785,0.62554,0.78044,0.00956,8.66654,0.11214,2.07141,3.08609,0.62554,0.78044,4.58717,4.63888,4.60113,7.30244,8.66654,0.10375,1.50794
2026-02-23 17:00:00,2.02188,0,0.15131,0.05705,0.16943,0.01198,0.05257,0.05434,0.17668,0.09038,0.23031,2.5781,0.01979,2.07187,4.57606,0.01391,0.01001,0.02568,0.02396,0.07325,0.0235,4.60943,0.33237,0.09531,0.15858,0.11201,2.02757,3.0841,0.02902,0.04401,0.24394,1.75662,0.62521,0.77731,0.00952,8.66561,0.11153,2.07187,3.0841,0.62521,0.77731,4.57606,4.64055,4.60943,7.31374,8.66561,0.10361,1.59138
2026-02-23 18:00:00,2.01735,0,0.15056,0.05603,0.16861,0.01195,0.05242,0.05369,0.17438,0.08987,0.22981,2.54416,0.0197,2.07228,4.56429,0.01376,0.00999,0.02551,0.0238,0.07288,0.02342,4.61659,0.33501,0.09422,0.15874,0.11077,1.8971,3.08221,0.02852,0.04345,0.24361,1.74534,0.62501,0.77437,0.00947,8.66527,0.11092,2.07228,3.08221,0.62501,0.77437,4.56429,4.64116,4.61659,7.32506,8.66527,0.10341,1.67483
2026-02-23 19:00:00,2.01491,0,0.14984,0.05523,0.16778,0.01193,0.05225,0.05304,0.172,0.08962,0.22926,2.52052,0.01961,2.07264,4.55193,0.01361,0.00997,0.02533,0.02369,0.07253,0.02333,4.62262,0.33579,0.09375,0.15866,0.10958,2.00969,3.08043,0.02801,0.04288,0.24325,1.74679,0.62485,0.7716,0.00944,8.66545,0.1104,2.07264,3.08043,0.62485,0.7716,4.55193,4.64073,4.62262,7.33636,8.66545,0.10318,1.75828
2026-02-23 20:00:00,2.01247,0,0.14911,0.05458,0.16693,0.01192,0.05211,0.05242,0.16983,0.09008,0.22841,2.49671,0.01952,2.07297,4.539,0.01346,0.00996,0.02514,0.02353,0.07217,0.02325,4.62754,0.33509,0.09328,0.15857,0.10845,2.12228,3.07875,0.02751,0.04232,0.24295,1.7483,0.62471,0.769,0.00941,8.66613,0.10987,2.07297,3.07875,0.62471,0.769,4.539,4.63929,4.62754,7.3476,8.66613,0.10301,1.84173
2026-02-23 21:00:00,2.01004,0,0.14833,0.05407,0.16606,0.01188,0.05197,0.05187,0.16799,0.09062,0.22784,2.47281,0.01943,2.07327,4.52553,0.01331,0.00994,0.02497,0.0232,0.07182,0.02318,4.63134,0.33326,0.09281,0.15849,0.10736,2.23488,3.07715,0.02702,0.04176,0.24282,1.74999,0.62457,0.76548,0.00939,8.66726,0.10935,2.07327,3.07715,0.62457,0.76548,4.52553,4.63687,4.63134,7.35874,8.66726,0.103,1.92518
2026-02-23 22:00:00,2.0076,0,0.14752,0.0534,0.16521,0.01179,0.05185,0.05137,0.16631,0.09172,0.22729,2.44896,0.01935,2.07355,4.51158,0.01315,0.00992,0.02479,0.02294,0.07147,0.02312,4.63406,0.33366,0.09234,0.15841,0.1063,2.34747,3.07563,0.02651,0.04119,0.24286,1.75184,0.62444,0.75967,0.00937,8.66878,0.10882,2.07355,3.07563,0.62444,0.75967,4.51158,4.6335,4.63406,7.36973,8.66878,0.10317,2.00863
2026-02-23 23:00:00,2.00516,0,0.14675,0.05242,0.1644,0.01174,0.05174,0.05087,0.1646,0.09304,0.22676,2.42498,0.01926,2.0738,4.49718,0.013,0.00991,0.02461,0.02273,0.07111,0.02307,4.63571,0.3389,0.09187,0.15832,0.10529,2.46006,3.07418,0.02601,0.04062,0.24311,1.7539,0.6243,0.75231,0.00933,8.67063,0.1083,2.0738,3.07418,0.6243,0.75231,4.49718,4.62921,4.63571,7.38055,8.67063,0.10355,2.09208
2026-02-24 00:00:00,2.00272,0,0.14602,0.05164,0.16361,0.01172,0.05159,0.05035,0.16274,0.09483,0.22653,2.40098,0.01918,2.07403,4.48235,0.01286,0.00989,0.02445,0.02259,0.07076,0.02302,4.63631,0.34789,0.0914,0.15824,0.10432,2.57265,3.07281,0.02551,0.04005,0.24402,1.75662,0.62415,0.74479,0.00928,8.67279,0.10777,2.07403,3.07281,0.62415,0.74479,4.48235,4.62404,4.63631,7.39117,8.67279,0.10459,2.17552
2026-02-24 01:00:00,2.00356,0,0.14533,0.05102,0.16282,0.0117,0.05143,0.04983,0.1608,0.0976,0.22653,2.46523,0.0191,2.07425,4.46713,0.01271,0.00987,0.02427,0.02249,0.07042,0.02295,4.63589,0.35982,0.09219,0.15814,0.10338,2.70114,3.0715,0.02502,0.03959,0.24527,1.76829,0.62401,0.73751,0.00925,8.67519,0.10731,2.07425,3.0715,0.62401,0.73751,4.46713,4.61801,4.63589,7.40153,8.67519,0.10597,2.25897
2026-02-24 02:00:00,2.00439,0,0.14464,0.0505,0.16201,0.01169,0.05128,0.04933,0.15904,0.102,0.22769,2.52952,0.01903,2.07446,4.45155,0.01257,0.00986,0.02409,0.02234,0.07008,0.02289,4.63447,0.37402,0.09298,0.15804,0.10248,2.82962,3.07025,0.02453,0.03912,0.24619,1.77963,0.59053,0.73064,0.00922,8.67777,0.10685,2.07446,3.07025,0.59053,0.73064,4.45155,4.61115,4.63447,7.4116,8.67777,0.10702,2.34242
2026-02-24 03:00:00,2.00523,0,0.1439,0.0501,0.16118,0.01166,0.05116,0.0489,0.15754,0.10773,0.22934,2.59395,0.01895,2.07464,4.43562,0.01242,0.00984,0.02393,0.02201,0.06974,0.02282,4.63208,0.38999,0.09377,0.15794,0.1016,2.95811,3.06906,0.02404,0.03874,0.24712,1.79097,0.54594,0.72417,0.0092,8.6804,0.10639,2.07464,3.06906,0.54594,0.72417,4.43562,4.60352,4.63208,7.42137,8.6804,0.10808,2.42587
2026-02-24 04:00:00,2.00607,0,0.14314,0.04957,0.16037,0.01159,0.05104,0.04849,0.15617,0.11454,0.23187,2.6586,0.01888,2.07482,4.41938,0.01227,0.00982,0.02376,0.02175,0.0694,0.02277,4.62875,0.40779,0.09456,0.15783,0.10075,3.0866,3.06791,0.02355,0.03875,0.24794,1.80219,0.53098,0.71809,0.00918,8.68298,0.10593,2.07482,3.06791,0.53098,0.71809,4.41938,4.59513,4.62875,7.43081,8.68298,0.10902,2.50932
2026-02-24 05:00:00,2.0069,0,0.14241,0.0488,0.1596,0.01155,0.05092,0.04808,0.15476,0.12221,0.23507,2.72387,0.01881,2.075,4.40285,0.01213,0.00981,0.02359,0.02155,0.06906,0.02272,4.6245,0.42748,0.09535,0.15773,0.09992,3.21508,3.06682,0.02306,0.03877,0.24937,1.81405,0.52591,0.71241,0.00914,8.6854,0.10547,2.075,3.06682,0.52591,0.71241,4.40285,4.58602,4.6245,7.43988,8.6854,0.11058,2.59277
2026-02-24 06:00:00,2.00774,0,0.14173,0.04817,0.15885,0.01153,0.05078,0.04766,0.15323,0.13061,0.23903,2.78992,0.01875,2.07516,4.38606,0.01199,0.00979,0.02344,0.02141,0.06872,0.02268,4.61937,0.44869,0.09614,0.15763,0.09912,3.34357,3.06577,0.02258,0.03878,0.25257,1.82766,0.52415,0.70708,0.0091,8.6876,0.10501,2.07516,3.06577,0.52415,0.70708,4.38606,4.57623,4.61937,7.44856,8.6876,0.11391,2.67621
2026-02-24 07:00:00,2.00882,0,0.14108,0.04769,0.1581,0.01152,0.05063,0.04723,0.15163,0.13948,0.24449,2.82181,0.01868,2.07532,4.36901,0.01185,0.00978,0.02327,0.02131,0.06839,0.02262,4.61339,0.47111,0.10505,0.15977,0.09835,3.56169,3.06476,0.02234,0.04018,0.25658,1.88695,0.5235,0.70207,0.00906,8.68951,0.10543,2.07532,3.06476,0.5235,0.70207,4.36901,4.56578,4.61339,7.45682,8.68951,0.11806,2.75966
2026-02-24 08:00:00,2.00989,0,0.14042,0.04729,0.15732,0.01151,0.05049,0.04683,0.15017,0.14826,0.25201,2.85445,0.01863,2.07548,4.35176,0.01171,0.00976,0.02309,0.02116,0.06806,0.02257,4.6066,0.49449,0.11397,0.16191,0.0976,3.77981,3.06379,0.0221,0.04157,0.25957,1.94529,0.52321,0.69738,0.00903,8.69108,0.10585,2.07548,3.06379,0.52321,0.69738,4.35176,4.55471,4.6066,7.46466,8.69108,0.12127,2.84311
2026-02-24 09:00:00,2.01097,0,0.13971,0.047,0.15652,0.01149,0.05037,0.04647,0.14893,0.15712,0.26175,2.88783,0.01859,2.07563,4.33432,0.01158,0.00975,0.02294,0.02083,0.06773,0.02251,4.59901,0.52514,0.12288,0.16405,0.09686,3.99794,3.06286,0.02187,0.04297,0.26274,2.00394,0.4897,0.69299,0.00901,8.69231,0.10627,2.07563,3.06286,0.4897,0.69299,4.33432,4.54306,4.59901,7.47205,8.69231,0.12478,2.92656
2026-02-24 10:00:00,2.01205,0,0.13897,0.04661,0.15575,0.01145,0.05026,0.04614,0.14779,0.16589,0.27347,2.92225,0.01862,2.07578,4.31671,0.01144,0.00973,0.02278,0.02057,0.0674,0.02247,4.59068,0.55796,0.13179,0.16618,0.09615,4.21606,3.06195,0.02164,0.04437,0.26587,2.06263,0.44513,0.68888,0.00899,8.69317,0.10669,2.07578,3.06195,0.44513,0.68888,4.31671,4.53085,4.59068,7.47896,8.69317,0.12832,3.01001
2026-02-24 11:00:00,2.01312,0,0.13827,0.04606,0.155,0.01142,0.05016,0.04581,0.14663,0.17484,0.28705,2.9583,0.01869,2.07593,4.29898,0.0113,0.00971,0.02261,0.02037,0.06707,0.02243,4.58163,0.59,0.14071,0.16832,0.09545,4.43418,3.06109,0.0214,0.04576,0.27153,2.12388,0.4302,0.68501,0.00896,8.69365,0.10711,2.07593,3.06109,0.4302,0.68501,4.29898,4.51813,4.58163,7.48539,8.69365,0.13444,3.09346
2026-02-24 12:00:00,2.0142,0,0.13761,0.04561,0.15428,0.01141,0.05005,0.04547,0.14536,0.18396,0.30208,2.99639,0.01873,2.07608,4.28114,0.01116,0.0097,0.02246,0.02023,0.06674,0.02239,4.57189,0.6215,0.14962,0.17046,0.09477,4.6523,3.06025,0.02117,0.04716,0.28465,2.19261,0.42516,0.68032,0.00891,8.69374,0.10753,2.07608,3.06025,0.42516,0.68032,4.28114,4.50491,4.57189,7.49133,8.69374,0.14803,3.40222
2026-02-24 13:00:00,2.11811,0,0.13702,0.04528,0.15356,0.01141,0.04994,0.04513,0.14404,0.19504,0.31947,3.15899,0.01877,2.07623,4.2632,0.01104,0.00968,0.0223,0.02014,0.06725,0.02235,4.56149,0.65264,0.23036,0.193,0.09411,5.5236,3.05949,0.04191,0.08025,0.30135,2.474,0.42342,0.67339,0.00887,8.69346,0.1098,2.07623,3.05949,0.42342,0.67339,4.2632,4.49122,4.56149,7.49675,8.69346,0.1652,7.05972
2026-02-24 14:00:00,2.22202,0,0.13646,0.0451,0.15282,0.01141,0.04984,0.0448,0.14284,0.22291,0.34,3.32354,0.01888,2.07638,4.24521,0.01091,0.00967,0.02213,0.02001,0.06776,0.02229,4.55048,0.68353,0.31109,0.21555,0.09347,6.39489,3.05876,0.06264,0.12427,0.31419,2.75149,0.42277,0.665,0.00885,8.69279,0.11207,2.07638,3.05876,0.42277,0.665,4.24521,4.47711,4.55048,7.50167,8.69279,0.17848,7.73619
2026-02-24 15:00:00,2.32593,0,0.13593,0.04507,0.15206,0.01141,0.04976,0.04451,0.14182,0.26059,0.36314,3.48981,0.01918,2.07653,4.22716,0.01078,0.00965,0.02198,0.01973,0.06828,0.02224,4.53888,0.71665,0.39183,0.23809,0.09284,7.26619,3.05804,0.08339,0.17331,0.3329,3.03485,0.42249,0.65651,0.00883,8.69174,0.11435,2.07653,3.05804,0.42249,0.65651,4.22716,4.4626,4.53888,7.50606,8.69174,0.19762,7.96168
2026-02-24 16:00:00,2.42984,0,0.13543,0.0451,0.15131,0.01142,0.04971,0.04424,0.1409,0.29353,0.38895,3.65794,0.0203,2.07668,4.20908,0.01065,0.00963,0.02182,0.01951,0.06879,0.0222,4.52672,0.7638,0.47257,0.26063,0.09222,8.13748,3.05735,0.10413,0.22307,0.35634,3.3229,0.42234,0.64834,0.00881,8.6903,0.11662,2.07668,3.05735,0.42234,0.64834,4.20908,4.44772,4.52672,7.50992,8.6903,0.22146,8.07442
2026-02-24 17:00:00,2.53375,0,0.13498,0.04524,0.1506,0.01143,0.04971,0.04398,0.14,0.32506,0.42048,3.82865,0.02199,2.07684,4.19099,0.01052,0.00962,0.02168,0.01933,0.0693,0.02217,4.51403,0.83072,0.5533,0.28318,0.09161,9.00878,3.05668,0.12528,0.2755,0.40019,3.63084,0.42222,0.64062,0.00878,8.68843,0.11889,2.07684,3.05668,0.42222,0.64062,4.19099,4.43249,4.51403,7.51324,8.68843,0.26519,8.14207
2026-02-24 18:00:00,2.63766,0,0.1346,0.04534,0.14991,0.01143,0.0498,0.0437,0.13906,0.35457,0.46231,4.00217,0.02324,2.07699,4.17289,0.01039,0.0096,0.02152,0.01922,0.06981,0.02213,4.50085,0.91133,0.63404,0.30572,0.09102,9.88007,3.05603,0.14644,0.32948,0.50294,3.99725,0.42212,0.63337,0.00874,8.68611,0.12116,2.07699,3.05603,0.42212,0.63337,4.17289,4.41695,4.50085,7.51603,8.68611,0.36738,8.18717
2026-02-24 19:00:00,3.06289,0,0.13435,0.04555,0.14922,0.01144,0.04995,0.04343,0.1381,0.38718,0.52487,4.48627,0.02404,2.07715,4.1548,0.01027,0.00958,0.02138,0.01912,0.06959,0.02209,4.48721,1.00139,0.77512,0.41523,0.09044,10.38021,3.05546,0.20883,0.43056,0.63411,4.78474,0.42202,0.62549,0.00872,8.68325,0.13631,2.07715,3.05546,0.42202,0.62549,4.1548,4.40111,4.48721,7.51827,8.68325,0.49816,8.21938
2026-02-24 20:00:00,3.48812,0,0.1343,0.04615,0.1485,0.01144,0.05011,0.04318,0.13723,0.42614,0.59519,4.97427,0.02458,2.07731,4.13674,0.01015,0.00957,0.02122,0.01898,0.06936,0.02205,4.47313,1.09803,0.91621,0.52473,0.08987,10.88036,3.0549,0.27122,0.5496,0.73524,5.54233,0.42193,0.61561,0.0087,8.67979,0.15145,2.07731,3.0549,0.42193,0.61561,4.13674,4.38501,4.47313,7.51998,8.67979,0.59905,8.24354
2026-02-24 21:00:00,3.91335,0,0.13452,0.04722,0.14783,0.01146,0.05027,0.04297,0.13648,0.46671,0.67082,5.46945,0.02494,2.07747,4.11871,0.01002,0.00955,0.02107,0.01865,0.06914,0.02202,4.45865,1.20362,1.05729,0.63424,0.08931,11.3805,3.05437,0.33361,0.67853,0.83888,6.30254,0.42184,0.60444,0.00869,8.67569,0.1666,2.07747,3.05437,0.42184,0.60444,4.11871,4.36868,4.45865,7.52114,8.67569,0.70255,8.26233
2026-02-24 22:00:00,4.33857,0,0.13498,0.04901,0.14736,0.01149,0.05041,0.0428,0.13579,0.5746,0.75113,5.9785,0.02535,2.07764,4.10071,0.00989,0.00953,0.02092,0.0184,0.06891,0.02199,4.4438,1.33558,1.19837,0.74375,0.08876,11.88064,3.05384,0.39599,0.80839,0.93577,7.05602,0.42174,0.59334,0.00868,8.67096,0.18175,2.07764,3.05384,0.42174,0.59334,4.10071,4.35213,4.4438,7.52176,8.67096,0.79934,8.27736
2026-02-24 23:00:00,4.7638,0,0.13563,0.05212,0.14721,0.01151,0.05054,0.04265,0.13509,0.61895,0.83685,6.5017,0.02579,2.0778,4.08277,0.00977,0.00952,0.02077,0.0182,0.06869,0.02197,4.4286,1.48595,1.33946,0.85325,0.08822,12.38079,3.05332,0.45838,0.92751,1.09931,7.87616,0.41087,0.58275,0.00867,8.66559,0.19689,2.0778,3.05332,0.41087,0.58275,4.08277,4.33539,4.4286,7.52185,8.66559,0.96278,8.28966
2026-02-25 00:00:00,5.18903,0,0.13657,0.05455,0.14755,0.01151,0.05069,0.04252,0.13432,0.66489,0.94716,7.03296,0.02609,2.07797,4.06488,0.00964,0.0095,0.02064,0.01807,0.06846,0.02197,4.41307,1.6393,1.48054,0.96276,0.08769,12.88093,3.05283,0.52077,1.05381,1.45313,8.88668,0.41897,0.57277,0.00867,8.65955,0.21204,2.07797,3.05283,0.41897,0.57277,4.06488,4.31848,4.41307,7.52142,8.65955,1.31659,8.29991
2026-02-25 01:00:00,5.5528,0,0.13835,0.06113,0.14854,0.01261,0.05084,0.0424,0.13353,0.71382,1.1274,7.53079,0.02626,2.07815,4.04705,0.00953,0.00948,0.02049,0.01798,0.06872,0.02198,4.39726,1.78995,1.54349,1.13866,0.08717,13.30564,3.05236,0.56821,1.14776,1.89714,9.80307,0.46673,0.56339,0.00867,8.65281,0.24978,2.07815,3.05236,0.46673,0.56339,4.04705,4.30142,4.39726,7.52044,8.65281,1.76062,8.30859
2026-02-25 02:00:00,5.91657,0,0.1422,0.0815,0.15022,0.01479,0.05098,0.0423,0.13284,0.7629,1.28083,8.0338,0.02636,2.07833,4.0293,0.00941,0.00947,0.02034,0.01787,0.06898,0.022,4.38118,1.93388,1.60644,1.31455,0.08666,13.73035,3.05191,0.61565,1.2345,2.24091,10.6193,0.52771,0.5546,0.00867,8.64533,0.28751,2.07833,3.05191,0.52771,0.5546,4.0293,4.28424,4.38118,7.51896,8.64533,2.10448,8.31602
2026-02-25 03:00:00,6.28034,0,0.14895,0.11808,0.15358,0.02025,0.05166,0.04222,0.1323,0.81214,1.40927,8.54984,0.02641,2.07852,4.01161,0.0093,0.00946,0.02021,0.01764,0.06924,0.02203,4.36486,2.08848,1.66939,1.49045,0.08615,14.15507,3.05146,0.6631,1.31951,2.47962,11.33048,0.5931,0.54637,0.00867,8.63708,0.32525,2.07852,3.05146,0.5931,0.54637,4.01161,4.26694,4.36486,7.51696,8.63708,2.34329,8.32246
2026-02-25 04:00:00,6.6441,0,0.15774,0.17872,0.16029,0.03335,0.05431,0.04214,0.13185,0.8616,1.52978,9.11887,0.02643,2.07872,3.99401,0.00918,0.00944,0.02006,0.01746,0.0695,0.02205,4.34833,2.24176,1.73233,1.66635,0.08565,14.57978,3.05102,0.71054,1.4052,2.58488,11.90811,0.62796,0.53867,0.00867,8.62806,0.36299,2.07872,3.05102,0.62796,0.53867,3.99401,4.24956,4.34833,7.51446,8.62806,2.44857,8.3281
2026-02-25 05:00:00,7.00787,0,0.16722,0.28337,0.17219,0.04208,0.06085,0.04205,0.13143,0.91117,1.64679,9.76564,0.02643,2.07892,3.97649,0.00906,0.00943,0.01992,0.01732,0.06976,0.02207,4.3316,2.37524,1.79528,1.84224,0.08516,15.00449,3.0506,0.75798,1.48982,2.69337,12.489,0.64982,0.53145,0.00866,8.61827,0.40072,2.07892,3.0506,0.64982,0.53145,3.97649,4.23209,4.3316,7.51144,8.61827,2.55709,8.33307
2026-02-25 06:00:00,7.37164,0,0.17697,0.36539,0.19229,0.04536,0.07694,0.04197,0.13096,0.96087,1.82741,10.32241,0.02642,2.07914,3.95911,0.00894,0.00941,0.01979,0.01722,0.07002,0.02209,4.31469,2.49805,1.85823,2.01814,0.08466,15.4292,3.05019,0.80542,1.57628,2.78094,13.04901,0.69652,0.5247,0.00865,8.60773,0.43846,2.07914,3.05019,0.69652,0.5247,3.95911,4.21457,4.31469,7.50794,8.60773,2.64474,8.33749
2026-02-25 07:00:00,7.53254,0,0.18789,0.42688,0.22382,0.04651,0.10062,0.04313,0.13047,1.0103,1.92739,10.65044,0.02639,2.07937,3.94188,0.00884,0.00939,0.01965,0.01715,0.06934,0.02212,4.29764,2.61511,1.84855,2.06143,0.08417,15.56512,3.04975,0.80731,1.60207,2.84136,13.12334,0.7515,0.51837,0.00864,8.59651,0.44726,2.07937,3.04975,0.7515,0.51837,3.94188,4.197,4.29764,7.50396,8.59651,2.70526,8.34145
2026-02-25 08:00:00,7.69344,0,0.20254,0.47207,0.268,0.04728,0.13351,0.04769,0.13004,1.05753,2.02152,10.9738,0.02629,2.0796,3.92479,0.00872,0.00938,0.0195,0.01703,0.06867,0.02214,4.28045,2.72909,1.83887,2.10473,0.08369,15.70104,3.04932,0.8092,1.60839,2.89547,13.1914,0.80925,0.51244,0.00863,8.58464,0.45607,2.0796,3.04932,0.80925,0.51244,3.92479,4.17941,4.28045,7.49951,8.58464,2.75952,8.34501
2026-02-25 09:00:00,7.85434,0,0.22179,0.50202,0.32051,0.04807,0.15896,0.05843,0.12972,1.10441,2.10963,11.38915,0.02603,2.07986,3.90785,0.00861,0.00937,0.01936,0.01676,0.06799,0.02216,4.26316,2.83213,1.82919,2.14802,0.0832,15.83696,3.04891,0.81109,1.60636,2.90981,13.21978,0.86791,0.50654,0.00863,8.57217,0.46487,2.07986,3.04891,0.86791,0.50654,3.90785,4.16179,4.26316,7.4946,8.57217,2.77408,8.34823
2026-02-25 10:00:00,8.01524,0,0.24291,0.54147,0.3736,0.04878,0.17794,0.08163,0.12957,1.14974,2.19388,11.69459,0.02512,2.08014,3.89104,0.0085,0.00935,0.01922,0.01655,0.06731,0.02218,4.24576,2.90216,1.8195,2.19131,0.08272,15.97287,3.04849,0.81298,1.59995,2.89887,13.22286,0.89682,0.50094,0.00862,8.55913,0.47367,2.08014,3.04849,0.89682,0.50094,3.89104,4.14417,4.24576,7.48923,8.55913,2.76335,8.35116
2026-02-25 11:00:00,8.17614,0,0.26347,0.59917,0.42141,0.04925,0.19139,0.13259,0.12989,1.19552,2.27635,11.99484,0.02376,2.08046,3.87436,0.00838,0.00934,0.01908,0.01638,0.06664,0.0222,4.22829,2.93655,1.80982,2.23461,0.0823,16.10879,3.04807,0.81487,1.53532,2.86473,13.20266,0.88004,0.49749,0.00861,8.5456,0.48248,2.08046,3.04807,0.88004,0.49749,3.87436,4.12656,4.22829,7.48342,8.5456,2.72935,8.35383
2026-02-25 12:00:00,8.33704,0,0.28247,0.64589,0.45975,0.04943,0.20041,0.20741,0.1315,1.24166,2.35789,12.29093,0.02274,2.08082,3.85782,0.00827,0.00932,0.01896,0.01627,0.06596,0.02222,4.21076,2.95173,1.80014,2.2779,0.08203,16.24471,3.04767,0.81676,1.49638,2.76814,13.11999,0.84233,0.49778,0.0086,8.53161,0.49128,2.08082,3.04767,0.84233,0.49778,3.85782,4.10897,4.21076,7.47719,8.53161,2.63287,8.66834
2026-02-25 13:00:00,8.40412,0,0.29933,0.68153,0.48656,0.04985,0.20622,0.27464,0.13598,1.25062,2.40259,12.18103,0.02207,2.08123,3.8414,0.00817,0.0093,0.01884,0.01619,0.06581,0.02225,4.19318,2.9566,1.7851,2.26289,0.08198,16.29158,3.04725,0.79873,1.52562,2.6393,12.79983,0.79765,0.50212,0.00859,8.51721,0.48967,2.08123,3.04725,0.79765,0.50212,3.8414,4.09142,4.19318,7.47054,8.51721,2.50412,9.07132
2026-02-25 14:00:00,8.47119,0,0.31408,0.70592,0.50331,0.0506,0.20995,0.32079,0.14528,1.25833,2.43861,12.06928,0.02164,2.08166,3.82512,0.00806,0.00929,0.0187,0.01609,0.06565,0.02229,4.17557,2.95591,1.77007,2.24787,0.08212,16.33844,3.04689,0.78071,1.51693,2.55685,12.50986,0.75064,0.50941,0.00859,8.50242,0.48807,2.08166,3.04689,0.75064,0.50941,3.82512,4.07391,4.17557,7.46347,8.50242,2.40555,9.21832
2026-02-25 15:00:00,8.53827,0,0.32685,0.71899,0.51317,0.05243,0.21267,0.34754,0.16049,1.26613,2.45831,11.95205,0.02139,2.08213,3.80898,0.00796,0.00927,0.01858,0.01586,0.0655,0.02233,4.15794,2.95002,1.75503,2.23286,0.08241,16.38531,3.04659,0.76268,1.49213,2.53134,12.24493,0.70286,0.51807,0.00859,8.48728,0.48646,2.08213,3.04659,0.70286,0.51807,3.80898,4.05647,4.15794,7.45602,8.48728,2.33203,9.36532
2026-02-25 16:00:00,8.60535,0,0.33762,0.73011,0.51577,0.05676,0.21541,0.36772,0.18031,1.27172,2.46825,11.79976,0.02135,2.08262,3.79298,0.00785,0.00925,0.01844,0.01569,0.06534,0.02237,4.14031,2.93554,1.73999,2.21785,0.08284,16.43218,3.04638,0.74465,1.46052,2.53289,12.01613,0.65509,0.52837,0.0086,8.47189,0.48485,2.08262,3.04638,0.65509,0.52837,3.79298,4.03909,4.14031,7.44817,8.47189,2.29465,9.51232
2026-02-25 17:00:00,8.67242,0,0.3465,0.73899,0.51429,0.05964,0.21956,0.35393,0.20116,1.28098,2.47019,11.63733,0.02144,2.08314,3.7771,0.00774,0.00924,0.01831,0.01555,0.06519,0.02239,4.12269,2.91272,1.72496,2.20283,0.08349,16.47904,3.04629,0.72663,1.42593,2.46833,11.77976,0.62204,0.5413,0.00862,8.45635,0.48325,2.08314,3.04629,0.62204,0.5413,3.7771,4.0218,4.12269,7.43997,8.45635,2.24968,9.65932
2026-02-25 18:00:00,8.7395,0,0.35332,0.74677,0.51022,0.06072,0.2256,0.34069,0.22018,1.28518,2.47447,11.45919,0.02153,2.08367,3.76137,0.00763,0.00922,0.01819,0.01545,0.06503,0.02241,4.1051,2.88543,1.70992,2.18782,0.08477,16.52591,3.04631,0.7086,1.39007,2.37831,11.53129,0.60832,0.55703,0.00865,8.44082,0.48164,2.08367,3.04631,0.60832,0.55703,3.76137,4.00458,4.1051,7.43142,8.44082,2.19262,9.80632
2026-02-25 19:00:00,8.85837,0,0.35744,0.75281,0.50442,0.0617,0.23195,0.32734,0.23764,1.28841,2.48726,11.38694,0.02158,2.08421,3.74578,0.00754,0.00921,0.01807,0.01539,0.06453,0.02241,4.08754,2.85573,1.74096,2.18158,0.08694,16.68904,3.04644,0.70623,1.37806,2.30021,11.35863,0.60103,0.57549,0.00867,8.42546,0.47688,2.08421,3.04644,0.60103,0.57549,3.74578,3.98746,4.08754,7.42252,8.42546,2.13455,9.95332
2026-02-25 20:00:00,8.97724,0,0.35848,0.75586,0.49772,0.06316,0.23746,0.31539,0.25593,1.2968,2.49429,11.30828,0.02162,2.08476,3.73032,0.00744,0.00919,0.01794,0.01529,0.06402,0.0224,4.07002,2.82472,1.772,2.17533,0.08987,16.85217,3.04683,0.70385,1.37226,2.24174,11.19702,0.59586,0.5956,0.0087,8.41045,0.47211,2.08476,3.04683,0.59586,0.5956,3.73032,3.97044,4.07002,7.41332,8.41045,2.08755,10.10032
2026-02-25 21:00:00,9.09612,0,0.35716,0.75421,0.49139,0.06641,0.24245,0.30613,0.2785,1.29855,2.50497,11.23295,0.02191,2.08531,3.715,0.00734,0.00918,0.01782,0.01507,0.06352,0.02238,4.05257,2.80109,1.80304,2.16909,0.09345,17.01529,3.04758,0.70148,1.36894,2.20886,11.05641,0.59141,0.61479,0.00876,8.39589,0.46735,2.08531,3.04758,0.59141,0.61479,3.715,3.95352,4.05257,7.40381,8.39589,2.06153,10.24732
2026-02-25 22:00:00,9.21499,0,0.3548,0.74894,0.48569,0.07384,0.24762,0.29915,0.30945,1.30646,2.51562,11.16387,0.02318,2.08586,3.69983,0.00723,0.00917,0.01768,0.01489,0.06302,0.02237,4.03518,2.79766,1.83408,2.16284,0.09756,17.17842,3.04876,0.6991,1.36687,2.19818,10.93547,0.5872,0.63099,0.00889,8.38156,0.46259,2.08586,3.04876,0.5872,0.63099,3.69983,3.93671,4.03518,7.39403,8.38156,2.0552,10.39431
2026-02-25 23:00:00,9.33386,0,0.35248,0.73745,0.48188,0.07878,0.25462,0.29406,0.35071,1.31419,2.52617,11.09056,0.02688,2.0864,3.68477,0.00713,0.00915,0.01755,0.01476,0.06251,0.02236,4.01787,2.81328,1.86512,2.1566,0.10206,17.34155,3.05036,0.69673,1.36523,2.19559,10.8212,0.57948,0.64348,0.00918,8.36757,0.45782,2.0864,3.05036,0.57948,0.64348,3.68477,3.92001,4.01787,7.38401,8.36757,2.05552,10.54131
2026-02-26 00:00:00,9.45273,0,0.35163,0.7285,0.48096,0.08064,0.26347,0.29089,0.3984,1.33018,2.54247,11.0203,0.03965,2.08694,3.66986,0.00703,0.00914,0.01744,0.01467,0.06201,0.02235,4.00065,2.83915,1.89616,2.15035,0.10644,17.50468,3.05243,0.69435,1.36377,2.21467,10.72769,0.56701,0.65222,0.00957,8.35467,0.45306,2.08694,3.05243,0.56701,0.65222,3.66986,3.90343,4.00065,7.37375,8.35467,2.07662,10.68831
2026-02-26 01:00:00,9.51356,0,0.35531,0.72446,0.48401,0.08089,0.27189,0.28983,0.44486,1.35534,2.56999,11.17859,0.05866,2.08746,3.65508,0.00695,0.00912,0.01732,0.0146,0.06146,0.02233,3.98351,2.87053,1.90272,2.15541,0.11913,17.39133,3.05484,0.69571,1.36025,2.24658,10.66144,0.55297,0.65732,0.00989,8.34294,0.44492,2.08746,3.05484,0.55297,0.65732,3.65508,3.88697,3.98351,7.36332,8.34294,2.10997,10.53372
2026-02-26 02:00:00,9.57439,0,0.36597,0.73007,0.49168,0.08052,0.27842,0.29114,0.48508,1.38153,2.6088,11.33782,0.07323,2.08797,3.64042,0.00685,0.00911,0.0172,0.0145,0.06091,0.02231,3.96648,2.90489,1.90928,2.16047,0.14089,17.27797,3.05828,0.69708,1.35822,2.27032,10.58665,0.5384,0.65903,0.01014,8.33236,0.43678,2.08797,3.05828,0.5384,0.65903,3.64042,3.87062,3.96648,7.35272,8.33236,2.13476,10.37912
2026-02-26 03:00:00,9.63523,0,0.38145,0.74592,0.50277,0.07895,0.28213,0.29546,0.51806,1.40879,2.64922,11.50389,0.08183,2.08846,3.62591,0.00676,0.0091,0.01708,0.01428,0.06036,0.02232,3.94954,2.93912,1.91584,2.16554,0.16245,17.16462,3.064,0.69844,1.3569,2.28375,10.50128,0.52365,0.65801,0.01039,8.32285,0.42865,2.08846,3.064,0.52365,0.65801,3.62591,3.8544,3.94954,7.34201,8.32285,2.14898,10.22452
2026-02-26 04:00:00,9.69606,0,0.39773,0.7738,0.51516,0.07452,0.28191,0.30369,0.54452,1.43699,2.69588,11.68148,0.08005,2.08893,3.61152,0.00666,0.00908,0.01695,0.01411,0.0598,0.02237,3.93272,2.96822,1.9224,2.1706,0.18594,17.05127,3.07237,0.6998,1.35595,2.28211,10.40064,0.50884,0.65554,0.01075,8.31425,0.42051,2.08893,3.07237,0.50884,0.65554,3.61152,3.8383,3.93272,7.33123,8.31425,2.14794,10.06992
2026-02-26 05:00:00,9.75689,0,0.41201,0.82354,0.52292,0.07156,0.2755,0.31612,0.56518,1.46633,2.74471,11.86877,0.07047,2.08935,3.59727,0.00657,0.00907,0.01683,0.01397,0.05925,0.02258,3.916,2.99119,1.92896,2.17566,0.22635,16.93791,3.0831,0.70117,1.35505,2.27171,10.29112,0.49738,0.65257,0.01145,8.30637,0.41237,2.08935,3.0831,0.49738,0.65257,3.59727,3.82232,3.916,7.32043,8.30637,2.138,9.91532
2026-02-26 06:00:00,9.81772,0,0.42091,0.8623,0.52454,0.07046,0.26316,0.33038,0.58008,1.49666,2.79518,12.05875,0.06246,2.08973,3.58315,0.00647,0.00905,0.01672,0.01389,0.0587,0.02315,3.8994,3.01088,1.93552,2.18072,0.27732,16.82456,3.09735,0.70253,1.35414,2.23085,10.15101,0.49041,0.64938,0.01236,8.29897,0.40423,2.08973,3.09735,0.49041,0.64938,3.58315,3.80647,3.8994,7.30976,8.29897,2.09749,9.76072
2026-02-26 07:00:00,9.70797,0,0.42127,0.88733,0.51898,0.06928,0.24939,0.3421,0.59012,1.51492,2.82983,11.90478,0.0568,2.09008,3.56919,0.00638,0.00904,0.01662,0.01383,0.05811,0.02441,3.88292,3.0288,1.91053,2.15618,0.31851,16.6565,3.11679,0.69017,1.33719,2.17334,9.9616,0.48494,0.64608,0.0131,8.29185,0.39333,2.09008,3.11679,0.48494,0.64608,3.56919,3.79075,3.88292,7.29934,8.29185,2.04026,9.60612
2026-02-26 08:00:00,9.59821,0,0.41327,0.89316,0.50594,0.06744,0.23698,0.34829,0.59701,1.52192,2.85804,11.75296,0.05258,2.0904,3.55537,0.00629,0.00902,0.01651,0.01377,0.05753,0.02617,3.86655,3.04577,1.88555,2.13164,0.35338,16.48845,3.14065,0.67781,1.31454,2.12975,9.78605,0.47996,0.64272,0.0136,8.2848,0.38242,2.0904,3.14065,0.47996,0.64272,3.55537,3.77516,3.86655,7.2893,8.2848,1.9969,9.45152
2026-02-26 09:00:00,9.48846,0,0.39984,0.87844,0.48995,0.06323,0.2259,0.34833,0.60195,1.52642,2.88101,11.5981,0.04927,2.09071,3.5417,0.0062,0.00901,0.01638,0.01365,0.05694,0.02788,3.85031,3.05977,1.86056,2.10711,0.38743,16.32039,3.16686,0.66545,1.2901,2.09381,9.61815,0.47515,0.63919,0.01388,8.27772,0.37152,2.09071,3.16686,0.47515,0.63919,3.5417,3.7597,3.85031,7.27985,8.27772,1.96118,9.29693
2026-02-26 10:00:00,9.37871,0,0.38381,0.84964,0.47266,0.05354,0.21525,0.34208,0.60541,1.52291,2.88939,11.42946,0.04498,2.09099,3.52821,0.00611,0.00899,0.01627,0.01356,0.05635,0.02936,3.83419,3.06331,1.83557,2.08257,0.41821,16.15233,3.19444,0.65308,1.2644,2.07157,9.46388,0.4704,0.63524,0.01397,8.27054,0.36061,2.09099,3.19444,0.4704,0.63524,3.52821,3.74158,3.83419,7.27123,8.27054,1.93911,9.14233
2026-02-26 11:00:00,9.26895,0,0.36703,0.79542,0.45382,0.04707,0.20339,0.32997,0.60732,1.5214,2.88936,11.25453,0.03996,2.09126,3.5149,0.00601,0.00898,0.01615,0.01348,0.05577,0.03056,3.8182,3.05485,1.81059,2.05803,0.44337,15.98428,3.2228,0.64072,1.23809,2.0406,9.30089,0.46143,0.63068,0.01381,8.26328,0.34971,2.09126,3.2228,0.46143,0.63068,3.5149,3.72017,3.8182,7.26355,8.26328,1.90831,8.98773
2026-02-26 12:00:00,9.1592,0,0.35048,0.75367,0.43349,0.04465,0.18849,0.3138,0.60727,1.52225,2.88672,11.07147,0.03616,2.09152,3.50177,0.00592,0.00896,0.01606,0.01343,0.05518,0.03146,3.80221,3.03994,1.7856,2.03349,0.46366,15.81622,3.25108,0.62836,1.21154,1.98887,9.11713,0.44682,0.6255,0.01349,8.256,0.3388,2.09152,3.25108,0.44682,0.6255,3.50177,3.70206,3.80221,7.25693,8.256,1.85673,8.55403
2026-02-26 13:00:00,9.03892,0,0.33452,0.72241,0.41127,0.04376,0.17273,0.29636,0.60488,1.50694,2.87386,10.88399,0.03348,2.09189,3.48886,0.00583,0.00894,0.01595,0.01338,0.05483,0.032,3.7857,3.02153,1.77959,2.00375,0.47973,15.68973,3.27845,0.61676,1.18965,1.92906,8.98431,0.43033,0.61978,0.0132,8.2488,0.33171,2.09189,3.27845,0.43033,0.61978,3.48886,3.68567,3.7857,7.25134,8.2488,1.79707,8.20118
2026-02-26 14:00:00,8.91863,0,0.31864,0.69762,0.38672,0.04311,0.15934,0.27994,0.60026,1.48858,2.85355,10.6898,0.0315,2.09253,3.47618,0.00575,0.00893,0.01584,0.01329,0.05447,0.03224,3.76824,3.00124,1.77358,1.97401,0.49146,15.56323,3.30426,0.60516,1.16808,1.88197,8.86419,0.41321,0.6136,0.01297,8.24177,0.32461,2.09253,3.30426,0.41321,0.6136,3.47618,3.67021,3.76824,7.24676,8.24177,1.75011,8.19779
2026-02-26 15:00:00,8.79835,0,0.30275,0.67851,0.36101,0.04232,0.1485,0.26459,0.59427,1.47284,2.82517,10.49078,0.03006,2.09346,3.46376,0.00567,0.00892,0.01574,0.01308,0.05412,0.03234,3.75032,2.98131,1.76757,1.94428,0.49862,15.43674,3.32809,0.59356,1.1466,1.85214,8.76128,0.39588,0.6071,0.01276,8.23497,0.31752,2.09346,3.32809,0.39588,0.6071,3.46376,3.65529,3.75032,7.24312,8.23497,1.72036,8.19408
2026-02-26 16:00:00,8.67806,0,0.28777,0.64946,0.33682,0.04133,0.13968,0.24905,0.58809,1.45089,2.80303,10.28243,0.0291,2.09472,3.45164,0.00558,0.0089,0.01563,0.01292,0.05376,0.03235,3.7327,2.96529,1.76156,1.91454,0.5024,15.31025,3.3495,0.58195,1.12512,1.84147,8.67753,0.37848,0.60054,0.01251,8.22845,0.31042,2.09472,3.3495,0.37848,0.60054,3.45164,3.6407,3.7327,7.2403,8.22845,1.70978,8.18999
2026-02-26 17:00:00,8.55777,0,0.27432,0.60224,0.31601,0.04066,0.13232,0.23227,0.5825,1.44366,2.77022,10.06661,0.0285,2.09637,3.43988,0.00549,0.00889,0.01552,0.01279,0.05341,0.03227,3.71561,2.95374,1.75555,1.8848,0.5039,15.18375,3.36824,0.57035,1.10377,1.83381,8.59679,0.36756,0.59409,0.01207,8.22221,0.30332,2.09637,3.36824,0.36756,0.59409,3.43988,3.62637,3.71561,7.23815,8.22221,1.7022,8.18548
2026-02-26 18:00:00,8.43749,0,0.26271,0.56447,0.29966,0.04041,0.12535,0.21442,0.57742,1.42119,2.74468,9.8468,0.02797,2.09852,3.4285,0.0054,0.00887,0.01541,0.01269,0.05305,0.03204,3.6991,2.94459,1.74954,1.85506,0.50361,15.05726,3.3843,0.55875,1.0828,1.83807,8.52795,0.36529,0.58784,0.01151,8.21624,0.29623,2.09852,3.3843,0.36529,0.58784,3.4285,3.61225,3.6991,7.23647,8.21624,1.70652,8.18046
2026-02-26 19:00:00,8.3637,0,0.25369,0.53686,0.28861,0.03999,0.1189,0.1971,0.57193,1.41069,2.73128,9.84983,0.02745,2.10111,3.41756,0.00532,0.00885,0.01531,0.01262,0.0527,0.03158,3.68309,2.93676,1.77924,1.84832,0.50204,15.01616,3.39777,0.56785,1.09297,1.85039,8.58068,0.36591,0.58174,0.01105,8.21047,0.29039,2.10111,3.39777,0.36591,0.58174,3.41756,3.59833,3.68309,7.23512,8.21047,1.71891,8.17485
2026-02-26 20:00:00,8.28992,0,0.24859,0.5208,0.28287,0.03924,0.11382,0.1827,0.56488,1.41542,2.71064,9.84702,0.0269,2.10398,3.40711,0.00524,0.00884,0.0152,0.0125,0.05235,0.03094,3.66754,2.92961,1.80895,1.84159,0.4995,14.97505,3.40883,0.57694,1.11092,1.85889,8.62959,0.3675,0.57577,0.01073,8.20484,0.28454,2.10398,3.40883,0.3675,0.57577,3.40711,3.58461,3.66754,7.23396,8.20484,1.72747,8.16854
2026-02-26 21:00:00,8.21613,0,0.24764,0.51596,0.28089,0.03747,0.10985,0.17269,0.55548,1.404,2.70358,9.85248,0.0263,2.10703,3.39716,0.00516,0.00883,0.0151,0.01223,0.052,0.03032,3.65237,2.92155,1.83865,1.83485,0.49623,14.93395,3.4177,0.58604,1.13271,1.87081,8.68191,0.3694,0.5698,0.01049,8.19925,0.2787,2.10703,3.4177,0.3694,0.5698,3.39716,3.57112,3.65237,7.23283,8.19925,1.73945,8.16139
2026-02-26 22:00:00,8.14234,0,0.24934,0.51566,0.28038,0.03331,0.10642,0.16703,0.54358,1.40895,2.6999,9.86519,0.02546,2.11013,3.38774,0.00508,0.00881,0.01499,0.01202,0.05164,0.02978,3.63754,2.90976,1.86835,1.82811,0.49239,14.89284,3.42459,0.59514,1.15628,1.88277,8.73429,0.37141,0.5635,0.01029,8.19361,0.27286,2.11013,3.42459,0.37141,0.5635,3.38774,3.55789,3.63754,7.23163,8.19361,1.75149,8.15322
2026-02-26 23:00:00,8.06856,0,0.25212,0.52275,0.27965,0.03054,0.10293,0.16542,0.52949,1.41404,2.69729,9.87569,0.02448,2.11316,3.37882,0.00499,0.0088,0.01488,0.01185,0.05129,0.02929,3.623,2.89396,1.89806,1.82138,0.48802,14.85173,3.42974,0.60423,1.18102,1.90372,8.79567,0.36837,0.55665,0.01003,8.18786,0.26701,2.11316,3.42974,0.36837,0.55665,3.37882,3.545,3.623,7.23024,8.18786,1.77252,8.14379
2026-02-27 00:00:00,7.99477,0,0.25475,0.52759,0.27734,0.0295,0.09873,0.16715,0.51367,1.43562,2.7061,9.89725,0.02364,2.11601,3.37037,0.00491,0.00878,0.01478,0.01174,0.05094,0.0288,3.60875,2.87601,1.92776,1.81464,0.483,14.81063,3.43333,0.61333,1.20612,1.94917,8.88156,0.35858,0.5492,0.00973,8.18192,0.26117,2.11601,3.43333,0.35858,0.5492,3.37037,3.53252,3.60875,7.22857,8.18192,1.81807,8.13279
2026-02-27 01:00:00,7.93513,0,0.25565,0.52844,0.27215,0.02899,0.09473,0.17035,0.49615,1.45566,2.73066,9.84929,0.02295,2.11862,3.36238,0.00483,0.00877,0.01469,0.01166,0.05066,0.02825,3.59476,2.8569,1.94569,1.81482,0.47729,14.68084,3.43554,0.62576,1.22429,2.00623,8.96426,0.34654,0.54109,0.00949,8.1757,0.25521,2.11862,3.43554,0.34654,0.54109,3.36238,3.5205,3.59476,7.22657,8.1757,1.87523,8.11979
2026-02-27 02:00:00,7.87549,0,0.25292,0.52187,0.26358,0.02846,0.09088,0.17264,0.47703,1.47577,2.76949,9.80481,0.02237,2.12093,3.35477,0.00476,0.00875,0.01459,0.01156,0.05038,0.02765,3.58107,2.83716,1.96363,1.815,0.47098,14.55104,3.43648,0.6382,1.24375,2.05039,9.03407,0.33375,0.53227,0.00932,8.16914,0.24925,2.12093,3.43648,0.33375,0.53227,3.35477,3.50896,3.58107,7.22415,8.16914,1.9195,8.10419
2026-02-27 03:00:00,7.81586,0,0.24621,0.50778,0.2526,0.02749,0.08741,0.17241,0.4567,1.49612,2.80462,9.77288,0.02188,2.12291,3.34752,0.00468,0.00874,0.01449,0.01133,0.05011,0.02712,3.5677,2.82686,1.98156,1.81519,0.46417,14.42125,3.43624,0.65064,1.26392,2.07942,9.08877,0.32071,0.523,0.0092,8.16218,0.24329,2.12291,3.43624,0.32071,0.523,3.34752,3.49788,3.5677,7.22127,8.16218,1.94865,8.08513
2026-02-27 04:00:00,7.75622,0,0.23714,0.48536,0.241,0.02553,0.08428,0.16913,0.43406,1.51669,2.844,9.75666,0.02145,2.12454,3.34056,0.0046,0.00873,0.01438,0.01116,0.04983,0.02666,3.55469,2.84231,1.99949,1.81537,0.4569,14.29146,3.43495,0.66307,1.28437,2.08963,9.12463,0.30759,0.5138,0.0091,8.15474,0.23732,2.12454,3.43495,0.30759,0.5138,3.34056,3.48723,3.55469,7.21789,8.15474,1.95899,8.0613
2026-02-27 05:00:00,7.69658,0,0.22726,0.44744,0.22992,0.02423,0.08138,0.16252,0.40896,1.5375,2.88392,9.7505,0.02108,2.12583,3.33387,0.00452,0.00871,0.01427,0.01102,0.04955,0.02628,3.54207,2.88254,2.01743,1.81555,0.44924,14.16166,3.43269,0.67551,1.30492,2.09705,9.15774,0.29793,0.50507,0.00896,8.14675,0.23136,2.12583,3.43269,0.29793,0.50507,3.33387,3.47698,3.54207,7.21398,8.14675,1.96655,8.03065
2026-02-27 06:00:00,7.63694,0,0.21747,0.4179,0.21991,0.02374,0.07835,0.15288,0.38365,1.55839,2.93234,9.74268,0.02074,2.12678,3.3274,0.00444,0.0087,0.01418,0.01093,0.04927,0.02592,3.52986,2.9361,2.03536,1.81573,0.44121,14.03187,3.42956,0.68794,1.32554,2.09215,9.17852,0.29293,0.4969,0.00879,8.13813,0.2254,2.12678,3.42956,0.29293,0.4969,3.3274,3.46708,3.52986,7.20951,8.13813,1.9618,7.9898
2026-02-27 07:00:00,7.52195,0,0.20834,0.39594,0.21125,0.02347,0.07526,0.1415,0.35998,1.56213,2.96076,9.7193,0.02043,2.12743,3.32111,0.00437,0.00869,0.01409,0.01086,0.04903,0.02553,3.51807,2.99685,2.00937,1.80574,0.4328,13.99262,3.42564,0.68209,1.31929,2.07893,9.09621,0.28948,0.48929,0.00866,8.1288,0.22014,2.12743,3.42564,0.28948,0.48929,3.32111,3.45749,3.51807,7.20448,8.1288,1.94874,7.9326
2026-02-27 08:00:00,7.40696,0,0.20017,0.38002,0.20377,0.02315,0.07255,0.13063,0.33903,1.54869,2.97515,9.69889,0.02014,2.12783,3.315,0.0043,0.00867,0.01399,0.01076,0.0488,0.02513,3.5067,3.06147,1.98338,1.79575,0.42399,13.95337,3.42101,0.67623,1.30583,2.06969,9.01791,0.28654,0.4822,0.00857,8.11874,0.21487,2.12783,3.42101,0.28654,0.4822,3.315,3.44819,3.5067,7.19889,8.11874,1.93969,7.8468
2026-02-27 09:00:00,7.29197,0,0.19301,0.37032,0.19724,0.02253,0.07026,0.12175,0.32145,1.53171,2.97169,9.67829,0.01986,2.128,3.30904,0.00423,0.00866,0.0139,0.01054,0.04857,0.02477,3.49573,3.12413,1.95739,1.78577,0.41479,13.91412,3.4157,0.67038,1.28898,2.05791,8.93706,0.28378,0.47545,0.0085,8.10789,0.20961,2.128,3.4157,0.28378,0.47545,3.30904,3.43917,3.49573,7.19271,8.10789,1.92809,7.70381
2026-02-27 10:00:00,7.17699,0,0.18683,0.35693,0.19156,0.02121,0.06829,0.11458,0.30755,1.50491,2.95576,9.63898,0.0196,2.12797,3.30322,0.00415,0.00864,0.0138,0.01037,0.04833,0.02447,3.48513,3.16358,1.9314,1.77578,0.40531,13.87487,3.40977,0.66452,1.27065,2.04704,8.85711,0.28107,0.46866,0.00844,8.09624,0.20434,2.12797,3.40977,0.28107,0.46866,3.30322,3.43039,3.48513,7.18597,8.09624,1.91741,7.41782
2026-02-27 11:00:00,7.062,0,0.18153,0.33664,0.18666,0.02034,0.06653,0.10848,0.29722,1.48137,2.93397,9.58417,0.01936,2.12777,3.29757,0.00408,0.00863,0.0137,0.01023,0.0481,0.02422,3.47489,3.17243,1.90541,1.76579,0.39565,13.83562,3.40327,0.65866,1.25159,2.02868,8.76969,0.27806,0.46153,0.00836,8.08379,0.19907,2.12777,3.40327,0.27806,0.46153,3.29757,3.42184,3.47489,7.17868,8.08379,1.89924,6.55984
2026-02-27 12:00:00,6.94701,0,0.17698,0.32023,0.18235,0.02001,0.06477,0.1031,0.2899,1.46144,2.91196,9.51326,0.01912,2.12744,3.29209,0.004,0.00861,0.01361,0.01014,0.04786,0.02398,3.46498,3.16478,1.87942,1.7558,0.38585,13.79637,3.39625,0.65281,1.23215,1.99041,8.66235,0.27463,0.45398,0.00826,8.07059,0.19381,2.12744,3.39625,0.27463,0.45398,3.29209,3.41348,3.46498,7.17085,8.07059,1.86115,6.98149
2026-02-27 13:00:00,6.8277,0,0.173,0.30708,0.17844,0.01983,0.06301,0.09875,0.28459,1.42933,2.87836,9.29162,0.0189,2.12699,3.28679,0.00393,0.0086,0.01352,0.01007,0.04764,0.02372,3.45538,3.14826,1.83913,1.72994,0.37586,13.58862,3.38879,0.63575,1.20827,1.94287,8.50498,0.27107,0.44606,0.00819,8.05666,0.18976,2.12699,3.38879,0.27107,0.44606,3.28679,3.40531,3.45538,7.16248,8.05666,1.81376,7.02263
2026-02-27 14:00:00,6.70839,0,0.16946,0.29593,0.17484,0.01961,0.06148,0.09558,0.28009,1.39435,2.83797,9.06597,0.01869,2.12645,3.28171,0.00387,0.00858,0.01344,0.00997,0.04743,0.02345,3.44607,3.12697,1.79884,1.70407,0.36553,13.38087,3.38092,0.6187,1.17983,1.90598,8.35826,0.26746,0.43779,0.00814,8.04204,0.1857,2.12645,3.38092,0.26746,0.43779,3.28171,3.39732,3.44607,7.15359,8.04204,1.77701,6.42716
2026-02-27 15:00:00,6.58908,0,0.16625,0.28628,0.17151,0.0192,0.06019,0.09278,0.27532,1.36291,2.79176,8.83671,0.01849,2.12583,3.27685,0.0038,0.00857,0.01335,0.00975,0.04721,0.02321,3.43702,3.09802,1.75856,1.67821,0.35445,13.17312,3.37265,0.60164,1.14934,1.87778,8.22022,0.26383,0.42931,0.00809,8.02675,0.18165,2.12583,3.37265,0.26383,0.42931,3.27685,3.38951,3.43702,7.1442,8.02675,1.74894,6.22867
2026-02-27 16:00:00,6.46978,0,0.16334,0.27407,0.16852,0.01831,0.05909,0.09024,0.26946,1.3256,2.74528,8.59758,0.01831,2.12516,3.27224,0.00373,0.00855,0.01325,0.00958,0.04699,0.02301,3.4282,3.04731,1.71827,1.65235,0.34265,12.96536,3.36398,0.58458,1.11795,1.86116,8.09372,0.26019,0.42088,0.00805,8.01083,0.1776,2.12516,3.36398,0.26019,0.42088,3.27224,3.38189,3.4282,7.13432,8.01083,1.73243,6.12943
2026-02-27 17:00:00,6.35047,0,0.16078,0.25669,0.16587,0.01773,0.05811,0.08781,0.26206,1.3041,2.69117,8.3522,0.01813,2.12442,3.26791,0.00366,0.00854,0.01316,0.00944,0.04678,0.02284,3.41962,2.97235,1.67798,1.62648,0.3313,12.75761,3.35485,0.56753,1.08606,1.83891,7.96162,0.25715,0.41271,0.00798,7.99429,0.17354,2.12442,3.35485,0.25715,0.41271,3.26791,3.37446,3.41962,7.12396,7.99429,1.71029,6.06989
2026-02-27 18:00:00,6.23116,0,0.15857,0.24278,0.16357,0.0175,0.05713,0.08537,0.25317,1.26768,2.64528,8.10267,0.01796,2.12364,3.26387,0.00359,0.00852,0.01308,0.00935,0.04656,0.02268,3.41124,2.88432,1.63769,1.60062,0.32075,12.54986,3.34531,0.55047,1.05449,1.80297,7.81577,0.25492,0.40484,0.00789,7.97712,0.16949,2.12364,3.34531,0.25492,0.40484,3.26387,3.36721,3.41124,7.11316,7.97712,1.67443,6.03019
2026-02-27 19:00:00,6.15901,0,0.15663,0.23197,0.16154,0.01738,0.05614,0.08298,0.24329,1.22426,2.59582,7.92463,0.0178,2.12282,3.26011,0.00352,0.00851,0.01299,0.00928,0.04635,0.0225,3.40308,2.78925,1.60729,1.57995,0.31055,12.33671,3.33553,0.53579,1.03162,1.76194,7.69267,0.25295,0.3973,0.00781,7.95935,0.16647,2.12282,3.33553,0.25295,0.3973,3.26011,3.36016,3.40308,7.10192,7.95935,1.63347,6.00183
2026-02-27 20:00:00,6.08685,0,0.15488,0.22354,0.1597,0.01724,0.05529,0.08076,0.23316,1.19576,2.53646,7.74287,0.01765,2.12199,3.25667,0.00346,0.00849,0.01291,0.00918,0.04614,0.02232,3.39511,2.69039,1.5769,1.55927,0.30067,12.12356,3.32564,0.5211,1.00949,1.72956,7.57821,0.25107,0.39007,0.00776,7.94096,0.16344,2.12199,3.32564,0.25107,0.39007,3.25667,3.35331,3.39511,7.09026,7.94096,1.60115,5.98057
2026-02-27 21:00:00,6.0147,0,0.15323,0.2178,0.15799,0.01695,0.05457,0.0788,0.22335,1.15335,2.48087,7.56648,0.01751,2.12114,3.25352,0.0034,0.00848,0.01281,0.00896,0.04594,0.02216,3.38734,2.60194,1.54651,1.5386,0.28969,11.91041,3.31573,0.50642,0.9876,1.70563,7.4722,0.24923,0.38313,0.00772,7.92199,0.16042,2.12114,3.31573,0.24923,0.38313,3.25352,3.34668,3.38734,7.07818,7.92199,1.57728,5.96402
2026-02-27 22:00:00,5.94255,0,0.15168,0.21056,0.15643,0.01635,0.05395,0.07702,0.21415,1.12531,2.42615,7.38549,0.01737,2.1203,3.25068,0.00333,0.00847,0.01273,0.00879,0.04573,0.02202,3.37977,2.53753,1.51611,1.51793,0.27885,11.69726,3.30573,0.49173,0.96588,1.69129,7.37576,0.24739,0.37645,0.00769,7.90244,0.15739,2.1203,3.30573,0.24739,0.37645,3.25068,3.34028,3.37977,7.0657,7.90244,1.563,5.95079
2026-02-27 23:00:00,5.87039,0,0.15025,0.20032,0.15503,0.01595,0.0534,0.0753,0.20572,1.09715,2.37143,7.19749,0.01724,2.11945,3.24814,0.00326,0.00845,0.01263,0.00865,0.04552,0.0219,3.3724,2.49207,1.48571,1.49725,0.26754,11.48411,3.29557,0.47705,0.94429,1.67196,7.27437,0.24577,0.36996,0.00766,7.88235,0.15437,2.11945,3.29557,0.24577,0.36996,3.24814,3.33413,3.3724,7.05286,7.88235,1.54374,5.93997
2026-02-28 00:00:00,5.79824,0,0.14895,0.19208,0.15375,0.0158,0.05283,0.07358,0.19816,1.08198,2.32457,7.01261,0.01712,2.11861,3.2459,0.00319,0.00844,0.01255,0.00856,0.04531,0.02179,3.36523,2.45681,1.45532,1.47658,0.25574,11.27096,3.28526,0.46236,0.92252,1.63955,7.1599,0.24442,0.36367,0.00762,7.86174,0.15134,2.11861,3.28526,0.24442,0.36367,3.2459,3.32823,3.36523,7.03967,7.86174,1.51142,5.93094
2026-02-28 01:00:00,5.78975,0,0.14774,0.18555,0.15254,0.01572,0.05227,0.07189,0.19151,1.08484,2.28776,6.89945,0.01701,2.11778,3.24393,0.00313,0.00843,0.01247,0.00849,0.04511,0.02167,3.35827,2.42705,1.43601,1.46387,0.24389,11.19308,3.27475,0.45536,0.91073,1.60203,7.08075,0.24316,0.35755,0.00759,7.84066,0.14913,2.11778,3.27475,0.24316,0.35755,3.24393,3.32259,3.35827,7.02617,7.84066,1.474,5.92331
2026-02-28 02:00:00,5.78127,0,0.14657,0.18017,0.15137,0.01562,0.05177,0.07032,0.18571,1.08734,2.26408,6.78723,0.0169,2.11697,3.24225,0.00307,0.00841,0.01239,0.00839,0.04491,0.02155,3.35153,2.40024,1.41669,1.45117,0.23201,11.11521,3.26402,0.44836,0.90209,1.57248,7.00958,0.24193,0.3516,0.00757,7.81916,0.14692,2.11697,3.26402,0.24193,0.3516,3.24225,3.31722,3.35153,7.01238,7.81916,1.44455,5.91677
2026-02-28 03:00:00,5.77278,0,0.14539,0.17603,0.15022,0.01543,0.05135,0.06894,0.18064,1.08972,2.24609,6.68274,0.01679,2.1162,3.24083,0.00301,0.0084,0.0123,0.00817,0.04471,0.02144,3.34503,2.37972,1.39738,1.43846,0.22011,11.03734,3.2531,0.44137,0.89499,1.55135,6.94685,0.24071,0.34583,0.00756,7.79727,0.14472,2.1162,3.2531,0.24071,0.34583,3.24083,3.31212,3.34503,6.9983,7.79727,1.42353,5.91109
2026-02-28 04:00:00,5.76429,0,0.14422,0.17069,0.14913,0.01501,0.05099,0.06769,0.17615,1.09176,2.23752,6.58819,0.01669,2.11545,3.23964,0.00294,0.00839,0.01222,0.008,0.04451,0.02134,3.33877,2.36871,1.37807,1.42575,0.20826,10.95946,3.24202,0.43437,0.88861,1.5399,6.89378,0.23949,0.34027,0.00754,7.77503,0.14251,2.11545,3.24202,0.23949,0.34027,3.23964,3.30731,3.33877,6.98395,7.77503,1.41219,5.90613
2026-02-28 05:00:00,5.75581,0,0.14311,0.16298,0.14813,0.01474,0.05066,0.06645,0.1721,1.09356,2.23108,6.50577,0.01659,2.11473,3.2387,0.00287,0.00837,0.01213,0.00787,0.04431,0.02126,3.33275,2.36426,1.35875,1.41305,0.19685,10.88159,3.2308,0.42737,0.88265,1.52561,6.83788,0.23842,0.33494,0.00751,7.75247,0.1403,2.11473,3.2308,0.23842,0.33494,3.2387,3.30278,3.33275,6.96936,7.75247,1.39801,5.90175
2026-02-28 06:00:00,5.74732,0,0.14207,0.15681,0.14718,0.01463,0.05032,0.06519,0.1684,1.09512,2.22515,6.42923,0.0165,2.11403,3.23798,0.00281,0.00836,0.01206,0.00778,0.04411,0.02117,3.32699,2.36334,1.33944,1.40034,0.18638,10.80371,3.21951,0.42037,0.87692,1.50468,6.77532,0.23753,0.32982,0.00748,7.72964,0.13809,2.11403,3.21951,0.23753,0.32982,3.23798,3.29854,3.32699,6.95453,7.72964,1.37718,5.89786
2026-02-28 07:00:00,5.70503,0,0.14109,0.15195,0.14626,0.01457,0.04996,0.06392,0.16499,1.09948,2.22147,6.37741,0.01641,2.11337,3.23745,0.00275,0.00835,0.01197,0.00771,0.04392,0.02105,3.32149,2.36432,1.32226,1.38608,0.17697,10.70391,3.2083,0.41482,0.86466,1.48176,6.71104,0.2367,0.32492,0.00745,7.70657,0.13647,2.11337,3.2083,0.2367,0.32492,3.23745,3.29459,3.32149,6.93947,7.70657,1.35434,5.89438
2026-02-28 08:00:00,5.66274,0,0.14015,0.148,0.14534,0.01451,0.04965,0.06274,0.16185,1.09188,2.2157,6.32758,0.01633,2.11275,3.23708,0.00269,0.00833,0.0119,0.00761,0.04372,0.02092,3.31626,2.36632,1.30508,1.37182,0.16845,10.60412,3.19728,0.40926,0.85295,1.4635,6.65141,0.23588,0.32023,0.00743,7.68328,0.13486,2.11275,3.19728,0.23588,0.32023,3.23708,3.29092,3.31626,6.9242,7.68328,1.33617,5.89125
2026-02-28 09:00:00,5.62045,0,0.1392,0.14501,0.14442,0.01437,0.04939,0.06169,0.15896,1.08188,2.20877,6.27839,0.01625,2.11216,3.23689,0.00264,0.00832,0.01183,0.00739,0.04353,0.0208,3.3113,2.36543,1.2879,1.35756,0.16069,10.50432,3.18662,0.40371,0.84155,1.45014,6.5967,0.23507,0.31572,0.00742,7.65979,0.13324,2.11216,3.18662,0.23507,0.31572,3.23689,3.28753,3.3113,6.90877,7.65979,1.3229,5.88841
2026-02-28 10:00:00,5.57815,0,0.13828,0.1411,0.14353,0.01409,0.04916,0.06073,0.15628,1.06481,2.19655,6.23112,0.01617,2.1116,3.23683,0.00257,0.0083,0.01174,0.00722,0.04334,0.0207,3.30663,2.35838,1.27071,1.3433,0.15358,10.40452,3.17637,0.39816,0.83029,1.44192,6.54714,0.23427,0.31143,0.0074,7.63615,0.13162,2.1116,3.17637,0.23427,0.31143,3.23683,3.28441,3.30663,6.89319,7.63615,1.31479,5.88583
2026-02-28 11:00:00,5.53586,0,0.13743,0.13537,0.1427,0.0139,0.04894,0.05978,0.15376,1.05034,2.1796,6.18184,0.0161,2.11108,3.23687,0.00251,0.00829,0.01166,0.00708,0.04314,0.02061,3.30223,2.34689,1.25353,1.32904,0.1471,10.30473,3.16659,0.3926,0.81907,1.43071,6.4946,0.23355,0.30732,0.00737,7.61239,0.13001,2.11108,3.16659,0.23355,0.30732,3.23687,3.28157,3.30223,6.87746,7.61239,1.30371,5.88348
2026-02-28 12:00:00,5.49357,0,0.13667,0.13078,0.14191,0.01383,0.04871,0.0588,0.15137,1.03819,2.15883,6.13112,0.01603,2.11059,3.23701,0.00245,0.00827,0.01158,0.00699,0.04295,0.02053,3.29812,2.33302,1.23635,1.31478,0.14122,10.20493,3.15731,0.38705,0.808,1.41144,6.43402,0.23295,0.3034,0.00734,7.58853,0.12839,2.11059,3.15731,0.23295,0.3034,3.23701,3.27899,3.29812,6.86167,7.58853,1.28457,5.73394
2026-02-28 13:00:00,5.4212,0,0.13598,0.12717,0.14113,0.01379,0.04846,0.05782,0.14912,1.01994,2.12928,6.06632,0.01596,2.11013,3.23722,0.00239,0.00826,0.0115,0.00693,0.04276,0.02045,3.29428,2.31788,1.22032,1.29919,0.13585,10.08822,3.14854,0.38107,0.79294,1.3889,6.36308,0.23238,0.29965,0.00731,7.56459,0.12717,2.11013,3.14854,0.23238,0.29965,3.23722,3.27666,3.29428,6.84584,7.56459,1.26217,5.21856
2026-02-28 14:00:00,5.34884,0,0.13533,0.12421,0.14034,0.01374,0.04824,0.0569,0.14702,0.99966,2.0995,5.9969,0.01589,2.10971,3.23746,0.00234,0.00824,0.01143,0.00685,0.04258,0.02038,3.29072,2.30203,1.20429,1.2836,0.13091,9.97151,3.14031,0.37509,0.77775,1.37115,6.29696,0.23182,0.29607,0.00729,7.54063,0.12595,2.10971,3.14031,0.23182,0.29607,3.23746,3.27457,3.29072,6.83001,7.54063,1.24457,4.89928
2026-02-28 15:00:00,5.27648,0,0.13465,0.1219,0.13954,0.01365,0.04806,0.05608,0.14507,0.98174,2.06842,5.92348,0.01583,2.10931,3.23772,0.00229,0.00823,0.01136,0.00668,0.04239,0.02031,3.28744,2.28548,1.18826,1.26801,0.12633,9.8548,3.13258,0.36912,0.76238,1.35795,6.23538,0.23127,0.29265,0.00728,7.51669,0.12474,2.10931,3.13258,0.23127,0.29265,3.23772,3.2727,3.28744,6.81422,7.51669,1.23152,4.79285
2026-02-28 16:00:00,5.20411,0,0.13397,0.11888,0.13877,0.01344,0.04789,0.05533,0.14326,0.95959,2.03634,5.84187,0.01577,2.10893,3.23798,0.00223,0.00822,0.01127,0.00655,0.0422,0.02026,3.28442,2.26814,1.17223,1.25242,0.12207,9.73809,3.12534,0.36314,0.74701,1.35012,6.17918,0.23072,0.28939,0.00726,7.4928,0.12352,2.10893,3.12534,0.23072,0.28939,3.23798,3.27104,3.28442,6.79852,7.4928,1.22385,4.73964
2026-02-28 17:00:00,5.13175,0,0.13333,0.11446,0.13804,0.01331,0.04772,0.05459,0.14156,0.94864,1.99954,5.76001,0.01571,2.1086,3.23819,0.00218,0.0082,0.0112,0.00644,0.04202,0.02021,3.28166,2.25031,1.1562,1.23683,0.11812,9.62138,3.11859,0.35716,0.73155,1.33974,6.12042,0.23022,0.28628,0.00723,7.469,0.1223,2.1086,3.11859,0.23022,0.28628,3.23819,3.26959,3.28166,6.78293,7.469,1.21361,4.70771
2026-02-28 18:00:00,5.05938,0,0.13273,0.11092,0.13734,0.01326,0.04753,0.05382,0.13991,0.92698,1.96656,5.67689,0.01565,2.10828,3.23835,0.00212,0.00819,0.01113,0.00637,0.04183,0.02016,3.27915,2.23221,1.14017,1.22124,0.11453,9.50467,3.11227,0.35118,0.7161,1.32282,6.0551,0.2298,0.28331,0.0072,7.44533,0.12108,2.10828,3.11227,0.2298,0.28331,3.23835,3.26832,3.27915,6.76748,7.44533,1.19683,4.68643
2026-02-28 19:00:00,5.03862,0,0.13217,0.10813,0.13664,0.01323,0.04732,0.05305,0.13832,0.90926,1.94177,5.61793,0.01559,2.10799,3.23842,0.00206,0.00818,0.01105,0.00631,0.04165,0.02011,3.27688,2.21396,1.12613,1.20711,0.11127,9.41647,3.10638,0.3457,0.71053,1.30345,6.01353,0.2294,0.2805,0.00717,7.42183,0.12014,2.10799,3.10638,0.2294,0.2805,3.23842,3.26721,3.27688,6.75224,7.42183,1.17759,4.67122
2026-02-28 20:00:00,5.01786,0,0.13161,0.10585,0.13593,0.01319,0.04712,0.05233,0.1368,0.90215,1.91342,5.55441,0.01554,2.10772,3.23838,0.00201,0.00816,0.01098,0.00622,0.04147,0.02005,3.27483,2.19564,1.11208,1.19299,0.1083,9.32827,3.1009,0.34022,0.70527,1.28815,5.97602,0.22901,0.27781,0.00715,7.39854,0.1192,2.10772,3.1009,0.22901,0.27781,3.23838,3.26625,3.27483,6.73721,7.39854,1.16242,4.65982
2026-02-28 21:00:00,4.9971,0,0.13101,0.10409,0.13521,0.01313,0.04696,0.05169,0.13537,0.88477,1.88797,5.49427,0.01548,2.10749,3.23822,0.00196,0.00815,0.0109,0.006,0.04129,0.02,3.27301,2.18164,1.09804,1.17886,0.10557,9.24006,3.09581,0.33474,0.70003,1.27684,5.9425,0.22862,0.27524,0.00713,7.3755,0.11826,2.10749,3.09581,0.22862,0.27524,3.23822,3.26541,3.27301,6.72242,7.3755,1.15123,4.65095
2026-02-28 22:00:00,4.97633,0,0.13039,0.10179,0.13451,0.01298,0.04681,0.0511,0.13401,0.87783,1.86645,5.44231,0.01541,2.10729,3.23791,0.0019,0.00813,0.01083,0.00583,0.0411,0.01996,3.27138,2.17487,1.08399,1.16473,0.10305,9.15186,3.0911,0.32926,0.69484,1.27009,5.91353,0.22824,0.27279,0.00712,7.35272,0.11732,2.10729,3.0911,0.22824,0.27279,3.23791,3.26468,3.27138,6.70788,7.35272,1.1446,4.64386
2026-02-28 23:00:00,4.95557,0,0.12979,0.09842,0.13385,0.01289,0.04667,0.05051,0.13268,0.8709,1.85068,5.3868,0.01532,2.10711,3.23744,0.00185,0.00812,0.01075,0.0057,0.04092,0.01992,3.26994,2.17249,1.06995,1.15061,0.10073,9.06366,3.08674,0.32378,0.68966,1.26121,5.8823,0.22789,0.27047,0.00709,7.33027,0.11638,2.10711,3.08674,0.22789,0.27047,3.23744,3.26404,3.26994,6.69363,7.33027,1.13571,4.63805
2026-03-01 00:00:00,4.93481,0,0.12924,0.09572,0.13321,0.01285,0.04652,0.0499,0.13139,0.87391,1.83642,5.33419,0.01521,2.10695,3.2368,0.00179,0.0081,0.01068,0.00561,0.04074,0.01988,3.26867,2.17249,1.0559,1.13648,0.09861,8.97546,3.0827,0.3183,0.6845,1.24644,5.84522,0.22758,0.26827,0.00706,7.30815,0.11544,2.10695,3.0827,0.22758,0.26827,3.2368,3.26346,3.26867,6.67969,7.30815,1.12096,4.63321
2026-03-01 01:00:00,4.9526,0,0.12871,0.09359,0.13257,0.01283,0.04637,0.04928,0.13013,0.88268,1.82378,5.3065,0.01512,2.10682,3.23598,0.00174,0.00809,0.0106,0.00555,0.04057,0.01984,3.26755,2.17377,1.04665,1.13039,0.09666,8.94826,3.07896,0.32168,0.68469,1.22941,5.83125,0.22729,0.26616,0.00703,7.2864,0.11469,2.10682,3.07896,0.22729,0.26616,3.23598,3.26292,3.26755,6.66606,7.2864,1.10395,4.62912
2026-03-01 02:00:00,4.97038,0,0.12818,0.09184,0.13192,0.0128,0.04624,0.04871,0.12892,0.89132,1.82213,5.28457,0.01505,2.10671,3.23496,0.00169,0.00807,0.01054,0.00547,0.04039,0.01978,3.26656,2.17575,1.0374,1.1243,0.09486,8.92106,3.07552,0.32507,0.68813,1.21596,5.82089,0.227,0.26416,0.00701,7.26503,0.11395,2.10671,3.07552,0.227,0.26416,3.23496,3.26241,3.26656,6.65276,7.26503,1.09055,4.62561
2026-03-01 03:00:00,4.98817,0,0.12762,0.09048,0.13125,0.01275,0.04612,0.0482,0.12779,0.89993,1.82432,5.26414,0.015,2.10663,3.23375,0.00165,0.00806,0.01048,0.0053,0.04022,0.01973,3.26569,2.17942,1.02815,1.11821,0.09319,8.89386,3.07233,0.32845,0.69321,1.20678,5.8148,0.22672,0.26226,0.00699,7.24406,0.1132,2.10663,3.07233,0.22672,0.26226,3.23375,3.26189,3.26569,6.63979,7.24406,1.08142,4.62257
2026-03-01 04:00:00,5.00596,0,0.12703,0.0887,0.13061,0.01264,0.04602,0.04772,0.1267,0.90851,1.83254,5.24533,0.01495,2.10656,3.23236,0.00159,0.00805,0.0104,0.00517,0.04005,0.01969,3.26491,2.18553,1.01889,1.11211,0.09162,8.86667,3.06938,0.33183,0.6991,1.20236,5.81348,0.22643,0.26044,0.00698,7.22353,0.11245,2.10656,3.06938,0.22643,0.26044,3.23236,3.26136,3.26491,6.62717,7.22353,1.07707,4.61991
2026-03-01 05:00:00,5.02374,0,0.12646,0.08608,0.12999,0.01256,0.04592,0.04726,0.12564,0.91697,1.84201,5.23752,0.01491,2.10652,3.23076,0.00154,0.00803,0.01034,0.00506,0.03987,0.01966,3.2642,2.19312,1.00964,1.10602,0.09015,8.83947,3.06666,0.33522,0.70543,1.19748,5.8117,0.22617,0.25872,0.00696,7.20343,0.11171,2.10652,3.06666,0.22617,0.25872,3.23076,3.2608,3.2642,6.61489,7.20343,1.07225,4.61756
2026-03-01 06:00:00,5.04153,0,0.12593,0.08398,0.1294,0.01253,0.04581,0.04677,0.1246,0.9254,1.85373,5.23354,0.01488,2.10649,3.22895,0.00149,0.00802,0.01027,0.00499,0.0397,0.01961,3.26355,2.20152,1.00039,1.09993,0.0888,8.81227,3.06414,0.3386,0.71196,1.192,5.80932,0.22594,0.25707,0.00694,7.18378,0.11096,2.10649,3.06414,0.22594,0.25707,3.22895,3.26019,3.26355,6.60298,7.18378,1.06683,4.61548
2026-03-01 07:00:00,5.02981,0,0.12543,0.08233,0.1288,0.01251,0.04568,0.04628,0.12358,0.93478,1.86777,5.23062,0.01485,2.10648,3.22695,0.00144,0.00801,0.0102,0.00493,0.03953,0.01956,3.26293,2.21035,0.99238,1.09719,0.08753,8.74805,3.06181,0.33865,0.71641,1.18683,5.7968,0.22572,0.25552,0.00692,7.16457,0.11035,2.10648,3.06181,0.22572,0.25552,3.22695,3.25951,3.26293,6.59142,7.16457,1.0617,4.61361
2026-03-01 08:00:00,5.01809,0,0.12493,0.08098,0.12819,0.01249,0.04557,0.04582,0.12262,0.94397,1.88427,5.22895,0.01482,2.10648,3.22474,0.00139,0.008,0.01014,0.00484,0.03936,0.0195,3.26233,2.21941,0.98437,1.09446,0.08635,8.68383,3.05964,0.3387,0.71974,1.18258,5.78519,0.2255,0.25403,0.00691,7.14585,0.10974,2.10648,3.05964,0.2255,0.25403,3.22474,3.25875,3.26233,6.58021,7.14585,1.05747,4.61193
2026-03-01 09:00:00,5.00637,0,0.12439,0.07992,0.12756,0.01246,0.04546,0.04541,0.12171,0.94331,1.90204,5.22954,0.01479,2.1065,3.22232,0.00136,0.00799,0.01006,0.00462,0.03919,0.01944,3.26173,2.22498,0.97636,1.09173,0.08523,8.61961,3.05763,0.33875,0.72247,1.1798,5.77503,0.22528,0.25263,0.0069,7.1276,0.10913,2.1065,3.05763,0.22528,0.25263,3.22232,3.2579,3.26173,6.56935,7.1276,1.05469,4.61041
2026-03-01 10:00:00,4.99464,0,0.12384,0.07854,0.12694,0.01237,0.04537,0.04503,0.12085,0.93772,1.91633,5.23244,0.01476,2.10654,3.21971,0.00131,0.00797,0.01,0.00445,0.03902,0.01939,3.2611,2.22439,0.96835,1.08899,0.08417,8.55538,3.05577,0.33879,0.72489,1.17818,5.766,0.22506,0.25129,0.00688,7.10981,0.10851,2.10654,3.05577,0.22506,0.25129,3.21971,3.25695,3.2611,6.55885,7.10981,1.05306,4.60903
2026-03-01 11:00:00,4.98292,0,0.12331,0.07651,0.12636,0.01232,0.04528,0.04466,0.12001,0.93224,1.92333,5.2378,0.01473,2.10658,3.21689,0.00126,0.00796,0.00992,0.00432,0.03885,0.01934,3.26044,2.21981,0.96034,1.08625,0.08316,8.49116,3.05403,0.33884,0.72717,1.17608,5.7565,0.22486,0.25002,0.00685,7.0925,0.1079,2.10658,3.05403,0.22486,0.25002,3.21689,3.25587,3.26044,6.54868,7.0925,1.05094,4.60776
2026-03-01 12:00:00,4.9712,0,0.12281,0.07489,0.12579,0.01229,0.04517,0.04426,0.11918,0.93167,1.93066,5.24443,0.0147,2.10664,3.21386,0.00121,0.00795,0.00986,0.00423,0.03868,0.0193,3.25972,2.21309,0.95233,1.08352,0.08222,8.42694,3.05242,0.33889,0.7293,1.17245,5.74545,0.22468,0.24881,0.00682,7.07565,0.10729,2.10664,3.05242,0.22468,0.24881,3.21386,3.25467,3.25972,6.53884,7.07565,1.04728,4.32989
2026-03-01 13:00:00,4.93072,0,0.12234,0.0736,0.12522,0.01228,0.04505,0.04386,0.11837,0.91781,1.9163,5.23137,0.01467,2.10672,3.21063,0.00116,0.00794,0.00979,0.00417,0.03852,0.01924,3.25894,2.20524,0.94281,1.07631,0.08133,8.3431,3.05091,0.33315,0.71945,1.1682,5.71207,0.2245,0.24766,0.00679,7.05927,0.10677,2.10672,3.05091,0.2245,0.24766,3.21063,3.25334,3.25894,6.52934,7.05927,1.04302,3.87808
2026-03-01 14:00:00,4.89024,0,0.12187,0.07255,0.12463,0.01227,0.04494,0.04349,0.1176,0.90414,1.90181,5.21102,0.01464,2.1068,3.20721,0.00112,0.00792,0.00973,0.00409,0.03835,0.01919,3.25807,2.19673,0.9333,1.0691,0.08048,8.25927,3.04949,0.32741,0.70749,1.16485,5.67961,0.22433,0.24656,0.00677,7.04336,0.10625,2.1068,3.04949,0.22433,0.24656,3.20721,3.25187,3.25807,6.52015,7.04336,1.03966,3.87808
2026-03-01 15:00:00,4.84976,0,0.12136,0.07173,0.12403,0.01223,0.04484,0.04315,0.11688,0.88596,1.89038,5.19101,0.01461,2.10689,3.20357,0.00108,0.00791,0.00968,0.00392,0.03819,0.01914,3.25712,2.18633,0.92378,1.06189,0.07967,8.17543,3.04818,0.32167,0.69444,1.16206,5.6477,0.22415,0.24552,0.00676,7.02789,0.10573,2.10689,3.04818,0.22415,0.24552,3.20357,3.25024,3.25712,6.51127,7.02789,1.03687,3.87808
2026-03-01 16:00:00,4.80927,0,0.12084,0.07064,0.12345,0.01216,0.04475,0.04285,0.11618,0.86791,1.86907,5.1493,0.01459,2.107,3.19976,0.00103,0.0079,0.0096,0.00379,0.03803,0.01909,3.25605,2.17311,0.91426,1.05469,0.07889,8.09159,3.04694,0.31593,0.68078,1.15998,5.61649,0.22398,0.24453,0.00674,7.01286,0.10522,2.107,3.04694,0.22398,0.24453,3.19976,3.24846,3.25605,6.50268,7.01286,1.03478,3.87808
2026-03-01 17:00:00,4.76879,0,0.12033,0.06904,0.12289,0.01211,0.04466,0.04254,0.11548,0.85472,1.84438,5.10746,0.01456,2.10711,3.19576,0.00099,0.00788,0.00954,0.00369,0.03786,0.01906,3.25487,2.15816,0.90475,1.04748,0.07815,8.00776,3.04578,0.31019,0.6669,1.15679,5.58419,0.22382,0.24359,0.00671,6.99827,0.1047,2.10711,3.04578,0.22382,0.24359,3.19576,3.24652,3.25487,6.49438,6.99827,1.03158,3.87808
2026-03-01 18:00:00,4.72831,0,0.11986,0.06777,0.12235,0.01209,0.04455,0.04222,0.11478,0.83256,1.81748,5.06868,0.01453,2.10723,3.19156,0.00094,0.00787,0.00948,0.00362,0.0377,0.01902,3.25357,2.14229,0.89523,1.04027,0.07745,7.92392,3.04468,0.30445,0.65287,1.15046,5.54875,0.22367,0.24269,0.00668,6.98411,0.10418,2.10723,3.04468,0.22367,0.24269,3.19156,3.24441,3.25357,6.48634,6.98411,1.02526,3.87808
2026-03-01 19:00:00,4.71214,0,0.11942,0.06676,0.1218,0.01208,0.04444,0.0419,0.11409,0.81914,1.7886,5.02232,0.0145,2.10736,3.18719,0.0009,0.00786,0.00942,0.00357,0.03754,0.01897,3.25213,2.12592,0.88656,1.03254,0.07677,7.89752,3.04365,0.30258,0.64679,1.1427,5.53405,0.22353,0.24184,0.00665,6.97035,0.10373,2.10736,3.04365,0.22353,0.24184,3.18719,3.24213,3.25213,6.47858,6.97035,1.01753,3.87808
2026-03-01 20:00:00,4.69598,0,0.11897,0.06593,0.12124,0.01207,0.04433,0.0416,0.11343,0.79697,1.76278,4.97258,0.01447,2.10749,3.18392,0.00085,0.00784,0.00936,0.00349,0.03738,0.01892,3.25055,2.10928,0.8779,1.02482,0.07613,7.87112,3.04268,0.30071,0.64327,1.13665,5.52108,0.22339,0.24102,0.00663,6.95698,0.10328,2.10749,3.04268,0.22339,0.24102,3.18392,3.23968,3.25055,6.47105,6.95698,1.01152,3.87808
2026-03-01 21:00:00,4.67982,0,0.11849,0.06529,0.12067,0.01205,0.04424,0.04133,0.11281,0.79287,1.73697,4.92064,0.01445,2.10763,3.18048,0.00082,0.00783,0.00931,0.00333,0.03723,0.01887,3.24882,2.09613,0.86923,1.01709,0.0755,7.84471,3.04176,0.29884,0.64073,1.13208,5.50958,0.22324,0.24025,0.00662,6.94401,0.10283,2.10763,3.04176,0.22324,0.24025,3.18048,3.23705,3.24882,6.46377,6.94401,1.00699,3.87808
2026-03-01 22:00:00,4.66365,0,0.11799,0.06444,0.12012,0.01199,0.04415,0.04107,0.11222,0.78875,1.71102,4.86671,0.01442,2.10778,3.17688,0.00078,0.00782,0.00925,0.0032,0.03707,0.01883,3.24694,2.08872,0.86056,1.00936,0.0749,7.81831,3.04089,0.29697,0.63858,1.1294,5.49999,0.2231,0.23951,0.0066,6.9314,0.10237,2.10778,3.04089,0.2231,0.23951,3.17688,3.23425,3.24694,6.45671,6.9314,1.00437,3.87808
2026-03-01 23:00:00,4.64749,0,0.1175,0.06319,0.11959,0.01196,0.04407,0.04082,0.11165,0.80215,1.69144,4.81584,0.01439,2.10793,3.17312,0.00073,0.0078,0.00919,0.00309,0.03691,0.01879,3.2449,2.0846,0.8519,1.00164,0.07431,7.79191,3.04006,0.2951,0.63656,1.12588,5.48956,0.22297,0.23881,0.00657,6.91915,0.10192,2.10793,3.04006,0.22297,0.23881,3.17312,3.23131,3.2449,6.44985,6.91915,1.0009,3.87808
2026-03-02 00:00:00,4.63132,0,0.11705,0.06219,0.11907,0.01194,0.04396,0.04056,0.11108,0.8066,1.68336,4.76498,0.01437,2.10809,3.16923,0.00069,0.00779,0.00913,0.00303,0.03675,0.01876,3.24269,2.08224,0.84323,0.99391,0.07375,7.76551,3.03926,0.29323,0.63456,1.12033,5.47704,0.22284,0.23814,0.00654,6.90724,0.10147,2.10809,3.03926,0.22284,0.23814,3.16923,3.22828,3.24269,6.4432,6.90724,0.99535,3.87808
2026-03-02 01:00:00,4.64488,0,0.11662,0.06141,0.11855,0.01193,0.04384,0.04029,0.11052,0.82319,1.68633,4.7345,0.01434,2.10825,3.1652,0.00065,0.00778,0.00906,0.00297,0.0366,0.01871,3.24032,2.08084,0.83793,0.99186,0.07322,7.7603,3.03851,0.29614,0.63711,1.11405,5.47693,0.22271,0.2375,0.00651,6.89565,0.10107,2.10825,3.03851,0.22271,0.2375,3.1652,3.22517,3.24032,6.43674,6.89565,0.98906,3.87808
2026-03-02 02:00:00,4.65845,0,0.1162,0.06076,0.11802,0.01192,0.04373,0.04003,0.10998,0.83966,1.69587,4.69846,0.01431,2.10842,3.16104,0.00061,0.00776,0.00901,0.0029,0.03644,0.01866,3.23779,2.07996,0.83263,0.98981,0.07269,7.75508,3.03779,0.29906,0.64181,1.1091,5.47815,0.22259,0.2369,0.00649,6.88438,0.10066,2.10842,3.03779,0.22259,0.2369,3.16104,3.22199,3.23779,6.43045,6.88438,0.98409,3.87808
2026-03-02 03:00:00,4.67201,0,0.11574,0.06026,0.11747,0.01188,0.04363,0.03981,0.10948,0.85601,1.71507,4.67454,0.01428,2.10859,3.15676,0.00057,0.00775,0.00896,0.00273,0.03629,0.01861,3.23511,2.08087,0.82734,0.98776,0.07219,7.74987,3.03711,0.30198,0.64733,1.10578,5.48102,0.22247,0.23632,0.00648,6.8734,0.10026,2.10859,3.03711,0.22247,0.23632,3.15676,3.21874,3.23511,6.42432,6.8734,0.98076,3.87808
2026-03-02 04:00:00,4.68557,0,0.11526,0.05959,0.11693,0.0118,0.04355,0.0396,0.109,0.86369,1.73582,4.66178,0.01425,2.10877,3.15236,0.00053,0.00774,0.00889,0.00261,0.03614,0.01857,3.23232,2.08435,0.82204,0.98571,0.07169,7.74466,3.03644,0.30489,0.65308,1.10426,5.48565,0.22234,0.23576,0.00647,6.8627,0.09985,2.10877,3.03644,0.22234,0.23576,3.15236,3.21542,3.23232,6.41833,6.8627,0.97922,3.87808
2026-03-02 05:00:00,4.69914,0,0.1148,0.05862,0.11642,0.01175,0.04346,0.03939,0.10852,0.87127,1.75951,4.6567,0.01422,2.10896,3.14786,0.00049,0.00772,0.00884,0.0025,0.03598,0.01853,3.22941,2.08931,0.81674,0.98366,0.07121,7.73944,3.03581,0.3078,0.65899,1.10263,5.49018,0.22222,0.23524,0.00645,6.85226,0.09944,2.10896,3.03581,0.22222,0.23524,3.14786,3.21201,3.22941,6.41248,6.85226,0.97757,3.87808
2026-03-02 06:00:00,4.7127,0,0.11437,0.05784,0.11592,0.01173,0.04336,0.03917,0.10804,0.87457,1.7757,4.66053,0.01419,2.10915,3.14326,0.00045,0.00771,0.00878,0.00243,0.03583,0.0185,3.22641,2.09505,0.81144,0.98161,0.07074,7.73423,3.03521,0.31072,0.6649,1.10094,5.49466,0.22211,0.23473,0.00642,6.84208,0.09904,2.10915,3.03521,0.22211,0.23473,3.14326,3.20852,3.22641,6.40675,6.84208,0.97586,3.87808
2026-03-02 07:00:00,4.69913,0,0.11396,0.05722,0.11542,0.01172,0.04325,0.03894,0.10757,0.87822,1.788,4.67006,0.01417,2.10934,3.13858,0.00041,0.0077,0.00872,0.00238,0.03568,0.01845,3.22332,2.10122,0.80662,0.98052,0.07029,7.73107,3.03462,0.31152,0.66456,1.09942,5.48316,0.222,0.23426,0.0064,6.83213,0.09867,2.10934,3.03462,0.222,0.23426,3.13858,3.20493,3.22332,6.40115,6.83213,0.97434,3.87808
2026-03-02 08:00:00,4.68556,0,0.11356,0.05672,0.1149,0.01171,0.04315,0.03873,0.10712,0.87767,1.79917,4.68813,0.01414,2.10954,3.13381,0.00037,0.00769,0.00867,0.00231,0.03553,0.0184,3.22013,2.10762,0.8018,0.97942,0.06985,7.7279,3.03407,0.31231,0.66327,1.09814,5.47189,0.2219,0.2338,0.00639,6.82239,0.0983,2.10954,3.03407,0.2219,0.2338,3.13381,3.20125,3.22013,6.39565,6.82239,0.97307,3.87808
2026-03-02 09:00:00,4.67198,0,0.11312,0.05632,0.11437,0.01169,0.04307,0.03853,0.10669,0.87705,1.80717,4.69352,0.01411,2.10974,3.12896,0.00033,0.00768,0.00863,0.00214,0.03538,0.01835,3.21686,2.11033,0.79698,0.97833,0.06942,7.72474,3.03352,0.31311,0.66165,1.09723,5.46103,0.22179,0.23336,0.00638,6.81287,0.09793,2.10974,3.03352,0.22179,0.23336,3.12896,3.19748,3.21686,6.39025,6.81287,0.97218,3.87808
2026-03-02 10:00:00,4.65841,0,0.11266,0.05579,0.11386,0.01166,0.04299,0.03836,0.10627,0.87234,1.8117,4.69501,0.01408,2.10994,3.12405,0.0003,0.00766,0.00856,0.00201,0.03524,0.01831,3.2135,2.10692,0.79217,0.97724,0.069,7.72157,3.03299,0.31391,0.65987,1.09656,5.45041,0.22168,0.23294,0.00637,6.80353,0.09756,2.10994,3.03299,0.22168,0.23294,3.12405,3.19361,3.2135,6.38494,6.80353,0.97154,3.87808
2026-03-02 11:00:00,4.64484,0,0.11222,0.05501,0.11337,0.01163,0.04291,0.03818,0.10585,0.86755,1.81419,4.69537,0.01406,2.11015,3.11907,0.00026,0.00765,0.00851,0.00191,0.03509,0.01827,3.21005,2.09988,0.78735,0.97614,0.06859,7.71841,3.03249,0.3147,0.65792,1.09558,5.43946,0.22157,0.23255,0.00634,6.79438,0.09719,2.11015,3.03249,0.22157,0.23255,3.11907,3.18964,3.21005,6.37972,6.79438,0.97059,3.87808
2026-03-02 12:00:00,4.63127,0,0.11181,0.05439,0.11289,0.01162,0.04281,0.03799,0.10543,0.86702,1.8146,4.69257,0.01403,2.11037,3.11404,0.00022,0.00764,0.00846,0.00184,0.03494,0.01824,3.2065,2.0909,0.78253,0.97505,0.06819,7.71524,3.032,0.3155,0.65598,1.09363,5.42756,0.22145,0.23216,0.00631,6.7854,0.09682,2.11037,3.032,0.22145,0.23216,3.11404,3.18558,3.2065,6.37457,6.7854,0.96867,3.88276
