GMT,FRAC1,LTDC1,HIDC1,BHNC1,MPAC1,OWCC1,BNCC1,BCKC1,MEEC1,HPIC1,POHC1,EXQC1,DSNC1,STVC1,NWMC1,LGCC1,WARC1,LGAC1,PNEC1,LBDC1,OREC1,PATC1,HETC1,LNRC1,CHVC1F,DCMC1,NDPC1,MDSC1,NDVC1,NSWC1,AVYC1,NMSC1,OBBC1,RIPC1,PTTC1,VNSC1,KNFC1L,STVC1,MDSC1,OBBC1,RIPC1,NWMC1,CRDC1,PATC1,MZRC1,VNSC1,AVYC1L,NDPC1L
,QINE,QINE,QINE,QINE,QINE,QINE,QINE,QINE,QINE,QINE,QINE,QINE,QINE,QINE,QINE,QINE,QINE,QINE,QINE,QINE,QINE,QINE,QINE,QINE,QINE,QINE,QINE,QINE,QINE,QINE,QINE,QINE,QINE,QINE,QINE,QINE,QINE,QINE,QINE,QINE,QINE,QINE,QINE,QINE,QINE,QINE,SQIN,SQIN
2026-02-11 18:00:00,2.17697,0,0.05256,0.05051,0.011,0.003,0.005,0.005,0.009,0.19575,0.40985,1.06569,0.014,0.67107,1.12196,0.00079,0.00263,0.00327,0,0,0.00001,1.17013,0.44958,0.13908,0.17188,0.002,1.32273,0.57142,0.07558,0.22991,0.28703,1.61905,0.83809,1.01257,0.00123,2.46756,0.01753,0.67107,0.57142,0.83809,1.01257,1.12196,1.10318,1.17013,1.52651,2.46756,0.2825,0.67864
2026-02-11 19:00:00,2.12911,0,0.04509,0.05051,0.011,0.003,0.005,0.005,0.009,0.19575,0.40269,1.31491,0.01436,0.67107,1.1184,0.00079,0.00263,0.00326,0,0.00035,0.00001,1.16613,0.43028,0.16582,0.22414,0.002,1.29265,0.59233,0.07517,0.23483,0.29203,1.68391,0.79809,1.01586,0.00123,2.48352,0.0173,0.67107,0.59233,0.79809,1.01586,1.1184,1.10694,1.16613,1.53304,2.48352,0.28354,0.69298
2026-02-11 20:00:00,2.0319,0,0.04509,0.05151,0.011,0.003,0.005,0.005,0.009,0.19575,0.40626,1.56487,0.01436,0.67408,1.1184,0.00079,0.00263,0.00326,0,0.00106,0.00001,1.16613,0.43037,0.21039,0.33923,0.002,1.26258,0.61042,0.07689,0.18436,0.29503,1.74881,0.76208,1.01257,0.00123,2.49952,0.01708,0.67408,0.61042,0.76208,1.01257,1.1184,1.10694,1.16613,1.54015,2.49952,0.28462,0.70733
2026-02-11 21:00:00,1.93422,0,0.04497,0.03434,0.011,0.003,0.005,0.005,0.009,0.1931,0.40626,1.56561,0.01436,0.67408,1.11485,0.00086,0.00263,0.00327,0,0.00177,0.00001,1.16613,0.46906,0.17469,0.38327,0.002,1.23251,0.63171,0.07661,0.1185,0.29203,1.72532,0.71808,1.01257,0.00123,2.51556,0.01685,0.67408,0.63171,0.71808,1.01257,1.11485,1.1107,1.16613,1.54793,2.51556,0.28384,0.72168
2026-02-11 22:00:00,1.83681,0,0.0299,0.02525,0.011,0.003,0.005,0.005,0.009,0.1931,0.40985,1.41597,0.01436,0.67107,1.1184,0.00086,0.00262,0.00331,0,0.00247,0.00001,1.16613,0.44971,0.15683,0.26065,0.002,1.23251,0.64398,0.07663,0.14004,0.29503,1.70058,0.69308,1.01257,0.0011,2.5236,0.01662,0.67107,0.64398,0.69308,1.01257,1.1184,1.10694,1.16613,1.55643,2.5236,0.28183,0.73603
2026-02-11 23:00:00,1.74006,0,0.03738,0.02625,0.011,0.003,0.005,0.005,0.009,0.1931,0.40985,1.26579,0.01436,0.67107,1.1184,0.00079,0.00262,0.00332,0,0.00318,0.00001,1.17013,0.35328,0.17464,0.22824,0.002,1.23251,0.6625,0.07694,0.12835,0.29203,1.67366,0.66707,1.00929,0.00123,2.53164,0.0164,0.67107,0.6625,0.66707,1.00929,1.1184,1.1107,1.17013,1.56562,2.53164,0.27762,0.75038
2026-02-12 00:00:00,1.59421,0,0.04497,0.02625,0.011,0.003,0.005,0.005,0.009,0.19575,0.40626,0.91504,0.01436,0.67107,1.12196,0.00079,0.00262,0.00338,0,0.00389,0.00001,1.17013,0.37252,0.16571,0.37051,0.006,1.23251,0.68118,0.07488,0.13021,0.29003,1.64048,0.64207,1.00275,0.0011,2.54777,0.01617,0.67107,0.68118,0.64207,1.00275,1.12196,1.11447,1.17013,1.57546,2.54777,0.26717,0.76473
2026-02-12 01:00:00,1.49681,0,0.05253,0.03434,0.011,0.003,0.005,0.005,0.009,0.19575,0.40626,0.51522,0.01436,0.67107,1.12552,0.00079,0.00262,0.00343,0,0.00424,0.00001,1.17013,0.41099,0.13893,0.4748,0.01,1.23251,0.69685,0.07623,0.11114,0.29503,1.61082,0.63707,0.99622,0.00123,2.58017,0.01646,0.67107,0.69685,0.63707,0.99622,1.12552,1.11447,1.17013,1.58573,2.58017,0.25361,0.77907
2026-02-12 02:00:00,1.49685,0,0.0525,0.02525,0.011,0.003,0.005,0.005,0.009,0.19841,0.40626,0.26526,0.01436,0.67408,1.12552,0.00079,0.00261,0.00343,0,0.00424,0.00001,1.17013,0.41077,0.12108,0.38686,0.004,1.23251,0.70946,0.07623,0.10316,0.29003,1.58429,0.64207,0.98971,0.00123,2.59643,0.01675,0.67408,0.70946,0.64207,0.98971,1.12552,1.11447,1.17013,1.59637,2.59643,0.24317,0.79342
2026-02-12 03:00:00,1.49731,0,0.04503,0.03334,0.011,0.003,0.005,0.005,0.00814,0.19841,0.39914,-0.03634,0.01436,0.67107,1.12908,0.00072,0.00261,0.00343,0,0.00424,0.00001,1.17013,0.3913,0.13853,0.27555,0.003,1.23251,0.71896,0.07551,0.14875,0.29203,1.5607,0.65007,0.97999,0.00123,2.60457,0.01704,0.67107,0.71896,0.65007,0.97999,1.12908,1.11447,1.17013,1.60752,2.60457,0.23568,0.78468
2026-02-12 04:00:00,1.49777,0,0.05253,0.04142,0.011,0.003,0.005,0.005,0.00814,0.19575,0.40269,-0.18746,0.01436,0.67408,1.12908,0.00072,0.00261,0.00342,0,0.00424,0.00001,1.17413,0.43057,0.14707,0.39313,0.002,1.23251,0.73168,0.07478,0.14074,0.29003,1.54108,0.63307,0.96708,0.00123,2.6209,0.01733,0.67408,0.73168,0.63307,0.96708,1.12908,1.11447,1.17413,1.61906,2.6209,0.23217,0.77594
2026-02-12 05:00:00,1.54636,0,0.06003,0.04142,0.011,0.003,0.005,0.005,0.00814,0.19575,0.40626,-0.03728,0.01436,0.67107,1.12908,0.00072,0.0026,0.00342,0,0.00489,0.00001,1.17413,0.48839,0.13815,0.48372,0.002,1.23251,0.73807,0.07519,0.13147,0.29003,1.5211,0.59207,0.95405,0.00123,2.62908,0.01762,0.67107,0.73807,0.59207,0.95405,1.12908,1.11447,1.17413,1.63078,2.62908,0.22828,0.7672
2026-02-12 06:00:00,1.55743,0,0.05244,0.04242,0.011,0.003,0.005,0.005,0.00814,0.19575,0.40626,0.26311,0.01436,0.67107,1.12908,0.00079,0.0026,0.00342,0,0.00621,0.00001,1.18213,0.48766,0.14707,0.35591,0.002,1.23251,0.74447,0.07439,0.13945,0.28703,1.50101,0.55906,0.93465,0.00123,2.64547,0.01791,0.67107,0.74447,0.55906,0.93465,1.12908,1.11447,1.18213,1.64254,2.64547,0.22429,0.75846
2026-02-12 07:00:00,1.46542,0,0.05238,0.03434,0.011,0.003,0.005,0.005,0.00814,0.19841,0.40626,0.61234,0.01436,0.67107,1.13264,0.00079,0.0026,0.00342,0,0.00754,0.00001,1.18213,0.48839,0.15599,0.28743,0.002,1.23251,0.75411,0.07381,0.15543,0.28503,1.48046,0.55106,0.91864,0.00123,2.64547,0.01718,0.67107,0.75411,0.55106,0.91864,1.13264,1.11825,1.18213,1.6543,2.64547,0.22076,0.74972
2026-02-12 08:00:00,1.37342,0,0.05995,0.03434,0.011,0.003,0.005,0.005,0.00814,0.19575,0.39914,0.91039,0.01436,0.67107,1.13264,0.00079,0.00259,0.00343,0,0.00883,0.00001,1.18613,0.37261,0.15601,0.32425,0.002,1.23251,0.76701,0.07273,0.14495,0.28203,1.4605,0.54706,0.89961,0.00137,2.66191,0.01646,0.67107,0.76701,0.54706,0.89961,1.13264,1.11825,1.18613,1.66597,2.66191,0.21781,0.74098
2026-02-12 09:00:00,1.2498,0,0.06748,0.03434,0.011,0.003,0.005,0.005,0.00814,0.1931,0.40269,1.20954,0.01436,0.66807,1.13264,0.00079,0.00259,0.00348,0,0.01013,0.00001,1.18613,0.46899,0.15641,0.28852,0.002,1.23251,0.78323,0.07098,0.12524,0.28003,1.44156,0.54306,0.87455,0.00123,2.67014,0.01573,0.66807,0.78323,0.54306,0.87455,1.13264,1.11825,1.18613,1.67735,2.67014,0.21587,0.73224
2026-02-12 10:00:00,1.12617,0,0.06748,0.03434,0.011,0.003,0.005,0.005,0.00814,0.1931,0.39914,1.45854,0.01436,0.67107,1.13264,0.00079,0.00258,0.00347,0,0.01145,0.00001,1.18613,0.48754,0.14788,0.2932,0.002,1.23423,0.79627,0.07238,0.12953,0.27503,1.42328,0.54306,0.85356,0.00137,2.68664,0.015,0.67107,0.79627,0.54306,0.85356,1.13264,1.11825,1.18613,1.68855,2.68664,0.21461,0.7235
2026-02-12 11:00:00,1.03453,0,0.0525,0.03434,0.011,0.003,0.005,0.005,0.00814,0.18787,0.39914,1.55738,0.01436,0.67107,1.13621,0.00079,0.00258,0.00341,0,0.01213,0.00001,1.19013,0.41041,0.13896,0.27246,0.002,1.23594,0.82253,0.0703,0.13262,0.26803,1.40451,0.54306,0.83435,0.00123,2.69491,0.01428,0.67107,0.82253,0.54306,0.83435,1.13621,1.11825,1.19013,1.69978,2.69491,0.21285,0.71476
2026-02-12 12:00:00,1.01221,0,0.0525,0.03434,0.011,0.003,0.005,0.005,0.00814,0.18019,0.39208,1.40794,0.01436,0.67107,1.13264,0.00086,0.00257,0.00341,0,0.0111,0.00001,1.18613,0.37331,0.12893,0.15561,0.002,1.23766,0.85237,0.06891,0.13141,0.26603,1.38416,0.54306,0.81161,0.00137,2.70319,0.01355,0.67107,0.85237,0.54306,0.81161,1.13264,1.11825,1.18613,1.71122,2.70319,0.20952,0.70529
2026-02-12 13:00:00,1.14155,0,0.05247,0.03434,0.011,0.003,0.005,0.005,0.00814,0.17473,0.38858,1.15853,0.01436,0.66807,1.13621,0.00086,0.00257,0.0034,0,0.00907,0.00001,1.18613,0.39098,0.1189,0.15564,0.002,1.23937,0.88145,0.0696,0.11976,0.26103,1.3658,0.53906,0.78649,0.00137,2.71147,0.01326,0.66807,0.88145,0.53906,0.78649,1.13621,1.11825,1.18613,1.7229,2.71147,0.2055,0.69734
2026-02-12 14:00:00,1.43159,0,0.04497,0.03434,0.011,0.003,0.005,0.005,0.00814,0.16936,0.38162,0.85955,0.01436,0.66807,1.13621,0.00093,0.00256,0.00339,0,0.0035,0.00001,1.19013,0.4681,0.11887,0.28439,0.002,1.24109,0.91719,0.06678,0.12653,0.25603,1.34829,0.52706,0.76181,0.00137,2.71977,0.01296,0.66807,0.91719,0.52706,0.76181,1.13621,1.11825,1.19013,1.7351,2.71977,0.20235,0.66974
2026-02-12 15:00:00,1.69011,0,0.03746,0.03434,0.012,0.003,0.005,0.005,0.00814,0.1615,0.3713,0.66022,0.01436,0.66807,1.13621,0.00093,0.00256,0.00333,0,-0.00559,0.00001,1.19013,0.33474,0.11884,0.26462,0.002,1.2428,0.94346,0.06609,0.12715,0.25503,1.33161,0.51106,0.73759,0.00137,2.72808,0.01267,0.66807,0.94346,0.51106,0.73759,1.13621,1.11447,1.19013,1.74831,2.72808,0.20001,0.66054
2026-02-12 16:00:00,1.78972,0,0.03746,0.03434,0.01221,0.003,0.005,0.005,0.00814,0.15387,0.36112,0.66101,0.01436,0.66607,1.13621,0.00101,0.00256,0.00332,0,-0.01351,0.00001,1.19013,0.33486,0.11922,0.1057,0.002,1.2252,0.9799,0.06398,0.11117,0.25103,1.31593,0.48805,0.71382,0.00137,2.7364,0.01238,0.66607,0.9799,0.48805,0.71382,1.13621,1.11825,1.19013,1.7625,2.7364,0.19867,0.65594
2026-02-12 17:00:00,1.82503,0,0.05247,0.03434,0.01241,0.003,0.005,0.005,0.00814,0.15387,0.35109,0.61148,0.01436,0.66607,1.13621,0.00101,0.00255,0.00333,0,-0.02025,0.00001,1.19013,0.31492,0.1196,0.13871,0.002,1.2076,1.01001,0.06434,0.09086,0.25103,1.2998,0.46805,0.69306,0.00137,2.74474,0.01208,0.66607,1.01001,0.46805,0.69306,1.13621,1.11825,1.19013,1.77783,2.74474,0.1969,0.65318
2026-02-12 18:00:00,1.79704,0,0.0525,0.03434,0.01261,0.003,0.005,0.006,0.00814,0.14854,0.33794,0.70963,0.01436,0.66607,1.13264,0.0011,0.00255,0.00339,0,-0.02596,0.00001,1.19013,0.29656,0.11999,0.2606,0.002,1.19,1.04039,0.0623,0.0853,0.24403,1.28267,0.44905,0.67265,0.00152,2.74474,0.01179,0.66607,1.04039,0.44905,0.67265,1.13264,1.11825,1.19013,1.79413,2.74474,0.19411,0.65134
2026-02-12 19:00:00,1.64018,0,0.04503,0.04242,0.0128,0.003,0.005,0.006,0.00814,0.14593,0.33146,0.90845,0.01436,0.66607,1.13621,0.0011,0.00255,0.00338,0,-0.02831,0.00001,1.19813,0.3168,0.12038,0.24112,0.002,1.18062,1.06419,0.06405,0.09881,0.24103,1.27213,0.42205,0.65287,0.00152,2.74474,0.01167,0.66607,1.06419,0.42205,0.65287,1.13621,1.11825,1.19813,1.81134,2.74474,0.19096,0.65002
2026-02-12 20:00:00,1.32264,0,0.045,0.05051,0.013,0.003,0.005,0.006,0.00814,0.14854,0.32504,1.15837,0.01473,0.66607,1.13264,0.0011,0.00254,0.00338,0,-0.02475,0.00001,1.19813,0.29709,0.12043,0.16243,0.002,1.17123,1.08814,0.0644,0.10928,0.24103,1.26225,0.39804,0.63625,0.00137,2.75309,0.01156,0.66607,1.08814,0.39804,0.63625,1.13264,1.11825,1.19813,1.82955,2.75309,0.18846,0.64904
2026-02-12 21:00:00,1.06825,0,0.05253,0.04242,0.015,0.003,0.005,0.006,0.00814,0.15639,0.33146,1.30834,0.01473,0.66307,1.13264,0.0011,0.00254,0.00337,0,-0.01766,0.00001,1.19813,0.27663,0.12047,0.15621,0.002,1.16184,1.1088,0.06683,0.13206,0.23503,1.25308,0.37404,0.61987,0.00137,2.7364,0.01144,0.66307,1.1088,0.37404,0.61987,1.13264,1.11825,1.19813,1.84851,2.7364,0.18668,0.64827
2026-02-12 22:00:00,1.00476,0,0.05259,0.04242,0.016,0.003,0.005,0.006,0.00814,0.17203,0.3412,1.20839,0.01473,0.66307,1.13621,0.0011,0.00254,0.00337,0,-0.01177,0.00001,1.20213,0.27586,0.1201,0.21231,0.002,1.15245,1.1261,0.06684,0.16096,0.23103,1.24468,0.35004,0.60372,0.00137,2.75309,0.01132,0.66307,1.1261,0.35004,0.60372,1.13621,1.11825,1.20213,1.86799,2.75309,0.18568,0.64766
2026-02-12 23:00:00,0.97359,0,0.04514,0.05051,0.016,0.003,0.006,0.006,0.00814,0.18787,0.34778,1.10819,0.01473,0.66307,1.13621,0.00101,0.00253,0.00337,0,-0.00706,0.00001,1.20213,0.31518,0.11972,0.26644,0.002,1.14306,1.13652,0.06758,0.18742,0.23203,1.23603,0.32604,0.59007,0.00152,2.76144,0.01121,0.66307,1.13652,0.32604,0.59007,1.13621,1.11825,1.20213,1.88779,2.76144,0.1844,0.64716
2026-02-13 00:00:00,0.94193,0,0.05265,0.05051,0.017,0.003,0.006,0.006,0.00814,0.19047,0.35109,0.90913,0.01473,0.66307,1.13621,0.00101,0.00253,0.00343,0,-0.00118,0.00001,1.19813,0.31364,0.12939,0.26926,0.002,1.13368,1.15393,0.06753,0.17144,0.23303,1.22663,0.30703,0.57791,0.00137,2.7698,0.01109,0.66307,1.15393,0.30703,0.57791,1.13621,1.11825,1.19813,1.90776,2.7698,0.1824,0.64674
2026-02-13 01:00:00,0.97359,0,0.0601,0.05051,0.017,0.003,0.006,0.006,0.00814,0.19047,0.35442,0.66101,0.01473,0.66307,1.13621,0.00093,0.00253,0.00343,0,0.00353,0.00001,1.19813,0.33444,0.13904,0.20083,0.002,1.13887,1.16092,0.0679,0.16346,0.22803,1.23099,0.29603,0.56589,0.00137,2.77818,0.01099,0.66307,1.16092,0.29603,0.56589,1.13621,1.11825,1.19813,1.92767,2.77818,0.18015,0.64638
2026-02-13 02:00:00,1.10036,0,0.0601,0.05051,0.018,0.003,0.006,0.006,0.00814,0.1931,0.36789,0.36203,0.01473,0.66107,1.13978,0.00093,0.00252,0.00349,0,0.00589,0.00001,1.19413,0.35421,0.13901,0.25344,0.002,1.14407,1.17494,0.06648,0.15669,0.22402,1.23582,0.28903,0.55597,0.00137,2.78656,0.0109,0.66107,1.17494,0.28903,0.55597,1.13978,1.11825,1.19413,1.94724,2.78656,0.17837,0.64608
2026-02-13 03:00:00,1.32289,0,0.0563,0.05051,0.018,0.003,0.005,0.006,0.009,0.2011,0.38858,0.11289,0.01473,0.66107,1.13621,0.00093,0.00252,0.0035,0,0.00707,0.00001,1.19413,0.39086,0.13898,0.40082,0.002,1.14927,1.18196,0.06755,0.12038,0.22302,1.24126,0.28503,0.5459,0.00137,2.78656,0.01081,0.66107,1.18196,0.28503,0.5459,1.13621,1.11825,1.19413,1.96645,2.78656,0.1772,0.64582
2026-02-13 04:00:00,1.48197,0,0.0563,0.04242,0.018,0.003,0.005,0.006,0.009,0.20381,0.39914,0.01373,0.01473,0.66107,1.13621,0.00086,0.00251,0.00356,0,0.00707,0.00001,1.19413,0.41008,0.13823,0.37378,0.002,1.15446,1.189,0.06827,0.10255,0.22102,1.24736,0.28103,0.53557,0.00137,2.79496,0.01071,0.66107,1.189,0.28103,0.53557,1.13621,1.11825,1.19413,1.98525,2.79496,0.17669,0.64559
2026-02-13 05:00:00,1.57693,0,0.06001,0.03334,0.018,0.003,0.005,0.006,0.009,0.2011,0.40269,0.01398,0.01473,0.66307,1.13621,0.00086,0.00251,0.00357,0,0.0106,0.00001,1.19013,0.50653,0.14715,0.30805,0.002,1.15966,1.19958,0.06686,0.07303,0.22002,1.25345,0.28103,0.52739,0.00137,2.79496,0.01062,0.66307,1.19958,0.28103,0.52739,1.13621,1.11825,1.19013,2.00355,2.79496,0.17617,0.64539
2026-02-13 06:00:00,1.67215,0,0.05247,0.03234,0.01799,0.003,0.00499,0.0055,0.009,0.19841,0.40626,0.21639,0.01473,0.65807,1.13621,0.00079,0.0025,0.00365,0,0.01651,0.00001,1.19013,0.50733,0.15679,0.33481,0.002,1.16485,1.21018,0.06707,0.06491,0.22348,1.25963,0.27803,0.51927,0.00137,2.80337,0.01052,0.65807,1.21018,0.27803,0.51927,1.13621,1.11825,1.19013,2.02137,2.80337,0.17574,0.6452
2026-02-13 07:00:00,1.70451,0,0.05253,0.02425,0.018,0.003,0.005,0.005,0.009,0.19841,0.40626,0.52061,0.01473,0.65807,1.13621,0.00079,0.0025,0.00364,0,0.01654,0.00001,1.19013,0.42868,0.14712,0.3692,0.002,1.15856,1.21373,0.06574,0.06784,0.22703,1.25616,0.27403,0.50922,0.00137,2.82021,0.0105,0.65807,1.21373,0.27403,0.50922,1.13621,1.11825,1.19013,2.03854,2.82021,0.17543,0.64504
2026-02-13 08:00:00,1.6416,0,0.06006,0.02525,0.018,0.002,0.005,0.005,0.009,0.19575,0.40626,0.8251,0.01473,0.65807,1.13621,0.00079,0.00249,0.00364,0,0.01183,0.00001,1.19013,0.41018,0.13747,0.33588,0.002,1.15227,1.21727,0.06441,0.07077,0.22503,1.25271,0.27403,0.50125,0.00137,2.82021,0.01048,0.65807,1.21727,0.27403,0.50125,1.13621,1.12203,1.19013,2.05526,2.82021,0.17515,0.6449
2026-02-13 09:00:00,1.4509,0,0.05633,0.03434,0.018,0.002,0.005,0.005,0.009,0.19047,0.40269,1.07861,0.01473,0.65807,1.13621,0.00079,0.00249,0.00364,0,0.0083,0.00001,1.18613,0.43099,0.13745,0.23366,0.002,1.14598,1.22792,0.06402,0.07667,0.23003,1.24942,0.27403,0.49334,0.00137,2.82866,0.01047,0.65807,1.22792,0.27403,0.49334,1.13621,1.12203,1.18613,2.07156,2.82866,0.17502,0.64477
2026-02-13 10:00:00,1.29184,0,0.04876,0.04242,0.018,0.002,0.005,0.005,0.009,0.18529,0.39914,1.28251,0.01473,0.65807,1.13621,0.00079,0.00249,0.00362,0,0.01068,0.00001,1.18613,0.43175,0.13816,0.20738,0.001,1.13968,1.22792,0.06436,0.08651,0.22703,1.24622,0.27003,0.48356,0.00137,2.83711,0.01045,0.65807,1.22792,0.27003,0.48356,1.13621,1.12203,1.18613,2.08726,2.83711,0.17498,0.64465
2026-02-13 11:00:00,1.22857,0,0.04497,0.04242,0.018,0.002,0.005,0.005,0.009,0.18019,0.39208,1.23383,0.01473,0.65607,1.13621,0.00079,0.00248,0.00354,0,0.01424,0.00001,1.18613,0.39307,0.12923,0.21907,0.001,1.13339,1.22792,0.06369,0.11788,0.23303,1.24303,0.27003,0.47197,0.00137,2.84557,0.01043,0.65607,1.22792,0.27003,0.47197,1.13621,1.12583,1.18613,2.10229,2.84557,0.17496,0.64454
2026-02-13 12:00:00,1.26076,0,0.05247,0.03434,0.018,0.002,0.005,0.005,0.009,0.17203,0.38162,0.98019,0.01473,0.65607,1.13264,0.00079,0.00248,0.00353,0,0.01421,0.00001,1.18613,0.39141,0.10992,0.24145,0.001,1.1271,1.2386,0.0616,0.14863,0.23303,1.23989,0.27003,0.46166,0.00123,2.84557,0.01041,0.65607,1.2386,0.27003,0.46166,1.13264,1.12583,1.18613,2.11677,2.84557,0.17498,0.62504
2026-02-13 13:00:00,1.45141,0,0.05247,0.04242,0.018,0.002,0.005,0.005,0.00995,0.1615,0.37816,0.77682,0.01473,0.65607,1.13264,0.00079,0.00248,0.00345,0,0.0118,0.00001,1.19013,0.37209,0.11958,0.22241,0.001,1.1205,1.2386,0.06014,0.15296,0.23403,1.2322,0.27003,0.44924,0.00123,2.85404,0.01039,0.65607,1.2386,0.27003,0.44924,1.13264,1.12583,1.19013,2.13027,2.85404,0.17502,0.60621
2026-02-13 14:00:00,1.67391,0,0.03746,0.04142,0.018,0.002,0.005,0.005,0.009,0.15893,0.3645,0.57376,0.01473,0.65307,1.12908,0.00086,0.00247,0.00345,0,0.00706,0.00001,1.19013,0.39139,0.12923,0.12253,0.001,1.11391,1.24573,0.06123,0.13945,0.22903,1.22448,0.27003,0.43701,0.00123,2.86253,0.01037,0.65307,1.24573,0.27003,0.43701,1.12908,1.12583,1.19013,2.14309,2.86253,0.17504,0.60446
2026-02-13 15:00:00,1.83317,0,0.03746,0.03234,0.018,0.002,0.005,0.005,0.009,0.15387,0.35442,0.57431,0.01473,0.65307,1.12908,0.00079,0.00247,0.00343,0,0.00235,0.00001,1.19413,0.37297,0.10137,0.15491,0.001,1.10731,1.24573,0.0577,0.13454,0.23303,1.21668,0.27003,0.42697,0.00123,2.87102,0.01035,0.65307,1.24573,0.27003,0.42697,1.12908,1.12583,1.19413,2.15549,2.87102,0.17497,0.60272
2026-02-13 16:00:00,1.86504,0,0.04497,0.03334,0.018,0.002,0.005,0.005,0.00995,0.14593,0.34448,0.62482,0.01473,0.65607,1.13264,0.00086,0.00246,0.00337,0,-0.00356,0.00001,1.19413,0.37219,0.0921,0.24154,0.001,1.10071,1.2493,0.05943,0.11729,0.23003,1.20875,0.26703,0.41314,0.00123,2.87102,0.01033,0.65607,1.2493,0.26703,0.41314,1.13264,1.12963,1.19413,2.16749,2.87102,0.17478,0.60097
2026-02-13 17:00:00,1.83335,0,0.03749,0.03434,0.018,0.002,0.005,0.005,0.00995,0.1383,0.33146,0.72623,0.01473,0.65607,1.12908,0.00086,0.00246,0.00335,0,-0.01065,0.00001,1.19413,0.31441,0.10103,0.19001,0.001,1.09412,1.25288,0.05839,0.09269,0.22903,1.20061,0.27003,0.40342,0.00123,2.87953,0.01031,0.65607,1.25288,0.27003,0.40342,1.12908,1.12963,1.19413,2.17905,2.87953,0.17438,0.59922
2026-02-13 18:00:00,1.73794,0,0.03002,0.03434,0.018,0.002,0.005,0.005,0.00995,0.13096,0.32185,0.98075,0.01436,0.65607,1.12908,0.00093,0.00245,0.00329,0,-0.02125,0.00001,1.19813,0.25812,0.11068,0.10318,0.001,1.08752,1.25645,0.05808,0.08533,0.22503,1.19188,0.26703,0.39194,0.00137,2.88804,0.01029,0.65607,1.25645,0.26703,0.39194,1.12908,1.12583,1.19813,2.19015,2.88804,0.17338,0.59747
2026-02-13 19:00:00,1.48343,0,0.03002,0.03434,0.017,0.002,0.005,0.005,0.00995,0.1383,0.30926,1.13386,0.01436,0.65607,1.12908,0.00093,0.00245,0.00329,0,-0.02828,0.00001,1.19813,0.2581,0.10139,0.13885,0.001,1.08691,1.25645,0.05841,0.07485,0.22503,1.18914,0.26703,0.38291,0.00123,2.89657,0.01027,0.65607,1.25645,0.26703,0.38291,1.12908,1.12583,1.19813,2.20076,2.89657,0.17207,0.59572
2026-02-13 20:00:00,1.19724,0,0.03752,0.03434,0.017,0.002,0.005,0.005,0.00995,0.14854,0.30926,1.28641,0.01436,0.65807,1.13264,0.00093,0.00244,0.00328,0,-0.02828,0.00001,1.19813,0.27668,0.09209,0.22072,0.001,1.0863,1.26361,0.05912,0.09207,0.22402,1.18673,0.26703,0.37236,0.00137,2.89657,0.01025,0.65807,1.26361,0.26703,0.37236,1.13264,1.12583,1.19813,2.21099,2.89657,0.17107,0.59397
2026-02-13 21:00:00,1.00628,0,0.03752,0.03434,0.017,0.002,0.005,0.005,0.00995,0.15387,0.30926,1.23487,0.01436,0.65807,1.13264,0.00093,0.00244,0.00328,0,-0.02831,0.00001,1.19813,0.29528,0.11996,0.19572,0.001,1.08569,1.26361,0.06198,0.11485,0.22202,1.18449,0.26703,0.36542,0.00137,2.88804,0.01024,0.65807,1.26361,0.26703,0.36542,1.13264,1.12583,1.19813,2.22084,2.88804,0.17025,0.59223
2026-02-13 22:00:00,0.94258,0,0.03002,0.03434,0.017,0.002,0.005,0.005,0.00995,0.17203,0.32185,1.13347,0.01436,0.65807,1.13621,0.00093,0.00243,0.00328,0,-0.02831,0.00001,1.19813,0.21904,0.13816,0.14464,0.001,1.08507,1.26361,0.06058,0.12656,0.22002,1.18252,0.26703,0.35854,0.00137,2.89657,0.01022,0.65807,1.26361,0.26703,0.35854,1.13621,1.12583,1.19813,2.23028,2.89657,0.16972,0.59048
2026-02-13 23:00:00,0.94273,0,0.03758,0.03434,0.017,0.002,0.005,0.005,0.00995,0.18787,0.33794,1.08304,0.01436,0.65807,1.13621,0.00093,0.00243,0.00327,0,-0.02298,0.00001,1.19813,0.2191,0.13814,0.16548,0.001,1.08446,1.2672,0.06088,0.13948,0.21902,1.18035,0.26303,0.35175,0.00137,2.88804,0.0102,0.65807,1.2672,0.26303,0.35175,1.13621,1.12583,1.19813,2.23942,2.88804,0.16897,0.58873
2026-02-14 00:00:00,0.94288,0,0.04509,0.04242,0.017,0.002,0.005,0.005,0.00995,0.19047,0.3412,0.87951,0.01436,0.65807,1.13978,0.00086,0.00242,0.00327,0,-0.00883,0.00001,1.20213,0.31473,0.12884,0.22084,0.001,1.08385,1.27079,0.05981,0.13271,0.21702,1.17761,0.26703,0.34502,0.00137,2.89657,0.01018,0.65807,1.27079,0.26703,0.34502,1.13978,1.12583,1.20213,2.24818,2.89657,0.16765,0.58698
2026-02-14 01:00:00,1.00643,0,0.05253,0.04242,0.017,0.002,0.005,0.005,0.00995,0.18787,0.35109,0.62426,0.01436,0.66107,1.13978,0.00086,0.00242,0.00328,0,-0.00003,0.00001,1.19813,0.35334,0.12884,0.2576,0.001,1.09712,1.2672,0.0606,0.12965,0.21402,1.19346,0.26303,0.33836,0.00137,2.9051,0.01016,0.66107,1.2672,0.26303,0.33836,1.13978,1.12583,1.19813,2.25645,2.9051,0.16609,0.58523
2026-02-14 02:00:00,1.13336,0,0.05253,0.03434,0.017,0.002,0.005,0.005,0.00995,0.18529,0.36789,0.31932,0.014,0.65807,1.13978,0.00079,0.00242,0.00332,0,0.00527,0.00001,1.19813,0.35331,0.13814,0.25851,0.001,1.11039,1.27079,0.06025,0.11979,0.21302,1.20966,0.26303,0.33342,0.00123,2.9051,0.01014,0.65807,1.27079,0.26303,0.33342,1.13978,1.12583,1.19813,2.26438,2.9051,0.16487,0.58348
2026-02-14 03:00:00,1.2923,0,0.05253,0.03434,0.017,0.002,0.005,0.005,0.00995,0.19047,0.38858,0.11651,0.014,0.65807,1.14335,0.00079,0.00242,0.00327,0,0.01589,0.00001,1.19813,0.3146,0.13814,0.25026,0.001,1.12366,1.27079,0.0609,0.12161,0.21202,1.22642,0.26703,0.32852,0.00123,2.9051,0.01012,0.65807,1.27079,0.26703,0.32852,1.14335,1.12583,1.19813,2.27198,2.9051,0.16422,0.5851
2026-02-14 04:00:00,1.48323,0,0.06004,0.03434,0.017,0.002,0.005,0.005,0.00995,0.19047,0.39914,-0.03663,0.014,0.66107,1.14693,0.00072,0.00241,0.00332,0,0.02237,0.00001,1.19813,0.35229,0.13816,0.31179,0.001,1.13693,1.27079,0.06163,0.12591,0.21002,1.24382,0.26703,0.32527,0.00123,2.91365,0.0101,0.66107,1.27079,0.26703,0.32527,1.14693,1.12583,1.19813,2.27915,2.91365,0.1642,0.58673
2026-02-14 05:00:00,1.60238,0,0.05995,0.03434,0.01701,0.002,0.005,0.005,0.00995,0.19047,0.3956,-0.03739,0.014,0.65807,1.14693,0.00072,0.00241,0.00333,0,0.0194,0.00001,1.19813,0.43014,0.13817,0.38361,0.001,1.1502,1.27797,0.06164,0.11791,0.20902,1.26156,0.26303,0.3204,0.00123,2.9051,0.01008,0.65807,1.27797,0.26303,0.3204,1.14693,1.12583,1.19813,2.28592,2.9051,0.16452,0.58835
2026-02-14 06:00:00,1.6666,0,0.05241,0.03434,0.017,0.002,0.005,0.005,0.00995,0.18787,0.39914,0.11573,0.014,0.66107,1.14693,0.00072,0.00241,0.00338,0,0.01113,0.00001,1.19813,0.373,0.13782,0.34111,0.001,1.16347,1.27438,0.06158,0.10128,0.21202,1.28037,0.26303,0.31713,0.00123,2.9051,0.01006,0.66107,1.27438,0.26303,0.31713,1.14693,1.12583,1.19813,2.29237,2.9051,0.16592,0.58997
2026-02-14 07:00:00,1.72086,0,0.04503,0.03434,0.015,0.002,0.005,0.005,0.00995,0.18529,0.39208,0.16713,0.014,0.65807,1.14693,0.00072,0.00241,0.00338,0,0.01057,0.00001,1.19413,0.41149,0.13747,0.28805,0.001,1.17046,1.27797,0.06158,0.10987,0.21402,1.2772,0.26703,0.31225,0.00123,2.89657,0.01004,0.65807,1.27797,0.26703,0.31225,1.14693,1.12963,1.19413,2.29851,2.89657,0.16793,0.59159
2026-02-14 08:00:00,1.71175,0,0.05256,0.03434,0.015,0.002,0.005,0.005,0.00995,0.18273,0.39208,0.31879,0.014,0.65807,1.14693,0.00072,0.0024,0.00337,0,0.01236,0.00001,1.19813,0.43071,0.12853,0.28651,0.001,1.17744,1.27079,0.0613,0.11788,0.21402,1.27353,0.26703,0.31064,0.00123,2.89657,0.01003,0.65807,1.27079,0.26703,0.31064,1.14693,1.12963,1.19813,2.30447,2.89657,0.16945,0.59321
2026-02-14 09:00:00,1.63369,0,0.05253,0.03434,0.015,0.002,0.005,0.005,0.009,0.17746,0.38858,0.47071,0.014,0.65807,1.15052,0.00066,0.0024,0.00337,0,0.0053,0.00001,1.19813,0.44921,0.1196,0.30294,0.001,1.18443,1.27797,0.06087,0.11299,0.21502,1.26958,0.26703,0.30743,0.0011,2.89657,0.01001,0.65807,1.27797,0.26703,0.30743,1.15052,1.13343,1.19813,2.31016,2.89657,0.17068,0.59483
2026-02-14 10:00:00,1.52364,0,0.04503,0.03334,0.015,0.002,0.005,0.005,0.009,0.17473,0.38509,0.62385,0.014,0.66107,1.1541,0.00072,0.00239,0.00336,0,-0.00118,0.00001,1.19813,0.46925,0.11067,0.257,0.001,1.1914,1.28157,0.05951,0.10687,0.21602,1.26512,0.26703,0.30423,0.00123,2.88804,0.00999,0.66107,1.28157,0.26703,0.30423,1.1541,1.13343,1.19813,2.31549,2.88804,0.17141,0.59645
2026-02-14 11:00:00,1.49067,0,0.04506,0.03234,0.015,0.002,0.005,0.005,0.009,0.17203,0.38162,0.77738,0.014,0.65807,1.15052,0.00066,0.00239,0.00335,0,-0.00353,0.00001,1.20213,0.43068,0.09209,0.16508,0.001,1.19838,1.28157,0.06092,0.08842,0.21602,1.22606,0.26703,0.30106,0.0011,2.88804,0.00998,0.65807,1.28157,0.26703,0.30106,1.15052,1.13723,1.20213,2.32044,2.88804,0.17239,0.59807
2026-02-14 12:00:00,1.54971,0,0.04509,0.03334,0.015,0.002,0.005,0.005,0.009,0.16936,0.37816,0.80659,0.014,0.65807,1.15052,0.00072,0.00238,0.00328,0,-0.00589,0.00001,1.19813,0.44921,0.09209,0.18806,0.001,1.20537,1.28157,0.0585,0.10687,0.21402,1.1876,0.26303,0.29948,0.00123,2.88804,0.00996,0.65807,1.28157,0.26303,0.29948,1.15052,1.13723,1.19813,2.32518,2.88804,0.17396,0.60316
2026-02-14 13:00:00,1.66168,0,0.045,0.02525,0.015,0.002,0.005,0.005,0.009,0.16409,0.3713,0.83469,0.014,0.65807,1.15052,0.00072,0.00238,0.00327,0,-0.00589,0.00001,1.20213,0.42915,0.09243,0.25619,0.001,1.2053,1.28157,0.05805,0.10625,0.21402,1.14417,0.26303,0.29633,0.0011,2.87953,0.00994,0.65807,1.28157,0.26303,0.29633,1.15052,1.13723,1.20213,2.32995,2.87953,0.17573,0.60811
2026-02-14 14:00:00,1.77351,0,0.03743,0.02525,0.015,0.002,0.005,0.005,0.009,0.1615,0.3645,0.8629,0.014,0.65807,1.1541,0.00072,0.00237,0.00321,0,-0.00353,0.00001,1.20213,0.33277,0.09203,0.25526,0.001,1.20524,1.27797,0.05809,0.10193,0.21502,1.10037,0.26303,0.2932,0.00123,2.87953,0.00992,0.65807,1.27797,0.26303,0.2932,1.1541,1.14104,1.20213,2.33455,2.87953,0.17714,0.60959
2026-02-14 15:00:00,1.88478,0,0.02257,0.03434,0.015,0.002,0.005,0.005,0.009,0.15639,0.35776,0.85636,0.014,0.66107,1.15052,0.00072,0.00236,0.0032,0,0.00236,0.00001,1.20213,0.31433,0.09202,0.16637,0.001,1.20518,1.27797,0.05707,0.10681,0.21602,1.056,0.26303,0.29165,0.00123,2.87953,0.00991,0.66107,1.27797,0.26303,0.29165,1.15052,1.14104,1.20213,2.33895,2.87953,0.17797,0.61107
2026-02-14 16:00:00,2.03369,0,0.02273,0.03434,0.015,0.002,0.005,0.005,0.009,0.15639,0.35442,0.84862,0.014,0.66307,1.15052,0.00072,0.00236,0.00313,0,0.00574,0.00001,1.20613,0.33368,0.09202,0.14961,0.001,1.20511,1.28877,0.0556,0.11355,0.21402,1.01103,0.26303,0.29009,0.0011,2.87102,0.00989,0.66307,1.28877,0.26303,0.29009,1.15052,1.14104,1.20613,2.34311,2.87102,0.17819,0.61255
2026-02-14 17:00:00,2.0708,0,0.03043,0.02625,0.015,0.002,0.005,0.005,0.00736,0.15639,0.34448,0.8394,0.014,0.66307,1.1541,0.00072,0.00235,0.00313,0,0.00309,0.00001,1.21013,0.31365,0.10093,0.23719,0.001,1.20505,1.28517,0.0542,0.13877,0.21302,0.96587,0.26303,0.28855,0.00123,2.87102,0.00987,0.66307,1.28517,0.26303,0.28855,1.1541,1.14104,1.21013,2.34699,2.87102,0.17824,0.61403
2026-02-14 18:00:00,1.99647,0,0.03066,0.01717,0.015,0.002,0.005,0.005,0.00814,0.15639,0.33794,0.82999,0.014,0.66307,1.1541,0.00079,0.00235,0.00313,0,0.00044,0.00001,1.21013,0.27591,0.10091,0.23614,0.001,1.20498,1.28517,0.05558,0.12218,0.21202,0.9201,0.26303,0.28547,0.00123,2.87102,0.00985,0.66307,1.28517,0.26303,0.28547,1.1541,1.14104,1.21013,2.35071,2.87102,0.17767,0.6155
2026-02-14 19:00:00,1.84794,0,0.03083,0.03434,0.015,0.002,0.005,0.005,0.00814,0.15639,0.33146,0.82207,0.014,0.66607,1.1577,0.00079,0.00235,0.00313,0,-0.00338,0.00001,1.21013,0.23901,0.11019,0.13096,0.001,1.20514,1.28157,0.056,0.11544,0.21402,0.91994,0.26303,0.28393,0.00123,2.87102,0.00983,0.66607,1.28157,0.26303,0.28393,1.1577,1.14104,1.21013,2.35457,2.87102,0.17672,0.61698
2026-02-14 20:00:00,1.6621,0,0.03099,0.04342,0.015,0.002,0.005,0.005,0.009,0.1615,0.33794,0.81339,0.014,0.66307,1.1577,0.00079,0.00235,0.00311,0,-0.00838,0.00001,1.21013,0.37569,0.12914,0.10563,0.001,1.2053,1.28877,0.0577,0.11547,0.21102,0.91996,0.26303,0.2824,0.00123,2.87102,0.00981,0.66307,1.28877,0.26303,0.2824,1.1577,1.14104,1.21013,2.35838,2.87102,0.17603,0.61846
2026-02-14 21:00:00,1.47631,0,0.04606,0.03434,0.015,0.002,0.005,0.005,0.009,0.1615,0.3412,0.80341,0.014,0.66307,1.1577,0.00079,0.00235,0.00307,0,-0.01339,0.00001,1.21514,0.4377,0.13807,0.22326,0.001,1.20546,1.28517,0.05843,0.09086,0.21102,0.92003,0.26003,0.28088,0.00123,2.86253,0.00979,0.66307,1.28517,0.26003,0.28088,1.1577,1.14486,1.21514,2.36192,2.86253,0.17542,0.61994
2026-02-14 22:00:00,1.25289,0,0.05356,0.02625,0.015,0.002,0.005,0.005,0.009,0.16671,0.33469,0.79463,0.014,0.66107,1.1577,0.00079,0.00234,0.0031,0,-0.01589,0.00001,1.21514,0.44357,0.1277,0.25997,0.001,1.20561,1.28877,0.05772,0.09272,0.21102,0.92024,0.26303,0.28088,0.0011,2.84557,0.00978,0.66107,1.28877,0.26303,0.28088,1.1577,1.14486,1.21514,2.36524,2.84557,0.17503,0.62142
2026-02-14 23:00:00,1.14088,0,0.046,0.03434,0.015,0.002,0.005,0.005,0.009,0.17473,0.33794,0.79137,0.014,0.66107,1.1577,0.00079,0.00234,0.00306,0,-0.01589,0.00001,1.21514,0.52901,0.1277,0.1752,0.001,1.20577,1.29238,0.05773,0.10567,0.21002,0.92032,0.26303,0.27785,0.00123,2.84557,0.00976,0.66107,1.29238,0.26303,0.27785,1.1577,1.14486,1.21514,2.36853,2.84557,0.17449,0.6229
2026-02-15 00:00:00,1.14032,0,0.04591,0.04242,0.01501,0.002,0.005,0.005,0.009,0.17203,0.3412,0.79314,0.014,0.66107,1.16129,0.00079,0.00234,0.0031,0,-0.01101,0.00001,1.21514,0.69167,0.13735,0.12511,0.001,1.20593,1.28877,0.05631,0.12168,0.20802,0.9201,0.26303,0.27785,0.00123,2.86253,0.00974,0.66107,1.28877,0.26303,0.27785,1.16129,1.14486,1.21514,2.37173,2.86253,0.17359,0.62438
2026-02-15 01:00:00,1.21451,0,0.046,0.03434,0.015,0.002,0.005,0.005,0.00814,0.17203,0.35109,0.79099,0.014,0.66107,1.16129,0.00079,0.00234,0.0031,0,-0.00124,0.00001,1.21514,0.79733,0.12008,0.1619,0.001,1.21544,1.28877,0.05593,0.10443,0.20802,0.91972,0.26303,0.27634,0.00123,2.86253,0.00972,0.66107,1.28877,0.26303,0.27634,1.16129,1.14486,1.21514,2.37482,2.86253,0.17254,0.62586
2026-02-15 02:00:00,1.40091,0,0.05356,0.03434,0.015,0.002,0.005,0.005,0.00814,0.17203,0.35442,0.78838,0.014,0.65807,1.16489,0.00079,0.00233,0.00309,0,0.00615,0.00001,1.21013,0.7695,0.09313,0.22463,0.001,1.22496,1.28877,0.05598,0.10443,0.20502,0.91939,0.26003,0.27483,0.00123,2.86253,0.00971,0.65807,1.28877,0.26003,0.27483,1.16489,1.14486,1.21013,2.37791,2.86253,0.17172,0.62733
2026-02-15 03:00:00,1.66127,0,0.06104,0.03434,0.01499,0.002,0.005,0.005,0.00814,0.17473,0.36112,0.7898,0.014,0.65607,1.16489,0.00072,0.00233,0.00308,0,0.01116,0.00001,1.21514,0.8565,0.08332,0.23099,0.001,1.23448,1.28877,0.05426,0.12721,0.20502,0.91925,0.26303,0.27333,0.00123,2.87102,0.00969,0.65607,1.28877,0.26303,0.27333,1.16489,1.14486,1.21514,2.38083,2.87102,0.17133,0.62881
2026-02-15 04:00:00,1.88431,0,0.06104,0.03434,0.015,0.002,0.005,0.005,0.00814,0.17473,0.36112,0.79481,0.01354,0.65607,1.16129,0.00072,0.00232,0.00308,0,0.01616,0.00001,1.21013,0.88557,0.0841,0.14142,0.001,1.24399,1.28877,0.0556,0.10752,0.20302,0.9193,0.26303,0.27183,0.0011,2.86253,0.00967,0.65607,1.28877,0.26303,0.27183,1.16129,1.14486,1.21013,2.38356,2.86253,0.1714,0.62785
2026-02-15 05:00:00,2.03355,0,0.05356,0.03434,0.014,0.002,0.005,0.005,0.00814,0.17473,0.3645,0.8007,0.01354,0.65607,1.16489,0.00072,0.00231,0.00308,0,0.01645,0.00001,1.21514,0.87529,0.08503,0.12051,0.001,1.25351,1.28877,0.05459,0.07612,0.20202,0.91942,0.26303,0.27034,0.00099,2.86253,0.00966,0.65607,1.28877,0.26303,0.27034,1.16489,1.14868,1.21514,2.38617,2.86253,0.17177,0.62689
2026-02-15 06:00:00,2.18281,0,0.05359,0.03434,0.013,0.002,0.005,0.005,0.00814,0.17203,0.36112,0.80554,0.01354,0.65307,1.16129,0.00072,0.00231,0.00314,0,0.00006,0.00001,1.21013,0.88508,0.06724,0.20607,0.001,1.26302,1.28877,0.05422,0.08286,0.20302,0.9201,0.26303,0.26885,0.00099,2.85404,0.00964,0.65307,1.28877,0.26303,0.26885,1.16129,1.14868,1.21013,2.38864,2.85404,0.17311,0.62592
2026-02-15 07:00:00,2.25705,0,0.061,0.02525,0.013,0.002,0.005,0.005,0.00736,0.16936,0.36112,0.80886,0.01354,0.65307,1.16129,0.00066,0.00231,0.00314,0,-0.01618,0.00001,1.21514,0.85706,0.06672,0.25838,0.001,1.25315,1.28877,0.05456,0.1099,0.20202,0.92077,0.26303,0.26737,0.0011,2.86253,0.00962,0.65307,1.28877,0.26303,0.26737,1.16129,1.15251,1.21514,2.391,2.86253,0.17498,0.62496
2026-02-15 08:00:00,2.25628,0,0.05344,0.02525,0.013,0.002,0.004,0.005,0.00736,0.16671,0.35776,0.81054,0.01354,0.65807,1.1577,0.00072,0.0023,0.00314,0,-0.01789,0.00001,1.21013,0.88536,0.07383,0.23992,0.001,1.24328,1.29238,0.05427,0.10987,0.20302,0.92108,0.26303,0.26737,0.0011,2.86253,0.00961,0.65807,1.29238,0.26303,0.26737,1.1577,1.14868,1.21013,2.39322,2.86253,0.17639,0.624
2026-02-15 09:00:00,2.18196,0,0.04597,0.03434,0.013,0.002,0.004,0.005,0.00736,0.16671,0.35442,0.81052,0.01354,0.65607,1.16129,0.00066,0.0023,0.00314,0,-0.01719,0.00001,1.21013,0.95298,0.06475,0.18816,0.001,1.23341,1.28877,0.05355,0.10864,0.20202,0.9211,0.26303,0.26589,0.0011,2.86253,0.00959,0.65607,1.28877,0.26303,0.26589,1.16129,1.15251,1.21013,2.39535,2.86253,0.17747,0.62304
2026-02-15 10:00:00,2.14526,0,0.05347,0.03434,0.013,0.002,0.004,0.005,0.00665,0.16671,0.35109,0.80882,0.01354,0.65607,1.16129,0.00066,0.00229,0.00313,0,-0.01648,0.00001,1.21514,0.98281,0.07455,0.17139,0.001,1.22353,1.29238,0.05318,0.09819,0.20002,0.92067,0.26303,0.26589,0.0011,2.86253,0.00957,0.65607,1.29238,0.26303,0.26589,1.16129,1.15251,1.21514,2.3974,2.86253,0.17803,0.62207
2026-02-15 11:00:00,2.25659,0,0.06098,0.02625,0.013,0.002,0.004,0.005,0.00665,0.16409,0.35442,0.80678,0.01354,0.65607,1.16489,0.00066,0.00229,0.00313,0,-0.01107,0.00001,1.21013,0.89619,0.09197,0.19069,0.003,1.21366,1.29238,0.0528,0.09819,0.20002,0.92033,0.26303,0.26442,0.0011,2.85404,0.00956,0.65607,1.29238,0.26303,0.26442,1.16489,1.15251,1.21013,2.39946,2.85404,0.17872,0.62111
2026-02-15 12:00:00,2.17401,0,0.05347,0.02625,0.013,0.002,0.004,0.005,0.00665,0.16409,0.35109,0.80334,0.01354,0.65607,1.16489,0.00066,0.00228,0.00313,0,0.00615,0.00001,1.21013,0.86743,0.11847,0.24432,0.004,1.20379,1.28877,0.05349,0.07912,0.20002,0.9201,0.26303,0.26295,0.0011,2.85404,0.00954,0.65607,1.28877,0.26303,0.26295,1.16489,1.15251,1.21013,2.40144,2.85404,0.17962,0.53953
2026-02-15 13:00:00,2.08042,0,0.03849,0.03434,0.013,0.002,0.004,0.005,0.00601,0.16409,0.34778,0.79953,0.01354,0.65607,1.16489,0.00066,0.00228,0.00313,0,0.0183,0.00001,1.21514,0.8965,0.12755,0.21245,0.004,1.13304,1.29238,0.05285,0.05207,0.20002,0.9481,0.26303,0.26149,0.0011,2.85404,0.00952,0.65607,1.29238,0.26303,0.26149,1.16489,1.15251,1.21514,2.40339,2.85404,0.18055,0.13211
2026-02-15 14:00:00,1.98684,0,0.03849,0.02525,0.013,0.002,0.004,0.005,0.00601,0.1615,0.34448,0.79817,0.014,0.65607,1.16489,0.00066,0.00228,0.00311,0,0.01324,0.00001,1.21514,0.8492,0.1203,0.0845,0.004,1.0623,1.29598,0.05284,0.06502,0.20002,0.9759,0.26303,0.26149,0.0011,2.85404,0.00951,0.65607,1.29598,0.26303,0.26149,1.16489,1.15251,1.21514,2.40531,2.85404,0.1813,0.17464
2026-02-15 15:00:00,1.89325,0,0.03846,0.01617,0.013,0.002,0.004,0.005,0.00601,0.15893,0.34448,0.79722,0.014,0.65607,1.16849,0.00066,0.00227,0.00305,0,0.00309,0.00001,1.21514,0.72403,0.12174,0.09968,0.004,0.99156,1.29238,0.05247,0.08718,0.20202,1.00333,0.26303,0.26003,0.0011,2.85404,0.00949,0.65607,1.29238,0.26303,0.26003,1.16849,1.15251,1.21514,2.40708,2.85404,0.18165,0.21716
2026-02-15 16:00:00,1.79967,0,0.02345,0.02425,0.013,0.002,0.004,0.005,0.00601,0.15893,0.34448,0.79363,0.014,0.65307,1.16489,0.00066,0.00227,0.00304,0,-0.00706,0.00001,1.21914,0.67523,0.12173,0.23161,0.004,0.92081,1.29598,0.05282,0.09948,0.20002,1.03036,0.26303,0.26003,0.0011,2.85404,0.00947,0.65307,1.29598,0.26303,0.26003,1.16489,1.15251,1.21914,2.40886,2.85404,0.18162,0.25968
2026-02-15 17:00:00,1.70608,0,0.02345,0.03234,0.012,0.002,0.004,0.005,0.00601,0.15893,0.3412,0.78949,0.01436,0.65607,1.16489,0.00072,0.00227,0.00303,0,-0.01366,0.00001,1.21914,0.68505,0.10323,0.23263,0.004,0.85007,1.29238,0.05074,0.10996,0.19902,1.05714,0.26303,0.25852,0.0011,2.83711,0.00946,0.65607,1.29238,0.26303,0.25852,1.16489,1.15251,1.21914,2.41073,2.83711,0.18135,0.30221
2026-02-15 18:00:00,1.61249,0,0.03096,0.04142,0.012,0.002,0.005,0.005,0.00601,0.15639,0.33794,0.78652,0.01436,0.65607,1.16489,0.00072,0.00227,0.00302,0,-0.01884,0.00001,1.21914,0.63699,0.08475,0.131,0.005,0.77932,1.29238,0.05071,0.13336,0.19802,1.08321,0.26003,0.25702,0.0011,2.84557,0.00944,0.65607,1.29238,0.26003,0.25702,1.16489,1.15251,1.21914,2.4125,2.84557,0.18035,0.34473
2026-02-15 19:00:00,1.52369,0,0.03846,0.04242,0.012,0.002,0.005,0.005,0.00543,0.15639,0.33794,0.78508,0.014,0.65607,1.16489,0.00072,0.00226,0.00298,0,-0.0261,0.00001,1.21914,0.6275,0.11201,0.11661,0.005,0.83211,1.29238,0.05033,0.14136,0.19702,1.11107,0.26303,0.25702,0.0011,2.82866,0.00942,0.65607,1.29238,0.26303,0.25702,1.16489,1.15251,1.21914,2.41421,2.82866,0.17895,0.38726
2026-02-15 20:00:00,1.43489,0,0.03849,0.04242,0.012,0.002,0.005,0.005,0.00601,0.15387,0.33469,0.78261,0.014,0.65607,1.16489,0.00072,0.00226,0.00301,0,-0.02831,0.00001,1.21914,0.59869,0.148,0.17937,0.005,0.8849,1.29598,0.05102,0.11858,0.19602,1.13928,0.26303,0.25553,0.0011,2.83711,0.00941,0.65607,1.29598,0.26303,0.25553,1.16489,1.15251,1.21914,2.4158,2.83711,0.17789,0.42978
2026-02-15 21:00:00,1.34609,0,0.03102,0.04242,0.012,0.002,0.005,0.005,0.00543,0.15119,0.33794,0.77862,0.014,0.65307,1.16489,0.00072,0.00226,0.00296,0,-0.02546,0.00001,1.21914,0.56977,0.15635,0.22449,0.004,0.93769,1.29238,0.05143,0.08471,0.19602,1.13149,0.26303,0.25553,0.0011,2.83711,0.00939,0.65307,1.29238,0.26303,0.25553,1.16489,1.15251,1.21914,2.41725,2.83711,0.17699,0.47231
2026-02-15 22:00:00,1.25729,0,0.03102,0.03434,0.013,0.002,0.005,0.005,0.00601,0.15119,0.33469,0.77562,0.014,0.65607,1.16849,0.00072,0.00225,0.00295,0,-0.0226,0.00001,1.22314,0.52154,0.12832,0.19278,0.004,0.99047,1.2996,0.05036,0.09454,0.19602,1.124,0.26003,0.25404,0.0011,2.83711,0.00937,0.65607,1.2996,0.26003,0.25404,1.16849,1.15634,1.22314,2.41864,2.83711,0.17639,0.51483
2026-02-15 23:00:00,1.16849,0,0.03099,0.03434,0.013,0.002,0.005,0.005,0.00601,0.15387,0.33146,0.77282,0.014,0.65307,1.16849,0.00072,0.00225,0.00295,0,-0.01943,0.00001,1.22714,0.45477,0.10176,0.1013,0.004,1.04326,1.2996,0.05071,0.11482,0.19602,1.11622,0.26003,0.25255,0.0011,2.83711,0.00936,0.65307,1.2996,0.26003,0.25255,1.16849,1.15634,1.22714,2.42005,2.83711,0.1755,0.55736
2026-02-16 00:00:00,1.15697,0,0.03846,0.02625,0.013,0.001,0.005,0.005,0.00601,0.15387,0.33146,0.77136,0.014,0.65607,1.16489,0.00072,0.00224,0.00294,0,-0.01377,0.00001,1.22314,0.42579,0.10282,0.09732,0.004,1.09605,1.29598,0.05142,0.10372,0.19302,1.10774,0.26003,0.25255,0.0011,2.85404,0.00934,0.65607,1.29598,0.26003,0.25255,1.16489,1.15251,1.22314,2.42143,2.85404,0.17391,0.59988
2026-02-16 01:00:00,1.16919,0,0.04597,0.01717,0.013,0.001,0.004,0.005,0.00601,0.15387,0.32504,0.77017,0.014,0.65307,1.16849,0.00072,0.00224,0.00294,0,-0.00777,0.00001,1.22314,0.39683,0.08428,0.17846,0.004,1.15378,1.30322,0.05071,0.09201,0.19102,1.11197,0.26303,0.25107,0.0011,2.86253,0.00932,0.65307,1.30322,0.26303,0.25107,1.16849,1.15634,1.22314,2.42287,2.86253,0.17202,0.64241
2026-02-16 02:00:00,1.18142,0,0.05347,0.01717,0.013,0.001,0.004,0.005,0.00601,0.15387,0.32824,0.7665,0.014,0.65307,1.16489,0.00072,0.00223,0.00294,0,0.00003,0.00001,1.22314,0.31079,0.04757,0.22157,0.004,1.21152,1.30322,0.0507,0.07353,0.19302,1.1166,0.26003,0.25107,0.0011,2.84557,0.00931,0.65307,1.30322,0.26003,0.25107,1.16489,1.15251,1.22314,2.42436,2.84557,0.17053,0.68493
2026-02-16 03:00:00,1.19364,0,0.06098,0.02625,0.013,0.001,0.004,0.005,0.00665,0.15893,0.32504,0.76363,0.014,0.65007,1.16849,0.00066,0.00223,0.00293,0,0.00427,0.00001,1.21914,0.22403,0.04758,0.11902,0.004,1.26925,1.30322,0.05213,0.0803,0.19202,1.1218,0.26303,0.24959,0.0011,2.85404,0.0093,0.65007,1.30322,0.26303,0.24959,1.16849,1.15251,1.21914,2.42573,2.85404,0.16961,0.72746
2026-02-16 04:00:00,1.20586,0,0.06848,0.02625,0.012,0.001,0.004,0.005,0.00665,0.15639,0.33146,0.75968,0.014,0.65307,1.16489,0.00066,0.00223,0.00294,0,0.00848,0.00001,1.21914,0.27161,0.09342,0.07951,0.004,1.32697,1.30684,0.05071,0.08707,0.19302,1.12763,0.26303,0.24812,0.0011,2.85404,0.00928,0.65307,1.30684,0.26303,0.24812,1.16489,1.15251,1.21914,2.4272,2.85404,0.16933,0.76998
2026-02-16 05:00:00,1.21809,0,0.06851,0.02625,0.012,0.001,0.004,0.005,0.00665,0.15639,0.32824,0.75679,0.014,0.65307,1.16849,0.00066,0.00222,0.00299,0,0.01589,0.00001,1.21914,0.33841,0.12105,0.19215,0.004,1.38471,1.30684,0.05071,0.06308,0.19102,1.13361,0.26303,0.24812,0.0011,2.86253,0.00927,0.65307,1.30684,0.26303,0.24812,1.16849,1.15251,1.21914,2.42877,2.86253,0.16919,0.81251
2026-02-16 06:00:00,1.23031,0,0.06103,0.01717,0.012,0.001,0.004,0.005,0.00665,0.15639,0.33146,0.75541,0.014,0.65307,1.16849,0.00066,0.00222,0.00299,0,0.01942,0.00001,1.21914,0.27094,0.10251,0.23408,0.004,1.44244,1.30322,0.05034,0.05202,0.19102,1.14015,0.26303,0.24812,0.0011,2.86253,0.00925,0.65307,1.30322,0.26303,0.24812,1.16849,1.15634,1.21914,2.43029,2.86253,0.16961,0.85503
2026-02-16 07:00:00,1.22164,0,0.05353,0.02625,0.012,0.001,0.004,0.005,0.00665,0.15639,0.33146,0.75682,0.014,0.65307,1.1721,0.00066,0.00222,0.00298,0,0.02119,0.00001,1.21914,0.2421,0.09267,0.20664,0.004,1.56615,1.31408,0.0514,0.07173,0.18902,1.14727,0.26303,0.24666,0.0011,2.86253,0.01373,0.65307,1.31408,0.26303,0.24666,1.1721,1.16018,1.21914,2.43184,2.86253,0.17037,0.89756
2026-02-16 08:00:00,1.21297,0,0.046,0.03434,0.012,0.001,0.004,0.005,0.00665,0.15387,0.33146,0.76059,0.014,0.65307,1.1721,0.00066,0.00221,0.00298,0,0.01763,0.00001,1.21514,0.32913,0.12933,0.16503,0.004,1.68984,1.32133,0.05033,0.10499,0.19102,1.15418,0.26303,0.24666,0.00123,2.87102,0.01821,0.65307,1.32133,0.26303,0.24666,1.1721,1.16018,1.21514,2.43334,2.87102,0.17092,0.94008
2026-02-16 09:00:00,1.2043,0,0.04597,0.02525,0.012,0.002,0.004,0.005,0.00665,0.15387,0.33469,0.7646,0.014,0.65307,1.1721,0.00066,0.00221,0.00298,0,0.01057,0.00001,1.21914,0.33906,0.14787,0.17828,0.004,1.81355,1.33952,0.04969,0.10746,0.19102,1.16128,0.26303,0.24666,0.00123,2.87102,0.0227,0.65307,1.33952,0.26303,0.24666,1.1721,1.16018,1.21914,2.43474,2.87102,0.17166,0.98261
2026-02-16 10:00:00,1.19562,0,0.04597,0.03434,0.012,0.002,0.004,0.005,0.00665,0.15119,0.33469,0.7707,0.014,0.65307,1.17571,0.00066,0.00221,0.00297,0,0.01769,0.00001,1.21914,0.29179,0.12028,0.24694,0.005,1.93725,1.37978,0.04932,0.11423,0.19402,1.16844,0.26703,0.24666,0.00137,2.87102,0.02718,0.65307,1.37978,0.26703,0.24666,1.17571,1.16403,1.21914,2.43636,2.87102,0.17246,1.02513
2026-02-16 11:00:00,1.18695,0,0.04597,0.03434,0.012,0.002,0.004,0.005,0.00665,0.15119,0.33146,0.77647,0.014,0.65607,1.17571,0.00066,0.0022,0.00297,0,0.02125,0.00001,1.22314,0.3202,0.10141,0.28267,0.008,2.06094,1.43523,0.04931,0.13883,0.19302,1.1762,0.26703,0.24812,0.00137,2.87953,0.03166,0.65607,1.43523,0.26703,0.24812,1.17571,1.16788,1.22314,2.43852,2.87953,0.17386,1.06766
2026-02-16 12:00:00,1.17828,0,0.04597,0.04242,0.012,0.002,0.004,0.005,0.00665,0.14854,0.33146,0.78385,0.014,0.65807,1.17933,0.00066,0.0022,0.00296,0,0.04608,0.00001,1.23114,0.34686,0.11922,0.2133,0.008,2.18465,1.49131,0.05037,0.16223,0.19602,1.1857,0.27003,0.25107,0.00152,2.87953,0.03614,0.65807,1.49131,0.27003,0.25107,1.17933,1.17173,1.23114,2.44168,2.87953,0.177,1.25996
2026-02-16 13:00:00,1.18324,0,0.04597,0.03334,0.012,0.002,0.004,0.005,0.00665,0.15119,0.33146,0.801,0.01436,0.66107,1.18657,0.00072,0.0022,0.00296,0,0.04611,0.00001,1.23914,0.31423,0.12907,0.1442,0.009,2.4458,1.5556,0.05074,0.18068,0.19802,1.21764,0.27403,0.24812,0.00172,2.87102,0.0456,0.66107,1.5556,0.27403,0.24812,1.18657,1.17946,1.23914,2.44692,2.87102,0.18097,2.1999
2026-02-16 14:00:00,1.1882,0,0.03849,0.0303,0.012,0.002,0.004,0.005,0.00736,0.15119,0.33146,0.83159,0.01473,0.66107,1.19383,0.00086,0.00219,0.00294,0,0.01424,0.00001,1.24714,0.34296,0.1288,0.19732,0.014,2.70696,1.63223,0.05076,0.20037,0.20502,1.24867,0.27803,0.24959,0.00192,2.87953,0.05505,0.66107,1.63223,0.27803,0.24959,1.19383,1.17946,1.24714,2.45507,2.87953,0.18404,3.356
2026-02-16 15:00:00,1.19315,0,0.03102,0.03788,0.012,0.002,0.005,0.005,0.00736,0.15119,0.33146,0.92814,0.01473,0.66107,1.1902,0.00101,0.00219,0.00289,0,0.02131,0.00001,1.26414,0.33808,0.1558,0.24331,0.006,2.96812,1.67482,0.05177,0.24039,0.20902,1.27976,0.27803,0.25107,0.00214,2.89657,0.06451,0.66107,1.67482,0.27803,0.25107,1.1902,1.18333,1.26414,2.46642,2.89657,0.18714,3.74137
2026-02-16 16:00:00,1.19811,0,0.03104,0.03846,0.012,0.00262,0.00551,0.0051,0.00814,0.15119,0.32824,1.01052,0.01511,0.66107,1.19383,0.00139,0.00219,0.00289,0,0.03728,0.00001,1.26814,0.34274,0.1634,0.21729,0.005,3.22927,1.71381,0.05286,0.19092,0.21102,1.3106,0.28103,0.25404,0.00262,2.89657,0.07396,0.66107,1.71381,0.28103,0.25404,1.19383,1.18333,1.26814,2.48131,2.89657,0.19001,3.93405
2026-02-16 17:00:00,1.20307,0,0.03109,0.04291,0.01199,0.00304,0.00639,0.00527,0.009,0.15119,0.33146,1.08572,0.01511,0.66307,1.19383,0.00173,0.00218,0.00288,0,0.05325,0.00001,1.27614,0.34996,0.17101,0.21819,0.008,3.49043,1.76095,0.05217,0.14145,0.21702,1.34339,0.28503,0.26003,0.00289,2.92222,0.08342,0.66307,1.76095,0.28503,0.26003,1.19383,1.19109,1.27614,2.49941,2.92222,0.19484,4.04966
2026-02-16 18:00:00,1.20803,0.00004,0.03119,0.04537,0.01199,0.0032,0.00812,0.00555,0.01015,0.15022,0.33146,1.1585,0.02152,0.66307,1.19473,0.00173,0.00218,0.00288,0,0.06922,0.0001,1.28114,0.35919,0.17861,0.21909,0.012,3.75158,1.82037,0.05132,0.09198,0.22774,1.38178,0.32165,0.25996,0.00285,2.92763,0.09287,0.66307,1.82037,0.32165,0.25996,1.19473,1.1931,1.28114,2.51952,2.92763,0.20526,4.12674
2026-02-16 19:00:00,1.40255,0.00012,0.03142,0.04663,0.01198,0.00325,0.01054,0.00597,0.0116,0.14916,0.33561,1.23855,0.02568,0.66306,1.19562,0.00175,0.00219,0.00288,0,0.06858,0.00026,1.28411,0.36996,0.19298,0.22715,0.01193,4.05394,1.84595,0.05077,0.09108,0.24093,1.70481,0.36524,0.25988,0.00285,2.93548,0.09658,0.66306,1.84595,0.36524,0.25988,1.19562,1.19501,1.28411,2.54124,2.93548,0.21833,4.18179
2026-02-16 20:00:00,1.59707,0.00023,0.03214,0.05296,0.01197,0.0033,0.01289,0.00657,0.01286,0.14851,0.3407,1.42359,0.02837,0.66289,1.19641,0.00176,0.00219,0.00287,0,0.06793,0.00048,1.28758,0.38194,0.20735,0.23521,0.01191,4.3563,1.86936,0.05024,0.09004,0.25121,2.0249,0.41117,0.25995,0.00285,2.94566,0.10028,0.66289,1.86936,0.41117,0.25995,1.19641,1.19682,1.28758,2.56496,2.94566,0.22845,4.22308
2026-02-16 21:00:00,1.79158,0.00035,0.03375,0.06002,0.01197,0.00335,0.01501,0.00727,0.01378,0.14725,0.3473,1.52207,0.02995,0.66276,1.19711,0.00178,0.0022,0.00287,0,0.06729,0.0007,1.29064,0.39485,0.22172,0.24327,0.01184,4.65866,1.89064,0.04969,0.08897,0.25941,2.34288,0.45788,0.26012,0.00285,2.95806,0.10399,0.66276,1.89064,0.45788,0.26012,1.19711,1.1985,1.29064,2.59015,2.95806,0.23647,4.25519
2026-02-16 22:00:00,1.9861,0.00047,0.03622,0.0709,0.01196,0.00341,0.01682,0.00797,0.01459,0.14644,0.35461,1.62122,0.03052,0.66279,1.19773,0.00179,0.0022,0.00287,0,0.06665,0.00089,1.29332,0.41147,0.23608,0.25132,0.01175,4.96101,1.90908,0.04914,0.08787,0.26468,2.65793,0.50484,0.2604,0.00285,2.97261,0.1077,0.66279,1.90908,0.50484,0.2604,1.19773,1.20009,1.29332,2.61568,2.97261,0.24157,4.28088
2026-02-16 23:00:00,2.18062,0.00063,0.03908,0.08881,0.01195,0.00346,0.01829,0.00857,0.01525,0.14555,0.3581,1.72253,0.0304,0.6632,1.19829,0.00181,0.00221,0.00286,0,0.066,0.00108,1.29571,0.43404,0.25045,0.25938,0.01168,5.26337,1.92533,0.0486,0.08675,0.27201,2.97508,0.69269,0.26088,0.00285,2.98899,0.1114,0.6632,1.92533,0.69269,0.26088,1.19829,1.20159,1.29571,2.64121,2.98899,0.24875,4.3019
2026-02-17 00:00:00,2.37514,0.00088,0.04209,0.10297,0.01196,0.00348,0.01941,0.00908,0.01569,0.14509,0.36255,1.82526,0.0302,0.66391,1.19885,0.00182,0.00221,0.00287,0,0.06536,0.0013,1.29784,0.46137,0.26482,0.26744,0.01166,5.56573,1.93979,0.04805,0.08563,0.28473,3.29761,1.0033,0.26158,0.00285,3.00545,0.11511,0.66391,1.93979,1.0033,0.26158,1.19885,1.203,1.29784,2.66597,3.00545,0.26132,4.31942
2026-02-17 01:00:00,2.65843,0.00128,0.04543,0.12406,0.01196,0.00683,0.02021,0.00953,0.01609,0.14457,0.36659,2.76115,0.03008,0.66456,1.19943,0.00183,0.00221,0.00293,0,0.06644,0.00161,1.29979,0.49242,0.26157,0.30424,0.01168,5.72095,1.95265,0.04762,0.0847,0.2998,3.67882,1.28097,0.26236,0.00285,3.02253,0.46432,0.66456,1.95265,1.28097,0.26236,1.19943,1.20432,1.29979,2.68979,3.02253,0.27608,4.33424
2026-02-17 02:00:00,2.94171,0.00179,0.04989,0.17345,0.01198,0.01354,0.0208,0.00995,0.01674,0.14406,0.37082,3.69603,0.03012,0.66533,1.20005,0.00185,0.00222,0.00307,0,0.06751,0.00198,1.30156,0.53731,0.25834,0.34103,0.01169,5.87618,1.9647,0.04718,0.08382,0.31166,4.05684,1.53883,0.2632,0.00285,3.04035,0.81352,0.66533,1.9647,1.53883,0.2632,1.20005,1.20555,1.30156,2.71327,3.04035,0.28766,4.34695
2026-02-17 03:00:00,3.225,0.00232,0.05649,0.25647,0.01383,0.03029,0.02483,0.01334,0.01781,0.14354,0.37443,4.62958,0.03045,0.66635,1.20073,0.00186,0.00222,0.00326,0,0.06859,0.00232,1.3032,0.58194,0.25509,0.37783,0.0117,6.0314,1.97622,0.04674,0.08298,0.31868,4.4302,1.7901,0.26422,0.00286,3.05859,1.16273,0.66635,1.97622,1.7901,0.26422,1.20073,1.20669,1.3032,2.73635,3.05859,0.29457,4.35796
2026-02-17 04:00:00,3.50829,0.00281,0.0651,0.39262,0.02066,0.07049,0.04763,0.02484,0.01929,0.14299,0.37823,5.56307,0.03176,0.66746,1.20145,0.00187,0.00222,0.00365,0,0.06966,0.00261,1.30469,0.61638,0.25187,0.41463,0.0117,6.18662,1.98605,0.04629,0.08212,0.32048,4.79828,2.03591,0.26647,0.00289,3.07704,1.51193,0.66746,1.98605,2.03591,0.26647,1.20145,1.20778,1.30469,2.75894,3.07704,0.29622,4.36759
2026-02-17 05:00:00,3.79157,0.00324,0.07497,0.62615,0.03565,0.09729,0.19081,0.05902,0.02107,0.14244,0.38207,6.49646,0.03374,0.6685,1.20224,0.00189,0.00223,0.00391,0,0.07074,0.00288,1.30608,0.64119,0.24866,0.45142,0.0117,6.34185,1.9942,0.04586,0.08126,0.32058,5.16467,2.27664,0.27117,0.00296,3.09554,1.86113,0.6685,1.9942,2.27664,0.27117,1.20224,1.20881,1.30608,2.78106,3.09554,0.29617,4.37609
2026-02-17 06:00:00,4.07486,0.00359,0.08694,0.80932,0.06362,0.10734,0.93564,0.18671,0.02304,0.14188,0.38587,7.42965,0.03526,0.66946,1.20307,0.0019,0.00223,0.00391,0,0.07181,0.00315,1.30735,0.65932,0.24544,0.48822,0.01249,6.49707,2.0019,0.04542,0.08038,0.3148,5.52516,2.51567,0.27845,0.00306,3.11399,2.21034,0.66946,2.0019,2.51567,0.27845,1.20307,1.2098,1.30735,2.80263,3.11399,0.29021,4.38365
2026-02-17 07:00:00,4.19548,0.00387,0.10723,0.94132,0.10965,0.1109,0.99766,0.43881,0.0251,0.14133,0.3892,7.05418,0.03614,0.67038,1.20394,0.0019,0.00223,0.00394,0,0.06586,0.00347,1.30854,0.67284,0.23253,0.49204,0.01474,6.58987,2.00909,0.04508,0.07976,0.30555,5.53619,2.75415,0.28824,0.00314,3.13227,2.03452,0.67038,2.00909,2.75415,0.28824,1.20394,1.21076,1.30854,2.82359,3.13227,0.28077,4.39041
2026-02-17 08:00:00,4.3161,0.00408,0.17469,1.02056,0.1756,0.11333,1.01202,0.88137,0.0271,0.1405,0.39142,6.67876,0.03616,0.67124,1.20481,0.00191,0.00223,0.00395,0,0.05991,0.00383,1.30964,0.68315,0.21962,0.49585,0.0182,6.68265,2.01648,0.04474,0.07918,0.29872,5.54965,2.99243,0.30043,0.00319,3.15031,1.8587,0.67124,2.01648,2.99243,0.30043,1.20481,1.21169,1.30964,2.84395,3.15031,0.27375,4.39649
2026-02-17 09:00:00,4.43673,0.00423,0.28535,1.04651,0.25499,0.11587,0.97772,0.88013,0.02896,0.13965,0.39287,6.30335,0.03473,0.67206,1.2057,0.00192,0.00224,0.00398,0,0.05396,0.00415,1.31068,0.6907,0.20671,0.49967,0.0227,6.77545,2.0241,0.04441,0.07862,0.29318,5.5644,3.23064,0.3194,0.00323,3.16807,1.68288,0.67206,2.0241,3.23064,0.3194,1.2057,1.2126,1.31068,2.86364,3.16807,0.26802,4.402
2026-02-17 10:00:00,4.55735,0.00433,0.38977,1.06598,0.33742,0.11833,0.84142,0.85225,0.03116,0.13866,0.39354,5.92773,0.02578,0.67284,1.20656,0.00192,0.00224,0.004,0,0.048,0.00442,1.31166,0.69231,0.19379,0.50349,0.02809,6.86823,2.03156,0.04408,0.07806,0.29028,5.58176,3.27083,0.35324,0.00326,3.18556,1.50706,0.67284,2.03156,3.27083,0.35324,1.20656,1.21351,1.31166,2.88274,3.18556,0.26491,4.407
2026-02-17 11:00:00,4.67797,0.00438,0.47451,1.07564,0.41312,0.11998,0.77994,0.78725,0.03808,0.13781,0.39418,5.55144,0.02366,0.6736,1.20741,0.00193,0.00224,0.00402,0,0.04205,0.00465,1.3126,0.68639,0.18088,0.5073,0.03423,6.96102,2.03901,0.04374,0.0775,0.28651,5.59826,3.04701,0.40387,0.00328,3.20282,1.33124,0.6736,2.03901,3.04701,0.40387,1.20741,1.21443,1.3126,2.90127,3.20282,0.26093,4.41157
2026-02-17 12:00:00,4.79859,0.00435,0.53851,1.08659,0.47396,0.1206,0.74121,0.7061,0.07563,0.13706,0.39426,5.17427,0.02154,0.67437,1.20824,0.00193,0.00224,0.00403,0,0.0361,0.00485,1.31349,0.67525,0.16797,0.51112,0.04146,7.05381,2.04655,0.0434,0.07696,0.2812,5.61321,2.73518,0.46851,0.00331,3.21997,1.15542,0.67437,2.04655,2.73518,0.46851,1.20824,1.21536,1.31349,2.91926,3.21997,0.25541,4.89834
2026-02-17 13:00:00,4.75561,0.0042,0.58481,1.09461,0.52233,0.11935,0.70527,0.62931,0.1981,0.13632,0.39344,4.93071,0.01978,0.67516,1.20904,0.00193,0.00224,0.00405,0,0.03625,0.00503,1.31437,0.66049,0.16196,0.49246,0.05005,7.17997,2.05391,0.04312,0.07645,0.27554,5.48507,2.394,0.54542,0.00333,3.23714,1.09225,0.67516,2.05391,2.394,0.54542,1.20904,1.21632,1.31437,2.93672,3.23714,0.24954,5.5296
2026-02-17 14:00:00,4.71263,0.00397,0.63118,1.09127,0.55728,0.11656,0.66592,0.59222,0.39968,0.13558,0.39176,4.68667,0.01766,0.6761,1.20984,0.00193,0.00223,0.00407,0,0.0364,0.0052,1.31522,0.64321,0.15595,0.4738,0.05975,7.30615,2.06162,0.04284,0.07598,0.27103,5.3581,2.04305,0.6335,0.00335,3.25459,1.02908,0.6761,2.06162,2.04305,0.6335,1.20984,1.21729,1.31522,2.95371,3.25459,0.24483,5.77383
2026-02-17 15:00:00,4.66965,0.00371,0.6643,1.07422,0.57485,0.10937,0.6155,0.56427,0.58971,0.13494,0.3896,4.44229,0.01554,0.67728,1.21063,0.00193,0.00223,0.00408,0,0.03656,0.00536,1.31608,0.62427,0.14995,0.45514,0.07038,7.43231,2.06976,0.04258,0.07552,0.26789,5.2325,1.68884,0.73163,0.00336,3.27279,0.96592,0.67728,2.06976,1.68884,0.73163,1.21063,1.21828,1.31608,2.97023,3.27279,0.24148,6.01806
2026-02-17 16:00:00,4.62666,0.00346,0.67509,1.03388,0.58027,0.09188,0.53204,0.53212,0.72612,0.13422,0.38775,4.19726,0.01377,0.67963,1.21147,0.00193,0.00223,0.0041,0,0.03671,0.00558,1.31693,0.60583,0.14394,0.43648,0.08182,7.55605,2.07844,0.0423,0.07507,0.26611,5.10823,1.45017,0.83898,0.00336,3.2924,0.90275,0.67963,2.07844,1.45017,0.83898,1.21147,1.21927,1.31693,2.9863,3.2924,0.23949,6.26229
2026-02-17 17:00:00,4.58368,0.00323,0.66531,0.95292,0.57607,0.08022,0.51157,0.49323,0.84338,0.13383,0.38516,3.9514,0.01377,0.68409,1.21248,0.00193,0.00222,0.00412,0,0.03686,0.006,1.31779,0.58932,0.13793,0.41782,0.09396,7.6798,2.08771,0.04202,0.07465,0.26368,4.98331,1.36665,0.95485,0.00336,3.31413,0.83958,0.68409,2.08771,1.36665,0.95485,1.21248,1.22027,1.31779,3.00199,3.31413,0.23684,6.50653
2026-02-17 18:00:00,4.5407,0.003,0.63369,0.88962,0.56297,0.07584,0.47535,0.57817,0.97429,0.13316,0.38287,3.70484,0.01377,0.6905,1.21389,0.00193,0.00222,0.00413,0,0.03701,0.00694,1.31865,0.57415,0.13192,0.39916,0.12368,7.80354,2.09753,0.04174,0.07417,0.25939,4.85655,1.33485,1.07611,0.00336,3.3387,0.77641,0.6905,2.09753,1.33485,1.07611,1.21389,1.22129,1.31865,3.01735,3.3387,0.23234,6.75076
2026-02-17 19:00:00,4.58957,0.00276,0.59283,0.86238,0.54075,0.08342,0.44945,0.46915,1.10839,0.13254,0.38045,4.2685,0.01377,0.69869,1.21589,0.00193,0.00222,0.00413,0,0.08398,0.00891,1.31953,0.5599,0.12939,0.38575,0.18526,8.01878,2.10928,0.04149,0.07375,0.25437,4.85543,1.32029,1.20498,0.00337,3.36679,0.93626,0.69869,2.10928,1.32029,1.20498,1.21589,1.22233,1.31953,3.0324,3.36679,0.22711,6.99499
2026-02-17 20:00:00,4.63845,0.00252,0.56261,0.908,0.50819,0.1006,0.45465,0.4259,1.21033,0.13222,0.37745,4.83195,0.01377,0.70846,1.21868,0.00193,0.00221,0.00414,0,0.13095,0.01163,1.32041,0.54629,0.12685,0.37234,0.34098,8.23402,2.12679,0.04124,0.07333,0.25048,4.85542,1.31146,1.33745,0.00376,3.39901,1.09612,0.70846,2.12679,1.31146,1.33745,1.21868,1.22341,1.32041,3.0472,3.39901,0.223,7.23923
2026-02-17 21:00:00,4.68732,0.0023,0.52832,1.03264,0.47888,0.14508,0.54912,0.44193,1.26904,0.13167,0.37491,5.39518,0.01377,0.7209,1.22241,0.00193,0.00221,0.00416,0,0.17792,0.01491,1.32131,0.53312,0.12432,0.35893,0.55794,8.44926,2.15958,0.04099,0.07293,0.24777,4.85661,1.30456,1.45863,0.00508,3.43588,1.25597,0.7209,2.15958,1.30456,1.45863,1.22241,1.22456,1.32131,3.06184,3.43588,0.22008,7.48346
2026-02-17 22:00:00,4.73619,0.00211,0.49429,1.25039,0.45858,0.25342,1.02771,0.54654,1.29857,0.13142,0.37236,5.95844,0.02048,0.73681,1.22731,0.00193,0.00221,0.00416,0,0.22489,0.01965,1.32221,0.52186,0.12178,0.34552,0.78334,8.66449,2.21804,0.04074,0.07251,0.24643,4.85916,1.32841,1.55572,0.0083,3.47785,1.41582,0.73681,2.21804,1.32841,1.55572,1.22731,1.22585,1.32221,3.07653,3.47785,0.21853,7.72769
2026-02-17 23:00:00,4.78507,0.00198,0.46494,1.63746,0.45528,0.32564,1.19356,0.8562,1.31569,0.1312,0.36974,6.52141,0.02684,0.75685,1.23366,0.00192,0.0022,0.00417,0,0.27186,0.02931,1.32315,0.51353,0.11925,0.33211,1.00056,8.87973,2.30371,0.04048,0.07211,0.24474,4.86136,1.39262,1.62711,0.01611,3.52526,1.57568,0.75685,2.30371,1.39262,1.62711,1.23366,1.22731,1.32315,3.09184,3.52526,0.21662,7.97192
2026-02-18 00:00:00,4.83394,0.00194,0.51177,1.93928,0.54594,0.35272,1.29326,1.08248,1.33111,0.13127,0.36758,7.08429,0.04685,0.78067,1.24181,0.00192,0.0022,0.00417,0,0.31883,0.05114,1.32414,0.50723,0.11671,0.3187,1.23139,9.09497,2.41202,0.04023,0.07168,0.24224,4.86274,1.4703,1.67605,0.02684,3.57844,1.73553,0.78067,2.41202,1.4703,1.67605,1.24181,1.22906,1.32414,3.10885,3.57844,0.2139,8.21616
2026-02-18 01:00:00,4.93524,0.00201,0.67826,2.15728,0.74458,0.36136,1.35814,1.26523,1.34343,0.13136,0.36499,7.04284,0.11317,0.80799,1.25203,0.00339,0.00867,0.00417,0,0.39918,0.09713,1.32521,0.50235,0.1155,0.31043,1.40884,8.82087,2.53965,0.04,0.07131,0.23949,4.84549,1.55247,1.70233,0.03576,3.63774,1.68054,0.80799,2.53965,1.55247,1.70233,1.25203,1.23119,1.32521,3.1289,3.63774,0.21095,7.95276
2026-02-18 02:00:00,5.03654,0.00219,0.91184,2.29434,1.30523,0.36597,1.38237,1.33628,1.34855,0.13148,0.36297,7.0014,0.20497,0.83777,1.26456,0.00487,0.01515,0.00416,0,0.47952,0.16055,1.32639,0.49927,0.1143,0.30216,1.52823,8.54676,2.69751,0.03977,0.07094,0.23736,4.82884,1.63612,1.70956,0.04304,3.70329,1.62555,0.83777,2.69751,1.63612,1.70956,1.26456,1.2338,1.32639,3.15322,3.70329,0.2086,7.68936
2026-02-18 03:00:00,5.13784,0.00239,1.30422,2.35141,1.39543,0.36807,1.36733,1.35192,1.36181,0.1316,0.36057,6.96011,0.28429,0.86642,1.2794,0.00634,0.02162,0.00416,0,0.55987,0.2223,1.32776,0.49674,0.11309,0.29389,1.59427,8.27266,2.85611,0.03953,0.07058,0.23589,4.81286,1.72028,1.7069,0.05086,3.77489,1.57055,0.86642,2.85611,1.72028,1.7069,1.2794,1.23706,1.32776,3.18281,3.77489,0.20691,7.42597
2026-02-18 04:00:00,5.23914,0.00279,1.38883,2.41263,1.45418,0.36328,1.28012,1.34688,1.41527,0.13173,0.35855,6.91886,0.32643,0.89142,1.29623,0.00781,0.02809,0.00416,0,0.64021,0.27699,1.32937,0.49408,0.11188,0.28562,1.62365,7.99856,3.00222,0.03929,0.07019,0.2351,4.79754,1.75854,1.70108,0.06264,3.8521,1.51556,0.89142,3.00222,1.75854,1.70108,1.29623,1.24109,1.32937,3.21798,3.8521,0.2059,7.16257
2026-02-18 05:00:00,5.34044,0.00411,1.48417,2.48392,1.47896,0.36007,1.24034,1.31469,1.51992,0.13188,0.35666,6.87768,0.33591,0.91304,1.31447,0.00929,0.03457,0.00415,0,0.72055,0.34216,1.33132,0.49099,0.11068,0.27735,1.62277,7.72445,3.12961,0.03906,0.0698,0.23394,4.78188,1.73545,1.69436,0.08748,3.93426,1.46057,0.91304,3.12961,1.73545,1.69436,1.31447,1.24605,1.33132,3.25938,3.93426,0.20453,6.89917
2026-02-18 06:00:00,5.44174,0.0075,1.56231,2.54539,1.48134,0.35887,1.2146,1.26833,1.65346,0.13202,0.3549,6.83659,0.34165,0.93152,1.33346,0.01076,0.04104,0.00415,0,0.8009,0.41359,1.33371,0.48758,0.10947,0.26908,1.59819,7.45035,3.23548,0.03883,0.06942,0.23183,4.76524,1.69189,1.68753,0.1299,4.02088,1.40558,0.93152,3.23548,1.69189,1.68753,1.33346,1.2521,1.33371,3.30686,4.02088,0.2022,6.63577
2026-02-18 07:00:00,5.45696,0.01416,1.61482,2.59181,1.47471,0.35624,1.18904,1.21887,1.79057,0.13218,0.35324,6.47375,0.34846,0.94711,1.35265,0.01484,0.04881,0.00415,0,0.82288,0.49046,1.33667,0.48391,0.10878,0.26439,1.55751,7.16759,3.31939,0.0386,0.06907,0.22934,4.67062,1.64152,1.68007,0.16104,4.1112,1.32688,0.94711,3.31939,1.64152,1.68007,1.35265,1.25934,1.33667,3.3595,4.1112,0.1995,6.37238
2026-02-18 08:00:00,5.47218,0.02337,1.65566,2.61269,1.46303,0.35152,1.15822,1.19165,1.91905,0.13208,0.35148,6.11112,0.35423,0.96003,1.37156,0.01892,0.05657,0.00414,0,0.84486,0.56755,1.34029,0.48006,0.10808,0.25969,1.50658,6.88483,3.38658,0.03838,0.06869,0.22741,4.57659,1.58888,1.67228,0.1733,4.20405,1.24817,0.96003,3.38658,1.58888,1.67228,1.37156,1.26779,1.34029,3.41633,4.20405,0.19737,6.10898
2026-02-18 09:00:00,5.48741,0.03307,1.67162,2.60662,1.44299,0.34015,1.11591,1.16358,2.03084,0.13194,0.34975,5.74864,0.35811,0.9716,1.38987,0.02301,0.06434,0.00414,0.00001,0.86684,0.64212,1.34473,0.47604,0.10739,0.255,1.45161,6.60206,3.42995,0.03815,0.06834,0.22611,4.48315,1.53548,1.66645,0.17928,4.29838,1.16947,0.9716,3.42995,1.53548,1.66645,1.38987,1.27747,1.34473,3.47653,4.29838,0.19585,5.84558
2026-02-18 10:00:00,5.50263,0.04254,1.63624,2.56992,1.40886,0.31329,1.02213,1.12526,2.12039,0.13165,0.34796,5.38627,0.35118,0.98312,1.40742,0.02709,0.07211,0.00414,0.00003,0.88882,0.69283,1.35008,0.47189,0.1067,0.25031,1.40772,6.3193,3.453,0.03793,0.06793,0.2255,4.3904,1.47835,1.6642,0.17987,4.39329,1.09077,0.98312,3.453,1.47835,1.6642,1.40742,1.2883,1.35008,3.53904,4.39329,0.19503,5.58218
2026-02-18 11:00:00,5.51785,0.0526,1.52931,2.48113,1.35749,0.29538,0.98105,1.07114,2.19033,0.13142,0.34626,5.02393,0.33576,0.99467,1.42426,0.03117,0.07987,0.03429,0.00008,0.9108,0.7044,1.35644,0.46767,0.106,0.24561,1.38387,6.03654,3.46074,0.03771,0.0676,0.22468,4.29747,1.4165,1.66595,0.17595,4.48804,1.01206,0.99467,3.46074,1.4165,1.66595,1.42426,1.30022,1.35644,3.60232,4.48804,0.194,5.31879
2026-02-18 12:00:00,5.53307,0.06703,1.4354,2.41265,1.28985,0.28866,0.95699,1.01411,2.24515,0.13125,0.34461,4.66156,0.32376,1.00628,1.44048,0.03525,0.08764,0.05935,0.00012,0.93278,0.69164,1.36386,0.46339,0.10531,0.24092,1.39391,5.75378,3.45967,0.03748,0.06725,0.22339,4.20404,1.35308,1.67175,0.17118,4.58188,0.93336,1.00628,3.45967,1.35308,1.67175,1.44048,1.31317,1.36386,3.66493,4.58188,0.19249,5.15224
2026-02-18 13:00:00,5.45352,0.08809,1.36628,2.35499,1.21748,0.28199,0.92452,0.95668,2.28585,0.13104,0.34292,4.40897,0.31543,1.01796,1.45622,0.03125,0.07586,0.0694,0.00015,0.9147,0.66138,1.37233,0.45912,0.10485,0.23793,1.46209,5.56367,3.45746,0.03726,0.06685,0.22195,4.08223,1.28913,1.6826,0.16761,4.67399,0.88627,1.01796,3.45746,1.28913,1.6826,1.45622,1.3271,1.37233,3.72575,4.67399,0.19084,4.14919
2026-02-18 14:00:00,5.37398,0.11912,1.30701,2.28912,1.15034,0.27176,0.87178,0.91283,2.31342,0.13078,0.34116,4.15639,0.30782,1.02993,1.47159,0.02725,0.06408,0.07945,0.00018,0.89663,0.62826,1.38188,0.45468,0.10439,0.23493,1.57155,5.37356,3.46391,0.03705,0.06652,0.22086,3.96078,1.22501,1.69792,0.16431,4.76363,0.83919,1.02993,3.46391,1.22501,1.69792,1.47159,1.34781,1.38188,3.78401,4.76363,0.18953,3.93624
2026-02-18 15:00:00,5.29443,0.14841,1.242,2.20503,1.07608,0.24852,0.78726,0.85695,2.32945,0.13059,0.33942,3.90387,0.29787,1.04306,1.48677,0.02325,0.05229,0.08948,0.00022,0.87855,0.60295,1.39247,0.4502,0.10393,0.23194,1.69539,5.18345,3.48767,0.03684,0.06617,0.22013,3.83968,1.16083,1.71419,0.16017,4.85017,0.7921,1.04306,3.48767,1.16083,1.71419,1.48677,1.39247,1.39247,3.8394,4.85017,0.18859,3.86525
2026-02-18 16:00:00,5.21488,0.16932,1.13986,2.07423,0.98672,0.19521,0.59724,0.7816,2.33485,0.13029,0.33782,3.65136,0.27135,1.05798,1.50194,0.01926,0.04051,0.09475,0.0003,0.86047,0.59015,1.40485,0.44571,0.10346,0.22894,1.83104,4.99334,3.53095,0.03662,0.06582,0.21978,3.71896,1.09771,1.72879,0.15323,4.93316,0.74501,1.05798,3.53095,1.09771,1.72879,1.50194,1.46905,1.40485,3.89217,4.93316,0.18803,3.82976
2026-02-18 17:00:00,5.13534,0.18204,0.97855,1.85739,0.90875,0.15966,0.55378,0.67384,2.32968,0.13027,0.33582,3.39881,0.23175,1.07464,1.51738,0.01526,0.02873,0.08956,0.00051,0.8424,0.57626,1.42254,0.44123,0.103,0.22594,1.9655,4.80323,3.59238,0.03641,0.06547,0.21925,3.59807,1.03742,1.74096,0.1415,5.01246,0.69793,1.07464,3.59238,1.03742,1.74096,1.51738,1.55399,1.42254,3.94302,5.01246,0.18728,3.80847
2026-02-18 18:00:00,5.05579,0.18699,0.94946,1.68595,0.82895,0.14633,0.50904,0.5747,2.31583,0.12999,0.33425,3.14624,0.19836,1.09309,1.5333,0.01126,0.01695,0.08817,0.00067,0.82432,0.55447,1.45147,0.43675,0.10254,0.22295,2.09356,4.61312,3.66928,0.03619,0.06513,0.21822,3.47667,0.97956,1.7505,0.12909,5.08819,0.65084,1.09309,3.66928,0.97956,1.7505,1.5333,1.63397,1.45147,3.99297,5.08819,0.18604,3.79427
2026-02-18 19:00:00,4.96079,0.18648,0.88218,1.55787,0.90681,0.14044,0.46342,0.53821,2.29727,0.12972,0.33271,3.0745,0.17241,1.11305,1.54997,0.01122,0.01534,0.08683,0.00081,0.79391,0.51697,1.49414,0.43228,0.10218,0.22049,2.20193,4.57308,3.75818,0.03598,0.06478,0.217,3.37127,0.92262,1.75709,0.12068,5.16077,0.61322,1.11305,3.75818,0.92262,1.75709,1.54997,1.71243,1.49414,4.04305,5.16077,0.1846,3.78413
2026-02-18 20:00:00,4.86579,0.18348,0.80556,1.46907,0.74979,0.13486,0.42348,0.48489,2.27328,0.12971,0.33078,3.00266,0.15132,1.13357,1.56751,0.01118,0.01373,0.07905,0.00093,0.7635,0.47122,1.54764,0.4278,0.10182,0.21803,2.28163,4.53303,3.85409,0.03578,0.06444,0.21608,3.26618,0.86599,1.76047,0.11482,5.23078,0.57561,1.13357,3.85409,0.86599,1.76047,1.56751,1.78173,1.54764,4.09419,5.23078,0.18347,3.77652
2026-02-18 21:00:00,4.77079,0.17937,0.7302,1.41812,0.70951,0.12555,0.38768,0.4373,2.24072,0.12945,0.32929,2.93083,0.1342,1.15403,1.58596,0.01114,0.01212,0.07054,0.00111,0.73309,0.43252,1.60814,0.42333,0.10147,0.21557,2.3274,4.49299,3.94971,0.03558,0.06413,0.21545,3.16139,0.80947,1.76059,0.10941,5.29891,0.53799,1.15403,3.94971,0.80947,1.76059,1.58596,1.83978,1.60814,4.14734,5.29891,0.18263,3.77061
2026-02-18 22:00:00,4.67578,0.1741,0.66316,1.36019,0.66189,0.10807,0.35325,0.40259,2.19611,0.12946,0.32787,2.85918,0.12017,1.17467,1.60531,0.0111,0.01051,0.06286,0.00151,0.70267,0.40295,1.67231,0.41901,0.10111,0.2131,2.34219,4.45294,4.03773,0.03537,0.06377,0.21516,3.0569,0.75417,1.75744,0.10256,5.36583,0.50037,1.17467,4.03773,0.75417,1.75744,1.60531,1.8876,1.67231,4.20349,5.36583,0.18212,3.76588
2026-02-18 23:00:00,4.58078,0.16671,0.60797,1.28675,0.61261,0.09641,0.33228,0.37496,2.1379,0.12901,0.32643,2.78741,0.10862,1.19572,1.62549,0.01106,0.0089,0.05519,0.00248,0.67226,0.37953,1.73655,0.41493,0.10075,0.21064,2.32821,4.41289,4.10994,0.03516,0.06342,0.21468,2.95225,0.71105,1.75117,0.09358,5.43222,0.46276,1.19572,4.10994,0.71105,1.75117,1.62549,1.92742,1.73655,4.26332,5.43222,0.18143,3.762
2026-02-19 00:00:00,4.48578,0.15631,0.57893,1.22606,0.56392,0.09204,0.30278,0.34951,2.06984,0.12883,0.32541,2.71565,0.09884,1.21735,1.64648,0.01102,0.00729,0.04871,0.00325,0.64185,0.3578,1.79794,0.41104,0.10039,0.20818,2.28651,4.37285,4.16574,0.03495,0.06308,0.21373,2.84712,0.68252,1.74193,0.08024,5.49813,0.42514,1.21735,4.16574,0.68252,1.74193,1.64648,1.96102,1.79794,4.32705,5.49813,0.18026,3.75878
2026-02-19 01:00:00,4.39241,0.14251,0.55348,1.17589,0.51771,0.08969,0.27225,0.33838,1.99757,0.12865,0.32406,2.65122,0.09029,1.23925,1.66832,0.01097,0.00707,0.04264,0.00383,0.60742,0.33278,1.85468,0.40731,0.10009,0.20634,2.22565,4.35629,4.20415,0.03476,0.06277,0.21259,2.78402,0.65847,1.72869,0.06905,5.56009,0.40425,1.23925,4.20415,0.65847,1.72869,1.66832,1.98885,1.85468,4.39423,5.56009,0.17891,3.75605
2026-02-19 02:00:00,4.29904,0.12672,0.52846,1.13175,0.48068,0.08702,0.24557,0.32367,1.92366,0.12847,0.32314,2.58684,0.0826,1.26029,1.69106,0.01093,0.00685,0.03656,0.00421,0.57298,0.30679,1.90603,0.4037,0.09978,0.2045,2.15272,4.33973,4.22443,0.03456,0.06243,0.21174,2.72122,0.6356,1.70969,0.06127,5.62423,0.38336,1.26029,4.22443,0.6356,1.70969,1.69106,2.01084,1.90603,4.46404,5.62423,0.17785,3.75371
2026-02-19 03:00:00,4.20567,0.11141,0.50506,1.09401,0.44833,0.08187,0.22311,0.30832,1.84784,0.12829,0.32187,2.52264,0.07561,1.27971,1.71466,0.01088,0.00663,0.03138,0.0044,0.53855,0.29094,1.95178,0.40017,0.09948,0.20266,2.06931,4.32317,4.22746,0.03437,0.06212,0.21117,2.65869,0.61311,1.68592,0.05585,5.69037,0.36247,1.27971,4.22746,0.61311,1.68592,1.71466,2.02773,1.95178,4.53538,5.69037,0.17706,3.75168
2026-02-19 04:00:00,4.1123,0.09802,0.48373,1.0476,0.41723,0.07109,0.2039,0.294,1.76872,0.12812,0.32079,2.45851,0.06922,1.29722,1.73906,0.01083,0.00641,0.02761,0.0045,0.50411,0.27996,1.9919,0.39678,0.09917,0.20081,1.98057,4.30661,4.21472,0.03417,0.0618,0.21091,2.59646,0.59076,1.65847,0.05169,5.75811,0.34157,1.29722,4.21472,0.59076,1.65847,1.73906,2.04089,1.9919,4.60709,5.75811,0.17658,3.74991
2026-02-19 05:00:00,4.01893,0.08992,0.46405,0.98311,0.3883,0.06391,0.18644,0.28078,1.68257,0.12794,0.31971,2.39443,0.06337,1.31258,1.76407,0.01079,0.00619,0.02528,0.00459,0.46968,0.26983,2.02644,0.39355,0.09887,0.19897,1.89327,4.29005,4.18785,0.03398,0.06151,0.21047,2.53407,0.57451,1.62783,0.04741,5.82683,0.32068,1.31258,4.18785,0.57451,1.62783,1.76407,2.05153,2.02644,4.67812,5.82683,0.17593,3.74834
2026-02-19 06:00:00,3.92556,0.08254,0.44554,0.93164,0.36154,0.06121,0.16833,0.26814,1.58876,0.12777,0.31866,2.33039,0.05799,1.32558,1.78953,0.01074,0.00597,0.02402,0.00465,0.43524,0.25935,2.05568,0.39044,0.09856,0.19713,1.79943,4.27349,4.149,0.03378,0.06116,0.2096,2.47123,0.56635,1.59436,0.04298,5.89584,0.29979,1.32558,4.149,0.56635,1.59436,1.78953,2.06059,2.05568,4.74751,5.89584,0.17484,3.74695
2026-02-19 07:00:00,3.83594,0.07491,0.42771,0.89175,0.33637,0.0599,0.15069,0.25556,1.49231,0.12759,0.31765,2.30693,0.05304,1.3361,1.81521,0.01111,0.00616,0.02276,0.00471,0.40943,0.24665,2.08015,0.38743,0.09828,0.19576,1.70085,4.23913,4.09983,0.03359,0.06085,0.20855,2.43482,0.56091,1.55785,0.03961,5.96425,0.29126,1.3361,4.09983,0.56091,1.55785,1.81521,2.06876,2.08015,4.8143,5.96425,0.17358,3.7457
2026-02-19 08:00:00,3.74632,0.06729,0.41021,0.86057,0.31211,0.05851,0.13635,0.24313,1.40033,0.12717,0.31649,2.28352,0.04851,1.34399,1.8409,0.01148,0.00636,0.02151,0.00474,0.38362,0.23261,2.10056,0.3845,0.09801,0.19439,1.5987,4.20476,4.04036,0.0334,0.06054,0.20777,2.39869,0.55636,1.51816,0.0374,6.03114,0.28274,1.34399,4.04036,0.55636,1.51816,1.8409,2.07654,2.10056,4.87772,6.03114,0.17258,3.74458
2026-02-19 09:00:00,3.65671,0.06034,0.3931,0.84011,0.28915,0.05599,0.12515,0.23167,1.31766,0.12671,0.31534,2.26015,0.0444,1.34914,1.86639,0.01185,0.00655,0.02025,0.00479,0.35781,0.22005,2.11765,0.38163,0.09773,0.19302,1.49159,4.1704,3.97001,0.03321,0.06021,0.20724,2.36281,0.55211,1.47609,0.03593,6.09561,0.27421,1.34914,3.97001,0.55211,1.47609,1.86639,2.08428,2.11765,4.93702,6.09561,0.17184,3.74357
2026-02-19 10:00:00,3.56709,0.05432,0.37669,0.8134,0.26878,0.05093,0.11636,0.22226,1.24448,0.12608,0.31409,2.23681,0.04079,1.35148,1.89147,0.01221,0.00674,0.01899,0.00491,0.332,0.2099,2.13216,0.37889,0.09745,0.19164,1.38222,4.13603,3.89242,0.03302,0.0599,0.20699,2.32719,0.54795,1.43275,0.03484,6.15677,0.26568,1.35148,3.89242,0.54795,1.43275,1.89147,2.09209,2.13216,4.9917,6.15677,0.17138,3.74265
2026-02-19 11:00:00,3.47747,0.04916,0.36111,0.77447,0.25192,0.04755,0.10934,0.21534,1.17748,0.12552,0.3129,2.21343,0.03762,1.35092,1.91594,0.01258,0.00694,0.01818,0.00521,0.30619,0.2026,2.14472,0.37635,0.09718,0.19027,1.27486,4.10166,3.80832,0.03283,0.05959,0.20659,2.29145,0.54497,1.38893,0.03374,6.21379,0.25716,1.35092,3.80832,0.54497,1.38893,1.91594,2.09995,2.14472,5.04127,6.21379,0.17077,3.7418
2026-02-19 12:00:00,3.38785,0.04462,0.34631,0.74321,0.23938,0.04629,0.10306,0.21075,1.11359,0.12501,0.31175,2.18999,0.03464,1.34732,1.93967,0.01295,0.00713,0.01793,0.00545,0.28038,0.19909,2.15588,0.37396,0.0969,0.1889,1.16916,4.0673,3.71907,0.03264,0.05927,0.20577,2.25526,0.54352,1.34492,0.03262,6.26593,0.24863,1.34732,3.71907,0.54352,1.34492,1.93967,2.10781,2.15588,5.08533,6.26593,0.16973,3.6348
2026-02-19 13:00:00,3.33157,0.04044,0.33236,0.72208,0.23164,0.04678,0.09846,0.20829,1.05215,0.12445,0.31052,2.21852,0.03183,1.34063,1.96251,0.01444,0.00831,0.01767,0.00563,0.28364,0.20119,2.16604,0.37169,0.09664,0.18787,1.06705,4.01518,3.62622,0.03246,0.059,0.20477,2.24035,0.54258,1.30114,0.03177,6.31252,0.25699,1.34063,3.62622,0.54258,1.30114,1.96251,2.11576,2.16604,5.12363,6.31252,0.16852,3.2881
2026-02-19 14:00:00,3.27529,0.03658,0.31938,0.71603,0.22833,0.04833,0.09524,0.20779,0.99321,0.12384,0.30917,2.24703,0.02938,1.33104,1.98437,0.01593,0.00948,0.01741,0.00575,0.2869,0.20753,2.17552,0.36951,0.09638,0.18683,0.97914,3.96305,3.53103,0.03227,0.0587,0.20403,2.22569,0.5418,1.25792,0.03173,6.353,0.26534,1.33104,3.53103,0.5418,1.25792,1.98437,2.12408,2.17552,5.15603,6.353,0.16757,3.11923
2026-02-19 15:00:00,3.21901,0.03322,0.30745,0.72688,0.22874,0.05266,0.09303,0.20916,0.93606,0.12329,0.30781,2.27558,0.02787,1.31908,2.00519,0.01743,0.01066,0.01716,0.00581,0.29016,0.21494,2.1845,0.36741,0.09612,0.1858,0.91194,3.91093,3.43585,0.0321,0.0584,0.20354,2.21129,0.54109,1.21543,0.03311,6.3869,0.2737,1.31908,3.43585,0.54109,1.21543,2.00519,2.13306,2.1845,5.1825,6.3869,0.16686,3.06294
2026-02-19 16:00:00,3.16273,0.03039,0.2965,0.75089,0.2321,0.06353,0.09315,0.21264,0.87969,0.12264,0.30652,2.30411,0.02874,1.30524,2.02493,0.01892,0.01184,0.0169,0.00584,0.29341,0.22283,2.1932,0.36541,0.09586,0.18476,0.85139,3.85881,3.34435,0.03192,0.05811,0.20333,2.19716,0.54039,1.17408,0.03709,6.4139,0.28206,1.30524,3.34435,0.54039,1.17408,2.02493,2.14274,2.1932,5.20309,6.4139,0.16643,3.03479
2026-02-19 17:00:00,3.10645,0.02812,0.28656,0.79827,0.23819,0.07076,0.09805,0.21898,0.82372,0.12225,0.30487,2.33256,0.03606,1.28971,2.04367,0.02041,0.01301,0.01695,0.00587,0.29667,0.23283,2.2018,0.36353,0.0956,0.18373,0.79661,3.80668,3.26316,0.03173,0.05783,0.20295,2.18286,0.55267,1.13414,0.04713,6.43382,0.29041,1.28971,3.26316,0.55267,1.13414,2.04367,2.15301,2.2018,5.218,6.43382,0.16584,3.0179
2026-02-19 18:00:00,3.05017,0.02642,0.27789,0.83486,0.24762,0.07349,0.11773,0.22963,0.7696,0.1216,0.30358,2.36094,0.0517,1.27271,2.06145,0.0219,0.01419,0.01754,0.00588,0.29993,0.24896,2.21052,0.36175,0.09534,0.18269,0.74685,3.75456,3.19006,0.03155,0.05755,0.20218,2.16817,0.58227,1.09481,0.06102,6.44657,0.29877,1.27271,3.19006,0.58227,1.09481,2.06145,2.16364,2.21052,5.22757,6.44657,0.16485,3.00665
2026-02-19 19:00:00,3.03856,0.02529,0.2715,0.86166,0.26122,0.07468,0.14607,0.2455,0.71979,0.12096,0.30228,2.43151,0.06933,1.25442,2.07838,0.02587,0.02454,0.01813,0.006,0.30844,0.2779,2.2195,0.36005,0.09509,0.18189,0.70147,3.72529,3.12097,0.03137,0.05724,0.20125,2.18228,0.61764,1.05736,0.07259,6.45224,0.30534,1.25442,3.12097,0.61764,1.05736,2.07838,2.17436,2.2195,5.23243,6.45224,0.1637,2.99861
2026-02-19 20:00:00,3.02694,0.02462,0.26931,0.88072,0.27932,0.07581,0.17073,0.26516,0.67571,0.12057,0.30062,2.50197,0.08317,1.23508,2.09453,0.02984,0.03489,0.01871,0.00621,0.31695,0.32587,2.22884,0.3584,0.09485,0.18109,0.65993,3.69603,3.05599,0.03121,0.05694,0.20055,2.19665,0.65605,1.02214,0.08084,6.45102,0.31191,1.23508,3.05599,0.65605,1.02214,2.09453,2.18494,2.22884,5.23343,6.45102,0.16279,2.99257
2026-02-19 21:00:00,3.01533,0.02424,0.27172,0.89319,0.3005,0.07768,0.19091,0.28439,0.63743,0.11994,0.29933,2.57239,0.09279,1.21509,2.11002,0.03381,0.04524,0.0193,0.00691,0.32546,0.37976,2.23849,0.3568,0.0946,0.18029,0.62198,3.66676,2.9951,0.03103,0.05666,0.20009,2.21124,0.69682,0.98899,0.08697,6.4433,0.31848,1.21509,2.9951,0.69682,0.98899,2.11002,2.19528,2.23849,5.23132,6.4433,0.16212,2.98788
2026-02-19 22:00:00,3.00371,0.02407,0.27691,0.91052,0.32205,0.08118,0.20729,0.29996,0.60399,0.11957,0.29809,2.64295,0.09557,1.19496,2.12495,0.03777,0.05558,0.0199,0.00891,0.33397,0.41801,2.2484,0.35526,0.09436,0.17948,0.58731,3.63749,2.93823,0.03085,0.05639,0.19988,2.22608,0.73354,0.9578,0.09244,6.42958,0.32505,1.19496,2.93823,0.73354,0.9578,2.12495,2.2054,2.2484,5.22657,6.42958,0.1617,2.98413
2026-02-19 23:00:00,2.99209,0.02419,0.28364,0.93691,0.34221,0.0835,0.22137,0.31188,0.5742,0.11918,0.29682,2.7134,0.09299,1.17486,2.1395,0.04174,0.06593,0.02227,0.01391,0.34248,0.44347,2.25844,0.3538,0.09412,0.17868,0.55549,3.60823,2.88526,0.03068,0.05609,0.19953,2.2408,0.75012,0.92846,0.09967,6.41046,0.33162,1.17486,2.88526,0.75012,0.92846,2.1395,2.21539,2.25844,5.21947,6.41046,0.16114,2.98106
2026-02-20 00:00:00,2.98048,0.02479,0.29284,0.95832,0.36033,0.08439,0.23397,0.32117,0.54824,0.11904,0.29591,2.78382,0.0905,1.15482,2.1538,0.04571,0.07628,0.02569,0.01791,0.35099,0.45777,2.26852,0.3524,0.09387,0.17788,0.52614,3.57896,2.83604,0.0305,0.05581,0.19878,2.25511,0.74627,0.90084,0.1107,6.38652,0.33819,1.15482,2.83604,0.74627,0.90084,2.1538,2.22542,2.26852,5.21035,6.38652,0.16019,2.9785
2026-02-20 01:00:00,2.98823,0.02607,0.31078,0.97189,0.37606,0.08409,0.24428,0.32855,0.52939,0.11889,0.29468,2.77796,0.0888,1.13487,2.16801,0.04123,0.0665,0.02912,0.02084,0.34047,0.46011,2.27857,0.35105,0.09363,0.17725,0.49887,3.56794,2.79036,0.03034,0.05552,0.19789,2.26675,0.73563,0.8751,0.11794,6.35832,0.33837,1.13487,2.79036,0.73563,0.8751,2.16801,2.23583,2.27857,5.19949,6.35832,0.15908,2.97634
2026-02-20 02:00:00,2.99598,0.02787,0.34356,0.97195,0.38956,0.08308,0.2519,0.33412,0.52157,0.11876,0.29382,2.77213,0.08755,1.11504,2.18221,0.03675,0.05673,0.06236,0.02269,0.32994,0.45458,2.28857,0.34973,0.0934,0.17661,0.47333,3.55692,2.74799,0.03017,0.05525,0.19723,2.27862,0.72271,0.8514,0.12047,6.32644,0.33855,1.11504,2.74799,0.72271,0.8514,2.18221,2.2471,2.28857,5.18722,6.32644,0.15821,2.97448
2026-02-20 03:00:00,3.00374,0.02979,0.38449,0.9575,0.40108,0.08027,0.25698,0.33779,0.52445,0.11862,0.29266,2.76645,0.08652,1.09544,2.19648,0.03228,0.04696,0.08778,0.02319,0.31942,0.44749,2.29858,0.34845,0.09316,0.17598,0.44835,3.5459,2.70866,0.03,0.05496,0.19678,2.29071,0.70903,0.82993,0.12046,6.29142,0.33873,1.09544,2.70866,0.70903,0.82993,2.19648,2.25971,2.29858,5.17393,6.29142,0.15755,2.97287
2026-02-20 04:00:00,3.01149,0.0316,0.4235,0.92808,0.41052,0.07318,0.25952,0.33941,0.53422,0.11848,0.29175,2.76081,0.08439,1.07632,2.21087,0.0278,0.03718,0.1061,0.02225,0.3089,0.44027,2.30874,0.3472,0.09292,0.17534,0.42324,3.53487,2.672,0.02983,0.05468,0.1966,2.30307,0.69509,0.81149,0.1172,6.25377,0.33891,1.07632,2.672,0.69509,0.81149,2.21087,2.27388,2.30874,5.15984,6.25377,0.15716,2.97147
2026-02-20 05:00:00,3.01924,0.03328,0.45569,0.87199,0.41776,0.06845,0.25882,0.33885,0.54805,0.11834,0.29092,2.75519,0.08139,1.05779,2.22543,0.02332,0.02741,0.10583,0.01915,0.29837,0.43169,2.31927,0.346,0.09269,0.17471,0.39855,3.52385,2.63754,0.02967,0.05439,0.19628,2.31527,0.68065,0.79655,0.10808,6.21402,0.33909,1.05779,2.63754,0.68065,0.79655,2.22543,2.28987,2.31927,5.14509,6.21402,0.15662,2.97022
2026-02-20 06:00:00,3.02699,0.03489,0.47695,0.82845,0.42262,0.06668,0.25518,0.33588,0.56477,0.11821,0.29018,2.74961,0.07905,1.03985,2.24022,0.01884,0.01763,0.10101,0.01657,0.28785,0.41828,2.33044,0.34483,0.09245,0.17407,0.37505,3.51283,2.60489,0.0295,0.05415,0.19558,2.32711,0.66555,0.78512,0.09883,6.17262,0.33927,1.03985,2.60489,0.66555,0.78512,2.24022,2.31239,2.33044,5.12975,6.17262,0.15571,2.96912
2026-02-20 07:00:00,3.01798,0.03651,0.48634,0.7952,0.42494,0.06525,0.25058,0.33061,0.58394,0.11807,0.28949,2.65254,0.07728,1.02248,2.25526,0.01854,0.01624,0.09102,0.01471,0.27787,0.39462,2.34254,0.3437,0.09222,0.17355,0.35317,3.4918,2.57386,0.02934,0.05386,0.19474,2.31402,0.65001,0.77783,0.09233,6.12998,0.33127,1.02248,2.57386,0.65001,0.77783,2.25526,2.34669,2.34254,5.11391,6.12998,0.15466,2.96813
2026-02-20 08:00:00,3.00898,0.03813,0.48644,0.76768,0.42481,0.06321,0.24605,0.32339,0.60489,0.11769,0.28869,2.5556,0.07545,1.00564,2.27057,0.01824,0.01485,0.08262,0.01337,0.2679,0.36542,2.35623,0.3426,0.09199,0.17304,0.33271,3.47077,2.54577,0.02917,0.05359,0.19413,2.30113,0.63428,0.77499,0.08681,6.08648,0.32326,1.00564,2.54577,0.63428,0.77499,2.27057,2.38827,2.35623,5.09758,6.08648,0.15383,2.96724
2026-02-20 09:00:00,2.99998,0.03959,0.48091,0.74404,0.42233,0.05872,0.24095,0.31484,0.6255,0.11728,0.28787,2.45875,0.07285,0.98955,2.28612,0.01794,0.01347,0.07492,0.01268,0.25792,0.34049,2.37321,0.3415,0.09177,0.17252,0.31346,3.44974,2.52113,0.02901,0.05332,0.19372,2.28847,0.61847,0.77538,0.08224,6.04246,0.31525,0.98955,2.52113,0.61847,0.77538,2.28612,2.42967,2.37321,5.08084,6.04246,0.15321,2.96644
2026-02-20 10:00:00,2.99097,0.04083,0.47242,0.70939,0.41756,0.04859,0.23404,0.30505,0.64366,0.11674,0.28695,2.36198,0.06591,0.97496,2.30195,0.01764,0.01208,0.06764,0.0124,0.24794,0.32102,2.39515,0.34044,0.09154,0.172,0.29426,3.42871,2.49729,0.02886,0.05305,0.19355,2.27605,0.60263,0.77736,0.07774,5.99821,0.30725,0.97496,2.49729,0.60263,0.77736,2.30195,2.46793,2.39515,5.06387,5.99821,0.15283,2.96571
2026-02-20 11:00:00,2.98197,0.04176,0.46217,0.65432,0.41023,0.04183,0.22303,0.29307,0.65834,0.11623,0.28611,2.2652,0.05562,0.96239,2.31809,0.01734,0.01069,0.06052,0.01224,0.23797,0.30449,2.42219,0.3394,0.09131,0.17149,0.27592,3.40768,2.4742,0.02869,0.0528,0.19325,2.26348,0.58399,0.77984,0.07126,5.95408,0.29924,0.96239,2.4742,0.58399,0.77984,2.31809,2.50234,2.42219,5.04693,5.95408,0.15232,2.96504
2026-02-20 12:00:00,2.97296,0.04223,0.45002,0.61033,0.39922,0.03931,0.20627,0.27764,0.66899,0.11577,0.28527,2.16836,0.04698,0.95174,2.33467,0.01704,0.0093,0.05392,0.01218,0.22799,0.2915,2.45291,0.3384,0.09108,0.17097,0.27703,3.38665,2.45184,0.02853,0.05254,0.1926,2.25057,0.56161,0.78242,0.06349,5.91053,0.29124,0.95174,2.45184,0.56161,0.78242,2.33467,2.52893,2.45291,5.03029,5.91053,0.15145,2.92214
2026-02-20 13:00:00,2.94724,0.04214,0.43468,0.57642,0.38327,0.03814,0.18736,0.25811,0.67651,0.11528,0.28435,2.1204,0.04031,0.94299,2.35177,0.01693,0.0091,0.04785,0.01208,0.21907,0.27525,2.48547,0.33744,0.09086,0.17054,0.30834,3.36507,2.43173,0.02837,0.05227,0.19179,2.21928,0.53799,0.78467,0.05726,5.868,0.28242,0.94299,2.43173,0.53799,0.78467,2.35177,2.55154,2.48547,5.01412,5.868,0.15044,2.77806
2026-02-20 14:00:00,2.92151,0.0416,0.41562,0.55057,0.36196,0.03698,0.17073,0.23535,0.68213,0.11474,0.28334,2.07243,0.03499,0.93618,2.36948,0.01683,0.00889,0.04179,0.01209,0.21015,0.25512,2.51794,0.33648,0.09064,0.1701,0.35066,3.34348,2.41766,0.02822,0.05199,0.19122,2.18824,0.51394,0.78632,0.05296,5.82678,0.2736,0.93618,2.41766,0.51394,0.78632,2.36948,2.5742,2.51794,4.99862,5.82678,0.14965,2.64697
2026-02-20 15:00:00,2.89579,0.04087,0.39422,0.532,0.33695,0.03497,0.15683,0.21168,0.6857,0.11425,0.28227,2.02448,0.03075,0.93107,2.38785,0.01672,0.00869,0.0369,0.0121,0.20123,0.23618,2.54873,0.33551,0.09042,0.16967,0.39988,3.3219,2.41207,0.02807,0.05176,0.19083,2.15736,0.48976,0.78735,0.04984,5.78713,0.26479,0.93107,2.41207,0.48976,0.78735,2.38785,2.59542,2.54873,4.98393,5.78713,0.14905,2.60327
2026-02-20 16:00:00,2.87007,0.04008,0.37249,0.50953,0.31147,0.03105,0.14504,0.19034,0.68653,0.11367,0.28128,1.9765,0.02729,0.92716,2.40691,0.01661,0.00848,0.03463,0.01204,0.1923,0.21984,2.57733,0.33456,0.0902,0.16924,0.44883,3.30032,2.41501,0.02791,0.05149,0.19068,2.12672,0.46553,0.78777,0.0471,5.74925,0.25597,0.92716,2.41501,0.46553,0.78777,2.40691,2.61448,2.57733,4.97035,5.74925,0.14869,2.58142
2026-02-20 17:00:00,2.84434,0.03918,0.35175,0.47898,0.2876,0.02843,0.13455,0.17305,0.68377,0.11332,0.27992,1.92845,0.02445,0.92408,2.42659,0.01651,0.00828,0.03325,0.01186,0.18338,0.20564,2.60405,0.33364,0.08998,0.1688,0.49348,3.27873,2.42564,0.02776,0.05122,0.19038,2.09597,0.44625,0.78756,0.04355,5.71329,0.24715,0.92408,2.42564,0.44625,0.78756,2.42659,2.63112,2.60405,4.95829,5.71329,0.14819,2.56831
2026-02-20 18:00:00,2.81862,0.038,0.33252,0.45423,0.26614,0.02746,0.12347,0.15909,0.67664,0.11276,0.27889,1.88033,0.02202,0.92173,2.44682,0.0164,0.00807,0.03188,0.01171,0.17446,0.19238,2.62902,0.33273,0.08976,0.16837,0.53038,3.25715,2.44228,0.0276,0.05098,0.18976,2.06485,0.43361,0.78673,0.03946,5.67944,0.23833,0.92173,2.44228,0.43361,0.78673,2.44682,2.64546,2.62902,4.94812,5.67944,0.14735,2.55957
2026-02-20 19:00:00,2.80025,0.03636,0.31528,0.43461,0.2475,0.02692,0.11231,0.14729,0.66501,0.11218,0.27785,1.89822,0.01987,0.92001,2.46745,0.01629,0.00806,0.03051,0.0116,0.16682,0.17832,2.65217,0.33184,0.08955,0.168,0.55434,3.23473,2.46289,0.02745,0.05072,0.18899,2.05623,0.42318,0.78474,0.03622,5.64785,0.23125,0.92001,2.46289,0.42318,0.78474,2.46745,2.65785,2.65217,4.94012,5.64785,0.14636,2.55332
2026-02-20 20:00:00,2.78187,0.03435,0.30011,0.41872,0.23144,0.02631,0.10318,0.137,0.6499,0.11184,0.27648,1.91599,0.01793,0.91877,2.48837,0.01619,0.00805,0.02913,0.01152,0.15918,0.164,2.67335,0.33095,0.08933,0.16763,0.56672,3.2123,2.48512,0.02731,0.05046,0.18842,2.04784,0.41348,0.7811,0.034,5.61869,0.22418,0.91877,2.48512,0.41348,0.7811,2.48837,2.66878,2.67335,4.93451,5.61869,0.14559,2.54864
2026-02-20 21:00:00,2.7635,0.03233,0.28679,0.40703,0.2175,0.02513,0.09747,0.12807,0.63208,0.11128,0.27543,1.93372,0.01615,0.91781,2.50944,0.01608,0.00804,0.02776,0.01146,0.15154,0.15146,2.69251,0.33008,0.08912,0.16726,0.5687,3.18988,2.50665,0.02716,0.05023,0.18806,2.03964,0.40403,0.77593,0.03241,5.5921,0.2171,0.91781,2.50665,0.40403,0.77593,2.50944,2.67868,2.69251,4.93132,5.5921,0.14501,2.545
2026-02-20 22:00:00,2.74512,0.03048,0.27534,0.39259,0.20551,0.02263,0.09312,0.1206,0.61169,0.11095,0.27441,1.95158,0.01452,0.91675,2.53051,0.01597,0.00802,0.02645,0.01138,0.14389,0.14103,2.70968,0.32921,0.0889,0.16689,0.56392,3.16746,2.52578,0.02701,0.04997,0.18793,2.03166,0.39466,0.76919,0.03103,5.57169,0.21002,0.91675,2.52578,0.39466,0.76919,2.53051,2.68798,2.70968,4.93053,5.57169,0.14467,2.54209
2026-02-20 23:00:00,2.72675,0.0288,0.26564,0.37251,0.19531,0.02096,0.08895,0.11445,0.58882,0.11062,0.27339,1.96931,0.013,0.91542,2.55143,0.01587,0.00801,0.02602,0.01121,0.13625,0.13223,2.72503,0.32836,0.08869,0.16652,0.55646,3.14503,2.54146,0.02686,0.04974,0.18766,2.02356,0.38665,0.76091,0.02929,5.55401,0.20295,0.91542,2.54146,0.38665,0.76091,2.55143,2.69699,2.72503,4.93201,5.55401,0.14419,2.5397
2026-02-21 00:00:00,2.70837,0.02723,0.25737,0.35639,0.18662,0.02034,0.08439,0.10913,0.56326,0.1105,0.27266,1.98703,0.0116,0.91382,2.572,0.01576,0.008,0.02572,0.01108,0.12861,0.1242,2.7388,0.32753,0.08847,0.16615,0.54763,3.12261,2.55349,0.02671,0.04949,0.18708,2.01513,0.3804,0.75114,0.0273,5.53904,0.19587,0.91382,2.55349,0.3804,0.75114,2.572,2.70583,2.7388,4.93553,5.53904,0.14339,2.53772
2026-02-21 01:00:00,2.68735,0.02567,0.25021,0.34355,0.17913,0.02,0.0796,0.10412,0.53313,0.1104,0.27165,1.98317,0.01031,0.91192,2.59209,0.01566,0.00799,0.02542,0.01097,0.1234,0.11584,2.75127,0.3267,0.08826,0.16582,0.5379,3.11428,2.56332,0.02658,0.04925,0.18636,2.01607,0.37475,0.73983,0.02571,5.5267,0.19083,0.91192,2.56332,0.37475,0.73983,2.59209,2.71445,2.75127,4.94074,5.5267,0.14246,2.53603
2026-02-21 02:00:00,2.66632,0.02414,0.24386,0.33266,0.17255,0.01961,0.07535,0.09927,0.49736,0.11028,0.27097,1.97935,0.00912,0.90974,2.61152,0.01556,0.00797,0.02512,0.0109,0.1182,0.10739,2.76271,0.32588,0.08806,0.16549,0.52761,3.10595,2.56955,0.02643,0.049,0.18585,2.01719,0.36929,0.72692,0.02463,5.5168,0.18579,0.90974,2.56955,0.36929,0.72692,2.61152,2.72281,2.76271,4.94732,5.5168,0.14173,2.53459
2026-02-21 03:00:00,2.6453,0.02276,0.23812,0.32403,0.16674,0.01885,0.07171,0.09543,0.45902,0.11018,0.27,1.97565,0.00803,0.90724,2.63021,0.01546,0.00796,0.02483,0.01085,0.113,0.1,2.77338,0.32507,0.08785,0.16517,0.51683,3.09762,2.57269,0.02629,0.04877,0.18551,2.01852,0.36389,0.71274,0.02386,5.50911,0.18075,0.90724,2.57269,0.36389,0.71274,2.63021,2.73093,2.77338,4.95494,5.50911,0.14119,2.53335
2026-02-21 04:00:00,2.62428,0.02157,0.23292,0.31241,0.16168,0.01724,0.06858,0.0917,0.42233,0.11007,0.26925,1.97197,0.00702,0.90436,2.64802,0.01535,0.00794,0.02452,0.01078,0.10779,0.09387,2.7834,0.32427,0.08764,0.16484,0.50563,3.08929,2.57318,0.02615,0.04853,0.18539,2.02003,0.35852,0.69779,0.02319,5.50335,0.17571,0.90436,2.57318,0.35852,0.69779,2.64802,2.73887,2.7834,4.96332,5.50335,0.14085,2.53225
2026-02-21 05:00:00,2.60325,0.02054,0.22823,0.295,0.15735,0.01617,0.06579,0.08834,0.38948,0.10997,0.26858,1.96833,0.00608,0.90107,2.66488,0.01525,0.00793,0.02432,0.01061,0.10258,0.08869,2.79293,0.32348,0.08744,0.16451,0.49404,3.08096,2.57148,0.02601,0.0483,0.18515,2.02144,0.35382,0.68248,0.02234,5.49919,0.17067,0.90107,2.57148,0.35382,0.68248,2.66488,2.74671,2.79293,4.97223,5.49919,0.1404,2.53129
2026-02-21 06:00:00,2.58223,0.01964,0.22395,0.2811,0.15371,0.01578,0.06301,0.08528,0.3607,0.10986,0.26799,1.96471,0.00523,0.89733,2.68068,0.01515,0.00791,0.02421,0.01048,0.09738,0.08397,2.802,0.3227,0.08723,0.16418,0.48207,3.07263,2.5679,0.02587,0.04805,0.18459,2.02253,0.35001,0.66694,0.02137,5.49631,0.16563,0.89733,2.5679,0.35001,0.66694,2.68068,2.75452,2.802,4.98146,5.49631,0.13963,2.53043
2026-02-21 07:00:00,2.5608,0.01879,0.21997,0.2703,0.15066,0.01556,0.06026,0.08233,0.33562,0.10975,0.26745,1.92284,0.00443,0.89311,2.69537,0.01505,0.0079,0.02409,0.01038,0.09474,0.07905,2.81073,0.32193,0.08703,0.16388,0.46976,3.03696,2.56276,0.02573,0.04781,0.18391,2.01204,0.34648,0.65133,0.02059,5.49439,0.162,0.89311,2.56276,0.34648,0.65133,2.69537,2.76229,2.81073,4.99081,5.49439,0.13873,2.52967
2026-02-21 08:00:00,2.53937,0.01799,0.21614,0.26173,0.14801,0.01531,0.05788,0.07943,0.31417,0.10943,0.26679,1.88108,0.0037,0.88839,2.70887,0.01496,0.00789,0.02398,0.01031,0.09209,0.07408,2.81917,0.32117,0.08683,0.16359,0.45714,3.00129,2.55627,0.02559,0.04759,0.18341,2.00176,0.34306,0.63575,0.02006,5.49312,0.15838,0.88839,2.55627,0.34306,0.63575,2.70887,2.76998,2.81917,5.00013,5.49312,0.13802,2.52898
2026-02-21 09:00:00,2.51793,0.01729,0.2124,0.25546,0.14566,0.01482,0.05587,0.0766,0.29602,0.10907,0.26612,1.83941,0.00302,0.88319,2.72113,0.01486,0.00788,0.02386,0.01026,0.08945,0.06973,2.8274,0.32041,0.08663,0.16329,0.44424,2.96563,2.54917,0.02545,0.04735,0.18308,1.99164,0.33968,0.62026,0.01968,5.49223,0.15475,0.88319,2.54917,0.33968,0.62026,2.72113,2.77747,2.8274,5.00934,5.49223,0.13749,2.52835
2026-02-21 10:00:00,2.4965,0.0167,0.2088,0.24733,0.1436,0.01378,0.05417,0.07402,0.28034,0.10858,0.26538,1.7978,0.00239,0.87765,2.73212,0.01476,0.00786,0.02374,0.01018,0.08681,0.06612,2.83545,0.31966,0.08642,0.16299,0.4311,2.92996,2.5415,0.02532,0.04712,0.18298,1.98173,0.33629,0.60497,0.01935,5.49148,0.15112,0.87765,2.5415,0.33629,0.60497,2.73212,2.78473,2.83545,5.01831,5.49148,0.13717,2.52778
2026-02-21 11:00:00,2.47507,0.01619,0.20537,0.23555,0.1418,0.01309,0.05268,0.07175,0.26632,0.10814,0.26469,1.75618,0.00181,0.87183,2.74182,0.01467,0.00785,0.02363,0.01002,0.08416,0.06307,2.84337,0.31891,0.08622,0.1627,0.41774,2.89429,2.53292,0.02518,0.04689,0.18275,1.97172,0.3333,0.58995,0.01891,5.49068,0.1475,0.87183,2.53292,0.3333,0.58995,2.74182,2.79171,2.84337,5.02699,5.49068,0.13673,2.52727
2026-02-21 12:00:00,2.45364,0.01574,0.20213,0.22609,0.1402,0.01284,0.05121,0.0697,0.2534,0.10774,0.26402,1.71451,0.00128,0.86578,2.75022,0.01457,0.00784,0.02352,0.00989,0.08152,0.06029,2.85111,0.31819,0.08602,0.1624,0.40389,2.85862,2.52356,0.02504,0.04664,0.18222,1.96138,0.3308,0.57521,0.01841,5.48967,0.14387,0.86578,2.52356,0.3308,0.57521,2.75022,2.79843,2.85111,5.03536,5.48967,0.13598,2.38176
2026-02-21 13:00:00,2.43206,0.01533,0.19905,0.21862,0.13874,0.0127,0.04977,0.06773,0.24145,0.10729,0.26326,1.69833,0.0008,0.85953,2.75737,0.01448,0.00783,0.0234,0.00979,0.08016,0.0574,2.85868,0.31747,0.08583,0.16213,0.38901,2.76064,2.51348,0.02491,0.04643,0.18155,1.94239,0.32847,0.56093,0.01801,5.48832,0.1414,0.85953,2.51348,0.32847,0.56093,2.75737,2.80492,2.85868,5.04339,5.48832,0.13511,2.18918
2026-02-21 14:00:00,2.41048,0.01494,0.19606,0.21251,0.13737,0.01254,0.04853,0.06574,0.23082,0.10682,0.26242,1.68215,0.00035,0.8531,2.76326,0.01438,0.00781,0.02329,0.00972,0.0788,0.05447,2.86604,0.31675,0.08563,0.16186,0.37213,2.66266,2.50269,0.02477,0.04622,0.18109,1.92356,0.32619,0.54723,0.01774,5.48656,0.13894,0.8531,2.50269,0.32619,0.54723,2.76326,2.81113,2.86604,5.05104,5.48656,0.13443,2.12948
2026-02-21 15:00:00,2.3889,0.01459,0.19314,0.2078,0.13606,0.01222,0.04749,0.06376,0.22158,0.10638,0.26153,1.66599,0,0.84655,2.76796,0.01429,0.0078,0.02317,0.00966,0.07744,0.0519,2.87319,0.31603,0.08544,0.16159,0.35271,2.56468,2.49104,0.02465,0.04598,0.1808,1.90493,0.32394,0.53407,0.01754,5.48432,0.13647,0.84655,2.49104,0.32394,0.53407,2.76796,2.81704,2.87319,5.05826,5.48432,0.13392,2.06979
2026-02-21 16:00:00,2.36732,0.0143,0.19034,0.20174,0.13484,0.01155,0.04661,0.06194,0.21331,0.10586,0.26069,1.6498,0,0.83995,2.77153,0.0142,0.00779,0.02306,0.00956,0.07607,0.04977,2.8801,0.31531,0.08524,0.16132,0.33139,2.46669,2.47829,0.02452,0.04576,0.1807,1.88649,0.32169,0.52146,0.01736,5.48156,0.134,0.83995,2.47829,0.32169,0.52146,2.77153,2.82252,2.8801,5.06505,5.48156,0.13361,2.01009
2026-02-21 17:00:00,2.34574,0.01405,0.18778,0.19297,0.13373,0.01109,0.04584,0.06034,0.2056,0.10556,0.25953,1.63355,0,0.83341,2.77402,0.0141,0.00777,0.02294,0.00935,0.07471,0.04797,2.88679,0.31462,0.08505,0.16105,0.30939,2.36871,2.46426,0.02438,0.04556,0.18049,1.86793,0.31967,0.50937,0.01712,5.47824,0.13154,0.83341,2.46426,0.31967,0.50937,2.77402,2.82751,2.88679,5.07136,5.47824,0.13319,1.9504
2026-02-21 18:00:00,2.32416,0.01383,0.18549,0.18595,0.1327,0.01093,0.04507,0.05888,0.19818,0.10504,0.25864,1.61722,0,0.82692,2.77552,0.01401,0.00776,0.02284,0.00918,0.07335,0.04632,2.89319,0.31392,0.08485,0.16078,0.2858,2.27073,2.44894,0.02426,0.04532,0.17977,1.84908,0.31798,0.49778,0.01685,5.47437,0.12907,0.82692,2.44894,0.31798,0.49778,2.77552,2.83195,2.89319,5.07718,5.47437,0.13247,1.8907
2026-02-21 19:00:00,2.3093,0.01361,0.18344,0.18044,0.13172,0.01084,0.04431,0.05746,0.19106,0.10453,0.25776,1.62477,0,0.82048,2.77609,0.01392,0.00775,0.02273,0.00905,0.07257,0.04459,2.8993,0.31323,0.08468,0.16053,0.26323,2.33022,2.43238,0.02414,0.04512,0.17893,1.83863,0.3164,0.48674,0.01663,5.46994,0.12735,0.82048,2.43238,0.3164,0.48674,2.77609,2.83586,2.8993,5.08244,5.46994,0.13164,1.831
2026-02-21 20:00:00,2.29445,0.0134,0.18155,0.17598,0.13075,0.01074,0.04366,0.05601,0.18461,0.10423,0.25655,1.63221,0,0.81412,2.77582,0.01383,0.00773,0.02262,0.00896,0.07178,0.04284,2.90504,0.31255,0.08451,0.16027,0.24244,2.38971,2.41472,0.02402,0.04488,0.17828,1.82834,0.31486,0.4763,0.01648,5.46495,0.12562,0.81412,2.41472,0.31486,0.4763,2.77582,2.83925,2.90504,5.08709,5.46495,0.13099,1.77131
2026-02-21 21:00:00,2.27959,0.01322,0.17974,0.17265,0.1298,0.01053,0.04311,0.05458,0.17901,0.10372,0.25564,1.63961,0,0.80783,2.77478,0.01374,0.00772,0.02251,0.0089,0.071,0.0413,2.91038,0.31186,0.08435,0.16002,0.22315,2.4492,2.39639,0.02391,0.04468,0.17779,1.81824,0.31332,0.46642,0.01637,5.4594,0.1239,0.80783,2.39639,0.31332,0.46642,2.77478,2.84211,2.91038,5.09109,5.4594,0.1305,1.84183
2026-02-21 22:00:00,2.26473,0.01306,0.17805,0.16834,0.1289,0.01009,0.04264,0.05324,0.17404,0.10343,0.25475,1.64711,0,0.8017,2.77307,0.01365,0.00771,0.02241,0.00882,0.07022,0.04002,2.91527,0.31121,0.08418,0.15977,0.20519,2.50868,2.37776,0.02379,0.04448,0.17749,1.80833,0.31179,0.45705,0.01627,5.45331,0.12218,0.8017,2.37776,0.31179,0.45705,2.77307,2.84441,2.91527,5.09437,5.45331,0.13021,1.91236
2026-02-21 23:00:00,2.24988,0.01293,0.17653,0.16209,0.12806,0.0098,0.04222,0.05207,0.16939,0.10314,0.25389,1.65451,0,0.79574,2.77072,0.01356,0.00769,0.02231,0.00865,0.06943,0.03893,2.91969,0.31059,0.08401,0.15951,0.18858,2.56817,2.35912,0.02367,0.04427,0.17707,1.79828,0.31042,0.44818,0.01614,5.44667,0.12045,0.79574,2.35912,0.31042,0.44818,2.77072,2.84612,2.91969,5.09695,5.44667,0.1298,1.98288
2026-02-22 00:00:00,2.23502,0.01279,0.17519,0.15708,0.12726,0.00969,0.0418,0.051,0.16476,0.10306,0.25326,1.66187,0,0.78998,2.76784,0.01347,0.00768,0.0222,0.00852,0.06865,0.03794,2.92363,0.31001,0.08384,0.15926,0.17357,2.62766,2.34071,0.02355,0.04406,0.17638,1.78797,0.30924,0.43976,0.01599,5.43948,0.11873,0.78998,2.34071,0.30924,0.43976,2.76784,2.84722,2.92363,5.09877,5.43948,0.12911,2.05341
2026-02-22 01:00:00,2.22553,0.01266,0.174,0.15311,0.12649,0.00963,0.04138,0.04996,0.16018,0.10298,0.25238,1.67299,0,0.78439,2.76447,0.01339,0.00767,0.02209,0.00841,0.0681,0.03691,2.92706,0.30944,0.08382,0.15902,0.16018,2.6876,2.32273,0.02344,0.04386,0.17558,1.79613,0.30815,0.4318,0.01587,5.43175,0.11748,0.78439,2.32273,0.30815,0.4318,2.76447,2.84772,2.92706,5.09987,5.43175,0.12831,2.12393
2026-02-22 02:00:00,2.21603,0.01252,0.17286,0.14978,0.12572,0.00957,0.04101,0.04889,0.15597,0.10289,0.25181,1.68414,0,0.77897,2.76069,0.0133,0.00765,0.02199,0.00834,0.06755,0.03585,2.92997,0.30889,0.0838,0.15878,0.14816,2.74755,2.30537,0.02332,0.04366,0.17495,1.80446,0.30708,0.42427,0.01578,5.42349,0.11624,0.77897,2.30537,0.30708,0.42427,2.76069,2.84765,2.92997,5.10027,5.42349,0.12768,2.19446
2026-02-22 03:00:00,2.20654,0.0124,0.17172,0.14712,0.12495,0.00943,0.0407,0.04782,0.15225,0.10281,0.25096,1.69542,0,0.77373,2.75653,0.01322,0.00764,0.02188,0.00829,0.067,0.03493,2.93231,0.30836,0.08378,0.15855,0.1373,2.80749,2.28878,0.02321,0.04346,0.17447,1.81296,0.30601,0.41716,0.01572,5.41472,0.11499,0.77373,2.28878,0.30601,0.41716,2.75653,2.84705,2.93231,5.1,5.41472,0.12721,2.26498
2026-02-22 04:00:00,2.19704,0.01228,0.17059,0.14359,0.1242,0.00914,0.04043,0.04683,0.14885,0.10273,0.25031,1.70671,0,0.76867,2.75205,0.01314,0.00763,0.02177,0.00822,0.06645,0.03417,2.9341,0.30797,0.08376,0.15831,0.12745,2.86743,2.27302,0.0231,0.04327,0.17419,1.82164,0.30494,0.41043,0.01566,5.40547,0.11374,0.76867,2.27302,0.30494,0.41043,2.75205,2.84596,2.9341,5.0991,5.40547,0.12693,2.33551
2026-02-22 05:00:00,2.18755,0.01219,0.16952,0.13835,0.1235,0.00895,0.04019,0.04596,0.14552,0.10265,0.24973,1.71802,0,0.76385,2.74727,0.01305,0.00761,0.02167,0.00805,0.0659,0.03352,2.93532,0.30781,0.08374,0.15807,0.11856,2.92738,2.25817,0.02298,0.04307,0.17379,1.83021,0.30398,0.40407,0.01557,5.39578,0.1125,0.76385,2.25817,0.30398,0.40407,2.74727,2.84438,2.93532,5.09762,5.39578,0.12654,2.40603
2026-02-22 06:00:00,2.17805,0.01209,0.16855,0.13417,0.12283,0.00888,0.03994,0.04516,0.14213,0.10257,0.24924,1.72935,0,0.75924,2.74225,0.01297,0.0076,0.02158,0.00792,0.06535,0.03293,2.936,0.30786,0.08372,0.15783,0.11057,2.98732,2.24423,0.02287,0.04287,0.17314,1.83852,0.30316,0.39805,0.01547,5.38567,0.11125,0.75924,2.24423,0.30316,0.39805,2.74225,2.84231,2.936,5.09561,5.38567,0.12589,2.47656
2026-02-22 07:00:00,2.17348,0.01199,0.16764,0.13092,0.12217,0.00884,0.03968,0.04438,0.13877,0.10248,0.24879,1.74436,0,0.75483,2.737,0.01289,0.00759,0.02147,0.00782,0.06536,0.0323,2.93612,0.30803,0.08425,0.15761,0.10329,3.12648,2.23121,0.02276,0.04268,0.17237,1.85272,0.30237,0.39235,0.01538,5.3752,0.1105,0.75483,2.23121,0.30237,0.39235,2.737,2.83978,2.93612,5.09311,5.3752,0.12513,2.54708
2026-02-22 08:00:00,2.16891,0.01189,0.16671,0.12839,0.1215,0.0088,0.03945,0.04359,0.13569,0.1022,0.24824,1.75947,0,0.75061,2.73155,0.01281,0.00758,0.02137,0.00775,0.06538,0.03166,2.93574,0.30833,0.08477,0.15738,0.09662,3.26563,2.21908,0.02265,0.0425,0.17177,1.86708,0.30161,0.38695,0.01532,5.36441,0.10975,0.75061,2.21908,0.30161,0.38695,2.73155,2.83683,2.93574,5.09018,5.36441,0.12453,2.61761
2026-02-22 09:00:00,2.16435,0.0118,0.16574,0.12661,0.12083,0.00872,0.03925,0.04279,0.133,0.10189,0.24768,1.77466,0,0.74657,2.72593,0.01273,0.00757,0.02127,0.00771,0.06539,0.0311,2.93483,0.30871,0.0853,0.15716,0.09048,3.40479,2.2078,0.02255,0.04229,0.17132,1.8816,0.30085,0.38185,0.01527,5.35334,0.109,0.74657,2.2078,0.30085,0.38185,2.72593,2.83349,2.93483,5.08686,5.35334,0.12409,2.68813
2026-02-22 10:00:00,2.15978,0.01172,0.16474,0.12436,0.12017,0.00854,0.03908,0.04205,0.13056,0.10145,0.24704,1.78993,0,0.74272,2.72013,0.01264,0.00755,0.02116,0.00766,0.0654,0.03063,2.93343,0.30911,0.08583,0.15693,0.08478,3.54395,2.19733,0.02244,0.0421,0.17105,1.89629,0.30009,0.37702,0.01523,5.34204,0.10825,0.74272,2.19733,0.30009,0.37702,2.72013,2.82983,2.93343,5.08321,5.34204,0.12382,2.75866
2026-02-22 11:00:00,2.15521,0.01164,0.1638,0.12117,0.11955,0.00843,0.03892,0.0414,0.12816,0.10104,0.24644,1.80518,0,0.73909,2.71418,0.01256,0.00754,0.02107,0.00754,0.06542,0.03024,2.93155,0.30947,0.08635,0.1567,0.07952,3.6831,2.18759,0.02233,0.04194,0.1707,1.91091,0.29939,0.37245,0.01516,5.33034,0.1075,0.73909,2.18759,0.29939,0.37245,2.71418,2.82584,2.93155,5.07924,5.33034,0.12347,2.82918
2026-02-22 12:00:00,2.15064,0.01157,0.16293,0.11861,0.11894,0.00838,0.03876,0.0408,0.12569,0.10069,0.24588,1.82039,0,0.73564,2.70806,0.01248,0.00753,0.02097,0.00745,0.06543,0.02988,2.92923,0.30979,0.08688,0.15648,0.07475,3.82226,2.17857,0.02222,0.04173,0.1701,1.92527,0.29879,0.36813,0.01507,5.31781,0.10675,0.73564,2.17857,0.29879,0.36813,2.70806,2.82154,2.92923,5.07502,5.31781,0.12288,3.8152
2026-02-22 13:00:00,2.17507,0.01149,0.16214,0.1188,0.11834,0.00836,0.03859,0.04023,0.12321,0.10029,0.2453,1.96882,0,0.73238,2.7018,0.0124,0.00752,0.02087,0.00738,0.06698,0.0295,2.92648,0.31007,0.0884,0.15627,0.07044,4.02981,2.17027,0.02212,0.04153,0.16941,2.00565,0.29822,0.36402,0.01498,5.30541,0.10817,0.73238,2.17027,0.29822,0.36402,2.7018,2.81695,2.92648,5.07059,5.30541,0.1222,4.87132
2026-02-22 14:00:00,2.1995,0.01142,0.16142,0.12601,0.11773,0.00834,0.03843,0.03964,0.12095,0.09986,0.24472,2.11722,0,0.72929,2.69537,0.01233,0.00751,0.02078,0.00733,0.06853,0.02912,2.92335,0.31036,0.08992,0.15606,0.06652,4.23735,2.16258,0.02201,0.04135,0.16888,2.08619,0.29766,0.36013,0.01497,5.29313,0.10959,0.72929,2.16258,0.29766,0.36013,2.69537,2.81209,2.92335,5.06593,5.29313,0.12167,4.87689
2026-02-22 15:00:00,2.22393,0.01134,0.16074,0.1414,0.1171,0.0083,0.03831,0.03905,0.119,0.09947,0.24418,2.26567,0,0.72639,2.68879,0.01225,0.0075,0.02069,0.0073,0.07008,0.02893,2.91985,0.31063,0.09144,0.15585,0.06293,4.4449,2.15551,0.02191,0.04126,0.16893,2.16731,0.2971,0.35644,0.01505,5.28096,0.11101,0.72639,2.15551,0.2971,0.35644,2.68879,2.80701,2.91985,5.0611,5.28096,0.12172,4.88298
2026-02-22 16:00:00,2.24835,0.01128,0.16012,0.16753,0.11649,0.00821,0.03821,0.0385,0.11724,0.099,0.24372,2.41411,0,0.72366,2.68203,0.01217,0.00748,0.02058,0.00725,0.07164,0.0292,2.91601,0.31118,0.09296,0.15563,0.05962,4.65245,2.14899,0.02181,0.04117,0.16958,2.24903,0.29654,0.35293,0.01531,5.26891,0.11242,0.72366,2.14899,0.29654,0.35293,2.68203,2.80172,2.91601,5.0561,5.26891,0.12238,4.88968
2026-02-22 17:00:00,2.27278,0.01122,0.15958,0.21325,0.11591,0.00816,0.03815,0.03803,0.11556,0.09874,0.24302,2.56255,0,0.72109,2.67509,0.0121,0.00747,0.0205,0.00714,0.07319,0.03068,2.91183,0.31223,0.09448,0.15542,0.05659,4.85999,2.14298,0.0217,0.04109,0.17105,2.33157,0.30071,0.34962,0.01598,5.25697,0.11384,0.72109,2.14298,0.30071,0.34962,2.67509,2.79623,2.91183,5.05099,5.25697,0.12385,4.89709
2026-02-22 18:00:00,2.29721,0.01118,0.15918,0.24902,0.11535,0.00814,0.03816,0.03761,0.11386,0.09828,0.24263,2.71101,0,0.71869,2.66796,0.01202,0.00746,0.02041,0.00705,0.07474,0.03495,2.90738,0.31367,0.096,0.15521,0.05385,5.06754,2.13745,0.0216,0.041,0.17497,2.41656,0.31115,0.34648,0.0169,5.24515,0.11526,0.71869,2.13745,0.31115,0.34648,2.66796,2.79055,2.90738,5.04575,5.24515,0.12778,4.90532
2026-02-22 19:00:00,2.36383,0.01115,0.15904,0.2805,0.11478,0.0099,0.03821,0.03721,0.11217,0.09781,0.24252,3.26538,0.00015,0.71643,2.66063,0.01235,0.00745,0.02032,0.00699,0.0757,0.04462,2.90264,0.31541,0.10187,0.1558,0.05134,5.14782,2.13241,0.02151,0.041,0.18015,2.55041,0.3237,0.34349,0.01767,5.23348,0.12518,0.71643,2.13241,0.3237,0.34349,2.66063,2.78468,2.90264,5.04043,5.23348,0.13297,4.91451
2026-02-22 20:00:00,2.43045,0.01112,0.15943,0.31903,0.1142,0.01344,0.03827,0.03681,0.11068,0.09755,0.24262,3.81969,0.00061,0.71433,2.6531,0.01269,0.00744,0.02022,0.00695,0.07666,0.05821,2.89766,0.31738,0.10773,0.15639,0.04903,5.2281,2.12781,0.02142,0.04099,0.18409,2.68305,0.33695,0.34067,0.01873,5.22194,0.1351,0.71433,2.12781,0.33695,0.34067,2.6531,2.77862,2.89766,5.03504,5.22194,0.13695,4.92486
2026-02-22 21:00:00,2.49707,0.01111,0.16049,0.3675,0.11467,0.02229,0.03903,0.03729,0.10945,0.0971,0.24342,4.37403,0.00105,0.71236,2.64536,0.01301,0.00743,0.02012,0.00695,0.07763,0.07178,2.89244,0.31954,0.1136,0.15698,0.0469,5.30839,2.1236,0.02133,0.04099,0.18817,2.81586,0.35042,0.33798,0.02083,5.21057,0.14502,0.71236,2.1236,0.35042,0.33798,2.64536,2.77242,2.89244,5.02961,5.21057,0.14109,4.93659
2026-02-22 22:00:00,2.56369,0.0111,0.16216,0.44386,0.11805,0.04353,0.04224,0.04014,0.10851,0.09684,0.24458,4.9286,0.00201,0.71051,2.63741,0.01334,0.00741,0.02003,0.00698,0.07859,0.08461,2.88701,0.32919,0.11947,0.15756,0.04492,5.38867,2.11973,0.02124,0.04098,0.19197,2.94837,0.36397,0.33542,0.02531,5.19936,0.15495,0.71051,2.11973,0.36397,0.33542,2.63741,2.76605,2.88701,5.02412,5.19936,0.14495,4.94999
2026-02-22 23:00:00,2.63031,0.01109,0.16446,0.57158,0.1262,0.0577,0.05025,0.04724,0.10791,0.09658,0.24602,5.48342,0.00332,0.7088,2.62925,0.01368,0.0074,0.01994,0.00707,0.07955,0.09845,2.88135,0.35201,0.12533,0.15815,0.04309,5.46895,2.11617,0.02115,0.04098,0.19841,3.08356,0.39852,0.333,0.0358,5.18833,0.16487,0.7088,2.11617,0.39852,0.333,2.62925,2.75953,2.88135,5.01863,5.18833,0.15147,4.96545
2026-02-23 00:00:00,2.69693,0.01109,0.16813,0.67228,0.14192,0.06301,0.07024,0.06113,0.10769,0.09653,0.24795,6.03864,0.00427,0.7072,2.62087,0.01401,0.00739,0.01986,0.00714,0.08051,0.11739,2.87551,0.38526,0.1312,0.15874,0.04142,5.54923,2.11291,0.02106,0.04097,0.21242,3.2263,0.46103,0.3307,0.05009,5.17749,0.17479,0.7072,2.11291,0.46103,0.3307,2.62087,2.75284,2.87551,5.01314,5.17749,0.16556,4.98349
2026-02-23 01:00:00,2.77773,0.0111,0.17624,0.74821,0.16814,0.06749,0.09946,0.0863,0.10776,0.09696,0.25011,6.32922,0.00539,0.70572,2.61227,0.01498,0.00791,0.01977,0.0072,0.08477,0.14805,2.86948,0.42698,0.15221,0.17125,0.03987,5.83313,2.10995,0.02105,0.04205,0.23,3.39083,0.53285,0.32852,0.06196,5.16683,0.20766,0.70572,2.10995,0.53285,0.32852,2.61227,2.74598,2.86948,5.00769,5.16683,0.18322,5.00481
2026-02-23 02:00:00,2.85852,0.01112,0.19652,0.80384,0.20594,0.07398,0.14071,0.1311,0.10822,0.09831,0.25326,6.62014,0.00834,0.70434,2.60346,0.01595,0.00843,0.01968,0.00726,0.08903,0.18694,2.86328,0.47549,0.17321,0.18376,0.03844,6.11703,2.10722,0.02103,0.04314,0.2436,3.55138,0.60981,0.32644,0.07048,5.15639,0.24053,0.70434,2.10722,0.60981,0.32644,2.60346,2.73895,2.86328,5.00243,5.15639,0.19691,5.0304
2026-02-23 03:00:00,2.93932,0.01114,0.23274,0.84032,0.25241,0.08832,0.17801,0.18519,0.10941,0.10039,0.25669,6.91145,0.01606,0.7031,2.59443,0.01692,0.00895,0.0196,0.00733,0.09329,0.22382,2.8569,0.54002,0.19422,0.19627,0.0371,6.40094,2.10473,0.02102,0.04422,0.25773,3.71247,0.69452,0.32463,0.07701,5.14617,0.2734,0.7031,2.10473,0.69452,0.32463,2.59443,2.73176,2.8569,4.99748,5.14617,0.21113,5.06167
2026-02-23 04:00:00,3.02011,0.01122,0.27704,0.8863,0.30204,0.12082,0.21918,0.23589,0.11244,0.10306,0.2608,7.20311,0.04357,0.70197,2.58519,0.0179,0.00947,0.01952,0.0075,0.09754,0.25586,2.85035,0.61794,0.21522,0.20877,0.03585,6.68484,2.10244,0.02101,0.0453,0.27128,3.87297,0.78027,0.3234,0.08324,5.13624,0.30626,0.70197,2.10244,0.78027,0.3234,2.58519,2.7244,2.85035,4.99286,5.13624,0.22476,5.10076
2026-02-23 05:00:00,3.10091,0.01156,0.32095,0.95109,0.35158,0.14249,0.28669,0.28642,0.11917,0.10619,0.26536,7.49535,0.08856,0.70092,2.57574,0.01887,0.00999,0.01972,0.00791,0.1018,0.28376,2.84362,0.69574,0.23622,0.22128,0.03473,6.96874,2.10034,0.02099,0.04639,0.29439,4.04303,0.85399,0.32299,0.09213,5.12665,0.33913,0.70092,2.10034,0.85399,0.32299,2.57574,2.71687,2.84362,4.98845,5.12665,0.24796,5.15101
2026-02-23 06:00:00,3.1817,0.01251,0.36183,1.00369,0.40268,0.15062,0.39106,0.3445,0.13162,0.10972,0.27041,7.78819,0.12949,0.69995,2.56608,0.01984,0.01051,0.02006,0.00824,0.10606,0.31612,2.83673,0.77347,0.25723,0.23379,0.03379,7.25264,2.09842,0.02098,0.04747,0.345,4.24059,0.91685,0.32345,0.10288,5.11743,0.372,0.69995,2.09842,0.91685,0.32345,2.56608,2.70917,2.83673,4.98422,5.11743,0.29865,5.21802
2026-02-23 07:00:00,3.35088,0.01441,0.39988,1.04731,0.45795,0.15468,0.51629,0.48374,0.15056,0.11503,0.2767,8.00704,0.16244,0.69905,2.55621,0.02524,0.01156,0.02039,0.00861,0.1262,0.35764,2.82966,0.85115,0.29552,0.26682,0.03305,7.72619,2.09669,0.02152,0.05508,0.40871,4.46579,0.97608,0.32474,0.11581,5.10857,0.43939,0.69905,2.09669,0.97608,0.32474,2.55621,2.70131,2.82966,4.9801,5.10857,0.36243,5.31183
2026-02-23 08:00:00,3.52007,0.01704,0.43503,1.08839,0.5212,0.15901,0.57663,0.56173,0.17544,0.12302,0.28462,8.22644,0.19026,0.69821,2.54614,0.03064,0.01261,0.02071,0.00902,0.14633,0.39421,2.82242,0.92879,0.33381,0.29986,0.03246,8.19973,2.09513,0.02206,0.06269,0.45802,4.67658,1.03265,0.32682,0.12039,5.10006,0.50677,0.69821,2.09513,1.03265,0.32682,2.54614,2.69329,2.82242,4.97613,5.10006,0.4118,5.45255
2026-02-23 09:00:00,3.68925,0.01982,0.4664,1.12791,0.5942,0.167,0.65848,0.6333,0.20699,0.13326,0.29418,8.44633,0.21541,0.69743,2.53586,0.03604,0.01366,0.02106,0.00999,0.16647,0.4218,2.81501,1.0029,0.3721,0.33289,0.03202,8.67328,2.09374,0.0226,0.0703,0.5086,4.88863,1.08595,0.33031,0.12392,5.09191,0.57416,0.69743,2.09374,1.08595,0.33031,2.53586,2.68525,2.81501,4.97237,5.09191,0.46243,5.68708
2026-02-23 10:00:00,3.85843,0.02266,0.49514,1.18177,0.65675,0.18321,0.75626,0.66586,0.24676,0.14517,0.30508,8.66702,0.24602,0.69671,2.52538,0.04144,0.0147,0.0214,0.01255,0.18661,0.44171,2.80745,1.06687,0.41039,0.36592,0.03168,9.14682,2.09253,0.02314,0.07793,0.5563,5.0978,1.1339,0.33671,0.12771,5.08414,0.64155,0.69671,2.09253,1.1339,0.33671,2.52538,2.67743,2.80745,4.96887,5.08414,0.51018,6.15614
2026-02-23 11:00:00,4.02762,0.02624,0.52581,1.26336,0.71074,0.19403,0.79901,0.70668,0.29644,0.15857,0.31736,8.889,0.28114,0.69606,2.5147,0.04684,0.01575,0.02276,0.01889,0.20674,0.45733,2.79971,1.11963,0.44868,0.39896,0.03145,9.62037,2.09148,0.02368,0.08608,0.63712,5.34006,1.17678,0.34704,0.13329,5.07678,0.70893,0.69606,2.09148,1.17678,0.34704,2.5147,2.67035,2.79971,4.9655,5.07678,0.59102,7.56332
2026-02-23 12:00:00,4.1968,0.03183,0.56556,1.32816,0.76882,0.19808,0.82392,0.74847,0.36155,0.17318,0.33134,9.11255,0.31265,0.69547,2.50383,0.05224,0.0168,0.02446,0.02395,0.22688,0.47272,2.79189,1.16464,0.48697,0.43199,0.03168,10.09391,2.09057,0.02422,0.09421,0.81284,5.67716,1.21798,0.36149,0.13903,5.06988,0.77632,0.69547,2.09057,1.21798,0.36149,2.50383,2.66461,2.79189,4.96218,5.06988,0.7667,8.8861
2026-02-23 13:00:00,4.59349,0.04075,0.62449,1.38036,0.86007,0.20157,0.84844,0.78647,0.4522,0.18843,0.3475,9.37077,0.34016,0.69493,2.49277,0.04888,0.02786,0.02617,0.02766,0.24064,0.49249,2.78407,1.20426,0.52035,0.47418,0.03268,10.87672,2.09006,0.02597,0.10018,1.03365,6.12253,1.25862,0.38093,0.14265,5.06345,0.91824,0.69493,2.09006,1.25862,0.38093,2.49277,2.6605,2.78407,4.95886,5.06345,0.9874,11.17377
2026-02-23 14:00:00,4.99018,0.05228,0.70655,1.42833,0.90821,0.20666,0.87769,0.81195,0.57771,0.2094,0.36622,9.63037,0.36428,0.69445,2.48154,0.04552,0.03892,0.02788,0.02999,0.2544,0.51431,2.7765,1.24017,0.55373,0.51637,0.03434,11.65953,2.0898,0.02772,0.10653,1.20471,6.51806,1.29906,0.40597,0.14494,5.0575,1.06016,0.69445,2.0898,1.29906,0.40597,2.48154,2.65857,2.7765,4.95557,5.0575,1.15827,11.62485
2026-02-23 15:00:00,5.38687,0.06424,0.76884,1.47255,0.9462,0.21796,0.91754,0.83883,0.72945,0.24651,0.3897,9.89148,0.38624,0.69403,2.47013,0.04217,0.04998,0.02958,0.03057,0.26816,0.53228,2.76947,1.27938,0.58711,0.55856,0.03654,12.44235,2.08986,0.02947,0.11312,1.33061,6.86843,1.33945,0.43576,0.14687,5.0521,1.20208,0.69403,2.08986,1.33945,0.43576,2.47013,2.66137,2.76947,4.95235,5.0521,1.28397,11.77521
2026-02-23 16:00:00,5.78355,0.07574,0.82128,1.53653,1.01429,0.24359,1.00553,0.87219,0.88151,0.27323,0.41995,10.15444,0.42214,0.69464,2.45858,0.03881,0.06103,0.0477,0.02926,0.28191,0.54602,2.76334,1.32173,0.62048,0.60075,0.03921,13.22516,2.09029,0.03122,0.11982,1.39705,7.15938,1.38005,0.46917,0.14926,5.04738,1.344,0.69464,2.09029,1.38005,0.46917,2.45858,2.6728,2.76334,4.94918,5.04738,1.35026,11.85039
2026-02-23 17:00:00,6.18024,0.08731,0.87568,1.63765,1.05776,0.26069,1.04406,0.91623,1.0277,0.29541,0.45174,10.41967,0.44906,0.69719,2.44698,0.03545,0.07209,0.06408,0.02504,0.29567,0.55746,2.75864,1.36547,0.65386,0.64294,0.04228,14.00797,2.09112,0.03297,0.12661,1.47901,7.46591,1.42096,0.50541,0.1528,5.0435,1.48592,0.69719,2.09112,1.42096,0.50541,2.44698,2.69399,2.75864,4.94603,5.0435,1.43212,11.8955
2026-02-23 18:00:00,6.57693,0.10274,0.9346,1.71794,1.10604,0.26709,1.06662,0.96271,1.18298,0.31444,0.48896,10.68829,0.47054,0.70158,2.43555,0.03209,0.08315,0.06262,0.02154,0.30943,0.56951,2.75649,1.41008,0.68724,0.68513,0.06242,14.79078,2.09234,0.03472,0.13343,1.59239,7.80387,1.46196,0.54403,0.15633,5.04066,1.62784,0.70158,2.09234,1.46196,0.54403,2.43555,2.72175,2.75649,4.9429,5.04066,1.54542,11.92557
2026-02-23 19:00:00,6.91883,0.1252,1.06213,1.77956,1.14947,0.27105,1.08663,1.00345,1.34344,0.33114,0.52931,10.82571,0.48892,0.70798,2.4245,0.03844,0.07414,0.06157,0.01918,0.32177,0.58613,2.75848,1.45525,0.71044,0.72257,0.11381,14.97003,2.0956,0.03561,0.14084,1.71316,8.07616,1.503,0.58519,0.15857,5.03909,1.63386,0.70798,2.0956,1.503,0.58519,2.4245,2.75186,2.75848,4.93984,5.03909,1.66614,11.94705
2026-02-23 20:00:00,7.26074,0.14546,1.09513,1.82686,1.18456,0.27598,1.10699,1.02713,1.48871,0.34638,0.56756,10.96752,0.50522,0.71613,2.41402,0.04479,0.06513,0.09989,0.01771,0.33411,0.60859,2.76584,1.50078,0.73364,0.76001,0.20457,15.14928,2.10435,0.03651,0.14812,1.80991,8.32443,1.54405,0.62891,0.15997,5.03903,1.63988,0.71613,2.10435,1.54405,0.62891,2.41402,2.78179,2.76584,4.93691,5.03903,1.76284,11.96316
2026-02-23 21:00:00,7.60264,0.16187,1.12294,1.86026,1.2157,0.28604,1.13156,1.04791,1.61251,0.35984,0.60377,11.113,0.51904,0.72581,2.40431,0.05114,0.05612,0.11624,0.01796,0.34645,0.63142,2.77875,1.54319,0.75684,0.79746,0.33371,15.32852,2.12361,0.0374,0.15513,1.87056,8.53661,1.58509,0.67457,0.16108,5.0407,1.64591,0.72581,2.12361,1.58509,0.67457,2.40431,2.81034,2.77875,4.93427,5.0407,1.82344,11.9757
2026-02-23 22:00:00,7.94454,0.17508,1.14707,1.90289,1.24533,0.30786,1.18224,1.07194,1.72203,0.37347,0.63721,11.26263,0.52757,0.73694,2.39547,0.05749,0.0471,0.12137,0.02098,0.35878,0.64278,2.79632,1.57909,0.78004,0.8349,0.47455,15.50777,2.15808,0.03829,0.16204,1.8953,8.71288,1.60781,0.72169,0.1623,5.0443,1.65193,0.73694,2.15808,1.60781,0.72169,2.39547,2.83671,2.79632,4.93223,5.0443,1.84815,11.98572
2026-02-23 23:00:00,8.28645,0.18654,1.17183,1.96376,1.27527,0.32241,1.20434,1.1017,1.82604,0.38684,0.66812,11.41351,0.53307,0.74961,2.38762,0.06384,0.03809,0.11059,0.02924,0.37112,0.6501,2.81723,1.60971,0.80324,0.87234,0.64383,15.68701,2.2094,0.03919,0.16889,1.91758,8.88671,1.60607,0.77001,0.16392,5.05004,1.65795,0.74961,2.2094,1.60607,0.77001,2.38762,2.86039,2.81723,4.93131,5.05004,1.8704,11.99392
2026-02-24 00:00:00,8.62835,0.19996,1.19314,2.01286,1.30693,0.32786,1.21711,1.13223,1.92661,0.40089,0.69769,11.56297,0.54046,0.76402,2.38081,0.07019,0.02908,0.0998,0.03595,0.38346,0.65743,2.84015,1.63694,0.82644,0.90978,0.82718,15.86626,2.27811,0.04008,0.17571,1.9292,9.04986,1.59617,0.81936,0.16544,5.05818,1.66397,0.76402,2.27811,1.59617,0.81936,2.38081,2.88125,2.84015,4.93233,5.05818,1.88199,12.00075
2026-02-24 01:00:00,8.7943,0.22933,1.20847,2.04911,1.3337,0.32916,1.22364,1.15431,2.01656,0.41375,0.72462,11.52342,0.54823,0.78043,2.37518,0.0647,0.02759,0.08909,0.04077,0.38745,0.66599,2.86392,1.66205,0.83124,0.93062,1.00147,15.92738,2.36458,0.04028,0.17666,1.93147,9.09667,1.58355,0.86942,0.16635,5.06908,1.6362,0.78043,2.36458,1.58355,0.86942,2.37518,2.89956,2.86392,4.93622,5.06908,1.88424,12.00654
2026-02-24 02:00:00,8.96025,0.23502,1.22123,2.07035,1.3513,0.3292,1.22181,1.1615,2.0928,0.42487,0.75066,11.4813,0.55507,0.79902,2.37082,0.05921,0.0261,0.10038,0.04389,0.39144,0.67335,2.88755,1.68578,0.83603,0.95146,1.20917,15.9885,2.46651,0.04048,0.17735,1.93507,9.1448,1.57003,0.91995,0.1667,5.08318,1.60843,0.79902,2.46651,1.57003,0.91995,2.37082,2.91593,2.88755,4.94388,5.08318,1.88782,12.0115
2026-02-24 03:00:00,9.1262,0.23832,1.2287,2.07512,1.35978,0.3274,1.21062,1.15862,2.15798,0.43512,0.77481,11.43713,0.55876,0.82006,2.36789,0.05373,0.02461,0.10231,0.04464,0.39543,0.67738,2.91032,1.70208,0.84083,0.97231,1.40297,16.04962,2.58661,0.04068,0.17787,1.93192,9.1862,1.55621,0.97091,0.1665,5.10103,1.58066,0.82006,2.58661,1.55621,0.97091,2.36789,2.93113,2.91032,4.95613,5.10103,1.88466,12.01579
2026-02-24 04:00:00,9.29214,0.24015,1.22545,2.07309,1.35812,0.3211,1.1761,1.14975,2.21491,0.44497,0.79813,11.39094,0.54667,0.8438,2.36652,0.04824,0.02311,0.10485,0.04266,0.39942,0.67828,2.93179,1.70574,0.84563,0.99315,1.58493,16.11073,2.73549,0.04087,0.17834,1.92644,9.22525,1.54241,1.02225,0.16544,5.12322,1.55289,0.8438,2.73549,1.54241,1.02225,2.36652,2.94563,2.93179,4.97362,5.12322,1.87917,12.01955
2026-02-24 05:00:00,9.45809,0.24091,1.20723,2.05984,1.34602,0.31689,1.16069,1.13218,2.26571,0.45461,0.82008,11.34295,0.52702,0.8702,2.3669,0.04275,0.02162,0.10262,0.03638,0.40341,0.67542,2.9518,1.69998,0.85042,1.01399,1.75555,16.17185,2.89187,0.04107,0.17879,1.91528,9.25864,1.52876,1.07396,0.1633,5.15032,1.52512,0.8702,2.89187,1.52876,1.07396,2.3669,2.95938,2.9518,4.99694,5.15032,1.868,12.02287
2026-02-24 06:00:00,9.62404,0.24088,1.19143,2.05029,1.32684,0.31531,1.15123,1.11148,2.31086,0.46419,0.84081,11.29348,0.51689,0.89923,2.36919,0.03726,0.02013,0.09316,0.03119,0.4074,0.66704,2.97041,1.68822,0.85522,1.03483,1.91462,16.23297,3.05211,0.04127,0.17921,1.88981,9.27772,1.51516,1.12599,0.16107,5.18291,1.49735,0.89923,3.05211,1.51516,1.12599,2.36919,2.97213,2.97041,5.02684,5.18291,1.84253,12.02582
2026-02-24 07:00:00,9.65965,0.2406,1.18159,2.04538,1.30849,0.31473,1.14244,1.09326,2.35061,0.47082,0.85967,11.24659,0.51115,0.93119,2.37353,0.03689,0.02027,0.08644,0.02743,0.40574,0.65247,2.9878,1.67265,0.8421,1.0378,2.07211,16.20493,3.21292,0.04057,0.17194,1.8574,9.20858,1.50158,1.17813,0.15958,5.2215,1.42361,0.93119,3.21292,1.50158,1.17813,2.37353,2.98382,2.9878,5.06389,5.2215,1.81012,12.02845
2026-02-24 08:00:00,9.69527,0.24032,1.17449,2.04703,1.29553,0.31428,1.13279,1.08508,2.38504,0.47262,0.87583,11.19854,0.50634,0.96604,2.38008,0.03652,0.0204,0.08042,0.02474,0.40407,0.63732,3.00408,1.65464,0.82899,1.04077,2.22747,16.17689,3.38039,0.03988,0.16438,1.83236,9.14681,1.488,1.22896,0.15852,5.26665,1.34986,0.96604,3.38039,1.488,1.22896,2.38008,2.99459,3.00408,5.10796,5.26665,1.78508,12.03083
2026-02-24 09:00:00,9.73088,0.24018,1.17148,2.05451,1.28638,0.3137,1.1204,1.08018,2.41476,0.47224,0.88977,11.14924,0.50187,1.00312,2.38895,0.03615,0.02054,0.07511,0.02335,0.40241,0.62683,3.01931,1.6342,0.81587,1.04374,2.36239,16.14886,3.55764,0.03918,0.15665,1.81378,9.09151,1.47442,1.27825,0.1575,5.31877,1.27612,1.00312,3.55764,1.47442,1.27825,2.38895,3.00469,3.01931,5.15879,5.31877,1.7665,12.03298
2026-02-24 10:00:00,9.76649,0.24044,1.17513,2.06651,1.2801,0.31291,1.09388,1.07509,2.44031,0.47027,0.9005,11.09844,0.49292,1.04197,2.40022,0.03578,0.02068,0.0706,0.02276,0.40075,0.62009,3.03349,1.611,0.80275,1.04672,2.47805,16.12082,3.72981,0.03849,0.1488,1.80389,9.0449,1.4485,1.32505,0.15608,5.37466,1.20237,1.04197,3.72981,1.4485,1.32505,2.40022,3.01423,3.03349,5.2161,5.37466,1.75661,12.03493
2026-02-24 11:00:00,9.80211,0.2413,1.18577,2.08701,1.2769,0.31237,1.0823,1.06918,2.4623,0.46797,0.90797,11.04551,0.48227,1.08246,2.41387,0.03541,0.02081,0.06635,0.02234,0.39908,0.61511,3.04669,1.58574,0.78964,1.04969,2.5762,16.09278,3.89298,0.03779,0.14093,1.79158,8.99585,1.40609,1.36916,0.15387,5.43696,1.12863,1.08246,3.89298,1.40609,1.36916,2.41387,3.0232,3.04669,5.27986,5.43696,1.7443,12.03671
2026-02-24 12:00:00,9.83772,0.24277,1.19589,2.10279,1.27505,0.31217,1.07555,1.06374,2.48113,0.46558,0.91264,10.99019,0.47614,1.12445,2.42987,0.03504,0.02095,0.06209,0.02215,0.39742,0.61022,3.05896,1.55917,0.77652,1.05266,2.65631,16.06474,4.04449,0.0371,0.13302,1.77431,8.94186,1.3582,1.41067,0.15165,5.507,1.05488,1.12445,4.04449,1.3582,1.41067,2.42987,3.0315,3.05896,5.34992,5.507,1.72703,12.28287
2026-02-24 13:00:00,9.8259,0.24419,1.20441,2.11605,1.27525,0.31293,1.07315,1.06202,2.49716,0.4607,0.91477,10.93886,0.47274,1.16726,2.44812,0.03627,0.03045,0.05843,0.02192,0.40034,0.60406,3.07042,1.53177,0.75847,1.04484,2.7199,16.02004,4.17643,0.03633,0.12695,1.75578,8.89261,1.30848,1.44896,0.15024,5.5846,1.12308,1.16726,4.17643,1.30848,1.44896,2.44812,3.03894,3.07042,5.42571,5.5846,1.70851,12.53537
2026-02-24 14:00:00,9.81409,0.24516,1.2123,2.13115,1.2779,0.31453,1.07706,1.06445,2.5111,0.45269,0.91497,10.88442,0.47181,1.20981,2.46849,0.0375,0.03995,0.05696,0.02194,0.40327,0.59853,3.08112,1.50381,0.74042,1.03703,2.76898,15.97534,4.29493,0.03557,0.12085,1.74097,8.84706,1.25815,1.4836,0.14946,5.66951,1.19129,1.20981,4.29493,1.25815,1.4836,2.46849,3.04525,3.08112,5.50645,5.66951,1.6937,12.58015
2026-02-24 15:00:00,9.80227,0.24645,1.22285,2.14854,1.28393,0.3186,1.0885,1.07215,2.52457,0.44338,0.9136,10.82692,0.47489,1.25142,2.49074,0.03873,0.04946,0.05676,0.02211,0.40619,0.59605,3.09109,1.47665,0.72237,1.02921,2.8041,15.93064,4.40019,0.03481,0.11475,1.73064,8.80601,1.2076,1.51496,0.14909,5.7613,1.25949,1.25142,4.40019,1.2076,1.51496,2.49074,3.05046,3.09109,5.59119,5.7613,1.68337,12.62493
2026-02-24 16:00:00,9.79045,0.24966,1.24264,2.17688,1.29461,0.32843,1.12063,1.08444,2.53981,0.43298,0.91046,10.76667,0.49207,1.29178,2.51456,0.03996,0.05896,0.05654,0.02246,0.40911,0.59431,3.10029,1.45183,0.70432,1.02139,2.82682,15.88593,4.49193,0.03404,0.10863,1.72479,8.76943,1.18971,1.54331,0.14915,5.85941,1.32769,1.29178,4.49193,1.18971,1.54331,2.51456,3.05494,3.10029,5.67891,5.85941,1.67752,12.66971
2026-02-24 17:00:00,9.77864,0.25631,1.27822,2.22518,1.31063,0.33499,1.13491,1.10348,2.55873,0.42305,0.90428,10.7041,0.51602,1.33072,2.53961,0.04119,0.06846,0.05634,0.02329,0.41204,0.5938,3.10864,1.42921,0.68627,1.01358,2.83779,15.84123,4.57017,0.03328,0.10248,1.71726,8.73117,1.21541,1.56895,0.1497,5.96325,1.3959,1.33072,4.57017,1.21541,1.56895,2.53961,3.05937,3.10864,5.7687,5.96325,1.67,12.71449
2026-02-24 18:00:00,9.76682,0.26641,1.30921,2.26327,1.33068,0.33744,1.14357,1.12466,2.58015,0.41209,0.89722,10.63965,0.53125,1.36801,2.56558,0.04242,0.07796,0.05612,0.02395,0.41496,0.59547,3.11608,1.40798,0.66822,1.00576,2.83617,15.79653,4.63514,0.03251,0.09635,1.70524,8.68842,1.25562,1.59212,0.15037,6.07218,1.4641,1.36801,4.63514,1.25562,1.59212,2.56558,3.06434,3.11608,5.85978,6.07218,1.65798,12.75927
2026-02-24 19:00:00,9.72022,0.27581,1.33124,2.29222,1.34993,0.33895,1.15251,1.14288,2.60015,0.40152,0.88846,10.50569,0.5423,1.40322,2.59214,0.05147,0.08085,0.06496,0.02469,0.41952,0.60193,3.1227,1.38764,0.64979,0.99159,2.82297,15.80279,4.6873,0.03196,0.09323,1.69159,8.6364,1.30069,1.61225,0.15082,6.18528,1.48588,1.40322,4.6873,1.30069,1.61225,2.59214,3.07025,3.1227,5.95138,6.18528,1.64433,12.80405
2026-02-24 20:00:00,9.67363,0.28169,1.34926,2.31412,1.36527,0.34079,1.16379,1.1517,2.61767,0.39241,0.87719,10.36946,0.55201,1.43576,2.61899,0.06053,0.08374,0.09596,0.02548,0.42409,0.61391,3.1287,1.36786,0.63136,0.97743,2.79776,15.80904,4.72663,0.03141,0.09029,1.68079,8.58724,1.34738,1.6285,0.15117,6.30153,1.50765,1.43576,4.72663,1.34738,1.6285,2.61899,3.07726,3.1287,6.04278,6.30153,1.63354,12.84883
2026-02-24 21:00:00,9.62703,0.28575,1.36408,2.32983,1.37793,0.34453,1.17974,1.1575,2.6358,0.38284,0.86564,10.23121,0.56132,1.46532,2.64576,0.06958,0.08663,0.10758,0.0273,0.42865,0.62129,3.1344,1.34898,0.61293,0.96326,2.75868,15.8153,4.75331,0.03086,0.0873,1.66873,8.53681,1.3946,1.64037,0.1515,6.41994,1.52943,1.46532,4.75331,1.3946,1.64037,2.64576,3.08553,3.1344,6.13328,6.41994,1.62148,12.89361
2026-02-24 22:00:00,9.58043,0.28977,1.37726,2.35014,1.38952,0.35264,1.21559,1.16349,2.65821,0.37423,0.85351,10.09152,0.57574,1.4918,2.67216,0.07863,0.08951,0.11787,0.03212,0.43321,0.62572,3.14013,1.33169,0.5945,0.94909,2.70691,15.82156,4.76737,0.03031,0.08433,1.65573,8.48544,1.42977,1.64761,0.15198,6.53956,1.55121,1.4918,4.76737,1.42977,1.64761,2.67216,3.09519,3.14013,6.22222,6.53956,1.60849,12.93839
2026-02-24 23:00:00,9.53384,0.29496,1.39228,2.37943,1.40039,0.35803,1.23131,1.17028,2.68738,0.36569,0.84123,9.94987,0.59209,1.51454,2.69784,0.08769,0.0924,0.1223,0.04405,0.43778,0.62891,3.14621,1.31587,0.57607,0.93493,2.64319,15.82781,4.76893,0.02976,0.08138,1.63284,8.42418,1.44871,1.65039,0.15274,6.65949,1.57298,1.51454,4.76893,1.44871,1.65039,2.69784,3.10637,3.14621,6.309,6.65949,1.5856,12.98317
2026-02-25 00:00:00,9.48724,0.30137,1.40486,2.40309,1.41127,0.36006,1.24054,1.17671,2.72122,0.35792,0.82981,9.80669,0.60372,1.53397,2.72253,0.09674,0.09529,0.12999,0.05358,0.44234,0.63218,3.15287,1.30098,0.55764,0.92076,2.56764,15.83407,4.75825,0.02921,0.07842,1.58087,8.33384,1.46224,1.64902,0.15351,6.77885,1.59476,1.53397,4.75825,1.46224,1.64902,2.72253,3.11915,3.15287,6.39304,6.77885,1.53363,13.02795
2026-02-25 01:00:00,9.41173,0.30688,1.41266,2.41818,1.41893,0.35924,1.24238,1.17803,2.75214,0.34983,0.81801,9.69123,0.61228,1.55089,2.74601,0.08857,0.08485,0.15021,0.06052,0.43876,0.63617,3.16036,1.28668,0.54275,0.90714,2.48209,15.85031,4.73547,0.02932,0.0769,1.51482,8.23072,1.47395,1.64338,0.15396,6.89682,1.57423,1.55089,4.73547,1.47395,1.64338,2.74601,3.13361,3.16036,6.47381,6.89682,1.46759,13.07273
2026-02-25 02:00:00,9.33622,0.31017,1.41807,2.41885,1.42042,0.35664,1.233,1.1735,2.77672,0.34128,0.80792,9.57535,0.61737,1.56582,2.7683,0.0804,0.07441,0.1642,0.06484,0.43518,0.63974,3.16885,1.27277,0.52787,0.89351,2.3966,15.86654,4.70151,0.02943,0.07559,1.4638,8.14263,1.48507,1.63439,0.15399,7.01257,1.55369,1.56582,4.70151,1.48507,1.63439,2.7683,3.14996,3.16885,6.55081,7.01257,1.41658,13.11751
2026-02-25 03:00:00,9.26071,0.31181,1.4171,2.40334,1.4147,0.34943,1.20976,1.16103,2.79758,0.33246,0.79767,9.45968,0.61639,1.57907,2.78946,0.07223,0.06398,0.1782,0.06569,0.43161,0.6412,3.17852,1.25948,0.51299,0.87989,2.31979,15.88278,4.6581,0.02954,0.0744,1.42363,8.06538,1.49599,1.62478,0.1535,7.1253,1.53316,1.57907,4.6581,1.49599,1.62478,2.78946,3.16834,3.17852,6.62364,7.1253,1.37641,13.1623
2026-02-25 04:00:00,9.18519,0.31189,1.40177,2.37245,1.39913,0.3314,1.14668,1.14151,2.81302,0.3235,0.78827,9.34422,0.59223,1.5907,2.80968,0.06406,0.05354,0.18836,0.06254,0.42803,0.63986,3.18951,1.24804,0.4981,0.86627,2.25055,15.89901,4.60804,0.02965,0.0733,1.39883,8.0035,1.49796,1.61653,0.15203,7.23427,1.51262,1.5907,4.60804,1.49796,1.61653,2.80968,3.18854,3.18951,6.69185,7.23427,1.35162,13.20708
2026-02-25 05:00:00,9.10968,0.31028,1.3655,2.31406,1.37215,0.31938,1.1187,1.11132,2.8197,0.31444,0.779,9.22935,0.55727,1.6008,2.82915,0.05589,0.0431,0.17276,0.05287,0.42445,0.63374,3.20198,1.23859,0.48322,0.85264,2.19673,15.91525,4.5542,0.02976,0.07222,1.36445,7.93205,1.48806,1.61026,0.14912,7.33877,1.49209,1.6008,4.5542,1.48806,1.61026,2.82915,3.21009,3.20198,6.75511,7.33877,1.31725,13.25186
2026-02-25 06:00:00,9.03417,0.3074,1.33358,2.26873,1.33654,0.31487,1.10179,1.07786,2.81967,0.30532,0.76973,9.11521,0.53731,1.60951,2.84802,0.04772,0.03266,0.15597,0.04491,0.42087,0.61981,3.21604,1.22931,0.46833,0.83902,2.165,15.93148,4.49959,0.02987,0.07116,1.30602,7.83655,1.47422,1.60615,0.14602,7.43814,1.47155,1.60951,4.49959,1.47422,1.60615,2.84802,3.23248,3.21604,6.81319,7.43814,1.25883,13.29664
2026-02-25 07:00:00,8.96004,0.30467,1.31092,2.23718,1.30294,0.3127,1.08556,1.04891,2.8174,0.29754,0.76051,9.08318,0.52452,1.61717,2.86649,0.04735,0.03169,0.1392,0.03911,0.41426,0.59403,3.23175,1.22015,0.45381,0.83044,2.1515,15.85568,4.44762,0.02962,0.07062,1.2381,7.79095,1.45906,1.60501,0.14395,7.53181,1.43838,1.61717,4.44762,1.45906,1.60501,2.86649,3.25536,3.23175,6.86599,7.53181,1.19091,13.34142
2026-02-25 08:00:00,8.88591,0.30279,1.2922,2.22088,1.27825,0.31044,1.06686,1.03445,2.81538,0.29123,0.75097,9.05164,0.51393,1.62437,2.88471,0.047,0.03072,0.12251,0.03501,0.40766,0.57173,3.24901,1.21108,0.4393,0.82186,2.15575,15.77989,4.40181,0.02936,0.06997,1.18468,7.75985,1.44344,1.60715,0.1425,7.61935,1.40522,1.62437,4.40181,1.44344,1.60715,2.88471,3.27849,3.24901,6.91359,7.61935,1.1375,13.3862
2026-02-25 09:00:00,8.81179,0.30102,1.27533,2.21954,1.25979,0.30637,1.04198,1.02432,2.81266,0.28586,0.74151,9.02024,0.50354,1.63159,2.90292,0.04664,0.02976,0.10939,0.03289,0.40105,0.55109,3.26764,1.20263,0.42478,0.81328,2.17763,15.70409,4.36447,0.02911,0.06929,1.14182,7.73932,1.42769,1.61138,0.14115,7.70054,1.37205,1.63159,4.36447,1.42769,1.61138,2.90292,3.30171,3.26764,6.95624,7.70054,1.09465,13.43098
2026-02-25 10:00:00,8.73766,0.29822,1.25613,2.22222,1.24575,0.29824,0.98771,1.01351,2.80794,0.28067,0.73223,8.98888,0.48397,1.63917,2.92133,0.04628,0.02879,0.09674,0.03197,0.39444,0.53483,3.28739,1.19592,0.41026,0.8047,2.21396,15.62829,4.33745,0.02886,0.06853,1.11189,7.7317,1.40791,1.61682,0.13933,7.77528,1.33888,1.63917,4.33745,1.40791,1.61682,2.92133,3.32478,3.28739,6.99438,7.77528,1.06473,13.47576
2026-02-25 11:00:00,8.66353,0.2935,1.22823,2.23193,1.23565,0.29282,0.96396,1.00089,2.80071,0.27587,0.72384,8.95744,0.46132,1.6474,2.94022,0.04593,0.02782,0.08594,0.03128,0.38784,0.52241,3.30802,1.19112,0.39575,0.79612,2.26003,15.5525,4.32193,0.0286,0.06774,1.06751,7.70963,1.3828,1.6231,0.13637,7.84372,1.30572,1.6474,4.32193,1.3828,1.6231,2.94022,3.34737,3.30802,7.02869,7.84372,1.02035,13.52054
2026-02-25 12:00:00,8.5894,0.287,1.2046,2.23866,1.22689,0.29078,0.95009,0.98867,2.79155,0.27131,0.71637,8.92587,0.44714,1.65637,2.95981,0.04557,0.02685,0.0799,0.03095,0.38123,0.51264,3.32931,1.18761,0.38123,0.78754,2.31144,15.4767,4.31807,0.02835,0.06696,0.98318,7.64762,1.3559,1.63003,0.13327,7.90616,1.27255,1.65637,4.31807,1.3559,1.63003,2.95981,3.36903,3.32931,7.05988,7.90616,0.93602,13.18888
2026-02-25 13:00:00,8.51915,0.28112,1.18977,2.24294,1.21903,0.28986,0.93812,0.97805,2.78207,0.26707,0.70946,8.84651,0.43711,1.66591,2.98035,0.04501,0.0262,0.07868,0.03054,0.36994,0.50452,3.35102,1.18505,0.36883,0.77003,2.36661,15.41916,4.32511,0.02796,0.06646,0.8813,7.57419,1.32841,1.63822,0.1312,7.96308,1.22207,1.66591,4.32511,1.32841,1.63822,2.98035,3.38904,3.35102,7.08873,7.96308,0.83414,13.00771
2026-02-25 14:00:00,8.44889,0.27742,1.17932,2.24588,1.21233,0.28894,0.92652,0.97081,2.77268,0.26328,0.70289,8.76758,0.42865,1.67575,3.00202,0.04445,0.02555,0.07746,0.0305,0.35865,0.49794,3.37291,1.18308,0.35644,0.75252,2.422,15.36162,4.34172,0.02757,0.06588,0.8018,7.52315,1.30073,1.6479,0.12955,8.01398,1.1716,1.67575,4.34172,1.30073,1.6479,3.00202,3.40663,3.37291,7.11598,8.01398,0.75465,13.00771
2026-02-25 15:00:00,8.37864,0.27522,1.17929,2.24746,1.20643,0.28736,0.91315,0.96328,2.76251,0.25988,0.69676,8.68948,0.42096,1.68581,3.02494,0.04389,0.0249,0.07626,0.03057,0.34736,0.4931,3.39464,1.1801,0.34405,0.73501,2.47334,15.30408,4.36626,0.02718,0.06529,0.74729,7.4971,1.27297,1.65815,0.12754,8.05852,1.12112,1.68581,4.36626,1.27297,1.65815,3.02494,3.42152,3.39464,7.14237,8.05852,0.70015,13.00771
2026-02-25 16:00:00,8.30838,0.27411,1.2018,2.2523,1.2003,0.2843,0.88636,0.95416,2.75097,0.25642,0.69119,8.61212,0.40983,1.69612,3.04917,0.04333,0.02424,0.07511,0.03059,0.33606,0.48943,3.41583,1.17321,0.33165,0.71749,2.51999,15.24653,4.39661,0.02679,0.06466,0.72286,7.50112,1.24582,1.66834,0.12417,8.10043,1.07064,1.69612,4.39661,1.24582,1.66834,3.04917,3.43403,3.41583,7.16857,8.10043,0.67572,13.00771
2026-02-25 17:00:00,8.23813,0.27393,1.25608,2.26263,1.1938,0.28226,0.8747,0.94221,2.73796,0.25354,0.68514,8.53528,0.3976,1.70673,3.07475,0.04277,0.02359,0.07395,0.03058,0.32477,0.48565,3.43599,1.16187,0.31926,0.69998,2.55917,15.18899,4.43058,0.0264,0.06405,0.69729,7.50401,1.2195,1.6782,0.1177,8.14015,1.02017,1.70673,4.43058,1.2195,1.6782,3.07475,3.44482,3.43599,7.19514,8.14015,0.65016,13.00771
2026-02-25 18:00:00,8.16787,0.27445,1.30417,2.27085,1.18709,0.28149,0.868,0.92963,2.72401,0.25021,0.68025,8.45885,0.38917,1.71752,3.1017,0.04221,0.02294,0.07273,0.03057,0.31348,0.47985,3.4547,1.14743,0.30686,0.68247,2.58648,15.13145,4.46594,0.02601,0.06342,0.67444,7.50962,1.19345,1.68759,0.11036,8.1782,0.96969,1.71752,4.46594,1.19345,1.68759,3.1017,3.45469,3.4547,7.2225,8.1782,0.62732,13.00771
2026-02-25 19:00:00,8.08635,0.27511,1.3357,2.2728,1.17599,0.27852,0.85451,0.9126,2.70947,0.247,0.67559,8.32203,0.38388,1.72793,3.13001,0.04176,0.02231,0.07149,0.03056,0.30603,0.46934,3.47169,1.13086,0.30095,0.66522,2.602,15.09188,4.5003,0.02589,0.06291,0.65669,7.54968,1.16748,1.69573,0.10547,8.2151,0.94752,1.72793,4.5003,1.16748,1.69573,3.13001,3.46435,3.47169,7.25087,8.2151,0.60957,13.00771
2026-02-25 20:00:00,8.00484,0.27546,1.35843,2.26012,1.15972,0.27291,0.82741,0.89412,2.69358,0.24448,0.67025,8.18535,0.3782,1.7373,3.15962,0.04132,0.02168,0.07039,0.03054,0.29858,0.4562,3.48699,1.1128,0.29503,0.64796,2.60397,15.05232,4.53131,0.02576,0.06246,0.64131,7.5921,1.14155,1.70187,0.10258,8.25134,0.92535,1.7373,4.53131,1.14155,1.70187,3.15962,3.47437,3.48699,7.28034,8.25134,0.5942,13.00771
2026-02-25 21:00:00,7.92332,0.27452,1.36425,2.23158,1.1349,0.25916,0.78055,0.86478,2.67378,0.24156,0.66583,8.04895,0.37044,1.74511,3.19035,0.04087,0.02105,0.0693,0.03051,0.29113,0.44519,3.50075,1.09436,0.28912,0.63071,2.58905,15.01275,4.55695,0.02564,0.06211,0.63298,7.64159,1.11563,1.7059,0.10117,8.28731,0.90319,1.74511,4.55695,1.11563,1.7059,3.19035,3.48519,3.50075,7.31081,8.28731,0.58588,13.00771
2026-02-25 22:00:00,7.8418,0.27026,1.33687,2.18191,1.09564,0.22645,0.66589,0.8233,2.64647,0.23917,0.66141,7.91318,0.3544,1.75104,3.222,0.04042,0.02041,0.06821,0.03044,0.28368,0.43724,3.51335,1.07736,0.28321,0.61346,2.55857,14.97318,4.57517,0.02552,0.06177,0.62881,7.69524,1.09288,1.70778,0.09971,8.32333,0.88102,1.75104,4.57517,1.09288,1.70778,3.222,3.49715,3.51335,7.34216,8.32333,0.58172,13.00771
2026-02-25 23:00:00,7.76029,0.26097,1.26612,2.09385,1.03947,0.20464,0.61535,0.76296,2.60827,0.23681,0.65715,7.77736,0.33238,1.75478,3.25428,0.03998,0.01978,0.06711,0.03029,0.27623,0.43248,3.52518,1.06247,0.27729,0.5962,2.51628,14.93362,4.58448,0.02539,0.06141,0.62427,7.74849,1.07438,1.70762,0.09826,8.35961,0.85885,1.75478,4.58448,1.07438,1.70762,3.25428,3.51048,3.52518,7.37417,8.35961,0.57718,13.00771
2026-02-26 00:00:00,7.67877,0.24664,1.2022,2.02508,0.98015,0.19647,0.58701,0.69725,2.56174,0.23493,0.65383,7.64161,0.31424,1.75631,3.28695,0.03953,0.01915,0.06601,0.03016,0.26878,0.4315,3.53669,1.04903,0.27138,0.57895,2.46535,14.89405,4.58422,0.02527,0.0611,0.61726,7.7993,1.05749,1.70557,0.09685,8.39623,0.83668,1.75631,4.58422,1.05749,1.70557,3.28695,3.52523,3.53669,7.40655,8.39623,0.57018,13.00771
2026-02-26 01:00:00,7.58105,0.23291,1.15588,1.97387,0.95997,0.19348,0.56619,0.64346,2.5169,0.23332,0.64985,7.6049,0.30041,1.75583,3.31971,0.03885,0.01868,0.065,0.03006,0.26174,0.43589,3.54825,1.03661,0.26942,0.56445,2.40761,14.8683,4.57409,0.02552,0.06088,0.60942,7.67482,1.04133,1.70106,0.09582,8.43319,0.81628,1.75583,4.57409,1.04133,1.70106,3.31971,3.54131,3.54825,7.43886,8.43319,0.56234,13.00771
2026-02-26 02:00:00,7.48333,0.22397,1.1169,1.93678,0.9259,0.19132,0.56484,0.61995,2.47646,0.2321,0.64693,7.56832,0.28945,1.7536,3.35235,0.03816,0.01821,0.06402,0.02999,0.25471,0.44361,3.56023,1.02488,0.26745,0.54994,2.34668,14.84255,4.5551,0.02577,0.06081,0.6032,7.55198,1.02545,1.69365,0.09512,8.47036,0.79589,1.7536,4.5551,1.02545,1.69365,3.35235,3.55846,3.56023,7.47059,8.47036,0.55613,13.00771
2026-02-26 03:00:00,7.38561,0.21757,1.08025,1.91273,0.89437,0.18876,0.55081,0.60991,2.43451,0.23108,0.64346,7.53223,0.28071,1.74982,3.38469,0.03748,0.01775,0.06304,0.02991,0.24767,0.45021,3.57289,1.01406,0.26549,0.53544,2.28571,14.81681,4.52819,0.02602,0.06079,0.59882,7.43097,1.00967,1.68371,0.09455,8.50752,0.77549,1.74982,4.52819,1.00967,1.68371,3.38469,3.57641,3.57289,7.50127,8.50752,0.55176,13.00771
2026-02-26 04:00:00,7.28789,0.21045,1.03578,1.88084,0.8684,0.18558,0.54111,0.60373,2.38901,0.23016,0.64069,7.49633,0.27324,1.74452,3.41663,0.0368,0.01728,0.06205,0.02976,0.24063,0.45408,3.58643,1.00517,0.26353,0.52094,2.22561,14.79106,4.49473,0.02628,0.06082,0.59644,7.31196,0.98571,1.67155,0.09389,8.54435,0.75509,1.74452,4.49473,0.98571,1.67155,3.41663,3.59495,3.58643,7.53042,8.54435,0.54938,13.00771
2026-02-26 05:00:00,7.19017,0.20018,0.97389,1.83398,0.84941,0.18346,0.53472,0.6022,2.34173,0.22928,0.63825,7.46063,0.26677,1.73771,3.44805,0.03611,0.01681,0.06108,0.02939,0.2336,0.45292,3.60088,0.99849,0.26156,0.50643,2.1667,14.76531,4.45614,0.02653,0.06089,0.59347,7.19236,0.94926,1.65744,0.09273,8.58049,0.7347,1.73771,4.45614,0.94926,1.65744,3.44805,3.61402,3.60088,7.55766,8.58049,0.54641,13.00771
2026-02-26 06:00:00,7.09245,0.1931,0.96485,1.79598,0.83674,0.18268,0.53124,0.60367,2.29364,0.22843,0.63609,7.42518,0.26126,1.72953,3.47889,0.03543,0.01634,0.06009,0.0291,0.22656,0.44226,3.61625,0.99334,0.2596,0.49193,2.10855,14.73956,4.41359,0.02678,0.06096,0.58899,7.07125,0.90712,1.64156,0.09125,8.61554,0.7143,1.72953,4.41359,0.90712,1.64156,3.47889,3.6337,3.61625,7.58268,8.61554,0.54194,13.00771
2026-02-26 07:00:00,7.02479,0.1863,0.93402,1.76583,0.82798,0.18203,0.52925,0.60549,2.24428,0.22778,0.63413,7.36181,0.25651,1.72012,3.5091,0.03549,0.01628,0.059,0.02888,0.21999,0.41461,3.63243,0.98925,0.25821,0.48259,2.05099,14.72621,4.36834,0.02664,0.06095,0.58406,6.97914,0.86308,1.62398,0.09003,8.64906,0.70653,1.72012,4.36834,0.86308,1.62398,3.5091,3.65415,3.63243,7.60525,8.64906,0.53701,13.00771
2026-02-26 08:00:00,6.95713,0.17851,0.90098,1.74145,0.8207,0.1811,0.52725,0.60383,2.19264,0.22698,0.63186,7.29889,0.25243,1.70963,3.53865,0.03555,0.01621,0.05782,0.02873,0.21341,0.37708,3.64937,0.9859,0.25681,0.47325,1.99525,14.71285,4.32084,0.02651,0.06081,0.58013,6.88805,0.81839,1.60482,0.08906,8.68064,0.69876,1.70963,4.32084,0.81839,1.60482,3.53865,3.67558,3.64937,7.62524,8.68064,0.53308,13.00771
2026-02-26 09:00:00,6.88947,0.17112,0.86992,1.72218,0.81383,0.17907,0.52429,0.59984,2.139,0.22625,0.62955,7.2363,0.24913,1.69818,3.56755,0.03561,0.01615,0.05674,0.02864,0.20684,0.34458,3.66701,0.98281,0.25542,0.46391,1.9465,14.6995,4.27176,0.02638,0.06064,0.57732,6.79808,0.77351,1.5845,0.08805,8.7099,0.691,1.69818,4.27176,0.77351,1.5845,3.56755,3.69834,3.66701,7.64257,8.7099,0.53028,13.00771
2026-02-26 10:00:00,6.8218,0.16469,0.84352,1.69907,0.80693,0.17447,0.51861,0.59473,2.08507,0.22531,0.62709,7.17395,0.24777,1.68586,3.59591,0.03566,0.01609,0.05569,0.02854,0.20027,0.31993,3.68537,0.97914,0.25402,0.45457,1.89777,14.68614,4.22211,0.02624,0.06038,0.5757,6.70927,0.7306,1.56332,0.08654,8.73651,0.68323,1.68586,4.22211,0.7306,1.56332,3.59591,3.72273,3.68537,7.65728,8.73651,0.52866,13.00771
2026-02-26 11:00:00,6.75414,0.15924,0.82384,1.6678,0.7993,0.1714,0.51164,0.58776,2.03269,0.22451,0.62474,7.11162,0.24783,1.67277,3.62371,0.03572,0.01602,0.05464,0.02836,0.19369,0.30216,3.70451,0.97453,0.25263,0.44523,1.84917,14.67279,4.17258,0.02611,0.06015,0.57358,6.61999,0.71327,1.54147,0.08351,8.76019,0.67546,1.67277,4.17258,0.71327,1.54147,3.62371,3.74874,3.70451,7.6694,8.76019,0.52654,13.00771
2026-02-26 12:00:00,6.68648,0.15458,0.81109,1.64263,0.79034,0.17026,0.50612,0.58001,1.98404,0.22382,0.62249,7.04915,0.24709,1.65899,3.65095,0.03578,0.01596,0.05359,0.02822,0.18712,0.29353,3.72458,0.96928,0.25123,0.43589,1.80129,14.65943,4.12317,0.02597,0.05987,0.57015,6.52938,0.72731,1.51908,0.07949,8.78073,0.66769,1.65899,4.12317,0.72731,1.51908,3.65095,3.77271,3.72458,7.67902,8.78073,0.52311,13.00954
