GMT,FRAC1,LTDC1,HIDC1,BHNC1,MPAC1,OWCC1,BNCC1,BCKC1,MEEC1,HPIC1,POHC1,EXQC1,DSNC1,STVC1,NWMC1,LGCC1,WARC1,LGAC1,PNEC1,LBDC1,OREC1,PATC1,HETC1,LNRC1,CHVC1F,DCMC1,NDPC1,MDSC1,NDVC1,NSWC1,AVYC1,NMSC1,OBBC1,RIPC1,PTTC1,VNSC1,KNFC1L,STVC1,MDSC1,OBBC1,RIPC1,NWMC1,CRDC1,PATC1,MZRC1,VNSC1,AVYC1L,NDPC1L
,QINE,QINE,QINE,QINE,QINE,QINE,QINE,QINE,QINE,QINE,QINE,QINE,QINE,QINE,QINE,QINE,QINE,QINE,QINE,QINE,QINE,QINE,QINE,QINE,QINE,QINE,QINE,QINE,QINE,QINE,QINE,QINE,QINE,QINE,QINE,QINE,QINE,QINE,QINE,QINE,QINE,QINE,QINE,QINE,QINE,QINE,SQIN,SQIN
2026-02-15 18:00:00,1.10042,0,0.03096,0.04142,0.012,0.002,0.005,0.005,0.00601,0.15639,0.33794,0.98729,0.00726,0.65607,1.16489,0.00036,0.00227,0.00267,0,-0.01878,0.00001,1.21914,0.4068,0.08473,0.12896,0.005,2.11866,1.29238,0.05071,0.13336,0.19802,0.09299,0.26003,0.25702,0.0011,2.84557,0.00944,0.65607,1.29238,0.26003,0.25702,1.16489,1.15251,1.21914,2.4125,2.84557,0.18035,0.40745
2026-02-15 19:00:00,1.00112,0,0.03846,0.04242,0.012,0.002,0.005,0.005,0.00543,0.15639,0.33794,1.389,0.007,0.65607,1.16489,0.00036,0.00226,0.00263,0,-0.02608,0.00001,1.21914,0.40292,0.11199,0.11524,0.005,2.27045,1.29238,0.05033,0.14074,0.19702,0.15508,0.26303,0.25702,0.0011,2.82866,0.00942,0.65607,1.29238,0.26303,0.25702,1.16489,1.15251,1.21914,2.41421,2.82866,0.17895,0.43832
2026-02-15 20:00:00,0.85232,0,0.03849,0.04242,0.012,0.002,0.005,0.005,0.00601,0.15387,0.33469,1.44664,0.007,0.65607,1.16489,0.00036,0.00226,0.00266,0,-0.02831,0.00001,1.21914,0.36423,0.14798,0.17869,0.005,2.42224,1.29598,0.05102,0.11797,0.19602,0.21751,0.26303,0.25553,0.0011,2.83711,0.00941,0.65607,1.29598,0.26303,0.25553,1.16489,1.15251,1.21914,2.4158,2.83711,0.17789,0.46919
2026-02-15 21:00:00,0.70395,0,0.03102,0.04242,0.012,0.002,0.005,0.005,0.00543,0.15119,0.33794,1.39032,0.007,0.65307,1.16489,0.00036,0.00226,0.00262,0,-0.02546,0.00001,1.21914,0.3254,0.15633,0.2238,0.004,2.57403,1.29238,0.05143,0.08409,0.19602,0.2801,0.26303,0.25553,0.0011,2.83711,0.00939,0.65307,1.29238,0.26303,0.25553,1.16489,1.15251,1.21914,2.41725,2.83711,0.17699,0.50006
2026-02-15 22:00:00,0.60541,0,0.03102,0.03434,0.013,0.002,0.005,0.005,0.00601,0.15119,0.33469,1.39212,0.007,0.65607,1.16849,0.00036,0.00225,0.00261,0,-0.0226,0.00001,1.22314,0.26729,0.1283,0.1928,0.004,2.62734,1.2996,0.05036,0.09454,0.19602,0.343,0.26003,0.25404,0.0011,2.83711,0.00937,0.65607,1.2996,0.26003,0.25404,1.16849,1.15634,1.22314,2.41864,2.83711,0.17639,0.53093
2026-02-15 23:00:00,0.57217,0,0.03099,0.03434,0.013,0.002,0.005,0.005,0.00601,0.15387,0.33146,1.27795,0.007,0.65307,1.16849,0.00036,0.00225,0.00261,0,-0.01943,0.00001,1.22714,0.19067,0.10174,0.10199,0.004,2.68066,1.2996,0.05071,0.11544,0.19602,0.4056,0.26003,0.25255,0.0011,2.83711,0.00936,0.65307,1.2996,0.26003,0.25255,1.16849,1.15634,1.22714,2.42005,2.83711,0.1755,0.5618
2026-02-16 00:00:00,0.57184,0,0.03846,0.02625,0.013,0.001,0.005,0.005,0.00601,0.15387,0.33146,1.0481,0.007,0.65607,1.16489,0.00036,0.00224,0.0026,0,-0.01377,0.00001,1.22314,0.15181,0.1028,0.0994,0.004,2.73397,1.29598,0.05142,0.10372,0.19302,0.4675,0.26003,0.25255,0.0011,2.85404,0.00934,0.65607,1.29598,0.26003,0.25255,1.16489,1.15251,1.22314,2.42143,2.85404,0.17391,0.59266
2026-02-16 01:00:00,0.605,0,0.04597,0.01717,0.013,0.001,0.004,0.005,0.00601,0.15387,0.32504,0.64544,0.007,0.65307,1.16849,0.00036,0.00224,0.0026,0,-0.00777,0.00001,1.22314,0.11295,0.08426,0.17987,0.004,2.78728,1.30322,0.05071,0.09263,0.19102,0.52794,0.26303,0.25107,0.0011,2.86253,0.00932,0.65307,1.30322,0.26303,0.25107,1.16849,1.15634,1.22314,2.42287,2.86253,0.17202,0.62353
2026-02-16 02:00:00,0.67133,0,0.05347,0.01717,0.013,0.001,0.004,0.005,0.00601,0.15387,0.32824,0.30061,0.007,0.65307,1.16489,0.00036,0.00223,0.0026,0,0.00003,0.00001,1.22314,0.01703,0.04754,0.22229,0.004,2.8406,1.30322,0.0507,0.07415,0.19302,0.58903,0.26003,0.25107,0.0011,2.84557,0.00931,0.65307,1.30322,0.26003,0.25107,1.16489,1.15251,1.22314,2.42436,2.84557,0.17053,0.6544
2026-02-16 03:00:00,0.7372,0,0.06098,0.02625,0.013,0.001,0.004,0.005,0.00665,0.15893,0.32504,0.06966,0.007,0.65007,1.16849,0.00032,0.00223,0.00259,0,0.00427,0.00001,1.21914,0,0.04756,0.11975,0.004,2.89391,1.30322,0.05213,0.08092,0.19202,0.65094,0.26303,0.24959,0.0011,2.85404,0.0093,0.65007,1.30322,0.26303,0.24959,1.16849,1.15251,1.21914,2.42573,2.85404,0.16961,0.68527
2026-02-16 04:00:00,0.80291,0,0.06845,0.02625,0.012,0.001,0.004,0.005,0.00665,0.15639,0.33146,-0.21865,0.007,0.65307,1.16489,0.00032,0.00223,0.00259,0,0.00848,0.00001,1.21914,0,0.0934,0.07954,0.004,3.05385,1.30684,0.05071,0.08768,0.19302,0.7138,0.26303,0.24812,0.0011,2.85404,0.00928,0.65307,1.30684,0.26303,0.24812,1.16489,1.15251,1.21914,2.4272,2.85404,0.16933,0.71614
2026-02-16 05:00:00,0.83509,0,0.06845,0.02625,0.012,0.001,0.004,0.005,0.00665,0.15639,0.32824,-0.27517,0.007,0.65307,1.16849,0.00032,0.00222,0.00263,0,0.01589,0.00001,1.21914,0.01507,0.12103,0.19288,0.004,3.21379,1.30684,0.05071,0.06308,0.19102,0.77738,0.26303,0.24812,0.0011,2.86253,0.00927,0.65307,1.30684,0.26303,0.24812,1.16849,1.15251,1.21914,2.42877,2.86253,0.16919,0.74701
2026-02-16 06:00:00,0.97546,0,0.06106,0.01717,0.012,0.001,0.004,0.005,0.00665,0.15639,0.33146,-0.04233,0.007,0.65307,1.16849,0.00032,0.00222,0.00263,0,0.01942,0.00001,1.21914,0,0.10249,0.2341,0.004,3.37373,1.30322,0.05034,0.05202,0.19102,0.842,0.26303,0.24812,0.0011,2.86253,0.00925,0.65307,1.30322,0.26303,0.24812,1.16849,1.15634,1.21914,2.43029,2.86253,0.16961,0.77788
2026-02-16 07:00:00,1.17683,0,0.05365,0.02625,0.012,0.001,0.004,0.005,0.00665,0.15639,0.33146,0.31136,0.007,0.65307,1.1721,0.00032,0.00222,0.00262,0,0.02119,0.00001,1.21914,0,0.09265,0.20596,0.004,3.53367,1.31408,0.0514,0.07173,0.18902,0.95699,0.26303,0.24666,0.0011,2.86253,0.01373,0.65307,1.31408,0.26303,0.24666,1.1721,1.16018,1.21914,2.43184,2.86253,0.17037,0.80875
2026-02-16 08:00:00,1.29721,0,0.04611,0.03434,0.012,0.001,0.004,0.005,0.00665,0.15387,0.33146,0.72397,0.007,0.65307,1.1721,0.00032,0.00221,0.00262,0,0.01763,0.00001,1.21514,0,0.12931,0.16505,0.004,3.69361,1.32133,0.05033,0.10437,0.19102,1.07314,0.26303,0.24666,0.00123,2.87102,0.01821,0.65307,1.32133,0.26303,0.24666,1.1721,1.16018,1.21514,2.43334,2.87102,0.17092,0.83961
2026-02-16 09:00:00,1.4177,0,0.04609,0.02525,0.012,0.002,0.004,0.005,0.00665,0.15387,0.33469,0.96193,0.007,0.65307,1.1721,0.00032,0.00221,0.00262,0,0.01054,0.00001,1.21914,0,0.14785,0.1783,0.004,3.85355,1.33952,0.05004,0.10684,0.19102,1.19081,0.26303,0.24666,0.00123,2.87102,0.0227,0.65307,1.33952,0.26303,0.24666,1.1721,1.16018,1.21914,2.43474,2.87102,0.17166,0.87048
2026-02-16 10:00:00,1.60279,0,0.04609,0.03434,0.012,0.002,0.004,0.005,0.00665,0.15119,0.33469,1.19786,0.007,0.65307,1.17571,0.00032,0.00221,0.00261,0,0.01763,0.00001,1.21914,0,0.12026,0.24696,0.005,4.03817,1.37978,0.04932,0.11302,0.19402,1.3099,0.26703,0.24666,0.00137,2.87102,0.02718,0.65307,1.37978,0.26703,0.24666,1.17571,1.16403,1.21914,2.43636,2.87102,0.17246,0.90135
2026-02-16 11:00:00,1.82151,0,0.04609,0.03434,0.012,0.002,0.004,0.005,0.00665,0.15119,0.33146,1.31679,0.007,0.65607,1.17571,0.00032,0.0022,0.00261,0,0.02119,0.00001,1.22314,0,0.10139,0.28269,0.008,4.22279,1.43523,0.04931,0.13765,0.19302,1.4311,0.26703,0.24812,0.00137,2.87953,0.03166,0.65607,1.43523,0.26703,0.24812,1.17571,1.16788,1.22314,2.43852,2.87953,0.17386,0.93222
2026-02-16 12:00:00,1.91541,0,0.04597,0.04242,0.012,0.002,0.004,0.005,0.00665,0.14854,0.33146,1.14292,0.007,0.65807,1.17933,0.00032,0.0022,0.0026,0,0.01236,0.00001,1.23114,0,0.1192,0.21332,0.008,4.40741,1.49131,0.05002,0.16229,0.19602,1.55606,0.27003,0.25107,0.00152,2.87953,0.03614,0.65807,1.49131,0.27003,0.25107,1.17933,1.17173,1.23114,2.44168,2.87953,0.177,1.60639
2026-02-16 13:00:00,1.96335,0,0.05344,0.04242,0.012,0.002,0.004,0.005,0.00665,0.15119,0.33146,0.84665,0.00726,0.66107,1.18657,0.00036,0.0022,0.0026,0,0.01236,0.00001,1.23914,0.02098,0.12905,0.14422,0.009,4.59202,1.5556,0.05074,0.18074,0.19802,1.90001,0.27403,0.24812,0.00172,2.87102,0.04502,0.66107,1.5556,0.27403,0.24812,1.18657,1.17946,1.23914,2.44692,2.87102,0.18097,2.45379
2026-02-16 14:00:00,2.05905,0,0.06103,0.06059,0.012,0.002,0.004,0.005,0.00736,0.15119,0.33146,0.66882,0.00752,0.66107,1.19383,0.00044,0.00219,0.00259,0,0.01886,0.00001,1.24714,0.14596,0.12878,0.21338,0.014,4.77664,1.63223,0.05076,0.20105,0.20502,2.24307,0.27803,0.24959,0.00192,2.87953,0.05389,0.66107,1.63223,0.27803,0.24959,1.19383,1.17946,1.24714,2.45507,2.87953,0.18404,2.46202
2026-02-16 15:00:00,2.2509,0,0.06851,0.08584,0.012,0.002,0.005,0.005,0.00736,0.15119,0.33146,0.9645,0.00752,0.66107,1.1902,0.00054,0.00219,0.00255,0,0.0354,0.00001,1.26414,0.27178,0.13759,0.3167,0.006,4.96126,1.67482,0.05177,0.21276,0.20902,2.58635,0.27803,0.25107,0.00214,2.89657,0.06277,0.66107,1.67482,0.27803,0.25107,1.1902,1.18333,1.26414,2.46642,2.89657,0.18731,2.47103
2026-02-16 16:00:00,2.4423,0,0.07598,0.08484,0.024,0.003,0.005,0.005,0.00814,0.15119,0.32824,1.20108,0.0078,0.66107,1.19383,0.00079,0.00219,0.00255,0,0.03779,0.00001,1.26814,0.31973,0.15617,0.3656,0.005,5.1623,1.71381,0.05286,0.1783,0.21102,2.92953,0.28103,0.25404,0.00262,2.89657,0.07164,0.66107,1.71381,0.28103,0.25404,1.19383,1.18333,1.26814,2.48131,2.89657,0.19051,2.48095
2026-02-16 17:00:00,2.48978,0,0.106,0.10201,0.025,0.003,0.005,0.005,0.009,0.15119,0.33146,1.43938,0.0078,0.66307,1.19383,0.00101,0.00218,0.00254,0,0.03402,0.00001,1.27614,0.38773,0.17512,0.3243,0.008,5.36335,1.76095,0.05217,0.17521,0.21702,3.27499,0.28503,0.26003,0.00289,2.92222,0.08052,0.66307,1.76095,0.28503,0.26003,1.19383,1.19109,1.27614,2.49941,2.92222,0.19599,2.49191
2026-02-16 18:00:00,2.49028,0,0.14361,0.12826,0.025,0.005,0.006,0.005,0.009,0.15119,0.33146,1.97337,0.00808,0.66307,1.19383,0.00139,0.00218,0.00254,0,0.04003,0.00001,1.28114,0.47973,0.19448,0.31707,0.012,5.56439,1.82037,0.05462,0.17332,0.22002,3.62704,0.29203,0.26589,0.00376,2.93079,0.08939,0.66307,1.82037,0.29203,0.26589,1.19383,1.19109,1.28114,2.51952,2.93079,0.20805,2.50408
2026-02-16 19:00:00,2.49028,0,0.15109,0.13635,0.025,0.005,0.006,0.006,0.00995,0.15119,0.33469,2.20995,0.00808,0.66807,1.20474,0.00257,0.00219,0.00254,0,0.04073,0.00001,1.29314,0.57569,0.23966,0.46423,0.018,5.76543,1.89645,0.05395,0.18253,0.22503,4.1685,0.29603,0.27483,0.00437,2.94796,0.14463,0.66807,1.89645,0.29603,0.27483,1.20474,1.19888,1.29314,2.54124,2.94796,0.22325,2.5177
2026-02-16 20:00:00,2.44229,0,0.1435,0.11009,0.026,0.018,0.007,0.006,0.0141,0.15639,0.33794,2.32809,0.00838,0.67107,1.20839,0.00291,0.00219,0.00253,0,0.03847,0.00001,1.31015,0.53887,0.23024,0.5041,0.039,5.96648,1.98974,0.05433,0.1936,0.23203,4.57121,0.30403,0.28088,0.00536,2.97379,0.19986,0.67107,1.98974,0.30403,0.28088,1.20839,1.20668,1.31015,2.56496,2.97379,0.23501,2.53301
2026-02-16 21:00:00,2.2025,0,0.13602,0.10201,0.027,0.007,0.008,0.006,0.01195,0.1615,0.34778,2.50661,0.00838,0.66807,1.20839,0.00682,0.0022,0.00253,0,0.03326,0.00001,1.32315,0.52039,0.19425,0.40524,0.018,6.16752,2.06364,0.0568,0.18127,0.23503,4.83731,0.31103,0.27785,0.00572,2.99107,0.2551,0.66807,2.06364,0.31103,0.27785,1.20839,1.21452,1.32315,2.59151,2.99107,0.24336,2.55036
2026-02-16 22:00:00,1.91522,0,0.16607,0.11109,0.027,0.007,0.009,0.007,0.00995,0.1615,0.35442,2.80442,0.00838,0.66807,1.20839,0.00925,0.00221,0.00253,0,0.02475,0.00001,1.33115,0.57898,0.21207,0.36797,0.019,6.4048,2.09258,0.05642,0.27541,0.23903,4.96699,0.31103,0.27634,0.00648,3.0084,0.31034,0.66807,2.09258,0.31103,0.27634,1.20839,1.21452,1.33115,2.62196,3.0084,0.24732,2.57019
2026-02-16 23:00:00,1.81979,0,0.15112,0.12018,0.016,0.008,0.01,0.007,0.00995,0.16409,0.35442,3.03332,0.00868,0.67107,1.2157,0.01161,0.00221,0.00252,0,0.01554,0.00001,1.33115,0.57985,0.22992,0.43885,0.016,6.64209,2.10502,0.05853,0.30926,0.24203,4.97109,0.32604,0.27785,0.00687,3.02576,0.36557,0.67107,2.10502,0.32604,0.27785,1.2157,1.21844,1.33115,2.6558,3.02576,0.25173,2.59308
2026-02-17 00:00:00,1.91526,0,0.09853,0.12826,0.029,0.008,0.024,0.007,0.01298,0.1615,0.35442,3.1279,0.00932,0.67408,1.21936,0.01413,0.00222,0.00252,0,0.00895,0.00001,1.33115,0.54138,0.22012,0.48754,0.012,6.87937,2.09673,0.05823,0.30249,0.24703,4.84909,0.35804,0.27785,0.00814,3.06062,0.42081,0.67408,2.09673,0.35804,0.27785,1.21936,1.22237,1.33115,2.68909,3.06062,0.25646,2.61977
2026-02-17 01:00:00,2.2985,0,0.09096,0.12018,0.06801,0.013,0.018,0.01,0.01662,0.15971,0.36112,3.33191,0.01035,0.67408,1.22302,0.01547,0.00222,0.00256,0,0.00353,0.00001,1.33115,0.50347,0.1932,0.41569,0.011,7.11665,2.0719,0.0617,0.31788,0.24903,4.96866,0.43805,0.27634,0.00859,3.08687,0.54654,0.67408,2.0719,0.43805,0.27634,1.22302,1.23024,1.33115,2.72188,3.08687,0.26078,2.65132
2026-02-17 02:00:00,2.6822,0,0.0985,0.14643,0.09601,0.026,0.49506,0.013,0.01804,0.15791,0.36111,3.57221,0.01107,0.67608,1.22302,0.02579,0.00222,0.00264,0,0.00165,0.0013,1.32715,0.55962,0.1939,0.4336,0.011,7.35394,2.05951,0.06277,0.30496,0.25203,5.06852,0.66307,0.27936,0.00905,3.12203,0.67227,0.67608,2.05951,0.66307,0.27936,1.22302,1.23419,1.32715,2.75324,3.12203,0.26437,2.68919
2026-02-17 03:00:00,2.92177,0,0.11356,0.1636,0.12401,0.044,1.15613,0.033,0.02124,0.15608,0.35987,3.316,0.01107,0.67608,1.22669,0.03173,0.00223,0.00275,0,0.00212,0.00172,1.32715,0.61661,0.21171,0.46823,0.013,7.59122,2.04715,0.06312,0.32897,0.25303,5.14683,0.8931,0.28393,0.00953,3.15736,0.798,0.67608,2.04715,0.8931,0.28393,1.22669,1.2421,1.32715,2.78221,3.15736,0.26578,2.73546
2026-02-17 04:00:00,3.1611,0,0.09111,0.15452,0.05901,0.08601,1.19213,0.04,0.02735,0.15422,0.35776,2.75145,0.01354,0.67908,1.23036,0.02869,0.00223,0.00301,0,0.00591,0.00208,1.32715,0.57794,0.19389,0.389,0.01,7.8285,2.03892,0.06282,0.25761,0.25403,5.20432,1.23614,0.28855,0.00905,3.19286,0.92373,0.67908,2.03892,1.23614,0.28855,1.23036,1.25002,1.32715,2.80877,3.19286,0.26534,2.7933
2026-02-17 05:00:00,3.25896,0,0.09105,0.13735,0.08501,0.06101,1.38315,0.037,0.03268,0.15235,0.35442,2.54022,0.7506,0.68108,1.23036,0.03362,0.00223,0.00325,0,0.00359,0.00208,1.32715,0.55682,0.18097,0.39162,0.009,8.06578,2.03892,0.06522,0.21885,0.25303,5.24186,1.62118,0.29477,0.00859,3.23632,1.04946,0.68108,2.03892,1.62118,0.29477,1.23036,1.25797,1.32715,2.83336,3.23632,0.26351,2.86768
2026-02-17 06:00:00,3.1982,0,0.12857,0.12926,0.14002,0.08701,1.75019,0.26803,0.0472,0.15045,0.34778,2.43027,1.71533,0.68108,1.23403,0.03427,0.00223,0.00385,0,0.0095,0.00221,1.33115,0.59577,0.18282,0.46766,0.008,8.30307,2.05127,0.06557,0.24286,0.24603,5.25644,1.8142,0.30106,0.00859,3.2965,1.17519,0.68108,2.05127,1.8142,0.30106,1.23403,1.26196,1.33115,2.85623,3.2965,0.2576,2.96684
2026-02-17 07:00:00,2.99328,0,0.12863,0.15452,0.12301,0.07201,1.7522,0.26403,0.36494,0.14856,0.33794,2.4733,1.6785,0.68408,1.23403,0.03299,0.00223,0.00489,0.03226,0.01774,0.00221,1.33115,0.53841,0.15782,0.49429,0.015,8.54035,2.07603,0.06661,0.17209,0.24503,5.3493,1.72219,0.30583,0.00905,3.33931,1.11808,0.68408,2.07603,1.72219,0.30583,1.23403,1.26595,1.33115,2.87781,3.33931,0.24952,3.10566
2026-02-17 08:00:00,3.05856,0,0.1286,0.17169,0.08401,0.06601,1.56417,0.35404,0.69346,0.14638,0.33,2.64222,1.57455,0.68608,1.23771,0.03362,0.00223,0.00862,0.03114,0.01539,0.00221,1.34415,0.44105,0.14117,0.45285,0.01,8.77763,2.08844,0.06837,0.13209,0.24303,5.44354,1.47216,0.31064,0.00953,3.3737,1.06097,0.68608,2.08844,1.47216,0.31064,1.23771,1.26595,1.34415,2.89875,3.3737,0.24337,3.3139
2026-02-17 09:00:00,3.36305,0,0.13608,0.17169,0.11501,0.07801,1.26814,0.42205,0.8671,0.14418,0.32185,2.94513,1.33825,0.68908,1.24139,0.03111,0.00223,0.01249,0.0334,0.01424,0.00221,1.34015,0.45941,0.13397,0.42884,0.009,9.01491,2.09258,0.06735,0.1481,0.23903,5.53855,1.21013,0.31713,0.01052,3.42554,1.00386,0.68908,2.09258,1.21013,0.31713,1.24139,1.26595,1.34015,2.9198,3.42554,0.23855,3.66097
2026-02-17 10:00:00,3.44508,0,0.14361,0.19794,0.14302,0.12201,1.07112,0.66507,1.05312,0.14186,0.31238,3.22673,1.14264,0.69208,1.24139,0.02752,0.00223,0.01626,0.03694,0.00951,0.00221,1.34415,0.49784,0.10897,0.47666,0.013,8.24633,2.09258,0.06867,0.16532,0.23103,5.63541,1.00311,0.32527,0.01102,3.4603,0.94675,0.69208,2.09258,1.00311,0.32527,1.24139,1.26595,1.34415,2.94099,3.4603,0.23582,4.35509
2026-02-17 11:00:00,3.5094,0,0.15862,0.21511,0.30503,0.13802,0.8721,0.72908,1.25492,0.13965,0.30615,3.16978,1.0198,0.69408,1.24876,0.02579,0.00223,0.033,0.03816,0.01419,0.00208,1.34415,0.51854,0.07902,0.51219,0.018,7.47775,2.10087,0.0687,0.1536,0.22402,5.73044,0.8701,0.33671,0.01154,3.49519,0.88964,0.69408,2.10087,0.8701,0.33671,1.24876,1.26595,1.34415,2.96179,3.49519,0.23225,6.43748
2026-02-17 12:00:00,3.64472,0,0.18116,0.21511,0.47105,0.13802,0.79609,0.74508,1.40755,0.13754,0.29999,2.96861,0.89446,0.69708,1.25246,0.0225,0.00223,0.03117,0.03456,0,0.00208,1.34815,0.48064,0.02557,0.48059,0.024,6.70918,2.10502,0.06837,0.14807,0.21802,5.82216,0.78409,0.35006,0.01154,3.52146,0.83253,0.69708,2.10502,0.78409,0.35006,1.25246,1.26595,1.34815,2.98184,3.52146,0.22684,5.4543
2026-02-17 13:00:00,3.86708,0,0.21118,0.23227,0.58106,0.10201,0.69808,0.72508,1.53275,0.13545,0.29389,2.70884,0.80072,0.70008,1.25615,0.01934,0.00223,0.03635,0.02789,-0.01416,0.00221,1.34415,0.48181,0.00737,0.3765,0.03,5.9406,2.10087,0.06696,0.19119,0.21102,6.06629,0.73108,0.36542,0.01318,3.54782,0.79889,0.70008,2.10087,0.73108,0.36542,1.25615,1.26595,1.34415,3.00128,3.54782,0.22083,4.33085
2026-02-17 14:00:00,4.20032,0,0.24117,0.26553,0.53506,0.09001,0.64707,0.70108,1.61475,0.13337,0.28785,2.38686,0.70552,0.70508,1.26356,0.01833,0.00222,0.03562,0.02384,0.06021,0.00234,1.34815,0.38512,0.02588,0.31653,0.034,5.17202,2.10087,0.0694,0.20475,0.20702,6.28818,0.68808,0.38291,0.01262,3.58308,0.76526,0.70508,2.10087,0.68808,0.38291,1.26356,1.26595,1.34815,3.02021,3.58308,0.21606,4.57505
2026-02-17 15:00:00,4.36723,0,0.25615,0.31695,0.51706,0.027,0.60707,0.70108,1.69496,0.13582,0.28188,2.27065,0.59757,0.70508,1.26727,0.01687,0.00222,0.03565,0.02011,0.06727,0.00263,1.34415,0.30586,0.0168,0.42369,0.04,4.40344,2.10917,0.07042,0.23983,0.20502,6.48861,0.65807,0.40342,0.01262,3.59192,0.73162,0.70508,2.10917,0.65807,0.40342,1.26727,1.26994,1.34415,3.03827,3.59192,0.21276,4.81925
2026-02-17 16:00:00,4.36749,0,0.28611,0.37746,0.49005,0.008,0.51706,0.73208,1.75378,0.13582,0.28188,2.48331,0.5002,0.71008,1.27098,0.01593,0.00222,0.03454,0.01752,0,0.00294,1.34815,0.36253,0.0172,0.51045,0.05301,4.18953,2.11334,0.06937,0.24536,0.20202,6.66814,0.61607,0.43298,0.01262,3.61849,0.69798,0.71008,2.11334,0.61607,0.43298,1.27098,1.26994,1.34815,3.05537,3.61849,0.21104,5.06345
2026-02-17 17:00:00,4.31231,0,0.29367,0.42888,0.52806,0.05401,0.33704,0.77909,1.78178,0.1383,0.27891,2.58939,0.40671,0.71008,1.27842,0.01547,0.00221,0.03249,0.01511,-0.00707,0.00363,1.34415,0.30284,0.07245,0.42194,0.09701,3.97561,2.12581,0.06974,0.22899,0.20202,6.82366,0.57906,0.47582,0.01262,3.64515,0.66435,0.71008,2.12581,0.57906,0.47582,1.27842,1.27394,1.34415,3.07188,3.64515,0.20894,5.30764
2026-02-17 18:00:00,4.14514,0,0.28614,0.48031,0.59507,0.06201,0.33168,0.74908,1.79858,0.14335,0.27891,2.80282,0.30935,0.71308,1.28587,0.0137,0.00221,0.0301,0.01288,0.01062,0.00462,1.34415,0.22225,0.10769,0.3861,0.27503,3.7617,2.13414,0.07083,0.3304,0.20302,6.95409,0.55506,0.52943,0.01208,3.66297,0.63071,0.71308,2.13414,0.55506,0.52943,1.28587,1.27394,1.34415,3.08789,3.66297,0.20596,5.55184
2026-02-17 19:00:00,3.64384,0,0.30115,0.53165,0.68008,0.08301,0.33504,0.70308,1.80978,0.14854,0.27891,3.02822,0.26506,0.71808,1.2896,0.01244,0.00221,0.02856,0.01149,0.02478,0.00603,1.34015,0.35422,0.11608,0.422,0.64107,3.54779,2.14665,0.07041,0.41764,0.20402,7.17569,0.52706,0.59007,0.01376,3.68976,0.81779,0.71808,2.14665,0.52706,0.59007,1.2896,1.27795,1.34015,3.10356,3.68976,0.20275,5.79604
2026-02-17 20:00:00,2.80952,0,0.30123,0.55881,0.65307,0.07201,0.34504,0.65707,1.79858,0.14748,0.28188,3.14675,0.22701,0.72308,1.29707,0.01244,0.00221,0.02664,0.01018,-0.04603,0.0071,1.35215,0.66448,0.14396,0.4485,1.05812,3.33387,2.20952,0.07394,0.44518,0.20902,7.40087,0.51106,0.66007,0.01494,3.69871,1.00487,0.72308,2.20952,0.51106,0.66007,1.29707,1.28196,1.35215,3.11901,3.69871,0.20019,6.04023
2026-02-17 21:00:00,2.19786,0,0.32378,0.59407,0.59207,0.06601,0.33604,0.58907,1.7622,0.14617,0.28486,3.42729,0.19707,0.73108,1.31208,0.01204,0.00221,0.0244,0.00955,-0.04247,0.00996,1.35215,0.64836,0.15379,0.48975,1.45016,3.11996,2.36251,0.07254,0.4364,0.20902,7.62984,0.49506,0.72433,0.01494,3.7346,1.19194,0.73108,2.36251,0.49506,0.72433,1.31208,1.29,1.35215,3.13426,3.7346,0.19837,6.28443
2026-02-17 22:00:00,1.91953,0,0.33125,0.60215,0.52506,0.05001,0.33904,0.55806,1.72016,0.14515,0.28785,3.77941,0.17883,0.73908,1.3196,0.01244,0.0022,0.02221,0.00895,0.04253,0.01223,1.36515,0.55136,0.19913,0.45527,1.7742,3.11996,2.55784,0.07293,0.44733,0.21102,7.86261,0.48805,0.77822,0.01494,3.7526,1.37902,0.73908,2.55784,0.48805,0.77822,1.3196,1.29806,1.36515,3.1508,3.7526,0.1973,6.52863
2026-02-17 23:00:00,1.8078,0,0.34617,0.58507,0.47505,0.06001,0.34304,0.50706,1.65576,0.14418,0.29086,4.24517,0.17103,0.75308,1.3309,0.01285,0.0022,0.02094,0.00836,0.05668,0.02272,1.37415,0.61088,0.21763,0.43989,2.01822,3.11996,2.74409,0.07746,0.49559,0.21602,8.09701,0.48405,0.82246,0.01747,3.7887,1.5661,0.75308,2.74409,0.48405,0.82246,1.3309,1.30615,1.37415,3.17221,3.7887,0.19587,6.77283
2026-02-18 00:00:00,1.8632,0,0.36118,0.59917,0.44705,0.06001,0.41205,0.45305,1.55435,0.14349,0.29879,4.60624,0.1808,0.76909,1.33846,0.01502,0.0022,0.01987,0.00836,0.05315,0.02521,1.38215,0.7099,0.21857,0.49441,2.21125,3.11996,2.93406,0.08096,0.431,0.21902,8.33184,0.51106,0.84873,0.01814,3.81589,1.75318,0.76909,2.93406,0.51106,0.84873,1.33846,1.31426,1.38215,3.2016,3.81589,0.1935,7.01702
2026-02-18 01:00:00,2.14184,0,0.36112,0.59469,0.44105,0.06201,0.63907,0.43405,1.45695,0.14282,0.30502,5.37459,0.24779,0.78809,1.34983,0.02091,0.02702,0.0188,0.00836,0.10274,0.02787,1.38715,0.63293,0.24626,0.58241,2.33226,3.11996,3.11582,0.08449,0.36761,0.22102,7.998,0.56706,0.85905,0.01951,3.85225,1.82084,0.78809,3.11582,0.56706,0.85905,1.34983,1.32646,1.38715,3.23896,3.85225,0.19077,6.77063
2026-02-18 02:00:00,2.64261,0,0.69969,0.58523,0.74295,0.10579,0.74619,0.53866,1.42372,0.14216,0.3107,6.35622,1.14646,0.81309,1.36123,0.03111,0.05184,0.01805,0.00779,0.34355,0.03144,1.39116,0.45837,0.25602,0.55182,2.41827,3.11996,3.25551,0.09076,0.391,0.20902,7.65548,0.68008,0.86214,0.02242,3.87048,1.88851,0.81309,3.25551,0.68008,0.86214,1.36123,1.33462,1.39116,3.28384,3.87048,0.18861,6.52424
2026-02-18 03:00:00,3.30998,0,1.27187,0.51481,0.85272,0.16735,0.88012,1.07959,1.39921,0.14152,0.31553,6.86287,1.73831,0.83609,1.37648,0.05819,0.07666,0.01745,0.00779,0.75791,0.0345,1.40016,0.45766,0.29358,0.38353,2.45627,3.11996,3.37872,0.09876,0.33503,0.20202,7.30419,0.9061,0.85597,0.02094,3.91624,1.95617,0.83609,3.37872,0.9061,0.85597,1.37648,1.3428,1.40016,3.33616,3.91624,0.18708,6.27785
2026-02-18 04:00:00,4.14479,0,1.4378,0.56907,0.97275,0.26981,1.11596,1.40475,1.38451,0.1409,0.31553,7.17096,2.11805,0.8641,1.38796,0.37677,0.10148,0.01604,0.00725,1.17224,0.03775,1.40416,0.47482,0.28538,0.37149,2.47328,3.11996,3.46903,0.10313,0.25442,0.19802,6.94407,1.14313,0.84392,0.02022,3.95299,2.02383,0.8641,3.46903,1.14313,0.84392,1.38796,1.351,1.40416,3.39461,3.95299,0.18627,6.03145
2026-02-18 05:00:00,4.87248,0,1.65841,0.70208,1.10908,0.34758,1.27632,1.67887,1.3821,0.14028,0.31553,7.77091,2.57069,0.8961,1.41102,0.69584,0.1263,0.01493,0.02011,1.47677,0.0386,1.40816,0.46818,0.24898,0.38548,2.45627,3.11996,3.55556,0.10442,0.22979,0.19302,6.57358,1.33715,0.82483,0.02094,3.9899,2.0915,0.8961,3.55556,1.33715,0.82483,1.41102,1.35923,1.40816,3.45755,3.9899,0.18526,5.78506
2026-02-18 06:00:00,5.34151,0,1.87676,0.78092,1.27862,0.39452,1.41291,1.80353,1.40057,0.13968,0.30926,8.323,2.90966,0.9311,1.42647,0.68991,0.15112,0.0152,0.02895,1.77071,0.0386,1.41316,0.43911,0.24863,0.23219,2.42727,3.11996,3.62254,0.10844,0.21193,0.19502,6.19236,1.48817,0.80319,0.02094,4.06415,2.15916,0.9311,3.62254,1.48817,0.80319,1.42647,1.36748,1.41316,3.52345,4.06415,0.1838,5.53867
2026-02-18 07:00:00,5.57158,0,2.03773,0.95036,1.49017,0.42505,1.52417,1.89721,1.44755,0.13909,0.30306,8.45721,2.77038,0.97211,1.45364,0.63489,0.15136,0.54288,0.02685,2.02218,0.41836,1.41716,0.34817,0.2315,0.10021,2.37326,3.11996,3.69023,0.11074,0.18977,0.19602,5.75099,1.52117,0.77547,0.02475,4.13897,1.99823,0.97211,3.69023,1.52117,0.77547,1.45364,1.37989,1.41716,3.59111,4.13897,0.18221,5.29227
2026-02-18 08:00:00,5.67288,0,2.17088,1.16813,2.30226,0.36704,1.62618,2.19424,1.58076,0.13823,0.27597,8.27147,2.40017,1.00811,1.47708,0.57946,0.15159,0.73591,0.09527,2.07883,0.45986,1.42616,0.1859,0.21325,0.10523,2.30426,3.11996,3.73751,0.10794,0.15469,0.18902,5.32081,1.40116,0.7483,0.03067,4.21437,1.83729,1.00811,3.73751,1.40116,0.7483,1.47708,1.3882,1.42616,3.65979,4.21437,0.18095,5.04588
2026-02-18 09:00:00,5.58576,0,2.24277,1.38491,2.6703,0.32104,1.63018,2.31326,1.73698,0.13732,0.23909,7.97737,2.06575,1.04212,1.50854,0.4332,0.15183,0.7323,0.55851,1.8911,0.43879,1.42616,0.19099,0.2028,0.16933,2.20425,3.11996,3.75335,0.10989,0.16823,0.18602,4.90177,1.22614,0.71906,0.08198,4.29988,1.67636,1.04212,3.75335,1.22614,0.71906,1.50854,1.4007,1.42616,3.72891,4.29988,0.18005,4.79949
2026-02-18 10:00:00,5.38924,0,2.18655,1.71169,2.6533,0.29803,1.49317,2.16024,1.87521,0.13626,0.23636,7.80917,1.86811,1.07612,1.54023,0.34482,0.15207,0.7168,0.50117,1.62907,0.41836,1.43416,0.27921,0.19347,0.17143,2.10223,3.13334,3.75863,0.10539,0.2119,0.18602,4.49375,1.07212,0.69049,0.08327,4.39574,1.51543,1.07612,3.75863,1.07212,0.69049,1.54023,1.41325,1.43416,3.79798,4.39574,0.17951,4.5531
2026-02-18 11:00:00,5.30017,0,1.95282,2.05656,2.55228,0.27503,1.35115,2.08823,1.99089,0.13527,0.24736,7.18081,1.76174,1.10412,1.56815,0.24339,0.1523,0.58121,1.24951,1.51223,0.40343,1.44316,0.31869,0.19268,0.12947,1.99622,3.14671,3.76922,0.10365,0.20204,0.18002,4.09618,0.96411,0.66257,0.08071,4.49248,1.35449,1.10412,3.76922,0.96411,0.66257,1.56815,1.42584,1.44316,3.86613,4.49248,0.1788,4.3067
2026-02-18 12:00:00,5.3277,0,1.75111,2.32368,2.34326,0.27603,1.25414,2.06123,2.09623,0.13434,0.25015,6.32873,1.62332,1.12613,1.60028,0.2049,0.15254,0.51568,1.11098,1.42374,0.37465,1.45216,0.34033,0.20082,0.11045,1.88921,3.16009,3.76392,0.09882,0.17187,0.18902,3.7088,0.8971,0.64098,0.0757,4.59012,1.19356,1.12613,3.76392,0.8971,0.64098,1.60028,1.43848,1.45216,3.93285,4.59012,0.17762,3.88911
2026-02-18 13:00:00,5.39514,0,1.60377,2.46986,2.17624,0.27603,1.30415,1.88921,2.19324,0.13337,0.24736,5.57348,1.44342,1.14613,1.63263,0.16543,0.13182,0.44808,0.90167,1.3175,0.3517,1.45616,0.28908,0.21008,0.1725,1.7812,3.17346,3.76922,0.09498,0.15586,0.19302,3.56157,0.84709,0.62452,0.07447,4.68863,1.11754,1.14613,3.76922,0.84709,0.62452,1.63263,1.45542,1.45616,3.99764,4.68863,0.17625,2.96513
2026-02-18 14:00:00,5.33728,0,1.48978,2.44369,2.00422,0.24103,1.15813,1.70219,2.31823,0.13337,0.23909,5.00167,1.28108,1.16213,1.66522,0.13149,0.1111,0.38862,0.71079,1.07315,0.34722,1.46516,0.36183,0.18257,0.25856,1.71519,3.18684,3.78513,0.09197,0.14292,0.19602,3.41651,0.79809,0.61523,0.07205,4.78803,1.04152,1.16213,3.78513,0.79809,0.61523,1.66522,1.48098,1.46516,4.05963,4.78803,0.17517,2.94096
2026-02-18 15:00:00,5.24519,0,1.3997,2.32976,1.72719,0.21238,1.02697,1.51554,2.44286,0.13275,0.24459,4.67047,1.12744,1.17413,1.70215,0.1178,0.09038,0.35665,0.49,0.85005,0.32539,1.47416,0.38098,0.16509,0.19475,1.69119,3.20021,3.8064,0.08783,0.10966,0.20302,3.2736,0.74008,0.61061,0.06848,4.87824,0.96551,1.17413,3.8064,0.74008,0.61061,1.70215,1.49814,1.47416,4.11874,4.87824,0.17437,2.93291
2026-02-18 16:00:00,5.02574,0,1.31468,2.15116,0.85144,0.16423,0.85163,1.31194,2.57246,0.13203,0.25015,4.39977,0.99204,1.18113,1.73107,0.10261,0.06965,0.31548,0.41139,0.76147,0.32114,1.48717,0.34265,0.1647,0.09794,1.71819,3.03817,3.83844,0.0851,0.11705,0.20502,3.13286,0.68808,0.61987,0.06615,4.9793,0.88949,1.18113,3.83844,0.68808,0.61987,1.73107,1.5197,1.48717,4.1754,4.9793,0.17389,2.92888
2026-02-18 17:00:00,4.68064,0,1.24297,1.91721,0.81648,0.13201,0.74808,1.12813,2.67947,0.13157,0.25861,4.29095,0.80627,1.18713,1.76016,0.08848,0.04893,0.27074,0.31662,0.65521,0.30446,1.50117,0.36263,0.16398,0.1411,1.8202,2.87614,3.88677,0.08267,0.14539,0.20802,2.99388,0.64207,0.64098,0.06615,5.06078,0.81347,1.18713,3.88677,0.64207,0.64098,1.76016,1.54576,1.50117,4.23029,5.06078,0.17323,2.92646
2026-02-18 18:00:00,4.17852,0,1.16327,1.68227,0.7741,0.12001,0.71108,0.99111,2.76089,0.13086,0.26147,4.34264,0.65707,1.19113,1.78523,0.07734,0.02821,0.23138,0.27459,0.50291,0.28053,1.50917,0.30572,0.17477,0.22569,1.96922,2.7141,3.94631,0.08066,0.13438,0.21402,2.85638,0.60007,0.67772,0.065,5.13253,0.73745,1.19113,3.94631,0.60007,0.67772,1.78523,1.57201,1.50917,4.28395,5.13253,0.17213,2.92485
2026-02-18 19:00:00,3.58256,0,1.05971,1.48058,0.98711,0.10801,0.66107,0.9061,2.81,0.13015,0.26722,4.39436,0.54717,1.19113,1.81043,0.0688,0.02522,0.20093,0.22695,0.33293,0.26903,1.52717,0.36459,0.16513,0.17653,2.13324,2.71313,4.02833,0.07866,0.16382,0.22002,2.7741,0.57106,0.72169,0.06161,5.2254,0.69272,1.19113,4.02833,0.57106,0.72169,1.81043,1.59846,1.52717,4.33707,5.2254,0.17085,2.9237
2026-02-18 20:00:00,2.98645,0,0.96412,1.31315,0.8791,0.10801,0.61207,0.83109,2.83219,0.12969,0.27597,4.31683,0.46104,1.19713,1.83575,0.06076,0.02222,0.16978,0.19561,0.32937,0.25785,1.54517,0.36744,0.15476,0.08764,2.30426,2.71217,4.13359,0.07788,0.18202,0.22703,2.69045,0.54306,0.77273,0.05939,5.28771,0.64799,1.19713,4.13359,0.54306,0.77273,1.83575,1.62509,1.54517,4.39053,5.28771,0.16984,2.92284
2026-02-18 21:00:00,2.32828,0,0.86056,1.17297,0.81109,0.08301,0.55906,0.77809,2.82478,0.129,0.27891,4.16016,0.36914,1.19713,1.85695,0.05403,0.01923,0.14179,0.17581,0.3754,0.23988,1.55917,0.31969,0.15441,0.11656,2.46027,2.71121,4.23472,0.07659,0.19712,0.22903,2.60543,0.51906,0.82009,0.05722,5.37128,0.60326,1.19713,4.23472,0.51906,0.82009,1.85695,1.65192,1.55917,4.4452,5.37128,0.16909,2.92217
2026-02-18 22:00:00,1.7954,0,0.78087,1.04887,0.72508,0.07101,0.43605,0.73608,2.80631,0.12856,0.28785,3.72827,0.2988,1.22614,1.88677,0.04925,0.01624,0.12471,0.15458,0.34355,0.2295,1.57718,0.35878,0.16411,0.20471,2.60929,2.71025,4.33723,0.07619,0.20239,0.23403,2.51905,0.49906,0.85356,0.05508,5.42377,0.55853,1.22614,4.33723,0.49906,0.85356,1.88677,1.67895,1.57718,4.50202,5.42377,0.16864,2.92163
2026-02-18 23:00:00,1.48236,0,0.71712,0.96002,0.67808,0.05801,0.38541,0.67608,2.76831,0.12811,0.29086,3.29617,0.26506,1.24014,1.91246,0.04468,0.01324,0.11021,0.1428,0.2869,0.21611,1.60018,0.36902,0.17414,0.33605,2.75031,2.70928,4.45277,0.07386,0.16764,0.23503,2.43091,0.48805,0.89017,0.05298,5.49764,0.5138,1.24014,4.45277,0.48805,0.89017,1.91246,1.70616,1.60018,4.56177,5.49764,0.16802,2.92119
2026-02-19 00:00:00,1.45085,0,0.66933,0.88843,0.62907,0.07001,0.35465,0.64907,2.71277,0.12792,0.29999,2.91849,0.23375,1.26914,1.93829,0.03965,0.01025,0.09669,0.11783,0.27272,0.20642,1.62318,0.38608,0.18343,0.39017,2.87632,2.70831,4.56411,0.07525,0.15623,0.23703,2.34078,0.47205,0.91546,0.05093,5.5613,0.46907,1.26914,4.56411,0.47205,0.91546,1.93829,1.75657,1.62318,4.62459,5.5613,0.16698,2.92082
2026-02-19 01:00:00,1.63876,0,0.61353,0.79976,0.60107,0.05801,0.33404,0.64307,2.63876,0.12773,0.30926,2.54135,0.21184,1.31615,1.96856,0.03759,0.00988,0.08649,0.10728,0.29747,0.19393,1.64618,0.46315,0.20163,0.35088,2.95933,2.71066,4.67103,0.07452,0.13821,0.24503,2.25076,0.46005,0.93144,0.04791,5.61458,0.44187,1.31615,4.67103,0.46005,0.93144,1.96856,1.82163,1.64618,4.6905,5.61458,0.16577,2.92051
2026-02-19 02:00:00,1.95259,0,0.55777,0.73833,0.55106,0.04601,0.35204,0.60907,2.57246,0.12754,0.31054,2.1642,0.18887,1.36415,1.99463,0.03427,0.0095,0.07884,0.09142,0.27975,0.19393,1.67419,0.50147,0.22094,0.38825,3.02434,2.713,4.76119,0.07413,0.11667,0.25503,2.16247,0.44905,0.93465,0.04595,5.68952,0.41467,1.36415,4.76119,0.44905,0.93465,1.99463,1.87349,1.67419,4.75968,5.68952,0.16482,2.92025
2026-02-19 03:00:00,2.29739,0,0.52589,0.70208,0.51506,0.05801,0.31604,0.59407,2.47887,0.12733,0.3115,1.73362,0.17302,1.41916,2.02522,0.03235,0.00913,0.07293,0.08216,0.23373,0.18195,1.70619,0.5134,0.22092,0.48769,3.04734,2.71534,4.84013,0.07346,0.13144,0.26603,2.0759,0.44105,0.92823,0.04402,5.7541,0.38748,1.41916,4.84013,0.44105,0.92823,2.02522,1.92598,1.70619,4.83204,5.7541,0.16411,2.92002
2026-02-19 04:00:00,2.5483,0,0.48605,0.66682,0.50106,0.04601,0.31103,0.60107,2.36465,0.12714,0.31269,1.57275,0.15767,1.47516,2.06037,0.03173,0.00875,0.06815,0.07339,0.21604,0.16765,1.73919,0.45643,0.2105,0.50374,3.08534,2.71768,4.91979,0.07207,0.15236,0.27303,1.99105,0.43805,0.9091,0.04214,5.81898,0.36028,1.47516,4.91979,0.43805,0.9091,2.06037,1.96941,1.73919,4.9071,5.81898,0.16368,2.91982
2026-02-19 05:00:00,2.61063,0,0.45418,0.62257,0.48605,0.04601,0.30603,0.59007,2.21772,0.12695,0.31398,1.51877,0.14583,1.53617,2.10905,0.03049,0.00838,0.06345,0.06511,0.2196,0.16765,1.7732,0.42783,0.21052,0.4346,3.08034,2.72002,4.97537,0.07247,0.18989,0.27503,1.90754,0.46005,0.88704,0.0403,5.90597,0.33308,1.53617,4.97537,0.46005,0.88704,2.10905,2.00837,1.7732,4.98422,5.90597,0.16309,2.91964
2026-02-19 06:00:00,2.59121,0.01117,0.43826,0.5964,0.46205,0.04501,0.29303,0.59107,2.05781,0.12676,0.31534,1.51856,0.13802,1.59518,2.14918,0.02752,0.008,0.05863,0.05884,0.25147,0.15411,1.8062,0.50899,0.2198,0.41116,3.04334,2.72237,5.02662,0.0711,0.2182,0.27303,1.82517,0.50706,0.85905,0.03829,5.98253,0.30588,1.59518,5.02662,0.50706,0.85905,2.14918,2.03781,1.8062,5.0629,5.98253,0.1621,2.91948
2026-02-19 07:00:00,2.68371,0.02073,0.42231,0.57923,0.44905,0.05701,0.28303,0.57106,1.88758,0.12658,0.31675,1.52918,0.1298,1.62818,2.19408,0.02752,0.00799,0.05454,0.05435,0.26919,0.14633,1.84421,0.45207,0.22981,0.41412,2.97733,2.73422,5.06563,0.07073,0.20834,0.27503,2.00378,0.55506,0.83435,0.0363,6.05951,0.30047,1.62818,5.06563,0.55506,0.83435,2.19408,2.07735,1.84421,5.14297,6.05951,0.16095,2.91934
2026-02-19 08:00:00,2.77967,0.02938,0.40635,0.55198,0.44405,0.033,0.26803,0.55006,1.73138,0.12616,0.31802,1.5451,0.12508,1.69119,2.24385,0.02636,0.00798,0.05089,0.05004,0.21254,0.1438,1.87721,0.47002,0.22016,0.3414,2.89932,2.74607,5.09829,0.07214,0.23109,0.28503,2.17746,0.60407,0.80319,0.03533,6.15908,0.29506,1.69119,5.09829,0.60407,0.80319,2.24385,2.10223,1.87721,5.22392,6.15908,0.16004,2.91921
2026-02-19 09:00:00,2.8074,0.03907,0.37448,0.53489,0.40304,0.044,0.26903,0.53806,1.61195,0.12569,0.31925,1.6796,0.11909,1.72919,2.28486,0.02636,0.00797,0.04676,0.04456,0.17357,0.13882,1.91421,0.4887,0.21089,0.20761,2.79031,2.75793,5.10483,0.07142,0.20092,0.29503,2.34626,0.65807,0.76726,0.03437,6.22584,0.28966,1.72919,5.10483,0.65807,0.76726,2.28486,2.1373,1.91421,5.30513,6.22584,0.15936,2.9191
2026-02-19 10:00:00,2.89604,0.05234,0.35853,0.52689,0.41505,0.044,0.26203,0.51306,1.51395,0.12507,0.32038,1.78683,0.11483,1.7562,2.34456,0.02523,0.00796,0.04329,0.04194,0.18773,0.13154,1.94222,0.48888,0.20235,0.08006,2.64429,2.76978,5.13104,0.07141,0.18244,0.30503,2.5103,0.74508,0.73493,0.03342,6.33779,0.28425,1.7562,5.13104,0.74508,0.73493,2.34456,2.16754,1.94222,5.38616,6.33779,0.15895,2.91899
2026-02-19 11:00:00,3.17864,0.06846,0.38254,0.52326,0.38604,0.032,0.25703,0.50606,1.44064,0.12452,0.32156,1.78621,0.11344,1.7872,2.39086,0.02467,0.00795,0.04194,0.0394,0.19835,0.13154,1.97022,0.50595,0.1927,-0.03976,2.49428,2.78163,5.11793,0.07248,0.17876,0.30703,2.66912,0.8611,0.7008,0.03249,6.45057,0.27884,1.7872,5.11793,0.8611,0.7008,2.39086,2.20308,1.97022,5.46639,6.45057,0.15839,2.9189
2026-02-19 12:00:00,3.48237,0.08481,0.39866,0.51781,0.38504,0.043,0.25603,0.52106,1.36963,0.12399,0.32275,1.84077,0.11206,1.7832,2.43747,0.02303,0.00794,0.0408,0.03816,0.28337,0.12684,2.00322,0.50035,0.15596,-0.09591,2.32826,2.79349,5.09175,0.07041,0.14368,0.31804,2.82231,0.99311,0.67265,0.03249,6.5642,0.27343,1.7832,5.09175,0.99311,0.67265,2.43747,2.24399,2.00322,5.54511,6.5642,0.15745,2.86506
2026-02-19 13:00:00,3.58051,0.0788,0.39882,0.52689,0.35604,0.042,0.25703,0.47985,1.30884,0.12344,0.32383,1.90086,0.11206,1.8062,2.4797,0.02303,0.02095,0.03912,0.03694,0.24088,0.12684,2.04123,0.47628,0.10919,-0.08933,2.18824,2.80097,5.09829,0.07076,0.13691,0.31003,2.97831,1.08712,0.65767,0.03437,6.6557,0.32698,1.8062,5.09829,1.08712,0.65767,2.4797,2.28523,2.04123,5.62209,6.6557,0.15635,2.8077
2026-02-19 14:00:00,3.48087,0.07287,0.39102,0.54506,0.39204,0.042,0.26803,0.43972,1.25492,0.12285,0.32475,1.96092,0.11483,1.7982,2.52218,0.02467,0.03396,0.03667,0.03574,0.18066,0.15149,2.07523,0.43301,0.10883,-0.09799,2.00322,2.80845,5.05261,0.07247,0.14371,0.30503,3.13888,1.13313,0.63154,0.03533,6.75927,0.38053,1.7982,5.05261,1.13313,0.63154,2.52218,2.32681,2.07523,5.69662,6.75927,0.15549,2.80744
2026-02-19 15:00:00,3.34776,0.0675,0.40713,0.54506,0.39204,0.042,0.33604,0.40204,1.1836,0.1223,0.32563,2.02099,0.12054,1.7872,2.54114,0.02694,0.04697,0.03601,0.03226,0.25862,0.15149,2.11824,0.52483,0.1735,-0.12159,1.8342,2.81594,4.99424,0.07112,0.19604,0.31003,3.30401,1.15813,0.60372,0.0363,6.8403,0.43409,1.7872,4.99424,1.15813,0.60372,2.54114,2.35821,2.11824,5.76779,6.8403,0.15485,2.80716
2026-02-19 16:00:00,3.21447,0.0633,0.42325,0.54506,0.42905,0.042,0.49906,0.36704,1.12842,0.12167,0.32653,2.08103,0.13141,1.7752,2.58877,0.02869,0.05998,0.03481,0.03114,0.30112,0.14129,2.15224,0.54071,0.23853,-0.14619,1.68019,2.82341,4.91979,0.0732,0.26743,0.30703,3.47372,1.19513,0.58398,0.0403,6.95675,0.48764,1.7752,4.91979,1.19513,0.58398,2.58877,2.40566,2.15224,5.83612,6.95675,0.15445,2.80686
2026-02-19 17:00:00,2.8827,0.0619,0.39938,0.54506,0.44205,0.07801,0.69108,0.38304,1.07198,0.12126,0.32706,2.14095,0.15402,1.74819,2.61749,0.03492,0.07299,0.03435,0.03004,0.38608,0.1438,2.18224,0.51963,0.26679,-0.17316,1.54717,2.8309,4.85233,0.07178,0.31419,0.31003,3.64747,1.21514,0.56589,0.04595,7.05052,0.54119,1.74819,4.85233,1.21514,0.56589,2.61749,2.44817,2.18224,5.90095,7.05052,0.15392,2.80652
2026-02-19 18:00:00,2.48585,0.06574,0.37545,0.56323,0.51106,0.07701,0.76409,0.40805,1.03067,0.12063,0.3279,2.20077,0.24779,1.72219,2.64152,0.03759,0.086,0.03367,0.02895,0.3967,0.13882,2.21625,0.40981,0.27498,-0.20145,1.41759,2.83838,4.78323,0.07428,0.33203,0.30503,3.82482,1.24714,0.54798,0.04499,7.09759,0.59474,1.72219,4.78323,1.24714,0.54798,2.64152,2.48565,2.21625,5.96094,7.09759,0.15301,2.80614
2026-02-19 19:00:00,2.15494,0.07939,0.37551,0.58744,0.51806,0.08901,0.72708,0.46005,0.99367,0.12,0.32873,2.43927,0.45609,1.69519,2.66562,0.08743,0.09135,0.03292,0.03114,0.5844,0.14129,2.24625,0.45139,0.25641,-0.15229,1.30315,2.83951,4.71298,0.0746,0.31787,0.30503,3.84349,1.29914,0.53147,0.04214,7.16846,0.60639,1.69519,4.71298,1.29914,0.53147,2.66562,2.52338,2.24625,6.01579,7.16846,0.15196,2.80572
2026-02-19 20:00:00,2.05694,0.10083,0.39143,0.59106,0.56306,0.11301,0.82109,0.52006,0.97479,0.11959,0.32917,2.67763,0.58722,1.67319,2.6898,0.09058,0.0967,0.06326,0.02685,0.85709,0.1489,2.27625,0.54366,0.27613,-0.01251,1.18913,2.84064,4.62333,0.07562,0.292,0.30003,3.85487,1.34215,0.52332,0.04121,7.22774,0.61805,1.67319,4.62333,1.34215,0.52332,2.6898,2.5668,2.27625,6.06573,7.22774,0.15113,2.80524
2026-02-19 21:00:00,2.09253,0.13284,0.3914,0.60157,0.59907,0.21102,1.12313,0.56906,1.02249,0.11897,0.32996,2.91594,0.80072,1.63518,2.70955,0.08536,0.10205,0.08675,0.02483,0.98101,0.24341,2.30126,0.55791,0.25828,0.14189,1.10112,2.84177,4.54054,0.07744,0.26493,0.30503,3.85885,1.38015,0.51523,0.04693,7.29914,0.62971,1.63518,4.54054,1.38015,0.51523,2.70955,2.59957,2.30126,6.11105,7.29914,0.15051,2.8047
2026-02-19 22:00:00,2.06134,0.15912,0.38346,0.6389,0.69608,0.24803,1.16713,0.68308,1.13071,0.11858,0.33074,3.15434,1.16574,1.62018,2.72948,0.07444,0.10739,0.1075,0.02483,1.1085,0.36077,2.33626,0.60943,0.19324,0.29777,1.02511,2.8429,4.45277,0.07769,0.18309,0.30003,3.85551,1.39115,0.51322,0.04693,7.34692,0.64136,1.62018,4.45277,1.39115,0.51322,2.72948,2.63804,2.33626,6.15171,7.34692,0.15014,2.80409
2026-02-19 23:00:00,2.26336,0.18194,0.43128,0.65807,0.76809,0.23703,1.10412,0.81109,1.24114,0.11819,0.3315,3.39261,1.32985,1.59118,2.74447,0.06516,0.11274,0.11906,0.09142,1.1758,0.40343,2.36626,0.62155,0.15606,0.45386,0.95511,2.84403,4.37172,0.077,0.10737,0.30703,3.84427,1.41216,0.51725,0.04693,7.39481,0.65302,1.59118,4.37172,1.41216,0.51725,2.74447,2.67122,2.36626,6.18746,7.39481,0.14962,2.80338
2026-02-20 00:00:00,2.59902,0.21116,0.45518,0.67724,0.79809,0.26203,1.04112,0.8801,1.35574,0.11803,0.33262,3.56027,1.37146,1.56217,2.74947,0.06338,0.11809,0.15556,0.09334,1.21562,0.43879,2.39727,0.74315,0.17494,0.60926,0.8981,2.84516,4.28581,0.07737,0.09751,0.30503,3.82482,1.42316,0.52943,0.05093,7.41882,0.66467,1.56217,4.28581,1.42316,0.52943,2.74947,2.69344,2.39727,6.21851,7.41882,0.14875,2.80255
2026-02-20 01:00:00,2.83493,0.26471,0.42328,0.7045,0.81809,0.28703,1.03612,0.8791,1.50017,0.11788,0.33337,3.55943,1.26507,1.54717,2.76949,0.06076,0.10283,0.19071,0.08953,1.18728,0.46523,2.43727,0.7149,0.21205,0.68764,0.84709,2.83906,4.22342,0.07846,0.13506,0.29503,3.82496,1.43416,0.54798,0.05508,7.46691,0.65904,1.54717,4.22342,1.43416,0.54798,2.76949,2.72691,2.43727,6.24518,7.46691,0.14774,2.80157
2026-02-20 02:00:00,2.9044,0.27484,0.42331,0.74084,0.8781,0.28803,0.98811,0.94611,1.64206,0.11771,0.33452,3.55861,1.11238,1.52517,2.77953,0.05989,0.08757,0.18853,0.07859,1.15414,0.49267,2.45327,0.5779,0.18378,0.6869,0.80409,2.83297,4.15594,0.07634,0.14186,0.29703,3.82515,1.42316,0.57188,0.0583,7.52723,0.65341,1.52517,4.15594,1.42316,0.57188,2.77953,2.75496,2.45327,6.26766,7.52723,0.14695,2.8004
2026-02-20 03:00:00,3.04,0.27993,0.44723,0.77917,1.03612,0.24003,0.8611,1.00911,1.75097,0.11756,0.33531,3.55792,0.9791,1.49617,2.78455,0.05734,0.07231,0.18567,0.07684,1.16809,0.53284,2.47828,0.51796,0.15553,0.6838,0.77209,2.82687,4.09463,0.07599,0.13756,0.29703,3.82539,1.39116,0.60372,0.065,7.5635,0.64778,1.49617,4.09463,1.39116,0.60372,2.78455,2.77747,2.47828,6.28648,7.5635,0.14635,2.79896
2026-02-20 04:00:00,3.27585,0.28053,0.47907,0.81643,1.17413,0.20502,0.75308,1.00011,1.83557,0.1174,0.33634,3.55725,0.80072,1.47916,2.79963,0.05241,0.05704,0.17644,0.18808,1.12636,0.52697,2.50928,0.51736,0.16445,0.68014,0.74408,2.82078,4.03934,0.0749,0.14495,0.29503,3.82571,1.35815,0.64334,0.08071,7.58774,0.64215,1.47916,4.03934,1.35815,0.64334,2.79963,2.80007,2.50928,6.30243,7.58774,0.14599,2.79717
2026-02-20 05:00:00,3.27746,0.27641,0.46459,0.88085,1.14013,0.16802,0.65207,0.9271,1.89378,0.11724,0.33749,3.55661,0.65203,1.45416,2.8097,0.05322,0.04178,0.16066,0.18313,1.00915,0.51538,2.53028,0.45972,0.17336,0.67795,0.72508,2.81468,3.99541,0.07559,0.15236,0.29503,3.8256,1.32615,0.68537,0.08984,7.59987,0.63652,1.45416,3.99541,1.32615,0.68537,2.8097,2.82844,2.53028,6.31589,7.59987,0.1455,2.79486
2026-02-20 06:00:00,3.1772,0.2683,0.4849,0.9281,1.04712,0.14502,0.51506,0.8631,1.94041,0.11708,0.33871,3.55598,0.54227,1.43716,2.81979,0.04848,0.02652,0.14468,0.1856,0.86827,0.47608,2.54628,0.34432,0.17303,0.67408,0.71008,2.80858,3.94631,0.07415,0.15978,0.29203,3.82482,1.30515,0.73227,0.0885,7.612,0.63089,1.43716,3.94631,1.30515,0.73227,2.81979,2.86264,2.54628,6.32715,7.612,0.14467,2.79178
2026-02-20 07:00:00,3.15717,0.26025,0.54602,0.94811,0.96711,0.13201,0.34504,0.82709,1.97849,0.11692,0.33999,3.47026,0.46605,1.42316,2.8299,0.04468,0.02428,0.12966,0.19058,0.77433,0.444,2.57729,0.40096,0.19164,0.66514,0.69908,2.74977,3.89216,0.07412,0.14315,0.28703,3.81827,1.28314,0.78097,0.08718,7.62414,0.61486,1.42316,3.89216,1.28314,0.78097,2.8299,2.90277,2.57729,6.33686,7.62414,0.1437,2.78748
2026-02-20 08:00:00,3.17736,0.25478,0.55888,0.96711,0.8951,0.12001,0.36904,0.78609,2.00341,0.11655,0.34111,3.38467,0.39564,1.40916,2.84001,0.04249,0.02204,0.11334,0.18808,0.70541,0.40343,2.60929,0.49786,0.20094,0.65608,0.69708,2.69094,3.876,0.07244,0.14374,0.29003,3.81,1.27314,0.82958,0.08456,7.62414,0.59884,1.40916,3.876,1.27314,0.82958,2.84001,2.93737,2.60929,6.34543,7.62414,0.14293,2.78102
2026-02-20 09:00:00,3.07774,0.24996,0.54732,0.96694,0.84009,0.10801,0.45105,0.75608,2.0194,0.11613,0.34223,3.29919,0.31692,1.39516,2.8552,0.03827,0.0198,0.10094,0.16861,0.58378,0.37935,2.63029,0.47811,0.18237,0.64901,0.71208,2.63212,3.85451,0.07213,0.14371,0.28503,3.80003,1.25714,0.87455,0.08198,7.63629,0.58281,1.39516,3.85451,1.25714,0.87455,2.8552,2.98959,2.63029,6.35256,7.63629,0.14236,2.77025
2026-02-20 10:00:00,2.87755,0.23285,0.5193,0.9316,0.79309,0.10801,0.46105,0.72008,2.01619,0.11558,0.34322,3.21378,0.27801,1.38815,2.87041,0.03691,0.01755,0.09381,0.17099,0.48243,0.35622,2.6563,0.47572,0.17345,0.64081,0.73508,2.5733,3.83309,0.07003,0.14739,0.29003,3.78841,1.24114,0.92503,0.07944,7.63629,0.56678,1.38815,3.83309,1.24114,0.92503,2.87041,3.03636,2.6563,6.35848,7.63629,0.14202,2.74872
2026-02-20 11:00:00,2.8766,0.21038,0.49835,0.87827,0.72408,0.09601,0.42605,0.68708,2.0066,0.11508,0.34427,3.12834,0.24779,1.37815,2.87549,0.03235,0.01531,0.08479,0.13808,0.47834,0.32539,2.6883,0.51448,0.16453,0.63317,0.77809,2.51448,3.82774,0.07043,0.14677,0.29203,3.77464,1.23114,0.97676,0.0757,7.63629,0.55076,1.37815,3.82774,1.23114,0.97676,2.87549,3.08344,2.6883,6.36411,7.63629,0.14155,2.68412
2026-02-20 12:00:00,2.85205,0.18143,0.4914,0.83193,0.70008,0.08401,0.40605,0.65407,1.95959,0.11462,0.34532,3.04284,0.2226,1.37115,2.89075,0.03173,0.01307,0.07675,0.14043,0.47425,0.30446,2.7203,0.51529,0.1463,0.63041,0.84309,2.45566,3.81707,0.06999,0.13877,0.29003,3.75844,1.22014,1.02245,0.07205,7.63629,0.53473,1.37115,3.81707,1.22014,1.02245,2.89075,3.13679,2.7203,6.36984,7.63629,0.14075,2.37292
2026-02-20 13:00:00,2.80827,0.15896,0.44911,0.80367,0.63907,0.07201,0.39304,0.62807,1.88758,0.11412,0.34625,2.9466,0.19913,1.37815,2.91114,0.03049,0.01277,0.0703,0.12,0.42966,0.28443,2.74631,0.45726,0.1366,0.63393,0.9191,2.42675,3.82774,0.06968,0.12585,0.29003,3.54908,1.21013,1.06242,0.06966,7.64845,0.51626,1.37815,3.82774,1.21013,1.06242,2.91114,3.17856,2.74631,6.37589,7.64845,0.13982,2.22512
2026-02-20 14:00:00,2.7645,0.14376,0.36453,0.77689,0.61507,0.08401,0.37004,0.58607,1.80978,0.11357,0.34705,2.85032,0.17883,1.37115,2.92136,0.02869,0.01247,0.06708,0.1244,0.39117,0.27666,2.77931,0.43705,0.14587,0.63996,1.00511,2.39783,3.83844,0.06929,0.11478,0.28703,3.33993,1.19513,1.0997,0.06615,7.64845,0.49778,1.37115,3.83844,1.19513,1.0997,2.92136,3.20855,2.77931,6.38269,7.64845,0.13909,2.21103
2026-02-20 15:00:00,2.72071,0.12761,0.28843,0.75034,0.57906,0.05901,0.34504,0.57506,1.70338,0.11308,0.34778,2.75406,0.16139,1.37115,2.9367,0.0281,0.01217,0.06293,0.10523,0.37089,0.26154,2.81131,0.47556,0.15553,0.65835,1.08612,2.36893,3.86525,0.07006,0.11049,0.29003,3.13096,1.21514,1.13388,0.06386,7.66061,0.47931,1.37115,3.86525,1.21514,1.13388,2.9367,3.23866,2.81131,6.39066,7.66061,0.13855,2.20634
2026-02-20 16:00:00,2.67693,0.11101,0.27473,0.70836,0.54052,0.04994,0.32788,0.53387,1.61195,0.11249,0.34448,2.65775,0.14744,1.38815,2.9572,0.02636,0.01186,0.05927,0.09334,0.3615,0.24697,2.84332,0.4125,0.15249,0.17221,1.16813,2.34001,3.89756,0.06691,0.10348,0.28503,2.9222,1.27314,1.16099,0.06049,7.68498,0.46083,1.38815,3.89756,1.27314,1.16099,2.9572,3.26889,2.84332,6.40038,7.68498,0.13822,2.20399
2026-02-20 17:00:00,2.63316,0.11101,0.26372,0.65538,0.50423,0.04438,0.30814,0.49307,1.53755,0.11214,0.34448,2.56134,0.13468,1.40516,2.97775,0.02523,0.01156,0.0563,0.08397,0.3521,0.23988,2.87632,0.34945,0.14947,0.17175,1.23614,2.3111,3.93545,0.0676,0.09749,0.28703,2.71333,1.32115,1.17466,0.05722,7.69717,0.44236,1.40516,3.93545,1.32115,1.17466,2.97775,3.2871,2.87632,6.41235,7.69717,0.13777,2.20258
2026-02-20 18:00:00,2.58938,0.11101,0.25497,0.60965,0.47099,0.04325,0.28478,0.45582,1.47616,0.11156,0.34448,2.46482,0.12201,1.43016,2.99835,0.02412,0.01126,0.05197,0.07339,0.34271,0.22611,2.89832,0.28639,0.14644,0.17129,1.28514,2.28219,3.97354,0.06721,0.09148,0.28703,2.50413,1.33115,1.19185,0.05508,7.70937,0.42388,1.43016,3.97354,1.33115,1.19185,2.99835,3.29925,2.89832,6.42705,7.70937,0.137,2.20165
2026-02-20 19:00:00,2.55537,0.11101,0.24805,0.57009,0.44719,0.04321,0.26159,0.4259,1.41234,0.11097,0.33794,2.39643,0.11344,1.45416,3.02418,0.02303,0.01124,0.04881,0.06511,0.32282,0.21285,2.92533,0.28582,0.14341,0.17089,1.32415,2.2853,4.00089,0.06667,0.09038,0.29003,2.32531,1.33115,1.20568,0.05403,7.73379,0.40864,1.45416,4.00089,1.33115,1.20568,3.02418,3.31752,2.92533,6.44477,7.73379,0.13612,2.20097
2026-02-20 20:00:00,2.52137,0.10384,0.24261,0.54288,0.42353,0.04282,0.2419,0.41159,1.37131,0.11061,0.33469,2.32741,0.10774,1.49617,3.06968,0.02276,0.01122,0.04647,0.06194,0.30293,0.19632,2.95833,0.28525,0.14039,0.1705,1.33615,2.28841,4.05036,0.06613,0.08926,0.28703,2.14667,1.32441,1.21948,0.04966,7.7679,0.39339,1.49617,4.05036,1.32441,1.21948,3.06968,3.32744,2.95833,6.4655,7.7679,0.13542,2.20047
2026-02-20 21:00:00,2.48735,0.09761,0.23833,0.51828,0.40066,0.04052,0.22558,0.39724,1.33003,0.11004,0.33336,2.2596,0.10237,1.55423,3.11905,0.02249,0.01121,0.04377,0.05811,0.28304,0.18167,2.98821,0.28468,0.13737,0.1701,1.3839,2.29153,4.09785,0.0656,0.08864,0.28624,2.11319,1.31707,1.23003,0.0459,7.80494,0.37815,1.55423,4.09785,1.31707,1.23003,3.11905,3.33547,2.98821,6.48891,7.80494,0.1349,2.20008
2026-02-20 22:00:00,2.45334,0.09302,0.23506,0.49051,0.3795,0.03383,0.21171,0.38109,1.28804,0.10967,0.33203,2.18941,0.09733,1.61038,3.17315,0.02223,0.01119,0.04158,0.05439,0.26316,0.16931,3.01484,0.28412,0.13434,0.1697,1.40531,2.29463,4.14206,0.06506,0.08798,0.28597,2.07991,1.30955,1.23791,0.04237,7.84462,0.3629,1.61038,4.14206,1.30955,1.23791,3.17315,3.3423,3.01484,6.51478,7.84462,0.13458,2.19977
2026-02-20 23:00:00,2.41934,0.08992,0.23273,0.45511,0.36058,0.02987,0.19908,0.36372,1.24599,0.10933,0.33071,2.11744,0.09258,1.66166,3.23169,0.02196,0.01117,0.04075,0.05076,0.24327,0.15869,3.03833,0.28356,0.13132,0.16931,1.40482,2.29775,4.18332,0.06452,0.08732,0.28512,2.04651,1.30316,1.24343,0.03849,7.88666,0.34766,1.66166,4.18332,1.30316,1.24343,3.23169,3.34905,3.03833,6.54324,7.88666,0.13415,2.19951
2026-02-21 00:00:00,2.39243,0.08818,0.23113,0.42669,0.3442,0.02933,0.18592,0.34584,1.20427,0.1092,0.32965,2.0472,0.08811,1.70652,3.29346,0.0217,0.01115,0.03912,0.04723,0.22338,0.14892,3.05857,0.283,0.1283,0.16891,1.38626,2.30086,4.21768,0.06398,0.0867,0.28418,2.01282,1.29832,1.24673,0.03439,7.9308,0.33241,1.70652,4.21768,1.29832,1.24673,3.29346,3.35696,3.05857,6.57415,7.9308,0.13342,2.1993
2026-02-21 01:00:00,2.38183,0.08843,0.23004,0.40453,0.3301,0.02981,0.17294,0.32855,1.1629,0.10909,0.32834,2.08476,0.08389,1.74395,3.35689,0.02144,0.01113,0.03773,0.04376,0.21142,0.13878,3.07616,0.28245,0.12528,0.16856,1.35296,2.30559,4.24584,0.06345,0.08604,0.28371,2.01314,1.294,1.24918,0.03067,7.97687,0.32162,1.74395,4.24584,1.294,1.24918,3.35689,3.36709,3.07616,6.60711,7.97687,0.13256,2.19912
2026-02-21 02:00:00,2.37124,0.08829,0.22927,0.38716,0.31747,0.03019,0.16212,0.31269,1.12288,0.10899,0.32731,2.12256,0.07992,1.77375,3.42041,0.02119,0.01111,0.03647,0.04022,0.19946,0.12854,3.0918,0.28191,0.12226,0.16821,1.30737,2.31032,4.26349,0.06292,0.08542,0.28328,2.01367,1.2894,1.25337,0.02744,8.02471,0.31083,1.77375,4.26349,1.2894,1.25337,3.42041,3.38007,3.0918,6.64164,8.02471,0.13189,2.19896
2026-02-21 03:00:00,2.36064,0.08308,0.2249,0.37657,0.30601,0.02957,0.1533,0.29812,1.08461,0.10888,0.32602,2.1605,0.07618,1.79602,3.48264,0.02094,0.0111,0.03523,0.03972,0.18751,0.11945,3.10634,0.28136,0.11925,0.16786,1.24915,2.31505,4.27038,0.06239,0.08478,0.28221,2.01435,1.28486,1.26009,0.02448,8.07413,0.30005,1.79602,4.27038,1.28486,1.26009,3.48264,3.39613,3.10634,6.67724,8.07413,0.13138,2.19883
2026-02-21 04:00:00,2.35004,0.07846,0.22072,0.36284,0.29593,0.02672,0.14585,0.28424,1.04707,0.10878,0.32493,2.19847,0.07265,1.81102,3.5424,0.02067,0.01108,0.03422,0.03933,0.17555,0.11172,3.12068,0.28082,0.11623,0.1675,1.18509,2.31978,4.26522,0.06185,0.08416,0.28159,2.01522,1.28034,1.26774,0.02163,8.12468,0.28926,1.81102,4.26522,1.28034,1.26774,3.5424,3.41541,3.12068,6.71333,8.12468,0.13107,2.19871
2026-02-21 05:00:00,2.33945,0.07438,0.21675,0.34295,0.28727,0.02533,0.13914,0.27056,1.00938,0.10868,0.32391,2.23648,0.06931,1.81954,3.59877,0.02042,0.01106,0.03395,0.03902,0.16359,0.10503,3.13564,0.28029,0.11321,0.16715,1.12355,2.32451,4.24824,0.06132,0.08353,0.28108,2.016,1.27639,1.2748,0.0186,8.17588,0.27847,1.81954,4.24824,1.27639,1.2748,3.59877,3.43794,3.13564,6.74933,8.17588,0.13066,2.19861
2026-02-21 06:00:00,2.32885,0.07061,0.21295,0.32699,0.27991,0.02574,0.13196,0.25698,0.97131,0.10858,0.32301,2.27449,0.06617,1.82247,3.65104,0.02017,0.01104,0.03367,0.03881,0.15163,0.09885,3.1519,0.27975,0.11019,0.1668,1.06451,2.32924,4.22051,0.06079,0.08288,0.27967,2.01647,1.2732,1.28081,0.01547,8.22724,0.26768,1.82247,4.22051,1.2732,1.28081,3.65104,3.46347,3.1519,6.78457,8.22724,0.12994,2.19852
2026-02-21 07:00:00,2.31545,0.06691,0.20929,0.31429,0.27364,0.02666,0.12458,0.24387,0.93303,0.1085,0.32214,2.28559,0.06319,1.82068,3.69886,0.01993,0.01102,0.03341,0.03866,0.14611,0.09244,3.16999,0.27922,0.10719,0.16649,1.00773,2.33146,4.18838,0.06026,0.08227,0.27831,2.00543,1.27026,1.28601,0.01474,8.27832,0.26023,1.82068,4.18838,1.27026,1.28601,3.69886,3.49153,3.16999,6.81843,8.27832,0.12912,2.19843
2026-02-21 08:00:00,2.30206,0.06329,0.20571,0.3035,0.26811,0.02748,0.11924,0.23177,0.89598,0.10815,0.32117,2.2968,0.06037,1.81509,3.74203,0.01969,0.011,0.03313,0.03843,0.1406,0.086,3.19027,0.2787,0.10417,0.16617,0.94504,2.33369,4.15237,0.05973,0.08166,0.27723,1.99456,1.2674,1.2864,0.01424,8.32869,0.25277,1.81509,4.15237,1.2674,1.2864,3.74203,3.52153,3.19027,6.85036,8.32869,0.12846,2.19836
2026-02-21 09:00:00,2.28866,0.06002,0.20216,0.29464,0.26319,0.02762,0.11496,0.22067,0.86025,0.10778,0.32019,2.30811,0.05772,1.80656,3.78062,0.01945,0.01099,0.03286,0.03794,0.13508,0.08023,3.21297,0.27817,0.10116,0.16586,0.88629,2.33591,4.11087,0.05921,0.081,0.27641,1.98387,1.26457,1.28636,0.01389,8.37796,0.24532,1.80656,4.11087,1.26457,1.28636,3.78062,3.55288,3.21297,6.87995,8.37796,0.12798,2.19829
2026-02-21 10:00:00,2.27526,0.0572,0.19875,0.28278,0.25891,0.02626,0.11091,0.20997,0.82364,0.10726,0.31915,2.31948,0.05521,1.79583,3.8148,0.01921,0.01097,0.03259,0.03755,0.12956,0.07526,3.23812,0.27765,0.09815,0.16554,0.83247,2.33814,4.06564,0.05869,0.08038,0.27583,1.97334,1.19507,1.28599,0.01358,8.42569,0.23787,1.79583,4.06564,1.19507,1.28599,3.8148,3.58503,3.23812,6.90707,8.42569,0.12768,2.19823
2026-02-21 11:00:00,2.26187,0.05476,0.19555,0.26509,0.2553,0.02585,0.10701,0.19917,0.78571,0.1068,0.31814,2.33085,0.05283,1.78346,3.84487,0.01898,0.01095,0.03233,0.03724,0.12405,0.0709,3.26557,0.27713,0.09514,0.16523,0.78293,2.34036,4.01894,0.05816,0.07977,0.27519,1.96273,1.10368,1.2853,0.01319,8.47153,0.23041,1.78346,4.01894,1.10368,1.2853,3.84487,3.61751,3.26557,6.93171,8.47153,0.12728,2.19818
2026-02-21 12:00:00,2.24847,0.05255,0.1926,0.25097,0.25225,0.02664,0.10286,0.18812,0.74745,0.10637,0.31715,2.34218,0.05056,1.76977,3.87115,0.01873,0.01093,0.03207,0.03704,0.11853,0.06683,3.29506,0.27662,0.09212,0.16491,0.73768,2.34258,3.97134,0.05763,0.07916,0.2743,1.95183,1.072,1.28434,0.01275,8.51511,0.22296,1.76977,3.97134,1.072,1.28434,3.87115,3.64991,3.29506,6.95385,8.51511,0.1266,2.17096
2026-02-21 13:00:00,2.23136,0.05043,0.18988,0.24001,0.24959,0.02776,0.09856,0.17718,0.71025,0.1059,0.31611,2.29461,0.04842,1.75523,3.894,0.0185,0.01091,0.0318,0.03689,0.11595,0.06264,3.32627,0.27611,0.08911,0.16462,0.69677,2.34285,3.92387,0.0571,0.07855,0.27332,1.93295,1.06023,1.28321,0.0124,8.55614,0.2177,1.75523,3.92387,1.06023,1.28321,3.894,3.68184,3.32627,6.97348,8.55614,0.12582,2.14143
2026-02-21 14:00:00,2.21425,0.04839,0.18734,0.23138,0.24569,0.0273,0.09459,0.17096,0.67571,0.10537,0.31495,2.24701,0.04639,1.74108,3.91383,0.01828,0.01089,0.03153,0.03669,0.11338,0.0584,3.35882,0.27561,0.08611,0.16433,0.65965,2.34311,3.87732,0.05659,0.07791,0.27252,1.91423,0.98842,1.28206,0.01215,8.59255,0.21243,1.74108,3.87732,0.98842,1.28206,3.91383,3.71295,3.35882,6.99074,8.59255,0.1252,2.13787
2026-02-21 15:00:00,2.19715,0.04657,0.18491,0.22518,0.242,0.02639,0.09101,0.16556,0.64468,0.1049,0.31375,2.19944,0.04446,1.72889,3.93109,0.01804,0.01087,0.03127,0.03624,0.11081,0.05457,3.39232,0.2751,0.0831,0.16404,0.62586,2.34337,3.83228,0.05607,0.0773,0.27189,1.89567,0.89659,1.28086,0.01197,8.62556,0.20717,1.72889,3.83228,0.89659,1.28086,3.93109,3.7429,3.39232,7.00578,8.62556,0.12473,2.13432
2026-02-21 16:00:00,2.18004,0.045,0.18265,0.21722,0.2386,0.02449,0.08771,0.1606,0.61683,0.10434,0.31256,2.15185,0.04262,1.71937,3.94636,0.01781,0.01086,0.03102,0.0359,0.10823,0.0512,3.42637,0.2746,0.08291,0.16375,0.59482,2.34363,3.78915,0.05554,0.07669,0.27146,1.87728,0.86477,1.27963,0.01182,8.65623,0.20191,1.71937,3.78915,0.86477,1.27963,3.94636,3.77138,3.42637,7.01881,8.65623,0.12445,2.13076
2026-02-21 17:00:00,2.16293,0.04365,0.18064,0.20579,0.23553,0.02321,0.08461,0.15564,0.59218,0.10402,0.31107,2.10419,0.04087,1.71224,3.96023,0.01759,0.01084,0.03077,0.03562,0.10566,0.04819,3.46064,0.2741,0.08272,0.16346,0.56605,2.34389,3.74813,0.05502,0.07608,0.27092,1.85881,0.85317,1.27835,0.01161,8.68445,0.19664,1.71224,3.74813,0.85317,1.27835,3.96023,3.79498,3.46064,7.03003,8.68445,0.12407,2.1272
2026-02-21 18:00:00,2.14582,0.04243,0.17891,0.1966,0.23273,0.02274,0.08148,0.1505,0.56338,0.10346,0.30985,2.05646,0.03957,1.70707,3.97322,0.01736,0.01082,0.03051,0.03543,0.10308,0.04642,3.49473,0.2736,0.08253,0.16317,0.53924,2.34416,3.70934,0.0545,0.07545,0.27011,1.84005,0.8485,1.27705,0.01137,8.71012,0.19138,1.70707,3.70934,0.8485,1.27705,3.97322,3.81156,3.49473,7.03968,8.71012,0.12342,2.12364
2026-02-21 19:00:00,2.13599,0.04125,0.17743,0.18934,0.23011,0.02247,0.07832,0.14537,0.53466,0.10291,0.3086,2.018,0.03836,1.70343,3.98575,0.01713,0.0108,0.03027,0.03529,0.10167,0.04456,3.52818,0.27311,0.08237,0.1629,0.51413,2.34628,3.67209,0.05398,0.07484,0.26921,1.83207,0.84615,1.27573,0.01118,8.7333,0.18765,1.70343,3.67209,0.84615,1.27573,3.98575,3.82973,3.52818,7.04799,8.7333,0.12266,2.12009
2026-02-21 20:00:00,2.12615,0.04012,0.17607,0.1834,0.22759,0.02217,0.0754,0.14068,0.50426,0.10259,0.30706,1.97941,0.03722,1.70102,3.99806,0.01692,0.01078,0.03003,0.03507,0.10026,0.04268,3.56003,0.27261,0.08221,0.16263,0.49051,2.3484,3.63696,0.05347,0.07422,0.26846,1.82426,0.84457,1.27238,0.01105,8.75404,0.18391,1.70102,3.63696,0.84457,1.27238,3.99806,3.84838,3.56003,7.05513,8.75404,0.12206,2.11653
2026-02-21 21:00:00,2.11632,0.03911,0.17477,0.17882,0.22516,0.02156,0.07271,0.13655,0.4735,0.10204,0.30579,1.9408,0.03615,1.6996,4.01035,0.0167,0.01077,0.02977,0.03458,0.09885,0.04104,3.58933,0.27212,0.08205,0.16237,0.46822,2.35053,3.60387,0.05295,0.07362,0.26789,1.8166,0.84325,1.26431,0.01096,8.77249,0.18018,1.6996,3.60387,0.84325,1.26431,4.01035,3.86679,3.58933,7.06134,8.77249,0.12162,2.11297
2026-02-21 22:00:00,2.10649,0.03824,0.17353,0.17294,0.22287,0.02029,0.07021,0.13265,0.44444,0.10173,0.30453,1.90227,0.03514,1.69887,4.02268,0.01647,0.01075,0.02952,0.0342,0.09743,0.03967,3.61639,0.27163,0.08188,0.1621,0.44697,2.35264,3.57268,0.05243,0.07298,0.26747,1.8091,0.84201,1.25299,0.01087,8.78877,0.17644,1.69887,3.57268,0.84201,1.25299,4.02268,3.88451,3.61639,7.06671,8.78877,0.12134,2.10941
2026-02-21 23:00:00,2.09665,0.03748,0.17239,0.16447,0.22077,0.01944,0.06784,0.12862,0.41773,0.10142,0.30329,1.86362,0.0342,1.69863,4.0351,0.01626,0.01073,0.02928,0.0339,0.09602,0.03851,3.64204,0.27115,0.08172,0.16183,0.42613,2.35476,3.54327,0.05193,0.07236,0.26695,1.80152,0.84093,1.24109,0.01075,8.80306,0.17271,1.69863,3.54327,0.84093,1.24109,4.0351,3.90128,3.64204,7.07137,8.80306,0.12097,2.10585
2026-02-22 00:00:00,2.08682,0.0368,0.17137,0.15769,0.21882,0.01913,0.06545,0.12429,0.39323,0.10135,0.30229,1.82495,0.03331,1.69867,4.04755,0.01604,0.01071,0.02904,0.0337,0.09461,0.03746,3.66667,0.27068,0.08156,0.16156,0.40561,2.35689,3.51543,0.05141,0.07176,0.26619,1.79368,0.84004,1.22738,0.01061,8.81551,0.16897,1.69867,3.51543,0.84004,1.22738,4.04755,3.917,3.66667,7.07541,8.81551,0.12035,2.1023
2026-02-22 01:00:00,2.08881,0.03613,0.17043,0.15236,0.21696,0.01895,0.0644,0.11987,0.37123,0.10128,0.30105,1.88092,0.03248,1.69891,4.06,0.01583,0.01069,0.02879,0.03356,0.09373,0.03635,3.69042,0.27022,0.08165,0.16131,0.38568,2.36703,3.48896,0.0509,0.07113,0.26532,1.80426,0.83921,1.20946,0.0105,8.82623,0.16624,1.69891,3.48896,0.83921,1.20946,4.06,3.93166,3.69042,7.07887,8.82623,0.11962,2.10644
2026-02-22 02:00:00,2.0908,0.03547,0.16951,0.14805,0.21512,0.01874,0.06348,0.11582,0.35262,0.10121,0.30009,1.93692,0.03169,1.69929,4.07235,0.01562,0.01068,0.02856,0.03337,0.09286,0.03523,3.7133,0.26977,0.08173,0.16105,0.36627,2.37716,3.46366,0.05038,0.07054,0.2646,1.81498,0.80506,1.18887,0.01042,8.83525,0.16351,1.69929,3.46366,0.80506,1.18887,4.07235,3.94533,3.7133,7.0818,8.83525,0.11904,2.11059
2026-02-22 03:00:00,2.09279,0.03488,0.16858,0.14484,0.2133,0.01834,0.0627,0.11238,0.33733,0.10114,0.29886,1.99304,0.03095,1.69974,4.08454,0.01541,0.01066,0.02833,0.03298,0.09198,0.03425,3.73526,0.26931,0.08182,0.1608,0.34731,2.38731,3.44211,0.04988,0.06995,0.26403,1.82587,0.7598,1.16826,0.01036,8.84257,0.16079,1.69974,3.44211,0.7598,1.16826,4.08454,3.9581,3.73526,7.08427,8.84257,0.11861,2.11474
2026-02-22 04:00:00,2.09477,0.03437,0.16766,0.14068,0.21158,0.01749,0.06203,0.10931,0.32415,0.10108,0.29785,2.04916,0.03025,1.70022,4.09647,0.01521,0.01064,0.02808,0.03267,0.0911,0.03344,3.75628,0.26888,0.08191,0.16055,0.32914,2.39745,3.42127,0.04936,0.06935,0.26363,1.83691,0.74418,1.14846,0.0103,8.84818,0.15806,1.70022,3.42127,0.74418,1.14846,4.09647,3.97007,3.75628,7.08634,8.84818,0.11835,2.11889
2026-02-22 05:00:00,2.09676,0.03393,0.16679,0.13464,0.20998,0.01692,0.06143,0.10631,0.31193,0.10101,0.2969,2.10532,0.02959,1.70064,4.10807,0.015,0.01063,0.02785,0.03242,0.09023,0.03275,3.77633,0.26848,0.08199,0.16029,0.31217,2.40759,3.40081,0.04885,0.06876,0.26313,1.84787,0.73852,1.12972,0.0102,8.85208,0.15533,1.70064,3.40081,0.73852,1.12972,4.10807,3.98481,3.77633,7.08812,8.85208,0.118,2.12303
2026-02-22 06:00:00,2.09875,0.03351,0.16598,0.1298,0.20847,0.01671,0.06081,0.10322,0.29995,0.10094,0.29606,2.16148,0.02897,1.70099,4.11925,0.01479,0.01061,0.02762,0.03226,0.08935,0.03212,3.79544,0.2681,0.08208,0.16004,0.29599,2.41773,3.38083,0.04833,0.06814,0.26238,1.85856,0.73627,1.11205,0.01009,8.85424,0.1526,1.70099,3.38083,0.73627,1.11205,4.11925,3.9989,3.79544,7.0897,8.85424,0.11739,2.12718
2026-02-22 07:00:00,2.09805,0.0331,0.1652,0.12597,0.20701,0.01659,0.06017,0.10015,0.28832,0.10087,0.29526,2.17789,0.02839,1.70123,4.12994,0.0146,0.01059,0.02739,0.03213,0.0887,0.03146,3.81376,0.26775,0.08246,0.1598,0.27953,2.43158,3.3614,0.04783,0.06756,0.26154,1.85571,0.73515,1.09542,0.01,8.85465,0.15059,1.70123,3.3614,0.73515,1.09542,4.12994,4.0124,3.81376,7.09113,8.85465,0.11669,2.13133
2026-02-22 08:00:00,2.09734,0.03268,0.16436,0.12282,0.20555,0.01645,0.05962,0.09792,0.27794,0.10056,0.29438,2.19443,0.02784,1.70138,4.14008,0.0144,0.01057,0.02716,0.03194,0.08804,0.03079,3.83182,0.2674,0.08283,0.15956,0.2647,2.44543,3.34249,0.04732,0.06698,0.26086,1.85302,0.73441,1.07977,0.00993,8.85332,0.14857,1.70138,3.34249,0.73441,1.07977,4.14008,4.02539,3.83182,7.09241,8.85332,0.11614,2.13548
2026-02-22 09:00:00,2.09664,0.03231,0.1634,0.12036,0.20409,0.01618,0.05914,0.09587,0.26914,0.10022,0.29351,2.21104,0.02733,1.70144,4.14959,0.0142,0.01056,0.02693,0.0315,0.08739,0.0302,3.84986,0.26708,0.08321,0.15932,0.25125,2.45928,3.32412,0.04682,0.06639,0.2603,1.85046,0.73379,1.06506,0.00989,8.85034,0.14656,1.70144,3.32412,0.73379,1.06506,4.14959,4.03794,3.84986,7.09349,8.85034,0.11572,2.13962
2026-02-22 10:00:00,2.09593,0.03198,0.16239,0.11714,0.20269,0.0156,0.05873,0.0939,0.26134,0.09975,0.29255,2.22773,0.02685,1.7014,4.15845,0.01401,0.01054,0.0267,0.03116,0.08673,0.02971,3.8677,0.26682,0.08359,0.15907,0.23899,2.47312,3.30645,0.04631,0.06578,0.25992,1.84806,0.73322,1.05122,0.00985,8.84578,0.14454,1.7014,3.30645,0.73322,1.05122,4.15845,4.05011,3.8677,7.09442,8.84578,0.11548,2.14377
2026-02-22 11:00:00,2.09523,0.03168,0.1614,0.11241,0.20138,0.01522,0.05836,0.09189,0.25383,0.09932,0.29166,2.24443,0.02639,1.70127,4.16659,0.01381,0.01052,0.02648,0.0309,0.08608,0.02929,3.88528,0.26668,0.08396,0.15883,0.22787,2.48697,3.28959,0.0458,0.0652,0.25944,1.84558,0.73272,1.03821,0.0098,8.83979,0.14253,1.70127,3.28959,0.73272,1.03821,4.16659,4.06196,3.88528,7.09518,8.83979,0.11514,2.14792
2026-02-22 12:00:00,2.09452,0.0314,0.16046,0.10862,0.20013,0.01507,0.05796,0.08976,0.24615,0.09893,0.29078,2.26109,0.02596,1.70102,4.17398,0.01362,0.0105,0.02626,0.03071,0.08542,0.02891,3.90253,0.26662,0.08434,0.15859,0.21785,2.50082,3.27359,0.0453,0.06459,0.25872,1.84286,0.73229,1.02493,0.00974,8.83248,0.14051,1.70102,3.27359,0.73229,1.02493,4.17398,4.07349,3.90253,7.09582,8.83248,0.11457,2.1653
2026-02-22 13:00:00,2.08951,0.03111,0.15957,0.10565,0.19891,0.01499,0.05754,0.08757,0.23842,0.09851,0.28985,2.23067,0.02555,1.70067,4.18061,0.01343,0.01048,0.02604,0.03059,0.08492,0.02849,3.91943,0.26663,0.08435,0.15835,0.20879,2.51627,3.25849,0.04479,0.06402,0.25791,1.83314,0.73188,1.01,0.00969,8.82402,0.139,1.70067,3.25849,0.73188,1.01,4.18061,4.0847,3.91943,7.09638,8.82402,0.11391,2.18659
2026-02-22 14:00:00,2.0845,0.03082,0.15867,0.1032,0.19766,0.0149,0.05718,0.08551,0.23135,0.09803,0.28882,2.20022,0.02516,1.70026,4.18643,0.01324,0.01047,0.02582,0.03041,0.08442,0.02807,3.93597,0.26672,0.08436,0.15812,0.20055,2.53174,3.2443,0.04429,0.06344,0.25726,1.82356,0.73148,0.9937,0.00966,8.81455,0.13748,1.70026,3.2443,0.73148,0.9937,4.18643,4.09561,3.93597,7.09688,8.81455,0.11339,2.19462
2026-02-22 15:00:00,2.07949,0.03054,0.15771,0.10129,0.19641,0.01471,0.05687,0.08368,0.22522,0.0976,0.28775,2.1698,0.0248,1.69977,4.19145,0.01306,0.01045,0.02561,0.03002,0.08392,0.0277,3.95218,0.26683,0.08438,0.15788,0.193,2.54719,3.23105,0.04378,0.06286,0.25673,1.81411,0.73109,0.97769,0.00963,8.80425,0.13597,1.69977,3.23105,0.73109,0.97769,4.19145,4.10618,3.95218,7.09737,8.80425,0.113,2.20265
2026-02-22 16:00:00,2.07447,0.0303,0.15673,0.09878,0.1952,0.01431,0.05659,0.08198,0.21961,0.09707,0.2867,2.13938,0.02445,1.69925,4.19564,0.01286,0.01043,0.02539,0.02971,0.08341,0.02738,3.96807,0.2669,0.08439,0.15764,0.18605,2.56265,3.21868,0.04329,0.06228,0.25635,1.80482,0.73069,0.96247,0.00961,8.79322,0.13445,1.69925,3.21868,0.73069,0.96247,4.19564,4.1164,3.96807,7.09786,8.79322,0.11276,2.21068
2026-02-22 17:00:00,2.06946,0.03008,0.1558,0.09508,0.19406,0.01405,0.05634,0.0803,0.21405,0.09677,0.28536,2.10889,0.02412,1.69865,4.19902,0.01268,0.01042,0.02518,0.02947,0.08291,0.02712,3.98363,0.26687,0.0844,0.15741,0.17969,2.57811,3.20717,0.04279,0.06167,0.25587,1.79543,0.73033,0.94812,0.00958,8.78162,0.13294,1.69865,3.20717,0.73033,0.94812,4.19902,4.12624,3.98363,7.09841,8.78162,0.11243,2.21872
2026-02-22 18:00:00,2.06445,0.02988,0.15493,0.09213,0.19296,0.01395,0.05606,0.07858,0.2083,0.09625,0.28428,2.07833,0.02381,1.69803,4.20156,0.01249,0.0104,0.02497,0.02931,0.08241,0.02687,3.99886,0.26675,0.08441,0.15717,0.1739,2.59356,3.19647,0.04228,0.06109,0.25518,1.78582,0.73002,0.93465,0.00954,8.7695,0.13142,1.69803,3.19647,0.73002,0.93465,4.20156,4.13566,3.99886,7.09902,8.7695,0.11188,2.22675
2026-02-22 19:00:00,2.06197,0.02966,0.15411,0.08981,0.19188,0.0139,0.05576,0.07683,0.20255,0.09571,0.28321,2.06089,0.02352,1.69736,4.20328,0.01231,0.01038,0.02476,0.02918,0.08197,0.0266,4.01376,0.26658,0.08473,0.15694,0.16861,2.60605,3.18653,0.04178,0.06053,0.25439,1.78807,0.72972,0.92201,0.00951,8.75693,0.13026,1.69736,3.18653,0.72972,0.92201,4.20328,4.14463,4.01376,7.09974,8.75693,0.11124,2.23478
2026-02-22 20:00:00,2.05948,0.02943,0.15329,0.08793,0.19078,0.01383,0.0555,0.07521,0.1974,0.09543,0.28191,2.04334,0.02325,1.69666,4.20419,0.01213,0.01036,0.02456,0.02899,0.08153,0.02632,4.02832,0.26635,0.08504,0.15671,0.16375,2.61852,3.17734,0.04129,0.05996,0.25375,1.79044,0.72943,0.91015,0.00949,8.74394,0.1291,1.69666,3.17734,0.72943,0.91015,4.20419,4.15312,4.02832,7.10057,8.74394,0.11073,2.24282
2026-02-22 21:00:00,2.057,0.02922,0.15241,0.08652,0.18967,0.0137,0.05527,0.07376,0.19304,0.09489,0.28091,2.02575,0.02299,1.69596,4.20427,0.01195,0.01035,0.02434,0.02855,0.0811,0.02608,4.04252,0.26609,0.08536,0.15648,0.15925,2.631,3.16881,0.04079,0.05938,0.25322,1.79295,0.72914,0.89902,0.00948,8.73061,0.12793,1.69596,3.16881,0.72914,0.89902,4.20427,4.16109,4.04252,7.10156,8.73061,0.11035,2.25085
2026-02-22 22:00:00,2.05452,0.02903,0.15152,0.08468,0.18859,0.01343,0.05507,0.07244,0.18908,0.09461,0.27996,2.00826,0.02274,1.69524,4.20357,0.01177,0.01033,0.02414,0.02821,0.08066,0.02588,4.05634,0.26599,0.08567,0.15625,0.15506,2.64349,3.16094,0.04029,0.05881,0.25286,1.7956,0.72885,0.88859,0.00946,8.71701,0.12677,1.69524,3.16094,0.72885,0.88859,4.20357,4.16854,4.05634,7.1027,8.71701,0.11012,2.25888
2026-02-22 23:00:00,2.05203,0.02886,0.15067,0.08202,0.18757,0.01325,0.05487,0.07113,0.18511,0.09431,0.27907,1.99071,0.02251,1.69452,4.20206,0.01159,0.01031,0.02393,0.02794,0.08022,0.0257,4.06975,0.26618,0.08598,0.15602,0.15118,2.65596,3.15365,0.03979,0.05823,0.25239,1.79816,0.72858,0.8788,0.00942,8.70325,0.12561,1.69452,3.15365,0.72858,0.8788,4.20206,4.17542,4.06975,7.10402,8.70325,0.1098,2.26691
2026-02-23 00:00:00,2.04955,0.02869,0.14988,0.07988,0.18658,0.01319,0.05463,0.06978,0.18088,0.0943,0.27839,1.97317,0.02229,1.6938,4.19979,0.01141,0.01029,0.02374,0.02776,0.07978,0.02554,4.08272,0.26659,0.0863,0.15579,0.14762,2.66845,3.14691,0.03929,0.05765,0.25172,1.80052,0.72834,0.86963,0.00938,8.68939,0.12445,1.6938,3.14691,0.72834,0.86963,4.19979,4.18172,4.08272,7.1055,8.68939,0.10927,2.27495
2026-02-23 01:00:00,2.05172,0.0285,0.14912,0.07821,0.1856,0.01315,0.05437,0.06842,0.17653,0.09426,0.27758,2.04238,0.02209,1.69307,4.19675,0.01124,0.01027,0.02354,0.02764,0.07937,0.02536,4.09524,0.26719,0.08797,0.15582,0.14433,2.68357,3.14067,0.03881,0.05708,0.25096,1.80712,0.72811,0.86101,0.00934,8.67555,0.12354,1.69307,3.14067,0.72811,0.86101,4.19675,4.1874,4.09524,7.10719,8.67555,0.10865,2.28298
2026-02-23 02:00:00,2.0539,0.02829,0.14837,0.07686,0.1846,0.0131,0.05413,0.06715,0.17253,0.09425,0.27715,2.11166,0.02189,1.69236,4.19296,0.01108,0.01026,0.02333,0.02748,0.07897,0.02518,4.10728,0.26792,0.08965,0.15584,0.14126,2.69869,3.1349,0.03831,0.05649,0.25034,1.81385,0.72789,0.85294,0.00931,8.66178,0.12263,1.69236,3.1349,0.72789,0.85294,4.19296,4.19245,4.10728,7.10906,8.66178,0.10817,2.2754
2026-02-23 03:00:00,2.05607,0.0281,0.14756,0.07587,0.18357,0.01301,0.05393,0.06602,0.16909,0.09425,0.27654,2.18107,0.0217,1.69166,4.18844,0.0109,0.01024,0.02314,0.02714,0.07856,0.02501,4.1188,0.26877,0.09132,0.15587,0.13838,2.71382,3.12955,0.03782,0.05594,0.24982,1.82071,0.72766,0.84536,0.00929,8.6482,0.12172,1.69166,3.12955,0.72766,0.84536,4.18844,4.19686,4.1188,7.11111,8.6482,0.1078,2.26781
2026-02-23 04:00:00,2.05824,0.02793,0.14673,0.07459,0.18257,0.01281,0.05374,0.06499,0.16592,0.09425,0.27622,2.25053,0.02152,1.69099,4.1832,0.01073,0.01022,0.02294,0.02688,0.07816,0.02487,4.12978,0.2698,0.09299,0.1559,0.13567,2.72894,3.12461,0.03732,0.05537,0.24946,1.82771,0.72744,0.83825,0.00927,8.63491,0.12081,1.69099,3.12461,0.72744,0.83825,4.1832,4.20061,4.12978,7.11336,8.63491,0.10759,2.26023
2026-02-23 05:00:00,2.06042,0.02777,0.14593,0.07277,0.18163,0.01268,0.05357,0.06398,0.16272,0.09425,0.27603,2.32011,0.02135,1.69033,4.17727,0.01057,0.01021,0.02274,0.02667,0.07776,0.02475,4.14021,0.2711,0.09467,0.15592,0.13314,2.74406,3.12003,0.03684,0.05477,0.24901,1.83463,0.72723,0.83157,0.00924,8.62203,0.1199,1.69033,3.12003,0.72723,0.83157,4.17727,4.20369,4.14021,7.11575,8.62203,0.10729,2.25265
2026-02-23 06:00:00,2.06259,0.02762,0.14519,0.0713,0.18071,0.01263,0.05338,0.06293,0.15928,0.09427,0.27601,2.38978,0.02119,1.68968,4.17066,0.01039,0.01019,0.02254,0.02653,0.07735,0.02464,4.15005,0.2726,0.09634,0.15595,0.13078,2.75919,3.11577,0.03634,0.05423,0.24837,1.84134,0.72704,0.82531,0.00919,8.60953,0.11899,1.68968,3.11577,0.72704,0.82531,4.17066,4.20609,4.15005,7.11833,8.60953,0.10679,2.24506
2026-02-23 07:00:00,2.06137,0.02745,0.14448,0.07013,0.17979,0.0126,0.05318,0.06187,0.15573,0.09429,0.27603,2.45544,0.02103,1.68907,4.1634,0.01023,0.01017,0.02236,0.02642,0.07697,0.02451,4.15929,0.27426,0.09707,0.15626,0.12857,2.73854,3.1118,0.03585,0.05367,0.24767,1.83635,0.72685,0.81944,0.00915,8.59747,0.11826,1.68907,3.1118,0.72685,0.81944,4.1634,4.2078,4.15929,7.12104,8.59747,0.10622,2.23748
2026-02-23 08:00:00,2.06014,0.02727,0.14377,0.06911,0.17884,0.01257,0.05301,0.06089,0.15249,0.09403,0.27593,2.52129,0.02089,1.68847,4.15548,0.01007,0.01016,0.02216,0.02625,0.07659,0.02437,4.16789,0.27604,0.0978,0.15656,0.1265,2.71788,3.10813,0.03536,0.05311,0.24706,1.83148,0.72667,0.81392,0.00913,8.58582,0.11752,1.68847,3.10813,0.72667,0.81392,4.15548,4.20882,4.16789,7.12389,8.58582,0.10576,2.2299
2026-02-23 09:00:00,2.05892,0.02711,0.14301,0.06825,0.17788,0.0125,0.05286,0.06001,0.1497,0.09371,0.27581,2.58729,0.02075,1.68792,4.14695,0.00992,0.01014,0.02197,0.02587,0.07621,0.02425,4.17588,0.27791,0.09853,0.15687,0.12453,2.69724,3.10471,0.03487,0.05253,0.24659,1.82673,0.72648,0.80875,0.00911,8.57463,0.11679,1.68792,3.10471,0.72648,0.80875,4.14695,4.20915,4.17588,7.12686,8.57463,0.10543,2.22231
2026-02-23 10:00:00,2.0577,0.02696,0.14223,0.06708,0.17694,0.01236,0.05272,0.05921,0.14714,0.09323,0.27557,2.6534,0.02061,1.68738,4.1378,0.00975,0.01012,0.02177,0.02557,0.07583,0.02415,4.18321,0.28073,0.09926,0.15718,0.12266,2.67658,3.10152,0.03438,0.05196,0.24625,1.82209,0.7263,0.8039,0.00909,8.56387,0.11605,1.68738,3.10152,0.7263,0.8039,4.1378,4.20878,4.18321,7.12993,8.56387,0.10523,2.21473
2026-02-23 11:00:00,2.05647,0.02682,0.14147,0.06532,0.17604,0.01227,0.05259,0.05842,0.14456,0.09281,0.27535,2.71951,0.02048,1.68687,4.12806,0.00959,0.01011,0.02158,0.02533,0.07545,0.02405,4.18988,0.28513,0.09999,0.15748,0.12088,2.65594,3.09854,0.03389,0.05142,0.24584,1.81742,0.69279,0.79933,0.00905,8.55358,0.11532,1.68687,3.09854,0.69279,0.79933,4.12806,4.20773,4.18988,7.13306,8.55358,0.10497,2.20715
2026-02-23 12:00:00,2.05525,0.02669,0.14077,0.06392,0.17517,0.01224,0.05243,0.0576,0.14178,0.09244,0.27515,2.78555,0.02035,1.6864,4.11774,0.00943,0.01009,0.02141,0.02517,0.07507,0.02396,4.19587,0.29078,0.10072,0.15779,0.11922,2.63528,3.09577,0.0334,0.05083,0.24527,1.81256,0.64818,0.79506,0.009,8.54372,0.11458,1.6864,3.09577,0.64818,0.79506,4.11774,4.20598,4.19587,7.13627,8.54372,0.10453,2.0752
2026-02-23 13:00:00,2.05074,0.02654,0.1401,0.06282,0.1743,0.01222,0.05227,0.05677,0.13892,0.09201,0.27484,2.75295,0.02023,1.68594,4.10686,0.00928,0.01007,0.02122,0.02506,0.0747,0.02384,4.2012,0.29741,0.09966,0.15796,0.11764,2.54352,3.09316,0.03291,0.05028,0.24463,1.80108,0.6332,0.79104,0.00897,8.53432,0.11397,1.68594,3.09316,0.6332,0.79104,4.10686,4.20355,4.2012,7.1395,8.53432,0.10404,1.44609
2026-02-23 14:00:00,2.04623,0.02638,0.13942,0.06194,0.17341,0.01219,0.05212,0.056,0.13631,0.09152,0.27431,2.72029,0.02011,1.68553,4.09543,0.00912,0.01006,0.02103,0.02488,0.07434,0.0237,4.20584,0.30477,0.0986,0.15813,0.11615,2.45177,3.09072,0.03243,0.04971,0.2441,1.78969,0.62811,0.78726,0.00894,8.52535,0.11336,1.68553,3.09072,0.62811,0.78726,4.09543,4.20045,4.20584,7.14274,8.52535,0.10365,1.5089
2026-02-23 15:00:00,2.04171,0.02622,0.1387,0.06126,0.17249,0.01215,0.05198,0.05531,0.13409,0.09109,0.27365,2.68763,0.02,1.68513,4.08348,0.00897,0.01004,0.02086,0.0245,0.07397,0.02358,4.20601,0.31271,0.09754,0.1583,0.11472,2.36002,3.08843,0.03195,0.04922,0.24369,1.77845,0.62631,0.78373,0.00892,8.51681,0.11275,1.68513,3.08843,0.62631,0.78373,4.08348,4.19667,4.20601,7.146,8.51681,0.10338,1.57171
2026-02-23 16:00:00,2.0372,0.02609,0.13795,0.06037,0.1716,0.01204,0.05186,0.05468,0.13206,0.09054,0.27294,2.65495,0.01989,1.68476,4.07105,0.00882,0.01002,0.02068,0.02419,0.07361,0.02347,4.2055,0.31959,0.09647,0.15846,0.11334,2.26167,3.08628,0.03146,0.0487,0.24342,1.76733,0.62561,0.78039,0.0089,8.50867,0.11214,1.68476,3.08628,0.62561,0.78039,4.07105,4.19223,4.2055,7.1492,8.50867,0.10325,1.63452
2026-02-23 17:00:00,2.03269,0.02596,0.13723,0.05905,0.17075,0.01198,0.05174,0.05405,0.13,0.09029,0.27188,2.62212,0.01979,1.68442,4.05813,0.00866,0.01001,0.02049,0.02396,0.07325,0.02338,4.2043,0.32413,0.09541,0.15863,0.11203,2.16332,3.08425,0.03097,0.04816,0.24314,1.75619,0.62528,0.77727,0.00886,8.50093,0.11153,1.68442,3.08425,0.62528,0.77727,4.05813,4.18714,4.2043,7.15236,8.50093,0.10311,1.69733
2026-02-23 18:00:00,2.02818,0.02584,0.13656,0.05799,0.16992,0.01195,0.05159,0.05341,0.12778,0.08971,0.27105,2.58913,0.0197,1.6841,4.04478,0.00851,0.00999,0.02032,0.0238,0.07288,0.0233,4.20243,0.32683,0.09435,0.1588,0.11079,2.06497,3.08235,0.03049,0.04763,0.24284,1.74504,0.62508,0.77434,0.00881,8.49354,0.11092,1.6841,3.08235,0.62508,0.77434,4.04478,4.18141,4.20243,7.15544,8.49354,0.10295,1.76014
2026-02-23 19:00:00,2.02564,0.0257,0.13592,0.05716,0.16909,0.01193,0.05143,0.05275,0.12548,0.08937,0.27018,2.56506,0.01961,1.68381,4.03101,0.00837,0.00997,0.02015,0.02369,0.07253,0.02321,4.19987,0.32812,0.09387,0.15872,0.1096,2.14977,3.08054,0.03,0.04709,0.24255,1.74621,0.62492,0.77158,0.00878,8.48651,0.1104,1.68381,3.08054,0.62492,0.77158,4.03101,4.17504,4.19987,7.15844,8.48651,0.1028,1.82295
2026-02-23 20:00:00,2.02309,0.02555,0.13528,0.05649,0.16823,0.01192,0.05129,0.05214,0.12338,0.08978,0.269,2.54081,0.01952,1.68354,4.01683,0.00823,0.00996,0.01998,0.02353,0.07217,0.02312,4.19665,0.3283,0.09339,0.15863,0.10847,2.23456,3.07883,0.02952,0.04654,0.24228,1.7474,0.62478,0.76898,0.00875,8.47979,0.10987,1.68354,3.07883,0.62478,0.76898,4.01683,4.16806,4.19665,7.1613,8.47979,0.10268,1.88576
2026-02-23 21:00:00,2.02055,0.02541,0.1346,0.05599,0.16735,0.01188,0.05116,0.05159,0.1216,0.09021,0.26808,2.51648,0.01943,1.68331,4.00229,0.00808,0.00994,0.0198,0.0232,0.07182,0.02304,4.19276,0.32763,0.09291,0.15855,0.10737,2.31936,3.07722,0.02904,0.04598,0.24215,1.74875,0.62464,0.76547,0.00873,8.47338,0.10935,1.68331,3.07722,0.62464,0.76547,4.00229,4.16046,4.19276,7.16404,8.47338,0.1027,1.94856
2026-02-23 22:00:00,2.01801,0.02528,0.13389,0.05534,0.16649,0.01179,0.05104,0.05109,0.11997,0.09123,0.26719,2.4922,0.01935,1.68312,3.98739,0.00793,0.00992,0.01963,0.02294,0.07147,0.02298,4.18821,0.3291,0.09243,0.15847,0.10632,2.40415,3.07569,0.02855,0.04545,0.24216,1.75023,0.62451,0.75966,0.00871,8.46723,0.10882,1.68312,3.07569,0.62451,0.75966,3.98739,4.15228,4.18821,7.16661,8.46723,0.10286,2.01137
2026-02-23 23:00:00,2.01546,0.02516,0.13321,0.05441,0.16567,0.01174,0.05092,0.05059,0.11832,0.09249,0.26632,2.4678,0.01926,1.68293,3.97217,0.00779,0.00991,0.01945,0.02273,0.07111,0.02292,4.18302,0.33505,0.09195,0.15838,0.1053,2.48894,3.07423,0.02808,0.04489,0.24238,1.7519,0.62437,0.75231,0.00867,8.46132,0.1083,1.68293,3.07423,0.62437,0.75231,3.97217,4.14351,4.18302,7.16901,8.46132,0.10322,2.07418
2026-02-24 00:00:00,2.01292,0.02504,0.13257,0.05367,0.16488,0.01172,0.05078,0.05008,0.11653,0.09426,0.26571,2.44335,0.01918,1.68279,3.95664,0.00764,0.00989,0.01929,0.02259,0.07076,0.02287,4.17719,0.3445,0.09147,0.1583,0.10432,2.57374,3.07285,0.02759,0.04437,0.24319,1.75418,0.62422,0.74479,0.00863,8.45562,0.10777,1.68279,3.07285,0.62422,0.74479,3.95664,4.13419,4.17719,7.1712,8.45562,0.10418,2.13699
2026-02-24 01:00:00,2.01366,0.02491,0.13197,0.05308,0.16408,0.0117,0.05062,0.04956,0.11467,0.09704,0.26533,2.5051,0.0191,1.68266,3.94082,0.0075,0.00987,0.01912,0.02249,0.07042,0.02281,4.17073,0.35665,0.09212,0.15819,0.10339,2.67334,3.07153,0.02711,0.04386,0.24429,1.7622,0.62408,0.73752,0.00859,8.4501,0.10731,1.68266,3.07153,0.62408,0.73752,3.94082,4.12432,4.17073,7.17319,8.4501,0.10543,2.1998
2026-02-24 02:00:00,2.0144,0.02476,0.13136,0.05261,0.16326,0.01169,0.05047,0.04908,0.11298,0.10147,0.26608,2.56689,0.01903,1.68257,3.92473,0.00737,0.00986,0.01895,0.02234,0.07008,0.02275,4.16365,0.37092,0.09278,0.15808,0.10248,2.77294,3.07027,0.02663,0.04338,0.24511,1.76994,0.5906,0.73065,0.00857,8.44448,0.10685,1.68257,3.07027,0.5906,0.73065,3.92473,4.11393,4.16365,7.17494,8.44448,0.10639,2.26261
2026-02-24 03:00:00,2.01514,0.02462,0.13071,0.05226,0.16242,0.01166,0.05034,0.04865,0.11153,0.10724,0.26728,2.62881,0.01895,1.68249,3.9084,0.00723,0.00984,0.01879,0.02201,0.06974,0.0227,4.15597,0.38682,0.09344,0.15797,0.1016,2.87254,3.06908,0.02616,0.0429,0.24592,1.77767,0.546,0.72419,0.00855,8.43892,0.10639,1.68249,3.06908,0.546,0.72419,3.9084,4.10303,4.15597,7.17643,8.43892,0.10735,2.32542
2026-02-24 04:00:00,2.01588,0.0245,0.13003,0.05181,0.1616,0.01159,0.05022,0.04825,0.1102,0.11411,0.26936,2.69094,0.01888,1.68244,3.89183,0.00708,0.00982,0.01862,0.02175,0.0694,0.02265,4.14771,0.40441,0.09409,0.15786,0.10075,2.97214,3.06792,0.02568,0.04241,0.24664,1.78531,0.53104,0.71811,0.00853,8.43332,0.10593,1.68244,3.06792,0.53104,0.71811,3.89183,4.09164,4.14771,7.17767,8.43332,0.10822,2.38823
2026-02-24 05:00:00,2.01662,0.02438,0.12938,0.05116,0.16082,0.01155,0.05011,0.04785,0.10885,0.12189,0.2721,2.75366,0.01881,1.68242,3.87505,0.00695,0.00981,0.01845,0.02155,0.06906,0.02261,4.13887,0.42369,0.09474,0.15775,0.09992,3.07174,3.06682,0.0252,0.04194,0.24794,1.79353,0.52597,0.71243,0.0085,8.4276,0.10547,1.68242,3.06682,0.52597,0.71243,3.87505,4.07978,4.13887,7.17864,8.4276,0.10966,2.45104
2026-02-24 06:00:00,2.01736,0.02427,0.12877,0.05064,0.16006,0.01153,0.04997,0.04743,0.10737,0.13043,0.27563,2.81712,0.01875,1.6824,3.85808,0.00681,0.00979,0.01831,0.02141,0.06872,0.02256,4.12948,0.44434,0.0954,0.15764,0.09912,3.17134,3.06577,0.02472,0.04143,0.25085,1.80336,0.52421,0.7071,0.00846,8.42169,0.10501,1.6824,3.06577,0.52421,0.7071,3.85808,4.06747,4.12948,7.17931,8.42169,0.11272,2.51385
2026-02-24 07:00:00,2.0165,0.02413,0.12819,0.05022,0.1593,0.01152,0.04982,0.04701,0.10584,0.13924,0.28054,2.84836,0.01868,1.68242,3.84095,0.00667,0.00978,0.01815,0.02131,0.06839,0.02251,4.11954,0.46611,0.10058,0.15872,0.09835,3.34649,3.06475,0.02438,0.04172,0.25453,1.84165,0.52356,0.7021,0.00843,8.41554,0.1051,1.68242,3.06475,0.52356,0.7021,3.84095,4.05473,4.11954,7.17968,8.41554,0.11655,2.57665
2026-02-24 08:00:00,2.01565,0.02399,0.12761,0.04981,0.15852,0.01151,0.04968,0.04662,0.10444,0.14737,0.28732,2.88036,0.01862,1.68244,3.82369,0.00654,0.00976,0.01798,0.02116,0.06806,0.02244,4.10908,0.48874,0.10575,0.1598,0.0976,3.52165,3.06377,0.02403,0.04207,0.25734,1.87908,0.52327,0.69742,0.00841,8.40911,0.10518,1.68244,3.06377,0.52327,0.69742,3.82369,4.04157,4.10908,7.17973,8.40911,0.11951,2.63946
2026-02-24 09:00:00,2.01479,0.02386,0.12699,0.04943,0.15772,0.01148,0.04956,0.04627,0.10324,0.15526,0.29619,2.91309,0.01854,1.6825,3.8063,0.00642,0.00975,0.01782,0.02083,0.06773,0.02238,4.09812,0.51595,0.11093,0.16089,0.09687,3.6968,3.06283,0.02369,0.04244,0.26019,1.91656,0.48976,0.69303,0.0084,8.40241,0.10527,1.6825,3.06283,0.48976,0.69303,3.8063,4.02802,4.09812,7.17946,8.40241,0.12251,2.70227
2026-02-24 10:00:00,2.01393,0.02374,0.12635,0.04888,0.15694,0.01143,0.04944,0.04594,0.10213,0.1626,0.30692,2.94682,0.01844,1.68257,3.78882,0.00629,0.00973,0.01767,0.02057,0.0674,0.02233,4.08667,0.54665,0.11611,0.16197,0.09615,3.87195,3.06192,0.02334,0.0428,0.26282,1.95379,0.44517,0.68891,0.00838,8.39541,0.10536,1.68257,3.06192,0.44517,0.68891,3.78882,4.0141,4.08667,7.17884,8.39541,0.12528,2.76508
2026-02-24 11:00:00,2.01308,0.02363,0.12573,0.04803,0.15619,0.01139,0.04933,0.04562,0.10101,0.16993,0.31944,2.98207,0.01832,1.68265,3.77126,0.00615,0.00971,0.0175,0.02037,0.06707,0.02228,4.07475,0.57389,0.12128,0.16305,0.09545,4.04711,3.06106,0.02299,0.04319,0.26736,1.99294,0.43024,0.68505,0.00835,8.38812,0.10544,1.68265,3.06106,0.43024,0.68505,3.77126,3.99982,4.07475,7.17789,8.38812,0.12996,2.82789
2026-02-24 12:00:00,2.01222,0.02352,0.12516,0.04735,0.15547,0.01138,0.0492,0.04528,0.09979,0.17733,0.33313,3.0192,0.01822,1.68275,3.75364,0.00602,0.0097,0.01735,0.02023,0.06674,0.02224,4.06239,0.59871,0.12646,0.16413,0.09478,4.22226,3.0602,0.02265,0.04358,0.27733,2.03752,0.4252,0.68036,0.0083,8.38055,0.10553,1.68275,3.0602,0.4252,0.68036,3.75364,3.98521,4.06239,7.17659,8.38055,0.14008,3.01457
2026-02-24 13:00:00,2.05577,0.0234,0.12463,0.04684,0.15474,0.01137,0.04904,0.04493,0.09852,0.18538,0.3483,3.05128,0.01817,1.68286,3.73598,0.0059,0.00968,0.01721,0.02014,0.06684,0.02219,4.04959,0.62188,0.17624,0.17625,0.09412,4.74576,3.05941,0.03186,0.06389,0.28986,2.1819,0.42346,0.67343,0.00826,8.37271,0.10651,1.68286,3.05941,0.42346,0.67343,3.73598,3.9703,4.04959,7.17493,8.37271,0.15276,4.97758
2026-02-24 14:00:00,2.09931,0.02327,0.12411,0.0465,0.15398,0.01137,0.04891,0.04461,0.09736,0.19491,0.36535,3.0852,0.01817,1.68299,3.71829,0.00578,0.00967,0.01705,0.02001,0.06693,0.02213,4.03638,0.64391,0.22601,0.18837,0.09347,5.26926,3.05864,0.04107,0.0874,0.29954,2.32343,0.42281,0.66505,0.00824,8.36459,0.10749,1.68299,3.05864,0.42281,0.66505,3.71829,3.95509,4.03638,7.17289,8.36459,0.16259,5.87346
2026-02-24 15:00:00,2.14286,0.02314,0.1236,0.04633,0.15321,0.01135,0.04879,0.04432,0.09639,0.21424,0.38386,3.12069,0.01829,1.68314,3.70059,0.00565,0.00965,0.01689,0.01973,0.06703,0.02208,4.02278,0.66682,0.27579,0.20049,0.09284,5.79277,3.0579,0.05028,0.11319,0.31077,2.46651,0.42253,0.65655,0.00822,8.35622,0.10847,1.68314,3.0579,0.42253,0.65655,3.70059,3.93961,4.02278,7.1705,8.35622,0.17397,6.17209
2026-02-24 16:00:00,2.18641,0.02303,0.12308,0.04615,0.15246,0.01133,0.0487,0.04405,0.09553,0.2405,0.40387,3.15753,0.01887,1.68329,3.68289,0.00553,0.00963,0.01674,0.01951,0.06713,0.02204,4.00881,0.70181,0.32557,0.21261,0.09222,6.31627,3.05718,0.05949,0.14029,0.32276,2.61034,0.42238,0.64839,0.0082,8.34758,0.10944,1.68329,3.05718,0.42238,0.64839,3.68289,3.92389,4.00881,7.16774,8.34758,0.1861,6.3214
2026-02-24 17:00:00,2.22995,0.02293,0.1226,0.04594,0.15174,0.01131,0.04864,0.04377,0.09466,0.26242,0.42493,3.19601,0.01978,1.68346,3.6652,0.00541,0.00962,0.0166,0.01933,0.06722,0.022,3.9945,0.75501,0.37534,0.22473,0.09161,6.83977,3.05648,0.0687,0.16769,0.34395,2.76337,0.42226,0.64067,0.00817,8.33868,0.11042,1.68346,3.05648,0.42226,0.64067,3.6652,3.90794,3.9945,7.1646,8.33868,0.20743,6.41099
2026-02-24 18:00:00,2.2735,0.02283,0.12217,0.04577,0.15104,0.01131,0.04862,0.04349,0.09372,0.28069,0.45024,3.23613,0.02045,1.68363,3.64755,0.00528,0.0096,0.01644,0.01922,0.06732,0.02196,3.97985,0.8208,0.42512,0.23685,0.09102,7.36327,3.0558,0.07791,0.19476,0.39189,2.94314,0.42216,0.63342,0.00813,8.32944,0.1114,1.68363,3.0558,0.42216,0.63342,3.64755,3.89179,3.97985,7.16109,8.32944,0.2555,6.47072
2026-02-24 19:00:00,2.55635,0.02272,0.12181,0.04569,0.15034,0.01131,0.04865,0.04321,0.09274,0.30352,0.48338,3.5799,0.02088,1.68382,3.62991,0.00516,0.00958,0.0163,0.01912,0.06757,0.02191,3.96489,0.8953,0.55428,0.3128,0.09044,7.84464,3.05519,0.12679,0.26448,0.45276,3.48173,0.42206,0.62554,0.00811,8.3198,0.11304,1.68382,3.05519,0.42206,0.62554,3.62991,3.87544,3.96489,7.1572,8.3198,0.31648,6.51338
2026-02-24 20:00:00,2.83919,0.0226,0.12155,0.04584,0.14961,0.01132,0.04868,0.04294,0.09184,0.33575,0.53124,3.925,0.02118,1.68402,3.61233,0.00505,0.00957,0.01616,0.01898,0.06782,0.02186,3.94965,0.97585,0.68344,0.38874,0.08987,8.32601,3.05458,0.17569,0.35124,0.49977,4.00647,0.42197,0.61565,0.00809,8.3097,0.11467,1.68402,3.05458,0.42197,0.61565,3.61233,3.85893,3.94965,7.15293,8.3097,0.3636,6.54537
2026-02-24 21:00:00,3.12204,0.02249,0.12141,0.04625,0.14886,0.01134,0.04872,0.04271,0.09107,0.37081,0.58711,4.27247,0.02142,1.68423,3.5948,0.00493,0.00955,0.01602,0.01865,0.06808,0.02181,3.93414,1.06394,0.8126,0.46469,0.08931,8.80739,3.05399,0.22457,0.44835,0.55585,4.54028,0.42188,0.60449,0.00807,8.29913,0.11631,1.68423,3.05399,0.42188,0.60449,3.5948,3.84227,3.93414,7.14828,8.29913,0.41979,6.57026
2026-02-24 22:00:00,3.40488,0.02239,0.12138,0.047,0.14813,0.01138,0.04877,0.04251,0.09036,0.40919,0.6456,4.62526,0.02187,1.68445,3.57733,0.0048,0.00953,0.01587,0.0184,0.06833,0.02177,3.91839,1.16399,0.94175,0.54063,0.08876,9.28876,3.05342,0.27345,0.55013,0.61686,5.079,0.42178,0.59339,0.00806,8.28804,0.11795,1.68445,3.05342,0.42178,0.59339,3.57733,3.82549,3.91839,7.14327,8.28804,0.4809,6.59017
2026-02-24 23:00:00,3.68773,0.0223,0.1214,0.04834,0.14744,0.01142,0.04884,0.04232,0.08966,0.44867,0.70924,4.98813,0.02246,1.68468,3.55993,0.00469,0.00952,0.01572,0.0182,0.06858,0.02174,3.90241,1.28007,1.07091,0.61657,0.08822,9.77013,3.05286,0.32274,0.65413,0.72491,5.66481,0.38835,0.58279,0.00805,8.27647,0.11958,1.68468,3.05286,0.38835,0.58279,3.55993,3.80858,3.90241,7.13788,8.27647,0.58909,6.60646
2026-02-25 00:00:00,3.97057,0.02221,0.12147,0.04939,0.14676,0.01143,0.04898,0.04213,0.08893,0.55049,0.77981,5.3621,0.02288,1.68492,3.5426,0.00457,0.0095,0.01559,0.01807,0.06883,0.02172,3.88623,1.42001,1.20007,0.69252,0.08769,10.2515,3.05233,0.37202,0.75812,0.96991,6.38751,0.34381,0.57281,0.00804,8.26438,0.12122,1.68492,3.05233,0.34381,0.57281,3.5426,3.79158,3.88623,7.13213,8.26438,0.83418,6.62003
2026-02-25 01:00:00,4.298,0.02212,0.12161,0.05117,0.14609,0.01143,0.04915,0.04196,0.08821,0.60616,0.85833,5.83724,0.02315,1.68516,3.52538,0.00445,0.00948,0.01545,0.01797,0.06899,0.02171,3.86987,1.55923,1.30156,0.87653,0.08717,10.74629,3.05184,0.42699,0.84752,1.28104,7.21981,0.3289,0.56344,0.00803,8.25175,0.13511,1.68516,3.05184,0.3289,0.56344,3.52538,3.7745,3.86987,7.12601,8.25175,1.1454,6.63152
2026-02-25 02:00:00,4.62544,0.02203,0.12189,0.05575,0.14539,0.01143,0.04932,0.0418,0.08756,0.66205,0.97634,6.31678,0.02337,1.68541,3.50832,0.00434,0.00947,0.01531,0.01784,0.06916,0.0217,3.85333,1.69773,1.40305,1.06054,0.08666,11.24109,3.05137,0.48196,0.94506,1.5214,7.98136,0.32388,0.55465,0.00802,8.23853,0.14899,1.68541,3.05137,0.32388,0.55465,3.50832,3.75734,3.85333,7.11951,8.23853,1.38587,6.64136
2026-02-25 03:00:00,4.95287,0.02194,0.12237,0.06364,0.14493,0.01142,0.04967,0.04167,0.08701,0.71815,1.15752,6.80204,0.02362,1.68568,3.49139,0.00423,0.00946,0.01518,0.01756,0.06933,0.0217,3.83665,1.83723,1.50454,1.24455,0.08615,11.73589,3.05092,0.53693,1.04688,1.70246,8.68359,0.32214,0.54642,0.00802,8.22469,0.16288,1.68568,3.05092,0.32214,0.54642,3.49139,3.73523,3.83665,7.11267,8.22469,1.56701,6.64989
2026-02-25 04:00:00,5.2803,0.02187,0.12304,0.07666,0.14517,0.01141,0.05066,0.04156,0.08652,0.77441,1.31327,7.29439,0.0243,1.68595,3.4746,0.00412,0.00944,0.01504,0.01734,0.06949,0.0217,3.81984,1.97905,1.60602,1.42855,0.08565,12.23068,3.05046,0.5919,1.1494,1.80282,9.30518,0.28816,0.53871,0.00801,8.21021,0.17676,1.68595,3.05046,0.28816,0.53871,3.4746,3.71182,3.81984,7.10549,8.21021,1.66753,6.65736
2026-02-25 05:00:00,5.60774,0.0218,0.12385,0.09907,0.14656,0.01139,0.05293,0.04147,0.08601,0.83082,1.45499,7.80712,0.02525,1.68623,3.45794,0.004,0.00943,0.01489,0.01717,0.06966,0.0217,3.80269,2.15489,1.70751,1.61256,0.08516,12.72548,3.05003,0.64687,1.25125,1.93208,9.95567,0.27349,0.5315,0.00799,8.19513,0.19065,1.68623,3.05003,0.27349,0.5315,3.45794,3.69145,3.80269,7.09797,8.19513,1.79694,6.66395
2026-02-25 06:00:00,5.93517,0.02172,0.12497,0.11665,0.14975,0.01139,0.05812,0.04139,0.08545,0.88733,1.5869,8.41571,0.02595,1.68651,3.44139,0.00389,0.00941,0.01476,0.01705,0.06982,0.0217,3.78453,2.32301,1.809,1.79657,0.08466,13.22027,3.04959,0.70184,1.35537,2.12581,10.67056,0.32864,0.52474,0.00797,8.17947,0.20453,1.68651,3.04959,0.32864,0.52474,3.44139,3.67262,3.78453,7.09011,8.17947,1.99075,6.6698
2026-02-25 07:00:00,6.11233,0.02164,0.12702,0.13292,0.15542,0.01172,0.06562,0.04167,0.08487,0.94822,1.70592,8.89678,0.02637,1.68681,3.42498,0.00379,0.00939,0.01463,0.01697,0.06916,0.02169,3.76509,2.48089,1.82137,1.86999,0.08417,13.48224,3.04915,0.71666,1.40692,2.33997,11.04787,0.40706,0.51841,0.00795,8.16328,0.22367,1.68681,3.04915,0.40706,0.51841,3.42498,3.65458,3.76509,7.0819,8.16328,2.20497,6.67504
2026-02-25 08:00:00,6.28948,0.02155,0.13144,0.15498,0.16381,0.01239,0.07301,0.04294,0.08437,1.00676,1.85984,9.33263,0.02655,1.68711,3.40867,0.00368,0.00938,0.0145,0.01684,0.0685,0.02168,3.74514,2.63327,1.83373,1.94341,0.08369,13.7442,3.04871,0.73148,1.44262,2.51011,11.38119,0.49325,0.51249,0.00794,8.1466,0.24281,1.68711,3.04871,0.49325,0.51249,3.40867,3.63695,3.74514,7.07339,8.1466,2.37519,6.67976
2026-02-25 09:00:00,6.46664,0.02147,0.13928,0.1846,0.17427,0.01406,0.07991,0.04597,0.08398,1.06474,1.98248,9.75724,0.02644,1.68742,3.39249,0.00358,0.00936,0.01436,0.01657,0.06785,0.02167,3.72536,2.77256,1.8461,2.01683,0.0832,14.00617,3.04829,0.7463,1.47089,2.61345,11.64772,0.58893,0.50586,0.00793,8.12948,0.26195,1.68742,3.04829,0.58893,0.50586,3.39249,3.61955,3.72536,7.06452,8.12948,2.47862,6.68402
2026-02-25 10:00:00,6.6438,0.02139,0.14952,0.23168,0.18561,0.01808,0.08675,0.05163,0.08366,1.12128,2.09278,10.16969,0.02551,1.68775,3.37643,0.00347,0.00934,0.01423,0.01635,0.06719,0.02166,3.70601,2.87582,1.85847,2.09024,0.08272,14.26814,3.04788,0.76112,1.49493,2.64692,11.84442,0.67717,0.49715,0.00792,8.11196,0.2811,1.68775,3.04788,0.67717,0.49715,3.37643,3.60231,3.70601,7.05529,8.11196,2.51224,6.6879
2026-02-25 11:00:00,6.82095,0.02131,0.16033,0.31089,0.19715,0.02075,0.09435,0.06088,0.08344,1.17815,2.19847,10.64364,0.02401,1.6881,3.36047,0.00337,0.00933,0.01409,0.01618,0.06653,0.02166,3.68709,2.94076,1.87083,2.16366,0.08226,14.5301,3.04745,0.77594,1.517,2.6655,12.02633,0.71685,0.48707,0.00791,8.0941,0.30024,1.6881,3.04745,0.71685,0.48707,3.36047,3.58517,3.68709,7.04566,8.0941,2.53105,6.69144
2026-02-25 12:00:00,6.99811,0.02123,0.17071,0.37326,0.20895,0.02176,0.10653,0.0743,0.08359,1.23558,2.3019,11.05651,0.02286,1.68848,3.34464,0.00326,0.00931,0.01396,0.01607,0.06587,0.02165,3.66858,2.98507,1.8832,2.23708,0.08188,14.79207,3.04705,0.79076,1.53832,2.63162,12.1558,0.71178,0.47701,0.0079,8.0759,0.31938,1.68848,3.04705,0.71178,0.47701,3.34464,3.56814,3.66858,7.03565,8.0759,2.49743,7.08027
2026-02-25 13:00:00,7.03368,0.02114,0.18011,0.41839,0.22128,0.02219,0.12287,0.09048,0.08468,1.24923,2.36312,11.04354,0.0221,1.68888,3.32891,0.00316,0.00929,0.01384,0.01599,0.06532,0.02166,3.65039,3.01833,1.87581,2.24155,0.0816,14.86957,3.0466,0.781,1.53254,2.56425,12.00611,0.69179,0.46738,0.00789,8.0574,0.32331,1.68888,3.0466,0.69179,0.46738,3.32891,3.55119,3.65039,7.02528,8.0574,2.43026,7.56239
2026-02-25 14:00:00,7.06925,0.02103,0.18826,0.44551,0.23441,0.02258,0.13611,0.1081,0.08729,1.26135,2.4138,11.02627,0.02159,1.68931,3.31331,0.00306,0.00928,0.01371,0.01589,0.06477,0.02167,3.63248,3.04556,1.86842,2.24602,0.08141,14.94706,3.04617,0.77125,1.51655,2.51579,11.87531,0.66683,0.45721,0.00788,8.03859,0.32723,1.68931,3.04617,0.66683,0.45721,3.31331,3.53433,3.63248,7.01457,8.03859,2.38197,7.7332
2026-02-25 15:00:00,7.10482,0.02092,0.19518,0.45439,0.24779,0.02322,0.14632,0.12491,0.09152,1.27329,2.44487,11.00224,0.02124,1.68977,3.29782,0.00297,0.00927,0.0136,0.01566,0.06422,0.02167,3.6148,3.06626,1.86103,2.25049,0.08129,15.02456,3.04579,0.7615,1.49631,2.47179,11.74896,0.6402,0.44613,0.00788,8.01946,0.33116,1.68977,3.04579,0.6402,0.44613,3.29782,3.51755,3.6148,7.00355,8.01946,2.33812,7.90402
2026-02-25 16:00:00,7.14039,0.02083,0.20095,0.46033,0.26015,0.02438,0.15397,0.1381,0.09693,1.28223,2.46372,10.93674,0.02092,1.69024,3.28247,0.00286,0.00925,0.01346,0.01549,0.06367,0.02168,3.5973,3.07101,1.85363,2.25496,0.08124,15.10205,3.04545,0.75174,1.47419,2.44578,11.64056,0.61268,0.43707,0.00787,7.99994,0.33508,1.69024,3.04545,0.61268,0.43707,3.28247,3.50087,3.5973,6.99227,7.99994,2.31224,8.07484
2026-02-25 17:00:00,7.17596,0.02074,0.20567,0.46172,0.27056,0.02516,0.15947,0.14909,0.10301,1.2956,2.4734,10.85885,0.02062,1.69075,3.26723,0.00276,0.00923,0.01333,0.01535,0.06312,0.02168,3.57996,3.05807,1.84624,2.25943,0.08132,15.17955,3.04516,0.74198,1.45133,2.41004,11.52242,0.58853,0.43291,0.00784,7.98003,0.33901,1.69075,3.04516,0.58853,0.43291,3.26723,3.48429,3.57996,6.98072,7.98003,2.27662,8.24566
2026-02-25 18:00:00,7.21153,0.02064,0.20947,0.46395,0.27843,0.02545,0.16324,0.1585,0.10972,1.30224,2.48495,10.76174,0.02042,1.69127,3.25213,0.00266,0.00922,0.01322,0.01525,0.06257,0.02168,3.56276,3.03562,1.83885,2.2639,0.08172,15.25704,3.04493,0.73223,1.42811,2.35549,11.38547,0.56951,0.43432,0.00781,7.95969,0.34293,1.69127,3.04493,0.56951,0.43432,3.25213,3.4678,3.56276,6.96895,7.95969,2.22218,8.41648
2026-02-25 19:00:00,7.22845,0.02053,0.2122,0.46628,0.28328,0.02562,0.1657,0.16616,0.11783,1.29335,2.48992,10.63281,0.02029,1.69182,3.23716,0.00256,0.00921,0.01309,0.01518,0.06214,0.02166,3.54568,3.00803,1.84321,2.24974,0.08257,15.34631,3.04474,0.72542,1.41243,2.29466,11.17094,0.5522,0.44151,0.00778,7.93895,0.33719,1.69182,3.04474,0.5522,0.44151,3.23716,3.45142,3.54568,6.95694,7.93895,2.16148,8.5873
2026-02-25 20:00:00,7.24536,0.02042,0.21349,0.4672,0.28514,0.02582,0.1672,0.17154,0.12853,1.29141,2.48479,10.49636,0.02017,1.69238,3.2223,0.00247,0.00919,0.01297,0.01506,0.0617,0.02162,3.52872,2.97767,1.84758,2.23558,0.08379,15.43558,3.04469,0.7186,1.39793,2.24638,10.96895,0.53546,0.45417,0.00776,7.91779,0.33145,1.69238,3.04469,0.53546,0.45417,3.2223,3.43514,3.52872,6.94474,7.91779,2.11333,8.75812
2026-02-25 21:00:00,7.26228,0.02031,0.21326,0.46605,0.28473,0.02623,0.16768,0.17439,0.14226,1.28093,2.47761,10.36041,0.02003,1.69295,3.20759,0.00238,0.00918,0.01286,0.01479,0.06127,0.02159,3.51187,2.94791,1.85194,2.22143,0.08533,15.52486,3.04482,0.71179,1.38385,2.21293,10.78182,0.51891,0.47013,0.00774,7.89627,0.32571,1.69295,3.04482,0.51891,0.47013,3.20759,3.41897,3.51187,6.93234,7.89627,2.08003,8.92894
2026-02-25 22:00:00,7.27919,0.02021,0.21205,0.46044,0.28315,0.0271,0.16668,0.17469,0.15853,1.27873,2.4672,10.21727,0.01972,1.69354,3.193,0.00228,0.00916,0.01273,0.01458,0.06084,0.02156,3.49514,2.92373,1.8563,2.20727,0.08713,15.61413,3.04515,0.70497,1.37004,2.19539,10.61061,0.50242,0.48618,0.00773,7.87452,0.31996,1.69354,3.04515,0.50242,0.48618,3.193,3.40291,3.49514,6.91978,7.87452,2.06266,9.09976
2026-02-25 23:00:00,7.29611,0.02011,0.21042,0.44732,0.28112,0.02768,0.16335,0.17248,0.17631,1.27641,2.45548,10.06536,0.0193,1.69413,3.17855,0.00218,0.00914,0.01261,0.01441,0.0604,0.02154,3.47851,2.90571,1.86067,2.19311,0.08913,15.7034,3.04571,0.69816,1.3563,2.1742,10.43576,0.48493,0.5004,0.00771,7.85278,0.31422,1.69413,3.04571,0.48493,0.5004,3.17855,3.38697,3.47851,6.90707,7.85278,2.04164,9.27057
2026-02-26 00:00:00,7.31302,0.02002,0.20871,0.43703,0.279,0.0279,0.15644,0.16814,0.19457,1.28461,2.44964,9.91122,0.01898,1.69476,3.16423,0.00209,0.00913,0.01249,0.0143,0.05997,0.02151,3.46199,2.891,1.86503,2.17895,0.09118,15.79267,3.04649,0.69134,1.34259,2.1445,10.25239,0.46608,0.51224,0.00769,7.83131,0.30848,1.69476,3.04649,0.46608,0.51224,3.16423,3.37114,3.46199,6.89422,7.83131,2.01211,9.44139
2026-02-26 01:00:00,7.30184,0.01992,0.20717,0.42991,0.27707,0.0277,0.14759,0.16272,0.2129,1.29148,2.45155,9.90057,0.01876,1.69539,3.15005,0.002,0.00911,0.01239,0.01422,0.05937,0.02148,3.44558,2.87808,1.8517,2.15206,0.09317,15.86284,3.04745,0.68452,1.3268,2.11264,10.04336,0.44678,0.52165,0.00767,7.81043,0.30093,1.69539,3.04745,0.44678,0.52165,3.15005,3.35542,3.44558,6.88125,7.81043,1.98041,9.61221
2026-02-26 02:00:00,7.29066,0.01981,0.20594,0.42662,0.27544,0.02721,0.13962,0.15761,0.23115,1.29949,2.46274,9.88972,0.01859,1.69604,3.13601,0.00191,0.0091,0.01227,0.01412,0.05877,0.02144,3.42928,2.86613,1.83836,2.12517,0.0951,15.93302,3.04856,0.67771,1.31125,2.08713,9.84068,0.42732,0.52871,0.00766,7.79037,0.29339,1.69604,3.04856,0.42732,0.52871,3.13601,3.33982,3.42928,6.86819,7.79037,1.95507,9.42095
2026-02-26 03:00:00,7.27948,0.01971,0.20507,0.42629,0.27379,0.02589,0.13281,0.15362,0.24888,1.30864,2.47164,9.88498,0.01845,1.69669,3.12209,0.00182,0.00909,0.01215,0.01389,0.05817,0.02141,3.4131,2.85432,1.82503,2.09829,0.09699,16.00319,3.04982,0.67089,1.29584,2.06619,9.64258,0.40781,0.53364,0.00765,7.77134,0.28584,1.69669,3.04982,0.40781,0.53364,3.12209,3.32435,3.4131,6.85506,7.77134,1.9343,9.22969
2026-02-26 04:00:00,7.2683,0.01962,0.20447,0.42784,0.27167,0.02266,0.12671,0.15068,0.26545,1.31892,2.48445,9.88822,0.01825,1.69732,3.10832,0.00173,0.00907,0.01204,0.01372,0.05757,0.02138,3.39703,2.84174,1.8117,2.0714,0.09884,16.07336,3.05117,0.66407,1.28023,2.04987,9.4491,0.38829,0.53688,0.00763,7.75338,0.27829,1.69732,3.05117,0.38829,0.53688,3.10832,3.30899,3.39703,6.84186,7.75338,1.91815,9.03843
2026-02-26 05:00:00,7.25712,0.01953,0.20402,0.43261,0.26861,0.0205,0.12075,0.1485,0.28013,1.33019,2.49859,9.89903,0.01801,1.69794,3.09467,0.00165,0.00905,0.01193,0.01358,0.05697,0.02135,3.38107,2.82828,1.79836,2.04451,0.1007,16.14354,3.0526,0.65726,1.26451,2.02456,9.24661,0.37258,0.53872,0.0076,7.73649,0.27075,1.69794,3.0526,0.37258,0.53872,3.09467,3.29375,3.38107,6.8286,7.73649,1.893,8.84717
2026-02-26 06:00:00,7.24594,0.01944,0.20342,0.4361,0.26388,0.01969,0.1134,0.14689,0.29216,1.34271,2.51404,9.9085,0.01783,1.69852,3.08116,0.00155,0.00904,0.01181,0.01349,0.05637,0.02132,3.36523,2.81435,1.78503,2.01762,0.1028,16.21371,3.0541,0.65044,1.24877,1.97314,9.01803,0.36197,0.53935,0.00757,7.72056,0.2632,1.69852,3.0541,0.36197,0.53935,3.08116,3.27865,3.36523,6.81533,7.72056,1.84175,8.65591
2026-02-26 07:00:00,7.1342,0.01934,0.20206,0.43692,0.25675,0.01934,0.10526,0.14548,0.30089,1.34501,2.52163,9.68605,0.0177,1.69907,3.06778,0.00147,0.00902,0.01171,0.01342,0.05598,0.02128,3.34951,2.80016,1.74667,1.97943,0.10528,15.73297,3.05563,0.63578,1.22101,1.90975,8.77842,0.35306,0.53886,0.00754,7.70548,0.25515,1.69907,3.05563,0.35306,0.53886,3.06778,3.26367,3.34951,6.80201,7.70548,1.7785,8.46465
2026-02-26 08:00:00,7.02245,0.01922,0.19886,0.43228,0.24696,0.019,0.09888,0.14374,0.30585,1.33206,2.52475,9.46496,0.0176,1.69958,3.05453,0.00138,0.00901,0.0116,0.01332,0.05558,0.02124,3.33391,2.78583,1.70831,1.94123,0.1081,15.25223,3.05727,0.62111,1.19012,1.86048,8.55293,0.34472,0.53734,0.00752,7.69107,0.24711,1.69958,3.05727,0.34472,0.53734,3.05453,3.24882,3.33391,6.78868,7.69107,1.72937,8.27339
2026-02-26 09:00:00,6.91071,0.01912,0.19337,0.42159,0.23533,0.01845,0.09495,0.14113,0.30698,1.31634,2.51943,9.24361,0.01749,1.70005,3.04139,0.00129,0.009,0.01149,0.0131,0.05519,0.02119,3.31843,2.76289,1.66995,1.90304,0.11119,14.77149,3.05905,0.60645,1.15776,1.82321,8.33944,0.33656,0.53482,0.00751,7.67719,0.23906,1.70005,3.05905,0.33656,0.53482,3.04139,3.2341,3.31843,6.77532,7.67719,1.69223,8.08213
2026-02-26 10:00:00,6.79897,0.01902,0.18638,0.40405,0.22338,0.01741,0.09128,0.13715,0.30435,1.29203,2.50329,9.01491,0.0173,1.70049,3.02839,0.00121,0.00898,0.01138,0.01293,0.05479,0.02115,3.30308,2.71815,1.63159,1.86484,0.11452,14.29075,3.06103,0.59179,1.12473,1.80162,8.1416,0.32847,0.53129,0.00749,7.66366,0.23101,1.70049,3.06103,0.32847,0.53129,3.02839,3.2195,3.30308,6.76197,7.66366,1.67075,7.89087
2026-02-26 11:00:00,6.68722,0.01892,0.17899,0.37387,0.21209,0.01672,0.08778,0.13134,0.29819,1.27067,2.48063,8.78103,0.01707,1.7009,3.01552,0.00112,0.00896,0.01126,0.01279,0.0544,0.02112,3.28785,2.65308,1.59323,1.82665,0.11814,13.81001,3.06319,0.57712,1.09141,1.77305,7.93678,0.3208,0.52676,0.00746,7.65038,0.22297,1.7009,3.06319,0.3208,0.52676,3.01552,3.20504,3.28785,6.74861,7.65038,1.64229,7.69961
2026-02-26 12:00:00,6.57548,0.01883,0.17181,0.35032,0.20184,0.01646,0.08395,0.12365,0.28945,1.25205,2.45392,8.53834,0.01689,1.70129,3.00277,0.00104,0.00895,0.01116,0.0127,0.054,0.02108,3.27275,2.57706,1.55487,1.78845,0.12141,13.32927,3.06556,0.56246,1.05807,1.72766,7.71514,0.31367,0.52127,0.00743,7.63718,0.21492,1.70129,3.06556,0.31367,0.52127,3.00277,3.1907,3.27275,6.73528,7.63718,1.59701,7.57136
2026-02-26 13:00:00,6.46504,0.01872,0.16515,0.33246,0.1928,0.01631,0.07994,0.11485,0.27932,1.2133,2.41288,8.30605,0.01676,1.70166,2.99016,0.00095,0.00894,0.01107,0.01263,0.05369,0.02104,3.25777,2.49515,1.52929,1.75132,0.12373,13.07879,3.06812,0.54579,1.0303,1.67622,7.55232,0.30672,0.51488,0.0074,7.62399,0.20906,1.70166,3.06812,0.30672,0.51488,2.99016,3.17648,3.25777,6.72196,7.62399,1.54566,6.93397
2026-02-26 14:00:00,6.35461,0.01861,0.15912,0.31846,0.18481,0.01615,0.07639,0.10644,0.26863,1.17241,2.36836,8.06776,0.01667,1.702,2.97769,0.00087,0.00892,0.01096,0.01253,0.05338,0.02099,3.24293,2.41005,1.50371,1.71419,0.12525,12.82831,3.07069,0.52912,1.00149,1.63555,7.40027,0.29983,0.50764,0.00738,7.61068,0.20319,1.702,3.07069,0.29983,0.50764,2.97769,3.1624,3.24293,6.7087,7.61068,1.50508,6.70539
2026-02-26 15:00:00,6.24417,0.0185,0.15368,0.30808,0.1777,0.01583,0.07336,0.09958,0.25803,1.13468,2.31701,7.824,0.01661,1.70234,2.96538,0.0008,0.00891,0.01085,0.01231,0.05307,0.02094,3.22821,2.3357,1.47813,1.67706,0.12609,12.57782,3.07315,0.51245,0.97219,1.60673,7.26005,0.29297,0.49973,0.00737,7.59719,0.19733,1.70234,3.07315,0.29297,0.49973,2.96538,3.14844,3.22821,6.69547,7.59719,1.47633,6.62919
2026-02-26 16:00:00,6.13373,0.01841,0.14883,0.29334,0.17147,0.01516,0.07074,0.09497,0.24819,1.09237,2.26265,7.56789,0.01658,1.70265,2.95321,0.00072,0.00889,0.01075,0.01214,0.05276,0.0209,3.21362,2.28209,1.45255,1.63993,0.12643,12.32734,3.07539,0.49578,0.94261,1.59099,7.13292,0.28611,0.49148,0.00735,7.58344,0.19147,1.70265,3.07539,0.28611,0.49148,2.95321,3.13461,3.21362,6.68231,7.58344,1.46067,6.5911
2026-02-26 17:00:00,6.0233,0.01832,0.1446,0.27043,0.16608,0.01471,0.06841,0.09049,0.23952,1.06301,2.20141,7.30805,0.01656,1.70296,2.94121,0.00063,0.00887,0.01065,0.012,0.05245,0.02086,3.19916,2.24213,1.42697,1.6028,0.12679,12.07686,3.07732,0.47911,0.91295,1.57124,7.00178,0.28039,0.48313,0.00732,7.56937,0.1856,1.70296,3.07732,0.28039,0.48313,2.94121,3.1209,3.19916,6.66921,7.56937,1.441,6.56824
2026-02-26 18:00:00,5.91286,0.01824,0.14095,0.25206,0.16141,0.01454,0.06607,0.08605,0.23198,1.02184,2.14578,7.0421,0.01655,1.70324,2.92938,0.00055,0.00886,0.01054,0.01191,0.05214,0.02083,3.18482,2.20952,1.40139,1.56567,0.12778,11.82638,3.079,0.46244,0.88315,1.54172,6.86088,0.2762,0.47477,0.00729,7.55492,0.17974,1.70324,3.079,0.2762,0.47477,2.92938,3.10733,3.18482,6.65616,7.55492,1.41157,6.553
2026-02-26 19:00:00,5.87307,0.01815,0.13779,0.2379,0.1573,0.01445,0.06374,0.08178,0.22513,1.00297,2.10849,7.02967,0.01653,1.70352,2.91771,0.00048,0.00885,0.01045,0.01183,0.05187,0.02078,3.17062,2.18087,1.4432,1.54707,0.12957,11.8124,3.0805,0.46371,0.88156,1.50907,6.82365,0.27252,0.46641,0.00726,7.54005,0.17555,1.70352,3.0805,0.27252,0.46641,2.91771,3.09388,3.17062,6.64315,7.54005,1.37904,6.54211
2026-02-26 20:00:00,5.83327,0.01806,0.13513,0.22728,0.15362,0.01434,0.06172,0.07796,0.21848,0.99602,2.06764,7.01154,0.01651,1.7038,2.90623,0.00039,0.00883,0.01034,0.01171,0.0516,0.02073,3.15654,2.15436,1.48502,1.52847,0.13204,11.79842,3.08199,0.46499,0.88724,1.4831,6.79312,0.26901,0.45807,0.00724,7.52472,0.17137,1.7038,3.08199,0.26901,0.45807,2.90623,3.08057,3.15654,6.63017,7.52472,1.35319,6.53395
2026-02-26 21:00:00,5.79348,0.01797,0.13293,0.21996,0.15031,0.01412,0.06002,0.07473,0.21155,0.9776,2.03822,6.99933,0.01647,1.70405,2.89492,0.00032,0.00882,0.01024,0.01144,0.05134,0.02068,3.14259,2.14232,1.52683,1.50988,0.13509,11.78444,3.08357,0.46626,0.89625,1.46907,6.77452,0.26556,0.44975,0.00723,7.50891,0.16718,1.70405,3.08357,0.26556,0.44975,2.89492,3.0674,3.14259,6.61721,7.50891,1.33929,6.5276
2026-02-26 22:00:00,5.75368,0.0179,0.13111,0.21149,0.14738,0.01365,0.05857,0.07198,0.20404,0.97073,2.01822,7.00391,0.01641,1.7043,2.88381,0.00025,0.00881,0.01014,0.01123,0.05107,0.02064,3.12878,2.15243,1.56864,1.49128,0.13823,11.77046,3.08533,0.46753,0.90692,1.46744,6.76831,0.26212,0.44149,0.00721,7.49259,0.16299,1.7043,3.08533,0.26212,0.44149,2.88381,3.05437,3.12878,6.60427,7.49259,1.33779,6.52252
2026-02-26 23:00:00,5.71389,0.01783,0.12958,0.20048,0.14482,0.01334,0.05728,0.06954,0.19586,0.96385,2.00147,7.00539,0.01635,1.70454,2.87288,0.00017,0.00879,0.01005,0.01106,0.0508,0.02061,3.11509,2.17551,1.61046,1.47268,0.14017,11.75648,3.08731,0.46881,0.91837,1.47165,6.76798,0.25911,0.43332,0.00718,7.47578,0.15881,1.70454,3.08731,0.25911,0.43332,2.87288,3.04148,3.11509,6.59134,7.47578,1.34214,6.51837
2026-02-27 00:00:00,5.67409,0.01776,0.12827,0.19153,0.14262,0.01322,0.05599,0.0673,0.18706,0.9682,1.99166,7.01792,0.01629,1.70479,2.86215,0.00009,0.00878,0.00995,0.01095,0.05053,0.02057,3.10154,2.20557,1.65227,1.45408,0.14021,11.7425,3.08937,0.47008,0.93009,1.49466,6.7864,0.25665,0.42521,0.00715,7.45848,0.15462,1.70479,3.08937,0.25665,0.42521,2.86215,3.02874,3.10154,6.57845,7.45848,1.36526,6.5149
2026-02-27 01:00:00,5.69672,0.01767,0.12706,0.18432,0.14072,0.01315,0.05471,0.06525,0.17785,0.98122,2.00775,6.97604,0.01624,1.70503,2.85161,0.00002,0.00877,0.00985,0.01087,0.05029,0.02052,3.08812,2.23938,1.68157,1.45628,0.13871,11.79506,3.09128,0.48587,0.9488,1.52816,6.88773,0.25438,0.41719,0.00712,7.44072,0.15198,1.70503,3.09128,0.25438,0.41719,2.85161,3.01615,3.08812,6.5656,7.44072,1.39887,6.51197
2026-02-27 02:00:00,5.71936,0.01758,0.12584,0.17825,0.13901,0.01308,0.05359,0.06344,0.16867,0.99428,2.03479,6.93736,0.0162,1.70525,2.84128,0,0.00875,0.00975,0.01077,0.05005,0.02047,3.07484,2.27522,1.71086,1.45847,0.13589,11.84762,3.09273,0.50166,0.97324,1.55339,6.98081,0.25217,0.40925,0.0071,7.42252,0.14934,1.70525,3.09273,0.25217,0.40925,2.84128,3.00371,3.07484,6.5528,7.42252,1.42422,6.50946
2026-02-27 03:00:00,5.74199,0.01748,0.12452,0.17357,0.13744,0.01293,0.05265,0.06188,0.15989,1.00728,2.06457,6.90552,0.01616,1.70549,2.83114,0,0.00874,0.00966,0.01054,0.04981,0.02043,3.06171,2.31055,1.74016,1.46067,0.13197,11.90019,3.09358,0.51746,1.00016,1.57583,7.07111,0.24998,0.40141,0.00709,7.40393,0.14671,1.70549,3.09358,0.24998,0.40141,2.83114,2.99143,3.06171,6.54006,7.40393,1.44679,6.50728
2026-02-27 04:00:00,5.76462,0.0174,0.12313,0.16763,0.13602,0.01262,0.05185,0.0605,0.1517,1.02022,2.10184,6.89965,0.01613,1.70572,2.82121,0,0.00872,0.00957,0.01037,0.04956,0.02038,3.04872,2.34352,1.76945,1.46287,0.12719,11.95275,3.09373,0.53325,1.02815,1.59164,7.15476,0.2478,0.39375,0.00707,7.38497,0.14407,1.70572,3.09373,0.2478,0.39375,2.82121,2.97932,3.04872,6.52737,7.38497,1.46273,6.50538
2026-02-27 05:00:00,5.78726,0.01732,0.12175,0.15918,0.13476,0.01241,0.05114,0.05922,0.14414,1.0331,2.14084,6.90494,0.01609,1.70595,2.81149,0,0.00871,0.00947,0.01023,0.04932,0.02035,3.03587,2.37476,1.79875,1.46506,0.12226,12.00531,3.0931,0.54904,1.05698,1.61555,7.24653,0.24588,0.38635,0.00704,7.36568,0.14143,1.70595,3.0931,0.24588,0.38635,2.81149,2.96737,3.03587,6.5147,7.36568,1.48677,6.5037
2026-02-27 06:00:00,5.80989,0.01725,0.12044,0.15243,0.13361,0.01233,0.05043,0.05797,0.13718,1.04572,2.18045,6.91315,0.01605,1.70618,2.80197,0,0.00869,0.00937,0.01014,0.04908,0.02031,3.02318,2.40506,1.82804,1.46726,0.11769,12.05787,3.09179,0.56483,1.08614,1.66032,7.35917,0.24432,0.37917,0.00701,7.3461,0.13879,1.70618,3.09179,0.24432,0.37917,2.80197,2.9556,3.02318,6.50202,7.3461,1.53169,6.5022
2026-02-27 07:00:00,5.78057,0.01716,0.11921,0.14715,0.13254,0.01229,0.04972,0.05676,0.1308,1.06969,2.20916,7.01092,0.01601,1.70641,2.79267,0,0.00868,0.00929,0.01007,0.04886,0.02026,3.01064,2.43486,1.82242,1.46982,0.11346,12.07104,3.0899,0.56914,1.09595,1.71415,7.44323,0.24287,0.37224,0.00698,7.32625,0.13663,1.70641,3.0899,0.24287,0.37224,2.79267,2.944,3.01064,6.48931,7.32625,1.58568,6.50087
2026-02-27 08:00:00,5.75124,0.01707,0.11804,0.14292,0.13151,0.01224,0.04911,0.05566,0.125,1.08263,2.23645,7.11042,0.01598,1.70665,2.78357,0,0.00866,0.0092,0.00997,0.04864,0.02021,2.99826,2.46438,1.8168,1.47238,0.1095,12.08421,3.08761,0.57344,1.10141,1.75616,7.51547,0.24146,0.36554,0.00696,7.30614,0.13446,1.70665,3.08761,0.24146,0.36554,2.78357,2.93258,2.99826,6.47653,7.30614,1.62785,6.49966
2026-02-27 09:00:00,5.72192,0.01699,0.11688,0.13989,0.13051,0.01214,0.04859,0.05469,0.11975,1.09343,2.2659,7.20986,0.01595,1.70687,2.7747,0,0.00865,0.00911,0.00975,0.04842,0.02017,2.98605,2.49621,1.81118,1.47494,0.10578,12.09738,3.08499,0.57775,1.1048,1.78433,7.57387,0.24006,0.35906,0.00695,7.28579,0.1323,1.70687,3.08499,0.24006,0.35906,2.7747,2.92133,2.98605,6.46366,7.28579,1.65617,6.49858
2026-02-27 10:00:00,5.69259,0.01691,0.11576,0.1359,0.12956,0.01192,0.04815,0.05382,0.11504,1.09756,2.29315,7.29871,0.01592,1.70712,2.76605,0,0.00863,0.00903,0.00958,0.0482,0.02012,2.974,2.53306,1.80555,1.4775,0.10227,12.11055,3.08217,0.58205,1.10723,1.79607,7.61582,0.23867,0.35281,0.00694,7.26523,0.13013,1.70712,3.08217,0.23867,0.35281,2.76605,2.91027,2.974,6.45067,7.26523,1.66806,6.49759
2026-02-27 11:00:00,5.66327,0.01684,0.11471,0.13006,0.12869,0.01178,0.04775,0.05298,0.1108,1.10396,2.31666,7.38638,0.01588,1.70736,2.75762,0,0.00862,0.00894,0.00944,0.04798,0.02009,2.96212,2.57392,1.79993,1.48006,0.09898,12.12372,3.07924,0.58636,1.10916,1.80737,7.65735,0.23744,0.34682,0.00692,7.24446,0.12797,1.70736,3.07924,0.23744,0.34682,2.75762,2.8994,2.96212,6.43756,7.24446,1.67951,6.49668
2026-02-27 12:00:00,5.63394,0.01677,0.11375,0.12538,0.12787,0.01172,0.04734,0.05213,0.10699,1.11258,2.33682,7.4759,0.01585,1.70761,2.74943,0,0.0086,0.00884,0.00935,0.04776,0.02005,2.95042,2.61694,1.79431,1.48262,0.09593,12.13689,3.0762,0.59066,1.11085,1.81417,7.69435,0.23642,0.34107,0.00689,7.22347,0.1258,1.70761,3.0762,0.23642,0.34107,2.74943,2.88872,2.95042,6.42434,7.22347,1.68645,6.19283
2026-02-27 13:00:00,5.58575,0.01669,0.11288,0.12168,0.12708,0.01169,0.04692,0.05128,0.10355,1.10164,2.33812,7.40223,0.01582,1.70786,2.74146,0,0.00859,0.00876,0.00928,0.04755,0.02,2.93889,2.66112,1.79188,1.47903,0.09308,12.10859,3.07316,0.58792,1.11321,1.81675,7.69927,0.23547,0.33555,0.00687,7.20231,0.12429,1.70786,3.07316,0.23547,0.33555,2.74146,2.87824,2.93889,6.41098,7.20231,1.68917,5.87932
2026-02-27 14:00:00,5.53757,0.0166,0.11205,0.11862,0.12629,0.01166,0.04656,0.05049,0.10048,1.08839,2.33661,7.32475,0.0158,1.70812,2.73374,0,0.00857,0.00873,0.00918,0.04733,0.01995,2.92754,2.70592,1.78946,1.47544,0.09039,12.08028,3.07014,0.58517,1.11282,1.81962,7.70445,0.23455,0.33024,0.00686,7.18098,0.12277,1.70812,3.07014,0.23455,0.33024,2.73374,2.86795,2.92754,6.39751,7.18098,1.69217,5.87794
2026-02-27 15:00:00,5.48938,0.01652,0.11123,0.11619,0.12551,0.01159,0.04625,0.0498,0.09776,1.07714,2.3286,7.24212,0.0158,1.70839,2.72626,0,0.00856,0.00871,0.00896,0.04712,0.01991,2.91638,2.74099,1.78703,1.47185,0.08784,12.05198,3.06715,0.58243,1.11105,1.81903,7.70621,0.23363,0.32514,0.00685,7.1595,0.12126,1.70839,3.06715,0.23363,0.32514,2.72626,2.85787,2.91638,6.38396,7.1595,1.69173,5.87642
2026-02-27 16:00:00,5.44119,0.01645,0.11043,0.113,0.12476,0.01144,0.04598,0.04916,0.09537,1.06123,2.31585,7.1423,0.01588,1.70866,2.71903,0,0.00854,0.0087,0.00879,0.04691,0.01986,2.90541,2.74914,1.7846,1.46826,0.08542,12.02367,3.06422,0.57969,1.10872,1.81705,7.70656,0.23272,0.32027,0.00684,7.1379,0.11975,1.70866,3.06422,0.23272,0.32027,2.71903,2.84798,2.90541,6.3703,7.1379,1.68989,5.87475
2026-02-27 17:00:00,5.39301,0.01638,0.10969,0.10832,0.12405,0.01135,0.04575,0.04854,0.09322,1.05663,2.295,7.03925,0.01601,1.70894,2.71205,0,0.00853,0.00868,0.00865,0.04669,0.01983,2.89462,2.7312,1.78218,1.46467,0.08315,11.99537,3.06138,0.57694,1.106,1.81278,7.70461,0.23191,0.3156,0.00681,7.11619,0.11823,1.70894,3.06138,0.23191,0.3156,2.71205,2.8383,2.89462,6.35658,7.11619,1.68576,5.87291
2026-02-27 18:00:00,5.34482,0.01631,0.10903,0.10457,0.12338,0.01131,0.04551,0.04789,0.09122,1.04044,2.27916,6.92995,0.01609,1.70923,2.70533,0,0.00851,0.00867,0.00856,0.04648,0.01979,2.88404,2.6992,1.77975,1.46108,0.08111,11.96706,3.05861,0.5742,1.10323,1.80282,7.69699,0.23123,0.31114,0.00677,7.09441,0.11672,1.70923,3.05861,0.23123,0.31114,2.70533,2.82884,2.88404,6.34278,7.09441,1.67594,5.87087
2026-02-27 19:00:00,5.33926,0.01623,0.10845,0.10165,0.12273,0.01129,0.04527,0.04724,0.08934,1.01543,2.26087,6.97485,0.01613,1.70951,2.69887,0,0.0085,0.00865,0.00849,0.04627,0.01974,2.87364,2.65963,1.76519,1.46555,0.07933,11.90416,3.05595,0.57275,1.10421,1.79007,7.66817,0.2306,0.30688,0.00675,7.07256,0.11537,1.70951,3.05595,0.2306,0.30688,2.69887,2.81959,2.87364,6.32894,7.07256,1.66333,5.86858
2026-02-27 20:00:00,5.33369,0.01615,0.10793,0.09933,0.12206,0.01126,0.04507,0.04663,0.08759,1.00212,2.2351,7.01306,0.01614,1.70981,2.69265,0,0.00848,0.00864,0.00839,0.04607,0.01969,2.86345,2.61599,1.75062,1.47003,0.07778,11.84126,3.05341,0.5713,1.10557,1.7802,7.64222,0.22999,0.3028,0.00673,7.0507,0.11401,1.70981,3.05341,0.22999,0.3028,2.69265,2.81056,2.86345,6.31508,7.0507,1.65361,5.86601
2026-02-27 21:00:00,5.32813,0.01608,0.10746,0.09763,0.12138,0.01121,0.04489,0.0461,0.08599,0.97767,2.21016,7.05552,0.01611,1.7101,2.68669,0,0.00847,0.00862,0.00817,0.04586,0.01965,2.85346,2.57561,1.73606,1.4745,0.07641,11.77836,3.05103,0.56985,1.10729,1.77214,7.61809,0.22938,0.2989,0.00671,7.02882,0.11266,1.7101,3.05103,0.22938,0.2989,2.68669,2.80175,2.85346,6.3012,7.02882,1.64569,5.86309
2026-02-27 22:00:00,5.32257,0.01601,0.10701,0.09546,0.12073,0.01109,0.04473,0.04561,0.08449,0.96452,2.18462,7.09514,0.01599,1.7104,2.68095,0,0.00846,0.00861,0.008,0.04565,0.0196,2.84368,2.54539,1.72149,1.47897,0.0752,11.71546,3.04878,0.56839,1.10904,1.76683,7.59667,0.22877,0.29519,0.0067,7.00697,0.11131,1.7104,3.04878,0.22877,0.29519,2.68095,2.79317,2.84368,6.28731,7.00697,1.64051,5.85976
2026-02-27 23:00:00,5.317,0.01595,0.10661,0.09234,0.12012,0.01101,0.04457,0.04513,0.08307,0.95148,2.1587,7.12808,0.01581,1.71072,2.67546,0,0.00844,0.00859,0.00787,0.04545,0.01957,2.83411,2.52354,1.70693,1.48345,0.07412,11.65256,3.04671,0.56694,1.11084,1.75923,7.573,0.22822,0.29165,0.00667,6.98516,0.10995,1.71072,3.04671,0.22822,0.29165,2.67546,2.78482,2.83411,6.27345,6.98516,1.63306,5.85591
2026-02-28 00:00:00,5.31144,0.01588,0.10624,0.08984,0.11953,0.01098,0.04436,0.04464,0.08171,0.94934,2.13908,7.16175,0.01566,1.71102,2.67018,0,0.00843,0.00858,0.00778,0.04524,0.01953,2.82476,2.50621,1.69236,1.48792,0.07311,11.58966,3.04479,0.56549,1.11266,1.74574,7.54343,0.22776,0.28827,0.00663,6.96343,0.1086,1.71102,3.04479,0.22776,0.28827,2.67018,2.7767,2.82476,6.25962,6.96343,1.61971,5.85142
2026-02-28 01:00:00,5.33402,0.01581,0.10588,0.08783,0.11894,0.01096,0.04412,0.04415,0.08041,0.97291,2.12118,7.04109,0.01555,1.71134,2.66511,0,0.00842,0.00856,0.00771,0.04504,0.01947,2.81563,2.4913,1.66569,1.49165,0.07214,11.51677,3.04301,0.5599,1.107,1.72979,7.49557,0.22733,0.28505,0.00661,6.94178,0.10767,1.71134,3.04301,0.22733,0.28505,2.66511,2.76881,2.81563,6.24582,6.94178,1.6039,5.84612
2026-02-28 02:00:00,5.3566,0.01573,0.10549,0.08609,0.11835,0.01094,0.0439,0.04368,0.0792,0.99686,2.11521,6.9204,0.01547,1.71166,2.66024,0,0.0084,0.00855,0.00761,0.04484,0.01941,2.80671,2.47771,1.63902,1.49539,0.0712,11.44388,3.04137,0.55432,1.09984,1.71726,7.45117,0.22691,0.28198,0.00659,6.92026,0.10674,1.71166,3.04137,0.22691,0.28198,2.66024,2.76116,2.80671,6.23209,6.92026,1.59152,5.83976
2026-02-28 03:00:00,5.37918,0.01566,0.10503,0.08462,0.11774,0.0109,0.04371,0.04327,0.07809,1.02111,2.11791,6.80567,0.01541,1.71199,2.65553,0,0.00839,0.00853,0.00739,0.04464,0.01935,2.79803,2.4758,1.61235,1.49912,0.07028,11.37099,3.03984,0.54873,1.09189,1.70748,7.40949,0.22649,0.27905,0.00657,6.89886,0.1058,1.71199,3.03984,0.22649,0.27905,2.65553,2.75375,2.79803,6.21844,6.89886,1.58188,5.83198
2026-02-28 04:00:00,5.40176,0.01559,0.10449,0.08264,0.11715,0.01082,0.04354,0.04288,0.07706,1.04576,2.1349,6.69305,0.01536,1.71232,2.65099,0,0.00838,0.00852,0.00722,0.04444,0.0193,2.78957,2.49588,1.58568,1.50285,0.06939,11.2981,3.03841,0.54314,1.0835,1.70113,7.37123,0.22607,0.27627,0.00656,6.87763,0.10487,1.71232,3.03841,0.22607,0.27627,2.65099,2.74656,2.78957,6.20489,6.87763,1.57567,5.82226
2026-02-28 05:00:00,5.42434,0.01553,0.10395,0.07966,0.11659,0.01076,0.04339,0.04249,0.07607,1.07079,2.15616,6.5921,0.01532,1.71265,2.64658,0,0.00836,0.0085,0.00708,0.04424,0.01926,2.78134,2.53251,1.55901,1.50659,0.06853,11.22521,3.03707,0.53756,1.07502,1.69216,7.33037,0.22569,0.27362,0.00653,6.85656,0.10394,1.71265,3.03707,0.22569,0.27362,2.64658,2.73961,2.78134,6.19145,6.85656,1.56684,5.80976
2026-02-28 06:00:00,5.44692,0.01547,0.10344,0.07728,0.11605,0.01074,0.04323,0.04207,0.0751,1.09613,2.17896,6.50006,0.01529,1.71299,2.64231,0,0.00835,0.00849,0.00699,0.04404,0.01921,2.77334,2.57805,1.53234,1.51032,0.06777,11.15232,3.03582,0.53197,1.0664,1.67622,7.28253,0.22537,0.2711,0.00649,6.8357,0.10301,1.71299,3.03582,0.22537,0.2711,2.64231,2.73288,2.77334,6.17811,6.8357,1.55104,5.7931
2026-02-28 07:00:00,5.41111,0.0154,0.10295,0.07544,0.11551,0.01073,0.04308,0.04165,0.07416,1.09377,2.19908,6.43513,0.01526,1.71332,2.63815,0,0.00834,0.00847,0.00692,0.04385,0.01916,2.76558,2.62839,1.51025,1.50327,0.06717,11.07416,3.03463,0.52423,1.05338,1.65737,7.22309,0.22507,0.2687,0.00647,6.81503,0.10234,1.71332,3.03463,0.22507,0.2687,2.63815,2.72638,2.76558,6.1649,6.81503,1.53234,5.76977
2026-02-28 08:00:00,5.3753,0.01533,0.10247,0.07398,0.11496,0.01071,0.04294,0.04125,0.07326,1.07933,2.21312,6.37443,0.01522,1.71367,2.6341,0,0.00832,0.00846,0.00682,0.04366,0.0191,2.75805,2.68133,1.48816,1.49622,0.0667,10.99599,3.03352,0.51649,1.03952,1.64257,7.16768,0.22477,0.26641,0.00645,6.79461,0.10166,1.71367,3.03352,0.22477,0.26641,2.6341,2.72009,2.75805,6.15182,6.79461,1.51768,5.73477
2026-02-28 09:00:00,5.33949,0.01526,0.10199,0.07291,0.1144,0.01068,0.04283,0.0409,0.07241,1.06254,2.21474,6.31503,0.01519,1.71401,2.63012,0,0.00831,0.00845,0.0066,0.04347,0.01905,2.75075,2.72215,1.46607,1.48917,0.06635,10.91783,3.03252,0.50876,1.02528,1.63093,7.11544,0.22447,0.26424,0.00643,6.77441,0.10099,1.71401,3.03252,0.22447,0.26424,2.63012,2.71401,2.75075,6.13888,6.77441,1.50617,5.67645
2026-02-28 10:00:00,5.30367,0.0152,0.1015,0.07151,0.11385,0.01062,0.04272,0.04057,0.0716,1.03898,2.20106,6.25267,0.01516,1.71436,2.62623,0,0.00829,0.00843,0.00643,0.04327,0.01901,2.74368,2.72761,1.44397,1.48211,0.06609,10.83966,3.03161,0.50102,1.01089,1.62321,7.06712,0.22418,0.26218,0.00642,6.75447,0.10032,1.71436,3.03161,0.22418,0.26218,2.62623,2.70812,2.74368,6.1261,6.75447,1.49859,5.5598
2026-02-28 11:00:00,5.26786,0.01515,0.10103,0.06948,0.11333,0.01057,0.04263,0.04025,0.0708,1.01785,2.17951,6.18369,0.01513,1.71472,2.6224,0,0.00828,0.00842,0.00629,0.04308,0.01897,2.73683,2.69866,1.42188,1.47506,0.06591,10.7615,3.03081,0.49328,0.99631,1.61216,7.01546,0.22391,0.26022,0.00639,6.73477,0.09964,1.71472,3.03081,0.22391,0.26022,2.6224,2.70243,2.73683,6.11347,6.73477,1.48768,5.20984
2026-02-28 12:00:00,5.23205,0.01509,0.1006,0.06786,0.11282,0.01056,0.04252,0.03992,0.07002,0.99907,2.15328,6.10201,0.0151,1.71508,2.61862,0,0.00826,0.00841,0.0062,0.04289,0.01893,2.7302,2.65114,1.39979,1.46801,0.06569,10.68333,3.0301,0.48554,0.98176,1.5922,6.95489,0.22367,0.25835,0.00635,6.71536,0.09897,1.71508,3.0301,0.22367,0.25835,2.61862,2.69692,2.7302,6.101,6.71536,1.46785,5.20698
2026-02-28 13:00:00,5.15773,0.01503,0.10021,0.06657,0.11231,0.01055,0.0424,0.03959,0.06925,0.98094,2.12013,6.02919,0.01507,1.71545,2.61489,0,0.00825,0.00839,0.00614,0.0427,0.01889,2.72378,2.59364,1.38306,1.45187,0.06534,10.55948,3.02948,0.47531,0.96494,1.56844,6.88916,0.22345,0.25658,0.00632,6.69621,0.09843,1.71545,3.02948,0.22345,0.25658,2.61489,2.69157,2.72378,6.0887,6.69621,1.44423,5.28514
2026-02-28 14:00:00,5.08341,0.01496,0.09981,0.06551,0.11178,0.01053,0.04229,0.03927,0.06852,0.96066,2.08709,5.94883,0.01504,1.71582,2.61117,0,0.00823,0.00838,0.00606,0.04251,0.01883,2.71758,2.53079,1.36633,1.43574,0.06488,10.43563,3.02892,0.46509,0.94688,1.54982,6.82857,0.22323,0.25489,0.0063,6.67736,0.09789,1.71582,3.02892,0.22323,0.25489,2.61117,2.68639,2.71758,6.07658,6.67736,1.42575,4.8914
2026-02-28 15:00:00,5.0091,0.01489,0.0994,0.06469,0.11123,0.01051,0.04219,0.03899,0.06784,0.94287,2.05537,5.86381,0.01501,1.7162,2.60749,0,0.00822,0.00837,0.00589,0.04232,0.01878,2.71157,2.47195,1.3496,1.4196,0.06431,10.31178,3.02838,0.45486,0.92843,1.53577,6.77256,0.22301,0.25329,0.00629,6.65879,0.09735,1.7162,3.02838,0.22301,0.25329,2.60749,2.68135,2.71157,6.06465,6.65879,1.41184,4.76015
2026-02-28 16:00:00,4.93478,0.01483,0.09897,0.06362,0.1107,0.01046,0.0421,0.03874,0.0672,0.92095,2.02493,5.77235,0.01498,1.71658,2.60381,0,0.00821,0.00835,0.00576,0.04214,0.01874,2.70575,2.42468,1.33287,1.40346,0.06366,10.18792,3.02784,0.44463,0.90989,1.52733,6.72215,0.22279,0.25177,0.00628,6.64052,0.09682,1.71658,3.02784,0.22279,0.25177,2.60381,2.67645,2.70575,6.05291,6.64052,1.40355,4.69453
2026-02-28 17:00:00,4.86046,0.01478,0.09856,0.06207,0.11019,0.01043,0.04202,0.03848,0.06658,0.90995,1.99012,5.68103,0.01495,1.71695,2.60015,0,0.00819,0.00834,0.00565,0.04195,0.01871,2.70011,2.38619,1.31614,1.38733,0.06295,10.06407,3.02729,0.43441,0.89127,1.51599,6.66886,0.22259,0.25033,0.00626,6.62254,0.09628,1.71695,3.02729,0.22259,0.25033,2.60015,2.67168,2.70011,6.04136,6.62254,1.39236,4.65515
2026-02-28 18:00:00,4.78614,0.01472,0.09818,0.06083,0.10971,0.01042,0.04192,0.03822,0.06596,0.8885,1.95962,5.59098,0.01491,1.71734,2.59648,0,0.00818,0.00833,0.00558,0.04176,0.01867,2.69465,2.35243,1.29941,1.37119,0.0623,9.94022,3.02672,0.42418,0.87271,1.49731,6.6082,0.22241,0.24896,0.00624,6.60488,0.09574,1.71734,3.02672,0.22241,0.24896,2.59648,2.66703,2.69465,6.03,6.60488,1.37382,4.6289
2026-02-28 19:00:00,4.75105,0.01466,0.09782,0.05985,0.10922,0.01041,0.0418,0.03795,0.06537,0.87079,1.93347,5.53362,0.01488,1.71771,2.5928,0,0.00817,0.00831,0.00552,0.04158,0.01862,2.68935,2.32121,1.28587,1.35819,0.06177,9.83289,3.02614,0.41865,0.86127,1.47582,6.56627,0.22224,0.24765,0.00622,6.58752,0.0953,1.71771,3.02614,0.22224,0.24765,2.5928,2.66248,2.68935,6.01884,6.58752,1.35245,4.61015
2026-02-28 20:00:00,4.71597,0.01459,0.09747,0.05906,0.10872,0.01039,0.0417,0.0377,0.06489,0.86354,1.90352,5.47192,0.01485,1.71808,2.5891,0,0.00815,0.0083,0.00543,0.0414,0.01857,2.6842,2.29135,1.27232,1.34518,0.06133,9.72557,3.02555,0.41312,0.85154,1.45888,6.52886,0.22207,0.24641,0.0062,6.57048,0.09487,1.71808,3.02555,0.22207,0.24641,2.5891,2.65802,2.6842,6.00787,6.57048,1.33561,4.59609
2026-02-28 21:00:00,4.68089,0.01452,0.0971,0.05846,0.10822,0.01036,0.04161,0.03747,0.06452,0.8462,1.87667,5.41424,0.01482,1.71845,2.58538,0,0.00814,0.00828,0.00521,0.04123,0.01852,2.67919,2.26702,1.25878,1.33218,0.06097,9.61824,3.02499,0.40759,0.84266,1.44639,6.49592,0.2219,0.24524,0.00619,6.55373,0.09443,1.71845,3.02499,0.2219,0.24524,2.58538,2.65366,2.67919,5.9971,6.55373,1.32323,4.58516
2026-02-28 22:00:00,4.6458,0.01447,0.09671,0.05767,0.10773,0.01028,0.04152,0.03726,0.06424,0.83903,1.85351,5.3609,0.01479,1.71883,2.58164,0,0.00813,0.00827,0.00505,0.04105,0.01848,2.67431,2.25135,1.24523,1.31918,0.06068,9.51091,3.02444,0.40205,0.83417,1.43901,6.46806,0.22173,0.24413,0.00618,6.5373,0.09399,1.71883,3.02444,0.22173,0.24413,2.58164,2.64936,2.67431,5.9865,6.5373,1.31596,4.5764
2026-02-28 23:00:00,4.61071,0.01441,0.09634,0.05653,0.10726,0.01023,0.04144,0.03705,0.064,0.83186,1.83149,5.30377,0.01476,1.7192,2.57786,0,0.00811,0.00825,0.00491,0.04087,0.01845,2.66956,2.24122,1.23169,1.30617,0.06042,9.40359,3.02393,0.39652,0.82587,1.4292,6.43782,0.22157,0.24306,0.00615,6.52117,0.09356,1.7192,3.02393,0.22157,0.24306,2.57786,2.64513,2.66956,5.97609,6.52117,1.30628,4.56925
2026-03-01 00:00:00,4.57563,0.01436,0.096,0.05562,0.10681,0.01021,0.04135,0.03683,0.06378,0.83445,1.81417,5.24973,0.01473,1.71957,2.57406,0,0.0081,0.00824,0.00482,0.04069,0.01841,2.66491,2.23409,1.21814,1.29317,0.06012,9.29626,3.02347,0.39099,0.81762,1.41318,6.40137,0.22143,0.24205,0.00612,6.50535,0.09312,1.71957,3.02347,0.22143,0.24205,2.57406,2.64095,2.66491,5.96588,6.50535,1.2904,4.56328
2026-03-01 01:00:00,4.586,0.0143,0.09567,0.05489,0.10635,0.0102,0.04124,0.03661,0.06357,0.84228,1.80297,5.21415,0.0147,1.71994,2.57022,0,0.00809,0.00822,0.00476,0.04052,0.01836,2.66037,2.22856,1.20557,1.28775,0.05976,9.25684,3.02303,0.39007,0.81511,1.39479,6.37473,0.22129,0.24111,0.00609,6.48982,0.09274,1.71994,3.02303,0.22129,0.24111,2.57022,2.63682,2.66037,5.95584,6.48982,1.27217,4.55823
2026-03-01 02:00:00,4.59638,0.01423,0.09534,0.05429,0.10588,0.01019,0.04114,0.0364,0.06338,0.85007,1.8026,5.17971,0.01467,1.7203,2.56634,0,0.00807,0.00821,0.00468,0.04034,0.01831,2.65591,2.22391,1.193,1.28233,0.05933,9.21742,3.02263,0.38914,0.81426,1.38026,6.35194,0.22116,0.24019,0.00607,6.47459,0.09235,1.7203,3.02263,0.22116,0.24019,2.56634,2.63273,2.65591,5.94599,6.47459,1.2578,4.55391
2026-03-01 03:00:00,4.60676,0.01416,0.09499,0.05381,0.1054,0.01018,0.04106,0.03621,0.06322,0.85774,1.80365,5.14998,0.01464,1.72068,2.56244,0,0.00806,0.0082,0.00451,0.04017,0.01826,2.65153,2.22135,1.18043,1.27691,0.05886,9.17799,3.02221,0.38822,0.8142,1.37,6.33344,0.22102,0.23933,0.00606,6.45965,0.09197,1.72068,3.02221,0.22102,0.23933,2.56244,2.62868,2.65153,5.93633,6.45965,1.24771,4.55016
2026-03-01 04:00:00,4.61713,0.0141,0.09463,0.05318,0.10493,0.01015,0.04098,0.03603,0.06307,0.86535,1.80993,5.12636,0.01461,1.72105,2.55849,0,0.00805,0.00818,0.00438,0.03999,0.01822,2.64723,2.22182,1.16786,1.27148,0.05835,9.13857,3.02179,0.38729,0.81464,1.36456,6.31977,0.22089,0.2385,0.00605,6.445,0.09159,1.72105,3.02179,0.22089,0.2385,2.55849,2.62465,2.64723,5.92685,6.445,1.24245,4.54687
2026-03-01 05:00:00,4.62751,0.01405,0.09427,0.05226,0.10448,0.01013,0.04091,0.03585,0.06291,0.87284,1.81729,5.11357,0.01459,1.72141,2.55452,0,0.00803,0.00817,0.00428,0.03982,0.01819,2.64298,2.2242,1.15529,1.26606,0.05781,9.09915,3.02137,0.38637,0.8152,1.35813,6.30497,0.22076,0.23773,0.00603,6.43063,0.0912,1.72141,3.02137,0.22076,0.23773,2.55452,2.62064,2.64298,5.91754,6.43063,1.23606,4.54398
2026-03-01 06:00:00,4.63788,0.01399,0.09394,0.05151,0.10405,0.01012,0.04081,0.03567,0.06274,0.88028,1.82673,5.1022,0.01456,1.72179,2.5505,0,0.00802,0.00816,0.0042,0.03964,0.01815,2.63879,2.22761,1.14272,1.26064,0.05729,9.05973,3.02092,0.38544,0.8159,1.34923,6.28767,0.22064,0.23699,0.006,6.41654,0.09082,1.72179,3.02092,0.22064,0.23699,2.5505,2.61664,2.63879,5.90842,6.41654,1.22718,4.54141
2026-03-01 07:00:00,4.62003,0.01393,0.09363,0.05093,0.10361,0.01011,0.04071,0.03548,0.06256,0.88908,1.83628,5.08699,0.01453,1.72215,2.54647,0,0.00801,0.00814,0.00415,0.03947,0.0181,2.63464,2.23157,1.12946,1.25375,0.05681,8.97563,3.02047,0.38271,0.81008,1.33972,6.25055,0.22052,0.23628,0.00598,6.40272,0.09047,1.72215,3.02047,0.22052,0.23628,2.54647,2.61265,2.63464,5.89945,6.40272,1.21769,4.5391
2026-03-01 08:00:00,4.60219,0.01387,0.09332,0.05045,0.10316,0.01011,0.04061,0.0353,0.0624,0.89779,1.84593,5.07287,0.0145,1.72253,2.54239,0,0.00799,0.00813,0.00405,0.0393,0.01805,2.63053,2.23582,1.1162,1.24687,0.05635,8.89152,3.02,0.37997,0.80365,1.33212,6.21532,0.22041,0.23561,0.00597,6.38917,0.09013,1.72253,3.02,0.22041,0.23561,2.54239,2.60865,2.63053,5.89066,6.38917,1.2101,4.53703
2026-03-01 09:00:00,4.58434,0.01381,0.09299,0.05007,0.1027,0.01009,0.04053,0.03514,0.06225,0.89695,1.85598,5.06082,0.01447,1.7229,2.5383,0,0.00798,0.00812,0.00384,0.03913,0.018,2.62646,2.23674,1.10294,1.23998,0.05591,8.80742,3.01954,0.37724,0.79684,1.32647,6.18207,0.22029,0.23496,0.00596,6.37587,0.08979,1.7229,3.01954,0.22029,0.23496,2.5383,2.60466,2.62646,5.88202,6.37587,1.20447,4.53516
2026-03-01 10:00:00,4.56649,0.01376,0.09264,0.04957,0.10225,0.01006,0.04045,0.035,0.0621,0.89153,1.86269,5.04888,0.01445,1.72327,2.53418,0,0.00797,0.0081,0.00367,0.03896,0.01796,2.6224,2.2317,1.08968,1.23309,0.05548,8.72332,3.01908,0.3745,0.78988,1.32281,6.15078,0.22018,0.23436,0.00595,6.36284,0.08944,1.72327,3.01908,0.22018,0.23436,2.53418,2.60066,2.6224,5.87354,6.36284,1.20082,4.53345
2026-03-01 11:00:00,4.54865,0.01371,0.09231,0.04883,0.10181,0.01004,0.04037,0.03485,0.06194,0.88613,1.86245,5.03705,0.01442,1.72365,2.53003,0,0.00795,0.00809,0.00353,0.03879,0.01793,2.61836,2.22278,1.07642,1.22621,0.05509,8.63921,3.01862,0.37177,0.78285,1.31763,6.11797,0.22007,0.23378,0.00592,6.35005,0.0891,1.72365,3.01862,0.22007,0.23378,2.53003,2.59665,2.61836,5.86522,6.35005,1.19564,4.5319
2026-03-01 12:00:00,4.5308,0.01366,0.09199,0.04825,0.1014,0.01004,0.04028,0.03469,0.06175,0.88539,1.85689,5.02561,0.01439,1.72402,2.52586,0,0.00794,0.00808,0.00345,0.03862,0.01789,2.61433,2.21177,1.06316,1.21932,0.05472,8.55511,3.01817,0.36903,0.77579,1.30815,6.08086,0.21996,0.23323,0.00588,6.33751,0.08875,1.72402,3.01817,0.21996,0.23323,2.52586,2.59263,2.61433,5.85704,6.33751,1.18617,4.23427
2026-03-01 13:00:00,4.48702,0.0136,0.0917,0.04778,0.10098,0.01003,0.04018,0.03453,0.06155,0.8708,1.84493,5.00023,0.01437,1.72439,2.52167,0,0.00793,0.00806,0.00339,0.03846,0.01784,2.61031,2.19966,1.04889,1.20381,0.05437,8.45399,3.01773,0.36386,0.76255,1.29684,6.02147,0.21986,0.2327,0.00586,6.32519,0.0884,1.72439,3.01773,0.21986,0.2327,2.52167,2.5886,2.61031,5.849,6.32519,1.17486,3.75661
2026-03-01 14:00:00,4.44324,0.01354,0.09141,0.0474,0.10054,0.01003,0.04009,0.03437,0.06136,0.85639,1.82907,4.96789,0.01434,1.72476,2.51747,0,0.00791,0.00805,0.00331,0.03829,0.01779,2.60629,2.18691,1.03462,1.1883,0.05405,8.35287,3.01732,0.35869,0.74833,1.288,5.96454,0.21976,0.2322,0.00584,6.31311,0.08805,1.72476,3.01732,0.21976,0.2322,2.51747,2.58455,2.60629,5.8411,6.31311,1.16602,3.75661
2026-03-01 15:00:00,4.39946,0.01349,0.0911,0.0471,0.1001,0.01001,0.04,0.03424,0.0612,0.83777,1.8087,4.93024,0.01431,1.72514,2.51325,0,0.0079,0.00804,0.00314,0.03813,0.01774,2.60227,2.17265,1.02035,1.17279,0.05374,8.25176,3.01691,0.35352,0.73364,1.28097,5.90943,0.21967,0.23172,0.00582,6.30124,0.08771,1.72514,3.01691,0.21967,0.23172,2.51325,2.58048,2.60227,5.83332,6.30124,1.15898,3.75661
2026-03-01 16:00:00,4.35567,0.01343,0.09078,0.0467,0.09966,0.00998,0.03993,0.03411,0.06106,0.81947,1.7828,4.88619,0.01428,1.72552,2.50903,0,0.00789,0.00802,0.003,0.03796,0.0177,2.59824,2.15624,1.00607,1.15727,0.05345,8.15064,3.01651,0.34835,0.71874,1.27622,5.8566,0.21957,0.23128,0.00581,6.2896,0.08736,1.72552,3.01651,0.21957,0.23128,2.50903,2.57641,2.59824,5.82568,6.2896,1.15423,3.75661
2026-03-01 17:00:00,4.31189,0.01339,0.09046,0.04612,0.09925,0.00996,0.03985,0.03398,0.06092,0.80586,1.75391,4.83823,0.01425,1.72589,2.5048,0,0.00787,0.00801,0.0029,0.03779,0.01767,2.59421,2.13854,0.9918,1.14176,0.05317,8.04952,3.01614,0.34318,0.7039,1.26932,5.80161,0.21947,0.23084,0.00579,6.27814,0.08701,1.72589,3.01614,0.21947,0.23084,2.5048,2.57231,2.59421,5.81816,6.27814,1.14733,3.75661
2026-03-01 18:00:00,4.26811,0.01334,0.09017,0.04565,0.09884,0.00995,0.03976,0.03384,0.06077,0.78384,1.72294,4.78577,0.01422,1.72627,2.50056,0,0.00786,0.008,0.00283,0.03763,0.01763,2.59016,2.12013,0.97753,1.12625,0.05291,7.9484,3.01578,0.33801,0.689,1.25655,5.74077,0.21936,0.23043,0.00577,6.26689,0.08666,1.72627,3.01578,0.21936,0.23043,2.50056,2.5682,2.59016,5.81077,6.26689,1.13457,3.75661
2026-03-01 19:00:00,4.25008,0.01328,0.08989,0.04529,0.09844,0.00995,0.03966,0.0337,0.06063,0.77044,1.69124,4.7357,0.01419,1.72664,2.49632,0,0.00785,0.00798,0.00278,0.03747,0.01758,2.58611,2.10135,0.96515,1.11004,0.05266,7.9074,3.01544,0.33217,0.682,1.2413,5.69908,0.21925,0.23003,0.00575,6.25583,0.08636,1.72664,3.01544,0.21925,0.23003,2.49632,2.56407,2.58611,5.80349,6.25583,1.11931,3.75661
2026-03-01 20:00:00,4.23204,0.01322,0.08962,0.04499,0.09801,0.00994,0.03956,0.03357,0.06049,0.7489,1.6634,4.68264,0.01416,1.72702,2.49207,0,0.00783,0.00797,0.0027,0.03731,0.01753,2.58204,2.08237,0.95277,1.09382,0.05241,7.8664,3.01511,0.32633,0.67478,1.22939,5.66073,0.21915,0.22965,0.00573,6.24496,0.08606,1.72702,3.01511,0.21915,0.22965,2.49207,2.55992,2.58204,5.79631,6.24496,1.10738,3.75661
2026-03-01 21:00:00,4.21401,0.01316,0.08932,0.04476,0.09758,0.00993,0.03948,0.03345,0.06036,0.74444,1.63941,4.6275,0.01413,1.72741,2.48783,0,0.00782,0.00796,0.00254,0.03715,0.01748,2.57796,2.06692,0.94039,1.07761,0.05218,7.8254,3.01479,0.32049,0.66742,1.22021,5.62513,0.21904,0.2293,0.00572,6.23425,0.08576,1.72741,3.01479,0.21904,0.2293,2.48783,2.55576,2.57796,5.78925,6.23425,1.0982,3.75661
2026-03-01 22:00:00,4.19598,0.01311,0.08901,0.04446,0.09715,0.00991,0.0394,0.03333,0.06024,0.73997,1.61474,4.58046,0.01411,1.72778,2.48359,0,0.00781,0.00794,0.00241,0.037,0.01744,2.57386,2.05716,0.92801,1.0614,0.05195,7.7844,3.01449,0.31465,0.65999,1.21445,5.59297,0.21893,0.22895,0.00571,6.22373,0.08546,1.72778,3.01449,0.21893,0.22895,2.48359,2.55159,2.57386,5.78228,6.22373,1.09247,3.75661
2026-03-01 23:00:00,4.17794,0.01307,0.0887,0.04403,0.09674,0.00989,0.03932,0.03322,0.06011,0.75166,1.59421,4.52659,0.01408,1.72816,2.47936,0,0.00779,0.00793,0.00231,0.03684,0.01741,2.56975,2.05057,0.91563,1.04518,0.05173,7.7434,3.0142,0.30881,0.6525,1.20644,5.55858,0.21883,0.22862,0.00568,6.21336,0.08516,1.72816,3.0142,0.21883,0.22862,2.47936,2.5474,2.56975,5.77542,6.21336,1.0845,3.75661
2026-03-02 00:00:00,4.15991,0.01302,0.08842,0.04368,0.09635,0.00989,0.03924,0.0331,0.05997,0.75494,1.58134,4.47746,0.01406,1.72854,2.47513,0,0.00778,0.00792,0.00224,0.03668,0.01737,2.56562,2.04569,0.90325,1.02897,0.05152,7.7024,3.01393,0.30297,0.64461,1.19259,5.51834,0.21875,0.22831,0.00565,6.20316,0.08486,1.72854,3.01393,0.21875,0.22831,2.47513,2.5432,2.56562,5.76867,6.20316,1.07069,3.75661
2026-03-02 01:00:00,4.17555,0.01297,0.08815,0.0434,0.09595,0.00988,0.03914,0.03298,0.05982,0.77049,1.57996,4.44102,0.01403,1.72892,2.47092,0,0.00777,0.0079,0.00219,0.03653,0.01732,2.56147,2.04174,0.89464,1.02051,0.05131,7.68582,3.01366,0.30444,0.64202,1.17635,5.49909,0.21867,0.228,0.00562,6.1931,0.08458,1.72892,3.01366,0.21867,0.228,2.47092,2.53899,2.56147,5.76199,6.1931,1.05451,3.75661
2026-03-02 02:00:00,4.1912,0.01291,0.08788,0.04317,0.09554,0.00988,0.03905,0.03286,0.05968,0.78577,1.58637,4.40754,0.014,1.7293,2.46748,0,0.00776,0.00789,0.00211,0.03637,0.01727,2.55732,2.03828,0.88602,1.01204,0.0511,7.66924,3.0134,0.30592,0.64346,1.16358,5.48334,0.2186,0.22771,0.0056,6.18321,0.08431,1.7293,3.0134,0.2186,0.22771,2.46748,2.53477,2.55732,5.75542,6.18321,1.04181,3.75661
2026-03-02 03:00:00,4.20684,0.01286,0.0876,0.04298,0.09512,0.00986,0.03898,0.03275,0.05955,0.80079,1.6002,4.38083,0.01397,1.72968,2.46406,0,0.00775,0.00788,0.00195,0.03622,0.01722,2.55314,2.03717,0.87741,1.00358,0.0509,7.65267,3.01316,0.30739,0.64639,1.15465,5.47143,0.21852,0.22744,0.00559,6.17344,0.08403,1.72968,3.01316,0.21852,0.22744,2.46406,2.53054,2.55314,5.74893,6.17344,1.03296,3.75661
2026-03-02 04:00:00,4.22248,0.01282,0.0873,0.04272,0.09472,0.00983,0.0389,0.03265,0.05942,0.80787,1.61614,4.36466,0.01394,1.73006,2.46065,0,0.00773,0.00786,0.00182,0.03607,0.01718,2.54896,2.03943,0.8688,0.99511,0.0507,7.63609,3.0129,0.30886,0.64982,1.15021,5.46398,0.21845,0.22717,0.00558,6.16382,0.08375,1.73006,3.0129,0.21845,0.22717,2.46065,2.52632,2.54896,5.74252,6.16382,1.02858,3.75661
2026-03-02 05:00:00,4.23813,0.01277,0.08702,0.04234,0.09433,0.00981,0.03883,0.03255,0.05929,0.81478,1.63586,4.35718,0.01391,1.73044,2.45726,0,0.00772,0.00785,0.00172,0.03591,0.01715,2.54477,2.04356,0.86018,0.98665,0.0505,7.61951,3.01267,0.31034,0.65351,1.14511,5.45586,0.21837,0.22691,0.00556,6.15432,0.08348,1.73044,3.01267,0.21837,0.22691,2.45726,2.52212,2.54477,5.73617,6.15432,1.02351,3.75661
2026-03-02 06:00:00,4.25377,0.01273,0.08675,0.04204,0.09395,0.00981,0.03875,0.03244,0.05914,0.81776,1.65025,4.35723,0.01389,1.73082,2.45389,0,0.00771,0.00784,0.00165,0.03576,0.01711,2.54056,2.04869,0.85157,0.97818,0.0503,7.60293,3.01244,0.31181,0.6573,1.13878,5.44648,0.2183,0.22667,0.00553,6.14496,0.0832,1.73082,3.01244,0.2183,0.22667,2.45389,2.51796,2.54056,5.72992,6.14496,1.0172,3.75661
2026-03-02 07:00:00,4.24415,0.01268,0.08649,0.0418,0.09357,0.0098,0.03866,0.03233,0.05899,0.82146,1.66164,4.36345,0.01386,1.7312,2.45054,0,0.0077,0.00782,0.0016,0.03561,0.01706,2.53635,2.05437,0.84432,0.97296,0.05011,7.59315,3.01223,0.30935,0.65521,1.13242,5.42441,0.21823,0.22643,0.00551,6.1357,0.08293,1.7312,3.01223,0.21823,0.22643,2.45054,2.51387,2.53635,5.72374,6.1357,1.01086,3.75661
2026-03-02 08:00:00,4.23452,0.01262,0.08624,0.0416,0.09317,0.00979,0.03857,0.03222,0.05885,0.82141,1.67249,4.37306,0.01384,1.73159,2.44721,0,0.00768,0.00781,0.00152,0.03546,0.01701,2.53214,2.06033,0.83706,0.96774,0.04992,7.58336,3.01201,0.30689,0.65145,1.12725,5.40352,0.21816,0.2262,0.0055,6.12657,0.08266,1.73159,3.01201,0.21816,0.2262,2.44721,2.50985,2.53214,5.71761,6.12657,1.00571,3.75661
2026-03-02 09:00:00,4.2249,0.01257,0.08596,0.04145,0.09277,0.00978,0.03849,0.03212,0.05872,0.82127,1.6781,4.37959,0.01381,1.73198,2.44391,0,0.00767,0.0078,0.00136,0.03532,0.01696,2.52795,2.06272,0.82981,0.96252,0.04974,7.57358,3.01179,0.30444,0.647,1.12373,5.38429,0.21808,0.22598,0.00549,6.11754,0.0824,1.73198,3.01179,0.21808,0.22598,2.44391,2.50589,2.52795,5.71157,6.11754,1.0022,3.75661
2026-03-02 10:00:00,4.21528,0.01252,0.08567,0.04124,0.09237,0.00975,0.03842,0.03203,0.0586,0.81744,1.6799,4.38255,0.01378,1.73235,2.44063,0,0.00766,0.00778,0.00123,0.03517,0.01692,2.52379,2.05926,0.82255,0.95729,0.04955,7.5638,3.01159,0.30198,0.64231,1.12169,5.36653,0.21801,0.22576,0.00548,6.10862,0.08213,1.73235,3.01159,0.21801,0.22576,2.44063,2.50199,2.52379,5.70559,6.10862,1.00017,3.75661
2026-03-02 11:00:00,4.20565,0.01247,0.08539,0.04093,0.092,0.00973,0.03836,0.03193,0.05847,0.8137,1.67973,4.38438,0.01375,1.73274,2.43738,0,0.00764,0.00777,0.00112,0.03502,0.01689,2.51967,2.05248,0.8153,0.95207,0.04937,7.55401,3.01139,0.29952,0.63753,1.11904,5.34815,0.21794,0.22556,0.00545,6.09979,0.08186,1.73274,3.01139,0.21794,0.22556,2.43738,2.49755,2.51967,5.69966,6.09979,0.99753,3.75661
2026-03-02 12:00:00,4.19603,0.01242,0.08513,0.04069,0.09163,0.00972,0.03827,0.03183,0.05834,0.81364,1.67754,4.38211,0.01373,1.73312,2.43415,0,0.00763,0.00776,0.00106,0.03487,0.01685,2.5156,2.04391,0.80804,0.94685,0.04918,7.54423,3.01119,0.29706,0.63274,1.1146,5.328,0.21787,0.22536,0.00542,6.09108,0.08159,1.73312,3.01119,0.21787,0.22536,2.43415,2.4929,2.5156,5.69379,6.09108,0.99311,3.76151
