GMT,FRAC1,LTDC1,HIDC1,BHNC1,MPAC1,OWCC1,BNCC1,BCKC1,MEEC1,HPIC1,POHC1,EXQC1,DSNC1,STVC1,NWMC1,LGCC1,WARC1,LGAC1,PNEC1,LBDC1,OREC1,PATC1,HETC1,LNRC1,CHVC1F,DCMC1,NDPC1,MDSC1,NDVC1,NSWC1,AVYC1,NMSC1,OBBC1,RIPC1,PTTC1,VNSC1,KNFC1L,STVC1,MDSC1,OBBC1,RIPC1,NWMC1,CRDC1,PATC1,MZRC1,VNSC1,AVYC1L,NDPC1L
,QINE,QINE,QINE,QINE,QINE,QINE,QINE,QINE,QINE,QINE,QINE,QINE,QINE,QINE,QINE,QINE,QINE,QINE,QINE,QINE,QINE,QINE,QINE,QINE,QINE,QINE,QINE,QINE,QINE,QINE,QINE,QINE,QINE,QINE,QINE,QINE,QINE,QINE,QINE,QINE,QINE,QINE,QINE,QINE,QINE,QINE,SQIN,SQIN
2026-05-27 12:00:00,3.39314,0,0.02311,-0.00942,0,0.001,0,0.001,0.23097,0.70537,1.04608,0.7074,0.00163,0.11701,0.47039,0.00001,0,0.00001,0,-0.01469,0.00001,0.38304,1.65179,0.20333,0.47232,0.013,2.66281,0.20185,0.03892,0.09276,0.22803,1.34967,1.33115,1.32802,0.00001,1.80288,0.00304,0.11701,0.20185,1.33115,1.32802,0.47039,0.44225,0.38304,0.65684,1.80288,0.0519,0.53312
2026-05-27 13:00:00,3.39314,0,0.01401,-0.00292,0,0.001,0,0.001,0.23097,0.70537,1.02883,0.91005,0.00123,0.11801,0.46771,0.00001,0,0.00001,0,0.00291,0.00001,0.38004,1.67574,0.20328,0.49045,0.013,2.62671,0.20185,0.03749,0.11262,0.22603,1.34125,1.33715,1.32802,0.00001,1.79592,0.00284,0.11801,0.20185,1.33715,1.32802,0.46771,0.44225,0.38004,0.65647,1.79592,0.05083,0.52628
2026-05-27 14:00:00,3.34588,0,0.02384,0.0015,0,0.001,0,0.001,0.22903,0.70537,1.02312,1.12283,0.00107,0.11801,0.46771,0.00001,0,0.00001,0,-0.0088,0.00001,0.38004,1.66376,0.20401,0.4712,0.014,2.59061,0.20185,0.03927,0.10518,0.22703,1.33345,1.34215,1.32802,0.00001,1.78897,0.00265,0.11801,0.20185,1.34215,1.32802,0.46771,0.44477,0.38004,0.65608,1.78897,0.05038,0.52494
2026-05-27 15:00:00,3.29862,0,0.03387,0.002,0,0.001,0,0.001,0.22903,0.69094,1.02312,1.34373,0.00056,0.11601,0.47039,0.00001,0,0.00001,0,-0.02054,0.00001,0.37304,1.60509,0.19419,0.47031,0.014,2.55451,0.20185,0.03648,0.08281,0.22402,1.32568,1.34715,1.32802,0.00001,1.79592,0.00245,0.11601,0.20185,1.34715,1.32802,0.47039,0.44729,0.37304,0.65569,1.79592,0.04996,0.5236
2026-05-27 16:00:00,3.25089,0,0.03453,-0.00217,0,0.001,0,0.001,0.22903,0.69094,1.01175,1.76941,0.00018,0.11601,0.47307,0.00001,0,0.00001,0,-0.02643,0.00001,0.36804,1.57638,0.1941,0.43743,0.014,2.51797,0.20426,0.03719,0.06545,0.22703,1.31815,1.34215,1.32802,0.00001,1.78897,0.00225,0.11601,0.20426,1.34215,1.32802,0.47307,0.45236,0.36804,0.6553,1.78897,0.04977,0.52226
2026-05-27 17:00:00,3.15541,0,0.02578,-0.00408,0,0.001,0,0.001,0.2235,0.67668,0.9948,2.26449,0.0001,0.11701,0.47575,0.00001,0,0.00001,0,-0.02937,0.00001,0.36804,1.51318,0.2046,0.42282,0.014,2.48143,0.20185,0.03574,0.07622,0.22703,1.3108,1.34715,1.32802,0.00001,1.78897,0.00206,0.11701,0.20185,1.34715,1.32802,0.47575,0.45745,0.36804,0.65492,1.78897,0.04977,0.52092
2026-05-27 18:00:00,3.06042,0,0.02645,-0.00333,0,0.001,0,0.001,0.2235,0.65791,0.9948,2.55495,0.00006,0.11701,0.47307,0.00001,0,0.00001,0,-0.02348,0.00001,0.37604,1.51237,0.1941,0.40487,0.015,2.44489,0.20185,0.03751,0.09111,0.22503,1.30341,1.34715,1.32517,0.00001,1.77512,0.00186,0.11701,0.20185,1.34715,1.32517,0.47307,0.46256,0.37604,0.65455,1.77512,0.04973,0.51959
2026-05-27 19:00:00,2.96542,0,0.03686,-0.00317,0,0.001,0,0.001,0.22411,0.65791,0.98359,2.77687,0.00003,0.11701,0.47039,0.00001,0,0.00001,0,-0.01466,0.00001,0.37304,1.47217,0.18359,0.38423,0.015,2.40835,0.19945,0.03679,0.07372,0.22803,1.3014,1.34215,1.32517,0.00001,1.78204,0.00217,0.11701,0.19945,1.34215,1.32517,0.47039,0.4677,0.37304,0.65427,1.78204,0.04979,0.51825
2026-05-27 20:00:00,2.86995,0,0.02906,-0.0063,0,0.001,0,0.001,0.22473,0.66257,0.978,2.92248,0.00003,0.11701,0.47039,0.00001,0,0.00001,0,-0.00877,0.00001,0.37104,1.44104,0.18364,0.38254,0.015,2.37181,0.19945,0.03822,0.11177,0.22603,1.2994,1.34215,1.31949,0.00001,1.76821,0.00249,0.11701,0.19945,1.34215,1.31949,0.47039,0.4677,0.37104,0.65403,1.76821,0.04987,0.51691
2026-05-27 21:00:00,2.77401,0,0.03072,-0.01037,0,0.001,0,0.001,0.22534,0.63944,0.96688,3.05995,0.00002,0.11901,0.47307,0.00001,0,0.00001,0,-0.00583,0.00001,0.37304,1.42657,0.18368,0.3837,0.015,2.33527,0.19706,0.03751,0.1399,0.22703,1.29749,1.33715,1.31949,0.00001,1.78204,0.0028,0.11901,0.19706,1.33715,1.31949,0.47307,0.46513,0.37304,0.65379,1.78204,0.05003,0.51557
2026-05-27 22:00:00,2.6308,0,0.03804,-0.00063,0,0.001,0,0.001,0.23886,0.63944,0.95033,2.92412,0.00001,0.12001,0.47039,0.00001,0,0.00001,0,0.00003,0.00001,0.37304,1.43888,0.17322,0.39702,0.015,2.33527,0.19706,0.03787,0.14402,0.22503,1.29571,1.33715,1.31949,0.00001,1.78204,0.00312,0.12001,0.19706,1.33715,1.31949,0.47039,0.46256,0.37304,0.6536,1.78204,0.05034,0.51423
2026-05-27 23:00:00,2.53601,0,0.0548,0.01175,0,0.001,0,0.001,0.22534,0.63487,0.93936,2.72017,0.00001,0.12201,0.47039,0.00001,0,0.00001,0,0.01468,0.00001,0.37304,1.46657,0.16276,0.39334,0.015,2.33527,0.19468,0.03716,0.1515,0.22402,1.29402,1.33715,1.31665,0.00001,1.77512,0.00344,0.12201,0.19468,1.33715,1.31665,0.47039,0.46,0.37304,0.65348,1.77512,0.05073,0.51289
2026-05-28 00:00:00,2.53527,0,0.04673,0.01967,0,0.001,0,0.001,0.22168,0.63031,0.92304,2.51619,0.00001,0.12201,0.47039,0.00001,0,0.00001,0,0.01763,0.00001,0.37604,1.43016,0.18378,0.39647,0.015,2.33527,0.19706,0.03751,0.16974,0.22603,1.29225,1.33115,1.31382,0.00001,1.76821,0.00375,0.12201,0.19706,1.33115,1.31382,0.47039,0.4549,0.37604,0.65345,1.76821,0.05103,0.51494
2026-05-28 01:00:00,2.5348,0,0.03867,0.03,0,0.001,0,0.001,0.22698,0.62578,0.91763,2.10878,0.00001,0.12801,0.47307,0.00001,0,0.00001,0,0.00589,0.00001,0.37604,1.40906,0.20484,0.38163,0.014,2.33527,0.19468,0.03679,0.1623,0.22402,1.28922,1.33715,1.31382,0.00001,1.76821,0.00346,0.12801,0.19468,1.33715,1.31382,0.47307,0.45236,0.37604,0.65351,1.76821,0.05117,0.51698
2026-05-28 02:00:00,2.53527,0,0.03066,0.03,0,0.001,0,0.001,0.23229,0.62578,0.91224,1.63289,0.00001,0.13201,0.47039,0.00001,0,0.00001,0,0.00586,0.00001,0.37604,1.39429,0.20484,0.36672,0.014,2.33527,0.19706,0.03715,0.11015,0.22503,1.28603,1.33115,1.31382,0.00001,1.75442,0.00316,0.13201,0.19706,1.33115,1.31382,0.47039,0.45236,0.37604,0.65361,1.75442,0.05113,0.51903
2026-05-28 03:00:00,2.58348,0,0.03075,0.03,0,0.001,0,0.00101,0.23759,0.62126,0.91224,1.15634,0.00001,0.13502,0.47575,0.00001,0,0.00001,0,0.0176,0.00001,0.37604,1.47265,0.20484,0.3486,0.014,2.33527,0.19706,0.0375,0.1052,0.22703,1.2827,1.32615,1.31098,0.00001,1.74067,0.00287,0.13502,0.19706,1.32615,1.31098,0.47575,0.45236,0.37604,0.65374,1.74067,0.05096,0.52107
2026-05-28 04:00:00,2.68929,0,0.0309,0.03,0,0.00102,0,0.00101,0.24289,0.61676,0.89617,0.88575,0.00001,0.13602,0.47575,0.00001,0,0.00001,0,0.01471,0.00001,0.37304,1.51496,0.21493,0.34956,0.014,2.33527,0.19706,0.03822,0.12011,0.22803,1.27895,1.33115,1.31098,0.00001,1.73382,0.00257,0.13602,0.19706,1.33115,1.31098,0.47575,0.45236,0.37304,0.65386,1.73382,0.05038,0.52312
2026-05-28 05:00:00,2.80474,0,0.03108,0.00599,0,0.00102,0,0.00102,0.26572,0.63031,0.90687,0.61388,0.00002,0.13602,0.47844,0.00001,0,0.00001,0,-0.00286,0.00001,0.37304,1.45694,0.21488,0.35142,0.014,2.33527,0.19706,0.03917,0.10352,0.22667,1.275,1.33715,1.31098,0.00001,1.74067,0.00228,0.13602,0.19706,1.33715,1.31098,0.47844,0.45236,0.37304,0.6539,1.74067,0.04958,0.52516
2026-05-28 06:00:00,2.88734,0,0.03127,0.00676,0,0.00103,0,0.00103,0.27003,0.62578,0.89084,0.25537,0.00002,0.13702,0.48654,0.00001,0,0.00001,0,-0.0058,0.00001,0.37604,1.45951,0.20438,0.33245,0.013,2.33527,0.19706,0.04011,0.10746,0.22595,1.27122,1.32615,1.31098,0.00001,1.74067,0.00198,0.13702,0.19706,1.32615,1.31098,0.48654,0.4549,0.37604,0.65394,1.74067,0.04897,0.52721
2026-05-28 07:00:00,2.93587,0,0.03143,0.00728,0,0.00103,0,0.00103,0.25936,0.62126,0.92304,0.10385,0.00002,0.13602,0.48925,0.00001,0,0.00001,0,-0.0058,0.00001,0.37604,1.48498,0.19389,0.33329,0.013,2.33527,0.19706,0.03939,0.10757,0.22589,1.26323,1.33715,1.31382,0.00001,1.72015,0.00197,0.13602,0.19706,1.33715,1.31382,0.48925,0.45745,0.37604,0.65388,1.72015,0.04857,0.52925
2026-05-28 08:00:00,2.98392,0,0.03156,0.00746,0,0.00103,0,0.00104,0.24492,0.62578,0.91763,0.20006,0.00002,0.13702,0.49197,0.00001,0,0.00001,0,-0.0058,0.00001,0.37804,1.5114,0.1733,0.35133,0.013,2.33527,0.19468,0.03866,0.1071,0.22602,1.25551,1.34215,1.31098,0.00001,1.72698,0.00195,0.13702,0.19468,1.34215,1.31098,0.49197,0.46,0.37804,0.65378,1.72698,0.04845,0.5313
2026-05-28 09:00:00,2.9428,0,0.03164,0.00726,0,0.00103,0,0.00106,0.24289,0.62126,0.91763,0.20831,0.00002,0.13702,0.4947,0.00001,0,0.00001,0,0.00003,0.00001,0.37804,1.45706,0.17335,0.352,0.014,2.33527,0.19468,0.03793,0.10401,0.22572,1.24787,1.33715,1.31098,0.00001,1.72698,0.00194,0.13702,0.19468,1.33715,1.31098,0.4947,0.46,0.37804,0.65363,1.72698,0.0484,0.53334
2026-05-28 10:00:00,2.89134,0,0.03166,0.00679,0,0.00103,0,0.00108,0.24289,0.62126,0.90687,0.14704,0.00002,0.13502,0.49743,0.00001,0,0.00001,0,0.00585,0.00001,0.37804,1.40302,0.16336,0.31867,0.014,2.33677,0.19468,0.03721,0.10076,0.22534,1.24051,1.33715,1.31098,0.00001,1.72015,0.00193,0.13502,0.19468,1.33715,1.31098,0.49743,0.46513,0.37804,0.65345,1.72015,0.04863,0.53539
2026-05-28 11:00:00,2.87147,0,0.03165,0.00583,0,0.00103,0,0.00109,0.24492,0.62126,0.9339,0.17611,0.00002,0.13101,0.49743,0.00001,0,0.00001,0,0.01171,0.00001,0.37604,1.40954,0.16342,0.31783,0.014,2.33827,0.19231,0.03648,0.09748,0.22546,1.23332,1.33715,1.31098,0.00001,1.69973,0.00191,0.13101,0.19231,1.33715,1.31098,0.49743,0.4677,0.37604,0.65323,1.69973,0.04904,0.53743
2026-05-28 12:00:00,2.87957,0,0.03163,0.00509,0,0.00103,0,0.00109,0.26147,0.61228,0.91763,0.18065,0.00002,0.13001,0.5029,0.00001,0,0.00001,0,0.00877,0.00001,0.37104,1.41662,0.17388,0.33716,0.014,2.33977,0.19231,0.03576,0.09413,0.22567,1.22602,1.33115,1.30816,0.00001,1.70652,0.0019,0.13001,0.19231,1.33115,1.30816,0.5029,0.47287,0.37104,0.65296,1.70652,0.04933,0.54679
2026-05-28 13:00:00,2.92149,0,0.0316,0.00474,0,0.00104,0,0.00109,0.26572,0.60337,0.91763,0.271,0.00006,0.12801,0.50565,0.00001,0,0.00001,0,0.02343,0.00001,0.37604,1.40327,0.16328,0.3563,0.014,2.34127,0.19231,0.03478,0.09342,0.22628,1.2266,1.33715,1.31098,0.00001,1.71333,0.0042,0.12801,0.19231,1.33715,1.31098,0.50565,0.48066,0.37604,0.65276,1.71333,0.04955,0.55916
2026-05-28 14:00:00,2.92149,0,0.03156,0.00513,0,0.00107,0,0.00108,0.26359,0.59895,0.90687,0.54204,0.00006,0.12301,0.51115,0.00001,0,0.00001,0,0.03222,0.00001,0.37604,1.35435,0.17426,0.35314,0.015,2.34277,0.19231,0.0338,0.09263,0.22705,1.22702,1.33715,1.31098,0.00001,1.71333,0.00651,0.12301,0.19231,1.33715,1.31098,0.51115,0.49114,0.37604,0.65257,1.71333,0.04961,0.5642
2026-05-28 15:00:00,2.9634,0,0.03153,0.00632,0,0.00114,0,0.00107,0.26147,0.57708,0.90151,0.99256,0.00006,0.13101,0.51391,0.00001,0,0.00001,0,0.02051,0.00001,0.38004,1.35735,0.16628,0.34968,0.02,2.34427,0.19706,0.03283,0.09174,0.22756,1.22742,1.34215,1.31098,0.00001,1.71333,0.00881,0.13101,0.19706,1.34215,1.31098,0.51391,0.49908,0.38004,0.65238,1.71333,0.04964,0.56925
2026-05-28 16:00:00,3.00532,0,0.0315,0.00836,0,0.00132,0,0.00107,0.27394,0.59454,0.91224,1.44413,0.0001,0.12801,0.51667,0.00001,0,0.00001,0,0.0176,0.00001,0.39004,1.34977,0.16814,0.36582,0.021,2.34437,0.20426,0.03185,0.09086,0.22779,1.22765,1.34215,1.31098,0.00001,1.72698,0.01111,0.12801,0.20426,1.34215,1.31098,0.51667,0.50439,0.39004,0.6523,1.72698,0.04952,0.5743
2026-05-28 17:00:00,3.00532,0,0.03148,0.01195,0,0.00143,0,0.00109,0.27591,0.56418,0.89617,1.8957,0.00032,0.12601,0.51667,0.00001,0,0.00001,0,0.0176,0.00001,0.39304,1.28524,0.18007,0.36452,0.017,2.34446,0.2091,0.03088,0.09003,0.22784,1.22781,1.34215,1.31382,0.00001,1.74067,0.01342,0.12601,0.2091,1.34215,1.31382,0.51667,0.50706,0.39304,0.65234,1.74067,0.04931,0.57935
2026-05-28 18:00:00,2.92149,0,0.03149,0.01475,0,0.00148,0,0.00114,0.27591,0.57708,0.89084,2.43673,0.001,0.12501,0.51667,0.00001,0,0.00001,0,0.02151,0.00001,0.39804,1.32613,0.18241,0.37591,0.017,2.34455,0.21153,0.0299,0.08921,0.22786,1.22801,1.34715,1.31382,0.00001,1.74067,0.01572,0.12501,0.21153,1.34715,1.31382,0.51667,0.50973,0.39804,0.65266,1.74067,0.04916,0.5844
2026-05-28 19:00:00,2.83766,0,0.03158,0.01665,0,0.00148,0,0.00124,0.27989,0.56846,0.87496,2.8883,0.00132,0.12401,0.51667,0.00001,0,0.00001,0,0.02054,0.00001,0.40505,1.39193,0.19531,0.35211,0.016,2.34606,0.21153,0.03334,0.10421,0.22798,1.24447,1.35315,1.31382,0.00001,1.74067,0.01591,0.12401,0.21153,1.35315,1.31382,0.51667,0.50973,0.40505,0.65356,1.74067,0.04916,0.58944
2026-05-28 20:00:00,2.83766,0,0.0319,0.01743,0,0.00146,0,0.00138,0.2819,0.57708,0.89617,3.06883,0.00163,0.12501,0.51667,0.00001,0,0.00001,0,0.01957,0.00001,0.40705,1.38155,0.18637,0.31465,0.016,2.34755,0.21153,0.03677,0.12066,0.22828,1.26114,1.35315,1.31382,0.00001,1.73382,0.0161,0.12501,0.21153,1.35315,1.31382,0.51667,0.50973,0.40705,0.65503,1.73382,0.04937,0.59449
2026-05-28 21:00:00,2.83766,0,0.03264,0.01704,0,0.0014,0,0.00155,0.2819,0.56846,0.8697,3.24952,0.00208,0.12701,0.51944,0.00001,0,0.00001,0,0.01469,0.00001,0.41205,1.34971,0.19675,0.31455,0.016,2.34906,0.21153,0.04021,0.13825,0.22879,1.27805,1.34715,1.31382,0.00001,1.74753,0.01629,0.12701,0.21153,1.34715,1.31382,0.51944,0.50706,0.41205,0.65693,1.74753,0.04982,0.59954
2026-05-28 22:00:00,2.79616,0,0.03378,0.01609,0,0.00125,0,0.00171,0.2779,0.56846,0.86445,3.15821,0.00235,0.12801,0.51944,0.00001,0,0.00001,0,0.00883,0.00001,0.41205,1.37031,0.19796,0.31572,0.015,2.35056,0.21153,0.04366,0.1562,0.23006,1.29575,1.34715,1.31382,0.00001,1.74067,0.01649,0.12801,0.21153,1.34715,1.31382,0.51944,0.50439,0.41205,0.65907,1.74067,0.05106,0.60459
2026-05-28 23:00:00,2.75466,0,0.03508,0.01413,0,0.00114,0,0.00183,0.27591,0.56846,0.8488,2.61437,0.00255,0.12601,0.52222,0.00001,0,0.00001,0,0.00589,0.00001,0.41505,1.44767,0.18838,0.30223,0.015,2.35206,0.2091,0.04709,0.1744,0.23173,1.31386,1.34715,1.31382,0.00001,1.74753,0.01668,0.12601,0.2091,1.34715,1.31382,0.52222,0.50173,0.41505,0.6613,1.74753,0.05271,0.60964
2026-05-29 00:00:00,2.79658,0,0.03636,0.01265,0,0.0011,0,0.0019,0.27003,0.56418,0.8697,2.07069,0.00288,0.12401,0.52222,0.00001,0,0.00001,0,-0.00686,0.00001,0.41505,1.42048,0.17802,0.29114,0.015,2.35356,0.20668,0.05053,0.19268,0.23302,1.33158,1.33715,1.31949,0.00001,1.75442,0.01687,0.12401,0.20668,1.33715,1.31949,0.52222,0.49908,0.41505,0.66356,1.75442,0.05397,0.61469
2026-05-29 01:00:00,2.83849,0,0.03753,0.01155,0,0.00109,0,0.00193,0.27003,0.55991,0.85922,1.43742,0.003,0.12301,0.525,0.00001,0,0.00001,0,-0.01468,0.00001,0.41205,1.38964,0.16849,0.31418,0.014,2.3577,0.20185,0.04999,0.18357,0.23381,1.31778,1.32615,1.31665,0.00001,1.75442,0.01527,0.12301,0.20185,1.32615,1.31665,0.525,0.49643,0.41205,0.6658,1.75442,0.05475,0.61973
2026-05-29 02:00:00,2.83849,0,0.0385,0.01063,0,0.00108,0,0.00192,0.26787,0.55567,0.88024,0.80432,0.00333,0.12201,0.525,0.00005,0,0.00001,0,-0.01957,0.00001,0.41005,1.39136,0.18858,0.33991,0.015,2.36183,0.19945,0.04944,0.17306,0.23398,1.30335,1.33115,1.31949,0.00001,1.74753,0.01367,0.12201,0.19945,1.33115,1.31949,0.525,0.49379,0.41005,0.66793,1.74753,0.05491,0.61441
2026-05-29 03:00:00,2.83849,0,0.03921,0.00987,0,0.00106,0,0.00187,0.27198,0.56418,0.88553,0.26065,0.00388,0.12301,0.525,0.00001,0,0.00001,0,-0.01174,0.00001,0.41005,1.40283,0.18853,0.34936,0.015,2.36597,0.19945,0.04891,0.16178,0.23393,1.2887,1.33115,1.31949,0.00001,1.77512,0.01207,0.12301,0.19945,1.33115,1.31949,0.525,0.49379,0.41005,0.66982,1.77512,0.05484,0.60908
2026-05-29 04:00:00,2.85129,0,0.03968,0.00861,0,0.00104,0,0.00181,0.28594,0.55144,0.87496,-0.01044,0.00475,0.12301,0.52778,0.00001,0,0.00001,0,-0.00294,0.00001,0.40705,1.43372,0.17859,0.35582,0.015,2.3701,0.19945,0.04836,0.15014,0.23306,1.27326,1.33115,1.32233,0.00001,1.78204,0.01046,0.12301,0.19945,1.33115,1.32233,0.52778,0.49114,0.40705,0.6714,1.78204,0.05398,0.60376
2026-05-29 05:00:00,2.8354,0,0.03996,0.00646,0.00001,0.00102,0,0.00175,0.29003,0.55991,0.88553,-0.09987,0.00604,0.12301,0.52778,0.00001,0,0.00001,0,0,0.00001,0.40705,1.38585,0.17864,0.3759,0.014,2.37424,0.19945,0.04782,0.13831,0.23175,1.25735,1.34715,1.32517,0.00001,1.80288,0.00886,0.12301,0.19945,1.34715,1.32517,0.52778,0.49114,0.40705,0.67263,1.80288,0.05265,0.59843
2026-05-29 06:00:00,2.86772,0,0.04011,0.00474,0.00002,0.00102,0,0.00168,0.29003,0.55567,0.88553,-0.10504,0.00729,0.12401,0.52778,0.00001,0,0.00001,0,0.00589,0.00001,0.40705,1.33738,0.18868,0.39305,0.014,2.37837,0.20185,0.04727,0.12633,0.23076,1.24177,1.34215,1.32802,0.00001,1.81683,0.00726,0.12401,0.20185,1.34215,1.32802,0.52778,0.48851,0.40705,0.67368,1.81683,0.05166,0.59311
2026-05-29 07:00:00,2.98976,0,0.04013,0.00346,0.00003,0.00101,0,0.00161,0.29735,0.55991,0.87496,0.11972,0.008,0.12501,0.52778,0.00001,0,0.00001,0,0.00589,0.00001,0.40705,1.36891,0.18812,0.3748,0.014,2.36697,0.20185,0.04646,0.12284,0.22993,1.2335,1.33715,1.32802,0.00001,1.82382,0.00702,0.12501,0.20185,1.33715,1.32802,0.52778,0.48851,0.40705,0.67461,1.82382,0.05084,0.58778
2026-05-29 08:00:00,3.17031,0,0.03993,0.00262,0.00004,0.00101,0,0.00153,0.29983,0.55991,0.87496,0.25362,0.00826,0.12601,0.52778,0.00001,0,0.00001,0,0.00294,0.00001,0.40705,1.42227,0.16829,0.37097,0.013,2.35556,0.20185,0.04566,0.11921,0.22948,1.2256,1.34215,1.32802,0.00001,1.83783,0.00677,0.12601,0.20185,1.34215,1.32802,0.52778,0.48589,0.40705,0.67543,1.83783,0.05038,0.58246
2026-05-29 09:00:00,3.35085,0,0.03937,0.00218,0.00005,0.00101,0,0.00144,0.29983,0.55144,0.87496,0.20659,0.00826,0.12701,0.53057,0.00001,0,0.00001,0,0,0.00001,0.41005,1.41444,0.16814,0.3835,0.013,2.34415,0.20426,0.04486,0.11549,0.22886,1.21755,1.34215,1.33086,0.00001,1.84487,0.00653,0.12701,0.20426,1.34215,1.33086,0.53057,0.48589,0.41005,0.67622,1.84487,0.04976,0.57713
2026-05-29 10:00:00,3.5016,0,0.03847,0.00178,0.00006,0.001,0,0.00136,0.29735,0.54723,0.87496,0.15944,0.00826,0.13001,0.52778,0.00001,0,0.00001,0,0.00294,0.00001,0.40705,1.40506,0.18772,0.378,0.013,2.33274,0.20426,0.04405,0.11179,0.22791,1.20915,1.34715,1.32802,0.00001,1.85191,0.00628,0.13001,0.20426,1.34715,1.32802,0.52778,0.48589,0.40705,0.67698,1.85191,0.04882,0.57181
2026-05-29 11:00:00,3.74079,0,0.03743,0.00142,0.00007,0.001,0,0.00129,0.29735,0.54723,0.87496,0.29281,0.00826,0.13201,0.53057,0.00001,0,0.00001,0,-0.00294,0.00001,0.40705,1.43634,0.18767,0.37327,0.014,2.32134,0.2091,0.04324,0.10804,0.22688,1.20068,1.34215,1.32802,0.00001,1.85896,0.00604,0.13201,0.2091,1.34215,1.32802,0.53057,0.48589,0.40705,0.67765,1.85896,0.04779,0.56648
2026-05-29 12:00:00,3.89027,0,0.0364,0.0011,0.00007,0.001,0,0.00124,0.29735,0.54304,0.8697,0.59405,0.00826,0.13201,0.53337,0.00001,0,0.00001,0,-0.00003,0.00001,0.40705,1.44672,0.17732,0.37061,0.014,2.30993,0.21153,0.04244,0.10428,0.22605,1.1924,1.33715,1.32802,0,1.86602,0.00579,0.13201,0.21153,1.33715,1.32802,0.53337,0.48589,0.40705,0.67832,1.86602,0.04696,0.57077
2026-05-29 13:00:00,3.89027,0,0.03543,0.00083,0.00008,0.001,0,0.0012,0.29003,0.53886,0.85922,0.9169,0.00826,0.13301,0.53617,0.00001,0,0.00001,0,0.00583,0.00001,0.41005,1.39643,0.16708,0.38586,0.015,2.30683,0.21153,0.04234,0.10242,0.22551,1.18669,1.33715,1.33086,0.00001,1.88017,0.00589,0.13301,0.21153,1.33715,1.33086,0.53617,0.48851,0.41005,0.67898,1.88017,0.04643,0.57801
2026-05-29 14:00:00,3.83177,0,0.03458,0.0006,0.00008,0.00101,0,0.00116,0.28594,0.53886,0.85401,1.24028,0.00826,0.13602,0.53898,0.00001,0,0.00005,0,-0.00297,0.00001,0.41205,1.3273,0.17727,0.36849,0.017,2.30373,0.21153,0.04224,0.10084,0.22527,1.18126,1.33715,1.33372,0.00001,1.88727,0.006,0.13602,0.21153,1.33715,1.33372,0.53898,0.48851,0.41205,0.67969,1.88727,0.04619,0.55042
2026-05-29 15:00:00,3.77327,0,0.03384,0.00045,0.00008,0.00104,0,0.00114,0.26147,0.52234,0.8488,1.56432,0.00826,0.13802,0.54179,0.00001,0,0.00001,0,-0.00297,0.00001,0.41505,1.31316,0.17742,0.34952,0.018,2.30064,0.2091,0.04214,0.09936,0.22503,1.17586,1.33715,1.33657,0.00001,1.89437,0.0061,0.13802,0.2091,1.33715,1.33657,0.54179,0.48851,0.41505,0.68056,1.89437,0.04596,0.54123
2026-05-29 16:00:00,3.77327,0,0.03321,0.00032,0.00008,0.00111,0,0.00112,0.24087,0.51826,0.8488,1.99458,0.00826,0.14002,0.5446,0.00001,0,0.00001,0,-0.00594,0.00001,0.42005,1.2703,0.16697,0.35306,0.017,2.29753,0.2091,0.04205,0.09799,0.22481,1.17048,1.33115,1.33657,0.00001,1.90862,0.0062,0.14002,0.2091,1.33115,1.33657,0.5446,0.49114,0.42005,0.68144,1.90862,0.04575,0.53663
2026-05-29 17:00:00,3.65375,0,0.03269,0.00021,0.00008,0.00115,0,0.00112,0.25519,0.51826,0.82817,2.37029,0.00826,0.14302,0.54742,0.00001,0,0.00001,0,-0.00594,0.00001,0.42305,1.22829,0.1766,0.35839,0.018,2.29444,0.2091,0.04196,0.09663,0.22466,1.16514,1.34215,1.33372,0.00002,1.91576,0.00631,0.14302,0.2091,1.34215,1.33372,0.54742,0.49114,0.42305,0.68226,1.91576,0.0456,0.53387
2026-05-29 18:00:00,3.47573,0,0.03226,0.00012,0.00008,0.00117,0,0.00113,0.26147,0.51014,0.82305,2.47717,0.00826,0.14502,0.55025,0.00001,0,0.00001,0,-0.0118,0.00001,0.43005,1.20911,0.1659,0.34302,0.017,2.29133,0.2091,0.04186,0.09529,0.22453,1.15983,1.34215,1.33086,0.00002,1.92291,0.00641,0.14502,0.2091,1.34215,1.33086,0.55025,0.49643,0.43005,0.68296,1.92291,0.04547,0.53203
2026-05-29 19:00:00,3.3578,0,0.0319,0.00005,0.00007,0.00117,0,0.00116,0.26147,0.5021,0.82305,2.42253,0.008,0.14502,0.55308,0.00001,0,0.00001,0,-0.01474,0.00001,0.43305,1.17534,0.18389,0.31114,0.017,2.28118,0.2091,0.04407,0.09529,0.22444,1.1599,1.34215,1.33086,0.00002,1.92291,0.00582,0.14502,0.2091,1.34215,1.33086,0.55308,0.50173,0.43305,0.68357,1.92291,0.0454,0.53072
2026-05-29 20:00:00,3.29838,0,0.0316,0,0.00006,0.00116,0,0.00122,0.26572,0.4981,0.80274,2.36736,0.008,0.14602,0.55876,0.00001,0,0.00001,0,-0.00594,0.00001,0.43805,1.19229,0.18149,0.31081,0.017,2.27102,0.2091,0.04629,0.09614,0.2244,1.16001,1.33715,1.32802,0.00002,1.93726,0.00524,0.14602,0.2091,1.33715,1.32802,0.55876,0.50439,0.43805,0.68417,1.93726,0.04536,0.52973
2026-05-29 21:00:00,3.23895,0,0.03134,0,0.00006,0.00113,0,0.00128,0.26787,0.48228,0.7977,2.31224,0.00764,0.14802,0.55876,0.00001,0,0.00001,0,-0.00886,0.00001,0.44005,1.20421,0.16941,0.29327,0.017,2.26087,0.2091,0.0485,0.0974,0.22435,1.16012,1.34215,1.32517,0.00002,1.92291,0.00465,0.14802,0.2091,1.34215,1.32517,0.55876,0.50706,0.44005,0.68477,1.92291,0.04532,0.52897
2026-05-29 22:00:00,3.06034,0,0.03112,0,0.00004,0.00107,0,0.00135,0.27198,0.49412,0.80274,2.20421,0.00764,0.14902,0.56446,0.00001,0,0.00001,0,-0.01177,0.00001,0.44305,1.18296,0.17758,0.30626,0.017,2.2507,0.20668,0.05072,0.09892,0.22426,1.16018,1.33715,1.32802,0.00002,1.93726,0.00406,0.14902,0.20668,1.33715,1.32802,0.56446,0.50706,0.44305,0.68537,1.93726,0.04524,0.52835
2026-05-29 23:00:00,2.70441,0,0.03092,0,0.00003,0.00102,0,0.00139,0.27591,0.48228,0.78768,2.09722,0.00764,0.15402,0.56732,0.00001,0,0.00001,0,-0.00588,0.00001,0.45105,1.21971,0.1656,0.30182,0.016,2.24055,0.20426,0.05294,0.10056,0.22416,1.16023,1.34215,1.32802,0.00002,1.93726,0.00348,0.15402,0.20426,1.34215,1.32802,0.56732,0.50706,0.45105,0.686,1.93726,0.04514,0.52785
2026-05-30 00:00:00,2.40732,0,0.03075,0,0.00002,0.00101,0,0.00141,0.27591,0.48621,0.77771,1.82777,0.00764,0.15702,0.57305,0.00001,0,0.00001,0,0,0.00001,0.45105,1.23575,0.17415,0.28553,0.016,2.23039,0.20426,0.05515,0.10225,0.22408,1.16029,1.33115,1.32517,0.00002,1.93726,0.00289,0.15702,0.20426,1.33115,1.32517,0.57305,0.50973,0.45105,0.68668,1.93726,0.04506,0.52744
2026-05-30 01:00:00,2.34697,0,0.0306,0,0.00001,0.001,0,0.0014,0.26572,0.48228,0.77771,1.44995,0.00729,0.15402,0.57592,0.00001,0,0.00001,0,-0.00291,0.00001,0.45105,1.18733,0.17415,0.28592,0.016,2.22342,0.20185,0.05432,0.10476,0.22403,1.17136,1.32615,1.32233,0.00002,1.92291,0.00272,0.15402,0.20185,1.32615,1.32233,0.57592,0.50973,0.45105,0.68739,1.92291,0.04501,0.52708
2026-05-30 02:00:00,2.22871,0,0.03046,0,0,0.001,0,0.00137,0.23886,0.47061,0.76288,1.12606,0.00729,0.15302,0.5788,0.00001,0,0.00001,0,0.00589,0.00001,0.44505,1.20552,0.17415,0.28879,0.017,2.21646,0.19945,0.05348,0.10615,0.22398,1.18241,1.33115,1.31949,0.00002,1.90862,0.00254,0.15302,0.19945,1.33115,1.31949,0.5788,0.50973,0.44505,0.68804,1.90862,0.04497,0.52678
2026-05-30 03:00:00,2.1702,0,0.03033,0,0,0.00099,0,0.00132,0.23097,0.47838,0.7585,0.8031,0.00696,0.15202,0.58169,0.00001,0,0.00001,0,0.02345,0.00001,0.44505,1.19357,0.1742,0.277,0.017,2.2095,0.19945,0.05266,0.10698,0.22394,1.19349,1.32115,1.32233,0.00002,1.92291,0.00237,0.15202,0.19945,1.32115,1.32233,0.58169,0.50973,0.44505,0.68868,1.92291,0.04493,0.52652
2026-05-30 04:00:00,2.19682,0,0.03021,0,0,0.00099,0,0.00127,0.22903,0.47449,0.75308,0.42679,0.00696,0.15302,0.58458,0.00001,0,0.00001,0,0.02345,0.00001,0.44305,1.16399,0.16461,0.24877,0.017,2.20254,0.19706,0.05182,0.10751,0.22386,1.20452,1.33115,1.32233,0.00002,1.91576,0.0022,0.15302,0.19706,1.33115,1.32233,0.58458,0.50973,0.44305,0.6893,1.91576,0.04485,0.52629
2026-05-30 05:00:00,2.30793,0,0.03009,0,0,0.00098,0,0.00122,0.22534,0.47449,0.75797,0.10281,0.00729,0.15302,0.58748,0.00001,0,0.00001,0,0.01171,0.00001,0.44305,1.13546,0.17434,0.23454,0.017,2.19557,0.19706,0.05099,0.10793,0.22377,1.21554,1.33115,1.31665,0.00002,1.91576,0.00202,0.15302,0.19706,1.33115,1.31665,0.58748,0.51241,0.44305,0.68981,1.91576,0.04477,0.52608
2026-05-30 06:00:00,2.43913,0,0.02997,0,0,0.00098,0,0.00119,0.22534,0.47838,0.75046,0.04713,0.00729,0.15702,0.58748,0.00001,0,0.00001,0,0.00877,0.00001,0.44005,1.14664,0.17434,0.2505,0.017,2.18861,0.19706,0.05015,0.10822,0.2237,1.22658,1.33115,1.31949,0.00002,1.91576,0.00185,0.15702,0.19706,1.33115,1.31949,0.58748,0.5151,0.44005,0.69027,1.91576,0.0447,0.5259
2026-05-30 07:00:00,2.42047,0,0.02987,0,0,0.00098,0,0.00115,0.23097,0.47061,0.74334,0.1006,0.00764,0.15802,0.59038,0.00001,0,0.00001,0,0.00877,0.00001,0.44005,1.19752,0.16461,0.26714,0.017,2.18294,0.19706,0.04891,0.10948,0.22366,1.23826,1.33115,1.31665,0.00002,1.91576,0.00178,0.15802,0.19706,1.33115,1.31665,0.59038,0.52048,0.44005,0.69071,1.91576,0.04465,0.52574
2026-05-30 08:00:00,2.40091,0,0.02976,0,0,0.00098,0,0.00113,0.22903,0.47449,0.75797,0.10071,0.008,0.15802,0.59038,0.00001,0,0.00001,0,-0.00003,0.00001,0.44305,1.14952,0.16457,0.26292,0.017,2.17727,0.19706,0.04768,0.11062,0.22362,1.24996,1.34215,1.31665,0.00002,1.92291,0.0017,0.15802,0.19706,1.34215,1.31665,0.59038,0.52319,0.44305,0.69109,1.92291,0.04462,0.5256
2026-05-30 09:00:00,2.25484,0,0.02966,0,0,0.00097,0,0.0011,0.22534,0.47449,0.7482,0.09985,0.00826,0.15702,0.59038,0.00001,0,0.00001,0,-0.01468,0.00001,0.44005,1.18296,0.16411,0.28906,0.017,2.1716,0.19945,0.04644,0.11165,0.22358,1.26165,1.35828,1.31665,0.00002,1.92291,0.00163,0.15702,0.19945,1.35828,1.31665,0.59038,0.52861,0.44005,0.69149,1.92291,0.04458,0.52546
2026-05-30 10:00:00,2.14245,0,0.02957,0,0,0.00097,0,0.00108,0.22168,0.48228,0.7482,0.09649,0.00826,0.15802,0.59328,0.00001,0,0.00001,0,-0.01468,0.00001,0.44305,1.23757,0.15268,0.28371,0.017,2.16594,0.19945,0.04519,0.11262,0.2235,1.27329,1.3745,1.31382,0.00002,1.93009,0.00156,0.15802,0.19945,1.3745,1.31382,0.59328,0.5368,0.44305,0.6919,1.93009,0.04451,0.52535
2026-05-30 11:00:00,2.24941,0,0.02948,0,0,0.00096,0,0.00107,0.2235,0.47449,0.75308,0.09327,0.00853,0.15802,0.59619,0.00001,0,0.00001,0,-0.00294,0.00001,0.44805,1.19288,0.14334,0.31686,0.017,2.16026,0.20185,0.04395,0.11359,0.2234,1.28494,1.39079,1.31382,0.00002,1.93009,0.00148,0.15802,0.20185,1.39079,1.31382,0.59619,0.54228,0.44805,0.69233,1.93009,0.04442,0.52524
2026-05-30 12:00:00,2.40347,0,0.02941,0,0,0.00096,0,0.00105,0.22534,0.46676,0.75308,0.46419,0.00826,0.15902,0.59619,0.00001,0,0.00001,0,0.00294,0.00001,0.44805,1.16673,0.14334,0.29822,0.017,2.1546,0.20185,0.04271,0.11452,0.22334,1.2966,1.40716,1.31382,0.00002,1.93009,0.00141,0.15902,0.20185,1.40716,1.31382,0.59619,0.55056,0.44805,0.69292,1.93009,0.04436,0.5147
2026-05-30 13:00:00,2.47032,0,0.02934,0,0,0.00096,0,0.00104,0.2235,0.46676,0.73367,0.82794,0.00826,0.16002,0.5991,0.00001,0,0.00001,0,0.00003,0.00001,0.44805,1.18077,0.13242,0.29678,0.017,2.14779,0.20185,0.04145,0.11353,0.22328,1.29278,1.36415,1.31382,0.00002,1.93009,0.00136,0.16002,0.20185,1.36415,1.31382,0.5991,0.55889,0.44805,0.69365,1.93009,0.04431,0.48833
2026-05-30 14:00:00,2.4707,0,0.02927,0,0,0.00096,0,0.00104,0.21453,0.46676,0.73367,1.19442,0.00826,0.16202,0.5991,0.00001,0,0.00001,0,-0.00583,0.00001,0.45605,1.21727,0.13247,0.33246,0.017,2.14098,0.20426,0.04018,0.11253,0.22323,1.28899,1.34215,1.31382,0.00002,1.93726,0.0013,0.16202,0.20426,1.34215,1.31382,0.5991,0.56448,0.45605,0.69454,1.93726,0.04428,0.48244
2026-05-30 15:00:00,2.4707,0,0.02922,0,0,0.00096,0,0.00103,0.2163,0.47449,0.76288,1.1942,0.00826,0.16302,0.60202,0.00001,0,0.00001,0,-0.01168,0.00001,0.46105,1.1845,0.1427,0.33601,0.016,2.13417,0.20426,0.03892,0.11153,0.22319,1.28519,1.33115,1.31382,0.00003,1.93726,0.00124,0.16302,0.20426,1.33115,1.31382,0.60202,0.5729,0.46105,0.69563,1.93726,0.04424,0.48047
2026-05-30 16:00:00,2.4707,0,0.02916,0,0,0.00095,0,0.00103,0.21808,0.47449,0.75308,1.18344,0.00826,0.16402,0.60494,0.00001,0,0.00001,0,-0.01166,0.00001,0.46605,1.16096,0.15455,0.33466,0.016,2.12736,0.20668,0.03765,0.11052,0.2231,1.28134,1.33115,1.31382,0.00003,1.94445,0.00119,0.16402,0.20668,1.33115,1.31382,0.60494,0.58138,0.46605,0.69685,1.94445,0.04416,0.47949
2026-05-30 17:00:00,2.40393,0,0.02911,0,0,0.00095,0,0.00103,0.21453,0.4553,0.7385,1.17006,0.00826,0.16302,0.60494,0.00001,0,0.00001,0,-0.01457,0.00001,0.47905,1.21847,0.15422,0.28074,0.015,2.12055,0.20426,0.03638,0.10951,0.22299,1.2775,1.32615,1.31098,0.00003,1.95165,0.00113,0.16302,0.20426,1.32615,1.31098,0.60494,0.58707,0.47905,0.6983,1.95165,0.04408,0.4789
2026-05-30 18:00:00,2.27031,0,0.02907,0,0,0.00095,0,0.00103,0.21808,0.46292,0.7482,1.17523,0.00826,0.16302,0.60494,0.00001,0,0.00001,0,-0.0234,0.00001,0.49005,1.19752,0.16283,0.31533,0.015,2.11374,0.20185,0.03512,0.10851,0.22292,1.27366,1.33115,1.31098,0.00003,1.94445,0.00108,0.16302,0.20185,1.33115,1.31098,0.60494,0.59278,0.49005,0.70002,1.94445,0.04401,0.47851
2026-05-30 19:00:00,2.13698,0,0.02904,0,0,0.00095,0,0.00102,0.20253,0.4591,0.74334,1.18028,0.00826,0.16302,0.60787,0.00001,0,0.00001,0,-0.01463,0.00001,0.50106,1.14055,0.16187,0.31545,0.015,2.10586,0.19945,0.03439,0.11306,0.22287,1.27229,1.33115,1.31098,0.00003,1.95165,0.00108,0.16302,0.19945,1.33115,1.31098,0.60787,0.59278,0.50106,0.702,1.95165,0.04396,0.47823
2026-05-30 20:00:00,2.06938,0,0.02901,0,0,0.00094,0,0.00101,0.18355,0.45151,0.72406,1.16816,0.00826,0.16302,0.6108,0.00001,0,0.00001,0,-0.00289,0.00001,0.50606,1.09413,0.14106,0.2822,0.015,2.09799,0.19706,0.03366,0.1178,0.22283,1.27097,1.32615,1.31098,0.00003,1.95165,0.00107,0.16302,0.19706,1.32615,1.31098,0.6108,0.58707,0.50606,0.70414,1.95165,0.04394,0.47802
2026-05-30 21:00:00,2.00148,0,0.02897,0,0,0.00094,0,0.001,0.19839,0.444,0.72885,1.1606,0.008,0.16302,0.60787,0.00001,0,0.00001,0,0.00297,0.00001,0.51206,1.08648,0.13955,0.26207,0.014,2.09011,0.19706,0.03294,0.12264,0.22279,1.26963,1.33115,1.31665,0.00003,1.95165,0.00106,0.16302,0.19706,1.33115,1.31665,0.60787,0.58138,0.51206,0.70632,1.95165,0.0439,0.47786
2026-05-30 22:00:00,1.8672,0,0.02893,0,0,0.00094,0,0.001,0.20816,0.44027,0.70503,1.15797,0.008,0.16302,0.6108,0.00001,0,0.00001,0,0,0.00001,0.51406,1.08637,0.14734,0.27859,0.014,2.08223,0.19468,0.03221,0.12751,0.22272,1.26825,1.32115,1.31949,0.00003,1.95165,0.00106,0.16302,0.19468,1.32115,1.31949,0.6108,0.57008,0.51406,0.70855,1.95165,0.04384,0.47772
2026-05-30 23:00:00,1.80043,0,0.0289,0,0,0.00093,0,0.00099,0.20959,0.43655,0.71928,1.14483,0.00764,0.16302,0.60787,0.00001,0,0.00001,0,0.00586,0.00001,0.51406,1.06475,0.13537,0.29736,0.013,2.07435,0.19231,0.03149,0.13249,0.22262,1.26687,1.32615,1.32233,0.00002,1.93726,0.00106,0.16302,0.19231,1.32615,1.32233,0.60787,0.56448,0.51406,0.71082,1.93726,0.04376,0.47762
2026-05-31 00:00:00,1.80014,0,0.02886,0,0,0.00093,0,0.00099,0.21453,0.43655,0.70976,1.13351,0.00764,0.16302,0.6108,0.00001,0,0.00001,0,0.01468,0.00001,0.51406,1.06259,0.1253,0.26247,0.013,2.06648,0.18994,0.03076,0.1375,0.22257,1.2655,1.32615,1.33086,0.00003,1.93726,0.00105,0.16302,0.18994,1.32615,1.33086,0.6108,0.55889,0.51406,0.71317,1.93726,0.04371,0.47753
2026-05-31 01:00:00,1.73203,0,0.02883,0,0,0.00093,0,0.00099,0.21453,0.43655,0.70976,1.12092,0.00729,0.16102,0.61374,0.00001,0,0.00001,0,0.01763,0.00001,0.51406,1.05614,0.14545,0.26179,0.013,2.06553,0.18994,0.03071,0.14232,0.22252,1.26579,1.32615,1.33372,0.00003,1.93726,0.00105,0.16102,0.18994,1.32615,1.33372,0.61374,0.55333,0.51406,0.71552,1.93726,0.04367,0.47745
2026-05-31 02:00:00,1.73211,0,0.0288,0,0,0.00093,0,0.00098,0.21102,0.42917,0.68161,1.11205,0.00729,0.16202,0.61374,0.00001,0,0.00001,0,0.0176,0.00001,0.50906,1.0761,0.14421,0.24496,0.013,2.06458,0.19231,0.03067,0.14733,0.22248,1.26611,1.33115,1.33943,0.00002,1.93726,0.00104,0.16202,0.19231,1.33115,1.33943,0.61374,0.55056,0.50906,0.71769,1.93726,0.04364,0.47739
2026-05-31 03:00:00,1.93392,0,0.02877,0,0,0.00093,0,0.00098,0.21277,0.42917,0.68161,1.10978,0.00729,0.16302,0.6108,0.00001,0,0.00001,0,0.00877,0.00001,0.50606,1.08685,0.13449,0.24631,0.013,2.06363,0.18994,0.03062,0.15248,0.22245,1.2664,1.33115,1.34229,0.00002,1.94445,0.00104,0.16302,0.18994,1.33115,1.34229,0.6108,0.54504,0.50606,0.71959,1.94445,0.04361,0.47733
2026-05-31 04:00:00,2.13565,0,0.02874,0,0,0.00092,0,0.00098,0.21277,0.42187,0.68626,1.10322,0.00729,0.16302,0.61374,0.00001,0,0.00001,0,0.00877,0.00001,0.50306,1.0802,0.13449,0.21107,0.012,2.06269,0.19231,0.03058,0.15771,0.22238,1.26667,1.32615,1.34515,0.00002,1.95165,0.00104,0.16302,0.19231,1.32615,1.34515,0.61374,0.54228,0.50306,0.72121,1.95165,0.04355,0.47728
2026-05-31 05:00:00,2.26985,0,0.02872,0,0,0.00092,0,0.00098,0.20959,0.42551,0.69093,1.08841,0.00696,0.16302,0.61374,0.00001,0,0.00001,0,0.01171,0.00001,0.50106,1.07383,0.14499,0.20951,0.012,2.06173,0.19231,0.03054,0.16298,0.22229,1.21078,1.33115,1.34798,0.00002,1.95885,0.00103,0.16302,0.19231,1.33115,1.34798,0.61374,0.53954,0.50106,0.72268,1.95885,0.04348,0.47724
2026-05-31 06:00:00,2.40376,0,0.02869,0,0,0.00091,0,0.00097,0.21102,0.42551,0.68161,1.072,0.00696,0.16302,0.6108,0.00001,0,0.00001,0,0.00877,0.00001,0.49506,1.08883,0.13535,0.22811,0.012,2.06079,0.19231,0.03049,0.16827,0.22222,1.15489,1.32615,1.34798,0.00002,1.96608,0.00103,0.16302,0.19231,1.32615,1.34798,0.6108,0.5368,0.49506,0.72391,1.96608,0.04342,0.4772
2026-05-31 07:00:00,2.55159,0,0.02867,0,0,0.00091,0,0.00097,0.21453,0.42917,0.67697,1.06844,0.00696,0.16302,0.61669,0.00001,0,0.00001,0,-0.00297,0.00001,0.49305,1.08517,0.13539,0.2118,0.012,2.06712,0.19468,0.03046,0.16761,0.22218,1.0951,1.32615,1.34229,0.00002,1.96608,0.00102,0.16302,0.19468,1.32615,1.34229,0.61669,0.5368,0.49305,0.72492,1.96608,0.04338,0.47717
2026-05-31 08:00:00,2.67263,0,0.02864,0,0,0.00091,0,0.00096,0.21453,0.43285,0.67234,1.06939,0.00696,0.16302,0.61374,0.00001,0,0.00001,0,-0.01177,0.00001,0.48705,1.06218,0.14593,0.22741,0.012,2.07344,0.19468,0.03042,0.16693,0.22214,1.03531,1.32115,1.34515,0.00002,1.97331,0.00102,0.16302,0.19468,1.32115,1.34515,0.61374,0.5368,0.48705,0.72579,1.97331,0.04335,0.47714
2026-05-31 09:00:00,2.60578,0,0.02862,0,0,0.00091,0,0.00096,0.21277,0.43285,0.67697,1.06567,0.00696,0.16402,0.61963,0.00001,0,0.00001,0,-0.00294,0.00001,0.48505,1.05913,0.14552,0.22793,0.013,2.07978,0.19231,0.0304,0.16628,0.22209,0.97554,1.32615,1.34515,0.00002,1.98055,0.00102,0.16402,0.19231,1.32615,1.34515,0.61963,0.5368,0.48505,0.72646,1.98055,0.04332,0.47711
2026-05-31 10:00:00,2.67263,0,0.0286,0,0,0.00091,0,0.00096,0.21277,0.444,0.67234,1.05732,0.00696,0.16402,0.61374,0.00001,0,0.00001,0,0.00589,0.00001,0.48205,1.07629,0.14544,0.26353,0.013,2.08611,0.19231,0.03036,0.16564,0.22203,0.91572,1.32615,1.33943,0.00002,1.9878,0.00101,0.16402,0.19231,1.32615,1.33943,0.61374,0.5368,0.48205,0.72703,1.9878,0.04326,0.47708
2026-05-31 11:00:00,2.87318,0,0.02857,0,0,0.00091,0,0.00096,0.2163,0.44775,0.66774,1.04994,0.00729,0.16502,0.61669,0.00001,0,0.00001,0,0.00294,0.00001,0.48205,1.09385,0.13527,0.28033,0.013,2.09244,0.19231,0.03033,0.165,0.22195,0.85591,1.32615,1.33657,0.00001,1.99507,0.00101,0.16502,0.19231,1.32615,1.33657,0.61669,0.5368,0.48205,0.72752,1.99507,0.04319,0.47706
2026-05-31 12:00:00,2.85312,0,0.02855,0,0,0.00091,0,0.00095,0.21453,0.45151,0.67697,1.04648,0.00729,0.16402,0.61669,0.00001,0,0.00001,0,0.00589,0.00001,0.47905,1.11086,0.12469,0.27943,0.013,2.09877,0.19231,0.03029,0.16435,0.22188,0.79609,1.32615,1.33086,0.00002,2.00235,0.001,0.16402,0.19231,1.32615,1.33086,0.61669,0.5368,0.47905,0.72781,2.00235,0.04313,0.47195
2026-05-31 13:00:00,2.82712,0,0.02853,0,0,0.00091,0,0.00095,0.21453,0.4553,0.69093,1.04382,0.00729,0.16302,0.61669,0.00001,0,0.00001,0,0.00736,0.00001,0.47905,1.14702,0.11455,0.27848,0.013,2.09504,0.19468,0.03001,0.15813,0.22184,0.84332,1.32615,1.32517,0.00002,2.00235,0.00099,0.16302,0.19468,1.32615,1.32517,0.61669,0.53954,0.47905,0.72792,2.00235,0.04309,0.46029
2026-05-31 14:00:00,2.80113,0,0.02851,0,0,0.00091,0,0.00095,0.21808,0.44775,0.69561,1.03768,0.00729,0.16302,0.61669,0.00001,0,0.00001,0,0.00147,0.00001,0.47905,1.16575,0.12533,0.29558,0.013,2.0913,0.19706,0.02973,0.15184,0.22181,0.89054,1.32615,1.32233,0.00002,2.00964,0.00098,0.16302,0.19706,1.32615,1.32233,0.61669,0.54228,0.47905,0.72798,2.00964,0.04307,0.45879
2026-05-31 15:00:00,2.77513,0,0.02849,0,0,0.0009,0,0.00094,0.21453,0.46676,0.70031,1.03642,0.00764,0.16302,0.61963,0.00001,0,0.00001,0,-0.00294,0.00001,0.47705,1.17597,0.1272,0.32993,0.013,2.08757,0.19945,0.02945,0.14552,0.22176,0.93778,1.33115,1.32233,0.00002,2.01694,0.00098,0.16302,0.19945,1.33115,1.32233,0.61963,0.54504,0.47705,0.728,2.01694,0.04303,0.45829
2026-05-31 16:00:00,2.74914,0,0.02847,0,0,0.00089,0,0.00094,0.20533,0.4591,0.69561,1.04356,0.00764,0.16202,0.62259,0.00001,0,0.00001,0,-0.01177,0.00001,0.47905,1.15417,0.11906,0.31766,0.013,2.08383,0.19945,0.02917,0.13913,0.2217,0.98498,1.33115,1.31382,0.00002,2.01694,0.00097,0.16202,0.19945,1.33115,1.31382,0.62259,0.54779,0.47905,0.72808,2.01694,0.04297,0.45804
2026-05-31 17:00:00,2.72315,0,0.02844,0,0,0.00088,0,0.00094,0.20253,0.4591,0.71451,1.05058,0.00764,0.16002,0.62259,0.00001,0,0.00001,0,-0.0206,0.00001,0.47905,1.11247,0.13069,0.31176,0.013,2.0801,0.20185,0.02888,0.13276,0.22162,1.03216,1.32615,1.31098,0.00003,2.02426,0.00096,0.16002,0.20185,1.32615,1.31098,0.62259,0.54779,0.47905,0.72828,2.02426,0.0429,0.45789
2026-05-31 18:00:00,2.69715,0,0.02842,0,0,0.00088,0,0.00094,0.19976,0.46292,0.71928,1.05387,0.00764,0.16202,0.61963,0.00001,0,0.00001,0,-0.02648,0,0.47905,1.13023,0.14187,0.32379,0.013,2.07636,0.20426,0.0286,0.12637,0.22156,1.07937,1.32615,1.31098,0.00002,2.02426,0.00095,0.16202,0.20426,1.32615,1.31098,0.61963,0.54779,0.47905,0.72863,2.02426,0.04285,0.45778
2026-05-31 19:00:00,2.6867,0,0.0284,0,0,0.00088,0,0.00093,0.20533,0.47449,0.71451,1.05293,0.00764,0.16302,0.62259,0.00001,0,0.00001,0,-0.02501,0.00001,0.48205,1.13147,0.14292,0.31846,0.013,2.07069,0.20185,0.0287,0.12474,0.22152,1.13229,1.32615,1.30816,0.00002,2.03158,0.00095,0.16302,0.20185,1.32615,1.30816,0.62259,0.54779,0.48205,0.72904,2.03158,0.04281,0.45771
2026-05-31 20:00:00,2.67624,0,0.02838,0,0,0.00088,0,0.00093,0.20533,0.47061,0.71928,1.0572,0.00764,0.16402,0.61963,0.00001,0,0.00001,0,-0.01618,0.00001,0.48205,1.10411,0.14369,0.29524,0.013,2.06501,0.20185,0.02879,0.12325,0.22148,1.18523,1.32115,1.30816,0.00002,2.03891,0.00094,0.16402,0.20185,1.32115,1.30816,0.61963,0.54504,0.48205,0.72956,2.03891,0.04278,0.45766
2026-05-31 21:00:00,2.66579,0,0.02836,0,0,0.00088,0,0.00092,0.20533,0.4591,0.70976,1.06653,0.00764,0.16502,0.62259,0.00001,0,0.00001,0,-0.01177,0.00001,0.48505,1.07509,0.14292,0.27262,0.013,2.05934,0.19706,0.02888,0.12183,0.22143,1.18201,1.33115,1.30533,0.00002,2.03158,0.00093,0.16502,0.19706,1.33115,1.30533,0.62259,0.54504,0.48505,0.73027,2.03158,0.04275,0.45762
2026-05-31 22:00:00,2.65533,0,0.02834,0,0,0.00087,0,0.00092,0.20674,0.4591,0.71928,1.06755,0.00764,0.16602,0.61963,0.00001,0,0.00001,0,-0.00588,0.00001,0.48705,1.09685,0.14205,0.25556,0.014,2.05366,0.19706,0.02896,0.12044,0.22137,1.17874,1.32615,1.30251,0.00002,2.01694,0.00093,0.16602,0.19706,1.32615,1.30251,0.61963,0.54504,0.48705,0.73102,2.01694,0.04269,0.45758
2026-05-31 23:00:00,2.64488,0,0.02832,0,0,0.00087,0,0.00091,0.20816,0.45151,0.70976,1.06703,0.00764,0.16702,0.61963,0.00001,0,0.00001,0,0.00294,0.00001,0.48505,1.11909,0.13232,0.24427,0.014,2.04799,0.19706,0.02906,0.11905,0.22129,1.17547,1.32615,1.30251,0.00002,2.01694,0.00092,0.16702,0.19706,1.32615,1.30251,0.61963,0.54504,0.48505,0.73171,2.01694,0.04262,0.45756
2026-06-01 00:00:00,2.64721,0,0.0283,0,0,0.00086,0,0.00091,0.21808,0.4553,0.70031,1.06438,0.00764,0.16702,0.62259,0.00001,0,0.00001,0,0.00786,0.00001,0.48705,1.08241,0.13319,0.21498,0.014,2.04231,0.19706,0.02915,0.11769,0.22121,1.17221,1.32115,1.30533,0.00002,2.01694,0.00092,0.16702,0.19706,1.32115,1.30533,0.62259,0.54504,0.48705,0.73226,2.01694,0.04256,0.45753
2026-06-01 01:00:00,2.65513,0,0.02828,0,0,0.00086,0,0.0009,0.22534,0.4553,0.70503,1.06345,0.00764,0.16702,0.62259,0.00001,0,0.00001,0,0.0118,0.00001,0.48505,1.08273,0.13365,0.22029,0.014,2.04774,0.19945,0.02955,0.11837,0.22117,1.1725,1.32615,1.29968,0.00002,2.01694,0.00092,0.16702,0.19945,1.32615,1.29968,0.62259,0.54228,0.48505,0.73267,2.01694,0.04252,0.45751
2026-06-01 02:00:00,2.66304,0,0.02826,0,0,0.00086,0,0.0009,0.22903,0.44775,0.69093,1.06317,0.00764,0.16702,0.62259,0.00001,0,0.00001,0,0.01571,0.00001,0.48505,1.10978,0.12355,0.22727,0.015,2.05316,0.20185,0.02994,0.11915,0.22115,1.17281,1.33115,1.30251,0.00002,2.00235,0.00091,0.16702,0.20185,1.33115,1.30251,0.62259,0.53954,0.48505,0.73305,2.00235,0.0425,0.4575
2026-06-01 03:00:00,2.67096,0,0.02824,0,0,0.00086,0,0.00091,0.2235,0.43655,0.69561,1.05562,0.00764,0.16802,0.61963,0.00001,0,0.00001,0,0.01766,0.00001,0.48505,1.12744,0.12396,0.21492,0.015,2.05859,0.20426,0.03034,0.11997,0.2211,1.17311,1.33115,1.29968,0.00002,2.00964,0.00091,0.16802,0.20426,1.33115,1.29968,0.61963,0.5368,0.48505,0.7334,2.00964,0.04247,0.45748
2026-06-01 04:00:00,2.67887,0,0.02821,0,0,0.00086,0,0.0009,0.22903,0.444,0.70031,1.05244,0.00764,0.16902,0.61963,0.00001,0,0.00001,0,0.01471,0.00001,0.48505,1.10648,0.12438,0.22438,0.015,2.06401,0.20426,0.03075,0.12083,0.22106,1.17338,1.33115,1.29968,0.00002,2.01694,0.00091,0.16902,0.20426,1.33115,1.29968,0.61963,0.5368,0.48505,0.73381,2.01694,0.04242,0.45747
2026-06-01 05:00:00,2.68679,0,0.02819,0,0,0.00086,0,0.0009,0.22534,0.45151,0.69093,1.04838,0.00764,0.17102,0.61963,0.00001,0,0.00001,0,0.01177,0.00001,0.48505,1.12519,0.13401,0.22355,0.015,2.06944,0.20426,0.03114,0.12173,0.221,1.17365,1.32615,1.30251,0.00001,2.00964,0.0009,0.17102,0.20426,1.32615,1.30251,0.61963,0.5368,0.48505,0.73433,2.00964,0.04236,0.45746
2026-06-01 06:00:00,2.6947,0,0.02817,0,0,0.00086,0,0.0009,0.21987,0.4553,0.67234,1.04419,0.00764,0.17302,0.61963,0.00001,0,0.00001,0,0.0098,0.00001,0.48505,1.12365,0.13351,0.24157,0.015,2.07486,0.20426,0.03154,0.12264,0.22094,1.17393,1.32615,1.29968,0.00001,2.00235,0.0009,0.17302,0.20426,1.32615,1.29968,0.61963,0.5368,0.48505,0.73497,2.00235,0.04231,0.45745
2026-06-01 07:00:00,2.68548,0,0.02815,0,0,0.00086,0,0.0009,0.21808,0.47449,0.68161,1.04743,0.00764,0.17502,0.62259,0.00001,0,0.00001,0,0.00586,0.00001,0.48505,1.1228,0.13341,0.25971,0.015,2.08234,0.20426,0.03153,0.12272,0.22091,1.17328,1.33115,1.29968,0.00002,2.00964,0.0009,0.17502,0.20426,1.33115,1.29968,0.62259,0.5368,0.48505,0.73562,2.00964,0.04228,0.45744
2026-06-01 08:00:00,2.67626,0,0.02814,0,0,0.00086,0,0.00089,0.22168,0.47061,0.67697,1.04641,0.00764,0.17602,0.62259,0.00001,0,0.00001,0,0.00489,0.00001,0.48505,1.18211,0.13332,0.27661,0.015,2.0898,0.20668,0.03151,0.1227,0.2209,1.17262,1.33715,1.29686,0.00001,2.02426,0.00089,0.17602,0.20668,1.33715,1.29686,0.62259,0.5368,0.48505,0.73617,2.02426,0.04226,0.45743
2026-06-01 09:00:00,2.66705,0,0.02811,0,0,0.00086,0,0.00088,0.22534,0.49412,0.68161,1.03514,0.00764,0.17702,0.62555,0.00001,0,0.00001,0,0.00589,0.00001,0.48705,1.22225,0.13323,0.27805,0.015,2.09728,0.20426,0.03151,0.12257,0.22086,1.17197,1.34215,1.29686,0.00002,2.03891,0.00089,0.17702,0.20426,1.34215,1.29686,0.62555,0.53954,0.48705,0.73663,2.03891,0.04223,0.45743
2026-06-01 10:00:00,2.65783,0,0.02809,0,0,0.00085,0,0.00088,0.22718,0.51014,0.70031,1.02922,0.00764,0.17802,0.62259,0.00001,0,0.00001,0,0.0039,0.00001,0.48505,1.22699,0.13308,0.28008,0.015,2.10474,0.20426,0.03149,0.12242,0.22081,1.17128,1.33715,1.29968,0.00002,2.06098,0.00089,0.17802,0.20426,1.33715,1.29968,0.62259,0.53954,0.48505,0.73701,2.06098,0.04218,0.45742
2026-06-01 11:00:00,2.64861,0,0.02807,0,0,0.00085,0,0.00087,0.23292,0.51826,0.70503,1.02992,0.00764,0.17902,0.62555,0.00001,0,0.00001,0,0.00195,0.00001,0.48205,1.22866,0.13294,0.28212,0.015,2.11222,0.20426,0.03148,0.12224,0.22076,1.1706,1.36415,1.29686,0.00002,2.08316,0.00088,0.17902,0.20426,1.36415,1.29686,0.62555,0.53954,0.48205,0.73742,2.08316,0.04213,0.45741
2026-06-01 12:00:00,2.63939,0,0.02805,0,0,0.00085,0,0.00087,0.23687,0.53886,0.71928,1.03007,0.00764,0.17902,0.62555,0.00001,0,0.00001,0,0,0.00001,0.48705,1.22821,0.13279,0.28415,0.015,2.11968,0.20426,0.03146,0.12206,0.22071,1.16992,1.40116,1.29686,0.00001,2.10543,0.00088,0.17902,0.20426,1.40116,1.29686,0.62555,0.54228,0.48705,0.73778,2.10543,0.04208,0.45663
2026-06-01 13:00:00,2.63489,0,0.02803,0,0,0.00085,0,0.00087,0.23677,0.53736,0.71928,1.03933,0.0076,0.18002,0.62568,0,0,0.00001,0,0,0,0.48748,1.22629,0.13263,0.2848,0.015,2.11713,0.20668,0.0312,0.1207,0.22067,1.16719,1.40247,1.29674,0,2.1048,0.00087,0.18002,0.20668,1.40247,1.29674,0.62568,0.54273,0.48748,0.73802,2.1048,0.04205,0.45453
2026-06-01 14:00:00,2.6304,0,0.02801,0,0,0.00085,0,0.00086,0.23667,0.53403,0.73431,1.05032,0.0076,0.18039,0.62576,0,0,0.00001,0,0,0,0.48821,1.22335,0.13245,0.28545,0.015,2.11456,0.20685,0.03095,0.11926,0.22065,1.16447,1.4031,1.29651,0,2.10418,0.00086,0.18039,0.20685,1.4031,1.29651,0.62576,0.54315,0.48821,0.73825,2.10418,0.04203,0.45278
2026-06-01 15:00:00,2.62591,0,0.02798,0,0,0.00084,0,0.00086,0.23659,0.53059,0.74741,1.05979,0.0076,0.18042,0.62577,0,0,0.00001,0,0,0,0.48924,1.21971,0.13229,0.28609,0.01501,2.11048,0.20691,0.0307,0.11777,0.22061,1.16174,1.40351,1.2963,0,2.10358,0.00085,0.18042,0.20691,1.40351,1.2963,0.62577,0.54357,0.48924,0.73849,2.10358,0.04199,0.45219
2026-06-01 16:00:00,2.62141,0,0.02795,0,0,0.00084,0,0.00086,0.23651,0.52693,0.75208,1.067,0.0076,0.18014,0.6257,0,0,0.00001,0,0,0,0.49006,1.21558,0.13211,0.28674,0.01501,2.10639,0.20684,0.03044,0.11624,0.22055,1.15898,1.40384,1.29635,0,2.10301,0.00084,0.18014,0.20684,1.40384,1.29635,0.6257,0.54404,0.49006,0.7388,2.10301,0.04194,0.4519
2026-06-01 17:00:00,2.61691,0,0.02792,0,0,0.00082,0,0.00086,0.23643,0.5232,0.75244,1.07404,0.0076,0.17963,0.62548,0,0,0.00001,0,0,0,0.49076,1.21114,0.13194,0.2874,0.01501,2.1023,0.20676,0.03018,0.11471,0.22048,1.15621,1.40416,1.29654,0,2.10245,0.00083,0.17963,0.20676,1.40416,1.29654,0.62548,0.54449,0.49076,0.73919,2.10245,0.04187,0.45172
2026-06-01 18:00:00,2.61242,0,0.02789,0,0,0.00082,0,0.00085,0.23635,0.51743,0.75036,1.08625,0.0076,0.1789,0.62512,0,0,0.00001,0,0,0,0.49137,1.20648,0.13177,0.28805,0.01502,2.09822,0.20676,0.02992,0.11318,0.22041,1.15345,1.40446,1.29672,0,2.10196,0.00082,0.1789,0.20676,1.40446,1.29672,0.62512,0.5449,0.49137,0.73961,2.10196,0.04181,0.4516
2026-06-01 19:00:00,2.65931,0,0.02786,0,0,0.00082,0,0.00085,0.23627,0.51263,0.747,1.09555,0.0076,0.17825,0.62459,0,0,0.00001,0,0,0,0.49194,1.20165,0.13181,0.28782,0.01501,2.09357,0.20689,0.03019,0.11239,0.22036,1.15228,1.40476,1.29679,0,2.10154,0.00081,0.17825,0.20689,1.40476,1.29679,0.62459,0.54528,0.49194,0.74003,2.10154,0.04177,0.45152
2026-06-01 20:00:00,2.70619,0,0.02783,0,0,0.00082,0,0.00085,0.23619,0.5076,0.74239,1.09948,0.0076,0.17778,0.62393,0,0,0.00001,0,0,0,0.49245,1.19673,0.13187,0.2876,0.01501,2.08891,0.20713,0.03044,0.11174,0.22034,1.15111,1.40506,1.29671,0,2.10118,0.00081,0.17778,0.20713,1.40506,1.29671,0.62393,0.54562,0.49245,0.74045,2.10118,0.04175,0.45146
2026-06-01 21:00:00,2.75308,0,0.02781,0,0,0.00082,0,0.00085,0.2361,0.50604,0.73636,1.09983,0.0076,0.17739,0.62314,0,0,0.00001,0,0,0,0.49294,1.19213,0.13191,0.28738,0.01502,2.08426,0.20737,0.0307,0.11123,0.22031,1.14995,1.40536,1.29678,0,2.10089,0.00081,0.17739,0.20737,1.40536,1.29678,0.62314,0.54592,0.49294,0.74087,2.10089,0.04172,0.45141
2026-06-01 22:00:00,2.79997,0,0.02779,0,0,0.00081,0,0.00084,0.23602,0.5044,0.73058,1.09811,0.0076,0.17702,0.62229,0,0,0.00001,0,0,0,0.49338,1.18866,0.13212,0.28715,0.01502,2.07961,0.20749,0.03096,0.11076,0.22024,1.14876,1.40565,1.29713,0,2.10065,0.0008,0.17702,0.20749,1.40565,1.29713,0.62229,0.54616,0.49338,0.7413,2.10065,0.04167,0.45137
2026-06-01 23:00:00,2.84685,0,0.02777,0,0,0.00081,0,0.00084,0.23594,0.50262,0.72598,1.09505,0.0076,0.17661,0.62138,0,0,0.00001,0,0,0,0.49378,1.18645,0.13234,0.28692,0.01502,2.07495,0.20756,0.03121,0.11031,0.22018,1.14755,1.40595,1.29777,0,2.10048,0.0008,0.17661,0.20756,1.40595,1.29777,0.62138,0.54634,0.49378,0.74173,2.10048,0.04161,0.45134
2026-06-02 00:00:00,2.89374,0,0.02776,0,0,0.0008,0,0.00083,0.23586,0.50864,0.72252,1.09073,0.0076,0.17616,0.62043,0,0,0.00001,0,0,0,0.49414,1.1851,0.13255,0.2867,0.01503,2.0703,0.20763,0.03148,0.10988,0.22013,1.14638,1.40625,1.29839,0,2.10038,0.00079,0.17616,0.20763,1.40625,1.29839,0.62043,0.54646,0.49414,0.74218,2.10038,0.04157,0.45131
2026-06-02 01:00:00,2.91408,0,0.02775,0,0,0.0008,0,0.00083,0.23577,0.52526,0.72023,1.08579,0.00759,0.17567,0.61899,0,0,0,0,0,0,0.49446,1.18437,0.13402,0.28762,0.01548,2.07246,0.2077,0.03192,0.11077,0.22008,1.14813,1.40655,1.29979,0,2.10032,0.00079,0.17567,0.2077,1.40655,1.29979,0.61899,0.5465,0.49446,0.74264,2.10032,0.04153,0.45129
2026-06-02 02:00:00,2.93442,0,0.02773,0,0,0.0008,0,0.00083,0.23569,0.53824,0.7208,1.08144,0.00759,0.17518,0.61715,0,0,0,0,0,0,0.49471,1.18406,0.13549,0.28855,0.01549,2.07462,0.2077,0.03236,0.11176,0.22007,1.14992,1.40686,1.30281,0,2.10033,0.00078,0.17518,0.2077,1.40686,1.30281,0.61715,0.54646,0.49471,0.74309,2.10033,0.04152,0.45127
2026-06-02 03:00:00,2.95476,0,0.02771,0,0,0.0008,0,0.00082,0.23561,0.55578,0.72674,1.07823,0.00759,0.1747,0.61542,0,0,0,0,0,0,0.49492,1.18423,0.13696,0.28947,0.01549,2.07679,0.20762,0.0328,0.11277,0.22004,1.15168,1.40715,1.30647,0,2.10039,0.00078,0.1747,0.20762,1.40715,1.30647,0.61542,0.54634,0.49492,0.74353,2.10039,0.04149,0.45125
2026-06-02 04:00:00,2.9751,0,0.02768,0,0,0.00079,0,0.00082,0.23553,0.57383,0.7379,1.07623,0.00759,0.17428,0.61376,0,0,0,0,0,0,0.49505,1.18516,0.13843,0.29039,0.01549,2.07895,0.2076,0.03323,0.11378,0.21999,1.15341,1.40745,1.30998,0,2.10051,0.00078,0.17428,0.2076,1.40745,1.30998,0.61376,0.54616,0.49505,0.74398,2.10051,0.04145,0.45124
2026-06-02 05:00:00,2.99544,0,0.02765,0,0,0.00079,0,0.00082,0.23545,0.59025,0.75118,1.07612,0.00759,0.1739,0.61218,0,0,0,0,0,0,0.49512,1.18683,0.1399,0.29132,0.0155,2.08111,0.20762,0.03368,0.11483,0.21995,1.15517,1.40775,1.31333,0,2.1007,0.00077,0.1739,0.20762,1.40775,1.31333,0.61218,0.54588,0.49512,0.74442,2.1007,0.04141,0.45122
2026-06-02 06:00:00,3.01578,0,0.02763,0,0,0.00079,0,0.00082,0.23537,0.60258,0.76706,1.07972,0.00759,0.17356,0.61066,0,0,0,0,0,0,0.49511,1.18903,0.14137,0.29224,0.0155,2.08327,0.20763,0.03412,0.11593,0.21992,1.15693,1.40805,1.31652,0,2.10097,0.00077,0.17356,0.20763,1.40805,1.31652,0.61066,0.54548,0.49511,0.74484,2.10097,0.04138,0.45121
2026-06-02 07:00:00,3.01367,0,0.0276,0,0,0.00079,0,0.00081,0.23528,0.60943,0.78405,1.0881,0.00759,0.17327,0.60922,0,0,0,0,0,0,0.49504,1.19159,0.14309,0.29426,0.0155,2.08769,0.20764,0.03399,0.11678,0.21988,1.15799,1.40835,1.31959,0,2.10138,0.00077,0.17327,0.20764,1.40835,1.31959,0.60922,0.54497,0.49504,0.74524,2.10138,0.04135,0.4512
2026-06-02 08:00:00,3.01155,0,0.02757,0,0,0.00079,0,0.00081,0.23521,0.61631,0.8003,1.10007,0.00759,0.17301,0.60783,0,0,0,0,0,0,0.49487,1.19439,0.1448,0.29629,0.01551,2.09211,0.20755,0.03385,0.11738,0.21987,1.15905,1.40865,1.3225,0,2.10197,0.00076,0.17301,0.20755,1.40865,1.3225,0.60783,0.54435,0.49487,0.74562,2.10197,0.04133,0.45119
2026-06-02 09:00:00,3.00944,0,0.02755,0,0,0.00079,0,0.0008,0.23513,0.62331,0.81355,1.11448,0.00759,0.17279,0.60651,0,0,0,0,0,0,0.49461,1.19699,0.14652,0.29832,0.01551,2.09653,0.20744,0.03372,0.11786,0.21985,1.16013,1.40895,1.32528,0,2.10273,0.00076,0.17279,0.20744,1.40895,1.32528,0.60651,0.54364,0.49461,0.746,2.10273,0.04131,0.45118
2026-06-02 10:00:00,3.00733,0,0.02752,0,0,0.00079,0,0.0008,0.23505,0.62803,0.82411,1.13073,0.00759,0.17258,0.60524,0,0,0,0,0,0,0.49425,1.19861,0.14824,0.30034,0.01551,2.10095,0.20734,0.03359,0.11829,0.2198,1.16115,1.40925,1.32794,0,2.10371,0.00076,0.17258,0.20734,1.40925,1.32794,0.60524,0.54287,0.49425,0.74635,2.10371,0.04126,0.45118
2026-06-02 11:00:00,3.00521,0,0.02749,0,0,0.00079,0,0.00079,0.23496,0.63026,0.83316,1.14741,0.00759,0.17241,0.60403,0,0,0,0,0,0,0.49379,1.19912,0.14995,0.30236,0.01552,2.10537,0.20725,0.03346,0.1187,0.21975,1.16219,1.40956,1.33049,0,2.10487,0.00075,0.17241,0.20725,1.40956,1.33049,0.60403,0.54204,0.49379,0.74668,2.10487,0.04121,0.45117
2026-06-02 12:00:00,3.0031,0,0.02747,0,0,0.00079,0,0.00079,0.23489,0.6299,0.84106,1.16263,0.00759,0.17226,0.60287,0,0,0,0,0,0,0.49324,1.19877,0.15167,0.30438,0.01552,2.10979,0.20718,0.03332,0.1191,0.21969,1.16322,1.40986,1.33291,0,2.1062,0.00075,0.17226,0.20718,1.40986,1.33291,0.60287,0.54115,0.49324,0.74698,2.1062,0.04116,0.44949
2026-06-02 13:00:00,2.99762,0,0.02745,0,0,0.00079,0,0.00078,0.2348,0.62575,0.84691,1.17511,0.00759,0.17212,0.60177,0,0,0,0,0,0,0.49261,1.19789,0.15211,0.3061,0.01552,2.10941,0.2071,0.03304,0.11833,0.21965,1.16209,1.41015,1.33523,0,2.1077,0.00074,0.17212,0.2071,1.41015,1.33523,0.60177,0.54024,0.49261,0.74724,2.1077,0.04113,0.44779
2026-06-02 14:00:00,2.99213,0,0.02742,0,0,0.00078,0,0.00078,0.23472,0.6191,0.84953,1.18519,0.00758,0.17201,0.60071,0,0,0,0,0,0,0.4919,1.19662,0.15256,0.30782,0.01553,2.10904,0.20704,0.03275,0.1175,0.21963,1.16095,1.41045,1.33745,0,2.10932,0.00073,0.17201,0.20704,1.41045,1.33745,0.60071,0.5393,0.4919,0.74748,2.10932,0.04111,0.44779
2026-06-02 15:00:00,2.98665,0,0.0274,0,0,0.00078,0,0.00079,0.23464,0.61224,0.8494,1.1936,0.00758,0.17191,0.59971,0,0,0,0,0,0,0.49113,1.19507,0.153,0.30954,0.01553,2.10866,0.20697,0.03248,0.11666,0.2196,1.15982,1.41075,1.33959,0,2.11106,0.00073,0.17191,0.20697,1.41075,1.33959,0.59971,0.53833,0.49113,0.74767,2.11106,0.04108,0.44778
2026-06-02 16:00:00,2.98117,0,0.02738,0,0,0.00077,0,0.00079,0.23456,0.60529,0.84604,1.20032,0.00758,0.17183,0.59877,0,0,0,0,0,0,0.49031,1.19331,0.15344,0.31057,0.01553,2.10828,0.20692,0.03219,0.11583,0.21954,1.15867,1.41104,1.34162,0,2.11288,0.00072,0.17183,0.20692,1.41104,1.34162,0.59877,0.53733,0.49031,0.74783,2.11288,0.04104,0.44777
2026-06-02 17:00:00,2.97568,0,0.02735,0,0,0.00076,0,0.00078,0.23448,0.59822,0.84076,1.20453,0.00758,0.17176,0.59786,0,0,0,0,0,0,0.48945,1.19139,0.15389,0.3116,0.01554,2.10791,0.20687,0.0319,0.11497,0.21948,1.15749,1.41134,1.34357,0,2.11476,0.00071,0.17176,0.20687,1.41134,1.34357,0.59786,0.53633,0.48945,0.74796,2.11476,0.04098,0.44776
2026-06-02 18:00:00,2.9702,0,0.02733,0,0,0.00076,0,0.00078,0.23439,0.58841,0.83428,1.2058,0.00758,0.17171,0.59701,0,0,0,0,0,0,0.48854,1.18936,0.15433,0.31263,0.01554,2.10753,0.20682,0.03162,0.11408,0.21944,1.15635,1.41164,1.34544,0,2.11671,0.0007,0.17171,0.20682,1.41164,1.34544,0.59701,0.53533,0.48854,0.74804,2.11671,0.04094,0.44775
2026-06-02 19:00:00,3.00268,0,0.02731,0,0,0.00076,0,0.00078,0.23429,0.58089,0.8272,1.2043,0.00758,0.17165,0.59619,0,0,0,0,0,0,0.48762,1.18725,0.15439,0.31455,0.01554,2.1113,0.20678,0.03192,0.11367,0.2194,1.15642,1.41194,1.34724,0,2.11867,0.0007,0.17165,0.20678,1.41194,1.34724,0.59619,0.53433,0.48762,0.74809,2.11867,0.0409,0.44773
2026-06-02 20:00:00,3.03515,0,0.02729,0,0,0.00075,0,0.00077,0.23419,0.57312,0.81911,1.2005,0.00758,0.17162,0.59542,0,0,0,0,0,0,0.48666,1.18508,0.15444,0.31647,0.01555,2.11506,0.20675,0.03222,0.11345,0.21937,1.15651,1.41224,1.34896,0,2.12065,0.00069,0.17162,0.20675,1.41224,1.34896,0.59542,0.53333,0.48666,0.7481,2.12065,0.04089,0.44772
2026-06-02 21:00:00,3.06763,0,0.02727,0,0,0.00075,0,0.00076,0.23411,0.57046,0.80995,1.1952,0.00758,0.17158,0.59469,0,0,0,0,0,0,0.48569,1.18404,0.1545,0.31839,0.01555,2.11883,0.20672,0.03252,0.11331,0.21934,1.1566,1.41254,1.3506,0,2.12262,0.00069,0.17158,0.20672,1.41254,1.3506,0.59469,0.53233,0.48569,0.74807,2.12262,0.04086,0.4477
2026-06-02 22:00:00,3.10011,0,0.02725,0,0,0.00075,0,0.00076,0.23402,0.56772,0.80149,1.189,0.00758,0.17156,0.594,0,0,0,0,0,0,0.48471,1.1864,0.15456,0.32031,0.01555,2.1226,0.20669,0.03282,0.11322,0.2193,1.15666,1.41284,1.35219,0,2.12458,0.00068,0.17156,0.20669,1.41284,1.35219,0.594,0.53136,0.48471,0.748,2.12458,0.04082,0.44768
2026-06-02 23:00:00,3.13258,0,0.02723,0,0,0.00075,0,0.00075,0.23393,0.56487,0.79487,1.18207,0.00758,0.17154,0.59333,0,0,0,0,0,0,0.48374,1.19255,0.15461,0.32223,0.01556,2.12636,0.20668,0.03311,0.1132,0.21924,1.15672,1.41314,1.35372,0,2.12653,0.00068,0.17154,0.20668,1.41314,1.35372,0.59333,0.53039,0.48374,0.7479,2.12653,0.04078,0.44766
2026-06-03 00:00:00,3.16506,0,0.02721,0,0,0.00075,0,0.00075,0.23384,0.57301,0.79018,1.17424,0.00758,0.17153,0.59272,0,0,0,0,0,0,0.48275,1.20134,0.15467,0.32415,0.01556,2.13013,0.20665,0.03341,0.11321,0.21921,1.1568,1.41344,1.35519,0,2.12843,0.00067,0.17153,0.20665,1.41344,1.35519,0.59272,0.52944,0.48275,0.74777,2.12843,0.04075,0.44763
2026-06-03 01:00:00,3.18712,0,0.02719,0,0,0.00075,0,0.00075,0.23377,0.60611,0.78698,1.16615,0.00758,0.17152,0.59169,0,0,0,0,0,0,0.48178,1.21195,0.15511,0.33055,0.01602,2.14771,0.20664,0.0338,0.11423,0.21917,1.15916,1.41374,1.35659,0,2.13029,0.00067,0.17152,0.20664,1.41374,1.35659,0.59169,0.5285,0.48178,0.74759,2.13029,0.04072,0.4476
2026-06-03 02:00:00,3.20918,0,0.02717,0,0,0.00075,0,0.00074,0.23369,0.63435,0.78756,1.15909,0.00758,0.17152,0.59034,0,0,0,0,0,0,0.4808,1.22381,0.15555,0.33696,0.01603,2.16529,0.20665,0.03419,0.11532,0.21914,1.16154,1.41404,1.35795,0,2.13211,0.00066,0.17152,0.20665,1.41404,1.35795,0.59034,0.5276,0.4808,0.74739,2.13211,0.0407,0.44757
2026-06-03 03:00:00,3.23125,0,0.02715,0,0,0.00075,0,0.00074,0.23361,0.66948,0.79832,1.1538,0.00758,0.17152,0.58914,0,0,0,0,0,0,0.47985,1.23598,0.15599,0.34336,0.01603,2.18288,0.20671,0.03457,0.11643,0.21913,1.16392,1.41433,1.35927,0,2.13387,0.00066,0.17152,0.20671,1.41433,1.35927,0.58914,0.52671,0.47985,0.74716,2.13387,0.04068,0.44752
2026-06-03 04:00:00,3.25331,0,0.02712,0,0,0.00074,0,0.00074,0.23353,0.70585,0.81998,1.15026,0.00757,0.17152,0.58808,0,0,0,0,0,0,0.47891,1.24729,0.15643,0.34976,0.01604,2.20046,0.20676,0.03495,0.11751,0.21908,1.16625,1.41463,1.36053,0,2.13558,0.00065,0.17152,0.20676,1.41463,1.36053,0.58808,0.52584,0.47891,0.74689,2.13558,0.04063,0.44747
2026-06-03 05:00:00,3.27537,0,0.0271,0,0,0.00074,0,0.00074,0.23345,0.74013,0.84688,1.1492,0.00757,0.17152,0.58714,0,0,0,0,0,0,0.47798,1.25744,0.15687,0.35617,0.01604,2.21804,0.20679,0.03534,0.11861,0.21901,1.1686,1.41493,1.36174,0,2.13723,0.00065,0.17152,0.20679,1.41493,1.36174,0.58714,0.52496,0.47798,0.7466,2.13723,0.04058,0.4474
2026-06-03 06:00:00,3.29743,0,0.02708,0,0,0.00074,0,0.00074,0.23337,0.76868,0.87871,1.15423,0.00757,0.17154,0.58631,0,0,0,0,0,0,0.47707,1.26836,0.15731,0.36257,0.01604,2.23562,0.20682,0.03573,0.11971,0.21897,1.17094,1.41524,1.36291,0,2.13881,0.00064,0.17154,0.20682,1.41524,1.36291,0.58631,0.52406,0.47707,0.74628,2.13881,0.04053,0.4473
2026-06-03 07:00:00,3.28948,0,0.02706,0,0,0.00074,0,0.00074,0.23329,0.77814,0.91275,1.16873,0.00757,0.17154,0.58558,0,0,0,0,0,0,0.47617,1.27816,0.15761,0.36952,0.01605,2.24872,0.20685,0.03553,0.12029,0.21893,1.17207,1.41554,1.36404,0,2.14034,0.00064,0.17154,0.20685,1.41554,1.36404,0.58558,0.52314,0.47617,0.74594,2.14034,0.0405,0.44717
2026-06-03 08:00:00,3.28153,0,0.02704,0,0,0.00074,0,0.00074,0.23321,0.78772,0.94598,1.19126,0.00757,0.17156,0.58492,0,0,0,0,0,0,0.47528,1.28716,0.1579,0.37646,0.01605,2.26182,0.20686,0.03533,0.12063,0.2189,1.17322,1.41584,1.36515,0,2.14179,0.00063,0.17156,0.20686,1.41584,1.36515,0.58492,0.52221,0.47528,0.74559,2.14179,0.04048,0.44697
2026-06-03 09:00:00,3.27358,0,0.02702,0,0,0.00073,0,0.00075,0.23313,0.79743,0.97236,1.2193,0.00757,0.17157,0.58434,0,0,0,0,0,0,0.47438,1.29492,0.1582,0.38341,0.01605,2.27493,0.20688,0.03513,0.12087,0.21888,1.17436,1.41613,1.3662,0,2.1432,0.00063,0.17157,0.20688,1.41613,1.3662,0.58434,0.52125,0.47438,0.74521,2.1432,0.04046,0.44664
2026-06-03 10:00:00,3.26562,0,0.027,0,0,0.00073,0,0.00075,0.23305,0.80362,0.99065,1.25117,0.00757,0.1716,0.58382,0,0,0,0,0,0,0.47348,1.30054,0.15849,0.39036,0.01606,2.28803,0.2069,0.03494,0.12106,0.21884,1.17548,1.41643,1.36723,0,2.14453,0.00063,0.1716,0.2069,1.41643,1.36723,0.58382,0.52032,0.47348,0.74481,2.14453,0.04042,0.44598
2026-06-03 11:00:00,3.25767,0,0.02698,0,0,0.00072,0,0.00074,0.23296,0.80616,1.00474,1.28426,0.00757,0.17161,0.58337,0,0,0,0,0,0,0.47256,1.30423,0.15879,0.3973,0.01606,2.30113,0.20691,0.03474,0.12121,0.21879,1.17661,1.41673,1.36822,0,2.1458,0.00062,0.17161,0.20691,1.41673,1.36822,0.58337,0.5194,0.47256,0.7444,2.1458,0.04038,0.44399
2026-06-03 12:00:00,3.24972,0,0.02696,0,0,0.00072,0,0.00074,0.23288,0.80494,1.01602,1.31448,0.00757,0.17162,0.58295,0,0,0,0,0,0,0.47164,1.30656,0.15908,0.40425,0.01606,2.31423,0.20692,0.03454,0.12133,0.21875,1.17773,1.41703,1.36919,0,2.14702,0.00062,0.17162,0.20692,1.41703,1.36919,0.58295,0.51851,0.47164,0.74396,2.14702,0.04034,0.4408
2026-06-03 13:00:00,3.2448,0,0.02694,0,0,0.00072,0,0.00074,0.23279,0.79584,1.02373,1.33804,0.00757,0.17165,0.58259,0,0,0,0,0,0,0.47072,1.3081,0.15872,0.40612,0.01607,2.31501,0.20693,0.03425,0.12047,0.21873,1.17685,1.41733,1.37012,0,2.14817,0.00061,0.17165,0.20693,1.41733,1.37012,0.58259,0.51763,0.47072,0.74351,2.14817,0.04032,0.44035
2026-06-03 14:00:00,3.23989,0,0.02692,0,0,0.00072,0,0.00073,0.23272,0.78314,1.02799,1.35522,0.00757,0.17166,0.58226,0,0,0,0,0,0,0.46981,1.3092,0.15837,0.40798,0.01607,2.3158,0.20694,0.03395,0.11958,0.21869,1.17594,1.41763,1.37103,0,2.14927,0.0006,0.17166,0.20694,1.41763,1.37103,0.58226,0.51677,0.46981,0.74304,2.14927,0.0403,0.44034
2026-06-03 15:00:00,3.23497,0,0.0269,0,0,0.00072,0,0.00073,0.23263,0.77048,1.02653,1.37374,0.00757,0.17169,0.58198,0,0,0,0,0,0,0.4689,1.30956,0.15801,0.40985,0.01607,2.31659,0.20694,0.03367,0.11866,0.21867,1.17506,1.41793,1.3719,0,2.15029,0.0006,0.17169,0.20694,1.41793,1.3719,0.58198,0.51596,0.4689,0.74255,2.15029,0.04028,0.44032
2026-06-03 16:00:00,3.23005,0,0.02688,0,0,0.00071,0,0.00072,0.23255,0.75785,1.01981,1.3823,0.00757,0.1717,0.58172,0,0,0,0,0,0,0.46801,1.30879,0.15765,0.41172,0.01608,2.31737,0.20695,0.03337,0.11771,0.21864,1.17415,1.41823,1.37277,0,2.15126,0.00059,0.1717,0.20695,1.41823,1.37277,0.58172,0.51519,0.46801,0.74206,2.15126,0.04025,0.4403
2026-06-03 17:00:00,3.22514,0,0.02686,0,0,0.00071,0,0.00072,0.23246,0.74528,1.01007,1.38662,0.00756,0.17173,0.58149,0,0,0,0,0,0,0.46714,1.30701,0.1573,0.41358,0.01608,2.31816,0.20695,0.03307,0.11678,0.21858,1.17322,1.41853,1.3736,0,2.15219,0.00058,0.17173,0.20695,1.41853,1.3736,0.58149,0.51445,0.46714,0.74153,2.15219,0.0402,0.44028
2026-06-03 18:00:00,3.22022,0,0.02684,0,0,0.00071,0,0.00071,0.23238,0.72916,0.99847,1.38573,0.00756,0.17175,0.58129,0,0,0,0,0,0,0.4663,1.30457,0.15694,0.41545,0.01608,2.31894,0.20696,0.03278,0.11581,0.21854,1.17232,1.41883,1.37441,0,2.15305,0.00057,0.17175,0.20696,1.41883,1.37441,0.58129,0.51373,0.4663,0.741,2.15305,0.04017,0.44026
2026-06-03 19:00:00,3.23713,0,0.02682,0,0,0.0007,0,0.0007,0.23229,0.70557,0.98593,1.37963,0.00756,0.17177,0.5811,0,0,0,0,0,0,0.46548,1.3017,0.15646,0.41556,0.01609,2.31767,0.20696,0.03299,0.11528,0.21852,1.17236,1.41913,1.37519,0,2.15387,0.00056,0.17177,0.20696,1.41913,1.37519,0.5811,0.51306,0.46548,0.74046,2.15387,0.04015,0.44024
2026-06-03 20:00:00,3.25404,0,0.0268,0,0,0.0007,0,0.00069,0.2322,0.68228,0.97196,1.37029,0.00756,0.17179,0.58095,0,0,0,0,0,0,0.46471,1.29859,0.15599,0.41567,0.01609,2.31641,0.20696,0.0332,0.11492,0.21848,1.17238,1.41943,1.37597,0,2.15462,0.00056,0.17179,0.20696,1.41943,1.37597,0.58095,0.51243,0.46471,0.7399,2.15462,0.04013,0.44021
2026-06-03 21:00:00,3.27095,0,0.02678,0,0,0.0007,0,0.00069,0.23212,0.66644,0.95401,1.35901,0.00756,0.17181,0.58081,0,0,0,0,0,0,0.46395,1.29618,0.15551,0.41579,0.01609,2.31514,0.20697,0.03341,0.11464,0.21845,1.17242,1.41972,1.37672,0,2.15533,0.00055,0.17181,0.20697,1.41972,1.37672,0.58081,0.51182,0.46395,0.73933,2.15533,0.04011,0.44018
2026-06-03 22:00:00,3.28787,0,0.02676,0,0,0.00069,0,0.00068,0.23204,0.65069,0.93299,1.35102,0.00756,0.17183,0.58069,0,0,0,0,0,0,0.46324,1.29578,0.15503,0.4159,0.0161,2.31387,0.20696,0.03362,0.11442,0.21841,1.17243,1.42002,1.37745,0,2.156,0.00054,0.17183,0.20696,1.42002,1.37745,0.58069,0.51125,0.46324,0.73875,2.156,0.04007,0.44015
2026-06-03 23:00:00,3.30478,0,0.02674,0,0,0.00069,0,0.00067,0.23195,0.63514,0.9126,1.33964,0.00756,0.17185,0.58058,0,0,0,0,0,0,0.46255,1.29753,0.15456,0.41601,0.0161,2.31261,0.20697,0.03382,0.11422,0.21838,1.17244,1.42032,1.37816,0,2.1566,0.00054,0.17185,0.20697,1.42032,1.37816,0.58058,0.51072,0.46255,0.73817,2.1566,0.04003,0.44011
2026-06-04 00:00:00,3.32169,0,0.02672,0,0,0.00069,0,0.00067,0.23187,0.63323,0.89416,1.32478,0.00756,0.17188,0.58049,0,0,0,0,0,0,0.4619,1.30065,0.15408,0.41612,0.0161,2.31134,0.20697,0.03403,0.11403,0.21833,1.17246,1.42063,1.37887,0,2.15717,0.00053,0.17188,0.20697,1.42063,1.37887,0.58049,0.51022,0.4619,0.73757,2.15717,0.04,0.44007
2026-06-04 01:00:00,3.33864,0,0.0267,0,0,0.00069,0,0.00067,0.23179,0.663,0.87732,1.30644,0.00756,0.1719,0.57996,0,0,0,0,0,0,0.46128,1.30464,0.15397,0.41807,0.01657,2.31897,0.20697,0.03426,0.11457,0.2183,1.17396,1.42093,1.37955,0,2.1577,0.00053,0.1719,0.20697,1.42093,1.37955,0.57996,0.50975,0.46128,0.73696,2.1577,0.03997,0.44001
2026-06-04 02:00:00,3.35558,0,0.02668,0,0,0.00069,0,0.00066,0.23172,0.68643,0.86508,1.28644,0.00756,0.17192,0.57909,0,0,0,0,0,0,0.46071,1.30918,0.15385,0.42002,0.01657,2.32659,0.20701,0.03449,0.11511,0.21828,1.1755,1.42123,1.38022,0,2.15819,0.00052,0.17192,0.20701,1.42123,1.38022,0.57909,0.5093,0.46071,0.73636,2.15819,0.03996,0.43995
2026-06-04 03:00:00,3.37253,0,0.02666,0,0,0.00068,0,0.00067,0.23163,0.71728,0.86576,1.26714,0.00756,0.17194,0.57834,0,0,0,0,0,0,0.46016,1.31459,0.15374,0.42197,0.01658,2.33422,0.20709,0.03471,0.11568,0.21825,1.17702,1.42152,1.38088,0,2.15864,0.00052,0.17194,0.20709,1.42152,1.38088,0.57834,0.50889,0.46016,0.73576,2.15864,0.03994,0.43987
2026-06-04 04:00:00,3.38947,0,0.02664,0,0,0.00068,0,0.00067,0.23155,0.74874,0.88002,1.2494,0.00756,0.17196,0.57772,0,0,0,0,0,0,0.45965,1.3215,0.15362,0.42392,0.01658,2.34185,0.20715,0.03493,0.11625,0.21821,1.17851,1.42182,1.38153,0,2.15905,0.00052,0.17196,0.20715,1.42182,1.38153,0.57772,0.50851,0.45965,0.73515,2.15905,0.0399,0.43977
2026-06-04 05:00:00,3.40642,0,0.02661,0,0,0.00067,0,0.00066,0.23146,0.7772,0.90062,1.23446,0.00756,0.17198,0.57719,0,0,0,0,0,0,0.45916,1.32979,0.15351,0.42587,0.01658,2.34947,0.2072,0.03516,0.11682,0.21816,1.18002,1.42212,1.38216,0,2.15943,0.00051,0.17198,0.2072,1.42212,1.38216,0.57719,0.50813,0.45916,0.73454,2.15943,0.03986,0.43964
2026-06-04 06:00:00,3.42336,0,0.02659,0,0,0.00067,0,0.00066,0.23138,0.79884,0.92665,1.22709,0.00755,0.172,0.57673,0,0,0,0,0,0,0.45871,1.33897,0.15339,0.42782,0.01659,2.3571,0.20724,0.03539,0.11738,0.21812,1.18152,1.42242,1.38278,0,2.15978,0.00051,0.172,0.20724,1.42242,1.38278,0.57673,0.50772,0.45871,0.73393,2.15978,0.03983,0.43947
2026-06-04 07:00:00,3.41701,0,0.02658,0,0,0.00067,0,0.00066,0.2313,0.80498,0.95484,1.23164,0.00755,0.17202,0.57636,0,0,0,0,0,0,0.45828,1.34872,0.15286,0.42964,0.01659,2.36424,0.20728,0.03506,0.11744,0.21809,1.1816,1.42272,1.38338,0,2.1601,0.00051,0.17202,0.20728,1.42272,1.38338,0.57636,0.50727,0.45828,0.73334,2.1601,0.0398,0.43924
2026-06-04 08:00:00,3.41065,0,0.02656,0,0,0.00067,0,0.00066,0.23121,0.81121,0.9817,1.24623,0.00755,0.17204,0.57604,0,0,0,0,0,0,0.45787,1.35882,0.15233,0.43145,0.01659,2.37138,0.20731,0.03473,0.11734,0.21808,1.18169,1.42302,1.38399,0,2.16041,0.0005,0.17204,0.20731,1.42302,1.38399,0.57604,0.50682,0.45787,0.73275,2.16041,0.03979,0.43888
2026-06-04 09:00:00,3.4043,0,0.02653,0,0,0.00067,0,0.00066,0.23113,0.8174,1.00211,1.26736,0.00755,0.17207,0.57578,0,0,0,0,0,0,0.45744,1.36787,0.15181,0.43327,0.0166,2.37852,0.20733,0.0344,0.11711,0.21805,1.18178,1.42332,1.38458,0,2.16068,0.0005,0.17207,0.20733,1.42332,1.38458,0.57578,0.50635,0.45744,0.73216,2.16068,0.03977,0.43829
2026-06-04 10:00:00,3.39794,0,0.02651,0,0,0.00067,0,0.00066,0.23104,0.81993,1.01558,1.29271,0.00755,0.17208,0.57555,0,0,0,0,0,0,0.45702,1.37401,0.15128,0.43509,0.0166,2.38566,0.20736,0.03407,0.11682,0.21801,1.18185,1.42362,1.38516,0,2.16093,0.0005,0.17208,0.20736,1.42362,1.38516,0.57555,0.50589,0.45702,0.73158,2.16093,0.03973,0.43711
2026-06-04 11:00:00,3.39159,0,0.02649,0,0,0.00067,0,0.00066,0.23096,0.81878,1.02692,1.31914,0.00755,0.17211,0.57537,0,0,0,0,0,0,0.45658,1.37739,0.15075,0.4369,0.0166,2.3928,0.20738,0.03375,0.11648,0.21797,1.18191,1.42392,1.38572,0,2.16117,0.00049,0.17211,0.20738,1.42392,1.38572,0.57537,0.50542,0.45658,0.73102,2.16117,0.03969,0.43356
2026-06-04 12:00:00,3.38523,0,0.02647,0,0,0.00067,0,0.00066,0.23088,0.81383,1.03532,1.34262,0.00755,0.17212,0.57521,0,0,0,0,0,0,0.45614,1.37901,0.15022,0.43872,0.01661,2.39994,0.2074,0.03342,0.11618,0.21793,1.18199,1.42422,1.38629,0,2.16139,0.00049,0.17212,0.2074,1.42422,1.38629,0.57521,0.50497,0.45614,0.73046,2.16139,0.03966,0.43288
2026-06-04 13:00:00,3.37632,0,0.02645,0,0,0.00067,0,0.00066,0.23079,0.79519,1.03827,1.36486,0.00755,0.17214,0.57509,0,0,0,0,0,0,0.45568,1.37952,0.14918,0.43748,0.01661,2.3956,0.2074,0.03308,0.1154,0.21789,1.1805,1.42452,1.38685,0,2.16161,0.00048,0.17214,0.2074,1.42452,1.38685,0.57509,0.50453,0.45568,0.7299,2.16161,0.03963,0.43627
2026-06-04 14:00:00,3.36741,0,0.02644,0,0,0.00067,0,0.00065,0.23071,0.77315,1.03658,1.37876,0.00755,0.17216,0.57498,0,0,0,0,0,0,0.45524,1.37932,0.14813,0.43623,0.01661,2.39126,0.20741,0.03274,0.11463,0.21788,1.17903,1.42482,1.38739,0,2.1618,0.00047,0.17216,0.20741,1.42482,1.38739,0.57498,0.50412,0.45524,0.72935,2.1618,0.03962,0.43016
2026-06-04 15:00:00,3.3585,0,0.02641,0,0,0.00067,0,0.00064,0.23064,0.75143,1.02768,1.38676,0.00755,0.17218,0.57491,0,0,0,0,0,0,0.45479,1.37819,0.14709,0.43499,0.01662,2.38693,0.20742,0.0324,0.11384,0.21784,1.17754,1.42511,1.38793,0,2.16198,0.00047,0.17218,0.20742,1.42511,1.38793,0.57491,0.5037,0.45479,0.7288,2.16198,0.03959,0.42812
2026-06-04 16:00:00,3.34958,0,0.02639,0,0,0.00066,0,0.00064,0.23056,0.73002,1.01239,1.38983,0.00755,0.1722,0.57483,0,0,0,0,0,0,0.45435,1.3757,0.14605,0.43375,0.01662,2.38259,0.20743,0.03206,0.11309,0.21781,1.17602,1.42541,1.38847,0,2.16216,0.00046,0.1722,0.20743,1.42541,1.38847,0.57483,0.50333,0.45435,0.72826,2.16216,0.03956,0.4271
2026-06-04 17:00:00,3.34067,0,0.02637,0,0,0.00066,0,0.00063,0.23047,0.70891,0.99557,1.38802,0.00755,0.17222,0.57479,0,0,0,0,0,0,0.45392,1.37199,0.145,0.4325,0.01662,2.37825,0.20743,0.03172,0.11231,0.21776,1.17452,1.42571,1.389,0,2.16232,0.00045,0.17222,0.20743,1.42571,1.389,0.57479,0.50297,0.45392,0.72771,2.16232,0.03952,0.42649
2026-06-04 18:00:00,3.33176,0,0.02635,0,0,0.00066,0,0.00063,0.23037,0.68473,0.97585,1.3796,0.00755,0.17224,0.57474,0,0,0,0,0,0,0.45351,1.36752,0.14396,0.43126,0.01663,2.37391,0.20744,0.03138,0.11155,0.21771,1.17302,1.42602,1.38951,0,2.16246,0.00044,0.17224,0.20744,1.42602,1.38951,0.57474,0.50264,0.45351,0.72718,2.16246,0.03948,0.42608
2026-06-04 19:00:00,3.34739,0,0.02633,0,0,0.00065,0,0.00062,0.23029,0.66787,0.95483,1.3648,0.00754,0.17225,0.57471,0,0,0,0,0,0,0.4531,1.36255,0.14322,0.42929,0.01663,2.36758,0.20745,0.03165,0.11253,0.21769,1.17403,1.42632,1.39003,0,2.16261,0.00044,0.17225,0.20745,1.42632,1.39003,0.57471,0.50233,0.4531,0.72664,2.16261,0.03946,0.42579
2026-06-04 20:00:00,3.36302,0,0.02632,0,0,0.00065,0,0.00062,0.2302,0.65107,0.93239,1.34778,0.00754,0.17227,0.57469,0,0,0,0,0,0,0.45273,1.35727,0.14248,0.42731,0.01663,2.36125,0.20746,0.03192,0.11368,0.21768,1.17504,1.42662,1.39054,0,2.16273,0.00043,0.17227,0.20746,1.42662,1.39054,0.57469,0.50203,0.45273,0.72612,2.16273,0.03945,0.42557
2026-06-04 21:00:00,3.37865,0,0.02629,0,0,0.00065,0,0.00061,0.23011,0.64122,0.90981,1.33598,0.00754,0.17229,0.57467,0,0,0,0,0,0,0.45238,1.35277,0.14175,0.42534,0.01664,2.35492,0.20746,0.0322,0.11495,0.21764,1.17605,1.42691,1.39105,0,2.16285,0.00043,0.17229,0.20746,1.42691,1.39105,0.57467,0.50176,0.45238,0.72559,2.16285,0.03943,0.4254
2026-06-04 22:00:00,3.39427,0,0.02627,0,0,0.00064,0,0.00061,0.23003,0.63137,0.88971,1.31714,0.00754,0.17231,0.57467,0,0,0,0,0,0,0.45204,1.35052,0.14101,0.42337,0.01664,2.34859,0.20746,0.03247,0.1163,0.21761,1.17704,1.42721,1.39155,0,2.16296,0.00042,0.17231,0.20746,1.42721,1.39155,0.57467,0.50151,0.45204,0.72507,2.16296,0.0394,0.42527
2026-06-04 23:00:00,3.4099,0,0.02625,0,0,0.00064,0,0.0006,0.22994,0.62157,0.87282,1.29591,0.00754,0.17233,0.57466,0,0,0,0,0,0,0.45172,1.35048,0.14027,0.42139,0.01664,2.34226,0.20746,0.03274,0.11766,0.21757,1.17804,1.42751,1.39204,0,2.16306,0.00042,0.17233,0.20746,1.42751,1.39204,0.57466,0.50128,0.45172,0.72456,2.16306,0.03937,0.42516
2026-06-05 00:00:00,3.42553,0,0.02623,0,0,0.00064,0,0.0006,0.22987,0.62513,0.85901,1.27366,0.00754,0.17234,0.57467,0,0,0,0,0,0,0.45142,1.35185,0.13953,0.41942,0.01665,2.33593,0.20747,0.03301,0.11907,0.21753,1.17904,1.42781,1.39253,0,2.16315,0.00041,0.17234,0.20747,1.42781,1.39253,0.57467,0.50106,0.45142,0.72404,2.16315,0.03935,0.42506
2026-06-05 01:00:00,3.44413,0,0.02621,0,0,0.00064,0,0.00059,0.22979,0.64655,0.84734,1.25218,0.00754,0.17237,0.57423,0,0,0,0,0,0,0.45115,1.35411,0.13933,0.42014,0.0171,2.34149,0.20747,0.03334,0.12573,0.21751,1.18647,1.42811,1.39302,0,2.16324,0.00041,0.17237,0.20747,1.42811,1.39302,0.57423,0.50086,0.45115,0.72354,2.16324,0.03933,0.42498
2026-06-05 02:00:00,3.46274,0,0.02619,0,0,0.00064,0,0.00059,0.2297,0.66139,0.84042,1.23318,0.00754,0.17238,0.57344,0,0,0,0,0,0,0.45089,1.35695,0.13913,0.42087,0.0171,2.34704,0.20751,0.03367,0.13245,0.21749,1.19388,1.42841,1.3935,0,2.16332,0.0004,0.17238,0.20751,1.42841,1.3935,0.57344,0.50069,0.45089,0.72304,2.16332,0.03932,0.42492
2026-06-05 03:00:00,3.48134,0,0.02617,0,0,0.00063,0,0.00059,0.22962,0.68299,0.84303,1.21723,0.00754,0.17239,0.57276,0,0,0,0,0,0,0.45065,1.36092,0.13893,0.42159,0.01711,2.3526,0.20759,0.034,0.13919,0.21746,1.20131,1.4287,1.39398,0,2.16339,0.0004,0.17239,0.20759,1.4287,1.39398,0.57276,0.50052,0.45065,0.72255,2.16339,0.0393,0.42486
2026-06-05 04:00:00,3.49994,0,0.02615,0,0,0.00063,0,0.00058,0.22955,0.70468,0.85396,1.20399,0.00754,0.17242,0.5722,0,0,0,0,0,0,0.45043,1.36697,0.13873,0.42231,0.01711,2.35816,0.20765,0.03433,0.14595,0.21743,1.20872,1.42901,1.39445,0,2.16346,0.00039,0.17242,0.20765,1.42901,1.39445,0.5722,0.50036,0.45043,0.72206,2.16346,0.03927,0.42481
2026-06-05 05:00:00,3.51855,0,0.02613,0,0,0.00062,0,0.00058,0.22946,0.72315,0.86843,1.19406,0.00754,0.17243,0.57172,0,0,0,0,0,0,0.45023,1.37491,0.13853,0.42304,0.01712,2.36371,0.2077,0.03465,0.15267,0.21739,1.21611,1.42931,1.39493,0,2.16353,0.00039,0.17243,0.2077,1.42931,1.39493,0.57172,0.5002,0.45023,0.72158,2.16353,0.03923,0.42476
2026-06-05 06:00:00,3.53715,0,0.02611,0,0,0.00062,0,0.00058,0.22938,0.73495,0.88665,1.19052,0.00754,0.17245,0.57131,0,0,0,0,0,0,0.45004,1.38406,0.13833,0.42376,0.01712,2.36927,0.20774,0.03498,0.15942,0.21736,1.22352,1.42961,1.3954,0,2.16359,0.00038,0.17245,0.20774,1.42961,1.3954,0.57131,0.5,0.45004,0.72112,2.16359,0.0392,0.42472
2026-06-05 07:00:00,3.53128,0,0.02609,0,0,0.00062,0,0.00058,0.22929,0.75008,0.90599,1.19523,0.00754,0.17246,0.57098,0,0,0,0,0,0,0.44986,1.39399,0.13838,0.42524,0.01712,2.37744,0.20778,0.03472,0.15589,0.21732,1.21999,1.42991,1.39586,0,2.16366,0.00038,0.17246,0.20778,1.42991,1.39586,0.57098,0.49977,0.44986,0.72067,2.16366,0.03917,0.42469
2026-06-05 08:00:00,3.52542,0,0.02607,0,0,0.00062,0,0.00058,0.22921,0.76538,0.92351,1.20605,0.00753,0.17249,0.5707,0,0,0,0,0,0,0.44968,1.4044,0.13843,0.42672,0.01713,2.38561,0.2078,0.03445,0.15216,0.21731,1.21647,1.43021,1.39632,0,2.16371,0.00037,0.17249,0.2078,1.43021,1.39632,0.5707,0.49949,0.44968,0.72023,2.16371,0.03916,0.42465
2026-06-05 09:00:00,3.51955,0,0.02605,0,0,0.00062,0,0.00058,0.22913,0.78073,0.93908,1.22087,0.00753,0.1725,0.57047,0,0,0,0,0,0,0.4495,1.4138,0.13848,0.4282,0.01713,2.39379,0.20783,0.03419,0.14831,0.21729,1.21296,1.4305,1.39679,0,2.16378,0.00037,0.1725,0.20783,1.4305,1.39679,0.57047,0.4992,0.4495,0.71981,2.16378,0.03914,0.42463
2026-06-05 10:00:00,3.51368,0,0.02603,0,0,0.00061,0,0.00058,0.22904,0.79262,0.95469,1.23831,0.00753,0.17252,0.57027,0,0,0,0,0,0,0.44929,1.42042,0.13853,0.42968,0.01713,2.40196,0.20785,0.03392,0.14438,0.21726,1.20943,1.4308,1.39725,0,2.16385,0.00037,0.17252,0.20785,1.4308,1.39725,0.57027,0.4989,0.44929,0.71939,2.16385,0.03912,0.4246
2026-06-05 11:00:00,3.50782,0,0.02601,0,0,0.00061,0,0.00058,0.22896,0.80091,0.97015,1.25592,0.00753,0.17253,0.57011,0,0,0,0,0,0,0.44902,1.42445,0.13858,0.43116,0.01714,2.41013,0.20787,0.03365,0.14044,0.21723,1.20589,1.4311,1.3977,0,2.16392,0.00036,0.17253,0.20787,1.4311,1.3977,0.57011,0.49859,0.44902,0.71898,2.16392,0.03909,0.42458
2026-06-05 12:00:00,3.50195,0,0.02599,0,0,0.00061,0,0.00058,0.22887,0.80538,0.98484,1.272,0.00753,0.17255,0.56997,0,0,0,0,0,0,0.44873,1.42676,0.13863,0.43264,0.01714,2.4183,0.20789,0.03339,0.1365,0.2172,1.20236,1.4314,1.39815,0,2.164,0.00036,0.17255,0.20789,1.4314,1.39815,0.56997,0.49829,0.44873,0.71858,2.164,0.03906,0.41996
2026-06-05 13:00:00,3.49448,0,0.02597,0,0,0.00061,0,0.00057,0.2288,0.789,0.99708,1.28695,0.00753,0.17257,0.56986,0,0,0,0,0,0,0.44844,1.42802,0.13841,0.43159,0.01714,2.41527,0.2079,0.0331,0.13542,0.21717,1.20075,1.43171,1.39861,0,2.16408,0.00035,0.17257,0.2079,1.43171,1.39861,0.56986,0.49798,0.44844,0.7182,2.16408,0.03905,0.4154
2026-06-05 14:00:00,3.48701,0,0.02595,0,0,0.0006,0,0.00058,0.22871,0.76922,1.00596,1.30158,0.00753,0.17258,0.56976,0,0,0,0,0,0,0.44814,1.42859,0.13819,0.43055,0.01715,2.41224,0.20792,0.03281,0.13433,0.21715,1.19912,1.43201,1.39906,0,2.16416,0.00034,0.17258,0.20792,1.43201,1.39906,0.56976,0.49769,0.44814,0.71781,2.16416,0.03903,0.41538
2026-06-05 15:00:00,3.47955,0,0.02593,0,0,0.0006,0,0.00057,0.22863,0.74984,1.00714,1.31575,0.00753,0.1726,0.56968,0,0,0,0,0,0,0.44785,1.42817,0.13798,0.4295,0.01715,2.40922,0.20793,0.03252,0.13321,0.21714,1.19751,1.4323,1.3995,0,2.16425,0.00033,0.1726,0.20793,1.4323,1.3995,0.56968,0.4974,0.44785,0.71742,2.16425,0.03902,0.41536
2026-06-05 16:00:00,3.47208,0,0.02591,0,0,0.0006,0,0.00057,0.22855,0.73069,0.99815,1.32851,0.00753,0.17262,0.56961,0,0,0,0,0,0,0.44755,1.4262,0.13776,0.42845,0.01715,2.40619,0.20794,0.03222,0.13213,0.21709,1.19585,1.4326,1.39995,0,2.16433,0.00033,0.17262,0.20794,1.4326,1.39995,0.56961,0.49713,0.44755,0.71705,2.16433,0.03898,0.41533
2026-06-05 17:00:00,3.46461,0,0.02589,0,0,0.00059,0,0.00056,0.22847,0.71186,0.98364,1.33865,0.00753,0.17264,0.56957,0,0,0,0,0,0,0.44726,1.42289,0.13754,0.42741,0.01716,2.40316,0.20795,0.03194,0.13108,0.21705,1.1942,1.4329,1.4004,0,2.16442,0.00032,0.17264,0.20795,1.4329,1.4004,0.56957,0.49687,0.44726,0.71668,2.16442,0.03894,0.4153
2026-06-05 18:00:00,3.45714,0,0.02587,0,0,0.00059,0,0.00056,0.22839,0.68994,0.96639,1.34554,0.00753,0.17265,0.56952,0,0,0,0,0,0,0.44697,1.41872,0.13732,0.42636,0.01716,2.40013,0.20796,0.03165,0.12998,0.21702,1.19257,1.4332,1.40084,0,2.16451,0.00031,0.17265,0.20796,1.4332,1.40084,0.56952,0.49662,0.44697,0.71631,2.16451,0.03891,0.41527
2026-06-05 19:00:00,3.47149,0,0.02585,0,0,0.00059,0,0.00056,0.22831,0.67374,0.94786,1.33829,0.00753,0.17266,0.56947,0,0,0,0,0,0,0.4467,1.41401,0.13699,0.42458,0.01716,2.39521,0.20795,0.03194,0.12961,0.21698,1.19236,1.4335,1.40127,0,2.1646,0.0003,0.17266,0.20795,1.4335,1.40127,0.56947,0.4964,0.4467,0.71595,2.1646,0.03889,0.41524
2026-06-05 20:00:00,3.48584,0,0.02583,0,0,0.00059,0,0.00055,0.22823,0.65779,0.92794,1.32953,0.00753,0.17268,0.56945,0,0,0,0,0,0,0.44643,1.40895,0.13666,0.42279,0.01717,2.39028,0.20796,0.03222,0.12941,0.21697,1.19214,1.4338,1.40171,0,2.1647,0.0003,0.17268,0.20796,1.4338,1.40171,0.56945,0.49619,0.44643,0.71558,2.1647,0.03887,0.4152
2026-06-05 21:00:00,3.50019,0,0.02581,0,0,0.00058,0,0.00055,0.22816,0.64861,0.9075,1.31542,0.00752,0.1727,0.56942,0,0,0,0,0,0,0.44618,1.40465,0.13633,0.42101,0.01717,2.38536,0.20796,0.03251,0.12937,0.21694,1.19194,1.43409,1.40216,0,2.16479,0.0003,0.1727,0.20796,1.43409,1.40216,0.56942,0.49597,0.44618,0.71522,2.16479,0.03885,0.41515
2026-06-05 22:00:00,3.51454,0,0.02579,0,0,0.00058,0,0.00055,0.22808,0.63949,0.88897,1.29816,0.00752,0.17272,0.5694,0,0,0,0,0,0,0.44594,1.40252,0.136,0.41923,0.01717,2.38044,0.20797,0.03281,0.12934,0.2169,1.19173,1.4344,1.40259,0,2.16487,0.00029,0.17272,0.20797,1.4344,1.40259,0.5694,0.49579,0.44594,0.71486,2.16487,0.03883,0.4151
2026-06-05 23:00:00,3.52889,0,0.02576,0,0,0.00057,0,0.00054,0.228,0.63049,0.87338,1.27929,0.00752,0.17273,0.56938,0,0,0,0,0,0,0.44572,1.40246,0.13567,0.41744,0.01718,2.37551,0.20798,0.03309,0.12938,0.21687,1.1915,1.4347,1.40302,0,2.16497,0.00029,0.17273,0.20798,1.4347,1.40302,0.56938,0.49562,0.44572,0.7145,2.16497,0.0388,0.41504
2026-06-06 00:00:00,3.54324,0,0.02574,0,0,0.00057,0,0.00054,0.22792,0.63449,0.86071,1.25939,0.00752,0.17275,0.56936,0,0,0,0,0,0,0.44551,1.40372,0.13534,0.41566,0.01718,2.37059,0.20798,0.03338,0.12942,0.21684,1.19129,1.435,1.40345,0,2.16506,0.00028,0.17275,0.20798,1.435,1.40345,0.56936,0.49546,0.44551,0.71415,2.16506,0.03878,0.41497
2026-06-06 01:00:00,3.55671,0,0.02573,0,0,0.00057,0,0.00054,0.22785,0.65527,0.85008,1.23984,0.00752,0.17276,0.56891,0,0,0,0,0,0,0.44532,1.4058,0.13531,0.41607,0.01764,2.37475,0.20799,0.03324,0.13347,0.21681,1.19547,1.4353,1.40389,0,2.16515,0.00028,0.17276,0.20799,1.4353,1.40389,0.56891,0.49531,0.44532,0.7138,2.16515,0.03876,0.41488
2026-06-06 02:00:00,3.57019,0,0.02571,0,0,0.00057,0,0.00053,0.22777,0.66952,0.84408,1.22228,0.00752,0.17278,0.56809,0,0,0,0,0,0,0.44513,1.40841,0.13529,0.41649,0.01765,2.37892,0.20803,0.03311,0.13735,0.2168,1.19966,1.4356,1.40432,0,2.16524,0.00027,0.17278,0.20803,1.4356,1.40432,0.56809,0.49517,0.44513,0.71345,2.16524,0.03875,0.41478
2026-06-06 03:00:00,3.58366,0,0.02569,0,0,0.00057,0,0.00052,0.22768,0.69023,0.84718,1.20745,0.00752,0.17279,0.56739,0,0,0,0,0,0,0.44497,1.41202,0.13526,0.41691,0.01765,2.38308,0.2081,0.03298,0.14117,0.21679,1.20386,1.43589,1.40475,0,2.16532,0.00027,0.17279,0.2081,1.43589,1.40475,0.56739,0.49504,0.44497,0.71312,2.16532,0.03874,0.41466
2026-06-06 04:00:00,3.59713,0,0.02567,0,0,0.00057,0,0.00052,0.2276,0.71079,0.85813,1.19515,0.00752,0.17281,0.56681,0,0,0,0,0,0,0.4448,1.41733,0.13523,0.41732,0.01765,2.38724,0.20817,0.03284,0.14494,0.21675,1.20803,1.43619,1.40518,0,2.16542,0.00027,0.17281,0.20817,1.43619,1.40518,0.56681,0.49492,0.4448,0.71279,2.16542,0.03871,0.41451
2026-06-06 05:00:00,3.61061,0,0.02564,0,0,0.00057,0,0.00051,0.22751,0.72179,0.8723,1.18601,0.00752,0.17283,0.5663,0,0,0,0,0,0,0.44466,1.42415,0.13521,0.41773,0.01766,2.39141,0.20822,0.0327,0.14866,0.21672,1.2122,1.43649,1.40562,0,2.16551,0.00026,0.17283,0.20822,1.43649,1.40562,0.5663,0.49479,0.44466,0.71245,2.16551,0.03868,0.41431
2026-06-06 06:00:00,3.62408,0,0.02562,0,0,0.00057,0,0.00051,0.22742,0.72952,0.88992,1.183,0.00752,0.17284,0.56588,0,0,0,0,0,0,0.44452,1.43194,0.13518,0.41815,0.01766,2.39557,0.20825,0.03256,0.1524,0.2167,1.21638,1.43679,1.40604,0,2.16561,0.00026,0.17284,0.20825,1.43679,1.40604,0.56588,0.49461,0.44452,0.71214,2.16561,0.03866,0.41405
2026-06-06 07:00:00,3.61545,0,0.0256,0,0,0.00057,0,0.00051,0.22733,0.7343,0.90687,1.1878,0.00752,0.17286,0.56551,0,0,0,0,0,0,0.4444,1.44034,0.13522,0.41894,0.01767,2.40062,0.20829,0.03168,0.14858,0.21667,1.21193,1.4371,1.40647,0,2.1657,0.00026,0.17286,0.20829,1.4371,1.40647,0.56551,0.4944,0.4444,0.71182,2.1657,0.03864,0.41368
2026-06-06 08:00:00,3.60681,0,0.02559,0,0,0.00057,0,0.00051,0.22724,0.73908,0.92031,1.19834,0.00752,0.17287,0.5652,0,0,0,0,0,0,0.44425,1.44913,0.13526,0.41973,0.01767,2.40567,0.20832,0.03078,0.1445,0.21665,1.20749,1.4374,1.40689,0,2.1658,0.00025,0.17287,0.20832,1.4374,1.40689,0.5652,0.49415,0.44425,0.71152,2.1658,0.03863,0.41313
2026-06-06 09:00:00,3.59818,0,0.02556,0,0,0.00057,0,0.00051,0.22714,0.74388,0.93022,1.21253,0.00752,0.17289,0.56494,0,0,0,0,0,0,0.4441,1.45683,0.13531,0.42053,0.01767,2.41073,0.20835,0.02989,0.14027,0.21663,1.20305,1.43769,1.40731,0,2.16591,0.00025,0.17289,0.20835,1.43769,1.40731,0.56494,0.49386,0.4441,0.71123,2.16591,0.03861,0.41222
2026-06-06 10:00:00,3.58954,0,0.02554,0,0,0.00056,0,0.00051,0.22706,0.7487,0.93777,1.22845,0.00751,0.1729,0.56471,0,0,0,0,0,0,0.44391,1.46176,0.13535,0.42132,0.01768,2.41578,0.20837,0.029,0.13597,0.2166,1.19859,1.43799,1.40775,0,2.16602,0.00025,0.1729,0.20837,1.43799,1.40775,0.56471,0.49356,0.44391,0.71094,2.16602,0.03858,0.41038
2026-06-06 11:00:00,3.58091,0,0.02552,0,0,0.00056,0,0.00051,0.22698,0.75027,0.94393,1.24297,0.00751,0.17291,0.56452,0,0,0,0,0,0,0.4437,1.46421,0.13539,0.42211,0.01768,2.42083,0.20839,0.0281,0.13163,0.21655,1.19412,1.43829,1.40817,0,2.16614,0.00024,0.17291,0.20839,1.43829,1.40817,0.56452,0.49326,0.4437,0.71067,2.16614,0.03854,0.40488
2026-06-06 12:00:00,3.57227,0,0.0255,0,0,0.00056,0,0.00051,0.22689,0.74864,0.94953,1.25432,0.00751,0.17294,0.56435,0,0,0,0,0,0,0.44345,1.465,0.13543,0.4229,0.01768,2.42588,0.20841,0.02722,0.12722,0.21652,1.18966,1.43859,1.40859,0,2.16626,0.00024,0.17294,0.20841,1.43859,1.40859,0.56435,0.49296,0.44345,0.71039,2.16626,0.03851,0.39496
2026-06-06 13:00:00,3.56097,0,0.02548,0,0,0.00056,0,0.0005,0.22681,0.74316,0.95377,1.2626,0.00751,0.17295,0.56421,0,0,0,0,0,0,0.44319,1.46475,0.1351,0.42139,0.01769,2.42054,0.20843,0.02652,0.12541,0.21648,1.18683,1.43889,1.40901,0,2.16638,0.00023,0.17295,0.20843,1.43889,1.40901,0.56421,0.49266,0.44319,0.71012,2.16638,0.03848,0.39357
2026-06-06 14:00:00,3.54967,0,0.02547,0,0,0.00055,0,0.0005,0.22674,0.7283,0.95547,1.26864,0.00751,0.17297,0.56408,0,0,0,0,0,0,0.44291,1.46386,0.13477,0.41989,0.01769,2.41521,0.20844,0.02582,0.12364,0.21645,1.18402,1.43919,1.40944,0,2.16651,0.00022,0.17297,0.20844,1.43919,1.40944,0.56408,0.49236,0.44291,0.70985,2.16651,0.03847,0.39353
2026-06-06 15:00:00,3.53837,0,0.02544,0,0,0.00055,0,0.00049,0.22665,0.7167,0.95424,1.27337,0.00751,0.17298,0.56397,0,0,0,0,0,0,0.44262,1.46206,0.13445,0.41838,0.01769,2.40987,0.20845,0.02512,0.12193,0.21641,1.18122,1.43948,1.40986,0,2.16664,0.00022,0.17298,0.20845,1.43948,1.40986,0.56397,0.49207,0.44262,0.70959,2.16664,0.03845,0.39348
2026-06-06 16:00:00,3.52707,0,0.02542,0,0,0.00055,0,0.00049,0.22657,0.70522,0.94794,1.27702,0.00751,0.173,0.56387,0,0,0,0,0,0,0.44234,1.45891,0.13412,0.41687,0.0177,2.40453,0.20846,0.02442,0.12023,0.21638,1.1784,1.43979,1.41028,0,2.16678,0.00021,0.173,0.20846,1.43979,1.41028,0.56387,0.49179,0.44234,0.70932,2.16678,0.03843,0.39343
2026-06-06 17:00:00,3.51577,0,0.0254,0,0,0.00054,0,0.00048,0.22648,0.69386,0.93794,1.27886,0.00751,0.17301,0.56379,0,0,0,0,0,0,0.44205,1.4546,0.13379,0.41537,0.0177,2.3992,0.20847,0.02373,0.11854,0.21633,1.17557,1.44009,1.4107,0,2.16692,0.0002,0.17301,0.20847,1.44009,1.4107,0.56379,0.49153,0.44205,0.70907,2.16692,0.0384,0.39337
2026-06-06 18:00:00,3.50447,0,0.02538,0,0,0.00054,0,0.00048,0.22641,0.68569,0.92678,1.27811,0.00751,0.17302,0.56371,0,0,0,0,0,0,0.44177,1.44956,0.13346,0.41386,0.0177,2.39386,0.20847,0.02303,0.11684,0.21629,1.17275,1.44039,1.41112,0,2.16706,0.00019,0.17302,0.20847,1.44039,1.41112,0.56371,0.49127,0.44177,0.7088,2.16706,0.03838,0.39331
2026-06-06 19:00:00,3.50948,0,0.02536,0,0,0.00054,0,0.00047,0.22632,0.67044,0.91515,1.27379,0.00751,0.17304,0.56364,0,0,0,0,0,0,0.44148,1.44404,0.13296,0.41262,0.01771,2.38949,0.20848,0.02262,0.11567,0.21626,1.17058,1.44069,1.41154,0,2.16721,0.00019,0.17304,0.20848,1.44069,1.41154,0.56364,0.49102,0.44148,0.70854,2.16721,0.03836,0.39324
2026-06-06 20:00:00,3.51449,0,0.02534,0,0,0.00054,0,0.00047,0.22624,0.66139,0.90425,1.26546,0.00751,0.17306,0.56357,0,0,0,0,0,0,0.44122,1.43823,0.13245,0.41138,0.01771,2.38512,0.20847,0.0222,0.11461,0.21623,1.1684,1.44099,1.41196,0,2.16735,0.00018,0.17306,0.20847,1.44099,1.41196,0.56357,0.49079,0.44122,0.70827,2.16735,0.03835,0.39316
2026-06-06 21:00:00,3.51951,0,0.02531,0,0,0.00054,0,0.00047,0.22616,0.64647,0.89228,1.25453,0.00751,0.17308,0.56351,0,0,0,0,0,0,0.44095,1.43369,0.13195,0.41015,0.01771,2.38076,0.20848,0.02179,0.11362,0.21619,1.16623,1.44128,1.41238,0,2.16749,0.00018,0.17308,0.20848,1.44128,1.41238,0.56351,0.49058,0.44095,0.70801,2.16749,0.03833,0.39307
2026-06-06 22:00:00,3.52452,0,0.02528,0,0,0.00053,0,0.00046,0.22608,0.63761,0.8803,1.2425,0.00751,0.17309,0.56346,0,0,0,0,0,0,0.44071,1.43235,0.13145,0.40891,0.01772,2.37639,0.20848,0.02139,0.11266,0.21615,1.16405,1.44158,1.4128,0,2.16764,0.00017,0.17309,0.20848,1.44158,1.4128,0.56346,0.49037,0.44071,0.70774,2.16764,0.03831,0.39296
2026-06-06 23:00:00,3.52953,0,0.02525,0,0,0.00053,0,0.00046,0.22601,0.63483,0.8687,1.23043,0.00751,0.17311,0.5634,0,0,0,0,0,0,0.44047,1.43398,0.13094,0.40767,0.01772,2.37202,0.20849,0.02097,0.11172,0.2161,1.16185,1.44188,1.41322,0,2.16777,0.00017,0.17311,0.20849,1.44188,1.41322,0.5634,0.49017,0.44047,0.70747,2.16777,0.03828,0.39285
2026-06-07 00:00:00,3.53454,0,0.02522,0,0,0.00052,0,0.00046,0.22593,0.6321,0.85706,1.21825,0.0075,0.17312,0.56336,0,0,0,0,0,0,0.44025,1.43751,0.13044,0.40643,0.01772,2.36765,0.20849,0.02056,0.11081,0.21608,1.15968,1.44218,1.41363,0,2.16792,0.00016,0.17312,0.20849,1.44218,1.41363,0.56336,0.49,0.44025,0.70719,2.16792,0.03826,0.39271
2026-06-07 01:00:00,3.54064,0,0.02519,0,0,0.00052,0,0.00045,0.22585,0.64379,0.8492,1.20566,0.0075,0.17314,0.56287,0,0,0,0,0,0,0.44003,1.44224,0.13017,0.40808,0.01818,2.37474,0.2085,0.02031,0.11066,0.21605,1.15886,1.44249,1.41405,0,2.16805,0.00016,0.17314,0.2085,1.44249,1.41405,0.56287,0.48983,0.44003,0.70693,2.16805,0.03824,0.39254
2026-06-07 02:00:00,3.54673,0,0.02516,0,0,0.00052,0,0.00046,0.22576,0.6554,0.84526,1.19316,0.0075,0.17315,0.56202,0,0,0,0,0,0,0.43983,1.44773,0.12989,0.40974,0.01818,2.38183,0.20854,0.02006,0.11073,0.21602,1.15804,1.44279,1.41448,0,2.16818,0.00015,0.17315,0.20854,1.44279,1.41448,0.56202,0.48967,0.43983,0.70666,2.16818,0.03823,0.39234
2026-06-07 03:00:00,3.55283,0,0.02513,0,0,0.00052,0,0.00045,0.22569,0.67271,0.84628,1.18082,0.0075,0.17316,0.56128,0,0,0,0,0,0,0.43964,1.45434,0.12962,0.4114,0.01818,2.38893,0.20861,0.01982,0.11096,0.216,1.15723,1.44308,1.41489,0,2.16832,0.00014,0.17316,0.20861,1.44308,1.41489,0.56128,0.48951,0.43964,0.70639,2.16832,0.03822,0.3921
2026-06-07 04:00:00,3.55893,0,0.0251,0,0,0.00051,0,0.00045,0.2256,0.68417,0.85427,1.17002,0.0075,0.17318,0.56067,0,0,0,0,0,0,0.43947,1.46262,0.12935,0.41305,0.01819,2.39602,0.20867,0.01956,0.11118,0.21598,1.15639,1.44338,1.41531,0,2.16845,0.00014,0.17318,0.20867,1.44338,1.41531,0.56067,0.48937,0.43947,0.70613,2.16845,0.0382,0.3918
2026-06-07 05:00:00,3.56502,0,0.02508,0,0,0.00051,0,0.00044,0.22552,0.69257,0.86646,1.16263,0.0075,0.17319,0.56013,0,0,0,0,0,0,0.4393,1.47231,0.12907,0.41471,0.01819,2.40311,0.20872,0.01931,0.11141,0.21594,1.15556,1.44368,1.41572,0,2.16859,0.00013,0.17319,0.20872,1.44368,1.41572,0.56013,0.48921,0.4393,0.70586,2.16859,0.03817,0.39141
2026-06-07 06:00:00,3.57112,0,0.02505,0,0,0.00051,0,0.00044,0.22543,0.70097,0.88105,1.15946,0.0075,0.17321,0.55967,0,0,0,0,0,0,0.43915,1.4829,0.1288,0.41636,0.0182,2.4102,0.20876,0.01906,0.11163,0.2159,1.15473,1.44398,1.41614,0,2.16872,0.00013,0.17321,0.20876,1.44398,1.41614,0.55967,0.48901,0.43915,0.70561,2.16872,0.03815,0.3909
2026-06-07 07:00:00,3.55933,0,0.02503,0,0,0.00051,0,0.00044,0.22536,0.70693,0.89463,1.16175,0.0075,0.17323,0.55927,0,0,0,0,0,0,0.43899,1.49408,0.12861,0.41786,0.0182,2.4171,0.2088,0.0189,0.11116,0.2158,1.15282,1.44428,1.41656,0,2.16886,0.00013,0.17323,0.2088,1.44428,1.41656,0.55927,0.48876,0.43899,0.70536,2.16886,0.03813,0.39017
2026-06-07 08:00:00,3.54754,0,0.02501,0,0,0.00051,0,0.00043,0.22527,0.70992,0.90698,1.16935,0.0075,0.17325,0.55894,0,0,0,0,0,0,0.43883,1.50561,0.12841,0.41936,0.0182,2.42399,0.20883,0.01874,0.11069,0.21565,1.1509,1.44458,1.41697,0,2.169,0.00012,0.17325,0.20883,1.44458,1.41697,0.55894,0.48848,0.43883,0.70511,2.169,0.03812,0.38909
2026-06-07 09:00:00,3.53575,0,0.02499,0,0,0.00051,0,0.00043,0.22519,0.71297,0.91789,1.18052,0.0075,0.17326,0.55864,0,0,0,0,0,0,0.43864,1.51546,0.12822,0.42086,0.01821,2.43088,0.20886,0.01857,0.11022,0.21545,1.14898,1.44487,1.41739,0,2.16914,0.00012,0.17326,0.20886,1.44487,1.41739,0.55864,0.48818,0.43864,0.70487,2.16914,0.0381,0.38728
2026-06-07 10:00:00,3.52396,0,0.02498,0,0,0.00051,0,0.00043,0.2251,0.71595,0.92683,1.19285,0.0075,0.17327,0.55838,0,0,0,0,0,0,0.43843,1.52142,0.12803,0.42235,0.01821,2.43778,0.20887,0.01841,0.10975,0.21523,1.14706,1.44517,1.41781,0,2.16929,0.00012,0.17327,0.20887,1.44517,1.41781,0.55838,0.48786,0.43843,0.70463,2.16929,0.03808,0.38366
2026-06-07 11:00:00,3.51217,0,0.02497,0,0,0.00051,0,0.00043,0.22502,0.71609,0.93383,1.20444,0.0075,0.17329,0.55816,0,0,0,0,0,0,0.43818,1.52404,0.12783,0.42385,0.01821,2.44468,0.20889,0.01824,0.10928,0.21498,1.14513,1.44548,1.41822,0,2.16943,0.00011,0.17329,0.20889,1.44548,1.41822,0.55816,0.48754,0.43818,0.70441,2.16943,0.03805,0.3728
2026-06-07 12:00:00,3.50038,0,0.02495,0,0,0.00051,0,0.00042,0.22493,0.71344,0.94003,1.21476,0.0075,0.1733,0.55796,0,0,0,0,0,0,0.43792,1.52444,0.12764,0.42535,0.01822,2.45157,0.20891,0.01808,0.10881,0.21474,1.14321,1.44578,1.41863,0,2.16958,0.00011,0.1733,0.20891,1.44578,1.41863,0.55796,0.4872,0.43792,0.70417,2.16958,0.03803,0.37304
2026-06-07 13:00:00,3.48542,0,0.02494,0,0,0.00051,0,0.00042,0.22484,0.70723,0.94454,1.22343,0.00749,0.17332,0.55779,0,0,0,0,0,0,0.43763,1.52349,0.12717,0.42361,0.01822,2.44389,0.20892,0.01796,0.10773,0.2145,1.13975,1.44608,1.41905,0,2.16974,0.0001,0.17332,0.20892,1.44608,1.41905,0.55779,0.48687,0.43763,0.70395,2.16974,0.03801,0.37167
2026-06-07 14:00:00,3.47045,0,0.02493,0,0,0.0005,0,0.00042,0.22475,0.69284,0.94645,1.23016,0.00749,0.17333,0.55763,0,0,0,0,0,0,0.43733,1.52166,0.1267,0.42186,0.01822,2.43622,0.20893,0.01783,0.10665,0.21427,1.13631,1.44638,1.41947,0,2.16989,0.00009,0.17333,0.20893,1.44638,1.41947,0.55763,0.48654,0.43733,0.70372,2.16989,0.038,0.3645
2026-06-07 15:00:00,3.45549,0,0.02492,0,0,0.0005,0,0.00042,0.22466,0.68135,0.94545,1.2354,0.00749,0.17335,0.55749,0,0,0,0,0,0,0.43701,1.51865,0.12624,0.42012,0.01823,2.42854,0.20894,0.0177,0.10557,0.21407,1.13286,1.44667,1.41988,0,2.17005,0.00009,0.17335,0.20894,1.44667,1.41988,0.55749,0.48622,0.43701,0.7035,2.17005,0.03799,0.36211
2026-06-07 16:00:00,3.44053,0,0.0249,0,0,0.00049,0,0.00042,0.22458,0.67014,0.93968,1.23932,0.00749,0.17336,0.55736,0,0,0,0,0,0,0.4367,1.51396,0.12577,0.41838,0.01823,2.42086,0.20895,0.01757,0.10449,0.21385,1.1294,1.44697,1.4203,0,2.17022,0.00008,0.17336,0.20895,1.44697,1.4203,0.55736,0.48591,0.4367,0.70327,2.17022,0.03797,0.36091
2026-06-07 17:00:00,3.42556,0,0.02489,0,0,0.00048,0,0.00042,0.22449,0.65901,0.93056,1.24125,0.00749,0.17338,0.55725,0,0,0,0,0,0,0.43638,1.50788,0.1253,0.41663,0.01823,2.41319,0.20895,0.01744,0.10341,0.21364,1.12594,1.44727,1.42071,0,2.17038,0.00007,0.17338,0.20895,1.44727,1.42071,0.55725,0.48562,0.43638,0.70304,2.17038,0.03794,0.36019
2026-06-07 18:00:00,3.4106,0,0.02487,0,0,0.00048,0,0.00042,0.2244,0.65079,0.92035,1.24056,0.00749,0.1734,0.55714,0,0,0,0,0,0,0.43607,1.50092,0.12483,0.41489,0.01824,2.40551,0.20896,0.01732,0.10233,0.21343,1.12248,1.44757,1.42113,0,2.17055,0.00006,0.1734,0.20896,1.44757,1.42113,0.55714,0.48533,0.43607,0.7028,2.17055,0.03792,0.35972
2026-06-07 19:00:00,3.40985,0,0.02485,0,0,0.00047,0,0.00042,0.22432,0.63633,0.90955,1.23644,0.00749,0.17341,0.55705,0,0,0,0,0,0,0.43575,1.49341,0.12425,0.41106,0.01824,2.39479,0.20897,0.01721,0.10184,0.21325,1.11961,1.44787,1.42154,0,2.17071,0.00005,0.17341,0.20897,1.44787,1.42154,0.55705,0.48506,0.43575,0.70257,2.17071,0.0379,0.35937
2026-06-07 20:00:00,3.4091,0,0.02483,0,0,0.00047,0,0.00042,0.22425,0.62736,0.89907,1.22859,0.00749,0.17343,0.55695,0,0,0,0,0,0,0.43546,1.48553,0.12367,0.40723,0.01824,2.38407,0.20898,0.01711,0.10135,0.21308,1.11676,1.44818,1.42195,0,2.17086,0.00005,0.17343,0.20898,1.44818,1.42195,0.55695,0.4848,0.43546,0.70232,2.17086,0.03789,0.35912
2026-06-07 21:00:00,3.40836,0,0.02481,0,0,0.00047,0,0.00041,0.22416,0.61339,0.88724,1.21837,0.00749,0.17344,0.55687,0,0,0,0,0,0,0.43517,1.47855,0.1231,0.4034,0.01825,2.37335,0.20897,0.017,0.10086,0.2129,1.11389,1.44847,1.42237,0,2.17103,0.00005,0.17344,0.20897,1.44847,1.42237,0.55687,0.48455,0.43517,0.70208,2.17103,0.03787,0.35892
2026-06-07 22:00:00,3.40761,0,0.02478,0,0,0.00047,0,0.00041,0.22408,0.6047,0.87537,1.20709,0.00749,0.17346,0.55679,0,0,0,0,0,0,0.43489,1.47388,0.12252,0.39957,0.01825,2.36262,0.20898,0.01689,0.10037,0.21273,1.11102,1.44877,1.42278,0,2.17118,0.00004,0.17346,0.20898,1.44877,1.42278,0.55679,0.48431,0.43489,0.70184,2.17118,0.03785,0.35876
2026-06-07 23:00:00,3.40686,0,0.02475,0,0,0.00047,0,0.0004,0.224,0.60108,0.86383,1.19556,0.00749,0.17347,0.55671,0,0,0,0,0,0,0.43462,1.47131,0.12194,0.39574,0.01825,2.3519,0.20898,0.0168,0.09988,0.21256,1.10815,1.44907,1.4232,0,2.17134,0.00003,0.17347,0.20898,1.44907,1.4232,0.55671,0.4841,0.43462,0.70159,2.17134,0.03782,0.35863
2026-06-08 00:00:00,3.40611,0,0.02472,0,0,0.00047,0,0.0004,0.22393,0.59751,0.8522,1.1836,0.00749,0.17349,0.55664,0,0,0,0,0,0,0.43437,1.47009,0.12136,0.39191,0.01826,2.34118,0.20899,0.01669,0.09939,0.21239,1.10528,1.44937,1.42361,0,2.17149,0.00003,0.17349,0.20899,1.44937,1.42361,0.55664,0.48389,0.43437,0.70134,2.17149,0.0378,0.35852
2026-06-08 01:00:00,3.41163,0,0.02469,0,0,0.00047,0,0.00039,0.22384,0.6062,0.84375,1.17109,0.00749,0.1735,0.55612,0,0,0,0,0,0,0.43412,1.46973,0.12107,0.39118,0.01872,2.34324,0.20899,0.01659,0.09975,0.21224,1.10403,1.44967,1.42402,0,2.17164,0.00003,0.1735,0.20899,1.44967,1.42402,0.55612,0.48368,0.43412,0.70108,2.17164,0.03778,0.35843
2026-06-08 02:00:00,3.41714,0,0.02467,0,0,0.00047,0,0.00038,0.22376,0.61478,0.8386,1.15867,0.00748,0.17351,0.55525,0,0,0,0,0,0,0.4339,1.46991,0.12079,0.39045,0.01872,2.34529,0.20903,0.01649,0.1001,0.2121,1.10279,1.44997,1.42443,0,2.17179,0.00002,0.17351,0.20903,1.44997,1.42443,0.55525,0.48349,0.4339,0.70083,2.17179,0.03777,0.35835
2026-06-08 03:00:00,3.42266,0,0.02465,0,0,0.00047,0,0.00038,0.22368,0.62788,0.83737,1.1464,0.00748,0.17353,0.55449,0,0,0,0,0,0,0.43368,1.47156,0.1205,0.38972,0.01873,2.34735,0.20911,0.01639,0.10046,0.21196,1.10155,1.45026,1.42486,0,2.17193,0.00002,0.17353,0.20911,1.45026,1.42486,0.55449,0.48332,0.43368,0.70057,2.17193,0.03776,0.35828
2026-06-08 04:00:00,3.42817,0,0.02463,0,0,0.00046,0,0.00037,0.2236,0.63598,0.84205,1.13544,0.00748,0.17355,0.55385,0,0,0,0,0,0,0.43348,1.47592,0.12021,0.38898,0.01873,2.34941,0.20917,0.0163,0.10082,0.21182,1.1003,1.45056,1.42527,0,2.17208,0.00002,0.17355,0.20917,1.45056,1.42527,0.55385,0.48315,0.43348,0.70032,2.17208,0.03774,0.35822
2026-06-08 05:00:00,3.43369,0,0.02461,0,0,0.00046,0,0.00036,0.22353,0.64167,0.84994,1.12736,0.00748,0.17357,0.55329,0,0,0,0,0,0,0.43329,1.48264,0.11993,0.38825,0.01873,2.35146,0.20922,0.0162,0.10117,0.21168,1.09904,1.45087,1.42568,0,2.17221,0.00001,0.17357,0.20922,1.45087,1.42568,0.55329,0.48296,0.43329,0.70006,2.17221,0.03771,0.35817
2026-06-08 06:00:00,3.4392,0,0.0246,0,0,0.00046,0,0.00036,0.22345,0.64712,0.85966,1.12277,0.00748,0.17358,0.55281,0,0,0,0,0,0,0.4331,1.49088,0.11964,0.38752,0.01874,2.35352,0.20926,0.0161,0.10153,0.21154,1.09779,1.45117,1.42609,0,2.17235,0.00001,0.17358,0.20926,1.45117,1.42609,0.55281,0.48273,0.4331,0.69982,2.17235,0.03769,0.35812
2026-06-08 07:00:00,3.42989,0,0.02459,0,0,0.00046,0,0.00035,0.22337,0.6516,0.86847,1.12269,0.00748,0.1736,0.55239,0,0,0,0,0,0,0.43292,1.50005,0.11952,0.38892,0.01874,2.35971,0.2093,0.01601,0.1014,0.21141,1.09599,1.45147,1.42651,0,2.17249,0.00001,0.1736,0.2093,1.45147,1.42651,0.55239,0.48246,0.43292,0.69957,2.17249,0.03767,0.35808
2026-06-08 08:00:00,3.42057,0,0.02458,0,0,0.00046,0,0.00035,0.22329,0.65368,0.8762,1.12698,0.00748,0.17361,0.55203,0,0,0,0,0,0,0.43273,1.50985,0.11941,0.39032,0.01875,2.3659,0.20933,0.01591,0.10126,0.21129,1.09418,1.45177,1.42692,0,2.17263,0.00001,0.17361,0.20933,1.45177,1.42692,0.55203,0.48216,0.43273,0.69933,2.17263,0.03766,0.35804
2026-06-08 09:00:00,3.41126,0,0.02456,0,0,0.00045,0,0.00035,0.22321,0.65577,0.88285,1.13405,0.00748,0.17362,0.55171,0,0,0,0,0,0,0.43252,1.51831,0.11929,0.39172,0.01875,2.3721,0.20936,0.01583,0.10113,0.21117,1.09239,1.45206,1.42733,0,2.17277,0.00001,0.17362,0.20936,1.45206,1.42733,0.55171,0.48182,0.43252,0.6991,2.17277,0.03765,0.35801
2026-06-08 10:00:00,3.40195,0,0.02455,0,0,0.00045,0,0.00034,0.22313,0.65778,0.88824,1.14198,0.00748,0.17364,0.55144,0,0,0,0,0,0,0.43228,1.52339,0.11917,0.39312,0.01875,2.37829,0.20937,0.01574,0.10099,0.21106,1.0906,1.45236,1.42774,0,2.17292,0,0.17364,0.20937,1.45236,1.42774,0.55144,0.48148,0.43228,0.69887,2.17292,0.03764,0.35798
2026-06-08 11:00:00,3.39263,0,0.02453,0,0,0.00044,0,0.00034,0.22305,0.6576,0.89218,1.14923,0.00748,0.17365,0.55119,0,0,0,0,0,0,0.43201,1.52558,0.11906,0.39452,0.01876,2.38448,0.20939,0.01564,0.10085,0.21093,1.08878,1.45266,1.42816,0,2.17307,0,0.17365,0.20939,1.45266,1.42816,0.55119,0.48112,0.43201,0.69864,2.17307,0.03762,0.35795
2026-06-08 12:00:00,3.38332,0,0.02451,0,0,0.00044,0,0.00034,0.22296,0.65516,0.89553,1.15544,0.00748,0.17367,0.55096,0,0,0,0,0,0,0.43171,1.52582,0.11894,0.39592,0.01876,2.39067,0.20941,0.01555,0.10072,0.21081,1.08699,1.45296,1.42857,0,2.17323,0,0.17367,0.20941,1.45296,1.42857,0.55096,0.48076,0.43171,0.69841,2.17323,0.03761,0.35602
2026-06-08 13:00:00,3.36936,0,0.02449,0,0,0.00044,0,0.00035,0.22289,0.65063,0.89759,1.1605,0.00748,0.17368,0.55077,0,0,0,0,0,0,0.4314,1.52486,0.11863,0.39363,0.01876,2.38349,0.20942,0.01547,0.09997,0.21071,1.08392,1.45326,1.42898,0,2.17338,0,0.17368,0.20942,1.45326,1.42898,0.55077,0.4804,0.4314,0.69819,2.17338,0.0376,0.35082
2026-06-08 14:00:00,3.35541,0,0.02448,0,0,0.00044,0,0.00035,0.2228,0.63955,0.89761,1.16426,0.00748,0.17371,0.5506,0,0,0,0,0,0,0.43106,1.52315,0.11832,0.39134,0.01877,2.37632,0.20943,0.01538,0.09922,0.2106,1.08084,1.45357,1.4294,0,2.17353,0,0.17371,0.20943,1.45357,1.4294,0.5506,0.48005,0.43106,0.69796,2.17353,0.03759,0.3447
2026-06-08 15:00:00,3.34145,0,0.02446,0,0,0.00044,0,0.00035,0.22271,0.63073,0.89556,1.16697,0.00747,0.17372,0.55044,0,0,0,0,0,0,0.43073,1.5203,0.11802,0.38905,0.01877,2.36914,0.20944,0.01529,0.09847,0.21048,1.07777,1.45387,1.42982,0,2.17369,0,0.17372,0.20944,1.45387,1.42982,0.55044,0.47971,0.43073,0.69773,2.17369,0.03758,0.34266
2026-06-08 16:00:00,3.32749,0,0.02444,0,0,0.00044,0,0.00035,0.22262,0.62195,0.88999,1.1687,0.00747,0.17374,0.5503,0,0,0,0,0,0,0.43038,1.51576,0.11771,0.38675,0.01877,2.36196,0.20945,0.0152,0.09771,0.21036,1.07467,1.45417,1.43023,0,2.17385,0,0.17374,0.20945,1.45417,1.43023,0.5503,0.47938,0.43038,0.6975,2.17385,0.03756,0.34164
2026-06-08 17:00:00,3.31354,0,0.02442,0,0,0.00044,0,0.00035,0.22254,0.61321,0.88196,1.16891,0.00747,0.17375,0.55017,0,0,0,0,0,0,0.43004,1.50982,0.1174,0.38446,0.01878,2.35479,0.20946,0.01511,0.09696,0.21023,1.07158,1.45447,1.43064,0,2.17401,0,0.17375,0.20946,1.45447,1.43064,0.55017,0.47906,0.43004,0.69727,2.17401,0.03753,0.34102
2026-06-08 18:00:00,3.29958,0,0.0244,0,0,0.00044,0,0.00035,0.22244,0.60668,0.87311,1.16719,0.00747,0.17376,0.55004,0,0,0,0,0,0,0.4297,1.50299,0.11709,0.38217,0.01878,2.34761,0.20946,0.01503,0.09621,0.2101,1.06849,1.45477,1.43105,0,2.17416,0,0.17376,0.20946,1.45477,1.43105,0.55004,0.47875,0.4297,0.69703,2.17416,0.03751,0.34062
2026-06-08 19:00:00,3.3012,0,0.02438,0,0,0.00044,0,0.00034,0.22234,0.59538,0.8638,1.16299,0.00747,0.17378,0.54993,0,0,0,0,0,0,0.42937,1.4956,0.11674,0.37893,0.01878,2.33841,0.20947,0.01495,0.09607,0.20999,1.06635,1.45507,1.43147,0,2.17432,0,0.17378,0.20947,1.45507,1.43147,0.54993,0.47845,0.42937,0.69678,2.17432,0.0375,0.34033
2026-06-08 20:00:00,3.30282,0,0.02436,0,0,0.00044,0,0.00034,0.22225,0.58842,0.85482,1.15614,0.00747,0.17379,0.54982,0,0,0,0,0,0,0.42905,1.48784,0.1164,0.3757,0.01879,2.32921,0.20947,0.01486,0.09592,0.20989,1.06418,1.45537,1.43188,0,2.17448,0,0.17379,0.20947,1.45537,1.43188,0.54982,0.47817,0.42905,0.69653,2.17448,0.03749,0.34011
2026-06-08 21:00:00,3.30444,0,0.02435,0,0,0.00044,0,0.00033,0.22216,0.57725,0.84476,1.1476,0.00747,0.17381,0.54972,0,0,0,0,0,0,0.42874,1.48113,0.11605,0.37246,0.01879,2.32001,0.20947,0.01478,0.09578,0.20978,1.06203,1.45566,1.43229,0,2.17463,0,0.17381,0.20947,1.45566,1.43229,0.54972,0.4779,0.42874,0.69628,2.17463,0.03747,0.33994
2026-06-08 22:00:00,3.30606,0,0.02432,0,0,0.00044,0,0.00033,0.22208,0.57039,0.83489,1.1383,0.00747,0.17382,0.54962,0,0,0,0,0,0,0.42843,1.47707,0.1157,0.36922,0.01879,2.31081,0.20947,0.01469,0.09564,0.20966,1.05987,1.45596,1.4327,0,2.17478,0,0.17382,0.20947,1.45596,1.4327,0.54962,0.47764,0.42843,0.69603,2.17478,0.03745,0.3398
2026-06-08 23:00:00,3.30768,0,0.0243,0,0,0.00044,0,0.00032,0.22199,0.56779,0.82542,1.12887,0.00747,0.17384,0.54953,0,0,0,0,0,0,0.42815,1.47542,0.11536,0.36599,0.0188,2.30161,0.20948,0.01462,0.09549,0.20954,1.05769,1.45627,1.43312,0,2.17492,0,0.17384,0.20948,1.45627,1.43312,0.54953,0.47739,0.42815,0.69577,2.17492,0.03742,0.33969
2026-06-09 00:00:00,3.3093,0,0.02428,0,0,0.00044,0,0.00032,0.22191,0.56517,0.81585,1.11916,0.00747,0.17386,0.54943,0,0,0,0,0,0,0.42786,1.47532,0.11501,0.36275,0.0188,2.29241,0.20948,0.01453,0.09535,0.20943,1.05553,1.45657,1.43353,0,2.17506,0,0.17386,0.20948,1.45657,1.43353,0.54943,0.47717,0.42786,0.69551,2.17506,0.0374,0.3396
2026-06-09 01:00:00,3.31713,0,0.02426,0,0,0.00044,0,0.00032,0.22184,0.57368,0.80909,1.1091,0.00747,0.17387,0.5489,0,0,0,0,0,0,0.4276,1.47619,0.11497,0.36245,0.01925,2.29595,0.20949,0.01445,0.09596,0.20931,1.055,1.45687,1.43394,0,2.1752,0,0.17387,0.20949,1.45687,1.43394,0.5489,0.47695,0.4276,0.69525,2.1752,0.03738,0.33952
2026-06-09 02:00:00,3.32495,0,0.02425,0,0,0.00044,0,0.00031,0.22177,0.58218,0.80531,1.09925,0.00747,0.17389,0.54801,0,0,0,0,0,0,0.42735,1.47768,0.11493,0.36215,0.01926,2.29949,0.20953,0.01437,0.09658,0.20923,1.05451,1.45717,1.43435,0,2.17534,0,0.17389,0.20953,1.45717,1.43435,0.54801,0.47673,0.42735,0.69499,2.17534,0.03738,0.33945
2026-06-09 03:00:00,3.33278,0,0.02423,0,0,0.00044,0,0.00031,0.22169,0.59489,0.80498,1.08959,0.00747,0.1739,0.54724,0,0,0,0,0,0,0.42711,1.48047,0.11489,0.36185,0.01926,2.30303,0.2096,0.01429,0.09719,0.20913,1.05399,1.45746,1.43477,0,2.17548,0,0.1739,0.2096,1.45746,1.43477,0.54724,0.47653,0.42711,0.69472,2.17548,0.03737,0.33939
2026-06-09 04:00:00,3.3406,0,0.02421,0,0,0.00044,0,0.00031,0.22161,0.6034,0.81008,1.08109,0.00746,0.17392,0.54659,0,0,0,0,0,0,0.42688,1.48549,0.11486,0.36156,0.01926,2.30656,0.20966,0.01421,0.0978,0.20902,1.05345,1.45776,1.43518,0,2.1756,0,0.17392,0.20966,1.45776,1.43518,0.54659,0.47635,0.42688,0.69446,2.1756,0.03735,0.33934
2026-06-09 05:00:00,3.34843,0,0.02418,0,0,0.00044,0,0.00031,0.22153,0.60982,0.81817,1.07514,0.00746,0.17393,0.54601,0,0,0,0,0,0,0.42667,1.49243,0.11482,0.36126,0.01927,2.3101,0.2097,0.01413,0.09842,0.20893,1.05295,1.45806,1.43559,0,2.17573,0,0.17393,0.2097,1.45806,1.43559,0.54601,0.47614,0.42667,0.69419,2.17573,0.03734,0.3393
2026-06-09 06:00:00,3.35625,0,0.02416,0,0,0.00044,0,0.0003,0.22146,0.61624,0.82807,1.07229,0.00746,0.17395,0.54552,0,0,0,0,0,0,0.42646,1.50057,0.11478,0.36096,0.01927,2.31364,0.20975,0.01405,0.09903,0.20882,1.05242,1.45836,1.436,0,2.17587,0,0.17395,0.20975,1.45836,1.436,0.54552,0.47589,0.42646,0.69393,2.17587,0.03732,0.33926
2026-06-09 07:00:00,3.34929,0,0.02414,0,0,0.00044,0,0.00031,0.22137,0.62169,0.83737,1.07347,0.00746,0.17397,0.54509,0,0,0,0,0,0,0.42626,1.50948,0.11483,0.36182,0.01928,2.31979,0.20978,0.01397,0.09896,0.20872,1.05113,1.45866,1.43642,0,2.17599,0,0.17397,0.20978,1.45866,1.43642,0.54509,0.47561,0.42626,0.69368,2.17599,0.03731,0.33922
2026-06-09 08:00:00,3.34234,0,0.02413,0,0,0.00044,0,0.0003,0.22129,0.62506,0.84591,1.07863,0.00746,0.17399,0.54472,0,0,0,0,0,0,0.42605,1.5189,0.11489,0.36268,0.01928,2.32593,0.20982,0.01389,0.09889,0.20864,1.04984,1.45897,1.43684,0,2.17611,0,0.17399,0.20982,1.45897,1.43684,0.54472,0.47529,0.42605,0.69342,2.17611,0.03731,0.33919
2026-06-09 09:00:00,3.33538,0,0.02411,0,0,0.00044,0,0.0003,0.22121,0.62843,0.85356,1.08636,0.00746,0.174,0.54438,0,0,0,0,0,0,0.42582,1.52712,0.11495,0.36354,0.01928,2.33208,0.20983,0.01383,0.09883,0.20855,1.04857,1.45926,1.43725,0,2.17625,0,0.174,0.20983,1.45926,1.43725,0.54438,0.47494,0.42582,0.69317,2.17625,0.0373,0.33916
2026-06-09 10:00:00,3.32842,0,0.02409,0,0,0.00044,0,0.00029,0.22113,0.63182,0.86019,1.09501,0.00746,0.17401,0.5441,0,0,0,0,0,0,0.42556,1.53242,0.115,0.3644,0.01929,2.33823,0.20986,0.01375,0.09876,0.20843,1.04726,1.45956,1.43766,0,2.17638,0,0.17401,0.20986,1.45956,1.43766,0.5441,0.47458,0.42556,0.69293,2.17638,0.03727,0.33913
2026-06-09 11:00:00,3.32147,0,0.02406,0,0,0.00044,0,0.00029,0.22105,0.63308,0.86552,1.10325,0.00746,0.17403,0.54384,0,0,0,0,0,0,0.42528,1.53523,0.11506,0.36526,0.01929,2.34437,0.20988,0.01367,0.09869,0.20833,1.04595,1.45986,1.43807,0,2.17652,0,0.17403,0.20988,1.45986,1.43807,0.54384,0.4742,0.42528,0.69268,2.17652,0.03725,0.33911
2026-06-09 12:00:00,3.31451,0,0.02404,0,0,0.00044,0,0.00028,0.22096,0.63223,0.87039,1.11069,0.00746,0.17404,0.54361,0,0,0,0,0,0,0.42496,1.53634,0.11511,0.36612,0.01929,2.35052,0.20989,0.01359,0.09862,0.20823,1.04465,1.46016,1.43849,0,2.17665,0,0.17404,0.20989,1.46016,1.43849,0.54361,0.47383,0.42496,0.69245,2.17665,0.03723,0.33798
2026-06-09 13:00:00,3.30316,0,0.02403,0,0,0.00044,0,0.00028,0.22088,0.62943,0.87405,1.11719,0.00746,0.17406,0.5434,0,0,0,0,0,0,0.42464,1.53643,0.11491,0.36553,0.0193,2.34659,0.20991,0.01352,0.09799,0.20812,1.0422,1.46046,1.4389,0,2.17679,0,0.17406,0.20991,1.46046,1.4389,0.5434,0.47346,0.42464,0.6922,2.17679,0.03721,0.33532
2026-06-09 14:00:00,3.29181,0,0.02401,0,0,0.00044,0,0.00028,0.2208,0.62004,0.87574,1.12261,0.00746,0.17407,0.54321,0,0,0,0,0,0,0.42428,1.53586,0.1147,0.36493,0.0193,2.34266,0.20991,0.01345,0.09736,0.20803,1.03975,1.46076,1.43931,0,2.17694,0,0.17407,0.20991,1.46076,1.43931,0.54321,0.47309,0.42428,0.69196,2.17694,0.0372,0.32979
2026-06-09 15:00:00,3.28046,0,0.02399,0,0,0.00044,0,0.00027,0.22072,0.61268,0.87552,1.12709,0.00746,0.1741,0.54305,0,0,0,0,0,0,0.42393,1.53416,0.1145,0.36434,0.0193,2.33874,0.20992,0.01338,0.09673,0.20794,1.03732,1.46105,1.43972,0,2.17707,0,0.1741,0.20992,1.46105,1.43972,0.54305,0.47272,0.42393,0.69172,2.17707,0.03719,0.32794
2026-06-09 16:00:00,3.26911,0,0.02397,0,0,0.00044,0,0.00027,0.22064,0.6052,0.87181,1.13074,0.00746,0.17411,0.54289,0,0,0,0,0,0,0.42357,1.5307,0.1143,0.36374,0.01931,2.33481,0.20993,0.0133,0.0961,0.20783,1.03485,1.46135,1.44014,0,2.17723,0,0.17411,0.20993,1.46135,1.44014,0.54289,0.47238,0.42357,0.69147,2.17723,0.03716,0.32702
2026-06-09 17:00:00,3.25776,0,0.02394,0,0,0.00044,0,0.00027,0.22056,0.59757,0.86567,1.13294,0.00745,0.17412,0.54275,0,0,0,0,0,0,0.42321,1.5258,0.11409,0.36315,0.01931,2.33088,0.20994,0.01324,0.09547,0.20772,1.03239,1.36157,1.44055,0,2.17737,0,0.17412,0.20994,1.36157,1.44055,0.54275,0.47205,0.42321,0.69123,2.17737,0.03713,0.32647
2026-06-09 18:00:00,3.24641,0,0.02392,0,0,0.00044,0,0.00027,0.22048,0.59206,0.85859,1.1333,0.00745,0.17414,0.54261,0,0,0,0,0,0,0.42285,1.51997,0.11389,0.36255,0.01931,2.32695,0.20995,0.01317,0.09484,0.20762,1.02993,1.22843,1.44096,0,2.17751,0,0.17414,0.20995,1.22843,1.44096,0.54261,0.47172,0.42285,0.69097,2.17751,0.03711,0.3261
2026-06-09 19:00:00,3.25143,0,0.02391,0,0,0.00044,0,0.00026,0.22041,0.58328,0.8509,1.1313,0.00745,0.17415,0.54249,0,0,0,0,0,0,0.42251,1.51355,0.11368,0.3614,0.01932,2.32134,0.20995,0.01311,0.09489,0.20753,1.02864,1.18425,1.44137,0,2.17766,0,0.17415,0.20995,1.18425,1.44137,0.54249,0.4714,0.42251,0.69071,2.17766,0.0371,0.32584
2026-06-09 20:00:00,3.25644,0,0.02389,0,0,0.00044,0,0.00026,0.22032,0.57889,0.84341,1.12667,0.00745,0.17417,0.54237,0,0,0,0,0,0,0.42218,1.50676,0.11346,0.36026,0.01932,2.31573,0.20995,0.01305,0.09494,0.20744,1.02734,1.16972,1.44179,0,2.17779,0,0.17417,0.20995,1.16972,1.44179,0.54237,0.47111,0.42218,0.69045,2.17779,0.03709,0.32564
2026-06-09 21:00:00,3.26146,0,0.02387,0,0,0.00044,0,0.00025,0.22023,0.56972,0.83509,1.12032,0.00745,0.17418,0.54226,0,0,0,0,0,0,0.42184,1.50115,0.11325,0.35911,0.01932,2.31012,0.20996,0.01299,0.09499,0.20736,1.02605,1.16507,1.4422,0,2.17793,0,0.17418,0.20996,1.16507,1.4422,0.54226,0.47082,0.42184,0.69018,2.17793,0.03708,0.32549
2026-06-09 22:00:00,3.26647,0,0.02384,0,0,0.00044,0,0.00025,0.22015,0.565,0.82754,1.1131,0.00745,0.1742,0.54215,0,0,0,0,0,0,0.42153,1.49844,0.11304,0.35796,0.01933,2.3045,0.20996,0.01292,0.09503,0.20725,1.02473,1.16372,1.44261,0,2.17806,0,0.1742,0.20996,1.16372,1.44261,0.54215,0.47056,0.42153,0.68992,2.17806,0.03706,0.32536
2026-06-09 23:00:00,3.27149,0,0.02382,0,0,0.00044,0,0.00024,0.22007,0.56505,0.82053,1.10561,0.00745,0.17421,0.54205,0,0,0,0,0,0,0.42122,1.49835,0.11282,0.35682,0.01933,2.29889,0.20997,0.01286,0.09508,0.20717,1.02343,1.16347,1.44302,0,2.17819,0,0.17421,0.20997,1.16347,1.44302,0.54205,0.4703,0.42122,0.68965,2.17819,0.03705,0.32526
2026-06-10 00:00:00,3.2765,0,0.0238,0,0,0.00044,0,0.00024,0.21997,0.56503,0.8134,1.09787,0.00745,0.17422,0.54194,0,0,0,0,0,0,0.42093,1.49991,0.11261,0.35567,0.01933,2.29328,0.20997,0.0128,0.09513,0.20709,1.02214,1.16359,1.44344,0,2.17832,0,0.17422,0.20997,1.16359,1.44344,0.54194,0.47004,0.42093,0.68936,2.17832,0.03704,0.32518
2026-06-10 01:00:00,3.28549,0,0.02378,0,0,0.00044,0,0.00024,0.21987,0.57943,0.80924,1.09005,0.00745,0.17425,0.54141,0,0,0,0,0,0,0.42065,1.50253,0.11271,0.35612,0.0198,2.29924,0.20998,0.01274,0.09575,0.20701,1.02222,1.16383,1.44385,0,2.17844,0,0.17425,0.20998,1.16383,1.44385,0.54141,0.46982,0.42065,0.68909,2.17844,0.03703,0.32511
2026-06-10 02:00:00,3.29448,0,0.02376,0,0,0.00044,0,0.00024,0.21978,0.5942,0.80826,1.08275,0.00745,0.17426,0.5405,0,0,0,0,0,0,0.42039,1.50583,0.11281,0.35657,0.0198,2.3052,0.21002,0.01268,0.09637,0.20693,1.02229,1.16411,1.44426,0,2.17857,0,0.17426,0.21002,1.16411,1.44426,0.5405,0.4696,0.42039,0.68881,2.17857,0.03702,0.32505
2026-06-10 03:00:00,3.30347,0,0.02374,0,0,0.00044,0,0.00024,0.2197,0.61452,0.81162,1.0757,0.00745,0.17428,0.53972,0,0,0,0,0,0,0.42013,1.51034,0.11291,0.35703,0.0198,2.31116,0.2101,0.01263,0.097,0.20685,1.02239,1.16441,1.44467,0,2.17868,0,0.17428,0.2101,1.16441,1.44467,0.53972,0.46939,0.42013,0.68853,2.17868,0.03701,0.32499
2026-06-10 04:00:00,3.31245,0,0.0237,0,0,0.00044,0,0.00023,0.21961,0.63011,0.82183,1.06985,0.00745,0.17429,0.53906,0,0,0,0,0,0,0.4199,1.51683,0.11301,0.35748,0.01981,2.31711,0.21015,0.01257,0.09762,0.20676,1.02245,1.1647,1.44509,0,2.1788,0,0.17429,0.21015,1.1647,1.44509,0.53906,0.46917,0.4199,0.68825,2.1788,0.03699,0.32495
2026-06-10 05:00:00,3.32144,0,0.02367,0,0,0.00044,0,0.00023,0.21953,0.64346,0.8361,1.06669,0.00745,0.17431,0.53847,0,0,0,0,0,0,0.41966,1.52498,0.11311,0.35793,0.01981,2.32307,0.2102,0.01251,0.09824,0.20666,1.02251,1.165,1.4455,0,2.17892,0,0.17431,0.2102,1.165,1.4455,0.53847,0.46896,0.41966,0.68797,2.17892,0.03696,0.32491
2026-06-10 06:00:00,3.33043,0,0.02364,0,0,0.00044,0,0.00023,0.21945,0.65716,0.85296,1.06707,0.00744,0.17432,0.53798,0,0,0,0,0,0,0.41945,1.53417,0.11321,0.35838,0.01981,2.32903,0.21025,0.01245,0.09886,0.20658,1.02257,1.1653,1.44465,0,2.17903,0,0.17432,0.21025,1.1653,1.44465,0.53798,0.46872,0.41945,0.6877,2.17903,0.03694,0.32487
2026-06-10 07:00:00,3.32341,0,0.02361,0,0,0.00044,0,0.00023,0.21936,0.66825,0.86938,1.0725,0.00744,0.17434,0.53753,0,0,0,0,0,0,0.41923,1.54404,0.11332,0.35933,0.01982,2.33572,0.21028,0.0124,0.09866,0.2065,1.02155,1.1656,1.44088,0,2.17914,0,0.17434,0.21028,1.1656,1.44088,0.53753,0.46842,0.41923,0.68743,2.17914,0.03692,0.32484
2026-06-10 08:00:00,3.31638,0,0.02359,0,0,0.00044,0,0.00022,0.21928,0.67677,0.88518,1.08309,0.00744,0.17435,0.53715,0,0,0,0,0,0,0.41901,1.55434,0.11342,0.36029,0.01982,2.34242,0.21032,0.01234,0.09846,0.20643,1.02054,1.1659,1.43369,0,2.17926,0,0.17435,0.21032,1.1659,1.43369,0.53715,0.46808,0.41901,0.68716,2.17926,0.03692,0.32481
2026-06-10 09:00:00,3.30936,0,0.02356,0,0,0.00044,0,0.00021,0.2192,0.68536,0.89982,1.09726,0.00744,0.17436,0.53681,0,0,0,0,0,0,0.41877,1.56324,0.11353,0.36124,0.01983,2.34911,0.21033,0.01229,0.09827,0.20636,1.01954,1.16619,1.42337,0,2.17937,0,0.17436,0.21033,1.16619,1.42337,0.53681,0.46772,0.41877,0.68689,2.17937,0.03691,0.32478
2026-06-10 10:00:00,3.30233,0,0.02354,0,0,0.00044,0,0.00021,0.21911,0.69406,0.91279,1.11291,0.00744,0.17438,0.53652,0,0,0,0,0,0,0.41851,1.56891,0.11364,0.36219,0.01983,2.3558,0.21036,0.01223,0.09807,0.20628,1.01851,1.16649,1.41116,0,2.17949,0,0.17438,0.21036,1.16649,1.41116,0.53652,0.46735,0.41851,0.68664,2.17949,0.03689,0.32476
2026-06-10 11:00:00,3.29531,0,0.02353,0,0,0.00044,0,0.0002,0.21903,0.69995,0.92397,1.12837,0.00744,0.17439,0.53625,0,0,0,0,0,0,0.41821,1.5719,0.11374,0.36315,0.01983,2.3625,0.21038,0.01218,0.09787,0.2062,1.0175,1.16679,1.3984,0,2.17955,0,0.17439,0.21038,1.16679,1.3984,0.53625,0.46697,0.41821,0.68638,2.17955,0.03688,0.32474
2026-06-10 12:00:00,3.28828,0,0.02351,0,0,0.00044,0,0.0002,0.21895,0.7028,0.93509,1.14303,0.00744,0.17442,0.53602,0,0,0,0,0,0,0.41789,1.57309,0.11385,0.3641,0.01984,2.36919,0.21039,0.01212,0.09767,0.20613,1.01648,1.1671,1.38586,0,2.17947,0,0.17442,0.21039,1.1671,1.38586,0.53602,0.46657,0.41789,0.68613,2.17947,0.03687,0.32062
2026-06-10 13:00:00,3.27817,0,0.0235,0,0,0.00044,0,0.0002,0.21887,0.70022,0.94455,1.15627,0.00744,0.17443,0.5358,0,0,0,0,0,0,0.41754,1.57327,0.11365,0.36342,0.01984,2.36491,0.21041,0.01207,0.09704,0.20606,1.01437,1.1674,1.37381,0,2.17912,0,0.17443,0.21041,1.1674,1.37381,0.5358,0.46619,0.41754,0.68587,2.17912,0.03686,0.31392
2026-06-10 14:00:00,3.26806,0,0.02349,0,0,0.00044,0,0.00019,0.21879,0.68862,0.95119,1.16769,0.00744,0.17445,0.53561,0,0,0,0,0,0,0.41719,1.57264,0.11344,0.36274,0.01984,2.36062,0.21041,0.01201,0.09641,0.20598,1.01224,1.1677,1.36237,0,2.17832,0,0.17445,0.21041,1.1677,1.36237,0.53561,0.46582,0.41719,0.68562,2.17832,0.03685,0.31392
2026-06-10 15:00:00,3.25795,0,0.02348,0,0,0.00044,0,0.00019,0.21871,0.68001,0.95436,1.17791,0.00744,0.17446,0.53543,0,0,0,0,0,0,0.41681,1.57091,0.11324,0.36207,0.01985,2.35634,0.21042,0.01196,0.09578,0.20592,1.01012,1.168,1.35153,0,2.17695,0,0.17446,0.21042,1.168,1.35153,0.53543,0.46545,0.41681,0.68536,2.17695,0.03684,0.31392
2026-06-10 16:00:00,3.24783,0,0.02346,0,0,0.00044,0,0.00019,0.21864,0.67139,0.95177,1.18715,0.00744,0.17447,0.53527,0,0,0,0,0,0,0.41645,1.56751,0.11304,0.36139,0.01985,2.35205,0.21043,0.0119,0.09516,0.20584,1.008,1.1683,1.34128,0,2.1749,0,0.17447,0.21043,1.1683,1.34128,0.53527,0.46509,0.41645,0.6851,2.1749,0.03682,0.31392
2026-06-10 17:00:00,3.23772,0,0.02344,0,0,0.00044,0,0.00019,0.21855,0.66276,0.94523,1.19482,0.00744,0.17449,0.53512,0,0,0,0,0,0,0.41607,1.56279,0.11283,0.36071,0.01985,2.34777,0.21044,0.01185,0.09453,0.20574,1.00587,1.16855,1.33159,0,2.17213,0,0.17449,0.21044,1.16855,1.33159,0.53512,0.46474,0.41607,0.68484,2.17213,0.03679,0.31392
2026-06-10 18:00:00,3.22761,0,0.02342,0,0,0.00044,0,0.00018,0.21847,0.65713,0.93726,1.19946,0.00744,0.1745,0.53497,0,0,0,0,0,0,0.41571,1.55722,0.11263,0.36003,0.01986,2.34348,0.21044,0.01179,0.0939,0.20567,1.00373,1.16877,1.32242,0,2.16865,0,0.1745,0.21044,1.16877,1.32242,0.53497,0.46441,0.41571,0.68457,2.16865,0.03677,0.31392
2026-06-10 19:00:00,3.23508,0,0.02341,0,0,0.00044,0,0.00019,0.21839,0.64458,0.92851,1.19972,0.00744,0.17452,0.53485,0,0,0,0,0,0,0.41535,1.55111,0.11246,0.35884,0.01986,2.33945,0.21045,0.01174,0.09405,0.20563,1.0037,1.16904,1.31376,0,2.16449,0.00001,0.17452,0.21045,1.16904,1.31376,0.53485,0.46408,0.41535,0.6843,2.16449,0.03679,0.31392
2026-06-10 20:00:00,3.24255,0,0.02339,0,0,0.00044,0,0.00018,0.21831,0.63806,0.92016,1.19513,0.00743,0.17453,0.53472,0,0,0,0,0,0,0.41501,1.54466,0.11228,0.35765,0.01986,2.33543,0.21046,0.01169,0.0942,0.20562,1.00369,1.16933,1.30559,0,2.15972,0.00002,0.17453,0.21046,1.16933,1.30559,0.53472,0.46378,0.41501,0.68403,2.15972,0.03684,0.31392
2026-06-10 21:00:00,3.25003,0,0.02337,0,0,0.00044,0,0.00018,0.21823,0.62554,0.91036,1.18735,0.00743,0.17455,0.5346,0,0,0,0,0,0,0.41466,1.53958,0.11211,0.35646,0.01987,2.3314,0.21046,0.01164,0.09434,0.20568,1.00375,1.16964,1.29786,0,2.15439,0.00003,0.17455,0.21046,1.16964,1.29786,0.5346,0.46348,0.41466,0.68375,2.15439,0.03696,0.31392
2026-06-10 22:00:00,3.2575,0,0.02335,0,0,0.00044,0,0.00017,0.21814,0.61904,0.90053,1.17798,0.00743,0.17456,0.53449,0,0,0,0,0,0,0.41434,1.53769,0.11193,0.35526,0.01987,2.32737,0.21047,0.01159,0.09449,0.20595,1.00401,1.16993,1.29056,0,2.14859,0.00004,0.17456,0.21047,1.16993,1.29056,0.53449,0.4632,0.41434,0.68346,2.14859,0.03728,0.31392
2026-06-10 23:00:00,3.26497,0,0.02333,0,0,0.00043,0,0.00017,0.21806,0.61856,0.89101,1.16811,0.00743,0.17459,0.53438,0,0,0,0,0,0,0.41402,1.53859,0.11176,0.35407,0.01987,2.32335,0.21047,0.01154,0.09464,0.20629,1.00437,1.17023,1.28366,0,2.14239,0.00005,0.17459,0.21047,1.17023,1.28366,0.53438,0.46294,0.41402,0.68318,2.14239,0.03769,0.31392
2026-06-11 00:00:00,3.27244,0,0.02331,0,0,0.00043,0,0.00016,0.21798,0.61807,0.88134,1.15769,0.00743,0.1746,0.53427,0,0,0,0,0,0,0.41372,1.54126,0.11158,0.35288,0.01988,2.31932,0.21048,0.01149,0.09479,0.20656,1.00463,1.17053,1.27715,0,2.13587,0.00006,0.1746,0.21048,1.17053,1.27715,0.53427,0.46269,0.41372,0.6829,2.13587,0.03801,0.31392
2026-06-11 01:00:00,3.28182,0,0.02329,0,0,0.00043,0,0.00016,0.2179,0.63267,0.87546,1.14655,0.00743,0.17461,0.53374,0,0,0,0,0,0,0.41343,1.54507,0.11174,0.35323,0.02034,2.32656,0.21047,0.01144,0.09544,0.20669,1.00529,1.17083,1.27101,0,2.1291,0.00005,0.17461,0.21047,1.17083,1.27101,0.53374,0.46243,0.41343,0.68261,2.1291,0.0382,0.31392
2026-06-11 02:00:00,3.29119,0,0.02327,0,0,0.00043,0,0.00016,0.21782,0.64736,0.87359,1.13538,0.00743,0.17463,0.53283,0,0,0,0,0,0,0.41316,1.54959,0.11189,0.35359,0.02034,2.33381,0.21051,0.01139,0.09609,0.20666,1.00579,1.17113,1.26521,0,2.12213,0.00005,0.17463,0.21051,1.17113,1.26521,0.53283,0.46221,0.41316,0.68231,2.12213,0.03823,0.31392
2026-06-11 03:00:00,3.30057,0,0.02325,0,0,0.00043,0,0.00015,0.21773,0.66824,0.87669,1.12427,0.00743,0.17464,0.53205,0,0,0,0,0,0,0.41289,1.55529,0.11205,0.35394,0.02035,2.34105,0.21058,0.01135,0.09674,0.20657,1.00623,1.17143,1.25973,0,2.11502,0.00004,0.17464,0.21058,1.17143,1.25973,0.53205,0.462,0.41289,0.68203,2.11502,0.03819,0.31392
2026-06-11 04:00:00,3.30994,0,0.02323,0,0,0.00043,0,0.00015,0.21765,0.68316,0.88704,1.11462,0.00743,0.17466,0.53137,0,0,0,0,0,0,0.41265,1.5628,0.11221,0.35429,0.02035,2.34829,0.21064,0.0113,0.09738,0.20623,1.0064,1.17173,1.25456,0,2.10785,0.00003,0.17466,0.21064,1.17173,1.25456,0.53137,0.46179,0.41265,0.68173,2.10785,0.03791,0.31392
2026-06-11 05:00:00,3.31932,0,0.02321,0,0,0.00043,0,0.00015,0.21758,0.69513,0.90172,1.10839,0.00743,0.17467,0.53079,0,0,0,0,0,0,0.41241,1.57176,0.11236,0.35465,0.02035,2.35554,0.21069,0.01125,0.09803,0.20576,1.00646,1.17203,1.2497,0,2.10063,0.00003,0.17467,0.21069,1.17203,1.2497,0.53079,0.46157,0.41241,0.68144,2.10063,0.0375,0.31392
2026-06-11 06:00:00,3.32869,0,0.02319,0,0,0.00043,0,0.00015,0.21749,0.70716,0.91894,1.10642,0.00743,0.17469,0.53028,0,0,0,0,0,0,0.41219,1.58166,0.11252,0.355,0.02036,2.36278,0.21074,0.0112,0.09868,0.20541,1.00663,1.17233,1.24511,0,2.09342,0.00002,0.17469,0.21074,1.17233,1.24511,0.53028,0.4613,0.41219,0.68115,2.09342,0.0372,0.31392
2026-06-11 07:00:00,3.32084,0,0.02317,0,0,0.00043,0,0.00014,0.21739,0.71585,0.93524,1.11023,0.00743,0.1747,0.52984,0,0,0,0,0,0,0.41196,1.59214,0.11263,0.35576,0.02036,2.37038,0.21078,0.01116,0.09839,0.20513,1.00537,1.17264,1.24078,0,2.08626,0.00002,0.1747,0.21078,1.17264,1.24078,0.52984,0.461,0.41196,0.68086,2.08626,0.03697,0.31392
2026-06-11 08:00:00,3.313,0,0.02316,0,0,0.00043,0,0.00014,0.2173,0.72147,0.95036,1.11987,0.00743,0.17471,0.52946,0,0,0,0,0,0,0.41174,1.60299,0.11273,0.35652,0.02036,2.37797,0.21081,0.01111,0.09809,0.20497,1.00422,1.17294,1.23669,0,2.07917,0.00002,0.17471,0.21081,1.17294,1.23669,0.52946,0.46066,0.41174,0.68058,2.07917,0.03686,0.31392
2026-06-11 09:00:00,3.30516,0,0.02313,0,0,0.00043,0,0.00013,0.21722,0.72712,0.96373,1.13347,0.00742,0.17474,0.52911,0,0,0,0,0,0,0.41149,1.61223,0.11284,0.35728,0.02037,2.38557,0.21083,0.01107,0.0978,0.2048,1.00309,1.17323,1.23285,0,2.07218,0.00002,0.17474,0.21083,1.17323,1.23285,0.52911,0.4603,0.41149,0.68032,2.07218,0.03675,0.31392
2026-06-11 10:00:00,3.29731,0,0.02311,0,0,0.00043,0,0.00013,0.21713,0.73279,0.97482,1.14851,0.00742,0.17475,0.52881,0,0,0,0,0,0,0.41122,1.61796,0.11294,0.35804,0.02037,2.39317,0.21085,0.01102,0.09751,0.20467,1.00196,1.17353,1.22923,0,2.06532,0.00001,0.17475,0.21085,1.17353,1.22923,0.52881,0.45991,0.41122,0.68004,2.06532,0.03666,0.31392
2026-06-11 11:00:00,3.28946,0,0.02309,0,0,0.00043,0,0.00012,0.21704,0.73536,0.98367,1.16303,0.00742,0.17477,0.52854,0,0,0,0,0,0,0.41091,1.62082,0.11305,0.3588,0.02038,2.40076,0.21087,0.01098,0.09721,0.20456,1.00087,1.17383,1.22581,0,2.05859,0.00001,0.17477,0.21087,1.17383,1.22581,0.52854,0.45952,0.41091,0.67978,2.05859,0.0366,0.31392
2026-06-11 12:00:00,3.28162,0,0.02307,0,0,0.00043,0,0.00013,0.21695,0.73479,0.99158,1.17629,0.00742,0.17478,0.52831,0,0,0,0,0,0,0.41059,1.62186,0.11315,0.35956,0.02038,2.40836,0.21089,0.01093,0.09692,0.20445,0.99978,1.17413,1.22259,0,2.05204,0.00001,0.17478,0.21089,1.17413,1.22259,0.52831,0.45913,0.41059,0.6795,2.05204,0.03655,0.31395
