GMT,FRAC1,LTDC1,HIDC1,BHNC1,MPAC1,OWCC1,BNCC1,BCKC1,MEEC1,HPIC1,POHC1,EXQC1,DSNC1,STVC1,NWMC1,LGCC1,WARC1,LGAC1,PNEC1,LBDC1,OREC1,PATC1,HETC1,LNRC1,CHVC1F,DCMC1,NDPC1,MDSC1,NDVC1,NSWC1,AVYC1,NMSC1,OBBC1,RIPC1,PTTC1,VNSC1,KNFC1L,STVC1,MDSC1,OBBC1,RIPC1,NWMC1,CRDC1,PATC1,MZRC1,VNSC1,AVYC1L,NDPC1L
,QINE,QINE,QINE,QINE,QINE,QINE,QINE,QINE,QINE,QINE,QINE,QINE,QINE,QINE,QINE,QINE,QINE,QINE,QINE,QINE,QINE,QINE,QINE,QINE,QINE,QINE,QINE,QINE,QINE,QINE,QINE,QINE,QINE,QINE,QINE,QINE,QINE,QINE,QINE,QINE,QINE,QINE,QINE,QINE,QINE,QINE,SQIN,SQIN
2025-12-31 12:00:00,1.14299,0.01456,0.06866,0.04859,0.017,0.003,0.008,0.014,0.06214,0.18362,0.3956,1.0934,0.01951,0.14402,0.92928,0.00072,0,0.00093,0,-0.01018,0.00001,0.94911,0.56329,0.20539,0.33011,0.035,2.00964,0.41778,0.064,0.13574,0.30503,1.23665,0.24203,0.22806,0.00125,1.9878,0.03817,0.14402,0.41778,0.24203,0.22806,0.92928,0.98225,0.94911,1.54918,1.9878,0.26489,0.59282
2025-12-31 13:00:00,1.04403,0.01448,0.0686,0.04759,0.029,0.003,0.008,0.014,0.06059,0.18096,0.39208,0.9911,0.01909,0.14502,0.92596,0.00072,0,0.00093,0,-0.00141,0.00001,0.94611,0.58168,0.20377,0.34602,0.032,1.99415,0.41506,0.064,0.1345,0.29703,1.08983,0.24603,0.22806,0.00125,1.98055,0.03805,0.14502,0.41506,0.24603,0.22806,0.92596,0.97868,0.94611,1.542,1.98055,0.2638,0.63249
2025-12-31 14:00:00,1.01121,0.0144,0.06333,0.04759,0.029,0.003,0.008,0.014,0.05907,0.17817,0.39208,0.8631,0.01867,0.14402,0.92264,0.00072,0,0.00092,0,0.00294,0.00001,0.9421,0.60078,0.18297,0.35202,0.03,1.97867,0.41236,0.06399,0.13265,0.30003,0.94345,0.24203,0.22666,0.00125,1.97331,0.03793,0.14402,0.41236,0.24203,0.22666,0.92264,0.97512,0.9421,1.53499,1.97331,0.26313,0.63258
2025-12-31 15:00:00,1.01155,0.01432,0.06339,0.04051,0.028,0.003,0.008,0.014,0.05907,0.17817,0.39208,0.6576,0.01825,0.14402,0.92264,0.00072,0,0.00086,0,0.00294,0.00001,0.9421,0.56439,0.18151,0.36924,0.029,1.96319,0.40965,0.06399,0.13203,0.30003,0.79679,0.24203,0.22806,0.00125,1.96608,0.03782,0.14402,0.40965,0.24203,0.22806,0.92264,0.97512,0.9421,1.52811,1.96608,0.26219,0.63268
2025-12-31 16:00:00,1.01176,0.01425,0.06351,0.03334,0.028,0.003,0.008,0.014,0.05907,0.17817,0.38858,0.52933,0.01785,0.14302,0.91602,0.00072,0,0.00085,0,0.00589,0.00001,0.9421,0.52899,0.1976,0.35301,0.034,1.94771,0.40965,0.06398,0.13203,0.29503,0.64942,0.24203,0.22806,0.00125,1.95885,0.0377,0.14302,0.40965,0.24203,0.22806,0.91602,0.97156,0.9421,1.52136,1.95885,0.26056,0.63279
2025-12-31 17:00:00,1.1429,0.01418,0.06351,0.04034,0.028,0.003,0.008,0.013,0.05759,0.17817,0.38858,0.42724,0.01744,0.14302,0.91602,0.00072,0,0.00079,0,0.0088,0.00001,0.9341,0.53098,0.19574,0.338,0.034,1.93223,0.40696,0.06298,0.13265,0.29703,0.5018,0.24203,0.22666,0.00125,1.95165,0.03758,0.14302,0.40696,0.24203,0.22666,0.91602,0.96801,0.9341,1.51471,1.95165,0.25865,0.63291
2025-12-31 18:00:00,1.40483,0.01412,0.05824,0.04134,0.028,0.003,-0.004,0.013,0.05759,0.18362,0.38858,0.32515,0.01701,0.14302,0.91272,0.00076,0,0.00078,0,0.00438,0.00001,0.9311,0.57086,0.17646,0.36426,0.03,1.91675,0.40427,0.06297,0.13327,0.30003,0.35457,0.24203,0.22666,0.00125,1.94445,0.03746,0.14302,0.40427,0.24203,0.22666,0.91272,0.96801,0.9311,1.50819,1.94445,0.25715,0.63304
2025-12-31 19:00:00,1.53645,0.01404,0.05292,0.04234,0.028,0.003,0.008,0.013,0.05615,0.18096,0.38509,0.37617,0.0166,0.14302,0.90941,0.00079,0,0.00072,0,0.01907,0.00001,0.9311,0.60997,0.18497,0.3875,0.028,1.92539,0.40427,0.06297,0.1345,0.29203,0.4199,0.24203,0.22527,0.00125,1.93726,0.03734,0.14302,0.40427,0.24203,0.22527,0.90941,0.96447,0.9311,1.50187,1.93726,0.25694,0.63319
2025-12-31 20:00:00,1.53677,0.01396,0.05802,0.04134,0.028,0.003,0.008,0.013,0.05615,0.18096,0.38858,0.42719,0.01618,0.14302,0.90612,0.00079,0,0.00072,0,0.02643,0.00001,0.9311,0.59268,0.21254,0.42582,0.03,1.93404,0.40157,0.06297,0.1413,0.29703,0.48661,0.24203,0.22527,0.00125,1.93009,0.03723,0.14302,0.40157,0.24203,0.22527,0.90612,0.96093,0.9311,1.49573,1.93009,0.2581,0.63335
2025-12-31 21:00:00,1.53611,0.01389,0.05791,0.05451,0.028,0.002,0.008,0.013,0.05474,0.18362,0.38858,0.53008,0.01577,0.14302,0.90612,0.00086,0,0.00072,0,0.00883,0.00001,0.9311,0.63018,0.22124,0.45341,0.026,1.94269,0.39889,0.06296,0.14992,0.29703,0.55491,0.24203,0.22527,0.00125,1.92291,0.03711,0.14302,0.39889,0.24203,0.22527,0.90612,0.96447,0.9311,1.48969,1.92291,0.26086,0.63354
2025-12-31 22:00:00,1.53577,0.01382,0.05763,0.05459,0.028,0.002,0.008,0.013,0.05474,0.18362,0.38858,0.68429,0.01535,0.14302,0.90282,0.0009,0,0.00072,0,0.00003,0.00001,0.9271,0.68533,0.22142,0.46204,0.027,1.95134,0.39621,0.06296,0.1579,0.29203,0.6281,0.24203,0.22527,0.00125,1.91576,0.03699,0.14302,0.39621,0.24203,0.22527,0.90282,0.96093,0.9271,1.48382,1.91576,0.26851,0.63376
2025-12-31 23:00:00,1.53593,0.01376,0.0627,0.04759,0.028,0.002,0.008,0.012,0.05474,0.1863,0.39208,0.83817,0.01494,0.14202,0.90612,0.00093,0,0.00072,0,0.003,0.00001,0.9271,0.68541,0.23933,0.45262,0.026,1.95999,0.39621,0.06366,0.16587,0.30003,0.70381,0.24203,0.22527,0.00125,1.91576,0.03688,0.14202,0.39621,0.24203,0.22527,0.90612,0.96093,0.9271,1.47809,1.91576,0.27867,0.634
2026-01-01 00:00:00,1.56889,0.0137,0.06783,0.04759,0.015,0.002,0.008,0.012,0.05474,0.19173,0.3956,0.94047,0.01453,0.14202,0.90282,0.00101,0,0.00072,0,0.0118,0.00001,0.9271,0.62908,0.26642,0.4966,0.023,1.96863,0.39354,0.06647,0.17388,0.29503,0.77713,0.23903,0.22387,0.00125,1.90862,0.03676,0.14202,0.39354,0.23903,0.22387,0.90282,0.96093,0.9271,1.47244,1.90862,0.28645,0.63429
2026-01-01 01:00:00,1.73235,0.01365,0.07295,0.04759,0.027,0.002,0.008,0.012,0.05474,0.19448,0.3956,0.9405,0.01413,0.14202,0.89954,0.0011,0,0.00072,0,-0.0058,0.00001,0.9271,0.62908,0.27639,0.55473,0.023,2.04613,0.39354,0.0665,0.18188,0.29503,0.82973,0.24203,0.22387,0.00125,1.90149,0.03746,0.14202,0.39354,0.24203,0.22387,0.89954,0.9574,0.9271,1.46686,1.90149,0.29632,0.63464
2026-01-01 02:00:00,1.96183,0.01359,0.06766,0.04859,0.027,0.003,0.008,0.012,0.05474,0.20005,0.39914,1.04289,0.01384,0.14202,0.89625,0.00119,0,0.00072,0,-0.01165,0.00001,0.9191,0.70408,0.28682,0.60786,0.02251,2.12362,0.39088,0.06753,0.18185,0.29703,0.8846,0.24203,0.22387,0.00125,1.90149,0.03816,0.14202,0.39088,0.24203,0.22387,0.89625,0.9574,0.9191,1.46142,1.90149,0.30741,0.63505
2026-01-01 03:00:00,2.25773,0.01354,0.06757,0.03542,0.027,0.003,0.008,0.012,0.05336,0.20287,0.40626,1.19573,0.01377,0.14102,0.89954,0.00119,0,0.00072,0,0.003,0.00001,0.9231,0.70496,0.29867,0.67794,0.022,2.20111,0.38822,0.06857,0.18368,0.30203,0.94619,0.24603,0.22249,0.00125,1.89437,0.03887,0.14102,0.38822,0.24603,0.22249,0.89954,0.9574,0.9231,1.45615,1.89437,0.32725,0.63555
2026-01-01 04:00:00,2.58562,0.01349,0.07286,0.02834,0.027,0.003,0.008,0.012,0.05336,0.20005,0.41344,1.19516,0.01463,0.14002,0.89625,0.00119,0,0.00072,0,0.01474,0.00001,0.9231,0.70573,0.31018,0.67573,0.02299,2.2786,0.38822,0.06961,0.20645,0.30203,1.02507,0.24603,0.22387,0.00125,1.89437,0.03957,0.14002,0.38822,0.24603,0.22387,0.89625,0.9574,0.9231,1.45104,1.89437,0.3725,0.63618
2026-01-01 05:00:00,2.62202,0.01346,0.07801,0.02125,0.027,0.003,0.008,0.012,0.05474,0.2083,0.41706,1.24627,0.01613,0.14102,0.89625,0.00119,0,0.00072,0,0.01766,0.00001,0.9231,0.74275,0.33591,0.68976,0.024,2.35608,0.38822,0.07265,0.24401,0.30503,1.11477,0.24203,0.22387,0.00141,1.88727,0.04027,0.14102,0.38822,0.24203,0.22387,0.89625,0.9574,0.9231,1.44609,1.88727,0.43005,0.63698
2026-01-01 06:00:00,2.65687,0.01342,0.08316,0.01417,0.027,0.003,0.008,0.012,0.05474,0.21088,0.42434,1.45131,0.01715,0.14002,0.89625,0.00119,0,0.00076,0,0.01471,0.00001,0.9191,0.83459,0.36317,0.73421,0.024,2.43358,0.38822,0.07368,0.28215,0.31203,1.19969,0.24203,0.22249,0.00141,1.88727,0.04097,0.14002,0.38822,0.24203,0.22249,0.89625,0.9574,0.9191,1.4412,1.88727,0.4745,0.63806
2026-01-01 07:00:00,2.83843,0.0134,0.0884,0.00708,0.027,0.003,0.008,0.012,0.05615,0.2187,0.43537,1.51266,0.01773,0.14002,0.89625,0.00129,0,0.00079,0,0.01471,0.00001,0.9231,0.90811,0.39508,0.8194,0.023,2.89933,0.39088,0.07715,0.32028,0.32004,1.33616,0.24603,0.22387,0.00141,1.87309,0.05107,0.14002,0.39088,0.24603,0.22387,0.89625,0.9574,0.9231,1.43645,1.87309,0.51418,0.63957
2026-01-01 08:00:00,2.94456,0.01338,0.0937,0,0.027,0.004,0.008,0.012,0.05615,0.224,0.43537,1.52812,0.0182,0.14056,0.89625,0.00129,0,0.0008,0,0.0103,0.00001,0.9231,0.90834,0.41899,0.93818,0.027,3.36507,0.40427,0.08316,0.35784,0.33104,1.44769,0.24903,0.22666,0.00141,1.88017,0.06117,0.14056,0.40427,0.24903,0.22666,0.89625,0.96093,0.9231,1.43193,1.88017,0.54512,0.64183
2026-01-01 09:00:00,2.98453,0.01336,0.09376,0,0.04,0.005,0.008,0.013,0.05759,0.2321,0.44655,1.55448,0.01896,0.14102,0.89954,0.00139,0,0.00086,0,0.00147,0.00001,0.9311,0.94553,0.45259,1.0454,0.031,3.83082,0.42594,0.08628,0.39109,0.34704,1.54965,0.25303,0.22946,0.00157,1.88017,0.07127,0.14102,0.42594,0.25303,0.22946,0.89954,0.96093,0.9311,1.42762,1.88017,0.59376,0.64559
2026-01-01 10:00:00,3.20905,0.01335,0.08846,0.00608,0.028,0.005,0.021,0.013,0.05759,0.24035,0.46168,1.75952,0.02169,0.14102,0.89297,0.00161,0,0.0009,0,-0.00297,0.00001,0.9311,1.03839,0.52522,1.2056,0.031,4.29657,0.45071,0.0894,0.40831,0.36604,1.6566,0.25603,0.23369,0.00157,1.87309,0.08137,0.14102,0.45071,0.25603,0.23369,0.89297,0.96093,0.9311,1.4236,1.87309,0.69133,0.65313
2026-01-01 11:00:00,3.81165,0.01335,0.07801,0.01925,0.028,0.005,0.01,0.013,0.05615,0.26022,0.48094,2.0666,0.02742,0.14202,0.89297,0.00173,0,0.00094,0,0.00874,0.00001,0.9341,1.16843,0.59727,1.43689,0.025,4.76231,0.46185,0.09251,0.41505,0.37804,1.75097,0.25603,0.23369,0.00157,1.86602,0.09147,0.14202,0.46185,0.25603,0.23369,0.89297,0.96093,0.9341,1.42028,1.86602,0.81119,0.67573
2026-01-01 12:00:00,4.82896,0.01336,0.07798,0.04042,0.028,0.005,0.011,0.013,0.05759,0.27197,0.5086,4,0.03212,0.14202,0.89297,0.00173,0,0.00102,0,0.01316,0.00001,0.9381,1.31636,0.6818,1.67384,0.027,5.22806,0.47025,0.09663,0.44397,0.39804,1.80826,0.25603,0.23227,0.00175,1.86602,0.10157,0.14202,0.47025,0.25603,0.23227,0.89297,0.96093,0.9381,1.41818,1.86602,0.90439,1.87247
2026-01-01 13:00:00,5.80913,0.0134,0.09361,0.07468,0.028,0.006,0.013,0.014,0.06214,0.30262,0.53292,6.48968,0.03644,0.14402,0.89625,0.00226,0.00666,0.00111,0,-0.0015,0.00001,0.9381,1.46511,0.82588,1.91364,0.026,6.36483,0.46744,0.10375,0.492,0.42605,2.18765,0.26303,0.23369,0.00175,1.85896,0.14642,0.14402,0.46744,0.26303,0.23369,0.89625,0.96093,0.9381,1.4176,1.85896,1.0018,2.23206
2026-01-01 14:00:00,6.35316,0.01345,0.10918,0.09485,0.028,0.006,0.019,0.014,0.06214,0.33844,0.55781,8.98379,0.04255,0.14602,0.89954,0.00411,0.01332,0.00119,0,-0.0015,0.00001,0.9421,1.74477,1.03658,2.23703,0.041,7.50162,0.48435,0.11287,0.57817,0.45405,2.57652,0.27403,0.23797,0.00195,1.86602,0.19127,0.14602,0.48435,0.27403,0.23797,0.89954,0.96801,0.9421,1.41814,1.86602,1.09668,2.53439
2026-01-01 15:00:00,6.78976,0.01351,0.11965,0.10193,0.03,0.007,0.08501,0.014,0.06787,0.38727,0.60933,10.30346,0.05666,0.14602,0.89954,0.00508,0.01999,0.00119,0,0.01416,0.00001,0.94911,2.13464,1.31582,2.64605,0.039,8.64524,0.5158,0.12979,0.70248,0.49005,3.00824,0.30003,0.2394,0.00195,1.87309,0.23612,0.14602,0.5158,0.30003,0.2394,0.89954,0.97156,0.94911,1.41927,1.87309,1.25896,2.83671
2026-01-01 16:00:00,6.89879,0.014,0.11991,0.10293,0.032,0.009,0.19002,0.015,0.06873,0.46342,0.69561,11.62633,0.08793,0.14502,0.89625,0.00534,0.02665,0.00119,0.00016,0.01466,0,0.95711,2.56363,1.61676,3.16085,0.0323,9.78886,0.53902,0.16696,0.82802,0.58907,3.54591,0.36204,0.2394,0.00215,1.86602,0.28097,0.14502,0.53902,0.36204,0.2394,0.89625,0.97512,0.95711,1.42048,1.86602,1.61581,3.13904
2026-01-01 17:00:00,6.89773,0.01656,0.12007,0.10285,0.04,0.015,0.77309,0.018,0.06873,0.55604,0.81795,12.94874,0.13788,0.14602,0.89954,0.0062,0.03331,0.00119,0.001,-0.001,0.00001,0.95711,3.02938,1.86467,3.51247,0.02566,10.93249,0.53319,0.2101,0.94745,0.68708,4.14358,0.44505,0.23797,0.00215,1.85896,0.32582,0.14602,0.53319,0.44505,0.23797,0.89954,0.97868,0.95711,1.42205,1.85896,2.06549,3.44136
2026-01-01 18:00:00,6.89933,0.02377,0.12027,0.10893,0.04701,0.042,1.29214,0.022,0.07049,0.67277,1.00043,14.28193,0.19823,0.14802,0.89625,0.01593,0.03997,0.00121,0.00081,-0.00739,0.00001,0.95711,3.36499,2.04282,3.60127,0.019,12.07611,0.50717,0.28627,1.04347,0.9181,4.7061,0.49906,0.23797,0.00236,1.84487,0.37067,0.14802,0.50717,0.49906,0.23797,0.89625,0.97512,0.95711,1.42497,1.84487,2.41346,3.74369
2026-01-01 19:00:00,7.1174,0.03898,0.09963,0.10901,0.05101,0.10701,1.29414,0.03,0.07321,0.77513,1.14648,12.99472,0.26063,0.15102,0.89297,0.22051,0.04581,0.00129,0.00064,0.01018,0.00001,0.95711,3.53445,2.15387,3.68539,0.019,12.2952,0.47588,0.36103,1.12284,1.27014,4.8535,0.56706,0.2394,0.00236,1.84487,0.37049,0.15102,0.47588,0.56706,0.2394,0.89297,0.97512,0.95711,1.42939,1.84487,2.63369,4.04602
2026-01-01 20:00:00,7.76993,0.06094,0.07896,0.12918,0.05701,0.16702,1.27414,0.06001,0.07757,0.78581,1.30121,11.74119,0.3205,0.15002,0.89625,0.1964,0.05165,0.00131,0.00064,0.02487,0.00001,0.95311,3.51691,2.19103,3.67361,0.01929,12.5143,0.45071,0.44338,1.16531,1.84221,4.92111,0.68808,0.24229,0.00236,1.83783,0.37031,0.15002,0.45071,0.68808,0.24229,0.89625,0.97156,0.95311,1.43412,1.83783,2.69666,4.34834
2026-01-01 21:00:00,8.53089,0.084,0.0686,0.15644,0.06101,0.16602,1.39116,0.12101,0.20816,0.82382,1.49633,10.53286,0.37116,0.14802,0.89297,0.13767,0.0575,0.00143,0.00049,0.03273,0.00001,0.95711,3.40452,2.14042,3.51802,0.01963,12.73339,0.43141,0.49095,1.16719,2.27425,4.96764,0.79809,0.24374,0.00259,1.85191,0.37013,0.14802,0.43141,0.79809,0.24374,0.89297,0.97156,0.95711,1.43771,1.85191,2.71921,4.65067
2026-01-01 22:00:00,9.83763,0.10789,0.07896,0.18369,0.06101,0.14402,1.41616,0.29203,0.58639,0.89708,1.59641,9.38542,0.38515,0.14702,0.89625,0.08325,0.06334,0.00304,0.00049,0.02051,0.00001,0.95711,3.23433,2.00333,3.16994,0.02,12.95248,0.42049,0.55973,1.15677,2.46727,4.9389,0.81109,0.24666,0.00283,1.85896,0.36995,0.14702,0.42049,0.81109,0.24666,0.89625,0.97156,0.95711,1.43944,1.85896,2.5891,4.95299
2026-01-01 23:00:00,11.1455,0.13555,0.09467,0.20494,0.06101,0.23703,1.28714,0.46605,0.73252,0.8962,1.65964,8.22222,0.36251,0.14602,0.89625,0.06605,0.06918,0.03667,0.00049,-0.00491,0.00001,0.95711,2.97231,1.89455,2.83347,0.022,13.17158,0.41236,0.50565,1.12726,2.22025,4.86504,0.75308,0.24959,0.00292,1.85896,0.36977,0.14602,0.41236,0.75308,0.24959,0.89625,0.97156,0.95711,1.43944,1.85896,2.3657,5.25532
2026-01-02 00:00:00,11.79819,0.15757,0.09985,0.20494,0.06201,0.25903,1.04212,0.59207,0.79009,0.89708,1.66695,7.05833,0.33441,0.14402,0.89625,0.05082,0.07502,0.06706,0.00064,-0.00294,0.00001,0.95311,2.78472,1.84586,2.77918,0.021,13.39067,0.40965,0.48179,1.08417,2.05023,4.82022,0.68408,0.25255,0.00308,1.85191,0.36959,0.14402,0.40965,0.68408,0.25255,0.89625,0.96801,0.95311,1.43816,1.85191,2.20168,5.55764
2026-01-02 01:00:00,12.34283,0.1752,0.11539,0.20486,0.06801,0.24603,0.8711,0.65707,0.88786,0.89708,1.70366,6.76787,0.30749,0.14302,0.89625,0.03896,0.06485,0.07412,0.00143,0.00003,0.00001,0.95311,2.59766,1.77563,2.62773,0.024,13.19217,0.40696,0.50385,1.04047,1.86121,4.82288,0.61607,0.25404,0.00335,1.85896,0.35147,0.14302,0.40696,0.61607,0.25404,0.89625,0.96801,0.95311,1.43606,1.85896,2.06823,5.85997
2026-01-02 02:00:00,12.88793,0.18856,0.13102,0.20586,0.07301,0.23403,0.75608,0.67107,1.06387,0.91448,1.73332,6.42659,0.28224,0.14302,0.89625,0.03173,0.05469,0.08495,0.0012,-0.00438,0.00001,0.94911,2.44793,1.70682,2.43547,0.024,12.99367,0.40427,0.5219,0.99736,1.7572,4.85079,0.56306,0.25702,0.00335,1.88017,0.33334,0.14302,0.40427,0.56306,0.25702,0.89625,0.96801,0.94911,1.43348,1.88017,2.0019,6.1623
2026-01-02 03:00:00,13.43256,0.19768,0.15174,0.21894,0.07601,0.20602,0.66907,0.67408,1.23652,0.87417,1.73332,6.03393,0.25974,0.14302,0.89297,0.02694,0.04452,0.10722,0.00081,-0.01907,0.00001,0.94611,2.33843,1.63937,2.33515,0.026,12.79518,0.40157,0.54297,0.95486,1.73819,4.86476,0.53106,0.25852,0.00335,1.89437,0.31522,0.14302,0.40157,0.53106,0.25852,0.89297,0.96447,0.94611,1.43072,1.89437,1.92225,5.91165
2026-01-02 04:00:00,13.65063,0.20382,0.17759,0.24611,0.09601,0.17602,0.55106,0.66907,1.38115,0.87987,1.73332,5.64966,0.24,0.14302,0.89297,0.02355,0.03435,0.13206,0.01752,-0.01468,0.00001,0.94611,2.17202,1.58609,2.19853,0.029,12.59668,0.40157,0.52701,0.92346,1.58618,4.86563,0.51506,0.25702,0.00335,1.90149,0.2971,0.14302,0.40157,0.51506,0.25702,0.89297,0.96447,0.94611,1.42796,1.90149,1.83198,5.661
2026-01-02 05:00:00,13.58379,0.19696,0.22424,0.29445,0.15002,0.15702,0.38204,0.65007,1.48575,0.85158,1.71846,5.26707,0.22308,0.14202,0.89297,0.02038,0.02419,0.11465,0.01435,0.00586,0.00001,0.9421,2.07825,1.52395,2.18408,0.03,12.39818,0.40157,0.50007,0.91357,1.51717,4.86138,0.51906,0.26003,0.00335,1.91576,0.27897,0.14202,0.40157,0.51906,0.26003,0.89297,0.96093,0.9421,1.42517,1.91576,1.74631,5.41035
2026-01-02 06:00:00,13.2357,0.18644,0.30221,0.36304,0.21402,0.13101,0.34148,0.61707,1.58076,0.81286,1.65236,4.86053,0.20838,0.14302,0.8897,0.01784,0.01402,0.1006,0.01149,0.00586,0.00001,0.9421,1.96892,1.44975,2.07718,0.033,12.19968,0.40157,0.46148,0.8988,1.45116,4.85825,0.51506,0.26295,0.00363,1.92291,0.26085,0.14302,0.40157,0.51506,0.26295,0.8897,0.96093,0.9421,1.42235,1.92291,1.67583,5.15971
2026-01-02 07:00:00,12.11456,0.1699,0.38539,0.43172,0.27103,0.10801,0.32232,0.58607,1.68936,0.80741,1.62341,4.61817,0.1952,0.14302,0.8897,0.01547,0.01253,0.08954,0.01018,0.00288,0.00001,0.9381,1.89456,1.37909,1.97844,0.036,11.54218,0.40427,0.42909,0.85389,1.33915,4.90275,0.49506,0.26885,0.00363,1.92291,0.24798,0.14302,0.40427,0.49506,0.26885,0.8897,0.96093,0.9381,1.41958,1.92291,1.6288,4.90906
2026-01-02 08:00:00,10.697,0.15042,0.46341,0.48722,0.31103,0.05801,0.31904,0.54406,1.77617,0.77513,1.59472,4.36453,0.18321,0.14202,0.8897,0.01413,0.01103,0.07957,0.00895,-0.01177,0.00001,0.9381,1.87512,1.3065,1.95105,0.038,10.88467,0.40696,0.40052,0.79789,1.32415,4.93571,0.47605,0.27785,0.0039,1.92291,0.2351,0.14202,0.40696,0.47605,0.27785,0.8897,0.9574,0.9381,1.41695,1.92291,1.60051,4.65841
2026-01-02 09:00:00,9.10584,0.13073,0.52597,0.52248,0.33504,0.05147,0.29603,0.49406,1.83557,0.76453,1.55921,4.06869,0.17257,0.14202,0.8897,0.01161,0.00954,0.07093,0.00779,-0.01174,0.00001,0.9341,1.81791,1.2546,1.785,0.036,10.22717,0.40965,0.38066,0.74309,1.22614,4.94023,0.45705,0.29165,0.0039,1.92291,0.22223,0.14202,0.40965,0.45705,0.29165,0.8897,0.9574,0.9341,1.41442,1.92291,1.56284,4.40777
2026-01-02 10:00:00,7.63787,0.1127,0.57481,0.53656,0.34704,0.05001,0.28103,0.43805,1.86959,0.72807,1.48254,3.78827,0.16313,0.14302,0.89297,0.01038,0.00805,0.06311,0.00672,-0.00291,0.00001,0.9341,1.79917,1.18384,1.76562,0.04,9.56967,0.41778,0.36645,0.684,1.11312,4.90202,0.43405,0.31064,0.0039,1.92291,0.20935,0.14302,0.41778,0.43405,0.31064,0.89297,0.9574,0.9341,1.41208,1.92291,1.49654,4.15712
2026-01-02 11:00:00,6.51926,0.09813,0.60717,0.51639,0.35104,0.05401,0.26503,0.38104,1.85,0.6926,1.4688,3.51695,0.15475,0.14302,0.8897,0.00925,0.00655,0.05633,0.00573,0.00147,0.00001,0.9271,1.72633,1.11961,1.7311,0.06901,8.91216,0.42049,0.34789,0.6237,1.09712,4.83065,0.42205,0.33506,0.00418,1.91576,0.19647,0.14302,0.42049,0.42205,0.33506,0.8897,0.9574,0.9271,1.40997,1.91576,1.41847,3.90647
2026-01-02 12:00:00,5.73256,0.08907,0.60996,0.48306,0.35304,0.05001,0.24003,0.32704,1.79299,0.68762,1.42125,3.24068,0.1473,0.14302,0.8897,0.00854,0.00506,0.04999,0.00481,0.00439,0.00001,0.9271,1.63357,1.06306,1.63574,0.20002,8.25466,0.42321,0.36003,0.58244,1.04412,4.7467,0.40204,0.35854,0.00418,1.90862,0.1836,0.14302,0.42321,0.40204,0.35854,0.8897,0.9574,0.9271,1.40811,1.90862,1.35724,3.34167
2026-01-02 13:00:00,5.38512,0.08006,0.57978,0.44264,0.35304,0.04701,0.20402,0.27503,1.68936,0.67277,1.37448,3.07872,0.14067,0.14302,0.88642,0.00749,0.00486,0.04428,0.00439,0.00294,0.00001,0.9271,1.59564,1.01077,1.61883,0.46805,7.89801,0.43141,0.33882,0.57011,1.03312,4.79348,0.39004,0.38469,0.00418,1.90149,0.17393,0.14302,0.43141,0.39004,0.38469,0.88642,0.9574,0.9271,1.40663,1.90149,1.31144,2.9436
2026-01-02 14:00:00,5.3854,0.07136,0.54349,0.4013,0.35304,0.044,0.19602,0.22803,1.56155,0.64363,1.34812,2.9541,0.13479,0.14302,0.88642,0.00682,0.00466,0.03873,0.00398,0.0088,0.00001,0.9271,1.59549,0.96131,1.5095,0.72508,7.54136,0.44517,0.33263,0.56519,0.98211,4.82909,0.37804,0.40924,0.00418,1.90149,0.16427,0.14302,0.44517,0.37804,0.40924,0.88642,0.9574,0.9271,1.40553,1.90149,1.28417,2.85968
2026-01-02 15:00:00,5.559,0.06362,0.51757,0.37413,0.35304,0.042,0.17702,0.18802,1.44985,0.62933,1.3026,2.81925,0.12957,0.14402,0.88642,0.0062,0.00446,0.03346,0.00359,0.0073,0.00001,0.9231,1.57756,0.89943,1.48209,0.95811,7.18471,0.54195,0.33557,0.55045,0.9381,4.83104,0.37004,0.43097,0.00418,1.89437,0.15461,0.14402,0.54195,0.37004,0.43097,0.88642,0.9574,0.9231,1.40459,1.89437,1.24745,2.77576
2026-01-02 16:00:00,5.32707,0.05705,0.47848,0.34696,0.34904,0.039,0.16202,0.16702,1.33184,0.6152,1.25787,2.67691,0.12495,0.14402,0.88642,0.00562,0.00425,0.03005,0.00322,0.00144,0.00001,0.9231,1.50336,0.83813,1.50545,1.12012,6.82806,0.68743,0.31638,0.53076,0.9231,4.78409,0.35804,0.44924,0.0039,1.88727,0.14494,0.14402,0.68743,0.35804,0.44924,0.88642,0.95387,0.9231,1.404,1.88727,1.18651,2.69184
2026-01-02 17:00:00,4.74826,0.05154,0.43549,0.32579,0.34404,0.037,0.14902,0.15102,1.22502,0.58749,1.18303,2.55004,0.12087,0.14502,0.88642,0.00534,0.00405,0.02723,0.00322,-0.00733,0.00001,0.9231,1.40998,0.77261,1.40014,1.27614,6.47141,0.81265,0.3072,0.51107,0.8991,4.69971,0.35404,0.46166,0.0039,1.88017,0.13528,0.14502,0.81265,0.35404,0.46166,0.88642,0.95387,0.9231,1.4041,1.88017,1.11629,2.60792
2026-01-02 18:00:00,4.22637,0.04686,0.40733,0.3117,0.33704,0.036,0.15302,0.14102,1.12842,0.5784,1.20152,2.41372,0.11728,0.14602,0.88642,0.00508,0.00385,0.02494,0.00288,-0.01024,0.00001,0.9231,1.39071,0.72007,1.33748,1.37915,6.11476,0.93029,0.29302,0.4908,0.8801,4.60156,0.34604,0.46794,0.0039,1.86602,0.12561,0.14602,0.93029,0.34604,0.46794,0.88642,0.95387,0.9231,1.4075,1.86602,1.06097,2.524
2026-01-02 19:00:00,3.93578,0.04274,0.38478,0.29054,0.32704,0.034,0.13401,0.13101,1.02789,0.57389,1.17078,2.33825,0.11415,0.14702,0.88642,0.00457,0.00384,0.02196,0.00255,-0.00877,0.00001,0.9191,1.40996,0.6761,1.26344,1.46616,5.94927,1.02348,0.26784,0.47052,0.83809,4.65124,0.34204,0.47197,0.0039,1.88017,0.12035,0.14702,1.02348,0.34204,0.47197,0.88642,0.95387,0.9191,1.41801,1.88017,1.02118,2.44008
2026-01-02 20:00:00,3.64578,0.03912,0.36218,0.27028,0.31604,0.032,0.13802,0.12401,0.94779,0.56492,1.14045,2.24024,0.11142,0.15002,0.88316,0.00433,0.00384,0.01945,0.00224,-0.01318,0.00001,0.9191,1.37291,0.62685,1.21311,1.47616,5.78379,1.11916,0.25265,0.45454,0.79309,4.70091,0.33404,0.47197,0.0039,1.88017,0.11509,0.15002,1.11916,0.33404,0.47197,0.88316,0.95035,0.9191,1.43607,1.88017,0.99911,2.35616
2026-01-02 21:00:00,3.18224,0.03604,0.33961,0.25711,0.29703,0.02955,0.11901,0.11601,0.87226,0.54723,1.11646,2.20517,0.10907,0.15902,0.88316,0.00411,0.00383,0.01729,0.00224,-0.01466,0.00001,0.9191,1.31728,0.55995,1.28577,1.50117,5.61831,1.19252,0.23446,0.46007,0.81509,4.72492,0.33404,0.47005,0.00363,1.88017,0.10984,0.15902,1.19252,0.33404,0.47005,0.88316,0.95035,0.9191,1.46037,1.88017,0.97092,2.27224
2026-01-02 22:00:00,3.12414,0.0335,0.32837,0.25003,0.28303,0.03,0.12301,0.10801,0.79009,0.53417,1.09865,2.1557,0.10705,0.17402,0.88642,0.00388,0.00382,0.01525,0.00195,-0.01321,0.00001,0.9191,1.26159,0.52805,1.23089,1.50117,5.45282,1.25645,0.24995,0.45513,0.76709,4.7112,0.32604,0.46584,0.0039,1.88727,0.10458,0.17402,1.25645,0.32604,0.46584,0.88642,0.94683,0.9191,1.48962,1.88727,0.9278,2.18832
2026-01-02 23:00:00,3.58712,0.03141,0.31139,0.24295,0.26903,0.029,0.10501,0.10201,0.72751,0.52778,1.08685,2.10902,0.10201,0.21102,0.88642,0.00367,0.00382,0.01342,0.00195,-0.00003,0.00001,0.9161,1.24293,0.53827,1.15227,1.47616,5.28734,1.30684,0.24096,0.45328,0.74108,4.67033,0.32304,0.46166,0.00363,1.89437,0.09932,0.21102,1.30684,0.32304,0.46166,0.88642,0.94683,0.9161,1.52306,1.89437,0.8797,2.1044
2026-01-03 00:00:00,4.16706,0.02965,0.28308,0.22269,0.25203,0.028,0.11101,0.09601,0.66944,0.52128,1.05765,2.06326,0.09619,0.26103,0.89297,0.00347,0.00381,0.01233,0.00168,0.01168,0.00001,0.9121,1.22574,0.51425,1.1325,1.4217,5.12185,1.34316,0.23094,0.44097,0.72408,4.62182,0.31904,0.45542,0.00363,1.90149,0.09406,0.26103,1.34316,0.31904,0.45542,0.89297,0.94332,0.9121,1.55988,1.90149,0.84155,2.02048
2026-01-03 01:00:00,4.74728,0.02814,0.27177,0.21661,0.23803,0.027,0.10501,0.09201,0.62144,0.50436,1.03457,2.0252,0.09202,0.32304,0.89954,0.00327,0.0038,0.01152,0.00168,-0.00009,0.00001,0.9161,1.20707,0.46764,1.11331,1.36615,5.16286,1.36144,0.22186,0.40342,0.71108,4.64462,0.31504,0.44719,0.00363,1.90862,0.09201,0.32304,1.36144,0.31504,0.44719,0.89954,0.94332,0.9161,1.59872,1.90862,0.81457,2.11912
2026-01-03 02:00:00,5.3856,0.02683,0.26618,0.21561,0.22402,0.026,0.08901,0.08801,0.58158,0.50018,1.02986,1.99969,0.08674,0.38704,0.91602,0.00309,0.0038,0.01076,0.00143,-0.00742,0.00001,0.9121,1.20617,0.44655,1.14533,1.29464,5.20386,1.38713,0.21214,0.36464,0.69508,4.67838,0.31103,0.44107,0.00335,1.91576,0.08995,0.38704,1.38713,0.31103,0.44107,0.91602,0.94332,0.9121,1.63858,1.91576,0.79963,2.21776
2026-01-03 03:00:00,6.13943,0.02572,0.26056,0.20044,0.20802,0.025,0.09601,0.08301,0.53798,0.48775,1.02312,1.96493,0.08182,0.44179,0.93928,0.00291,0.00379,0.01001,0.00128,-0.00447,0.00001,0.9081,1.18828,0.45837,1.12876,1.24114,5.24487,1.38713,0.21121,0.31664,0.69108,4.70057,0.31103,0.43097,0.00335,1.93009,0.0879,0.44179,1.38713,0.31103,0.43097,0.93928,0.94332,0.9081,1.67837,1.93009,0.78063,2.3164
2026-01-03 04:00:00,6.54496,0.02481,0.26056,0.18727,0.19402,0.024,0.09001,0.08101,0.51317,0.48365,0.98359,1.93143,0.07829,0.49305,0.96612,0.00291,0.00378,0.0095,0.0012,-0.00009,0.00001,0.9121,1.13339,0.39803,1.0925,1.17813,5.28588,1.38345,0.21665,0.32343,0.67007,4.70128,0.30703,0.42299,0.00308,1.95885,0.08585,0.49305,1.38345,0.30703,0.42299,0.96612,0.94683,0.9121,1.71726,1.95885,0.75138,2.41504
2026-01-03 05:00:00,6.36689,0.02405,0.25494,0.18119,0.18302,0.024,0.08601,0.07701,0.48422,0.46743,0.96688,1.91351,0.07473,0.53306,1.00003,0.00273,0.00378,0.00904,0.0012,0.00286,0.00001,0.9121,1.13412,0.35169,1.18309,1.11512,5.32688,1.37243,0.20864,0.37638,0.67007,4.68996,0.30703,0.41314,0.00335,1.99507,0.08379,0.53306,1.37243,0.30703,0.41314,1.00003,0.94683,0.9121,1.75487,1.99507,0.71867,2.51367
2026-01-03 06:00:00,6.11685,0.02342,0.2437,0.18827,0.17302,0.023,0.07001,0.07301,0.46222,0.45943,0.96135,1.89869,0.07099,0.55906,1.03436,0.00257,0.00377,0.00858,0.0012,-0.00739,0.00001,0.9161,1.13353,0.44,1.15828,1.02511,5.36789,1.35412,0.2003,0.42991,0.65807,4.68258,0.32604,0.40536,0.00335,2.03158,0.08174,0.55906,1.35412,0.32604,0.40536,1.03436,0.95035,0.9161,1.79056,2.03158,0.69275,2.61231
2026-01-03 07:00:00,6.33583,0.02286,0.24373,0.18827,0.16702,0.022,0.07801,0.07001,0.44528,0.45546,0.96135,2.82701,0.06742,0.58106,1.0691,0.00257,0.00382,0.00826,0.001,-0.0015,0.00001,0.9161,1.22495,0.4649,1.04964,0.96511,5.71757,1.3286,0.19516,0.49577,0.66207,4.86481,0.37404,0.39765,0.00363,2.07575,0.11389,0.58106,1.3286,0.37404,0.39765,1.0691,0.9574,0.9161,1.82379,2.07575,0.68657,2.71095
2026-01-03 08:00:00,6.87045,0.02237,0.255,0.18119,0.15702,0.022,0.07501,0.06901,0.42795,0.45151,0.92846,3.77396,0.06513,0.59307,1.10423,0.00241,0.00386,0.00803,0.001,0.00877,0.00001,0.9161,1.24377,0.42609,1.25406,0.9081,6.06726,1.29598,0.19495,0.57764,0.65407,4.99973,0.43805,0.38825,0.00363,2.12781,0.14605,0.59307,1.29598,0.43805,0.38825,1.10423,0.96801,0.9161,1.85433,2.12781,0.70077,2.80959
2026-01-03 09:00:00,7.04171,0.02195,0.24929,0.18827,0.14602,0.021,0.07301,0.06701,0.40856,0.44367,0.92304,4.72605,0.06306,0.59807,1.13978,0.00241,0.00391,0.0078,0.001,0.00877,0.00001,0.9191,1.26196,0.45478,1.47209,0.83609,6.41694,1.2672,0.20121,0.72043,0.66207,5.08207,0.48805,0.37938,0.00363,2.17287,0.1782,0.59807,1.2672,0.48805,0.37938,1.13978,0.97868,0.9191,1.88198,2.17287,0.73658,2.90823
2026-01-03 10:00:00,6.90694,0.02161,0.23234,0.19536,0.13802,0.021,0.07101,0.06401,0.38965,0.44758,0.92846,5.68583,0.06118,0.59807,1.1721,0.00241,0.00395,0.00759,0.001,0.00291,0.00001,0.9271,1.41076,0.60909,1.67154,0.77609,6.76662,1.23504,0.21017,0.81828,0.67408,5.15633,0.54706,0.37411,0.00363,2.22595,0.21035,0.59807,1.23504,0.54706,0.37411,1.1721,0.99658,0.9271,1.90651,2.22595,0.83854,3.00687
2026-01-03 11:00:00,6.90396,0.02139,0.22672,0.19536,0.13201,0.02,0.06801,0.06201,0.38125,0.44758,0.92304,6.63622,0.05936,0.59307,1.2011,0.00241,0.004,0.00738,0.00081,-0.00589,0.00001,0.9311,1.50334,0.76919,1.7959,0.71208,7.11631,1.19605,0.21866,0.7998,0.68208,5.16689,0.64607,0.36715,0.00363,2.27957,0.24251,0.59307,1.19605,0.64607,0.36715,1.2011,1.011,0.9311,1.92783,2.27957,0.9747,3.10551
2026-01-03 12:00:00,6.75013,0.02136,0.2324,0.18127,0.12601,0.02,0.06701,0.06101,0.36494,0.44758,0.9339,7.58256,0.05847,0.58507,1.22302,0.00241,0.00404,0.00718,0.00081,0.00438,0.00001,0.9421,1.55895,0.8317,1.94544,0.67908,7.46599,1.16792,0.23312,0.76101,0.73208,5.04027,0.74008,0.36197,0.00363,2.33374,0.27466,0.58507,1.16792,0.74008,0.36197,1.22302,1.02915,0.9421,1.94612,2.33374,1.07892,3.937
2026-01-03 13:00:00,6.11716,0.02159,0.2211,0.17427,0.12001,0.02,0.05301,0.05901,0.353,0.46743,0.92304,7.6931,0.05759,0.57606,1.24139,0.00241,0.00405,0.00699,0.00081,0.00438,0.00001,0.9381,1.5064,0.98124,2.52214,0.63107,8.01529,1.13999,0.24607,0.75854,0.81509,5.21242,0.79309,0.35514,0.00363,2.37277,0.28527,0.57606,1.13999,0.79309,0.35514,1.24139,1.05481,0.9381,1.96155,2.37277,1.1572,4.76545
2026-01-03 14:00:00,5.27379,0.02201,0.1985,0.18236,0.11501,0.02,0.06501,0.05901,0.34493,0.48365,0.96135,7.80653,0.05759,0.56606,1.26356,0.00241,0.00405,0.0068,0.00064,-0.00294,0.00001,0.95311,1.60047,1.2002,2.85506,0.5806,8.5646,1.11225,0.28289,0.78623,0.98711,5.34172,0.82009,0.35175,0.00335,2.41997,0.29589,0.56606,1.11225,0.82009,0.35175,1.26356,1.07701,0.95311,1.97387,2.41997,1.19779,4.76979
2026-01-03 15:00:00,4.63921,0.0225,0.19853,0.16927,0.11201,0.019,0.06501,0.05901,0.32693,0.50436,1.00608,7.92273,0.05847,0.55206,1.27842,0.00241,0.00406,0.00669,0.00064,0,0.00001,0.95711,1.80408,1.3298,2.82242,0.53306,9.1139,1.07444,0.30033,0.71236,1.19113,5.47164,0.84209,0.34502,0.00335,2.4596,0.3065,0.55206,1.07444,0.84209,0.34502,1.27842,1.09942,0.95711,1.98385,2.4596,1.24744,4.77455
2026-01-03 16:00:00,4.53353,0.02337,0.2098,0.15519,0.10901,0.019,0.07801,0.05901,0.31897,0.53417,1.03457,8.03731,0.06027,0.54006,1.29333,0.00241,0.00407,0.00662,0.00064,0.00294,0.00001,0.96411,1.8778,1.366,2.83067,0.49506,9.6632,1.037,0.33077,0.67296,1.43516,5.60772,0.8831,0.34168,0.00335,2.47554,0.31711,0.54006,1.037,0.8831,0.34168,1.29333,1.12203,0.96411,1.99204,2.47554,1.31299,4.77979
2026-01-03 17:00:00,4.84946,0.02608,0.21545,0.15419,0.10501,0.019,0.06801,0.05801,0.31245,0.5784,1.11646,8.16253,0.06627,0.52606,1.30082,0.00241,0.00407,0.00644,0.00049,0.00294,0.00001,0.98011,1.86027,1.34538,2.82907,0.44105,10.21251,0.99325,0.35175,0.74989,1.7852,5.73779,0.9391,0.33671,0.00335,2.5236,0.32773,0.52606,0.99325,0.9391,0.33671,1.30082,1.14486,0.98011,1.99859,2.5236,1.38118,4.78557
2026-01-03 18:00:00,5.48353,0.03296,0.20977,0.15319,0.10101,0.018,0.07101,0.05701,0.29983,0.61053,1.17078,8.31213,0.07346,0.51206,1.31208,0.00241,0.00408,0.00638,0.00064,0.00588,0.00001,0.98711,1.93516,1.32627,2.94689,0.40749,10.76181,0.95336,0.37227,0.82743,1.85121,5.84833,0.97811,0.33342,0.00335,2.54777,0.33834,0.51206,0.95336,0.97811,0.33342,1.31208,1.16788,0.98711,2.0034,2.54777,1.43609,4.792
2026-01-03 19:00:00,6.01089,0.04713,0.20985,0.1461,0.10001,0.018,0.07301,0.05501,0.29003,0.6246,1.26421,8.14993,0.08182,0.50206,1.3196,0.00257,0.00421,0.00636,0.00064,0.04111,0.00001,1.00311,2.06246,1.33711,2.97708,0.37691,10.80833,0.91719,0.37534,0.9013,1.87121,5.87228,1.01711,0.33015,0.00335,2.55585,0.32817,0.50206,0.91719,1.01711,0.33015,1.3196,1.18721,1.00311,2.00639,2.55585,1.46943,4.79919
2026-01-03 20:00:00,6.22129,0.06732,0.2157,0.13902,0.09901,0.018,0.07401,0.05401,0.28594,0.60988,1.33399,8.01346,0.09067,0.48605,1.32713,0.00257,0.00434,0.00631,0.00049,0.02348,0.00001,1.01411,2.1536,1.29994,2.73592,0.34904,10.85485,0.87822,0.36534,0.94009,1.85121,5.87766,1.05712,0.32852,0.00335,2.57205,0.31801,0.48605,0.87822,1.05712,0.32852,1.32713,1.20668,1.01411,2.0076,2.57205,1.48205,4.80727
2026-01-03 21:00:00,6.54039,0.08835,0.22154,0.14602,0.09301,0.017,0.07401,0.05401,0.28391,0.60988,1.39443,7.86455,0.09619,0.47505,1.33468,0.00257,0.00447,0.00635,0.00049,-0.01469,0.00001,1.02111,2.04435,1.29623,2.48164,0.30903,10.90137,0.84903,0.39172,0.94627,1.87121,5.87979,1.05212,0.32689,0.00335,2.58829,0.30784,0.47505,0.84903,1.05212,0.32689,1.33468,1.22237,1.02111,2.00707,2.58829,1.492,4.81644
2026-01-03 22:00:00,6.75072,0.11184,0.22736,0.15302,0.09201,0.016,0.07701,0.05301,0.27198,0.60588,1.42799,7.73845,0.09906,0.46105,1.34225,0.00257,0.00459,0.0064,0.00049,-0.00883,0.00001,1.03712,1.93616,1.42018,2.43032,0.2872,10.94789,0.81594,0.41067,0.93829,1.89021,5.87321,1.03211,0.32689,0.00335,2.58829,0.29767,0.46105,0.81594,1.03211,0.32689,1.34225,1.2421,1.03712,2.00516,2.58829,1.49254,4.82691
2026-01-03 23:00:00,6.9606,0.13738,0.23309,0.15402,0.09101,0.015,0.09501,0.05301,0.27003,0.60588,1.43475,7.604,0.09906,0.44905,1.34604,0.00273,0.00472,0.00644,0.00049,-0.00883,0.00001,1.06012,2.04657,1.62112,2.65755,0.26703,10.99441,0.78974,0.4255,0.89153,1.7662,5.86017,0.99811,0.32852,0.00335,2.59643,0.28751,0.44905,0.78974,0.99811,0.32852,1.34604,1.254,1.06012,2.002,2.59643,1.48617,4.83899
2026-01-04 00:00:00,7.59415,0.15883,0.24462,0.16202,0.08901,0.015,0.08901,0.05301,0.26572,0.59665,1.42125,7.45687,0.09478,0.44305,1.36123,0.00273,0.00485,0.00646,0.00049,-0.02351,0.00001,1.07912,2.13824,1.78584,2.78192,0.25003,11.04093,0.77025,0.40337,0.85645,1.7852,5.84833,0.97311,0.33342,0.00335,2.59643,0.27734,0.44305,0.77025,0.97311,0.33342,1.36123,1.28196,1.07912,1.9979,2.59643,1.48228,4.85308
2026-01-04 01:00:00,8.64984,0.17694,0.25603,0.19027,0.08601,0.015,0.09401,0.05401,0.25936,0.58749,1.40111,7.44117,0.09067,0.43305,1.36503,0.00257,0.00505,0.00646,0.00036,-0.05288,0.00001,1.09112,2.12019,1.91013,2.50497,0.23958,11.12255,0.76378,0.41071,0.80165,1.90021,5.84441,0.94911,0.34335,0.00335,2.59643,0.2842,0.43305,0.76378,0.94911,0.34335,1.36503,1.29806,1.09112,1.99311,2.59643,1.47843,4.86974
2026-01-04 02:00:00,9.81009,0.19116,0.27289,0.22569,0.08501,0.014,0.09701,0.05501,0.25727,0.56939,1.37469,7.39871,0.08549,0.42705,1.36885,0.00257,0.00525,0.00647,0.00036,-0.01766,0.00001,1.10612,1.95524,2.1106,2.27215,0.22995,11.20417,0.75089,0.3975,0.77947,1.84221,5.84254,0.9351,0.35684,0.00335,2.58829,0.29106,0.42705,0.75089,0.9351,0.35684,1.36885,1.31426,1.10612,1.98738,2.58829,1.47764,4.88973
2026-01-04 03:00:00,11.07558,0.2042,0.27837,0.26811,0.08401,0.014,0.09501,0.05901,0.26147,0.55162,1.34156,7.33436,0.08303,0.42205,1.36885,0.00411,0.00545,0.00648,0.00036,0.01757,0.00001,1.11812,1.93582,2.28617,2.33189,0.22102,11.28579,0.73168,0.39312,0.80407,1.85121,5.84094,0.9251,0.37762,0.00308,2.58017,0.29793,0.42205,0.73168,0.9251,0.37762,1.36885,1.32238,1.11812,1.98149,2.58017,1.47771,4.91416
2026-01-04 04:00:00,12.44933,0.21797,0.2782,0.31762,0.08401,0.013,0.09101,0.07301,0.26147,0.54723,1.32201,7.25999,0.07829,0.41505,1.37648,0.00388,0.00564,0.00648,0.00036,0.00877,0.00001,1.13013,2.04442,2.37037,2.3981,0.20902,11.3674,0.7,0.3767,0.78376,1.92021,5.84277,0.96411,0.40149,0.00335,2.58017,0.30479,0.41505,0.7,0.96411,0.40149,1.37648,1.33462,1.13013,1.97602,2.58017,1.48246,4.9447
2026-01-04 05:00:00,13.08326,0.20576,0.2894,0.36713,0.08401,0.013,0.08701,0.08201,0.25727,0.53417,1.31552,7.17923,0.07473,0.41305,1.38413,0.00367,0.00584,0.00649,0.00025,0.00583,0.00001,1.14213,2.0463,2.38435,2.22141,0.20002,11.44902,0.67805,0.36413,0.76531,1.8042,5.84652,0.97811,0.43097,0.00363,2.57205,0.31165,0.41305,0.67805,0.97811,0.43097,1.38413,1.3428,1.14213,1.97116,2.57205,1.48996,4.98396
2026-01-04 06:00:00,12.76608,0.19547,0.31177,0.42363,0.08401,0.012,0.08401,0.08201,0.25519,0.52128,1.26421,7.09184,0.07222,0.41505,1.3918,0.00367,0.00604,0.00666,0.00025,0.00877,0.00001,1.15813,1.95492,2.39135,1.86601,0.19102,11.53064,0.65322,0.35483,0.74747,1.7572,5.84833,0.95411,0.46166,0.00363,2.56395,0.31851,0.41505,0.65322,0.95411,0.46166,1.3918,1.351,1.15813,1.9665,2.56395,1.49554,5.03631
2026-01-04 07:00:00,12.49176,0.18583,0.35672,0.45189,0.08501,0.012,0.06701,0.08201,0.25519,0.50856,1.25154,6.96662,0.06978,0.41505,1.39948,0.00367,0.00599,0.00689,0.00025,0.03226,0.00001,1.16613,1.8806,2.41444,1.63271,0.17947,11.77727,0.63171,0.37433,0.76963,1.71119,5.84396,0.96411,0.49138,0.00335,2.55585,0.31076,0.41505,0.63171,0.96411,0.49138,1.39948,1.35923,1.16613,1.9615,2.55585,1.49932,5.10961
2026-01-04 08:00:00,12.23968,0.17429,0.40173,0.45897,0.08901,0.011,0.07601,0.08001,0.25727,0.50018,1.22016,6.85452,0.06978,0.41305,1.40717,0.00411,0.00595,0.00703,0.00025,0.04397,0.00001,1.17813,1.89824,2.37526,1.6288,0.17002,12.02389,0.61648,0.36492,0.74995,1.7752,5.83715,1.01711,0.52129,0.00335,2.5397,0.30302,0.41305,0.61648,1.01711,0.52129,1.40717,1.36748,1.17813,1.95604,2.5397,1.50025,5.21954
2026-01-04 09:00:00,11.81748,0.16287,0.45244,0.45905,0.09401,0.011,0.07301,0.07601,0.25936,0.49187,1.20152,6.7119,0.06978,0.40905,1.41488,0.0059,0.0059,0.00715,0.00025,0.02346,0.00001,1.19013,1.93994,2.36131,1.81554,0.16302,12.27052,0.60136,0.34957,0.67979,1.7572,5.82955,1.09212,0.55203,0.00335,2.5236,0.29527,0.40905,0.60136,1.09212,0.55203,1.41488,1.37161,1.19013,1.9503,2.5236,1.50035,5.40278
2026-01-04 10:00:00,10.65604,0.1523,0.49194,0.44497,0.09701,0.011,0.07001,0.07301,0.25312,0.49602,1.18303,6.58749,0.07346,0.40705,1.4226,0.00784,0.00585,0.00734,0.00025,-0.00294,0.00001,1.19413,1.85417,2.35006,1.81146,0.15702,12.51715,0.59233,0.34066,0.633,1.69219,5.81903,1.12813,0.57791,0.00335,2.50753,0.28752,0.40705,0.59233,1.12813,0.57791,1.4226,1.37989,1.19413,1.94424,2.50753,1.49706,5.76924
2026-01-04 11:00:00,9.70803,0.14217,0.50883,0.43088,0.10201,0.011,0.06701,0.07001,0.26147,0.47956,1.17078,6.45827,0.08182,0.40204,1.43809,0.01204,0.00581,0.00758,0.00025,0,0.00001,1.20213,1.75208,2.30876,1.59988,0.16602,12.76377,0.58634,0.33945,0.66313,1.65618,5.80673,1.13813,0.60372,0.00335,2.49152,0.27978,0.40204,0.58634,1.13813,0.60372,1.43809,1.38404,1.20213,1.93814,2.49152,1.49176,6.86863
2026-01-04 12:00:00,9.645,0.1316,0.5201,0.42488,0.10501,0.011,0.05301,0.06901,0.26572,0.47956,1.15253,6.3342,0.08674,0.39804,1.44198,0.01593,0.00576,0.00772,0.00025,0.01174,0.00001,1.21514,1.78359,2.31416,1.59001,0.15602,13.0104,0.57737,0.31693,0.69945,1.63918,5.79546,1.10712,0.6292,0.00335,2.47554,0.27203,0.39804,0.57737,1.10712,0.6292,1.44198,1.39237,1.21514,1.93213,2.47554,1.48783,8.45693
2026-01-04 13:00:00,9.55353,0.11922,0.50323,0.42588,0.10601,0.011,0.06201,0.06701,0.26572,0.46743,1.13443,6.42606,0.08674,0.39804,1.45364,0.02091,0.00594,0.00783,0.00016,-0.00733,0.00001,1.22314,1.81611,2.27814,1.67069,0.16202,13.23748,0.5744,0.29712,0.64592,1.52617,6.096,1.07212,0.65527,0.00335,2.4596,0.3112,0.39804,0.5744,1.07212,0.65527,1.45364,1.4007,1.22314,1.92637,2.4596,1.49058,7.92095
2026-01-04 14:00:00,9.46207,0.10568,0.48066,0.4188,0.11201,0.011,0.06001,0.06401,0.26572,0.46743,1.09865,6.5227,0.08425,0.39604,1.46144,0.01883,0.00613,0.00875,0.00016,-0.02489,0.00001,1.23114,1.8278,2.23419,1.71903,0.18902,13.46456,0.58634,0.27804,0.66007,1.43516,6.40398,1.03712,0.69306,0.00335,2.48352,0.35036,0.39604,0.58634,1.03712,0.69306,1.46144,1.41325,1.23114,1.92108,2.48352,1.50078,8.40524
2026-01-04 15:00:00,9.3706,0.09553,0.46374,0.41272,0.11301,0.011,0.05801,0.06201,0.27003,0.46342,1.09274,6.61635,0.08303,0.39604,1.46925,0.01883,0.00632,0.00965,0.00016,0.00003,0.00001,1.23514,1.85398,2.18515,1.66331,0.20002,13.69165,0.60136,0.26877,0.75301,1.36315,6.72341,1.00811,0.7112,0.00308,2.48352,0.38953,0.39604,0.60136,1.00811,0.7112,1.46925,1.42164,1.23514,1.91622,2.48352,1.52243,8.88953
2026-01-04 16:00:00,9.27914,0.08817,0.45812,0.4208,0.11301,0.011,0.05601,0.06101,0.2779,0.45943,1.09865,6.70867,0.08182,0.39404,1.47708,0.01687,0.0065,0.00965,0.00016,0.03526,0.00001,1.24714,1.95437,2.117,1.42836,0.23603,13.91873,0.61648,0.25745,0.78008,1.41016,7.07782,0.98811,0.72433,0.00308,2.48352,0.4287,0.39404,0.61648,0.98811,0.72433,1.47708,1.43426,1.24714,1.91179,2.48352,1.57908,9.37382
2026-01-04 17:00:00,9.18768,0.08149,0.45812,0.42788,0.11301,0.011,0.05601,0.06001,0.27591,0.45151,1.08098,6.78768,0.08425,0.39104,1.48886,0.01457,0.00669,0.0097,0.00025,0.047,0.00001,1.26014,2.03202,2.06247,1.32966,0.28128,14.14581,0.62866,0.25831,0.7247,1.40216,7.44998,0.99811,0.73493,0.00335,2.47554,0.46786,0.39104,0.62866,0.99811,0.73493,1.48886,1.45542,1.26014,1.90841,2.47554,1.65345,9.85811
2026-01-04 18:00:00,9.09621,0.07549,0.45247,0.4138,0.11301,0.012,0.05701,0.06101,0.2779,0.44367,1.05185,6.88488,0.10577,0.39104,1.49672,0.01327,0.00687,0.00965,0.00081,0.05285,0.00001,1.27214,1.97474,1.98479,1.50486,0.33304,14.37289,0.6656,0.26006,0.69394,1.38615,7.80486,1.02711,0.75369,0.00335,2.49952,0.50703,0.39104,0.6656,1.02711,0.75369,1.49672,1.47244,1.27214,1.90654,2.49952,1.71055,10.34241
2026-01-04 19:00:00,8.97471,0.07001,0.45238,0.40671,0.11301,0.015,0.05901,0.06101,0.27394,0.43978,1.06346,8.60109,0.13409,0.39404,1.50066,0.01161,0.02811,0.00985,0.001,0.05138,0.00001,1.28514,1.93715,1.95401,1.68129,0.35704,14.74818,0.69685,0.26098,0.73211,1.38615,8.84118,1.05712,0.76999,0.00335,2.49952,0.91135,0.39404,0.69685,1.05712,0.76999,1.50066,1.48527,1.28514,1.90619,2.49952,1.74262,10.8267
2026-01-04 20:00:00,8.8532,0.06505,0.44676,0.4218,0.11301,0.019,0.06301,0.06101,0.27003,0.43591,1.04032,10.30252,0.31615,0.40004,1.50854,0.01119,0.04935,0.01137,0.00143,0.04844,0.00001,1.30215,2.01697,1.91664,1.57837,0.39821,15.12347,0.74447,0.25225,0.71242,1.30114,9.84647,1.15313,0.78097,0.00363,2.5236,1.31568,0.40004,0.74447,1.15313,0.78097,1.50854,1.50675,1.30215,1.90725,2.5236,1.74366,11.31099
2026-01-04 21:00:00,8.73169,0.0608,0.4299,0.42888,0.11301,0.02,0.08201,0.06201,0.26787,0.43205,1.02883,11.9896,1.07912,0.40405,1.51644,0.01285,0.07059,0.01468,0.00143,0.05282,0.00001,1.32315,2.03993,1.85843,1.30439,0.44405,15.49877,0.77998,0.25385,0.6724,1.21914,10.69572,1.29914,0.80319,0.00418,2.54777,1.72,0.40405,0.77998,1.29914,0.80319,1.51644,1.52403,1.32315,1.91028,2.54777,1.72856,11.79528
2026-01-04 22:00:00,8.61019,0.05742,0.40168,0.41472,0.11601,0.023,0.10801,0.06501,0.26572,0.42822,1.02312,13.70449,1.30509,0.41105,1.52832,0.01502,0.09182,0.02552,0.0012,0.04985,0.00869,1.34815,1.98516,1.81013,1.37027,0.47405,15.87406,0.81265,0.25161,0.70933,1.18413,11.49065,1.46116,0.82246,0.00418,2.57205,2.12432,0.41105,0.81265,1.46116,0.82246,1.52832,1.5414,1.34815,1.91579,2.57205,1.65915,12.27957
2026-01-04 23:00:00,8.48868,0.05545,0.39311,0.40855,0.11901,0.032,0.19002,0.07201,0.25936,0.42822,1.02312,15.40312,1.52084,0.41305,1.53229,0.01735,0.11306,0.02521,0.001,0.0352,0.00951,1.36515,1.8723,1.77717,1.64597,0.51083,16.24935,0.82583,0.26581,0.70933,1.13613,12.25556,1.67719,0.83196,0.00418,2.58829,2.52865,0.41305,0.82583,1.67719,0.83196,1.53229,1.55886,1.36515,1.92404,2.58829,1.55971,12.76386
2026-01-05 00:00:00,8.36717,0.0557,0.39246,0.41555,0.12101,0.05801,0.50006,0.09901,0.25936,0.43205,1.01175,17.10217,1.8241,0.42205,1.53626,0.02197,0.1343,0.02481,0.001,0.01174,0.00653,1.37815,1.89426,1.71931,1.56871,0.54406,16.62464,0.83244,0.26621,0.66869,1.10712,13.04473,1.89521,0.83913,0.00418,2.61273,2.93297,0.42205,0.83244,1.89521,0.83913,1.53626,1.57201,1.37815,1.93505,2.61273,1.48454,13.24815
2026-01-05 01:00:00,8.3268,0.05905,0.39234,0.42363,0.12401,0.17002,0.9111,0.20402,0.25312,0.4244,0.9948,16.69758,2.32272,0.43305,1.54023,0.26205,0.13237,0.06379,0.0012,0.0088,0.00353,1.40016,1.93445,1.63987,1.31842,0.58835,16.92725,0.83575,0.25497,0.64468,1.08612,12.9832,2.15124,0.84873,0.00447,2.62908,2.69196,0.43305,0.83575,2.15124,0.84873,1.54023,1.58081,1.40016,1.94823,2.62908,1.42626,13.73245
2026-01-05 02:00:00,8.28641,0.06482,0.39785,0.4458,0.12401,0.74108,1.34715,0.29803,0.25936,0.40932,0.97244,16.29874,2.75853,0.44305,1.54421,0.3414,0.13045,0.09729,0.00143,0.0528,0.00183,1.40816,1.819,1.58013,1.29275,0.63307,17.22987,0.84571,0.25134,0.61022,1.08612,12.94944,2.52928,0.86214,0.00476,2.64547,2.45095,0.44305,0.84571,2.52928,0.86214,1.54421,1.58962,1.40816,1.96281,2.64547,1.39578,13.19566
2026-01-05 03:00:00,8.24604,0.07132,0.40894,0.48206,0.12501,1.38315,1.10212,0.41705,0.25936,0.40932,0.978,15.89274,2.57069,0.45205,1.55217,0.25488,0.12852,0.12705,0.00143,0.09388,0.00081,1.41716,1.72079,1.52832,1.38476,0.68908,17.53248,0.85571,0.24687,0.56531,1.04912,12.90844,2.77031,0.87766,0.00507,2.67839,2.20995,0.45205,0.85571,2.77031,0.87766,1.55217,1.59403,1.41716,1.97793,2.67839,1.35803,12.65887
2026-01-05 04:00:00,8.20567,0.07766,0.43137,0.55365,0.13101,1.5645,1.02911,0.64207,0.26787,0.40352,0.9595,15.48033,2.09699,0.45905,1.55616,0.20428,0.12659,0.19749,0.00168,0.10856,0.00012,1.42616,1.66043,1.47018,1.36144,0.72908,17.83509,0.87822,0.23366,0.53023,1.00311,12.85528,2.7003,0.89017,0.00539,2.70319,1.96894,0.45905,0.87822,2.7003,0.89017,1.55616,1.60288,1.42616,1.99332,2.70319,1.30814,12.12208
2026-01-05 05:00:00,8.16528,0.08355,0.43984,0.69183,0.14102,1.60747,0.96111,0.82409,0.32094,0.3978,0.93936,15.07016,1.67391,0.46805,1.56415,0.15102,0.12467,0.24019,0.00224,0.15844,0.00001,1.43416,1.63994,1.3916,1.14071,0.78709,18.13771,0.90415,0.22321,0.50192,0.98711,12.80012,2.40027,0.9091,0.00572,2.72808,1.72793,0.46805,0.90415,2.40027,0.9091,1.56415,1.60731,1.43416,2.00903,2.72808,1.25624,11.58529
2026-01-05 06:00:00,8.12491,0.08903,0.4525,0.9762,0.16002,1.59884,0.8561,1.02211,0.46876,0.39212,0.92304,14.66347,1.40042,0.47505,1.57216,0.107,0.12274,0.2285,0.00195,0.22007,0.00001,1.44316,1.59908,1.34517,0.95757,0.84195,18.44032,0.93029,0.21576,0.49268,0.9381,12.75506,2.04923,0.92503,0.00606,2.76144,1.48692,0.47505,0.93029,2.04923,0.92503,1.57216,1.61619,1.44316,2.02524,2.76144,1.21445,11.0485
2026-01-05 07:00:00,8.1051,0.09423,0.46465,1.436,0.21002,1.49264,0.73408,1.13813,0.5888,0.38677,0.89617,13.41599,1.20504,0.48405,1.57617,0.08943,0.10687,0.23324,0.06836,0.26704,0.00001,1.43916,1.48046,1.30737,0.9744,0.9271,17.36959,0.96329,0.21796,0.46746,0.94311,12.42693,1.73919,0.94433,0.00644,2.79496,1.39076,0.48405,0.96329,1.73919,0.94433,1.57617,1.62064,1.43916,2.04225,2.79496,1.18165,10.51171
2026-01-05 08:00:00,8.08528,0.09906,0.4952,1.98864,0.38404,1.15247,0.56506,1.19213,0.73755,0.38154,0.88553,12.15868,1.05313,0.49305,1.58821,0.06427,0.09099,0.24492,0.08036,0.25238,0.00001,1.45216,1.40151,1.26331,1.04011,1.03712,16.29886,0.99325,0.20456,0.43114,0.8891,12.10717,1.52717,0.97032,0.00644,2.82866,1.29461,0.49305,0.99325,1.52717,0.97032,1.58821,1.62509,1.45216,2.06041,2.82866,1.15722,9.97492
2026-01-05 09:00:00,8.06547,0.10487,0.5379,2.5312,0.56006,0.9319,0.38204,1.22014,0.99639,0.3765,0.88024,10.90027,0.91897,0.50206,1.59223,0.05651,0.07512,0.25915,0.0751,0.2025,0.00001,1.46116,1.35432,1.19938,1.04038,1.17013,15.22813,1.03023,0.20418,0.41575,0.8801,11.77462,1.36415,0.99948,0.00644,2.85404,1.19845,0.50206,1.03023,1.36415,0.99948,1.59223,1.63401,1.46116,2.07974,2.85404,1.11999,9.43813
2026-01-05 10:00:00,8.04564,0.10918,0.68206,2.61219,0.61707,0.86082,0.28203,1.22014,1.26183,0.38007,0.8697,9.63895,0.80332,0.51206,1.59625,0.04848,0.05924,0.22182,0.05583,0.1912,0.00001,1.46116,1.33278,1.16242,1.03896,1.38215,14.15739,1.08128,0.19617,0.39739,0.8751,11.40474,1.27314,1.0357,0.00644,2.88804,1.10229,0.51206,1.08128,1.27314,1.0357,1.59625,1.63848,1.46116,2.1003,2.88804,1.04545,8.90134
2026-01-05 11:00:00,8.02583,0.11094,0.77022,2.71875,0.65207,0.82884,0.38004,1.21514,1.46654,0.37294,0.85401,8.37932,0.71697,0.52106,1.60028,0.04249,0.04337,0.19376,0.04194,0.17989,0.00001,1.46916,1.31123,1.12547,1.03154,1.62318,13.08666,1.13304,0.19317,0.38403,0.8611,11.0179,1.18913,1.08268,0.00725,2.91365,1.00614,0.52106,1.13304,1.18913,1.08268,1.60028,1.64743,1.46916,2.12211,2.91365,0.95394,8.36455
2026-01-05 12:00:00,8.00602,0.10954,0.82943,2.80468,0.68908,0.78811,0.37004,1.19013,1.65576,0.35892,0.84362,7.12867,0.63754,0.53506,1.60835,0.03827,0.02749,0.1633,0.0334,0.16859,0.00001,1.47416,1.28969,1.08851,1.02377,1.89921,12.01593,1.20311,0.18404,0.36667,0.85209,10.6514,1.15313,1.14063,0.00855,2.94796,0.90998,0.53506,1.20311,1.15313,1.14063,1.60835,1.65192,1.47416,2.14525,2.94796,0.88277,8.8793
2026-01-05 13:00:00,7.89139,0.10413,0.81414,2.85479,0.72008,0.6896,0.34304,1.15813,1.81258,0.3624,0.84362,6.76654,0.56806,0.54906,1.61239,0.03427,0.0251,0.13507,0.02685,0.16141,0.00001,1.48317,1.26815,1.06271,1.01636,2.10223,11.6391,1.29238,0.18021,0.35996,0.85209,10.15281,1.09712,1.20916,0.01202,2.98243,0.86663,0.54906,1.29238,1.09712,1.20916,1.61239,1.65641,1.48317,2.1703,2.98243,0.8334,7.70919
2026-01-05 14:00:00,7.77677,0.09723,0.79434,2.83872,0.71783,0.45972,0.31709,1.07431,2.08085,0.3582,0.82817,6.40064,0.53649,0.56106,1.62024,0.02931,0.0227,0.1144,0.02102,0.15423,0,1.48317,1.24661,1.03689,1.00894,2.30426,11.26227,1.38713,0.17639,0.35525,0.82909,9.68115,1.07129,1.32937,0.01483,3.01002,0.82327,0.56106,1.38713,1.07129,1.32937,1.62024,1.65995,1.48317,2.19772,3.01002,0.81095,6.38121
2026-01-05 15:00:00,7.66214,0.09124,0.76971,2.74834,0.70049,0.31268,0.31148,0.96706,2.23945,0.35423,0.81847,6.03402,0.50633,0.57598,1.62412,0.02578,0.02031,0.09922,0.01307,0.14706,0,1.49162,1.22507,1.01109,1.00117,3.77056,10.88544,1.68226,0.17256,0.35237,0.80659,9.208,1.04594,1.44893,0.02613,3.04025,0.77992,0.57598,1.68226,1.04594,1.44893,1.62412,1.66388,1.49162,2.22818,3.04025,0.78702,5.93855
2026-01-05 16:00:00,7.54751,0.08529,0.73517,2.59618,0.66904,0.25055,0.29594,0.82209,2.18664,0.35054,0.81025,5.67354,0.47774,0.59293,1.62801,0.02331,0.01791,0.0874,0.00777,0.13988,0,1.49947,1.20352,0.98528,0.99375,4.85399,10.5086,2.20318,0.16872,0.34797,0.8027,8.73624,1.00215,1.55613,0.02578,3.0737,0.73657,0.59293,2.20318,1.00215,1.55613,1.62801,1.66798,1.49947,2.26281,3.0737,0.76448,5.71722
2026-01-05 17:00:00,7.43289,0.07966,0.68482,2.3001,0.62422,0.22748,0.2804,0.68317,2.09998,0.34629,0.80182,5.31228,0.45088,0.60953,1.63189,0.02048,0.01552,0.07855,0.00671,0.13271,0,1.5068,1.18198,0.95947,0.98634,5.50924,10.13177,2.84132,0.1649,0.34299,0.79917,8.26857,0.93624,1.64863,0.02437,3.11122,0.69321,0.60953,2.84132,0.93624,1.64863,1.63189,1.67179,1.5068,2.3058,3.11122,0.74602,5.58442
2026-01-05 18:00:00,7.31826,0.07426,0.62615,2.06995,0.59676,0.21033,0.26521,0.61742,2.01595,0.34267,0.79431,4.94696,0.42578,0.63672,1.63542,0.01766,0.01312,0.07027,0.0053,0.12553,0,1.51381,1.16044,0.93366,0.97574,5.85001,9.75494,3.40585,0.16107,0.33769,0.79564,7.80359,0.88357,1.72593,0.02295,3.15449,0.64986,0.63672,3.40585,0.88357,1.72593,1.63542,1.67509,1.51381,2.37244,3.15449,0.73026,5.49589
2026-01-05 19:00:00,7.15603,0.06886,0.58297,1.90193,0.56436,0.1891,0.24104,0.55412,1.95045,0.3392,0.7868,4.74064,0.40229,0.67027,1.63931,0.01519,0.01283,0.06403,0.00388,0.11924,0,1.52059,1.1389,0.91828,0.96515,5.96401,9.5084,3.86861,0.15726,0.33274,0.79175,7.48693,0.83675,1.78245,0.02154,3.20758,0.60331,0.67027,3.86861,0.83675,1.78245,1.63931,1.67788,1.52059,2.46913,3.20758,0.7212,5.43265
2026-01-05 20:00:00,6.9938,0.06355,0.55006,1.78843,0.52296,0.16076,0.21052,0.48996,1.89692,0.33536,0.77832,4.53525,0.38025,0.71583,1.64319,0.01342,0.01254,0.05986,0.00353,0.11293,0,1.52712,1.13289,0.90288,0.95456,5.94102,9.26187,4.2577,0.15345,0.32763,0.78822,7.17448,0.79204,1.81842,0.02013,3.27641,0.55677,0.71583,4.2577,0.79204,1.81842,1.64319,1.68023,1.52712,2.59143,3.27641,0.71637,5.38522
2026-01-05 21:00:00,6.83156,0.05877,0.51522,1.72146,0.47799,0.14186,0.18569,0.43831,1.84742,0.33226,0.77092,4.33034,0.35948,0.76174,1.65696,0.01271,0.01225,0.05538,0.00283,0.10664,0,1.53331,1.12654,0.8875,0.94396,5.51495,9.01533,4.53171,0.14964,0.32253,0.78469,6.86119,0.74805,1.83896,0.01872,3.36533,0.51022,0.76174,4.53171,0.74805,1.83896,1.65696,1.68227,1.53331,2.73482,3.36533,0.71068,5.34833
2026-01-05 22:00:00,6.66932,0.05465,0.48055,1.63799,0.4333,0.13478,0.16524,0.39479,1.79916,0.32922,0.76579,4.12587,0.33984,0.83166,1.67038,0.01165,0.01196,0.0509,0.00212,0.10035,0,1.53913,1.12053,0.87211,0.93372,5.07243,8.76879,4.69929,0.14582,0.31733,0.78081,6.54431,0.70583,1.84896,0.0173,3.47586,0.46368,0.83166,4.69929,0.70583,1.84896,1.67038,1.68409,1.53913,2.89441,3.47586,0.70141,5.31882
2026-01-05 23:00:00,6.50709,0.05114,0.44749,1.52229,0.39715,0.13098,0.14776,0.36458,1.75058,0.3262,0.7605,3.92111,0.32105,0.93195,1.68416,0.01095,0.01167,0.04691,0.00212,0.09405,0,1.54458,1.11418,0.85672,0.92313,4.68035,8.52226,4.77964,0.14201,0.31216,0.77728,6.22607,0.67747,1.84329,0.01589,3.60745,0.41714,0.93195,4.77964,0.67747,1.84329,1.68416,1.68593,1.54458,3.05818,3.60745,0.69078,5.29468
2026-01-06 00:00:00,6.34485,0.04805,0.41723,1.42701,0.3693,0.12669,0.13032,0.33542,1.70165,0.3238,0.75578,3.71634,0.30309,1.07438,1.69793,0.01024,0.01138,0.04325,0.00212,0.08776,0,1.54968,1.10817,0.84133,0.91253,4.37802,8.27572,4.77808,0.1382,0.307,0.77339,5.91009,0.66531,1.83144,0.01483,3.75717,0.37059,1.07438,4.77808,0.66531,1.83144,1.69793,1.6882,1.54968,3.22619,3.75717,0.68241,5.27456
2026-01-06 01:00:00,6.20939,0.04523,0.39027,1.34937,0.34332,0.11843,0.11338,0.30336,1.65334,0.32092,0.74995,3.62482,0.28616,1.22875,1.71735,0.00953,0.01136,0.03975,0.00177,0.08206,0,1.55449,1.10182,0.82929,0.90194,4.12576,8.16944,4.73426,0.1344,0.30207,0.76103,5.71444,0.65805,1.81396,0.01342,3.92099,0.35711,1.22875,4.73426,0.65805,1.81396,1.71735,1.69122,1.55449,3.395,3.92099,0.67628,5.25753
2026-01-06 02:00:00,6.07392,0.04263,0.36661,1.2838,0.31946,0.1012,0.09984,0.28329,1.60533,0.31882,0.74515,3.53443,0.27019,1.38521,1.74843,0.00848,0.01135,0.0361,0.00177,0.07636,0,1.55915,1.09581,0.81724,0.89134,3.85872,8.06317,4.6583,0.13061,0.29723,0.7575,5.52136,0.60633,1.7899,0.01271,4.09512,0.34363,1.38521,4.6583,0.60633,1.7899,1.74843,1.69504,1.55915,3.55729,4.09512,0.67271,5.24294
2026-01-06 03:00:00,5.93847,0.04037,0.3463,1.22796,0.29848,0.08971,0.09256,0.26495,1.55589,0.31621,0.73945,3.44441,0.25507,1.53589,1.78551,0.00777,0.01133,0.03246,0.00141,0.07066,0,1.56384,1.08946,0.8052,0.88446,3.55879,7.95689,4.55439,0.12681,0.29254,0.75432,5.32711,0.55501,1.76113,0.01201,4.27525,0.33015,1.53589,4.55439,0.55501,1.76113,1.78551,1.69973,1.56384,3.7105,4.27525,0.66798,5.23029
2026-01-06 04:00:00,5.80301,0.03846,0.32906,1.16243,0.28077,0.08541,0.08595,0.24858,1.50461,0.31393,0.73434,3.35425,0.2407,1.66406,1.83545,0.00706,0.01131,0.02974,0.00141,0.06496,0,1.56878,1.08345,0.79314,0.86596,3.27338,7.85061,4.42684,0.123,0.28789,0.75114,5.12988,0.52049,1.72781,0.0113,4.45678,0.31666,1.66406,4.42684,0.52049,1.72781,1.83545,1.7056,1.56878,3.85377,4.45678,0.66028,5.21923
2026-01-06 05:00:00,5.66754,0.03685,0.31423,1.07546,0.26609,0.08299,0.07984,0.23357,1.45272,0.3117,0.72931,3.26404,0.22702,1.77204,1.91432,0.00636,0.0113,0.02768,0.00141,0.05927,0,1.57412,1.0771,0.7811,0.84745,3.0218,7.74434,4.28147,0.11921,0.28318,0.74796,4.93154,0.49482,1.6893,0.01024,4.63578,0.30318,1.77204,4.28147,0.49482,1.6893,1.91432,1.71332,1.57412,3.98565,4.63578,0.65145,5.20946
2026-01-06 06:00:00,5.53208,0.03546,0.30129,1.00564,0.25382,0.08018,0.07344,0.21931,1.39973,0.30949,0.72433,3.17386,0.21395,1.86047,1.99665,0.00565,0.01128,0.02599,0.00106,0.05357,0,1.58003,1.07109,0.76905,0.82895,2.80332,7.63806,4.11474,0.11541,0.27847,0.74479,4.73507,0.47534,1.64594,0.00953,4.80902,0.2897,1.86047,4.11474,0.47534,1.64594,1.99665,1.7236,1.58003,4.10513,4.80902,0.6445,5.20078
2026-01-06 07:00:00,5.42249,0.0342,0.28984,0.95095,0.24338,0.07465,0.06694,0.20556,1.34413,0.30731,0.71948,3.12599,0.20142,1.93002,2.07908,0.00494,0.01126,0.02498,0.00106,0.05139,0,1.58677,1.06474,0.75687,0.81446,2.59677,7.45385,3.93861,0.11163,0.27391,0.74161,4.64411,0.45793,1.59972,0.00918,4.97376,0.28003,1.93002,3.93861,0.45793,1.59972,2.07908,1.73753,1.58677,4.21145,4.97376,0.63938,5.19302
2026-01-06 08:00:00,5.31289,0.03305,0.27952,0.90737,0.23465,0.06294,0.06124,0.1926,1.28639,0.30497,0.71435,3.07838,0.18941,1.98312,2.15884,0.00459,0.01124,0.02384,0.00071,0.04921,0,1.59467,1.05873,0.74468,0.79996,2.39858,7.26964,3.76,0.10785,0.26934,0.73843,4.55527,0.44121,1.55201,0.00883,5.1278,0.27035,1.98312,3.76,0.44121,1.55201,2.15884,1.75648,1.59467,4.30413,5.1278,0.63637,5.18603
2026-01-06 09:00:00,5.2033,0.03206,0.27022,0.87823,0.21866,0.05513,0.05643,0.18111,1.22797,0.30261,0.70925,3.03086,0.17787,2.0228,2.23381,0.00388,0.01123,0.02283,0.00071,0.04703,0,1.60425,1.05238,0.7325,0.78547,2.20887,7.08543,3.58069,0.10407,0.26479,0.73525,4.4654,0.42472,1.50305,0.00843,5.2693,0.26068,2.0228,3.58069,0.42472,1.50305,2.23381,1.78129,1.60425,4.38284,5.2693,0.63233,5.1797
2026-01-06 10:00:00,5.0937,0.03122,0.26185,0.84047,0.20482,0.0522,0.05233,0.1712,1.1701,0.3001,0.70397,2.98343,0.16675,2.05161,2.30224,0.00353,0.01121,0.02198,0.00071,0.04485,0,1.61619,1.04637,0.72032,0.77098,2.02787,6.90122,3.40191,0.10027,0.26023,0.73207,4.37289,0.40831,1.45302,0.00804,5.39683,0.25101,2.05161,3.40191,0.40831,1.45302,2.30224,1.81192,1.61619,4.44771,5.39683,0.62567,5.17395
2026-01-06 11:00:00,4.98411,0.03051,0.25421,0.78569,0.1932,0.05075,0.04876,0.16223,1.11342,0.29767,0.69881,2.93597,0.156,2.07099,2.36293,0.00318,0.01119,0.02132,0.00035,0.04267,0,1.63128,1.04002,0.70813,0.75648,1.87238,6.71701,3.22275,0.09649,0.25581,0.72889,4.2794,0.39419,1.40252,0.00755,5.50741,0.24133,2.07099,3.22275,0.39419,1.40252,2.36293,1.84776,1.63128,4.49928,5.50741,0.61801,5.1687
2026-01-06 12:00:00,4.84139,0.02989,0.24708,0.74178,0.18361,0.04923,0.04532,0.15357,1.05666,0.2953,0.69375,2.88839,0.14562,2.08223,2.41585,0.00283,0.01117,0.02057,0.00035,0.04049,0,1.65026,1.03366,0.69595,0.74199,1.72318,6.5328,3.01401,0.09271,0.25137,0.72572,4.18751,0.38312,1.35253,0.007,5.59672,0.23166,2.08223,3.01401,0.38312,1.35253,2.41585,1.88792,1.65026,4.53828,5.59672,0.61196,4.61676
2026-01-06 13:00:00,4.73393,0.02932,0.24026,0.70733,0.17552,0.04643,0.04201,0.14496,0.998,0.29291,0.68862,2.85692,0.13557,2.08666,2.46145,0.00247,0.01115,0.01968,0.00035,0.03859,0,1.67356,1.02766,0.68551,0.73022,1.57933,6.30757,2.81669,0.08894,0.24691,0.72254,4.13149,0.37306,1.30454,0.00657,5.67297,0.22504,2.08666,2.81669,0.37306,1.30454,2.46145,1.93135,1.67356,4.56547,5.67297,0.60748,3.08162
2026-01-06 14:00:00,4.62646,0.02879,0.23364,0.6795,0.16857,0.04078,0.03918,0.13657,0.93927,0.29052,0.68345,2.82541,0.12581,2.08541,2.50002,0.00212,0.01113,0.01902,0.00035,0.03669,0,1.70133,1.0213,0.67507,0.71845,1.44583,6.08233,2.62944,0.08518,0.24239,0.71936,4.07724,0.36334,1.25799,0.00628,5.73555,0.21842,2.08541,2.62944,0.36334,1.25799,2.50002,1.97697,1.70133,4.58097,5.73555,0.60478,2.8893
2026-01-06 15:00:00,4.519,0.02832,0.22728,0.65868,0.16263,0.03702,0.03682,0.12907,0.88353,0.28823,0.67845,2.79398,0.11635,2.08141,2.53182,0.00177,0.01111,0.01836,0,0.03479,0,1.73339,1.0153,0.66464,0.70668,1.32383,5.8571,2.45183,0.08141,0.23785,0.71583,4.02204,0.35373,1.21128,0.00607,5.78414,0.2118,2.08141,2.45183,0.35373,1.21128,2.53182,2.0237,1.73339,4.58492,5.78414,0.60112,2.8252
2026-01-06 16:00:00,4.41153,0.02792,0.22115,0.63184,0.1576,0.03561,0.03484,0.12273,0.83106,0.28613,0.67379,2.76257,0.10714,2.07313,2.56102,0.00106,0.01109,0.0177,0,0.03289,0,1.76935,1.00894,0.6542,0.69491,1.21414,5.63187,2.2841,0.07763,0.23332,0.71265,3.96435,0.34416,1.16484,0.00589,5.8186,0.20518,2.07313,2.2841,0.34416,1.16484,2.56102,2.0706,1.76935,4.57839,5.8186,0.59497,2.79315
2026-01-06 17:00:00,4.30407,0.02758,0.21522,0.59306,0.15333,0.03485,0.03315,0.1171,0.78129,0.28342,0.66828,2.73113,0.09816,2.06107,2.57903,0.00106,0.01107,0.01703,0,0.03099,0,1.80861,1.00294,0.64376,0.68314,1.11744,5.40663,2.12122,0.07387,0.2288,0.70947,3.90567,0.33559,1.11902,0.00566,5.83907,0.19856,2.06107,2.12122,0.33559,1.11902,2.57903,2.11681,1.80861,4.56278,5.83907,0.58784,2.77391
2026-01-06 18:00:00,4.1966,0.02727,0.20955,0.56197,0.14963,0.034,0.03153,0.11165,0.73285,0.28134,0.66373,2.69973,0.08942,2.04558,2.59704,0.00106,0.01105,0.01638,0,0.02909,0,1.85048,0.99658,0.63332,0.67137,1.02986,5.1814,1.96803,0.0701,0.22443,0.70629,3.84852,0.32835,1.07387,0.00541,5.84601,0.19194,2.04558,1.96803,0.32835,1.07387,2.59704,2.16169,1.85048,4.53935,5.84601,0.58223,2.76109
2026-01-06 19:00:00,4.11722,0.02697,0.20414,0.53743,0.14633,0.03236,0.03,0.10607,0.68432,0.2793,0.65925,2.68473,0.08088,2.02712,2.61505,0.00106,0.01103,0.01594,0,0.02821,0,1.89419,0.99058,0.62479,0.66203,0.95852,5.12583,1.82773,0.06635,0.22013,0.70312,3.80632,0.32156,1.03063,0.00521,5.84017,0.18751,2.02712,1.82773,0.32156,1.03063,2.61505,2.20466,1.89419,4.50917,5.84017,0.57812,2.75193
2026-01-06 20:00:00,4.03783,0.02668,0.199,0.51724,0.14334,0.02893,0.0287,0.10048,0.6364,0.27665,0.65399,2.66956,0.07252,2.00642,2.63377,0.00106,0.01101,0.01539,0,0.02734,0,1.939,0.98422,0.61626,0.65268,0.89791,5.07026,1.70019,0.06259,0.21579,0.69994,3.76585,0.31491,0.98957,0.00507,5.82242,0.18308,2.00642,1.70019,0.31491,0.98957,2.63377,2.24529,1.939,4.47337,5.82242,0.57575,2.74507
2026-01-06 21:00:00,3.95845,0.02642,0.19419,0.50161,0.14069,0.02665,0.02762,0.09637,0.59131,0.27466,0.64965,2.6544,0.06433,1.98402,2.64613,0.00106,0.011,0.01489,0,0.02646,0,1.98419,0.97822,0.60773,0.64333,0.84286,5.01469,1.58558,0.05884,0.21134,0.69676,3.72464,0.30831,0.95046,0.00497,5.79377,0.17865,1.98402,1.58558,0.30831,0.95046,2.64613,2.28327,1.98419,4.4336,5.79377,0.57263,2.73972
2026-01-06 22:00:00,3.87907,0.0262,0.18983,0.48117,0.13836,0.02579,0.02672,0.09262,0.55083,0.27268,0.64541,2.63965,0.05631,1.96013,2.65743,0.00106,0.01098,0.01454,0,0.02558,0,2.02911,0.97186,0.59919,0.63399,0.79292,4.95913,1.48288,0.05508,0.20687,0.69358,3.68154,0.30172,0.91311,0.00489,5.7553,0.17422,1.96013,1.48288,0.30172,0.91311,2.65743,2.31868,2.02911,4.39127,5.7553,0.56762,2.73545
2026-01-06 23:00:00,3.79968,0.026,0.18599,0.45126,0.13631,0.02533,0.02594,0.08895,0.51534,0.27068,0.64119,2.62471,0.04843,1.93501,2.66661,0.00106,0.01096,0.01418,0,0.02471,0,2.07317,0.96586,0.59066,0.62465,0.74765,4.90356,1.39903,0.05132,0.20238,0.6904,3.63775,0.29609,0.8774,0.00478,5.70826,0.16979,1.93501,1.39903,0.29609,0.8774,2.66661,2.35166,2.07317,4.34704,5.70826,0.56193,2.73195
2026-01-07 00:00:00,3.7203,0.02581,0.18261,0.42733,0.13447,0.02481,0.02521,0.08512,0.48372,0.26933,0.63783,2.60978,0.04068,1.90892,2.66838,0.00106,0.01094,0.01382,0,0.02383,0,2.11591,0.9595,0.58213,0.6153,0.70653,4.84799,1.32248,0.04757,0.19788,0.68687,3.59516,0.29172,0.84331,0.00466,5.65392,0.16536,1.90892,1.32248,0.29172,0.84331,2.66838,2.38227,2.11591,4.30155,5.65392,0.55743,2.72904
2026-01-07 01:00:00,3.66801,0.02561,0.17959,0.4086,0.13276,0.0238,0.02451,0.081,0.45549,0.26737,0.63379,2.6067,0.03307,1.88207,2.67019,0.00106,0.01092,0.01347,0,0.02336,0,2.15699,0.95561,0.57481,0.60779,0.66915,4.81691,1.25232,0.04728,0.194,0.68369,3.55656,0.28777,0.811,0.00457,5.59343,0.16229,1.88207,1.25232,0.28777,0.811,2.67019,2.41047,2.15699,4.25544,5.59343,0.55414,2.72657
2026-01-07 02:00:00,3.61572,0.0254,0.17684,0.39357,0.13115,0.0217,0.02391,0.07674,0.43189,0.26605,0.63074,2.60374,0.03165,1.85488,2.67222,0.00106,0.0109,0.01311,0,0.02289,0,2.19622,0.95173,0.56749,0.60027,0.63507,4.78583,1.18803,0.04699,0.19147,0.66533,3.51931,0.28396,0.78048,0.0045,5.5279,0.15922,1.85488,1.18803,0.28396,0.78048,2.67222,2.43938,2.19622,4.20935,5.5279,0.55221,2.72446
2026-01-07 03:00:00,3.56344,0.02521,0.17437,0.38242,0.12968,0.0203,0.02341,0.07273,0.4124,0.26411,0.62706,2.60116,0.03034,1.82774,2.67268,0.00106,0.01089,0.01268,0,0.02243,0,2.23345,0.94749,0.56017,0.59276,0.60384,4.75475,1.12917,0.0467,0.18971,0.6625,3.48141,0.28019,0.75161,0.00445,5.45836,0.15615,1.82774,1.12917,0.28019,0.75161,2.67268,2.46573,2.23345,4.16369,5.45836,0.54962,2.72263
2026-01-07 04:00:00,3.51115,0.02504,0.17223,0.36804,0.12836,0.01978,0.02299,0.06923,0.39466,0.26249,0.62391,2.59873,0.02912,1.80067,2.6719,0.00106,0.01087,0.01211,0,0.02196,0,2.26887,0.94361,0.55285,0.58524,0.5751,4.72367,1.07528,0.04641,0.18829,0.65932,3.44185,0.27644,0.7242,0.0044,5.38579,0.15309,1.80067,1.07528,0.27644,0.7242,2.6719,2.48946,2.26887,4.11867,5.38579,0.54537,2.72103
2026-01-07 05:00:00,3.45886,0.02489,0.17047,0.34725,0.12715,0.0195,0.02263,0.06609,0.37743,0.26089,0.62086,2.59645,0.02799,1.77373,2.67012,0.00106,0.01085,0.01209,0,0.02149,0,2.30276,0.93972,0.54553,0.57773,0.5485,4.69259,1.02593,0.04612,0.18708,0.6565,3.40163,0.27315,0.69817,0.00432,5.30529,0.15002,1.77373,1.02593,0.27315,0.69817,2.67012,2.50801,2.30276,4.07446,5.30529,0.54047,2.71961
2026-01-07 06:00:00,3.40657,0.02474,0.16899,0.33057,0.12601,0.01918,0.02228,0.06312,0.36022,0.25928,0.61787,2.59435,0.02694,1.74697,2.66758,0.00106,0.01083,0.01207,0,0.02102,0,2.33497,0.93549,0.53821,0.57021,0.52376,4.66151,0.9807,0.04583,0.18598,0.65332,3.36246,0.27046,0.67345,0.00423,5.22461,0.14695,1.74697,0.9807,0.27046,0.67345,2.66758,2.52353,2.33497,4.03123,5.22461,0.53661,2.71836
2026-01-07 07:00:00,3.37013,0.02458,0.16766,0.31732,0.12492,0.01856,0.02195,0.06019,0.34331,0.25767,0.61489,2.57274,0.02598,1.72038,2.66445,0.00106,0.01081,0.01206,0,0.0208,0,2.36504,0.9316,0.53147,0.5638,0.50063,4.61761,0.9392,0.04555,0.18493,0.65014,3.3346,0.26797,0.65002,0.00415,5.14411,0.14478,1.72038,0.9392,0.26797,0.65002,2.66445,2.53911,2.36504,3.9891,5.14411,0.53368,2.71723
2026-01-07 08:00:00,3.3337,0.02442,0.16639,0.30611,0.12385,0.01727,0.02166,0.05734,0.32763,0.25582,0.6116,2.55137,0.02509,1.69415,2.66087,0.00106,0.01079,0.01204,0,0.02057,0,2.39244,0.92772,0.52473,0.55738,0.47895,4.57371,0.90103,0.04527,0.18394,0.64732,3.30779,0.26555,0.62786,0.0041,5.06414,0.14261,1.69415,0.90103,0.26555,0.62786,2.66087,2.55372,2.39244,3.94815,5.06414,0.53181,2.71622
2026-01-07 09:00:00,3.29726,0.02426,0.16518,0.29703,0.12285,0.01641,0.02142,0.05474,0.31344,0.25386,0.6083,2.53012,0.02426,1.66848,2.65697,0.00106,0.01078,0.01202,0,0.02035,0,2.41724,0.92348,0.51799,0.55097,0.45859,4.52981,0.86587,0.045,0.18298,0.64414,3.28026,0.26315,0.60684,0.00407,4.98497,0.14044,1.66848,0.86587,0.26315,0.60684,2.65697,2.56692,2.41724,3.90847,4.98497,0.5292,2.7153
2026-01-07 10:00:00,3.26082,0.02413,0.16407,0.28493,0.12192,0.01609,0.02121,0.05248,0.30005,0.25176,0.60483,2.50891,0.02349,1.6434,2.65285,0.00106,0.01076,0.012,0,0.02013,0,2.43995,0.91959,0.51124,0.54455,0.43944,4.48592,0.83338,0.04472,0.182,0.64131,3.25069,0.26076,0.58688,0.00404,4.90701,0.13828,1.6434,0.83338,0.26076,0.58688,2.65285,2.57854,2.43995,3.87005,4.90701,0.52458,2.71447
2026-01-07 11:00:00,3.22439,0.024,0.16307,0.26698,0.12105,0.01591,0.02103,0.05045,0.28667,0.24969,0.6014,2.4876,0.02278,1.61892,2.64862,0.00106,0.01074,0.01198,0,0.0199,0,2.4609,0.91571,0.5045,0.53813,0.42135,4.44202,0.80332,0.04444,0.18105,0.63814,3.22031,0.25865,0.56789,0.00402,4.83061,0.13611,1.61892,0.80332,0.25865,0.56789,2.64862,2.58859,2.4609,3.83166,4.83061,0.51913,2.71371
2026-01-07 12:00:00,3.18795,0.02388,0.16213,0.25264,0.12022,0.01571,0.02082,0.04851,0.27282,0.24771,0.59793,2.46613,0.02213,1.59508,2.64435,0.00106,0.01072,0.01196,0,0.01968,0,2.4802,0.91182,0.49776,0.53172,0.40388,4.39812,0.77543,0.04416,0.18007,0.63496,3.19109,0.25691,0.54988,0.00399,4.75571,0.13394,1.59508,0.77543,0.25691,0.54988,2.64435,2.59714,2.4802,3.79426,4.75571,0.51485,2.60791
2026-01-07 13:00:00,3.16151,0.02374,0.16121,0.24151,0.11939,0.01533,0.02061,0.04657,0.25868,0.24566,0.59436,2.44596,0.02152,1.57192,2.64009,0.00106,0.0107,0.01195,0,0.01953,0,2.4979,0.90759,0.49285,0.52652,0.38664,4.33455,0.74947,0.04389,0.17914,0.63213,3.17141,0.2553,0.53284,0.00397,4.68224,0.13238,1.57192,0.74947,0.2553,0.53284,2.64009,2.60429,2.4979,3.75827,4.68224,0.51166,2.26491
2026-01-07 14:00:00,3.13508,0.0236,0.16024,0.23281,0.11857,0.01453,0.02042,0.04466,0.24511,0.24357,0.59071,2.42572,0.02096,1.54946,2.6359,0.00106,0.01068,0.01193,0,0.01939,0,2.51401,0.9037,0.48795,0.52132,0.36959,4.27098,0.72531,0.04363,0.17818,0.62895,3.15304,0.25374,0.51674,0.00395,4.61612,0.13082,1.54946,0.72531,0.25374,0.51674,2.6359,2.61015,2.51401,3.72366,4.61612,0.50977,2.1414
2026-01-07 15:00:00,3.10864,0.02346,0.15925,0.22664,0.11779,0.01399,0.02026,0.04291,0.23249,0.24158,0.58712,2.40547,0.02044,1.52779,2.6318,0.00106,0.01067,0.01191,0,0.01924,0,2.52856,0.89982,0.48304,0.51613,0.35272,4.20741,0.70519,0.04336,0.17729,0.62613,3.13401,0.25218,0.50151,0.00394,4.55165,0.12926,1.52779,0.70519,0.25218,0.50151,2.6318,2.61485,2.52856,3.69044,4.55165,0.50724,2.10023
2026-01-07 16:00:00,3.0822,0.02334,0.15831,0.21879,0.11705,0.01379,0.02012,0.04138,0.22038,0.23976,0.58378,2.38515,0.01995,1.50689,2.62782,0.00106,0.01065,0.01189,0,0.01909,0,2.54161,0.89558,0.47813,0.51093,0.33618,4.14383,0.6856,0.04309,0.17633,0.62295,3.11335,0.25063,0.48706,0.00393,4.48894,0.12769,1.50689,0.6856,0.25063,0.48706,2.62782,2.61851,2.54161,3.65856,4.48894,0.50307,2.07965
2026-01-07 17:00:00,3.05577,0.02323,0.15744,0.2076,0.11635,0.01368,0.02,0.04,0.2083,0.23734,0.57964,2.36475,0.0195,1.48612,2.62396,0.00106,0.01063,0.01187,0,0.01895,0,2.55322,0.8917,0.47323,0.50573,0.32036,4.08026,0.66646,0.04283,0.17543,0.62013,3.09209,0.24925,0.47337,0.00391,4.42808,0.12613,1.48612,0.66646,0.24925,0.47337,2.62396,2.62125,2.55322,3.628,4.42808,0.49829,2.0673
2026-01-07 18:00:00,3.02933,0.02311,0.15662,0.1986,0.11566,0.01356,0.01989,0.03868,0.19591,0.23552,0.57631,2.34433,0.01907,1.46579,2.62019,0.00106,0.01061,0.01185,0,0.0188,0,2.56347,0.88781,0.46832,0.50053,0.30545,4.01669,0.64783,0.04256,0.1745,0.61695,3.07182,0.24811,0.46041,0.00389,4.3691,0.12457,1.46579,0.64783,0.24811,0.46041,2.62019,2.62318,2.56347,3.59877,4.3691,0.49451,2.05906
2026-01-07 19:00:00,3.00985,0.02299,0.15579,0.19148,0.11497,0.01332,0.01978,0.03736,0.18341,0.23372,0.57307,2.33404,0.01868,1.44616,2.61646,0.00106,0.01059,0.01184,0,0.01869,0,2.57247,0.88569,0.4637,0.49716,0.29005,3.98288,0.62975,0.0423,0.17359,0.61377,3.05629,0.24705,0.44815,0.00387,4.31205,0.12342,1.44616,0.62975,0.24705,0.44815,2.61646,2.6244,2.57247,3.57089,4.31205,0.49173,2.05318
2026-01-07 20:00:00,2.99036,0.02285,0.1549,0.18568,0.11427,0.01282,0.01969,0.03605,0.17149,0.23135,0.56906,2.32356,0.01832,1.42722,2.61276,0.00106,0.01057,0.01182,0,0.01857,0,2.5803,0.88357,0.45908,0.4938,0.27484,3.94907,0.61215,0.04205,0.1727,0.61094,3.04189,0.24601,0.43656,0.00386,4.25697,0.12226,1.42722,0.61215,0.24601,0.43656,2.61276,2.62501,2.5803,3.54266,4.25697,0.49008,2.04877
2026-01-07 21:00:00,2.97088,0.02272,0.15398,0.18127,0.11359,0.01249,0.01961,0.03484,0.1604,0.22958,0.56582,2.31305,0.01798,1.40905,2.60906,0.00106,0.01056,0.0118,0,0.01846,0,2.58708,0.88145,0.45446,0.49043,0.26064,3.91526,0.59493,0.0418,0.1718,0.60777,3.02694,0.24498,0.4256,0.00385,4.20369,0.12111,1.40905,0.59493,0.24498,0.4256,2.60906,2.62509,2.58708,3.51453,4.20369,0.48787,2.04534
2026-01-07 22:00:00,2.9514,0.0226,0.15311,0.17563,0.11296,0.01237,0.01955,0.03379,0.14979,0.2278,0.56269,2.30287,0.01767,1.39171,2.60537,0.00106,0.01054,0.01178,0,0.01835,0,2.5929,0.87969,0.44983,0.48706,0.24737,3.88144,0.57813,0.04154,0.17091,0.60494,3.01054,0.24395,0.41522,0.00384,4.15191,0.11996,1.39171,0.57813,0.24395,0.41522,2.60537,2.6247,2.5929,3.48768,4.15191,0.48421,2.04259
2026-01-07 23:00:00,2.93191,0.02249,0.15229,0.16757,0.11235,0.0123,0.01949,0.03284,0.13965,0.22604,0.55952,2.29251,0.01738,1.37517,2.60169,0.00106,0.01052,0.01176,0,0.01823,0,2.59786,0.87757,0.44521,0.4837,0.23511,3.84763,0.56184,0.04129,0.17003,0.60176,2.99356,0.24303,0.40539,0.00382,4.10162,0.1188,1.37517,0.56184,0.24303,0.40539,2.60169,2.62392,2.59786,3.46199,4.10162,0.47998,2.04035
2026-01-08 00:00:00,2.91243,0.02238,0.15151,0.1611,0.11174,0.01222,0.01942,0.03192,0.13056,0.22482,0.55707,2.2821,0.0171,1.35942,2.59802,0.00106,0.0105,0.01174,0,0.01812,0,2.60207,0.87545,0.44059,0.48033,0.22388,3.81382,0.54613,0.04103,0.16912,0.59858,2.97748,0.24226,0.39608,0.0038,4.05293,0.11765,1.35942,0.54613,0.24226,0.39608,2.59802,2.62278,2.60207,3.43738,4.05293,0.47665,2.03848
2026-01-08 01:00:00,2.89751,0.02226,0.15072,0.15602,0.11113,0.01206,0.01934,0.03099,0.12294,0.22305,0.55402,2.27696,0.01684,1.34443,2.59435,0.00106,0.01048,0.01173,0,0.01802,0,2.60559,0.87333,0.43661,0.47688,0.21355,3.79464,0.53109,0.04079,0.16829,0.59576,2.96435,0.24153,0.38728,0.00378,4.0059,0.11677,1.34443,0.53109,0.24153,0.38728,2.59435,2.62135,2.60559,3.41375,4.0059,0.47419,2.03689
2026-01-08 02:00:00,2.88259,0.02213,0.14988,0.1519,0.1105,0.01174,0.01928,0.03007,0.11696,0.22189,0.55185,2.27192,0.0166,1.33018,2.59068,0.00106,0.01047,0.01171,0,0.01793,0,2.60853,0.86661,0.43264,0.47342,0.20399,3.77546,0.51675,0.04054,0.16742,0.59258,2.95221,0.24082,0.37896,0.00377,3.96053,0.11589,1.33018,0.51675,0.24082,0.37896,2.59068,2.61964,2.60853,3.39103,3.96053,0.47273,2.03554
2026-01-08 03:00:00,2.86768,0.022,0.149,0.14882,0.10989,0.01152,0.01922,0.02922,0.11244,0.22019,0.54909,2.26717,0.01638,1.31669,2.58699,0.00106,0.01045,0.01169,0,0.01783,0,2.61094,0.86086,0.42866,0.46997,0.19508,3.75628,0.50315,0.0403,0.16654,0.58976,2.9396,0.24011,0.3711,0.00376,3.91682,0.11502,1.31669,0.50315,0.24011,0.3711,2.58699,2.61771,2.61094,3.36915,3.91682,0.47078,2.03436
2026-01-08 04:00:00,2.85276,0.02189,0.14816,0.14481,0.10932,0.01144,0.01917,0.02847,0.10879,0.21877,0.54679,2.26251,0.01617,1.30397,2.58327,0.00106,0.01043,0.01167,0,0.01773,0,2.61289,0.85558,0.42468,0.46652,0.18674,3.73709,0.49028,0.04005,0.16568,0.58658,2.92566,0.23941,0.36365,0.00375,3.87474,0.11414,1.30397,0.49028,0.23941,0.36365,2.58327,2.61557,2.61289,3.34807,3.87474,0.46753,2.03333
2026-01-08 05:00:00,2.83784,0.02179,0.14737,0.13898,0.10876,0.0114,0.01912,0.0278,0.10545,0.21734,0.5446,2.258,0.01598,1.29198,2.57952,0.00106,0.01042,0.01165,0,0.01764,0,2.61443,0.8509,0.42071,0.46306,0.17903,3.71791,0.47811,0.03981,0.16481,0.5834,2.91125,0.23878,0.35661,0.00373,3.83425,0.11326,1.29198,0.47811,0.23878,0.35661,2.57952,2.61324,2.61443,3.32774,3.83425,0.46379,2.03242
2026-01-08 06:00:00,2.82292,0.02168,0.14663,0.13432,0.1082,0.01135,0.01906,0.02715,0.10207,0.21592,0.54243,2.25363,0.0158,1.28068,2.57572,0.00106,0.0104,0.01163,0,0.01754,0,2.61562,0.84665,0.41673,0.45961,0.17197,3.69873,0.46663,0.03956,0.16398,0.58022,2.89762,0.23824,0.34994,0.0037,3.79529,0.11238,1.28068,0.46663,0.23824,0.34994,2.57572,2.61076,2.61562,3.30812,3.79529,0.46084,2.03162
2026-01-08 07:00:00,2.81111,0.02156,0.14587,0.13065,0.10761,0.01125,0.019,0.02649,0.0987,0.2145,0.54028,2.23807,0.01563,1.27004,2.57185,0.00106,0.01038,0.01162,0,0.01745,0,2.61649,0.84269,0.4132,0.45659,0.16545,3.67272,0.45583,0.03933,0.16314,0.57704,2.88584,0.23773,0.34364,0.00368,3.75782,0.11169,1.27004,0.45583,0.23773,0.34364,2.57185,2.60813,2.61649,3.2892,3.75782,0.45862,2.03089
2026-01-08 08:00:00,2.79929,0.02143,0.14507,0.12766,0.10701,0.01104,0.01895,0.02584,0.09574,0.21286,0.53784,2.22274,0.01547,1.26001,2.56792,0.00106,0.01036,0.0116,0,0.01736,0,2.61709,0.83892,0.40968,0.45357,0.1594,3.6467,0.4457,0.03909,0.1623,0.57386,2.87491,0.23723,0.33768,0.00367,3.72179,0.111,1.26001,0.4457,0.23723,0.33768,2.56792,2.60538,2.61709,3.27086,3.72179,0.45726,2.03024
2026-01-08 09:00:00,2.78748,0.02131,0.14424,0.1254,0.10643,0.0109,0.0189,0.02524,0.09333,0.2112,0.53536,2.20751,0.01532,1.25059,2.56388,0.00106,0.01035,0.01158,0,0.01727,0,2.6152,0.83523,0.40615,0.45056,0.15374,3.62069,0.43622,0.03886,0.16147,0.57069,2.86347,0.23674,0.33206,0.00366,3.68714,0.11031,1.25059,0.43622,0.23674,0.33206,2.56388,2.6025,2.6152,3.25229,3.68714,0.45538,2.02965
2026-01-08 10:00:00,2.77567,0.0212,0.14345,0.12246,0.10588,0.01084,0.01885,0.02471,0.0912,0.20938,0.53267,2.19231,0.01518,1.24177,2.55974,0.00106,0.01033,0.01156,0,0.01718,0,2.6131,0.83124,0.40262,0.44754,0.14842,3.59467,0.42733,0.03863,0.16065,0.56751,2.85067,0.23624,0.32674,0.00366,3.65372,0.10962,1.24177,0.42733,0.23624,0.32674,2.55974,2.59952,2.6131,3.23444,3.65372,0.45214,2.02912
2026-01-08 11:00:00,2.76385,0.0211,0.14271,0.11818,0.10534,0.01082,0.01881,0.02423,0.08907,0.20764,0.53008,2.17701,0.01505,1.23351,2.55545,0.00106,0.01031,0.01154,0,0.01709,0,2.6108,0.82678,0.3991,0.44452,0.1435,3.56866,0.41901,0.03839,0.15983,0.56433,2.83731,0.23579,0.3217,0.00365,3.62141,0.10893,1.23351,0.41901,0.23579,0.3217,2.55545,2.59644,2.6108,3.21727,3.62141,0.44835,2.02863
2026-01-08 12:00:00,2.75204,0.021,0.142,0.11475,0.10481,0.01078,0.01875,0.02377,0.08675,0.20594,0.52748,2.16156,0.01493,1.22577,2.551,0.00106,0.01029,0.01153,0,0.017,0,2.60834,0.82203,0.39557,0.4415,0.13896,3.54264,0.41123,0.03816,0.15898,0.56115,2.82477,0.2354,0.31693,0.00363,3.59025,0.10824,1.22577,0.41123,0.2354,0.31693,2.551,2.59325,2.60834,3.20075,3.59025,0.44537,1.9982
2026-01-08 13:00:00,2.74234,0.02089,0.14129,0.11205,0.10427,0.01072,0.01869,0.0233,0.08433,0.2042,0.52478,2.14284,0.01481,1.21853,2.54637,0.00106,0.01027,0.01151,0,0.01691,0,2.60573,0.81705,0.39249,0.4389,0.13477,3.51572,0.40395,0.03794,0.15817,0.55797,2.81371,0.23503,0.31242,0.00362,3.56022,0.10768,1.21853,0.40395,0.23503,0.31242,2.54637,2.58997,2.60573,3.18486,3.56022,0.44311,1.89164
2026-01-08 14:00:00,2.73264,0.02077,0.14053,0.10985,0.10372,0.01058,0.01863,0.02284,0.08217,0.20321,0.52195,2.12406,0.0147,1.21174,2.54153,0.00106,0.01026,0.01149,0,0.01683,0,2.60298,0.81189,0.38941,0.4363,0.13085,3.4888,0.39716,0.03771,0.15738,0.55479,2.8035,0.23466,0.30817,0.00362,3.53133,0.10711,1.21174,0.39716,0.23466,0.30817,2.54153,2.58659,2.60298,3.16959,3.53133,0.4417,1.78102
2026-01-08 15:00:00,2.72294,0.02066,0.13974,0.10818,0.10318,0.01049,0.01858,0.02242,0.08041,0.20227,0.51922,2.1053,0.01459,1.20539,2.53649,0.00106,0.01024,0.01148,0,0.01674,0,2.6001,0.80667,0.38634,0.43371,0.12718,3.46188,0.39083,0.03748,0.15658,0.55162,2.79275,0.2343,0.30415,0.00361,3.50355,0.10655,1.20539,0.39083,0.2343,0.30415,2.53649,2.5831,2.6001,3.15491,3.50355,0.43974,1.74415
2026-01-08 16:00:00,2.71324,0.02056,0.13898,0.106,0.10266,0.01045,0.01853,0.02204,0.07885,0.20147,0.51672,2.0865,0.01449,1.19948,2.53122,0.00106,0.01022,0.01146,0,0.01665,0,2.5971,0.80148,0.38326,0.43111,0.12373,3.43496,0.38492,0.03726,0.15579,0.54844,2.78055,0.23393,0.30034,0.0036,3.47687,0.10598,1.19948,0.38492,0.23393,0.30034,2.53122,2.5795,2.5971,3.14079,3.47687,0.43634,1.72571
2026-01-08 17:00:00,2.70354,0.02047,0.13827,0.10284,0.10217,0.01043,0.01849,0.0217,0.07725,0.20019,0.51367,2.0676,0.0144,1.19396,2.52571,0.00106,0.01021,0.01144,0,0.01657,0,2.59399,0.79639,0.38018,0.42851,0.1205,3.40804,0.3794,0.03704,0.155,0.54526,2.76777,0.2336,0.29674,0.00358,3.45126,0.10542,1.19396,0.3794,0.2336,0.29674,2.52571,2.57579,2.59399,3.12723,3.45126,0.43235,1.71465
2026-01-08 18:00:00,2.69384,0.02037,0.1376,0.1003,0.10167,0.01041,0.01844,0.02137,0.07548,0.19947,0.51157,2.04867,0.01431,1.18881,2.51996,0.00106,0.01019,0.01142,0,0.01648,0,2.59076,0.79138,0.3771,0.42591,0.11753,3.38112,0.37423,0.03681,0.15418,0.54314,2.75583,0.2333,0.29333,0.00356,3.4267,0.10485,1.18881,0.37423,0.2333,0.29333,2.51996,2.57195,2.59076,3.1142,3.4267,0.42922,1.70727
2026-01-08 19:00:00,2.68568,0.02026,0.13692,0.0983,0.10115,0.01036,0.01838,0.02104,0.07362,0.19912,0.50966,2.03596,0.01423,1.184,2.51398,0.00106,0.01017,0.01141,0,0.0164,0,2.58743,0.78642,0.37448,0.42366,0.11476,3.35399,0.36942,0.0366,0.15341,0.54102,2.74524,0.23302,0.29011,0.00354,3.40314,0.10437,1.184,0.36942,0.23302,0.29011,2.51398,2.56797,2.58743,3.10168,3.40314,0.42687,1.70201
2026-01-08 20:00:00,2.67752,0.02015,0.13619,0.09668,0.10062,0.01027,0.01832,0.0207,0.07196,0.19819,0.50716,2.02315,0.01416,1.17951,2.50774,0.00106,0.01015,0.01139,0,0.01631,0,2.58398,0.7815,0.37186,0.42142,0.11217,3.32685,0.36493,0.03638,0.15263,0.5389,2.73557,0.23274,0.28707,0.00353,3.38056,0.10389,1.17951,0.36493,0.23274,0.28707,2.50774,2.56386,2.58398,3.08962,3.38056,0.42544,1.69806
2026-01-08 21:00:00,2.66936,0.02003,0.13544,0.09543,0.10011,0.0102,0.01828,0.02039,0.07062,0.19767,0.50539,2.01048,0.01408,1.17534,2.50126,0.00106,0.01014,0.01137,0,0.01623,0,2.58041,0.77661,0.36925,0.41918,0.10973,3.29972,0.36074,0.03617,0.15189,0.53678,2.7254,0.23246,0.28419,0.00352,3.35893,0.10342,1.17534,0.36074,0.23246,0.28419,2.50126,2.55958,2.58041,3.07805,3.35893,0.42349,1.69498
2026-01-08 22:00:00,2.6612,0.01993,0.13472,0.09381,0.09962,0.01018,0.01823,0.02012,0.06944,0.19706,0.50384,1.99829,0.01401,1.17145,2.49454,0.00106,0.01012,0.01135,0,0.01615,0,2.57672,0.77177,0.36663,0.41693,0.10742,3.27259,0.35683,0.03596,0.15111,0.53466,2.71385,0.23218,0.28147,0.00351,3.3382,0.10294,1.17145,0.35683,0.23218,0.28147,2.49454,2.55514,2.57672,3.06692,3.3382,0.42018,1.69252
2026-01-08 23:00:00,2.65304,0.01984,0.13404,0.09144,0.09914,0.01017,0.01819,0.01987,0.06822,0.1964,0.50242,1.98604,0.01394,1.16783,2.48758,0.00106,0.0101,0.01133,0,0.01606,0,2.5729,0.76698,0.36401,0.41469,0.10526,3.24545,0.35318,0.03574,0.15033,0.53255,2.70178,0.23192,0.27888,0.00349,3.31835,0.10246,1.16783,0.35318,0.23192,0.27888,2.48758,2.55053,2.5729,3.05621,3.31835,0.41635,1.69051
2026-01-09 00:00:00,2.64488,0.01974,0.1334,0.08954,0.09866,0.01015,0.01814,0.01963,0.06686,0.19618,0.50164,1.97383,0.01388,1.16446,2.48038,0.00106,0.01008,0.01132,0,0.01598,0,2.56895,0.76224,0.36139,0.41244,0.10325,3.21832,0.34976,0.03553,0.14955,0.53043,2.69052,0.23168,0.27644,0.00347,3.29933,0.10198,1.16446,0.34976,0.23168,0.27644,2.48038,2.54574,2.56895,3.0459,3.29933,0.41333,1.68884
2026-01-09 01:00:00,2.63778,0.01964,0.13276,0.08805,0.09816,0.01012,0.01808,0.01939,0.06542,0.19544,0.50031,1.96844,0.01381,1.16133,2.47296,0.00106,0.01006,0.0113,0,0.0159,0,2.56485,0.75752,0.35914,0.4105,0.10137,3.20378,0.34657,0.03533,0.1488,0.52866,2.68046,0.23145,0.27415,0.00345,3.28112,0.10156,1.16133,0.34657,0.23145,0.27415,2.47296,2.54076,2.56485,3.03599,3.28112,0.41109,1.68742
2026-01-09 02:00:00,2.63068,0.01952,0.13207,0.08683,0.09764,0.01004,0.01803,0.01915,0.06415,0.19515,0.49967,1.96327,0.01375,1.15841,2.46532,0.00106,0.01005,0.01128,0,0.01582,0,2.56059,0.75282,0.35689,0.40855,0.09961,3.18923,0.34358,0.03512,0.14808,0.52654,2.67129,0.23123,0.27196,0.00344,3.26368,0.10114,1.15841,0.34358,0.23123,0.27196,2.46532,2.53558,2.56059,3.02645,3.26368,0.40975,1.6862
2026-01-09 03:00:00,2.62359,0.01942,0.13136,0.0859,0.09714,0.01,0.01798,0.01892,0.06313,0.19437,0.49848,1.95845,0.01368,1.15569,2.45747,0.00106,0.01003,0.01127,0,0.01574,0,2.55618,0.74816,0.35464,0.40661,0.09794,3.17469,0.34079,0.03492,0.14731,0.52442,2.66166,0.231,0.2699,0.00343,3.24698,0.10072,1.15569,0.34079,0.231,0.2699,2.45747,2.5302,2.55618,3.01724,3.24698,0.40794,1.68515
2026-01-09 04:00:00,2.61649,0.01932,0.13068,0.08469,0.09667,0.00998,0.01794,0.01872,0.06222,0.1938,0.49766,1.95374,0.01361,1.15317,2.44942,0.00106,0.01001,0.01125,0,0.01565,0,2.55159,0.74361,0.35238,0.40467,0.09635,3.16015,0.33817,0.03471,0.14658,0.52527,2.65081,0.23077,0.26795,0.00342,3.23099,0.10029,1.15317,0.33817,0.23077,0.26795,2.44942,2.52462,2.55159,3.00835,3.23099,0.40493,1.68423
2026-01-09 05:00:00,2.60939,0.01923,0.13004,0.08291,0.0962,0.00997,0.0179,0.01854,0.06129,0.19323,0.49687,1.9491,0.01351,1.15083,2.44117,0.00106,0.01,0.01123,0,0.01557,0,2.54683,0.73924,0.35013,0.40272,0.09486,3.1456,0.33572,0.03451,0.14582,0.52178,2.6395,0.23056,0.2661,0.0034,3.21566,0.09987,1.15083,0.33572,0.23056,0.2661,2.44117,2.51883,2.54683,2.99976,3.21566,0.40144,1.68342
2026-01-09 06:00:00,2.60229,0.01914,0.12943,0.08149,0.09574,0.00995,0.01785,0.01837,0.06023,0.19264,0.49605,1.94454,0.0134,1.14865,2.43274,0.00106,0.00998,0.01121,0,0.01549,0,2.54188,0.73498,0.34788,0.40078,0.09346,3.13106,0.33342,0.0343,0.1451,0.51903,2.62893,0.23036,0.26435,0.00338,3.20097,0.09945,1.14865,0.33342,0.23036,0.26435,2.43274,2.51283,2.54188,2.99146,3.20097,0.3987,1.68269
2026-01-09 07:00:00,2.59595,0.01904,0.12882,0.08037,0.09526,0.00993,0.01779,0.01819,0.0591,0.19205,0.4952,1.93544,0.01331,1.14663,2.42412,0.00106,0.00996,0.0112,0,0.01541,0,2.53674,0.73081,0.34582,0.39907,0.09215,3.11098,0.33127,0.0341,0.14437,0.51697,2.61937,0.23017,0.26269,0.00336,3.18688,0.09907,1.14663,0.33127,0.23017,0.26269,2.42412,2.50663,2.53674,2.98343,3.18688,0.39664,1.68205
2026-01-09 08:00:00,2.58961,0.01893,0.12817,0.07946,0.09477,0.00987,0.01774,0.01801,0.05809,0.19121,0.49403,1.92649,0.01324,1.14475,2.41533,0.00106,0.00995,0.01118,0,0.01534,0,2.5314,0.7267,0.34376,0.39736,0.0909,3.0909,0.32924,0.03391,0.14367,0.51571,2.61062,0.22999,0.26113,0.00335,3.17337,0.09869,1.14475,0.32924,0.22999,0.26113,2.41533,2.50021,2.5314,2.97563,3.17337,0.39538,1.68146
2026-01-09 09:00:00,2.58327,0.01883,0.12749,0.07876,0.09429,0.00983,0.0177,0.01784,0.05729,0.19035,0.49284,1.91756,0.01319,1.143,2.40638,0.00106,0.00993,0.01116,0,0.01526,0,2.52587,0.72263,0.3417,0.39565,0.08972,3.07083,0.32735,0.03371,0.14293,0.51399,2.6014,0.2298,0.25964,0.00334,3.1604,0.09831,1.143,0.32735,0.2298,0.25964,2.40638,2.49146,2.52587,2.96807,3.1604,0.39366,1.68094
2026-01-09 10:00:00,2.57692,0.01874,0.12684,0.07784,0.09383,0.00981,0.01765,0.01769,0.05659,0.18934,0.49144,1.90862,0.01315,1.14137,2.39726,0.00106,0.00991,0.01114,0,0.01518,0,2.52013,0.71863,0.33963,0.39394,0.08859,3.05075,0.32556,0.03351,0.14221,0.51104,2.59094,0.22961,0.25824,0.00333,3.14794,0.09792,1.14137,0.32556,0.22961,0.25824,2.39726,2.48377,2.52013,2.9607,3.14794,0.39071,1.68046
2026-01-09 11:00:00,2.57058,0.01866,0.12623,0.0765,0.09338,0.0098,0.01761,0.01755,0.05585,0.18837,0.49009,1.89954,0.01311,1.13986,2.38799,0.00106,0.0099,0.01112,0,0.01511,0,2.514,0.71472,0.33757,0.39223,0.08751,3.03067,0.32388,0.03332,0.14148,0.50758,2.58,0.22943,0.2569,0.00332,3.13596,0.09754,1.13986,0.32388,0.22943,0.2569,2.38799,2.47638,2.514,2.95353,3.13596,0.38726,1.68002
2026-01-09 12:00:00,2.56424,0.01858,0.12565,0.07543,0.09294,0.00979,0.01756,0.01742,0.05502,0.18746,0.48869,1.89029,0.01308,1.13845,2.37857,0.00106,0.00988,0.01111,0,0.01503,0,2.50734,0.71086,0.33551,0.39052,0.0865,3.01059,0.3223,0.03312,0.1408,0.50487,2.56979,0.22926,0.25564,0.00331,3.12443,0.09716,1.13845,0.3223,0.22926,0.25564,2.37857,2.46896,2.50734,2.94653,3.12443,0.38455,1.66138
2026-01-09 13:00:00,2.55847,0.01848,0.12507,0.07459,0.09248,0.00976,0.01751,0.01728,0.05413,0.18651,0.48719,1.88093,0.01305,1.13714,2.36901,0.00106,0.00986,0.01109,0,0.01496,0,2.50035,0.70705,0.33364,0.389,0.08554,2.99425,0.3208,0.03293,0.14009,0.50283,2.56052,0.22909,0.25444,0.0033,3.11333,0.09678,1.13714,0.3208,0.22909,0.25444,2.36901,2.4614,2.50035,2.93967,3.11333,0.38252,1.59832
2026-01-09 14:00:00,2.5527,0.01838,0.12445,0.0739,0.09201,0.00969,0.01746,0.01714,0.05333,0.18552,0.48559,1.87146,0.01302,1.13592,2.35933,0.00106,0.00985,0.01107,0,0.01488,0,2.49322,0.70327,0.33178,0.38747,0.08463,2.97791,0.3194,0.03274,0.13939,0.5016,2.55205,0.22892,0.2533,0.00329,3.10263,0.0964,1.13592,0.3194,0.22892,0.2533,2.35933,2.45367,2.49322,2.93294,3.10263,0.38129,1.51121
2026-01-09 15:00:00,2.54694,0.01828,0.1238,0.07336,0.09155,0.00965,0.01741,0.01701,0.0527,0.18459,0.48318,1.86199,0.01299,1.13479,2.34952,0.00106,0.00983,0.01106,0,0.01481,0,2.48599,0.69951,0.32991,0.38595,0.08376,2.96157,0.31807,0.03255,0.13871,0.49992,2.54313,0.22876,0.25222,0.00328,3.09229,0.09602,1.13479,0.31807,0.22876,0.25222,2.34952,2.44576,2.48599,2.92632,3.09229,0.37961,1.48218
2026-01-09 16:00:00,2.54117,0.01819,0.12318,0.07267,0.09111,0.00963,0.01737,0.01689,0.05216,0.1838,0.48096,1.85245,0.01296,1.13374,2.3396,0.00106,0.00981,0.01104,0,0.01473,0,2.47866,0.6958,0.32804,0.38443,0.08292,2.94522,0.31681,0.03236,0.13801,0.49706,2.53303,0.22859,0.2512,0.00327,3.08229,0.09563,1.13374,0.31681,0.22859,0.2512,2.3396,2.43767,2.47866,2.91979,3.08229,0.37675,1.46766
2026-01-09 17:00:00,2.5354,0.01811,0.12261,0.07165,0.09069,0.00962,0.01733,0.01679,0.05159,0.18256,0.47813,1.84282,0.01293,1.13276,2.32957,0.00106,0.0098,0.01102,0,0.01466,0,2.4712,0.69215,0.32618,0.3829,0.08211,2.92888,0.31562,0.03217,0.13735,0.49374,2.52248,0.22843,0.25023,0.00325,3.0726,0.09525,1.13276,0.31562,0.22843,0.25023,2.32957,2.4294,2.4712,2.91332,3.0726,0.37344,1.45895
2026-01-09 18:00:00,2.52963,0.01803,0.12206,0.07083,0.09026,0.00961,0.01728,0.01669,0.05093,0.18178,0.4759,1.8328,0.0129,1.13185,2.31945,0.00106,0.00978,0.01101,0,0.01458,0,2.4636,0.68855,0.32431,0.38138,0.08135,2.91254,0.31449,0.03198,0.13665,0.49113,2.51263,0.22828,0.2493,0.00323,3.0632,0.09487,1.13185,0.31449,0.22828,0.2493,2.31945,2.42096,2.4636,2.9069,3.0632,0.37083,1.45315
2026-01-09 19:00:00,2.52429,0.01794,0.12151,0.07018,0.08981,0.00959,0.01722,0.01658,0.05022,0.18101,0.47369,1.82555,0.01287,1.13101,2.30925,0.00106,0.00976,0.01099,0,0.01451,0,2.45585,0.68497,0.32276,0.38001,0.08062,2.89249,0.31342,0.0318,0.13597,0.4892,2.50372,0.22813,0.24843,0.00321,3.05406,0.09454,1.13101,0.31342,0.22813,0.24843,2.30925,2.41236,2.45585,2.90053,3.05406,0.3689,1.449
2026-01-09 20:00:00,2.51894,0.01784,0.12091,0.06965,0.08935,0.00956,0.01717,0.01648,0.0496,0.17978,0.47089,1.81806,0.01284,1.13022,2.29898,0.00106,0.00975,0.01097,0,0.01443,0,2.44794,0.68142,0.3212,0.37864,0.07992,2.87244,0.3124,0.03162,0.13532,0.48805,2.49558,0.22798,0.2476,0.0032,3.04515,0.09421,1.13022,0.3124,0.22798,0.2476,2.29898,2.40359,2.44794,2.89418,3.04515,0.36775,1.44589
2026-01-09 21:00:00,2.5136,0.01775,0.12029,0.06923,0.0889,0.00953,0.01712,0.01638,0.04911,0.17903,0.46869,1.81052,0.01281,1.12949,2.28864,0.00106,0.00973,0.01096,0,0.01436,0,2.43987,0.67789,0.31965,0.37727,0.07925,2.85239,0.31143,0.03144,0.13465,0.48649,2.48705,0.22783,0.2468,0.00319,3.03645,0.09388,1.12949,0.31143,0.22783,0.2468,2.28864,2.39468,2.43987,2.88787,3.03645,0.3662,1.44347
2026-01-09 22:00:00,2.50826,0.01767,0.11968,0.06868,0.08847,0.00953,0.01708,0.0163,0.04868,0.17829,0.46653,1.80321,0.01279,1.12881,2.27825,0.00106,0.00971,0.01094,0,0.01429,0,2.43163,0.67454,0.3181,0.37589,0.0786,2.83234,0.31051,0.03126,0.13397,0.48392,2.4775,0.22768,0.24605,0.00318,3.02794,0.09355,1.12881,0.31051,0.22768,0.24605,2.27825,2.38562,2.43163,2.88157,3.02794,0.36363,1.44153
2026-01-09 23:00:00,2.50291,0.01759,0.11912,0.06786,0.08805,0.00952,0.01704,0.01622,0.04822,0.17753,0.4644,1.79573,0.01276,1.12818,2.26783,0.00106,0.0097,0.01092,0,0.01421,0,2.42323,0.67145,0.31654,0.37452,0.07797,2.81229,0.30964,0.03108,0.13333,0.48095,2.46754,0.22753,0.24534,0.00316,3.01961,0.09322,1.12818,0.30964,0.22753,0.24534,2.26783,2.37642,2.42323,2.8753,3.01961,0.36066,1.43995
2026-01-10 00:00:00,2.49757,0.01751,0.11859,0.06721,0.08763,0.00951,0.017,0.01614,0.04768,0.17726,0.46282,1.78822,0.01273,1.12759,2.25737,0.00106,0.00968,0.01091,0,0.01414,0,2.41467,0.66854,0.31499,0.37315,0.07736,2.79224,0.3088,0.0309,0.13265,0.47861,2.45823,0.22738,0.24466,0.00314,3.01143,0.09289,1.12759,0.3088,0.22738,0.24466,2.25737,2.36709,2.41467,2.869,3.01143,0.35833,1.43863
2026-01-10 01:00:00,2.49253,0.01742,0.11806,0.0667,0.0872,0.0095,0.01695,0.01605,0.0471,0.17653,0.46071,1.79448,0.0127,1.12705,2.24689,0.00106,0.00966,0.01089,0,0.01407,0,2.40596,0.66574,0.31356,0.3719,0.07678,2.78284,0.308,0.03073,0.132,0.47689,2.44976,0.22722,0.244,0.00312,3.0034,0.09258,1.12705,0.308,0.22722,0.244,2.24689,2.35764,2.40596,2.86269,3.0034,0.35661,1.43751
2026-01-10 02:00:00,2.48748,0.01733,0.1175,0.06628,0.08676,0.00947,0.0169,0.01597,0.04659,0.17629,0.45923,1.80082,0.01267,1.12654,2.2364,0.00106,0.00965,0.01087,0,0.014,0,2.3971,0.66304,0.31213,0.37065,0.07622,2.77345,0.30723,0.03055,0.13135,0.47587,2.44199,0.22707,0.24338,0.00311,2.99549,0.09228,1.12654,0.30723,0.22707,0.24338,2.2364,2.34807,2.3971,2.85638,2.99549,0.3556,1.43655
2026-01-10 03:00:00,2.48243,0.01724,0.11691,0.06596,0.08633,0.00945,0.01686,0.01589,0.04619,0.17561,0.4573,1.8074,0.01264,1.12607,2.22591,0.00106,0.00963,0.01086,0,0.01393,0,2.38809,0.66043,0.31071,0.3694,0.07568,2.76405,0.3065,0.03038,0.13071,0.47453,2.43391,0.22692,0.24279,0.0031,2.9877,0.09197,1.12607,0.3065,0.22692,0.24279,2.22591,2.3384,2.38809,2.85003,2.9877,0.35426,1.43572
2026-01-10 04:00:00,2.47739,0.01716,0.11635,0.06553,0.08592,0.00944,0.01683,0.01582,0.04583,0.17518,0.45575,1.81404,0.01261,1.12563,2.21543,0.00106,0.00961,0.01084,0,0.01386,0,2.37894,0.65829,0.30928,0.36815,0.07514,2.75465,0.3058,0.03021,0.13006,0.47233,2.42496,0.22676,0.24223,0.00309,2.98,0.09166,1.12563,0.3058,0.22676,0.24223,2.21543,2.32864,2.37894,2.84362,2.98,0.35207,1.435
2026-01-10 05:00:00,2.47235,0.01708,0.11583,0.0649,0.08552,0.00944,0.01679,0.01575,0.04546,0.17477,0.45426,1.82073,0.01258,1.12522,2.20495,0.00106,0.0096,0.01082,0,0.01379,0,2.36967,0.65682,0.30785,0.3669,0.07463,2.74526,0.30512,0.03003,0.12943,0.46982,2.41569,0.22662,0.2417,0.00308,2.97237,0.09136,1.12522,0.30512,0.22662,0.2417,2.20495,2.31879,2.36967,2.8372,2.97237,0.34956,1.43436
2026-01-10 06:00:00,2.4673,0.01701,0.11533,0.0644,0.08512,0.00943,0.01674,0.01569,0.04503,0.17437,0.45284,1.82751,0.01255,1.12483,2.1945,0.00106,0.00958,0.01081,0,0.01372,0,2.36027,0.65581,0.30642,0.36565,0.07413,2.73586,0.30447,0.02986,0.12877,0.46783,2.40696,0.22649,0.24118,0.00307,2.96482,0.09105,1.12483,0.30447,0.22649,0.24118,2.1945,2.30886,2.36027,2.83071,2.96482,0.34758,1.43379
2026-01-10 07:00:00,2.46247,0.01692,0.11483,0.06401,0.08471,0.00942,0.01669,0.01562,0.04455,0.17398,0.45143,1.81837,0.01252,1.12448,2.18407,0.00106,0.00956,0.01079,0,0.01365,0,2.35075,0.65513,0.30496,0.3645,0.07365,2.72238,0.30384,0.0297,0.12815,0.46634,2.39893,0.22637,0.24068,0.00306,2.95732,0.09075,1.12448,0.30384,0.22637,0.24068,2.18407,2.29886,2.35075,2.82417,2.95732,0.34609,1.43328
2026-01-10 08:00:00,2.45764,0.01683,0.1143,0.06368,0.08428,0.00939,0.01664,0.01555,0.04413,0.17341,0.44977,1.80941,0.01249,1.12414,2.17368,0.00106,0.00955,0.01077,0,0.01358,0,2.34113,0.65466,0.3035,0.36335,0.07318,2.70889,0.30324,0.02953,0.12753,0.46539,2.39144,0.22625,0.24021,0.00305,2.94987,0.09046,1.12414,0.30324,0.22625,0.24021,2.17368,2.2888,2.34113,2.81756,2.94987,0.34515,1.43282
2026-01-10 09:00:00,2.45281,0.01674,0.11374,0.06342,0.08387,0.00937,0.01659,0.01548,0.0438,0.17279,0.44812,1.80053,0.01246,1.12383,2.16333,0.00106,0.00953,0.01076,0,0.01352,0,2.33141,0.65428,0.30203,0.36221,0.07272,2.69541,0.30266,0.02936,0.12689,0.46409,2.3836,0.22612,0.23976,0.00305,2.94244,0.09016,1.12383,0.30266,0.22612,0.23976,2.16333,2.27869,2.33141,2.8109,2.94244,0.34385,1.43241
2026-01-10 10:00:00,2.44798,0.01666,0.11319,0.06308,0.08348,0.00936,0.01655,0.01543,0.04352,0.17208,0.44633,1.79169,0.01244,1.12355,2.15302,0.00106,0.00952,0.01074,0,0.01345,0,2.3216,0.65324,0.30057,0.36106,0.07227,2.68193,0.30209,0.0292,0.12627,0.46181,2.37479,0.226,0.23933,0.00304,2.93505,0.08986,1.12355,0.30209,0.226,0.23933,2.15302,2.26854,2.3216,2.80415,2.93505,0.34158,1.43203
2026-01-10 11:00:00,2.44315,0.01658,0.11269,0.06258,0.0831,0.00935,0.01652,0.01537,0.04321,0.1714,0.44459,1.78278,0.01241,1.12328,2.14276,0.00106,0.0095,0.01072,0,0.01338,0,2.31171,0.65107,0.29911,0.35991,0.07183,2.66844,0.30155,0.02904,0.12565,0.45914,2.36558,0.22588,0.23892,0.00302,2.92766,0.08957,1.12328,0.30155,0.22588,0.23892,2.14276,2.25836,2.31171,2.79734,2.92766,0.33891,1.43169
2026-01-10 12:00:00,2.43832,0.01651,0.11221,0.06217,0.08271,0.00935,0.01647,0.01532,0.04285,0.17081,0.44287,1.77375,0.01238,1.12303,2.13256,0.00106,0.00949,0.01071,0,0.01331,0,2.30175,0.64813,0.29765,0.35876,0.0714,2.65496,0.30102,0.02887,0.12505,0.45703,2.35693,0.22576,0.23852,0.003,2.92028,0.08927,1.12303,0.30102,0.22576,0.23852,2.13256,2.24815,2.30175,2.79045,2.92028,0.33681,1.41652
2026-01-10 13:00:00,2.43367,0.01642,0.11173,0.06185,0.08231,0.00933,0.01642,0.01526,0.04245,0.17016,0.44105,1.76302,0.01235,1.12279,2.12242,0.00106,0.00947,0.01069,0,0.01325,0,2.29173,0.64468,0.2963,0.3577,0.07099,2.64171,0.30051,0.02871,0.12443,0.45544,2.349,0.22565,0.23814,0.00298,2.9129,0.08899,1.12279,0.30051,0.22565,0.23814,2.12242,2.23792,2.29173,2.78349,2.9129,0.33522,1.36748
2026-01-10 14:00:00,2.42901,0.01634,0.11122,0.06159,0.0819,0.0093,0.01638,0.0152,0.0421,0.16944,0.43917,1.75225,0.01232,1.12257,2.11235,0.00106,0.00946,0.01067,0,0.01318,0,2.28165,0.64083,0.29495,0.35663,0.07058,2.62846,0.30001,0.02855,0.12382,0.45447,2.34167,0.22553,0.23777,0.00297,2.90551,0.0887,1.12257,0.30001,0.22553,0.23777,2.11235,2.22768,2.28165,2.77642,2.90551,0.33425,1.3024
2026-01-10 15:00:00,2.42436,0.01625,0.11069,0.06138,0.0815,0.00928,0.01634,0.01515,0.04183,0.16878,0.4373,1.74148,0.0123,1.12236,2.10235,0.00106,0.00944,0.01066,0,0.01312,0,2.27153,0.63674,0.2936,0.35557,0.07018,2.61521,0.29953,0.0284,0.12325,0.45314,2.33401,0.22541,0.23742,0.00296,2.89811,0.08842,1.12236,0.29953,0.22541,0.23742,2.10235,2.21743,2.27153,2.76929,2.89811,0.33292,1.2807
2026-01-10 16:00:00,2.41971,0.01618,0.11018,0.06109,0.08111,0.00928,0.0163,0.0151,0.04159,0.16826,0.4356,1.73069,0.01227,1.12217,2.09242,0.00106,0.00942,0.01064,0,0.01305,0,2.26137,0.6327,0.29226,0.3545,0.06979,2.60196,0.29906,0.02824,0.12265,0.45084,2.32537,0.2253,0.23708,0.00295,2.89067,0.08813,1.12217,0.29906,0.2253,0.23708,2.09242,2.20719,2.26137,2.76206,2.89067,0.33063,1.26986
2026-01-10 17:00:00,2.41505,0.01611,0.1097,0.06067,0.08074,0.00927,0.01627,0.01506,0.04133,0.16726,0.43336,1.71984,0.01224,1.12199,2.08256,0.00106,0.00941,0.01062,0,0.01299,0,2.25117,0.62885,0.29091,0.35344,0.0694,2.58871,0.2986,0.02808,0.12203,0.44817,2.31636,0.22518,0.23675,0.00294,2.88321,0.08785,1.12199,0.2986,0.22518,0.23675,2.08256,2.19696,2.25117,2.75476,2.88321,0.32797,1.26335
2026-01-10 18:00:00,2.4104,0.01604,0.10925,0.06033,0.08036,0.00927,0.01622,0.01501,0.04103,0.16673,0.43164,1.70894,0.01222,1.12182,2.07279,0.00106,0.00939,0.01061,0,0.01292,0,2.24096,0.62515,0.28956,0.35237,0.06901,2.57546,0.29816,0.02792,0.12143,0.44608,2.30792,0.22507,0.23643,0.00293,2.87572,0.08756,1.12182,0.29816,0.22507,0.23643,2.07279,2.18675,2.24096,2.74737,2.87572,0.32588,1.25901
2026-01-10 19:00:00,2.40592,0.01596,0.10879,0.06007,0.07997,0.00925,0.01617,0.01496,0.0407,0.16618,0.42994,1.71113,0.01219,1.12166,2.0631,0.00106,0.00937,0.01059,0,0.01286,0,2.23073,0.62154,0.28844,0.35137,0.06863,2.56016,0.29772,0.02777,0.1209,0.44454,2.30027,0.22496,0.23612,0.00292,2.8682,0.08728,1.12166,0.29772,0.22496,0.23612,2.0631,2.17656,2.23073,2.73988,2.8682,0.32435,1.25591
2026-01-10 20:00:00,2.40144,0.01588,0.10831,0.05985,0.07956,0.00922,0.01613,0.01491,0.04042,0.16516,0.4277,1.71317,0.01216,1.12152,2.0535,0.00106,0.00936,0.01058,0,0.01279,0,2.2205,0.618,0.28731,0.35038,0.06824,2.54486,0.29729,0.02762,0.12036,0.44368,2.29329,0.22485,0.23583,0.00291,2.86063,0.087,1.12152,0.29729,0.22485,0.23583,2.0535,2.16641,2.2205,2.73231,2.86063,0.32349,1.25359
2026-01-10 21:00:00,2.39696,0.01581,0.10779,0.05967,0.07917,0.0092,0.01609,0.01486,0.04019,0.16457,0.42597,1.71519,0.01213,1.12138,2.04399,0.00106,0.00934,0.01056,0,0.01273,0,2.21026,0.61454,0.28619,0.34938,0.06786,2.52957,0.29687,0.02746,0.11985,0.44255,2.28605,0.22473,0.23554,0.00291,2.85302,0.08672,1.12138,0.29687,0.22473,0.23554,2.04399,2.15629,2.21026,2.72466,2.85302,0.32237,1.25178
2026-01-10 22:00:00,2.39249,0.01574,0.1073,0.05944,0.0788,0.00919,0.01606,0.01482,0.03999,0.16399,0.42426,1.71742,0.0121,1.12125,2.03456,0.00106,0.00932,0.01055,0,0.01267,0,2.20004,0.61167,0.28507,0.34838,0.06749,2.51427,0.29645,0.02731,0.11931,0.44079,2.27817,0.22462,0.23527,0.0029,2.84536,0.08644,1.12125,0.29645,0.22462,0.23527,2.03456,2.1462,2.20004,2.71692,2.84536,0.32061,1.25033
2026-01-10 23:00:00,2.38801,0.01567,0.10683,0.05909,0.07844,0.00919,0.01602,0.01478,0.03978,0.16338,0.42258,1.71947,0.01208,1.12112,2.02524,0.00106,0.00931,0.01053,0,0.0126,0,2.18983,0.6097,0.28394,0.34739,0.06712,2.49897,0.29605,0.02716,0.11878,0.4388,2.27005,0.22451,0.235,0.00288,2.83765,0.08616,1.12112,0.29605,0.22451,0.235,2.02524,2.13617,2.18983,2.70912,2.83765,0.31862,1.24915
2026-01-11 00:00:00,2.38353,0.01561,0.10639,0.05882,0.07807,0.00918,0.01598,0.01474,0.03953,0.16322,0.42139,1.72149,0.01205,1.12101,2.01601,0.00106,0.00929,0.01052,0,0.01254,0,2.17964,0.60835,0.28282,0.34639,0.06676,2.48367,0.29564,0.02701,0.11825,0.43723,2.26237,0.2244,0.23474,0.00286,2.82989,0.08588,1.12101,0.29564,0.2244,0.23474,2.01601,2.12619,2.17964,2.70122,2.82989,0.31705,1.24816
2026-01-11 01:00:00,2.37907,0.01553,0.10596,0.0586,0.0777,0.00917,0.01594,0.01471,0.03926,0.16265,0.41976,1.72564,0.01202,1.1209,2.00687,0.00106,0.00928,0.0105,0,0.01248,0,2.16947,0.60743,0.28173,0.34548,0.06641,2.47966,0.29525,0.02686,0.11784,0.43606,2.25536,0.22429,0.23449,0.00284,2.82209,0.08561,1.1209,0.29525,0.22429,0.23449,2.00687,2.11626,2.16947,2.69325,2.82209,0.31589,1.24733
2026-01-11 02:00:00,2.37461,0.01545,0.10549,0.05841,0.07731,0.00915,0.01589,0.01467,0.03902,0.16263,0.41887,1.72986,0.012,1.12079,1.99784,0.00106,0.00926,0.01048,0,0.01242,0,2.15934,0.60681,0.28064,0.34458,0.06607,2.47565,0.29486,0.02672,0.1174,0.43533,2.2488,0.22419,0.23424,0.00283,2.81423,0.08533,1.12079,0.29486,0.22419,0.23424,1.99784,2.10639,2.15934,2.68521,2.81423,0.31517,1.24661
2026-01-11 03:00:00,2.37015,0.01537,0.10501,0.05826,0.07694,0.00913,0.01585,0.01463,0.03883,0.16221,0.41762,1.73429,0.01197,1.12069,1.9889,0.00106,0.00925,0.01047,0,0.01236,0,2.14925,0.6065,0.27956,0.34367,0.06574,2.47164,0.29448,0.02657,0.117,0.43434,2.24196,0.22408,0.23401,0.00282,2.80632,0.08506,1.12069,0.29448,0.22408,0.23401,1.9889,2.09658,2.14925,2.67708,2.80632,0.31418,1.24599
2026-01-11 04:00:00,2.36569,0.0153,0.10454,0.05806,0.07658,0.00913,0.01582,0.01459,0.03866,0.16208,0.41684,1.73878,0.01195,1.1206,1.98007,0.00106,0.00924,0.01045,0,0.01229,0,2.1392,0.60781,0.27847,0.34276,0.06542,2.46762,0.2941,0.02642,0.11657,0.43263,2.2344,0.22397,0.23378,0.00281,2.79836,0.08478,1.1206,0.2941,0.22397,0.23378,1.98007,2.08684,2.1392,2.66888,2.79836,0.31248,1.24545
2026-01-11 05:00:00,2.36123,0.01523,0.1041,0.05775,0.07624,0.00912,0.01578,0.01455,0.03848,0.16199,0.41615,1.74342,0.01192,1.12051,1.97134,0.00106,0.00922,0.01043,0,0.01223,0,2.1292,0.61156,0.27738,0.34186,0.0651,2.46361,0.29374,0.02628,0.11617,0.43062,2.22657,0.22386,0.23356,0.0028,2.79035,0.08451,1.12051,0.29374,0.22386,0.23356,1.97134,2.07718,2.1292,2.66062,2.79035,0.31048,1.24497
2026-01-11 06:00:00,2.35677,0.01517,0.10369,0.05751,0.07589,0.00912,0.01574,0.01451,0.03826,0.16194,0.4156,1.74822,0.01189,1.12042,1.96272,0.00106,0.00921,0.01042,0,0.01217,0,2.11925,0.61701,0.27629,0.34095,0.06479,2.4596,0.29338,0.02613,0.11573,0.42905,2.21914,0.22376,0.23335,0.00279,2.78228,0.08423,1.12042,0.29338,0.22376,0.23335,1.96272,2.06759,2.11925,2.65229,2.78228,0.30891,1.24455
2026-01-11 07:00:00,2.3525,0.01509,0.10328,0.05732,0.07553,0.0091,0.0157,0.01447,0.03802,0.16195,0.41513,1.73715,0.01187,1.12034,1.9542,0.00106,0.00919,0.0104,0,0.01211,0,2.10936,0.62363,0.27566,0.3403,0.06448,2.4551,0.29303,0.02599,0.11531,0.42784,2.21223,0.22365,0.23314,0.00278,2.77416,0.08396,1.12034,0.29303,0.22365,0.23314,1.9542,2.05808,2.10936,2.6439,2.77416,0.30771,1.24417
2026-01-11 08:00:00,2.34823,0.01501,0.10284,0.05716,0.07516,0.00907,0.01565,0.01441,0.03781,0.16183,0.41445,1.72632,0.01184,1.12027,1.94578,0.00106,0.00918,0.01038,0,0.01205,0,2.09954,0.63106,0.27503,0.33964,0.06418,2.45059,0.29269,0.02585,0.11486,0.42707,2.20575,0.22355,0.23294,0.00277,2.766,0.08369,1.12027,0.29269,0.22355,0.23294,1.94578,2.04864,2.09954,2.63546,2.766,0.30694,1.24382
2026-01-11 09:00:00,2.34396,0.01493,0.10238,0.05703,0.0748,0.00905,0.01561,0.01436,0.03765,0.16175,0.4138,1.71564,0.01182,1.12019,1.93747,0.00106,0.00916,0.01037,0,0.012,0,2.08978,0.63877,0.2744,0.33899,0.06388,2.44609,0.29235,0.02572,0.11443,0.42598,2.19897,0.22345,0.23274,0.00277,2.75779,0.08343,1.12019,0.29235,0.22345,0.23274,1.93747,2.03929,2.08978,2.62696,2.75779,0.30586,1.24351
2026-01-11 10:00:00,2.33968,0.01487,0.10194,0.05685,0.07446,0.00905,0.01558,0.01432,0.0375,0.1616,0.41306,1.70506,0.01179,1.12012,1.92927,0.00106,0.00914,0.01035,0,0.01194,0,2.08009,0.64409,0.27376,0.33833,0.06358,2.44158,0.29201,0.02558,0.11403,0.42408,2.19136,0.22334,0.23255,0.00276,2.74954,0.08316,1.12012,0.29201,0.22334,0.23255,1.92927,2.03003,2.08009,2.6184,2.74954,0.30396,1.24323
2026-01-11 11:00:00,2.33541,0.0148,0.10152,0.05658,0.07412,0.00904,0.01554,0.01428,0.03734,0.16154,0.41252,1.69446,0.01176,1.12005,1.92117,0.00106,0.00913,0.01034,0,0.01188,0,2.07047,0.64544,0.27313,0.33768,0.06329,2.43707,0.29168,0.02544,0.11357,0.42183,2.1834,0.22324,0.23236,0.00274,2.74124,0.08289,1.12005,0.29168,0.22324,0.23236,1.92117,2.02086,2.07047,2.6098,2.74124,0.30171,1.24298
2026-01-11 12:00:00,2.33114,0.01474,0.10113,0.05637,0.07378,0.00903,0.0155,0.01424,0.03715,0.16154,0.41208,1.68378,0.01173,1.11998,1.91318,0.00106,0.00911,0.01032,0,0.01182,0,2.06093,0.64403,0.2725,0.33702,0.063,2.43257,0.29136,0.0253,0.11317,0.42006,2.17593,0.22314,0.23219,0.00272,2.7329,0.08262,1.11998,0.29136,0.22314,0.23219,1.91318,2.01178,2.06093,2.60115,2.7329,0.29995,1.2188
2026-01-11 13:00:00,2.32697,0.01467,0.10074,0.0562,0.07343,0.00902,0.01546,0.01421,0.03693,0.16151,0.41147,1.67566,0.01171,1.11992,1.90529,0.00106,0.0091,0.01031,0,0.01176,0,2.05147,0.64072,0.27208,0.33645,0.06272,2.41765,0.29104,0.02516,0.11253,0.41873,2.16884,0.22304,0.23201,0.0027,2.72452,0.08236,1.11992,0.29104,0.22304,0.23201,1.90529,2.00279,2.05147,2.59248,2.72452,0.29862,1.15211
2026-01-11 14:00:00,2.3228,0.0146,0.10033,0.05606,0.07307,0.00899,0.01541,0.01418,0.03674,0.16138,0.41072,1.66758,0.01169,1.11986,1.89751,0.00106,0.00908,0.0103,0,0.01171,0,2.04209,0.63609,0.27165,0.33589,0.06244,2.40272,0.29073,0.02503,0.11193,0.41792,2.16228,0.22293,0.23183,0.00269,2.7161,0.08209,1.11986,0.29073,0.22293,0.23183,1.89751,1.99389,2.04209,2.58376,2.7161,0.29781,1.12798
2026-01-11 15:00:00,2.31863,0.01453,0.09989,0.05593,0.07271,0.00897,0.01538,0.01415,0.03659,0.16122,0.40993,1.65963,0.01166,1.1198,1.88983,0.00106,0.00907,0.01028,0,0.01165,0,2.0328,0.63057,0.27123,0.33532,0.06216,2.3878,0.29043,0.02489,0.1113,0.41682,2.15544,0.22283,0.23166,0.00268,2.70766,0.08183,1.1198,0.29043,0.22283,0.23166,1.88983,1.98509,2.0328,2.57499,2.70766,0.29672,1.11994
2026-01-11 16:00:00,2.31446,0.01447,0.09947,0.05576,0.07238,0.00896,0.01534,0.01412,0.03646,0.16118,0.40924,1.65167,0.01163,1.11974,1.88226,0.00106,0.00905,0.01027,0,0.01159,0,2.02359,0.62462,0.2708,0.33475,0.06189,2.37288,0.29013,0.02476,0.11071,0.41497,2.14784,0.22273,0.2315,0.00267,2.69917,0.08157,1.11974,0.29013,0.22273,0.2315,1.88226,1.97638,2.02359,2.56622,2.69917,0.29487,1.11592
2026-01-11 17:00:00,2.31029,0.01442,0.09908,0.0555,0.07205,0.00896,0.01531,0.01409,0.03632,0.16064,0.40798,1.64359,0.0116,1.11969,1.87479,0.00106,0.00903,0.01025,0,0.01154,0,2.01447,0.61854,0.27038,0.33419,0.06161,2.35795,0.28983,0.02462,0.11008,0.41283,2.13995,0.22263,0.23133,0.00266,2.69067,0.0813,1.11969,0.28983,0.22263,0.23133,1.87479,1.96778,2.01447,2.55741,2.69067,0.29274,1.1135
2026-01-11 18:00:00,2.30612,0.01436,0.09871,0.05529,0.07172,0.00895,0.01527,0.01406,0.03615,0.16055,0.40719,1.63541,0.01158,1.11963,1.86743,0.00106,0.00902,0.01024,0,0.01148,0,2.00545,0.61238,0.26995,0.33362,0.06134,2.34303,0.28954,0.02449,0.10949,0.41114,2.13251,0.22253,0.23117,0.00265,2.68213,0.08104,1.11963,0.28954,0.22253,0.23117,1.86743,1.95927,2.00545,2.54857,2.68213,0.29105,1.11189
2026-01-11 19:00:00,2.30204,0.01429,0.09833,0.05513,0.07138,0.00894,0.01523,0.01403,0.03596,0.16041,0.40635,1.64047,0.01156,1.11958,1.86017,0.00106,0.009,0.01022,0,0.01142,0,1.99652,0.60616,0.26945,0.33292,0.06108,2.33483,0.28925,0.02436,0.10918,0.40991,2.12597,0.22244,0.23101,0.00264,2.67358,0.08078,1.11958,0.28925,0.22244,0.23101,1.86017,1.95086,1.99652,2.53974,2.67358,0.28982,1.11075
2026-01-11 20:00:00,2.29796,0.01421,0.09793,0.055,0.07103,0.00891,0.0152,0.014,0.03578,0.15974,0.40497,1.64535,0.01153,1.11953,1.85302,0.00106,0.00899,0.0102,0,0.01137,0,1.98768,0.5999,0.26895,0.33222,0.06081,2.32664,0.28896,0.02424,0.10886,0.4092,2.11998,0.22234,0.23085,0.00263,2.66486,0.08052,1.11953,0.28896,0.22234,0.23085,1.85302,1.94255,1.98768,2.53088,2.66486,0.28912,1.10988
2026-01-11 21:00:00,2.29389,0.01414,0.09751,0.0549,0.07069,0.00889,0.01516,0.01397,0.03564,0.15951,0.40405,1.65015,0.01151,1.11947,1.84596,0.00106,0.00898,0.01019,0,0.01131,0,1.97894,0.59373,0.26845,0.33152,0.06055,2.31844,0.28868,0.02411,0.10857,0.40827,2.11374,0.22224,0.2307,0.00263,2.65553,0.08026,1.11947,0.28868,0.22224,0.2307,1.84596,1.93434,1.97894,2.522,2.65553,0.28819,1.10921
2026-01-11 22:00:00,2.28981,0.01408,0.0971,0.05477,0.07037,0.00888,0.01513,0.01394,0.03552,0.15924,0.40313,1.65509,0.01148,1.11942,1.83901,0.00106,0.00896,0.01017,0,0.01125,0,1.9703,0.59012,0.26795,0.33082,0.06029,2.31025,0.2884,0.02398,0.10827,0.40679,2.10695,0.22215,0.23055,0.00262,2.64638,0.08001,1.11942,0.2884,0.22215,0.23055,1.83901,1.92623,1.9703,2.51312,2.64638,0.28671,1.10868
2026-01-11 23:00:00,2.28573,0.01402,0.09671,0.05457,0.07006,0.00888,0.0151,0.01391,0.03539,0.15893,0.40223,1.65984,0.01145,1.11938,1.83215,0.00106,0.00894,0.01016,0,0.0112,0,1.96175,0.59064,0.26745,0.33012,0.06003,2.30206,0.28812,0.02386,0.10796,0.40509,2.09997,0.22205,0.2304,0.0026,2.63737,0.07975,1.11938,0.28812,0.22205,0.2304,1.83215,1.91823,1.96175,2.50424,2.63737,0.28502,1.10824
2026-01-12 00:00:00,2.28165,0.01396,0.09635,0.05442,0.06975,0.00887,0.01507,0.01388,0.03524,0.15909,0.4018,1.66451,0.01143,1.11933,1.8254,0.00106,0.00893,0.01014,0,0.01114,0,1.9533,0.59402,0.26695,0.32942,0.05977,2.29386,0.28785,0.02373,0.10763,0.40375,2.09333,0.22196,0.23026,0.00258,2.62846,0.07949,1.11933,0.28785,0.22196,0.23026,1.8254,1.91033,1.9533,2.49536,2.62846,0.28369,1.10787
2026-01-12 01:00:00,2.27762,0.0139,0.09599,0.05429,0.06942,0.00886,0.01502,0.01386,0.03508,0.15882,0.40087,1.6651,0.0114,1.11928,1.81874,0.00106,0.00892,0.01013,0,0.01109,0,1.94496,0.59938,0.26785,0.32925,0.05951,2.29994,0.28758,0.02361,0.11022,0.40275,2.09004,0.22186,0.23011,0.00256,2.61962,0.07924,1.11928,0.28758,0.22186,0.23011,1.81874,1.90252,1.94496,2.48647,2.61962,0.28269,1.10756
2026-01-12 02:00:00,2.27359,0.01382,0.0956,0.05416,0.06909,0.00884,0.01498,0.01383,0.03494,0.15913,0.40065,1.66573,0.01138,1.11923,1.81218,0.00106,0.0089,0.01011,0,0.01103,0,1.93671,0.60611,0.26876,0.32908,0.05926,2.30602,0.28731,0.02348,0.1128,0.40211,2.08713,0.22177,0.22997,0.00255,2.61084,0.07899,1.11923,0.28731,0.22177,0.22997,1.81218,1.89482,1.93671,2.4776,2.61084,0.28206,1.1073
2026-01-12 03:00:00,2.26956,0.01376,0.0952,0.05404,0.06877,0.00882,0.01494,0.0138,0.03483,0.15904,0.40006,1.66655,0.01135,1.11919,1.80571,0.00106,0.00889,0.01009,0,0.01098,0,1.92857,0.61372,0.26966,0.32891,0.05901,2.31211,0.28704,0.02336,0.11538,0.40124,2.08397,0.22167,0.22983,0.00254,2.6021,0.07873,1.11919,0.28704,0.22167,0.22983,1.80571,1.88723,1.92857,2.46874,2.6021,0.28119,1.10707
2026-01-12 04:00:00,2.26553,0.0137,0.0948,0.05386,0.06846,0.00881,0.01491,0.01378,0.03473,0.15927,0.39993,1.66742,0.01133,1.11914,1.79934,0.00106,0.00887,0.01008,0,0.01093,0,1.92053,0.62118,0.27056,0.32874,0.05876,2.31819,0.28678,0.02324,0.11792,0.39971,2.08015,0.22157,0.22969,0.00253,2.59339,0.07848,1.11914,0.28678,0.22157,0.22969,1.79934,1.87973,1.92053,2.45989,2.59339,0.27966,1.10687
2026-01-12 05:00:00,2.2615,0.01364,0.09443,0.05357,0.06815,0.00881,0.01488,0.01376,0.03462,0.15955,0.39997,1.66837,0.0113,1.1191,1.79306,0.00106,0.00885,0.01006,0,0.01087,0,1.91258,0.62786,0.27147,0.32857,0.05851,2.32427,0.28651,0.02311,0.12051,0.39792,2.07608,0.22148,0.22956,0.00252,2.58472,0.07823,1.1191,0.28651,0.22148,0.22956,1.79306,1.87233,1.91258,2.45106,2.58472,0.27787,1.10669
2026-01-12 06:00:00,2.25747,0.01359,0.09409,0.05335,0.06785,0.0088,0.01484,0.01373,0.03449,0.15989,0.40013,1.66948,0.01127,1.11905,1.78687,0.00106,0.00884,0.01005,0,0.01082,0,1.90475,0.63398,0.27237,0.3284,0.05826,2.33035,0.28625,0.02299,0.12309,0.39651,2.07238,0.22139,0.22942,0.00251,2.57607,0.07798,1.11905,0.28625,0.22139,0.22942,1.78687,1.86504,1.90475,2.44224,2.57607,0.27646,1.10653
2026-01-12 07:00:00,2.26627,0.01353,0.09374,0.05318,0.06753,0.00879,0.0148,0.0137,0.03434,0.16027,0.40038,1.6587,0.01125,1.11901,1.78077,0.00106,0.00883,0.01004,0,0.01077,0,1.89701,0.63973,0.27352,0.3288,0.05802,2.33113,0.286,0.02287,0.12183,0.39542,2.06532,0.2213,0.2293,0.0025,2.56745,0.07773,1.11901,0.286,0.2213,0.2293,1.78077,1.85784,1.89701,2.43346,2.56745,0.27538,1.10639
2026-01-12 08:00:00,2.27506,0.01346,0.09338,0.05304,0.0672,0.00876,0.01477,0.01367,0.03421,0.1605,0.40036,1.64819,0.01122,1.11897,1.77476,0.00106,0.00881,0.01002,0,0.01072,0,1.88937,0.6452,0.27467,0.32919,0.05777,2.3319,0.28574,0.02276,0.12059,0.39471,2.05867,0.22121,0.22917,0.00249,2.55885,0.07749,1.11897,0.28574,0.22121,0.22917,1.77476,1.85074,1.88937,2.42469,2.55885,0.27469,1.10626
2026-01-12 09:00:00,2.28386,0.0134,0.09301,0.05294,0.06688,0.00874,0.01473,0.01364,0.0341,0.16075,0.40035,1.63785,0.0112,1.11892,1.76884,0.00106,0.0088,0.01,0,0.01067,0,1.88184,0.65028,0.27583,0.32959,0.05753,2.33268,0.28549,0.02264,0.11935,0.39374,2.05173,0.22112,0.22904,0.00249,2.55028,0.07724,1.11892,0.28549,0.22112,0.22904,1.76884,1.84374,1.88184,2.41596,2.55028,0.27372,1.10615
2026-01-12 10:00:00,2.29265,0.01335,0.09264,0.05281,0.06658,0.00873,0.0147,0.01361,0.03401,0.1609,0.40024,1.62762,0.01118,1.11888,1.763,0.00106,0.00878,0.00999,0,0.01061,0,1.8744,0.65304,0.27698,0.32999,0.05729,2.33346,0.28523,0.02252,0.1181,0.39203,2.04404,0.22103,0.22891,0.00248,2.54173,0.07699,1.11888,0.28523,0.22103,0.22891,1.763,1.83684,1.8744,2.40724,2.54173,0.27201,1.10604
2026-01-12 11:00:00,2.30145,0.0133,0.0923,0.05261,0.06629,0.00873,0.01467,0.01358,0.0339,0.16112,0.40021,1.61735,0.01116,1.11884,1.75725,0.00106,0.00876,0.00998,0,0.01056,0,1.86707,0.65238,0.27813,0.33038,0.05705,2.33423,0.28498,0.02241,0.11688,0.39002,2.03607,0.22094,0.22879,0.00246,2.53321,0.07675,1.11884,0.28498,0.22094,0.22879,1.75725,1.83004,1.86707,2.39856,2.53321,0.27,1.10595
2026-01-12 12:00:00,2.31024,0.01325,0.09198,0.05246,0.06599,0.00872,0.01463,0.01356,0.03378,0.16143,0.40024,1.60696,0.01114,1.1188,1.75158,0.00106,0.00875,0.00996,0,0.01051,0,1.85984,0.64934,0.27928,0.33078,0.05682,2.33501,0.28473,0.02229,0.11563,0.38843,2.02851,0.22085,0.22866,0.00244,2.52472,0.0765,1.1188,0.28473,0.22085,0.22866,1.75158,1.82333,1.85984,2.38992,2.52472,0.26842,1.09842
2026-01-12 13:00:00,2.31854,0.01319,0.09166,0.05233,0.06569,0.00871,0.01459,0.01353,0.03365,0.16166,0.40013,1.59928,0.01112,1.11876,1.74599,0.00106,0.00874,0.00995,0,0.01046,0,1.8527,0.64468,0.27883,0.33078,0.05659,2.3253,0.28449,0.02218,0.11425,0.38725,2.02135,0.22076,0.22854,0.00242,2.51626,0.07626,1.11876,0.28449,0.22076,0.22854,1.74599,1.81671,1.8527,2.38132,2.51626,0.26724,1.07749
2026-01-12 14:00:00,2.32685,0.01312,0.09132,0.05223,0.06538,0.00868,0.01455,0.0135,0.03353,0.16173,0.39986,1.59157,0.01109,1.11872,1.74048,0.00106,0.00872,0.00993,0,0.01041,0,1.84567,0.63889,0.27837,0.33078,0.05635,2.31559,0.28424,0.02206,0.11285,0.38656,2.01466,0.22067,0.22842,0.00241,2.50783,0.07602,1.11872,0.28424,0.22067,0.22842,1.74048,1.81019,1.84567,2.37276,2.50783,0.26655,1.05418
2026-01-12 15:00:00,2.33516,0.01306,0.09096,0.05214,0.06508,0.00866,0.01451,0.01348,0.03343,0.16177,0.39955,1.58392,0.01107,1.11868,1.73504,0.00106,0.00871,0.00991,0,0.01036,0,1.83873,0.63234,0.27792,0.33078,0.05612,2.30588,0.284,0.02195,0.11149,0.38561,2.00774,0.22059,0.22829,0.0024,2.49944,0.07578,1.11868,0.284,0.22059,0.22829,1.73504,1.80376,1.83873,2.36423,2.49944,0.26561,1.0464
2026-01-12 16:00:00,2.34346,0.013,0.09061,0.05204,0.06479,0.00865,0.01448,0.01345,0.03334,0.16191,0.39935,1.57624,0.01104,1.11864,1.72968,0.00106,0.00869,0.0099,0,0.0103,0,1.83189,0.62568,0.27746,0.33079,0.05589,2.29616,0.28376,0.02184,0.11011,0.38407,2.0002,0.2205,0.22817,0.00239,2.49108,0.07553,1.11864,0.28376,0.2205,0.22817,1.72968,1.79742,1.83189,2.35576,2.49108,0.26407,1.04252
2026-01-12 17:00:00,2.35176,0.01295,0.09028,0.05188,0.06451,0.00864,0.01445,0.01343,0.03325,0.16147,0.39856,1.56844,0.01101,1.1186,1.72439,0.00106,0.00867,0.00989,0,0.01025,0,1.82515,0.61934,0.27701,0.33079,0.05566,2.28645,0.28352,0.02172,0.10873,0.3823,1.99244,0.22041,0.22805,0.00238,2.48276,0.07529,1.1186,0.28352,0.22041,0.22805,1.72439,1.79117,1.82515,2.34732,2.48276,0.2623,1.04019
2026-01-12 18:00:00,2.36007,0.0129,0.08997,0.05175,0.06422,0.00864,0.01441,0.01341,0.03315,0.16152,0.39822,1.56054,0.01099,1.11856,1.71917,0.00106,0.00866,0.00987,0,0.0102,0,1.8185,0.61322,0.27655,0.33079,0.05544,2.27674,0.28328,0.02161,0.10734,0.38091,1.98506,0.22032,0.22794,0.00237,2.47448,0.07505,1.11856,0.28328,0.22032,0.22794,1.71917,1.78501,1.8185,2.33894,2.47448,0.26091,1.03863
2026-01-12 19:00:00,2.35658,0.01284,0.08966,0.05165,0.06393,0.00863,0.01437,0.01339,0.03303,0.16151,0.39784,1.56458,0.01096,1.11852,1.71402,0.00106,0.00865,0.00986,0,0.01015,0,1.81194,0.60725,0.27566,0.33029,0.05521,2.26865,0.28305,0.0215,0.10659,0.37988,1.97882,0.22024,0.22782,0.00236,2.46624,0.07481,1.11852,0.28305,0.22024,0.22782,1.71402,1.77894,1.81194,2.33061,2.46624,0.25989,1.03752
2026-01-12 20:00:00,2.35309,0.01278,0.08933,0.05156,0.06362,0.0086,0.01434,0.01336,0.03292,0.16086,0.39686,1.56844,0.01094,1.11848,1.70893,0.00106,0.00863,0.00984,0,0.01011,0,1.80547,0.60138,0.27478,0.3298,0.05499,2.26056,0.28281,0.0214,0.10587,0.37929,1.97305,0.22016,0.22771,0.00235,2.45805,0.07457,1.11848,0.28281,0.22016,0.22771,1.70893,1.77295,1.80547,2.32232,2.45805,0.25931,1.03669
2026-01-12 21:00:00,2.34961,0.01272,0.08897,0.05149,0.06333,0.00859,0.0143,0.01333,0.03283,0.16069,0.39634,1.57219,0.01092,1.11844,1.70389,0.00106,0.00862,0.00982,0,0.01006,0,1.7991,0.5957,0.27389,0.3293,0.05477,2.25247,0.28258,0.02129,0.10511,0.37852,1.96708,0.22007,0.2276,0.00235,2.4499,0.07434,1.11844,0.28258,0.22007,0.2276,1.70389,1.76704,1.7991,2.31411,2.4499,0.25855,1.03604
2026-01-12 22:00:00,2.34612,0.01266,0.08863,0.05139,0.06304,0.00858,0.01428,0.01331,0.03275,0.16047,0.39574,1.57609,0.0109,1.11841,1.69892,0.00106,0.00861,0.00981,0,0.01001,0,1.79282,0.59238,0.273,0.3288,0.05455,2.24438,0.28235,0.02118,0.10439,0.37731,1.96065,0.21998,0.22748,0.00234,2.4418,0.0741,1.11841,0.28235,0.21998,0.22748,1.69892,1.76122,1.79282,2.30592,2.4418,0.25734,1.03552
2026-01-12 23:00:00,2.34263,0.01262,0.0883,0.05124,0.06277,0.00858,0.01425,0.01329,0.03265,0.16019,0.39518,1.57977,0.01087,1.11837,1.694,0.00106,0.00859,0.0098,0,0.00997,0,1.78663,0.59281,0.27212,0.32831,0.05434,2.23629,0.28212,0.02108,0.10366,0.37594,1.95409,0.2199,0.22737,0.00233,2.43375,0.07386,1.11837,0.28212,0.2199,0.22737,1.694,1.75548,1.78663,2.2978,2.43375,0.25597,1.0351
2026-01-13 00:00:00,2.33914,0.01257,0.088,0.05112,0.06249,0.00857,0.01421,0.01327,0.03254,0.16044,0.39507,1.58334,0.01085,1.11833,1.68912,0.00106,0.00858,0.00979,0,0.00992,0,1.78052,0.59584,0.27123,0.32781,0.05412,2.2282,0.2819,0.02097,0.10292,0.37485,1.94778,0.21982,0.22726,0.00232,2.42575,0.07362,1.11833,0.2819,0.21982,0.22726,1.68912,1.74982,1.78052,2.28974,2.42575,0.25488,1.03474
2026-01-13 01:00:00,2.33513,0.01252,0.0877,0.05103,0.0622,0.00856,0.01417,0.01325,0.03243,0.16016,0.3944,1.58185,0.01083,1.11829,1.6843,0.00106,0.00856,0.00977,0,0.00987,0,1.7745,0.60066,0.27168,0.32774,0.0539,2.23263,0.28167,0.02087,0.10509,0.37409,1.94485,0.21974,0.22715,0.00231,2.4178,0.07339,1.11829,0.28167,0.21974,0.22715,1.6843,1.74423,1.7745,2.28174,2.4178,0.25411,1.03445
2026-01-13 02:00:00,2.33112,0.01246,0.08739,0.05095,0.06191,0.00854,0.01414,0.01322,0.03232,0.16052,0.39442,1.58037,0.01081,1.11825,1.67952,0.00106,0.00855,0.00976,0,0.00982,0,1.76856,0.60673,0.27213,0.32768,0.05369,2.23706,0.28145,0.02077,0.1073,0.37366,1.94227,0.21966,0.22704,0.0023,2.4099,0.07316,1.11825,0.28145,0.21966,0.22704,1.67952,1.73871,1.76856,2.27379,2.4099,0.25367,1.03419
2026-01-13 03:00:00,2.32712,0.01241,0.08706,0.05088,0.06162,0.00852,0.01411,0.01319,0.03223,0.16038,0.39403,1.57908,0.01078,1.11822,1.67478,0.00106,0.00854,0.00974,0,0.00978,0,1.76271,0.61355,0.27259,0.32761,0.05348,2.24149,0.28123,0.02067,0.10951,0.37311,1.93956,0.21957,0.22693,0.0023,2.40206,0.07293,1.11822,0.28123,0.21957,0.22693,1.67478,1.73327,1.76271,2.26592,2.40206,0.25312,1.03397
2026-01-13 04:00:00,2.32311,0.01236,0.08674,0.05078,0.06135,0.00852,0.01408,0.01317,0.03216,0.16057,0.39409,1.57778,0.01076,1.11818,1.67009,0.00106,0.00852,0.00972,0,0.00973,0,1.75694,0.61969,0.27304,0.32754,0.05327,2.24592,0.28101,0.02056,0.11169,0.37225,1.93653,0.21949,0.22682,0.0023,2.39428,0.07269,1.11818,0.28101,0.21949,0.22682,1.67009,1.72789,1.75694,2.25809,2.39428,0.25226,1.03377
2026-01-13 05:00:00,2.3191,0.01232,0.08644,0.05063,0.06108,0.00851,0.01405,0.01315,0.03208,0.16081,0.39428,1.57654,0.01073,1.11814,1.66544,0.00106,0.0085,0.00971,0,0.00968,0,1.75124,0.62426,0.27349,0.32748,0.05306,2.25035,0.28079,0.02046,0.1139,0.37129,1.93342,0.21941,0.22671,0.00229,2.38655,0.07246,1.11814,0.28079,0.21941,0.22671,1.66544,1.72258,1.75124,2.25034,2.38655,0.25129,1.0336
2026-01-13 06:00:00,2.31509,0.01227,0.08616,0.05052,0.06082,0.00851,0.01402,0.01312,0.03198,0.16108,0.39458,1.57543,0.0107,1.1181,1.66084,0.00106,0.00849,0.0097,0,0.00963,0,1.74562,0.62773,0.27394,0.32741,0.05285,2.25478,0.28057,0.02036,0.11607,0.37052,1.93049,0.21933,0.2266,0.00227,2.37888,0.07223,1.1181,0.28057,0.21933,0.2266,1.66084,1.71733,1.74562,2.24264,2.37888,0.25052,1.03345
2026-01-13 07:00:00,2.32722,0.01222,0.08588,0.05042,0.06054,0.00849,0.01398,0.01309,0.03188,0.16138,0.39493,1.56502,0.01068,1.11807,1.65629,0.00106,0.00847,0.00968,0,0.00958,0,1.74007,0.63045,0.27447,0.32776,0.05264,2.25296,0.28035,0.02027,0.11465,0.36998,1.92429,0.21925,0.22649,0.00226,2.37126,0.072,1.11807,0.28035,0.21925,0.22649,1.65629,1.71215,1.74007,2.23502,2.37126,0.24997,1.03331
2026-01-13 08:00:00,2.33936,0.01217,0.08558,0.05034,0.06026,0.00846,0.01394,0.01306,0.03178,0.16149,0.39497,1.55486,0.01065,1.11803,1.65177,0.00106,0.00846,0.00967,0,0.00954,0,1.7346,0.63264,0.27501,0.3281,0.05244,2.25113,0.28014,0.02018,0.11324,0.36966,1.91832,0.21918,0.2264,0.00226,2.36371,0.07177,1.11803,0.28014,0.21918,0.2264,1.65177,1.70702,1.7346,2.22744,2.36371,0.24965,1.03319
2026-01-13 09:00:00,2.35149,0.01211,0.08527,0.05027,0.05998,0.00844,0.01391,0.01303,0.03171,0.16157,0.395,1.54484,0.01063,1.11799,1.64731,0.00106,0.00845,0.00966,0,0.00949,0,1.72919,0.63435,0.27554,0.32845,0.05224,2.24931,0.27993,0.0201,0.11183,0.36924,1.91227,0.2191,0.22629,0.00225,2.35622,0.07155,1.11799,0.27993,0.2191,0.22629,1.64731,1.70195,1.72919,2.21995,2.35622,0.24923,1.03308
2026-01-13 10:00:00,2.36362,0.01206,0.08496,0.05017,0.05972,0.00843,0.01389,0.01301,0.03164,0.16154,0.39489,1.53491,0.01061,1.11796,1.64289,0.00106,0.00843,0.00964,0,0.00944,0,1.72385,0.63434,0.27607,0.3288,0.05203,2.24748,0.27972,0.02001,0.11043,0.36856,1.90592,0.21902,0.22619,0.00224,2.34878,0.07132,1.11796,0.27972,0.21902,0.22619,1.64289,1.69694,1.72385,2.21251,2.34878,0.24854,1.03298
2026-01-13 11:00:00,2.37576,0.01201,0.08467,0.05003,0.05946,0.00843,0.01386,0.01298,0.03156,0.16157,0.39484,1.5249,0.01059,1.11792,1.63852,0.00106,0.00842,0.00963,0,0.0094,0,1.71857,0.63191,0.27661,0.32914,0.05183,2.24566,0.27951,0.01992,0.10901,0.36779,1.89949,0.21894,0.22608,0.00222,2.34141,0.07109,1.11792,0.27951,0.21894,0.22608,1.63852,1.69198,1.71857,2.20514,2.34141,0.24776,1.03289
2026-01-13 12:00:00,2.38789,0.01197,0.0844,0.04991,0.05921,0.00842,0.01383,0.01295,0.03147,0.16169,0.3948,1.51474,0.01056,1.11789,1.6342,0.00106,0.0084,0.00961,0,0.00935,0,1.71336,0.62782,0.27714,0.32949,0.05163,2.24383,0.2793,0.01983,0.1076,0.36718,1.89323,0.21886,0.22598,0.0022,2.3341,0.07086,1.11789,0.2793,0.21886,0.22598,1.6342,1.68708,1.71336,2.19783,2.3341,0.24715,1.03021
2026-01-13 13:00:00,2.38957,0.01192,0.08414,0.04981,0.05894,0.00841,0.01379,0.01292,0.03137,0.1617,0.39461,1.50917,0.01054,1.11785,1.62993,0.00106,0.00839,0.0096,0,0.00931,0,1.70821,0.62257,0.27613,0.32927,0.05143,2.23606,0.27909,0.01975,0.10629,0.3667,1.88732,0.21879,0.22588,0.00218,2.32686,0.07064,1.11785,0.27909,0.21879,0.22588,1.62993,1.68223,1.70821,2.19059,2.32686,0.24666,1.0265
2026-01-13 14:00:00,2.39126,0.01186,0.08385,0.04973,0.05867,0.00839,0.01375,0.0129,0.03128,0.16158,0.3942,1.50354,0.01052,1.11781,1.62571,0.00106,0.00837,0.00959,0,0.00926,0,1.70311,0.61651,0.27513,0.32904,0.05124,2.22828,0.27888,0.01967,0.10496,0.36638,1.88156,0.21871,0.22578,0.00217,2.31967,0.07041,1.11781,0.27888,0.21871,0.22578,1.62571,1.67743,1.70311,2.18342,2.31967,0.24634,1.00059
2026-01-13 15:00:00,2.39294,0.01181,0.08355,0.04966,0.05841,0.00837,0.01372,0.01287,0.0312,0.16142,0.39376,1.49794,0.0105,1.11778,1.62155,0.00106,0.00836,0.00957,0,0.00922,0,1.69808,0.60993,0.27412,0.32882,0.05104,2.22051,0.27868,0.01959,0.10366,0.36591,1.87567,0.21863,0.22569,0.00216,2.31255,0.07019,1.11778,0.27868,0.21863,0.22569,1.62155,1.67268,1.69808,2.17632,2.31255,0.24587,0.99196
2026-01-13 16:00:00,2.39463,0.01177,0.08326,0.04957,0.05815,0.00837,0.0137,0.01285,0.03113,0.16139,0.39343,1.49229,0.01048,1.11774,1.61743,0.00106,0.00835,0.00955,0,0.00918,0,1.6931,0.60357,0.27311,0.32859,0.05085,2.21274,0.27847,0.01951,0.10236,0.36503,1.86936,0.21856,0.22559,0.00216,2.30549,0.06997,1.11774,0.27847,0.21856,0.22559,1.61743,1.66798,1.6931,2.16928,2.30549,0.24499,0.98764
2026-01-13 17:00:00,2.39631,0.01173,0.08299,0.04942,0.05791,0.00836,0.01367,0.01283,0.03106,0.16072,0.39248,1.48647,0.01046,1.11771,1.61337,0.00106,0.00833,0.00954,0,0.00913,0,1.68817,0.59788,0.27211,0.32837,0.05065,2.20496,0.27827,0.01943,0.10105,0.36398,1.86286,0.21848,0.22549,0.00215,2.2985,0.06974,1.11771,0.27827,0.21848,0.22549,1.61337,1.66334,1.68817,2.1623,2.2985,0.24393,0.98505
2026-01-13 18:00:00,2.398,0.01168,0.08273,0.0493,0.05766,0.00836,0.01364,0.0128,0.03098,0.1606,0.39201,1.48053,0.01043,1.11767,1.60936,0.00106,0.00832,0.00952,0,0.00909,0,1.6833,0.59267,0.2711,0.32814,0.05046,2.19719,0.27807,0.01935,0.09973,0.36315,1.85661,0.21841,0.22539,0.00213,2.29157,0.06952,1.11767,0.27807,0.21841,0.22539,1.60936,1.65875,1.6833,2.15538,2.29157,0.2431,0.98332
2026-01-13 19:00:00,2.38817,0.01164,0.08248,0.04921,0.0574,0.00835,0.0136,0.01278,0.03089,0.16043,0.39147,1.48507,0.01041,1.11764,1.6054,0.00106,0.00831,0.00951,0,0.00905,0,1.67848,0.58778,0.27014,0.32746,0.05027,2.18919,0.27787,0.01925,0.09928,0.36252,1.85148,0.21833,0.22529,0.00212,2.2847,0.0693,1.11764,0.27787,0.21833,0.22529,1.6054,1.65421,1.67848,2.14854,2.2847,0.24247,0.98209
2026-01-13 20:00:00,2.37834,0.01158,0.0822,0.04913,0.05713,0.00832,0.01356,0.01275,0.0308,0.15963,0.39038,1.48941,0.01039,1.1176,1.6015,0.00106,0.00829,0.0095,0,0.00901,0,1.67372,0.58312,0.26918,0.32677,0.05008,2.18119,0.27767,0.01915,0.09881,0.36215,1.84661,0.21825,0.22519,0.00212,2.27789,0.06908,1.1176,0.27767,0.21825,0.22519,1.6015,1.64972,1.67372,2.14176,2.27789,0.24209,0.98116
2026-01-13 21:00:00,2.36851,0.01154,0.08192,0.04906,0.05687,0.00831,0.01353,0.01273,0.03072,0.15937,0.38976,1.49366,0.01037,1.11756,1.59765,0.00106,0.00828,0.00948,0,0.00897,0,1.66901,0.5787,0.26822,0.32609,0.04989,2.17319,0.27748,0.01905,0.09834,0.36162,1.84159,0.21818,0.22509,0.00211,2.27115,0.06887,1.11756,0.27748,0.21818,0.22509,1.59765,1.64528,1.66901,2.13505,2.27115,0.24156,0.98044
2026-01-13 22:00:00,2.35868,0.01149,0.08163,0.04896,0.05662,0.0083,0.0135,0.01271,0.03065,0.15908,0.38911,1.49804,0.01035,1.11753,1.59386,0.00106,0.00827,0.00947,0,0.00892,0,1.66435,0.57628,0.26725,0.3254,0.0497,2.16518,0.27728,0.01895,0.09784,0.36073,1.8362,0.21811,0.22501,0.00211,2.26447,0.06865,1.11753,0.27728,0.21811,0.22501,1.59386,1.6409,1.66435,2.12837,2.26447,0.24067,0.97987
2026-01-13 23:00:00,2.34885,0.01145,0.08137,0.04881,0.05638,0.0083,0.01348,0.01268,0.03056,0.15875,0.38849,1.50221,0.01033,1.11749,1.59012,0.00106,0.00825,0.00945,0,0.00888,0,1.65974,0.57701,0.26629,0.32472,0.04952,2.15718,0.27709,0.01885,0.09738,0.35969,1.83067,0.21803,0.22491,0.0021,2.25785,0.06843,1.11749,0.27709,0.21803,0.22491,1.59012,1.63657,1.65974,2.12179,2.25785,0.23963,0.9794
2026-01-14 00:00:00,2.33902,0.01141,0.08112,0.04869,0.05614,0.00829,0.01344,0.01266,0.03045,0.15898,0.38834,1.5063,0.0103,1.11746,1.58644,0.00106,0.00824,0.00944,0,0.00884,0,1.65519,0.57991,0.26533,0.32403,0.04933,2.14918,0.2769,0.01875,0.09697,0.35888,1.82535,0.21796,0.22481,0.00209,2.25129,0.06821,1.11746,0.2769,0.21796,0.22481,1.58644,1.63229,1.65519,2.11526,2.25129,0.23881,0.979
2026-01-14 01:00:00,2.33367,0.01136,0.08087,0.0486,0.05589,0.00828,0.01341,0.01264,0.03032,0.15868,0.38766,1.50568,0.01028,1.11742,1.58281,0.00106,0.00823,0.00942,0,0.0088,0,1.65069,0.58431,0.26593,0.32387,0.04915,2.15294,0.2767,0.01868,0.09918,0.3583,1.82406,0.21789,0.22472,0.00208,2.2448,0.068,1.11742,0.2767,0.21789,0.22472,1.58281,1.62806,1.65069,2.1088,2.2448,0.23823,0.97867
2026-01-14 02:00:00,2.32832,0.01131,0.08061,0.04852,0.05563,0.00826,0.01337,0.01261,0.0302,0.15903,0.38768,1.5051,0.01026,1.11739,1.57924,0.00106,0.00821,0.00941,0,0.00876,0,1.64624,0.58976,0.26653,0.32371,0.04897,2.15671,0.27651,0.01861,0.10139,0.35798,1.82304,0.21782,0.22462,0.00207,2.23836,0.06778,1.11739,0.27651,0.21782,0.22462,1.57924,1.62389,1.64624,2.1024,2.23836,0.23791,0.97839
2026-01-14 03:00:00,2.32298,0.01126,0.08033,0.04845,0.05538,0.00824,0.01334,0.01259,0.03011,0.15889,0.38729,1.50472,0.01024,1.11735,1.57572,0.00106,0.0082,0.0094,0,0.00872,0,1.64184,0.59585,0.26713,0.32355,0.04879,2.16047,0.27632,0.01854,0.10361,0.35758,1.82193,0.21775,0.22453,0.00207,2.23199,0.06757,1.11735,0.27632,0.21775,0.22453,1.57572,1.61977,1.64184,2.09606,2.23199,0.2375,0.97814
2026-01-14 04:00:00,2.31763,0.01121,0.08007,0.04835,0.05514,0.00823,0.01331,0.01257,0.03003,0.1591,0.38735,1.50436,0.01021,1.11732,1.57226,0.00106,0.00819,0.00938,0,0.00867,0,1.63749,0.60129,0.26772,0.32339,0.04861,2.16423,0.27614,0.01848,0.10582,0.35696,1.82062,0.21768,0.22444,0.00206,2.22568,0.06736,1.11732,0.27614,0.21768,0.22444,1.57226,1.6157,1.63749,2.08977,2.22568,0.23689,0.97792
2026-01-14 05:00:00,2.31228,0.01117,0.07982,0.04821,0.05491,0.00823,0.01329,0.01254,0.02995,0.15934,0.38756,1.50408,0.01019,1.11728,1.56886,0.00106,0.00817,0.00937,0,0.00863,0,1.6332,0.60531,0.26832,0.32323,0.04843,2.168,0.27595,0.01841,0.10803,0.35626,1.81925,0.21761,0.22434,0.00205,2.21943,0.06714,1.11728,0.27595,0.21761,0.22434,1.56886,1.61168,1.6332,2.08356,2.21943,0.23622,0.97773
2026-01-14 06:00:00,2.30693,0.01113,0.07958,0.04809,0.05468,0.00823,0.01325,0.01252,0.02986,0.15963,0.38787,1.50392,0.01017,1.11725,1.5655,0.00106,0.00816,0.00936,0,0.00859,0,1.62896,0.60832,0.26892,0.32307,0.04825,2.17176,0.27577,0.01834,0.11024,0.35568,1.81801,0.21754,0.22425,0.00204,2.21324,0.06693,1.11725,0.27577,0.21754,0.22425,1.5655,1.60772,1.62896,2.0774,2.21324,0.23569,0.97756
2026-01-14 07:00:00,2.3151,0.01108,0.07935,0.04799,0.05445,0.00821,0.01322,0.0125,0.02977,0.15997,0.38827,1.49601,0.01015,1.11721,1.56221,0.00106,0.00815,0.00934,0,0.00855,0,1.62478,0.61065,0.2698,0.32342,0.04807,2.16938,0.27558,0.0183,0.10986,0.35522,1.81629,0.21747,0.22416,0.00203,2.2071,0.06672,1.11721,0.27558,0.21747,0.22416,1.56221,1.60382,1.62478,2.0713,2.2071,0.23529,0.97741
2026-01-14 08:00:00,2.32327,0.01103,0.07909,0.04791,0.05421,0.00819,0.01318,0.01247,0.02969,0.1601,0.38841,1.48836,0.01013,1.11718,1.55896,0.00106,0.00813,0.00933,0,0.00851,0,1.62064,0.6125,0.27068,0.32377,0.0479,2.167,0.2754,0.01825,0.10949,0.35493,1.81474,0.21741,0.22408,0.00202,2.20103,0.06651,1.11718,0.2754,0.21741,0.22408,1.55896,1.59997,1.62064,2.06527,2.20103,0.23506,0.97728
2026-01-14 09:00:00,2.33144,0.01098,0.07883,0.04784,0.05398,0.00817,0.01315,0.01245,0.02962,0.16023,0.38853,1.48085,0.01011,1.11714,1.55578,0.00106,0.00812,0.00932,0,0.00847,0,1.61656,0.61394,0.27156,0.32412,0.04773,2.16462,0.27522,0.01821,0.10911,0.35454,1.81309,0.21734,0.22399,0.00202,2.19502,0.0663,1.11714,0.27522,0.21734,0.22399,1.55578,1.59617,1.61656,2.0593,2.19502,0.23473,0.97715
2026-01-14 10:00:00,2.33961,0.01094,0.07857,0.04775,0.05375,0.00817,0.01312,0.01243,0.02956,0.16025,0.38857,1.47345,0.01009,1.11711,1.55264,0.00106,0.0081,0.0093,0,0.00843,0,1.61254,0.61414,0.27244,0.32447,0.04755,2.16224,0.27504,0.01817,0.10873,0.35391,1.8112,0.21727,0.2239,0.00201,2.18906,0.06609,1.11711,0.27504,0.21727,0.2239,1.55264,1.59243,1.61254,2.05338,2.18906,0.23417,0.97704
2026-01-14 11:00:00,2.34778,0.0109,0.07832,0.0476,0.05353,0.00816,0.0131,0.01241,0.0295,0.16035,0.3887,1.466,0.01007,1.11707,1.54956,0.00106,0.00809,0.00929,0,0.00839,0,1.60857,0.61259,0.27332,0.32482,0.04738,2.15986,0.27486,0.01812,0.10836,0.35318,1.80922,0.2172,0.2238,0.002,2.18316,0.06588,1.11707,0.27486,0.2172,0.2238,1.54956,1.58874,1.60857,2.04752,2.18316,0.23351,0.97694
2026-01-14 12:00:00,2.35595,0.01086,0.0781,0.04748,0.05331,0.00816,0.01307,0.01239,0.02943,0.16054,0.38887,1.45843,0.01005,1.11704,1.54653,0.00106,0.00807,0.00928,0,0.00835,0,1.60465,0.60985,0.2742,0.32517,0.04721,2.15748,0.27468,0.01808,0.10798,0.3526,1.80738,0.21713,0.22371,0.00199,2.17732,0.06567,1.11704,0.27468,0.21713,0.22371,1.54653,1.5851,1.60465,2.04173,2.17732,0.23299,0.95949
2026-01-14 13:00:00,2.35866,0.01082,0.07787,0.04739,0.05308,0.00814,0.01304,0.01237,0.02935,0.16064,0.38889,1.45457,0.01003,1.117,1.54356,0.00106,0.00806,0.00926,0,0.00831,0,1.60079,0.60627,0.27368,0.32513,0.04704,2.14982,0.2745,0.01801,0.10659,0.35212,1.80309,0.21707,0.22364,0.00198,2.17154,0.06547,1.117,0.2745,0.21707,0.22364,1.54356,1.58152,1.60079,2.03599,2.17154,0.23258,0.9312
2026-01-14 14:00:00,2.36136,0.01077,0.07763,0.04731,0.05284,0.00811,0.01301,0.01235,0.02928,0.16063,0.38872,1.4507,0.01001,1.11697,1.54063,0.00106,0.00804,0.00925,0,0.00827,0,1.59698,0.60212,0.27317,0.32508,0.04687,2.14215,0.27432,0.01794,0.10519,0.35176,1.7989,0.217,0.22355,0.00198,2.16582,0.06526,1.11697,0.27432,0.217,0.22355,1.54063,1.578,1.59698,2.03032,2.16582,0.23228,0.9312
2026-01-14 15:00:00,2.36407,0.01073,0.07737,0.04724,0.05261,0.00809,0.01299,0.01233,0.02922,0.16061,0.38853,1.44688,0.00999,1.11693,1.53776,0.00106,0.00803,0.00924,0,0.00824,0,1.59323,0.5976,0.27265,0.32504,0.04671,2.13449,0.27414,0.01787,0.1038,0.35127,1.79459,0.21693,0.22346,0.00197,2.16016,0.06506,1.11693,0.27414,0.21693,0.22346,1.53776,1.57453,1.59323,2.0247,2.16016,0.23184,0.9312
2026-01-14 16:00:00,2.36678,0.01069,0.07712,0.04714,0.05239,0.00809,0.01296,0.01231,0.02917,0.16073,0.38845,1.44302,0.00997,1.1169,1.53494,0.00106,0.00802,0.00922,0,0.0082,0,1.58953,0.59333,0.27213,0.325,0.04654,2.12682,0.27397,0.01779,0.10241,0.35038,1.78986,0.21687,0.22337,0.00197,2.15455,0.06485,1.1169,0.27397,0.21687,0.22337,1.53494,1.57111,1.58953,2.01914,2.15455,0.231,0.9312
2026-01-14 17:00:00,2.36948,0.01065,0.07689,0.04699,0.05217,0.00808,0.01294,0.0123,0.02911,0.16022,0.38777,1.43903,0.00995,1.11686,1.53217,0.00106,0.008,0.00921,0,0.00816,0,1.58588,0.58971,0.27162,0.32495,0.04638,2.11916,0.27379,0.01772,0.10101,0.34929,1.78494,0.2168,0.22329,0.00196,2.149,0.06465,1.11686,0.27379,0.2168,0.22329,1.53217,1.56775,1.58588,2.01363,2.149,0.22997,0.9312
2026-01-14 18:00:00,2.37219,0.01062,0.07668,0.04687,0.05195,0.00808,0.01291,0.01228,0.02904,0.16027,0.38757,1.43492,0.00993,1.11683,1.52945,0.00106,0.00799,0.0092,0,0.00812,0,1.58229,0.58655,0.2711,0.32491,0.04621,2.11149,0.27362,0.01765,0.09962,0.34845,1.78027,0.21674,0.22321,0.00195,2.14351,0.06444,1.11683,0.27362,0.21674,0.22321,1.52945,1.56444,1.58229,2.00818,2.14351,0.22918,0.9312
2026-01-14 19:00:00,2.36442,0.01058,0.07646,0.04678,0.05172,0.00807,0.01287,0.01226,0.02896,0.1603,0.38734,1.44065,0.00991,1.1168,1.52677,0.00106,0.00798,0.00918,0,0.00808,0,1.57875,0.58371,0.27066,0.32459,0.04605,2.11016,0.27345,0.01755,0.10038,0.34779,1.77814,0.21667,0.22312,0.00194,2.13807,0.06424,1.1168,0.27345,0.21667,0.22312,1.52677,1.56118,1.57875,2.0028,2.13807,0.22857,0.9312
2026-01-14 20:00:00,2.35665,0.01053,0.07623,0.0467,0.05149,0.00804,0.01284,0.01224,0.02889,0.15968,0.3866,1.44619,0.00989,1.11676,1.52415,0.00106,0.00796,0.00917,0,0.00805,0,1.57527,0.58108,0.27021,0.32427,0.04589,2.10884,0.27328,0.01746,0.10114,0.34737,1.77627,0.21661,0.22304,0.00193,2.13269,0.06404,1.11676,0.27328,0.21661,0.22304,1.52415,1.55798,1.57527,1.99748,2.13269,0.22821,0.9312
2026-01-14 21:00:00,2.34889,0.01049,0.07599,0.04663,0.05126,0.00803,0.01281,0.01221,0.02884,0.15964,0.38634,1.45164,0.00986,1.11673,1.52157,0.00106,0.00795,0.00915,0,0.00801,0,1.57184,0.57867,0.26977,0.32395,0.04572,2.10751,0.27312,0.01737,0.1019,0.34682,1.77428,0.21654,0.22295,0.00192,2.12737,0.06384,1.11673,0.27312,0.21654,0.22295,1.52157,1.55483,1.57184,1.99221,2.12737,0.22772,0.9312
2026-01-14 22:00:00,2.34112,0.01046,0.07575,0.04653,0.05105,0.00802,0.01279,0.01219,0.02879,0.15958,0.38606,1.45725,0.00984,1.11669,1.51905,0.00106,0.00794,0.00914,0,0.00797,0,1.56847,0.57789,0.26932,0.32363,0.04556,2.10618,0.27295,0.01727,0.10266,0.34595,1.77195,0.21648,0.22288,0.00191,2.1221,0.06363,1.11669,0.27295,0.21648,0.22288,1.51905,1.55173,1.56847,1.98701,2.1221,0.22691,0.9312
2026-01-14 23:00:00,2.33335,0.01042,0.07552,0.04639,0.05084,0.00802,0.01276,0.01217,0.02873,0.15948,0.38584,1.46268,0.00982,1.11666,1.51656,0.00106,0.00792,0.00912,0,0.00794,0,1.56515,0.57966,0.26888,0.32331,0.04541,2.10486,0.27278,0.01718,0.10342,0.34495,1.76951,0.21641,0.22279,0.0019,2.11689,0.06343,1.11666,0.27278,0.21641,0.22279,1.51656,1.54868,1.56515,1.98185,2.11689,0.22598,0.9312
2026-01-15 00:00:00,2.32558,0.01039,0.07531,0.04627,0.05063,0.00801,0.01273,0.01215,0.02866,0.16,0.38609,1.46806,0.0098,1.11663,1.51413,0.00106,0.00791,0.00911,0,0.0079,0,1.56188,0.58318,0.26843,0.32299,0.04525,2.10353,0.27262,0.01708,0.10418,0.34414,1.76725,0.21635,0.22271,0.00188,2.11173,0.06323,1.11663,0.27262,0.21635,0.22271,1.51413,1.54569,1.56188,1.97676,2.11173,0.22524,0.9312
2026-01-15 01:00:00,2.32478,0.01035,0.0751,0.04618,0.05041,0.008,0.0127,0.01213,0.02859,0.15996,0.38583,1.46709,0.00978,1.11659,1.51174,0.00106,0.0079,0.00909,0,0.00787,0,1.55867,0.58793,0.26972,0.32331,0.04509,2.10974,0.27246,0.01711,0.10765,0.34356,1.7694,0.21629,0.22262,0.00186,2.10663,0.06303,1.11659,0.27246,0.21629,0.22262,1.51174,1.54274,1.55867,1.97172,2.10663,0.22473,0.9312
2026-01-15 02:00:00,2.32397,0.01031,0.07488,0.0461,0.05019,0.00798,0.01268,0.0121,0.02853,0.16063,0.38629,1.46616,0.00976,1.11656,1.50939,0.00106,0.00788,0.00908,0,0.00783,0,1.5555,0.59351,0.271,0.32364,0.04494,2.11595,0.27229,0.01713,0.11112,0.34322,1.77178,0.21622,0.22254,0.00185,2.10159,0.06284,1.11656,0.27229,0.21622,0.22254,1.50939,1.53985,1.5555,1.96674,2.10159,0.22447,0.9312
2026-01-15 03:00:00,2.32317,0.01026,0.07465,0.04604,0.04997,0.00796,0.01265,0.01208,0.02847,0.16077,0.38635,1.46546,0.00974,1.11652,1.50709,0.00106,0.00787,0.00907,0,0.0078,0,1.55239,0.59959,0.27229,0.32396,0.04478,2.12216,0.27213,0.01716,0.11459,0.34284,1.77414,0.21616,0.22246,0.00184,2.0966,0.06264,1.11652,0.27213,0.21616,0.22246,1.50709,1.53701,1.55239,1.96182,2.0966,0.22417,0.9312
2026-01-15 04:00:00,2.32237,0.01023,0.07443,0.04596,0.04976,0.00795,0.01263,0.01206,0.02842,0.16129,0.38687,1.46477,0.00972,1.11649,1.50483,0.00106,0.00786,0.00905,0,0.00776,0,1.54934,0.60483,0.27358,0.32428,0.04463,2.12837,0.27197,0.01719,0.11806,0.34234,1.77639,0.2161,0.22239,0.00183,2.09166,0.06244,1.11649,0.27197,0.2161,0.22239,1.50483,1.53422,1.54934,1.95696,2.09166,0.22376,0.9312
2026-01-15 05:00:00,2.32156,0.01019,0.07422,0.04585,0.04956,0.00795,0.01261,0.01203,0.02837,0.16188,0.38757,1.46419,0.0097,1.11646,1.50261,0.00106,0.00784,0.00904,0,0.00773,0,1.54633,0.60839,0.27486,0.32461,0.04448,2.13458,0.27181,0.01721,0.12153,0.34185,1.77862,0.21604,0.2223,0.00182,2.08679,0.06225,1.11646,0.27181,0.21604,0.2223,1.50261,1.53147,1.54633,1.95214,2.08679,0.22335,0.9312
2026-01-15 06:00:00,2.32076,0.01016,0.07402,0.04575,0.04936,0.00794,0.01258,0.01201,0.02831,0.16251,0.3884,1.46374,0.00968,1.11643,1.50044,0.00106,0.00783,0.00903,0,0.00769,0,1.54338,0.61078,0.27615,0.32493,0.04433,2.14079,0.27165,0.01724,0.125,0.34144,1.78094,0.21598,0.22222,0.00181,2.08196,0.06205,1.11643,0.27165,0.21598,0.22222,1.50044,1.52877,1.54338,1.94739,2.08196,0.22301,0.9312
2026-01-15 07:00:00,2.33344,0.01012,0.07382,0.04568,0.04916,0.00793,0.01254,0.01199,0.02823,0.16318,0.3893,1.45661,0.00966,1.11639,1.49831,0.00106,0.00782,0.00901,0,0.00766,0,1.54047,0.61237,0.27748,0.32571,0.04418,2.1428,0.2715,0.01752,0.1243,0.34115,1.77851,0.21592,0.22214,0.0018,2.07719,0.06186,1.11639,0.2715,0.21592,0.22214,1.49831,1.52612,1.54047,1.9427,2.07719,0.22278,0.9312
2026-01-15 08:00:00,2.34612,0.01008,0.07361,0.04561,0.04895,0.00791,0.01251,0.01196,0.02816,0.16363,0.38996,1.44975,0.00964,1.11636,1.49622,0.00106,0.0078,0.009,0,0.00762,0,1.53762,0.6134,0.2788,0.32649,0.04403,2.14482,0.27134,0.0178,0.1236,0.34096,1.77617,0.21586,0.22206,0.00179,2.07247,0.06167,1.11636,0.27134,0.21586,0.22206,1.49622,1.52352,1.53762,1.93806,2.07247,0.22264,0.9312
2026-01-15 09:00:00,2.3588,0.01004,0.07339,0.04554,0.04874,0.00789,0.01248,0.01194,0.02811,0.16406,0.39063,1.44306,0.00962,1.11633,1.49416,0.00106,0.00779,0.00899,0,0.00759,0,1.53481,0.61399,0.28013,0.32727,0.04388,2.14684,0.27119,0.01808,0.12289,0.34074,1.77377,0.2158,0.22199,0.00178,2.06781,0.06148,1.11633,0.27119,0.2158,0.22199,1.49416,1.52097,1.53481,1.93348,2.06781,0.22245,0.9312
2026-01-15 10:00:00,2.37147,0.01,0.07317,0.04545,0.04855,0.00789,0.01245,0.01192,0.02806,0.16435,0.39119,1.43649,0.0096,1.1163,1.49215,0.00106,0.00778,0.00897,0,0.00755,0,1.53206,0.61355,0.28145,0.32805,0.04373,2.14885,0.27103,0.01836,0.12219,0.34041,1.77125,0.21574,0.22191,0.00178,2.06321,0.06128,1.1163,0.27103,0.21574,0.22191,1.49215,1.51846,1.53206,1.92896,2.06321,0.22214,0.9312
2026-01-15 11:00:00,2.38415,0.00997,0.07296,0.04531,0.04835,0.00788,0.01243,0.0119,0.028,0.16473,0.39185,1.42988,0.00958,1.11626,1.49018,0.00106,0.00776,0.00896,0,0.00752,0,1.52935,0.61174,0.28278,0.32883,0.04359,2.15087,0.27088,0.01864,0.12149,0.34004,1.76868,0.21568,0.22183,0.00177,2.05866,0.06109,1.11626,0.27088,0.21568,0.22183,1.49018,1.516,1.52935,1.9245,2.05866,0.22177,0.9312
2026-01-15 12:00:00,2.39683,0.00993,0.07277,0.04519,0.04816,0.00788,0.0124,0.01188,0.02793,0.16519,0.39252,1.42316,0.00956,1.11623,1.48824,0.00106,0.00775,0.00895,0,0.00748,0,1.52669,0.60897,0.2841,0.32961,0.04344,2.15288,0.27073,0.01892,0.12079,0.33979,1.7662,0.21562,0.22175,0.00176,2.05417,0.0609,1.11623,0.27073,0.21562,0.22175,1.48824,1.51359,1.52669,1.92008,2.05417,0.22149,0.93134
