GMT,FRAC1,LTDC1,HIDC1,BHNC1,MPAC1,OWCC1,BNCC1,BCKC1,MEEC1,HPIC1,POHC1,EXQC1,DSNC1,STVC1,NWMC1,LGCC1,WARC1,LGAC1,PNEC1,LBDC1,OREC1,PATC1,HETC1,LNRC1,CHVC1F,DCMC1,NDPC1,MDSC1,NDVC1,NSWC1,AVYC1,NMSC1,OBBC1,RIPC1,PTTC1,VNSC1,KNFC1L,STVC1,MDSC1,OBBC1,RIPC1,NWMC1,CRDC1,PATC1,MZRC1,VNSC1,AVYC1L,NDPC1L
,QINE,QINE,QINE,QINE,QINE,QINE,QINE,QINE,QINE,QINE,QINE,QINE,QINE,QINE,QINE,QINE,QINE,QINE,QINE,QINE,QINE,QINE,QINE,QINE,QINE,QINE,QINE,QINE,QINE,QINE,QINE,QINE,QINE,QINE,QINE,QINE,QINE,QINE,QINE,QINE,QINE,QINE,QINE,QINE,QINE,QINE,SQIN,SQIN
2026-02-18 18:00:00,4.17763,0.36491,1.16312,1.68227,1.09312,0.12001,0.71108,0.99111,2.76089,0.14876,0.26147,4.30261,0.65707,1.19113,1.78523,0.07734,0.02821,0.23138,0.28339,0.50291,0.28053,1.50917,0.45747,0.17477,0.22569,1.96922,4.59086,3.94631,0.08066,0.13438,0.21402,2.84019,0.60007,0.67772,0.065,5.13253,0.73745,1.19113,3.94631,0.60007,0.67772,1.78523,1.57201,1.50917,4.28395,5.13253,0.17213,2.92485
2026-02-18 19:00:00,3.58181,0.32841,1.05973,1.48058,0.98711,0.10801,0.66107,0.9061,2.81,0.14884,0.26722,4.35385,0.54717,1.19113,1.81043,0.0688,0.02522,0.20093,0.23509,0.33293,0.26903,1.52717,0.51504,0.16513,0.17653,2.13324,4.74776,4.02833,0.07866,0.16382,0.22002,2.75851,0.57106,0.72169,0.06161,5.2254,0.69272,1.19113,4.02833,0.57106,0.72169,1.81043,1.59846,1.52717,4.33707,5.2254,0.17085,2.9237
2026-02-18 20:00:00,2.98583,0.30352,0.96418,1.31315,0.8791,0.10801,0.61207,0.83109,2.83219,0.14893,0.27597,4.27704,0.46104,1.19713,1.83575,0.06076,0.02222,0.16978,0.20326,0.32937,0.25785,1.54517,0.51567,0.15476,0.08764,2.30426,4.90466,4.13359,0.07788,0.18202,0.22703,2.67544,0.54306,0.77273,0.05939,5.28771,0.64799,1.19713,4.13359,0.54306,0.77273,1.83575,1.62509,1.54517,4.39053,5.28771,0.16984,2.92284
2026-02-18 21:00:00,2.32781,0.28525,0.86056,1.17297,0.81109,0.08301,0.55906,0.77809,2.82478,0.14853,0.27891,4.12181,0.36914,1.19713,1.85695,0.05403,0.01923,0.14179,0.18313,0.3754,0.23988,1.55917,0.45755,0.15441,0.11656,2.46027,5.06155,4.23472,0.07659,0.19712,0.22903,2.59102,0.51906,0.82009,0.05722,5.37128,0.60326,1.19713,4.23472,0.51906,0.82009,1.85695,1.65192,1.55917,4.4452,5.37128,0.16909,2.92216
2026-02-18 22:00:00,1.79505,0.26683,0.78081,1.04887,0.72508,0.07101,0.43605,0.73608,2.80631,0.14938,0.28785,3.69391,0.2988,1.22614,1.88677,0.04925,0.01624,0.12471,0.16153,0.34355,0.2295,1.57718,0.47561,0.16411,0.20471,2.60929,4.98198,4.33723,0.07619,0.20239,0.23403,2.50522,0.49906,0.85356,0.05508,5.42377,0.55853,1.22614,4.33723,0.49906,0.85356,1.88677,1.67895,1.57718,4.50202,5.42377,0.16864,2.92163
2026-02-18 23:00:00,1.48208,0.24356,0.71704,0.96002,0.67808,0.05801,0.38541,0.67608,2.76831,0.15011,0.29086,3.26579,0.26506,1.24014,1.91246,0.04468,0.01324,0.11021,0.15002,0.2869,0.21611,1.60018,0.43741,0.17414,0.33605,2.75031,4.90242,4.45277,0.07386,0.16764,0.23503,2.41767,0.48805,0.89017,0.05298,5.49764,0.5138,1.24014,4.45277,0.48805,0.89017,1.91246,1.70616,1.60018,4.56177,5.49764,0.16802,2.92119
2026-02-19 00:00:00,1.45057,0.21346,0.66927,0.88843,0.62907,0.07001,0.35465,0.64907,2.71277,0.151,0.29999,2.89159,0.23375,1.26914,1.93829,0.03965,0.01025,0.09669,0.1244,0.27272,0.20642,1.62318,0.40574,0.18343,0.39017,2.87632,4.82285,4.56411,0.07525,0.15623,0.23703,2.32813,0.47205,0.91546,0.05093,5.5613,0.46907,1.26914,4.56411,0.47205,0.91546,1.93829,1.75657,1.62318,4.62459,5.5613,0.16698,2.92082
2026-02-19 01:00:00,1.63844,0.19545,0.61348,0.79976,0.60107,0.05801,0.33404,0.64307,2.63876,0.1518,0.30926,2.51792,0.21184,1.31615,1.96856,0.03759,0.00988,0.08649,0.11355,0.29747,0.19393,1.64618,0.45774,0.20163,0.35088,2.95933,4.74328,4.67103,0.07452,0.13821,0.24503,2.23875,0.46005,0.93144,0.04791,5.61458,0.44187,1.31615,4.67103,0.46005,0.93144,1.96856,1.82163,1.64618,4.6905,5.61458,0.16577,2.92051
2026-02-19 02:00:00,1.9522,0.18662,0.55768,0.73833,0.55106,0.04601,0.35204,0.60907,2.57246,0.15248,0.31285,2.14425,0.18887,1.36415,1.99463,0.03427,0.0095,0.07884,0.09722,0.27975,0.19393,1.67419,0.47199,0.22094,0.38825,3.02434,4.66372,4.76119,0.07413,0.11667,0.25503,2.15108,0.44905,0.93465,0.04595,5.68952,0.41467,1.36415,4.76119,0.44905,0.93465,1.99463,1.87349,1.67419,4.75968,5.68952,0.16482,2.92025
2026-02-19 03:00:00,2.29693,0.17649,0.52575,0.70208,0.51506,0.05801,0.31604,0.59407,2.47887,0.15307,0.3162,1.71764,0.17302,1.41916,2.02522,0.03235,0.00913,0.07293,0.08766,0.23373,0.18195,1.70619,0.46808,0.22092,0.48769,3.04734,4.58415,4.84013,0.07346,0.13144,0.26603,2.0651,0.44105,0.92823,0.04402,5.7541,0.38748,1.41916,4.84013,0.44105,0.92823,2.02522,1.92598,1.70619,4.83204,5.7541,0.16411,2.92002
2026-02-19 04:00:00,2.54763,0.16633,0.48593,0.66682,0.50106,0.04601,0.31103,0.60107,2.36465,0.15358,0.31979,1.55826,0.15767,1.47516,2.06037,0.03173,0.00875,0.06815,0.07859,0.21604,0.16765,1.73919,0.40584,0.2105,0.50374,3.08534,4.50459,4.91979,0.07207,0.15236,0.27303,1.98084,0.43805,0.9091,0.04214,5.81898,0.36028,1.47516,4.91979,0.43805,0.9091,2.06037,1.96941,1.73919,4.9071,5.81898,0.16368,2.91981
2026-02-19 05:00:00,2.6098,0.15601,0.45409,0.62257,0.48605,0.04601,0.30603,0.59007,2.21772,0.15403,0.32346,1.50477,0.14583,1.53617,2.10905,0.03049,0.00838,0.06345,0.07002,0.2196,0.16765,1.7732,0.40001,0.21052,0.4346,3.08034,4.42502,4.97537,0.07247,0.18989,0.27503,1.89789,0.46005,0.88704,0.0403,5.90597,0.33308,1.53617,4.97537,0.46005,0.88704,2.10905,2.00837,1.7732,4.98422,5.90597,0.16309,2.91964
2026-02-19 06:00:00,2.59012,0.14489,0.43814,0.5964,0.46205,0.04501,0.29303,0.59107,2.05781,0.15444,0.32712,1.50499,0.13802,1.59518,2.14918,0.02752,0.008,0.05863,0.06351,0.25147,0.15411,1.8062,0.50566,0.2198,0.31724,3.04334,4.34546,5.02662,0.0711,0.2182,0.27303,1.81608,0.50706,0.85905,0.03829,5.98253,0.30588,1.59518,5.02662,0.50706,0.85905,2.14918,2.03781,1.8062,5.0629,5.98253,0.1621,2.91948
2026-02-19 07:00:00,2.68191,0.13217,0.42222,0.57923,0.44905,0.05701,0.28303,0.57106,1.88758,0.15483,0.33074,1.71808,0.1298,1.62818,2.19408,0.02752,0.00799,0.05454,0.05884,0.26919,0.14633,1.84421,0.44975,0.22981,0.31682,2.97733,4.26589,5.06563,0.07073,0.20834,0.27503,2.01538,0.55506,0.83435,0.0363,6.05951,0.30047,1.62818,5.06563,0.55506,0.83435,2.19408,2.07735,1.84421,5.14297,6.05951,0.16095,2.91934
2026-02-19 08:00:00,2.77718,0.11853,0.4063,0.55198,0.44405,0.033,0.26803,0.55006,1.73138,0.15495,0.33414,2.0358,0.12508,1.69119,2.24385,0.02636,0.00798,0.05089,0.05435,0.21254,0.1438,1.87721,0.46799,0.22016,0.3164,2.89932,4.18633,5.09829,0.07214,0.23109,0.28503,2.20924,0.60407,0.80319,0.03533,6.15908,0.29506,1.69119,5.09829,0.60407,0.80319,2.24385,2.10223,1.87721,5.22392,6.15908,0.16004,2.91921
2026-02-19 09:00:00,2.80422,0.10593,0.37454,0.53489,0.40304,0.044,0.26903,0.53806,1.61195,0.15503,0.33744,2.35367,0.11909,1.72919,2.28486,0.02636,0.00797,0.04676,0.04864,0.17357,0.13882,1.91421,0.48615,0.21053,0.31598,2.79031,4.10676,5.10483,0.07142,0.20092,0.29503,2.39769,0.65807,0.76726,0.03437,6.22584,0.28966,1.72919,5.10483,0.65807,0.76726,2.28486,2.1373,1.91421,5.30513,6.22584,0.15936,2.9191
2026-02-19 10:00:00,2.89233,0.09691,0.35871,0.52689,0.41505,0.044,0.26203,0.51306,1.51395,0.15494,0.34057,2.67302,0.11483,1.7562,2.34456,0.02523,0.00796,0.04329,0.0459,0.1877,0.13154,1.94222,0.48683,0.20164,0.31556,2.64429,4.02894,5.13104,0.07141,0.18182,0.30503,2.58088,0.74508,0.73493,0.03342,6.33779,0.28425,1.7562,5.13104,0.74508,0.73493,2.34456,2.16754,1.94222,5.38616,6.33779,0.15895,2.91899
2026-02-19 11:00:00,3.17439,0.09075,0.38275,0.52689,0.38604,0.032,0.25703,0.50606,1.44064,0.15493,0.34369,2.83272,0.11344,1.7872,2.39086,0.02467,0.00795,0.04194,0.04324,0.19829,0.13154,1.97022,0.50492,0.19237,0.31514,2.49428,3.95113,5.11793,0.07248,0.17753,0.30703,2.75832,0.8611,0.7008,0.03249,6.45057,0.27884,1.7872,5.11793,0.8611,0.7008,2.39086,2.20308,1.97022,5.46639,6.45057,0.15839,2.9189
2026-02-19 12:00:00,3.4775,0.08481,0.3989,0.54506,0.38504,0.043,0.25603,0.52106,1.36963,0.15497,0.34672,2.885,0.11206,1.7832,2.43747,0.02303,0.00794,0.0408,0.04194,0.28331,0.12684,2.00322,0.49922,0.15601,0.31472,2.32826,3.87331,5.09175,0.07041,0.14306,0.31804,2.92959,0.99311,0.67265,0.03249,6.5642,0.27343,1.7832,5.09175,0.99311,0.67265,2.43747,2.24399,2.00322,5.54511,6.5642,0.15745,2.86566
2026-02-19 13:00:00,3.57568,0.0788,0.39897,0.56323,0.35604,0.042,0.25703,0.47985,1.30884,0.15498,0.34963,2.61854,0.11206,1.8062,2.4797,0.02303,0.02095,0.03912,0.04066,0.24082,0.12684,2.04123,0.4751,0.10925,0.31463,2.18824,3.79549,5.09829,0.07076,0.13691,0.31003,3.07462,1.08712,0.65767,0.03437,6.6557,0.32698,1.8062,5.09829,1.08712,0.65767,2.4797,2.28523,2.04123,5.62209,6.6557,0.15635,2.8089
2026-02-19 14:00:00,3.47605,0.07287,0.39108,0.55423,0.39204,0.042,0.26803,0.43972,1.25492,0.15497,0.35235,2.43093,0.11483,1.7982,2.52218,0.02467,0.03396,0.03667,0.0394,0.18061,0.15149,2.07523,0.43181,0.10888,0.31455,2.00322,3.71768,5.05261,0.07247,0.14371,0.30503,3.22345,1.13313,0.63154,0.03533,6.75927,0.38053,1.7982,5.05261,1.13313,0.63154,2.52218,2.32681,2.07523,5.69662,6.75927,0.15549,2.80864
2026-02-19 15:00:00,3.34315,0.0675,0.40719,0.54523,0.39204,0.042,0.33604,0.40204,1.1836,0.15503,0.35501,2.48179,0.12054,1.7872,2.54114,0.02694,0.04697,0.03601,0.03574,0.25856,0.15149,2.11824,0.52367,0.17353,0.31446,1.8342,3.63986,4.99424,0.07112,0.19604,0.31003,3.37608,1.15813,0.60372,0.0363,6.8403,0.43409,1.7872,4.99424,1.15813,0.60372,2.54114,2.35821,2.11824,5.76779,6.8403,0.15485,2.80836
2026-02-19 16:00:00,3.2099,0.0633,0.42331,0.54523,0.42905,0.042,0.49906,0.36704,1.12842,0.15501,0.35776,2.6936,0.13141,1.7752,2.58877,0.02869,0.05998,0.03481,0.03456,0.30109,0.14129,2.15224,0.53977,0.23889,0.31437,1.68019,3.64034,4.91979,0.0732,0.26805,0.30703,3.53252,1.19513,0.58398,0.0403,6.95675,0.48764,1.7752,4.91979,1.19513,0.58398,2.58877,2.40566,2.15224,5.83612,6.95675,0.15445,2.80806
2026-02-19 17:00:00,2.87815,0.0619,0.39932,0.54523,0.44205,0.07801,0.69108,0.38304,1.07198,0.15527,0.3713,3.11858,0.15402,1.74819,2.61749,0.03492,0.07299,0.03435,0.0334,0.38608,0.1438,2.18224,0.51932,0.26711,0.31429,1.54717,3.64082,4.85233,0.07178,0.31543,0.31003,3.69222,1.21514,0.56589,0.04595,7.05052,0.54119,1.74819,4.85233,1.21514,0.56589,2.61749,2.44817,2.18224,5.90095,7.05052,0.15392,2.80772
2026-02-19 18:00:00,2.48189,0.06574,0.37528,0.53614,0.51106,0.07701,0.76409,0.40805,1.03067,0.15529,0.37472,3.33106,0.24779,1.72219,2.64152,0.03759,0.086,0.03367,0.03226,0.3967,0.13882,2.21625,0.40927,0.27492,0.3142,1.41759,3.6413,4.78323,0.07428,0.33265,0.30503,3.85473,1.24714,0.54798,0.04499,7.09759,0.59474,1.72219,4.78323,1.24714,0.54798,2.64152,2.48565,2.21625,5.96094,7.09759,0.15301,2.80734
2026-02-19 19:00:00,2.15146,0.07939,0.37537,0.54623,0.51806,0.08901,0.72708,0.46005,0.99367,0.15533,0.37472,3.91651,0.45609,1.69519,2.66562,0.08743,0.09135,0.03292,0.03456,0.5844,0.14129,2.24625,0.45062,0.25635,0.31473,1.30315,3.64178,4.71298,0.0746,0.31787,0.30503,3.96855,1.29914,0.53147,0.04214,7.16846,0.60639,1.69519,4.71298,1.29914,0.53147,2.66562,2.52338,2.24625,6.01579,7.16846,0.15196,2.80692
2026-02-19 20:00:00,2.05374,0.10083,0.39138,0.5744,0.56306,0.11301,0.82109,0.52006,0.97479,0.15568,0.37816,4.37269,0.58722,1.67319,2.6898,0.09058,0.0967,0.06326,0.03004,0.85709,0.1489,2.27625,0.54193,0.27607,0.31525,1.18913,3.64226,4.62333,0.07562,0.292,0.30003,4.08143,1.34215,0.52332,0.04121,7.22774,0.61805,1.67319,4.62333,1.34215,0.52332,2.6898,2.5668,2.27625,6.06573,7.22774,0.15113,2.80645
2026-02-19 21:00:00,2.08911,0.13284,0.39129,0.60157,0.59907,0.21102,1.12313,0.56906,1.02249,0.15581,0.38162,4.37676,0.80072,1.63518,2.70955,0.08536,0.10205,0.08675,0.02789,0.98101,0.24341,2.30126,0.55559,0.25899,0.31578,1.10112,3.64274,4.54054,0.07744,0.26493,0.30503,4.19327,1.38015,0.51523,0.04693,7.29914,0.62971,1.63518,4.54054,1.38015,0.51523,2.70955,2.59957,2.30126,6.11105,7.29914,0.15051,2.80591
2026-02-19 22:00:00,2.05814,0.15912,0.38323,0.6389,0.69608,0.24803,1.16713,0.68308,1.13071,0.15621,0.38162,4.11149,1.16574,1.62018,2.72948,0.07444,0.10739,0.1075,0.02789,1.1085,0.36077,2.33626,0.60834,0.19436,0.31631,1.02511,3.51343,4.45277,0.07769,0.18309,0.30003,4.30418,1.39115,0.51322,0.04693,7.34692,0.64136,1.62018,4.45277,1.39115,0.51322,2.72948,2.63804,2.33626,6.15171,7.34692,0.15014,2.8053
2026-02-19 23:00:00,2.26017,0.18194,0.43119,0.65807,0.76809,0.23703,1.10412,0.81109,1.24114,0.15664,0.37816,3.68583,1.32985,1.59118,2.74447,0.06516,0.11274,0.11906,0.09722,1.1758,0.40343,2.36626,0.62061,0.15609,0.31683,0.95511,3.38412,4.37172,0.077,0.10737,0.30703,4.41352,1.41216,0.51725,0.04693,7.39481,0.65302,1.59118,4.37172,1.41216,0.51725,2.74447,2.67122,2.36626,6.18746,7.39481,0.14962,2.80459
2026-02-20 00:00:00,2.59532,0.21116,0.45524,0.67724,0.79809,0.26203,1.04112,0.8801,1.35574,0.15733,0.37816,3.41961,1.37146,1.56217,2.74947,0.06338,0.11809,0.15556,0.09919,1.21562,0.43879,2.39727,0.74312,0.17497,0.31736,0.8981,3.25482,4.28581,0.07737,0.09751,0.30503,4.52092,1.42316,0.52943,0.05093,7.41882,0.66467,1.56217,4.28581,1.42316,0.52943,2.74947,2.69344,2.39727,6.21851,7.41882,0.14875,2.80376
2026-02-20 01:00:00,2.83072,0.26471,0.42336,0.7045,0.81809,0.28703,1.03612,0.8791,1.50017,0.15808,0.37472,2.886,1.26507,1.54717,2.76949,0.06076,0.10283,0.19071,0.09527,1.18728,0.46523,2.43727,0.71637,0.21281,0.31879,0.84709,3.12551,4.22342,0.07846,0.13444,0.29503,4.37406,1.43416,0.54798,0.05508,7.46691,0.65904,1.54717,4.22342,1.43416,0.54798,2.76949,2.72691,2.43727,6.24518,7.46691,0.14774,2.80279
2026-02-20 02:00:00,2.89993,0.27484,0.42339,0.74084,0.8781,0.28803,0.98811,0.94611,1.64206,0.15894,0.36112,2.29757,1.11238,1.52517,2.77953,0.05989,0.08757,0.18853,0.08397,1.15414,0.49267,2.45327,0.58146,0.18419,0.32023,0.80409,2.9962,4.15594,0.07634,0.14062,0.29703,4.22564,1.42316,0.57188,0.0583,7.52723,0.65341,1.52517,4.15594,1.42316,0.57188,2.77953,2.75496,2.45327,6.26766,7.52723,0.14695,2.80162
2026-02-20 03:00:00,3.03564,0.27993,0.44732,0.77917,1.03612,0.24003,0.8611,1.00911,1.75097,0.15987,0.36789,2.02886,0.9791,1.49617,2.78455,0.05734,0.07231,0.18567,0.08216,1.16809,0.53284,2.47828,0.52389,0.1552,0.32166,0.77209,2.86689,4.09463,0.07599,0.13692,0.29703,4.07562,1.39115,0.60372,0.065,7.5635,0.64778,1.49617,4.09463,1.39115,0.60372,2.78455,2.77747,2.47828,6.28648,7.5635,0.14635,2.80018
2026-02-20 04:00:00,3.27114,0.28053,0.47919,0.81643,1.17413,0.20502,0.75308,1.00011,1.83557,0.16087,0.35442,1.76151,0.80072,1.47916,2.79963,0.05241,0.05704,0.17644,0.19561,1.12636,0.52697,2.50928,0.52332,0.16374,0.3231,0.74408,2.82379,4.03934,0.0749,0.14489,0.29503,3.92398,1.35815,0.64334,0.08071,7.58774,0.64215,1.47916,4.03934,1.35815,0.64334,2.79963,2.80007,2.50928,6.30243,7.58774,0.14599,2.7984
2026-02-20 05:00:00,3.27274,0.27641,0.46465,0.88085,1.14013,0.16802,0.65207,0.9271,1.89378,0.16193,0.35442,1.54906,0.65203,1.45416,2.8097,0.05322,0.04178,0.16066,0.19058,1.00915,0.51538,2.53028,0.46583,0.17339,0.32453,0.72508,2.78068,3.99541,0.07559,0.15231,0.29503,3.77021,1.32615,0.68537,0.08984,7.59987,0.63652,1.45416,3.99541,1.32615,0.68537,2.8097,2.82843,2.53028,6.31589,7.59987,0.1455,2.7961
2026-02-20 06:00:00,3.13741,0.2683,0.4849,0.9281,1.04712,0.14502,0.51506,0.8631,1.94041,0.16302,0.34448,1.58666,0.54227,1.43716,2.81979,0.04848,0.02652,0.14468,0.19309,0.86827,0.47608,2.54628,0.3504,0.17305,0.32597,0.71008,2.73758,3.94631,0.07415,0.15972,0.29203,3.61408,1.30515,0.73227,0.0885,7.612,0.63089,1.43716,3.94631,1.30515,0.73227,2.81979,2.86264,2.54628,6.32715,7.612,0.14467,2.79303
2026-02-20 07:00:00,3.11334,0.26025,0.54596,0.94811,0.96711,0.13201,0.34504,0.82709,1.97849,0.16417,0.33794,1.66085,0.46605,1.42316,2.8299,0.04468,0.02428,0.12966,0.19815,0.77433,0.444,2.57729,0.40626,0.19093,0.32685,0.69908,2.69448,3.89216,0.07412,0.14371,0.28703,3.43731,1.28314,0.78097,0.08718,7.62414,0.61486,1.42316,3.89216,1.28314,0.78097,2.8299,2.90277,2.57729,6.33686,7.62414,0.1437,2.78873
2026-02-20 08:00:00,3.15103,0.25478,0.55871,0.96711,0.8951,0.12001,0.36904,0.78609,2.00341,0.16513,0.34448,1.7359,0.39564,1.40916,2.84001,0.04249,0.02204,0.11334,0.19561,0.70541,0.40343,2.60929,0.50323,0.20059,0.32774,0.69708,2.65137,3.876,0.07244,0.14492,0.29003,3.26473,1.27314,0.82958,0.08456,7.62414,0.59884,1.40916,3.876,1.27314,0.82958,2.84001,2.93737,2.60929,6.34543,7.62414,0.14293,2.78229
2026-02-20 09:00:00,3.00879,0.24996,0.54708,0.96694,0.84009,0.10801,0.45105,0.75608,2.0194,0.16609,0.35109,1.75811,0.31692,1.39516,2.8552,0.03827,0.0198,0.10094,0.17581,0.58378,0.37935,2.63029,0.48372,0.18201,0.32862,0.71208,2.60827,3.85451,0.07213,0.1443,0.28503,3.09635,1.25714,0.87455,0.08198,7.63629,0.58281,1.39516,3.85451,1.25714,0.87455,2.8552,2.98959,2.63029,6.35256,7.63629,0.14236,2.77156
2026-02-20 10:00:00,2.80972,0.24245,0.5191,0.9316,0.79309,0.10801,0.46105,0.72008,2.01619,0.16694,0.35109,1.83335,0.27801,1.38815,2.87041,0.03691,0.01755,0.09381,0.17823,0.48243,0.35622,2.6563,0.48119,0.17274,0.3295,0.73508,2.50162,3.83309,0.07003,0.14739,0.29003,2.93214,1.24114,0.92503,0.07944,7.63629,0.56678,1.38815,3.83309,1.24114,0.92503,2.87041,3.03636,2.6563,6.35848,7.63629,0.14202,2.75009
2026-02-20 11:00:00,2.73919,0.22957,0.49826,0.87827,0.72408,0.09601,0.42605,0.68708,2.0066,0.16786,0.35442,1.86242,0.24779,1.37815,2.87549,0.03235,0.01531,0.08479,0.14519,0.47834,0.32539,2.6883,0.51964,0.16421,0.33039,0.77809,2.39497,3.82774,0.07043,0.14677,0.29203,2.77173,1.23114,0.97676,0.0757,7.63629,0.55076,1.37815,3.82774,1.23114,0.97676,2.87549,3.08344,2.6883,6.36411,7.63629,0.14155,2.68567
2026-02-20 12:00:00,2.76046,0.21022,0.49135,0.83193,0.70008,0.08401,0.40605,0.65407,1.95959,0.16885,0.35109,1.75456,0.2226,1.37115,2.89075,0.03173,0.01307,0.07675,0.14759,0.47425,0.30446,2.7203,0.52038,0.14636,0.33127,0.84309,2.28832,3.81707,0.06999,0.13877,0.29003,2.61492,1.22014,1.02245,0.07205,7.63629,0.53473,1.37115,3.81707,1.22014,1.02245,2.89075,3.13679,2.7203,6.36984,7.63629,0.14075,2.31336
2026-02-20 13:00:00,2.67431,0.19735,0.49126,0.78559,0.63907,0.07201,0.39304,0.62807,1.88758,0.16977,0.34778,1.75956,0.19913,1.37815,2.91114,0.03049,0.01277,0.0703,0.12663,0.42966,0.28443,2.74631,0.46251,0.13666,0.33034,0.9191,2.18166,3.82774,0.06968,0.12585,0.29003,2.50019,1.21013,1.06242,0.06966,7.64845,0.51626,1.37815,3.82774,1.21013,1.06242,2.91114,3.17856,2.74631,6.37589,7.64845,0.13982,2.29228
2026-02-20 14:00:00,2.50196,0.19175,0.49979,0.73125,0.61507,0.08401,0.37004,0.58607,1.80978,0.17055,0.34778,1.81191,0.17883,1.37115,2.92136,0.02869,0.01247,0.06708,0.13115,0.39117,0.27666,2.77931,0.44226,0.14593,0.32941,1.00511,2.07501,3.83844,0.06929,0.11478,0.28703,2.3882,1.19513,1.0997,0.06615,7.64845,0.49778,1.37115,3.83844,1.19513,1.0997,2.92136,3.20855,2.77931,6.38269,7.64845,0.13909,2.28141
2026-02-20 15:00:00,2.41438,0.18519,0.50836,0.68599,0.57906,0.05901,0.34504,0.57506,1.70338,0.17128,0.34778,1.95224,0.16139,1.37115,2.9367,0.0281,0.01217,0.06293,0.11144,0.37089,0.26154,2.81131,0.48138,0.15594,0.32849,1.08612,1.96836,3.86525,0.07006,0.11049,0.29003,2.27891,1.21514,1.13388,0.06386,7.66061,0.47931,1.37115,3.86525,1.21514,1.13388,2.9367,3.23866,2.81131,6.39066,7.66061,0.13855,2.27054
2026-02-20 16:00:00,2.38389,0.17819,0.49988,0.64874,0.53806,0.07101,0.33704,0.55206,1.61195,0.17183,0.34448,2.19865,0.14744,1.38815,2.9572,0.02636,0.01186,0.05927,0.09919,0.34655,0.24697,2.84332,0.52052,0.16559,0.32756,1.16813,1.91823,3.89756,0.06691,0.09757,0.28503,2.17233,1.27314,1.16099,0.06049,7.68498,0.46083,1.38815,3.89756,1.27314,1.16099,2.9572,3.26889,2.84332,6.40038,7.68498,0.13822,2.25967
2026-02-20 17:00:00,2.32451,0.17021,0.4829,0.62048,0.50106,0.05901,0.32004,0.51406,1.53755,0.17262,0.34448,2.46511,0.13468,1.40516,2.97775,0.02523,0.01156,0.0563,0.08953,0.31412,0.23988,2.87632,0.49948,0.16487,0.32663,1.23614,1.86811,3.93545,0.0676,0.09571,0.28703,2.06818,1.32115,1.17466,0.05722,7.69717,0.44236,1.40516,3.93545,1.32115,1.17466,2.97775,3.2871,2.87632,6.41235,7.69717,0.13777,2.2488
2026-02-20 18:00:00,2.15245,0.1605,0.44903,0.59331,0.48905,0.05801,0.30503,0.47005,1.47616,0.17306,0.34448,2.77368,0.12201,1.43016,2.99835,0.02412,0.01126,0.05197,0.07859,0.304,0.22611,2.89832,0.55685,0.15485,0.3257,1.28514,1.81798,3.97354,0.06721,0.11169,0.28703,1.96624,1.33115,1.19185,0.05508,7.70937,0.42388,1.43016,3.97354,1.33115,1.19185,2.99835,3.29925,2.89832,6.42705,7.70937,0.137,2.23793
2026-02-20 19:00:00,1.92493,0.14876,0.41527,0.56614,0.46505,0.05801,0.30003,0.43505,1.41234,0.17346,0.33794,3.02153,0.11344,1.45416,3.02418,0.02303,0.01124,0.04881,0.07002,0.29182,0.21285,2.92533,0.57691,0.1556,0.46987,1.32415,1.76785,4.00089,0.06475,0.13997,0.29003,1.9576,1.33115,1.20568,0.05403,7.73379,0.40864,1.45416,4.00089,1.33115,1.20568,3.02418,3.31752,2.92533,6.44477,7.73379,0.13612,2.22706
2026-02-20 20:00:00,1.72666,0.1362,0.38157,0.53889,0.44005,0.04601,0.28503,0.41105,1.35574,0.17409,0.33469,3.27468,0.10664,1.49617,3.05008,0.02303,0.01122,0.04647,0.06672,0.26545,0.21285,2.95833,0.52058,0.1467,0.38195,1.33615,1.71773,4.05036,0.06441,0.16272,0.28703,1.94837,1.33715,1.21264,0.05093,7.74602,0.39339,1.49617,4.05036,1.33715,1.21264,3.05008,3.32362,2.95833,6.4655,7.74602,0.13542,2.21618
2026-02-20 21:00:00,1.58547,0.12457,0.34792,0.51164,0.42405,0.04601,0.26803,0.37304,1.29962,0.17436,0.33146,3.39854,0.09876,1.54717,3.07086,0.02197,0.01121,0.04377,0.05733,0.24923,0.20011,2.98033,0.48205,0.14636,0.29897,1.34815,1.6676,4.08353,0.0658,0.1498,0.29003,1.93857,1.32615,1.21612,0.04891,7.78274,0.37815,1.54717,4.08353,1.32615,1.21612,3.07086,3.33584,2.98033,6.48891,7.78274,0.1349,2.20531
2026-02-20 22:00:00,1.55367,0.11459,0.33967,0.49347,0.41705,0.05701,0.26603,0.35004,1.23652,0.1749,0.33794,3.17346,0.0925,1.59118,3.10734,0.0225,0.01119,0.04158,0.05435,0.24114,0.18788,2.99133,0.40496,0.15531,0.29221,1.33015,1.63764,4.1113,0.06514,0.13012,0.29503,1.92821,1.33115,1.21612,0.04791,7.80726,0.3629,1.59118,4.1113,1.33115,1.21612,3.10734,3.34195,2.99133,6.51478,7.80726,0.13458,2.19444
2026-02-20 23:00:00,1.57501,0.1061,0.33125,0.4753,0.38104,0.04501,0.25303,0.33404,1.18821,0.17542,0.34865,2.7806,0.08764,1.63218,3.13873,0.02145,0.01117,0.04075,0.04864,0.23305,0.17903,3.02534,0.40721,0.16458,0.35495,1.31215,1.60768,4.12801,0.06334,0.11287,0.29703,1.91699,1.31515,1.21264,0.04499,7.8441,0.34766,1.63218,4.12801,1.31515,1.21264,3.13873,3.3542,3.02534,6.54308,7.8441,0.13415,2.18357
2026-02-21 00:00:00,1.65277,0.09897,0.33136,0.45713,0.36804,0.044,0.24103,0.31003,1.12842,0.17625,0.35968,2.39285,0.08185,1.66519,3.17549,0.02091,0.01115,0.03912,0.04456,0.21883,0.17045,3.03634,0.38903,0.1839,0.41316,1.28514,1.57772,4.15035,0.06338,0.10301,0.29203,1.90476,1.32615,1.20568,0.04402,7.86872,0.33241,1.66519,4.15035,1.32615,1.20568,3.17549,3.37261,3.03634,6.57328,7.86872,0.13342,2.1727
2026-02-21 01:00:00,1.90059,0.09382,0.33164,0.43897,0.34704,0.032,0.22903,0.30003,1.0774,0.1772,0.37035,1.92078,0.07734,1.69519,3.21241,0.01986,0.01113,0.03773,0.04194,0.21074,0.16765,3.04734,0.40823,0.20217,0.37978,1.24714,1.54776,4.14475,0.06443,0.10487,0.29003,1.90109,1.32115,1.19876,0.04214,7.90568,0.32162,1.69519,4.14475,1.32115,1.19876,3.21241,3.38491,3.04734,6.60467,7.90568,0.13256,2.16183
2026-02-21 02:00:00,2.20525,0.08829,0.32331,0.42988,0.34604,0.044,0.21702,0.28103,1.00946,0.17841,0.38134,1.39554,0.07305,1.73319,3.24948,0.01883,0.01111,0.03647,0.0394,0.21077,0.15944,3.05834,0.46515,0.21076,0.34506,1.20613,1.5178,4.15035,0.06271,0.08703,0.29503,1.89761,1.32615,1.1884,0.04121,7.94272,0.31083,1.73319,4.15035,1.32615,1.1884,3.24948,3.39106,3.05834,6.63673,7.94272,0.13189,2.15096
2026-02-21 03:00:00,2.42477,0.08308,0.32319,0.4208,0.34604,0.044,0.20702,0.26603,0.95585,0.17981,0.39208,0.95952,0.06968,1.74819,3.27604,0.01833,0.0111,0.03523,0.03694,0.21486,0.15411,3.06934,0.48425,0.19221,0.34741,1.16213,1.48784,4.13359,0.06233,0.09504,0.29203,1.89426,1.31515,1.18152,0.03931,7.97983,0.30005,1.74819,4.13359,1.31515,1.18152,3.27604,3.41573,3.06934,6.66895,7.97983,0.13138,2.14009
2026-02-21 04:00:00,2.50652,0.07846,0.32313,0.40163,0.30603,0.044,0.19602,0.25003,0.90604,0.18138,0.39914,0.71766,0.06631,1.7682,3.30269,0.01784,0.01108,0.03428,0.03456,0.25541,0.1489,3.09134,0.50405,0.15579,0.40174,1.11712,1.45788,4.13359,0.06231,0.11596,0.29203,1.89109,1.31515,1.17466,0.03931,8.01701,0.28926,1.7682,4.13359,1.31515,1.17466,3.30269,3.42809,3.09134,6.70069,8.01701,0.13107,2.12922
2026-02-21 05:00:00,2.56333,0.07438,0.3148,0.38246,0.32304,0.031,0.18702,0.24203,0.84884,0.1831,0.39914,0.71699,0.06204,1.7752,3.34548,0.01687,0.01106,0.03406,0.03226,0.23514,0.13637,3.10835,0.52236,0.14727,0.43784,1.07012,1.42792,4.1113,0.061,0.13321,0.29203,1.88783,1.31515,1.16782,0.03729,8.05428,0.27847,1.7752,4.1113,1.31515,1.16782,3.34548,3.45288,3.10835,6.73154,8.05428,0.13066,2.11835
2026-02-21 06:00:00,2.60938,0.07061,0.29791,0.37338,0.28203,0.042,0.18002,0.23203,0.80253,0.18492,0.3956,0.71512,0.05911,1.7792,3.37233,0.01687,0.01104,0.03323,0.03004,0.17437,0.13154,3.11935,0.5413,0.15625,0.34342,1.02011,1.39797,4.08909,0.05991,0.13815,0.29503,1.88427,1.30515,1.16782,0.0363,8.0916,0.26768,1.7792,4.08909,1.30515,1.16782,3.37233,3.47153,3.11935,6.76131,8.0916,0.12994,2.10748
2026-02-21 07:00:00,2.53178,0.06691,0.28943,0.37338,0.28903,0.042,0.17002,0.22002,0.75752,0.18696,0.3956,0.75685,0.05546,1.7792,3.39924,0.0164,0.01102,0.03357,0.02895,0.17437,0.12918,3.14135,0.56023,0.13731,0.27674,0.97211,1.36801,4.06693,0.05988,0.1031,0.29003,1.88144,1.31015,1.1644,0.03533,8.12901,0.26023,1.7792,4.06693,1.31015,1.1644,3.39924,3.49645,3.14135,6.7899,8.12901,0.12912,2.0966
2026-02-21 08:00:00,2.42577,0.06329,0.28096,0.36429,0.27403,0.042,0.16402,0.22202,0.71755,0.18886,0.38858,0.84452,0.05285,1.7602,3.42623,0.01593,0.011,0.03264,0.02789,0.21892,0.12453,3.15235,0.52065,0.1191,0.34815,0.9221,1.33805,4.03383,0.05885,0.10437,0.28703,1.87874,1.29914,1.16782,0.03342,8.16649,0.25277,1.7602,4.03383,1.29914,1.16782,3.42623,3.51519,3.15235,6.81697,8.16649,0.12846,2.08573
2026-02-21 09:00:00,2.41377,0.06002,0.27248,0.35521,0.26403,0.029,0.15802,0.20402,0.68141,0.1909,0.38162,0.83869,0.05031,1.7562,3.4533,0.01593,0.01099,0.03212,0.02583,0.19862,0.11999,3.17435,0.42474,0.13767,0.41451,0.8751,1.30809,4.01185,0.05855,0.12038,0.28203,1.87618,1.31015,1.17124,0.03249,8.20403,0.24532,1.7562,4.01185,1.31015,1.17124,3.4533,3.54025,3.17435,6.84229,8.20403,0.12798,2.07486
2026-02-21 10:00:00,2.42992,0.0572,0.27254,0.35621,0.24503,0.04,0.15402,0.20902,0.655,0.19285,0.36789,0.92698,0.04867,1.7602,3.46958,0.01547,0.01097,0.03121,0.02483,0.09523,0.11777,3.17935,0.44475,0.16551,0.35953,0.83409,1.35475,3.97354,0.05817,0.10622,0.28703,1.87373,1.27814,1.17124,0.03158,8.25421,0.23787,1.7602,3.97354,1.27814,1.17124,3.46958,3.5654,3.17935,6.86584,8.25421,0.12768,2.10427
2026-02-21 11:00:00,2.34282,0.05476,0.27257,0.35721,0.22803,0.027,0.14902,0.19202,0.63581,0.19501,0.35442,0.96649,0.04629,1.74519,3.49133,0.01547,0.01095,0.03029,0.02288,0.10739,0.10703,3.19636,0.46341,0.16473,0.29155,0.78909,1.40141,3.94088,0.05815,0.08715,0.28203,1.87117,1.20513,1.17809,0.03158,8.29193,0.23041,1.74519,3.94088,1.20513,1.17809,3.49133,3.59061,3.19636,6.88762,8.29193,0.12728,2.13368
2026-02-21 12:00:00,2.22918,0.05255,0.26416,0.34712,0.23503,0.027,0.13301,0.19802,0.60291,0.19734,0.34448,1.00713,0.04475,1.73319,3.50767,0.01547,0.01093,0.02964,0.02194,0.22087,0.10496,3.22936,0.443,0.14572,0.28603,0.74408,1.44807,3.90295,0.05676,0.04468,0.28203,1.86829,1.14313,1.18496,0.02978,8.30453,0.22296,1.73319,3.90295,1.14313,1.18496,3.50767,3.61591,3.22936,6.90766,8.30453,0.1266,2.1887
2026-02-21 13:00:00,2.22918,0.05043,0.24723,0.33704,0.21802,0.027,0.14002,0.18102,0.57443,0.19948,0.33469,1.09984,0.04325,1.72219,3.51857,0.01502,0.01091,0.02917,0.02102,0.34653,0.10292,3.24636,0.38553,0.12784,0.30604,0.70608,1.49472,3.87062,0.05745,0.06252,0.28203,1.85427,1.11312,1.18496,0.02891,8.34234,0.2177,1.72219,3.87062,1.11312,1.18496,3.51857,3.64129,3.24636,6.92593,8.34234,0.12582,2.21499
2026-02-21 14:00:00,2.34151,0.04839,0.23873,0.31887,0.21202,0.038,0.13702,0.18802,0.55133,0.20137,0.32504,1.23979,0.04037,1.72219,3.52403,0.01502,0.01089,0.0285,0.02011,0.22696,0.09891,3.26836,0.36763,0.12779,0.36252,0.66907,1.54138,3.82774,0.05779,0.08712,0.28003,1.84034,1.07212,1.1884,0.02805,8.36758,0.21243,1.72219,3.82774,1.07212,1.1884,3.52403,3.66674,3.26836,6.94239,8.36758,0.1252,2.21502
2026-02-21 15:00:00,2.37905,0.04657,0.23031,0.30979,0.21802,0.025,0.13201,0.17202,0.5424,0.20318,0.31553,1.60968,0.03899,1.70719,3.54591,0.01502,0.01087,0.02793,0.01923,0.08508,0.095,3.27937,0.54104,0.12778,0.36884,0.63307,1.58804,3.8064,0.05607,0.07111,0.27803,1.82648,0.96411,1.1953,0.02805,8.40553,0.20717,1.70719,3.8064,0.96411,1.1953,3.54591,3.69227,3.27937,6.9572,8.40553,0.12473,2.21505
2026-02-21 16:00:00,2.30405,0.045,0.21339,0.31887,0.19802,0.025,0.12901,0.17902,0.52706,0.20469,0.31238,1.9794,0.03765,1.70319,3.55138,0.01457,0.01086,0.02775,0.01837,0.11954,0.095,3.29637,0.55951,0.12742,0.32009,0.60007,1.61889,3.77452,0.05468,0.08403,0.27503,1.81273,0.9201,1.19876,0.0272,8.41819,0.20191,1.70319,3.77452,0.9201,1.19876,3.55138,3.71787,3.29637,6.97037,8.41819,0.12445,2.21509
2026-02-21 17:00:00,2.26675,0.04365,0.20489,0.30879,0.20402,0.035,0.12601,0.17302,0.50633,0.20656,0.31553,2.25687,0.03636,1.71419,3.55686,0.01457,0.01084,0.02729,0.01837,0.12766,0.08933,3.32437,0.46292,0.12782,0.30071,0.57006,1.64974,3.74279,0.0553,0.0951,0.27803,1.79885,0.9251,1.19876,0.02637,8.43085,0.19664,1.71419,3.74279,0.9251,1.19876,3.55686,3.73714,3.32437,6.98217,8.43085,0.12407,2.21513
2026-02-21 18:00:00,2.22945,0.04243,0.20489,0.2997,0.20102,0.022,0.12201,0.15602,0.49296,0.208,0.30926,2.58067,0.0351,1.72619,3.57879,0.01502,0.01082,0.02693,0.0167,0.18037,0.09309,3.34637,0.48258,0.12789,0.3365,0.54206,1.6806,3.72171,0.05562,0.14248,0.27303,1.78462,0.9251,1.20222,0.02556,8.44353,0.19138,1.72619,3.72171,0.9251,1.20222,3.57879,3.75644,3.34637,6.99297,8.44353,0.12342,2.21517
2026-02-21 19:00:00,2.07961,0.04125,0.2133,0.3007,0.20502,0.008,0.12101,0.16602,0.47982,0.20924,0.30926,2.85717,0.03449,1.74119,3.57879,0.01457,0.0108,0.02682,0.0159,0.07902,0.0875,3.36337,0.50245,0.14615,0.39039,0.51606,1.71145,3.69547,0.05323,0.14248,0.27503,1.77525,0.9201,1.20222,0.02556,8.45621,0.18765,1.74119,3.69547,0.9201,1.20222,3.57879,3.77578,3.36337,7.00288,8.45621,0.12266,2.21522
2026-02-21 20:00:00,1.81748,0.04012,0.22172,0.30979,0.18402,0.019,0.10601,0.14802,0.46439,0.21068,0.30926,2.94779,0.0327,1.73719,3.58978,0.01457,0.01078,0.02644,0.01511,0.01619,0.08212,3.38038,0.52172,0.14659,0.35399,0.49305,1.7423,3.66933,0.05392,0.09386,0.26803,1.76607,0.9201,1.20222,0.02475,8.48161,0.18391,1.73719,3.66933,0.9201,1.20222,3.58978,3.79516,3.38038,7.01197,8.48161,0.12206,2.21528
2026-02-21 21:00:00,1.55517,0.03911,0.22175,0.30979,0.17802,0.005,0.11401,0.15402,0.45579,0.21141,0.31238,2.90077,0.03213,1.7682,3.60077,0.01413,0.01077,0.02642,0.0136,0.0892,0.08038,3.39738,0.44526,0.13738,0.26773,0.47205,1.77315,3.6433,0.05425,0.08094,0.27303,1.75706,0.9161,1.20568,0.02475,8.49432,0.18018,1.7682,3.6433,0.9161,1.20568,3.60077,3.80164,3.39738,7.0205,8.49432,0.12162,2.21534
2026-02-21 22:00:00,1.36788,0.03824,0.22175,0.29162,0.19202,-0.035,0.11201,0.15002,0.44946,0.20381,0.32185,2.76127,0.031,1.7792,3.61729,0.0137,0.01075,0.02633,0.01288,0.09326,0.07697,3.41438,0.40844,0.13744,0.27276,0.44605,1.77315,3.62254,0.05424,0.09386,0.27003,1.7482,0.9161,1.20222,0.02396,8.50704,0.17644,1.7792,3.62254,0.9161,1.20222,3.61729,3.80811,3.41438,7.0285,8.50704,0.12134,2.21541
2026-02-21 23:00:00,1.25544,0.03748,0.22172,0.29162,0.17602,-0.024,0.10901,0.13301,0.43458,0.21141,0.33794,2.48337,0.02994,1.8062,3.62832,0.01327,0.01073,0.02593,0.0136,0.07298,0.0753,3.43138,0.50742,0.14641,0.34886,0.42805,1.77315,3.60186,0.05458,0.13141,0.27503,1.73931,0.9111,1.19876,0.02396,8.51976,0.17271,1.8062,3.60186,0.9111,1.19876,3.62832,3.82109,3.43138,7.03595,8.51976,0.12097,2.2155
2026-02-22 00:00:00,1.1803,0.0368,0.23022,0.3007,0.16502,0.043,0.10601,0.14002,0.42795,0.21141,0.36789,2.11345,0.02891,1.8332,3.65595,0.01285,0.01071,0.02591,0.01288,-0.05671,0.07366,3.44238,0.46992,0.15571,0.38603,0.40905,1.77315,3.58124,0.05493,0.11787,0.27303,1.73019,0.9111,1.1953,0.02319,8.51976,0.16897,1.8332,3.58124,0.9111,1.1953,3.65595,3.83408,3.44238,7.04291,8.51976,0.12035,2.2156
2026-02-22 01:00:00,1.14264,0.03613,0.23028,0.29162,0.16902,0.041,0.09101,0.13702,0.40856,0.21141,0.39208,1.74425,0.0284,1.85321,3.67256,0.01244,0.01069,0.02585,0.01217,-0.0972,0.07043,3.45338,0.45027,0.15608,0.33641,0.39204,1.77315,3.56069,0.05456,0.11231,0.27503,1.70407,0.9111,1.1884,0.02319,8.5325,0.16624,1.85321,3.56069,0.9111,1.1884,3.67256,3.84709,3.45338,7.0495,8.5325,0.11962,2.21571
2026-02-22 02:00:00,1.21763,0.03547,0.23028,0.29162,0.19602,0.04,0.10001,0.13201,0.40436,0.20381,0.40985,1.42189,0.02742,1.88021,3.68364,0.01244,0.01068,0.02543,0.01149,0.03052,0.06886,3.45338,0.52756,0.15569,0.28798,0.37604,1.77315,3.54532,0.05427,0.13014,0.28203,1.67756,0.9061,1.17124,0.02242,8.5325,0.16351,1.88021,3.54532,0.9061,1.17124,3.68364,3.86011,3.45338,7.05579,8.5325,0.11904,2.21585
2026-02-22 03:00:00,1.44261,0.03488,0.23028,0.29162,0.19202,0.04,0.08601,0.12901,0.3981,0.20381,0.40985,1.0997,0.02647,1.88821,3.70585,0.01161,0.01066,0.02543,0.01082,0.09132,0.06577,3.47039,0.52682,0.16457,0.32443,0.36304,1.77315,3.52998,0.05392,0.1209,0.28003,1.65068,0.8701,1.15759,0.02242,8.54524,0.16079,1.88821,3.52998,0.8701,1.15759,3.70585,3.86663,3.47039,7.06169,8.54524,0.11861,2.21602
2026-02-22 04:00:00,1.81721,0.03437,0.22178,0.29162,0.17202,0.039,0.09501,0.12501,0.3939,0.2011,0.41344,0.82313,0.026,1.90821,3.72812,0.01161,0.01064,0.0258,0.01018,0.09132,0.0673,3.47639,0.52534,0.16455,0.37524,0.34904,1.77315,3.5096,0.05463,0.13259,0.28503,1.62341,0.83809,1.13388,0.02167,8.54524,0.15806,1.90821,3.5096,0.83809,1.13388,3.72812,3.89276,3.47639,7.06723,8.54524,0.11835,2.21624
2026-02-22 05:00:00,2.15449,0.03393,0.22178,0.29162,0.16302,0.038,0.09201,0.11001,0.38125,0.2011,0.40626,0.77676,0.02492,1.92821,3.73926,0.01119,0.01063,0.02537,0.00955,0.09535,0.06278,3.49939,0.52364,0.17423,0.39177,0.33804,1.77315,3.48928,0.05248,0.10919,0.28703,1.59554,0.81109,1.10997,0.02094,8.54524,0.15533,1.92821,3.48928,0.81109,1.10997,3.73926,3.90586,3.49939,7.07249,8.54524,0.118,2.21651
2026-02-22 06:00:00,2.50225,0.03351,0.21327,0.27345,0.16402,0.038,0.07801,0.11801,0.373,0.1986,0.40269,0.73074,0.0244,1.93222,3.76718,0.01078,0.01061,0.02533,0.00895,0.25138,0.06278,3.49939,0.56132,0.18391,0.35841,0.32704,1.77315,3.47915,0.05289,0.09321,0.29203,1.56691,0.79809,1.08268,0.02094,8.54524,0.1526,1.93222,3.47915,0.79809,1.08268,3.76718,3.91242,3.49939,7.07741,8.54524,0.11739,2.21687
2026-02-22 07:00:00,2.88311,0.0331,0.2048,0.26437,0.14402,0.037,0.08701,0.11501,0.36294,0.19628,0.40985,0.73133,0.02388,1.95222,3.78396,0.01038,0.01059,0.02491,0.00895,0.25541,0.05988,3.51639,0.58117,0.17429,0.35664,0.31504,1.77315,3.46398,0.05324,0.11169,0.29003,1.55576,0.79309,1.05236,0.02094,8.54524,0.15059,1.95222,3.46398,0.79309,1.05236,3.78396,3.93211,3.51639,7.08187,8.54524,0.11669,2.21739
2026-02-22 08:00:00,3.04855,0.03268,0.19638,0.25528,0.16002,0.037,0.08501,0.10001,0.35504,0.1936,0.40626,0.77802,0.02289,1.96022,3.81762,0.01038,0.01057,0.02448,0.00836,0.10338,0.05988,3.52739,0.48551,0.16501,0.38932,0.30603,1.77315,3.44884,0.05252,0.10984,0.29203,1.54476,0.79809,1.02575,0.02022,8.54524,0.14857,1.96022,3.44884,0.79809,1.02575,3.81762,3.95843,3.52739,7.08597,8.54524,0.11614,2.21815
2026-02-22 09:00:00,2.99903,0.03231,0.2048,0.2452,0.12701,0.036,0.07001,0.11001,0.35097,0.19102,0.41344,0.68597,0.02192,1.96422,3.81762,0.00999,0.01056,0.02406,0.00779,0.10338,0.05706,3.53939,0.50495,0.15607,0.35405,0.29603,1.77315,3.43375,0.05215,0.11231,0.29203,1.53387,0.78909,0.99948,0.01951,8.5325,0.14656,1.96422,3.43375,0.78909,0.99948,3.81762,3.97162,3.53939,7.08996,8.5325,0.11572,2.21943
2026-02-22 10:00:00,2.83718,0.03198,0.2133,0.2442,0.13101,0.036,0.07901,0.10701,0.34294,0.18821,0.41344,0.64004,0.021,1.98822,3.84011,0.00999,0.01054,0.02364,0.00725,0.09935,0.05569,3.5504,0.5436,0.14676,0.33626,0.28903,1.77124,3.41869,0.05357,0.07664,0.29203,1.52313,0.78009,0.97354,0.01951,8.5325,0.14454,1.98822,3.41869,0.78009,0.97354,3.84011,3.98483,3.5504,7.09378,8.5325,0.11548,2.22198
2026-02-22 11:00:00,2.72644,0.03168,0.20489,0.2452,0.13301,0.036,0.07801,0.10301,0.32894,0.18562,0.40626,0.68697,0.02057,1.99222,3.86265,0.00999,0.01052,0.02323,0.00725,0.09935,0.05434,3.5624,0.50516,0.13743,0.3329,0.28203,1.76932,3.40367,0.0525,0.07049,0.29203,1.51233,0.78009,0.9508,0.01951,8.51976,0.14253,1.99222,3.40367,0.78009,0.9508,3.86265,4.00469,3.5624,7.09747,8.51976,0.11514,2.22965
2026-02-22 12:00:00,2.60493,0.0314,0.20489,0.2462,0.12301,0.036,0.06401,0.10201,0.33097,0.18328,0.40626,0.73361,0.01972,1.98022,3.87393,0.00999,0.0105,0.02312,0.00672,-0.0324,0.053,3.5734,0.46628,0.14594,0.31148,0.27503,1.76741,3.39867,0.05148,0.09448,0.29003,1.50134,0.77509,0.92823,0.01882,8.51976,0.14051,1.98022,3.39867,0.77509,0.92823,3.87393,4.02459,3.5734,7.10099,8.51976,0.11457,2.29479
2026-02-22 13:00:00,2.50195,0.03111,0.19641,0.2452,0.11301,0.035,0.07401,0.10001,0.32094,0.18062,0.40269,0.77991,0.01931,2.00022,3.89088,0.00962,0.01048,0.02255,0.00621,-0.05268,0.05169,3.5914,0.48449,0.13622,0.31168,0.27003,1.76549,3.38869,0.05184,0.06434,0.28703,1.47792,0.77509,0.9091,0.01882,8.50704,0.139,2.00022,3.38869,0.77509,0.9091,3.89088,4.04452,3.5914,7.10434,8.50704,0.11391,2.31861
2026-02-22 14:00:00,2.50191,0.03082,0.18799,0.2442,0.12901,0.035,0.07301,0.09801,0.317,0.17746,0.39208,1.05782,0.01891,2.01222,3.9022,0.00962,0.01047,0.02225,0.00621,0.06486,0.05068,3.6144,0.58468,0.12691,0.31256,0.26203,1.76358,3.37374,0.05111,0.07114,0.28703,1.45477,0.76609,0.88704,0.01814,8.50704,0.13748,2.01222,3.37374,0.76609,0.88704,3.9022,4.0645,3.6144,7.10777,8.50704,0.11339,2.33321
2026-02-22 15:00:00,2.50162,0.03054,0.17107,0.2452,0.11701,0.034,0.06001,0.08501,0.30735,0.17203,0.38509,1.51987,0.01851,2.00022,3.92487,0.01078,0.01045,0.02199,0.00573,0.0608,0.04967,3.6194,0.59297,0.12617,0.32899,0.25503,1.76166,3.37374,0.05182,0.09268,0.28703,1.43188,0.77109,0.87144,0.01814,8.49432,0.13597,2.00022,3.37374,0.77109,0.87144,3.92487,4.08454,3.6194,7.1115,8.49432,0.113,2.34781
2026-02-22 16:00:00,2.4497,0.0303,0.15421,0.2462,0.13201,0.034,0.07101,0.09801,0.29983,0.17203,0.37816,1.93746,0.01812,1.98822,3.93622,0.01038,0.01043,0.02158,0.00573,0.10538,0.05068,3.6314,0.50427,0.12767,0.34565,0.25103,1.78313,3.36877,0.05073,0.10498,0.28503,1.40925,0.76609,0.85905,0.01814,8.48162,0.13445,1.98822,3.36877,0.76609,0.85905,3.93622,4.10461,3.6314,7.11539,8.48162,0.11276,2.36241
2026-02-22 17:00:00,2.29508,0.03008,0.15424,0.2462,0.14502,0.021,0.06901,0.09501,0.2949,0.16936,0.37472,2.26403,0.01774,1.99622,3.94759,0.01038,0.01042,0.02118,0.00573,0.0892,0.04868,3.64841,0.457,0.11596,0.32915,0.24503,1.80461,3.35387,0.05179,0.11237,0.28203,1.38672,0.76208,0.84632,0.01814,8.46891,0.13294,1.99622,3.35387,0.76208,0.84632,3.94759,4.13143,3.64841,7.11951,8.46891,0.11243,2.37701
2026-02-22 18:00:00,2.08915,0.02988,0.15421,0.2462,0.14602,0.032,0.06701,0.09401,0.2819,0.17473,0.3713,2.58824,0.01737,2.00422,3.96465,0.01038,0.0104,0.02095,0.00573,0.00409,0.04868,3.66641,0.51298,0.1151,0.32864,0.24003,1.82609,3.34891,0.04899,0.10622,0.28203,1.36418,0.76208,0.83435,0.01747,8.44353,0.13142,2.00422,3.34891,0.76208,0.83435,3.96465,4.1516,3.66641,7.12411,8.44353,0.11188,2.39162
2026-02-22 19:00:00,1.8835,0.02966,0.16268,0.2462,0.15802,0.031,0.06701,0.09301,0.2819,0.18019,0.3645,2.86478,0.01668,2.02023,3.95896,0.01038,0.01038,0.02077,0.00526,0.0203,0.04868,3.68341,0.51837,0.11552,0.34417,0.23503,1.84824,3.34891,0.04967,0.10066,0.28003,1.36405,0.76208,0.82483,0.01682,8.43085,0.13026,2.02023,3.34891,0.76208,0.82483,3.95896,4.16507,3.68341,7.12906,8.43085,0.11124,2.40622
2026-02-22 20:00:00,1.67785,0.02943,0.1626,0.25528,0.17002,0.031,0.06601,0.09101,0.27394,0.18019,0.35776,2.95557,0.01636,2.01622,3.97604,0.00999,0.01036,0.02053,0.00526,0.04867,0.04578,3.69541,0.48131,0.11594,0.30863,0.23003,1.8704,3.33901,0.05172,0.09571,0.27503,1.36401,0.76208,0.81161,0.01682,8.43085,0.1291,2.01622,3.33901,0.76208,0.81161,3.97604,4.19207,3.69541,7.13419,8.43085,0.11073,2.42082
2026-02-22 21:00:00,1.52274,0.02922,0.16265,0.26437,0.14302,0.03,0.05301,0.09001,0.26572,0.18019,0.35776,2.95493,0.01605,2.01622,3.98744,0.00999,0.01035,0.02051,0.00526,0.05271,0.04578,3.70641,0.47805,0.11637,0.26405,0.22703,1.89256,3.32912,0.05243,0.1154,0.28003,1.36406,0.75308,0.7976,0.01682,8.41819,0.12793,2.01622,3.32912,0.75308,0.7976,3.98744,4.2056,3.70641,7.1398,8.41819,0.11035,2.43542
2026-02-22 22:00:00,1.41927,0.02903,0.17952,0.25528,0.15602,0.03,0.06301,0.08801,0.26359,0.18273,0.36789,2.81528,0.01574,2.02023,3.99315,0.00962,0.01033,0.02049,0.00526,0.00809,0.04673,3.71841,0.49794,0.11678,0.24573,0.22102,1.91472,3.32912,0.05208,0.11602,0.27803,1.36419,0.75808,0.78373,0.01618,8.41819,0.12677,2.02023,3.32912,0.75808,0.78373,3.99315,4.21915,3.71841,7.14589,8.41819,0.11012,2.45002
2026-02-22 23:00:00,1.36767,0.02886,0.17949,0.2462,0.15602,0.03,0.06201,0.08701,0.25107,0.18273,0.38162,2.44372,0.01544,2.02023,3.99315,0.00925,0.01031,0.02033,0.00481,0.00403,0.0439,3.73042,0.591,0.11721,0.26348,0.21802,1.93688,3.32912,0.05208,0.12034,0.27503,1.36427,0.75808,0.77273,0.01618,8.38022,0.12561,2.02023,3.32912,0.75808,0.77273,3.99315,4.23271,3.73042,7.15227,8.38022,0.1098,2.46462
2026-02-23 00:00:00,1.36767,0.02869,0.17116,0.25528,0.14502,0.03,0.06101,0.07401,0.25107,0.18787,0.38858,2.02941,0.01514,2.01622,4.01601,0.00889,0.01029,0.02009,0.00481,0.06483,0.04299,3.74142,0.59876,0.11762,0.28016,0.21302,1.95904,3.32419,0.05072,0.11852,0.28003,1.36418,0.75808,0.76181,0.01555,8.36758,0.12445,2.01622,3.32419,0.75808,0.76181,4.01601,4.25309,3.74142,7.15905,8.36758,0.10927,2.47922
2026-02-23 01:00:00,1.36718,0.0285,0.17113,0.26537,0.14802,0.029,0.06001,0.08601,0.24903,0.18787,0.3956,1.66261,0.01485,2.02423,4.01029,0.00854,0.01027,0.02055,0.00439,0.06483,0.04299,3.74742,0.57986,0.12539,0.28056,0.20902,1.98249,3.31926,0.05251,0.1413,0.28003,1.36412,0.75808,0.7483,0.01618,8.36758,0.12354,2.02423,3.31926,0.75808,0.7483,4.01029,4.26672,3.74742,7.16644,8.36758,0.10865,2.46433
2026-02-23 02:00:00,1.52152,0.02829,0.17964,0.25628,0.13902,0.029,0.04601,0.08601,0.24492,0.18787,0.40269,1.29458,0.01485,2.01222,4.02173,0.0082,0.01026,0.02102,0.00439,0.06486,0.0439,3.75342,0.59761,0.13315,0.33219,0.20602,2.00594,3.31433,0.05245,0.12897,0.28503,1.36412,0.76208,0.74026,0.01555,8.34234,0.12263,2.01222,3.31433,0.76208,0.74026,4.02173,4.294,3.75342,7.17442,8.34234,0.10817,2.44945
2026-02-23 03:00:00,1.9342,0.0281,0.18808,0.25628,0.14102,0.029,0.05701,0.08601,0.23687,0.1931,0.41344,0.92557,0.01456,2.03223,4.02745,0.00784,0.01024,0.0208,0.00398,0.06083,0.04119,3.77742,0.59702,0.14093,0.40903,0.20102,2.0294,3.30448,0.05146,0.07479,0.28503,1.36418,0.75308,0.72961,0.01555,8.32972,0.12172,2.03223,3.30448,0.75308,0.72961,4.02745,4.30083,3.77742,7.18278,8.32972,0.1078,2.43456
2026-02-23 04:00:00,2.24368,0.02793,0.18808,0.26536,0.14502,0.029,0.05601,0.08601,0.24087,0.1931,0.41344,0.64856,0.014,2.02423,4.03318,0.00784,0.01022,0.02078,0.00398,0.0568,0.04032,3.78242,0.64968,0.14869,0.44388,0.19802,2.05285,3.3094,0.05319,0.07909,0.28703,1.3643,0.75808,0.72169,0.01494,8.31712,0.12081,2.02423,3.3094,0.75808,0.72169,4.03318,4.31451,3.78242,7.19146,8.31712,0.10758,2.41968
2026-02-23 05:00:00,2.34691,0.02777,0.18802,0.26436,0.13502,0.028,0.05501,0.08601,0.23097,0.19575,0.41344,0.55646,0.014,2.02823,4.0389,0.00749,0.01021,0.02076,0.00398,0.06489,0.04032,3.80042,0.61063,0.15646,0.44293,0.19402,2.07631,3.30448,0.05177,0.06122,0.28703,1.36434,0.75808,0.71382,0.01494,8.31712,0.1199,2.02823,3.30448,0.75808,0.71382,4.0389,4.33507,3.80042,7.20027,8.31712,0.10728,2.40479
2026-02-23 06:00:00,2.4501,0.02762,0.18796,0.24619,0.13902,0.028,0.05401,0.08601,0.23097,0.1931,0.41344,0.55559,0.01354,2.03223,4.04464,0.00715,0.01019,0.02057,0.00359,0.05676,0.04119,3.81843,0.5353,0.16422,0.44406,0.19102,2.09976,3.29957,0.05077,0.08583,0.29203,1.36418,0.75308,0.70599,0.01494,8.29193,0.11899,2.03223,3.29957,0.75308,0.70599,4.04464,4.3488,3.81843,7.20934,8.29193,0.10676,2.3899
2026-02-23 07:00:00,2.62556,0.02745,0.1965,0.22702,0.13101,0.027,0.04,0.08601,0.23097,0.19047,0.40985,0.55418,0.0131,2.02423,4.03318,0.00682,0.01017,0.02034,0.00359,0.0507,0.04032,3.83043,0.52727,0.17302,0.44487,0.18902,2.11967,3.28485,0.05184,0.11046,0.29203,1.36561,0.75808,0.69822,0.01434,8.27935,0.11826,2.02423,3.28485,0.75808,0.69822,4.03318,4.35567,3.83043,7.21881,8.27935,0.10616,2.37502
2026-02-23 08:00:00,2.6565,0.02727,0.18802,0.23711,0.14902,0.027,0.05101,0.08601,0.22534,0.18529,0.40269,0.48508,0.0131,2.03223,4.04464,0.00715,0.01016,0.02018,0.00359,0.05476,0.03611,3.83543,0.48908,0.18181,0.44737,0.18502,2.13959,3.28975,0.05177,0.10001,0.29503,1.3671,0.75808,0.69306,0.01434,8.27935,0.11752,2.03223,3.28975,0.75808,0.69306,4.04464,4.36255,3.83543,7.22854,8.27935,0.10568,2.36013
2026-02-23 09:00:00,2.29572,0.02711,0.1711,0.22802,0.12701,0.027,0.05101,0.07201,0.22534,0.18273,0.3956,0.3704,0.01225,2.02423,4.04464,0.00715,0.01014,0.01981,0.00322,0.05679,0.0386,3.85343,0.46296,0.19062,0.43452,0.18302,2.15951,3.28975,0.05247,0.11169,0.29503,1.36865,0.75308,0.68537,0.01434,8.26678,0.11679,2.02423,3.28975,0.75308,0.68537,4.04464,4.37632,3.85343,7.23829,8.26678,0.10533,2.34525
2026-02-23 10:00:00,1.88374,0.02696,0.17107,0.20886,0.13502,0.027,0.05001,0.08401,0.21808,0.18019,0.3956,0.27923,0.01184,2.02823,4.05037,0.00682,0.01012,0.01944,0.00322,0.10947,0.03611,3.86543,0.45712,0.19941,0.41937,0.18002,2.17943,3.27995,0.05212,0.09939,0.29503,1.37025,0.75308,0.68281,0.01376,8.26678,0.11605,2.02823,3.27995,0.75308,0.68281,4.05037,4.38321,3.86543,7.24806,8.26678,0.10512,2.33036
2026-02-23 11:00:00,1.88362,0.02682,0.1711,0.20986,0.12901,0.027,0.04901,0.08401,0.2163,0.18019,0.38858,0.28068,0.01184,2.02423,4.05037,0.00682,0.01011,0.01908,0.00322,0.18649,0.03611,3.87143,0.46863,0.20821,0.41781,0.17802,2.19935,3.27504,0.05248,0.11293,0.29203,1.37179,0.74908,0.67772,0.01434,8.26678,0.11532,2.02423,3.27504,0.74908,0.67772,4.05037,4.39011,3.87143,7.25822,8.26678,0.10485,2.31547
2026-02-23 12:00:00,1.8991,0.02669,0.16266,0.21894,0.12401,0.015,0.04801,0.08301,0.21808,0.17746,0.38162,0.55879,0.01145,2.02823,4.05037,0.00749,0.01009,0.01874,0.00288,0.12975,0.0386,3.88943,0.53623,0.217,0.43191,0.17502,2.21927,3.27504,0.05113,0.09015,0.29203,1.37315,0.72708,0.67265,0.01376,8.26678,0.11458,2.02823,3.27504,0.72708,0.67265,4.05037,4.38321,3.88943,7.26857,8.26678,0.10439,2.22522
2026-02-23 13:00:00,1.91105,0.02654,0.14573,0.22803,0.14502,0.027,0.04801,0.08201,0.21453,0.17746,0.37472,0.75478,0.01145,2.02023,4.05037,0.00682,0.01007,0.01839,0.00288,0.04664,0.0353,3.89543,0.53711,0.21574,0.42695,0.17402,2.14165,3.27015,0.05077,0.05875,0.29503,1.42301,0.69708,0.67012,0.01376,8.25421,0.11397,2.02023,3.27015,0.69708,0.67012,4.05037,4.40391,3.89543,7.27889,8.25421,0.10387,2.07325
2026-02-23 14:00:00,1.923,0.02638,0.15421,0.21794,0.11701,0.027,0.04701,0.08201,0.20959,0.17473,0.37472,0.95129,0.0107,2.02423,4.05037,0.00749,0.01006,0.01806,0.00288,0.04258,0.0353,3.90644,0.49365,0.21448,0.40097,0.17202,2.06401,3.26527,0.05177,0.09383,0.29203,1.47294,0.67107,0.66508,0.01376,8.25421,0.11336,2.02423,3.26527,0.67107,0.66508,4.05037,4.41082,3.90644,7.28923,8.25421,0.10345,1.99611
2026-02-23 15:00:00,1.93494,0.02622,0.15421,0.21794,0.13702,0.027,0.035,0.08201,0.20959,0.17473,0.3713,1.14512,0.0107,2.02823,4.0389,0.00749,0.01004,0.01802,0.00288,0.04055,0.03372,3.91844,0.49404,0.21272,0.42779,0.16902,1.98639,3.26527,0.05004,0.11293,0.29503,1.52304,0.66707,0.66257,0.01376,8.25421,0.11275,2.02823,3.26527,0.66707,0.66257,4.0389,4.41773,3.91844,7.29962,8.25421,0.10316,1.91896
2026-02-23 16:00:00,1.94689,0.02609,0.15205,0.21488,0.13401,0.027,0.04601,0.08001,0.20674,0.17203,0.3713,1.33845,0.01035,2.02423,4.04464,0.00749,0.01002,0.01766,0.00255,0.05133,0.0345,3.92444,0.5154,0.21096,0.3692,0.16602,1.90876,3.26527,0.0511,0.098,0.28703,1.57325,0.66707,0.65767,0.01318,8.25421,0.11214,2.02423,3.26527,0.66707,0.65767,4.04464,4.43157,3.92444,7.30995,8.25421,0.103,1.84182
2026-02-23 17:00:00,1.95884,0.02596,0.14992,0.21138,0.14202,0.026,0.04601,0.08001,0.20533,0.17203,0.36789,1.53449,0.01,2.02423,4.04464,0.00749,0.01001,0.01732,0.00255,0.06211,0.03219,3.93644,0.53726,0.20921,0.36852,0.16402,1.83113,3.26038,0.05002,0.08306,0.28703,1.62342,0.65807,0.65527,0.01318,8.24166,0.11153,2.02423,3.26038,0.65807,0.65527,4.04464,4.42465,3.93644,7.32022,8.24166,0.10281,1.76468
2026-02-23 18:00:00,1.97079,0.02584,0.14784,0.20816,0.14129,0.02568,0.04603,0.07929,0.20253,0.17473,0.3713,1.73245,0.00965,2.02423,4.0389,0.00784,0.00999,0.01699,0.00255,0.07288,0.03144,3.95444,0.55946,0.20745,0.36783,0.16202,1.75351,3.26038,0.05073,0.06813,0.28703,1.6735,0.65807,0.65287,0.01376,8.25421,0.11092,2.02423,3.26038,0.65807,0.65287,4.0389,4.42465,3.95444,7.3305,8.25421,0.10252,1.81677
2026-02-23 19:00:00,1.98404,0.0257,0.14579,0.20514,0.14055,0.02537,0.04605,0.07855,0.20114,0.17473,0.36789,1.94634,0.00965,2.01222,4.03318,0.00784,0.00997,0.01729,0.00255,0.07253,0.03144,3.96644,0.54864,0.20654,0.36943,0.16102,1.82218,3.25551,0.05033,0.06806,0.28703,1.7356,0.66307,0.65287,0.01318,8.25421,0.1104,2.01222,3.25551,0.66307,0.65287,4.03318,4.4385,3.96644,7.34068,8.25421,0.10221,1.86885
2026-02-23 20:00:00,1.99728,0.02555,0.14374,0.20228,0.13979,0.02506,0.04608,0.07786,0.19835,0.17599,0.3713,2.16032,0.00959,2.01622,4.01687,0.0077,0.00996,0.01727,0.00255,0.07217,0.03127,3.97844,0.53799,0.20563,0.37103,0.15802,1.89084,3.25551,0.04993,0.06781,0.28676,1.79775,0.66274,0.6511,0.01311,8.25463,0.10987,2.01622,3.25551,0.66274,0.6511,4.01687,4.43962,3.97844,7.35073,8.25463,0.10197,1.92094
2026-02-23 21:00:00,2.01053,0.02541,0.14165,0.19956,0.139,0.02473,0.04612,0.07723,0.19596,0.17638,0.37561,2.37568,0.00954,2.01544,3.99996,0.00755,0.00994,0.01694,0.00232,0.07182,0.03111,3.98427,0.52744,0.20472,0.37263,0.15525,1.95952,3.25232,0.04954,0.06745,0.28659,1.79811,0.66241,0.64942,0.01304,8.25548,0.10935,2.01544,3.25232,0.66241,0.64942,3.99996,4.44028,3.98427,7.36072,8.25548,0.10191,1.97302
2026-02-23 22:00:00,2.02377,0.02528,0.13953,0.19668,0.13824,0.02435,0.04618,0.07665,0.19365,0.17757,0.38135,2.59131,0.00949,2.01447,3.9827,0.0074,0.00992,0.01691,0.00217,0.07147,0.03096,3.99085,0.52604,0.20382,0.37423,0.15261,2.02819,3.24791,0.04913,0.06708,0.28614,1.79866,0.66209,0.64711,0.01298,8.25671,0.10882,2.01447,3.24791,0.66209,0.64711,3.9827,4.44039,3.99085,7.37063,8.25671,0.10205,2.02511
2026-02-23 23:00:00,2.03702,0.02516,0.13744,0.19344,0.13751,0.02401,0.04623,0.07607,0.19122,0.17872,0.38794,2.807,0.00943,2.01356,3.96514,0.00726,0.00991,0.01753,0.00206,0.07111,0.03082,3.99783,0.54006,0.20291,0.37583,0.15007,2.09686,3.24222,0.04874,0.06661,0.28583,1.7994,0.66176,0.64338,0.01289,8.25835,0.1083,2.01356,3.24222,0.66176,0.64338,3.96514,4.43973,3.99783,7.38044,8.25835,0.10239,2.07719
2026-02-24 00:00:00,2.03275,0.02504,0.13539,0.19043,0.13682,0.0237,0.04627,0.07548,0.18887,0.18068,0.39573,2.79368,0.00939,2.01298,3.94731,0.00711,0.00989,0.01691,0.00203,0.07076,0.03069,4.00347,0.56477,0.202,0.37743,0.14752,2.16553,3.23582,0.04834,0.06617,0.2861,1.80079,0.66142,0.63819,0.01281,8.26036,0.10777,2.01298,3.23582,0.66142,0.63819,3.94731,4.43793,4.00347,7.39002,8.26036,0.10337,2.12928
2026-02-24 01:00:00,2.03186,0.02491,0.13338,0.1876,0.13612,0.02338,0.04628,0.07488,0.18672,0.18343,0.40359,2.85166,0.00934,2.01246,3.92929,0.00697,0.00987,0.01753,0.00203,0.07042,0.03055,4.00798,0.59689,0.21669,0.39354,0.14507,2.2959,3.22965,0.04794,0.06578,0.28525,1.8069,0.66109,0.63244,0.01273,8.26276,0.10731,2.01246,3.22965,0.66109,0.63244,3.92929,4.43479,4.00798,7.39926,8.26276,0.10468,2.18136
2026-02-24 02:00:00,2.03096,0.02476,0.13136,0.18487,0.13539,0.02308,0.0463,0.07431,0.18475,0.1877,0.41314,2.91086,0.0093,2.01153,3.91109,0.00684,0.00986,0.01751,0.00199,0.07008,0.0304,4.0115,0.63412,0.23139,0.40966,0.1427,2.42625,3.22347,0.04755,0.06539,0.2819,1.8127,0.62741,0.62705,0.01266,8.26544,0.10685,2.01153,3.22347,0.62741,0.62705,3.91109,4.43022,4.0115,7.40812,8.26544,0.10568,2.23345
2026-02-24 03:00:00,2.03007,0.02462,0.13071,0.18226,0.13465,0.02276,0.04635,0.0738,0.18301,0.19318,0.42286,2.97112,0.00926,2.01041,3.89271,0.00669,0.00984,0.0175,0.00176,0.06974,0.03027,4.01403,0.67382,0.24608,0.42577,0.1404,2.55662,3.2169,0.04716,0.065,0.27725,1.81849,0.58262,0.62182,0.0126,8.26834,0.10639,2.01041,3.2169,0.58262,0.62182,3.89271,4.42427,4.01403,7.41658,8.26834,0.10665,2.28553
2026-02-24 04:00:00,2.02917,0.0245,0.13003,0.17951,0.13392,0.0224,0.0464,0.07332,0.18138,0.19965,0.434,3.03211,0.00922,2.00933,3.87417,0.00655,0.00982,0.0175,0.00161,0.0694,0.03014,4.01548,0.7093,0.26077,0.44188,0.13817,2.68698,3.21017,0.04676,0.06459,0.27182,1.82411,0.56747,0.61673,0.01253,8.27133,0.10593,2.00933,3.21017,0.56747,0.61673,3.87417,4.41701,4.01548,7.42461,8.27133,0.10747,2.33762
2026-02-24 05:00:00,2.02828,0.02438,0.12938,0.17649,0.13324,0.02207,0.04646,0.07284,0.17964,0.21619,0.45047,3.09394,0.00918,2.0083,3.85546,0.00641,0.00981,0.01781,0.00151,0.06906,0.03002,4.01576,0.73709,0.27547,0.458,0.13586,2.81735,3.20311,0.04637,0.06418,0.26499,1.83027,0.56221,0.61224,0.01246,8.2743,0.10547,2.0083,3.20311,0.56221,0.61224,3.85546,4.40846,4.01576,7.43218,8.2743,0.10883,2.38971
2026-02-24 06:00:00,2.02738,0.02427,0.12877,0.17363,0.13257,0.02175,0.0465,0.07234,0.17771,0.23018,0.46902,3.15669,0.00916,2.00734,3.83663,0.00627,0.00979,0.01779,0.00148,0.06872,0.02988,4.01482,0.75955,0.29016,0.47411,0.13351,2.94771,3.19638,0.04597,0.0638,0.25937,1.83789,0.56026,0.60829,0.01238,8.27716,0.10501,2.00734,3.19638,0.56026,0.60829,3.83663,4.39869,4.01482,7.43925,8.27716,0.11165,2.44179
2026-02-24 07:00:00,2.02464,0.02413,0.12819,0.17093,0.13191,0.02145,0.04652,0.07184,0.17566,0.24173,0.48698,3.17557,0.00912,2.00646,3.8177,0.00614,0.00978,0.01763,0.00148,0.06839,0.02975,4.01262,0.7783,0.30537,0.49213,0.13124,3.10295,3.19078,0.04566,0.06373,0.25675,1.8434,0.55942,0.60467,0.0123,8.27979,0.1046,2.00646,3.19078,0.55942,0.60467,3.8177,4.38775,4.01262,7.44581,8.27979,0.11516,2.49388
2026-02-24 08:00:00,2.0219,0.02399,0.12761,0.16832,0.13123,0.02115,0.04655,0.07137,0.17368,0.25046,0.50516,3.19732,0.00909,2.00567,3.79872,0.006,0.00976,0.01746,0.00144,0.06806,0.0296,4.00914,0.79451,0.32059,0.51016,0.12981,3.25819,3.18535,0.04535,0.06373,0.25503,1.84812,0.55894,0.60136,0.01224,8.28215,0.10418,2.00567,3.18535,0.55894,0.60136,3.79872,4.37577,4.00914,7.4518,8.28215,0.11788,2.54596
2026-02-24 09:00:00,2.01916,0.02386,0.12699,0.16583,0.13052,0.02083,0.04661,0.07094,0.17189,0.25795,0.52477,3.22261,0.00904,2.00493,3.77969,0.00588,0.00975,0.01731,0.00121,0.06773,0.02946,4.00439,0.80849,0.3358,0.52818,0.12844,3.41342,3.17993,0.04503,0.0637,0.25398,1.85234,0.52524,0.59835,0.01218,8.28415,0.10377,2.00493,3.17993,0.52524,0.59835,3.77969,4.36281,4.00439,7.45725,8.28415,0.1201,2.59805
2026-02-24 10:00:00,2.01642,0.02374,0.12635,0.16325,0.12984,0.02048,0.04666,0.07053,0.17017,0.26441,0.5436,3.2492,0.00898,2.00425,3.76067,0.00575,0.00973,0.01715,0.00106,0.0674,0.02933,3.99839,0.81889,0.35101,0.5462,0.1271,3.56865,3.17503,0.04473,0.06369,0.25306,1.85583,0.48046,0.59562,0.01212,8.28579,0.10336,2.00425,3.17503,0.48046,0.59562,3.76067,4.34896,3.99839,7.46217,8.28579,0.1216,2.65013
2026-02-24 11:00:00,2.01368,0.02363,0.12573,0.16047,0.12918,0.02015,0.04673,0.07013,0.16841,0.2708,0.56102,3.2759,0.00889,2.00359,3.74167,0.00561,0.00971,0.01698,0.00096,0.06707,0.02919,3.99119,0.82525,0.36623,0.56423,0.1257,3.72389,3.17036,0.04442,0.06371,0.25346,1.86004,0.46534,0.59313,0.01205,8.28702,0.10294,2.00359,3.17036,0.46534,0.59313,3.74167,4.3343,3.99119,7.46653,8.28702,0.12381,2.70222
2026-02-24 12:00:00,2.01094,0.02352,0.12516,0.15782,0.12856,0.01985,0.04677,0.06971,0.16652,0.27724,0.57669,3.30328,0.00882,2.00297,3.7227,0.00548,0.0097,0.01683,0.00093,0.06674,0.02907,3.98285,0.82881,0.38144,0.58225,0.12435,3.87913,3.1657,0.0441,0.06372,0.25613,1.8661,0.46011,0.58981,0.01195,8.28784,0.10253,2.00297,3.1657,0.46011,0.58981,3.7227,4.31895,3.98285,7.47033,8.28784,0.12787,3.52123
2026-02-24 13:00:00,2.04987,0.0234,0.12461,0.15526,0.12793,0.01955,0.04678,0.06928,0.16459,0.28635,0.59113,3.29769,0.0088,2.00238,3.70378,0.00536,0.00968,0.01669,0.00094,0.06642,0.02894,3.97341,0.83043,0.40874,0.59424,0.12315,4.14365,3.16102,0.04905,0.07133,0.25992,1.91166,0.45818,0.58426,0.01187,8.28827,0.10248,2.00238,3.16102,0.45818,0.58426,3.70378,4.303,3.97341,7.47355,8.28827,0.13273,4.46078
2026-02-24 14:00:00,2.08881,0.02327,0.12406,0.15277,0.12726,0.01924,0.04683,0.06888,0.16277,0.2996,0.60522,3.29131,0.00878,2.00181,3.68493,0.00523,0.00967,0.01652,0.00092,0.06611,0.0288,3.96296,0.83072,0.43604,0.60623,0.12197,4.40817,3.15634,0.05398,0.08085,0.26288,1.95614,0.45734,0.57725,0.0118,8.28827,0.10244,2.00181,3.15634,0.45734,0.57725,3.68493,4.28652,3.96296,7.4762,8.28827,0.13654,4.46811
2026-02-24 15:00:00,2.12774,0.02314,0.12347,0.15035,0.12659,0.01891,0.04688,0.06851,0.16112,0.31518,0.61948,3.2835,0.00879,2.00128,3.66616,0.00511,0.00965,0.01637,0.00074,0.06579,0.02866,3.95158,0.832,0.46334,0.61822,0.12071,4.67269,3.15167,0.05893,0.09138,0.2681,2.00276,0.45687,0.57014,0.01174,8.28787,0.10239,2.00128,3.15167,0.45687,0.57014,3.66616,4.26959,3.95158,7.47821,8.28787,0.14246,4.47614
2026-02-24 16:00:00,2.16667,0.02303,0.12286,0.14785,0.12593,0.01855,0.04694,0.06816,0.15953,0.33136,0.63503,3.27421,0.00891,2.00075,3.64748,0.00499,0.00963,0.01621,0.00063,0.06547,0.02853,3.93934,0.84276,0.49063,0.6302,0.11937,4.93721,3.147,0.06387,0.10223,0.27534,2.05127,0.45652,0.56335,0.01168,8.28703,0.10234,2.00075,3.147,0.45652,0.56335,3.64748,4.25223,3.93934,7.4796,8.28703,0.15029,4.48497
2026-02-24 17:00:00,2.20561,0.02293,0.12227,0.1452,0.12531,0.01821,0.04703,0.0678,0.15792,0.34913,0.65136,3.264,0.00909,2.00024,3.62889,0.00486,0.00962,0.01607,0.00055,0.06516,0.02841,3.92633,0.86696,0.51793,0.64219,0.11796,5.20173,3.14231,0.06881,0.11333,0.28939,2.10651,0.45621,0.55701,0.0116,8.28574,0.1023,2.00024,3.14231,0.45621,0.55701,3.62889,4.23453,3.92633,7.48035,8.28574,0.16484,4.49472
2026-02-24 18:00:00,2.24454,0.02282,0.12172,0.14266,0.1247,0.0179,0.0471,0.06743,0.15692,0.36603,0.67146,3.25353,0.00922,1.99975,3.61042,0.00474,0.0096,0.01592,0.00055,0.06484,0.02829,3.91264,0.90046,0.54523,0.65418,0.11661,5.46625,3.13758,0.07375,0.12465,0.32338,2.18162,0.45592,0.55114,0.01152,8.28392,0.10225,1.99975,3.13758,0.45592,0.55114,3.61042,4.21653,3.91264,7.48043,8.28392,0.19927,4.50556
2026-02-24 19:00:00,2.40061,0.0227,0.12121,0.1402,0.1241,0.01761,0.04717,0.06706,0.15587,0.39573,0.70166,3.41856,0.00931,1.99927,3.59205,0.00462,0.00958,0.01577,0.00055,0.06453,0.02815,3.89832,0.94042,0.69149,0.73255,0.11541,5.91655,3.13657,0.14212,0.21775,0.36717,2.71989,0.45563,0.54464,0.01145,8.2815,0.10282,1.99927,3.13657,0.45563,0.54464,3.59205,4.19826,3.89832,7.47985,8.2815,0.24346,4.51768
2026-02-24 20:00:00,2.55667,0.02257,0.12072,0.13783,0.12347,0.0173,0.04726,0.06671,0.15491,0.44632,0.74574,3.58453,0.00936,1.99882,3.57379,0.0045,0.00957,0.01563,0.00052,0.06422,0.028,3.88347,0.98483,0.83774,0.81091,0.11432,6.36685,3.13553,0.21049,0.33726,0.40088,3.24803,0.45535,0.53613,0.01139,8.27841,0.1034,1.99882,3.13553,0.45535,0.53613,3.57379,4.17977,3.88347,7.47859,8.27841,0.27754,4.53131
2026-02-24 21:00:00,2.71274,0.02245,0.12023,0.13556,0.12281,0.01699,0.04735,0.06639,0.1541,0.59793,0.80353,3.7525,0.00938,1.99836,3.55565,0.00438,0.00955,0.01548,0.00029,0.06392,0.02786,3.86812,1.0547,0.984,0.88928,0.11329,6.81714,3.13451,0.27887,0.47377,0.44724,3.78882,0.45507,0.52634,0.01133,8.2746,0.10398,1.99836,3.13451,0.45507,0.52634,3.55565,4.16107,3.86812,7.47672,8.2746,0.32425,4.54676
2026-02-24 22:00:00,2.8688,0.02234,0.11974,0.13329,0.12218,0.01666,0.04746,0.06609,0.15336,0.66714,0.8843,3.92642,0.0094,1.99791,3.53765,0.00426,0.00953,0.01534,0.00015,0.06361,0.02773,3.85235,1.19446,1.13025,0.96764,0.1123,7.26743,3.13351,0.34724,0.61814,0.50304,4.33906,0.45478,0.51663,0.01127,8.27007,0.10455,1.99791,3.13351,0.45478,0.51663,3.53765,4.14223,3.85235,7.47433,8.27007,0.3804,4.56442
2026-02-24 23:00:00,3.02487,0.02224,0.11927,0.13102,0.12158,0.01635,0.04754,0.0658,0.15261,0.73633,1.05797,4.11113,0.0094,1.99748,3.51986,0.00414,0.00952,0.01519,0.00005,0.0633,0.02761,3.83621,1.43478,1.27651,1.046,0.11136,7.71773,3.13251,0.41561,0.75944,0.60484,4.93525,0.42116,0.5074,0.0112,8.26482,0.10513,1.99748,3.13251,0.42116,0.5074,3.51986,4.12326,3.83621,7.47145,8.26482,0.48253,4.58479
2026-02-25 00:00:00,3.18093,0.02214,0.11884,0.12875,0.121,0.01605,0.04758,0.0655,0.1518,0.80789,1.2254,4.30903,0.0094,1.99705,3.50226,0.00402,0.0095,0.01506,0.00003,0.06299,0.02748,3.81975,1.71058,1.42276,1.12437,0.11045,8.16803,3.13155,0.48399,0.89161,0.84139,5.66611,0.37643,0.4988,0.01111,8.25887,0.1057,1.99705,3.13155,0.37643,0.4988,3.50226,4.10418,3.81975,7.46808,8.25887,0.71931,4.60856
2026-02-25 01:00:00,3.39076,0.02202,0.11843,0.1265,0.12042,0.01574,0.0476,0.06519,0.15097,0.97038,1.41105,4.69759,0.00942,1.99664,3.48487,0.0039,0.00948,0.01491,0.00003,0.0629,0.02736,3.803,1.98093,1.62692,1.39815,0.10958,9.22763,3.13067,0.59727,1.14062,1.14357,6.88721,0.36133,0.4908,0.01105,8.25219,0.10857,1.99664,3.13067,0.36133,0.4908,3.48487,4.08487,3.803,7.46422,8.25219,1.02172,4.63665
2026-02-25 02:00:00,3.60058,0.0219,0.11801,0.12422,0.11982,0.01545,0.04762,0.0649,0.15023,1.13367,1.61361,5.13596,0.00946,1.99623,3.46764,0.00379,0.00947,0.01477,0.00001,0.06281,0.02723,3.78602,2.31302,1.83108,1.67192,0.10874,10.28723,3.12981,0.71056,1.40732,1.37668,8.0393,0.35611,0.48339,0.01099,8.24477,0.11143,1.99623,3.12981,0.35611,0.48339,3.46764,4.05675,3.78602,7.45986,8.24477,1.25512,4.67036
2026-02-25 03:00:00,3.81041,0.02178,0.11755,0.12193,0.11921,0.01515,0.04748,0.06463,0.14962,1.29775,1.97843,5.6951,0.00959,1.99583,3.45059,0.00368,0.00946,0.01465,0,0.06272,0.02711,3.76883,2.62777,2.03524,1.9457,0.10792,11.34683,3.12898,0.82384,1.68619,1.58971,9.17132,0.35418,0.47654,0.01092,8.23657,0.1143,1.99583,3.12898,0.35418,0.47654,3.45059,4.03305,3.76883,7.45501,8.23657,1.46845,4.71156
2026-02-25 04:00:00,4.02024,0.02168,0.11705,0.11959,0.1186,0.01483,0.04736,0.06437,0.14907,1.46239,2.32563,6.20537,0.0101,1.99544,3.43372,0.00356,0.00944,0.0145,0,0.06263,0.02699,3.75115,2.96199,2.2394,2.21947,0.10713,12.40642,3.12816,0.93713,1.97496,1.76133,10.26193,0.32001,0.47021,0.01087,8.2276,0.11716,1.99544,3.12816,0.32001,0.47021,3.43372,4.01157,3.75115,7.44968,8.2276,1.64038,4.76305
2026-02-25 05:00:00,4.23006,0.02158,0.11657,0.11713,0.11803,0.01453,0.04727,0.0641,0.14852,1.62769,2.67167,6.72738,0.01085,1.99504,3.417,0.00345,0.00943,0.01436,0,0.06254,0.02688,3.73198,3.32991,2.44356,2.49324,0.10634,13.46602,3.12738,1.05042,2.23543,2.0353,11.45484,0.27509,0.46438,0.01079,8.21787,0.12003,1.99504,3.12738,0.27509,0.46438,3.417,3.99123,3.73198,7.44387,8.21787,1.91459,4.82927
2026-02-25 06:00:00,4.43989,0.02148,0.11612,0.11474,0.11747,0.01422,0.04718,0.06383,0.14792,1.79357,3.00537,7.4664,0.01141,1.99465,3.40043,0.00334,0.00941,0.01423,0,0.06245,0.02677,3.71147,3.71599,2.64772,2.76702,0.10558,14.52562,3.12661,1.1637,2.39751,2.59406,12.93252,0.25993,0.459,0.01071,8.20743,0.12289,1.99465,3.12661,0.25993,0.459,3.40043,3.97148,3.71147,7.43759,8.20743,2.47359,4.91755
2026-02-25 07:00:00,4.62079,0.02137,0.11571,0.11242,0.11692,0.01393,0.04711,0.06355,0.14728,1.91301,3.50441,8.18058,0.0118,1.99428,3.38403,0.00323,0.00939,0.01409,0,0.06224,0.02666,3.69086,4.16081,2.72148,2.93227,0.10482,15.29346,3.1259,1.18819,2.45854,3.28362,14.1503,0.25469,0.45405,0.01064,8.19631,0.12758,1.99428,3.1259,0.25469,0.45405,3.38403,3.95209,3.69086,7.43085,8.19631,3.16349,5.04114
2026-02-25 08:00:00,4.80168,0.02125,0.11534,0.11021,0.11633,0.01365,0.04705,0.06328,0.1467,2.0283,3.9329,8.89275,0.01212,1.9939,3.36779,0.00313,0.00938,0.01396,0,0.06202,0.02653,3.6706,4.70753,2.79524,3.09752,0.10408,16.06131,3.1252,1.21268,2.52269,3.81926,15.21419,0.25276,0.4495,0.01057,8.18455,0.13226,1.9939,3.1252,0.25276,0.4495,3.36779,3.93292,3.6706,7.42364,8.18455,3.6995,5.22654
2026-02-25 09:00:00,4.98258,0.02114,0.115,0.10812,0.11574,0.01338,0.04701,0.06304,0.1462,2.14248,4.30466,9.66752,0.01247,1.99353,3.35169,0.00303,0.00936,0.01383,0,0.0618,0.02642,3.65083,5.16126,2.869,3.26278,0.10334,16.82916,3.12452,1.23715,2.58705,4.20612,16.10792,0.25193,0.44425,0.01052,8.17222,0.13695,1.99353,3.12452,0.25193,0.44425,3.35169,3.91392,3.65083,7.41589,8.17222,4.06536,5.53552
2026-02-25 10:00:00,5.16348,0.02103,0.11469,0.10612,0.11516,0.01312,0.04699,0.0628,0.14573,2.2536,4.67097,10.54114,0.01331,1.99316,3.33576,0.00291,0.00934,0.01369,0,0.06159,0.02631,3.63152,5.58401,2.94276,3.42803,0.10261,17.597,3.12385,1.26164,2.65146,4.42098,16.79158,0.25147,0.43691,0.01046,8.15884,0.14164,1.99316,3.12385,0.25147,0.43691,3.33576,3.89504,3.63152,7.40763,8.15884,4.22114,6.1535
2026-02-25 11:00:00,5.34437,0.02094,0.11441,0.10426,0.1146,0.01286,0.04698,0.06258,0.14522,2.36566,5.03561,11.31687,0.0145,1.9928,3.31999,0.00281,0.00933,0.01355,0,0.06137,0.02621,3.61261,5.99221,3.01652,3.59328,0.1019,18.36483,3.12319,1.28612,2.7158,4.65189,17.47279,0.26089,0.42822,0.0104,8.14459,0.14632,1.9928,3.12319,0.26089,0.42822,3.31999,3.87628,3.61261,7.39886,8.14459,4.37447,8.00743
2026-02-25 12:00:00,5.52527,0.02084,0.11417,0.10233,0.11407,0.01258,0.04701,0.06236,0.14464,2.47841,5.40004,12.06029,0.01538,1.99246,3.30438,0.00271,0.00931,0.01342,0,0.06116,0.02611,3.59405,6.55406,3.09028,3.75853,0.10119,19.13268,3.12254,1.31061,2.77989,4.83068,18.10186,0.28337,0.41953,0.01034,8.13,0.15101,1.99246,3.12254,0.28337,0.41953,3.30438,3.85765,3.59405,7.38961,8.13,4.47566,7.33824
2026-02-25 13:00:00,5.60938,0.02074,0.11397,0.10039,0.11353,0.01228,0.04707,0.06214,0.14402,2.50538,5.47125,12.70935,0.01592,1.99211,3.28893,0.0026,0.00929,0.0133,0,0.06073,0.02599,3.57578,6.83092,3.04342,3.74687,0.10051,19.54549,3.12185,1.28496,2.65354,4.93741,17.98001,0.31021,0.41128,0.01027,8.1151,0.15378,1.99211,3.12185,0.31021,0.41128,3.28893,3.83914,3.57578,7.37993,8.1151,4.52513,6.48818
2026-02-25 14:00:00,5.69348,0.02062,0.11384,0.09855,0.11297,0.01198,0.04714,0.06193,0.14344,2.52707,5.39966,13.31245,0.01617,1.99179,3.27364,0.0025,0.00928,0.01317,0,0.0603,0.02589,3.55774,7.09419,2.99655,3.7352,0.09983,19.95831,3.12118,1.2593,2.52372,5.02539,17.85857,0.3385,0.40249,0.01021,8.09988,0.15656,1.99179,3.12118,0.3385,0.40249,3.27364,3.82076,3.55774,7.36984,8.09988,4.57502,6.74134
2026-02-25 15:00:00,5.77759,0.02051,0.11379,0.09684,0.1124,0.01163,0.04719,0.06174,0.14291,2.54688,5.32388,13.62233,0.01604,1.99146,3.25854,0.00241,0.00927,0.01305,0,0.05987,0.02579,3.53991,7.3569,2.94969,3.72354,0.09916,20.37112,3.12051,1.23366,2.39343,5.03129,17.66457,0.36727,0.39182,0.01015,8.08426,0.15933,1.99146,3.12051,0.36727,0.39182,3.25854,3.80249,3.53991,7.35937,8.08426,4.55232,6.99451
2026-02-25 16:00:00,5.8617,0.02042,0.11381,0.09542,0.11183,0.01124,0.04721,0.06156,0.1424,2.55704,5.24881,13.7894,0.01489,1.99115,3.24359,0.0023,0.00925,0.01292,0,0.05943,0.0257,3.52227,7.61957,2.90282,3.71188,0.09851,20.78392,3.11985,1.20801,2.26299,4.97908,17.42345,0.3962,0.38,0.0101,8.06824,0.1621,1.99115,3.11985,0.3962,0.38,3.24359,3.78437,3.52227,7.34855,8.06824,4.48252,7.24767
2026-02-25 17:00:00,5.9458,0.02033,0.11384,0.09454,0.11131,0.01088,0.04716,0.06139,0.14184,2.58093,5.15497,13.95228,0.01306,1.99085,3.22881,0.0022,0.00923,0.01279,0,0.059,0.02559,3.5048,7.97104,2.85596,3.70021,0.09787,21.19674,3.11922,1.18235,2.13246,4.83263,17.10328,0.40988,0.36839,0.01003,8.05175,0.16488,1.99085,3.11922,0.40988,0.36839,3.22881,3.76638,3.5048,7.3374,8.05175,4.33368,7.50084
2026-02-25 18:00:00,6.02991,0.02024,0.11387,0.09338,0.11079,0.01086,0.04697,0.06122,0.1412,2.58376,5.08406,14.11588,0.01167,1.99055,3.21421,0.0021,0.00922,0.01267,0,0.05857,0.02548,3.48748,8.28145,2.80909,3.68855,0.09731,21.60955,3.11858,1.1567,2.00194,4.45274,16.56066,0.40315,0.35739,0.00995,8.0348,0.16765,1.99055,3.11858,0.40315,0.35739,3.21421,3.74854,3.48748,7.32594,8.0348,3.96238,7.754
2026-02-25 19:00:00,5.99349,0.02014,0.11383,0.09187,0.11028,0.01085,0.04667,0.06105,0.14051,2.50741,4.98916,13.76574,0.01076,1.99026,3.19977,0.002,0.00921,0.01255,0,0.05826,0.02537,3.47031,8.12154,2.7231,3.60831,0.09684,21.46577,3.11791,1.12054,1.94396,3.95603,15.68756,0.38963,0.34713,0.00988,8.01736,0.16569,1.99026,3.11791,0.38963,0.34713,3.19977,3.73083,3.47031,7.31418,8.01736,3.47992,8.00716
2026-02-25 20:00:00,5.95706,0.02003,0.11362,0.08981,0.10974,0.01083,0.04637,0.06088,0.13991,2.45231,4.80608,13.43853,0.01016,1.98997,3.18551,0.0019,0.00919,0.01243,0,0.05796,0.02525,3.45329,7.95684,2.6371,3.52807,0.09647,21.32199,3.11726,1.08438,1.88372,3.56769,14.92574,0.37385,0.33757,0.00981,7.99941,0.16373,1.98997,3.11726,0.37385,0.33757,3.18551,3.71327,3.45329,7.30216,7.99941,3.10876,8.26032
2026-02-25 21:00:00,5.92064,0.01993,0.11316,0.0872,0.1092,0.01081,0.0461,0.0607,0.13942,2.37123,4.65343,13.08767,0.00977,1.98969,3.17142,0.0018,0.00918,0.01231,0,0.05765,0.02512,3.43641,7.77786,2.55111,3.44783,0.09616,21.17821,3.11665,1.04823,1.8225,3.27866,14.2647,0.35732,0.32903,0.00976,7.9809,0.16177,1.98969,3.11665,0.35732,0.32903,3.17142,3.69586,3.43641,7.28986,7.9809,2.83836,8.51349
2026-02-25 22:00:00,5.88422,0.01984,0.11249,0.08415,0.10867,0.01076,0.04585,0.0605,0.139,2.31816,4.47506,12.6591,0.00944,1.98944,3.15752,0.00171,0.00916,0.01218,0,0.05734,0.025,3.41968,7.59887,2.46512,3.36759,0.09592,21.03443,3.1161,1.01206,1.76007,3.12694,13.74144,0.34053,0.32215,0.0097,7.96183,0.15982,1.98944,3.1161,0.34053,0.32215,3.15752,3.67861,3.41968,7.27732,7.96183,2.70577,8.76665
2026-02-25 23:00:00,5.84779,0.01976,0.11175,0.08029,0.10817,0.01073,0.04563,0.06027,0.13859,2.26862,4.35165,12.25578,0.00916,1.98919,3.14379,0.00161,0.00914,0.01206,0,0.05704,0.02489,3.4031,7.48065,2.37912,3.28735,0.09574,20.89064,3.11558,0.97591,1.69734,2.95273,13.19695,0.32739,0.31742,0.00962,7.94221,0.15786,1.98919,3.11558,0.32739,0.31742,3.14379,3.66151,3.4031,7.26454,7.94221,2.55192,9.01981
2026-02-26 00:00:00,5.81137,0.01967,0.111,0.07683,0.10768,0.01072,0.04541,0.06001,0.13815,2.2457,4.21115,11.83379,0.00897,1.98897,3.13024,0.00151,0.00913,0.01195,0,0.05673,0.02478,3.38666,7.23796,2.29313,3.20711,0.09568,20.74686,3.11513,0.93974,1.62918,2.7506,12.62571,0.31919,0.31487,0.00955,7.92205,0.1559,1.98897,3.11513,0.31919,0.31487,3.13024,3.64457,3.38666,7.25155,7.92205,2.37134,9.27298
2026-02-26 01:00:00,5.76595,0.01958,0.11028,0.07372,0.10719,0.01071,0.0452,0.05971,0.13766,2.2038,4.10636,11.43183,0.00886,1.98875,3.11689,0.00142,0.00911,0.01183,0,0.05643,0.02465,3.37037,6.89262,2.22511,3.1204,0.09576,20.46552,3.1147,0.90117,1.60503,2.5535,12.04853,0.31264,0.31443,0.00947,7.90143,0.153,1.98875,3.1147,0.31264,0.31443,3.11689,3.62778,3.37037,7.23836,7.90143,2.19596,9.52614
2026-02-26 02:00:00,5.72052,0.01947,0.10957,0.07095,0.10668,0.0107,0.04503,0.05942,0.13718,2.16146,4.00941,11.02631,0.0088,1.98855,3.10371,0.00134,0.0091,0.01172,0,0.05613,0.02451,3.35423,6.51221,2.15709,3.03368,0.09596,20.18418,3.11436,0.86259,1.54256,2.38799,11.50326,0.30664,0.31599,0.00941,7.88039,0.1501,1.98855,3.11436,0.30664,0.31599,3.10371,3.61116,3.35423,7.22498,7.88039,2.05249,9.24916
2026-02-26 03:00:00,5.6751,0.01937,0.10883,0.06847,0.10615,0.01069,0.04488,0.05915,0.13672,2.11814,3.89799,10.6417,0.00875,1.98838,3.09073,0.00124,0.00909,0.0116,0,0.05584,0.02439,3.33825,6.1303,2.08907,2.94697,0.09625,19.90284,3.11409,0.82401,1.4776,2.27991,11.0107,0.30082,0.31892,0.00936,7.85905,0.14721,1.98838,3.11409,0.30082,0.31892,3.09073,3.59471,3.33825,7.21142,7.85905,1.96172,8.97218
2026-02-26 04:00:00,5.62968,0.01929,0.10809,0.06592,0.10564,0.01066,0.04475,0.0589,0.13623,2.0742,3.78905,10.2709,0.00873,1.98822,3.07794,0.00115,0.00907,0.01149,0,0.05554,0.02427,3.32242,5.86097,2.02104,2.86026,0.09665,19.62148,3.1139,0.78544,1.45874,2.21342,10.56316,0.29506,0.32198,0.00929,7.83749,0.14431,1.98822,3.1139,0.29506,0.32198,3.07794,3.57843,3.32242,7.19771,7.83749,1.91598,8.6952
2026-02-26 05:00:00,5.58425,0.0192,0.10738,0.06319,0.10516,0.01064,0.04464,0.05865,0.1357,2.02912,3.67925,9.89323,0.00872,1.9881,3.06535,0.00107,0.00905,0.01138,0,0.05524,0.02415,3.30675,5.59376,1.95302,2.77354,0.09725,19.34014,3.11379,0.74686,1.40498,2.13631,10.10876,0.29022,0.3243,0.00922,7.81586,0.14141,1.9881,3.11379,0.29022,0.3243,3.06535,3.5623,3.30675,7.18385,7.81586,1.86338,8.41822
2026-02-26 06:00:00,5.53883,0.01912,0.10674,0.06056,0.10468,0.01063,0.04451,0.0584,0.13511,1.98323,3.56813,9.51256,0.00871,1.98799,3.05296,0.00097,0.00904,0.01126,0,0.05494,0.02403,3.29124,5.3001,1.885,2.68683,0.09857,19.0588,3.11379,0.70828,1.33636,2.03362,9.63395,0.28658,0.32561,0.00914,7.79431,0.13851,1.98799,3.11379,0.28658,0.32561,3.05296,3.54636,3.29124,7.16985,7.79431,1.79037,8.14124
2026-02-26 07:00:00,5.45952,0.01902,0.10614,0.05801,0.10421,0.01063,0.04437,0.05815,0.13449,1.94452,3.48232,9.21646,0.0087,1.9879,3.04077,0.00089,0.00902,0.01115,0,0.05466,0.0239,3.27588,5.00747,1.83614,2.60866,0.10093,18.16597,3.11389,0.67893,1.2788,1.91997,9.26737,0.28334,0.3259,0.00907,7.77295,0.13589,1.9879,3.11389,0.28334,0.3259,3.04077,3.53059,3.27588,7.15575,7.77295,1.71249,7.86426
2026-02-26 08:00:00,5.38022,0.01892,0.10555,0.05548,0.10371,0.01062,0.04425,0.05792,0.13391,1.88106,3.39642,8.91935,0.0087,1.98784,3.0288,0.00081,0.00901,0.01103,0,0.05437,0.02377,3.2607,4.71519,1.78728,2.53049,0.10418,17.27314,3.11427,0.64957,1.22253,1.8277,8.91629,0.28022,0.32521,0.00901,7.75192,0.13326,1.98784,3.11427,0.28022,0.32521,3.0288,3.515,3.2607,7.14153,7.75192,1.65012,7.58728
2026-02-26 09:00:00,5.30091,0.01882,0.10492,0.05298,0.1032,0.01061,0.04414,0.0577,0.13337,1.81301,3.29992,8.6341,0.0087,1.98777,3.01702,0.00072,0.009,0.01092,0,0.05409,0.02364,3.24569,4.42302,1.73842,2.45233,0.10817,16.38031,3.11506,0.62023,1.16816,1.76506,8.58388,0.27716,0.32368,0.00895,7.73127,0.13064,1.98777,3.11506,0.27716,0.32368,3.01702,3.49958,3.24569,7.12725,7.73127,1.60639,7.3103
2026-02-26 10:00:00,5.2216,0.01874,0.10428,0.0504,0.1027,0.01058,0.04405,0.05749,0.13285,1.73138,3.18696,8.36014,0.0087,1.98769,3.00545,0.00063,0.00898,0.01082,0,0.0538,0.02352,3.23085,4.1504,1.68955,2.37416,0.11278,15.48748,3.11629,0.59088,1.11301,1.72625,8.26999,0.27411,0.32168,0.00889,7.71108,0.12802,1.98769,3.11629,0.27411,0.32168,3.00545,3.48434,3.23085,7.11288,7.71108,1.5812,7.03333
2026-02-26 11:00:00,5.1423,0.01866,0.10366,0.04767,0.10223,0.01056,0.04395,0.05729,0.13231,1.65485,3.06573,8.08148,0.00869,1.98756,2.99409,0.00055,0.00896,0.0107,0,0.05352,0.02339,3.21618,3.94125,1.64069,2.29599,0.11779,14.59464,3.11803,0.56152,1.0574,1.68357,7.94844,0.27148,0.31942,0.00881,7.6913,0.12539,1.98756,3.11803,0.27148,0.31942,2.99409,3.46929,3.21618,7.09845,7.6913,1.54836,6.75635
2026-02-26 12:00:00,5.06299,0.01857,0.10309,0.04505,0.10178,0.01055,0.04384,0.05708,0.13174,1.58326,2.9409,7.79083,0.00869,1.9874,2.98293,0.00046,0.00895,0.01059,0,0.05323,0.02328,3.20168,3.78114,1.59183,2.21782,0.1222,13.70181,3.12026,0.53217,1.00224,1.62276,7.60607,0.26939,0.31702,0.00874,7.67192,0.12277,1.9874,3.12026,0.26939,0.31702,2.98293,3.45443,3.20168,7.08403,7.67192,1.49469,6.68054
2026-02-26 13:00:00,4.9568,0.01848,0.10256,0.04254,0.10132,0.01054,0.04371,0.05687,0.13115,1.51528,2.83519,7.54303,0.00868,1.9872,2.97197,0.00038,0.00894,0.01049,0,0.05297,0.02315,3.18737,3.60173,1.55497,2.15069,0.12526,13.28479,3.12289,0.51155,0.95779,1.55608,7.36231,0.26748,0.31449,0.00867,7.65289,0.12071,1.9872,3.12289,0.26748,0.31449,2.97197,3.43975,3.18737,7.06961,7.65289,1.4332,5.83729
2026-02-26 14:00:00,4.8506,0.01839,0.10204,0.04012,0.10085,0.01054,0.0436,0.05667,0.13058,1.44452,2.73326,7.28942,0.00868,1.98695,2.9612,0.00029,0.00892,0.01039,0,0.05272,0.02302,3.17323,3.41192,1.51811,2.08356,0.12719,12.86778,3.12568,0.49092,0.91626,1.50386,7.13154,0.26562,0.31184,0.0086,7.63416,0.11865,1.98695,3.12568,0.26562,0.31184,2.9612,3.42526,3.17323,7.05523,7.63416,1.38471,5.45476
2026-02-26 15:00:00,4.74441,0.01829,0.10152,0.03782,0.10036,0.01052,0.0435,0.05648,0.13005,1.37895,2.64101,7.03922,0.00869,1.98668,2.95063,0.00022,0.00891,0.01027,0,0.05246,0.02288,3.15927,3.22783,1.48125,2.01644,0.12817,12.45076,3.12842,0.47031,0.87608,1.46612,6.91426,0.26379,0.30913,0.00854,7.61569,0.11659,1.98668,3.12842,0.26379,0.30913,2.95063,3.41096,3.15927,7.04092,7.61569,1.34968,5.32725
2026-02-26 16:00:00,4.63822,0.01821,0.10099,0.03767,0.09989,0.01048,0.04341,0.05629,0.12956,1.30726,2.56582,6.80218,0.00869,1.98637,2.94023,0.00014,0.00889,0.01018,0,0.0522,0.02276,3.1455,3.07821,1.44439,1.94931,0.1283,12.03374,3.13093,0.44968,0.83628,1.44435,6.7122,0.26196,0.30641,0.00848,7.59742,0.11452,1.98637,3.13093,0.26196,0.30641,2.94023,3.39686,3.1455,7.0267,7.59742,1.3299,5.26349
2026-02-26 17:00:00,4.53202,0.01813,0.10049,0.03747,0.09945,0.01046,0.04332,0.05611,0.12906,1.25456,2.4738,6.56991,0.00868,1.98603,2.93002,0.00005,0.00887,0.01008,0,0.05195,0.02264,3.13191,2.96722,1.40753,1.88218,0.12753,11.61673,3.1331,0.42906,0.79656,1.41726,6.50433,0.26034,0.30376,0.00841,7.57935,0.11246,1.98603,3.1331,0.26034,0.30376,2.93002,3.38295,3.13191,7.01258,7.57935,1.3043,5.22524
2026-02-26 18:00:00,4.42583,0.01806,0.10002,0.03731,0.09901,0.01045,0.04321,0.05591,0.12853,1.18553,2.38665,6.34796,0.00868,1.98569,2.91999,0,0.00886,0.00997,0,0.05169,0.02252,3.11851,2.87702,1.37067,1.81505,0.12589,11.1997,3.13484,0.40844,0.75741,1.37592,6.28187,0.25899,0.30116,0.00834,7.56144,0.1104,1.98569,3.13484,0.25899,0.30116,2.91999,3.36923,3.11851,6.99855,7.56144,1.26412,5.19974
2026-02-26 19:00:00,4.38358,0.01797,0.09959,0.03718,0.09858,0.01045,0.04309,0.05571,0.128,1.14574,2.30968,6.20254,0.00867,1.98531,2.91015,0,0.00884,0.00988,0,0.05146,0.02238,3.1053,2.79803,1.34727,1.78319,0.12356,11.04695,3.1361,0.39622,0.73624,1.32973,6.1639,0.25772,0.29864,0.00826,7.54368,0.10898,1.98531,3.1361,0.25772,0.29864,2.91015,3.3557,3.1053,6.98459,7.54368,1.21883,5.18152
2026-02-26 20:00:00,4.34133,0.01787,0.09916,0.03707,0.09812,0.01044,0.04298,0.05553,0.1275,1.12223,2.22952,6.04493,0.00867,1.98493,2.90047,0,0.00883,0.00978,0,0.05122,0.02223,3.09229,2.72506,1.32386,1.75134,0.12065,10.89419,3.13682,0.384,0.71832,1.29316,6.05538,0.25649,0.29617,0.0082,7.52605,0.10755,1.98493,3.13682,0.25649,0.29617,2.90047,3.34238,3.09229,6.97071,7.52605,1.18299,5.16786
2026-02-26 21:00:00,4.29908,0.01778,0.09872,0.03696,0.09765,0.01043,0.04288,0.05535,0.12704,1.08385,2.16468,5.89243,0.00868,1.98453,2.89097,0,0.00882,0.00967,0,0.05099,0.02209,3.07946,2.66318,1.30046,1.71948,0.11724,10.74144,3.13697,0.37179,0.702,1.26752,5.95766,0.25525,0.2938,0.00813,7.50854,0.10612,1.98453,3.13697,0.25525,0.2938,2.89097,3.32924,3.07946,6.95686,7.50854,1.15794,5.15723
2026-02-26 22:00:00,4.25682,0.0177,0.09827,0.03683,0.09718,0.0104,0.04279,0.05518,0.12661,1.06063,2.10979,5.74801,0.00867,1.98412,2.88166,0,0.0088,0.00957,0,0.05075,0.02196,3.06683,2.62005,1.27705,1.68762,0.11343,10.58868,3.13656,0.35957,0.68647,1.2538,5.87174,0.25403,0.29152,0.00808,7.49111,0.1047,1.98412,3.13656,0.25403,0.29152,2.88166,3.3163,3.06683,6.94303,7.49111,1.1447,5.14873
2026-02-26 23:00:00,4.21457,0.01763,0.09784,0.03664,0.09675,0.01038,0.0427,0.055,0.12618,1.0375,2.06214,5.602,0.00867,1.98372,2.8725,0,0.00878,0.00948,0,0.05052,0.02184,3.05439,2.59196,1.25365,1.65577,0.10941,10.43592,3.13561,0.34735,0.67104,1.23714,5.78285,0.25293,0.28935,0.00801,7.47377,0.10327,1.98372,3.13561,0.25293,0.28935,2.8725,3.30354,3.05439,6.9292,7.47377,1.12849,5.14178
2026-02-27 00:00:00,4.17232,0.01756,0.09744,0.03648,0.09634,0.01037,0.0426,0.05482,0.12573,1.0278,2.02855,5.47,0.00868,1.9833,2.86352,0,0.00877,0.00937,0,0.05028,0.0217,3.04214,2.57196,1.23024,1.62391,0.10553,10.28316,3.13416,0.33513,0.65579,1.2135,5.68698,0.25199,0.28732,0.00793,7.45651,0.10185,1.9833,3.13416,0.25199,0.28732,2.86352,3.29097,3.04214,6.91534,7.45651,1.1053,5.13598
2026-02-27 01:00:00,4.21355,0.01747,0.09706,0.03636,0.09591,0.01036,0.04248,0.05464,0.12527,1.03486,1.99497,5.4185,0.00868,1.9829,2.85471,0,0.00875,0.00929,0,0.05005,0.02157,3.03009,2.55633,1.21786,1.59014,0.10198,10.22508,3.1323,0.33574,0.65322,1.18798,5.65588,0.2511,0.28539,0.00786,7.43928,0.10084,1.9829,3.1323,0.2511,0.28539,2.85471,3.27859,3.03009,6.90144,7.43928,1.08019,5.13108
2026-02-27 02:00:00,4.25477,0.01738,0.09669,0.03627,0.09548,0.01036,0.04237,0.05446,0.12484,1.04152,1.97769,5.37403,0.00867,1.98249,2.84608,0,0.00874,0.00918,0,0.04982,0.02144,3.01824,2.54304,1.20548,1.55636,0.0987,10.167,3.13013,0.33635,0.65532,1.16755,5.62984,0.25023,0.28356,0.00779,7.4221,0.09984,1.98249,3.13013,0.25023,0.28356,2.84608,3.2664,3.01824,6.88746,7.4221,1.06015,5.12687
2026-02-27 03:00:00,4.296,0.0173,0.09629,0.03621,0.09502,0.01034,0.04228,0.05429,0.12444,1.04781,1.96857,5.34297,0.00868,1.98208,2.83761,0,0.00873,0.00909,0,0.04959,0.02131,3.00658,2.53427,1.19311,1.52259,0.09566,10.10892,3.12774,0.33695,0.65972,1.15393,5.6106,0.24936,0.28186,0.00773,7.40493,0.09883,1.98208,3.12774,0.24936,0.28186,2.83761,3.25439,3.00658,6.8734,7.40493,1.04689,5.12323
2026-02-27 04:00:00,4.33722,0.01722,0.09588,0.03612,0.09459,0.01031,0.04219,0.05412,0.12406,1.05361,1.96927,5.31186,0.00868,1.98168,2.82931,0,0.00871,0.009,0,0.04937,0.02117,2.9951,2.53289,1.18073,1.48882,0.09281,10.05084,3.12521,0.33756,0.66532,1.14724,5.59826,0.2485,0.28025,0.00768,7.38777,0.09782,1.98168,3.12521,0.2485,0.28025,2.82931,3.24256,2.9951,6.85926,7.38777,1.04054,5.12004
2026-02-27 05:00:00,4.37845,0.01715,0.09549,0.036,0.09418,0.01029,0.04211,0.05395,0.12367,1.05904,1.97222,5.29673,0.00868,1.98127,2.82118,0,0.0087,0.00889,0,0.04914,0.02106,2.98382,2.53722,1.16835,1.45504,0.09018,9.99276,3.12262,0.33816,0.6715,1.13985,5.58521,0.24771,0.27877,0.0076,7.3706,0.09682,1.98127,3.12262,0.24771,0.27877,2.82118,3.23091,2.98382,6.84502,7.3706,1.03349,5.11723
2026-02-27 06:00:00,4.41967,0.01708,0.09512,0.03591,0.09378,0.01029,0.04201,0.05378,0.12325,1.06401,1.97555,5.28976,0.00868,1.98088,2.81321,0,0.00868,0.00883,0,0.04891,0.02094,2.97273,2.54461,1.15597,1.42127,0.08779,9.93467,3.11999,0.33877,0.67803,1.13117,5.57089,0.24703,0.27742,0.00752,7.35343,0.09581,1.98088,3.11999,0.24703,0.27742,2.81321,3.21945,2.97273,6.83069,7.35343,1.02516,5.11473
2026-02-27 07:00:00,4.42322,0.017,0.09478,0.03583,0.09339,0.01028,0.0419,0.05361,0.12282,1.07474,1.98214,5.28645,0.00867,1.98049,2.8054,0,0.00867,0.00882,0,0.04869,0.02081,2.96183,2.55366,1.14479,1.40428,0.08569,9.86981,3.1174,0.33822,0.68053,1.12271,5.55512,0.24638,0.27615,0.00745,7.33622,0.09507,1.98049,3.1174,0.24638,0.27615,2.8054,3.20817,2.96183,6.81627,7.33622,1.01704,5.11249
2026-02-27 08:00:00,4.42678,0.01692,0.09443,0.03577,0.09297,0.01027,0.04179,0.05343,0.12243,1.07333,1.99113,5.2854,0.00867,1.98009,2.79776,0,0.00865,0.0088,0,0.04847,0.02067,2.95111,2.56359,1.13361,1.3873,0.08381,9.80496,3.11487,0.33766,0.68264,1.11572,5.54084,0.24573,0.27499,0.00739,7.319,0.09433,1.98009,3.11487,0.24573,0.27499,2.79776,3.19707,2.95111,6.80178,7.319,1.0104,5.11048
2026-02-27 09:00:00,4.43033,0.01684,0.09407,0.03572,0.09254,0.01026,0.0417,0.05327,0.12206,1.06948,2.00155,5.28472,0.00868,1.97972,2.79027,0,0.00864,0.00878,0,0.04825,0.02054,2.94058,2.57081,1.12243,1.37032,0.08214,9.7401,3.11241,0.33711,0.68463,1.11068,5.52848,0.24509,0.27394,0.00733,7.30176,0.0936,1.97972,3.11241,0.24509,0.27394,2.79027,3.18614,2.94058,6.78721,7.30176,1.00569,5.10866
2026-02-27 10:00:00,4.43388,0.01676,0.0937,0.03567,0.09212,0.01023,0.04162,0.0531,0.12169,1.05867,2.00841,5.2873,0.00867,1.97934,2.78294,0,0.00863,0.00877,0,0.04803,0.02042,2.93023,2.57133,1.11124,1.35333,0.08063,9.67524,3.11007,0.33656,0.68653,1.10725,5.51773,0.24445,0.27299,0.00727,7.2845,0.09286,1.97934,3.11007,0.24445,0.27299,2.78294,3.17539,2.93023,6.7726,7.2845,1.00259,5.107
2026-02-27 11:00:00,4.43744,0.01669,0.09333,0.03558,0.09173,0.01021,0.04153,0.05294,0.12132,1.05043,2.01072,5.29229,0.00866,1.97897,2.77576,0,0.00861,0.00875,0,0.04781,0.0203,2.92007,2.56621,1.10006,1.33635,0.07926,9.61039,3.10786,0.336,0.68834,1.10251,5.50567,0.24386,0.27214,0.0072,7.26724,0.09212,1.97897,3.10786,0.24386,0.27214,2.77576,3.16482,2.92007,6.75795,7.26724,0.99817,5.10549
2026-02-27 12:00:00,4.44099,0.01662,0.093,0.03552,0.09134,0.0102,0.04143,0.05277,0.12092,1.04456,2.00917,5.2987,0.00866,1.9786,2.76874,0,0.0086,0.00874,0,0.04759,0.02018,2.91009,2.55807,1.08888,1.31936,0.07802,9.54553,3.10577,0.33545,0.69022,1.09388,5.48971,0.24333,0.27139,0.00711,7.24996,0.09138,1.9786,3.10577,0.24333,0.27139,2.76874,3.15441,2.91009,6.74327,7.24996,0.98986,4.92011
2026-02-27 13:00:00,4.41007,0.01654,0.09268,0.03546,0.09096,0.0102,0.04132,0.05259,0.12052,1.03207,2.00132,5.27879,0.00867,1.97823,2.76186,0,0.00859,0.00873,0,0.04738,0.02005,2.90029,2.54829,1.07663,1.30282,0.07689,9.4405,3.10383,0.33237,0.68114,1.08358,5.44576,0.24283,0.27074,0.00705,7.23271,0.09081,1.97823,3.10383,0.24283,0.27074,2.76186,3.14418,2.90029,6.72859,7.23271,0.97985,4.36823
2026-02-27 14:00:00,4.37916,0.01646,0.09237,0.03541,0.09056,0.01019,0.04122,0.05242,0.12013,1.01744,1.98803,5.25429,0.00867,1.97788,2.75514,0,0.00857,0.00872,0,0.04716,0.01992,2.89067,2.53763,1.06438,1.28627,0.07587,9.33548,3.10201,0.3293,0.6711,1.07546,5.40403,0.24233,0.27017,0.00699,7.21548,0.09025,1.97788,3.10201,0.24233,0.27017,2.75514,3.13411,2.89067,6.71391,7.21548,0.97204,4.1774
2026-02-27 15:00:00,4.34824,0.01638,0.09203,0.03536,0.09014,0.01018,0.04113,0.05226,0.11977,1.00513,1.97143,5.22595,0.00867,1.97752,2.74856,0,0.00856,0.0087,0,0.04695,0.01979,2.88123,2.52564,1.05213,1.26972,0.07492,9.23047,3.10031,0.32624,0.66061,1.06936,5.36431,0.24183,0.26969,0.00692,7.19829,0.08968,1.97752,3.10031,0.24183,0.26969,2.74856,3.12421,2.88123,6.69927,7.19829,0.96625,4.1138
2026-02-27 16:00:00,4.31732,0.0163,0.09168,0.0353,0.08974,0.01015,0.04105,0.0521,0.11943,0.98838,1.95271,5.19133,0.00868,1.97718,2.74212,0,0.00854,0.00869,0,0.04674,0.01967,2.87195,2.51166,1.03987,1.25318,0.07405,9.11318,3.09872,0.32316,0.64993,1.06577,5.3271,0.24134,0.26929,0.00687,7.18115,0.08911,1.97718,3.09872,0.24134,0.26929,2.74212,3.11449,2.87195,6.68464,7.18115,0.96298,4.08199
2026-02-27 17:00:00,4.28641,0.01624,0.09135,0.03519,0.08935,0.01013,0.04097,0.05193,0.11908,0.9829,1.92938,5.15126,0.00868,1.97683,2.73583,0,0.00853,0.00867,0,0.04652,0.01954,2.86286,2.49617,1.02762,1.23663,0.07323,8.99589,3.09725,0.32009,0.63909,1.0612,5.28894,0.24087,0.26897,0.00679,7.16407,0.08855,1.97683,3.09725,0.24087,0.26897,2.73583,3.10492,2.86286,6.67007,7.16407,0.95874,4.06291
2026-02-27 18:00:00,4.25549,0.01617,0.09103,0.0351,0.08899,0.01012,0.04087,0.05175,0.11871,0.96624,1.90914,5.10788,0.00867,1.97648,2.72967,0,0.00851,0.00866,0,0.04631,0.01942,2.85394,2.47985,1.01537,1.22009,0.07246,8.8786,3.09588,0.31702,0.62822,1.0543,5.2484,0.24044,0.26872,0.00671,7.14709,0.08798,1.97648,3.09588,0.24044,0.26872,2.72967,3.09551,2.85394,6.65557,7.14709,0.95214,4.05019
2026-02-27 19:00:00,4.26318,0.01609,0.09074,0.03504,0.08862,0.01011,0.04076,0.05157,0.11834,0.9521,1.89153,5.07414,0.00868,1.97615,2.72365,0,0.0085,0.00864,0,0.0461,0.01928,2.84519,2.4631,1.00686,1.20719,0.07174,8.81849,3.09462,0.31323,0.62891,1.04658,5.23695,0.24003,0.26856,0.00665,7.13019,0.08753,1.97615,3.09462,0.24003,0.26856,2.72365,3.08627,2.84519,6.64114,7.13019,0.94474,4.0411
2026-02-27 20:00:00,4.27086,0.01601,0.09044,0.03498,0.08823,0.01011,0.04067,0.05139,0.11798,0.94914,1.87138,5.03578,0.00868,1.97581,2.71776,0,0.00848,0.00863,0,0.0459,0.01914,2.83662,2.44611,0.99835,1.1943,0.07106,8.75839,3.09343,0.30944,0.62933,1.0404,5.22703,0.23962,0.26846,0.00658,7.11341,0.08707,1.97581,3.09343,0.23962,0.26846,2.71776,3.07719,2.83662,6.62678,7.11341,0.93888,4.03428
2026-02-27 21:00:00,4.27854,0.01594,0.09012,0.03495,0.08784,0.01009,0.04058,0.05122,0.11765,0.9351,1.85395,5.00052,0.00868,1.97547,2.712,0,0.00847,0.00862,0,0.04569,0.01899,2.8282,2.43291,0.98984,1.18141,0.0704,8.69828,3.09233,0.30565,0.62906,1.03604,5.21896,0.23921,0.26845,0.00652,7.09674,0.08662,1.97547,3.09233,0.23921,0.26845,2.712,3.06827,2.8282,6.61253,7.09674,0.93486,4.02898
2026-02-27 22:00:00,4.28623,0.01587,0.08979,0.03489,0.08745,0.01006,0.0405,0.05105,0.11732,0.93207,1.83977,4.96789,0.00868,1.97515,2.70638,0,0.00846,0.0086,0,0.04548,0.01886,2.81996,2.42714,0.98133,1.16851,0.06977,8.63817,3.0913,0.30187,0.6285,1.03368,5.21287,0.23881,0.26848,0.00646,7.08022,0.08617,1.97515,3.0913,0.23881,0.26848,2.70638,3.05951,2.81996,6.59837,7.08022,0.93284,4.02474
2026-02-27 23:00:00,4.29391,0.01581,0.08946,0.03482,0.08709,0.01004,0.04043,0.05089,0.11699,0.92913,1.82653,4.93271,0.00868,1.97482,2.70088,0,0.00844,0.00859,0,0.04528,0.01874,2.81188,2.42686,0.97282,1.15562,0.06917,8.57807,3.09034,0.29839,0.62838,1.03098,5.20645,0.23842,0.26859,0.00639,7.06383,0.08571,1.97482,3.09034,0.23842,0.26859,2.70088,3.05088,2.81188,6.58432,7.06383,0.93048,4.02127
2026-02-28 00:00:00,4.3016,0.01574,0.08916,0.03475,0.08674,0.01004,0.04033,0.05072,0.11663,0.93707,1.81782,4.90026,0.00868,1.97451,2.6955,0,0.00843,0.00858,0,0.04507,0.01869,2.80397,2.42952,0.96431,1.14272,0.06858,8.51796,3.08942,0.29492,0.62854,1.02755,5.19931,0.23805,0.26718,0.00635,7.0476,0.08526,1.97451,3.08942,0.23805,0.26718,2.6955,3.04242,2.80397,6.57038,7.0476,0.92739,4.01838
2026-02-28 01:00:00,4.37617,0.01567,0.08887,0.0347,0.08639,0.01003,0.04023,0.05055,0.11626,0.95375,1.81451,4.9072,0.00869,1.97418,2.69024,0,0.00842,0.00856,0,0.04487,0.01864,2.79621,2.43379,0.96192,1.14036,0.06802,8.51243,3.08857,0.3014,0.64011,1.02402,5.23154,0.23769,0.26584,0.00632,7.03154,0.08488,1.97418,3.08857,0.23769,0.26584,2.69024,3.03411,2.79621,6.55657,7.03154,0.9242,4.01594
2026-02-28 02:00:00,4.45074,0.0156,0.08859,0.03465,0.08602,0.01003,0.04013,0.05037,0.11591,0.97066,1.82545,4.91508,0.00869,1.97386,2.68511,0,0.0084,0.00855,0,0.04467,0.01858,2.78862,2.4389,0.95953,1.13799,0.06747,8.50691,3.08776,0.30787,0.65607,1.02114,5.26438,0.23734,0.26455,0.0063,7.01565,0.08449,1.97386,3.08776,0.23734,0.26455,2.68511,3.02595,2.78862,6.54287,7.01565,0.92163,4.01384
2026-02-28 03:00:00,4.52531,0.01552,0.08828,0.03461,0.08564,0.01001,0.04005,0.05022,0.11558,0.9876,1.84284,4.92749,0.00869,1.97355,2.68008,0,0.00839,0.00853,0,0.04448,0.01853,2.78118,2.44617,0.95714,1.13563,0.06693,8.50138,3.08699,0.31435,0.67376,1.01963,5.2986,0.23698,0.26331,0.00629,6.99994,0.08411,1.97355,3.08699,0.23698,0.26331,2.68008,3.01792,2.78118,6.52931,6.99994,0.92041,4.01202
2026-02-28 04:00:00,4.59989,0.01546,0.08796,0.03454,0.08527,0.00998,0.03997,0.05007,0.11526,1.00478,1.8678,4.94529,0.0087,1.97323,2.67517,0,0.00838,0.00852,0,0.04428,0.01849,2.7739,2.45704,0.95475,1.13326,0.0664,8.49585,3.08627,0.32083,0.69175,1.01943,5.3341,0.23663,0.26213,0.00628,6.9844,0.08373,1.97323,3.08627,0.23663,0.26213,2.67517,3.01004,2.7739,6.51588,6.9844,0.92049,4.01043
2026-02-28 05:00:00,4.67446,0.0154,0.08765,0.03443,0.08492,0.00996,0.0399,0.04991,0.11493,1.02208,1.89497,4.97735,0.00869,1.97293,2.67038,0,0.00836,0.0085,0,0.04408,0.01845,2.76677,2.47056,0.95236,1.13089,0.06588,8.49033,3.08557,0.3273,0.70884,1.02003,5.37038,0.23629,0.26098,0.00626,6.96903,0.08334,1.97293,3.08557,0.23629,0.26098,2.67038,3.00231,2.76677,6.50258,6.96903,0.92136,4.00903
2026-02-28 06:00:00,4.74903,0.01533,0.08736,0.03434,0.08458,0.00995,0.0398,0.04976,0.11459,1.03953,1.92286,5.01586,0.00869,1.97261,2.66568,0,0.00835,0.00849,0,0.04388,0.01841,2.7598,2.48551,0.94997,1.12853,0.06538,8.4848,3.0849,0.33378,0.7266,1.02308,5.40912,0.23597,0.25989,0.00624,6.95379,0.08296,1.97261,3.0849,0.23597,0.25989,2.66568,2.99471,2.7598,6.48943,6.95379,0.92468,4.00778
2026-02-28 07:00:00,4.76066,0.01527,0.08709,0.03428,0.08424,0.00995,0.0397,0.0496,0.11423,1.05527,1.94997,5.04216,0.0087,1.9723,2.6611,0,0.00834,0.00847,0,0.04369,0.01837,2.75297,2.50124,0.94726,1.12986,0.06487,8.46475,3.08425,0.33527,0.73026,1.0274,5.42117,0.23565,0.25884,0.00622,6.93868,0.08263,1.9723,3.08425,0.23565,0.25884,2.6611,2.98725,2.75297,6.47642,6.93868,0.92932,4.00667
2026-02-28 08:00:00,4.77229,0.0152,0.08682,0.03423,0.08389,0.00994,0.03961,0.04944,0.11389,1.05946,1.97381,5.07068,0.0087,1.972,2.65662,0,0.00832,0.00846,0,0.04349,0.01831,2.74629,2.51738,0.94454,1.1312,0.06438,8.44469,3.08363,0.33675,0.73229,1.03058,5.43209,0.23534,0.25783,0.0062,6.92369,0.08229,1.972,3.08363,0.23534,0.25783,2.65662,2.97991,2.74629,6.46354,6.92369,0.93285,4.00566
2026-02-28 09:00:00,4.78393,0.01513,0.08653,0.03419,0.08352,0.00993,0.03952,0.04929,0.11357,1.06141,1.99482,5.09991,0.0087,1.97169,2.65225,0,0.00831,0.00845,0,0.0433,0.01826,2.73974,2.53008,0.94183,1.13253,0.06389,8.42464,3.08303,0.33824,0.73343,1.03333,5.44259,0.23503,0.25686,0.00619,6.90881,0.08196,1.97169,3.08303,0.23503,0.25686,2.65225,2.97271,2.73974,6.45082,6.90881,0.93593,4.00475
2026-02-28 10:00:00,4.79556,0.01507,0.08623,0.03413,0.08316,0.0099,0.03945,0.04915,0.11326,1.05629,2.00911,5.12836,0.00871,1.97139,2.64797,0,0.00829,0.00843,0,0.04311,0.01822,2.73335,2.53516,0.93911,1.13386,0.06341,8.40458,3.08245,0.33973,0.73417,1.03519,5.45216,0.23471,0.25593,0.00618,6.89407,0.08163,1.97139,3.08245,0.23471,0.25593,2.64797,2.96564,2.73335,6.43826,6.89407,0.93809,4.00393
2026-02-28 11:00:00,4.80719,0.01501,0.08594,0.03406,0.08283,0.00988,0.03937,0.049,0.11293,1.05336,2.01776,5.15355,0.00871,1.97109,2.64379,0,0.00828,0.00842,0,0.04291,0.01819,2.7271,2.53403,0.9364,1.1352,0.06293,8.38453,3.08188,0.34121,0.73467,1.03816,5.46279,0.23441,0.25504,0.00615,6.87944,0.08129,1.97109,3.08188,0.23441,0.25504,2.64379,2.9587,2.7271,6.42583,6.87944,0.94133,4.00317
2026-02-28 12:00:00,4.81882,0.01495,0.08567,0.034,0.0825,0.00987,0.03928,0.04885,0.11259,1.05284,2.02234,5.1759,0.00871,1.97078,2.63972,0,0.00826,0.00841,0,0.04272,0.01815,2.72098,2.52952,0.93368,1.13653,0.06245,8.36447,3.08133,0.3427,0.73512,1.04394,5.47626,0.23411,0.25417,0.00612,6.86495,0.08096,1.97078,3.08133,0.23411,0.25417,2.63972,2.95187,2.72098,6.41354,6.86495,0.94739,3.91603
2026-02-28 13:00:00,4.77791,0.01488,0.08541,0.03394,0.08218,0.00987,0.03918,0.04869,0.11225,1.04187,2.02169,5.16889,0.00871,1.97049,2.63573,0,0.00825,0.00839,0,0.04253,0.0181,2.715,2.52323,0.92672,1.13091,0.06198,8.30633,3.08079,0.34051,0.73237,1.05094,5.47302,0.23381,0.25334,0.00609,6.85057,0.08063,1.97049,3.08079,0.23381,0.25334,2.63573,2.94516,2.715,6.40142,6.85057,0.95466,3.66338
2026-02-28 14:00:00,4.737,0.01481,0.08515,0.0339,0.08183,0.00986,0.03908,0.04854,0.11191,1.0286,2.01697,5.15621,0.00872,1.97019,2.63184,0,0.00823,0.00838,0,0.04235,0.01805,2.70915,2.51597,0.91976,1.12528,0.06151,8.24818,3.08026,0.33832,0.72827,1.05637,5.4682,0.23352,0.25254,0.00607,6.83634,0.0803,1.97019,3.08026,0.23352,0.25254,2.63184,2.93858,2.70915,6.38944,6.83634,0.96035,3.56129
2026-02-28 15:00:00,4.6961,0.01474,0.08488,0.03385,0.08149,0.00985,0.039,0.04839,0.1116,1.01774,2.00812,5.13944,0.00872,1.9699,2.62803,0,0.00822,0.00837,0,0.04216,0.018,2.70343,2.50704,0.9128,1.11966,0.06104,8.19004,3.07974,0.33614,0.7234,1.05925,5.46084,0.23323,0.25177,0.00606,6.82224,0.07997,1.9699,3.07974,0.23323,0.25177,2.62803,2.93211,2.70343,6.37761,6.82224,0.96349,3.52726
2026-02-28 16:00:00,4.65519,0.01467,0.08459,0.03378,0.08116,0.00982,0.03892,0.04824,0.1113,1.00236,1.99624,5.11743,0.00871,1.96959,2.62433,0,0.00821,0.00835,0,0.04197,0.01796,2.69783,2.49553,0.90584,1.11403,0.06057,8.1319,3.07923,0.33395,0.71826,1.05923,5.45059,0.23294,0.25104,0.00604,6.80827,0.07963,1.96959,3.07923,0.23294,0.25104,2.62433,2.92576,2.69783,6.36592,6.80827,0.96375,3.51024
2026-02-28 17:00:00,4.61428,0.01462,0.0843,0.03367,0.08083,0.0098,0.03885,0.04809,0.11098,0.99859,1.97902,5.09136,0.00872,1.96929,2.6207,0,0.00819,0.00834,0,0.04179,0.01793,2.69237,2.48207,0.89888,1.10841,0.06011,8.07375,3.07872,0.33176,0.71288,1.05781,5.43893,0.23266,0.25032,0.00601,6.79447,0.0793,1.96929,3.07872,0.23266,0.25032,2.6207,2.91952,2.69237,6.35439,6.79447,0.9626,3.50004
2026-02-28 18:00:00,4.57337,0.01456,0.08404,0.03359,0.08053,0.00979,0.03876,0.04792,0.11066,0.98336,1.96519,5.0612,0.00872,1.969,2.61715,0,0.00818,0.00833,0,0.0416,0.01789,2.68702,2.46754,0.89192,1.10278,0.05965,8.01561,3.07823,0.32957,0.70744,1.05173,5.42263,0.23238,0.24963,0.00598,6.7808,0.07897,1.969,3.07823,0.23238,0.24963,2.61715,2.9134,2.68702,6.34301,6.7808,0.95681,3.49323
2026-02-28 19:00:00,4.56173,0.01449,0.08379,0.03352,0.08022,0.00978,0.03866,0.04776,0.11033,0.96777,1.952,5.03249,0.00872,1.9687,2.6137,0,0.00817,0.00831,0,0.04142,0.01784,2.6818,2.45244,0.88558,1.09516,0.0592,7.9757,3.07774,0.32867,0.70754,1.04307,5.4166,0.2321,0.24896,0.00595,6.76729,0.07869,1.9687,3.07774,0.2321,0.24896,2.6137,2.9074,2.6818,6.33176,6.76729,0.94844,3.48837
2026-02-28 20:00:00,4.55009,0.01443,0.08354,0.03347,0.0799,0.00978,0.03858,0.0476,0.11001,0.96375,1.93354,4.9984,0.00873,1.96841,2.61032,0,0.00815,0.0083,0,0.04124,0.01779,2.6767,2.43705,0.87924,1.08754,0.05875,7.9358,3.07724,0.32777,0.70809,1.03644,5.41261,0.23183,0.24831,0.00593,6.75392,0.07842,1.96841,3.07724,0.23183,0.24831,2.61032,2.90151,2.6767,6.32066,6.75392,0.94212,3.48472
2026-02-28 21:00:00,4.53845,0.01437,0.08328,0.03343,0.07957,0.00977,0.0385,0.04745,0.10971,0.9484,1.91634,4.96771,0.00873,1.96812,2.60702,0,0.00814,0.00828,0,0.04106,0.01774,2.67171,2.42423,0.87291,1.07993,0.0583,7.89589,3.07676,0.32687,0.70886,1.03142,5.41025,0.23156,0.24769,0.00592,6.74072,0.07814,1.96812,3.07676,0.23156,0.24769,2.60702,2.89574,2.67171,6.30972,6.74072,0.93741,3.48189
2026-02-28 22:00:00,4.52681,0.01431,0.08301,0.03338,0.07925,0.00974,0.03843,0.0473,0.10941,0.94434,1.90123,4.93766,0.00873,1.96782,2.6038,0,0.00813,0.00827,0,0.04088,0.0177,2.66684,2.41656,0.86657,1.07231,0.05785,7.85598,3.07629,0.32597,0.70976,1.02895,5.41043,0.23128,0.24709,0.00591,6.72766,0.07786,1.96782,3.07629,0.23128,0.24709,2.6038,2.89006,2.66684,6.29892,6.72766,0.93525,3.47962
2026-02-28 23:00:00,4.51517,0.01426,0.08274,0.0333,0.07895,0.00973,0.03835,0.04715,0.10911,0.94036,1.88663,4.90233,0.00875,1.96753,2.60066,0,0.00811,0.00825,0,0.0407,0.01767,2.6621,2.41269,0.86023,1.06469,0.0574,7.81608,3.07582,0.32507,0.71068,1.02627,5.41039,0.23101,0.24651,0.00589,6.71478,0.07759,1.96753,3.07582,0.23101,0.24651,2.60066,2.8845,2.6621,6.28826,6.71478,0.93288,3.47776
2026-03-01 00:00:00,4.50353,0.01421,0.08249,0.03324,0.07865,0.00972,0.03827,0.047,0.1088,0.94738,1.87671,4.86827,0.00875,1.96724,2.59759,0,0.0081,0.00824,0,0.04052,0.01763,2.65746,2.41086,0.85389,1.05707,0.05697,7.77617,3.07535,0.32417,0.71161,1.02379,5.41059,0.23073,0.24594,0.00586,6.70204,0.07731,1.96724,3.07535,0.23073,0.24594,2.59759,2.87904,2.65746,6.27773,6.70204,0.93074,3.47622
2026-03-01 01:00:00,4.53165,0.01415,0.08225,0.03319,0.07836,0.00972,0.03816,0.04684,0.10849,0.95849,1.86964,4.86265,0.00875,1.96695,2.59459,0,0.00809,0.00822,0,0.04035,0.01758,2.65294,2.41012,0.85261,1.05664,0.05658,7.77281,3.07489,0.32739,0.71779,1.02179,5.43831,0.23044,0.24539,0.00584,6.68946,0.07706,1.96695,3.07489,0.23044,0.24539,2.59459,2.87368,2.65294,6.26736,6.68946,0.92906,3.47491
2026-03-01 02:00:00,4.55976,0.01408,0.08202,0.03314,0.07804,0.00971,0.03807,0.04669,0.10818,0.9695,1.87417,4.85754,0.00876,1.96666,2.59168,0,0.00807,0.00821,0,0.04017,0.01753,2.64853,2.40998,0.85134,1.05621,0.05621,7.76945,3.07443,0.3306,0.7254,1.02,5.46622,0.23015,0.24486,0.00583,6.67706,0.0768,1.96666,3.07443,0.23015,0.24486,2.59168,2.86841,2.64853,6.25714,6.67706,0.9276,3.47379
2026-03-01 03:00:00,4.58788,0.01402,0.08177,0.03309,0.07773,0.0097,0.03799,0.04654,0.1079,0.98051,1.88231,4.85711,0.00876,1.96636,2.58882,0,0.00806,0.0082,0,0.04,0.01748,2.64423,2.41184,0.85006,1.05578,0.05587,7.76609,3.07399,0.33382,0.73381,1.01982,5.49576,0.22987,0.24435,0.00582,6.6648,0.07655,1.96636,3.07399,0.22987,0.24435,2.58882,2.86324,2.64423,6.24704,6.6648,0.92774,3.47281
2026-03-01 04:00:00,4.61599,0.01396,0.08152,0.03302,0.07742,0.00967,0.03792,0.0464,0.10762,0.99152,1.89568,4.85952,0.00876,1.96608,2.58603,0,0.00805,0.00818,0,0.03982,0.01744,2.64004,2.41713,0.84878,1.05535,0.05554,7.76273,3.07356,0.33703,0.74265,1.02098,5.52661,0.22958,0.24384,0.00581,6.65271,0.07629,1.96608,3.07356,0.22958,0.24384,2.58603,2.85817,2.64004,6.23708,6.65271,0.92921,3.47196
2026-03-01 05:00:00,4.64411,0.01391,0.08127,0.03291,0.07712,0.00965,0.03785,0.04625,0.10733,1.00243,1.91021,4.87354,0.00877,1.96579,2.58332,0,0.00803,0.00817,0,0.03964,0.01741,2.63595,2.42488,0.84751,1.05492,0.05524,7.75937,3.07314,0.34025,0.75161,1.02398,5.5593,0.22931,0.24335,0.00578,6.64077,0.07604,1.96579,3.07314,0.22931,0.24335,2.58332,2.85319,2.63595,6.22727,6.64077,0.93251,3.47121
2026-03-01 06:00:00,4.67222,0.01385,0.08104,0.03283,0.07684,0.00964,0.03776,0.0461,0.10703,1.01334,1.9269,4.89117,0.00877,1.9655,2.58067,0,0.00802,0.00816,0,0.03947,0.01737,2.63196,2.43395,0.84623,1.05449,0.05494,7.75601,3.07275,0.34346,0.76072,1.03235,5.59736,0.22905,0.24288,0.00574,6.629,0.07578,1.9655,3.07275,0.22905,0.24288,2.58067,2.84829,2.63196,6.2176,6.629,0.94119,3.47054
2026-03-01 07:00:00,4.64969,0.0138,0.08082,0.03276,0.07655,0.00964,0.03767,0.04595,0.10672,1.02469,1.94329,4.88683,0.00877,1.96521,2.57808,0,0.00801,0.00814,0,0.0393,0.01732,2.62807,2.44375,0.84693,1.05806,0.05466,7.75675,3.07237,0.34431,0.76131,1.04346,5.61734,0.2288,0.24241,0.00572,6.61738,0.07554,1.96521,3.07237,0.2288,0.24241,2.57808,2.84347,2.62807,6.20807,6.61738,0.95259,3.46995
2026-03-01 08:00:00,4.62717,0.01373,0.08059,0.03271,0.07626,0.00963,0.03759,0.0458,0.10643,1.03606,1.9595,4.88364,0.00878,1.96492,2.57556,0,0.00799,0.00813,0,0.03913,0.01727,2.62428,2.45393,0.84763,1.06163,0.0544,7.7575,3.072,0.34515,0.76103,1.05191,5.63467,0.22855,0.24196,0.0057,6.60593,0.0753,1.96492,3.072,0.22855,0.24196,2.57556,2.83875,2.62428,6.19867,6.60593,0.96134,3.46941
2026-03-01 09:00:00,4.60464,0.01367,0.08035,0.03267,0.07595,0.00962,0.03752,0.04566,0.10614,1.03634,1.97567,4.88262,0.00878,1.96463,2.5731,0,0.00798,0.00812,0,0.03897,0.01722,2.62059,2.46211,0.84834,1.0652,0.05414,7.75825,3.07165,0.346,0.76032,1.05803,5.64965,0.2283,0.24153,0.00568,6.59463,0.07506,1.96463,3.07165,0.2283,0.24153,2.5731,2.8341,2.62059,6.1894,6.59463,0.96774,3.46892
2026-03-01 10:00:00,4.58211,0.01362,0.0801,0.03262,0.07565,0.00959,0.03745,0.04551,0.10585,1.03112,1.98713,4.8813,0.00878,1.96434,2.5707,0,0.00797,0.0081,0,0.0388,0.01718,2.61698,2.46598,0.84904,1.06876,0.05389,7.75899,3.07132,0.34685,0.7594,1.06086,5.66132,0.22805,0.24109,0.00567,6.58349,0.07481,1.96434,3.07132,0.22805,0.24109,2.5707,2.82954,2.61698,6.18027,6.58349,0.97084,3.46848
2026-03-01 11:00:00,4.55959,0.01357,0.07985,0.03254,0.07538,0.00957,0.03739,0.04537,0.10554,1.026,1.99043,4.87979,0.0088,1.96406,2.56836,0,0.00795,0.00809,0,0.03863,0.01715,2.61347,2.46651,0.84974,1.07233,0.05365,7.75974,3.07099,0.34769,0.75833,1.06417,5.67348,0.2278,0.24067,0.00565,6.5725,0.07457,1.96406,3.07099,0.2278,0.24067,2.56836,2.82505,2.61347,6.17127,6.5725,0.97442,3.46808
2026-03-01 12:00:00,4.53706,0.01352,0.07961,0.03248,0.0751,0.00956,0.03731,0.04522,0.10521,1.02628,1.98775,4.87825,0.0088,1.96377,2.56607,0,0.00794,0.00808,0,0.03846,0.01711,2.61004,2.46525,0.85044,1.0759,0.05341,7.76048,3.07068,0.34854,0.75726,1.06799,5.68616,0.22755,0.24026,0.00563,6.56167,0.07433,1.96377,3.07068,0.22755,0.24026,2.56607,2.82063,2.61004,6.16241,6.56167,0.97852,3.35244
2026-03-01 13:00:00,4.48375,0.01347,0.07939,0.03243,0.07484,0.00955,0.03722,0.04506,0.10486,1.01085,1.9805,4.86609,0.00881,1.96348,2.56385,0,0.00793,0.00806,0,0.0383,0.01706,2.6067,2.46302,0.84739,1.07403,0.05318,7.73357,3.07038,0.34717,0.7546,1.07163,5.68106,0.22731,0.23985,0.00561,6.55099,0.0741,1.96348,3.07038,0.22731,0.23985,2.56385,2.8163,2.6067,6.15369,6.55099,0.98243,3.23359
2026-03-01 14:00:00,4.43044,0.01341,0.07917,0.03239,0.07456,0.00955,0.03713,0.04491,0.10453,0.99552,1.97044,4.84578,0.00881,1.9632,2.56168,0,0.00791,0.00805,0,0.03813,0.01701,2.60344,2.46026,0.84434,1.07216,0.05296,7.70666,3.0701,0.34579,0.75107,1.07457,5.67526,0.22706,0.23945,0.00559,6.54046,0.07386,1.9632,3.0701,0.22706,0.23945,2.56168,2.81204,2.60344,6.14508,6.54046,0.98565,3.23303
2026-03-01 15:00:00,4.37714,0.01335,0.07894,0.03235,0.07427,0.00954,0.03706,0.04477,0.10423,0.97495,1.95547,4.81948,0.00882,1.96291,2.55956,0,0.0079,0.00804,0,0.03797,0.01696,2.60026,2.45505,0.8413,1.07029,0.05274,7.67975,3.06982,0.34442,0.74717,1.076,5.66797,0.22681,0.23907,0.00558,6.53009,0.07363,1.96291,3.06982,0.22681,0.23907,2.55956,2.80785,2.60026,6.13662,6.53009,0.98736,3.23242
2026-03-01 16:00:00,4.32383,0.0133,0.0787,0.0323,0.07399,0.00951,0.03699,0.04463,0.10394,0.95472,1.93506,4.78861,0.00882,1.96262,2.5575,0,0.00789,0.00802,0,0.0378,0.01692,2.59716,2.44543,0.83825,1.06842,0.05252,7.65283,3.06955,0.34305,0.74304,1.07616,5.65938,0.22656,0.23868,0.00557,6.51986,0.07339,1.96262,3.06955,0.22656,0.23868,2.5575,2.80373,2.59716,6.12829,6.51986,0.98779,3.23174
2026-03-01 17:00:00,4.27052,0.01325,0.07847,0.03222,0.07373,0.0095,0.03692,0.04449,0.10366,0.94001,1.91119,4.75494,0.00882,1.96233,2.55549,0,0.00787,0.00801,0,0.03764,0.01689,2.59415,2.4325,0.8352,1.06655,0.05231,7.62592,3.06929,0.34167,0.73878,1.07586,5.65035,0.22631,0.2383,0.00554,6.50978,0.07316,1.96233,3.06929,0.22631,0.2383,2.55549,2.79968,2.59415,6.12008,6.50978,0.98778,3.231
2026-03-01 18:00:00,4.21721,0.0132,0.07825,0.03216,0.07348,0.00949,0.03684,0.04434,0.10337,0.91535,1.88548,4.71635,0.00883,1.96204,2.55353,0,0.00786,0.008,0,0.03747,0.01685,2.59119,2.41778,0.83215,1.06468,0.0521,7.59901,3.06903,0.3403,0.73446,1.07425,5.64002,0.22607,0.23793,0.00551,6.49986,0.07292,1.96204,3.06903,0.22607,0.23793,2.55353,2.7957,2.59119,6.112,6.49986,0.98646,3.23017
2026-03-01 19:00:00,4.18485,0.01315,0.07805,0.03212,0.07322,0.00949,0.03674,0.04419,0.10307,0.90035,1.85562,4.672,0.00884,1.96176,2.55161,0,0.00785,0.00798,0,0.03731,0.0168,2.58833,2.4021,0.82883,1.06032,0.05189,7.57209,3.06879,0.33945,0.73332,1.07188,5.63497,0.22582,0.23758,0.00548,6.49007,0.07269,1.96176,3.06879,0.22582,0.23758,2.55161,2.79178,2.58833,6.10404,6.49007,0.98438,3.22925
2026-03-01 20:00:00,4.15249,0.01309,0.07786,0.03212,0.07295,0.00948,0.03666,0.04404,0.10279,0.87582,1.82648,4.6242,0.00884,1.96147,2.54976,0,0.00783,0.00797,0,0.03715,0.01675,2.58553,2.3859,0.8255,1.05596,0.05169,7.54516,3.06855,0.3386,0.73226,1.07002,5.63044,0.22558,0.23723,0.00546,6.48043,0.07246,1.96147,3.06855,0.22558,0.23723,2.54976,2.78792,2.58553,6.09622,6.48043,0.98283,3.22821
2026-03-01 21:00:00,4.12013,0.01303,0.07766,0.03215,0.07267,0.00947,0.03658,0.0439,0.10252,0.87163,1.7965,4.57455,0.00885,1.96119,2.54794,0,0.00782,0.00796,0,0.037,0.01671,2.58281,2.37192,0.82218,1.0516,0.05149,7.51824,3.06832,0.33775,0.7314,1.06844,5.6262,0.22533,0.23688,0.00545,6.47093,0.07223,1.96119,3.06832,0.22533,0.23688,2.54794,2.78412,2.58281,6.08851,6.47093,0.98156,3.22704
2026-03-01 22:00:00,4.08776,0.01298,0.07746,0.03221,0.0724,0.00944,0.03651,0.04376,0.10226,0.86743,1.76652,4.52075,0.00885,1.9609,2.54618,0,0.00781,0.00794,0,0.03684,0.01666,2.58016,2.3624,0.81885,1.04724,0.05129,7.49132,3.06809,0.3369,0.73049,1.06744,5.62252,0.22509,0.23653,0.00544,6.46158,0.072,1.9609,3.06809,0.22509,0.23653,2.54618,2.7804,2.58016,6.08091,6.46158,0.98086,3.22569
2026-03-01 23:00:00,4.0554,0.01293,0.07726,0.03233,0.07214,0.00942,0.03645,0.04362,0.102,0.88199,1.7437,4.46768,0.00885,1.96061,2.54446,0,0.00779,0.00793,0,0.03668,0.01663,2.57757,2.35604,0.81553,1.04288,0.05109,7.46439,3.06787,0.33605,0.72967,1.0662,5.61862,0.22484,0.2362,0.00542,6.45236,0.07177,1.96061,3.06787,0.22484,0.2362,2.54446,2.77673,2.57757,6.07344,6.45236,0.97994,3.22414
2026-03-02 00:00:00,4.02304,0.01288,0.07707,0.03242,0.0719,0.00941,0.03637,0.04347,0.10172,0.88662,1.73168,4.41376,0.00886,1.96033,2.54279,0,0.00778,0.00792,0,0.03652,0.01659,2.57505,2.35139,0.8122,1.03852,0.05089,7.43747,3.06764,0.3352,0.72883,1.06456,5.61433,0.2246,0.23587,0.00539,6.44328,0.07154,1.96033,3.06764,0.2246,0.23587,2.54279,2.77313,2.57505,6.06609,6.44328,0.97862,3.22233
2026-03-02 01:00:00,4.03382,0.01283,0.0769,0.03247,0.07166,0.0094,0.03628,0.04331,0.10144,0.90413,1.73376,4.39065,0.00886,1.96004,2.54115,0,0.00777,0.0079,0,0.03637,0.01654,2.57259,2.34766,0.81913,1.04014,0.0507,7.42488,3.06742,0.33749,0.7325,1.06282,5.62636,0.22436,0.23554,0.00537,6.43433,0.07133,1.96004,3.06742,0.22436,0.23554,2.54115,2.76958,2.57259,6.05885,6.43433,0.9772,3.22019
2026-03-02 02:00:00,4.04459,0.01277,0.07673,0.03249,0.0714,0.0094,0.0362,0.04315,0.10117,0.92104,1.74438,4.38069,0.00886,1.95976,2.53957,0,0.00775,0.00789,0,0.03621,0.01649,2.57021,2.34442,0.82605,1.04175,0.05051,7.41229,3.06721,0.33977,0.73739,1.06137,5.63866,0.22412,0.23522,0.00536,6.42551,0.07112,1.95976,3.06721,0.22412,0.23522,2.53957,2.76607,2.57021,6.05174,6.42551,0.97606,3.21763
2026-03-02 03:00:00,4.05537,0.01271,0.07654,0.03247,0.07114,0.00939,0.03613,0.04301,0.10091,0.93744,1.76247,4.3726,0.00888,1.95947,2.53802,0,0.00774,0.00788,0,0.03606,0.01645,2.56788,2.34448,0.83298,1.04337,0.05032,7.39969,3.067,0.34206,0.74278,1.06072,5.65178,0.22387,0.2349,0.00535,6.41683,0.0709,1.95947,3.067,0.22387,0.2349,2.53802,2.76263,2.56788,6.04471,6.41683,0.97571,3.21449
2026-03-02 04:00:00,4.06615,0.01266,0.07634,0.03243,0.07088,0.00936,0.03607,0.04287,0.10065,0.9445,1.78267,4.37803,0.00888,1.95919,2.53651,0,0.00773,0.00786,0,0.03591,0.0164,2.56562,2.35022,0.83991,1.04498,0.05013,7.3871,3.06678,0.34434,0.7485,1.06084,5.66566,0.22363,0.23459,0.00534,6.40827,0.07069,1.95919,3.06678,0.22363,0.23459,2.53651,2.75925,2.56562,6.03782,6.40827,0.97615,3.21057
2026-03-02 05:00:00,4.07692,0.01261,0.07615,0.03235,0.07065,0.00935,0.036,0.04273,0.10038,0.95137,1.80488,4.39338,0.00888,1.95891,2.53505,0,0.00771,0.00785,0,0.03575,0.01637,2.56341,2.3599,0.84683,1.0466,0.04994,7.37451,3.06658,0.34663,0.75438,1.06176,5.68033,0.22338,0.23428,0.00531,6.39985,0.07048,1.95891,3.06658,0.22338,0.23428,2.53505,2.75592,2.56341,6.03102,6.39985,0.97737,3.20552
2026-03-02 06:00:00,4.0877,0.01257,0.07597,0.03228,0.07042,0.00934,0.03593,0.04258,0.1001,0.95382,1.81952,4.42097,0.0089,1.95862,2.53363,0,0.0077,0.00784,0,0.0356,0.01633,2.56126,2.37171,0.85376,1.04821,0.04976,7.36192,3.06638,0.34891,0.76034,1.065,5.69732,0.22314,0.23397,0.00527,6.39154,0.07027,1.95862,3.06638,0.22314,0.23397,2.53363,2.75263,2.56126,6.02433,6.39154,0.98092,3.1988
2026-03-02 07:00:00,4.06653,0.01251,0.07579,0.03223,0.07018,0.00934,0.03584,0.04243,0.09981,0.95599,1.83032,4.43214,0.0089,1.95834,2.53224,0,0.00769,0.00782,0,0.03545,0.01628,2.55917,2.38465,0.86103,1.04878,0.04957,7.35636,3.06617,0.34782,0.75728,1.06948,5.68309,0.2229,0.23367,0.00525,6.38336,0.07004,1.95834,3.06617,0.2229,0.23367,2.53224,2.7494,2.55917,6.01776,6.38336,0.9857,3.18939
2026-03-02 08:00:00,4.04537,0.01246,0.07561,0.03216,0.06994,0.00933,0.03576,0.04228,0.09954,0.95405,1.84022,4.44532,0.00891,1.95805,2.53089,0,0.00768,0.00781,0,0.0353,0.01623,2.55714,2.39821,0.8683,1.04935,0.04939,7.3508,3.06598,0.34672,0.75302,1.07284,5.66773,0.22266,0.23337,0.00523,6.3753,0.06982,1.95805,3.06598,0.22266,0.23337,2.53089,2.74622,2.55714,6.01127,6.3753,0.98936,3.17527
2026-03-02 09:00:00,4.0242,0.01241,0.0754,0.03208,0.06968,0.00932,0.0357,0.04214,0.09928,0.95212,1.8468,4.45094,0.00892,1.95776,2.52959,0,0.00767,0.0078,0,0.03516,0.01619,2.55516,2.4062,0.87558,1.04992,0.04921,7.34525,3.06578,0.34563,0.74813,1.07519,5.65136,0.22242,0.23308,0.00521,6.36736,0.06959,1.95776,3.06578,0.22242,0.23308,2.52959,2.74309,2.55516,6.00491,6.36736,0.99199,3.15174
2026-03-02 10:00:00,4.00303,0.01236,0.07517,0.03195,0.06944,0.00929,0.03563,0.04201,0.09902,0.94626,1.85,4.45271,0.00892,1.95749,2.52831,0,0.00765,0.00778,0,0.03501,0.01614,2.55324,2.403,0.88285,1.05048,0.04903,7.33969,3.06559,0.34454,0.74295,1.07608,5.63353,0.22218,0.23278,0.0052,6.35953,0.06936,1.95749,3.06559,0.22218,0.23278,2.52831,2.74001,2.55324,5.99863,6.35953,0.99317,3.10468
2026-03-02 11:00:00,3.98187,0.01232,0.07495,0.03173,0.0692,0.00927,0.03557,0.04187,0.09875,0.94059,1.85107,4.45358,0.00893,1.9572,2.52707,0,0.00764,0.00777,0,0.03486,0.01611,2.55135,2.39144,0.89012,1.05105,0.04885,7.33413,3.0654,0.34344,0.73763,1.07705,5.61576,0.22194,0.23249,0.00518,6.35181,0.06914,1.9572,3.0654,0.22194,0.23249,2.52707,2.73697,2.55135,5.99245,6.35181,0.99442,2.9635
2026-03-02 12:00:00,3.9607,0.01228,0.07473,0.03155,0.06898,0.00926,0.0355,0.04172,0.09848,0.93875,1.85026,4.45113,0.00894,1.95691,2.52587,0,0.00763,0.00776,0,0.03471,0.01607,2.54953,2.3754,0.89739,1.05162,0.04867,7.32857,3.06521,0.34235,0.73222,1.07784,5.59782,0.2217,0.2322,0.00516,6.34422,0.06891,1.95691,3.06521,0.2217,0.2322,2.52587,2.73398,2.54953,5.98637,6.34422,0.99549,3.02542
2026-03-02 13:00:00,3.91685,0.01223,0.07453,0.03141,0.06875,0.00926,0.03541,0.04157,0.09821,0.92439,1.8422,4.42344,0.00895,1.95663,2.5247,0,0.00762,0.00774,0,0.03457,0.01602,2.54776,2.35693,0.88989,1.04412,0.0485,7.28903,3.06501,0.33647,0.71948,1.07834,5.55725,0.22146,0.23192,0.00514,6.33673,0.06869,1.95663,3.06501,0.22146,0.23192,2.5247,2.73103,2.54776,5.98038,6.33673,0.99628,3.13612
2026-03-02 14:00:00,3.87299,0.01218,0.07433,0.03132,0.06851,0.00925,0.03533,0.04143,0.09794,0.91013,1.82779,4.39361,0.00895,1.95635,2.52356,0,0.0076,0.00773,0,0.03442,0.01597,2.54604,2.33715,0.88238,1.03662,0.04832,7.24949,3.06483,0.3306,0.70498,1.07874,5.51658,0.22122,0.23164,0.00513,6.32935,0.06847,1.95635,3.06483,0.22122,0.23164,2.52356,2.72813,2.54604,5.97449,6.32935,0.99697,2.95268
2026-03-02 15:00:00,3.82914,0.01213,0.07412,0.03126,0.06827,0.00924,0.03526,0.04129,0.09768,0.89261,1.80858,4.36191,0.00895,1.95607,2.52246,0,0.00759,0.00772,0,0.03428,0.01593,2.54437,2.31719,0.87488,1.02912,0.04815,7.20995,3.06465,0.32472,0.68959,1.07821,5.47498,0.22099,0.23135,0.00512,6.32207,0.06826,1.95607,3.06465,0.22099,0.23135,2.52246,2.72526,2.54437,5.9687,6.32207,0.99673,2.89154
2026-03-02 16:00:00,3.78529,0.01208,0.07391,0.03119,0.06803,0.00922,0.0352,0.04115,0.09742,0.87551,1.78577,4.32295,0.00897,1.95578,2.52139,0,0.00758,0.0077,0,0.03413,0.01589,2.54275,2.29779,0.86738,1.02162,0.04797,7.1704,3.06446,0.31884,0.6737,1.07687,5.43259,0.22075,0.23107,0.00511,6.31491,0.06804,1.95578,3.06446,0.22075,0.23107,2.52139,2.72245,2.54275,5.96299,6.31491,0.99571,2.86096
2026-03-02 17:00:00,3.74143,0.01204,0.0737,0.0311,0.06781,0.0092,0.03514,0.04101,0.09716,0.86224,1.75761,4.27764,0.00897,1.95549,2.52035,0,0.00756,0.00769,0,0.03399,0.01585,2.54117,2.27883,0.85987,1.01412,0.0478,7.13086,3.06428,0.31297,0.65764,1.07435,5.38903,0.22051,0.2308,0.00509,6.30784,0.06782,1.95549,3.06428,0.22051,0.2308,2.52035,2.71967,2.54117,5.95738,6.30784,0.9935,2.84262
2026-03-02 18:00:00,3.69758,0.012,0.0735,0.03102,0.06759,0.00919,0.03507,0.04087,0.09689,0.84238,1.73068,4.22754,0.00898,1.95522,2.51933,0,0.00755,0.00768,0,0.03384,0.01581,2.53963,2.2601,0.85237,1.00662,0.04763,7.09132,3.0641,0.30709,0.64145,1.06831,5.34195,0.22026,0.23052,0.00506,6.30088,0.0676,1.95522,3.0641,0.22026,0.23052,2.51933,2.71694,2.53963,5.95184,6.30088,0.98779,2.83039
2026-03-02 19:00:00,3.68175,0.01195,0.07332,0.03096,0.06738,0.00919,0.03498,0.04071,0.09661,0.82869,1.70218,4.18633,0.00899,1.95493,2.51835,0,0.00754,0.00767,0,0.0337,0.01577,2.53815,2.24149,0.84153,0.99478,0.04746,7.02709,3.06393,0.30144,0.63266,1.06051,5.31501,0.22002,0.23025,0.00504,6.29401,0.06739,1.95493,3.06393,0.22002,0.23025,2.51835,2.71425,2.53815,5.9464,6.29401,0.98032,2.82165
2026-03-02 20:00:00,3.66591,0.0119,0.07315,0.0309,0.06717,0.00918,0.0349,0.04057,0.09634,0.80862,1.67605,4.13978,0.00899,1.95465,2.51741,0,0.00752,0.00766,0,0.03356,0.01571,2.5367,2.22295,0.83069,0.98294,0.04729,6.96286,3.06374,0.29579,0.62361,1.05443,5.28982,0.21979,0.22997,0.00503,6.28724,0.06717,1.95465,3.06374,0.21979,0.22997,2.51741,2.71158,2.5367,5.94104,6.28724,0.97459,2.8151
2026-03-02 21:00:00,3.65008,0.01185,0.07296,0.03086,0.06693,0.00917,0.03483,0.04043,0.09608,0.80199,1.64982,4.10202,0.009,1.95436,2.51648,0,0.00751,0.00764,0,0.03342,0.01567,2.5353,2.20748,0.81985,0.97111,0.04712,6.89863,3.06356,0.29015,0.61516,1.04929,5.26556,0.21955,0.22971,0.00502,6.28057,0.06696,1.95436,3.06356,0.21955,0.22971,2.51648,2.70896,2.5353,5.93576,6.28057,0.96979,2.81001
2026-03-02 22:00:00,3.63425,0.01181,0.07277,0.0308,0.06672,0.00914,0.03477,0.04029,0.09583,0.79534,1.62348,4.05468,0.00901,1.95408,2.51559,0,0.0075,0.00763,0,0.03329,0.01563,2.53394,2.19716,0.80901,0.95927,0.04696,6.8344,3.06339,0.2845,0.60703,1.04565,5.24282,0.21931,0.22944,0.00501,6.27399,0.06675,1.95408,3.06339,0.21931,0.22944,2.51559,2.70638,2.53394,5.93057,6.27399,0.96652,2.80593
2026-03-02 23:00:00,3.61841,0.01177,0.07258,0.03072,0.06651,0.00912,0.03471,0.04015,0.09557,0.80101,1.60207,4.00957,0.00902,1.9538,2.51473,0,0.00748,0.00762,0,0.03315,0.01559,2.53262,2.19004,0.79817,0.94743,0.04679,6.77017,3.06322,0.27885,0.59899,1.04049,5.21855,0.21907,0.22917,0.00498,6.2675,0.06653,1.9538,3.06322,0.21907,0.22917,2.51473,2.70383,2.53262,5.92546,6.2675,0.96171,2.8026
2026-03-03 00:00:00,3.60258,0.01173,0.07241,0.03065,0.06631,0.00911,0.03464,0.04001,0.09531,0.80017,1.58817,3.96496,0.00902,1.95351,2.51389,0,0.00747,0.00761,0,0.03301,0.01555,2.53134,2.18464,0.78733,0.93559,0.04663,6.70594,3.06304,0.2732,0.59099,1.03129,5.19022,0.21884,0.2289,0.00495,6.2611,0.06632,1.95351,3.06304,0.21884,0.2289,2.51389,2.70132,2.53134,5.92041,6.2611,0.95285,2.79982
2026-03-03 01:00:00,3.63068,0.01168,0.07225,0.0306,0.06611,0.00911,0.03456,0.03986,0.09504,0.81064,1.58459,3.93303,0.00903,1.95324,2.51307,0,0.00746,0.00759,0,0.03287,0.01551,2.5301,2.18017,0.78228,0.93024,0.04647,6.6852,3.06287,0.27597,0.59193,1.02042,5.18404,0.2186,0.22864,0.00492,6.2548,0.06611,1.95324,3.06287,0.2186,0.22864,2.51307,2.69883,2.5301,5.91547,6.2548,0.94227,2.79747
2026-03-03 02:00:00,3.65879,0.01164,0.07208,0.03056,0.0659,0.0091,0.03449,0.03972,0.09478,0.82082,1.58763,3.9048,0.00903,1.95295,2.51228,0,0.00745,0.00758,0,0.03274,0.01545,2.5289,2.17619,0.77723,0.9249,0.0463,6.66446,3.0627,0.27873,0.59656,1.0119,5.18016,0.21837,0.22838,0.0049,6.24857,0.06591,1.95295,3.0627,0.21837,0.22838,2.51228,2.69639,2.5289,5.91058,6.24857,0.93399,2.79545
2026-03-03 03:00:00,3.6869,0.0116,0.07191,0.03054,0.06569,0.00909,0.03443,0.03958,0.09453,0.83071,1.59711,3.88342,0.00904,1.95266,2.51153,0,0.00744,0.00757,0,0.0326,0.01541,2.52772,2.17409,0.77218,0.91955,0.04614,6.64372,3.06253,0.2815,0.60255,1.0066,5.17952,0.21813,0.22811,0.00489,6.24243,0.0657,1.95266,3.06253,0.21813,0.22811,2.51153,2.69398,2.52772,5.90577,6.24243,0.92894,2.7937
2026-03-03 04:00:00,3.715,0.01156,0.07173,0.03051,0.06547,0.00907,0.03437,0.03944,0.09428,0.83449,1.60905,3.87165,0.00906,1.95238,2.51079,0,0.00742,0.00755,0,0.03246,0.01537,2.52659,2.17479,0.76712,0.9142,0.04598,6.62298,3.06236,0.28427,0.60905,1.005,5.18257,0.2179,0.22785,0.00487,6.23638,0.06549,1.95238,3.06236,0.2179,0.22785,2.51079,2.6916,2.52659,5.90104,6.23638,0.92759,2.79217
2026-03-03 05:00:00,3.7431,0.01152,0.07155,0.03047,0.06527,0.00905,0.03432,0.03931,0.09403,0.83817,1.62364,3.86741,0.00906,1.9521,2.51007,0,0.00741,0.00754,0,0.03233,0.01533,2.5255,2.1772,0.76207,0.90886,0.04583,6.60224,3.06219,0.28703,0.61579,1.00449,5.1867,0.21766,0.2276,0.00485,6.23041,0.06529,1.9521,3.06219,0.21766,0.2276,2.51007,2.68925,2.5255,5.89638,6.23041,0.92732,2.79082
2026-03-03 06:00:00,3.77121,0.01148,0.07138,0.03043,0.06508,0.00904,0.03425,0.03917,0.09377,0.83881,1.63278,3.86967,0.00907,1.95182,2.50939,0,0.0074,0.00753,0,0.03219,0.01529,2.52444,2.18054,0.75702,0.90351,0.04567,6.5815,3.06203,0.2898,0.6226,1.0078,5.19466,0.21743,0.22733,0.00483,6.22452,0.06508,1.95182,3.06203,0.21743,0.22733,2.50939,2.68693,2.52444,5.89178,6.22452,0.93088,2.78963
2026-03-03 07:00:00,3.76127,0.01144,0.07122,0.0304,0.06489,0.00904,0.03418,0.03902,0.09351,0.84155,1.63851,3.8749,0.00908,1.95154,2.50872,0,0.00739,0.00751,0,0.03206,0.01525,2.52342,2.18436,0.75151,0.90101,0.04551,6.55099,3.06186,0.28954,0.62106,1.01338,5.18398,0.21719,0.22707,0.00481,6.2187,0.06488,1.95154,3.06186,0.21719,0.22707,2.50872,2.68465,2.52342,5.88727,6.2187,0.93674,2.78855
2026-03-03 08:00:00,3.75133,0.01139,0.07106,0.03036,0.06469,0.00904,0.03411,0.03889,0.09325,0.8415,1.64293,3.88274,0.00908,1.95125,2.50808,0,0.00738,0.0075,0,0.03193,0.0152,2.52242,2.18845,0.74599,0.8985,0.04536,6.52047,3.0617,0.28928,0.61818,1.01743,5.17175,0.21695,0.22681,0.0048,6.21298,0.06468,1.95125,3.0617,0.21695,0.22681,2.50808,2.68239,2.52242,5.88281,6.21298,0.94107,2.78759
2026-03-03 09:00:00,3.74139,0.01134,0.07088,0.03031,0.06447,0.00902,0.03405,0.03875,0.093,0.84146,1.64531,3.88714,0.00909,1.95097,2.50745,0,0.00737,0.00749,0,0.0318,0.01515,2.52147,2.18885,0.74048,0.896,0.0452,6.48996,3.06153,0.28903,0.61483,1.01988,5.15797,0.21672,0.22656,0.00479,6.20731,0.06448,1.95097,3.06153,0.21672,0.22656,2.50745,2.68017,2.52147,5.87844,6.20731,0.94382,2.78671
2026-03-03 10:00:00,3.73144,0.0113,0.07068,0.03023,0.06427,0.009,0.03399,0.03862,0.09276,0.83873,1.646,3.88765,0.0091,1.95069,2.50686,0,0.00735,0.00748,0,0.03167,0.01511,2.52054,2.18286,0.73496,0.8935,0.04505,6.45944,3.06137,0.28877,0.6113,1.01982,5.14168,0.21648,0.2263,0.00478,6.20174,0.06427,1.95069,3.06137,0.21648,0.2263,2.50686,2.67796,2.52054,5.87411,6.20174,0.94408,2.78592
2026-03-03 11:00:00,3.7215,0.01126,0.07048,0.03009,0.06408,0.00898,0.03393,0.03847,0.09251,0.83616,1.64567,3.88631,0.00911,1.95041,2.50628,0,0.00734,0.00747,0,0.03154,0.01507,2.51965,2.17286,0.72945,0.89099,0.0449,6.42893,3.06121,0.28851,0.60772,1.01864,5.12428,0.21625,0.22604,0.00476,6.19622,0.06407,1.95041,3.06121,0.21625,0.22604,2.50628,2.6758,2.51965,5.86986,6.19622,0.94323,2.78519
2026-03-03 12:00:00,3.71156,0.01122,0.07029,0.02999,0.0639,0.00898,0.03386,0.03833,0.09226,0.83611,1.644,3.88312,0.00912,1.95013,2.50572,0,0.00733,0.00746,0,0.03141,0.01504,2.51878,2.16067,0.72393,0.88849,0.04474,6.39841,3.06105,0.28825,0.60409,1.01339,5.1028,0.21602,0.22579,0.00474,6.19078,0.06387,1.95013,3.06105,0.21602,0.22579,2.50572,2.67366,2.51878,5.86566,6.19078,0.9383,2.72562
2026-03-03 13:00:00,3.67658,0.01118,0.07012,0.02991,0.06371,0.00897,0.03378,0.03819,0.092,0.82459,1.63876,3.86864,0.00914,1.94984,2.50519,0,0.00732,0.00745,0,0.03128,0.01499,2.51795,2.14732,0.71623,0.88147,0.04459,6.34978,3.0609,0.28301,0.59715,1.02114,5.08217,0.21578,0.22554,0.00472,6.18542,0.06367,1.94984,3.0609,0.21578,0.22554,2.50519,2.67154,2.51795,5.86154,6.18542,0.94637,2.5654
2026-03-03 14:00:00,3.6416,0.01113,0.06995,0.02984,0.06353,0.00897,0.0337,0.03804,0.09175,0.81299,1.63075,3.85298,0.00914,1.94957,2.50467,0,0.0073,0.00743,0,0.03116,0.01494,2.51715,2.13337,0.70852,0.87446,0.04445,6.30115,3.06074,0.27777,0.5881,1.04598,5.07863,0.21555,0.22529,0.0047,6.18012,0.06347,1.94957,3.06074,0.21555,0.22529,2.50467,2.66945,2.51715,5.85746,6.18012,0.97151,2.51157
2026-03-03 15:00:00,3.60662,0.01109,0.06978,0.02979,0.06333,0.00895,0.03364,0.0379,0.09151,0.79861,1.61922,3.83605,0.00915,1.94928,2.50418,0,0.00729,0.00742,0,0.03103,0.01489,2.51637,2.11864,0.70082,0.86744,0.0443,6.25253,3.06058,0.27253,0.5782,1.08687,5.09113,0.21532,0.22503,0.00469,6.17489,0.06328,1.94928,3.06058,0.21532,0.22503,2.50418,2.66739,2.51637,5.85345,6.17489,1.01271,2.49362
2026-03-03 16:00:00,3.57164,0.01105,0.0696,0.02972,0.06313,0.00892,0.03358,0.03777,0.09128,0.7841,1.60422,3.8161,0.00915,1.949,2.50371,0,0.00728,0.00741,0,0.0309,0.01485,2.51563,2.10307,0.69311,0.86042,0.04415,6.2039,3.06042,0.26728,0.568,1.20582,5.18169,0.21508,0.22478,0.00468,6.16972,0.06308,1.949,3.06042,0.21508,0.22478,2.50371,2.66535,2.51563,5.84951,6.16972,1.13198,2.48465
2026-03-03 17:00:00,3.53666,0.01102,0.06943,0.0296,0.06296,0.0089,0.03352,0.03763,0.09104,0.77217,1.5843,3.79319,0.00916,1.94872,2.50325,0,0.00726,0.0074,0,0.03078,0.01482,2.51491,2.08699,0.68541,0.85341,0.044,6.15527,3.06027,0.26204,0.55791,1.33872,5.28621,0.21485,0.22453,0.00466,6.16462,0.06288,1.94872,3.06027,0.21485,0.22453,2.50325,2.66334,2.51491,5.84561,6.16462,1.26518,2.47926
2026-03-03 18:00:00,3.50168,0.01098,0.06927,0.02952,0.06278,0.0089,0.03345,0.0375,0.09079,0.75473,1.56538,3.76695,0.00917,1.94843,2.5028,0,0.00725,0.00739,0,0.03065,0.01478,2.51422,2.07065,0.6777,0.84639,0.04385,6.10664,3.06012,0.2568,0.54766,1.33065,5.24972,0.21462,0.22428,0.00464,6.15958,0.06268,1.94843,3.06012,0.21462,0.22428,2.5028,2.66135,2.51422,5.84178,6.15958,1.25739,2.47567
2026-03-03 19:00:00,3.49172,0.01094,0.06912,0.02945,0.06261,0.00889,0.03337,0.03736,0.09053,0.74407,1.54685,3.73983,0.00917,1.94816,2.50238,0,0.00724,0.00738,0,0.03053,0.01474,2.51356,2.05417,0.67215,0.83872,0.04371,6.07477,3.05996,0.25545,0.54475,1.22907,5.14511,0.21439,0.22403,0.00462,6.15461,0.06249,1.94816,3.05996,0.21439,0.22403,2.50238,2.65937,2.51356,5.838,6.15461,1.15607,2.47311
2026-03-03 20:00:00,3.48176,0.0109,0.06897,0.0294,0.06242,0.00889,0.0333,0.03722,0.09028,0.72782,1.52856,3.70814,0.00919,1.94787,2.50198,0,0.00723,0.00736,0,0.0304,0.0147,2.51291,2.03761,0.6666,0.83105,0.04356,6.04291,3.05981,0.2541,0.54351,1.11379,5.02682,0.21415,0.22378,0.00461,6.1497,0.06229,1.94787,3.05981,0.21415,0.22378,2.50198,2.65743,2.51291,5.83428,6.1497,1.04105,2.47119
2026-03-03 21:00:00,3.47181,0.01086,0.0688,0.02936,0.06223,0.00888,0.03324,0.03708,0.09004,0.72261,1.50945,3.676,0.0092,1.9476,2.5016,0,0.00722,0.00735,0,0.03028,0.01467,2.5123,2.02477,0.66104,0.82338,0.04342,6.01104,3.05966,0.25275,0.54286,1.04598,4.95599,0.21391,0.22353,0.0046,6.14484,0.0621,1.9476,3.05966,0.21391,0.22353,2.5016,2.65551,2.5123,5.83061,6.14484,0.97351,2.46969
2026-03-03 22:00:00,3.46185,0.01082,0.06863,0.02933,0.06205,0.00885,0.03318,0.03695,0.0898,0.71732,1.49026,3.64439,0.00921,1.94732,2.50122,0,0.0072,0.00734,0,0.03016,0.01464,2.51171,2.0177,0.65549,0.8157,0.04328,5.97917,3.05951,0.2514,0.54248,1.02442,4.93142,0.21368,0.22328,0.00459,6.14006,0.0619,1.94732,3.05951,0.21368,0.22328,2.50122,2.65362,2.51171,5.827,6.14006,0.95223,2.46849
2026-03-03 23:00:00,3.45189,0.01079,0.06846,0.02928,0.06187,0.00884,0.03312,0.03682,0.08955,0.7234,1.47483,3.61305,0.00922,1.94703,2.50088,0,0.00719,0.00733,0,0.03003,0.01461,2.51114,2.01376,0.64994,0.80803,0.04313,5.94731,3.05936,0.25005,0.54219,0.98643,4.89045,0.21345,0.22304,0.00457,6.13532,0.06171,1.94703,3.05936,0.21345,0.22304,2.50088,2.65174,2.51114,5.82342,6.13532,0.91453,2.46751
2026-03-04 00:00:00,3.44193,0.01075,0.0683,0.02924,0.0617,0.00883,0.03306,0.03668,0.0893,0.72396,1.46504,3.58116,0.00923,1.94676,2.50054,0,0.00718,0.00731,0,0.02991,0.01458,2.5106,2.01151,0.64439,0.80036,0.04299,5.91544,3.05921,0.2487,0.54194,0.96556,4.8666,0.21322,0.22279,0.00455,6.13065,0.06151,1.94676,3.05921,0.21322,0.22279,2.50054,2.64988,2.5106,5.81991,6.13065,0.89397,2.4667
2026-03-04 01:00:00,3.478,0.01071,0.06815,0.0292,0.06153,0.00883,0.03299,0.03655,0.08904,0.73694,1.46419,3.56021,0.00923,1.94647,2.50022,0,0.00717,0.0073,0,0.02979,0.01454,2.51009,2.01017,0.64369,0.80075,0.04286,5.91648,3.05906,0.25361,0.54855,0.95136,4.87076,0.21299,0.22254,0.00453,6.12602,0.06132,1.94647,3.05906,0.21299,0.22254,2.50022,2.64805,2.51009,5.81645,6.12602,0.88006,2.46601
2026-03-04 02:00:00,3.51407,0.01067,0.06801,0.02917,0.06136,0.00882,0.03293,0.03641,0.08879,0.75035,1.46984,3.54207,0.00924,1.9462,2.49992,0,0.00716,0.00729,0,0.02967,0.01449,2.50959,2.00931,0.64299,0.80114,0.04272,5.91753,3.05892,0.25852,0.55787,0.9358,4.87358,0.21276,0.22229,0.00452,6.12146,0.06113,1.9462,3.05892,0.21276,0.22229,2.49992,2.64623,2.50959,5.81303,6.12146,0.8648,2.46542
2026-03-04 03:00:00,3.55015,0.01063,0.06785,0.02914,0.06118,0.00881,0.03288,0.03627,0.08854,0.76411,1.48236,3.5291,0.00925,1.94591,2.49964,0,0.00715,0.00727,0,0.02956,0.01445,2.50912,2.01148,0.64229,0.80153,0.04258,5.91857,3.05878,0.26344,0.56822,0.93038,4.88655,0.21253,0.22204,0.00451,6.11695,0.06094,1.94591,3.05878,0.21253,0.22204,2.49964,2.64444,2.50912,5.80967,6.11695,0.85969,2.4649
2026-03-04 04:00:00,3.58622,0.01059,0.06769,0.02909,0.06101,0.00879,0.03282,0.03614,0.0883,0.77213,1.49787,3.52424,0.00925,1.94563,2.49936,0,0.00713,0.00726,0,0.02944,0.01441,2.50867,2.01804,0.64158,0.80192,0.04245,5.91961,3.05863,0.26835,0.57894,0.93026,4.9045,0.21249,0.2218,0.0045,6.11248,0.06075,1.94563,3.05863,0.21249,0.2218,2.49936,2.64266,2.50867,5.80634,6.11248,0.85957,2.46446
2026-03-04 05:00:00,3.62229,0.01056,0.06753,0.02902,0.06086,0.00877,0.03277,0.03601,0.08807,0.7804,1.51751,3.52648,0.00927,1.94535,2.4991,0,0.00712,0.00725,0,0.02932,0.01437,2.50825,2.02699,0.64088,0.80231,0.04231,5.92066,3.05849,0.27326,0.58977,0.93268,4.925,0.21245,0.22156,0.00448,6.10808,0.06056,1.94535,3.05849,0.21245,0.22156,2.4991,2.64091,2.50825,5.80307,6.10808,0.862,2.46406
2026-03-04 06:00:00,3.65836,0.01052,0.06738,0.02896,0.0607,0.00876,0.03271,0.03587,0.08782,0.78567,1.53357,3.5355,0.00928,1.94507,2.49887,0,0.00711,0.00724,0,0.0292,0.01434,2.50784,2.03721,0.64018,0.8027,0.04218,5.9217,3.05834,0.27817,0.60073,0.93446,4.94486,0.21241,0.22131,0.00445,6.10372,0.06037,1.94507,3.05834,0.21241,0.22131,2.49887,2.63918,2.50784,5.79984,6.10372,0.86378,2.46371
2026-03-04 07:00:00,3.66835,0.01049,0.06724,0.02892,0.06055,0.00876,0.03264,0.03573,0.08756,0.79732,1.54902,3.55353,0.00929,1.94479,2.49864,0,0.0071,0.00723,0,0.02908,0.01429,2.50745,2.04813,0.64014,0.80701,0.04204,5.91901,3.0582,0.28076,0.60773,0.93596,4.9488,0.21237,0.22107,0.00443,6.09942,0.06018,1.94479,3.0582,0.21237,0.22107,2.49864,2.63746,2.50745,5.79666,6.09942,0.86527,2.46339
2026-03-04 08:00:00,3.67833,0.01045,0.06711,0.02888,0.06038,0.00875,0.03257,0.03559,0.08731,0.8059,1.56561,3.57542,0.0093,1.94451,2.49842,0,0.00709,0.00721,0,0.02897,0.01424,2.50709,2.05942,0.6401,0.81133,0.04191,5.91631,3.05806,0.28334,0.61378,0.93676,4.95203,0.21234,0.22082,0.00442,6.09516,0.05999,1.94451,3.05806,0.21234,0.22082,2.49842,2.63576,2.50709,5.79352,6.09516,0.86607,2.46311
2026-03-04 09:00:00,3.68832,0.01042,0.06697,0.02885,0.06021,0.00874,0.03251,0.03546,0.08708,0.81439,1.58189,3.59563,0.00931,1.94423,2.49822,0,0.00708,0.0072,0,0.02886,0.01419,2.50675,2.06699,0.64006,0.81564,0.04178,5.91362,3.05793,0.28593,0.61943,0.9378,4.95551,0.2123,0.22057,0.00441,6.09095,0.0598,1.94423,3.05793,0.2123,0.22057,2.49822,2.63407,2.50675,5.79042,6.09095,0.8671,2.46285
2026-03-04 10:00:00,3.69831,0.01038,0.06682,0.0288,0.06005,0.00872,0.03246,0.03533,0.08686,0.8195,1.5982,3.61452,0.00932,1.94395,2.49804,0,0.00706,0.00719,0,0.02874,0.01415,2.50642,2.06842,0.64002,0.81995,0.04165,5.91093,3.05779,0.28851,0.62487,0.93918,4.95932,0.21226,0.22033,0.0044,6.08678,0.05962,1.94395,3.05779,0.21226,0.22033,2.49804,2.63241,2.50642,5.78736,6.08678,0.86847,2.46262
2026-03-04 11:00:00,3.70829,0.01036,0.06667,0.02873,0.05989,0.0087,0.0324,0.0352,0.08663,0.82448,1.61462,3.63411,0.00934,1.94367,2.49786,0,0.00705,0.00718,0,0.02862,0.01412,2.50612,2.06634,0.63998,0.82427,0.04151,5.90823,3.05765,0.2911,0.63025,0.94063,4.9632,0.21222,0.22009,0.00437,6.08267,0.05943,1.94367,3.05765,0.21222,0.22009,2.49786,2.63077,2.50612,5.78435,6.08267,0.86991,2.46241
2026-03-04 12:00:00,3.71828,0.01032,0.06654,0.02867,0.05975,0.0087,0.03234,0.03506,0.0864,0.83285,1.63189,3.65374,0.00934,1.94339,2.4977,0,0.00704,0.00717,0,0.02851,0.01408,2.50583,2.06236,0.63994,0.82858,0.04138,5.90554,3.05752,0.29368,0.63564,0.94178,4.9668,0.21218,0.21985,0.00434,6.0786,0.05924,1.94339,3.05752,0.21218,0.21985,2.4977,2.62914,2.50583,5.78138,6.0786,0.87107,2.40394
2026-03-04 13:00:00,3.69518,0.01029,0.06642,0.02862,0.05959,0.00869,0.03227,0.03492,0.08616,0.82247,1.64014,3.66142,0.00935,1.94311,2.49756,0,0.00703,0.00716,0,0.0284,0.01404,2.50555,2.05739,0.63684,0.82745,0.04125,5.87923,3.05737,0.28828,0.62762,0.94208,4.94287,0.21215,0.2196,0.00431,6.07456,0.05906,1.94311,3.05737,0.21215,0.2196,2.49756,2.62753,2.50555,5.77845,6.07456,0.87139,2.30799
2026-03-04 14:00:00,3.67209,0.01025,0.06629,0.02858,0.05944,0.00869,0.03221,0.03479,0.08593,0.81197,1.64098,3.66919,0.00937,1.94282,2.49742,0,0.00702,0.00714,0,0.02828,0.01398,2.5053,2.05184,0.63374,0.82632,0.04112,5.85293,3.05724,0.28287,0.61618,0.94155,4.91812,0.21211,0.21937,0.00429,6.07059,0.05888,1.94282,3.05724,0.21211,0.21937,2.49742,2.62593,2.5053,5.77555,6.07059,0.87089,2.30799
2026-03-04 15:00:00,3.64899,0.01021,0.06615,0.02855,0.05927,0.00868,0.03216,0.03466,0.08571,0.79789,1.63466,3.67763,0.00938,1.94255,2.49729,0,0.00701,0.00713,0,0.02817,0.01394,2.50506,2.04377,0.63064,0.8252,0.041,5.82662,3.0571,0.27747,0.60334,0.9402,4.89256,0.21207,0.21914,0.00428,6.06664,0.05869,1.94255,3.0571,0.21207,0.21914,2.49729,2.62436,2.50506,5.77269,6.06664,0.86957,2.30799
2026-03-04 16:00:00,3.62589,0.01017,0.066,0.0285,0.05912,0.00865,0.03211,0.03453,0.08549,0.78374,1.62126,3.67948,0.00938,1.94227,2.49718,0,0.00699,0.00712,0,0.02806,0.0139,2.50485,2.03206,0.62753,0.82407,0.04087,5.80031,3.05697,0.27207,0.59004,0.93635,4.86448,0.21204,0.21893,0.00426,6.06275,0.05851,1.94227,3.05697,0.21204,0.21893,2.49718,2.6228,2.50485,5.76987,6.06275,0.86575,2.30799
2026-03-04 17:00:00,3.6028,0.01014,0.06586,0.02843,0.05898,0.00864,0.03206,0.03439,0.08526,0.77314,1.60127,3.67355,0.00938,1.94199,2.49709,0,0.00698,0.00711,0,0.02794,0.01386,2.50465,2.01836,0.62443,0.82294,0.04074,5.77401,3.05684,0.26666,0.57656,0.9312,4.8351,0.212,0.21873,0.00424,6.05888,0.05833,1.94199,3.05684,0.212,0.21873,2.49709,2.62125,2.50465,5.7671,6.05888,0.86063,2.30799
2026-03-04 18:00:00,3.5797,0.01011,0.06572,0.02837,0.05884,0.00863,0.03199,0.03426,0.08503,0.75531,1.58208,3.6604,0.0094,1.94171,2.497,0,0.00697,0.0071,0,0.02783,0.01382,2.50447,2.00368,0.62133,0.82181,0.04062,5.7477,3.05671,0.26126,0.56319,0.92727,4.80694,0.21196,0.21854,0.00422,6.05507,0.05815,1.94171,3.05671,0.21196,0.21854,2.497,2.61971,2.50447,5.76435,6.05507,0.85671,2.30799
2026-03-04 19:00:00,3.58147,0.01008,0.06559,0.02832,0.05871,0.00863,0.03192,0.03411,0.08478,0.74483,1.56286,3.63922,0.0094,1.94143,2.49692,0,0.00696,0.00709,0,0.02772,0.01378,2.50431,1.99138,0.61868,0.81856,0.04049,5.73379,3.05657,0.26056,0.56181,0.92433,4.80988,0.21193,0.21835,0.0042,6.05129,0.05797,1.94143,3.05657,0.21193,0.21835,2.49692,2.6182,2.50431,5.76163,6.05129,0.85377,2.30799
2026-03-04 20:00:00,3.58324,0.01004,0.06547,0.02828,0.05856,0.00862,0.03185,0.03397,0.08454,0.72693,1.5445,3.61132,0.00941,1.94115,2.49686,0,0.00695,0.00707,0,0.02762,0.01372,2.50416,1.97816,0.61603,0.81532,0.04037,5.71987,3.05644,0.25985,0.56236,0.92284,4.81423,0.21189,0.21819,0.00419,6.04756,0.05779,1.94115,3.05644,0.21189,0.21819,2.49686,2.6167,2.50416,5.75895,6.04756,0.85226,2.30799
2026-03-04 21:00:00,3.58501,0.01,0.06533,0.02825,0.05841,0.00861,0.03179,0.03384,0.0843,0.72373,1.52523,3.5824,0.00943,1.94087,2.4968,0,0.00694,0.00706,0,0.02751,0.01368,2.50403,1.9671,0.61338,0.81207,0.04024,5.70596,3.05631,0.25915,0.56371,0.92104,4.81827,0.21185,0.21802,0.00418,6.04385,0.05761,1.94087,3.05631,0.21185,0.21802,2.4968,2.61521,2.50403,5.75631,6.04385,0.85042,2.30799
2026-03-04 22:00:00,3.58678,0.00997,0.06519,0.0282,0.05826,0.00859,0.03174,0.03371,0.08407,0.72053,1.50547,3.55364,0.00944,1.94059,2.49675,0,0.00692,0.00705,0,0.0274,0.01364,2.50392,1.9606,0.61072,0.80882,0.04012,5.69204,3.05618,0.25844,0.56534,0.91867,4.82172,0.21182,0.21786,0.00417,6.04018,0.05743,1.94059,3.05618,0.21182,0.21786,2.49675,2.61374,2.50392,5.7537,6.04018,0.84801,2.30799
2026-03-04 23:00:00,3.58855,0.00994,0.06506,0.02812,0.05813,0.00857,0.03169,0.03358,0.08384,0.7321,1.48983,3.5255,0.00944,1.94032,2.49672,0,0.00691,0.00704,0,0.0273,0.0136,2.50382,1.95713,0.60807,0.80558,0.04,5.67813,3.05606,0.25774,0.56701,0.91621,4.82511,0.21178,0.21772,0.00415,6.03657,0.05725,1.94032,3.05606,0.21178,0.21772,2.49672,2.61227,2.50382,5.75112,6.03657,0.84553,2.30799
2026-03-05 00:00:00,3.59032,0.00992,0.06493,0.02806,0.058,0.00857,0.03163,0.03345,0.0836,0.73636,1.48126,3.4969,0.00946,1.94003,2.4967,0,0.0069,0.00703,0,0.02719,0.01357,2.50373,1.95558,0.60542,0.80233,0.03988,5.66421,3.05593,0.25703,0.56878,0.91423,4.82898,0.21175,0.21757,0.00413,6.03298,0.05707,1.94003,3.05593,0.21175,0.21757,2.4967,2.61082,2.50373,5.74858,6.03298,0.84353,2.30799
2026-03-05 01:00:00,3.63622,0.00988,0.06481,0.02802,0.05787,0.00856,0.03156,0.03332,0.08336,0.75717,1.4849,3.47687,0.00947,1.93976,2.49669,0,0.00689,0.00702,0,0.02708,0.01353,2.50366,1.95525,0.60664,0.80629,0.03975,5.6755,3.05581,0.26397,0.58084,0.9134,4.85758,0.21171,0.21743,0.00411,6.02944,0.0569,1.93976,3.05581,0.21171,0.21743,2.49669,2.60938,2.50366,5.74606,6.02944,0.8427,2.30799
2026-03-05 02:00:00,3.68212,0.00985,0.06469,0.02798,0.05773,0.00856,0.03149,0.03319,0.08313,0.7783,1.49837,3.45982,0.00948,1.93948,2.49551,0,0.00688,0.007,0,0.02698,0.01349,2.50361,1.95571,0.60786,0.81025,0.03963,5.68679,3.05567,0.2709,0.59612,0.9137,4.88731,0.21168,0.21731,0.00409,6.02592,0.05672,1.93948,3.05567,0.21168,0.21731,2.49551,2.60796,2.50361,5.74359,6.02592,0.84301,2.30799
2026-03-05 03:00:00,3.72802,0.00982,0.06456,0.02794,0.05758,0.00855,0.03144,0.03306,0.0829,0.7999,1.52104,3.44909,0.00949,1.93919,2.49435,0,0.00687,0.00699,0,0.02687,0.01346,2.50356,1.9593,0.60909,0.81422,0.03951,5.69808,3.05555,0.27784,0.6127,0.91487,4.91791,0.21164,0.21718,0.00408,6.02246,0.05655,1.93919,3.05555,0.21164,0.21718,2.49435,2.60654,2.50356,5.74114,6.02246,0.84418,2.30799
2026-03-05 04:00:00,3.77391,0.00979,0.06443,0.02789,0.05744,0.00852,0.03139,0.03294,0.08268,0.81407,1.54832,3.4493,0.0095,1.93892,2.49319,0,0.00685,0.00698,0,0.02677,0.01343,2.50353,1.9676,0.61031,0.81818,0.03939,5.70937,3.05542,0.28478,0.62984,0.91867,4.95113,0.21161,0.21706,0.00407,6.01902,0.05637,1.93892,3.05542,0.21161,0.21706,2.49319,2.60513,2.50353,5.73873,6.01902,0.84798,2.30799
2026-03-05 05:00:00,3.81981,0.00976,0.0643,0.02782,0.05731,0.00851,0.03134,0.03281,0.08246,0.82845,1.58081,3.45991,0.00951,1.93864,2.49205,0,0.00684,0.00697,0,0.02667,0.0134,2.50351,1.97897,0.61153,0.82214,0.03928,5.72066,3.0553,0.29171,0.64729,0.92386,4.98575,0.21157,0.21695,0.00405,6.01563,0.0562,1.93864,3.0553,0.21157,0.21695,2.49205,2.60369,2.50351,5.73634,6.01563,0.85317,2.30799
2026-03-05 06:00:00,3.86571,0.00973,0.06418,0.02776,0.05719,0.0085,0.03128,0.03267,0.08222,0.83902,1.60947,3.47988,0.00953,1.93836,2.49091,0,0.00683,0.00696,0,0.02656,0.01337,2.5035,1.99222,0.61275,0.8261,0.03916,5.73195,3.05518,0.29865,0.6647,0.92783,5.01913,0.21154,0.21684,0.00403,6.01228,0.05602,1.93836,3.05518,0.21154,0.21684,2.49091,2.60218,2.5035,5.73398,6.01228,0.85713,2.30799
2026-03-05 07:00:00,3.88234,0.0097,0.06406,0.02771,0.05707,0.0085,0.03122,0.03254,0.08198,0.84909,1.6365,3.5069,0.00954,1.93808,2.48978,0,0.00682,0.00695,0,0.02646,0.01333,2.5035,2.00785,0.61423,0.83342,0.03904,5.75121,3.05505,0.30048,0.67021,0.93127,5.03437,0.2115,0.21673,0.00401,6.00895,0.05585,1.93808,3.05505,0.2115,0.21673,2.48978,2.60059,2.5035,5.73165,6.00895,0.86056,2.30799
2026-03-05 08:00:00,3.89897,0.00967,0.06394,0.02767,0.05693,0.00849,0.03116,0.0324,0.08175,0.85516,1.66324,3.539,0.00955,1.9378,2.48866,0,0.00681,0.00693,0,0.02636,0.01328,2.5035,2.0265,0.61571,0.84074,0.03893,5.77048,3.05493,0.30231,0.67349,0.93366,5.04857,0.21147,0.21663,0.004,6.00568,0.05568,1.9378,3.05493,0.21147,0.21663,2.48866,2.5989,2.5035,5.72933,6.00568,0.86296,2.30799
2026-03-05 09:00:00,3.9156,0.00963,0.06382,0.02764,0.05679,0.00848,0.0311,0.03227,0.08153,0.86113,1.68333,3.5695,0.00956,1.93752,2.48755,0,0.0068,0.00692,0,0.02626,0.01324,2.50347,2.0401,0.6172,0.84807,0.03881,5.78974,3.0548,0.30414,0.67595,0.93724,5.06398,0.21144,0.21653,0.00399,6.00242,0.05551,1.93752,3.0548,0.21144,0.21653,2.48755,2.59714,2.50347,5.72706,6.00242,0.86656,2.30799
2026-03-05 10:00:00,3.93223,0.0096,0.06369,0.02759,0.05666,0.00846,0.03105,0.03215,0.08132,0.86299,1.69864,3.59785,0.00957,1.93724,2.48645,0,0.00678,0.00691,0,0.02616,0.0132,2.5034,2.04681,0.61868,0.85539,0.0387,5.809,3.05469,0.30596,0.67806,0.94391,5.08249,0.2114,0.21643,0.00398,5.99921,0.05533,1.93724,3.05469,0.2114,0.21643,2.48645,2.5953,2.5034,5.7248,5.99921,0.87328,2.30799
2026-03-05 11:00:00,3.94886,0.00958,0.06356,0.02752,0.05654,0.00844,0.03101,0.03201,0.0811,0.86472,1.71139,3.62557,0.00958,1.93697,2.48536,0,0.00677,0.0069,0,0.02606,0.01317,2.50329,2.04966,0.62016,0.86271,0.03859,5.82827,3.05457,0.30779,0.68007,0.95195,5.10238,0.21137,0.21635,0.00396,5.99603,0.05516,1.93697,3.05457,0.21137,0.21635,2.48536,2.5934,2.50329,5.72259,5.99603,0.88136,2.30799
2026-03-05 12:00:00,3.96549,0.00955,0.06344,0.02746,0.05643,0.00843,0.03095,0.03188,0.08088,0.87065,1.72188,3.64822,0.0096,1.93669,2.48427,0,0.00676,0.00689,0,0.02596,0.01313,2.50311,2.05043,0.62164,0.87003,0.03847,5.84753,3.05445,0.30962,0.68203,0.95821,5.1205,0.21134,0.21626,0.00394,5.99289,0.05499,1.93669,3.05445,0.21134,0.21626,2.48427,2.59144,2.50311,5.72038,5.99289,0.88768,2.30899
