GMT,FRAC1,LTDC1,HIDC1,BHNC1,MPAC1,OWCC1,BNCC1,BCKC1,MEEC1,HPIC1,POHC1,EXQC1,DSNC1,STVC1,NWMC1,LGCC1,WARC1,LGAC1,PNEC1,LBDC1,OREC1,PATC1,HETC1,LNRC1,CHVC1F,DCMC1,NDPC1,MDSC1,NDVC1,NSWC1,AVYC1,NMSC1,OBBC1,RIPC1,PTTC1,VNSC1,KNFC1L,STVC1,MDSC1,OBBC1,RIPC1,NWMC1,CRDC1,PATC1,MZRC1,VNSC1,AVYC1L,NDPC1L
,QINE,QINE,QINE,QINE,QINE,QINE,QINE,QINE,QINE,QINE,QINE,QINE,QINE,QINE,QINE,QINE,QINE,QINE,QINE,QINE,QINE,QINE,QINE,QINE,QINE,QINE,QINE,QINE,QINE,QINE,QINE,QINE,QINE,QINE,QINE,QINE,QINE,QINE,QINE,QINE,QINE,QINE,QINE,QINE,QINE,QINE,SQIN,SQIN
2026-02-14 18:00:00,1.9797,0,0.03066,0.01717,0.015,0.002,0.005,0.005,0.00814,0.15639,0.33794,1.26002,0.014,0.66307,1.1541,0.00079,0.00235,0.00313,0,0.00044,0.00001,1.21013,0.1005,0.10089,0.23616,0.001,0.90372,1.28517,0.05558,0.12218,0.21202,0.98814,0.26303,0.28547,0.00123,2.87102,0.00985,0.66307,1.28517,0.26303,0.28547,1.1541,1.14104,1.21013,2.35071,2.87102,0.17767,0.61509
2026-02-14 19:00:00,1.83242,0,0.03083,0.03434,0.015,0.002,0.005,0.005,0.00814,0.15639,0.33146,1.41601,0.014,0.66607,1.1577,0.00079,0.00235,0.00313,0,-0.00338,0.00001,1.21013,0.04717,0.11017,0.13098,0.001,0.89737,1.28157,0.056,0.11544,0.21402,0.98304,0.26303,0.28393,0.00123,2.87102,0.00983,0.66607,1.28157,0.26303,0.28393,1.1577,1.14104,1.21013,2.35457,2.87102,0.17672,0.61657
2026-02-14 20:00:00,1.64812,0,0.03099,0.04342,0.015,0.002,0.005,0.005,0.009,0.1615,0.33794,1.41569,0.014,0.66307,1.1577,0.00079,0.00235,0.00311,0,-0.00838,0.00001,1.21013,0.18122,0.12912,0.10565,0.001,0.89103,1.28877,0.0577,0.11547,0.21102,0.97815,0.26303,0.2824,0.00123,2.87102,0.00981,0.66307,1.28877,0.26303,0.2824,1.1577,1.14104,1.21013,2.35838,2.87102,0.17603,0.61805
2026-02-14 21:00:00,1.46389,0,0.04606,0.03434,0.015,0.002,0.005,0.005,0.009,0.1615,0.3412,1.36393,0.014,0.66307,1.1577,0.00079,0.00235,0.00307,0,-0.01339,0.00001,1.21514,0.23901,0.13805,0.22329,0.001,0.88468,1.28517,0.05843,0.09086,0.21102,0.97335,0.26003,0.28088,0.00123,2.86253,0.00979,0.66307,1.28517,0.26003,0.28088,1.1577,1.14486,1.21514,2.36192,2.86253,0.17542,0.61953
2026-02-14 22:00:00,1.24233,0,0.05356,0.02625,0.015,0.002,0.005,0.005,0.009,0.16671,0.33469,1.20903,0.014,0.66107,1.1577,0.00079,0.00234,0.0031,0,-0.01589,0.00001,1.21514,0.23903,0.12768,0.25999,0.001,0.88486,1.28877,0.05772,0.09272,0.21102,0.96873,0.26303,0.28088,0.0011,2.84557,0.00978,0.66107,1.28877,0.26303,0.28088,1.1577,1.14486,1.21514,2.36524,2.84557,0.17503,0.621
2026-02-14 23:00:00,1.13126,0,0.046,0.03434,0.015,0.002,0.005,0.005,0.009,0.17473,0.33794,1.05356,0.014,0.66107,1.1577,0.00079,0.00234,0.00306,0,-0.01589,0.00001,1.21514,0.31694,0.12768,0.17522,0.001,0.88504,1.29238,0.05773,0.10567,0.21002,0.964,0.26303,0.27785,0.00123,2.84557,0.00976,0.66107,1.29238,0.26303,0.27785,1.1577,1.14486,1.21514,2.36853,2.84557,0.17449,0.62248
2026-02-15 00:00:00,1.1307,0,0.04591,0.04242,0.01501,0.002,0.005,0.005,0.009,0.17203,0.3412,0.84506,0.014,0.66107,1.16129,0.00079,0.00234,0.0031,0,-0.01101,0.00001,1.21514,0.47045,0.13733,0.12513,0.001,0.88522,1.28877,0.05631,0.12168,0.20802,0.95899,0.26303,0.27785,0.00123,2.86253,0.00974,0.66107,1.28877,0.26303,0.27785,1.16129,1.14486,1.21514,2.37173,2.86253,0.17359,0.62396
2026-02-15 01:00:00,1.20427,0,0.046,0.03434,0.015,0.002,0.005,0.005,0.00814,0.17203,0.35109,0.5851,0.014,0.66107,1.16129,0.00079,0.00234,0.0031,0,-0.00126,0.00001,1.21514,0.56617,0.12006,0.16192,0.001,0.88539,1.28877,0.05593,0.10443,0.20802,0.94468,0.26303,0.27634,0.00123,2.86253,0.00972,0.66107,1.28877,0.26303,0.27634,1.16129,1.14486,1.21514,2.37482,2.86253,0.17254,0.62544
2026-02-15 02:00:00,1.38912,0,0.05356,0.03434,0.015,0.002,0.005,0.005,0.00814,0.17203,0.35442,0.3258,0.014,0.65807,1.16489,0.00079,0.00233,0.00309,0,0.00609,0.00001,1.21013,0.52837,0.09311,0.22465,0.001,0.88557,1.28877,0.05598,0.10443,0.20502,0.93018,0.26003,0.27483,0.00123,2.86253,0.00971,0.65807,1.28877,0.26003,0.27483,1.16489,1.14486,1.21013,2.37791,2.86253,0.17172,0.62691
2026-02-15 03:00:00,1.6473,0,0.06104,0.03434,0.01499,0.002,0.005,0.005,0.00814,0.17473,0.36112,0.16919,0.014,0.65607,1.16489,0.00072,0.00233,0.00308,0,0.0111,0.00001,1.21514,0.60541,0.08292,0.23101,0.001,0.88575,1.28877,0.05426,0.12721,0.20502,0.91562,0.26303,0.27333,0.00123,2.87102,0.00969,0.65607,1.28877,0.26303,0.27333,1.16489,1.14486,1.21514,2.38083,2.87102,0.17133,0.62839
2026-02-15 04:00:00,1.86831,0,0.06104,0.03434,0.015,0.002,0.005,0.005,0.00814,0.17473,0.36112,0.06453,0.01354,0.65607,1.16129,0.00072,0.00232,0.00308,0,0.0161,0.00001,1.21013,0.62451,0.08331,0.14144,0.001,0.88628,1.28877,0.0556,0.10752,0.20302,0.90098,0.26303,0.27183,0.0011,2.86253,0.00967,0.65607,1.28877,0.26303,0.27183,1.16129,1.14486,1.21013,2.38356,2.86253,0.1714,0.62743
2026-02-15 05:00:00,2.01632,0,0.05356,0.03434,0.014,0.002,0.005,0.005,0.00814,0.17473,0.3645,-0.0918,0.01354,0.65607,1.16489,0.00072,0.00231,0.00308,0,0.01639,0.00001,1.21514,0.60426,0.08424,0.12053,0.001,0.88682,1.28877,0.05459,0.07612,0.20202,0.88615,0.26303,0.27034,0.00099,2.86253,0.00966,0.65607,1.28877,0.26303,0.27034,1.16489,1.14868,1.21514,2.38617,2.86253,0.17177,0.62647
2026-02-15 06:00:00,2.12755,0,0.05365,0.03434,0.013,0.002,0.005,0.005,0.00814,0.17203,0.36112,0.02428,0.01354,0.65307,1.16129,0.00072,0.00231,0.00314,0,0,0.00001,1.21013,0.60409,0.0668,0.20539,0.001,0.88736,1.28877,0.05422,0.08286,0.20302,0.87156,0.26303,0.26885,0.00099,2.85404,0.00964,0.65307,1.28877,0.26303,0.26885,1.16129,1.14868,1.21013,2.38864,2.85404,0.17311,0.62551
2026-02-15 07:00:00,2.07758,0,0.06109,0.02525,0.013,0.002,0.005,0.005,0.00736,0.16936,0.36112,0.30267,0.01354,0.65307,1.16129,0.00066,0.00231,0.00314,0,-0.01618,0.00001,1.21514,0.56609,0.06664,0.25769,0.001,0.88789,1.28877,0.05456,0.1099,0.20202,0.83385,0.26303,0.26737,0.0011,2.86253,0.00962,0.65307,1.28877,0.26303,0.26737,1.16129,1.15251,1.21514,2.391,2.86253,0.17498,0.62454
2026-02-15 08:00:00,1.90405,0,0.0535,0.02525,0.013,0.002,0.004,0.005,0.00736,0.16671,0.35776,0.63829,0.01354,0.65807,1.1577,0.00072,0.0023,0.00314,0,-0.01783,0.00001,1.21013,0.58443,0.07375,0.23994,0.001,0.88843,1.29238,0.05427,0.10987,0.20302,0.79611,0.26303,0.26737,0.0011,2.86253,0.00961,0.65807,1.29238,0.26303,0.26737,1.1577,1.14868,1.21013,2.39322,2.86253,0.17639,0.62358
2026-02-15 09:00:00,1.69422,0,0.04603,0.03434,0.013,0.002,0.004,0.005,0.00736,0.16671,0.35442,0.87092,0.01354,0.65607,1.16129,0.00066,0.0023,0.00314,0,-0.01713,0.00001,1.21013,0.64208,0.06505,0.18747,0.001,0.88896,1.28877,0.05355,0.10864,0.20202,0.75844,0.26303,0.26589,0.0011,2.86253,0.00959,0.65607,1.28877,0.26303,0.26589,1.16129,1.15251,1.21013,2.39535,2.86253,0.17747,0.62262
2026-02-15 10:00:00,1.52157,0,0.05353,0.03434,0.013,0.002,0.004,0.005,0.00665,0.16671,0.35109,0.93067,0.01354,0.65607,1.16129,0.00066,0.00229,0.00313,0,-0.01642,0.00001,1.21514,0.66194,0.07524,0.17003,0.001,1.01922,1.29238,0.05318,0.09819,0.20002,0.72076,0.26303,0.26589,0.0011,2.86253,0.00957,0.65607,1.29238,0.26303,0.26589,1.16129,1.15251,1.21514,2.3974,2.86253,0.17803,0.62166
2026-02-15 11:00:00,1.36886,0,0.06104,0.02625,0.013,0.002,0.004,0.005,0.00665,0.16409,0.35442,1.04238,0.01354,0.65607,1.16489,0.00066,0.00229,0.00313,0,-0.01101,0.00001,1.21013,0.56536,0.09266,0.19003,0.003,1.14947,1.29238,0.0528,0.09819,0.20002,0.6835,0.26303,0.26442,0.0011,2.85404,0.00956,0.65607,1.29238,0.26303,0.26442,1.16489,1.15251,1.21013,2.39946,2.85404,0.17872,0.62069
2026-02-15 12:00:00,1.19965,0,0.05347,0.02625,0.013,0.002,0.004,0.005,0.00665,0.16409,0.35109,0.87186,0.01354,0.65607,1.16489,0.00066,0.00228,0.00313,0,0.00621,0.00001,1.21013,0.52663,0.11881,0.24505,0.004,1.27973,1.28877,0.05349,0.07912,0.20002,0.64667,0.26303,0.26295,0.0011,2.85404,0.00954,0.65607,1.28877,0.26303,0.26295,1.16489,1.15251,1.21013,2.40144,2.85404,0.17962,0.55488
2026-02-15 13:00:00,1.15015,0,0.03846,0.03434,0.013,0.002,0.004,0.005,0.00601,0.16409,0.34778,0.58562,0.01354,0.65607,1.16489,0.00066,0.00228,0.00313,0,0.01836,0.00001,1.21514,0.56122,0.12753,0.21317,0.004,1.40999,1.29238,0.05285,0.05207,0.20002,0.5552,0.26303,0.26149,0.0011,2.85404,0.00952,0.65607,1.29238,0.26303,0.26149,1.16489,1.15251,1.21514,2.40339,2.85404,0.18055,0.25311
2026-02-15 14:00:00,1.19965,0,0.03849,0.02525,0.013,0.002,0.004,0.005,0.00601,0.1615,0.34448,0.5293,0.014,0.65607,1.16489,0.00066,0.00228,0.00311,0,0.0133,0.00001,1.21514,0.53491,0.12028,0.08452,0.004,1.54024,1.29598,0.05284,0.06502,0.20002,0.46354,0.26303,0.26149,0.0011,2.85404,0.00951,0.65607,1.29598,0.26303,0.26149,1.16489,1.15251,1.21514,2.40531,2.85404,0.1813,0.28398
2026-02-15 15:00:00,1.24916,0,0.03846,0.01617,0.013,0.002,0.004,0.005,0.00601,0.15893,0.34448,0.52939,0.014,0.65607,1.16849,0.00066,0.00227,0.00305,0,0.00315,0.00001,1.21514,0.43076,0.12172,0.10041,0.004,1.6705,1.29238,0.05247,0.08718,0.20202,0.3715,0.26303,0.26003,0.0011,2.85404,0.00949,0.65607,1.29238,0.26303,0.26003,1.16849,1.15251,1.21514,2.40708,2.85404,0.18165,0.31485
2026-02-15 16:00:00,1.23238,0,0.02345,0.02425,0.013,0.002,0.004,0.005,0.00601,0.15893,0.34448,0.64348,0.014,0.65307,1.16489,0.00066,0.00227,0.00304,0,-0.00701,0.00001,1.21914,0.40298,0.12171,0.23301,0.004,1.8247,1.29598,0.05282,0.09887,0.20002,0.27907,0.26303,0.26003,0.0011,2.85404,0.00947,0.65307,1.29598,0.26303,0.26003,1.16489,1.15251,1.21914,2.40886,2.85404,0.18162,0.34571
2026-02-15 17:00:00,1.16641,0,0.02345,0.03234,0.012,0.002,0.004,0.005,0.00601,0.15893,0.3412,0.75805,0.01436,0.65607,1.16489,0.00072,0.00227,0.00303,0,-0.0136,0.00001,1.21914,0.43382,0.10321,0.23265,0.004,1.9789,1.29238,0.05074,0.10934,0.19902,0.18639,0.26303,0.25852,0.0011,2.83711,0.00946,0.65607,1.29238,0.26303,0.25852,1.16489,1.15251,1.21914,2.41073,2.83711,0.18135,0.37658
2026-02-15 18:00:00,1.10043,0,0.03096,0.04142,0.012,0.002,0.005,0.005,0.00601,0.15639,0.33794,0.98735,0.01436,0.65607,1.16489,0.00072,0.00227,0.00302,0,-0.01878,0.00001,1.21914,0.4068,0.08473,0.12967,0.005,2.1331,1.29238,0.05071,0.13336,0.19802,0.09299,0.26003,0.25702,0.0011,2.84557,0.00944,0.65607,1.29238,0.26003,0.25702,1.16489,1.15251,1.21914,2.4125,2.84557,0.18035,0.40745
2026-02-15 19:00:00,1.00112,0,0.03846,0.04242,0.012,0.002,0.005,0.005,0.00543,0.15639,0.33794,1.38908,0.014,0.65607,1.16489,0.00072,0.00226,0.00298,0,-0.02608,0.00001,1.21914,0.40292,0.11199,0.11595,0.005,2.2873,1.29238,0.05033,0.14074,0.19702,0.15508,0.26303,0.25702,0.0011,2.82866,0.00942,0.65607,1.29238,0.26303,0.25702,1.16489,1.15251,1.21914,2.41421,2.82866,0.17895,0.43832
2026-02-15 20:00:00,0.85232,0,0.03849,0.04242,0.012,0.002,0.005,0.005,0.00601,0.15387,0.33469,1.44672,0.014,0.65607,1.16489,0.00072,0.00226,0.00301,0,-0.02831,0.00001,1.21914,0.36423,0.14798,0.17869,0.005,2.4415,1.29598,0.05102,0.11797,0.19602,0.21751,0.26303,0.25553,0.0011,2.83711,0.00941,0.65607,1.29598,0.26303,0.25553,1.16489,1.15251,1.21914,2.4158,2.83711,0.17789,0.46919
2026-02-15 21:00:00,0.70394,0,0.03102,0.04242,0.012,0.002,0.005,0.005,0.00543,0.15119,0.33794,1.3904,0.014,0.65307,1.16489,0.00072,0.00226,0.00296,0,-0.02546,0.00001,1.21914,0.3254,0.15633,0.2238,0.004,2.5957,1.29238,0.05143,0.08409,0.19602,0.2801,0.26303,0.25553,0.0011,2.83711,0.00939,0.65307,1.29238,0.26303,0.25553,1.16489,1.15251,1.21914,2.41725,2.83711,0.17699,0.50006
2026-02-15 22:00:00,0.6054,0,0.03102,0.03434,0.013,0.002,0.005,0.005,0.00601,0.15119,0.33469,1.39221,0.014,0.65607,1.16849,0.00072,0.00225,0.00295,0,-0.0226,0.00001,1.22314,0.26729,0.1283,0.1928,0.004,2.64946,1.2996,0.05036,0.09454,0.19602,0.34299,0.26003,0.25404,0.0011,2.83711,0.00937,0.65607,1.2996,0.26003,0.25404,1.16849,1.15634,1.22314,2.41864,2.83711,0.17639,0.53093
2026-02-15 23:00:00,0.57216,0,0.03099,0.03434,0.013,0.002,0.005,0.005,0.00601,0.15387,0.33146,1.27803,0.014,0.65307,1.16849,0.00072,0.00225,0.00295,0,-0.01943,0.00001,1.22714,0.19067,0.10174,0.10199,0.004,2.70321,1.2996,0.05071,0.11544,0.19602,0.40559,0.26003,0.25255,0.0011,2.83711,0.00936,0.65307,1.2996,0.26003,0.25255,1.16849,1.15634,1.22714,2.42005,2.83711,0.1755,0.5618
2026-02-16 00:00:00,0.57183,0,0.03846,0.02625,0.013,0.001,0.005,0.005,0.00601,0.15387,0.33146,1.04816,0.014,0.65607,1.16489,0.00072,0.00224,0.00294,0,-0.01377,0.00001,1.22314,0.15181,0.1028,0.09869,0.004,2.75697,1.29598,0.05142,0.10372,0.19302,0.46749,0.26003,0.25255,0.0011,2.85404,0.00934,0.65607,1.29598,0.26003,0.25255,1.16489,1.15251,1.22314,2.42143,2.85404,0.17391,0.59266
2026-02-16 01:00:00,0.60499,0,0.04597,0.01717,0.013,0.001,0.004,0.005,0.00601,0.15387,0.32504,0.64548,0.014,0.65307,1.16849,0.00072,0.00224,0.00294,0,-0.00777,0.00001,1.22314,0.11295,0.08426,0.17916,0.004,2.81072,1.30322,0.05071,0.09263,0.19102,0.52793,0.26303,0.25107,0.0011,2.86253,0.00932,0.65307,1.30322,0.26303,0.25107,1.16849,1.15634,1.22314,2.42287,2.86253,0.17202,0.62353
2026-02-16 02:00:00,0.67132,0,0.05347,0.01717,0.013,0.001,0.004,0.005,0.00601,0.15387,0.32824,0.30063,0.014,0.65307,1.16489,0.00072,0.00223,0.00294,0,0.00003,0.00001,1.22314,0.01703,0.04754,0.22229,0.004,2.86448,1.30322,0.0507,0.07415,0.19302,0.58902,0.26003,0.25107,0.0011,2.84557,0.00931,0.65307,1.30322,0.26003,0.25107,1.16489,1.15251,1.22314,2.42436,2.84557,0.17053,0.6544
2026-02-16 03:00:00,0.7372,0,0.06098,0.02625,0.013,0.001,0.004,0.005,0.00665,0.15893,0.32504,0.06966,0.014,0.65007,1.16849,0.00066,0.00223,0.00293,0,0.00427,0.00001,1.21914,0,0.04756,0.11975,0.004,2.91823,1.30322,0.05213,0.08092,0.19202,0.65093,0.26303,0.24959,0.0011,2.85404,0.0093,0.65007,1.30322,0.26303,0.24959,1.16849,1.15251,1.21914,2.42573,2.85404,0.16961,0.68527
2026-02-16 04:00:00,0.8029,0,0.06845,0.02625,0.012,0.001,0.004,0.005,0.00665,0.15639,0.33146,-0.21867,0.014,0.65307,1.16489,0.00066,0.00223,0.00294,0,0.00848,0.00001,1.21914,0,0.0934,0.07953,0.004,3.0795,1.30684,0.05071,0.08768,0.19302,0.71379,0.26303,0.24812,0.0011,2.85404,0.00928,0.65307,1.30684,0.26303,0.24812,1.16489,1.15251,1.21914,2.4272,2.85404,0.16933,0.71614
2026-02-16 05:00:00,0.83508,0,0.06845,0.02625,0.012,0.001,0.004,0.005,0.00665,0.15639,0.32824,-0.27518,0.014,0.65307,1.16849,0.00066,0.00222,0.00299,0,0.01589,0.00001,1.21914,0.01507,0.12103,0.19217,0.004,3.24076,1.30684,0.05071,0.06308,0.19102,0.77737,0.26303,0.24812,0.0011,2.86253,0.00927,0.65307,1.30684,0.26303,0.24812,1.16849,1.15251,1.21914,2.42877,2.86253,0.16919,0.74701
2026-02-16 06:00:00,0.97546,0,0.06106,0.01717,0.012,0.001,0.004,0.005,0.00665,0.15639,0.33146,-0.04245,0.014,0.65307,1.16849,0.00066,0.00222,0.00299,0,0.01942,0.00001,1.21914,0,0.10249,0.2341,0.004,3.40203,1.30322,0.05034,0.05202,0.19102,0.84199,0.26303,0.24812,0.0011,2.86253,0.00925,0.65307,1.30322,0.26303,0.24812,1.16849,1.15634,1.21914,2.43029,2.86253,0.16961,0.77788
2026-02-16 07:00:00,1.17683,0,0.05365,0.02625,0.012,0.001,0.004,0.005,0.00665,0.15639,0.33146,0.31083,0.014,0.65307,1.1721,0.00066,0.00222,0.00298,0,0.02119,0.00001,1.21914,0,0.09265,0.20666,0.004,3.56329,1.31408,0.0514,0.07173,0.18902,0.95698,0.26303,0.24666,0.0011,2.86253,0.01373,0.65307,1.31408,0.26303,0.24666,1.1721,1.16018,1.21914,2.43184,2.86253,0.17037,0.80875
2026-02-16 08:00:00,1.29721,0,0.04611,0.03434,0.012,0.001,0.004,0.005,0.00665,0.15387,0.33146,0.72295,0.014,0.65307,1.1721,0.00066,0.00221,0.00298,0,0.01763,0.00001,1.21514,0,0.12931,0.16505,0.004,3.72456,1.32133,0.05033,0.10437,0.19102,1.07314,0.26303,0.24666,0.00123,2.87102,0.01821,0.65307,1.32133,0.26303,0.24666,1.1721,1.16018,1.21514,2.43334,2.87102,0.17092,0.83961
2026-02-16 09:00:00,1.41769,0,0.04609,0.02525,0.012,0.002,0.004,0.005,0.00665,0.15387,0.33469,0.9606,0.014,0.65307,1.1721,0.00066,0.00221,0.00298,0,0.01054,0.00001,1.21914,0,0.14785,0.1783,0.004,3.88582,1.33952,0.05004,0.10684,0.19102,1.19082,0.26303,0.24666,0.00123,2.87102,0.0227,0.65307,1.33952,0.26303,0.24666,1.1721,1.16018,1.21914,2.43474,2.87102,0.17166,0.87048
2026-02-16 10:00:00,1.60277,0,0.04609,0.03434,0.012,0.002,0.004,0.005,0.00665,0.15119,0.33469,1.1963,0.014,0.65307,1.17571,0.00066,0.00221,0.00297,0,0.01763,0.00001,1.21914,0,0.12026,0.24696,0.005,4.03045,1.37978,0.04932,0.11302,0.19402,1.30992,0.26703,0.24666,0.00137,2.87102,0.02718,0.65307,1.37978,0.26703,0.24666,1.17571,1.16403,1.21914,2.43636,2.87102,0.17246,0.90135
2026-02-16 11:00:00,1.8215,0,0.04609,0.03434,0.012,0.002,0.004,0.005,0.00665,0.15119,0.33146,1.31501,0.014,0.65607,1.17571,0.00066,0.0022,0.00297,0,0.02119,0.00001,1.22314,0,0.10139,0.28269,0.008,4.17508,1.43523,0.04931,0.13765,0.19302,1.43112,0.26703,0.24812,0.00137,2.87953,0.03166,0.65607,1.43523,0.26703,0.24812,1.17571,1.16788,1.22314,2.43852,2.87953,0.17386,0.93222
2026-02-16 12:00:00,1.9154,0,0.04597,0.04242,0.012,0.002,0.004,0.005,0.00665,0.14854,0.33146,1.14119,0.014,0.65807,1.17933,0.00066,0.0022,0.00296,0,0.01236,0.00001,1.23114,0,0.1192,0.21332,0.008,4.31972,1.49131,0.05002,0.16229,0.19602,1.55609,0.27003,0.25107,0.00152,2.87953,0.03614,0.65807,1.49131,0.27003,0.25107,1.17933,1.17173,1.23114,2.44168,2.87953,0.177,1.60639
2026-02-16 13:00:00,1.96334,0,0.05344,0.04242,0.012,0.002,0.004,0.005,0.00665,0.15119,0.33146,0.84537,0.01436,0.66107,1.18657,0.00072,0.0022,0.00296,0,0.01236,0.00001,1.23914,0.02098,0.12905,0.14422,0.009,4.46435,1.5556,0.05074,0.18074,0.19802,1.8999,0.27403,0.24812,0.00172,2.87102,0.04502,0.66107,1.5556,0.27403,0.24812,1.18657,1.17946,1.23914,2.44692,2.87102,0.18097,2.45379
2026-02-16 14:00:00,2.05904,0,0.06103,0.06059,0.012,0.002,0.004,0.005,0.00736,0.15119,0.33146,0.66781,0.01473,0.66107,1.19383,0.00086,0.00219,0.00294,0,0.01886,0.00001,1.24714,0.14596,0.12878,0.21338,0.014,4.60898,1.63223,0.05076,0.20105,0.20502,2.24282,0.27803,0.24959,0.00192,2.87953,0.05389,0.66107,1.63223,0.27803,0.24959,1.19383,1.17946,1.24714,2.45507,2.87953,0.18404,2.46202
2026-02-16 15:00:00,2.2509,0,0.06851,0.08584,0.012,0.002,0.005,0.005,0.00736,0.15119,0.33146,0.96304,0.01473,0.66107,1.1902,0.00101,0.00219,0.00289,0,0.0354,0.00001,1.26414,0.27178,0.13759,0.3167,0.006,4.75361,1.67482,0.05177,0.21276,0.20902,2.58596,0.27803,0.25107,0.00214,2.89657,0.06277,0.66107,1.67482,0.27803,0.25107,1.1902,1.18333,1.26414,2.46642,2.89657,0.18731,2.47103
2026-02-16 16:00:00,2.4423,0,0.07598,0.08484,0.024,0.003,0.005,0.005,0.00814,0.15119,0.32824,1.19926,0.01511,0.66107,1.19383,0.00139,0.00219,0.00289,0,0.03779,0.00001,1.26814,0.31973,0.15617,0.36489,0.005,5.16207,1.71381,0.05286,0.1783,0.21102,2.929,0.28103,0.25404,0.00262,2.89657,0.07164,0.66107,1.71381,0.28103,0.25404,1.19383,1.18333,1.26814,2.48131,2.89657,0.19051,2.48095
2026-02-16 17:00:00,2.48978,0,0.106,0.10201,0.025,0.003,0.005,0.005,0.009,0.15119,0.33146,1.4372,0.01511,0.66307,1.19383,0.00173,0.00218,0.00288,0,0.03402,0.00001,1.27614,0.38773,0.17512,0.32359,0.008,5.57053,1.76095,0.05217,0.17521,0.21702,3.27432,0.28503,0.26003,0.00289,2.92222,0.08052,0.66307,1.76095,0.28503,0.26003,1.19383,1.19109,1.27614,2.49941,2.92222,0.19599,2.49191
2026-02-16 18:00:00,2.49028,0,0.14361,0.12826,0.025,0.005,0.006,0.005,0.009,0.15119,0.33146,1.97038,0.01549,0.66307,1.19383,0.00226,0.00218,0.00288,0,0.04003,0.00001,1.28114,0.47973,0.19448,0.31707,0.012,5.97899,1.82037,0.05462,0.17332,0.22002,3.62623,0.29203,0.26589,0.00376,2.93079,0.08939,0.66307,1.82037,0.29203,0.26589,1.19383,1.19109,1.28114,2.51952,2.93079,0.20805,2.50408
2026-02-16 19:00:00,2.49028,0,0.15109,0.13635,0.025,0.005,0.006,0.006,0.00995,0.15119,0.33469,2.2066,0.01549,0.66807,1.20474,0.00388,0.00219,0.00288,0,0.04073,0.00001,1.29314,0.57569,0.23966,0.46353,0.018,6.38744,1.89645,0.05395,0.18253,0.22503,4.16765,0.29603,0.27483,0.00437,2.94796,0.14463,0.66807,1.89645,0.29603,0.27483,1.20474,1.19888,1.29314,2.54124,2.94796,0.22325,2.5177
2026-02-16 20:00:00,2.4423,0,0.1435,0.11009,0.026,0.018,0.007,0.006,0.0141,0.15639,0.33794,2.32456,0.01589,0.67107,1.20839,0.00433,0.00219,0.00287,0,0.03847,0.00001,1.31015,0.53887,0.23024,0.5034,0.039,6.7959,1.98974,0.05433,0.1936,0.23203,4.57039,0.30403,0.28088,0.00536,2.97379,0.19986,0.67107,1.98974,0.30403,0.28088,1.20839,1.20668,1.31015,2.56496,2.97379,0.23501,2.53301
2026-02-16 21:00:00,2.20249,0,0.13602,0.10201,0.027,0.007,0.008,0.006,0.01195,0.1615,0.34778,2.50282,0.01589,0.66807,1.20839,0.00925,0.0022,0.00287,0,0.03326,0.00001,1.32315,0.52039,0.19425,0.40524,0.018,7.20436,2.06364,0.0568,0.18127,0.23503,4.83658,0.31103,0.27785,0.00572,2.99107,0.2551,0.66807,2.06364,0.31103,0.27785,1.20839,1.21452,1.32315,2.59151,2.99107,0.24336,2.55036
2026-02-16 22:00:00,1.9152,0,0.16607,0.11109,0.027,0.007,0.009,0.007,0.00995,0.1615,0.35442,2.80018,0.01589,0.66807,1.20839,0.01204,0.00221,0.00287,0,0.02475,0.00001,1.33115,0.57898,0.21207,0.36867,0.019,7.20436,2.09258,0.05642,0.27541,0.23903,4.9664,0.31103,0.27634,0.00648,3.0084,0.31034,0.66807,2.09258,0.31103,0.27634,1.20839,1.21452,1.33115,2.62196,3.0084,0.24732,2.57019
2026-02-16 23:00:00,1.81977,0,0.15112,0.12018,0.016,0.008,0.01,0.007,0.00995,0.16409,0.35442,3.02873,0.01629,0.67107,1.2157,0.01457,0.00221,0.00286,0,0.01554,0.00001,1.33115,0.57985,0.22992,0.44026,0.016,7.20436,2.10502,0.05853,0.30926,0.24203,4.97072,0.32604,0.27785,0.00687,3.02576,0.36557,0.67107,2.10502,0.32604,0.27785,1.2157,1.21844,1.33115,2.6558,3.02576,0.25173,2.59308
2026-02-17 00:00:00,1.91524,0,0.09853,0.12826,0.029,0.008,0.024,0.007,0.01298,0.1615,0.35442,3.12316,0.01713,0.67408,1.21936,0.01735,0.00222,0.00287,0,0.00895,0.00001,1.33115,0.54138,0.22012,0.48825,0.012,7.20436,2.09673,0.05823,0.30249,0.24703,4.84898,0.35804,0.27785,0.00814,3.06062,0.42081,0.67408,2.09673,0.35804,0.27785,1.21936,1.22237,1.33115,2.68909,3.06062,0.25646,2.61977
2026-02-17 01:00:00,2.2985,0,0.09096,0.12018,0.06801,0.013,0.018,0.01,0.01662,0.15971,0.36112,3.32686,0.01837,0.67408,1.22302,0.01883,0.00222,0.00293,0,0.00353,0.00001,1.33115,0.50347,0.1932,0.41639,0.011,7.20436,2.0719,0.0617,0.31788,0.24903,4.96858,0.43805,0.27634,0.00859,3.08687,0.54654,0.67408,2.0719,0.43805,0.27634,1.22302,1.23024,1.33115,2.72188,3.08687,0.26078,2.65132
2026-02-17 02:00:00,2.68221,0,0.0985,0.14643,0.09601,0.026,0.49506,0.013,0.01804,0.15791,0.36111,3.5668,0.01913,0.67608,1.22302,0.02989,0.00222,0.00307,0,0.00165,0.0013,1.32715,0.55962,0.1939,0.4343,0.011,7.20436,2.05951,0.06277,0.30496,0.25203,5.06847,0.66307,0.27936,0.00905,3.12203,0.67227,0.67608,2.05951,0.66307,0.27936,1.22302,1.23419,1.32715,2.75324,3.12203,0.26437,2.68919
2026-02-17 03:00:00,2.92178,0,0.11356,0.1636,0.12401,0.044,1.15613,0.033,0.02124,0.15608,0.35987,3.31097,0.01913,0.67608,1.22669,0.03624,0.00223,0.00326,0,0.00212,0.00172,1.32715,0.61661,0.21171,0.46823,0.013,7.20436,2.04715,0.06312,0.32897,0.25303,5.14682,0.8931,0.28393,0.00953,3.15736,0.798,0.67608,2.04715,0.8931,0.28393,1.22669,1.2421,1.32715,2.78221,3.15736,0.26578,2.73546
2026-02-17 04:00:00,3.16113,0,0.0912,0.15452,0.05901,0.08601,1.19213,0.04,0.02735,0.15422,0.35776,2.74728,0.02157,0.67908,1.23036,0.03299,0.00223,0.00365,0,0.00591,0.00208,1.32715,0.57794,0.19389,0.389,0.01,7.20436,2.03892,0.06282,0.25761,0.25403,5.20435,1.23614,0.28855,0.00905,3.19286,0.92373,0.67908,2.03892,1.23614,0.28855,1.23036,1.25002,1.32715,2.80877,3.19286,0.26534,2.7933
2026-02-17 05:00:00,3.25899,0,0.09117,0.13735,0.08501,0.06101,1.38315,0.037,0.03268,0.15235,0.35442,2.53637,0.80332,0.68108,1.23036,0.03827,0.00223,0.00405,0,0.00359,0.00208,1.32715,0.55682,0.18097,0.39092,0.009,7.20436,2.03892,0.06522,0.21885,0.25303,5.24194,1.62118,0.29477,0.00859,3.23632,1.04946,0.68108,2.03892,1.62118,0.29477,1.23036,1.25797,1.32715,2.83336,3.23632,0.26351,2.86768
2026-02-17 06:00:00,3.19823,0,0.12863,0.12926,0.14002,0.08701,1.75019,0.26803,0.0472,0.15045,0.34778,2.4274,1.71533,0.68108,1.23403,0.03896,0.00223,0.0051,0,0.0095,0.00221,1.33115,0.59577,0.18282,0.46695,0.008,7.20436,2.05127,0.06557,0.24286,0.24603,5.25657,1.8142,0.30106,0.00859,3.2965,1.17519,0.68108,2.05127,1.8142,0.30106,1.23403,1.26196,1.33115,2.85623,3.2965,0.2576,2.96684
2026-02-17 07:00:00,2.99334,0,0.12869,0.15452,0.12301,0.07201,1.7522,0.26403,0.36494,0.14856,0.33794,2.47197,1.6785,0.68408,1.23403,0.03759,0.00223,0.00633,0.03226,0.01774,0.00221,1.33115,0.53841,0.15782,0.49429,0.015,7.20436,2.07603,0.06661,0.17209,0.24503,5.34971,1.72219,0.30583,0.00905,3.33931,1.11808,0.68408,2.07603,1.72219,0.30583,1.23403,1.26595,1.33115,2.87781,3.33931,0.24952,3.10566
2026-02-17 08:00:00,3.05866,0,0.12866,0.17169,0.08401,0.06601,1.56417,0.35404,0.69346,0.14638,0.33,2.64303,1.57455,0.68608,1.23771,0.03827,0.00223,0.01279,0.03114,0.01539,0.00221,1.34415,0.44105,0.14117,0.45285,0.01,7.20436,2.08844,0.06837,0.13209,0.24303,5.44421,1.47216,0.31064,0.00953,3.3737,1.06097,0.68608,2.08844,1.47216,0.31064,1.23771,1.26595,1.34415,2.89875,3.3737,0.24337,3.3139
2026-02-17 09:00:00,3.3632,0,0.13614,0.17169,0.11501,0.07801,1.26814,0.42205,0.8671,0.14418,0.32185,2.94807,1.33825,0.68908,1.24139,0.03558,0.00223,0.01695,0.0334,0.01424,0.00221,1.34015,0.45941,0.13397,0.42884,0.009,7.20436,2.09258,0.06735,0.1481,0.23903,5.53949,1.21013,0.31713,0.01052,3.42554,1.00386,0.68908,2.09258,1.21013,0.31713,1.24139,1.26595,1.34015,2.9198,3.42554,0.23855,3.66097
2026-02-17 10:00:00,3.44526,0,0.14358,0.19794,0.14302,0.12201,1.07112,0.66507,1.05312,0.14186,0.31238,3.23066,1.14264,0.69208,1.24139,0.03173,0.00223,0.03027,0.03694,0.00951,0.00221,1.34415,0.49784,0.10897,0.47598,0.013,7.17629,2.09258,0.06867,0.16532,0.23103,5.63662,1.00311,0.32527,0.01102,3.4603,0.94675,0.69208,2.09258,1.00311,0.32527,1.24139,1.26595,1.34415,2.94099,3.4603,0.23582,4.35509
2026-02-17 11:00:00,3.5096,0,0.15856,0.21511,0.30503,0.13802,0.8721,0.72908,1.25492,0.13965,0.30615,3.17503,1.0198,0.69408,1.24876,0.02989,0.00223,0.03605,0.03816,0.01419,0.00208,1.34415,0.51854,0.07902,0.51222,0.018,7.14821,2.10087,0.0687,0.1536,0.22402,5.73192,0.8701,0.33671,0.01154,3.49519,0.88964,0.69408,2.10087,0.8701,0.33671,1.24876,1.26595,1.34415,2.96179,3.49519,0.23225,6.43748
2026-02-17 12:00:00,3.64495,0,0.18116,0.21511,0.47105,0.13802,0.79609,0.74508,1.40755,0.13754,0.29999,2.97459,0.91897,0.69708,1.25246,0.02636,0.00223,0.04076,0.03456,0,0.00208,1.34815,0.48064,0.02557,0.48129,0.024,7.12013,2.10502,0.06837,0.14807,0.21802,5.8239,0.78409,0.35006,0.01154,3.52146,0.83253,0.69708,2.10502,0.78409,0.35006,1.25246,1.26595,1.34815,2.98184,3.52146,0.22684,5.45426
2026-02-17 13:00:00,3.86732,0,0.21118,0.23227,0.58106,0.10201,0.69808,0.72508,1.53275,0.13545,0.29389,2.7143,0.84346,0.70008,1.25615,0.02303,0.00223,0.04066,0.02789,-0.01416,0.00221,1.34415,0.48181,0.00737,0.3765,0.03,7.09206,2.10087,0.06696,0.19119,0.21102,6.06845,0.73108,0.36542,0.01318,3.54782,0.79889,0.70008,2.10087,0.73108,0.36542,1.25615,1.26595,1.34415,3.00128,3.54782,0.22083,4.33079
2026-02-17 14:00:00,4.20059,0,0.24117,0.26553,0.53506,0.09001,0.64707,0.70108,1.61475,0.13337,0.28785,2.39167,0.7696,0.70508,1.26356,0.02197,0.00222,0.04001,0.02384,0.06021,0.00234,1.34815,0.38512,0.02588,0.31653,0.034,7.06399,2.10087,0.0694,0.20475,0.20702,6.29074,0.68808,0.38291,0.01262,3.58308,0.76526,0.70508,2.10087,0.68808,0.38291,1.26356,1.26595,1.34815,3.02021,3.58308,0.21606,4.57498
2026-02-17 15:00:00,4.36752,0,0.25615,0.31695,0.51706,0.027,0.60707,0.70108,1.69496,0.13582,0.28188,2.27522,0.67851,0.70508,1.26727,0.02038,0.00222,0.0398,0.02011,0.06727,0.00263,1.34415,0.30586,0.0168,0.42301,0.04,7.03591,2.10917,0.07042,0.23983,0.20502,6.49155,0.65807,0.40342,0.01262,3.59192,0.73162,0.70508,2.10917,0.65807,0.40342,1.26727,1.26994,1.34415,3.03827,3.59192,0.21276,4.81917
2026-02-17 16:00:00,4.36778,0,0.28611,0.37746,0.49005,0.008,0.51706,0.73208,1.75378,0.13582,0.28188,2.48831,0.5999,0.71008,1.27098,0.01934,0.00222,0.03785,0.01752,0,0.00294,1.34815,0.36253,0.0172,0.51045,0.05301,7.2383,2.11334,0.06937,0.24536,0.20202,6.67142,0.61607,0.43298,0.01262,3.61849,0.69798,0.71008,2.11334,0.61607,0.43298,1.27098,1.26994,1.34815,3.05537,3.61849,0.21104,5.06337
2026-02-17 17:00:00,4.3126,0,0.29367,0.42888,0.52806,0.05401,0.33704,0.77909,1.78178,0.1383,0.27891,2.59461,0.52312,0.71008,1.27842,0.01883,0.00221,0.03536,0.01511,-0.00707,0.00363,1.34415,0.30284,0.07245,0.42262,0.09701,7.44069,2.12581,0.06974,0.22899,0.20202,6.82726,0.57906,0.47582,0.01262,3.64515,0.66435,0.71008,2.12581,0.57906,0.47582,1.27842,1.27394,1.34415,3.07188,3.64515,0.20894,5.30756
2026-02-17 18:00:00,4.14541,0,0.28614,0.48031,0.59507,0.06201,0.33168,0.74908,1.79858,0.14335,0.27891,2.80847,0.45723,0.71308,1.28587,0.01687,0.00221,0.03331,0.01288,0.01062,0.00462,1.34415,0.22225,0.10769,0.3861,0.27503,7.64309,2.13414,0.07083,0.3304,0.20302,6.95798,0.55506,0.52943,0.01208,3.66297,0.63071,0.71308,2.13414,0.55506,0.52943,1.28587,1.27394,1.34415,3.08789,3.66297,0.20596,5.55176
2026-02-17 19:00:00,3.64406,0,0.30115,0.53165,0.68008,0.08301,0.33504,0.70308,1.80978,0.14854,0.27891,3.03432,0.39096,0.71808,1.2896,0.01547,0.00221,0.03168,0.01149,0.02478,0.00603,1.34015,0.35422,0.11608,0.422,0.64107,7.86531,2.14665,0.07041,0.41764,0.20402,7.17976,0.52706,0.59007,0.01376,3.68976,0.81779,0.71808,2.14665,0.52706,0.59007,1.2896,1.27795,1.34015,3.10356,3.68976,0.20275,5.79595
2026-02-17 20:00:00,2.80967,0,0.30123,0.55881,0.65307,0.07201,0.34504,0.65707,1.79858,0.14748,0.28188,3.15309,0.32394,0.72308,1.29707,0.01547,0.00221,0.02932,0.01018,-0.04603,0.0071,1.35215,0.66448,0.14396,0.44783,1.05812,8.08754,2.20952,0.07394,0.44518,0.20902,7.40511,0.51106,0.66007,0.01494,3.69871,1.00487,0.72308,2.20952,0.51106,0.66007,1.29707,1.28196,1.35215,3.11901,3.69871,0.20019,6.04014
2026-02-17 21:00:00,2.19796,0,0.32378,0.59407,0.59207,0.06601,0.33604,0.58907,1.7622,0.14617,0.28486,3.43419,0.27437,0.73108,1.31208,0.01502,0.00221,0.02702,0.00955,-0.04247,0.00996,1.35215,0.64836,0.15379,0.48975,1.45016,8.30976,2.36251,0.07254,0.4364,0.20902,7.63426,0.49506,0.72433,0.01494,3.7346,1.19194,0.73108,2.36251,0.49506,0.72433,1.31208,1.29,1.35215,3.13426,3.7346,0.19837,6.28434
2026-02-17 22:00:00,1.91961,0,0.33125,0.60215,0.52506,0.05001,0.33904,0.55806,1.72016,0.14515,0.28785,3.78702,0.24381,0.73908,1.3196,0.01547,0.0022,0.02505,0.00895,0.04253,0.01223,1.36515,0.55136,0.19913,0.45595,1.7742,8.53197,2.55784,0.07293,0.44733,0.21102,7.86722,0.48805,0.77822,0.01494,3.7526,1.37902,0.73908,2.55784,0.48805,0.77822,1.3196,1.29806,1.36515,3.1508,3.7526,0.1973,6.52853
2026-02-17 23:00:00,1.80787,0,0.34617,0.58507,0.47505,0.06001,0.34304,0.50706,1.65576,0.14418,0.29086,4.25372,0.2312,0.75308,1.3309,0.01593,0.0022,0.0241,0.00836,0.05668,0.02272,1.37415,0.61088,0.21763,0.43989,2.01822,8.75419,2.74409,0.07746,0.49559,0.21602,8.10181,0.48405,0.82246,0.01747,3.7887,1.5661,0.75308,2.74409,0.48405,0.82246,1.3309,1.30615,1.37415,3.17221,3.7887,0.19587,6.77272
2026-02-18 00:00:00,1.86328,0,0.36118,0.59917,0.44705,0.06001,0.41205,0.45305,1.55435,0.14349,0.29879,4.61551,0.24714,0.76909,1.33846,0.01833,0.0022,0.0228,0.00836,0.05315,0.02521,1.38215,0.7099,0.21857,0.49441,2.21125,8.97641,2.93406,0.08096,0.431,0.21902,8.33684,0.51106,0.84873,0.01814,3.81589,1.75318,0.76909,2.93406,0.51106,0.84873,1.33846,1.31426,1.38215,3.2016,3.81589,0.1935,7.01692
2026-02-18 01:00:00,2.14194,0,0.36112,0.59469,0.44105,0.06201,0.63907,0.43405,1.45695,0.14282,0.30502,5.38542,0.36098,0.78809,1.34983,0.02467,0.02702,0.02184,0.00836,0.10274,0.02787,1.38715,0.63293,0.24626,0.58241,2.33226,8.70764,3.11582,0.08449,0.36761,0.22102,8.00284,0.56706,0.85905,0.01951,3.85225,1.82084,0.78809,3.11582,0.56706,0.85905,1.34983,1.32646,1.38715,3.23896,3.85225,0.19077,6.77053
2026-02-18 02:00:00,2.64275,0,0.75357,0.58523,0.74295,0.10579,0.74619,0.53866,1.42372,0.14216,0.3107,6.36903,1.14646,0.81309,1.36123,0.03558,0.05184,0.02122,0.00779,0.34355,0.03144,1.39116,0.45837,0.25602,0.55249,2.41827,8.43886,3.25551,0.09076,0.391,0.20902,7.66016,0.68008,0.86214,0.02242,3.87048,1.88851,0.81309,3.25551,0.68008,0.86214,1.36123,1.33462,1.39116,3.28384,3.87048,0.18861,6.52414
2026-02-18 03:00:00,3.31018,0,1.37965,0.51481,0.85272,0.16735,0.88012,1.07959,1.39921,0.14152,0.31553,6.87669,1.73831,0.83609,1.37648,0.06427,0.07666,0.02007,0.00779,0.75791,0.0345,1.40016,0.45766,0.29358,0.38491,2.45627,8.17008,3.37872,0.09876,0.33503,0.20202,7.3087,0.9061,0.85597,0.02094,3.91624,1.95617,0.83609,3.37872,0.9061,0.85597,1.37648,1.3428,1.40016,3.33616,3.91624,0.18708,6.27775
2026-02-18 04:00:00,4.14505,0,1.59946,0.56907,0.97275,0.26981,1.11596,1.40475,1.38451,0.1409,0.31553,7.1854,2.11805,0.8641,1.38796,0.38125,0.10148,0.01867,0.00725,1.17224,0.03775,1.40416,0.47482,0.28538,0.3722,2.47328,7.90132,3.46903,0.10313,0.25442,0.19802,6.94841,1.14313,0.84392,0.02022,3.95299,2.02383,0.8641,3.46903,1.14313,0.84392,1.38796,1.351,1.40416,3.39461,3.95299,0.18627,6.03136
2026-02-18 05:00:00,4.87308,0,1.79986,0.70208,1.10908,0.34758,1.27632,1.67887,1.3821,0.14028,0.31553,7.78656,2.57069,0.8961,1.41102,0.69584,0.1263,0.01768,0.02011,1.47677,0.0386,1.40816,0.46818,0.24898,0.3848,2.45627,7.63255,3.55556,0.10442,0.22979,0.19302,6.57775,1.33715,0.82483,0.02094,3.9899,2.0915,0.8961,3.55556,1.33715,0.82483,1.41102,1.35923,1.40816,3.45755,3.9899,0.18526,5.78497
2026-02-18 06:00:00,5.34318,0,1.9705,0.78092,1.27862,0.39452,1.41291,1.80353,1.40057,0.13968,0.30926,8.59865,2.90966,0.9311,1.42647,0.68991,0.15112,0.01816,0.02895,1.77071,0.0386,1.41316,0.43911,0.24863,0.23152,2.42727,7.36377,3.62254,0.10844,0.21193,0.19502,6.19634,1.48817,0.80319,0.02094,4.06415,2.15916,0.9311,3.62254,1.48817,0.80319,1.42647,1.36748,1.41316,3.52345,4.06415,0.1838,5.53858
2026-02-18 07:00:00,5.57487,0,2.08376,0.95036,1.49017,0.42505,1.52417,1.89721,1.44755,0.13909,0.30306,8.88664,2.77038,0.97211,1.45364,0.63489,0.15136,0.55483,0.02685,2.02218,0.41836,1.41716,0.34817,0.2315,0.10021,2.37326,7.05434,3.69023,0.11074,0.18977,0.19602,5.75089,1.52117,0.77547,0.02475,4.13897,1.99823,0.97211,3.69023,1.52117,0.77547,1.45364,1.37989,1.41716,3.59111,4.13897,0.18221,5.29219
2026-02-18 08:00:00,5.67814,0,2.16919,1.16813,2.30226,0.36704,1.62618,2.19424,1.58076,0.13823,0.27597,8.91918,2.40017,1.00811,1.47708,0.57959,0.15159,0.73688,0.09527,2.07883,0.45986,1.42616,0.1859,0.21325,0.10523,2.30426,6.74491,3.73751,0.10794,0.15469,0.18902,5.31676,1.40116,0.7483,0.03067,4.21437,1.83729,1.00811,3.73751,1.40116,0.7483,1.47708,1.3882,1.42616,3.65979,4.21437,0.18095,5.0458
2026-02-18 09:00:00,5.59305,0,2.19337,1.38491,2.6703,0.32104,1.63018,2.31326,1.73698,0.13732,0.23909,9.08095,2.06575,1.04212,1.50854,0.43659,0.15183,0.74107,0.55851,1.8911,0.43879,1.42616,0.19099,0.2028,0.16862,2.20425,6.43548,3.75335,0.10989,0.16761,0.18602,4.89388,1.22614,0.71906,0.08198,4.29988,1.67636,1.04212,3.75335,1.22614,0.71906,1.50854,1.4007,1.42616,3.72891,4.29988,0.18005,4.79941
2026-02-18 10:00:00,5.39856,0,2.08944,1.71169,2.6533,0.29803,1.49317,2.16024,1.87521,0.13626,0.23636,9.78618,1.86811,1.07612,1.54023,0.34987,0.15207,0.7211,0.50117,1.62907,0.41836,1.43416,0.27921,0.19274,0.17072,2.10223,6.12604,3.75863,0.10539,0.21128,0.18602,4.48215,1.07212,0.69049,0.08327,4.39574,1.51543,1.07612,3.75863,1.07212,0.69049,1.54023,1.41325,1.43416,3.79798,4.39574,0.17951,4.55303
2026-02-18 11:00:00,5.31126,0,1.80799,2.05656,2.55228,0.27503,1.35115,2.08823,1.99089,0.13527,0.24736,10.42694,1.76174,1.10412,1.56815,0.24988,0.1523,0.5846,1.24951,1.51223,0.40343,1.44316,0.31869,0.19197,0.13015,1.99622,5.81661,3.76922,0.10365,0.20142,0.18002,4.081,0.96411,0.66257,0.08071,4.49248,1.35449,1.10412,3.76922,0.96411,0.66257,1.56815,1.42584,1.44316,3.86613,4.49248,0.1788,4.30664
2026-02-18 12:00:00,5.33973,0,1.55857,2.32368,2.34326,0.27603,1.25414,2.06123,2.09623,0.13434,0.25015,10.77419,1.62332,1.12613,1.60028,0.21176,0.15254,0.519,1.11098,1.42374,0.37465,1.45216,0.34033,0.20088,0.11184,1.88921,5.50719,3.76392,0.09882,0.17126,0.18902,3.69015,0.8971,0.64098,0.0757,4.59012,1.19356,1.12613,3.76392,0.8971,0.64098,1.60028,1.43848,1.45216,3.93285,4.59012,0.17762,3.89329
2026-02-18 13:00:00,5.40733,0,1.38373,2.46986,2.17624,0.27603,1.30415,1.88921,2.19324,0.13337,0.24736,9.90875,1.44342,1.14613,1.63263,0.17251,0.13182,0.45191,0.90167,1.3175,0.3517,1.45616,0.28908,0.20979,0.17321,1.7812,5.32811,3.76922,0.09498,0.15587,0.19302,3.45566,0.84709,0.62452,0.07447,4.68863,1.11754,1.14613,3.76922,0.84709,0.62452,1.63263,1.45542,1.45616,3.99764,4.68863,0.17625,2.96797
2026-02-18 14:00:00,5.34918,0,1.34301,2.44369,2.00422,0.24103,1.15813,1.70219,2.31823,0.13337,0.23909,9.06384,1.28108,1.16213,1.66522,0.1386,0.1111,0.39412,0.71079,1.07315,0.34722,1.46516,0.36183,0.18231,0.25789,1.71519,5.14902,3.78513,0.09197,0.14292,0.19602,3.22913,0.79809,0.61523,0.07205,4.78803,1.04152,1.16213,3.78513,0.79809,0.61523,1.66522,1.48098,1.46516,4.05963,4.78803,0.17517,2.94211
2026-02-18 15:00:00,5.25703,0,1.32621,2.32976,1.72719,0.21238,1.02697,1.51554,2.44286,0.13275,0.24459,8.22526,1.12744,1.17413,1.70215,0.12486,0.09038,0.36249,0.49,0.85005,0.32539,1.47416,0.38098,0.16447,0.19407,1.69119,4.96994,3.8064,0.08783,0.1109,0.20302,3.01049,0.74008,0.61061,0.06848,4.87824,0.96551,1.17413,3.8064,0.74008,0.61061,1.70215,1.49814,1.47416,4.11874,4.87824,0.17437,2.93349
2026-02-18 16:00:00,5.03705,0,1.31446,2.15116,0.85144,0.16423,0.85163,1.31194,2.57246,0.13203,0.25015,7.38242,0.99496,1.18113,1.73107,0.10956,0.06965,0.32069,0.41139,0.76147,0.32114,1.48717,0.34265,0.16485,0.09727,1.71819,4.79086,3.83844,0.0851,0.11832,0.20502,2.79977,0.68808,0.61987,0.06615,4.9793,0.88949,1.18113,3.83844,0.68808,0.61987,1.73107,1.5197,1.48717,4.1754,4.9793,0.17389,2.92918
2026-02-18 17:00:00,4.69133,0,1.24283,1.91721,0.81648,0.13201,0.74808,1.12813,2.67947,0.13157,0.25861,6.53431,0.84809,1.18713,1.76016,0.09527,0.04893,0.27604,0.31662,0.65521,0.30446,1.50117,0.36263,0.16487,0.13975,1.8202,4.61177,3.88677,0.08267,0.14668,0.20802,2.59657,0.64207,0.64098,0.06615,5.06078,0.81347,1.18713,3.88677,0.64207,0.64098,1.76016,1.54576,1.50117,4.23029,5.06078,0.17323,2.92659
2026-02-18 18:00:00,4.18809,0,1.16309,1.68227,0.7741,0.12001,0.71108,0.99111,2.76089,0.13086,0.26147,5.68846,0.73008,1.19113,1.78523,0.08397,0.02821,0.23762,0.27459,0.50291,0.28053,1.50917,0.30572,0.17454,0.22363,1.96922,4.43269,3.94631,0.08066,0.13629,0.21402,2.40068,0.60007,0.67772,0.065,5.13253,0.73745,1.19113,3.94631,0.60007,0.67772,1.78523,1.57201,1.50917,4.28395,5.13253,0.17213,2.92487
2026-02-18 19:00:00,3.59089,0,1.05959,1.48058,0.98711,0.10801,0.66107,0.9061,2.81,0.13015,0.26722,5.3386,0.63754,1.19113,1.81043,0.07526,0.02522,0.20704,0.22695,0.33293,0.26903,1.52717,0.3646,0.16528,0.17444,2.13324,4.4147,4.02833,0.07866,0.16512,0.22002,2.42044,0.57106,0.72169,0.06161,5.2254,0.69272,1.19113,4.02833,0.57106,0.72169,1.81043,1.59846,1.52717,4.33707,5.2254,0.17085,2.92364
2026-02-18 20:00:00,2.99371,0,0.96406,1.31315,0.8791,0.10801,0.61207,0.83109,2.83219,0.12969,0.27597,4.99113,0.56417,1.19713,1.83575,0.06697,0.02222,0.17587,0.19561,0.32937,0.25785,1.54517,0.36745,0.15564,0.08691,2.30426,4.39671,4.13359,0.07788,0.18269,0.22703,2.43235,0.54306,0.77273,0.05939,5.28771,0.64799,1.19713,4.13359,0.54306,0.77273,1.83575,1.62509,1.54517,4.39053,5.28771,0.16984,2.92271
2026-02-18 21:00:00,2.33373,0,0.86056,1.17297,0.81109,0.08301,0.55906,0.77809,2.82478,0.129,0.27891,4.64305,0.49938,1.19713,1.85695,0.05989,0.01923,0.14713,0.17581,0.3754,0.23988,1.55917,0.3197,0.15564,0.11653,2.46027,4.37872,4.23472,0.07659,0.19656,0.22903,2.43645,0.51906,0.82009,0.05722,5.37128,0.60326,1.19713,4.23472,0.51906,0.82009,1.85695,1.65192,1.55917,4.4452,5.37128,0.16909,2.922
2026-02-18 22:00:00,1.7995,0,0.78084,1.04887,0.72508,0.07101,0.43605,0.73608,2.80631,0.12856,0.28785,4.29376,0.44223,1.22614,1.88677,0.05485,0.01624,0.13016,0.15458,0.34355,0.2295,1.57718,0.35879,0.16493,0.20538,2.60929,4.36073,4.33723,0.07619,0.2018,0.23403,2.43277,0.49906,0.85356,0.05508,5.42377,0.55853,1.22614,4.33723,0.49906,0.85356,1.88677,1.67895,1.57718,4.50202,5.42377,0.16864,2.92142
2026-02-18 23:00:00,1.48542,0,0.71709,0.96002,0.67808,0.05801,0.38541,0.67608,2.76831,0.12811,0.29086,3.94659,0.39096,1.24014,1.91246,0.05003,0.01324,0.11579,0.1428,0.2869,0.21611,1.60018,0.36903,0.1742,0.3374,2.75031,4.34273,4.45277,0.07386,0.16702,0.23503,2.42093,0.48805,0.89017,0.05298,5.49764,0.5138,1.24014,4.45277,0.48805,0.89017,1.91246,1.70616,1.60018,4.56177,5.49764,0.16802,2.92095
2026-02-19 00:00:00,1.45396,0,0.66936,0.88843,0.62907,0.07001,0.35465,0.64907,2.71277,0.12792,0.29999,3.65802,0.33595,1.26914,1.93829,0.04468,0.01025,0.10216,0.11783,0.27272,0.20642,1.62318,0.38609,0.18346,0.39152,2.87632,4.32474,4.56411,0.07525,0.15499,0.23703,2.40068,0.47205,0.91546,0.05093,5.5613,0.46907,1.26914,4.56411,0.47205,0.91546,1.93829,1.75657,1.62318,4.62459,5.5613,0.16698,2.92056
2026-02-19 01:00:00,1.64247,0,0.61353,0.79976,0.60107,0.05801,0.33404,0.64307,2.63876,0.12773,0.30926,3.5007,0.29758,1.31615,1.96856,0.04249,0.00988,0.09188,0.10728,0.29747,0.19393,1.64618,0.46316,0.20163,0.35226,2.95933,4.31023,4.67103,0.07452,0.13697,0.24503,2.4105,0.46005,0.93144,0.04791,5.61458,0.44187,1.31615,4.67103,0.46005,0.93144,1.96856,1.82163,1.64618,4.6905,5.61458,0.16577,2.92023
2026-02-19 02:00:00,1.95688,0,0.55777,0.73833,0.55106,0.04601,0.35204,0.60907,2.57246,0.12754,0.31342,3.34338,0.2609,1.36415,1.99463,0.03896,0.0095,0.08412,0.09142,0.27975,0.19393,1.67419,0.50148,0.2202,0.32919,3.02434,4.29571,4.76119,0.07413,0.11605,0.25503,2.41647,0.44905,0.93465,0.04595,5.68952,0.41467,1.36415,4.76119,0.44905,0.93465,1.99463,1.87349,1.67419,4.75968,5.68952,0.16482,2.91994
2026-02-19 03:00:00,2.30262,0,0.52584,0.70208,0.51506,0.05801,0.31604,0.59407,2.47887,0.12733,0.31724,3.18615,0.23403,1.41916,2.02522,0.03691,0.00913,0.07768,0.08216,0.23373,0.18195,1.70619,0.51341,0.22022,0.37142,3.04734,4.2812,4.84013,0.07346,0.13144,0.26603,2.41861,0.44105,0.92823,0.04402,5.7541,0.38748,1.41916,4.84013,0.44105,0.92823,2.02522,1.92598,1.70619,4.83204,5.7541,0.16411,2.9197
2026-02-19 04:00:00,2.55425,0,0.48599,0.66682,0.50106,0.04601,0.31103,0.60107,2.36465,0.12714,0.32127,3.03144,0.21219,1.47516,2.06037,0.03624,0.00875,0.07142,0.07339,0.21604,0.16765,1.73919,0.45642,0.21056,0.31809,3.08534,4.26669,4.91979,0.07207,0.15236,0.27303,2.41697,0.43805,0.9091,0.04214,5.81898,0.36028,1.47516,4.91979,0.43805,0.9091,2.06037,1.96941,1.73919,4.9071,5.81898,0.16368,2.91948
2026-02-19 05:00:00,2.61688,0,0.45409,0.62257,0.48605,0.04601,0.30603,0.59007,2.21772,0.12695,0.3254,2.87524,0.19576,1.53617,2.10905,0.03492,0.00838,0.06648,0.06511,0.2196,0.16765,1.7732,0.42783,0.21058,0.07267,3.08034,4.25218,4.97537,0.07247,0.18989,0.27503,2.41108,0.46005,0.88704,0.0403,5.90597,0.33308,1.53617,4.97537,0.46005,0.88704,2.10905,2.00837,1.7732,4.98422,5.90597,0.16309,2.91929
2026-02-19 06:00:00,2.52212,0,0.43817,0.5964,0.46205,0.04501,0.29303,0.59107,2.05781,0.12676,0.32959,2.71657,0.18502,1.59518,2.14918,0.03173,0.008,0.0619,0.05884,0.25147,0.15411,1.8062,0.50898,0.22024,-0.08866,3.04334,4.23766,5.02662,0.0711,0.2182,0.27303,2.40068,0.50706,0.85905,0.03829,5.98253,0.30588,1.59518,5.02662,0.50706,0.85905,2.14918,2.03781,1.8062,5.0629,5.98253,0.1621,2.91912
2026-02-19 07:00:00,2.48443,0,0.42231,0.57923,0.44905,0.05701,0.28303,0.57106,1.88758,0.12658,0.33381,2.70336,0.1753,1.62818,2.19408,0.03173,0.00799,0.05835,0.05435,0.26919,0.14633,1.84421,0.45207,0.23025,-0.03156,2.97733,4.23178,5.06563,0.07073,0.20834,0.27503,2.41734,0.55506,0.83435,0.0363,6.05951,0.30047,1.62818,5.06563,0.55506,0.83435,2.19408,2.07735,1.84421,5.14297,6.05951,0.16095,2.91897
2026-02-19 08:00:00,2.28625,0,0.40635,0.55198,0.44405,0.033,0.26803,0.55006,1.73138,0.12616,0.33787,2.69016,0.16968,1.69119,2.24385,0.03049,0.00798,0.05415,0.05004,0.21254,0.1438,1.87721,0.47001,0.22057,0.19853,2.89932,4.2259,5.09829,0.07214,0.23109,0.28503,2.43307,0.60407,0.80319,0.03533,6.15908,0.29506,1.69119,5.09829,0.60407,0.80319,2.24385,2.10223,1.87721,5.22392,6.15908,0.16004,2.91884
2026-02-19 09:00:00,2.01887,0,0.37448,0.53489,0.40304,0.044,0.26903,0.53806,1.61195,0.12569,0.34188,2.67703,0.16206,1.72919,2.28486,0.03049,0.00797,0.05027,0.04456,0.17357,0.13882,1.91421,0.48869,0.21127,0.19712,2.79031,4.22003,5.10483,0.07142,0.20092,0.29503,2.44787,0.65807,0.76726,0.03437,6.22584,0.28966,1.72919,5.10483,0.65807,0.76726,2.28486,2.1373,1.91421,5.30513,6.22584,0.15936,2.91871
2026-02-19 10:00:00,1.76644,0,0.35853,0.52689,0.41505,0.044,0.26203,0.51306,1.51395,0.12507,0.34576,2.66394,0.15627,1.7562,2.34456,0.02928,0.00796,0.04704,0.04194,0.18773,0.13154,1.94222,0.48887,0.20235,0.19572,2.64429,4.21415,5.13104,0.07141,0.18244,0.30503,2.46181,0.74508,0.73493,0.03342,6.33779,0.28425,1.7562,5.13104,0.74508,0.73493,2.34456,2.16754,1.94222,5.38616,6.33779,0.15895,2.9186
2026-02-19 11:00:00,1.57663,0,0.37457,0.52689,0.38604,0.032,0.25703,0.50606,1.44064,0.12452,0.34968,2.65082,0.15438,1.7872,2.39086,0.02869,0.00795,0.04605,0.0394,0.19835,0.13154,1.97022,0.50706,0.17895,0.19432,2.49428,4.20827,5.11793,0.07248,0.17876,0.30703,2.4744,0.8611,0.7008,0.03249,6.45057,0.27884,1.7872,5.11793,0.8611,0.7008,2.39086,2.20308,1.97022,5.46639,6.45057,0.15839,2.9185
2026-02-19 12:00:00,1.60882,0,0.39071,0.56323,0.38504,0.043,0.25603,0.52106,1.36963,0.12399,0.3536,2.6376,0.15251,1.7832,2.43747,0.02694,0.00794,0.04458,0.03816,0.28337,0.12684,2.00322,0.50258,0.14221,0.19291,2.32826,4.2024,5.09175,0.07041,0.14368,0.31804,2.48532,0.99311,0.67265,0.03249,6.5642,0.27343,1.7832,5.09175,0.99311,0.67265,2.43747,2.24399,2.00322,5.54511,6.5642,0.15745,2.86025
2026-02-19 13:00:00,1.68021,0,0.39882,0.5814,0.35604,0.042,0.25703,0.47985,1.30884,0.12344,0.35738,2.62989,0.15251,1.8062,2.4797,0.02694,0.02095,0.04215,0.03694,0.24088,0.12684,2.04123,0.47851,0.10919,0.19183,2.18824,4.1918,5.09829,0.07076,0.13691,0.31003,2.47525,1.08712,0.65767,0.03437,6.6557,0.32698,1.8062,5.09829,1.08712,0.65767,2.4797,2.28523,2.04123,5.62209,6.6557,0.15635,2.79824
2026-02-19 14:00:00,1.75161,0,0.39096,0.5724,0.37013,0.04026,0.28426,0.43972,1.24221,0.12285,0.36098,2.62212,0.15356,1.7982,2.51327,0.02986,0.03396,0.04057,0.03574,0.18066,0.15149,2.07523,0.43524,0.10883,0.19075,2.00322,4.1812,5.05261,0.07247,0.14371,0.30503,2.46543,1.12622,0.6298,0.03533,6.74943,0.38053,1.7982,5.05261,1.12622,0.6298,2.51327,2.32105,2.07523,5.69662,6.74943,0.15549,2.79796
2026-02-19 15:00:00,1.823,0,0.40716,0.5634,0.39204,0.042,0.33604,0.40204,1.1836,0.1223,0.3645,2.61436,0.16403,1.7872,2.54114,0.03111,0.04697,0.03975,0.03226,0.25862,0.15149,2.11824,0.52701,0.1735,0.18968,1.8342,4.1706,4.99424,0.07112,0.19604,0.31003,2.45584,1.15813,0.60372,0.0363,6.8403,0.43409,1.7872,4.99424,1.15813,0.60372,2.54114,2.35821,2.11824,5.76779,6.8403,0.15485,2.79767
2026-02-19 16:00:00,1.89438,0,0.36621,0.51459,0.42905,0.042,0.49906,0.36704,1.12842,0.12167,0.35776,2.60655,0.17721,1.7752,2.58877,0.03299,0.05998,0.03863,0.03114,0.41092,0.14129,2.15224,0.45177,0.16992,0.1886,1.68019,4.16,4.91979,0.0732,0.16375,0.30703,2.44647,1.19513,0.58398,0.0403,6.95675,0.48764,1.7752,4.91979,1.19513,0.58398,2.58877,2.40566,2.15224,5.83612,6.95675,0.15445,2.79734
2026-02-19 17:00:00,1.96577,0,0.32738,0.46432,0.44205,0.07801,0.69108,0.38304,1.07198,0.12126,0.3713,2.5986,0.20702,1.74819,2.61749,0.03965,0.07299,0.0382,0.03004,0.56322,0.1438,2.18224,0.37655,0.16634,0.18752,1.54717,4.1494,4.85233,0.07178,0.13045,0.31003,2.43698,1.21514,0.56589,0.04595,7.05052,0.54119,1.74819,4.85233,1.21514,0.56589,2.61749,2.44817,2.18224,5.90095,7.05052,0.15392,2.79697
2026-02-19 18:00:00,2.03716,0,0.29213,0.41521,0.51106,0.07701,0.76409,0.40805,1.03067,0.12063,0.37472,2.59051,0.36098,1.72219,2.64152,0.04249,0.086,0.03721,0.02895,0.71552,0.13882,2.21625,0.30134,0.16276,0.18644,1.41759,4.1388,4.78324,0.07428,0.09716,0.30503,2.4271,1.24714,0.54798,0.04499,7.09759,0.59474,1.72219,4.78324,1.24714,0.54798,2.64152,2.48565,2.21625,5.96094,7.09759,0.15301,2.79657
2026-02-19 19:00:00,2.17013,0,0.29722,0.37654,0.51806,0.08901,0.72708,0.46005,0.99367,0.12,0.37472,2.75608,0.56029,1.69519,2.66562,0.09421,0.09464,0.03664,0.03114,0.74534,0.14129,2.24625,0.30066,0.15919,0.1856,1.30315,4.12291,4.71298,0.0698,0.09804,0.30503,2.42937,1.29914,0.53147,0.04214,7.16846,0.60137,1.69519,4.71298,1.29914,0.53147,2.66562,2.52338,2.24625,6.01578,7.16846,0.15196,2.79612
2026-02-19 20:00:00,2.3031,0,0.33355,0.40997,0.628,0.09854,0.74265,0.68796,0.97479,0.11959,0.37816,2.92482,0.67002,1.67319,2.6898,0.09852,0.10328,0.06646,0.02685,0.77516,0.2925,2.27625,0.29996,0.15562,0.18476,1.18913,4.10703,4.62333,0.06533,0.09893,0.30003,2.43189,1.49973,0.52332,0.04121,7.21363,0.608,1.67319,4.62333,1.49973,0.52332,2.6898,2.5668,2.27625,6.06569,7.21363,0.15113,2.79561
2026-02-19 21:00:00,2.43607,0.03072,0.39409,0.47703,0.70842,0.09654,0.70379,0.90768,1.00017,0.11897,0.37658,3.09826,0.67542,1.64343,2.70772,0.10285,0.11192,0.09066,0.05528,0.80498,0.36857,2.31684,0.29929,0.15205,0.18392,1.06304,4.09114,4.50435,0.06085,0.09561,0.29896,2.49844,1.68941,0.54291,0.05924,7.25421,0.61464,1.64343,4.50435,1.68941,0.54291,2.70772,2.58831,2.31684,6.11097,7.25421,0.15051,2.79503
2026-02-19 22:00:00,2.56903,0.05676,0.4572,0.5908,0.75468,0.06667,0.54002,1.14781,1.02964,0.11858,0.37501,3.26723,0.59639,1.61325,2.72285,0.10716,0.12055,0.11499,0.08025,0.8348,0.40306,2.35733,0.29862,0.14846,0.18308,0.94283,4.07524,4.38596,0.05637,0.09168,0.29824,2.56524,1.78696,0.57056,0.07684,7.29016,0.62127,1.61325,4.38596,1.78696,0.57056,2.72285,2.61144,2.35733,6.15159,7.29016,0.15014,2.79437
2026-02-19 23:00:00,2.70199,0.07958,0.52264,0.78968,0.76359,0.05046,0.47376,1.33081,1.07334,0.11819,0.37345,3.4353,0.47696,1.58251,2.73556,0.11147,0.12919,0.12939,0.09079,0.86462,0.40705,2.39667,0.29795,0.14489,0.18224,0.82779,4.05935,4.26766,0.05191,0.08751,0.29729,2.63192,1.76529,0.60496,0.09536,7.32146,0.6279,1.58251,4.26766,1.76529,0.60496,2.73556,2.63578,2.39667,6.18697,7.32146,0.14962,2.79362
2026-02-20 00:00:00,2.72983,0.10293,0.59693,0.94534,0.7485,0.05136,0.43756,1.38928,1.11828,0.11803,0.37218,3.60258,0.41323,1.55218,2.7464,0.11579,0.13783,0.20184,0.09801,0.89444,0.39328,2.43257,0.2973,0.14132,0.1814,0.71728,4.04346,4.15067,0.04743,0.08311,0.29607,2.69822,1.70388,0.64265,0.11281,7.34813,0.63453,1.55218,4.15067,1.70388,0.64265,2.7464,2.66005,2.43257,6.21652,7.34813,0.14875,2.79273
2026-02-20 01:00:00,2.75142,0.16427,0.73327,1.06096,0.72868,0.05653,0.40604,1.37046,1.14975,0.11788,0.37062,3.58271,0.38011,1.52286,2.756,0.10341,0.1198,0.21868,0.10247,0.87821,0.38086,2.46511,0.29665,0.13776,0.18073,0.67708,4.01983,4.0379,0.04296,0.0784,0.29492,2.70747,1.63427,0.6818,0.12708,7.37028,0.62047,1.52286,4.0379,1.63427,0.6818,2.756,2.68356,2.46511,6.24028,7.37028,0.14774,2.79168
2026-02-20 02:00:00,2.77301,0.175,0.83427,1.14286,0.71422,0.06051,0.37224,1.31024,1.16931,0.11771,0.36939,3.56243,0.34654,1.49454,2.765,0.09103,0.10177,0.23234,0.10705,0.86198,0.37861,2.49553,0.29601,0.13419,0.18006,0.64097,3.9962,3.94562,0.03849,0.07367,0.29445,2.71693,1.57048,0.72261,0.1384,7.38828,0.60641,1.49454,3.94562,1.57048,0.72261,2.765,2.70596,2.49553,6.25858,7.38828,0.14695,2.79043
2026-02-20 03:00:00,2.79461,0.18032,0.90199,1.19297,0.69478,0.05727,0.32718,1.19079,1.18127,0.11756,0.36789,3.54218,0.31765,1.46711,2.77404,0.07866,0.08373,0.24602,0.11588,0.84575,0.38453,2.52441,0.29537,0.13063,0.17939,0.60859,3.97257,3.86643,0.03403,0.06904,0.29403,2.7266,1.51276,0.76447,0.14661,7.40267,0.59235,1.46711,3.86643,1.51276,0.76447,2.77404,2.72756,2.52441,6.27178,7.40267,0.14635,2.78889
2026-02-20 04:00:00,2.8162,0.18068,0.93282,1.25694,0.66221,0.03759,0.24495,1.04785,1.18367,0.1174,0.36659,3.52193,0.28544,1.44084,2.78355,0.06628,0.0657,0.24246,0.1226,0.82952,0.39122,2.55202,0.29473,0.12706,0.17871,0.57952,3.94894,3.79654,0.02956,0.06444,0.2935,2.7365,1.46287,0.80708,0.14961,7.41399,0.5783,1.44084,3.79654,1.46287,0.80708,2.78355,2.74898,2.55202,6.28037,7.41399,0.14599,2.78697
2026-02-20 05:00:00,2.83779,0.1757,0.92552,1.34786,0.62303,0.0282,0.19977,0.91716,1.17367,0.11724,0.36539,3.50171,0.25136,1.41672,2.79377,0.0539,0.04767,0.21537,0.12745,0.81329,0.39025,2.57842,0.29411,0.1235,0.17804,0.55343,3.92531,3.73496,0.0294,0.06088,0.29299,2.74626,1.43578,0.85135,0.14696,7.42274,0.56424,1.41672,3.73496,1.43578,0.85135,2.79377,2.7698,2.57842,6.2853,7.42274,0.1455,2.7845
2026-02-20 06:00:00,2.85938,0.16615,0.88625,1.42199,0.61445,0.03166,0.17726,0.85343,1.15259,0.11708,0.36425,3.48151,0.22445,1.39581,2.80489,0.04153,0.02964,0.18907,0.12968,0.79706,0.37638,2.60379,0.29349,0.11993,0.17737,0.52982,3.90168,3.68143,0.02924,0.05908,0.29226,2.75569,1.4313,0.90252,0.14431,7.42943,0.55018,1.39581,3.68143,1.4313,0.90252,2.80489,2.79096,2.60379,6.2874,7.42943,0.14467,2.78121
2026-02-20 07:00:00,2.84653,0.1567,0.83313,1.47232,0.59886,0.03846,0.1638,0.80489,1.12662,0.11692,0.36317,3.41816,0.20378,1.37832,2.81718,0.04128,0.02706,0.163,0.12788,0.76769,0.34681,2.62828,0.29286,0.11637,0.17682,0.50839,3.83611,3.63672,0.02909,0.05797,0.29133,2.71488,1.43435,0.96659,0.14573,7.43459,0.53376,1.37832,3.63672,1.43435,0.96659,2.81718,2.8163,2.62828,6.28724,7.43459,0.1437,2.7766
2026-02-20 08:00:00,2.83368,0.15034,0.77876,1.48488,0.57484,0.04451,0.1517,0.74724,1.10385,0.11655,0.36197,3.35492,0.18677,1.36481,2.83091,0.04104,0.02449,0.13726,0.11939,0.73831,0.32055,2.6521,0.29225,0.11281,0.17627,0.48886,3.77055,3.60101,0.02893,0.05724,0.29053,2.67426,1.40085,1.04121,0.13899,7.43874,0.51734,1.36481,3.60101,1.40085,1.04121,2.83091,2.84843,2.6521,6.28523,7.43874,0.14293,2.76969
2026-02-20 09:00:00,2.82083,0.14499,0.72866,1.45623,0.553,0.04558,0.13821,0.67324,1.0888,0.11613,0.36077,3.29177,0.17251,1.35595,2.84636,0.04079,0.02192,0.11386,0.0971,0.70894,0.32019,2.67575,0.29164,0.10926,0.17572,0.48234,3.70498,3.57261,0.02878,0.0567,0.28991,2.63385,1.36701,1.09815,0.13237,7.44235,0.50093,1.35595,3.57261,1.36701,1.09815,2.84636,2.88596,2.67575,6.28182,7.44235,0.14236,2.75818
2026-02-20 10:00:00,2.80797,0.13719,0.68349,1.38987,0.53846,0.03531,0.11997,0.59888,1.07936,0.11558,0.35948,3.22868,0.16027,1.35173,2.86383,0.04055,0.01934,0.09627,0.07913,0.67956,0.32295,2.70043,0.29102,0.10569,0.17516,0.50796,3.63941,3.55043,0.02863,0.05629,0.28949,2.59366,1.33303,1.15209,0.12343,7.44584,0.48451,1.35173,3.55043,1.33303,1.15209,2.86383,2.925,2.70043,6.27757,7.44584,0.14202,2.73514
2026-02-20 11:00:00,2.79512,0.12418,0.64194,1.257,0.54662,0.0322,0.12042,0.54659,1.07006,0.11508,0.35825,3.16558,0.14963,1.35246,2.88357,0.04031,0.01677,0.08446,0.06575,0.65018,0.32796,2.72747,0.29043,0.10213,0.17461,0.58571,3.57385,3.53667,0.02847,0.05595,0.28893,2.55334,1.30454,1.20178,0.10794,7.44974,0.46809,1.35246,3.53667,1.30454,1.20178,2.88357,2.96253,2.72747,6.27292,7.44974,0.14155,2.66603
2026-02-20 12:00:00,2.78227,0.10527,0.60059,1.15423,0.54583,0.038,0.11513,0.53797,1.05784,0.11462,0.35702,3.10244,0.14014,1.36009,2.90586,0.04006,0.01419,0.07264,0.05668,0.62081,0.33039,2.7575,0.28983,0.09857,0.17406,0.70057,3.50829,3.53752,0.02832,0.05564,0.28802,2.5127,1.28342,1.24715,0.09344,7.45473,0.45167,1.36009,3.53752,1.28342,1.24715,2.90586,2.99768,2.7575,6.26816,7.45473,0.14075,2.42136
2026-02-20 13:00:00,2.75615,0.09652,0.5759,1.07844,0.53899,0.04657,0.11114,0.51045,1.04443,0.11412,0.35571,3.02497,0.13149,1.37655,2.93114,0.04067,0.01384,0.06939,0.05209,0.58997,0.32323,2.79011,0.2893,0.09502,0.1736,0.81798,3.46512,3.55861,0.02817,0.05534,0.28698,2.45491,1.26476,1.28717,0.0831,7.46142,0.43434,1.37655,3.55861,1.26476,1.28717,2.93114,3.03057,2.79011,6.26365,7.46142,0.13982,2.29549
2026-02-20 14:00:00,2.73002,0.0894,0.54654,1.02337,0.52785,0.05505,0.09722,0.4839,1.03351,0.11357,0.35431,2.94749,0.12345,1.40049,2.95989,0.04127,0.01349,0.06746,0.04981,0.55913,0.31176,2.82429,0.28872,0.09147,0.17314,0.92789,3.42195,3.59983,0.02803,0.05509,0.28612,2.39735,1.24691,1.32108,0.07468,7.4701,0.41701,1.40049,3.59983,1.24691,1.32108,2.95989,3.06121,2.82429,6.25988,7.4701,0.13909,2.25959
2026-02-20 15:00:00,2.7039,0.08176,0.5155,0.98481,0.5141,0.06138,0.08773,0.45584,1.02624,0.11308,0.35286,2.87003,0.11589,1.42908,2.9925,0.04187,0.01314,0.06552,0.04756,0.5283,0.30763,2.859,0.28813,0.08792,0.17268,1.02878,3.37878,3.6568,0.02788,0.05483,0.28546,2.33995,1.29602,1.35033,0.0683,7.48087,0.39968,1.42908,3.6568,1.29602,1.35033,2.9925,3.08929,2.859,6.25759,7.48087,0.13855,2.24762
2026-02-20 16:00:00,2.67777,0.07407,0.48517,0.9314,0.50056,0.06287,0.0815,0.42418,1.02068,0.11249,0.35146,2.79254,0.10877,1.45961,3.02903,0.04248,0.01279,0.06359,0.04622,0.49746,0.31181,2.89344,0.28755,0.0877,0.17221,1.1257,3.3356,3.72495,0.02773,0.05456,0.28501,2.28276,1.36745,1.37672,0.06294,7.49385,0.38234,1.45961,3.72495,1.36745,1.37672,3.02903,3.11457,2.89344,6.25794,7.49385,0.13822,2.24164
2026-02-20 17:00:00,2.65165,0.0658,0.45636,0.85025,0.49212,0.06759,0.07667,0.39011,1.01446,0.11214,0.34974,2.71497,0.10203,1.48968,3.06916,0.04308,0.01244,0.06166,0.04486,0.46662,0.32095,2.92705,0.28697,0.08749,0.17175,1.20334,3.29243,3.80082,0.02759,0.05431,0.28443,2.22548,1.38226,1.40147,0.05674,7.50917,0.36501,1.48968,3.80082,1.38226,1.40147,3.06916,3.13713,2.92705,6.26192,7.50917,0.13777,2.23805
2026-02-20 18:00:00,2.62552,0.05618,0.42975,0.7846,0.4631,0.06517,0.07123,0.35416,1.0056,0.11156,0.3483,2.63734,0.09565,1.51788,3.11228,0.04275,0.01209,0.05971,0.04444,0.43578,0.30017,2.95934,0.28639,0.08728,0.17129,1.26686,3.24926,3.88073,0.02744,0.05405,0.28353,2.16785,1.38083,1.42382,0.04995,7.52707,0.34768,1.51788,3.88073,1.38083,1.42382,3.11228,3.15757,2.95934,6.27021,7.52707,0.137,2.23566
2026-02-20 19:00:00,2.59321,0.04472,0.40583,0.73319,0.43553,0.06375,0.06671,0.33891,0.97023,0.11097,0.34684,2.54972,0.0909,1.54353,3.15758,0.04245,0.01207,0.05834,0.04438,0.41127,0.28367,2.98995,0.28582,0.08707,0.17089,1.31838,3.23206,3.95229,0.0273,0.05381,0.28252,2.13321,1.37399,1.44089,0.04467,7.54779,0.3357,1.54353,3.95229,1.37399,1.44089,3.15758,3.17704,2.98995,6.2832,7.54779,0.13612,2.23395
2026-02-20 20:00:00,2.5609,0.03249,0.38467,0.69348,0.40954,0.06203,0.06552,0.32495,0.93584,0.11061,0.3451,2.46197,0.08645,1.56628,3.20422,0.04215,0.01205,0.05729,0.04419,0.38675,0.26327,3.0186,0.28525,0.08687,0.17049,1.3574,3.21488,4.02138,0.02716,0.05358,0.28171,2.09874,1.36534,1.45126,0.04111,7.57166,0.32372,1.56628,4.02138,1.36534,1.45126,3.20422,3.19698,3.0186,6.30102,7.57166,0.13542,2.23267
2026-02-20 21:00:00,2.52858,0.02116,0.36605,0.66394,0.38522,0.05858,0.06728,0.31069,0.90341,0.11004,0.34363,2.3742,0.08228,1.58591,3.25138,0.04186,0.01204,0.05625,0.04369,0.36224,0.24408,3.04532,0.28468,0.08666,0.1701,1.37715,3.19768,4.0861,0.02702,0.05333,0.28107,2.06446,1.35608,1.45592,0.03859,7.59902,0.31174,1.58591,4.0861,1.35608,1.45592,3.25138,3.21852,3.04532,6.3234,7.59902,0.1349,2.23167
2026-02-20 22:00:00,2.49627,0.01146,0.34995,0.63031,0.36317,0.05117,0.07104,0.2964,0.87109,0.10967,0.34217,2.28653,0.07838,1.60233,3.29833,0.04156,0.01202,0.05636,0.0433,0.33772,0.22752,3.07036,0.28412,0.08645,0.1697,1.37289,3.18048,4.14424,0.02688,0.0531,0.28062,2.03038,1.34663,1.45592,0.03643,7.62984,0.29976,1.60233,4.14424,1.34663,1.45592,3.29833,3.24211,3.07036,6.34985,7.62984,0.13458,2.23087
2026-02-20 23:00:00,2.46396,0.00326,0.33613,0.58726,0.34373,0.04624,0.07579,0.28213,0.83762,0.10933,0.34071,2.19874,0.07472,1.61543,3.34444,0.04126,0.012,0.05666,0.04299,0.31321,0.21314,3.09433,0.28356,0.08625,0.1693,1.34863,3.16329,4.19293,0.02674,0.05285,0.28007,1.99618,1.33811,1.45211,0.03371,7.66399,0.28778,1.61543,4.19293,1.33811,1.45211,3.34444,3.26757,3.09433,6.37991,7.66399,0.13415,2.23022
2026-02-21 00:00:00,2.43165,0,0.32403,0.55233,0.32691,0.04439,0.07993,0.26817,0.80284,0.1092,0.33953,2.11094,0.07129,1.62524,3.3892,0.04096,0.01198,0.05601,0.04277,0.28869,0.1997,3.11789,0.283,0.08604,0.1689,1.30746,3.14609,4.22973,0.0266,0.05262,0.27922,1.96169,1.3309,1.44508,0.0306,7.70117,0.2758,1.62524,4.22973,1.3309,1.44508,3.3892,3.29446,3.11789,6.4131,7.70117,0.13342,2.22967
2026-02-21 01:00:00,2.41677,0,0.31319,0.52451,0.31241,0.04344,0.08392,0.25523,0.76789,0.10909,0.33808,2.127,0.06808,1.63212,3.4321,0.04067,0.01196,0.0554,0.0426,0.27243,0.18543,3.14171,0.28245,0.08584,0.16855,1.25014,3.13288,4.25346,0.02646,0.05238,0.27823,1.95982,1.32413,1.43769,0.02814,7.74093,0.26764,1.63212,4.25346,1.32413,1.43769,3.4321,3.32251,3.14171,6.44889,7.74093,0.13256,2.22921
2026-02-21 02:00:00,2.4019,0,0.30327,0.5018,0.29965,0.04242,0.08951,0.24389,0.73469,0.10899,0.33691,2.14308,0.06507,1.6368,3.47273,0.04039,0.01194,0.05479,0.04235,0.25617,0.1709,3.16622,0.28191,0.08564,0.1682,1.17764,3.11966,4.2634,0.02633,0.05214,0.27743,1.95816,1.3175,1.43324,0.02646,7.78276,0.25948,1.6368,4.2634,1.3175,1.43324,3.47273,3.35191,3.16622,6.48655,7.78276,0.13189,2.22882
2026-02-21 03:00:00,2.38703,0,0.29404,0.48569,0.28831,0.0405,0.09664,0.234,0.7028,0.10888,0.33549,2.15928,0.06225,1.63972,3.51085,0.0401,0.01192,0.05418,0.0418,0.23991,0.15815,3.19165,0.28136,0.08544,0.16785,1.09313,3.10646,4.25917,0.0262,0.05191,0.27679,1.95665,1.31092,1.43055,0.02526,7.82608,0.25132,1.63972,4.25917,1.31092,1.43055,3.51085,3.38292,3.19165,6.52538,7.82608,0.13138,2.22848
2026-02-21 04:00:00,2.37215,0,0.28545,0.46555,0.27839,0.03658,0.10481,0.22484,0.66989,0.10878,0.33426,2.1755,0.05961,1.64104,3.54631,0.03981,0.0119,0.05369,0.04137,0.22364,0.14755,3.21808,0.28082,0.08524,0.1675,1.00672,3.09325,4.24085,0.02606,0.05169,0.27635,1.95533,1.30435,1.42729,0.02422,7.87025,0.24316,1.64104,4.24085,1.30435,1.42729,3.54631,3.41512,3.21808,6.56461,7.87025,0.13107,2.22818
2026-02-21 05:00:00,2.35727,0,0.27748,0.43717,0.26981,0.03396,0.10057,0.21584,0.63451,0.10868,0.33312,2.19173,0.05714,1.64091,3.57905,0.03953,0.01188,0.05338,0.04103,0.20738,0.1386,3.24562,0.28029,0.08504,0.16715,0.94116,3.08003,4.20982,0.02592,0.05145,0.27582,1.95392,1.2987,1.42288,0.0229,7.91462,0.235,1.64091,4.20982,1.2987,1.42288,3.57905,3.4475,3.24562,6.60351,7.91462,0.13066,2.22791
2026-02-21 06:00:00,2.3424,0,0.26999,0.41445,0.26247,0.03298,0.09721,0.20684,0.59708,0.10858,0.33208,2.20797,0.05482,1.63948,3.60906,0.03924,0.01186,0.05309,0.04081,0.19112,0.13043,3.27434,0.27975,0.08484,0.1668,0.88126,3.06682,4.17028,0.02579,0.05123,0.27497,1.9522,1.29427,1.41722,0.02139,7.95862,0.22684,1.63948,4.17028,1.29427,1.41722,3.60906,3.4814,3.27434,6.64142,7.95862,0.12994,2.22768
2026-02-21 07:00:00,2.32621,0,0.26287,0.39665,0.25612,0.03244,0.09359,0.1982,0.56068,0.1085,0.33108,2.2225,0.05264,1.63696,3.63639,0.03897,0.01184,0.05279,0.04064,0.18258,0.12191,3.30422,0.27922,0.08465,0.16648,0.82705,3.04704,4.12641,0.02566,0.05098,0.27403,1.93966,1.29025,1.41094,0.0202,8.00169,0.22116,1.63696,4.12641,1.29025,1.41094,3.63639,3.51424,3.30422,6.67765,8.00169,0.12912,2.22747
2026-02-21 08:00:00,2.31003,0,0.256,0.38237,0.25043,0.03181,0.09026,0.19051,0.52656,0.10815,0.32997,2.23713,0.0506,1.63363,3.66112,0.03869,0.01182,0.05249,0.04041,0.17405,0.11328,3.33514,0.2787,0.08445,0.16617,0.77785,3.02726,4.08007,0.02553,0.05077,0.27324,1.92729,1.28637,1.40466,0.01938,8.04338,0.21548,1.63363,4.08007,1.28637,1.40466,3.66112,3.5457,3.33514,6.71168,8.04338,0.12846,2.22728
2026-02-21 09:00:00,2.29385,0,0.24935,0.37213,0.24526,0.03059,0.08735,0.18386,0.49182,0.10778,0.32886,2.25186,0.04869,1.62972,3.68337,0.03842,0.0118,0.0522,0.03991,0.16552,0.10574,3.36697,0.27817,0.08426,0.16585,0.73297,3.00748,4.03275,0.02541,0.05056,0.27264,1.91511,1.28253,1.3983,0.0188,8.08323,0.20981,1.62972,4.03275,1.28253,1.3983,3.68337,3.57564,3.36697,6.74317,8.08323,0.12798,2.22711
2026-02-21 10:00:00,2.27766,0,0.24301,0.35882,0.24064,0.02801,0.08477,0.17776,0.45424,0.10726,0.32769,2.26667,0.0469,1.6253,3.70329,0.03815,0.01178,0.0519,0.03952,0.15698,0.09947,3.39937,0.27765,0.08406,0.16553,0.69186,2.98769,3.98551,0.02528,0.05031,0.2722,1.90309,1.21202,1.3919,0.01829,8.1208,0.20413,1.6253,3.98551,1.21202,1.3919,3.70329,3.60402,3.39937,6.77202,8.1208,0.12768,2.22695
2026-02-21 11:00:00,2.26147,0,0.23704,0.33946,0.23656,0.02629,0.08241,0.17172,0.41425,0.1068,0.32654,2.28147,0.04522,1.62052,3.72102,0.03787,0.01176,0.05161,0.03921,0.14845,0.09418,3.4318,0.27713,0.08387,0.16522,0.654,2.96792,3.93912,0.02515,0.0501,0.27167,1.89098,1.11974,1.38544,0.01764,8.15574,0.19845,1.62052,3.93912,1.11974,1.38544,3.72102,3.63084,3.4318,6.7983,8.15574,0.12728,2.22681
2026-02-21 12:00:00,2.24529,0,0.23145,0.32394,0.23293,0.02565,0.07994,0.16558,0.3733,0.10637,0.32542,2.29621,0.04364,1.61552,3.73674,0.0376,0.01174,0.05131,0.03901,0.13991,0.08935,3.46385,0.27662,0.08367,0.1649,0.61899,2.94814,3.89407,0.02502,0.04989,0.27087,1.87858,1.08733,1.37891,0.01689,8.18775,0.19277,1.61552,3.89407,1.08733,1.37891,3.73674,3.6561,3.46385,6.82211,8.18775,0.1266,2.17403
2026-02-21 13:00:00,2.22623,0,0.22624,0.3116,0.22964,0.02529,0.0774,0.15956,0.33465,0.1059,0.32425,2.24571,0.04215,1.61038,3.75058,0.03734,0.01172,0.05102,0.03885,0.13586,0.0843,3.49518,0.27612,0.08348,0.16461,0.58649,2.92825,3.8507,0.02489,0.04965,0.26997,1.86169,1.07487,1.37251,0.0163,8.21668,0.18879,1.61038,3.8507,1.07487,1.37251,3.75058,3.6798,3.49518,6.84363,8.21668,0.12582,2.1188
2026-02-21 14:00:00,2.20716,0,0.22137,0.30111,0.22653,0.02488,0.07517,0.15414,0.30327,0.10538,0.32295,2.19518,0.04076,1.60496,3.76272,0.03708,0.0117,0.05074,0.03863,0.13181,0.0792,3.52557,0.27562,0.08329,0.16432,0.55615,2.90836,3.8092,0.02477,0.04944,0.26922,1.84497,1.00238,1.36642,0.0159,8.24247,0.18481,1.60496,3.8092,1.00238,1.36642,3.76272,3.70187,3.52557,6.86304,8.24247,0.1252,2.11315
2026-02-21 15:00:00,2.18809,0,0.2168,0.2925,0.22358,0.02407,0.07328,0.14945,0.28047,0.1049,0.32162,2.14467,0.03945,1.59921,3.77324,0.03682,0.01168,0.05045,0.03813,0.12776,0.07473,3.55485,0.27511,0.0831,0.16403,0.52773,2.88848,3.76963,0.02465,0.04922,0.26863,1.8284,0.90989,1.36059,0.01561,8.26513,0.18084,1.59921,3.76963,0.90989,1.36059,3.77324,3.72225,3.55485,6.88051,8.26513,0.12473,2.10749
2026-02-21 16:00:00,2.16903,0,0.21259,0.28095,0.22085,0.02236,0.07165,0.14515,0.26374,0.10433,0.32029,2.09416,0.03822,1.59316,3.78226,0.03656,0.01166,0.05017,0.03775,0.12371,0.07102,3.5829,0.27461,0.08291,0.16374,0.50101,2.86859,3.73203,0.02452,0.04901,0.26822,1.812,0.8774,1.355,0.01535,8.28473,0.17686,1.59316,3.73203,0.8774,1.355,3.78226,3.74093,3.5829,6.89622,8.28473,0.12445,2.10184
2026-02-21 17:00:00,2.14997,0,0.20885,0.26371,0.21837,0.02123,0.0702,0.14082,0.25042,0.10401,0.31869,2.04357,0.03707,1.58684,3.78985,0.0363,0.01164,0.04989,0.03744,0.11966,0.06788,3.60961,0.27411,0.08272,0.16345,0.47586,2.8487,3.69634,0.0244,0.04881,0.26772,1.79553,0.8652,1.34965,0.01502,8.30138,0.17288,1.58684,3.69634,0.8652,1.34965,3.78985,3.75531,3.60961,6.91037,8.30138,0.12407,2.09619
2026-02-21 18:00:00,2.1309,0,0.20562,0.24995,0.21609,0.0208,0.06872,0.13631,0.23863,0.10344,0.31733,1.99291,0.03599,1.58032,3.79611,0.03604,0.01162,0.0496,0.03724,0.11561,0.06501,3.6349,0.27361,0.08253,0.16316,0.45233,2.82881,3.66253,0.02427,0.04859,0.26694,1.77876,0.86005,1.34449,0.01463,8.31522,0.1689,1.58032,3.66253,0.86005,1.34449,3.79611,3.76655,3.6349,6.92308,8.31522,0.12342,2.09053
2026-02-21 19:00:00,2.12063,0,0.20283,0.23927,0.21395,0.02057,0.06724,0.13178,0.22788,0.10287,0.31595,1.96132,0.03498,1.57361,3.80108,0.03579,0.0116,0.04932,0.03709,0.11363,0.06201,3.65857,0.27312,0.08235,0.16289,0.43004,2.81363,3.63057,0.02415,0.04836,0.26606,1.77263,0.85724,1.33958,0.01433,8.32644,0.16603,1.57361,3.63057,0.85724,1.33958,3.80108,3.77827,3.65857,6.93452,8.32644,0.12266,2.08488
2026-02-21 20:00:00,2.11036,0,0.20034,0.23086,0.21186,0.02029,0.06595,0.12761,0.21901,0.10255,0.31427,1.92961,0.03403,1.56686,3.80486,0.03554,0.01158,0.04905,0.03689,0.11165,0.05897,3.68019,0.27262,0.08216,0.16262,0.40852,2.79845,3.60034,0.02404,0.04815,0.26533,1.76667,0.85522,1.33287,0.01412,8.33522,0.16316,1.56686,3.60034,0.85522,1.33287,3.80486,3.78989,3.68019,6.94482,8.33522,0.12206,2.07923
2026-02-21 21:00:00,2.10009,0,0.19804,0.22482,0.20982,0.01975,0.06486,0.12395,0.21221,0.10198,0.31285,1.89787,0.03314,1.56016,3.80753,0.03529,0.01157,0.04878,0.03644,0.10966,0.05631,3.69948,0.27213,0.08198,0.16236,0.38765,2.78327,3.57172,0.02392,0.04795,0.26477,1.76087,0.85345,1.32167,0.01397,8.34176,0.16029,1.56016,3.57172,0.85345,1.32167,3.80753,3.80103,3.69948,6.95408,8.34176,0.12162,2.07358
2026-02-21 22:00:00,2.08981,0,0.19594,0.21707,0.2079,0.01862,0.06392,0.12051,0.20652,0.10166,0.31148,1.8662,0.0323,1.55354,3.80916,0.03504,0.01155,0.04851,0.03609,0.10768,0.05409,3.71689,0.27164,0.0818,0.16209,0.36743,2.76808,3.54452,0.0238,0.04774,0.26436,1.75521,0.85177,1.30743,0.01383,8.34622,0.15741,1.55354,3.54452,0.85177,1.30743,3.80916,3.81141,3.71689,6.9624,8.34622,0.12134,2.06792
2026-02-21 23:00:00,2.07954,0,0.19408,0.20595,0.20613,0.01786,0.06308,0.11694,0.20105,0.10135,0.31009,1.83443,0.03151,1.54698,3.80982,0.03479,0.01153,0.04824,0.03582,0.1057,0.05222,3.73295,0.27115,0.08161,0.16182,0.34798,2.75289,3.52007,0.02369,0.04753,0.26386,1.74948,0.8503,1.29277,0.01365,8.34881,0.15454,1.54698,3.52007,0.8503,1.29277,3.80982,3.82086,3.73295,6.96985,8.34881,0.12097,2.06227
2026-02-22 00:00:00,2.06927,0,0.19249,0.19701,0.20447,0.01758,0.06222,0.1131,0.19527,0.10129,0.30896,1.80262,0.03077,1.54052,3.80961,0.03454,0.01151,0.04797,0.03563,0.10372,0.0505,3.74793,0.27068,0.08143,0.16155,0.32971,2.73771,3.49818,0.02357,0.04733,0.26312,1.74349,0.84908,1.27649,0.01343,8.34968,0.15167,1.54052,3.49818,0.84908,1.27649,3.80961,3.82931,3.74793,6.97649,8.34968,0.12035,2.05662
2026-02-22 01:00:00,2.07186,0,0.19108,0.18997,0.20288,0.01742,0.06136,0.10916,0.18938,0.10124,0.30757,1.85887,0.03007,1.53415,3.80859,0.0343,0.01149,0.0477,0.03549,0.10257,0.04869,3.76197,0.2702,0.08129,0.1613,0.31287,2.72261,3.4768,0.02346,0.04712,0.26227,1.75585,0.84795,1.25616,0.01326,8.34893,0.14957,1.53415,3.4768,0.84795,1.25616,3.80859,3.83674,3.76197,6.98239,8.34893,0.11962,2.05096
2026-02-22 02:00:00,2.07445,0,0.18976,0.18425,0.20129,0.01724,0.06061,0.10554,0.18428,0.10119,0.30646,1.91515,0.0294,1.52795,3.80682,0.03406,0.01147,0.04744,0.03527,0.10141,0.04686,3.77506,0.26973,0.08114,0.16104,0.29683,2.70751,3.45607,0.02334,0.04692,0.26157,1.76835,0.8135,1.23329,0.01315,8.34659,0.14747,1.52795,3.45607,0.8135,1.23329,3.80682,3.84318,3.77506,6.98764,8.34659,0.11904,2.05741
2026-02-22 03:00:00,2.07704,0,0.18845,0.17992,0.19972,0.01688,0.05997,0.10245,0.18028,0.10114,0.30509,1.97155,0.02878,1.52195,3.80437,0.03383,0.01145,0.04718,0.03478,0.10026,0.04525,3.78722,0.26927,0.081,0.16079,0.28011,2.69242,3.43605,0.02323,0.04676,0.26101,1.78101,0.76794,1.21054,0.01306,8.34267,0.14537,1.52195,3.43605,0.76794,1.21054,3.80437,3.84864,3.78722,6.99236,8.34267,0.11861,2.06386
2026-02-22 04:00:00,2.07962,0,0.18716,0.1744,0.19822,0.01613,0.05942,0.09977,0.1768,0.1011,0.30391,2.02795,0.0282,1.51616,3.8013,0.03359,0.01143,0.04691,0.03439,0.0991,0.04391,3.79841,0.26881,0.08086,0.16054,0.26483,2.67732,3.41665,0.02311,0.04655,0.26062,1.79383,0.75203,1.18873,0.01298,8.33716,0.14327,1.51616,3.41665,0.75203,1.18873,3.8013,3.85316,3.79841,6.99654,8.33716,0.11835,2.0703
2026-02-22 05:00:00,2.08221,0,0.18596,0.16652,0.19683,0.01562,0.05892,0.09766,0.17324,0.10107,0.30282,2.08437,0.02766,1.51058,3.79764,0.03335,0.01141,0.04665,0.03409,0.09794,0.04277,3.80863,0.26836,0.08071,0.16028,0.25092,2.66222,3.39782,0.023,0.04635,0.26015,1.80657,0.74611,1.16809,0.01287,8.33007,0.14117,1.51058,3.39782,0.74611,1.16809,3.79764,3.85674,3.80863,7.00024,8.33007,0.118,2.07675
2026-02-22 06:00:00,2.0848,0,0.18487,0.16019,0.19551,0.01543,0.0584,0.09533,0.16923,0.10103,0.30185,2.14081,0.02714,1.50519,3.79343,0.03311,0.01139,0.0464,0.03389,0.09679,0.04173,3.81787,0.26793,0.08057,0.16003,0.23835,2.64712,3.3797,0.02288,0.04614,0.25941,1.81904,0.74363,1.14863,0.01274,8.32137,0.13907,1.50519,3.3797,0.74363,1.14863,3.79343,3.85941,3.81787,7.00348,8.32137,0.11739,2.0832
2026-02-22 07:00:00,2.08439,0,0.18384,0.15519,0.19422,0.01533,0.05787,0.09289,0.16498,0.101,0.30093,2.16399,0.02665,1.50001,3.78873,0.03288,0.01137,0.04614,0.03374,0.09602,0.04064,3.82616,0.26751,0.08075,0.15979,0.22703,2.65268,3.36238,0.02277,0.04594,0.25859,1.81836,0.7423,1.13031,0.01264,8.31101,0.13751,1.50001,3.36238,0.7423,1.13031,3.78873,3.86121,3.82616,7.00624,8.31101,0.11669,2.08964
2026-02-22 08:00:00,2.08398,0,0.18281,0.15106,0.19293,0.01521,0.05741,0.09056,0.16127,0.10069,0.29991,2.18727,0.02619,1.49505,3.78356,0.03266,0.01135,0.04589,0.03354,0.09525,0.03953,3.83348,0.26709,0.08094,0.15955,0.21675,2.65824,3.34598,0.02266,0.04575,0.25791,1.81785,0.74135,1.11307,0.01257,8.29899,0.13595,1.49505,3.34598,0.74135,1.11307,3.78356,3.86219,3.83348,7.00858,8.29899,0.11614,2.09609
2026-02-22 09:00:00,2.08356,0,0.18171,0.14785,0.19164,0.01496,0.05701,0.08847,0.1584,0.10035,0.2989,2.21066,0.02575,1.49033,3.77792,0.03243,0.01134,0.04563,0.03309,0.09447,0.03856,3.83987,0.26668,0.08112,0.15931,0.20736,2.6638,3.3305,0.02256,0.04554,0.25736,1.81747,0.74053,1.09686,0.01251,8.28535,0.13439,1.49033,3.3305,0.74053,1.09686,3.77792,3.86243,3.83987,7.01049,8.28535,0.11572,2.10254
2026-02-22 10:00:00,2.08315,0,0.1806,0.14362,0.1904,0.01445,0.05667,0.08654,0.15592,0.09985,0.29783,2.23414,0.02534,1.48584,3.77187,0.0322,0.01132,0.04539,0.03275,0.0937,0.03774,3.84533,0.26632,0.08131,0.15907,0.19874,2.66936,3.31598,0.02245,0.04535,0.25698,1.81725,0.73976,1.0816,0.01245,8.27018,0.13283,1.48584,3.31598,0.73976,1.0816,3.77187,3.86196,3.84533,7.012,8.27018,0.11548,2.10899
2026-02-22 11:00:00,2.08274,0,0.17955,0.1374,0.18923,0.01411,0.05635,0.08461,0.15331,0.09941,0.29681,2.25761,0.02496,1.48159,3.76541,0.03198,0.0113,0.04514,0.03247,0.09293,0.03706,3.84989,0.26606,0.08149,0.15883,0.19087,2.67493,3.30236,0.02234,0.04517,0.25651,1.81695,0.73907,1.06724,0.01235,8.2536,0.13127,1.48159,3.30236,0.73907,1.06724,3.76541,3.86082,3.84989,7.01314,8.2536,0.11514,2.11543
2026-02-22 12:00:00,2.08233,0,0.17856,0.13243,0.18812,0.01399,0.05601,0.08263,0.15029,0.09901,0.2958,2.28106,0.0246,1.47753,3.75856,0.03175,0.01128,0.04489,0.03229,0.09216,0.03643,3.85359,0.26588,0.08168,0.15859,0.18373,2.68049,3.28965,0.02223,0.04496,0.25582,1.8164,0.73848,1.05268,0.01222,8.23574,0.12971,1.47753,3.28965,0.73848,1.05268,3.75856,3.85903,3.85359,7.01393,8.23574,0.11457,2.13715
2026-02-22 13:00:00,2.07747,0,0.17763,0.12852,0.18702,0.01392,0.05566,0.08062,0.14704,0.09855,0.29472,2.25298,0.02426,1.4737,3.75132,0.03153,0.01126,0.04463,0.03216,0.09155,0.03576,3.85649,0.26576,0.08182,0.15835,0.17725,2.68158,3.2778,0.02212,0.04479,0.25503,1.80805,0.73793,1.03655,0.01212,8.21675,0.12853,1.4737,3.2778,0.73793,1.03655,3.75132,3.85662,3.85649,7.01439,8.21675,0.11391,2.16092
2026-02-22 14:00:00,2.0726,0,0.17667,0.12531,0.1859,0.01383,0.05535,0.07875,0.14421,0.09805,0.29354,2.2249,0.02394,1.47007,3.74372,0.03132,0.01124,0.04439,0.03198,0.09094,0.03508,3.85859,0.26567,0.08195,0.15812,0.17132,2.68266,3.2668,0.02202,0.04459,0.25439,1.79983,0.73739,1.01954,0.01205,8.19677,0.12734,1.47007,3.2668,0.73739,1.01954,3.74372,3.85363,3.85859,7.01457,8.19677,0.11339,2.16939
2026-02-22 15:00:00,2.06774,0,0.17565,0.12284,0.18477,0.01367,0.05508,0.07708,0.14205,0.0976,0.29229,2.19684,0.02363,1.46666,3.73575,0.0311,0.01123,0.04415,0.03159,0.09034,0.03448,3.8588,0.26562,0.08209,0.15788,0.16587,2.68375,3.2566,0.02191,0.04442,0.25388,1.79175,0.73686,1.0027,0.012,8.17593,0.12616,1.46666,3.2566,0.73686,1.0027,3.73575,3.85012,3.8588,7.01446,8.17593,0.113,2.17786
2026-02-22 16:00:00,2.06287,0,0.17461,0.11958,0.18368,0.01332,0.05484,0.07556,0.14018,0.09705,0.29103,2.16875,0.02334,1.46348,3.72742,0.03088,0.01121,0.04391,0.03129,0.08973,0.03398,3.8583,0.26554,0.08223,0.15764,0.16082,2.69501,3.24714,0.02181,0.04422,0.25352,1.78382,0.73632,0.98639,0.01196,8.15438,0.12498,1.46348,3.24714,0.73632,0.98639,3.72742,3.84611,3.8583,7.01411,8.15438,0.11276,2.18633
2026-02-22 17:00:00,2.058,0,0.17361,0.11479,0.18265,0.01309,0.0546,0.07405,0.1382,0.09676,0.28949,2.1406,0.02307,1.46048,3.71875,0.03067,0.01119,0.04367,0.03105,0.08912,0.03356,3.85713,0.2654,0.08236,0.15741,0.15618,2.70626,3.2384,0.02171,0.04405,0.25307,1.7758,0.73584,0.97101,0.01191,8.13222,0.12379,1.46048,3.2384,0.73584,0.97101,3.71875,3.84163,3.85713,7.01351,8.13222,0.11243,2.1948
2026-02-22 18:00:00,2.05314,0,0.17268,0.11095,0.18165,0.013,0.05433,0.07251,0.13586,0.09623,0.28819,2.11236,0.02281,1.45769,3.70973,0.03045,0.01117,0.04344,0.03088,0.08851,0.03317,3.85532,0.26519,0.0825,0.15717,0.15194,2.71752,3.2303,0.0216,0.04387,0.25239,1.76755,0.73542,0.95656,0.01185,8.1095,0.12261,1.45769,3.2303,0.73542,0.95656,3.70973,3.83668,3.85532,7.01269,8.1095,0.11188,2.20328
2026-02-22 19:00:00,2.0506,0,0.17179,0.10794,0.18067,0.01295,0.05403,0.07095,0.13331,0.09571,0.2869,2.094,0.02256,1.45507,3.70036,0.03024,0.01115,0.0432,0.03076,0.08802,0.03275,3.85291,0.26495,0.08294,0.15694,0.14804,2.72477,3.22281,0.0215,0.04369,0.25162,1.76975,0.73502,0.94299,0.0118,8.08625,0.12169,1.45507,3.22281,0.73502,0.94299,3.70036,3.8313,3.85291,7.01167,8.08625,0.11124,2.21175
2026-02-22 20:00:00,2.04807,0,0.17088,0.1055,0.17966,0.01289,0.05375,0.0695,0.13109,0.09543,0.28537,2.07551,0.02233,1.45264,3.69064,0.03004,0.01113,0.04297,0.03056,0.08752,0.03232,3.84994,0.26467,0.08337,0.15671,0.14443,2.73203,3.21589,0.0214,0.0435,0.25098,1.77208,0.73462,0.93026,0.01176,8.06252,0.12077,1.45264,3.21589,0.73462,0.93026,3.69064,3.82549,3.84994,7.01046,8.06252,0.11073,2.22022
2026-02-22 21:00:00,2.04553,0,0.16992,0.10365,0.17864,0.01278,0.05351,0.06822,0.12941,0.09491,0.28412,2.05698,0.02211,1.45038,3.68057,0.02983,0.01112,0.04274,0.03013,0.08703,0.03195,3.84643,0.26437,0.08381,0.15648,0.14106,2.73928,3.20951,0.0213,0.04332,0.25048,1.77454,0.73423,0.91831,0.01173,8.03834,0.11985,1.45038,3.20951,0.73423,0.91831,3.68057,3.81929,3.84643,7.00907,8.03834,0.11035,2.22869
2026-02-22 22:00:00,2.043,0,0.16892,0.10124,0.17765,0.01254,0.0533,0.06705,0.12795,0.09465,0.28293,2.03853,0.0219,1.4483,3.67016,0.02962,0.0111,0.04251,0.02978,0.08654,0.03163,3.84241,0.26422,0.08424,0.15625,0.1379,2.74653,3.20359,0.0212,0.04312,0.25013,1.77713,0.73384,0.90709,0.01171,8.01377,0.11892,1.4483,3.20359,0.73384,0.90709,3.67016,3.81271,3.84241,7.00751,8.01377,0.11012,2.23716
2026-02-22 23:00:00,2.04047,0,0.16797,0.09775,0.1767,0.01238,0.05311,0.06589,0.12639,0.09437,0.28178,2.02002,0.0217,1.44637,3.65938,0.02942,0.01108,0.04227,0.02952,0.08604,0.03136,3.8379,0.26438,0.08468,0.15602,0.13496,2.75379,3.19813,0.0211,0.04295,0.24969,1.77965,0.73348,0.89657,0.01166,7.98889,0.118,1.44637,3.19813,0.73348,0.89657,3.65938,3.80577,3.8379,7.00578,7.98889,0.1098,2.24563
2026-02-23 00:00:00,2.03793,0,0.16708,0.09494,0.17579,0.01232,0.05291,0.06469,0.12452,0.09435,0.28088,2.00151,0.02151,1.44461,3.64826,0.02921,0.01106,0.04205,0.02934,0.08555,0.03111,3.83293,0.26478,0.08511,0.15579,0.13225,2.76104,3.19306,0.021,0.04277,0.24904,1.78196,0.73316,0.88669,0.0116,7.96376,0.11708,1.44461,3.19306,0.73316,0.88669,3.64826,3.79846,3.83293,7.00389,7.96376,0.10927,2.2541
2026-02-23 01:00:00,2.03973,0,0.16623,0.09275,0.17489,0.01229,0.0527,0.0635,0.12246,0.09431,0.27979,2.04497,0.02133,1.44298,3.63678,0.02901,0.01104,0.04184,0.02921,0.0851,0.03083,3.82752,0.26537,0.08682,0.15562,0.12972,2.7707,3.18838,0.02091,0.04259,0.2483,1.78747,0.73286,0.87742,0.01156,7.93846,0.11634,1.44298,3.18838,0.73286,0.87742,3.63678,3.79079,3.82752,7.00186,7.93846,0.10865,2.26258
2026-02-23 02:00:00,2.04153,0,0.16537,0.09097,0.17396,0.01225,0.05251,0.06238,0.12066,0.09428,0.27908,2.08848,0.02116,1.4415,3.62494,0.02881,0.01102,0.04161,0.02903,0.08466,0.03054,3.82169,0.2661,0.08853,0.15545,0.12735,2.78036,3.18403,0.02081,0.04241,0.2477,1.79311,0.73256,0.86871,0.01153,7.91304,0.11561,1.4415,3.18403,0.73256,0.86871,3.62494,3.78278,3.82169,6.99965,7.91304,0.10817,2.27105
2026-02-23 03:00:00,2.04333,0,0.16446,0.08965,0.17301,0.01217,0.05235,0.06139,0.11928,0.09425,0.2782,2.13213,0.021,1.44016,3.61273,0.02862,0.01101,0.04138,0.02864,0.08422,0.03028,3.81546,0.26694,0.09024,0.15528,0.12511,2.79003,3.18,0.02072,0.04222,0.24721,1.79887,0.73226,0.86055,0.0115,7.88758,0.11488,1.44016,3.18,0.73226,0.86055,3.61273,3.77444,3.81546,6.99732,7.88758,0.1078,2.27952
2026-02-23 04:00:00,2.04512,0,0.16352,0.08795,0.17208,0.012,0.05221,0.06048,0.11808,0.09421,0.27759,2.17584,0.02084,1.43895,3.60018,0.02842,0.01099,0.04117,0.02833,0.08377,0.03007,3.80883,0.26798,0.09194,0.15511,0.12299,2.79969,3.17625,0.02062,0.04205,0.24686,1.80477,0.73196,0.85287,0.01147,7.86213,0.11414,1.43895,3.17625,0.73196,0.85287,3.60018,3.76576,3.80883,6.99482,7.86213,0.10758,2.27486
2026-02-23 05:00:00,2.04692,0,0.16262,0.08549,0.1712,0.01189,0.05207,0.05958,0.11678,0.09417,0.27708,2.21962,0.02069,1.43787,3.58727,0.02822,0.01097,0.04094,0.02809,0.08333,0.02989,3.80182,0.26929,0.09365,0.15494,0.121,2.80935,3.17277,0.02053,0.04187,0.24644,1.8106,0.73168,0.84568,0.01143,7.83676,0.11341,1.43787,3.17277,0.73168,0.84568,3.58727,3.75675,3.80182,6.99219,7.83676,0.10728,2.2702
2026-02-23 06:00:00,2.04872,0,0.16178,0.08353,0.17035,0.01185,0.05192,0.05866,0.11523,0.09413,0.27673,2.26351,0.02055,1.4369,3.574,0.02802,0.01095,0.04072,0.02793,0.08288,0.02971,3.79444,0.27082,0.09536,0.15477,0.11914,2.81901,3.16952,0.02043,0.04169,0.2458,1.8162,0.73143,0.83892,0.01137,7.81154,0.11267,1.4369,3.16952,0.73143,0.83892,3.574,3.74614,3.79444,6.98941,7.81154,0.10676,2.26555
2026-02-23 07:00:00,2.04708,0,0.16098,0.08196,0.16951,0.01182,0.05175,0.05772,0.11353,0.09409,0.27647,2.33731,0.02042,1.43605,3.5604,0.02783,0.01093,0.04052,0.02781,0.08247,0.02952,3.78671,0.27252,0.09613,0.15494,0.11739,2.78724,3.1665,0.02034,0.04151,0.24509,1.81095,0.73119,0.83256,0.01133,7.78657,0.11206,1.43605,3.1665,0.73119,0.83256,3.5604,3.73228,3.78671,6.98647,7.78657,0.10616,2.26089
2026-02-23 08:00:00,2.04545,0,0.16017,0.08061,0.16863,0.01179,0.05159,0.05685,0.11205,0.09381,0.27615,2.41126,0.02029,1.43529,3.54647,0.02764,0.01091,0.04029,0.02764,0.08205,0.02932,3.77857,0.27434,0.09691,0.1551,0.11573,2.75547,3.16368,0.02025,0.04133,0.24449,1.80583,0.73095,0.8266,0.0113,7.76185,0.11145,1.43529,3.16368,0.73095,0.8266,3.54647,3.72002,3.77857,6.98339,7.76185,0.10568,2.25623
2026-02-23 09:00:00,2.04381,0,0.15929,0.07949,0.16774,0.01173,0.05146,0.05608,0.11093,0.09349,0.27586,2.48535,0.02016,1.43465,3.53223,0.02746,0.0109,0.04008,0.02725,0.08164,0.02914,3.76972,0.27626,0.09768,0.15527,0.11415,2.7237,3.16104,0.02016,0.04116,0.24402,1.80083,0.73071,0.821,0.01127,7.73736,0.11084,1.43465,3.16104,0.73071,0.821,3.53223,3.7084,3.76972,6.98014,7.73736,0.10533,2.25158
2026-02-23 10:00:00,2.04217,0,0.15839,0.07798,0.16687,0.01161,0.05134,0.05538,0.10997,0.09304,0.2755,2.55957,0.02004,1.43408,3.51767,0.02727,0.01088,0.03986,0.02695,0.08122,0.02899,3.75983,0.27794,0.09845,0.15543,0.11264,2.69193,3.15857,0.02006,0.04098,0.24369,1.79596,0.73048,0.81573,0.01125,7.71312,0.11024,1.43408,3.15857,0.73048,0.81573,3.51767,3.69695,3.75983,6.97675,7.71312,0.10512,2.24692
2026-02-23 11:00:00,2.04054,0,0.15753,0.07571,0.16604,0.01152,0.05122,0.05468,0.10894,0.09265,0.27518,2.63382,0.01993,1.43361,3.50283,0.02708,0.01086,0.03966,0.02671,0.08081,0.02886,3.74911,0.2791,0.09923,0.1556,0.11121,2.66016,3.15626,0.01997,0.04081,0.24331,1.79105,0.69692,0.81079,0.01121,7.6891,0.10963,1.43361,3.15626,0.69692,0.81079,3.50283,3.68541,3.74911,6.97319,7.6891,0.10485,2.24226
2026-02-23 12:00:00,2.0389,0,0.15672,0.0739,0.16523,0.01149,0.05107,0.05396,0.10768,0.09229,0.27494,2.70808,0.01982,1.43321,3.48772,0.02689,0.01084,0.03944,0.02655,0.08039,0.02873,3.73808,0.27989,0.1,0.15576,0.10985,2.62839,3.15409,0.01988,0.04063,0.24272,1.78594,0.65226,0.80615,0.01116,7.66531,0.10902,1.43321,3.15409,0.65226,0.80615,3.48772,3.67366,3.73808,6.96947,7.66531,0.10439,2.04085
2026-02-23 13:00:00,2.03416,0,0.15596,0.07249,0.16442,0.01147,0.05091,0.05323,0.1063,0.0919,0.27455,2.68015,0.01972,1.43289,3.47235,0.02671,0.01082,0.03924,0.02643,0.08,0.0286,3.7269,0.28035,0.09893,0.15603,0.10857,2.46569,3.15204,0.01979,0.04048,0.24209,1.77498,0.63724,0.80179,0.01112,7.64175,0.1085,1.43289,3.15204,0.63724,0.80179,3.47235,3.66165,3.7269,6.96554,7.64175,0.10387,1.06806
2026-02-23 14:00:00,2.02941,0,0.15518,0.07134,0.16357,0.01145,0.05076,0.05255,0.1051,0.09147,0.27399,2.6522,0.01962,1.43266,3.45677,0.02653,0.0108,0.03903,0.02626,0.0796,0.02846,3.7156,0.28056,0.09786,0.15631,0.10734,2.30299,3.15012,0.0197,0.04031,0.24155,1.76411,0.63211,0.79768,0.01109,7.6184,0.10798,1.43266,3.15012,0.63211,0.79768,3.45677,3.64936,3.7156,6.96139,7.6184,0.10345,1.16844
2026-02-23 15:00:00,2.02467,0,0.15436,0.07047,0.16271,0.01141,0.05063,0.05195,0.1042,0.09109,0.27328,2.6243,0.01952,1.4325,3.44098,0.02635,0.01078,0.03882,0.02587,0.07921,0.02833,3.70417,0.28058,0.0968,0.15658,0.10616,2.14029,3.14831,0.01962,0.04014,0.24115,1.7534,0.63027,0.79383,0.01107,7.59527,0.10747,1.4325,3.14831,0.63027,0.79383,3.44098,3.63676,3.70417,6.957,7.59527,0.10316,1.26883
2026-02-23 16:00:00,2.01992,0,0.15351,0.06931,0.16186,0.01132,0.05051,0.05139,0.10341,0.09063,0.27255,2.59638,0.01943,1.43242,3.42501,0.02616,0.01077,0.03861,0.02557,0.07882,0.02822,3.69258,0.28067,0.09573,0.15685,0.10503,1.97759,3.1466,0.01953,0.03996,0.24088,1.7428,0.62953,0.79021,0.01105,7.57232,0.10695,1.43242,3.1466,0.62953,0.79021,3.42501,3.62387,3.69258,6.95239,7.57232,0.103,1.36922
2026-02-23 17:00:00,2.01517,0,0.15269,0.0676,0.16106,0.01126,0.05039,0.05084,0.10255,0.09037,0.27148,2.56833,0.01935,1.4324,3.40888,0.02598,0.01075,0.03842,0.02534,0.07842,0.02812,3.68079,0.28101,0.09466,0.15713,0.10394,1.81489,3.14497,0.01944,0.0398,0.24057,1.73216,0.62916,0.78681,0.01101,7.54955,0.10643,1.4324,3.14497,0.62916,0.78681,3.40888,3.61068,3.68079,6.94754,7.54955,0.10281,1.4696
2026-02-23 18:00:00,2.01043,0,0.15193,0.06623,0.16028,0.01124,0.05025,0.05028,0.10151,0.08991,0.27064,2.54012,0.01926,1.43246,3.39265,0.0258,0.01073,0.03821,0.02518,0.07803,0.02802,3.66877,0.28154,0.09359,0.1574,0.1029,1.65219,3.14344,0.01935,0.03965,0.24016,1.72143,0.62892,0.78361,0.01095,7.52695,0.10591,1.43246,3.14344,0.62892,0.78361,3.39265,3.59719,3.66877,6.94248,7.52695,0.10252,1.56999
2026-02-23 19:00:00,2.00759,0,0.15121,0.06515,0.1595,0.01122,0.05009,0.0497,0.10035,0.08947,0.26973,2.51324,0.01917,1.43257,3.37636,0.02563,0.01071,0.03802,0.02507,0.07765,0.02789,3.6565,0.28223,0.09302,0.15739,0.10191,1.78905,3.14199,0.01926,0.03949,0.23973,1.72232,0.62873,0.78059,0.01091,7.5045,0.10546,1.43257,3.14199,0.62873,0.78059,3.37636,3.58342,3.6565,6.93719,7.5045,0.10221,1.67038
2026-02-23 20:00:00,2.00476,0,0.15048,0.06429,0.1587,0.01121,0.04995,0.04917,0.09934,0.08922,0.26851,2.48619,0.01908,1.43275,3.36002,0.02546,0.01069,0.03781,0.02491,0.07727,0.02774,3.64397,0.28302,0.09246,0.15738,0.10096,1.9259,3.1406,0.01918,0.03931,0.23937,1.72328,0.62856,0.77776,0.01088,7.4822,0.105,1.43275,3.1406,0.62856,0.77776,3.36002,3.56938,3.64397,6.93169,7.4822,0.10197,1.77076
2026-02-23 21:00:00,2.00193,0,0.14969,0.06364,0.15788,0.01117,0.04982,0.04869,0.09857,0.08878,0.26757,2.45907,0.019,1.43297,3.34364,0.02529,0.01068,0.03762,0.02458,0.0769,0.02761,3.63117,0.28392,0.09189,0.15738,0.10003,2.06276,3.13928,0.0191,0.03915,0.23916,1.72439,0.62839,0.77402,0.01085,7.46004,0.10455,1.43297,3.13928,0.62839,0.77402,3.34364,3.55508,3.63117,6.92598,7.46004,0.10187,1.87115
2026-02-23 22:00:00,1.99909,0,0.14888,0.0628,0.15708,0.01109,0.0497,0.04825,0.0979,0.08854,0.26661,2.432,0.01893,1.43325,3.32722,0.02511,0.01066,0.03742,0.02431,0.07652,0.02749,3.61809,0.28643,0.09132,0.15737,0.09914,2.19962,3.13803,0.01901,0.039,0.2391,1.72564,0.62822,0.76801,0.01082,7.43801,0.10409,1.43325,3.13803,0.62822,0.76801,3.32722,3.54055,3.61809,6.92003,7.43801,0.10193,1.97153
2026-02-23 23:00:00,1.99625,0,0.1481,0.06159,0.15632,0.01104,0.04958,0.04781,0.09717,0.0883,0.26563,2.40478,0.01886,1.43358,3.31077,0.02494,0.01064,0.03722,0.02411,0.07614,0.02739,3.60473,0.29178,0.09076,0.15736,0.09827,2.33647,3.13684,0.01893,0.03882,0.23915,1.72702,0.62806,0.76044,0.01079,7.41609,0.10364,1.43358,3.13684,0.62806,0.76044,3.31077,3.52579,3.60473,6.91387,7.41609,0.10211,2.07192
2026-02-24 00:00:00,1.99342,0,0.14737,0.06062,0.15558,0.01102,0.04945,0.04735,0.09629,0.08826,0.26489,2.37752,0.01879,1.43395,3.29431,0.02477,0.01062,0.03702,0.02397,0.07576,0.0273,3.5911,0.29932,0.09019,0.15735,0.09744,2.47333,3.13569,0.01884,0.03869,0.23959,1.72878,0.6279,0.75273,0.01074,7.40442,0.10318,1.43395,3.13569,0.6279,0.75273,3.29431,3.51082,3.5911,6.90748,7.40442,0.10267,2.17231
2026-02-24 01:00:00,1.99365,0,0.14668,0.05986,0.15484,0.01101,0.04929,0.04688,0.09532,0.08858,0.26394,2.43067,0.01872,1.43437,3.27783,0.02461,0.0106,0.03682,0.02386,0.07539,0.02721,3.57721,0.30858,0.09122,0.1573,0.09664,2.62301,3.13459,0.01877,0.03862,0.24026,1.74578,0.62775,0.74528,0.0107,7.39284,0.10277,1.43437,3.13459,0.62775,0.74528,3.27783,3.49567,3.57721,6.90088,7.39284,0.10345,2.27269
2026-02-24 02:00:00,1.99388,0,0.14598,0.05923,0.15408,0.011,0.04915,0.04645,0.09447,0.08957,0.2633,2.48382,0.01866,1.43482,3.26135,0.02444,0.01059,0.03664,0.02369,0.07503,0.02711,3.56306,0.31916,0.09226,0.15724,0.09587,2.7727,3.13354,0.0187,0.03856,0.24073,1.7626,0.59426,0.73823,0.01067,7.38132,0.10237,1.43482,3.13354,0.59426,0.73823,3.26135,3.48036,3.56306,6.89403,7.38132,0.10404,2.37308
2026-02-24 03:00:00,1.99412,0,0.14523,0.05876,0.15331,0.01097,0.04903,0.04606,0.09381,0.09112,0.26243,2.53707,0.01859,1.43532,3.24487,0.02428,0.01057,0.03645,0.02331,0.07467,0.02703,3.54868,0.33078,0.09329,0.15719,0.09511,2.92238,3.13254,0.01863,0.03849,0.24172,1.77993,0.54966,0.7316,0.01065,7.36977,0.10196,1.43532,3.13254,0.54966,0.7316,3.24487,3.46488,3.54868,6.88696,7.36977,0.10515,2.47347
2026-02-24 04:00:00,1.99435,0,0.14445,0.05816,0.15255,0.01092,0.04892,0.0457,0.09324,0.09309,0.26178,2.59035,0.01852,1.43585,3.22841,0.02411,0.01055,0.03626,0.02301,0.0743,0.02696,3.53406,0.34508,0.09433,0.15714,0.09438,3.07206,3.13158,0.01857,0.03842,0.24317,1.79773,0.5347,0.72538,0.01063,7.35813,0.10155,1.43585,3.13158,0.5347,0.72538,3.22841,3.44927,3.53406,6.87965,7.35813,0.10672,2.57385
2026-02-24 05:00:00,1.99458,0,0.14371,0.05728,0.15182,0.01088,0.04881,0.04535,0.09263,0.09543,0.26124,2.64366,0.01845,1.43642,3.21197,0.02395,0.01054,0.03608,0.02278,0.07394,0.02691,3.51924,0.36335,0.09537,0.15708,0.09366,3.22175,3.13064,0.0185,0.03836,0.24598,1.81691,0.52961,0.71954,0.01059,7.34632,0.10115,1.43642,3.13064,0.52961,0.71954,3.21197,3.43355,3.51924,6.87211,7.34632,0.10967,2.67424
2026-02-24 06:00:00,1.99481,0,0.14301,0.05658,0.15112,0.01087,0.04868,0.04498,0.0919,0.09804,0.26085,2.69703,0.01834,1.43701,3.19555,0.02378,0.01052,0.03589,0.02262,0.07357,0.02685,3.50421,0.38472,0.0964,0.15703,0.09297,3.37143,3.12975,0.01843,0.03829,0.25287,1.84018,0.5278,0.71406,0.01053,7.3343,0.10074,1.43701,3.12975,0.5278,0.71406,3.19555,3.41771,3.50421,6.86433,7.3343,0.11672,2.77462
2026-02-24 07:00:00,2.00058,0,0.14236,0.05601,0.15041,0.01086,0.04853,0.04461,0.09109,0.10209,0.2615,2.73329,0.01823,1.43764,3.17918,0.02362,0.0105,0.0357,0.02251,0.07342,0.02678,3.48901,0.4085,0.1035,0.15783,0.0923,3.63757,3.1289,0.01869,0.03962,0.26178,1.92038,0.52709,0.70894,0.01048,7.32203,0.10187,1.43764,3.1289,0.52709,0.70894,3.17918,3.40177,3.48901,6.85632,7.32203,0.12579,2.87501
2026-02-24 08:00:00,2.00634,0,0.14169,0.05549,0.14968,0.01086,0.0484,0.04427,0.09038,0.10831,0.26378,2.76968,0.01817,1.43829,3.16284,0.02347,0.01048,0.03552,0.02235,0.07328,0.02671,3.47365,0.43426,0.1106,0.15863,0.09164,3.90371,3.12807,0.01894,0.04094,0.26859,1.99848,0.52675,0.70413,0.01045,7.30952,0.10299,1.43829,3.12807,0.52675,0.70413,3.16284,3.38576,3.47365,6.84806,7.30952,0.13278,2.9754
2026-02-24 09:00:00,2.01211,0,0.14097,0.05502,0.14894,0.01085,0.04829,0.04396,0.08983,0.11635,0.26755,2.80619,0.01819,1.43897,3.14656,0.02331,0.01047,0.03534,0.02202,0.07313,0.02664,3.45813,0.46167,0.1177,0.15943,0.091,4.16985,3.12729,0.0192,0.04227,0.27536,2.07657,0.49318,0.69961,0.01042,7.29677,0.10412,1.43897,3.12729,0.49318,0.69961,3.14656,3.36968,3.45813,6.83958,7.29677,0.13973,3.07578
2026-02-24 10:00:00,2.01788,0,0.14023,0.05436,0.14821,0.01083,0.04819,0.04367,0.08933,0.12574,0.27257,2.84321,0.01851,1.43967,3.13033,0.02315,0.01045,0.03516,0.02175,0.07298,0.02658,3.44249,0.49202,0.1248,0.16024,0.09038,4.43598,3.12652,0.01946,0.04359,0.28142,2.15393,0.44854,0.69538,0.0104,7.28378,0.10524,1.43967,3.12652,0.44854,0.69538,3.13033,3.35353,3.44249,6.83085,7.28378,0.14597,3.17617
2026-02-24 11:00:00,2.02364,0,0.13952,0.05335,0.14751,0.01082,0.04811,0.04338,0.08879,0.13634,0.27872,2.88141,0.01902,1.44039,3.11417,0.023,0.01043,0.03497,0.02155,0.07284,0.02653,3.42672,0.53568,0.1319,0.16104,0.08976,4.70212,3.12579,0.01971,0.04511,0.29164,2.23544,0.43357,0.69141,0.01036,7.27058,0.10637,1.44039,3.12579,0.43357,0.69141,3.11417,3.33734,3.42672,6.82189,7.27058,0.15636,3.27656
2026-02-24 12:00:00,2.02941,0,0.13888,0.05254,0.14683,0.01081,0.04803,0.04308,0.08814,0.14796,0.28612,2.92108,0.0194,1.44115,3.09808,0.02284,0.01041,0.0348,0.02141,0.07269,0.02648,3.41084,0.5843,0.139,0.16184,0.08917,4.96826,3.12506,0.01997,0.04667,0.31366,2.32873,0.4285,0.68662,0.01031,7.25717,0.10749,1.44115,3.12506,0.4285,0.68662,3.09808,3.32111,3.41084,6.81269,7.25717,0.17853,3.66523
2026-02-24 13:00:00,2.22922,0,0.13834,0.052,0.14615,0.01082,0.04797,0.04277,0.08742,0.16271,0.2978,3.19878,0.01967,1.44191,3.08206,0.02269,0.01039,0.03462,0.02131,0.07408,0.02642,3.39488,0.63264,0.2378,0.19001,0.08858,6.00147,3.12445,0.05376,0.09848,0.34125,2.72099,0.42673,0.6796,0.01028,7.24359,0.11085,1.44191,3.12445,0.42673,0.6796,3.08206,3.30485,3.39488,6.80327,7.24359,0.20624,7.73525
2026-02-24 14:00:00,2.42904,0,0.13794,0.05183,0.14544,0.01083,0.04792,0.04249,0.08679,0.18239,0.31632,3.47771,0.01996,1.4427,3.06613,0.02254,0.01038,0.03444,0.02116,0.07547,0.02635,3.37883,0.68079,0.33661,0.21817,0.08801,7.03468,3.12386,0.08755,0.16344,0.36266,3.107,0.42606,0.67113,0.01025,7.22984,0.11422,1.4427,3.12386,0.42606,0.67113,3.06613,3.28857,3.37883,6.79362,7.22984,0.22771,8.88615
2026-02-24 15:00:00,2.62885,0,0.13769,0.05208,0.14472,0.01086,0.04788,0.04224,0.08632,0.21473,0.34105,3.75783,0.02044,1.4435,3.05028,0.02239,0.01036,0.03427,0.02083,0.07686,0.02628,3.36271,0.73268,0.43541,0.24634,0.08746,8.0679,3.12328,0.12134,0.23427,0.3974,3.50635,0.42576,0.66254,0.01023,7.21595,0.11758,1.4435,3.12328,0.42576,0.66254,3.05028,3.27228,3.36271,6.78374,7.21595,0.2625,9.26979
2026-02-24 16:00:00,2.82866,0,0.13758,0.05262,0.14402,0.01093,0.04789,0.04202,0.08594,0.27774,0.37136,4.0404,0.02199,1.44433,3.03452,0.02224,0.01034,0.03409,0.02057,0.07824,0.02623,3.34653,0.80382,0.53421,0.27451,0.08691,9.10111,3.12273,0.15513,0.31016,0.44371,3.91727,0.42559,0.6543,0.01022,7.20192,0.12094,1.44433,3.12273,0.42559,0.6543,3.03452,3.25599,3.34653,6.77365,7.20192,0.30887,9.4616
2026-02-24 17:00:00,3.02848,0,0.13755,0.05368,0.14334,0.01098,0.04797,0.0418,0.08559,0.32942,0.40741,4.32791,0.02427,1.44516,3.01884,0.02209,0.01033,0.03393,0.02037,0.07963,0.02619,3.33031,0.90113,0.63302,0.30267,0.08636,10.13432,3.12219,0.18892,0.3901,0.52999,4.36819,0.43632,0.6465,0.0102,7.18776,0.12431,1.44516,3.12219,0.43632,0.6465,3.01884,3.23971,3.33031,6.76335,7.18776,0.39525,9.57669
2026-02-24 18:00:00,3.22829,0,0.1376,0.0545,0.14269,0.01099,0.0482,0.04159,0.08524,0.37445,0.46004,4.62164,0.02596,1.44602,3.00326,0.02194,0.01031,0.03375,0.02023,0.08102,0.02615,3.31405,1.01652,0.73182,0.33084,0.08583,11.16753,3.12166,0.22271,0.47122,0.73441,4.93725,0.46156,0.63916,0.01017,7.1734,0.12767,1.44602,3.12166,0.46156,0.63916,3.00326,3.22345,3.31405,6.75284,7.1734,0.59976,9.65342
2026-02-24 19:00:00,3.94894,0,0.13778,0.0584,0.14203,0.01349,0.04854,0.04139,0.0849,0.42195,0.54269,5.24398,0.02705,1.44688,2.98777,0.0218,0.01029,0.03358,0.02014,0.0805,0.02613,3.29776,1.14445,0.89564,0.45964,0.08532,11.83577,3.12122,0.2866,0.5842,0.99687,5.84309,0.49164,0.63122,0.01015,7.15881,0.16403,1.44688,3.12122,0.49164,0.63122,2.98777,3.20722,3.29776,6.74214,7.15881,0.86231,9.70822
2026-02-24 20:00:00,4.66959,0,0.13821,0.07199,0.14135,0.01847,0.04889,0.04121,0.08461,0.47733,0.64101,5.87203,0.02777,1.44776,2.97237,0.02166,0.01028,0.03342,0.02001,0.07998,0.02611,3.28145,1.28641,1.05946,0.58844,0.08481,12.50401,3.12078,0.35048,0.71097,1.19922,6.68882,0.52333,0.62126,0.01014,7.14393,0.20039,1.44776,3.12078,0.52333,0.62126,2.97237,3.19102,3.28145,6.73123,7.14393,1.06475,9.74933
2026-02-24 21:00:00,5.39025,0,0.13901,0.09695,0.14302,0.03092,0.0499,0.04107,0.08437,0.62436,0.7463,6.51016,0.02825,1.44865,2.95708,0.02152,0.01026,0.03324,0.01973,0.07946,0.02609,3.26514,1.45291,1.22328,0.71724,0.0843,13.17226,3.12036,0.41437,0.83618,1.36259,7.49551,0.55556,0.61001,0.01013,7.12874,0.23675,1.44865,3.12036,0.55556,0.61001,2.95708,3.17486,3.26514,6.72013,7.12874,1.22815,9.7813
2026-02-24 22:00:00,6.1109,0,0.14029,0.13848,0.15114,0.06079,0.05336,0.04096,0.08414,0.68637,0.85708,7.16895,0.02873,1.44955,2.94188,0.02137,0.01024,0.03307,0.01951,0.07893,0.02608,3.24884,1.61546,1.38709,0.84603,0.08381,13.8405,3.11994,0.47826,0.95841,1.4679,8.24416,0.58797,0.59884,0.01013,7.11323,0.27311,1.44955,3.11994,0.58797,0.59884,2.94188,3.15875,3.24884,6.70885,7.11323,1.33351,9.80687
2026-02-24 23:00:00,6.83155,0,0.14251,0.21032,0.16984,0.0807,0.06165,0.04089,0.08386,0.74836,1.02732,7.85013,0.02921,1.45047,2.92678,0.02123,0.01023,0.03291,0.01934,0.07841,0.02608,3.23254,1.77128,1.55091,0.97483,0.08331,14.50874,3.11955,0.54214,1.08758,1.61801,9.03767,0.61219,0.58818,0.01013,7.09742,0.30947,1.45047,3.11955,0.61219,0.58818,2.92678,3.1427,3.23254,6.69737,7.09742,1.48373,9.8278
2026-02-25 00:00:00,7.5522,0,0.14733,0.2666,0.20533,0.08817,0.08222,0.04084,0.0835,0.81205,1.23584,8.54486,0.02953,1.45139,2.91177,0.02109,0.01021,0.03275,0.01923,0.07789,0.0261,3.21627,1.91804,1.71473,1.10363,0.08282,15.17698,3.11916,0.60603,1.21864,1.88328,9.94631,0.66318,0.57811,0.01013,7.0813,0.34583,1.45139,3.11916,0.66318,0.57811,2.91177,3.1267,3.21627,6.68574,7.0813,1.74908,9.84524
2026-02-25 01:00:00,8.02517,0,0.16162,0.32019,0.26413,0.0939,0.11757,0.04272,0.08311,0.86438,1.412,9.35657,0.02972,1.45233,2.89686,0.02096,0.01019,0.03258,0.01916,0.07816,0.02614,3.20002,2.07361,1.76921,1.28365,0.08234,15.61512,3.11877,0.64382,1.31107,2.19608,10.71014,0.76968,0.56868,0.01012,7.06483,0.38468,1.45233,3.11877,0.76968,0.56868,2.89686,3.11077,3.20002,6.67394,7.06483,2.06198,9.85999
2026-02-25 02:00:00,8.49813,0,0.22292,0.39685,0.37044,0.10187,0.15854,0.0498,0.08283,0.91691,1.56592,10.1958,0.02986,1.45327,2.88206,0.02082,0.01018,0.03242,0.0191,0.07843,0.02621,3.18381,2.23933,1.8237,1.46367,0.08185,16.05326,3.1184,0.6816,1.3957,2.44129,11.40637,0.90352,0.55983,0.01016,7.04798,0.42353,1.45327,3.1184,0.90352,0.55983,2.88206,3.09491,3.18381,6.66197,7.04798,2.3073,9.87264
2026-02-25 03:00:00,8.9711,0,0.32509,0.50302,0.51403,0.1192,0.19838,0.06839,0.08273,0.96965,1.7063,11.16445,0.03073,1.45424,2.86734,0.02069,0.01016,0.03226,0.01897,0.0787,0.02642,3.16764,2.38084,1.87818,1.6437,0.08137,16.4914,3.11804,0.71939,1.47555,2.60775,12.02381,1.03825,0.5519,0.01028,7.03073,0.46239,1.45424,3.11804,1.03825,0.5519,2.86734,3.07911,3.16764,6.64986,7.03073,2.47381,9.8836
2026-02-25 04:00:00,9.44406,0,0.42207,0.67282,0.68154,0.15808,0.26689,0.11824,0.08285,1.02259,1.92198,12.06592,0.03492,1.45521,2.85274,0.02055,0.01014,0.0321,0.01888,0.07897,0.02702,3.15153,2.49809,1.93266,1.82372,0.08089,16.92953,3.11768,0.75717,1.55364,2.68278,12.54979,1.09223,0.54563,0.01056,7.01306,0.50124,1.45521,3.11768,1.09223,0.54563,2.85274,3.06339,3.15153,6.63758,7.01306,2.54889,9.89319
2026-02-25 05:00:00,9.91702,0,0.50649,0.95955,0.8883,0.184,0.40739,0.23109,0.08359,1.07574,2.06483,12.93118,0.0471,1.45623,2.83825,0.02042,0.01013,0.03195,0.0188,0.07924,0.02879,3.13546,2.5982,1.98715,2.00374,0.08042,17.36767,3.11733,0.79496,1.63113,2.7615,13.07953,1.07982,0.54155,0.01126,6.995,0.54009,1.45623,3.11733,1.07982,0.54155,2.83825,3.04775,3.13546,6.62518,6.995,2.6277,9.90165
2026-02-25 06:00:00,10.38999,0,0.58004,1.18518,1.11845,0.19372,0.70262,0.37708,0.08619,1.12908,2.19767,13.78057,0.08915,1.45725,2.82386,0.02028,0.01011,0.0318,0.01875,0.07951,0.03332,3.11946,2.6891,2.04163,2.18376,0.07997,17.80581,3.11698,0.83274,1.70684,2.83447,13.60355,1.07862,0.53973,0.01221,6.97658,0.57894,1.45725,3.11698,1.07862,0.53973,2.82386,3.03219,3.11946,6.61262,6.97658,2.70081,9.90918
2026-02-25 07:00:00,10.59385,0,0.67629,1.34861,1.15573,0.19568,0.73336,0.69247,0.0928,1.17516,2.29291,14.14537,0.16433,1.4583,2.80957,0.02015,0.01009,0.03163,0.0187,0.07881,0.04326,3.10351,2.77502,2.04702,2.23451,0.07952,18.00492,3.11662,0.83699,1.72022,2.89329,13.71148,1.08116,0.54009,0.013,6.95785,0.59402,1.4583,3.11662,1.08116,0.54009,2.80957,3.01671,3.10351,6.59996,6.95785,2.75982,9.91591
2026-02-25 08:00:00,10.79772,0,0.75313,1.44769,1.17661,0.19506,0.7418,0.75911,0.10627,1.21899,2.38471,14.4052,0.23726,1.45938,2.7954,0.02002,0.01008,0.03147,0.01861,0.0781,0.05711,3.08764,2.85826,2.05241,2.28526,0.07908,18.20403,3.11625,0.84125,1.69013,2.94365,13.81098,1.08494,0.54251,0.0138,6.93885,0.6091,1.45938,3.11625,1.08494,0.54251,2.7954,3.00132,3.08764,6.58717,6.93885,2.81041,9.92196
2026-02-25 09:00:00,11.00158,0,0.80044,1.48185,1.17944,0.19012,0.72778,0.84426,0.12814,1.26232,2.47227,14.6555,0.28729,1.46048,2.78135,0.01989,0.01006,0.03133,0.0184,0.0774,0.0706,3.07184,2.93662,2.0578,2.33601,0.07866,18.40313,3.1159,0.8455,1.65198,2.96474,13.88118,1.08914,0.5466,0.015,6.91968,0.62418,1.46048,3.1159,1.08914,0.5466,2.78135,2.98601,3.07184,6.57429,6.91968,2.83169,9.92744
2026-02-25 10:00:00,11.20544,0,0.82571,1.50708,1.15982,0.17473,0.66816,0.93161,0.15733,1.30406,2.55523,14.86748,0.30006,1.46161,2.76741,0.01976,0.01004,0.03118,0.01823,0.0767,0.08245,3.05611,3.0008,2.06319,2.38676,0.07824,18.60224,3.11554,0.84975,1.68133,2.96493,13.9304,1.07917,0.55285,0.01728,6.90042,0.63925,1.46161,3.11554,1.07917,0.55285,2.76741,2.97079,3.05611,6.56131,6.90042,2.832,9.93243
2026-02-25 11:00:00,11.40931,0,0.82872,1.51894,1.11604,0.16447,0.64121,0.99091,0.19498,1.3462,2.63618,15.07558,0.28527,1.46279,2.75359,0.01963,0.01003,0.03102,0.01811,0.07599,0.09278,3.04047,3.0493,2.06858,2.43751,0.0779,18.80135,3.1152,0.85401,1.66383,2.96604,13.96726,1.05017,0.56378,0.02239,6.88121,0.65433,1.46279,3.1152,1.05017,0.56378,2.75359,2.95567,3.04047,6.54826,6.88121,2.81995,9.93697
2026-02-25 12:00:00,11.61317,0,0.81195,1.53238,1.05583,0.16062,0.62413,1.00362,0.26593,1.38878,2.71605,15.27898,0.27182,1.46403,2.73991,0.0195,0.01001,0.03088,0.01802,0.07529,0.10226,3.0249,3.08936,2.07397,2.48826,0.07785,19.00046,3.11488,0.85826,1.55483,2.95997,13.97063,1.0155,0.58174,0.0293,6.86217,0.66941,1.46403,3.11488,1.0155,0.58174,2.73991,2.94064,3.0249,6.53512,6.86217,2.7744,10.49337
2026-02-25 13:00:00,11.76431,0,0.78482,1.546,1.00433,0.15963,0.61065,0.98035,0.38815,1.40757,2.76731,15.16113,0.26322,1.46531,2.72635,0.01938,0.00999,0.03073,0.01796,0.07513,0.1119,3.00941,3.12488,2.07214,2.4952,0.0782,19.20721,3.11454,0.85046,1.55071,2.92576,13.82042,0.98004,0.60731,0.03503,6.84343,0.67466,1.46531,3.11454,0.98004,0.60731,2.72635,2.92572,3.00941,6.52195,6.84343,2.7107,11.20597
2026-02-25 14:00:00,11.91545,0,0.75654,1.55698,0.97438,0.15943,0.59992,0.93307,0.52078,1.42573,2.81091,15.0413,0.25775,1.46667,2.71292,0.01925,0.00998,0.03058,0.01788,0.07496,0.12138,2.99402,3.15792,2.07032,2.50214,0.07889,19.41397,3.11429,0.84266,1.61609,2.86374,13.68557,0.94477,0.63748,0.039,6.8251,0.6799,1.46667,3.11429,0.94477,0.63748,2.71292,2.9109,2.99402,6.50876,6.8251,2.66235,11.46233
2026-02-25 15:00:00,12.06659,0,0.73141,1.56365,0.96045,0.16029,0.59048,0.85084,0.61841,1.44441,2.84341,14.91344,0.25525,1.46809,2.69965,0.01913,0.00996,0.03043,0.01771,0.0748,0.12961,2.97871,3.18785,2.06849,2.50908,0.07986,19.62072,3.11419,0.83487,1.63074,2.82673,13.56523,0.90959,0.6672,0.0417,6.80733,0.68515,1.46809,3.11419,0.90959,0.6672,2.69965,2.89619,2.97871,6.49567,6.80733,2.62851,11.71868
2026-02-25 16:00:00,12.21772,0,0.71107,1.56063,0.94363,0.16374,0.57546,0.75641,0.67814,1.46186,2.87174,14.76078,0.25447,1.46957,2.68652,0.019,0.00994,0.03028,0.01757,0.07464,0.13652,2.9635,3.20602,2.06666,2.51601,0.08109,19.82748,3.11425,0.82707,1.5689,2.82786,13.46589,0.88183,0.69469,0.04363,6.79031,0.69039,1.46957,3.11425,0.88183,0.69469,2.68652,2.88159,2.9635,6.48268,6.79031,2.61568,11.97503
2026-02-25 17:00:00,12.36886,0,0.69687,1.54227,0.92665,0.16604,0.56781,0.67659,0.71779,1.48221,2.89463,14.59916,0.25506,1.4711,2.67353,0.01888,0.00993,0.03014,0.01747,0.07447,0.14273,2.94838,3.20956,2.06484,2.52295,0.08267,20.03423,3.11449,0.81927,1.53226,2.81304,13.36856,0.86782,0.72058,0.04531,6.77432,0.69564,1.4711,3.11449,0.86782,0.72058,2.67353,2.8671,2.94838,6.46972,6.77432,2.60485,12.23139
2026-02-25 18:00:00,12.52,0,0.68905,1.52798,0.91236,0.1669,0.56366,0.6432,0.75907,1.49954,2.92071,14.42804,0.25683,1.47267,2.66071,0.01875,0.00991,0.03,0.0174,0.07431,0.14931,2.93337,3.20522,2.06301,2.52989,0.08517,20.24098,3.11494,0.81147,1.56927,2.8014,13.28312,0.86228,0.74514,0.04687,6.75965,0.70088,1.47267,3.11494,0.86228,0.74514,2.66071,2.85273,2.93337,6.4568,6.75965,2.60592,12.48774
2026-02-25 19:00:00,12.62433,0,0.68606,1.51788,0.90119,0.16832,0.56324,0.62888,0.81051,1.52399,3.08254,14.41252,0.2592,1.47435,2.64805,0.01863,0.0099,0.02985,0.01734,0.07448,0.15786,2.91846,3.19663,2.11828,2.55485,0.08892,20.59066,3.11559,0.81254,1.60561,2.80675,13.23004,0.85956,0.76916,0.048,6.74656,0.69812,1.47435,3.11559,0.85956,0.76916,2.64805,2.8385,2.91846,6.44388,6.74656,2.61549,12.74409
2026-02-25 20:00:00,12.72866,0,0.68591,1.51224,0.89518,0.17077,0.56891,0.61837,0.86546,1.55146,3.24181,14.39405,0.26169,1.47674,2.63556,0.01852,0.00988,0.0297,0.01724,0.07466,0.16775,2.90366,3.18576,2.17355,2.5798,0.1116,20.94034,3.11665,0.81362,1.63174,2.80507,13.17357,0.85778,0.79288,0.04874,6.73522,0.69537,1.47674,3.11665,0.85778,0.79288,2.63556,2.82444,2.90366,6.43095,6.73522,2.62168,13.00045
2026-02-25 21:00:00,12.83299,0,0.68715,1.50742,0.8964,0.17658,0.58318,0.61152,0.91824,1.57574,3.41916,14.42228,0.26412,1.48043,2.62333,0.0184,0.00987,0.02956,0.01703,0.07483,0.17678,2.88897,3.17825,2.22883,2.60476,0.16277,21.29002,3.11972,0.81469,1.59311,2.79862,13.11358,0.85631,0.81512,0.04928,6.72563,0.69261,1.48043,3.11972,0.85631,0.81512,2.62333,2.81064,2.88897,6.41805,6.72563,2.62434,13.2568
2026-02-25 22:00:00,12.93732,0.00756,0.68905,1.50379,0.90782,0.19023,0.62241,0.60869,0.9696,1.60314,3.58683,14.5498,0.26614,1.48533,2.61149,0.01828,0.00985,0.02942,0.01686,0.075,0.18434,2.8744,3.19244,2.2841,2.62972,0.23913,21.6397,3.12844,0.81576,1.58348,2.79316,13.04639,0.85108,0.83508,0.04982,6.71776,0.68985,1.48533,3.12844,0.85108,0.83508,2.61149,2.79738,2.8744,6.40517,6.71776,2.61981,13.51315
2026-02-25 23:00:00,13.04165,0.01876,0.69162,1.50185,0.93438,0.19932,0.63935,0.61241,1.02153,1.63055,3.75463,14.68389,0.26779,1.49157,2.60017,0.01817,0.00984,0.02928,0.01673,0.07518,0.19034,2.85997,3.23362,2.33937,2.65467,0.34609,21.98938,3.14633,0.81684,1.65669,2.77431,12.97225,0.83853,0.8526,0.05063,6.7115,0.6871,1.49157,3.14633,0.83853,0.8526,2.60017,2.78517,2.85997,6.39235,6.7115,2.60832,13.76951
2026-02-26 00:00:00,13.14598,0.02808,0.69514,1.49985,0.97468,0.20274,0.64955,0.6184,1.07215,1.6613,3.93064,14.82471,0.26949,1.49937,2.58953,0.01805,0.00982,0.02915,0.01664,0.07535,0.19472,2.84573,3.28934,2.39464,2.67963,0.46931,22.33906,3.17651,0.81791,1.69915,2.74187,12.87466,0.82133,0.86777,0.05163,6.70675,0.68434,1.49937,3.17651,0.82133,0.86777,2.58953,2.77459,2.84573,6.37975,6.70675,2.57339,14.02586
2026-02-26 01:00:00,13.11024,0.03627,0.69909,1.50195,1.03515,0.20158,0.64956,0.63155,1.1135,1.68006,3.92188,15.36974,0.27087,1.50908,2.57975,0.01794,0.0098,0.029,0.01659,0.07382,0.19719,2.83181,3.35288,2.3837,2.67237,0.59119,22.05413,3.22078,0.81526,1.68308,2.69235,12.65402,0.80257,0.88034,0.05244,6.70341,0.67044,1.50908,3.22078,0.80257,0.88034,2.57975,2.76585,2.83181,6.3677,6.70341,2.52617,13.71792
2026-02-26 02:00:00,13.07449,0.04322,0.70228,1.51643,1.04148,0.19769,0.63355,0.65236,1.13954,1.69888,3.91591,15.92022,0.27082,1.52069,2.57098,0.01783,0.00979,0.02886,0.01653,0.07228,0.19815,2.81842,3.42065,2.37276,2.6651,0.70117,21.76921,3.2781,0.8126,1.61051,2.65131,12.44454,0.7833,0.89037,0.05287,6.70139,0.65653,1.52069,3.2781,0.7833,0.89037,2.57098,2.75873,2.81842,6.35671,6.70139,2.49011,13.40998
2026-02-26 03:00:00,13.03875,0.04866,0.70351,1.5457,1.02699,0.18676,0.59764,0.68426,1.15254,1.71776,3.89696,16.3486,0.26745,1.53414,2.5634,0.01772,0.00978,0.02873,0.01641,0.07075,0.19833,2.80588,3.49068,2.36183,2.65784,0.79758,21.48428,3.34516,0.80995,1.55223,2.62235,12.23965,0.76385,0.89871,0.05284,6.70068,0.64263,1.53414,3.34516,0.76385,0.89871,2.5634,2.75293,2.80588,6.3474,6.70068,2.45863,13.10204
2026-02-26 04:00:00,13.003,0.05259,0.70021,1.596,0.98565,0.15928,0.5284,0.7194,1.15729,1.7367,3.88173,16.70899,0.2503,1.54935,2.55718,0.01761,0.00976,0.02859,0.01632,0.06922,0.19794,2.79442,3.53744,2.35089,2.65057,0.8787,21.19936,3.41824,0.8073,1.5747,2.59487,12.0436,0.74338,0.9062,0.05214,6.70132,0.62873,1.54935,3.41824,0.74338,0.9062,2.55718,2.74819,2.79442,6.34039,6.70132,2.436,12.79409
2026-02-26 05:00:00,12.96726,0.05495,0.68754,1.68452,0.96038,0.14097,0.47877,0.74036,1.15633,1.75569,3.86645,17.06215,0.22295,1.56608,2.55243,0.0175,0.00975,0.02846,0.01624,0.06768,0.1967,2.78421,3.54522,2.33995,2.64331,0.94638,20.91443,3.49393,0.80464,1.56865,2.56489,11.83588,0.71962,0.91328,0.05002,6.70342,0.61482,1.56608,3.49393,0.71962,0.91328,2.55243,2.74433,2.78421,6.33617,6.70342,2.4017,12.48615
2026-02-26 06:00:00,12.93151,0.05569,0.66064,1.75384,0.91041,0.1341,0.50169,0.73684,1.15016,1.77477,3.85149,17.413,0.20103,1.58403,2.54924,0.01739,0.00973,0.02833,0.0162,0.06615,0.19369,2.77525,3.53001,2.32901,2.63604,1.00473,20.6295,3.57436,0.80199,1.55042,2.49861,11.59714,0.69277,0.92008,0.04701,6.70715,0.60092,1.58403,3.57436,0.69277,0.92008,2.54924,2.74113,2.77525,6.33509,6.70715,2.33638,12.17821
2026-02-26 07:00:00,12.7282,0.05505,0.62442,1.79693,0.85127,0.1305,0.44958,0.71093,1.14015,1.76864,3.81408,16.89649,0.18518,1.6027,2.54761,0.01728,0.00971,0.0282,0.01618,0.06538,0.18738,2.76751,3.50243,2.29436,2.59736,1.06777,20.21989,3.65721,0.78648,1.52915,2.41491,11.33122,0.66489,0.92626,0.04448,6.71267,0.58631,1.6027,3.65721,0.66489,0.92626,2.54761,2.73844,2.76751,6.33728,6.71267,2.25741,11.87027
2026-02-26 08:00:00,12.52489,0.05368,0.59321,1.79974,0.79091,0.12651,0.42116,0.66847,1.12856,1.75898,3.76057,16.38016,0.17282,1.62145,2.54754,0.01717,0.0097,0.02807,0.01617,0.06461,0.1787,2.76087,3.46819,2.25972,2.55869,1.12244,19.81027,3.73582,0.77097,1.50046,2.35573,11.08268,0.63666,0.93139,0.04262,6.72015,0.5717,1.62145,3.73582,0.63666,0.93139,2.54754,2.7363,2.76087,6.34278,6.72015,2.19582,11.56233
2026-02-26 09:00:00,12.32158,0.05205,0.57266,1.75915,0.74424,0.11893,0.3969,0.60167,1.11523,1.74864,3.69189,15.85034,0.16222,1.63987,2.54889,0.01707,0.00968,0.02795,0.01616,0.06384,0.17025,2.75521,3.42994,2.22507,2.52001,1.16704,19.40066,3.81064,0.75547,1.4686,2.30662,10.85083,0.60781,0.93524,0.04109,6.72972,0.55709,1.63987,3.81064,0.60781,0.93524,2.54889,2.73492,2.75521,6.3516,6.72972,2.15091,11.25438
2026-02-26 10:00:00,12.11827,0.05002,0.55037,1.68247,0.72102,0.10323,0.37061,0.56782,1.09768,1.73623,3.61891,15.30261,0.14789,1.65783,2.55149,0.01696,0.00966,0.02781,0.01615,0.06307,0.16276,2.75041,3.3848,2.19042,2.48133,1.19925,18.99104,3.88062,0.73996,1.43543,2.27681,10.63961,0.57804,0.93757,0.03945,6.74148,0.54247,1.65783,3.88062,0.57804,0.93757,2.55149,2.73452,2.75041,6.36366,6.74148,2.12665,10.94644
2026-02-26 11:00:00,11.91496,0.0469,0.52766,1.5406,0.69186,0.09277,0.34163,0.52591,1.0749,1.72453,3.54528,14.74017,0.13081,1.67523,2.55519,0.01685,0.00965,0.02768,0.01614,0.0623,0.15596,2.7464,3.33166,2.15578,2.44266,1.22039,18.58143,3.94457,0.72445,1.40165,2.24129,10.42221,0.55261,0.93834,0.03681,6.75552,0.52786,1.67523,3.94457,0.55261,0.93834,2.55519,2.73512,2.7464,6.37868,6.75552,2.0962,10.6385
2026-02-26 12:00:00,11.71165,0.04189,0.50532,1.43079,0.66012,0.08884,0.31797,0.48045,1.04676,1.71354,3.47176,14.16938,0.11708,1.69205,2.55979,0.01674,0.00963,0.02757,0.01613,0.06153,0.14905,2.74317,3.27414,2.12113,2.40398,1.23213,18.17181,4.0014,0.70894,1.36769,2.19289,10.19097,0.53349,0.93761,0.03352,6.77186,0.51325,1.69205,4.0014,0.53349,0.93761,2.55979,2.73657,2.74317,6.39637,6.77186,2.05191,11.11234
2026-02-26 13:00:00,11.46989,0.0346,0.48313,1.35031,0.62752,0.08673,0.29261,0.44359,1.01257,1.69189,3.42142,13.85784,0.10663,1.70822,2.56514,0.01664,0.00961,0.02745,0.01611,0.06094,0.14082,2.74078,3.21433,2.09964,2.35939,1.23568,17.92646,4.05051,0.69614,1.33966,2.14138,9.99119,0.51647,0.93533,0.03086,6.79045,0.49838,1.70822,4.05051,0.51647,0.93533,2.56514,2.73867,2.74078,6.41634,6.79045,2.00358,11.04137
2026-02-26 14:00:00,11.22813,0.02602,0.46103,1.29371,0.59442,0.08432,0.26983,0.41674,0.97484,1.66844,3.36552,13.54608,0.09828,1.72371,2.57107,0.01653,0.0096,0.02732,0.01603,0.06035,0.13179,2.73924,3.15325,2.07814,2.31481,1.23213,17.68112,4.09171,0.68333,1.31278,2.10046,9.80123,0.50016,0.93147,0.029,6.81116,0.48352,1.72371,4.09171,0.50016,0.93147,2.57107,2.74119,2.73924,6.43822,6.81116,1.96507,9.67197
2026-02-26 15:00:00,10.98636,0.01775,0.43981,1.25958,0.56124,0.07967,0.25011,0.39312,0.9387,1.64507,3.30416,13.24527,0.09152,1.73846,2.57746,0.01643,0.00959,0.0272,0.01583,0.05977,0.12364,2.73856,3.09009,2.05665,2.27022,1.22227,17.43577,4.12505,0.67053,1.28638,2.07138,9.62252,0.48408,0.926,0.02764,6.83379,0.46866,1.73846,4.12505,0.48408,0.926,2.57746,2.74397,2.73856,6.46151,6.83379,1.93781,9.2155
2026-02-26 16:00:00,10.7446,0.01049,0.42015,1.2124,0.52919,0.06995,0.23281,0.36813,0.90653,1.61851,3.24391,12.95326,0.0858,1.75252,2.58419,0.01632,0.00957,0.02707,0.01567,0.05918,0.11673,2.73866,3.02163,2.03516,2.22563,1.20622,17.19042,4.15072,0.65772,1.26084,2.05442,9.45545,0.46808,0.91891,0.02643,6.85809,0.45379,1.75252,4.15072,0.46808,0.91891,2.58419,2.74689,2.73866,6.4858,6.85809,1.92221,8.98726
2026-02-26 17:00:00,10.50283,0.00409,0.40219,1.14093,0.49938,0.06346,0.21642,0.34625,0.87706,1.59723,3.17579,12.65604,0.08089,1.76593,2.59114,0.01622,0.00955,0.02694,0.01554,0.05859,0.11079,2.73945,2.94748,2.01366,2.18105,1.18441,16.94507,4.16902,0.64492,1.23487,2.03308,9.2837,0.45226,0.91018,0.02483,6.88372,0.43892,1.76593,4.16902,0.45226,0.91018,2.59114,2.74989,2.73945,6.51066,6.88372,1.9019,8.85032
2026-02-26 18:00:00,10.26107,0,0.3857,1.08288,0.47722,0.06103,0.19921,0.33328,0.84749,1.56885,3.11518,12.35641,0.07661,1.7787,2.59824,0.01611,0.00954,0.02683,0.01545,0.058,0.1052,2.7408,2.87026,1.99217,2.13646,1.1578,16.69972,4.1802,0.63211,1.20876,1.99952,9.09946,0.43665,0.89991,0.02298,6.91034,0.42406,1.7787,4.1802,0.43665,0.89991,2.59824,2.75293,2.7408,6.53572,6.91034,1.86912,8.75903
2026-02-26 19:00:00,10.04941,0,0.37015,1.03597,0.4542,0.0598,0.18276,0.3181,0.81598,1.52914,3.0704,12.08814,0.07277,1.79067,2.60541,0.01601,0.00952,0.02671,0.01538,0.05751,0.09917,2.7426,2.7914,1.99642,2.10086,1.1264,16.41356,4.18462,0.62858,1.20014,1.96154,8.97778,0.42112,0.8879,0.02151,6.93758,0.41016,1.79067,4.18462,0.42112,0.8879,2.60541,2.7559,2.7426,6.56061,6.93758,1.83175,8.69382
2026-02-26 20:00:00,9.83776,0,0.35482,0.99561,0.43046,0.05847,0.16938,0.30341,0.78254,1.49678,3.01039,11.81827,0.06925,1.80144,2.61257,0.01591,0.00951,0.02658,0.01526,0.05703,0.09292,2.74474,2.71165,2.00067,2.06525,1.08968,16.1274,4.18266,0.62505,1.1952,1.93157,8.86395,0.40562,0.87395,0.0205,6.96506,0.39627,1.80144,4.18266,0.40562,0.87395,2.61257,2.75862,2.74474,6.58495,6.96506,1.80225,8.64491
2026-02-26 21:00:00,9.62611,0,0.33951,0.95947,0.40665,0.056,0.15877,0.28963,0.74818,1.45572,2.95456,11.55847,0.06598,1.81082,2.6196,0.01582,0.00949,0.02646,0.01499,0.05654,0.0874,2.74713,2.64198,2.00493,2.02965,1.04795,15.84125,4.17458,0.62153,1.19184,1.91243,8.76086,0.39012,0.85837,0.01977,6.9924,0.38238,1.81082,4.17458,0.39012,0.85837,2.6196,2.76095,2.74713,6.60844,6.9924,1.78346,8.60687
2026-02-26 22:00:00,9.41445,0,0.32487,0.91405,0.3841,0.05095,0.15001,0.27608,0.71353,1.42342,2.90656,11.30301,0.06291,1.81869,2.62642,0.01572,0.00947,0.02634,0.01477,0.05605,0.08279,2.74967,2.59434,2.00918,1.99404,1.00445,15.55509,4.16053,0.618,1.18933,1.9051,8.66945,0.37462,0.84167,0.01914,7.01923,0.36848,1.81869,4.16053,0.37462,0.84167,2.62642,2.76283,2.74967,6.63076,7.01923,1.77638,8.57644
2026-02-26 23:00:00,9.2028,0,0.31143,0.84977,0.36361,0.04758,0.14215,0.26216,0.67882,1.39121,2.85833,11.03945,0.06003,1.82492,2.63289,0.01562,0.00946,0.02621,0.01461,0.05557,0.07887,2.75224,2.56463,2.01343,1.95843,0.96952,15.26893,4.14101,0.61447,1.1871,1.89922,8.57946,0.36167,0.82423,0.01833,7.04516,0.35459,1.82492,4.14101,0.36167,0.82423,2.63289,2.76431,2.75224,6.65169,7.04516,1.77071,8.55154
2026-02-27 00:00:00,8.99114,0,0.29924,0.79833,0.34543,0.04632,0.13362,0.248,0.64301,1.36902,2.81398,10.78097,0.05733,1.82935,2.63891,0.01552,0.00944,0.0261,0.0145,0.05508,0.07526,2.75473,2.54458,2.01768,1.92283,0.9351,14.98277,4.11773,0.61094,1.18514,1.89931,8.4954,0.35209,0.80624,0.01739,7.06985,0.34069,1.82935,4.11773,0.35209,0.80624,2.63891,2.76548,2.75473,6.67097,7.06985,1.77097,8.53079
2026-02-27 01:00:00,8.82414,0,0.28819,0.75841,0.32942,0.04561,0.12493,0.23449,0.6051,1.35795,2.77775,10.53814,0.05481,1.83202,2.64439,0.01543,0.00943,0.02599,0.01442,0.05472,0.07145,2.75705,2.52971,2.00285,1.90166,0.90022,14.86804,4.09228,0.61457,1.18441,1.90368,8.44979,0.34364,0.78783,0.01665,7.09296,0.33055,1.83202,4.09228,0.34364,0.78783,2.64439,2.76642,2.75705,6.68842,7.09296,1.77549,8.51324
2026-02-27 02:00:00,8.65714,0,0.27803,0.72739,0.31499,0.04479,0.11777,0.22263,0.56568,1.34756,2.754,10.29623,0.05246,1.83299,2.64926,0.01533,0.00941,0.02586,0.01431,0.05435,0.06756,2.75912,2.51765,1.98802,1.88049,0.86524,14.75331,4.06504,0.61821,1.18659,1.90643,8.40254,0.33557,0.76908,0.01614,7.11418,0.32041,1.83299,4.06504,0.33557,0.76908,2.64926,2.76717,2.75912,6.70383,7.11418,1.77837,8.49819
2026-02-27 03:00:00,8.49014,0,0.26857,0.70661,0.30188,0.04317,0.11209,0.21259,0.52424,1.33784,2.73088,10.05915,0.05026,1.8324,2.65348,0.01524,0.0094,0.02574,0.01409,0.05399,0.06414,2.76094,2.50669,1.9732,1.85933,0.8305,14.63857,4.03635,0.62184,1.19008,1.90772,8.35381,0.32763,0.75004,0.01577,7.13324,0.31027,1.8324,4.03635,0.32763,0.75004,2.65348,2.76767,2.76094,6.71713,7.13324,1.77978,8.48515
2026-02-27 04:00:00,8.32314,0,0.2599,0.68036,0.29022,0.03975,0.10742,0.20372,0.47992,1.32873,2.7138,9.831,0.0482,1.83034,2.65703,0.01515,0.00938,0.02562,0.01391,0.05363,0.0613,2.76251,2.49571,1.95837,1.83816,0.79532,14.52384,4.00645,0.62547,1.19419,1.90571,8.30178,0.31972,0.73077,0.01545,7.14988,0.30013,1.83034,4.00645,0.31972,0.73077,2.65703,2.76788,2.76251,6.72827,7.14988,1.77788,8.47373
2026-02-27 05:00:00,8.15614,0,0.25207,0.64313,0.28005,0.03747,0.10328,0.19544,0.43388,1.32031,2.69816,9.61207,0.04627,1.82688,2.65992,0.01505,0.00937,0.02551,0.01377,0.05326,0.05889,2.76383,2.48452,1.94354,1.81699,0.7591,14.40911,3.97556,0.62911,1.19864,1.90064,8.24669,0.31292,0.71129,0.01504,7.16395,0.28999,1.82688,3.97556,0.31292,0.71129,2.65992,2.76779,2.76383,6.73727,7.16395,1.77292,8.46366
2026-02-27 06:00:00,7.98914,0,0.245,0.61315,0.27124,0.03662,0.09912,0.1875,0.38826,1.31242,2.68342,9.39506,0.04446,1.82212,2.66217,0.01496,0.00935,0.0254,0.01368,0.0529,0.05667,2.76491,2.47322,1.92871,1.79582,0.72374,14.29438,3.94375,0.63274,1.20317,1.8851,8.18113,0.30758,0.69166,0.01456,7.17531,0.27985,1.82212,3.94375,0.30758,0.69166,2.66217,2.76741,2.76491,6.74419,7.17531,1.75749,8.45471
2026-02-27 07:00:00,7.8125,0,0.2386,0.5894,0.26354,0.03614,0.09576,0.18007,0.34467,1.30409,2.66428,9.19822,0.04277,1.81621,2.66379,0.01487,0.00934,0.02529,0.01361,0.05265,0.05434,2.76574,2.46186,1.88976,1.76755,0.69092,14.07072,3.9112,0.61861,1.18562,1.86404,8.05935,0.30273,0.67209,0.01417,7.18389,0.27243,1.81621,3.9112,0.30273,0.67209,2.66379,2.7668,2.76574,6.74907,7.18389,1.73655,8.44671
2026-02-27 08:00:00,7.63585,0,0.23271,0.56976,0.25665,0.03558,0.09263,0.17355,0.30389,1.28408,2.64254,9.00268,0.04118,1.80943,2.66487,0.01478,0.00932,0.02517,0.01351,0.0524,0.05196,2.7663,2.45046,1.85082,1.73928,0.66032,13.84706,3.87833,0.60448,1.16105,1.84793,7.94253,0.29804,0.6528,0.01391,7.18967,0.26501,1.80943,3.87833,0.29804,0.6528,2.66487,2.766,2.7663,6.75192,7.18967,1.72057,8.4395
2026-02-27 09:00:00,7.45921,0,0.22725,0.55451,0.2504,0.03448,0.08986,0.168,0.26723,1.26146,2.6182,8.80682,0.03968,1.80211,2.66546,0.01469,0.00931,0.02506,0.01329,0.05216,0.04987,2.76659,2.43469,1.81187,1.71101,0.63166,13.62341,3.84568,0.59036,1.13328,1.83466,7.82857,0.2934,0.63382,0.01372,7.19264,0.2576,1.80211,3.84568,0.2934,0.63382,2.66546,2.765,2.76659,6.75285,7.19264,1.70744,8.43298
2026-02-27 10:00:00,7.28256,0,0.22223,0.53482,0.24485,0.03215,0.0874,0.16298,0.23729,1.23099,2.58693,8.60703,0.03828,1.79442,2.66567,0.01459,0.00929,0.02494,0.01312,0.05191,0.04813,2.76663,2.41048,1.77292,1.68274,0.60472,13.39975,3.81359,0.57623,1.10407,1.82618,7.71939,0.28878,0.61531,0.01356,7.19284,0.25018,1.79442,3.81359,0.28878,0.61531,2.66567,2.76377,2.76663,6.75188,7.19284,1.6991,8.42705
2026-02-27 11:00:00,7.10592,0,0.21768,0.50633,0.23996,0.0306,0.08511,0.15807,0.2148,1.20281,2.55114,8.40471,0.03696,1.78642,2.66559,0.0145,0.00928,0.02484,0.01299,0.05166,0.04666,2.76642,2.37999,1.73398,1.65447,0.57929,13.17609,3.78232,0.5621,1.07429,1.81421,7.60672,0.28472,0.59734,0.01334,7.19032,0.24276,1.78642,3.78232,0.28472,0.59734,2.66559,2.76227,2.76642,6.7491,7.19032,1.68727,8.42164
2026-02-27 12:00:00,6.92927,0,0.21357,0.48352,0.23567,0.03002,0.08268,0.15309,0.19807,1.17648,2.51177,8.19896,0.03573,1.77819,2.66535,0.01441,0.00926,0.02473,0.01289,0.05141,0.04531,2.76598,2.34613,1.69503,1.6262,0.55525,12.95243,3.75199,0.54797,1.04454,1.7936,7.48539,0.28138,0.57993,0.01309,7.18514,0.23534,1.77819,3.75199,0.28138,0.57993,2.66535,2.76049,2.76598,6.74462,7.18514,1.66678,8.07771
2026-02-27 13:00:00,6.76523,0,0.20986,0.46565,0.23182,0.02969,0.08016,0.1482,0.18539,1.14564,2.4602,8.04784,0.03456,1.76977,2.66502,0.01432,0.00925,0.02463,0.01283,0.05118,0.04389,2.76531,2.31044,1.66025,1.59303,0.53242,12.69691,3.72275,0.53039,1.0127,1.76952,7.34867,0.27829,0.56315,0.01289,7.1774,0.22995,1.76977,3.72275,0.27829,0.56315,2.66502,2.75848,2.76531,6.73857,7.1774,1.6428,6.86788
2026-02-27 14:00:00,6.60118,0,0.20643,0.45121,0.22824,0.02931,0.07793,0.14374,0.17581,1.11267,2.4079,7.89253,0.03347,1.76129,2.66468,0.01424,0.00923,0.02452,0.01273,0.05095,0.04245,2.76439,2.27378,1.62547,1.55987,0.51071,12.44138,3.6946,0.5128,0.97938,1.7506,7.21707,0.27528,0.54708,0.01275,7.16722,0.22455,1.76129,3.6946,0.27528,0.54708,2.66468,2.75628,2.76439,6.73106,7.16722,1.62396,6.37514
2026-02-27 15:00:00,6.43714,0,0.20322,0.44047,0.22489,0.02856,0.07604,0.13983,0.16854,1.08259,2.35462,7.73234,0.03244,1.75286,2.66442,0.01415,0.00921,0.02441,0.01251,0.05073,0.04119,2.76323,2.23821,1.5907,1.5267,0.49003,12.18586,3.66756,0.49522,0.94536,1.73493,7.08876,0.27229,0.53167,0.01265,7.15473,0.21916,1.75286,3.66756,0.27229,0.53167,2.66442,2.75394,2.76323,6.72221,7.15473,1.60838,6.2109
2026-02-27 16:00:00,6.2731,0,0.20026,0.4265,0.22182,0.02697,0.0744,0.13613,0.16272,1.04815,2.3015,7.56222,0.03148,1.74448,2.66428,0.01406,0.0092,0.0243,0.01233,0.0505,0.04014,2.76182,2.20515,1.55592,1.49353,0.47035,11.93033,3.64162,0.47764,0.911,1.72341,6.96458,0.26931,0.51693,0.01256,7.14009,0.21376,1.74448,3.64162,0.26931,0.51693,2.66428,2.75146,2.76182,6.71215,7.14009,1.59695,6.12878
2026-02-27 17:00:00,6.10905,0,0.19761,0.40615,0.21906,0.02591,0.07293,0.13231,0.15766,1.02573,2.24322,7.39139,0.03058,1.7362,2.66433,0.01398,0.00919,0.0242,0.0122,0.05027,0.03925,2.76019,2.17366,1.52114,1.46037,0.45168,11.67481,3.61679,0.46005,0.87633,1.70592,6.83444,0.26667,0.50287,0.01243,7.12347,0.20837,1.7362,3.61679,0.26667,0.50287,2.66433,2.74887,2.76019,6.70099,7.12347,1.57956,6.0795
2026-02-27 18:00:00,5.94501,0,0.19528,0.38984,0.21655,0.02551,0.07142,0.12824,0.15291,0.99224,2.19006,7.21975,0.02973,1.72801,2.66459,0.01389,0.00917,0.02409,0.0121,0.05004,0.03842,2.75835,2.14304,1.48636,1.4272,0.43392,11.41928,3.59301,0.44247,0.84116,1.6718,6.68767,0.26448,0.48944,0.01228,7.10502,0.20297,1.72801,3.59301,0.26448,0.48944,2.66459,2.74619,2.75835,6.68887,7.10502,1.54554,6.04665
2026-02-27 19:00:00,5.84123,0,0.19322,0.37698,0.21421,0.02529,0.0699,0.12408,0.14838,0.96477,2.14637,7.0868,0.02893,1.71996,2.6651,0.01381,0.00916,0.02399,0.01203,0.04982,0.03755,2.75633,2.11289,1.46265,1.3962,0.41691,11.26865,3.57031,0.43121,0.819,1.6302,6.5842,0.26244,0.47665,0.01216,7.08493,0.19906,1.71996,3.57031,0.26244,0.47665,2.6651,2.74345,2.75633,6.67586,7.08493,1.50405,6.02319
2026-02-27 20:00:00,5.73744,0,0.19132,0.36639,0.21196,0.02502,0.06858,0.12029,0.14432,0.94814,2.09845,6.94979,0.02818,1.7121,2.66589,0.01373,0.00914,0.02388,0.01191,0.0496,0.03666,2.75414,2.08298,1.43893,1.3652,0.39989,11.11802,3.54862,0.41994,0.79947,1.59779,6.48991,0.26044,0.46447,0.01207,7.06337,0.19515,1.7121,3.54862,0.26044,0.46447,2.66589,2.74072,2.75414,6.6621,7.06337,1.47175,6.00559
2026-02-27 21:00:00,5.63366,0,0.18951,0.35815,0.20977,0.02451,0.06746,0.11704,0.14079,0.9214,2.05521,6.81789,0.02747,1.70449,2.66695,0.01365,0.00912,0.02378,0.01164,0.04938,0.03588,2.75182,2.05871,1.41522,1.33421,0.38218,10.96739,3.52822,0.40868,0.78139,1.57319,6.40346,0.25846,0.45288,0.01201,7.0405,0.19125,1.70449,3.52822,0.25846,0.45288,2.66695,2.73806,2.75182,6.64766,7.0405,1.44727,5.99191
2026-02-27 22:00:00,5.52987,0,0.1878,0.34736,0.20773,0.02341,0.06649,0.11414,0.13759,0.90504,2.01626,6.69438,0.0268,1.69713,2.66832,0.01356,0.00911,0.02367,0.01143,0.04915,0.03522,2.74938,2.04311,1.3915,1.30321,0.36393,10.81675,3.51052,0.39742,0.76371,1.55865,6.32704,0.25648,0.44185,0.01195,7.01651,0.18734,1.69713,3.51052,0.25648,0.44185,2.66832,2.73549,2.74938,6.63263,7.01651,1.43283,5.98096
2026-02-27 23:00:00,5.42609,0,0.18624,0.33155,0.20585,0.02268,0.06563,0.11129,0.13449,0.88866,1.97869,6.56712,0.02618,1.69001,2.66998,0.01348,0.00909,0.02357,0.01126,0.04893,0.03467,2.74686,2.03228,1.36779,1.27221,0.34563,10.66612,3.49278,0.38615,0.74629,1.53918,6.24568,0.25472,0.43138,0.01186,6.99154,0.18343,1.69001,3.49278,0.25472,0.43138,2.66998,2.73306,2.74686,6.6171,6.99154,1.41346,5.972
2026-02-28 00:00:00,5.3223,0,0.18485,0.31891,0.20409,0.0224,0.06474,0.10836,0.13136,0.88174,1.94626,6.44432,0.02559,1.68313,2.67194,0.0134,0.00908,0.02347,0.01115,0.04871,0.03415,2.7443,2.02402,1.34407,1.24121,0.32802,10.51549,3.47492,0.37489,0.72912,1.50748,6.15209,0.25325,0.42141,0.01176,6.96575,0.17952,1.68313,3.47492,0.25325,0.42141,2.67194,2.73078,2.7443,6.60117,6.96575,1.38185,5.96453
2026-02-28 01:00:00,5.29286,0,0.18358,0.30886,0.20242,0.02225,0.06385,0.10543,0.12827,0.88436,1.92333,6.38241,0.02504,1.67649,2.67416,0.01332,0.00906,0.02336,0.01107,0.0485,0.0336,2.74175,2.01715,1.33079,1.22899,0.31152,10.46547,3.45708,0.37199,0.72317,1.47117,6.10256,0.25187,0.41193,0.01167,6.93928,0.17662,1.67649,3.45708,0.25187,0.41193,2.67416,2.72867,2.74175,6.58497,6.93928,1.34565,5.95822
2026-02-28 02:00:00,5.26341,0,0.18235,0.30029,0.20076,0.02206,0.06306,0.10275,0.12549,0.88665,1.90885,6.32157,0.02451,1.67014,2.67665,0.01324,0.00905,0.02326,0.01097,0.04828,0.03304,2.73923,2.01103,1.3175,1.21678,0.29534,10.41545,3.43935,0.36908,0.72025,1.44249,6.06066,0.25052,0.40294,0.01161,6.91228,0.17372,1.67014,3.43935,0.25052,0.40294,2.67665,2.72677,2.73923,6.56853,6.91228,1.31711,5.9528
2026-02-28 03:00:00,5.23397,0,0.18112,0.29324,0.19913,0.0217,0.0624,0.10046,0.12313,0.88871,1.89782,6.26567,0.02402,1.66408,2.67938,0.01317,0.00903,0.02317,0.01074,0.04807,0.03255,2.73679,2.00904,1.30422,1.20456,0.27844,10.36543,3.42187,0.36618,0.71886,1.42245,6.02744,0.24918,0.39437,0.01156,6.88488,0.17082,1.66408,3.42187,0.24918,0.39437,2.67938,2.72511,2.73679,6.55185,6.88488,1.29722,5.94811
2026-02-28 04:00:00,5.20452,0,0.17991,0.28369,0.19757,0.02094,0.06182,0.09872,0.12102,0.89045,1.89372,6.21926,0.02356,1.65832,2.68232,0.01309,0.00902,0.02306,0.01057,0.04786,0.03214,2.73444,2.013,1.29094,1.19234,0.26275,10.31541,3.40452,0.36328,0.71819,1.41211,6.00393,0.24785,0.38623,0.01152,6.85718,0.16791,1.65832,3.40452,0.24785,0.38623,2.68232,2.72373,2.73444,6.53495,6.85718,1.28704,5.944
2026-02-28 05:00:00,5.17507,0,0.17879,0.26936,0.19612,0.02043,0.06131,0.09697,0.11896,0.89187,1.8911,6.18131,0.02312,1.65283,2.68547,0.01301,0.009,0.02298,0.01043,0.04764,0.03179,2.73223,2.02017,1.27765,1.18013,0.24826,10.26539,3.38736,0.36037,0.71792,1.39994,5.97843,0.24666,0.37851,0.01145,6.82929,0.16501,1.65283,3.38736,0.24666,0.37851,2.68547,2.72263,2.73223,6.51784,6.82929,1.2749,5.94038
2026-02-28 06:00:00,5.14563,0,0.17777,0.25792,0.19475,0.02024,0.06077,0.09504,0.11683,0.89306,1.88869,6.14681,0.02271,1.64761,2.68879,0.01293,0.00899,0.02288,0.01034,0.04743,0.03146,2.73019,2.02906,1.26437,1.16791,0.23507,10.21537,3.37054,0.35747,0.71781,1.38358,5.94876,0.24565,0.37117,0.01136,6.80128,0.16211,1.64761,3.37054,0.24565,0.37117,2.68879,2.72181,2.73019,6.50056,6.80128,1.25856,5.93716
2026-02-28 07:00:00,5.11289,0,0.17682,0.24902,0.19342,0.02014,0.06022,0.09301,0.11469,0.89646,1.88922,6.12369,0.02233,1.64265,2.69226,0.01285,0.00897,0.02278,0.01028,0.04722,0.03111,2.72834,2.03888,1.25312,1.15952,0.22318,10.10654,3.35422,0.35583,0.71335,1.36641,5.91118,0.24471,0.36419,0.01128,6.77322,0.15993,1.64265,3.35422,0.24471,0.36419,2.69226,2.72126,2.72834,6.48312,6.77322,1.2414,5.93428
2026-02-28 08:00:00,5.08014,0,0.17588,0.24196,0.19209,0.02001,0.05973,0.09107,0.11278,0.89137,1.88785,6.10205,0.02197,1.63796,2.69584,0.01278,0.00896,0.02268,0.0102,0.04701,0.03075,2.72671,2.0492,1.24187,1.15114,0.21239,9.99771,3.33853,0.35418,0.70944,1.35261,5.87696,0.24378,0.35756,0.01123,6.74517,0.15775,1.63796,3.33853,0.24378,0.35756,2.69584,2.721,2.72671,6.46555,6.74517,1.22761,5.93168
2026-02-28 09:00:00,5.04739,0,0.1749,0.23677,0.19075,0.01976,0.05932,0.08932,0.11119,0.88458,1.88646,6.08063,0.02163,1.63354,2.69952,0.0127,0.00894,0.02258,0.01003,0.04681,0.03043,2.72531,2.05449,1.23062,1.14275,0.20251,9.88887,3.32357,0.35254,0.70578,1.34316,5.8471,0.24286,0.35126,0.01119,6.71717,0.15558,1.63354,3.32357,0.24286,0.35126,2.69952,2.72104,2.72531,6.44788,6.71717,1.21816,5.92934
2026-02-28 10:00:00,5.01465,0,0.17392,0.23006,0.18947,0.01923,0.05896,0.08769,0.10978,0.87304,1.8819,6.06214,0.02131,1.62939,2.70326,0.01262,0.00893,0.02249,0.00989,0.0466,0.03016,2.72417,2.0515,1.21936,1.13436,0.19344,9.78004,3.30937,0.3509,0.70228,1.3379,5.82142,0.24195,0.34528,0.01116,6.68928,0.1534,1.62939,3.30937,0.24195,0.34528,2.70326,2.72137,2.72417,6.43017,6.68928,1.21291,5.9272
2026-02-28 11:00:00,4.9819,0,0.17299,0.22036,0.18827,0.01888,0.05863,0.08605,0.10837,0.86327,1.87373,6.04175,0.021,1.62548,2.70702,0.01255,0.00891,0.02239,0.00979,0.04639,0.02994,2.72328,2.04383,1.20811,1.12598,0.18515,9.67121,3.29596,0.34925,0.69885,1.33126,5.79434,0.24112,0.3396,0.01112,6.66153,0.15122,1.62548,3.29596,0.24112,0.3396,2.70702,2.72198,2.72328,6.41244,6.66153,1.20626,5.92526
2026-02-28 12:00:00,4.94916,0,0.17212,0.21257,0.18713,0.01875,0.05828,0.08435,0.10687,0.85524,1.86271,6.02134,0.02071,1.62181,2.7108,0.01247,0.0089,0.0223,0.00972,0.04618,0.02972,2.72267,2.03364,1.19686,1.11759,0.17763,9.56238,3.28334,0.34761,0.69547,1.32082,5.76348,0.24042,0.33419,0.01107,6.63397,0.14904,1.62181,3.28334,0.24042,0.33419,2.7108,2.72285,2.72267,6.39475,6.63397,1.19582,5.46038
2026-02-28 13:00:00,4.8992,0,0.17131,0.20641,0.18601,0.01867,0.05791,0.08263,0.10533,0.84415,1.84614,5.9787,0.02043,1.61837,2.71453,0.0124,0.00889,0.02221,0.00966,0.04598,0.0295,2.72233,2.02211,1.1813,1.10534,0.17081,9.42637,3.2715,0.34091,0.68675,1.30906,5.71539,0.23975,0.32908,0.01103,6.60665,0.14738,1.61837,3.2715,0.23975,0.32908,2.71453,2.72396,2.72233,6.37717,6.60665,1.18405,4.7017
2026-02-28 14:00:00,4.84923,0,0.17049,0.20133,0.18488,0.01858,0.05759,0.08101,0.10397,0.83155,1.83016,5.93245,0.02017,1.61515,2.7182,0.01233,0.00887,0.02212,0.00956,0.04578,0.02926,2.72226,2.00988,1.16573,1.0931,0.16457,9.29037,3.26045,0.33421,0.67621,1.29975,5.66975,0.2391,0.3242,0.011,6.5796,0.14572,1.61515,3.26045,0.2391,0.3242,2.7182,2.72531,2.72226,6.35971,6.5796,1.17474,4.7017
2026-02-28 15:00:00,4.79927,0,0.16961,0.19736,0.18375,0.01841,0.05731,0.07956,0.10286,0.82061,1.81724,5.88335,0.01993,1.61217,2.72178,0.01226,0.00885,0.02202,0.00935,0.04559,0.02906,2.72247,1.99718,1.15017,1.08085,0.15883,9.15436,3.25014,0.32751,0.6647,1.29231,5.626,0.23846,0.31957,0.01098,6.55287,0.14407,1.61217,3.25014,0.23846,0.31957,2.72178,2.72688,2.72247,6.34244,6.55287,1.16731,4.7017
2026-02-28 16:00:00,4.74931,0,0.16872,0.1922,0.18265,0.01803,0.05707,0.07823,0.10187,0.80673,1.80149,5.82869,0.0197,1.60938,2.72524,0.01219,0.00884,0.02194,0.00918,0.04539,0.02888,2.72293,1.98383,1.13461,1.0686,0.15352,9.01835,3.24056,0.32081,0.65273,1.28702,5.58439,0.23781,0.31518,0.01096,6.5265,0.14241,1.60938,3.24056,0.23781,0.31518,2.72524,2.72866,2.72293,6.32541,6.5265,1.16203,4.7017
2026-02-28 17:00:00,4.69934,0,0.16786,0.18471,0.18162,0.01778,0.05684,0.07691,0.10087,0.80048,1.7813,5.77463,0.01948,1.60681,2.72854,0.01212,0.00883,0.02184,0.00905,0.04519,0.02873,2.72366,1.96837,1.11904,1.05636,0.14863,8.88235,3.23165,0.31411,0.64054,1.2791,5.54018,0.23723,0.31101,0.01091,6.50053,0.14075,1.60681,3.23165,0.23723,0.31101,2.72854,2.73061,2.72366,6.30864,6.50053,1.15414,4.7017
2026-02-28 18:00:00,4.64938,0,0.16707,0.17872,0.18062,0.01768,0.05659,0.07554,0.09977,0.78669,1.76343,5.72363,0.01928,1.60442,2.73163,0.01205,0.00881,0.02175,0.00896,0.04499,0.02859,2.72463,1.95156,1.10348,1.04411,0.14417,8.74634,3.22337,0.30741,0.62823,1.26385,5.48863,0.23672,0.30705,0.01085,6.47501,0.13909,1.60442,3.22337,0.23672,0.30705,2.73163,2.73271,2.72463,6.29219,6.47501,1.13892,4.7017
2026-02-28 19:00:00,4.63206,0,0.16631,0.174,0.17964,0.01763,0.05632,0.07416,0.09863,0.774,1.74717,5.67389,0.01909,1.60222,2.73451,0.01198,0.0088,0.02166,0.00889,0.0448,0.02843,2.72583,1.9339,1.08889,1.0309,0.14009,8.70628,3.2157,0.3044,0.62162,1.24534,5.45553,0.23625,0.30329,0.01081,6.44995,0.13781,1.60222,3.2157,0.23625,0.30329,2.73451,2.73493,2.72583,6.27609,6.44995,1.12045,4.7017
2026-02-28 20:00:00,4.61475,0,0.16554,0.17011,0.17864,0.01756,0.05608,0.07286,0.09762,0.76877,1.72888,5.61971,0.0189,1.60019,2.73714,0.01191,0.00878,0.02157,0.00879,0.0446,0.02825,2.72724,1.9157,1.07431,1.0177,0.13633,8.66622,3.20859,0.30139,0.61566,1.23088,5.4265,0.23578,0.29972,0.01078,6.42542,0.13653,1.60019,3.20859,0.23578,0.29972,2.73714,2.73726,2.72724,6.26035,6.42542,1.10605,4.7017
2026-02-28 21:00:00,4.59743,0,0.16472,0.16712,0.17762,0.01743,0.05587,0.07171,0.0968,0.75624,1.71436,5.56785,0.01872,1.59834,2.73947,0.01184,0.00877,0.02148,0.00857,0.04441,0.0281,2.72885,1.90019,1.05972,1.00449,0.13284,8.62616,3.20201,0.29838,0.61118,1.22024,5.40131,0.23531,0.29632,0.01075,6.40142,0.13525,1.59834,3.20201,0.23531,0.29632,2.73947,2.73967,2.72885,6.24502,6.40142,1.09547,4.7017
2026-02-28 22:00:00,4.58011,0,0.16388,0.16318,0.17664,0.01716,0.05568,0.07065,0.09607,0.75106,1.70006,5.5176,0.01855,1.59664,2.74149,0.01177,0.00875,0.02139,0.0084,0.04422,0.02797,2.73064,1.88971,1.04513,0.99128,0.12958,8.5861,3.19593,0.29536,0.6072,1.21435,5.38086,0.23485,0.29311,0.01073,6.37799,0.13396,1.59664,3.19593,0.23485,0.29311,2.74149,2.74214,2.73064,6.23009,6.37799,1.08966,4.7017
2026-02-28 23:00:00,4.5628,0,0.16307,0.15738,0.1757,0.01697,0.0555,0.0696,0.09532,0.74588,1.68592,5.46957,0.01839,1.5951,2.74319,0.0117,0.00874,0.02131,0.00826,0.04402,0.02785,2.73258,1.88273,1.03055,0.97808,0.12656,8.54604,3.19029,0.29235,0.6034,1.20689,5.35884,0.23442,0.29005,0.01069,6.35515,0.13268,1.5951,3.19029,0.23442,0.29005,2.74319,2.74463,2.73258,6.21562,6.35515,1.08227,4.7017
2026-03-01 00:00:00,4.54548,0,0.16231,0.15274,0.1748,0.01691,0.05528,0.06851,0.09448,0.74786,1.67487,5.42045,0.01823,1.59371,2.74453,0.01163,0.00872,0.02122,0.00817,0.04383,0.02774,2.73466,1.87796,1.01596,0.96487,0.12378,8.50598,3.18507,0.28934,0.59973,1.19583,5.3332,0.23404,0.28715,0.01064,6.33293,0.1314,1.59371,3.18507,0.23404,0.28715,2.74453,2.74711,2.73466,6.2016,6.33293,1.07126,4.7017
2026-03-01 01:00:00,4.57374,0,0.1616,0.14908,0.17391,0.01687,0.05504,0.06742,0.09359,0.75592,1.66479,5.40447,0.01809,1.59244,2.74551,0.01156,0.00871,0.02113,0.00811,0.04364,0.02762,2.73684,1.8746,1.00703,0.95946,0.1212,8.49328,3.18024,0.28995,0.60168,1.18369,5.32571,0.23369,0.2844,0.01061,6.31135,0.13039,1.59244,3.18024,0.23369,0.2844,2.74551,2.74956,2.73684,6.18803,6.31135,1.05913,4.7017
2026-03-01 02:00:00,4.60201,0,0.16086,0.14608,0.173,0.01682,0.05482,0.06639,0.0928,0.7641,1.66274,5.38866,0.01796,1.59132,2.74613,0.0115,0.00869,0.02105,0.00803,0.04345,0.02748,2.73911,1.87215,0.9981,0.95405,0.1188,8.48058,3.17576,0.29056,0.60521,1.17404,5.3207,0.23334,0.28178,0.01058,6.29041,0.12938,1.59132,3.17576,0.23334,0.28178,2.74613,2.75194,2.73911,6.17495,6.29041,1.04948,4.7017
2026-03-01 03:00:00,4.63027,0,0.16008,0.14374,0.17207,0.01673,0.05463,0.06547,0.09216,0.7722,1.66321,5.37522,0.01783,1.59031,2.74809,0.01144,0.00868,0.02097,0.00786,0.04327,0.02736,2.74144,1.872,0.98918,0.94864,0.11654,8.46788,3.17162,0.29117,0.60934,1.16748,5.31877,0.23299,0.2793,0.01056,6.27013,0.12837,1.59031,3.17162,0.23299,0.2793,2.74809,2.75423,2.74144,6.16233,6.27013,1.04291,4.7017
2026-03-01 04:00:00,4.65854,0,0.15927,0.14067,0.17116,0.01653,0.05446,0.06463,0.09159,0.78032,1.66944,5.36326,0.01771,1.58944,2.74967,0.01137,0.00867,0.02088,0.00773,0.04308,0.02726,2.7438,1.87523,0.98025,0.94322,0.11441,8.45518,3.16778,0.29177,0.61373,1.16416,5.32004,0.23264,0.27694,0.01054,6.25051,0.12736,1.58944,3.16778,0.23264,0.27694,2.74967,2.7564,2.7438,6.1502,6.25051,1.03956,4.7017
2026-03-01 05:00:00,4.68681,0,0.15849,0.13614,0.1703,0.0164,0.0543,0.06379,0.09099,0.78855,1.67764,5.3576,0.01759,1.58867,2.75089,0.0113,0.00865,0.0208,0.00762,0.04289,0.02717,2.74616,1.88078,0.97132,0.93781,0.11241,8.44248,3.16421,0.29238,0.61815,1.16023,5.32073,0.23232,0.2747,0.0105,6.23156,0.12635,1.58867,3.16421,0.23232,0.2747,2.75089,2.75844,2.74616,6.13853,6.23156,1.03561,4.7017
2026-03-01 06:00:00,4.71507,0,0.15777,0.13252,0.16947,0.01635,0.05413,0.06293,0.0903,0.7967,1.68849,5.3558,0.01747,1.58801,2.75173,0.01124,0.00864,0.02071,0.00755,0.0427,0.02707,2.7485,1.8878,0.96239,0.9324,0.11055,8.42978,3.16089,0.29299,0.6226,1.15496,5.32007,0.23203,0.27258,0.01045,6.21328,0.12534,1.58801,3.16089,0.23203,0.27258,2.75173,2.76037,2.7485,6.12736,6.21328,1.03031,4.7017
2026-03-01 07:00:00,4.71395,0,0.15708,0.12967,0.16863,0.01632,0.05394,0.06205,0.08956,0.8055,1.69971,5.36309,0.01736,1.58744,2.75222,0.01118,0.00863,0.02063,0.00749,0.04252,0.02695,2.75078,1.89576,0.95529,0.92951,0.10881,8.42733,3.1578,0.29238,0.62053,1.1494,5.30239,0.23175,0.27056,0.01042,6.19568,0.12452,1.58744,3.1578,0.23175,0.27056,2.75222,2.76222,2.75078,6.11664,6.19568,1.02473,4.7017
2026-03-01 08:00:00,4.71283,0,0.15638,0.12731,0.16777,0.01628,0.05378,0.06123,0.0889,0.81442,1.71113,5.37329,0.01726,1.58698,2.75235,0.01112,0.00861,0.02054,0.0074,0.04234,0.02682,2.753,1.90432,0.94818,0.92662,0.10717,8.42489,3.15493,0.29176,0.6179,1.14493,5.2858,0.23148,0.26865,0.01039,6.17874,0.12371,1.58698,3.15493,0.23148,0.26865,2.75235,2.764,2.753,6.10639,6.17874,1.02025,4.7017
2026-03-01 09:00:00,4.71171,0,0.15563,0.12547,0.1669,0.01621,0.05363,0.0605,0.08836,0.81603,1.7229,5.38598,0.01716,1.58659,2.75213,0.01106,0.0086,0.02047,0.00718,0.04216,0.02669,2.75513,1.90968,0.94108,0.92373,0.10561,8.42244,3.15225,0.29115,0.61507,1.14174,5.27049,0.23121,0.26683,0.01037,6.16246,0.12289,1.58659,3.15225,0.23121,0.26683,2.75213,2.7657,2.75513,6.09658,6.16246,1.01705,4.7017
2026-03-01 10:00:00,4.71058,0,0.15486,0.12304,0.16604,0.01606,0.05351,0.05983,0.08787,0.81397,1.73237,5.39959,0.01707,1.58628,2.75157,0.01099,0.00858,0.02039,0.00701,0.04198,0.02659,2.75718,1.90922,0.93398,0.92084,0.10413,8.41999,3.14975,0.29053,0.61221,1.13977,5.2564,0.23094,0.26509,0.01035,6.14683,0.12207,1.58628,3.14975,0.23094,0.26509,2.75157,2.76729,2.75718,6.08721,6.14683,1.01508,4.7017
2026-03-01 11:00:00,4.70946,0,0.15412,0.11946,0.16523,0.01596,0.05338,0.05916,0.08736,0.81189,1.73863,5.41346,0.01698,1.58607,2.75069,0.01093,0.00856,0.0203,0.00688,0.0418,0.0265,2.75915,1.90486,0.92687,0.91795,0.10272,8.41755,3.14742,0.28992,0.60925,1.13709,5.24161,0.23069,0.26346,0.01032,6.13184,0.12126,1.58607,3.14742,0.23069,0.26346,2.75069,2.76875,2.75915,6.07827,6.13184,1.01239,4.7017
2026-03-01 12:00:00,4.70834,0,0.15343,0.1166,0.16444,0.01593,0.05324,0.05846,0.08677,0.81349,1.73871,5.42763,0.01689,1.58591,2.74948,0.01087,0.00855,0.02022,0.00679,0.04162,0.02641,2.76104,1.89802,0.91977,0.91506,0.1014,8.4151,3.14523,0.2893,0.6063,1.13238,5.22479,0.23046,0.26189,0.01027,6.11747,0.12044,1.58591,3.14523,0.23046,0.26189,2.74948,2.77006,2.76104,6.06974,6.11747,1.00768,4.70957
