GMT,FRAC1,LTDC1,HIDC1,BHNC1,MPAC1,OWCC1,BNCC1,BCKC1,MEEC1,HPIC1,POHC1,EXQC1,DSNC1,STVC1,NWMC1,LGCC1,WARC1,LGAC1,PNEC1,LBDC1,OREC1,PATC1,HETC1,LNRC1,CHVC1F,DCMC1,NDPC1,MDSC1,NDVC1,NSWC1,AVYC1,NMSC1,OBBC1,RIPC1,PTTC1,VNSC1,KNFC1L,STVC1,MDSC1,OBBC1,RIPC1,NWMC1,CRDC1,PATC1,MZRC1,VNSC1,AVYC1L,NDPC1L
,QINE,QINE,QINE,QINE,QINE,QINE,QINE,QINE,QINE,QINE,QINE,QINE,QINE,QINE,QINE,QINE,QINE,QINE,QINE,QINE,QINE,QINE,QINE,QINE,QINE,QINE,QINE,QINE,QINE,QINE,QINE,QINE,QINE,QINE,QINE,QINE,QINE,QINE,QINE,QINE,QINE,QINE,QINE,QINE,QINE,QINE,SQIN,SQIN
2026-06-11 12:00:00,3.40106,0,0.01852,-0.01025,0,0,0,0.002,0.25727,0.71996,0.8103,0.96427,0.00764,0.12501,0.43866,0.00001,0,0.00001,0,0,0.00001,0.48505,1.36561,0.17937,0.15706,0.011,1.8056,0.07914,0.01772,0.03722,0.18202,1.05099,1.74519,1.54985,0,1.64578,0,0.12501,0.07914,1.74519,1.54985,0.43866,0.35586,0.48505,0.47773,1.64578,0.03652,0.30611
2026-06-11 13:00:00,3.35827,0,0.00994,-0.009,0,0,0,0.002,0.25519,0.73968,0.82305,1.42255,0.00764,0.12601,0.43085,0.00001,0,0.00001,0,-0.00294,0.00001,0.48205,1.36664,0.19022,0.1776,0.011,1.7723,0.07914,0.0177,0.02233,0.18602,1.05203,1.73919,1.55287,0,1.65248,0,0.12601,0.07914,1.73919,1.55287,0.43085,0.35586,0.48205,0.47629,1.65248,0.03651,0.30559
2026-06-11 14:00:00,3.31548,0,0.01813,-0.01367,0,0,0,0.002,0.25519,0.76475,0.84362,1.79309,0.008,0.12601,0.43605,0.00001,0,0.00001,0,-0.00883,0.00001,0.47405,1.40205,0.18094,0.18404,0.011,1.739,0.08252,0.01732,0.03396,0.18402,1.05306,1.73919,1.55287,0,1.65248,0,0.12601,0.08252,1.73919,1.55287,0.43605,0.35586,0.47405,0.47485,1.65248,0.0365,0.30557
2026-06-11 15:00:00,3.27269,0,0.02644,-0.00383,0,0,0,0.002,0.25519,0.76475,0.87496,2.07321,0.008,0.12701,0.43866,0.00001,0,0.00001,0,-0.01763,0.00001,0.47705,1.45208,0.19066,0.21201,0.011,1.7057,0.08594,0.01728,0.01824,0.18502,1.0541,1.74519,1.55287,0,1.63908,0,0.12701,0.08594,1.74519,1.55287,0.43866,0.35814,0.47705,0.47334,1.63908,0.03649,0.30554
2026-06-11 16:00:00,3.22989,0,0.02628,0.00067,0,0,0,0.002,0.25936,0.78001,0.88553,2.12237,0.00826,0.12801,0.43866,0.00001,0,0.00001,0,-0.02057,0.00001,0.48205,1.42331,0.17051,0.20941,0.011,1.68488,0.08766,0.01761,0.03313,0.18502,1.0551,1.74519,1.54985,0,1.63908,0,0.12801,0.08766,1.74519,1.54985,0.43866,0.35814,0.48205,0.4718,1.63908,0.03647,0.30552
2026-06-11 17:00:00,3.1871,0,0.01772,0.00067,0,0,0,0.002,0.26147,0.79028,0.89819,2.12342,0.00826,0.13001,0.44127,0.00001,0,0.00001,0,-0.0206,0.00001,0.47705,1.393,0.16086,0.21322,0.01,1.66406,0.08766,0.01687,0.0447,0.18602,1.0561,1.7512,1.54985,0,1.63908,0,0.13001,0.08766,1.7512,1.54985,0.44127,0.35814,0.47705,0.47038,1.63908,0.03644,0.30549
2026-06-11 18:00:00,3.1017,0,0.01772,0.00617,0,0,0,0.002,0.25936,0.78001,0.90687,2.0802,0.00853,0.12901,0.44389,0.00001,0,0.00001,0,-0.02351,0.00001,0.47205,1.44207,0.18115,0.20779,0.01,1.64324,0.08766,0.01683,0.01654,0.18402,1.05711,1.7512,1.55287,0,1.63908,0,0.12901,0.08766,1.7512,1.55287,0.44389,0.35814,0.47205,0.46921,1.63908,0.03642,0.30546
2026-06-11 19:00:00,3.0591,0,0.02622,0.01467,0,0,0,0.002,0.26147,0.80062,0.91763,1.89935,0.00853,0.12701,0.44127,0.00001,0,0.00001,0,-0.02054,0.00001,0.47405,1.43206,0.15056,0.19202,0.01,1.62241,0.08766,0.01715,0.01571,0.18602,1.05696,1.7572,1.54985,0,1.64578,0,0.12701,0.08766,1.7572,1.54985,0.44127,0.35586,0.47405,0.46825,1.64578,0.03641,0.30543
2026-06-11 20:00:00,3.0591,0,0.02648,0.03667,-0.012,0,0,0.002,0.25936,0.76475,0.92346,1.71459,0.00853,0.12501,0.44127,0.00001,0,0.00001,0,-0.01466,0.00001,0.46905,1.39121,0.14009,0.20683,0.011,1.60159,0.08766,0.01747,0.02316,0.18602,1.05681,1.74519,1.55287,0,1.65919,0,0.12501,0.08766,1.74519,1.55287,0.44127,0.35586,0.46905,0.46737,1.65919,0.0364,0.30539
2026-06-11 21:00:00,3.0591,0,0.01815,0.03367,0,0,0,0.002,0.25519,0.76475,0.92846,1.62115,0.00853,0.12401,0.44127,0.00001,0,0.00001,0,-0.00438,0.00001,0.46905,1.30301,0.13041,0.23054,0.01,1.58077,0.08766,0.01745,0.02316,0.18102,1.05668,1.74519,1.54985,0,1.65248,0,0.12401,0.08766,1.74519,1.54985,0.44127,0.35586,0.46905,0.46656,1.65248,0.03639,0.30535
2026-06-11 22:00:00,3.0591,0,0.00972,0.03284,0,0,0,0.002,0.25936,0.75466,0.92304,1.52694,0.00853,0.12301,0.43866,0.00001,0,0.00001,0,0.0015,0.00001,0.46605,1.31336,0.14095,0.24606,0.01,1.56954,0.08422,0.01743,0.00744,0.18402,1.05652,1.73419,1.54985,0,1.66593,0,0.12301,0.08422,1.73419,1.54985,0.43866,0.3513,0.46605,0.46578,1.66593,0.03638,0.3053
2026-06-11 23:00:00,3.10189,0,0.01828,0.03125,0,0,0,0.002,0.25519,0.74965,0.9339,1.34315,0.00853,0.12201,0.43605,0.00001,0,0.00001,0,-0.00288,0.00001,0.46105,1.36323,0.14091,0.23553,0.01,1.5583,0.08252,0.01632,0.0058,0.18302,1.05636,1.73419,1.55287,0,1.66593,0,0.12201,0.08252,1.73419,1.55287,0.43605,0.34677,0.46105,0.46504,1.66593,0.03636,0.30524
2026-06-12 00:00:00,3.18729,0,0.02667,0.02658,0,0,0,0.002,0.25519,0.72978,0.9229,0.8821,0.00853,0.12001,0.43605,0.00001,0,0.00001,0,-0.00144,0.00001,0.45805,1.29535,0.10043,0.23879,0.01,1.54707,0.08252,0.01699,0.04391,0.18102,1.05621,1.73919,1.55287,0,1.68617,0,0.12001,0.08252,1.73919,1.55287,0.43605,0.34677,0.45805,0.46434,1.68617,0.03635,0.30517
2026-06-12 01:00:00,3.27269,0,0.03492,0.02392,0,0,0,0.002,0.25519,0.71996,0.91224,0.32773,0.00853,0.12001,0.43085,0.00001,0,0.00001,0,0.00442,0.00001,0.45805,1.24565,0.10033,0.24154,0.01,1.53583,0.07914,0.01696,0.06874,0.18202,1.05575,1.73419,1.55287,0,1.68617,0,0.12001,0.07914,1.73419,1.55287,0.43085,0.34451,0.45805,0.46354,1.68617,0.03634,0.3051
2026-06-12 02:00:00,3.31548,0,0.03461,0.00583,0,0,0,0.002,0.25727,0.71021,0.89084,0.05246,0.00853,0.12001,0.42826,0.00001,0,0.00001,0,0.00883,0.00001,0.45805,1.19049,0.10026,0.22884,0.01,1.52459,0.07914,0.01692,0.06044,0.18102,1.05532,1.73419,1.55589,0,1.70652,0,0.12001,0.07914,1.73419,1.55589,0.42826,0.34226,0.45805,0.46259,1.70652,0.03633,0.305
2026-06-12 03:00:00,3.35827,0,0.0343,0.00617,0,0,0,0.002,0.26147,0.69094,0.88024,-0.13218,0.00853,0.11901,0.42309,0.00001,0,0.00001,0,0.01324,0.00001,0.45805,1.22858,0.09017,0.22309,0.01,1.51336,0.07914,0.01725,0.06789,0.18302,1.05488,1.73919,1.55891,0,1.72015,0,0.11901,0.07914,1.73919,1.55891,0.42309,0.34226,0.45805,0.46159,1.72015,0.03633,0.30489
2026-06-12 04:00:00,3.38261,0,0.04256,0.01367,0,0,0,0.002,0.26359,0.68141,0.85922,-0.13307,0.00853,0.11901,0.42309,0.00001,0,0.00001,0,0.01324,0.00001,0.45605,1.26662,0.09017,0.2567,0.01,1.50213,0.07914,0.01759,0.05794,0.18202,1.05442,1.73919,1.55891,0,1.72698,0,0.11901,0.07914,1.73919,1.55891,0.42309,0.34451,0.45605,0.46048,1.72698,0.03632,0.30475
2026-06-12 05:00:00,3.3457,0,0.03381,0.01917,0,0,0,0.002,0.26359,0.69094,0.85401,-0.04074,0.00853,0.12001,0.42051,0.00001,0,0.00001,0,0.01471,0.00001,0.45605,1.24558,0.0902,0.27272,0.01,1.49089,0.07914,0.01685,0.05794,0.18102,1.05396,1.73419,1.56194,0,1.72698,0,0.12001,0.07914,1.73419,1.56194,0.42051,0.34451,0.45605,0.45921,1.72698,0.0363,0.30456
2026-06-12 06:00:00,3.32235,0,0.03356,0.02384,0,0,0,0.002,0.26787,0.67668,0.8488,0.04629,0.00853,0.12001,0.41794,0.00001,0,0.00001,0,0.01619,0.00001,0.45605,1.26227,0.10033,0.27201,0.01,1.47966,0.07746,0.01682,0.05794,0.18002,1.0535,1.73919,1.56194,0,1.72698,0,0.12001,0.07746,1.73919,1.56194,0.41794,0.34677,0.45605,0.45792,1.72698,0.03629,0.30432
2026-06-12 07:00:00,3.35754,0,0.03353,0.02242,0,0,0,0.002,0.25936,0.70054,0.84362,0.21882,0.00853,0.12001,0.41794,0.00001,0,0.00001,0,0.0103,0.00001,0.45605,1.25814,0.05065,0.29022,0.011,1.46843,0.0758,0.01714,0.05794,0.18002,1.03834,1.73919,1.56497,0,1.72015,0,0.12001,0.0758,1.73919,1.56497,0.41794,0.34677,0.45605,0.45661,1.72015,0.03628,0.30397
2026-06-12 08:00:00,3.39273,0,0.02509,0.02475,0,0,0,0.002,0.26787,0.71021,0.82817,0.29811,0.00853,0.12001,0.41538,0.00001,0,0.00001,0,0.00294,0.00001,0.45805,1.29817,0.03126,0.3253,0.011,1.45719,0.07414,0.01712,0.06706,0.18002,1.02317,1.7512,1.56497,0,1.72698,0,0.12001,0.07414,1.7512,1.56497,0.41538,0.34451,0.45805,0.45529,1.72698,0.03628,0.30346
2026-06-12 09:00:00,3.38294,0,0.02509,0.01733,0.012,0,0,0.002,0.26147,0.71508,0.82305,0.28659,0.00853,0.12001,0.41538,0.00001,0,0.00001,0,-0.00294,0.00001,0.46105,1.36016,-0.13072,0.35968,0.011,1.44596,0.07414,0.01746,0.04308,0.18002,1.00802,1.74519,1.56801,0,1.72698,0,0.12001,0.07414,1.74519,1.56801,0.41538,0.34451,0.46105,0.45393,1.72698,0.03627,0.3026
2026-06-12 10:00:00,3.34642,0,0.02509,0.00733,0,0,0,0.002,0.25936,0.72978,0.8333,0.27671,0.00853,0.12001,0.41538,0.00001,0,0.00001,0,-0.01174,0.00001,0.46105,1.38154,-0.2269,0.34284,0.011,1.4864,0.07414,0.01636,0.05138,0.18402,0.99287,1.73919,1.56801,0,1.73382,0,0.12001,0.07414,1.73919,1.56801,0.41538,0.34226,0.46105,0.45253,1.73382,0.03626,0.30088
2026-06-12 11:00:00,3.32836,0,0.02518,0.008,0,0,0,0.002,0.25936,0.76982,0.85922,0.26593,0.00881,0.11901,0.41538,0.00001,0,0.00001,0,-0.01466,0.00001,0.46405,1.38239,-0.01489,0.36106,0.012,1.52684,0.07414,0.01703,0.05385,0.18202,0.97771,1.74519,1.56801,0,1.74067,0,0.11901,0.07414,1.74519,1.56801,0.41538,0.34226,0.46405,0.45109,1.74067,0.03624,0.29573
2026-06-12 12:00:00,3.34192,0,0.02509,0.009,0,0,0,0.002,0.26147,0.78001,0.87496,0.36697,0.00881,0.11801,0.41538,0.00001,0,0.00001,0,-0.00877,0.00001,0.46405,1.40487,0.09093,0.37018,0.011,1.56729,0.0758,0.01701,0.02154,0.18102,0.96258,1.74519,1.56801,0,1.74067,0,0.11801,0.0758,1.74519,1.56801,0.41538,0.34226,0.46405,0.4497,1.74067,0.03623,0.29677
2026-06-12 13:00:00,3.29694,0,0.025,0.00867,0,0,0,0.002,0.26147,0.79028,0.88553,0.58746,0.00881,0.11801,0.41538,0.00001,0,0.00001,0,-0.01171,0.00001,0.46405,1.46998,0.16,0.33516,0.011,1.60773,0.07746,0.01663,0.02154,0.18202,0.95848,1.71719,1.56801,0,1.74067,0,0.11801,0.07746,1.71719,1.56801,0.41538,0.34226,0.46405,0.44838,1.74067,0.03622,0.29845
2026-06-12 14:00:00,3.20717,0,0.025,0.01,0,0,0,0.002,0.26147,0.81627,0.88553,0.93223,0.00881,0.11601,0.41538,0.00001,0,0.00001,0,-0.01613,0.00001,0.46405,1.53498,0.18869,0.2917,0.011,1.64817,0.08082,0.01696,0.02981,0.18002,0.95439,1.69419,1.57105,0,1.74753,0,0.11601,0.08082,1.69419,1.57105,0.41538,0.34226,0.46405,0.44712,1.74753,0.03622,0.29338
2026-06-12 15:00:00,3.16238,0,0.025,0.01642,0,0,0,0.002,0.25727,0.81104,0.91763,1.47055,0.00881,0.11301,0.41538,0.00001,0,0.00001,0,-0.01318,0.00001,0.46405,1.51918,0.3506,0.23984,0.011,1.68861,0.08422,0.01657,0.01901,0.18202,0.95032,1.65518,1.57105,0,1.74067,0,0.11301,0.08422,1.65518,1.57105,0.41538,0.34226,0.46405,0.44595,1.74067,0.03621,0.29169
2026-06-12 16:00:00,3.20756,0,0.025,0.02067,0,0,0,0.002,0.25519,0.82153,0.9339,2.00747,0.00881,0.10801,0.41538,0.00001,0,0.00001,0,-0.01466,0.00001,0.46405,1.48333,0.44671,0.2392,0.011,1.71332,0.08766,0.01654,0.01071,0.18302,0.94621,1.60418,1.57409,0,1.74067,0,0.10801,0.08766,1.60418,1.57409,0.41538,0.34451,0.46405,0.4449,1.74067,0.03618,0.29085
2026-06-12 17:00:00,3.20776,0,0.01643,0.02759,0,0,0,0.002,0.26787,0.81627,0.95033,2.46905,0.00881,0.10601,0.41282,0.00001,0,0.00001,0,-0.02054,0.00001,0.46605,1.5086,0.23475,0.27422,0.011,1.73803,0.0929,0.01614,0.01944,0.18202,0.94212,1.56517,1.57105,0,1.73382,0,0.10601,0.0929,1.56517,1.57105,0.41282,0.34451,0.46605,0.44402,1.73382,0.03616,0.29034
2026-06-12 18:00:00,3.16278,0,0.00796,0.02742,0,0,0,0.002,0.26572,0.82153,0.96688,2.75049,0.00881,0.10401,0.41282,0.00001,0,0.00001,0,-0.02351,0.00001,0.46605,1.51294,0.12895,0.33593,0.011,1.76275,0.09644,0.0161,0.04103,0.18402,0.93804,1.51617,1.57105,0,1.71333,0,0.10401,0.09644,1.51617,1.57105,0.41282,0.34226,0.46605,0.44336,1.71333,0.03614,0.29
2026-06-12 19:00:00,3.16278,0,0.01555,0.03967,0,0,0,0.002,0.27198,0.81104,0.95583,2.91962,0.00881,0.10401,0.41027,0.00001,0,0.00001,0,-0.01471,0.00001,0.46905,1.47523,0.11039,0.42292,0.011,1.78746,0.09644,0.01641,0.03776,0.18202,0.93492,1.45616,1.57105,0,1.71333,0,0.10401,0.09644,1.45616,1.57105,0.41027,0.34226,0.46905,0.44293,1.71333,0.03612,0.28976
2026-06-12 20:00:00,3.20756,0,0.01372,0.06059,-0.012,0,0,0.002,0.26572,0.80062,0.96303,2.9644,0.00909,0.10201,0.40772,0.00001,0,0.00001,0,-0.00883,0.00001,0.46905,1.41638,0.10112,0.51898,0.011,1.81217,0.0929,0.01638,0.01709,0.18002,0.93179,1.40716,1.57105,0,1.71333,0,0.10201,0.0929,1.40716,1.57105,0.40772,0.34002,0.46905,0.44275,1.71333,0.03611,0.28958
2026-06-12 21:00:00,3.20737,0,0.01172,0.05576,0,0,0,0.002,0.26359,0.78514,0.96688,2.59308,0.00909,0.10201,0.40518,0.00001,0,0.00001,0,-0.01471,0.00001,0.46905,1.39654,0.1109,0.55406,0.011,1.83688,0.0894,0.01707,0.03947,0.18002,0.92867,1.36415,1.57105,0,1.71333,0,0.10201,0.0894,1.36415,1.57105,0.40518,0.34002,0.46905,0.44285,1.71333,0.0361,0.28944
2026-06-12 22:00:00,3.16239,0,0.01814,0.05176,0,0,0,0.002,0.26147,0.76982,0.95033,2.00069,0.00881,0.09901,0.4001,0.00001,0,0.00001,0,-0.00447,0.00001,0.46405,1.3758,0.11138,0.53658,0.011,1.85034,0.08594,0.0156,0.04364,0.18002,0.92556,1.33115,1.56801,0,1.69973,0,0.09901,0.08594,1.33115,1.56801,0.4001,0.33779,0.46405,0.44305,1.69973,0.03609,0.28933
2026-06-12 23:00:00,3.20737,0,0.02445,0.04509,0,0,0,0.002,0.25936,0.75969,0.96135,1.48372,0.00881,0.10201,0.39758,0.00001,0,0.00001,0,0.01312,0.00001,0.46105,1.31386,0.11142,0.48479,0.01,1.8638,0.08252,0.01628,0.01921,0.18002,0.92243,1.28914,1.57105,0,1.70652,0,0.10201,0.08252,1.28914,1.57105,0.39758,0.33779,0.46105,0.44313,1.70652,0.03607,0.28923
2026-06-13 00:00:00,3.25235,0,0.03084,0.04517,-0.012,0,0,0.002,0.25312,0.73472,0.92846,1.03392,0.00881,0.10201,0.39758,0.00001,0,0.00001,0,0.01462,0.00001,0.45805,1.27087,0.10177,0.39718,0.01,1.87726,0.07914,0.01625,0.0258,0.18102,0.9193,1.24114,1.57409,0,1.69973,0,0.10201,0.07914,1.24114,1.57409,0.39758,0.33556,0.45805,0.44296,1.69973,0.03606,0.28916
2026-06-13 01:00:00,3.29733,0,0.02126,0.03801,0,0,0,0.002,0.25312,0.71508,0.91763,0.50955,0.00881,0.10101,0.39254,0.00001,0,0.00001,0,0.00583,0.00001,0.45805,1.2477,0.10135,0.32634,0.01,1.89072,0.07746,0.01585,0.0175,0.18102,0.91618,1.20013,1.57714,0,1.69973,0,0.10101,0.07746,1.20013,1.57714,0.39254,0.33333,0.45805,0.44256,1.69973,0.03605,0.28909
2026-06-13 02:00:00,3.34231,0,0.02941,0.01267,0,0,0,0.002,0.24289,0.71021,0.90151,0.06576,0.00881,0.09901,0.39004,0.00001,0,0.00001,0,0.0073,0.00001,0.45805,1.26399,0.08072,0.24718,0.01,1.90418,0.0758,0.01616,0.01832,0.17702,0.91306,1.13813,1.57409,0,1.72015,0,0.09901,0.0758,1.13813,1.57409,0.39004,0.33112,0.45805,0.44193,1.72015,0.03605,0.28904
2026-06-13 03:00:00,3.38729,0,0.03763,0.015,0,0,0,0.002,0.24492,0.70054,0.89084,-0.08265,0.00881,0.09801,0.38753,0.00001,0,0.00001,0,0.01904,0.00001,0.45605,1.2197,0.07101,0.2297,0.01,1.91764,0.0758,0.01649,0.03572,0.17902,0.90994,1.10712,1.57105,0,1.72015,0,0.09801,0.0758,1.10712,1.57105,0.38753,0.33112,0.45605,0.44108,1.72015,0.03604,0.28899
2026-06-13 04:00:00,3.45445,0,0.03754,0.0225,0,0,0,0.002,0.24492,0.68141,0.87496,-0.00976,0.00881,0.09801,0.38504,0.00001,0,0.00001,0,0.01613,0.00001,0.45605,1.1955,0.0912,0.23879,0.01,1.9311,0.0758,0.01647,0.03819,0.17802,0.90682,1.10712,1.56497,0,1.72015,0,0.09801,0.0758,1.10712,1.56497,0.38504,0.32891,0.45605,0.44007,1.72015,0.03603,0.28895
2026-06-13 05:00:00,3.45383,0,0.04599,0.02267,0,0,0,0.002,0.24087,0.67195,0.88024,0.06137,0.00853,0.09901,0.38504,0.00001,0,0.00001,0,-0.00147,0.00001,0.45805,1.21162,0.09113,0.2731,0.01,1.94456,0.0758,0.01645,0.04978,0.18002,0.90368,1.10712,1.55589,0,1.72015,0,0.09901,0.0758,1.10712,1.55589,0.38504,0.3267,0.45805,0.43898,1.72015,0.03601,0.28891
2026-06-13 06:00:00,3.38567,0,0.03751,0.02192,0.012,0,0,0.002,0.24289,0.67668,0.85696,0.13404,0.00826,0.10001,0.38504,0.00001,0,0.00001,0,-0.00297,0.00001,0.45805,1.20815,0.12048,0.34317,0.01,1.95803,0.0758,0.01606,0.05064,0.17802,0.90055,1.10212,1.54381,0,1.72015,0,0.10001,0.0758,1.10212,1.54381,0.38504,0.3267,0.45805,0.43784,1.72015,0.036,0.28888
2026-06-13 07:00:00,3.29079,0,0.02895,0.0135,0,0,0,0.002,0.24087,0.68141,0.8333,0.27782,0.00826,0.10001,0.38504,0.00001,0,0.00001,0,-0.00003,0.00001,0.45605,1.22477,0.11956,0.39647,0.011,1.97149,0.07746,0.01603,0.04899,0.17702,0.91161,1.10212,1.53178,0,1.72698,0,0.10001,0.07746,1.10212,1.53178,0.38504,0.3267,0.45605,0.43668,1.72698,0.036,0.28885
2026-06-13 08:00:00,3.19592,0,0.02883,0.01483,0,0,0,0.002,0.24492,0.67195,0.81795,0.34102,0.008,0.09801,0.38504,0.00001,0,0.00001,0,-0.00883,0.00001,0.45605,1.22197,0.12031,0.45818,0.011,1.98495,0.07746,0.01673,0.05561,0.18002,0.92265,1.10212,1.51381,0,1.72698,0,0.09801,0.07746,1.10212,1.51381,0.38504,0.3267,0.45605,0.43552,1.72698,0.03599,0.28882
2026-06-13 09:00:00,3.10519,0,0.02889,0.01417,0,0,0,0.002,0.24289,0.68617,0.81286,0.3313,0.008,0.09701,0.38255,0.00001,0,0.00001,0,-0.01174,0.00001,0.45605,1.28023,0.13085,0.51071,0.012,1.99841,0.08082,0.01598,0.02995,0.18202,0.93367,1.10712,1.49892,0,1.72698,0,0.09701,0.08082,1.10712,1.49892,0.38255,0.3267,0.45605,0.43435,1.72698,0.03598,0.2888
2026-06-13 10:00:00,2.99228,0,0.02038,0.01208,0,0,0,0.002,0.24289,0.69094,0.81795,0.38483,0.00764,0.09701,0.38255,0.00001,0,0.00001,0,-0.01466,0.00001,0.45605,1.33936,0.09978,0.57169,0.013,1.97586,0.08252,0.0163,0.01756,0.19702,0.94466,1.09712,1.47521,0,1.73382,0,0.09701,0.08252,1.09712,1.47521,0.38255,0.32451,0.45605,0.43324,1.73382,0.03597,0.28877
2026-06-13 11:00:00,2.90217,0,0.01194,0.01209,0,0,0,0.002,0.24903,0.70537,0.82817,0.5034,0.00764,0.09601,0.38255,0.00001,0,0.00001,0,-0.0088,0.00001,0.45605,1.31935,0.08928,0.58914,0.013,1.9533,0.08252,0.01628,0.02254,0.20202,0.95565,1.08212,1.45462,0,1.72698,0,0.09601,0.08252,1.08212,1.45462,0.38255,0.32451,0.45605,0.43216,1.72698,0.03596,0.28875
2026-06-13 12:00:00,2.87961,0,0.02038,0.009,0,0,0,0.002,0.24697,0.72978,0.82971,0.75653,0.00764,0.09601,0.38504,0.00001,0,0.00001,0,-0.01172,0.00001,0.45105,1.38075,0.06953,0.55388,0.013,1.93075,0.08422,0.01626,0.00597,0.20202,0.9666,1.05712,1.43416,0,1.72698,0,0.09601,0.08422,1.05712,1.43416,0.38504,0.32451,0.45105,0.43118,1.72698,0.03595,0.28493
2026-06-13 13:00:00,2.83877,0,0.02889,0.01125,0.012,0,0,0.002,0.25312,0.74965,0.8333,1.14261,0.00764,0.09601,0.38504,0.00001,0,0.00001,0,-0.01169,0.00001,0.45105,1.46271,0.08018,0.48424,0.014,1.9082,0.08422,0.01623,0.01509,0.20202,0.97797,1.01711,1.40805,0,1.73382,0,0.09601,0.08422,1.01711,1.40805,0.38504,0.32231,0.45105,0.43038,1.73382,0.03594,0.28098
2026-06-13 14:00:00,2.79794,0,0.02053,0.01434,0,0,0,0.002,0.25312,0.75969,0.85189,1.5809,0.008,0.09601,0.38753,0.00001,0,0.00001,0,-0.00583,0.00001,0.44805,1.445,0.10005,0.39636,0.014,1.88564,0.08594,0.01585,0.02257,0.20502,0.98931,0.96811,1.38215,0,1.73382,0,0.09601,0.08594,0.96811,1.38215,0.38753,0.32231,0.44805,0.42963,1.73382,0.03593,0.28042
2026-06-13 15:00:00,2.79794,0,0.012,0.01267,0,0,0,0.002,0.25519,0.76982,0.87496,2.00601,0.008,0.09801,0.39004,0.00001,0,0.00001,0,-0.01466,0.00001,0.44805,1.38657,0.10002,0.32531,0.014,1.86309,0.08422,0.01582,0.02339,0.20602,1.00061,0.9201,1.35649,0,1.73382,0,0.09801,0.08422,0.9201,1.35649,0.39004,0.32231,0.44805,0.42895,1.73382,0.03592,0.27985
2026-06-13 16:00:00,2.83913,0,0.02047,0.00933,0,0,0,0.002,0.25312,0.78514,0.8697,2.30476,0.008,0.09801,0.39004,0.00001,0,0.00001,0,-0.01174,0.00001,0.44505,1.38008,0.121,0.25747,0.014,1.84695,0.08594,0.01542,0.04322,0.20702,1.01186,0.8741,1.32233,0,1.73382,0,0.09801,0.08594,0.8741,1.32233,0.39004,0.32231,0.44505,0.42831,1.73382,0.0359,0.27928
2026-06-13 17:00:00,2.88032,0,0.02856,0.01642,-0.012,0,0,0.002,0.25519,0.78001,0.88553,2.60397,0.008,0.10001,0.39254,0.00001,0,0.00001,0,-0.0088,0.00001,0.45105,1.42861,0.1315,0.17415,0.014,1.83081,0.08594,0.01573,0.03743,0.20702,1.02308,0.83309,1.29405,0,1.72698,0,0.10001,0.08594,0.83309,1.29405,0.39254,0.32231,0.45105,0.42773,1.72698,0.03587,0.27871
2026-06-13 18:00:00,2.88032,0,0.02595,0.02092,0,0,0,0.002,0.25312,0.78514,0.89617,2.70955,0.008,0.09901,0.39004,0.00001,0,0.00001,0,-0.0088,0.00001,0.44805,1.41714,0.1315,0.14257,0.014,1.81468,0.08766,0.0157,0.04572,0.20502,1.03426,0.82009,1.26606,0,1.72698,0,0.09901,0.08766,0.82009,1.26606,0.39004,0.32013,0.44805,0.42713,1.72698,0.03585,0.27814
2026-06-13 19:00:00,2.92134,0,0.02194,0.02217,0,0,0,0.002,0.25107,0.77491,0.90151,2.55809,0.008,0.10001,0.39506,0.00001,0,0.00001,0,-0.00588,0.00001,0.44805,1.36789,0.13147,0.17954,0.014,1.79854,0.0894,0.0153,0.04655,0.20502,1.04315,0.81109,1.24111,0,1.71333,0,0.10001,0.0894,0.81109,1.24111,0.39506,0.32013,0.44805,0.42652,1.71333,0.03583,0.27758
2026-06-13 20:00:00,2.96235,0,0.01895,0.02267,0,0,0,0.002,0.24697,0.74465,0.90151,2.28972,0.008,0.10301,0.39254,0.00001,0,0.00001,0,-0.00441,0.00001,0.45305,1.3273,0.12089,0.18338,0.014,1.7824,0.0894,0.01634,0.0341,0.20402,1.05207,0.81509,1.2164,0,1.71333,0,0.10301,0.0894,0.81509,1.2164,0.39254,0.31795,0.45305,0.42596,1.71333,0.03583,0.27701
2026-06-13 21:00:00,2.96235,0,0.02485,0.017,-0.012,0,0,0.002,0.24903,0.74965,0.90151,1.9704,0.008,0.10401,0.39254,0.00001,0,0.00001,0,-0.00442,0.00001,0.45305,1.35274,0.11035,0.19271,0.014,1.76626,0.0894,0.0156,0.04155,0.20202,1.06097,0.81509,1.19733,0,1.71333,0,0.10401,0.0894,0.81509,1.19733,0.39254,0.31795,0.45305,0.42545,1.71333,0.03582,0.27644
2026-06-13 22:00:00,2.92116,0,0.02212,0.01792,0,0,0,0.002,0.24697,0.73968,0.90151,1.71522,0.008,0.10601,0.39506,0.00001,0,0.00001,0,-0.00442,0.00001,0.44805,1.34497,0.09985,0.20067,0.013,1.76626,0.08766,0.01556,0.01506,0.20302,1.06985,0.81109,1.17572,0,1.70652,0,0.10601,0.08766,0.81109,1.17572,0.39506,0.31795,0.44805,0.42505,1.70652,0.0358,0.27587
2026-06-13 23:00:00,2.9208,0,0.01131,0.01,0,0,0,0.001,0.24697,0.72978,0.90151,1.26777,0.008,0.10801,0.39254,0.00001,0,0.00001,0,-0.00147,0.00001,0.44805,1.30098,0.08931,0.20597,0.013,1.76626,0.08766,0.01551,0.00594,0.20302,1.07873,0.81509,1.15429,0,1.69973,0,0.10801,0.08766,0.81509,1.15429,0.39254,0.31578,0.44805,0.4247,1.69973,0.03579,0.2753
2026-06-14 00:00:00,3.00242,0,0.01122,0.00558,0,0,0,0.001,0.23886,0.71021,0.90151,0.75551,0.008,0.10901,0.39254,0.00001,0,0.00001,0,0,0.00001,0.44805,1.21459,0.09978,0.1957,0.013,1.76626,0.0894,0.01548,0.01418,0.20302,1.0876,0.82009,1.13569,0,1.68617,0,0.10901,0.0894,0.82009,1.13569,0.39254,0.31578,0.44805,0.42431,1.68617,0.03577,0.27474
2026-06-14 01:00:00,3.08444,0,0.01253,0.00308,-0.012,0,0,0.001,0.23687,0.70537,0.88955,0.37087,0.008,0.10901,0.39004,0.00001,0,0.00001,0,0,0.00001,0.44305,1.12527,0.09981,0.16839,0.013,1.76626,0.09114,0.01508,0.00423,0.20202,1.07634,0.82009,1.117,0,1.66593,0,0.10901,0.09114,0.82009,1.117,0.39004,0.31578,0.44305,0.42386,1.66593,0.03577,0.27548
2026-06-14 02:00:00,3.2073,0,0.02134,-0.00375,0,0,0,0.001,0.23489,0.68617,0.87496,0.11431,0.008,0.11101,0.39254,0.00001,0,0.00001,0,-0.00147,0.00001,0.44005,1.1663,0.08979,0.19197,0.013,1.76626,0.09466,0.0154,0.0092,0.20102,1.06505,0.82009,1.10085,0,1.66593,0,0.11101,0.09466,0.82009,1.10085,0.39254,0.31361,0.44005,0.42333,1.66593,0.03576,0.27623
2026-06-14 03:00:00,3.41196,0,0.02134,-0.00083,0,0,0,0.001,0.22903,0.68617,0.86169,-0.01529,0.008,0.11101,0.39506,0.00001,0,0.00001,0,-0.00147,0.00001,0.44005,1.15933,0.08982,0.19376,0.013,1.76626,0.09822,0.01536,0.00341,0.20002,1.05378,0.81109,1.08481,0,1.65919,0,0.11101,0.09822,0.81109,1.08481,0.39506,0.31361,0.44005,0.42283,1.65919,0.03575,0.27698
2026-06-14 04:00:00,3.63123,0,0.02143,-0.003,0.012,0,0,0.001,0.23489,0.66725,0.8488,-0.20896,0.008,0.11101,0.39758,0.00001,0,0.00001,0,-0.00733,0.00001,0.44005,1.1117,0.08938,0.15592,0.013,1.76626,0.10001,0.01607,0.0208,0.20102,1.04252,0.81509,1.06624,0,1.64578,0,0.11101,0.10001,0.81509,1.06624,0.39758,0.31361,0.44005,0.42243,1.64578,0.03574,0.27773
2026-06-14 05:00:00,3.78309,0,0.02993,-0.00392,0,0,0,0.001,0.22718,0.66257,0.82118,-0.27575,0.00764,0.11201,0.39758,0.00001,0,0.00001,0,-0.01027,0.00001,0.44005,1.12593,0.08934,0.15039,0.012,1.76626,0.09822,0.01568,0.0349,0.20102,1.03123,0.82009,1.0452,0,1.63241,0,0.11201,0.09822,0.82009,1.0452,0.39758,0.31361,0.44005,0.42217,1.63241,0.03573,0.27848
2026-06-14 06:00:00,3.87282,0,0.02987,-0.00133,0,0,0,0.001,0.22903,0.65326,0.79469,-0.15002,0.00764,0.11401,0.4001,0.00001,0,0.00001,0,-0.01468,0.00001,0.44305,1.18092,0.07884,0.16081,0.012,1.76626,0.09644,0.0153,0.02913,0.20202,1.01997,0.81509,1.02436,0,1.62574,0,0.11401,0.09644,0.81509,1.02436,0.4001,0.31361,0.44305,0.42209,1.62574,0.03572,0.27923
2026-06-14 07:00:00,3.89975,0,0.02984,-0.00183,0,0,0,0.001,0.23489,0.65791,0.76782,-0.02413,0.00764,0.11501,0.40263,0.00001,0,0.00001,0,-0.02054,0.00001,0.44305,1.21618,0.0788,0.1543,0.012,1.76626,0.0929,0.01562,0.05479,0.20202,1.00592,0.81509,1.00373,0,1.60581,0,0.11501,0.0929,0.81509,1.00373,0.40263,0.31578,0.44305,0.42213,1.60581,0.03571,0.27998
2026-06-14 08:00:00,3.88603,0,0.02981,-0.00317,0,0,0,0.001,0.23097,0.64864,0.77639,-0.02554,0.00764,0.11601,0.40263,0.00001,0,0.00001,0,-0.01171,0.00001,0.44505,1.2321,0.09937,0.16576,0.013,1.76626,0.09114,0.01597,0.06803,0.20302,0.99192,0.81509,0.9833,0,1.59258,0,0.11601,0.09114,0.81509,0.9833,0.40263,0.31578,0.44505,0.42212,1.59258,0.0357,0.28073
2026-06-14 09:00:00,3.83153,0,0.02975,-0.00383,0.012,0,0,0.001,0.22903,0.67195,0.78768,-0.08975,0.00729,0.11801,0.40263,0.00001,0,0.00001,0,0.00006,0.00001,0.44505,1.25032,0.08966,0.15903,0.013,1.76626,0.0894,0.01596,0.07548,0.20402,0.97801,0.81509,0.96298,0,1.5794,0,0.11801,0.0894,0.81509,0.96298,0.40263,0.31578,0.44505,0.42196,1.5794,0.0357,0.28148
2026-06-14 10:00:00,3.76222,0,0.02966,-0.00683,0,0,0,0.001,0.23292,0.67668,0.77771,-0.0925,0.00729,0.11901,0.40518,0.00001,0,0.00001,0,0.01766,0.00001,0.45105,1.27108,0.08039,0.17269,0.013,1.76717,0.0929,0.01558,0.05891,0.20302,0.96411,0.81509,0.9426,0,1.56626,0,0.11901,0.0929,0.81509,0.9426,0.40518,0.31578,0.45105,0.42163,1.56626,0.03568,0.28222
2026-06-14 11:00:00,3.67568,0,0.03814,-0.00817,0,0,0,0.002,0.22903,0.70054,0.78768,-0.02918,0.00729,0.11901,0.40518,0.00001,0,0.00001,0,0.01177,0.00001,0.45605,1.28956,0.09093,0.1909,0.013,1.76808,0.09644,0.01555,0.05808,0.20302,0.95029,0.81109,0.92494,0,1.54664,0,0.11901,0.09644,0.81109,0.92494,0.40518,0.31578,0.45605,0.42112,1.54664,0.03567,0.28297
2026-06-14 12:00:00,3.61044,0,0.03826,-0.01158,0,0,0,0.002,0.22534,0.72486,0.7977,0.16772,0.00696,0.11901,0.40772,0.00001,0,0.00001,0,0.00297,0.00001,0.45805,1.3299,0.09093,0.20592,0.012,1.769,0.10363,0.01517,0.04899,0.20302,0.93653,0.81109,0.90994,0,1.52714,0,0.11901,0.10363,0.81109,0.90994,0.40772,0.31578,0.45805,0.42052,1.52714,0.03566,0.2831
2026-06-14 13:00:00,3.56658,0,0.02981,-0.01425,0,0,0,0.002,0.22903,0.72486,0.81286,0.43031,0.00696,0.12001,0.40772,0.00001,0,0.00001,0,0.00883,0.00001,0.45305,1.35175,0.09093,0.23317,0.012,1.76991,0.10912,0.01549,0.02748,0.20302,0.92816,0.81109,0.89506,0,1.50773,0,0.12001,0.10912,0.81109,0.89506,0.40772,0.31578,0.45305,0.42001,1.50773,0.03565,0.2853
2026-06-14 14:00:00,3.47898,0,0.02145,0.00067,0,0,0,0.002,0.22534,0.74965,0.80779,0.77051,0.00664,0.11901,0.41282,0.00001,0,0.00001,0,-0.00291,0.00001,0.45605,1.35321,0.10058,0.2071,0.012,1.77082,0.1147,0.01584,0.01259,0.20302,0.91985,0.82009,0.88276,0,1.46924,0,0.11901,0.1147,0.82009,0.88276,0.41282,0.32013,0.45605,0.41975,1.46924,0.03565,0.29355
2026-06-14 15:00:00,3.39138,0,0.02143,0.01442,0,0,0,0.002,0.22168,0.75466,0.83845,1.25509,0.00664,0.11901,0.41538,0.00001,0,0.00001,0,-0.02054,0.00001,0.46605,1.4339,0.11991,0.21399,0.012,1.77173,0.11846,0.01545,0.0002,0.20502,0.91155,0.81509,0.87053,0,1.46287,0,0.11901,0.11846,0.81509,0.87053,0.41538,0.3267,0.46605,0.41983,1.46287,0.03564,0.2963
2026-06-14 16:00:00,3.30396,0,0.02132,0.01409,0,0,0,0.002,0.21277,0.78001,0.86445,1.81054,0.00633,0.12001,0.41794,0.00001,0,0.00001,0,-0.02934,0.00001,0.48505,1.44695,0.12959,0.24284,0.012,1.78057,0.12225,0.01506,0.01844,0.20202,0.90329,0.81109,0.86081,0,1.45016,0,0.12001,0.12225,0.81109,0.86081,0.41794,0.33112,0.48505,0.42027,1.45016,0.03563,0.29767
2026-06-14 17:00:00,3.26035,0,0.00453,0.01442,0,0,0,0.002,0.21277,0.75969,0.85401,2.23782,0.00633,0.12001,0.42051,0.00001,0,0.00001,0,-0.02051,0.00001,0.47905,1.35576,0.12959,0.24174,0.012,1.78942,0.12417,0.01467,0.03169,0.20302,0.89505,0.81109,0.84873,0,1.43114,0,0.12001,0.12417,0.81109,0.84873,0.42051,0.33333,0.47905,0.42103,1.43114,0.03561,0.2985
2026-06-14 18:00:00,3.2168,0,-0.00311,0.01375,0,0,0,0.002,0.20959,0.76475,0.87231,2.46877,0.00633,0.12101,0.42051,0.00001,0,0.00001,0,-0.01465,0.00001,0.48705,1.3028,0.11991,0.2095,0.011,1.79826,0.12608,0.01534,0.02091,0.20502,0.88687,0.81109,0.84152,0,1.41853,0,0.12101,0.12608,0.81109,0.84152,0.42051,0.33112,0.48705,0.42201,1.41853,0.0356,0.29905
2026-06-14 19:00:00,3.17324,0,-0.00166,0.01017,0,0,0,0.002,0.21808,0.75969,0.88517,2.57044,0.00633,0.12401,0.42051,0.00001,0,0.00001,0,-0.01171,0.00001,0.49506,1.33179,0.11991,0.19989,0.011,1.8199,0.12608,0.01532,0.00932,0.20202,0.89123,0.81109,0.83196,0,1.41223,0,0.12401,0.12608,0.81109,0.83196,0.42051,0.3267,0.49506,0.42317,1.41223,0.03562,0.29944
2026-06-14 20:00:00,3.12968,0,0.00828,-0.00092,-0.012,0,0,0.002,0.2235,0.74465,0.89084,2.52715,0.00604,0.12501,0.42051,0.00001,0,0.00001,0,0.00003,0.00001,0.50106,1.33013,0.11026,0.20977,0.011,1.84154,0.12608,0.01494,0.03663,0.20102,0.89381,0.80609,0.8272,0,1.38718,0,0.12501,0.12608,0.80609,0.8272,0.42051,0.32451,0.50106,0.42448,1.38718,0.03566,0.29974
2026-06-14 21:00:00,3.08613,0,0.00991,-0.01309,0,0,0,0.002,0.21987,0.74465,0.89084,2.33808,0.00604,0.12701,0.42051,0.00001,0,0.00001,0,0.00589,0.00001,0.51206,1.25464,0.10065,0.19115,0.011,1.86318,0.12417,0.01491,0.07386,0.20302,0.89467,0.81109,0.82246,0,1.37473,0,0.12701,0.12417,0.81109,0.82246,0.42051,0.32451,0.51206,0.42596,1.37473,0.03576,0.29997
2026-06-14 22:00:00,3.04252,0,0.00311,-0.00817,0,0,0,0.001,0.2163,0.73472,0.8488,2.01546,0.00604,0.12501,0.41794,0.00001,0,0.00001,0,0.00586,0.00001,0.50606,1.247,0.1104,0.18734,0.011,1.88482,0.12035,0.01523,0.08127,0.20102,0.89384,0.81109,0.81443,0,1.35615,0,0.12501,0.12035,0.81109,0.81443,0.41794,0.32451,0.50606,0.42752,1.35615,0.03599,0.30015
2026-06-14 23:00:00,2.99891,0,0.00444,-0.00975,-0.012,0,0,0.001,0.21453,0.71508,0.88024,1.62506,0.00576,0.12501,0.42051,0.00001,0,0.00001,0,0.00877,0.00001,0.50906,1.25181,0.10079,0.17597,0.01,1.90646,0.12035,0.01484,0.06803,0.20102,0.8913,0.81109,0.8088,0,1.33767,0,0.12501,0.12035,0.81109,0.8088,0.42051,0.32451,0.50906,0.42911,1.33767,0.03631,0.3003
2026-06-15 00:00:00,2.95511,0,0.01353,-0.01459,0,0,0,0.001,0.20674,0.68617,0.85922,1.16783,0.00576,0.12401,0.42051,0.00001,0,0.00001,0,0.01319,0.00001,0.51206,1.28033,0.0911,0.18203,0.01,1.9281,0.12035,0.01554,0.08542,0.20202,0.88687,0.81509,0.80599,0,1.31931,0,0.12401,0.12035,0.81509,0.80599,0.42051,0.32451,0.51206,0.43059,1.31931,0.03654,0.30042
2026-06-15 01:00:00,2.9113,0,0.02203,-0.00334,0,0,0,0.001,0.22534,0.68617,0.8488,0.70995,0.0055,0.12401,0.42309,0.00001,0,0.00001,0,0.0073,0.00001,0.50306,1.27966,0.08142,0.17093,0.01,1.95825,0.11846,0.01662,0.09702,0.20002,0.88656,0.81509,0.80039,0,1.30712,0,0.12401,0.11846,0.81509,0.80039,0.42309,0.32231,0.50306,0.43177,1.30712,0.0368,0.30053
2026-06-15 02:00:00,2.95486,0,0.0135,-0.00625,0,0,0,0.001,0.20959,0.67195,0.8488,0.44864,0.0055,0.12301,0.42051,0.00001,0,0.00001,0,-0.003,0.00001,0.50106,1.21899,0.09114,0.1583,0.01,1.9884,0.11846,0.01555,0.06391,0.19902,0.88623,0.81509,0.79481,0,1.29498,0,0.12301,0.11846,0.81509,0.79481,0.42051,0.32231,0.50106,0.43272,1.29498,0.03704,0.30062
2026-06-15 03:00:00,2.99842,0,0.00497,-0.00959,0,0,0,0.001,0.19976,0.65326,0.8333,0.25201,0.0055,0.12201,0.42051,0.00001,0,0.00001,0,-0.00594,0.00001,0.50106,1.17443,0.08098,0.15906,0.01,1.99368,0.11657,0.0159,0.02998,0.20002,0.88606,0.81509,0.79203,0,1.28289,0,0.12201,0.11657,0.81509,0.79203,0.42051,0.32013,0.50106,0.43358,1.28289,0.03746,0.3007
2026-06-15 04:00:00,3.04203,0,0.01341,-0.0115,0,0,0,0.001,0.19839,0.63944,0.81795,0.1193,0.0055,0.12101,0.41794,0.00001,0,0.00001,0,-0.01471,0.00001,0.49506,1.12675,0.05142,0.13837,0.01,1.99895,0.11657,0.0159,0.02751,0.19902,0.88628,0.80609,0.79481,0,1.27687,0,0.12101,0.11657,0.80609,0.79481,0.41794,0.32013,0.49506,0.4343,1.27687,0.03837,0.30077
2026-06-15 05:00:00,3.08564,0,0.02189,-0.01125,0,0,0,0.001,0.19839,0.65326,0.80274,0.11716,0.00576,0.12101,0.41794,0.00001,0,0.00001,0,-0.02348,0.00001,0.49305,1.1796,0.07109,0.14983,0.01,2.00422,0.11657,0.0159,0.02833,0.20002,0.88667,0.81109,0.7976,0,1.27687,0,0.12101,0.11657,0.81109,0.7976,0.41794,0.32013,0.49305,0.4349,1.27687,0.03951,0.30083
2026-06-15 06:00:00,3.12944,0,0.01347,-0.00133,0,0,0,0.001,0.19702,0.65326,0.7977,0.18096,0.00633,0.12301,0.41794,0.00001,0,0.00001,0,-0.00736,0.00001,0.49506,1.21299,0.0803,0.14264,0.01,2.00949,0.11657,0.01554,0.02665,0.20002,0.88687,0.81509,0.79481,0,1.29498,0,0.12301,0.11657,0.81509,0.79481,0.41794,0.32013,0.49506,0.4354,1.29498,0.04039,0.30088
2026-06-15 07:00:00,3.17324,0,0.01353,-0.00283,0.012,0,0,0.001,0.19702,0.67195,0.78768,0.29696,0.00729,0.12601,0.41794,0.00001,0,0.00001,0,-0.00441,0.00001,0.49305,1.16728,0.07985,0.13646,0.01,2.00247,0.11657,0.01552,0.04817,0.20102,0.88832,0.81509,0.78926,0,1.28893,0,0.12601,0.11657,0.81509,0.78926,0.41794,0.32231,0.49305,0.43577,1.28893,0.04089,0.30093
2026-06-15 08:00:00,3.17324,0,0.02198,-0.00133,0,0,0,0.001,0.19839,0.66725,0.77276,0.37299,0.00853,0.12701,0.41794,0.00001,0,0.00001,0,-0.01174,0.00001,0.49305,1.20236,0.08023,0.13069,0.01,1.99545,0.11657,0.01587,0.04899,0.20002,0.8893,0.81109,0.78649,0,1.28893,0,0.12701,0.11657,0.81109,0.78649,0.41794,0.32451,0.49305,0.4361,1.28893,0.04093,0.30097
2026-06-15 09:00:00,3.17324,0,0.02189,0.00267,0,0,0,0.001,0.20114,0.70054,0.76782,0.37186,0.00909,0.12701,0.41794,0.00001,0,0.00001,0,0,0.00001,0.49506,1.25835,0.09039,0.14167,0.01,1.98843,0.11846,0.01513,0.00841,0.20302,0.88998,0.81109,0.78373,0,1.28289,0,0.12701,0.11846,0.81109,0.78373,0.41794,0.32451,0.49506,0.43635,1.28289,0.04075,0.30101
2026-06-15 10:00:00,3.17324,0,0.02192,0.0015,0,0,0,0.001,0.20533,0.71996,0.80274,0.37186,0.00969,0.13902,0.42051,0.00001,0,0.00001,0,0.01174,0.00001,0.49506,1.35499,0.11019,0.15472,0.01,1.9814,0.11846,0.0162,0.00096,0.20202,0.88992,0.81109,0.78373,0,1.28289,0,0.13902,0.11846,0.81109,0.78373,0.42051,0.3267,0.49506,0.43657,1.28289,0.03982,0.30105
2026-06-15 11:00:00,3.17324,0,0.02195,-0.003,0.012,0,0,0.001,0.20393,0.74965,0.82305,0.37186,0.01001,0.14302,0.42051,0.00001,0,0.00001,0,0.04108,0.00001,0.49506,1.39256,0.10013,0.15829,0.01,1.97438,0.11846,0.01548,0.00343,0.20502,0.88938,0.82409,0.78097,0,1.28289,0,0.14302,0.11846,0.82409,0.78097,0.42051,0.3267,0.49506,0.43675,1.28289,0.03848,0.30108
2026-06-15 12:00:00,3.14806,0,0.02195,-0.00992,0,0,0,0.001,0.20393,0.76982,0.82817,0.5516,0.01001,0.14502,0.42567,0.00001,0,0.00001,0,0.02348,0.00001,0.49005,1.35074,0.11033,0.19356,0.011,1.96736,0.11846,0.01547,-0.00319,0.20602,0.88898,0.8881,0.78097,0,1.28289,0,0.14502,0.11846,0.8881,0.78097,0.42567,0.3267,0.49005,0.43697,1.28289,0.03746,0.30551
2026-06-15 13:00:00,3.15212,0,0.02189,-0.014,0,0,0,0.001,0.19115,0.78514,0.85401,0.75155,0.01001,0.14702,0.42826,0.00001,0,0.00001,0,-0.0088,0.00001,0.49005,1.36937,0.11036,0.20324,0.011,1.96033,0.12035,0.01509,-0.02885,0.20502,0.89724,0.97811,0.77822,0,1.28289,0,0.14702,0.12035,0.97811,0.77822,0.42826,0.3267,0.49005,0.43725,1.28289,0.03672,0.31084
2026-06-15 14:00:00,3.15619,0,0.02195,-0.01125,0,0,0,0.001,0.17341,0.78514,0.8751,0.96563,0.01033,0.14602,0.43085,0.00001,0,0.00001,0,-0.00292,0.00001,0.49305,1.36806,0.09021,0.23158,0.011,1.9533,0.12225,0.01544,-0.02223,0.20502,0.9059,1.07212,0.78097,0,1.27687,0,0.14602,0.12225,1.07212,0.78097,0.43085,0.32891,0.49305,0.43754,1.27687,0.03639,0.31246
2026-06-15 15:00:00,3.16026,0,0.02204,-0.0075,0,0,0,0.001,0.17647,0.80062,0.89617,0.98014,0.01033,0.14102,0.43866,0.00001,0,0.00001,0,-0.00877,0.00001,0.48705,1.32712,0.10034,0.24113,0.011,1.94628,0.12417,0.01506,0.01918,0.20302,0.91457,1.17413,0.78097,0,1.27086,0,0.14102,0.12417,1.17413,0.78097,0.43866,0.32891,0.48705,0.43786,1.27086,0.03606,0.31409
2026-06-15 16:00:00,3.16433,0,0.02192,-0.00933,0,0,0,0.001,0.17985,0.79544,0.90687,0.99504,0.01033,0.13902,0.44127,0.00001,0,0.00001,0,-0.01466,0.00001,0.49005,1.26644,0.10041,0.23587,0.011,1.93925,0.12417,0.01467,0.02165,0.20502,0.92333,1.27314,0.78097,0,1.27086,0,0.13902,0.12417,1.27314,0.78097,0.44127,0.32891,0.49005,0.43825,1.27086,0.03583,0.31571
2026-06-15 17:00:00,3.16839,0,0.01344,-0.00675,0,0,0,0.001,0.17802,0.79028,0.90151,1.0164,0.01033,0.13902,0.44389,0.00001,0,0.00001,0,-0.04403,0.00001,0.49005,1.24527,0.09032,0.22871,0.011,1.93222,0.12417,0.015,0.02745,0.20302,0.9322,1.37415,0.78097,0,1.26485,0,0.13902,0.12417,1.37415,0.78097,0.44389,0.32891,0.49005,0.43876,1.26485,0.03571,0.31734
2026-06-15 18:00:00,3.17246,0,0.01361,-0.00142,-0.012,0,0,0.001,0.17985,0.79544,0.90687,1.03715,0.01033,0.13902,0.44389,0.00001,0,0.00001,0,-0.04108,0.00001,0.49005,1.26294,0.10031,0.1881,0.011,1.92519,0.12035,0.01461,0.04402,0.20202,0.94108,1.46716,0.77822,0,1.24693,0,0.13902,0.12035,1.46716,0.77822,0.44389,0.32891,0.49005,0.43938,1.24693,0.03559,0.31897
2026-06-15 19:00:00,3.20261,0,0.01503,-0.00117,0,0,0,0.001,0.17802,0.76982,0.92304,1.05362,0.01033,0.13902,0.44127,0.00001,0,0.00001,0,-0.01174,0.00001,0.49005,1.23978,0.11037,0.18946,0.011,1.92887,0.11657,0.0153,0.03907,0.20002,0.95534,1.57118,0.77822,0,1.2232,0,0.13902,0.11657,1.57118,0.77822,0.44127,0.32891,0.49005,0.44005,1.2232,0.03555,0.32059
2026-06-15 20:00:00,3.23276,0,0.00088,0.0015,0,0,0,0.001,0.18543,0.75969,0.91224,1.05867,0.01033,0.14102,0.44127,0.00001,0,0.00001,0,0.01757,0.00001,0.49005,1.23597,0.1103,0.17637,0.011,1.93255,0.1147,0.01491,0.00847,0.20302,0.96965,1.63818,0.77547,0,1.20551,0,0.14102,0.1147,1.63818,0.77547,0.44127,0.32891,0.49005,0.44069,1.20551,0.03554,0.32222
2026-06-15 21:00:00,3.26291,0,-0.01813,-0.00609,-0.012,0,0,0.001,0.20533,0.74965,0.90687,1.05931,0.01033,0.14502,0.43605,0.00001,0,0.00001,0,0.01757,0.00001,0.48705,1.25092,0.10013,0.15239,0.011,1.93623,0.11283,0.01489,0.01429,0.20102,0.96445,1.68819,0.77273,0,1.1938,0,0.14502,0.11283,1.68819,0.77273,0.43605,0.32891,0.48705,0.44121,1.1938,0.03555,0.32384
2026-06-15 22:00:00,3.29307,0,-0.02349,0.00192,0,0,0,0.001,0.21987,0.73472,0.91224,1.06769,0.01001,0.15002,0.43345,0.00001,0,0.00001,0,-0.01763,0.00001,0.48505,1.20514,0.08994,0.16233,0.011,1.9399,0.10912,0.01524,0.03419,0.20002,0.95928,1.71119,0.76999,0,1.17631,0,0.15002,0.10912,1.71119,0.76999,0.43345,0.32891,0.48505,0.44149,1.17631,0.03558,0.32547
2026-06-15 23:00:00,3.32321,0,0.00163,0.0025,0,0,0,0.001,0.23292,0.71021,0.89084,1.07115,0.01001,0.15302,0.43085,0.00001,0,0.00001,0,-0.01469,0.00001,0.48505,1.13929,0.08987,0.15382,0.012,1.94358,0.10728,0.01448,0.02921,0.20002,0.95413,1.72819,0.76454,0,1.15893,0,0.15302,0.10728,1.72819,0.76454,0.43085,0.32891,0.48505,0.44159,1.15893,0.03562,0.32709
2026-06-16 00:00:00,3.3457,0,0.01316,-0.01875,0,0,0,0.001,0.23489,0.69094,0.89084,1.06502,0.01001,0.15402,0.43085,0.00001,0,0.00001,0,-0.00883,0.00001,0.48205,1.11356,0.0899,0.16563,0.012,1.94726,0.10363,0.01518,0.0143,0.19902,0.94896,1.71719,0.76181,0,1.14167,0,0.15402,0.10363,1.71719,0.76181,0.43085,0.3267,0.48205,0.44158,1.14167,0.03565,0.32872
2026-06-16 01:00:00,3.3469,0,0.00649,-0.01617,0,0,0,0.001,0.23687,0.68141,0.8697,1.06345,0.01001,0.15702,0.43085,0.00001,0,0.00001,0,-0.00294,0.00001,0.48205,1.10789,0.08994,0.15838,0.012,1.95525,0.10181,0.01479,0.00352,0.19902,0.94688,1.72819,0.7591,0,1.14741,0,0.15702,0.10181,1.72819,0.7591,0.43085,0.32231,0.48205,0.4414,1.14741,0.03566,0.32611
2026-06-16 02:00:00,3.34809,0,0.01524,-0.015,-0.012,0,0,0.001,0.23886,0.67195,0.82817,1.05637,0.00969,0.16102,0.43085,0.00001,0,0.00001,0,-0.0264,0.00001,0.48205,1.04289,0.09,0.14659,0.012,1.96323,0.10001,0.01474,0.02586,0.20102,0.94481,1.73419,0.76181,0,1.13594,0,0.16102,0.10001,1.73419,0.76181,0.43085,0.32013,0.48205,0.44108,1.13594,0.03566,0.32351
2026-06-16 03:00:00,3.34929,0,0.03734,-0.00783,0,0,0,0.001,0.23886,0.65791,0.8333,1.04606,0.00969,0.16302,0.43345,0.00001,0,0.00001,0,-0.00291,0.00001,0.47905,0.98809,0.08032,0.1493,0.012,1.97122,0.09822,0.01434,0.03575,0.19802,0.94272,1.72219,0.76726,0,1.13022,0,0.16302,0.09822,1.72219,0.76726,0.43345,0.31578,0.47905,0.4406,1.13022,0.03566,0.32091
2026-06-16 04:00:00,3.35048,0,0.04584,-0.00808,0.012,0,0,0.001,0.23886,0.64864,0.81286,1.03521,0.00969,0.16302,0.43605,0.00001,0,0.00001,0,0.02643,0.00001,0.47905,0.97877,0.09045,0.13241,0.012,1.9792,0.09644,0.01503,0.02248,0.19902,0.94058,1.72219,0.78373,0,1.13594,0,0.16302,0.09644,1.72219,0.78373,0.43605,0.31361,0.47905,0.44,1.13594,0.03562,0.31831
2026-06-16 05:00:00,3.35168,0,0.02381,-0.00575,0,0,0,0.001,0.23886,0.63944,0.80779,1.00763,0.00969,0.16002,0.43866,0.00001,0,0.00001,0,-0.00585,0.00001,0.47705,0.97067,0.10068,0.12881,0.0115,1.98719,0.09644,0.01501,0.0374,0.20002,0.93846,1.72219,0.8088,0,1.14167,0,0.16002,0.09644,1.72219,0.8088,0.43866,0.31361,0.47705,0.43933,1.14167,0.03557,0.3157
2026-06-16 06:00:00,3.35287,0,0.01519,0.01625,0,0,0,0.001,0.23687,0.63487,0.79268,0.98722,0.00969,0.15802,0.44127,0.00001,0,0.00001,0,0.00294,0.00001,0.47205,0.91534,0.08101,0.12181,0.011,1.99517,0.09644,0.01462,0.04405,0.19902,0.93634,1.73419,0.83435,0,1.14741,0,0.15802,0.09644,1.73419,0.83435,0.44127,0.31361,0.47205,0.43854,1.14741,0.03554,0.3131
2026-06-16 07:00:00,3.34257,0,0.0235,0.01875,0,0,0,0.001,0.24087,0.63487,0.78269,0.97669,0.00939,0.15602,0.44652,0.00001,0,0.00001,0,0.00586,0.00001,0.46905,0.88479,0.08104,0.13338,0.011,1.99283,0.09466,0.01458,0.05976,0.19902,0.93373,1.74519,0.8681,0,1.14741,0,0.15602,0.09466,1.74519,0.8681,0.44652,0.31578,0.46905,0.43762,1.14741,0.03551,0.3105
2026-06-16 08:00:00,3.33227,0,0.02339,0.0145,0,0,0,0.001,0.24492,0.62126,0.75797,0.96406,0.00939,0.15502,0.44652,0.00001,0,0.00001,0,-0.00294,0.00001,0.46605,0.97242,0.0911,0.14612,0.011,1.9905,0.09466,0.01492,0.0763,0.19802,0.93112,1.7512,0.90497,0,1.14741,0,0.15502,0.09466,1.7512,0.90497,0.44652,0.31795,0.46605,0.43661,1.14741,0.03549,0.3079
2026-06-16 09:00:00,3.32197,0,0.04022,0.00842,0.012,0,0,0.001,0.24492,0.63944,0.76288,0.95313,0.00939,0.15302,0.44915,0.00001,0,0.00001,0,-0.02054,0.00001,0.46405,1.01859,0.09025,0.13901,0.011,1.98816,0.0929,0.01453,0.06803,0.19902,0.92853,1.7512,0.9426,0,1.14167,0,0.15302,0.0929,1.7512,0.9426,0.44915,0.32451,0.46405,0.43554,1.14167,0.03547,0.3053
2026-06-16 10:00:00,3.31167,0,0.03374,0,0,0,0,0.001,0.25107,0.64864,0.7482,0.94059,0.00909,0.15202,0.44915,0.00001,0,0.00001,0,0,0.00001,0.46405,1.04165,0.10402,0.14825,0.011,1.98582,0.0929,0.01486,0.05661,0.19902,0.92593,1.74519,0.9833,0,1.14167,0,0.15202,0.0929,1.74519,0.9833,0.44915,0.33112,0.46405,0.4344,1.14167,0.03545,0.30269
2026-06-16 11:00:00,3.30137,0,0.02725,0,0,0,0,0.001,0.24903,0.65791,0.75797,0.92388,0.00909,0.15102,0.44915,0.00001,0,0.00001,0,0,0.00001,0.46105,1.06292,0.10342,0.15749,0.011,1.98349,0.0929,0.01484,0.04517,0.20002,0.92331,1.7512,1.02695,0,1.14167,0,0.15102,0.0929,1.7512,1.02695,0.44915,0.33779,0.46105,0.4332,1.14167,0.03542,0.30009
2026-06-16 12:00:00,3.29107,0,0.02077,0,0,0,0,0.001,0.24289,0.67668,0.77276,0.91229,0.00909,0.15002,0.44915,0.00001,0,0.00001,0,0,0.00001,0.45605,1.08311,0.10282,0.16673,0.011,1.98115,0.0929,0.01482,0.03375,0.20002,0.9207,1.7512,1.06624,0,1.14167,0,0.15002,0.0929,1.7512,1.06624,0.44915,0.34226,0.45605,0.43197,1.14167,0.03539,0.3024
2026-06-16 13:00:00,3.28948,0,0.02075,0,0,0,0,0.001,0.24265,0.67243,0.78236,0.90575,0.00905,0.14902,0.44831,0,0,0.00001,0,0,0,0.45305,1.10258,0.10203,0.17484,0.011,1.97409,0.0929,0.01476,0.03366,0.20002,0.91912,1.7512,1.09658,0,1.14533,0,0.14902,0.0929,1.7512,1.09658,0.44831,0.34336,0.45305,0.43077,1.14533,0.03537,0.30011
2026-06-16 14:00:00,3.28788,0,0.02074,0,0,0,0,0.00099,0.24241,0.66611,0.7948,0.90214,0.00905,0.14777,0.44739,0,0,0.00001,0,0,0,0.45828,1.12154,0.10123,0.18295,0.011,1.96703,0.09284,0.01469,0.03357,0.20052,0.91755,1.75119,1.12468,0,1.15104,0,0.14777,0.09284,1.75119,1.12468,0.44739,0.3445,0.45828,0.42967,1.15104,0.03537,0.28994
2026-06-16 15:00:00,3.28629,0,0.02072,0,0,0,0,0.00099,0.24217,0.65958,0.80531,0.9109,0.00905,0.1466,0.44639,0,0,0.00001,0,0,0,0.46251,1.14023,0.10043,0.19107,0.01101,1.95998,0.09281,0.01463,0.03349,0.20073,0.91599,1.75118,1.15105,0,1.15894,0,0.1466,0.09281,1.75118,1.15105,0.44639,0.34564,0.46251,0.42876,1.15894,0.03536,0.28655
2026-06-16 16:00:00,3.2847,0,0.02071,0,0,0,0,0.00099,0.24193,0.65299,0.80836,0.92205,0.00905,0.14553,0.44532,0,0,0.00001,0,0,0,0.4655,1.15884,0.09964,0.19917,0.01101,1.95292,0.09286,0.01457,0.0334,0.20044,0.9144,1.75117,1.17618,0,1.16912,0,0.14553,0.09286,1.75117,1.17618,0.44532,0.34672,0.4655,0.42806,1.16912,0.03534,0.28485
2026-06-16 17:00:00,3.2831,0,0.0207,0,0,0,0,0.00099,0.24168,0.64626,0.80734,0.93275,0.00905,0.14454,0.44418,0,0,0.00001,0,0,0,0.46775,1.1774,0.09885,0.20728,0.01102,1.94586,0.09304,0.0145,0.03331,0.20037,0.91282,1.75117,1.20049,0,1.1815,0,0.14454,0.09304,1.75117,1.20049,0.44418,0.34771,0.46775,0.4276,1.1815,0.03533,0.28383
2026-06-16 18:00:00,3.28151,0,0.02069,0,0,0,0,0.00098,0.24143,0.6416,0.80407,0.94371,0.00905,0.14319,0.44301,0,0,0.00001,0,0,0,0.46953,1.19594,0.09805,0.2154,0.01102,1.9388,0.09325,0.01444,0.03322,0.20047,0.91125,1.75116,1.22383,0,1.19584,0,0.14319,0.09325,1.75116,1.22383,0.44301,0.3486,0.46953,0.42735,1.19584,0.03532,0.28315
2026-06-16 19:00:00,3.29771,0,0.02068,0,0,0,0,0.00098,0.24118,0.62788,0.79969,0.95097,0.00905,0.14133,0.44176,0,0,0.00001,0,0,0,0.47101,1.21449,0.09718,0.22683,0.01103,1.93783,0.0934,0.01448,0.0339,0.20037,0.9122,1.75116,1.24594,0,1.21184,0,0.14133,0.0934,1.75116,1.24594,0.44176,0.34938,0.47101,0.42726,1.21184,0.03531,0.28267
2026-06-16 20:00:00,3.31392,0,0.02067,0,0,0,0,0.00097,0.24093,0.61849,0.79535,0.95289,0.00905,0.13918,0.44041,0,0,0.00001,0,0,0,0.47227,1.23301,0.09631,0.23825,0.01103,1.93686,0.09349,0.01453,0.03458,0.20015,0.91315,1.75115,1.2665,0,1.2292,0,0.13918,0.09349,1.75115,1.2665,0.44041,0.35002,0.47227,0.42728,1.2292,0.0353,0.28231
2026-06-16 21:00:00,3.33012,0,0.02066,0,0,0,0,0.00097,0.24068,0.60479,0.78894,0.95122,0.00905,0.13684,0.43891,0,0,0.00001,0,0,0,0.47335,1.25269,0.09544,0.24968,0.01104,1.93589,0.09361,0.01457,0.03526,0.19968,0.91411,1.75114,1.28581,0,1.24768,0,0.13684,0.09361,1.75114,1.28581,0.43891,0.35055,0.47335,0.42742,1.24768,0.03529,0.28202
2026-06-16 22:00:00,3.34632,0,0.02065,0,0,0,0,0.00096,0.24043,0.59537,0.77923,0.94749,0.00905,0.13446,0.43725,0,0,0.00001,0,0,0,0.47429,1.27539,0.09457,0.26111,0.01104,1.93492,0.09373,0.01461,0.03593,0.19932,0.91505,1.75113,1.30413,0,1.26702,0,0.13446,0.09373,1.75113,1.30413,0.43725,0.35096,0.47429,0.42763,1.26702,0.03528,0.2818
2026-06-16 23:00:00,3.36253,0,0.02063,0,0,0,0,0.00095,0.24019,0.59086,0.76887,0.94292,0.00904,0.13214,0.43545,0,0,0.00001,0,0,0,0.47507,1.27951,0.0937,0.27254,0.01105,1.93395,0.09371,0.01465,0.03661,0.1992,0.916,1.75113,1.32132,0,1.28716,0,0.13214,0.09371,1.75113,1.32132,0.43545,0.35125,0.47507,0.4279,1.28716,0.03527,0.28161
2026-06-17 00:00:00,3.37873,0,0.02061,0,0,0,0,0.00096,0.23995,0.58642,0.75803,0.93738,0.00904,0.1299,0.43351,0,0,0.00001,0,0,0,0.47572,1.28558,0.09283,0.27358,0.01105,1.93298,0.09357,0.01469,0.03729,0.1991,0.91695,1.75112,1.33654,0,1.30803,0,0.1299,0.09357,1.75112,1.33654,0.43351,0.35144,0.47572,0.42823,1.30803,0.03526,0.28146
2026-06-17 01:00:00,3.3803,0,0.0206,0,0,0,0,0.00096,0.23971,0.596,0.74962,0.92949,0.00904,0.12773,0.43148,0,0,0,0,0,0,0.47625,1.29289,0.09212,0.27667,0.01152,1.9415,0.09343,0.01457,0.03615,0.19903,0.91558,1.75112,1.3509,0,1.32937,0,0.12773,0.09343,1.75112,1.3509,0.43148,0.35152,0.47625,0.42859,1.32937,0.03525,0.28133
2026-06-17 02:00:00,3.38187,0,0.02058,0,0,0,0,0.00096,0.23947,0.60573,0.7439,0.91957,0.00904,0.12567,0.42937,0,0,0,0,0,0,0.47666,1.30099,0.09141,0.27975,0.01153,1.95001,0.09339,0.01446,0.03549,0.19899,0.91423,1.75111,1.36445,0,1.35096,0,0.12567,0.09339,1.75111,1.36445,0.42937,0.35148,0.47666,0.42899,1.35096,0.03524,0.28122
2026-06-17 03:00:00,3.38344,0,0.02057,0,0,0,0,0.00095,0.23923,0.62005,0.74256,0.9088,0.00904,0.12375,0.42721,0,0,0,0,0,0,0.47695,1.30897,0.09071,0.28284,0.01153,1.95853,0.09338,0.01435,0.03482,0.19897,0.91289,1.7511,1.37722,0,1.37263,0,0.12375,0.09338,1.7511,1.37722,0.42721,0.35135,0.47695,0.4294,1.37263,0.03524,0.28112
2026-06-17 04:00:00,3.38501,0,0.02055,0,0,0,0,0.00095,0.23899,0.63016,0.74749,0.89863,0.00904,0.12196,0.42503,0,0,0,0,0,0,0.47713,1.3157,0.09,0.28593,0.01154,1.96705,0.09341,0.01423,0.03415,0.19895,0.91152,1.75109,1.38927,0,1.39421,0,0.12196,0.09341,1.75109,1.38927,0.42503,0.35111,0.47713,0.42981,1.39421,0.03523,0.28103
2026-06-17 05:00:00,3.38658,0,0.02053,0,0,0,0,0.00095,0.23875,0.64044,0.75624,0.89063,0.00904,0.12029,0.42284,0,0,0,0,0,0,0.4772,1.32111,0.08929,0.28901,0.01154,1.97556,0.09347,0.01411,0.03349,0.19893,0.91015,1.75109,1.40064,0,1.41556,0,0.12029,0.09347,1.75109,1.40064,0.42284,0.35075,0.4772,0.43024,1.41556,0.03521,0.28096
2026-06-17 06:00:00,3.38815,0,0.02051,0,0,0,0,0.00095,0.23851,0.64861,0.76721,0.8859,0.00904,0.11875,0.42068,0,0,0,0,0,0,0.47717,1.3257,0.08858,0.2921,0.01155,1.98408,0.09341,0.014,0.03282,0.19893,0.90879,1.75108,1.41136,0,1.43656,0,0.11875,0.09341,1.75108,1.41136,0.42068,0.35028,0.47717,0.43066,1.43656,0.0352,0.28089
2026-06-17 07:00:00,3.37696,0,0.02049,0,0,0,0,0.00094,0.23826,0.65667,0.7782,0.88608,0.00904,0.11732,0.41856,0,0,0,0,0,0,0.47701,1.32973,0.08804,0.29359,0.01155,1.98512,0.09332,0.01394,0.03276,0.19889,0.9075,1.75108,1.42148,0,1.45713,0,0.11732,0.09332,1.75108,1.42148,0.41856,0.34969,0.47701,0.43109,1.45713,0.03519,0.28083
2026-06-17 08:00:00,3.36577,0,0.02048,0,0,0,0,0.00094,0.23802,0.66483,0.78865,0.89129,0.00904,0.11599,0.41648,0,0,0,0,0,0,0.47676,1.33343,0.0875,0.29507,0.01156,1.98615,0.09323,0.01387,0.03269,0.19885,0.9062,1.75107,1.43104,0,1.47719,0,0.11599,0.09323,1.75107,1.43104,0.41648,0.34901,0.47676,0.4315,1.47719,0.03519,0.28078
2026-06-17 09:00:00,3.35458,0,0.02046,0,0,0,0,0.00093,0.23777,0.67309,0.79804,0.89991,0.00904,0.11474,0.41445,0,0,0,0,0,0,0.47639,1.33616,0.08696,0.29656,0.01156,1.98719,0.09316,0.01381,0.03263,0.19879,0.90491,1.75107,1.44005,0,1.49671,0,0.11474,0.09316,1.75107,1.44005,0.41445,0.34822,0.47639,0.43192,1.49671,0.03518,0.28073
2026-06-17 10:00:00,3.34338,0,0.02044,0,0,0,0,0.00093,0.23753,0.68141,0.80698,0.91013,0.00903,0.1136,0.41249,0,0,0,0,0,0,0.47591,1.33692,0.08641,0.29804,0.01157,1.98822,0.09308,0.01376,0.03256,0.1987,0.90361,1.75106,1.44857,0,1.51564,0,0.1136,0.09308,1.75106,1.44857,0.41249,0.34733,0.47591,0.43231,1.51564,0.03517,0.28069
2026-06-17 11:00:00,3.33219,0,0.02042,0,0,0,0,0.00092,0.23728,0.68735,0.81554,0.92045,0.00903,0.11254,0.41059,0,0,0,0,0,0,0.47531,1.33585,0.08587,0.29953,0.01157,1.98926,0.09301,0.01369,0.0325,0.19861,0.9023,1.75106,1.4566,0,1.53396,0,0.11254,0.09301,1.75106,1.4566,0.41059,0.34634,0.47531,0.43269,1.53396,0.03515,0.28065
2026-06-17 12:00:00,3.321,0,0.0204,0,0,0,0,0.00092,0.23704,0.69072,0.82403,0.93016,0.00903,0.11155,0.40877,0,0,0,0,0,0,0.47462,1.33362,0.08533,0.30101,0.01157,1.99029,0.09295,0.01363,0.03243,0.19851,0.901,1.75105,1.4642,0,1.55163,0,0.11155,0.09295,1.75105,1.4642,0.40877,0.34528,0.47462,0.43304,1.55163,0.03514,0.27694
2026-06-17 13:00:00,3.3181,0,0.02038,0,0,0,0,0.00091,0.2368,0.68731,0.83161,0.93913,0.00903,0.11063,0.40702,0,0,0,0,0,0,0.47382,1.33058,0.0849,0.30034,0.01158,1.9836,0.0929,0.01358,0.03236,0.19842,0.89961,1.75105,1.47137,0,1.56867,0,0.11063,0.0929,1.75105,1.47137,0.40702,0.34416,0.47382,0.43335,1.56867,0.03513,0.2667
2026-06-17 14:00:00,3.3152,0,0.02036,0,0,0,0,0.00091,0.23656,0.6813,0.8373,0.94762,0.00903,0.10979,0.40534,0,0,0,0,0,0,0.47292,1.32703,0.08447,0.29968,0.01158,1.97692,0.09286,0.01354,0.03229,0.19834,0.89823,1.75104,1.47815,0,1.58506,0,0.10979,0.09286,1.75104,1.47815,0.40534,0.34296,0.47292,0.43363,1.58506,0.03513,0.26222
2026-06-17 15:00:00,3.3123,0,0.02034,0,0,0,0,0.00091,0.23632,0.67524,0.83973,0.95584,0.00903,0.109,0.40373,0,0,0,0,0,0,0.47195,1.32303,0.08405,0.29901,0.01159,1.97023,0.09282,0.01349,0.03223,0.19826,0.89685,1.75103,1.48455,0,1.6008,0,0.109,0.09282,1.75103,1.48455,0.40373,0.34171,0.47195,0.43389,1.6008,0.03512,0.26073
2026-06-17 16:00:00,3.30939,0,0.02032,0,0,0,0,0.0009,0.23607,0.66915,0.83795,0.9636,0.00903,0.10827,0.40219,0,0,0,0,0,0,0.47089,1.31849,0.08362,0.29834,0.01159,1.96354,0.09278,0.01344,0.03216,0.19816,0.89544,1.75102,1.49061,0,1.61589,0,0.10827,0.09278,1.75102,1.49061,0.40219,0.34041,0.47089,0.4341,1.61589,0.03509,0.25998
2026-06-17 17:00:00,3.30649,0,0.0203,0,0,0,0,0.0009,0.23583,0.66297,0.83364,0.97016,0.00903,0.1076,0.40072,0,0,0,0,0,0,0.46977,1.31348,0.08319,0.29768,0.0116,1.95686,0.09274,0.0134,0.03209,0.19807,0.89404,1.75102,1.49633,0,1.63036,0,0.1076,0.09274,1.75102,1.49633,0.40072,0.33907,0.46977,0.43429,1.63036,0.03507,0.25954
2026-06-17 18:00:00,3.30359,0,0.02028,0,0,0,0,0.0009,0.23559,0.65928,0.8279,0.97442,0.00903,0.10698,0.39933,0,0,0,0,0,0,0.46857,1.30817,0.08276,0.29701,0.0116,1.95017,0.09272,0.01335,0.03202,0.19798,0.89264,1.75101,1.50175,0,1.64418,0,0.10698,0.09272,1.75101,1.50175,0.39933,0.3377,0.46857,0.43442,1.64418,0.03505,0.25924
2026-06-17 19:00:00,3.32642,0,0.02026,0,0,0,0,0.00089,0.23535,0.64667,0.82153,0.97522,0.00903,0.1064,0.39799,0,0,0,0,0,0,0.46732,1.30267,0.08241,0.29772,0.01161,1.94799,0.0927,0.01331,0.03237,0.1979,0.89361,1.75101,1.50687,0,1.65739,0,0.1064,0.0927,1.75101,1.50687,0.39799,0.3363,0.46732,0.43452,1.65739,0.03503,0.25903
2026-06-17 20:00:00,3.34925,0,0.02025,0,0,0,0,0.00089,0.2351,0.63933,0.81554,0.97264,0.00903,0.10586,0.39672,0,0,0,0,0,0,0.46603,1.29705,0.08205,0.29842,0.01161,1.94581,0.09268,0.01328,0.03271,0.19784,0.89461,1.75101,1.51172,0,1.67001,0,0.10586,0.09268,1.75101,1.51172,0.39672,0.33489,0.46603,0.43456,1.67001,0.03503,0.25887
2026-06-17 21:00:00,3.37208,0,0.02022,0,0,0,0,0.00088,0.23486,0.62685,0.80783,0.96782,0.00902,0.10537,0.3955,0,0,0,0,0,0,0.4647,1.29261,0.0817,0.29913,0.01162,1.94364,0.09265,0.01324,0.03306,0.19778,0.89559,1.751,1.51631,0,1.68202,0,0.10537,0.09265,1.751,1.51631,0.3955,0.33345,0.4647,0.43458,1.68202,0.03502,0.25874
2026-06-17 22:00:00,3.39491,0,0.0202,0,0,0,0,0.00088,0.23461,0.61952,0.7989,0.96172,0.00902,0.10491,0.39434,0,0,0,0,0,0,0.46332,1.29138,0.08135,0.29984,0.01162,1.94146,0.09264,0.0132,0.03341,0.19772,0.89658,1.751,1.52065,0,1.69347,0,0.10491,0.09264,1.751,1.52065,0.39434,0.33202,0.46332,0.43454,1.69347,0.03502,0.25864
2026-06-17 23:00:00,3.41774,0,0.02018,0,0,0,0,0.00087,0.23437,0.61731,0.78958,0.95527,0.00902,0.10448,0.39325,0,0,0,0,0,0,0.46193,1.29336,0.08099,0.30054,0.01162,1.93928,0.09263,0.01317,0.03375,0.19766,0.89757,1.75099,1.52477,0,1.70437,0,0.10448,0.09263,1.75099,1.52477,0.39325,0.33058,0.46193,0.43446,1.70437,0.03501,0.25856
2026-06-18 00:00:00,3.44057,0,0.02016,0,0,0,0,0.00088,0.23412,0.61515,0.77992,0.94821,0.00902,0.1041,0.3922,0,0,0,0,0,0,0.46051,1.29738,0.08064,0.30125,0.01163,1.9371,0.09261,0.01314,0.0341,0.19761,0.89856,1.75099,1.52867,0,1.71472,0,0.1041,0.09261,1.75099,1.52867,0.3922,0.32915,0.46051,0.43433,1.71472,0.03501,0.25849
2026-06-18 01:00:00,3.43383,0,0.02014,0,0,0,0,0.00088,0.23388,0.62589,0.77306,0.93985,0.00902,0.10374,0.39119,0,0,0,0,0,0,0.45908,1.30272,0.08034,0.30343,0.01211,1.94175,0.0926,0.0131,0.03326,0.19757,0.89753,1.75098,1.53237,0,1.72456,0,0.10374,0.0926,1.75098,1.53237,0.39119,0.32773,0.45908,0.43417,1.72456,0.03501,0.25844
2026-06-18 02:00:00,3.42708,0,0.02013,0,0,0,0,0.00087,0.23363,0.63672,0.76911,0.9306,0.00902,0.10341,0.39023,0,0,0,0,0,0,0.45764,1.30888,0.08004,0.3056,0.01212,1.9464,0.09264,0.01305,0.0329,0.19752,0.8965,1.75098,1.53588,0,1.73389,0,0.10341,0.09264,1.75098,1.53588,0.39023,0.32632,0.45764,0.43395,1.73389,0.03501,0.25839
2026-06-18 03:00:00,3.42034,0,0.0201,0,0,0,0,0.00087,0.23339,0.6527,0.7694,0.92088,0.00902,0.1031,0.38932,0,0,0,0,0,0,0.45621,1.31435,0.07974,0.30778,0.01212,1.95105,0.0927,0.01301,0.03253,0.19747,0.89547,1.75096,1.53921,0,1.74273,0,0.1031,0.0927,1.75096,1.53921,0.38932,0.32492,0.45621,0.43369,1.74273,0.035,0.25834
2026-06-18 04:00:00,3.4136,0,0.02008,0,0,0,0,0.00087,0.23315,0.66363,0.77557,0.91205,0.00902,0.10282,0.38845,0,0,0,0,0,0,0.45478,1.31713,0.07944,0.30996,0.01213,1.95569,0.09276,0.01296,0.03216,0.19742,0.89442,1.75096,1.54237,0,1.75111,0,0.10282,0.09276,1.75096,1.54237,0.38845,0.32355,0.45478,0.4334,1.75111,0.03499,0.25831
2026-06-18 05:00:00,3.40685,0,0.02006,0,0,0,0,0.00087,0.2329,0.67458,0.78552,0.90569,0.00902,0.10256,0.38761,0,0,0,0,0,0,0.45335,1.31717,0.07914,0.31213,0.01213,1.96034,0.0928,0.01292,0.0318,0.19737,0.89339,1.75095,1.54537,0,1.75904,0,0.10256,0.0928,1.75095,1.54537,0.38761,0.32219,0.45335,0.43306,1.75904,0.03498,0.25827
2026-06-18 06:00:00,3.40011,0,0.02004,0,0,0,0,0.00087,0.23265,0.68297,0.79758,0.90267,0.00902,0.10231,0.38681,0,0,0,0,0,0,0.45193,1.31547,0.07884,0.31431,0.01214,1.96499,0.09285,0.01287,0.03143,0.19732,0.89234,1.75095,1.54823,0,1.76654,0,0.10231,0.09285,1.75095,1.54823,0.38681,0.32085,0.45193,0.43268,1.76654,0.03497,0.25824
2026-06-18 07:00:00,3.38534,0,0.02002,0,0,0,0,0.00086,0.23239,0.68844,0.80935,0.90438,0.00902,0.10209,0.38605,0,0,0,0,0,0,0.45053,1.31265,0.07858,0.31448,0.01214,1.96061,0.09288,0.01283,0.03138,0.19727,0.89108,1.75094,1.55094,0,1.77363,0,0.10209,0.09288,1.75094,1.55094,0.38605,0.31954,0.45053,0.43228,1.77363,0.03496,0.25822
2026-06-18 08:00:00,3.37056,0,0.02001,0,0,0,0,0.00086,0.23214,0.69387,0.82031,0.9109,0.00901,0.10189,0.38531,0,0,0,0,0,0,0.44915,1.30915,0.07831,0.31465,0.01215,1.95623,0.09291,0.01279,0.03134,0.19723,0.88984,1.75094,1.55351,0,1.78032,0,0.10189,0.09291,1.75094,1.55351,0.38531,0.31825,0.44915,0.43184,1.78032,0.03496,0.25819
2026-06-18 09:00:00,3.35579,0,0.01999,0,0,0,0,0.00086,0.23189,0.69932,0.82929,0.92074,0.00901,0.10171,0.38461,0,0,0,0,0,0,0.44779,1.30525,0.07804,0.31482,0.01215,1.95185,0.09293,0.01275,0.03129,0.19718,0.88858,1.75092,1.55597,0,1.78663,0,0.10171,0.09293,1.75092,1.55597,0.38461,0.317,0.44779,0.43136,1.78663,0.03495,0.25817
2026-06-18 10:00:00,3.34102,0,0.01998,0,0,0,0,0.00086,0.23164,0.70485,0.83658,0.93197,0.00901,0.10153,0.38394,0,0,0,0,0,0,0.44643,1.30128,0.07778,0.315,0.01215,1.94746,0.09295,0.01271,0.03124,0.19713,0.88732,1.75092,1.5583,0,1.79259,0,0.10153,0.09295,1.75092,1.5583,0.38394,0.31577,0.44643,0.43086,1.79259,0.03494,0.25815
2026-06-18 11:00:00,3.32624,0,0.01997,0,0,0,0,0.00086,0.23139,0.70773,0.84284,0.94304,0.00901,0.10138,0.38329,0,0,0,0,0,0,0.44512,1.29737,0.07752,0.31517,0.01216,1.94308,0.09297,0.01267,0.0312,0.19707,0.88606,1.75091,1.56053,0,1.79821,0,0.10138,0.09297,1.75091,1.56053,0.38329,0.31457,0.44512,0.43032,1.79821,0.03492,0.25814
2026-06-18 12:00:00,3.31147,0,0.01996,0,0,0,0,0.00086,0.23115,0.70789,0.84868,0.95297,0.00901,0.10124,0.38266,0,0,0,0,0,0,0.44383,1.29335,0.07725,0.31534,0.01216,1.9387,0.09299,0.01263,0.03115,0.19701,0.8848,1.75091,1.56265,0,1.8035,0,0.10124,0.09299,1.75091,1.56265,0.38266,0.3134,0.44383,0.42976,1.8035,0.03491,0.25692
2026-06-18 13:00:00,3.30382,0,0.01995,0,0,0,0,0.00086,0.23091,0.70147,0.85341,0.9612,0.00901,0.1011,0.38205,0,0,0,0,0,0,0.44255,1.28934,0.077,0.31372,0.01217,1.9318,0.093,0.01259,0.0311,0.19696,0.88336,1.7509,1.56467,0,1.80848,0,0.1011,0.093,1.7509,1.56467,0.38205,0.31226,0.44255,0.42917,1.80848,0.0349,0.25373
2026-06-18 14:00:00,3.29617,0,0.01995,0,0,0,0,0.00085,0.23067,0.69243,0.85604,0.96799,0.00901,0.10098,0.38147,0,0,0,0,0,0,0.44131,1.28531,0.07675,0.3121,0.01217,1.9249,0.09301,0.01256,0.03106,0.19692,0.88194,1.7509,1.5666,0,1.81317,0,0.10098,0.09301,1.7509,1.5666,0.38147,0.31115,0.44131,0.42856,1.81317,0.0349,0.24922
2026-06-18 15:00:00,3.28852,0,0.01993,0,0,0,0,0.00084,0.23042,0.68343,0.85534,0.9739,0.00901,0.10087,0.38092,0,0,0,0,0,0,0.44011,1.28113,0.0765,0.31048,0.01218,1.918,0.09304,0.01253,0.03101,0.19687,0.88051,1.75089,1.56844,0,1.81756,0,0.10087,0.09304,1.75089,1.56844,0.38092,0.31006,0.44011,0.42792,1.81756,0.03489,0.24772
2026-06-18 16:00:00,3.28087,0,0.01992,0,0,0,0,0.00084,0.23018,0.67451,0.85045,0.97904,0.00901,0.10078,0.38037,0,0,0,0,0,0,0.43893,1.27652,0.07625,0.30885,0.01218,1.91109,0.09304,0.01249,0.03096,0.1968,0.87905,1.75089,1.57021,0,1.8217,0,0.10078,0.09304,1.75089,1.57021,0.38037,0.30901,0.43893,0.42726,1.8217,0.03486,0.24696
2026-06-18 17:00:00,3.27322,0,0.0199,0,0,0,0,0.00083,0.22994,0.6656,0.84305,0.98273,0.00901,0.10068,0.37984,0,0,0,0,0,0,0.43777,1.27148,0.076,0.30723,0.01219,1.90419,0.09305,0.01245,0.03092,0.19673,0.87761,1.75088,1.57189,0,1.82559,0,0.10068,0.09305,1.75088,1.57189,0.37984,0.30799,0.43777,0.42657,1.82559,0.03484,0.24651
2026-06-18 18:00:00,3.26557,0,0.01989,0,0,0,0,0.00083,0.2297,0.6594,0.83431,0.98397,0.00901,0.1006,0.37933,0,0,0,0,0,0,0.43664,1.26617,0.07575,0.30561,0.01219,1.89729,0.09306,0.01241,0.03087,0.19667,0.87616,1.75088,1.5735,0,1.82923,0,0.1006,0.09306,1.75088,1.5735,0.37933,0.307,0.43664,0.42588,1.82923,0.03482,0.24621
2026-06-18 19:00:00,3.28662,0,0.01987,0,0,0,0,0.00083,0.22946,0.64541,0.82517,0.9817,0.009,0.10053,0.37883,0,0,0,0,0,0,0.43555,1.26089,0.07551,0.30575,0.0122,1.89734,0.09308,0.01257,0.03159,0.19662,0.8774,1.75087,1.57505,0,1.83264,0,0.10053,0.09308,1.75087,1.57505,0.37883,0.30603,0.43555,0.42516,1.83264,0.0348,0.246
2026-06-18 20:00:00,3.30767,0,0.01986,0,0,0,0,0.00082,0.22921,0.63683,0.81679,0.97606,0.009,0.10045,0.37836,0,0,0,0,0,0,0.43449,1.2561,0.07527,0.30588,0.0122,1.89738,0.09308,0.01272,0.03231,0.19658,0.87865,1.75087,1.57652,0,1.83585,0,0.10045,0.09308,1.75087,1.57652,0.37836,0.3051,0.43449,0.42443,1.83585,0.0348,0.24583
2026-06-18 21:00:00,3.32872,0,0.01984,0,0,0,0,0.00082,0.22897,0.6231,0.80732,0.9682,0.009,0.1004,0.37789,0,0,0,0,0,0,0.43345,1.25276,0.07503,0.30602,0.0122,1.89743,0.09308,0.01288,0.03304,0.19653,0.87991,1.75085,1.57794,0,1.83884,0,0.1004,0.09308,1.75085,1.57794,0.37789,0.30419,0.43345,0.42368,1.83884,0.03479,0.24571
2026-06-18 22:00:00,3.34976,0,0.01982,0,0,0,0,0.00082,0.22873,0.61465,0.79732,0.9592,0.009,0.10035,0.37743,0,0,0,0,0,0,0.43245,1.254,0.07479,0.30616,0.01221,1.89748,0.09309,0.01304,0.03376,0.19649,0.88116,1.75085,1.5793,0,1.84164,0,0.10035,0.09309,1.75085,1.5793,0.37743,0.30331,0.43245,0.42291,1.84164,0.03479,0.24561
2026-06-18 23:00:00,3.37081,0,0.0198,0,0,0,0,0.00082,0.22849,0.61142,0.78736,0.95013,0.009,0.1003,0.37698,0,0,0,0,0,0,0.43147,1.26028,0.07455,0.30629,0.01221,1.89752,0.09309,0.01319,0.03448,0.19645,0.8824,1.75084,1.58061,0,1.84426,0,0.1003,0.09309,1.75084,1.58061,0.37698,0.30246,0.43147,0.42215,1.84426,0.03478,0.24553
2026-06-19 00:00:00,3.39186,0,0.01978,0,0,0,0,0.00083,0.22825,0.60819,0.77736,0.94092,0.009,0.10025,0.37654,0,0,0,0,0,0,0.43052,1.27151,0.07431,0.30643,0.01222,1.89757,0.09311,0.01335,0.0352,0.19644,0.88366,1.75084,1.58187,0,1.8467,0,0.10025,0.09311,1.75084,1.58187,0.37654,0.30162,0.43052,0.42137,1.8467,0.03478,0.24546
2026-06-19 01:00:00,3.3756,0,0.01977,0,0,0,0,0.00082,0.22801,0.61948,0.77031,0.93102,0.009,0.10021,0.37611,0,0,0,0,0,0,0.4296,1.28538,0.07409,0.30797,0.01269,1.90733,0.09312,0.01317,0.03405,0.19645,0.88177,1.75084,1.58308,0,1.84899,0,0.10021,0.09312,1.75084,1.58308,0.37611,0.30082,0.4296,0.42058,1.84899,0.03478,0.2454
2026-06-19 02:00:00,3.35934,0,0.01975,0,0,0,0,0.00082,0.22776,0.63075,0.76617,0.92079,0.009,0.10018,0.3757,0,0,0,0,0,0,0.4287,1.30061,0.07386,0.30952,0.0127,1.91708,0.09316,0.013,0.03336,0.1965,0.87987,1.75083,1.58424,0,1.85112,0,0.10018,0.09316,1.75083,1.58424,0.3757,0.30004,0.4287,0.41979,1.85112,0.03478,0.24535
2026-06-19 03:00:00,3.34309,0,0.01973,0,0,0,0,0.00081,0.22752,0.64706,0.76661,0.91051,0.009,0.10016,0.37529,0,0,0,0,0,0,0.42784,1.31421,0.07364,0.31106,0.0127,1.92684,0.09324,0.01282,0.03268,0.19657,0.87797,1.75083,1.58537,0,1.8531,0,0.10016,0.09324,1.75083,1.58537,0.37529,0.29928,0.42784,0.41899,1.8531,0.03477,0.24531
2026-06-19 04:00:00,3.32683,0,0.01971,0,0,0,0,0.00081,0.22727,0.65834,0.7735,0.90138,0.009,0.10012,0.37488,0,0,0,0,0,0,0.427,1.32223,0.07342,0.3126,0.01271,1.9366,0.09331,0.01264,0.032,0.19665,0.87606,1.75082,1.58646,0,1.85496,0,0.10012,0.09331,1.75082,1.58646,0.37488,0.29855,0.427,0.41818,1.85496,0.03476,0.24527
2026-06-19 05:00:00,3.31057,0,0.01969,0,0,0,0,0.0008,0.22703,0.66959,0.78434,0.89482,0.009,0.1001,0.37449,0,0,0,0,0,0,0.42617,1.32468,0.07319,0.31415,0.01271,1.94635,0.09337,0.01248,0.03131,0.19674,0.87416,1.71748,1.5875,0,1.85669,0,0.1001,0.09337,1.71748,1.5875,0.37449,0.29784,0.42617,0.41739,1.85669,0.03475,0.24524
2026-06-19 06:00:00,3.29431,0,0.01967,0,0,0,0,0.0008,0.22679,0.6783,0.79733,0.89177,0.00899,0.10009,0.37409,0,0,0,0,0,0,0.42538,1.32361,0.07297,0.31569,0.01272,1.95611,0.09342,0.0123,0.03063,0.19681,0.87225,1.67302,1.58852,0,1.85829,0,0.10009,0.09342,1.67302,1.58852,0.37409,0.29715,0.42538,0.41659,1.85829,0.03474,0.24521
2026-06-19 07:00:00,3.2809,0,0.01965,0,0,0,0,0.00079,0.22655,0.68379,0.80997,0.89384,0.00899,0.10007,0.37372,0,0,0,0,0,0,0.42461,1.32028,0.07276,0.31514,0.01272,1.94934,0.09346,0.01223,0.03057,0.19684,0.87054,1.62487,1.5895,0,1.8598,0,0.10007,0.09346,1.62487,1.5895,0.37372,0.29648,0.42461,0.41578,1.8598,0.03473,0.24518
2026-06-19 08:00:00,3.2675,0,0.01963,0,0,0,0,0.00079,0.22631,0.68928,0.82161,0.9011,0.00899,0.10006,0.37334,0,0,0,0,0,0,0.42387,1.31552,0.07255,0.31459,0.01272,1.94258,0.0935,0.01216,0.03051,0.19683,0.86884,1.57547,1.59045,0,1.86119,0,0.10006,0.0935,1.57547,1.59045,0.37334,0.29583,0.42387,0.41498,1.86119,0.03473,0.24516
2026-06-19 09:00:00,3.25409,0,0.01961,0,0,0,0,0.00079,0.22606,0.69474,0.83102,0.91183,0.00899,0.10005,0.37297,0,0,0,0,0,0,0.42313,1.30988,0.07234,0.31404,0.01273,1.93581,0.09353,0.01209,0.03045,0.19678,0.86713,1.52567,1.59137,0,1.86249,0,0.10005,0.09353,1.52567,1.59137,0.37297,0.29518,0.42313,0.41419,1.86249,0.03472,0.24514
2026-06-19 10:00:00,3.24068,0,0.01959,0,0,0,0,0.00078,0.22582,0.70029,0.83852,0.92398,0.00899,0.10005,0.3726,0,0,0,0,0,0,0.42243,1.30375,0.07213,0.31348,0.01273,1.92904,0.09355,0.01202,0.03039,0.19669,0.86541,1.47572,1.59226,0,1.86369,0,0.10005,0.09355,1.47572,1.59226,0.3726,0.29457,0.42243,0.4134,1.86369,0.03471,0.24512
2026-06-19 11:00:00,3.22728,0,0.01957,0,0,0,0,0.00078,0.22558,0.70323,0.84481,0.93588,0.00899,0.10003,0.37224,0,0,0,0,0,0,0.42175,1.29741,0.07192,0.31293,0.01274,1.92228,0.09357,0.01195,0.03033,0.19658,0.86369,1.45907,1.59313,0,1.86482,0,0.10003,0.09357,1.45907,1.59313,0.37224,0.29396,0.42175,0.41262,1.86482,0.03469,0.2451
2026-06-19 12:00:00,3.21387,0,0.01955,0,0,0,0,0.00078,0.22534,0.70363,0.85057,0.94644,0.00899,0.10003,0.37189,0,0,0,0,0,0,0.42107,1.29077,0.07171,0.31238,0.01274,1.91551,0.09359,0.01188,0.03027,0.19646,0.86198,1.45351,1.59397,0,1.86587,0,0.10003,0.09359,1.45351,1.59397,0.37189,0.29338,0.42107,0.41183,1.86587,0.03468,0.24444
2026-06-19 13:00:00,3.20576,0,0.01953,0,0,0,0,0.00078,0.2251,0.69601,0.85513,0.95507,0.00899,0.10004,0.37153,0,0,0,0,0,0,0.42042,1.28401,0.0715,0.31054,0.01275,1.90688,0.09362,0.01184,0.0302,0.19635,0.85984,1.45166,1.59479,0,1.86683,0,0.10004,0.09362,1.45166,1.59479,0.37153,0.29281,0.42042,0.41106,1.86683,0.03467,0.24313
2026-06-19 14:00:00,3.19764,0,0.01952,0,0,0,0,0.00078,0.22486,0.68589,0.85755,0.96206,0.00899,0.10003,0.37118,0,0,0,0,0,0,0.41979,1.27718,0.07129,0.30869,0.01275,1.89824,0.09363,0.0118,0.03014,0.19625,0.85772,1.45104,1.59559,0,1.86774,0,0.10003,0.09363,1.45104,1.59559,0.37118,0.29226,0.41979,0.41028,1.86774,0.03467,0.23875
2026-06-19 15:00:00,3.18953,0,0.01949,0,0,0,0,0.00078,0.22461,0.67602,0.8563,0.96802,0.00899,0.10004,0.37083,0,0,0,0,0,0,0.41918,1.27037,0.07108,0.30685,0.01276,1.88961,0.09365,0.01176,0.03007,0.19614,0.85559,1.45082,1.59539,0,1.86858,0,0.10004,0.09365,1.45082,1.59539,0.37083,0.29173,0.41918,0.40952,1.86858,0.03466,0.23729
2026-06-19 16:00:00,3.18141,0,0.01947,0,0,0,0,0.00078,0.22437,0.66627,0.85031,0.97308,0.00899,0.10004,0.37049,0,0,0,0,0,0,0.41857,1.26376,0.07087,0.30501,0.01276,1.88098,0.09366,0.01172,0.03,0.19602,0.85343,1.45075,1.59294,0,1.86936,0,0.10004,0.09366,1.45075,1.59294,0.37049,0.2912,0.41857,0.40875,1.86936,0.03463,0.23656
2026-06-19 17:00:00,3.1733,0,0.01945,0,0,0,0,0.00078,0.22413,0.65669,0.84165,0.97663,0.00898,0.10005,0.37015,0,0,0,0,0,0,0.418,1.25809,0.07066,0.30316,0.01277,1.87234,0.09368,0.01168,0.02994,0.19592,0.85129,1.45072,1.58794,0,1.87008,0,0.10005,0.09368,1.45072,1.58794,0.37015,0.29068,0.418,0.408,1.87008,0.03461,0.23612
2026-06-19 18:00:00,3.16518,0,0.01943,0,0,0,0,0.00078,0.22388,0.64968,0.83159,0.97754,0.00898,0.10005,0.36982,0,0,0,0,0,0,0.41743,1.25254,0.07045,0.30132,0.01277,1.86371,0.09369,0.01164,0.02987,0.19582,0.84914,1.4507,1.58037,0,1.87076,0,0.10005,0.09369,1.4507,1.58037,0.36982,0.29018,0.41743,0.40725,1.87076,0.03459,0.23583
2026-06-19 19:00:00,3.16375,0,0.01941,0,0,0,0,0.00077,0.22364,0.63556,0.8209,0.97458,0.00898,0.10007,0.36948,0,0,0,0,0,0,0.41688,1.24684,0.07025,0.30001,0.01277,1.85649,0.0937,0.01171,0.0302,0.19574,0.84799,1.4507,1.57038,0,1.87137,0,0.10007,0.0937,1.4507,1.57038,0.36948,0.28969,0.41688,0.4065,1.87137,0.03458,0.23562
2026-06-19 20:00:00,3.16232,0,0.0194,0,0,0,0,0.00077,0.22339,0.62639,0.81063,0.96787,0.00898,0.10008,0.36915,0,0,0,0,0,0,0.41633,1.24103,0.07004,0.29869,0.01278,1.84926,0.0937,0.01177,0.03052,0.19568,0.84683,1.45069,1.55806,0,1.8719,0,0.10008,0.0937,1.45069,1.55806,0.36915,0.2892,0.41633,0.40576,1.8719,0.03458,0.23546
2026-06-19 21:00:00,3.1609,0,0.01937,0,0,0,0,0.00076,0.22315,0.61272,0.79908,0.95878,0.00898,0.10008,0.36881,0,0,0,0,0,0,0.41581,1.2354,0.06984,0.29738,0.01278,1.84204,0.09372,0.01183,0.03085,0.19564,0.84571,1.45069,1.54454,0,1.87229,0,0.10008,0.09372,1.45069,1.54454,0.36881,0.28874,0.41581,0.40504,1.87229,0.0346,0.23534
2026-06-19 22:00:00,3.15947,0,0.01935,0,0,0,0,0.00076,0.2229,0.6039,0.78687,0.94842,0.00898,0.1001,0.36848,0,0,0,0,0,0,0.41529,1.23045,0.06964,0.29607,0.01279,1.83481,0.09373,0.01188,0.03118,0.19565,0.84462,1.45068,1.53118,0,1.87241,0,0.1001,0.09373,1.45068,1.53118,0.36848,0.28828,0.41529,0.40431,1.87241,0.03466,0.23524
2026-06-19 23:00:00,3.15804,0,0.01933,0,0,0,0,0.00075,0.22265,0.59973,0.77458,0.9377,0.00898,0.10011,0.36817,0,0,0,0,0,0,0.41479,1.22627,0.06943,0.29475,0.01279,1.82758,0.09373,0.01194,0.0315,0.19567,0.84353,1.45068,1.51842,0,1.87216,0,0.10011,0.09373,1.45068,1.51842,0.36817,0.28783,0.41479,0.4036,1.87216,0.03473,0.23516
2026-06-20 00:00:00,3.15661,0,0.01931,0,0,0,0,0.00076,0.2224,0.59549,0.7622,0.92659,0.00898,0.10013,0.36784,0,0,0,0,0,0,0.41429,1.22261,0.06923,0.29344,0.0128,1.82036,0.09375,0.012,0.03183,0.1957,0.84245,1.45067,1.50637,0,1.8714,0,0.10013,0.09375,1.45067,1.50637,0.36784,0.28739,0.41429,0.40289,1.8714,0.03479,0.23509
2026-06-20 01:00:00,3.14848,0,0.01929,0,0,0,0,0.00076,0.22215,0.60047,0.7525,0.91461,0.00898,0.10014,0.36751,0,0,0,0,0,0,0.41381,1.21932,0.06904,0.29252,0.01327,1.81652,0.09376,0.0119,0.03102,0.19572,0.83969,1.45067,1.49502,0,1.86998,0,0.10014,0.09376,1.45067,1.49502,0.36751,0.28696,0.41381,0.40219,1.86998,0.03483,0.23504
2026-06-20 02:00:00,3.14034,0,0.01928,0,0,0,0,0.00075,0.2219,0.60519,0.74557,0.90218,0.00898,0.10016,0.36719,0,0,0,0,0,0,0.41334,1.21628,0.06884,0.2916,0.01328,1.81268,0.09381,0.0118,0.03068,0.19572,0.83689,1.45066,1.48437,0,1.86782,0,0.10016,0.09381,1.45066,1.48437,0.36719,0.28654,0.41334,0.40149,1.86782,0.03483,0.23499
2026-06-20 03:00:00,3.13221,0,0.01925,0,0,0,0,0.00075,0.22165,0.61395,0.74186,0.88958,0.00898,0.10018,0.36687,0,0,0,0,0,0,0.41288,1.21354,0.06865,0.29068,0.01328,1.80885,0.09389,0.0117,0.03034,0.19573,0.83408,1.45065,1.47436,0,1.86489,0,0.10018,0.09389,1.45065,1.47436,0.36687,0.28613,0.41288,0.4008,1.86489,0.03482,0.23495
2026-06-20 04:00:00,3.12407,0,0.01923,0,0,0,0,0.00075,0.2214,0.6181,0.7425,0.878,0.00898,0.10019,0.36656,0,0,0,0,0,0,0.41242,1.21121,0.06846,0.28976,0.01329,1.80501,0.09395,0.01159,0.03,0.19569,0.83121,1.45064,1.46497,0,1.86116,0,0.10019,0.09395,1.45064,1.46497,0.36656,0.28571,0.41242,0.40013,1.86116,0.03476,0.23491
2026-06-20 05:00:00,3.11593,0,0.01921,0,0,0,0,0.00075,0.22116,0.62202,0.74583,0.8688,0.00897,0.10021,0.36624,0,0,0,0,0,0,0.41198,1.2093,0.06826,0.28884,0.01329,1.80117,0.09401,0.01149,0.02966,0.19564,0.82833,1.45064,1.45615,0,1.85672,0,0.10021,0.09401,1.45064,1.45615,0.36624,0.2853,0.41198,0.39946,1.85672,0.03468,0.23488
2026-06-20 06:00:00,3.1078,0,0.01919,0,0,0,0,0.00074,0.22092,0.62364,0.75052,0.86247,0.00897,0.10023,0.36592,0,0,0,0,0,0,0.41155,1.20769,0.06807,0.28792,0.01329,1.79733,0.09407,0.01139,0.02932,0.19559,0.82546,1.45063,1.44789,0,1.8516,0,0.10023,0.09407,1.45063,1.44789,0.36592,0.28491,0.41155,0.39881,1.8516,0.03461,0.23485
2026-06-20 07:00:00,3.09314,0,0.01917,0,0,0,0,0.00074,0.22067,0.62319,0.75471,0.85975,0.00897,0.10025,0.3656,0,0,0,0,0,0,0.41112,1.20629,0.06788,0.28617,0.0133,1.79253,0.0941,0.01134,0.02928,0.19554,0.82266,1.45063,1.44013,0,1.84589,0,0.10025,0.0941,1.45063,1.44013,0.3656,0.28452,0.41112,0.39817,1.84589,0.03456,0.23483
2026-06-20 08:00:00,3.07849,0,0.01916,0,0,0,0,0.00073,0.22043,0.62267,0.758,0.86056,0.00897,0.10026,0.36528,0,0,0,0,0,0,0.41068,1.20502,0.0677,0.28442,0.0133,1.78773,0.09414,0.01129,0.02924,0.1955,0.81989,1.45062,1.43286,0,1.83969,0,0.10026,0.09414,1.45062,1.43286,0.36528,0.28414,0.41068,0.39754,1.83969,0.03454,0.2348
2026-06-20 09:00:00,3.06383,0,0.01914,0,0,0,0,0.00073,0.2202,0.62207,0.75962,0.8637,0.00897,0.10028,0.36497,0,0,0,0,0,0,0.41027,1.20352,0.06751,0.28267,0.01331,1.78293,0.09417,0.01126,0.0292,0.19544,0.81713,1.45061,1.42604,0,1.83308,0,0.10028,0.09417,1.45061,1.42604,0.36497,0.28376,0.41027,0.39691,1.83308,0.03452,0.23478
2026-06-20 10:00:00,3.04917,0,0.01913,0,0,0,0,0.00072,0.21995,0.62145,0.75995,0.86766,0.00897,0.10031,0.36466,0,0,0,0,0,0,0.40986,1.20111,0.06732,0.28091,0.01331,1.77813,0.0942,0.01121,0.02915,0.19536,0.81435,1.45061,1.41965,0,1.82612,0,0.10031,0.0942,1.45061,1.41965,0.36466,0.28339,0.40986,0.3963,1.82612,0.03449,0.23476
2026-06-20 11:00:00,3.03452,0,0.01912,0,0,0,0,0.00072,0.21971,0.61887,0.75943,0.87121,0.00897,0.10033,0.36435,0,0,0,0,0,0,0.40945,1.19774,0.06714,0.27916,0.01332,1.77333,0.09422,0.01116,0.02911,0.19527,0.81158,1.4506,1.41366,0,1.81891,0,0.10033,0.09422,1.4506,1.41366,0.36435,0.28302,0.40945,0.3957,1.81891,0.03447,0.23475
2026-06-20 12:00:00,3.01986,0,0.01911,0,0,0,0,0.00071,0.21947,0.61444,0.75857,0.87366,0.00897,0.10034,0.36404,0,0,0,0,0,0,0.40906,1.19348,0.06695,0.27741,0.01332,1.76853,0.09424,0.01111,0.02907,0.19519,0.80882,1.4506,1.40806,0,1.81153,0,0.10034,0.09424,1.4506,1.40806,0.36404,0.28265,0.40906,0.3951,1.81153,0.03446,0.23428
2026-06-20 13:00:00,3.00869,0,0.0191,0,0,0,0,0.00071,0.21923,0.6083,0.75683,0.87469,0.00897,0.10037,0.36372,0,0,0,0,0,0,0.40867,1.18872,0.06676,0.27489,0.01333,1.76025,0.09426,0.01108,0.02903,0.19512,0.80615,1.45059,1.4028,0,1.80401,0,0.10037,0.09426,1.45059,1.4028,0.36372,0.28228,0.40867,0.39452,1.80401,0.03445,0.23365
2026-06-20 14:00:00,2.99752,0,0.0191,0,0,0,0,0.00071,0.21899,0.6003,0.75358,0.87458,0.00897,0.10039,0.36341,0,0,0,0,0,0,0.40829,1.1838,0.06657,0.27237,0.01333,1.75196,0.09427,0.01104,0.02899,0.19504,0.80348,1.45059,1.39789,0,1.79644,0,0.10039,0.09427,1.45059,1.39789,0.36341,0.28193,0.40829,0.39394,1.79644,0.03444,0.22938
2026-06-20 15:00:00,2.98635,0,0.01908,0,0,0,0,0.0007,0.21874,0.59235,0.74873,0.87377,0.00897,0.1004,0.36311,0,0,0,0,0,0,0.40789,1.17851,0.06639,0.26986,0.01334,1.74368,0.0943,0.01101,0.02895,0.19497,0.80081,1.45058,1.39329,0,1.78886,0,0.1004,0.0943,1.45058,1.39329,0.36311,0.28158,0.40789,0.39338,1.78886,0.03443,0.22796
2026-06-20 16:00:00,2.97519,0,0.01907,0,0,0,0,0.0007,0.2185,0.58444,0.74203,0.87233,0.00896,0.10043,0.3628,0,0,0,0,0,0,0.40752,1.17285,0.0662,0.26734,0.01334,1.73539,0.09431,0.01097,0.0289,0.19491,0.79812,1.45058,1.38898,0,1.7813,0,0.10043,0.09431,1.45058,1.38898,0.3628,0.28123,0.40752,0.39281,1.7813,0.03442,0.22724
2026-06-20 17:00:00,2.96402,0,0.01905,0,0,0,0,0.0007,0.21826,0.57657,0.73416,0.8698,0.00896,0.10045,0.36249,0,0,0,0,0,0,0.40715,1.16686,0.06601,0.26482,0.01334,1.72711,0.09432,0.01094,0.02886,0.19484,0.79546,1.45057,1.38495,0,1.77383,0,0.10045,0.09432,1.45057,1.38495,0.36249,0.28089,0.40715,0.39226,1.77383,0.03441,0.22682
2026-06-20 18:00:00,2.95285,0,0.01904,0,0,0,0,0.0007,0.21802,0.57055,0.72563,0.86581,0.00896,0.10048,0.36218,0,0,0,0,0,0,0.40678,1.16064,0.06582,0.2623,0.01335,1.71882,0.09434,0.0109,0.02882,0.19478,0.79278,1.45057,1.38119,0,1.76645,0,0.10048,0.09434,1.45057,1.38119,0.36218,0.28055,0.40678,0.39171,1.76645,0.0344,0.22653
2026-06-20 19:00:00,2.95486,0,0.01902,0,0,0,0,0.00069,0.21777,0.55925,0.7168,0.86014,0.00896,0.10049,0.36186,0,0,0,0,0,0,0.40641,1.15427,0.06564,0.26118,0.01335,1.71092,0.09435,0.01087,0.02879,0.19472,0.791,1.45056,1.37768,0,1.7592,0,0.10049,0.09435,1.45056,1.37768,0.36186,0.28021,0.40641,0.39117,1.7592,0.03439,0.22633
2026-06-20 20:00:00,2.95687,0,0.01901,0,0,0,0,0.00069,0.21753,0.55158,0.70827,0.85294,0.00896,0.10052,0.36156,0,0,0,0,0,0,0.40605,1.14779,0.06545,0.26007,0.01336,1.70302,0.09436,0.01084,0.02876,0.19467,0.78922,1.45056,1.3744,0,1.7521,0,0.10052,0.09436,1.45056,1.3744,0.36156,0.27988,0.40605,0.39064,1.7521,0.03438,0.22618
2026-06-20 21:00:00,2.95889,0,0.01899,0,0,0,0,0.00068,0.21728,0.54047,0.69878,0.8447,0.00896,0.10054,0.36125,0,0,0,0,0,0,0.4057,1.14141,0.06527,0.25895,0.01336,1.69513,0.09437,0.01081,0.02873,0.19463,0.78745,1.45054,1.37134,0,1.74518,0,0.10054,0.09437,1.45054,1.37134,0.36125,0.27955,0.4057,0.39011,1.74518,0.03438,0.22606
2026-06-20 22:00:00,2.9609,0,0.01897,0,0,0,0,0.00068,0.21704,0.53293,0.68878,0.83588,0.00896,0.10056,0.36095,0,0,0,0,0,0,0.40535,1.1355,0.06508,0.25783,0.01337,1.68723,0.09438,0.01077,0.0287,0.19457,0.78565,1.45054,1.36849,0,1.73843,0,0.10056,0.09438,1.45054,1.36849,0.36095,0.27921,0.40535,0.38959,1.73843,0.03436,0.22596
2026-06-20 23:00:00,2.96291,0,0.01895,0,0,0,0,0.00067,0.21679,0.52902,0.67873,0.82693,0.00896,0.10059,0.36064,0,0,0,0,0,0,0.40499,1.13018,0.0649,0.25672,0.01337,1.67933,0.09439,0.01074,0.02867,0.19452,0.78387,1.45053,1.36583,0,1.73189,0,0.10059,0.09439,1.45053,1.36583,0.36064,0.27888,0.40499,0.38908,1.73189,0.03435,0.22588
2026-06-21 00:00:00,2.96492,0,0.01893,0,0,0,0,0.00068,0.21655,0.5251,0.66854,0.8177,0.00896,0.10061,0.36033,0,0,0,0,0,0,0.40464,1.12526,0.06471,0.2556,0.01338,1.67143,0.0944,0.01072,0.02864,0.19447,0.78209,1.45053,1.3632,0,1.72555,0,0.10061,0.0944,1.45053,1.3632,0.36033,0.27855,0.40464,0.38857,1.72555,0.03434,0.22582
2026-06-21 01:00:00,2.96002,0,0.01892,0,0,0,0,0.00067,0.2163,0.52884,0.66042,0.80784,0.00896,0.10064,0.36002,0,0,0,0,0,0,0.4043,1.12063,0.06454,0.25606,0.01385,1.66804,0.0944,0.01069,0.02815,0.19442,0.77988,1.45052,1.36074,0,1.71942,0,0.10064,0.0944,1.45052,1.36074,0.36002,0.27822,0.4043,0.38807,1.71942,0.03433,0.22576
2026-06-21 02:00:00,2.95512,0,0.0189,0,0,0,0,0.00067,0.21606,0.53249,0.65449,0.79762,0.00896,0.10066,0.35972,0,0,0,0,0,0,0.40395,1.11618,0.06436,0.25652,0.01386,1.66466,0.09445,0.01066,0.02813,0.19439,0.77768,1.45052,1.35846,0,1.71351,0,0.10066,0.09445,1.45052,1.35846,0.35972,0.2779,0.40395,0.38758,1.71351,0.03433,0.22572
2026-06-21 03:00:00,2.95023,0,0.01888,0,0,0,0,0.00067,0.21582,0.53948,0.6512,0.78726,0.00895,0.10068,0.35941,0,0,0,0,0,0,0.4036,1.11208,0.06419,0.25698,0.01386,1.66127,0.09454,0.01064,0.02811,0.19434,0.77549,1.45051,1.35634,0,1.70782,0,0.10068,0.09454,1.45051,1.35634,0.35941,0.27758,0.4036,0.38709,1.70782,0.03432,0.22568
2026-06-21 04:00:00,2.94533,0,0.01886,0,0,0,0,0.00066,0.21557,0.54289,0.65156,0.77764,0.00895,0.10071,0.35911,0,0,0,0,0,0,0.40326,1.10879,0.06401,0.25743,0.01387,1.65788,0.0946,0.01061,0.02809,0.1943,0.77328,1.45051,1.35439,0,1.70234,0,0.10071,0.0946,1.45051,1.35439,0.35911,0.27727,0.40326,0.38661,1.70234,0.03431,0.22564
2026-06-21 05:00:00,2.94043,0,0.01884,0,0,0,0,0.00066,0.21533,0.54626,0.65419,0.76988,0.00895,0.10073,0.3588,0,0,0,0,0,0,0.40293,1.1064,0.06383,0.25789,0.01387,1.6545,0.09466,0.01058,0.02807,0.19425,0.77106,1.4505,1.35259,0,1.69708,0,0.10073,0.09466,1.4505,1.35259,0.3588,0.27695,0.40293,0.38613,1.69708,0.03429,0.22561
2026-06-21 06:00:00,2.93553,0,0.01882,0,0,0,0,0.00066,0.21509,0.54784,0.65804,0.76441,0.00895,0.10075,0.35849,0,0,0,0,0,0,0.40259,1.10464,0.06366,0.25835,0.01387,1.65111,0.09471,0.01055,0.02805,0.1942,0.76885,1.4505,1.35093,0,1.69204,0,0.10075,0.09471,1.4505,1.35093,0.35849,0.27664,0.40259,0.38566,1.69204,0.03428,0.22558
2026-06-21 07:00:00,2.92226,0,0.0188,0,0,0,0,0.00066,0.21485,0.54877,0.66163,0.76193,0.00895,0.10078,0.3582,0,0,0,0,0,0,0.40226,1.1033,0.06349,0.25805,0.01388,1.64841,0.09474,0.01052,0.02803,0.19416,0.76628,1.45049,1.3494,0,1.6872,0,0.10078,0.09474,1.45049,1.3494,0.3582,0.27631,0.40226,0.3852,1.6872,0.03427,0.22556
2026-06-21 08:00:00,2.90899,0,0.01878,0,0,0,0,0.00066,0.2146,0.54964,0.66466,0.76242,0.00895,0.10081,0.35789,0,0,0,0,0,0,0.40193,1.10226,0.06332,0.25775,0.01388,1.64571,0.09479,0.0105,0.02801,0.19414,0.76373,1.45049,1.348,0,1.68256,0,0.10081,0.09479,1.45049,1.348,0.35789,0.276,0.40193,0.38475,1.68256,0.03427,0.22553
2026-06-21 09:00:00,2.89573,0,0.01876,0,0,0,0,0.00066,0.21436,0.55058,0.66666,0.76489,0.00895,0.10082,0.35758,0,0,0,0,0,0,0.4016,1.1012,0.06316,0.25746,0.01389,1.64301,0.09482,0.01047,0.02799,0.1941,0.76117,1.45047,1.34671,0,1.67813,0,0.10082,0.09482,1.45047,1.34671,0.35758,0.27569,0.4016,0.38431,1.67813,0.03426,0.22551
2026-06-21 10:00:00,2.88246,0,0.01874,0,0,0,0,0.00066,0.21411,0.55149,0.66807,0.76815,0.00895,0.10085,0.35727,0,0,0,0,0,0,0.40126,1.09951,0.06299,0.25716,0.01389,1.6403,0.09485,0.01044,0.02796,0.19406,0.75859,1.45047,1.34553,0,1.67389,0,0.10085,0.09485,1.45047,1.34553,0.35727,0.27538,0.40126,0.38388,1.67389,0.03425,0.2255
2026-06-21 11:00:00,2.86919,0,0.01872,0,0,0,0,0.00066,0.21388,0.55071,0.66906,0.77124,0.00895,0.10088,0.35697,0,0,0,0,0,0,0.40094,1.09702,0.06282,0.25686,0.0139,1.6376,0.09487,0.01042,0.02794,0.19402,0.75603,1.45046,1.34445,0,1.66984,0,0.10088,0.09487,1.45046,1.34445,0.35697,0.27507,0.40094,0.38345,1.66984,0.03424,0.22548
2026-06-21 12:00:00,2.85592,0,0.0187,0,0,0,0,0.00066,0.21364,0.54824,0.66991,0.77366,0.00895,0.1009,0.35667,0,0,0,0,0,0,0.40061,1.09406,0.06265,0.25656,0.0139,1.6349,0.0949,0.01039,0.02792,0.19397,0.75345,1.45046,1.34347,0,1.66599,0,0.1009,0.0949,1.45046,1.34347,0.35667,0.27477,0.40061,0.38302,1.66599,0.03422,0.22507
2026-06-21 13:00:00,2.84873,0,0.01869,0,0,0,0,0.00065,0.2134,0.54434,0.6701,0.77529,0.00895,0.10092,0.35637,0,0,0,0,0,0,0.40029,1.09073,0.06248,0.25536,0.01391,1.62917,0.09492,0.01036,0.0279,0.19394,0.75067,1.45045,1.34258,0,1.66232,0,0.10092,0.09492,1.45045,1.34258,0.35637,0.27446,0.40029,0.3826,1.66232,0.03422,0.2246
2026-06-21 14:00:00,2.84154,0,0.01867,0,0,0,0,0.00065,0.21315,0.53876,0.669,0.77636,0.00894,0.10095,0.35606,0,0,0,0,0,0,0.39996,1.08705,0.06231,0.25417,0.01391,1.62345,0.09493,0.01034,0.02788,0.19391,0.74788,1.45045,1.34177,0,1.65882,0,0.10095,0.09493,1.45045,1.34177,0.35606,0.27416,0.39996,0.38219,1.65882,0.03421,0.22051
2026-06-21 15:00:00,2.83436,0,0.01866,0,0,0,0,0.00064,0.2129,0.53319,0.66653,0.77709,0.00894,0.10098,0.35575,0,0,0,0,0,0,0.39965,1.08308,0.06215,0.25297,0.01392,1.61772,0.09495,0.01032,0.02786,0.19387,0.7451,1.45044,1.34103,0,1.6555,0,0.10098,0.09495,1.45044,1.34103,0.35575,0.27385,0.39965,0.38178,1.6555,0.0342,0.21915
2026-06-21 16:00:00,2.82717,0,0.01865,0,0,0,0,0.00064,0.21266,0.52762,0.66243,0.77744,0.00894,0.101,0.35545,0,0,0,0,0,0,0.39933,1.07862,0.06198,0.25177,0.01392,1.61199,0.09497,0.01029,0.02783,0.19383,0.7423,1.45043,1.34038,0,1.65235,0,0.101,0.09497,1.45043,1.34038,0.35545,0.27354,0.39933,0.38137,1.65235,0.03419,0.21847
2026-06-21 17:00:00,2.81998,0,0.01864,0,0,0,0,0.00063,0.21241,0.52208,0.65729,0.77692,0.00894,0.10102,0.35514,0,0,0,0,0,0,0.39901,1.07366,0.06181,0.25058,0.01392,1.60627,0.09498,0.01026,0.02781,0.19379,0.73951,1.45043,1.33979,0,1.64935,0,0.10102,0.09498,1.45043,1.33979,0.35514,0.27324,0.39901,0.38097,1.64935,0.03418,0.21806
2026-06-21 18:00:00,2.81279,0,0.01863,0,0,0,0,0.00063,0.21216,0.51816,0.65155,0.77516,0.00894,0.10105,0.35485,0,0,0,0,0,0,0.39869,1.06834,0.06164,0.24938,0.01393,1.60054,0.09499,0.01023,0.02779,0.19376,0.73672,1.45042,1.33927,0,1.64652,0,0.10105,0.09499,1.45042,1.33927,0.35485,0.27293,0.39869,0.38058,1.64652,0.03417,0.21779
2026-06-21 19:00:00,2.81785,0,0.01862,0,0,0,0,0.00063,0.2119,0.50928,0.64553,0.77196,0.00894,0.10107,0.35454,0,0,0,0,0,0,0.39837,1.06278,0.06147,0.24936,0.01393,1.59454,0.09499,0.01021,0.02777,0.19372,0.7339,1.45042,1.33881,0,1.64384,0,0.10107,0.09499,1.45042,1.33881,0.35454,0.27263,0.39837,0.38019,1.64384,0.03416,0.2176
2026-06-21 20:00:00,2.82292,0,0.01861,0,0,0,0,0.00062,0.21165,0.50367,0.63978,0.76741,0.00894,0.1011,0.35424,0,0,0,0,0,0,0.39805,1.05706,0.0613,0.24935,0.01394,1.58854,0.095,0.01018,0.02775,0.19368,0.73107,1.45041,1.33841,0,1.6413,0,0.1011,0.095,1.45041,1.33841,0.35424,0.27233,0.39805,0.3798,1.6413,0.03415,0.21745
2026-06-21 21:00:00,2.82799,0,0.0186,0,0,0,0,0.00062,0.2114,0.49489,0.6331,0.76192,0.00894,0.10112,0.35393,0,0,0,0,0,0,0.39774,1.05137,0.06114,0.24934,0.01394,1.58254,0.09502,0.01016,0.02773,0.19366,0.72827,1.45041,1.33806,0,1.6389,0,0.10112,0.09502,1.45041,1.33806,0.35393,0.27203,0.39774,0.37941,1.6389,0.03415,0.21734
2026-06-21 22:00:00,2.83305,0,0.01858,0,0,0,0,0.00062,0.21116,0.48935,0.62589,0.75591,0.00894,0.10115,0.35363,0,0,0,0,0,0,0.39742,1.04617,0.06097,0.24932,0.01395,1.57654,0.09503,0.01013,0.02771,0.19361,0.72543,1.4504,1.33776,0,1.63664,0,0.10115,0.09503,1.4504,1.33776,0.35363,0.27173,0.39742,0.37903,1.63664,0.03413,0.21725
2026-06-21 23:00:00,2.83811,0,0.01857,0,0,0,0,0.00062,0.21092,0.48714,0.61861,0.74978,0.00894,0.10117,0.35333,0,0,0,0,0,0,0.3971,1.04159,0.0608,0.24931,0.01395,1.57054,0.09503,0.01011,0.02769,0.19358,0.72261,1.4504,1.33751,0,1.63449,0,0.10117,0.09503,1.4504,1.33751,0.35333,0.27143,0.3971,0.37865,1.63449,0.03412,0.21717
2026-06-22 00:00:00,2.84318,0,0.01855,0,0,0,0,0.00061,0.21067,0.48492,0.61135,0.74338,0.00894,0.1012,0.35302,0,0,0,0,0,0,0.39679,1.03746,0.06063,0.24929,0.01396,1.56454,0.09504,0.01008,0.02767,0.19354,0.71978,1.45039,1.3373,0,1.63248,0,0.1012,0.09504,1.45039,1.3373,0.35302,0.27114,0.39679,0.37826,1.63248,0.03411,0.21711
2026-06-22 01:00:00,2.83926,0,0.01854,0,0,0,0,0.00062,0.21042,0.48996,0.60679,0.73632,0.00893,0.10122,0.35272,0,0,0,0,0,0,0.39648,1.03364,0.06047,0.25036,0.01443,1.56285,0.09505,0.01005,0.02717,0.1935,0.71664,1.45039,1.33714,0,1.63058,0,0.10122,0.09505,1.45039,1.33714,0.35272,0.27084,0.39648,0.3779,1.63058,0.0341,0.21706
2026-06-22 02:00:00,2.83535,0,0.01852,0,0,0,0,0.00062,0.21018,0.49494,0.60345,0.72891,0.00893,0.10125,0.35241,0,0,0,0,0,0,0.39616,1.03002,0.06031,0.25144,0.01444,1.56117,0.0951,0.01003,0.02715,0.19348,0.71353,1.45038,1.33701,0,1.62878,0,0.10125,0.0951,1.45038,1.33701,0.35241,0.27053,0.39616,0.37752,1.62878,0.0341,0.21701
2026-06-22 03:00:00,2.83143,0,0.01851,0,0,0,0,0.00061,0.20994,0.50309,0.60189,0.7214,0.00893,0.10127,0.35211,0,0,0,0,0,0,0.39586,1.02678,0.06016,0.25252,0.01444,1.55948,0.09519,0.01,0.02713,0.19344,0.71039,1.45037,1.33692,0,1.6271,0,0.10127,0.09519,1.45037,1.33692,0.35211,0.27023,0.39586,0.37715,1.6271,0.03409,0.21697
2026-06-22 04:00:00,2.82751,0,0.01849,0,0,0,0,0.0006,0.20969,0.50794,0.60329,0.71496,0.00893,0.1013,0.35181,0,0,0,0,0,0,0.39555,1.02454,0.06,0.25359,0.01444,1.55779,0.09525,0.00998,0.02711,0.1934,0.70725,1.45036,1.33686,0,1.62552,0,0.1013,0.09525,1.45036,1.33686,0.35181,0.26994,0.39555,0.37679,1.62552,0.03408,0.21694
2026-06-22 05:00:00,2.8236,0,0.01847,0,0,0,0,0.0006,0.20945,0.51281,0.60675,0.71031,0.00893,0.10132,0.35151,0,0,0,0,0,0,0.39522,1.02346,0.05984,0.25467,0.01445,1.55611,0.09532,0.00996,0.02709,0.19336,0.70412,1.45036,1.33684,0,1.62403,0,0.10132,0.09532,1.45036,1.33684,0.35151,0.26964,0.39522,0.37642,1.62403,0.03406,0.21691
2026-06-22 06:00:00,2.81968,0,0.01845,0,0,0,0,0.00059,0.20921,0.51603,0.6116,0.70722,0.00893,0.10134,0.3512,0,0,0,0,0,0,0.39491,1.02319,0.05968,0.25574,0.01445,1.55442,0.09536,0.00993,0.02707,0.19332,0.70098,1.45035,1.33684,0,1.62263,0,0.10134,0.09536,1.45035,1.33684,0.3512,0.26935,0.39491,0.37606,1.62263,0.03405,0.21688
2026-06-22 07:00:00,2.80685,0,0.01843,0,0,0,0,0.00059,0.20896,0.51855,0.61741,0.70633,0.00893,0.10137,0.3509,0,0,0,0,0,0,0.39461,1.02348,0.05953,0.25572,0.01446,1.55334,0.0954,0.00991,0.02705,0.19329,0.69835,1.45035,1.33687,0,1.62133,0,0.10137,0.0954,1.45035,1.33687,0.3509,0.26905,0.39461,0.37572,1.62133,0.03404,0.21686
2026-06-22 08:00:00,2.79401,0,0.01841,0,0,0,0,0.00059,0.20872,0.52103,0.62282,0.7079,0.00893,0.1014,0.35059,0,0,0,0,0,0,0.3943,1.02415,0.05938,0.25571,0.01446,1.55226,0.09544,0.00988,0.02703,0.19326,0.69572,1.45034,1.33693,0,1.6201,0,0.1014,0.09544,1.45034,1.33693,0.35059,0.26875,0.3943,0.37537,1.6201,0.03404,0.21684
2026-06-22 09:00:00,2.78118,0,0.0184,0,0,0,0,0.00058,0.20847,0.52358,0.62698,0.71133,0.00893,0.10143,0.35029,0,0,0,0,0,0,0.39398,1.02478,0.05923,0.25569,0.01447,1.55118,0.09547,0.00986,0.02701,0.19322,0.69309,1.45034,1.33702,0,1.61896,0,0.10143,0.09547,1.45034,1.33702,0.35029,0.26846,0.39398,0.37503,1.61896,0.03403,0.21682
2026-06-22 10:00:00,2.76835,0,0.01837,0,0,0,0,0.00058,0.20823,0.52612,0.63039,0.71608,0.00893,0.10144,0.34999,0,0,0,0,0,0,0.39368,1.02447,0.05908,0.25567,0.01447,1.5501,0.0955,0.00984,0.02699,0.19319,0.69045,1.45033,1.33713,0,1.6179,0,0.10144,0.0955,1.45033,1.33713,0.34999,0.26816,0.39368,0.37469,1.6179,0.03402,0.2168
2026-06-22 11:00:00,2.75551,0,0.01835,0,0,0,0,0.00058,0.20799,0.52705,0.63331,0.72132,0.00893,0.10147,0.34969,0,0,0,0,0,0,0.39337,1.02293,0.05893,0.25566,0.01448,1.54902,0.09552,0.00981,0.02697,0.19316,0.68781,1.45033,1.33725,0,1.61691,0,0.10147,0.09552,1.45033,1.33725,0.34969,0.26786,0.39337,0.37435,1.61691,0.03401,0.21678
2026-06-22 12:00:00,2.74268,0,0.01834,0,0,0,0,0.00058,0.20775,0.52635,0.63607,0.726,0.00892,0.1015,0.34938,0,0,0,0,0,0,0.39306,1.0204,0.05878,0.25564,0.01448,1.54794,0.09554,0.00979,0.02695,0.19313,0.68518,1.45032,1.3374,0,1.61599,0,0.1015,0.09554,1.45032,1.3374,0.34938,0.26756,0.39306,0.37402,1.61599,0.034,0.21641
2026-06-22 13:00:00,2.73944,0,0.01832,0,0,0,0,0.00058,0.20752,0.52338,0.63815,0.72975,0.00892,0.10152,0.34908,0,0,0,0,0,0,0.39275,1.01726,0.05863,0.25456,0.01449,1.54246,0.09556,0.00976,0.02693,0.19309,0.68261,1.45032,1.33756,0,1.61513,0,0.10152,0.09556,1.45032,1.33756,0.34908,0.26727,0.39275,0.37369,1.61513,0.03399,0.216
2026-06-22 14:00:00,2.73619,0,0.0183,0,0,0,0,0.00058,0.20728,0.51878,0.63893,0.73284,0.00892,0.10155,0.34877,0,0,0,0,0,0,0.39244,1.01369,0.05847,0.25348,0.01449,1.53698,0.09558,0.00974,0.02691,0.19306,0.68005,1.4503,1.33775,0,1.61432,0,0.10155,0.09558,1.4503,1.33775,0.34877,0.26698,0.39244,0.37337,1.61432,0.03398,0.2121
2026-06-22 15:00:00,2.73295,0,0.01828,0,0,0,0,0.00058,0.20703,0.51418,0.63813,0.73552,0.00892,0.10158,0.34848,0,0,0,0,0,0,0.39213,1.00976,0.05832,0.25239,0.01449,1.5315,0.09559,0.00971,0.02689,0.19303,0.67748,1.4503,1.33795,0,1.61359,0,0.10158,0.09559,1.4503,1.33795,0.34848,0.26668,0.39213,0.37305,1.61359,0.03397,0.21079
2026-06-22 16:00:00,2.72971,0,0.01826,0,0,0,0,0.00058,0.20679,0.50957,0.6354,0.73777,0.00892,0.1016,0.34817,0,0,0,0,0,0,0.39183,1.00536,0.05817,0.25131,0.0145,1.52602,0.09561,0.00968,0.02687,0.193,0.67491,1.45029,1.33817,0,1.61291,0,0.1016,0.09561,1.45029,1.33817,0.34817,0.26639,0.39183,0.37272,1.61291,0.03396,0.21014
2026-06-22 17:00:00,2.72646,0,0.01824,0,0,0,0,0.00058,0.20654,0.50496,0.63146,0.73915,0.00892,0.10162,0.34787,0,0,0,0,0,0,0.39151,1.0005,0.05801,0.25023,0.0145,1.52054,0.09562,0.00966,0.02685,0.19297,0.67235,1.45029,1.3384,0,1.61227,0,0.10162,0.09562,1.45029,1.3384,0.34787,0.26609,0.39151,0.3724,1.61227,0.03395,0.20975
2026-06-22 18:00:00,2.72322,0,0.01822,0,0,0,0,0.00058,0.2063,0.50191,0.62685,0.7392,0.00892,0.10165,0.34756,0,0,0,0,0,0,0.39121,0.99531,0.05786,0.24915,0.01451,1.51506,0.09563,0.00964,0.02683,0.19293,0.66978,1.45028,1.33865,0,1.61169,0,0.10165,0.09563,1.45028,1.33865,0.34756,0.2658,0.39121,0.37207,1.61169,0.03394,0.20949
2026-06-22 19:00:00,2.72918,0,0.0182,0,0,0,0,0.00057,0.20605,0.4936,0.62189,0.73758,0.00892,0.10168,0.34726,0,0,0,0,0,0,0.3909,0.98991,0.05771,0.24935,0.01451,1.50988,0.09565,0.00962,0.02681,0.1929,0.6673,1.45028,1.33891,0,1.61116,0,0.10168,0.09565,1.45028,1.33891,0.34726,0.26551,0.3909,0.37175,1.61116,0.03393,0.20931
2026-06-22 20:00:00,2.73514,0,0.01818,0,0,0,0,0.00057,0.20581,0.48846,0.6172,0.73438,0.00892,0.10169,0.34696,0,0,0,0,0,0,0.3906,0.98435,0.05756,0.24956,0.01452,1.50471,0.09566,0.00959,0.02679,0.19287,0.66481,1.45027,1.33918,0,1.61065,0,0.10169,0.09566,1.45027,1.33918,0.34696,0.2652,0.3906,0.37144,1.61065,0.03392,0.20917
2026-06-22 21:00:00,2.7411,0,0.01816,0,0,0,0,0.00056,0.20557,0.48023,0.61153,0.73012,0.00892,0.10172,0.34666,0,0,0,0,0,0,0.39028,0.9789,0.05741,0.24976,0.01452,1.49953,0.09567,0.00957,0.02677,0.19284,0.66234,1.45026,1.33947,0,1.6102,0,0.10172,0.09567,1.45026,1.33947,0.34666,0.26491,0.39028,0.37111,1.6102,0.03392,0.20906
2026-06-22 22:00:00,2.74706,0,0.01814,0,0,0,0,0.00056,0.20532,0.47515,0.60581,0.72523,0.00892,0.10175,0.34635,0,0,0,0,0,0,0.38998,0.97425,0.05725,0.24996,0.01453,1.49435,0.09568,0.00955,0.02675,0.19281,0.65985,1.45026,1.33976,0,1.60979,0,0.10175,0.09568,1.45026,1.33976,0.34635,0.26462,0.38998,0.3708,1.60979,0.03391,0.20897
2026-06-22 23:00:00,2.75302,0,0.01812,0,0,0,0,0.00055,0.20508,0.47329,0.60035,0.72018,0.00891,0.10178,0.34605,0,0,0,0,0,0,0.38967,0.97066,0.0571,0.25017,0.01453,1.48918,0.09569,0.00952,0.02673,0.19276,0.65735,1.45025,1.34006,0,1.6094,0,0.10178,0.09569,1.45025,1.34006,0.34605,0.26433,0.38967,0.37048,1.6094,0.03389,0.2089
2026-06-23 00:00:00,2.75898,0,0.0181,0,0,0,0,0.00055,0.20484,0.47143,0.59432,0.71483,0.00891,0.1018,0.34574,0,0,0,0,0,0,0.38937,0.96779,0.05695,0.25037,0.01454,1.484,0.0957,0.0095,0.02671,0.19273,0.65487,1.45025,1.34038,0,1.60906,0,0.1018,0.0957,1.45025,1.34038,0.34574,0.26403,0.38937,0.37017,1.60906,0.03388,0.20884
2026-06-23 01:00:00,2.75526,0,0.01808,0,0,0,0,0.00055,0.2046,0.47687,0.58943,0.709,0.00891,0.10182,0.34544,0,0,0,0,0,0,0.38905,0.96544,0.05681,0.25182,0.01501,1.48399,0.0957,0.00947,0.02622,0.19269,0.65207,1.45024,1.3407,0,1.60874,0,0.10182,0.0957,1.45024,1.3407,0.34544,0.26374,0.38905,0.36985,1.60874,0.03387,0.20879
2026-06-23 02:00:00,2.75153,0,0.01806,0,0,0,0,0.00055,0.20436,0.48229,0.58606,0.70317,0.00891,0.10185,0.34514,0,0,0,0,0,0,0.38875,0.96343,0.05667,0.25326,0.01501,1.48398,0.09575,0.00945,0.0262,0.19267,0.64928,1.45024,1.34103,0,1.60845,0,0.10185,0.09575,1.45024,1.34103,0.34514,0.26345,0.38875,0.36954,1.60845,0.03387,0.20875
2026-06-23 03:00:00,2.74781,0,0.01804,0,0,0,0,0.00055,0.20412,0.4908,0.58466,0.69721,0.00891,0.10187,0.34484,0,0,0,0,0,0,0.38845,0.96179,0.05653,0.25471,0.01502,1.48397,0.09584,0.00943,0.02619,0.19264,0.6465,1.45023,1.34137,0,1.6082,0,0.10187,0.09584,1.45023,1.34137,0.34484,0.26315,0.38845,0.36923,1.6082,0.03386,0.20871
2026-06-23 04:00:00,2.74408,0,0.01802,0,0,0,0,0.00055,0.20388,0.49612,0.58628,0.69145,0.00891,0.1019,0.34453,0,0,0,0,0,0,0.38813,0.96086,0.05638,0.25616,0.01502,1.48396,0.0959,0.0094,0.02617,0.1926,0.64369,1.45023,1.34171,0,1.60798,0,0.1019,0.0959,1.45023,1.34171,0.34453,0.26286,0.38813,0.36891,1.60798,0.03385,0.20868
2026-06-23 05:00:00,2.74036,0,0.018,0,0,0,0,0.00054,0.20364,0.50146,0.59012,0.68681,0.00891,0.10193,0.34423,0,0,0,0,0,0,0.38783,0.96075,0.05624,0.2576,0.01503,1.48395,0.09596,0.00938,0.02615,0.19256,0.64088,1.45022,1.34207,0,1.60778,0,0.10193,0.09596,1.45022,1.34207,0.34423,0.26256,0.38783,0.3686,1.60778,0.03383,0.20865
2026-06-23 06:00:00,2.73663,0,0.01798,0,0,0,0,0.00054,0.2034,0.50521,0.59545,0.68378,0.00891,0.10195,0.34392,0,0,0,0,0,0,0.38753,0.96118,0.0561,0.25905,0.01503,1.48394,0.096,0.00935,0.02613,0.19254,0.63808,1.45022,1.34242,0,1.60759,0,0.10195,0.096,1.45022,1.34242,0.34392,0.26227,0.38753,0.3683,1.60759,0.03382,0.20862
2026-06-23 07:00:00,2.72391,0,0.01796,0,0,0,0,0.00054,0.20315,0.50811,0.60101,0.68307,0.00891,0.10197,0.34363,0,0,0,0,0,0,0.38722,0.962,0.05596,0.25902,0.01504,1.48327,0.09605,0.00933,0.02611,0.1925,0.63578,1.45021,1.34279,0,1.60744,0,0.10197,0.09605,1.45021,1.34279,0.34363,0.26198,0.38722,0.36801,1.60744,0.03381,0.2086
2026-06-23 08:00:00,2.7112,0,0.01794,0,0,0,0,0.00053,0.20291,0.51097,0.60631,0.68492,0.00891,0.102,0.34332,0,0,0,0,0,0,0.38691,0.96309,0.05583,0.259,0.01504,1.4826,0.09609,0.00931,0.02609,0.19248,0.63349,1.45021,1.34316,0,1.60731,0,0.102,0.09609,1.45021,1.34316,0.34332,0.26168,0.38691,0.3677,1.60731,0.03381,0.20858
2026-06-23 09:00:00,2.69848,0,0.01793,0,0,0,0,0.00052,0.20267,0.51389,0.61092,0.68876,0.00891,0.10203,0.34302,0,0,0,0,0,0,0.3866,0.96409,0.05569,0.25897,0.01505,1.48193,0.09611,0.0093,0.02608,0.19244,0.6312,1.45019,1.34353,0,1.60719,0,0.10203,0.09611,1.45019,1.34353,0.34302,0.26139,0.3866,0.3674,1.60719,0.0338,0.20856
2026-06-23 10:00:00,2.68576,0,0.01792,0,0,0,0,0.00052,0.20242,0.51682,0.61576,0.69371,0.0089,0.10204,0.34271,0,0,0,0,0,0,0.3863,0.96414,0.05555,0.25894,0.01505,1.48126,0.09614,0.00927,0.02606,0.19241,0.62889,1.45019,1.34391,0,1.6071,0,0.10204,0.09614,1.45019,1.34391,0.34271,0.2611,0.3863,0.36712,1.6071,0.03379,0.20855
2026-06-23 11:00:00,2.67305,0,0.01791,0,0,0,0,0.00051,0.20217,0.51816,0.6196,0.69885,0.0089,0.10207,0.34241,0,0,0,0,0,0,0.386,0.96294,0.05542,0.25892,0.01506,1.48059,0.09616,0.00925,0.02604,0.19238,0.62659,1.45018,1.3443,0,1.60704,0,0.10207,0.09616,1.45018,1.3443,0.34241,0.26081,0.386,0.36683,1.60704,0.03378,0.20853
2026-06-23 12:00:00,2.66033,0,0.0179,0,0,0,0,0.00051,0.20192,0.51791,0.62302,0.70366,0.0089,0.1021,0.34211,0,0,0,0,0,0,0.38568,0.96071,0.05528,0.25889,0.01506,1.47992,0.0962,0.00923,0.02602,0.19234,0.62429,1.45018,1.34468,0,1.60698,0,0.1021,0.0962,1.45018,1.34468,0.34211,0.26051,0.38568,0.36653,1.60698,0.03377,0.20817
2026-06-23 13:00:00,2.65963,0,0.01789,0,0,0,0,0.00051,0.20166,0.51495,0.62562,0.7082,0.0089,0.10213,0.34181,0,0,0,0,0,0,0.38538,0.95787,0.05514,0.25781,0.01506,1.47535,0.09622,0.00921,0.026,0.19231,0.62211,1.45017,1.34507,0,1.60695,0,0.10213,0.09622,1.45017,1.34507,0.34181,0.26022,0.38538,0.36624,1.60695,0.03376,0.2078
2026-06-23 14:00:00,2.65892,0,0.01788,0,0,0,0,0.0005,0.20141,0.51039,0.62688,0.71238,0.0089,0.10215,0.3415,0,0,0,0,0,0,0.38508,0.95457,0.055,0.25672,0.01507,1.47077,0.09623,0.00918,0.02598,0.19228,0.61991,1.45017,1.34547,0,1.60693,0,0.10215,0.09623,1.45017,1.34547,0.3415,0.25992,0.38508,0.36595,1.60693,0.03375,0.20407
2026-06-23 15:00:00,2.65822,0,0.01787,0,0,0,0,0.0005,0.20116,0.50572,0.62641,0.71592,0.0089,0.10217,0.3412,0,0,0,0,0,0,0.38478,0.95103,0.05486,0.25564,0.01507,1.4662,0.09624,0.00916,0.02596,0.19225,0.61774,1.45016,1.34587,0,1.60691,0,0.10217,0.09624,1.45016,1.34587,0.3412,0.25963,0.38478,0.36566,1.60691,0.03375,0.20282
2026-06-23 16:00:00,2.65751,0,0.01785,0,0,0,0,0.0005,0.20093,0.50106,0.62384,0.71884,0.0089,0.1022,0.34089,0,0,0,0,0,0,0.38446,0.94752,0.05472,0.25455,0.01508,1.46162,0.09626,0.00913,0.02594,0.19221,0.61554,1.45016,1.34628,0,1.60692,0,0.1022,0.09626,1.45016,1.34628,0.34089,0.25934,0.38446,0.36538,1.60692,0.03373,0.2022
2026-06-23 17:00:00,2.6568,0,0.01784,0,0,0,0,0.0005,0.20068,0.49634,0.61996,0.72077,0.0089,0.10223,0.34059,0,0,0,0,0,0,0.38416,0.94419,0.05458,0.25347,0.01508,1.45704,0.09627,0.00911,0.02592,0.19218,0.61335,1.45015,1.34668,0,1.60695,0,0.10223,0.09627,1.45015,1.34668,0.34059,0.25904,0.38416,0.36509,1.60695,0.03372,0.20183
2026-06-23 18:00:00,2.6561,0,0.01782,0,0,0,0,0.00049,0.20043,0.49322,0.6153,0.72126,0.0089,0.10225,0.34029,0,0,0,0,0,0,0.38385,0.94097,0.05444,0.25238,0.01509,1.45247,0.09628,0.00908,0.0259,0.19215,0.61116,1.45015,1.34709,0,1.60697,0,0.10225,0.09628,1.45015,1.34709,0.34029,0.25875,0.38385,0.3648,1.60697,0.03371,0.20158
2026-06-23 19:00:00,2.66124,0,0.01781,0,0,0,0,0.00049,0.20019,0.48484,0.61031,0.71993,0.0089,0.10228,0.33999,0,0,0,0,0,0,0.38355,0.93783,0.0543,0.25281,0.01509,1.45335,0.09629,0.00906,0.02588,0.19212,0.60909,1.45014,1.34751,0,1.60702,0,0.10228,0.09629,1.45014,1.34751,0.33999,0.25846,0.38355,0.36452,1.60702,0.0337,0.2014
2026-06-23 20:00:00,2.66639,0,0.01779,0,0,0,0,0.00049,0.19995,0.47967,0.6058,0.71689,0.0089,0.10231,0.33968,0,0,0,0,0,0,0.38324,0.93474,0.05416,0.25324,0.0151,1.45422,0.09631,0.00904,0.02586,0.19209,0.60701,1.45014,1.34792,0,1.60708,0,0.10231,0.09631,1.45014,1.34792,0.33968,0.25817,0.38324,0.36423,1.60708,0.03369,0.20127
2026-06-23 21:00:00,2.67153,0,0.01778,0,0,0,0,0.00048,0.1997,0.47127,0.60106,0.71266,0.00889,0.10232,0.33938,0,0,0,0,0,0,0.38293,0.93249,0.05402,0.25367,0.0151,1.45509,0.09632,0.00902,0.02585,0.19206,0.60496,1.45012,1.34834,0,1.60714,0,0.10232,0.09632,1.45012,1.34834,0.33938,0.25788,0.38293,0.36394,1.60714,0.03369,0.20117
2026-06-23 22:00:00,2.67667,0,0.01776,0,0,0,0,0.00047,0.19946,0.46612,0.59552,0.70777,0.00889,0.10235,0.33907,0,0,0,0,0,0,0.38263,0.93369,0.05388,0.25409,0.01511,1.45597,0.09632,0.00899,0.02583,0.19203,0.60287,1.45012,1.34876,0,1.60721,0,0.10235,0.09632,1.45012,1.34876,0.33907,0.25759,0.38263,0.36366,1.60721,0.03368,0.20108
2026-06-23 23:00:00,2.68182,0,0.01774,0,0,0,0,0.00047,0.19921,0.46423,0.58963,0.7028,0.00889,0.10238,0.33878,0,0,0,0,0,0,0.38233,0.93937,0.05374,0.25452,0.01511,1.45684,0.09633,0.00898,0.02581,0.19198,0.60079,1.45011,1.34918,0,1.6073,0,0.10238,0.09633,1.45011,1.34918,0.33878,0.25728,0.38233,0.36336,1.6073,0.03366,0.20101
2026-06-24 00:00:00,2.68696,0,0.01772,0,0,0,0,0.00046,0.19897,0.46234,0.58337,0.69791,0.00889,0.10241,0.33847,0,0,0,0,0,0,0.38202,0.94817,0.0536,0.25495,0.01511,1.45772,0.09635,0.00896,0.02579,0.19195,0.59871,1.45011,1.34961,0,1.60738,0,0.10241,0.09635,1.45011,1.34961,0.33847,0.25699,0.38202,0.36308,1.60738,0.03365,0.20096
2026-06-24 01:00:00,2.68258,0,0.0177,0,0,0,0,0.00047,0.19872,0.46818,0.57831,0.69263,0.00889,0.10243,0.33817,0,0,0,0,0,0,0.38172,0.95911,0.05347,0.25647,0.01559,1.47011,0.09635,0.00894,0.0253,0.19192,0.59633,1.4501,1.35003,0,1.60748,0,0.10243,0.09635,1.4501,1.35003,0.33817,0.2567,0.38172,0.36279,1.60748,0.03364,0.20091
2026-06-24 02:00:00,2.67819,0,0.01768,0,0,0,0,0.00047,0.19848,0.47411,0.57486,0.68682,0.00889,0.10245,0.33787,0,0,0,0,0,0,0.38141,0.97154,0.05334,0.25798,0.01559,1.4825,0.0964,0.00892,0.02529,0.1919,0.59398,1.4501,1.35046,0,1.60758,0,0.10245,0.0964,1.4501,1.35046,0.33787,0.25641,0.38141,0.3625,1.60758,0.03364,0.20087
2026-06-24 03:00:00,2.67381,0,0.01767,0,0,0,0,0.00046,0.19823,0.48338,0.57343,0.68061,0.00889,0.10248,0.33756,0,0,0,0,0,0,0.3811,0.9845,0.05322,0.2595,0.0156,1.49489,0.09647,0.0089,0.02527,0.19186,0.59161,1.45009,1.35089,0,1.60768,0,0.10248,0.09647,1.45009,1.35089,0.33756,0.25612,0.3811,0.36221,1.60768,0.03363,0.20083
2026-06-24 04:00:00,2.66943,0,0.01764,0,0,0,0,0.00046,0.19799,0.48937,0.57522,0.67466,0.00889,0.1025,0.33727,0,0,0,0,0,0,0.38079,0.99636,0.05309,0.26102,0.0156,1.50728,0.09655,0.00887,0.02525,0.19183,0.58922,1.45009,1.35132,0,1.6078,0,0.1025,0.09655,1.45009,1.35132,0.33727,0.25582,0.38079,0.36192,1.6078,0.03362,0.2008
2026-06-24 05:00:00,2.66504,0,0.01762,0,0,0,0,0.00046,0.19775,0.49539,0.57942,0.66988,0.00889,0.10253,0.33696,0,0,0,0,0,0,0.38049,1.00649,0.05296,0.26253,0.01561,1.51967,0.09661,0.00885,0.02524,0.19179,0.58684,1.45009,1.35175,0,1.60792,0,0.10253,0.09661,1.45009,1.35175,0.33696,0.25553,0.38049,0.36164,1.60792,0.0336,0.20077
2026-06-24 06:00:00,2.66066,0,0.01761,0,0,0,0,0.00046,0.19751,0.50246,0.58529,0.66679,0.00889,0.10256,0.33666,0,0,0,0,0,0,0.38019,1.0154,0.05283,0.26405,0.01561,1.53206,0.09666,0.00883,0.02522,0.19175,0.58447,1.45008,1.35219,0,1.60804,0,0.10256,0.09666,1.45008,1.35219,0.33666,0.25524,0.38019,0.36136,1.60804,0.03359,0.20075
2026-06-24 07:00:00,2.65058,0,0.01759,0,0,0,0,0.00046,0.19726,0.50329,0.59149,0.66613,0.00889,0.10258,0.33635,0,0,0,0,0,0,0.37988,1.02349,0.05271,0.2633,0.01562,1.53507,0.0967,0.00881,0.0252,0.19172,0.58257,1.45008,1.35262,0,1.60817,0,0.10258,0.0967,1.45008,1.35262,0.33635,0.25495,0.37988,0.36107,1.60817,0.03358,0.20073
2026-06-24 08:00:00,2.6405,0,0.01757,0,0,0,0,0.00046,0.19702,0.50526,0.598,0.66822,0.00888,0.1026,0.33605,0,0,0,0,0,0,0.37957,1.03101,0.05258,0.26255,0.01562,1.53808,0.09674,0.00879,0.02518,0.1917,0.58067,1.45006,1.35306,0,1.60831,0,0.1026,0.09674,1.45006,1.35306,0.33605,0.25466,0.37957,0.36079,1.60831,0.03358,0.20071
2026-06-24 09:00:00,2.63043,0,0.01755,0,0,0,0,0.00046,0.19677,0.5093,0.6035,0.67248,0.00888,0.10263,0.33574,0,0,0,0,0,0,0.37927,1.03746,0.05246,0.26181,0.01563,1.54109,0.09677,0.00877,0.02517,0.19167,0.57878,1.45006,1.3535,0,1.60845,0,0.10263,0.09677,1.45006,1.3535,0.33574,0.25436,0.37927,0.36052,1.60845,0.03357,0.20069
2026-06-24 10:00:00,2.62035,0,0.01753,0,0,0,0,0.00046,0.19653,0.51249,0.60741,0.67799,0.00888,0.10266,0.33545,0,0,0,0,0,0,0.37897,1.04135,0.05234,0.26106,0.01563,1.54409,0.0968,0.00874,0.02515,0.19164,0.57687,1.45005,1.35392,0,1.6086,0,0.10266,0.0968,1.45005,1.35392,0.33545,0.25407,0.37897,0.36024,1.6086,0.03356,0.20067
2026-06-24 11:00:00,2.61027,0,0.01751,0,0,0,0,0.00046,0.19629,0.51401,0.61142,0.68399,0.00888,0.10268,0.33514,0,0,0,0,0,0,0.37866,1.04233,0.05221,0.26031,0.01563,1.5471,0.09682,0.00872,0.02513,0.19161,0.57496,1.45005,1.35436,0,1.60876,0,0.10268,0.09682,1.45005,1.35436,0.33514,0.25377,0.37866,0.35997,1.60876,0.03355,0.20066
2026-06-24 12:00:00,2.60019,0,0.01749,0,0,0,0,0.00046,0.19604,0.51381,0.61554,0.68982,0.00888,0.1027,0.33484,0,0,0,0,0,0,0.37836,1.04114,0.05209,0.25956,0.01564,1.55011,0.09684,0.0087,0.02511,0.19158,0.57306,1.45004,1.3548,0,1.60891,0,0.1027,0.09684,1.45004,1.3548,0.33484,0.25348,0.37836,0.3597,1.60891,0.03354,0.20033
2026-06-24 13:00:00,2.5993,0,0.01747,0,0,0,0,0.00045,0.1958,0.51021,0.61859,0.69457,0.00888,0.10273,0.33453,0,0,0,0,0,0,0.37805,1.03853,0.05196,0.25659,0.01564,1.54351,0.09687,0.00869,0.02509,0.19155,0.57122,1.45004,1.35525,0,1.60908,0,0.10273,0.09687,1.45004,1.35525,0.33453,0.25319,0.37805,0.35943,1.60908,0.03353,0.20001
2026-06-24 14:00:00,2.5984,0,0.01746,0,0,0,0,0.00045,0.19556,0.50494,0.6201,0.6985,0.00888,0.10276,0.33423,0,0,0,0,0,0,0.37775,1.03492,0.05184,0.25361,0.01565,1.53691,0.09688,0.00866,0.02507,0.19152,0.56936,1.45003,1.35569,0,1.60925,0,0.10276,0.09688,1.45003,1.35569,0.33423,0.2529,0.37775,0.35916,1.60925,0.03352,0.19642
2026-06-24 15:00:00,2.59751,0,0.01744,0,0,0,0,0.00044,0.19532,0.49966,0.61957,0.70236,0.00888,0.10278,0.33393,0,0,0,0,0,0,0.37743,1.03081,0.05171,0.25064,0.01565,1.53031,0.09689,0.00864,0.02505,0.1915,0.56753,1.45003,1.35613,0,1.60942,0,0.10278,0.09689,1.45003,1.35613,0.33393,0.25261,0.37743,0.35888,1.60942,0.03352,0.19522
2026-06-24 16:00:00,2.59662,0,0.01743,0,0,0,0,0.00044,0.19507,0.49443,0.61659,0.7058,0.00888,0.1028,0.33363,0,0,0,0,0,0,0.37713,1.02691,0.05158,0.24767,0.01566,1.52371,0.0969,0.00862,0.02504,0.19145,0.56568,1.45002,1.35658,0,1.6096,0,0.1028,0.0969,1.45002,1.35658,0.33363,0.25232,0.37713,0.35861,1.6096,0.0335,0.19462
2026-06-24 17:00:00,2.59572,0,0.01742,0,0,0,0,0.00043,0.19483,0.48922,0.61214,0.70812,0.00888,0.10283,0.33332,0,0,0,0,0,0,0.37683,1.0235,0.05146,0.24469,0.01566,1.51711,0.09691,0.00859,0.02502,0.19142,0.56383,1.45002,1.35702,0,1.60978,0,0.10283,0.09691,1.45002,1.35702,0.33332,0.25203,0.37683,0.35834,1.60978,0.03349,0.19426
2026-06-24 18:00:00,2.59483,0,0.01741,0,0,0,0,0.00043,0.1946,0.48572,0.6069,0.70879,0.00888,0.10285,0.33302,0,0,0,0,0,0,0.37653,1.02045,0.05133,0.24172,0.01567,1.51051,0.09693,0.00857,0.025,0.19139,0.56198,1.45001,1.35746,0,1.60995,0,0.10285,0.09693,1.45001,1.35746,0.33302,0.25172,0.37653,0.35807,1.60995,0.03348,0.19402
2026-06-24 19:00:00,2.59981,0,0.0174,0,0,0,0,0.00043,0.19436,0.47685,0.602,0.70733,0.00887,0.10288,0.33271,0,0,0,0,0,0,0.37622,1.01763,0.0512,0.23856,0.01567,1.50763,0.09694,0.00855,0.02498,0.19136,0.5602,1.45001,1.35791,0,1.61014,0,0.10288,0.09694,1.45001,1.35791,0.33271,0.25143,0.37622,0.35779,1.61014,0.03347,0.19385
2026-06-24 20:00:00,2.60479,0,0.0174,0,0,0,0,0.00042,0.19412,0.47145,0.59745,0.70388,0.00887,0.10291,0.33242,0,0,0,0,0,0,0.37592,1.01499,0.05107,0.2354,0.01568,1.50474,0.09696,0.00853,0.02497,0.19134,0.55844,1.45,1.35836,0,1.61033,0,0.10291,0.09696,1.45,1.35836,0.33242,0.25114,0.37592,0.35751,1.61033,0.03347,0.19372
2026-06-24 21:00:00,2.60977,0,0.01738,0,0,0,0,0.00042,0.19388,0.4638,0.59192,0.69912,0.00887,0.10293,0.33211,0,0,0,0,0,0,0.37561,1.01322,0.05095,0.23225,0.01568,1.50186,0.09697,0.00851,0.02495,0.19131,0.55666,1.44999,1.3588,0,1.61051,0,0.10293,0.09697,1.44999,1.3588,0.33211,0.25085,0.37561,0.35724,1.61051,0.03346,0.19363
2026-06-24 22:00:00,2.61474,0,0.01737,0,0,0,0,0.00042,0.19364,0.45942,0.58579,0.69393,0.00887,0.10295,0.33181,0,0,0,0,0,0,0.37531,1.01439,0.05082,0.22909,0.01568,1.49898,0.09698,0.00848,0.02493,0.19128,0.55487,1.44998,1.35925,0,1.6107,0,0.10295,0.09698,1.44998,1.35925,0.33181,0.25056,0.37531,0.35697,1.6107,0.03345,0.19355
2026-06-24 23:00:00,2.61972,0,0.01735,0,0,0,0,0.00041,0.19339,0.45795,0.57964,0.68893,0.00887,0.10298,0.3315,0,0,0,0,0,0,0.37499,1.01916,0.05069,0.22593,0.01569,1.49609,0.09699,0.00846,0.02492,0.19123,0.55309,1.44998,1.3597,0,1.61089,0,0.10298,0.09699,1.44998,1.3597,0.3315,0.25027,0.37499,0.35669,1.61089,0.03343,0.19348
2026-06-25 00:00:00,2.6247,0,0.01734,0,0,0,0,0.00041,0.19314,0.45623,0.57351,0.68371,0.00887,0.10301,0.3312,0,0,0,0,0,0,0.37469,1.02641,0.05056,0.22277,0.01569,1.49321,0.097,0.00844,0.0249,0.1912,0.55131,1.44997,1.36015,0,1.61108,0,0.10301,0.097,1.44997,1.36015,0.3312,0.24998,0.37469,0.35641,1.61108,0.03342,0.19343
2026-06-25 01:00:00,2.61985,0,0.01732,0,0,0,0,0.00042,0.19288,0.46137,0.56875,0.67783,0.00887,0.10303,0.33089,0,0,0,0,0,0,0.37439,1.03539,0.05044,0.21984,0.01617,1.49884,0.097,0.00842,0.02441,0.19117,0.5492,1.44997,1.36059,0,1.61127,0,0.10303,0.097,1.44997,1.36059,0.33089,0.24968,0.37439,0.35614,1.61127,0.03341,0.19338
2026-06-25 02:00:00,2.615,0,0.01731,0,0,0,0,0.00041,0.19263,0.46688,0.56559,0.67156,0.00887,0.10305,0.3306,0,0,0,0,0,0,0.37408,1.04556,0.05032,0.21691,0.01617,1.50447,0.09706,0.0084,0.0244,0.19115,0.54712,1.44996,1.36104,0,1.61147,0,0.10305,0.09706,1.44996,1.36104,0.3306,0.24939,0.37408,0.35586,1.61147,0.03341,0.19334
2026-06-25 03:00:00,2.61015,0,0.01729,0,0,0,0,0.0004,0.19238,0.47581,0.56423,0.66522,0.00887,0.10308,0.33029,0,0,0,0,0,0,0.37378,1.05604,0.05021,0.21398,0.01618,1.5101,0.09713,0.00838,0.02438,0.19112,0.54501,1.44996,1.36149,0,1.61167,0,0.10308,0.09713,1.44996,1.36149,0.33029,0.24909,0.37378,0.35558,1.61167,0.0334,0.19331
2026-06-25 04:00:00,2.60529,0,0.01727,0,0,0,0,0.0004,0.19213,0.48159,0.56581,0.65942,0.00887,0.10311,0.32999,0,0,0,0,0,0,0.37348,1.06539,0.05009,0.21105,0.01618,1.51572,0.0972,0.00837,0.02436,0.19109,0.5429,1.44995,1.36194,0,1.61186,0,0.10311,0.0972,1.44995,1.36194,0.32999,0.2488,0.37348,0.3553,1.61186,0.03339,0.19328
2026-06-25 05:00:00,2.60044,0,0.01725,0,0,0,0,0.00039,0.19188,0.48737,0.56971,0.65491,0.00887,0.10313,0.32968,0,0,0,0,0,0,0.37317,1.07308,0.04997,0.20812,0.01619,1.52135,0.09725,0.00835,0.02435,0.19104,0.5408,1.44995,1.36239,0,1.61206,0,0.10313,0.09725,1.44995,1.36239,0.32968,0.24851,0.37317,0.35502,1.61206,0.03337,0.19325
2026-06-25 06:00:00,2.59559,0,0.01723,0,0,0,0,0.00039,0.19163,0.49154,0.57529,0.65203,0.00886,0.10316,0.32938,0,0,0,0,0,0,0.37286,1.07965,0.04985,0.20519,0.01619,1.52698,0.0973,0.00833,0.02433,0.19101,0.53869,1.44994,1.36284,0,1.61226,0,0.10316,0.0973,1.44994,1.36284,0.32938,0.24822,0.37286,0.35475,1.61226,0.03336,0.19323
2026-06-25 07:00:00,2.58507,0,0.01722,0,0,0,0,0.00039,0.19139,0.49299,0.58109,0.65137,0.00886,0.10319,0.32909,0,0,0,0,0,0,0.37255,1.08543,0.04974,0.20285,0.0162,1.52624,0.09735,0.00831,0.02431,0.19099,0.53705,1.44994,1.36329,0,1.61245,0,0.10319,0.09735,1.44994,1.36329,0.32909,0.24792,0.37255,0.35448,1.61245,0.03336,0.19321
2026-06-25 08:00:00,2.57455,0,0.0172,0,0,0,0,0.00038,0.19115,0.49513,0.58666,0.65325,0.00886,0.10321,0.32878,0,0,0,0,0,0,0.37225,1.09067,0.04963,0.20051,0.0162,1.5255,0.09738,0.00829,0.02429,0.19096,0.5354,1.44993,1.36373,0,1.61266,0,0.10321,0.09738,1.44993,1.36373,0.32878,0.24763,0.37225,0.35421,1.61266,0.03335,0.19319
2026-06-25 09:00:00,2.56403,0,0.01718,0,0,0,0,0.00038,0.1909,0.49758,0.59121,0.65726,0.00886,0.10323,0.32848,0,0,0,0,0,0,0.37195,1.09488,0.04952,0.19817,0.0162,1.52476,0.09741,0.00827,0.02428,0.19094,0.53377,1.44992,1.36418,0,1.61286,0,0.10323,0.09741,1.44992,1.36418,0.32848,0.24734,0.37195,0.35394,1.61286,0.03335,0.19317
2026-06-25 10:00:00,2.5535,0,0.01716,0,0,0,0,0.00038,0.19066,0.50026,0.59468,0.66244,0.00886,0.10326,0.32817,0,0,0,0,0,0,0.37164,1.09669,0.0494,0.19582,0.01621,1.52401,0.09744,0.00825,0.02426,0.19092,0.53212,1.44991,1.36463,0,1.61306,0,0.10326,0.09744,1.44991,1.36463,0.32817,0.24705,0.37164,0.35367,1.61306,0.03335,0.19315
2026-06-25 11:00:00,2.54298,0,0.01714,0,0,0,0,0.00038,0.19042,0.50142,0.59759,0.66786,0.00886,0.10329,0.32787,0,0,0,0,0,0,0.37133,1.09587,0.04929,0.19348,0.01621,1.52327,0.09747,0.00823,0.02424,0.1909,0.53048,1.44991,1.36508,0,1.61327,0,0.10329,0.09747,1.44991,1.36508,0.32787,0.24676,0.37133,0.35341,1.61327,0.03335,0.19314
2026-06-25 12:00:00,2.53246,0,0.01712,0,0,0,0,0.00038,0.19017,0.50103,0.60031,0.67282,0.00886,0.10331,0.32757,0,0,0,0,0,0,0.37103,1.09302,0.04918,0.19114,0.01622,1.52253,0.09749,0.00821,0.02422,0.19088,0.52884,1.44991,1.36554,0,1.61349,0,0.10331,0.09749,1.44991,1.36554,0.32757,0.24646,0.37103,0.35315,1.61349,0.03335,0.19073
2026-06-25 13:00:00,2.53138,0,0.0171,0,0,0,0,0.00038,0.18993,0.49858,0.60246,0.67684,0.00886,0.10333,0.32727,0,0,0,0,0,0,0.37073,1.08904,0.04906,0.18933,0.01622,1.51572,0.09751,0.00819,0.0242,0.19085,0.52723,1.4499,1.36599,0,1.61369,0,0.10333,0.09751,1.4499,1.36599,0.32727,0.24616,0.37073,0.35288,1.61369,0.03334,0.18681
2026-06-25 14:00:00,2.53029,0,0.01709,0,0,0,0,0.00038,0.18969,0.4939,0.60368,0.68002,0.00886,0.10336,0.32696,0,0,0,0,0,0,0.37042,1.08407,0.04895,0.18753,0.01623,1.50891,0.09753,0.00817,0.02418,0.19083,0.52563,1.4499,1.36644,0,1.61391,0,0.10336,0.09753,1.4499,1.36644,0.32696,0.24587,0.37042,0.35261,1.61391,0.03334,0.18681
2026-06-25 15:00:00,2.52921,0,0.01707,0,0,0,0,0.00038,0.18945,0.4889,0.60358,0.68274,0.00886,0.10339,0.32666,0,0,0,0,0,0,0.37011,1.07874,0.04883,0.18572,0.01623,1.5021,0.09755,0.00815,0.02417,0.1908,0.52404,1.44988,1.36689,0,1.61413,0,0.10339,0.09755,1.44988,1.36689,0.32666,0.24558,0.37011,0.35235,1.61413,0.03333,0.18681
2026-06-25 16:00:00,2.52813,0,0.01705,0,0,0,0,0.00038,0.1892,0.48373,0.60183,0.68504,0.00886,0.10341,0.32635,0,0,0,0,0,0,0.36981,1.07388,0.04871,0.18391,0.01624,1.49529,0.09756,0.00812,0.02415,0.19076,0.52241,1.44988,1.36734,0,1.61434,0,0.10341,0.09756,1.44988,1.36734,0.32635,0.24529,0.36981,0.35208,1.61434,0.03331,0.18681
2026-06-25 17:00:00,2.52704,0,0.01702,0,0,0,0,0.00038,0.18896,0.47849,0.59845,0.68667,0.00885,0.10343,0.32606,0,0,0,0,0,0,0.3695,1.0698,0.0486,0.18211,0.01624,1.48848,0.09757,0.0081,0.02413,0.19072,0.52079,1.44987,1.3678,0,1.61456,0,0.10343,0.09757,1.44987,1.3678,0.32606,0.245,0.3695,0.35181,1.61456,0.03329,0.18681
2026-06-25 18:00:00,2.52596,0,0.017,0,0,0,0,0.00037,0.18872,0.47486,0.59406,0.68726,0.00885,0.10346,0.32575,0,0,0,0,0,0,0.36919,1.06626,0.04848,0.1803,0.01625,1.48167,0.09758,0.00809,0.02411,0.19068,0.51917,1.44987,1.36825,0,1.61478,0,0.10346,0.09758,1.44987,1.36825,0.32575,0.24471,0.36919,0.35155,1.61478,0.03327,0.18681
2026-06-25 19:00:00,2.53026,0,0.01699,0,0,0,0,0.00037,0.18847,0.46742,0.58909,0.68645,0.00885,0.10348,0.32545,0,0,0,0,0,0,0.36889,1.0631,0.04836,0.1789,0.01625,1.48066,0.09759,0.00807,0.02409,0.19064,0.51761,1.44986,1.3687,0,1.61499,0,0.10348,0.09759,1.44986,1.3687,0.32545,0.24442,0.36889,0.35128,1.61499,0.03325,0.18681
2026-06-25 20:00:00,2.53456,0,0.01697,0,0,0,0,0.00037,0.18824,0.46257,0.5841,0.68405,0.00885,0.10351,0.32514,0,0,0,0,0,0,0.36859,1.0602,0.04824,0.17749,0.01625,1.47964,0.09761,0.00805,0.02408,0.19061,0.51607,1.44986,1.36915,0,1.61521,0,0.10351,0.09761,1.44986,1.36915,0.32514,0.24413,0.36859,0.351,1.61521,0.03324,0.18681
2026-06-25 21:00:00,2.53886,0,0.01696,0,0,0,0,0.00036,0.18799,0.45415,0.57881,0.68028,0.00885,0.10354,0.32484,0,0,0,0,0,0,0.36829,1.05823,0.04813,0.17609,0.01626,1.47863,0.09762,0.00803,0.02406,0.19058,0.51451,1.44985,1.3696,0,1.61542,0,0.10354,0.09762,1.44985,1.3696,0.32484,0.24382,0.36829,0.35074,1.61542,0.03323,0.18681
2026-06-25 22:00:00,2.54316,0,0.01695,0,0,0,0,0.00035,0.18775,0.44883,0.57305,0.67561,0.00885,0.10356,0.32453,0,0,0,0,0,0,0.36798,1.059,0.04801,0.17469,0.01626,1.47761,0.09762,0.00801,0.02404,0.19055,0.51296,1.44985,1.37006,0,1.61563,0,0.10356,0.09762,1.44985,1.37006,0.32453,0.24353,0.36798,0.35047,1.61563,0.03322,0.18681
2026-06-25 23:00:00,2.54746,0,0.01694,0,0,0,0,0.00035,0.18751,0.44656,0.56688,0.67051,0.00885,0.10358,0.32424,0,0,0,0,0,0,0.36768,1.06303,0.04789,0.17328,0.01627,1.4766,0.09763,0.00799,0.02403,0.19051,0.51141,1.44984,1.37051,0,1.61585,0,0.10358,0.09763,1.44984,1.37051,0.32424,0.24324,0.36768,0.3502,1.61585,0.0332,0.18681
2026-06-26 00:00:00,2.55176,0,0.01693,0,0,0,0,0.00034,0.18727,0.44425,0.56056,0.66521,0.00885,0.10361,0.32393,0,0,0,0,0,0,0.36737,1.0693,0.04777,0.17188,0.01627,1.47558,0.09764,0.00797,0.02401,0.19048,0.50986,1.44984,1.37096,0,1.61608,0,0.10361,0.09764,1.44984,1.37096,0.32393,0.24295,0.36737,0.34992,1.61608,0.03319,0.18681
2026-06-26 01:00:00,2.54736,0,0.01692,0,0,0,0,0.00034,0.18703,0.44855,0.55528,0.65955,0.00885,0.10364,0.32363,0,0,0,0,0,0,0.36706,1.07714,0.04766,0.17076,0.01675,1.48177,0.09765,0.00795,0.02352,0.19045,0.50797,1.44983,1.37142,0,1.61629,0,0.10364,0.09765,1.44983,1.37142,0.32363,0.24266,0.36706,0.34966,1.61629,0.03318,0.18681
2026-06-26 02:00:00,2.54296,0,0.01691,0,0,0,0,0.00035,0.18679,0.45337,0.55124,0.65347,0.00885,0.10366,0.32332,0,0,0,0,0,0,0.36675,1.08605,0.04756,0.16965,0.01675,1.48796,0.0977,0.00793,0.02351,0.19043,0.5061,1.44983,1.37187,0,1.61651,0,0.10366,0.0977,1.44983,1.37187,0.32332,0.24237,0.36675,0.34938,1.61651,0.03318,0.18681
2026-06-26 03:00:00,2.53856,0,0.0169,0,0,0,0,0.00034,0.18655,0.46157,0.54911,0.64709,0.00885,0.10368,0.32302,0,0,0,0,0,0,0.36645,1.09514,0.04745,0.16853,0.01676,1.49415,0.09777,0.00791,0.02349,0.1904,0.50422,1.44981,1.37232,0,1.61673,0,0.10368,0.09777,1.44981,1.37232,0.32302,0.24208,0.36645,0.34911,1.61673,0.03317,0.18681
2026-06-26 04:00:00,2.53416,0,0.01688,0,0,0,0,0.00034,0.18631,0.46681,0.5496,0.64101,0.00884,0.10371,0.32272,0,0,0,0,0,0,0.36615,1.10292,0.04734,0.16741,0.01676,1.50033,0.09785,0.00789,0.02347,0.19037,0.50233,1.44981,1.37277,0,1.61694,0,0.10371,0.09785,1.44981,1.37277,0.32272,0.24179,0.36615,0.34883,1.61694,0.03316,0.18681
2026-06-26 05:00:00,2.52976,0,0.01687,0,0,0,0,0.00034,0.18607,0.46896,0.55259,0.63591,0.00884,0.10374,0.32242,0,0,0,0,0,0,0.36584,1.10895,0.04724,0.1663,0.01677,1.50652,0.09791,0.00787,0.02346,0.19034,0.50045,1.4498,1.37323,0,1.61715,0,0.10374,0.09791,1.4498,1.37323,0.32242,0.24149,0.36584,0.34856,1.61715,0.03315,0.18681
2026-06-26 06:00:00,2.52536,0,0.01685,0,0,0,0,0.00034,0.18582,0.46965,0.5573,0.63225,0.00884,0.10376,0.32211,0,0,0,0,0,0,0.36554,1.11377,0.04713,0.16518,0.01677,1.51271,0.09796,0.00785,0.02344,0.1903,0.49855,1.4498,1.37367,0,1.61737,0,0.10376,0.09796,1.4498,1.37367,0.32211,0.24119,0.36554,0.34828,1.61737,0.03313,0.18681
2026-06-26 07:00:00,2.51179,0,0.01684,0,0,0,0,0.00033,0.18558,0.47079,0.5619,0.63069,0.00884,0.10379,0.32181,0,0,0,0,0,0,0.36524,1.11774,0.04703,0.16426,0.01677,1.51235,0.098,0.00783,0.02343,0.19028,0.49713,1.44979,1.37412,0,1.61758,0,0.10379,0.098,1.44979,1.37412,0.32181,0.2409,0.36524,0.34802,1.61758,0.03313,0.18681
2026-06-26 08:00:00,2.49823,0,0.01682,0,0,0,0,0.00033,0.18534,0.47411,0.56537,0.63161,0.00884,0.10381,0.32151,0,0,0,0,0,0,0.36493,1.12114,0.04693,0.16335,0.01678,1.51199,0.09803,0.00782,0.02341,0.19025,0.49569,1.44979,1.37458,0,1.61779,0,0.10381,0.09803,1.44979,1.37458,0.32151,0.24061,0.36493,0.34775,1.61779,0.03312,0.18681
2026-06-26 09:00:00,2.48466,0,0.01681,0,0,0,0,0.00032,0.18509,0.47619,0.56777,0.63472,0.00884,0.10383,0.32121,0,0,0,0,0,0,0.36462,1.12352,0.04683,0.16243,0.01678,1.51163,0.09807,0.00781,0.0234,0.19023,0.49428,1.44978,1.37503,0,1.61802,0,0.10383,0.09807,1.44978,1.37503,0.32121,0.24031,0.36462,0.34749,1.61802,0.03312,0.18681
2026-06-26 10:00:00,2.47109,0,0.01679,0,0,0,0,0.00032,0.18485,0.47844,0.57001,0.6389,0.00884,0.10386,0.32091,0,0,0,0,0,0,0.36431,1.1237,0.04672,0.16151,0.01679,1.51127,0.0981,0.00779,0.02338,0.19021,0.49284,1.44978,1.37549,0,1.61823,0,0.10386,0.0981,1.44978,1.37549,0.32091,0.24003,0.36431,0.34722,1.61823,0.03312,0.18681
2026-06-26 11:00:00,2.45753,0,0.01677,0,0,0,0,0.00031,0.1846,0.47924,0.57227,0.64281,0.00884,0.10389,0.3206,0,0,0,0,0,0,0.36401,1.12149,0.04662,0.1606,0.01679,1.51091,0.09812,0.00777,0.02337,0.19019,0.49142,1.44977,1.37594,0,1.61846,0,0.10389,0.09812,1.44977,1.37594,0.3206,0.23973,0.36401,0.34696,1.61846,0.03312,0.18681
2026-06-26 12:00:00,2.44396,0,0.01675,0,0,0,0,0.00031,0.18436,0.48009,0.57441,0.64578,0.00884,0.10392,0.3203,0,0,0,0,0,0,0.36371,1.11761,0.04652,0.15968,0.0168,1.51055,0.09814,0.00775,0.02335,0.19017,0.48999,1.44977,1.37639,0,1.61868,0,0.10392,0.09814,1.44977,1.37639,0.3203,0.23944,0.36371,0.3467,1.61868,0.03312,0.18683
