GMT,FRAC1,LTDC1,HIDC1,BHNC1,MPAC1,OWCC1,BNCC1,BCKC1,MEEC1,HPIC1,POHC1,EXQC1,DSNC1,STVC1,NWMC1,LGCC1,WARC1,LGAC1,PNEC1,LBDC1,OREC1,PATC1,HETC1,LNRC1,CHVC1F,DCMC1,NDPC1,MDSC1,NDVC1,NSWC1,AVYC1,NMSC1,OBBC1,RIPC1,PTTC1,VNSC1,KNFC1L,STVC1,MDSC1,OBBC1,RIPC1,NWMC1,CRDC1,PATC1,MZRC1,VNSC1,AVYC1L,NDPC1L
,QINE,QINE,QINE,QINE,QINE,QINE,QINE,QINE,QINE,QINE,QINE,QINE,QINE,QINE,QINE,QINE,QINE,QINE,QINE,QINE,QINE,QINE,QINE,QINE,QINE,QINE,QINE,QINE,QINE,QINE,QINE,QINE,QINE,QINE,QINE,QINE,QINE,QINE,QINE,QINE,QINE,QINE,QINE,QINE,QINE,QINE,SQIN,SQIN
2026-05-17 12:00:00,6.20627,0,0.03158,0.007,0.001,0.001,0,0.002,0.26572,1.13349,1.52412,1.70494,0.01246,0.11801,0.4947,0.00001,0,0.00001,0,-0.0088,0.00001,0.44805,2.68658,0.04641,0.79377,0.007,4.10021,0.19231,0.07293,0.21689,0.28003,2.18582,2.08523,1.97369,0.00004,2.34153,0.00237,0.11801,0.19231,2.08523,1.97369,0.4947,0.54228,0.44805,0.73152,2.34153,0.10439,0.76711
2026-05-17 13:00:00,6.03989,0,0.03147,0,0.013,0.001,0,0.002,0.26572,1.15246,1.51715,1.83385,0.01286,0.12001,0.4947,0.00001,0,0.00001,0,-0.01463,0.00001,0.45305,2.67133,0.03584,0.77364,0.007,3.9722,0.19231,0.0705,0.20612,0.27503,2.17561,2.10323,1.97369,0.00003,2.35712,0.00236,0.12001,0.19231,2.10323,1.97369,0.4947,0.54228,0.45305,0.73178,2.35712,0.10397,0.78007
2026-05-17 14:00:00,5.76316,0,0.03153,-0.002,0.001,0.001,0,0.002,0.25936,1.12093,1.50326,1.96414,0.01326,0.12201,0.4947,0.00001,0,0.00001,0,-0.01754,0.00001,0.45605,2.66508,0.05531,0.7822,0.007,3.8442,0.18994,0.07155,0.18048,0.27803,2.16561,2.09123,1.98072,0.00003,2.36494,0.00235,0.12201,0.18994,2.09123,1.98072,0.4947,0.54228,0.45605,0.7321,2.36494,0.10371,0.75411
2026-05-17 15:00:00,5.2651,0,0.03156,-0.003,0.001,0.001,0,0.002,0.27394,1.1272,1.50326,2.22048,0.01326,0.12401,0.50016,0.00001,0,0.00001,0,-0.0249,0.00001,0.46105,2.64979,0.08523,0.77097,0.007,3.71619,0.18994,0.0691,0.17966,0.27503,2.15551,2.09123,1.98423,0.00004,2.36494,0.00235,0.12401,0.18994,2.09123,1.98423,0.50016,0.54228,0.46105,0.73244,2.36494,0.10336,0.74546
2026-05-17 16:00:00,4.71205,0,0.03152,-0.009,-0.011,0.001,0,0.002,0.27989,1.10846,1.47565,2.41175,0.01326,0.12601,0.5029,0.00001,0,0.00001,0,-0.03081,0.00001,0.46105,2.60707,0.08627,0.77481,0.007,3.67673,0.19231,0.06907,0.18793,0.27503,2.14518,2.09123,1.98775,0.00005,2.37277,0.00234,0.12601,0.19231,2.09123,1.98775,0.5029,0.54504,0.46105,0.73278,2.37277,0.10277,0.74113
2026-05-17 17:00:00,4.26746,0,0.02202,-0.00092,0.001,0.001,0,0.002,0.27003,1.1272,1.51715,2.47621,0.01326,0.12801,0.5029,0.00001,0,0.00001,0,-0.03228,0.00001,0.46405,2.52225,0.09683,0.70908,0.007,3.63727,0.19231,0.07012,0.17966,0.27303,2.13478,2.07923,1.99833,0.00006,2.39632,0.00233,0.12801,0.19231,2.07923,1.99833,0.5029,0.5368,0.46405,0.73304,2.39632,0.10208,0.73853
2026-05-17 18:00:00,3.93494,0,0.02372,-0.00308,0.001,0.001,0,0.002,0.25936,1.09606,1.51019,2.54203,0.01326,0.13001,0.5029,0.00001,0,0.00001,0,-0.02643,0.00001,0.46905,2.44409,0.10758,0.72075,0.007,3.59782,0.19468,0.06911,0.18875,0.27303,2.12453,2.07323,1.99833,0.00005,2.39632,0.00232,0.13001,0.19468,2.07323,1.99833,0.5029,0.5368,0.46905,0.73322,2.39632,0.10154,0.7368
2026-05-17 19:00:00,3.71385,0,0.03664,-0.01817,0.001,0.001,0,0.002,0.25727,1.06541,1.50326,2.54402,0.01326,0.13301,0.50016,0.00001,0,0.00001,0,-0.0294,0.00001,0.46905,2.36919,0.1382,0.69351,0.007,3.55836,0.19468,0.07054,0.20697,0.27303,2.12239,2.06723,2.00539,0.00004,2.39632,0.00232,0.13301,0.19468,2.06723,2.00539,0.50016,0.5368,0.46905,0.73347,2.39632,0.10114,0.73557
2026-05-17 20:00:00,3.49221,0,0.03006,-0.016,0.001,0.001,0,0.002,0.25312,1.06541,1.48254,2.60774,0.01326,0.13401,0.50565,0.00001,0,0.00001,0,-0.0382,0.00001,0.47205,2.32245,0.15734,0.65484,0.006,3.5189,0.19468,0.0684,0.23843,0.27303,2.12036,2.06123,2.00539,0.00006,2.42787,0.00231,0.13401,0.19468,2.06123,2.00539,0.50565,0.5368,0.47205,0.73377,2.42787,0.10089,0.73464
2026-05-17 21:00:00,3.32556,0,0.03342,-0.00792,0.001,-0.011,0,0.002,0.25519,1.03524,1.45513,2.60779,0.01326,0.13602,0.50839,0.00001,0,0.00001,0,-0.0279,0.00001,0.47205,2.28983,0.12674,0.61823,0.007,3.47944,0.19231,0.06809,0.25414,0.27303,2.11819,2.06723,2.016,0.00005,2.42787,0.00231,0.13602,0.19231,2.06723,2.016,0.50839,0.53406,0.47205,0.73412,2.42787,0.10056,0.73392
2026-05-17 22:00:00,3.32453,0,0.02695,0.01225,0.001,0.001,0,0.002,0.27003,1.03524,1.44077,2.73801,0.01326,0.13702,0.51115,0.00001,0,0.00001,0,-0.01027,0.00001,0.46905,2.27502,0.14038,0.59941,0.007,3.43424,0.19231,0.06808,0.24502,0.27103,2.11571,2.06723,2.016,0.00007,2.42787,0.0023,0.13702,0.19231,2.06723,2.016,0.51115,0.5368,0.46905,0.73452,2.42787,0.1,0.73334
2026-05-17 23:00:00,3.38086,0,0.03003,-0.00492,0.001,0.001,0,0.002,0.28798,1.01737,1.42799,2.93065,0.01326,0.13702,0.51115,0.00001,0,0.00001,0,0,0.00001,0.47405,2.28866,0.20757,0.68877,0.008,3.38904,0.18994,0.07166,0.24502,0.27203,2.11309,2.05523,2.02664,0.00006,2.44372,0.0023,0.13702,0.18994,2.05523,2.02664,0.51115,0.5368,0.47405,0.73485,2.44372,0.09936,0.73287
2026-05-18 00:00:00,3.38165,0,0.05131,-0.00883,0.001,0.001,0,0.002,0.29735,0.98797,1.42799,2.8011,0.01286,0.13802,0.51115,0.00001,0,0.00001,0,0,0.00001,0.47205,2.37923,0.25433,0.64279,0.008,3.34384,0.18994,0.10576,0.22104,0.26803,2.11055,2.06123,2.02309,0.00004,2.45165,0.00229,0.13802,0.18994,2.06123,2.02309,0.51115,0.53406,0.47205,0.73502,2.45165,0.09885,0.73248
2026-05-18 01:00:00,3.43681,0,0.05131,0.00834,0.001,0.001,0,0.002,0.30483,0.96479,1.40111,2.47756,0.01286,0.13902,0.50839,0.00001,0,0.00001,0,0.01248,0.00001,0.46905,2.4245,0.25132,0.63033,0.008,3.29864,0.19231,0.1281,0.23425,0.27103,2.10367,2.06723,2.03019,0.00004,2.4596,0.00229,0.13902,0.19231,2.06723,2.03019,0.50839,0.53406,0.46905,0.73506,2.4596,0.09847,0.73214
2026-05-18 02:00:00,3.60267,0,0.06081,0.00317,0.001,0.001,0,0.002,0.30232,0.95904,1.38146,2.09093,0.01286,0.14502,0.50839,0.00001,0,0.00001,0,0.02275,0.00001,0.46605,2.40906,0.21962,0.60198,0.008,3.25344,0.19231,0.12795,0.30376,0.27203,2.0969,2.05523,2.03019,0.00003,2.4596,0.00228,0.14502,0.19231,2.05523,2.03019,0.50839,0.5368,0.46605,0.73497,2.4596,0.09823,0.73186
2026-05-18 03:00:00,3.824,0,0.07025,-0.00192,0.001,0.001,0,0.002,0.30232,0.95332,1.36126,1.73783,0.01326,0.14902,0.50565,0.00001,0,0.00001,0,0.01831,0.00001,0.46605,2.4656,0.26818,0.60752,0.009,3.20824,0.19231,0.12551,0.31951,0.26803,2.09004,2.05523,2.03374,0.00004,2.46756,0.00227,0.14902,0.19231,2.05523,2.03374,0.50565,0.5368,0.46605,0.73479,2.46756,0.09792,0.73161
2026-05-18 04:00:00,4.11118,0,0.07983,-0.01709,0.001,0.001,0,0.002,0.30232,0.93059,1.34812,1.2868,0.01326,0.14902,0.50565,0.00001,0,0.00001,0,0.01095,0.00001,0.46905,2.43229,0.34268,0.57758,0.008,3.19317,0.19231,0.11988,0.27813,0.26603,2.08293,2.04923,2.03374,0.00004,2.47554,0.00227,0.14902,0.19231,2.04923,2.03374,0.50565,0.53133,0.46905,0.73466,2.47554,0.09737,0.73139
2026-05-18 05:00:00,4.40766,0,0.06973,-0.008,0.001,0.001,0,0.002,0.29983,0.93624,1.34156,0.86994,0.01368,0.14702,0.50565,0.00001,0,0.00001,0,0.00289,0.00001,0.46605,2.24058,0.26418,0.46455,0.008,3.17811,0.19231,0.10191,0.28143,0.26603,2.0757,2.04323,2.04085,0.00006,2.46756,0.00226,0.14702,0.19231,2.04323,2.04085,0.50565,0.53133,0.46605,0.7346,2.46756,0.09674,0.7312
2026-05-18 06:00:00,4.6324,0,0.04979,0.00308,0.001,0.001,0,0.002,0.29735,0.94191,1.32851,0.76129,0.01326,0.14502,0.51115,0.00001,0,0.00001,0,-0.00297,0.00001,0.46405,2.00051,0.24836,0.49247,0.008,3.16304,0.19231,0.08823,0.28637,0.26603,2.0686,2.04923,2.04441,0.00006,2.47554,0.00226,0.14502,0.19231,2.04923,2.04441,0.51115,0.52861,0.46405,0.73451,2.47554,0.09625,0.73103
2026-05-18 07:00:00,4.89525,0,0.03981,0.002,0.001,0.001,0,0.002,0.29983,0.92496,1.3026,0.71533,0.01326,0.14502,0.51391,0.00001,0,0.00001,0,-0.00662,0.00001,0.46605,1.89114,0.3233,0.51985,0.008,3.14797,0.19231,0.107,0.17133,0.26603,2.0553,2.04923,2.04797,0.00004,2.49152,0.00226,0.14502,0.19231,2.04923,2.04797,0.51391,0.5259,0.46605,0.73439,2.49152,0.09588,0.73088
2026-05-18 08:00:00,5.1565,0,0.02992,0.008,0.001,0.001,0,0.002,0.30232,0.91375,1.3026,0.74919,0.01326,0.14502,0.51391,0.00001,0,0.00001,0,-0.00809,0.00001,0.46605,1.85319,0.35826,0.52951,0.008,3.13291,0.19468,0.15218,0.04964,0.26603,2.04218,2.05523,2.05153,0.00004,2.49952,0.00225,0.14502,0.19468,2.05523,2.05153,0.51391,0.52319,0.46605,0.73428,2.49952,0.09565,0.73074
2026-05-18 09:00:00,5.41462,0,0.02987,0.005,0.001,0.013,0,0.002,0.29735,0.89708,1.29615,0.81775,0.01286,0.14402,0.51115,0.00001,0,0.00001,0,-0.00759,0.00001,0.46405,1.78796,0.38327,0.45199,0.008,3.11784,0.19468,0.13871,0.00162,0.26103,2.02901,2.04923,2.05867,0.00004,2.51556,0.00225,0.14402,0.19468,2.04923,2.05867,0.51115,0.52319,0.46405,0.73416,2.51556,0.09534,0.73062
2026-05-18 10:00:00,5.60505,0,0.02962,0.002,0.001,0.001,0,0.002,0.29003,0.90817,1.29615,0.83947,0.01286,0.14402,0.51391,0.00001,0,0.00001,0,-0.00515,0.00001,0.46405,1.67978,0.35749,0.48054,0.008,3.09628,0.19468,0.11416,0.06869,0.26603,2.01562,2.06723,2.0551,0.00003,2.51556,0.00225,0.14402,0.19468,2.06723,2.0551,0.51391,0.52319,0.46405,0.73401,2.51556,0.09482,0.73051
2026-05-18 11:00:00,5.62392,0,0.03931,0.006,0.001,0.001,0,0.002,0.28798,0.89156,1.27056,0.9881,0.01286,0.14302,0.51391,0.00001,0,0.00001,0,0.00683,0.00001,0.45805,1.76827,0.36041,0.55514,0.008,3.07472,0.19468,0.10019,0.10429,0.26303,2.00222,2.05523,2.0551,0.00003,2.53164,0.00224,0.14302,0.19468,2.05523,2.0551,0.51391,0.52861,0.45805,0.73387,2.53164,0.09422,0.73041
2026-05-18 12:00:00,5.66126,0,0.04914,0.006,0.001,0.001,0,0.002,0.28391,0.88606,1.28973,1.32481,0.01326,0.14402,0.51115,0.00001,0,0.00001,0,0.01024,0.00001,0.46105,1.88014,0.40135,0.50118,0.008,3.05317,0.19468,0.07903,0.10515,0.26303,1.98897,2.05523,2.05153,0.00003,2.5397,0.00224,0.14402,0.19468,2.05523,2.05153,0.51115,0.5368,0.46105,0.73374,2.5397,0.09374,0.72253
2026-05-18 13:00:00,5.5547,0,0.04917,0.002,0.001,0.001,0,0.002,0.27989,0.87512,1.28973,1.80836,0.01326,0.14402,0.50839,0.00001,0,0.00001,0,-0.00153,0.00001,0.45805,1.85724,0.37052,0.44587,0.008,3.03161,0.19468,0.06925,0.16062,0.26103,1.98153,2.06123,2.05153,0.00003,2.56395,0.00223,0.14402,0.19468,2.06123,2.05153,0.50839,0.53954,0.45805,0.73354,2.56395,0.09339,0.70077
2026-05-18 14:00:00,5.18119,0,0.0492,-0.006,0.001,0.001,0,0.002,0.29245,0.86425,1.28333,2.21618,0.01326,0.14302,0.50839,0.00001,0,0.00001,0,-0.0118,0.00001,0.45605,1.79406,0.36052,0.45747,0.008,3.01005,0.19706,0.0681,0.17222,0.26103,1.97422,2.07323,2.05153,0.00003,2.5397,0.00223,0.14302,0.19706,2.07323,2.05153,0.50839,0.54228,0.45605,0.73325,2.5397,0.09317,0.69043
2026-05-18 15:00:00,4.70173,0,0.03934,-0.006,0.001,0.001,0,0.002,0.31245,0.85885,1.28333,2.54018,0.01326,0.14002,0.50839,0.00001,0,0.00001,0,-0.0196,0.00001,0.45805,1.70521,0.31571,0.55397,0.008,2.98849,0.19706,0.06189,0.16062,0.26103,1.96679,2.06123,2.04797,0.00003,2.54777,0.00222,0.14002,0.19706,2.06123,2.04797,0.50839,0.54228,0.45805,0.73291,2.54777,0.09288,0.68699
2026-05-18 16:00:00,4.16887,0,0.03934,-0.007,0.001,0.001,0,0.002,0.32094,0.85346,1.25787,2.69806,0.01326,0.14102,0.51115,0.00001,0,0.00001,0,-0.02543,0.00001,0.46405,1.67087,0.27376,0.54181,0.008,2.9561,0.19945,0.06214,0.13578,0.26103,1.95913,2.07323,2.04797,0.00003,2.53164,0.00221,0.14102,0.19945,2.07323,2.04797,0.51115,0.54504,0.46405,0.73257,2.53164,0.09238,0.68526
2026-05-18 17:00:00,3.74223,0,0.03931,-0.016,0.001,0.001,0,0.002,0.32492,0.83741,1.25787,2.85754,0.01326,0.14102,0.50839,0.00001,0,0.00001,0,-0.03325,0.00001,0.46405,1.57597,0.31181,0.4438,0.008,2.92371,0.19945,0.06146,0.13828,0.26303,1.95136,2.06723,2.04441,0.00004,2.51556,0.00221,0.14102,0.19945,2.06723,2.04441,0.50839,0.54504,0.46405,0.73233,2.51556,0.09181,0.68423
2026-05-18 18:00:00,3.36896,0,0.01982,-0.00792,0.001,0.001,0,0.002,0.32693,0.81104,1.23894,2.78019,0.01326,0.14002,0.50565,0.00001,0,0.00001,0,-0.03473,0.00001,0.46605,1.60739,0.25889,0.43338,0.008,2.89133,0.20185,0.07967,0.18048,0.26603,1.94368,2.07323,2.04441,0.00005,2.49952,0.0022,0.14002,0.20185,2.07323,2.04441,0.50565,0.54504,0.46605,0.73229,2.49952,0.09136,0.68354
2026-05-18 19:00:00,3.04839,0,0.01101,-0.01042,0.001,0.001,0,0.002,0.32492,0.79544,1.24523,2.46024,0.01326,0.13902,0.5029,0.00001,0,0.00001,0,-0.02784,0.00001,0.46105,1.64536,0.20655,0.47719,0.008,2.85894,0.19945,0.09411,0.20447,0.26603,1.93788,2.06123,2.04085,0.00005,2.48352,0.0022,0.13902,0.19945,2.06123,2.04085,0.5029,0.54504,0.46105,0.73242,2.48352,0.09102,0.68305
2026-05-18 20:00:00,2.94113,0,0.01279,-0.01242,0.001,0.001,0,0.002,0.32492,0.78514,1.20771,2.45611,0.01326,0.14102,0.49743,0.00001,0,0.00001,0,-0.01463,0.00001,0.46105,1.61119,0.20381,0.45374,0.008,2.82655,0.19945,0.07779,0.19535,0.26103,1.93216,2.06723,2.04085,0.00005,2.4596,0.00219,0.14102,0.19945,2.06723,2.04085,0.49743,0.54228,0.46105,0.73273,2.4596,0.09081,0.68268
2026-05-18 21:00:00,2.88744,0,0.01465,-0.00583,0.001,0.001,0,0.002,0.30735,0.76982,1.20152,2.61321,0.01286,0.14602,0.49197,0.00001,0,0.00001,0,-0.0073,0.00001,0.45605,1.59957,0.2165,0.35515,0.008,2.79416,0.19706,0.07246,0.21271,0.26303,1.92634,2.05523,2.04085,0.00005,2.45165,0.00219,0.14602,0.19706,2.05523,2.04085,0.49197,0.53406,0.45605,0.73317,2.45165,0.09053,0.68239
2026-05-18 22:00:00,2.78065,0,0.01666,-0.00692,0.001,0.001,0,0.002,0.29735,0.76982,1.19534,2.85571,0.01286,0.14702,0.48925,0.00001,0,0.00001,0,-0.0083,0.00001,0.45605,1.66509,0.24725,0.32711,0.008,2.77368,0.19468,0.06298,0.2218,0.26003,1.92026,2.05523,2.04085,0.00005,2.42787,0.00218,0.14702,0.19468,2.05523,2.04085,0.48925,0.52861,0.45605,0.73365,2.42787,0.09006,0.68216
2026-05-18 23:00:00,2.72755,0,0.02843,0.00317,0.001,0.001,0,0.002,0.27198,0.77491,1.13443,2.69531,0.01282,0.14902,0.48925,0.00001,0,0.00001,0,-0.00292,0.00001,0.45105,1.78922,0.22711,0.43381,0.007,2.7532,0.19468,0.05617,0.18039,0.26503,1.91407,2.06123,2.03887,0.00005,2.41208,0.00217,0.14902,0.19468,2.06123,2.03887,0.48925,0.52319,0.45105,0.7341,2.41208,0.08951,0.68197
2026-05-19 00:00:00,2.72755,0,0.03993,-0.00075,0.001,0.001,0,0.001,0.26147,0.74965,1.13443,2.21276,0.01286,0.14702,0.48654,0.00001,0,0.00001,0,0.00541,0.00001,0.44505,1.72887,0.21737,0.44605,0.007,2.73272,0.19468,0.05479,0.14067,0.25903,1.90795,2.06723,2.03729,0.00004,2.41208,0.00217,0.14702,0.19468,2.06723,2.03729,0.48654,0.51779,0.44505,0.73449,2.41208,0.08908,0.68182
2026-05-19 01:00:00,2.78118,0,0.05074,0.00175,0.001,0.001,0,0.001,0.23886,0.74965,1.14648,1.97029,0.01286,0.14402,0.48925,0.00001,0,0.00001,0,0.0103,0.00001,0.44505,1.64498,0.23858,0.40367,0.006,2.71223,0.19231,0.051,0.12495,0.25903,1.88993,2.07323,2.03729,0.00004,2.39632,0.00217,0.14402,0.19231,2.07323,2.03729,0.48925,0.51241,0.44505,0.73473,2.39632,0.08876,0.68168
2026-05-19 02:00:00,2.83481,0,0.06079,0.01175,0.001,0.001,0,0.001,0.23292,0.74965,1.11646,1.52788,0.01286,0.14102,0.48654,0.00001,0,0.00001,0,0.01177,0.00001,0.44305,1.71901,0.23868,0.43796,0.006,2.69175,0.19231,0.04823,0.12745,0.25703,1.8721,2.06123,2.03729,0.00004,2.38846,0.00216,0.14102,0.19231,2.06123,2.03729,0.48654,0.50706,0.44305,0.73485,2.38846,0.08856,0.68157
2026-05-19 03:00:00,2.9419,0,0.06092,0.01017,0.001,0.001,0,0.001,0.24903,0.72486,1.12244,0.96534,0.01286,0.14002,0.48925,0.00001,0,0.00001,0,0.01618,0.00001,0.44305,1.78034,0.23775,0.47289,0.007,2.67127,0.19231,0.04681,0.10927,0.25803,1.8543,2.05523,2.03374,0.00004,2.39632,0.00216,0.14002,0.19231,2.05523,2.03374,0.48925,0.50173,0.44305,0.73488,2.39632,0.08829,0.68147
2026-05-19 04:00:00,3.18696,0,0.06086,0.01425,0.001,0.001,0,0.001,0.27394,0.73968,1.12244,0.52141,0.01326,0.13902,0.48654,0.00001,0,0.00001,0,0.02501,0.00001,0.44005,1.79225,0.21669,0.43341,0.006,2.60983,0.18994,0.04792,0.10017,0.25703,1.83637,2.06123,2.03374,0.00004,2.38846,0.00215,0.13902,0.18994,2.06123,2.03374,0.48654,0.49908,0.44005,0.73467,2.38846,0.08783,0.68139
2026-05-19 05:00:00,3.40982,0,0.05095,0.01017,0.001,0.001,0,0.002,0.2235,0.74465,1.10457,0.35871,0.01326,0.13702,0.48925,0.00001,0,0.00001,0,0.02063,0.00001,0.43505,1.72555,0.20691,0.35408,0.006,2.54838,0.18994,0.04657,0.10432,0.25903,1.81845,2.06123,2.03729,0.00003,2.38061,0.00215,0.13702,0.18994,2.06123,2.03729,0.48925,0.49643,0.43505,0.73425,2.38061,0.0873,0.68131
2026-05-19 06:00:00,3.58806,0,0.05093,0.007,0.001,0.001,0,0.001,0.23292,0.71996,1.11051,0.51582,0.01286,0.13602,0.48654,0.00001,0,0.00001,0,0.00741,0.00001,0.43305,1.6808,0.20686,0.40479,0.006,2.48694,0.18994,0.04623,0.09688,0.25903,1.80073,2.05523,2.03729,0.00003,2.36494,0.00214,0.13602,0.18994,2.05523,2.03729,0.48654,0.49643,0.43305,0.73367,2.36494,0.08688,0.68124
2026-05-19 07:00:00,3.83975,0,0.06051,0.011,0.001,0.001,0,0.001,0.24492,0.73472,1.11051,0.58146,0.01286,0.13502,0.48654,0.00001,0,0.00001,0,0.00447,0.00001,0.43305,1.73835,0.1963,0.38729,0.006,2.4255,0.18758,0.04518,0.11012,0.25603,1.78962,2.06123,2.04085,0.00004,2.35712,0.00214,0.13502,0.18758,2.06123,2.04085,0.48654,0.49643,0.43305,0.73284,2.35712,0.08657,0.68118
2026-05-19 08:00:00,4.22166,0,0.05034,0.01,0.001,0.001,0,0.001,0.25107,0.71996,1.09274,0.59488,0.01286,0.13401,0.48654,0.00001,0,0.00001,0,0.00591,0.00001,0.42805,1.65232,0.18575,0.36144,0.006,2.36405,0.18523,0.04414,0.12419,0.25503,1.77869,2.06723,2.03729,0.00003,2.34932,0.00213,0.13401,0.18523,2.06723,2.03729,0.48654,0.49643,0.42805,0.7318,2.34932,0.08638,0.68113
2026-05-19 09:00:00,4.67918,0,0.0401,0.008,0.001,0.001,0,0.002,0.25107,0.71508,1.07512,0.58073,0.01286,0.13301,0.48384,0.00001,0,0.00001,0,0.00003,0.00001,0.42805,1.54553,0.1859,0.37875,0.006,2.30261,0.18523,0.04481,0.14323,0.25503,1.76773,2.07923,2.04441,0.00003,2.34153,0.00213,0.13301,0.18523,2.07923,2.04441,0.48384,0.49643,0.42805,0.7306,2.34153,0.08612,0.68108
2026-05-19 10:00:00,5.11614,0,0.03968,0.005,0.001,0.001,0,0.002,0.25107,0.71021,1.06837,0.53849,0.01246,0.13201,0.48384,0.00001,0,0.00001,0,-0.00877,0.00001,0.42305,1.53841,0.19655,0.42276,0.006,2.26067,0.18523,0.0455,0.14323,0.25503,1.75659,2.06123,2.04797,0.00003,2.34153,0.00213,0.13201,0.18523,2.06123,2.04797,0.48384,0.49908,0.42305,0.72923,2.34153,0.08568,0.68103
2026-05-19 11:00:00,5.45758,0,0.03929,0.002,0.001,0.001,0,0.002,0.24492,0.70054,1.05765,0.66278,0.01208,0.13201,0.48384,0.00001,0,0.00001,0,-0.0088,0.00001,0.41705,1.54911,0.20634,0.43921,0.005,2.21872,0.18523,0.04411,0.12086,0.25403,1.74543,2.06723,2.04797,0.00003,2.34153,0.00212,0.13201,0.18523,2.06723,2.04797,0.48384,0.50173,0.41705,0.72763,2.34153,0.08518,0.68099
2026-05-19 12:00:00,5.66097,0,0.02907,0,0.001,0.001,0,0.002,0.24289,0.69573,1.05765,0.99536,0.01171,0.13101,0.48384,0.00001,0,0.00001,0,-0.00147,0.00001,0.41505,1.53927,0.20639,0.40375,0.006,2.17678,0.18758,0.0438,0.11091,0.25303,1.73441,2.06123,2.04797,0.00003,2.34153,0.00212,0.13101,0.18758,2.06123,2.04797,0.48384,0.50439,0.41505,0.72593,2.34153,0.08478,0.67465
2026-05-19 13:00:00,5.66097,0,0.01899,-0.004,0.001,0.001,0,0.002,0.24087,0.70054,1.06346,1.33986,0.01171,0.13101,0.48384,0.00001,0,0.00001,0,0.00147,0.00001,0.41005,1.48722,0.19675,0.47321,0.006,2.13483,0.18758,0.04271,0.10512,0.25303,1.71891,2.06123,2.05867,0.00003,2.34932,0.00211,0.13101,0.18758,2.06123,2.05867,0.48384,0.50706,0.41005,0.72423,2.34932,0.08448,0.65918
2026-05-19 14:00:00,5.46578,0,0.01882,-0.006,0.001,0.001,0,0.002,0.23886,0.67668,1.06928,1.5474,0.01135,0.13001,0.48384,0.00001,0,0.00001,0,-0.01174,0.00001,0.40204,1.45295,0.20721,0.47063,0.007,2.09289,0.18758,0.04203,0.09767,0.25403,1.70358,2.07323,2.06224,0.00003,2.34153,0.0021,0.13001,0.18758,2.07323,2.06224,0.48384,0.50973,0.40204,0.72256,2.34153,0.0843,0.65597
2026-05-19 15:00:00,5.14159,0,0.01874,-0.004,0.001,0.001,0,0.002,0.24289,0.6768,1.05765,1.82281,0.011,0.13001,0.48384,0.00001,0,0.00001,0,-0.02642,0,0.40705,1.42806,0.18692,0.48461,0.008,2.05094,0.18758,0.04272,0.0836,0.25603,1.68827,2.06723,2.06581,0.00003,2.33374,0.0021,0.13001,0.18758,2.06723,2.06581,0.48384,0.50973,0.40705,0.72102,2.33374,0.08406,0.65491
2026-05-19 16:00:00,4.75308,0,0.01871,0.002,0.001,0.001,0,0.002,0.25519,0.67668,1.06346,2.23733,0.01066,0.13001,0.48384,0.00001,0,0.00001,0,-0.02057,0.00001,0.41005,1.39508,0.17647,0.47126,0.008,1.99821,0.18758,0.04163,0.0836,0.25403,1.67282,2.07323,2.06224,0.00005,2.31821,0.00209,0.13001,0.18758,2.07323,2.06224,0.48384,0.50973,0.41005,0.71962,2.31821,0.08365,0.65437
2026-05-19 17:00:00,4.4286,0,0.01874,-0.00108,0.001,0.001,0,0.002,0.25727,0.67195,1.05185,2.44499,0.01001,0.13001,0.48384,0.00001,0,0.00001,0,-0.01177,0.00001,0.40505,1.38654,0.17637,0.46724,0.009,1.94548,0.18758,0.04095,0.09718,0.25403,1.65737,2.06723,2.06224,0,2.32597,0.00208,0.13001,0.18758,2.06723,2.06224,0.48384,0.51241,0.40505,0.71834,2.32597,0.08317,0.65405
2026-05-19 18:00:00,4.2337,0,0.02866,-0.00617,0.001,0.001,0,0.002,0.25519,0.66725,1.04032,2.37656,0.00969,0.13001,0.48654,0.00001,0,0.00001,0,-0.01618,0.00001,0.41005,1.40103,0.16576,0.43503,0.009,1.89276,0.18758,0.042,0.11805,0.25403,1.6421,2.07323,2.06581,0.00005,2.32597,0.00207,0.13001,0.18758,2.07323,2.06581,0.48654,0.51241,0.41005,0.71717,2.32597,0.08279,0.65384
2026-05-19 19:00:00,4.10376,0,0.03851,-0.00617,0.001,0.001,0,0.002,0.26147,0.66725,1.03457,2.37948,0.00939,0.13001,0.48654,0.00001,0,0.00001,0,-0.02501,0.00001,0.40705,1.41866,0.18595,0.37597,0.009,1.84003,0.18764,0.04177,0.11608,0.2535,1.63301,2.07323,2.06224,0.00004,2.33374,0.00207,0.13001,0.18764,2.07323,2.06224,0.48654,0.50973,0.40705,0.71611,2.33374,0.08251,0.65369
2026-05-19 20:00:00,4.03879,0,0.03845,-0.01142,0.001,0.001,0,0.002,0.27591,0.65791,1.02883,2.52231,0.00909,0.12701,0.48384,0.00001,0,0.00001,0,-0.02354,0.00001,0.40505,1.44395,0.17601,0.37153,0.009,1.7873,0.18758,0.04153,0.11608,0.25303,1.62406,2.07323,2.06581,0.00004,2.34153,0.00206,0.12701,0.18758,2.07323,2.06581,0.48384,0.50439,0.40505,0.71517,2.34153,0.08234,0.65357
2026-05-19 21:00:00,3.97354,0,0.04831,-0.02067,0.001,0.001,0,0.002,0.28594,0.64403,1.02312,2.60028,0.00909,0.12401,0.48654,0.00001,0,0.00001,0,-0.01033,0.00001,0.40004,1.4518,0.18656,0.35632,0.008,1.73457,0.18523,0.0413,0.12501,0.25703,1.61507,2.07323,2.06224,0.00004,2.34932,0.00206,0.12401,0.18523,2.07323,2.06224,0.48654,0.50439,0.40004,0.71434,2.34932,0.0821,0.65348
2026-05-19 22:00:00,3.84361,0,0.04834,-0.02392,-0.011,0.001,0,0.002,0.28798,0.64403,1.02312,2.40292,0.00881,0.12101,0.48114,0.00001,0,0.00001,0,-0.01033,0.00001,0.40204,1.41687,0.20696,0.35337,0.008,1.73457,0.18289,0.04093,0.12501,0.24903,1.60592,2.06723,2.06581,0.00004,2.33374,0.00205,0.12101,0.18289,2.06723,2.06581,0.48114,0.50173,0.40204,0.71357,2.33374,0.08169,0.65341
2026-05-19 23:00:00,3.64935,0,0.03839,-0.018,0.001,0.001,0,0.001,0.29245,0.63944,0.98919,2.06645,0.00853,0.12001,0.48384,0.00001,0,0.00001,0,-0.01177,0.00001,0.40004,1.3996,0.18636,0.32347,0.008,1.73457,0.18056,0.03921,0.10762,0.25303,1.59675,2.06723,2.06939,0.00004,2.32597,0.00205,0.12001,0.18056,2.06723,2.06939,0.48384,0.49908,0.40004,0.7129,2.32597,0.08122,0.65335
2026-05-20 00:00:00,3.38984,0,0.03833,-0.01358,0.001,0.001,0,0.001,0.2949,0.62578,0.9948,1.72776,0.00826,0.11901,0.48384,0.00001,0,0.00001,0,-0.00294,0.00001,0.39804,1.37943,0.18651,0.37538,0.008,1.73457,0.18289,0.04026,0.08113,0.25203,1.58769,2.06723,2.06581,0.00004,2.30272,0.00204,0.11901,0.18289,2.06723,2.06581,0.48384,0.49643,0.39804,0.71221,2.30272,0.08084,0.6533
2026-05-20 01:00:00,3.19587,0,0.03833,-0.01308,0.001,0.001,0,0.001,0.28798,0.62578,0.978,1.31624,0.008,0.12101,0.48384,0.00001,0,0.00001,0,0.00294,0.00001,0.40004,1.35776,0.18605,0.36505,0.008,1.73457,0.18523,0.03953,0.07451,0.25303,1.58469,2.06723,2.06581,0.00003,2.31821,0.00204,0.12101,0.18523,2.06723,2.06581,0.48384,0.49643,0.40004,0.71139,2.31821,0.08056,0.65326
2026-05-20 02:00:00,3.00125,0,0.03845,-0.00592,0.001,0.001,0,0.001,0.29245,0.62126,0.98359,0.83336,0.00764,0.12001,0.48114,0.00001,0,0.00001,0,0.00883,0.00001,0.39504,1.41327,0.19595,0.3368,0.008,1.73457,0.18523,0.04059,0.0836,0.25503,1.5818,2.06123,2.06224,0.00003,2.31046,0.00203,0.12001,0.18523,2.06123,2.06224,0.48114,0.49379,0.39504,0.71042,2.31046,0.0804,0.65323
2026-05-20 03:00:00,2.80634,0,0.03848,0.00817,0.001,0.001,0,0.001,0.28798,0.61676,0.96135,0.41527,0.00729,0.11801,0.47844,0.00001,0,0.00001,0,0.01321,0.00001,0.39304,1.43903,0.18565,0.33704,0.008,1.73457,0.18523,0.03987,0.07448,0.24903,1.57886,2.06123,2.06224,0.00003,2.31821,0.00203,0.11801,0.18523,2.06123,2.06224,0.47844,0.49114,0.39304,0.70944,2.31821,0.08017,0.6532
2026-05-20 04:00:00,2.71308,0,0.03839,0.01534,0.001,0.001,0,0.001,0.29003,0.61228,0.95583,0.27252,0.00729,0.11601,0.47844,0.00001,0,0.00001,0,0.01318,0.00001,0.39304,1.39756,0.16495,0.33374,0.008,1.73457,0.18523,0.04023,0.07448,0.24903,1.57576,2.07323,2.06224,0.00003,2.31046,0.00203,0.11601,0.18523,2.07323,2.06224,0.47844,0.49114,0.39304,0.70859,2.31046,0.07979,0.65317
2026-05-20 05:00:00,2.71979,0,0.04831,0.01692,0.001,0.001,0,0.001,0.28798,0.59895,0.95583,0.20035,0.00729,0.11301,0.47844,0.00001,0,0.00001,0,0.00877,0.00001,0.39004,1.37667,0.18541,0.35071,0.008,1.73457,0.18758,0.03958,0.10762,0.25003,1.5726,2.06723,2.06224,0.00003,2.30272,0.00202,0.11301,0.18758,2.06723,2.06224,0.47844,0.48851,0.39004,0.70776,2.30272,0.07935,0.65315
2026-05-20 06:00:00,2.78352,0,0.0582,0.01792,0.001,0.001,0,0.001,0.28594,0.61228,0.94484,0.19874,0.00696,0.11001,0.47575,0.00001,0,0.00001,0,0.00583,0.00001,0.39504,1.39711,0.19562,0.33049,0.008,1.73457,0.18758,0.03994,0.1341,0.25103,1.56955,2.05523,2.06581,0.00003,2.30272,0.00202,0.11001,0.18758,2.05523,2.06581,0.47575,0.48851,0.39504,0.70689,2.30272,0.07901,0.65313
2026-05-20 07:00:00,2.78837,0,0.0484,0.02109,0.001,0.001,0,0.001,0.28594,0.61676,0.93482,0.21289,0.00696,0.10901,0.47575,0.00001,0,0.00001,0,0.00877,0.00001,0.39304,1.39643,0.18543,0.36416,0.008,1.73457,0.18758,0.03886,0.14817,0.25003,1.55904,2.05523,2.06224,0.00003,2.30272,0.00202,0.10901,0.18758,2.05523,2.06224,0.47575,0.48589,0.39304,0.706,2.30272,0.07875,0.65311
2026-05-20 08:00:00,2.79415,0,0.0484,0.01959,0.001,0.001,0,0.001,0.27989,0.62126,0.92846,0.23514,0.00633,0.10801,0.47307,0.00001,0,0.00001,0,0.01465,0.00001,0.39004,1.35583,0.17549,0.38252,0.008,1.73457,0.18758,0.03885,0.16971,0.24703,1.54864,2.06123,2.06224,0.00003,2.30272,0.00201,0.10801,0.18758,2.06123,2.06224,0.47307,0.48589,0.39004,0.70512,2.30272,0.0786,0.65309
2026-05-20 09:00:00,2.85031,0,0.04828,0.01284,0.001,0.001,0,0.002,0.27989,0.63944,0.94484,0.27073,0.0055,0.10701,0.47307,0.00001,0,0.00001,0,0.01468,0.00001,0.39504,1.39395,0.19568,0.40067,0.008,1.73457,0.18758,0.03921,0.23266,0.24703,1.5382,2.07323,2.06224,0.00003,2.30272,0.00201,0.10701,0.18758,2.07323,2.06224,0.47307,0.48327,0.39504,0.70427,2.30272,0.07838,0.65308
2026-05-20 10:00:00,2.86896,0,0.04831,0.00233,0.001,0.001,0,0.002,0.29003,0.64864,0.93936,0.13428,0.0055,0.10701,0.47039,0.00001,0,0.00001,0,0.0103,0.00001,0.39504,1.45089,0.19513,0.40045,0.007,1.73671,0.18523,0.03992,0.25419,0.24703,1.52763,2.06123,2.06224,0.00003,2.30272,0.00201,0.10701,0.18523,2.06123,2.06224,0.47039,0.48327,0.39504,0.70339,2.30272,0.07802,0.65306
2026-05-20 11:00:00,2.85223,0,0.04837,-0.00475,0.001,0.001,0,0.002,0.28798,0.63031,0.94484,0.136,0.0055,0.10601,0.47039,0.00001,0,0.00001,0,0.00735,0.00001,0.39504,1.4687,0.18453,0.41504,0.007,1.73884,0.18758,0.03884,0.16778,0.24703,1.517,2.05523,2.06581,0.00003,2.30272,0.002,0.10601,0.18758,2.05523,2.06581,0.47039,0.48327,0.39504,0.70248,2.30272,0.0776,0.65305
2026-05-20 12:00:00,2.84373,0,0.02863,-0.02709,0.013,0.001,0,0.002,0.28798,0.63031,0.95583,0.55873,0.00604,0.10401,0.46771,0.00001,0,0.00001,0,0.00588,0.00001,0.39804,1.5058,0.18463,0.42961,0.007,1.74098,0.18523,0.03893,0.1201,0.24613,1.50649,2.00722,2.07655,0.00003,2.30272,0.002,0.10401,0.18523,2.00722,2.07655,0.46771,0.48327,0.39804,0.70155,2.30272,0.07727,0.65138
2026-05-20 13:00:00,2.89355,0,0.01874,-0.04409,-0.011,0.001,0,0.002,0.29245,0.63487,0.96688,0.9838,0.00604,0.10401,0.46771,0.00001,0,0.00001,0,0,0.00001,0.39804,1.49062,0.17514,0.42553,0.007,1.74311,0.18523,0.03875,0.13599,0.24503,1.49554,1.96622,2.07655,0.00003,2.30272,0.00199,0.10401,0.18523,1.96622,2.07655,0.46771,0.48589,0.39804,0.70053,2.30272,0.07702,0.6469
2026-05-20 14:00:00,2.94331,0,0.01874,-0.03709,0.001,0.001,0,0.002,0.28391,0.63487,0.96688,1.40475,0.00604,0.10401,0.46504,0.00001,0,0.00001,0,-0.01177,0.00001,0.40204,1.43806,0.18455,0.43637,0.007,1.74524,0.18523,0.03856,0.11611,0.24503,1.48469,1.93622,2.07655,0.00003,2.30272,0.00198,0.10401,0.18523,1.93622,2.07655,0.46504,0.48589,0.40204,0.69949,2.30272,0.07687,0.64415
2026-05-20 15:00:00,2.94353,0,0.02863,-0.03392,0.001,0.001,0,0.002,0.27591,0.64403,0.95583,1.41154,0.00604,0.10201,0.46504,0.00001,0,0.00001,0,-0.0206,0.00001,0.40004,1.43204,0.17333,0.40965,0.007,1.74738,0.18758,0.03884,0.05053,0.24703,1.47383,1.89521,2.08013,0.00003,2.30272,0.00198,0.10201,0.18758,1.89521,2.08013,0.46504,0.48589,0.40004,0.69845,2.30272,0.07666,0.64323
2026-05-20 16:00:00,2.89405,0,0.02866,-0.02909,0.001,0.001,0,0.002,0.27394,0.63487,0.97244,1.42157,0.00576,0.10001,0.46238,0.00001,0,0.00001,0,-0.02207,0.00001,0.40004,1.43815,0.16328,0.43289,0.007,1.75973,0.18523,0.03919,0.06295,0.24903,1.46287,1.84321,2.07655,0.00004,2.30272,0.00197,0.10001,0.18523,1.84321,2.07655,0.46238,0.48327,0.40004,0.69734,2.30272,0.07631,0.64277
2026-05-20 17:00:00,2.79398,0,0.02857,-0.022,0.001,0.001,0,0.002,0.27591,0.62578,0.98359,1.4278,0.00576,0.09901,0.46238,0.00001,0,0.00001,0,-0.01765,0.00001,0.40004,1.42517,0.16292,0.42321,0.007,1.7721,0.18523,0.03882,0.06871,0.24503,1.45188,1.8022,2.07655,0.00003,2.30272,0.00196,0.09901,0.18523,1.8022,2.07655,0.46238,0.48327,0.40004,0.69625,2.30272,0.07591,0.64249
2026-05-20 18:00:00,2.69412,0,0.03849,0.005,0.001,0.001,0,0.002,0.2819,0.64403,0.97244,1.42437,0.0055,0.09801,0.46238,0.00001,0,0.00001,0,-0.01324,0.00001,0.40204,1.37372,0.16141,0.43182,0.007,1.78445,0.18758,0.03918,0.09438,0.25003,1.441,1.7512,2.08013,0.00004,2.30272,0.00195,0.09801,0.18758,1.7512,2.08013,0.46238,0.48066,0.40204,0.69526,2.30272,0.07559,0.64231
2026-05-20 19:00:00,2.54423,0,0.0484,0.0005,0.001,0.001,0,0.002,0.2779,0.63487,0.95033,1.42571,0.0055,0.09701,0.45972,0.00001,0,0.00001,0,-0.01765,0.00001,0.40204,1.37516,0.17939,0.40667,0.007,1.78606,0.18758,0.03817,0.11177,0.24703,1.44106,1.72219,2.08013,0.00003,2.30272,0.00195,0.09701,0.18758,1.72219,2.08013,0.45972,0.48066,0.40204,0.69433,2.30272,0.07535,0.64218
2026-05-20 20:00:00,2.29433,0,0.04826,-0.0235,-0.012,0.001,0,0.002,0.27989,0.62578,0.94484,1.43701,0.00524,0.09601,0.45972,0.00001,0,0.00001,0,-0.01765,0.00001,0.39804,1.45424,0.1881,0.383,0.007,1.78768,0.18523,0.03888,0.08943,0.24903,1.44117,1.70519,2.07655,0.00003,2.30272,0.00194,0.09601,0.18523,1.70519,2.07655,0.45972,0.47806,0.39804,0.69339,2.30272,0.0752,0.64208
2026-05-20 21:00:00,2.04415,0,0.02857,-0.02459,0,0.001,0,0.002,0.28594,0.60782,0.96135,1.43927,0.00524,0.09501,0.45442,0.00001,0,0.00001,0,-0.00588,0.00001,0.39804,1.45971,0.17637,0.39922,0.007,1.7893,0.18289,0.03888,0.06957,0.24903,1.44125,1.69419,2.08013,0.00003,2.31046,0.00194,0.09501,0.18289,1.69419,2.08013,0.45442,0.47546,0.39804,0.69255,2.31046,0.075,0.642
2026-05-20 22:00:00,1.89404,0,0.02863,-0.02792,0,0.001,0,0.001,0.28391,0.60337,0.96135,1.42647,0.005,0.09301,0.45442,0.00001,0,0.00001,0,0.00294,0.00001,0.39804,1.44231,0.17448,0.36945,0.007,1.79091,0.18289,0.03853,0.06957,0.24603,1.44119,1.70019,2.08013,0.00001,2.31046,0.00193,0.09301,0.18289,1.70019,2.08013,0.45442,0.47287,0.39804,0.69181,2.31046,0.07466,0.64194
2026-05-20 23:00:00,1.79422,0,0.02863,-0.02075,0,0.001,0,0.001,0.2819,0.61676,0.95033,1.41295,0.005,0.09301,0.45178,0.00001,0,0.00001,0,0.00441,0.00001,0.39304,1.42293,0.19355,0.37681,0.007,1.79253,0.18056,0.03988,0.12834,0.24503,1.44105,1.68819,2.08371,0.00002,2.30272,0.00193,0.09301,0.18056,1.68819,2.08371,0.45178,0.47028,0.39304,0.69098,2.30272,0.07427,0.64189
2026-05-21 00:00:00,1.74443,0,0.02863,-0.00783,0,0.001,0,0.001,0.2779,0.60337,0.93936,1.41476,0.00475,0.09201,0.45178,0.00001,0,0.00001,0,0.00147,0.00001,0.39004,1.42219,0.18292,0.33409,0.006,1.79414,0.18056,0.03918,0.1424,0.24703,1.441,1.70019,2.0873,0.00002,2.30272,0.00192,0.09201,0.18056,1.70019,2.0873,0.45178,0.47028,0.39004,0.69001,2.30272,0.07396,0.64185
2026-05-21 01:00:00,1.79503,0,0.03848,0.02367,0,0.001,0,0.001,0.26787,0.60782,0.94484,1.42203,0.00452,0.09101,0.44915,0.00001,0,0.00001,0,0.00883,0.00001,0.38804,1.44218,0.17239,0.34304,0.006,1.80161,0.18056,0.03781,0.12089,0.24503,1.44103,1.70019,2.09089,0.00002,2.30272,0.00192,0.09101,0.18056,1.70019,2.09089,0.44915,0.4677,0.38804,0.68897,2.30272,0.07373,0.64181
2026-05-21 02:00:00,1.99467,0,0.04843,0.04509,0,-0.011,0,0.001,0.26787,0.60337,0.91224,1.41968,0.00452,0.09001,0.44915,0.00001,0,0.00001,0,0.01471,0.00001,0.38504,1.42137,0.16212,0.35225,0.007,1.80909,0.18289,0.03852,0.15317,0.24703,1.44113,1.68819,2.09089,0,2.31046,0.00191,0.09001,0.18289,1.68819,2.09089,0.44915,0.46513,0.38504,0.68785,2.31046,0.07359,0.64178
2026-05-21 03:00:00,2.24407,0,0.05829,0.04542,0,0.001,0,0.001,0.27591,0.59454,0.9339,1.41119,0.00429,0.08901,0.44652,0.00001,0,0.00001,0,0.01174,0.00001,0.38504,1.34815,0.17288,0.32421,0.007,1.81657,0.18056,0.03887,0.16395,0.24503,1.44121,1.70519,2.0873,0.00002,2.31046,0.00191,0.08901,0.18056,1.70519,2.0873,0.44652,0.46256,0.38504,0.68662,2.31046,0.0734,0.64176
2026-05-21 04:00:00,2.44422,0,0.05823,0.05192,0,0.001,0,0.001,0.2819,0.59454,0.90687,1.40819,0.00429,0.08701,0.44652,0.00001,0,0.00001,0,0.01171,0.00001,0.38304,1.32582,0.18333,0.3256,0.007,1.82404,0.18056,0.03852,0.1623,0.24303,1.44115,1.70519,2.07655,0.00002,2.31821,0.00191,0.08701,0.18056,1.70519,2.07655,0.44652,0.46,0.38304,0.68537,2.31821,0.07307,0.64174
2026-05-21 05:00:00,2.64461,0,0.05829,0.047,0.013,0.001,0,0.001,0.27989,0.59895,0.91763,1.39773,0.00429,0.08501,0.44652,0.00001,0,0.00001,0,0.00877,0.00001,0.38004,1.40337,0.16319,0.32918,0.006,1.83152,0.18056,0.03925,0.14576,0.24403,1.44103,1.70019,2.06939,0.00002,2.31821,0.0019,0.08501,0.18056,1.70019,2.06939,0.44652,0.45745,0.38004,0.68417,2.31821,0.07269,0.64171
2026-05-21 06:00:00,2.7996,0,0.05829,0.03342,0,0.013,0,0.001,0.27989,0.60337,0.90151,1.3923,0.00429,0.08401,0.44389,0.00001,0,0.00001,0,0.00436,0.00001,0.38004,1.40154,0.17333,0.36923,0.006,1.83899,0.18289,0.03854,0.14576,0.24403,1.441,1.71119,2.05867,0.00002,2.33374,0.0019,0.08401,0.18289,1.71119,2.05867,0.44389,0.45745,0.38004,0.68294,2.33374,0.0724,0.6417
2026-05-21 07:00:00,2.90943,0,0.04831,0.02908,0,0.001,0,0.001,0.2779,0.62126,0.89084,1.39004,0.00408,0.08301,0.44389,0.00001,0,0.00001,0,0.00141,0.00001,0.38004,1.40052,0.17338,0.37614,0.006,1.85465,0.18056,0.03889,0.13166,0.24303,1.4417,1.71119,2.04085,0.00002,2.33374,0.0019,0.08301,0.18056,1.71119,2.04085,0.44389,0.4549,0.38004,0.68164,2.33374,0.07217,0.64168
2026-05-21 08:00:00,2.97057,0,0.03842,0.02959,0,0.001,0,0.001,0.27591,0.63487,0.89617,1.3839,0.00408,0.08301,0.44389,0.00001,0,0.00001,0,0.00285,0.00001,0.38004,1.46074,0.17342,0.40278,0.006,1.87032,0.18056,0.03819,0.10765,0.24503,1.44249,1.71119,2.02309,0.00002,2.33374,0.00189,0.08301,0.18056,1.71119,2.02309,0.44389,0.4549,0.38004,0.68031,2.33374,0.07204,0.64167
2026-05-21 09:00:00,2.9823,0,0.03845,0.024,0,0.001,0,0.001,0.27394,0.65326,0.88553,1.38128,0.00408,0.08201,0.44389,0.00001,0,0.00001,0,0.0058,0.00001,0.38004,1.52199,0.17347,0.44138,0.006,1.88599,0.17824,0.03854,0.12501,0.24203,1.44323,1.71719,2.00186,0.00002,2.34153,0.00189,0.08201,0.17824,1.71719,2.00186,0.44389,0.4549,0.38004,0.67902,2.34153,0.07185,0.64165
2026-05-21 10:00:00,3.05744,0,0.02862,0.01842,0,0.001,0,0.002,0.2819,0.66257,0.91763,1.37072,0.00408,0.08201,0.44389,0.00001,0,0.00001,0,0.00141,0.00001,0.38004,1.5843,0.17352,0.4621,0.006,1.90165,0.17592,0.03889,0.12748,0.24103,1.44385,1.71119,1.98775,0.00003,2.34932,0.00188,0.08201,0.17592,1.71119,1.98775,0.44389,0.45236,0.38004,0.67769,2.34932,0.07154,0.64164
2026-05-21 11:00:00,3.19626,0,0.02862,0.01409,0,0.001,0,0.001,0.28391,0.66257,0.92304,1.36712,0.00408,0.08201,0.44389,0.00001,0,0.00001,0,-0.00153,0.00001,0.38304,1.58778,0.18356,0.46313,0.006,1.91732,0.17592,0.03819,0.11836,0.24403,1.44443,1.71719,1.96667,0.00002,2.35712,0.00188,0.08201,0.17592,1.71719,1.96667,0.44389,0.45236,0.38304,0.67626,2.35712,0.07117,0.64163
2026-05-21 12:00:00,3.3305,0,0.03401,0.01134,0,0.001,0,0.002,0.28594,0.67195,0.96688,1.36489,0.00408,0.08301,0.44389,0.00001,0,0.00001,0,-0.00445,0.00001,0.38304,1.63205,0.18352,0.47752,0.006,1.93298,0.17592,0.03961,0.11754,0.24503,1.44508,1.71719,1.95617,0.00003,2.36494,0.00187,0.08301,0.17592,1.71719,1.95617,0.44389,0.45236,0.38304,0.67475,2.36494,0.07089,0.63881
2026-05-21 13:00:00,3.45927,0,0.02861,0.00817,0.013,0.001,0,0.002,0.2819,0.67668,0.97244,1.37343,0.00408,0.08301,0.44389,0.00001,0,0.00001,0,0.07186,0.00001,0.38504,1.67673,0.18352,0.50945,0.006,1.94487,0.18056,0.03783,0.13908,0.24203,1.45991,1.72819,1.94219,0.00002,2.37277,0.00186,0.08301,0.18056,1.72819,1.94219,0.44389,0.45745,0.38504,0.6731,2.37277,0.07067,0.63592
2026-05-21 14:00:00,3.58749,0,0.02586,0.00675,0,0.001,0,0.002,0.28391,0.68617,0.978,1.39024,0.00408,0.08401,0.44389,0.00001,0,0.00001,0,0.15553,0.00001,0.38004,1.66019,0.18352,0.52076,0.006,1.95678,0.18289,0.03854,0.12251,0.24203,1.47481,1.72219,1.92477,0.00002,2.37277,0.00186,0.08401,0.18289,1.72219,1.92477,0.44389,0.4549,0.38004,0.6714,2.37277,0.07054,0.63591
2026-05-21 15:00:00,3.71534,0,0.03182,0.01067,0,0.001,0,0.002,0.2819,0.67668,1.00608,1.41323,0.00408,0.08401,0.44389,0.00001,0,0.00001,0,0.06751,0.00001,0.37804,1.65296,0.18352,0.52051,0.006,1.96867,0.18758,0.0399,0.10762,0.24403,1.48968,1.72819,1.90396,0.00003,2.36494,0.00185,0.08401,0.18758,1.72819,1.90396,0.44389,0.4549,0.37804,0.66974,2.36494,0.07037,0.63589
2026-05-21 16:00:00,3.71498,0,0.04736,0.01717,-0.012,0.001,0,0.002,0.29245,0.70054,0.9948,1.43738,0.00429,0.08601,0.44652,0.00001,0,0.00001,0,-0.02496,0.00001,0.38004,1.59865,0.18352,0.50332,0.006,1.98056,0.18994,0.04062,0.12336,0.24203,1.50443,1.72819,1.88324,0.00003,2.36494,0.00184,0.08601,0.18994,1.72819,1.88324,0.44652,0.4549,0.38004,0.66826,2.36494,0.07008,0.63587
2026-05-21 17:00:00,3.65101,0,0.04324,0.02292,0,0.001,0,0.002,0.29245,0.68617,0.978,1.44636,0.00452,0.0863,0.44652,0.00001,0,0.00001,0,-0.02496,0.00001,0.37804,1.5652,0.19339,0.51637,0.005,1.99247,0.18994,0.03813,0.10765,0.24503,1.51913,1.72219,1.85917,0.00003,2.35712,0.00184,0.0863,0.18994,1.72219,1.85917,0.44652,0.4549,0.37804,0.66701,2.35712,0.06974,0.63586
2026-05-21 18:00:00,3.58713,0,0.03363,0.02467,0,0.001,0,0.002,0.28798,0.68617,1.01743,1.46125,0.00452,0.08657,0.44652,0.00001,0,0.00001,0,-0.01763,0.00001,0.37804,1.57164,0.19268,0.49386,0.005,2.00436,0.18994,0.03955,0.09938,0.24303,1.5339,1.71719,1.84517,0.00003,2.35712,0.00183,0.08657,0.18994,1.71719,1.84517,0.44652,0.4549,0.37804,0.66603,2.35712,0.06947,0.63583
2026-05-21 19:00:00,3.45927,0,0.04429,0.02892,0,0.001,0,0.002,0.28798,0.68617,1.01175,1.4707,0.00452,0.08684,0.44915,0.00001,0,0.00001,0,-0.09979,0.00001,0.38004,1.56076,0.19171,0.46868,0.005,2.01814,0.18994,0.04026,0.09108,0.24203,1.54863,1.71119,1.82336,0.00003,2.33374,0.00183,0.08684,0.18994,1.71119,1.82336,0.44915,0.45745,0.38004,0.66532,2.33374,0.06927,0.63581
2026-05-21 20:00:00,3.33078,0,0.04204,0.03209,0,0.001,0,0.001,0.28391,0.68141,1.00608,1.46133,0.00452,0.08707,0.45178,0.00001,0,0.00001,0,-0.19079,0.00001,0.38004,1.53377,0.20088,0.4449,0.005,2.03193,0.18994,0.04027,0.10765,0.24303,1.56343,1.71719,1.8125,0.00002,2.33374,0.00182,0.08707,0.18994,1.71719,1.8125,0.45178,0.45745,0.38004,0.6647,2.33374,0.06915,0.63579
2026-05-21 21:00:00,3.20256,0,0.02107,0.036,-0.012,0.001,0,0.001,0.28594,0.67668,0.98359,1.4686,0.00452,0.08735,0.45178,0.00001,0,0.00001,0,-0.09691,0.00001,0.38304,1.52919,0.21009,0.42747,0.006,2.04571,0.18994,0.04064,0.12339,0.24503,1.56232,1.71719,1.79446,0.00002,2.31046,0.00182,0.08735,0.18994,1.71719,1.79446,0.45178,0.46,0.38304,0.66411,2.31046,0.06899,0.63576
2026-05-21 22:00:00,3.20284,0,0.01032,0.04209,0,-0.011,0,0.001,0.29003,0.65791,0.9948,1.48557,0.00452,0.0877,0.45178,0.00001,0,0.00001,0,0.00583,0.00001,0.38504,1.56064,0.19908,0.43357,0.006,2.05949,0.18758,0.03922,0.09358,0.24203,1.56108,1.71719,1.78727,0.00002,2.28727,0.00181,0.0877,0.18758,1.71719,1.78727,0.45178,0.46,0.38504,0.66353,2.28727,0.06871,0.63572
2026-05-21 23:00:00,3.20256,0,0.01924,0.035,0,0.001,0,0.001,0.2949,0.65326,0.96135,1.48064,0.00452,0.08796,0.45178,0.00001,0,0.00001,0,0.00583,0.00001,0.38304,1.5908,0.1681,0.42218,0.005,2.07328,0.18758,0.041,0.12669,0.24203,1.55982,1.71119,1.77651,0.00002,2.27957,0.00181,0.08796,0.18758,1.71119,1.77651,0.45178,0.45745,0.38304,0.66296,2.27957,0.06839,0.63568
2026-05-22 00:00:00,3.07379,0,0.02815,0.02384,0,0.001,0,0.001,0.29735,0.64864,0.98359,1.46797,0.00452,0.08815,0.45178,0.00001,0,0.00001,0,-0.00006,0.00001,0.38004,1.58011,0.17798,0.42823,0.005,2.08706,0.18523,0.03852,0.14902,0.24303,1.5586,1.71719,1.76577,0.00001,2.24886,0.0018,0.08815,0.18523,1.71719,1.76577,0.45178,0.4549,0.38004,0.66241,2.24886,0.06813,0.63564
2026-05-22 01:00:00,3.07415,0,0.02762,0.01959,0,0.001,0,0.001,0.29003,0.65791,0.978,1.4643,0.00452,0.08825,0.45178,0.00001,0,0.00001,0,0.01757,0.00001,0.37604,1.56494,0.17798,0.40145,0.005,2.12078,0.18289,0.03922,0.13331,0.24103,1.56038,1.70519,1.75506,0.00002,2.23357,0.0018,0.08825,0.18289,1.70519,1.75506,0.45178,0.4549,0.37604,0.66184,2.23357,0.06794,0.63559
2026-05-22 02:00:00,3.20293,0,0.02754,0.01767,0,0.001,0,0.001,0.2779,0.63487,0.96688,1.45544,0.00452,0.08823,0.45178,0.00001,0,0.00001,0,0.0352,0.00001,0.37304,1.56618,0.16784,0.40891,0.005,2.15452,0.18056,0.04029,0.12586,0.24203,1.56224,1.71119,1.7515,0.00001,2.21833,0.00179,0.08823,0.18056,1.71119,1.7515,0.45178,0.45745,0.37304,0.66124,2.21833,0.06783,0.63552
2026-05-22 03:00:00,3.33078,0,0.0374,0.011,0,0.001,0,0.001,0.27591,0.63944,0.96688,1.45013,0.00452,0.08806,0.45178,0.00001,0,0.00001,0,0.02054,0.00001,0.37104,1.53525,0.16776,0.42609,0.005,2.18824,0.18056,0.04058,0.12669,0.24103,1.56404,1.71719,1.74437,0.00001,2.19554,0.00179,0.08806,0.18056,1.71719,1.74437,0.45178,0.45236,0.37104,0.66062,2.19554,0.06766,0.63545
2026-05-22 04:00:00,3.39475,0,0.0472,-0.00658,0,0.001,0,0.001,0.27591,0.64403,0.95033,1.45679,0.00452,0.08779,0.44915,0.00001,0,0.00001,0,0,0.00001,0.36604,1.51483,0.17781,0.43939,0.007,2.22196,0.18056,0.0413,0.1565,0.23903,1.56573,1.71119,1.73726,0.00002,2.20314,0.00178,0.08779,0.18056,1.71119,1.73726,0.44915,0.45236,0.36604,0.65992,2.20314,0.06739,0.63535
2026-05-22 05:00:00,3.52324,0,0.04718,-0.00342,0,0.001,0,0.001,0.27989,0.66725,0.95033,1.45259,0.00452,0.08749,0.44915,0.00001,0,0.00001,0,0.00294,0.00001,0.36604,1.55303,0.198,0.44437,0.009,2.2557,0.18056,0.04059,0.1565,0.23703,1.56738,1.72219,1.73372,0.00002,2.18797,0.00178,0.08749,0.18056,1.72219,1.73372,0.44915,0.44982,0.36604,0.65908,2.18797,0.06707,0.63522
2026-05-22 06:00:00,3.84412,0,0.04718,0.01284,0,0.013,0,0.001,0.27989,0.68617,0.92846,1.44851,0.00452,0.08724,0.44915,0.00001,0,0.00001,0,0.00883,0.00001,0.36404,1.63088,0.1879,0.43616,0.01,2.28942,0.18056,0.04131,0.16645,0.23803,1.56909,1.71719,1.73017,0.00002,2.17287,0.00177,0.08724,0.18056,1.71719,1.73017,0.44915,0.44982,0.36404,0.65817,2.17287,0.06681,0.63506
2026-05-22 07:00:00,3.83479,0,0.04721,0.01175,0,0.001,0,0.001,0.2819,0.71996,0.9339,1.44215,0.00429,0.08701,0.44915,0.00001,0,0.00001,0,0.07337,0.00001,0.36404,1.69223,0.18786,0.49317,0.01,2.33257,0.18289,0.04096,0.19708,0.23903,1.57373,1.71719,1.72663,0.00002,2.15029,0.00177,0.08701,0.18289,1.71719,1.72663,0.44915,0.44982,0.36404,0.65729,2.15029,0.06663,0.63482
2026-05-22 08:00:00,3.82545,0,0.04721,0.00425,0.012,0.001,0,0.001,0.27198,0.74465,0.95033,1.43508,0.00429,0.08601,0.44652,0.00001,0,0.00001,0,0.06751,0.00001,0.36104,1.75714,0.18782,0.51396,0.01,2.37573,0.18056,0.03996,0.18964,0.23903,1.57842,1.71719,1.72309,0.00002,2.15029,0.00176,0.08601,0.18056,1.71719,1.72309,0.44652,0.44982,0.36104,0.65641,2.15029,0.06651,0.63447
2026-05-22 09:00:00,3.81611,0,0.05704,-0.00066,0,0.001,0,0.001,0.27394,0.74465,0.978,1.4256,0.00408,0.08601,0.44652,0.00001,0,0.00001,0,-0.00291,0.00001,0.36104,1.86449,0.18782,0.53093,0.01,2.41888,0.18056,0.04133,0.19046,0.23803,1.58309,1.71719,1.71956,0.00002,2.15029,0.00176,0.08601,0.18056,1.71719,1.71956,0.44652,0.44982,0.36104,0.65556,2.15029,0.06636,0.63389
2026-05-22 10:00:00,3.80678,0,0.04929,0.00181,0,0.001,0,0.001,0.2779,0.78001,1.00043,1.41772,0.00408,0.08501,0.44652,0.00001,0,0.00001,0,0,0.00001,0.36104,1.83325,0.18949,0.53034,0.01,2.46204,0.18056,0.04062,0.18156,0.23703,1.58765,1.72219,1.71602,0.00001,2.13529,0.00176,0.08501,0.18056,1.72219,1.71602,0.44652,0.44982,0.36104,0.65474,2.13529,0.0661,0.63272
2026-05-22 11:00:00,3.79744,0,0.04154,0.00177,0,0.001,0,0.001,0.28594,0.79544,1.03457,1.42541,0.00408,0.08501,0.44652,0.00001,0,0.00001,0,0,0.00001,0.35904,1.79835,0.19116,0.52975,0.01,2.50519,0.18056,0.04062,0.17267,0.23603,1.59217,1.72819,1.71956,0.00001,2.12781,0.00175,0.08501,0.18056,1.72819,1.71956,0.44652,0.44982,0.35904,0.65392,2.12781,0.06581,0.62921
2026-05-22 12:00:00,3.78811,0,0.03379,0.00174,0,0.001,0,0.001,0.28594,0.79544,1.05765,1.44505,0.00388,0.08501,0.44389,0.00001,0,0.00001,0,0,0.00001,0.36104,1.76116,0.19283,0.52916,0.01,2.54834,0.18289,0.0417,0.16377,0.23903,1.59675,1.73419,1.71956,0.00002,2.12034,0.00175,0.08501,0.18289,1.73419,1.71956,0.44389,0.45236,0.36104,0.65302,2.12034,0.06557,0.62675
2026-05-22 13:00:00,3.77414,0,0.03377,0.00172,0,0.001,0,0.00099,0.28583,0.79222,1.08685,1.46925,0.00384,0.08501,0.44355,0,0,0.00001,0,0,0,0.35904,1.77259,0.19434,0.53253,0.01,2.56833,0.18523,0.04122,0.16055,0.23703,1.59255,1.73426,1.71654,0,2.11027,0.00174,0.08501,0.18523,1.73426,1.71654,0.44355,0.45217,0.35904,0.65214,2.11027,0.0654,0.62624
2026-05-22 14:00:00,3.76016,0,0.03375,0.0017,0,0.00099,0,0.00099,0.28572,0.78552,1.10057,1.50892,0.00383,0.08502,0.44325,0,0,0.00001,0,0,0,0.3595,1.78304,0.19586,0.5359,0.01,2.58832,0.18538,0.04076,0.15993,0.23718,1.58842,1.73433,1.71366,0,2.1007,0.00173,0.08502,0.18538,1.73433,1.71366,0.44325,0.4519,0.3595,0.65128,2.1007,0.06529,0.62623
2026-05-22 15:00:00,3.74619,0,0.03372,0.00168,0,0.00099,0,0.00099,0.28562,0.77852,1.10593,1.53754,0.00383,0.08506,0.443,0,0,0.00001,0,0,0,0.36025,1.79056,0.19737,0.53928,0.01001,2.60831,0.18561,0.04028,0.15787,0.23694,1.58424,1.73439,1.71117,0,2.09162,0.00173,0.08506,0.18561,1.73439,1.71117,0.443,0.45164,0.36025,0.65051,2.09162,0.06514,0.62621
2026-05-22 16:00:00,3.73221,0,0.0337,0.00166,0,0.00098,0,0.00099,0.28551,0.7713,1.10537,1.56484,0.00382,0.08518,0.44278,0,0,0.00001,0,0,0,0.36061,1.79352,0.19888,0.54265,0.01001,2.62829,0.18591,0.0398,0.155,0.23617,1.57995,1.73446,1.70887,0,2.08316,0.00172,0.08518,0.18591,1.73446,1.70887,0.44278,0.45138,0.36061,0.64991,2.08316,0.06489,0.62618
2026-05-22 17:00:00,3.71823,0,0.03367,0.00162,0,0.00097,0,0.00098,0.28542,0.7638,1.10086,1.58178,0.00381,0.08549,0.44261,0,0,0.00001,0,0,0,0.36072,1.79324,0.2004,0.54602,0.01001,2.64829,0.18629,0.03934,0.15175,0.23625,1.57564,1.73453,1.70683,0,2.07532,0.00171,0.08549,0.18629,1.73453,1.70683,0.44261,0.45107,0.36072,0.64941,2.07532,0.0646,0.62616
2026-05-22 18:00:00,3.70426,0,0.03365,0.00159,0,0.00096,0,0.00098,0.28533,0.75249,1.09463,1.58857,0.00381,0.08599,0.4425,0,0,0.00001,0,0,0,0.36069,1.79088,0.20191,0.54939,0.01002,2.66827,0.18665,0.03886,0.14829,0.23631,1.57138,1.7346,1.70499,0,2.06809,0.0017,0.08599,0.18665,1.7346,1.70499,0.4425,0.45068,0.36069,0.64897,2.06809,0.06437,0.62613
2026-05-22 19:00:00,3.7463,0,0.03363,0.00157,0,0.00096,0,0.00098,0.28523,0.74989,1.08649,1.58893,0.0038,0.08665,0.44247,0,0,0.00001,0,0,0,0.36055,1.78721,0.20393,0.55193,0.01002,2.68328,0.18689,0.03905,0.15487,0.23532,1.57827,1.73467,1.70316,0,2.06137,0.0017,0.08665,0.18689,1.73467,1.70316,0.44247,0.45028,0.36055,0.64858,2.06137,0.06419,0.6261
2026-05-22 20:00:00,3.78835,0,0.03361,0.00155,0,0.00096,0,0.00098,0.28514,0.74653,1.0776,1.58511,0.00379,0.08743,0.44254,0,0,0.00001,0,0,0,0.36034,1.7827,0.20596,0.55448,0.01002,2.69828,0.18707,0.03923,0.16167,0.23419,1.58522,1.73474,1.70143,0,2.05511,0.00169,0.08743,0.18707,1.73474,1.70143,0.44254,0.44989,0.36034,0.64822,2.05511,0.06409,0.62607
2026-05-22 21:00:00,3.83039,0,0.03358,0.00153,0,0.00096,0,0.00097,0.28505,0.75012,1.06841,1.57918,0.00379,0.08838,0.4427,0,0,0.00001,0,0,0,0.36006,1.78,0.20799,0.55702,0.01003,2.71328,0.1873,0.03942,0.16856,0.2333,1.59215,1.73479,1.69985,0,2.04926,0.00169,0.08838,0.1873,1.73479,1.69985,0.4427,0.44951,0.36006,0.64791,2.04926,0.06395,0.62603
2026-05-22 22:00:00,3.87243,0,0.03355,0.00151,0,0.00096,0,0.00097,0.28495,0.75332,1.06219,1.57152,0.00378,0.08947,0.44296,0,0,0.00001,0,0,0,0.35973,1.78125,0.20913,0.55956,0.01003,2.72829,0.18763,0.03961,0.17549,0.23271,1.59896,1.73486,1.69854,0,2.04379,0.00169,0.08947,0.18763,1.73486,1.69854,0.44296,0.44913,0.35973,0.64761,2.04379,0.0637,0.62599
2026-05-22 23:00:00,3.91448,0,0.03351,0.00147,0,0.00096,0,0.00096,0.28486,0.75619,1.05938,1.56292,0.00377,0.09059,0.44332,0,0,0.00001,0,0,0,0.35939,1.78546,0.21027,0.56211,0.01004,2.74329,0.18794,0.03979,0.18246,0.23215,1.60573,1.73493,1.69762,0,2.03867,0.00168,0.09059,0.18794,1.73493,1.69762,0.44332,0.44878,0.35939,0.64733,2.03867,0.06342,0.62594
2026-05-23 00:00:00,3.95652,0,0.03348,0.00144,0,0.00096,0,0.00096,0.28476,0.77504,1.05952,1.55397,0.00377,0.09161,0.44376,0,0,0.00001,0,0,0,0.35904,1.79155,0.21141,0.56465,0.01004,2.75829,0.18814,0.03998,0.18941,0.2317,1.61258,1.735,1.69702,0,2.03387,0.00168,0.09161,0.18814,1.735,1.69702,0.44376,0.44844,0.35904,0.64706,2.03387,0.0632,0.62588
2026-05-23 01:00:00,3.96867,0,0.03345,0.00142,0,0.00096,0,0.00096,0.28466,0.80929,1.06266,1.54732,0.00376,0.0925,0.44383,0,0,0,0,0,0,0.35868,1.79883,0.21361,0.56944,0.0105,2.7883,0.1882,0.04019,0.19203,0.23137,1.61603,1.73507,1.69656,0,2.02935,0.00168,0.0925,0.1882,1.73507,1.69656,0.44383,0.44814,0.35868,0.64679,2.02935,0.06304,0.62581
2026-05-23 02:00:00,3.98081,0,0.03342,0.0014,0,0.00096,0,0.00095,0.28457,0.83605,1.07067,1.54419,0.00375,0.09328,0.44356,0,0,0,0,0,0,0.35834,1.80687,0.2158,0.57423,0.01051,2.81831,0.18826,0.04039,0.19469,0.23114,1.61954,1.73514,1.69614,0,2.0251,0.00167,0.09328,0.18826,1.73514,1.69614,0.44356,0.44786,0.35834,0.64654,2.0251,0.06294,0.62573
2026-05-23 03:00:00,3.99296,0,0.03339,0.00138,0,0.00096,0,0.00095,0.28447,0.87222,1.0899,1.54427,0.00375,0.09399,0.44343,0,0,0,0,0,0,0.358,1.81722,0.218,0.57902,0.01051,2.84831,0.18835,0.0406,0.19733,0.2309,1.623,1.7352,1.69575,0,2.02112,0.00167,0.09399,0.18835,1.7352,1.69575,0.44343,0.44762,0.358,0.6463,2.02112,0.0628,0.62563
2026-05-23 04:00:00,4.00511,0,0.03336,0.00136,0,0.00095,0,0.00095,0.28438,0.90945,1.11607,1.54745,0.00374,0.09463,0.4434,0,0,0,0,0,0,0.35769,1.83112,0.2202,0.5838,0.01051,2.87832,0.18843,0.04081,0.19996,0.23059,1.62638,1.73527,1.69539,0,2.01737,0.00167,0.09463,0.18843,1.73527,1.69539,0.4434,0.44741,0.35769,0.64605,2.01737,0.06257,0.6255
2026-05-23 05:00:00,4.01725,0,0.03333,0.00132,0,0.00095,0,0.00095,0.28429,0.94326,1.1565,1.55512,0.00374,0.09522,0.44345,0,0,0,0,0,0,0.35741,1.84752,0.22239,0.58859,0.01052,2.90833,0.18851,0.04101,0.20263,0.23027,1.62972,1.73534,1.69507,0,2.01387,0.00166,0.09522,0.18851,1.73534,1.69507,0.44345,0.44725,0.35741,0.64581,2.01387,0.0623,0.62534
2026-05-23 06:00:00,4.0294,0,0.0333,0.00129,0,0.00095,0,0.00094,0.28418,0.96867,1.19694,1.57249,0.00373,0.09577,0.44355,0,0,0,0,0,0,0.35714,1.8655,0.22459,0.59338,0.01052,2.93833,0.18856,0.04122,0.20525,0.23002,1.63312,1.73541,1.69478,0,2.01061,0.00166,0.09577,0.18856,1.73541,1.69478,0.44355,0.44712,0.35714,0.64555,2.01061,0.06209,0.62512
2026-05-23 07:00:00,4.02247,0,0.03328,0.00127,0,0.00095,0,0.00094,0.28409,0.9803,1.23521,1.59768,0.00372,0.09628,0.44368,0,0,0,0,0,0,0.35691,1.88452,0.2264,0.59563,0.01052,2.96762,0.18861,0.04104,0.20464,0.22984,1.63261,1.73548,1.69451,0,2.00757,0.00166,0.09628,0.18861,1.73548,1.69451,0.44368,0.447,0.35691,0.6453,2.00757,0.06194,0.62481
2026-05-23 08:00:00,4.01553,0,0.03326,0.00125,0,0.00095,0,0.00094,0.28399,0.99209,1.26762,1.63503,0.00372,0.09674,0.44384,0,0,0,0,0,0,0.35672,1.90416,0.2282,0.59787,0.01053,2.9969,0.18865,0.04085,0.20384,0.22971,1.63215,1.73555,1.69427,0,2.00474,0.00165,0.09674,0.18865,1.73555,1.69427,0.44384,0.44687,0.35672,0.64504,2.00474,0.06184,0.62436
2026-05-23 09:00:00,4.0086,0,0.03323,0.00125,0,0.00094,0,0.00093,0.2839,1.00405,1.29085,1.67566,0.00371,0.09717,0.444,0,0,0,0,0,0,0.35656,1.92142,0.23001,0.60012,0.01053,3.02619,0.18867,0.04067,0.20301,0.22957,1.63167,1.73561,1.69406,0,2.00213,0.00164,0.09717,0.18867,1.73561,1.69406,0.444,0.44674,0.35656,0.64478,2.00213,0.06171,0.62359
2026-05-23 10:00:00,4.00167,0,0.03321,0.00124,0,0.00094,0,0.00092,0.2838,1.01128,1.30743,1.71455,0.0037,0.09756,0.44417,0,0,0,0,0,0,0.35642,1.93423,0.23182,0.60236,0.01053,3.05548,0.1887,0.04048,0.20214,0.22935,1.63109,1.73568,1.69387,0,1.99969,0.00164,0.09756,0.1887,1.73568,1.69387,0.44417,0.44663,0.35642,0.64451,1.99969,0.0615,0.62207
2026-05-23 11:00:00,3.99473,0,0.03319,0.00123,0,0.00093,0,0.00092,0.28369,1.01343,1.321,1.74838,0.0037,0.09793,0.44433,0,0,0,0,0,0,0.35629,1.94412,0.23362,0.60461,0.01054,3.08476,0.18872,0.04029,0.2012,0.22908,1.63047,1.66908,1.6937,0,1.99743,0.00164,0.09793,0.18872,1.66908,1.6937,0.44433,0.44653,0.35629,0.64426,1.99743,0.06124,0.6175
2026-05-23 12:00:00,3.9878,0,0.03316,0.00123,0,0.00093,0,0.00092,0.28359,1.01041,1.33121,1.77378,0.00369,0.09826,0.44449,0,0,0,0,0,0,0.35617,1.95204,0.23543,0.60685,0.01054,3.11404,0.18874,0.04011,0.2003,0.22887,1.62991,1.58024,1.69355,0,1.99533,0.00163,0.09826,0.18874,1.58024,1.69355,0.44449,0.44644,0.35617,0.644,1.99533,0.06104,0.61255
2026-05-23 13:00:00,3.97688,0,0.03314,0.00122,0,0.00093,0,0.00092,0.28347,1.00049,1.33638,1.79169,0.00368,0.09857,0.44464,0,0,0,0,0,0,0.35605,1.95876,0.23527,0.60461,0.01054,3.12282,0.18876,0.03971,0.19786,0.22872,1.62618,1.55068,1.69342,0,1.99338,0.00162,0.09857,0.18876,1.55068,1.69342,0.44464,0.44638,0.35605,0.64375,1.99338,0.06089,0.61171
2026-05-23 14:00:00,3.96596,0,0.03312,0.00121,0,0.00093,0,0.00092,0.28337,0.98526,1.33605,1.80534,0.00368,0.09885,0.44477,0,0,0,0,0,0,0.35595,1.96483,0.23512,0.60237,0.01055,3.13159,0.18878,0.03931,0.19535,0.22862,1.62251,1.54087,1.69331,0,1.99159,0.00161,0.09885,0.18878,1.54087,1.69331,0.44477,0.44632,0.35595,0.64349,1.99159,0.0608,0.61168
2026-05-23 15:00:00,3.95505,0,0.0331,0.00118,0,0.00093,0,0.00091,0.28327,0.96993,1.3298,1.81546,0.00367,0.09912,0.44489,0,0,0,0,0,0,0.35587,1.96774,0.23496,0.60013,0.01055,3.14037,0.1888,0.03891,0.19282,0.2285,1.61883,1.53764,1.69322,0,1.98991,0.00161,0.09912,0.1888,1.53764,1.69322,0.44489,0.44628,0.35587,0.64325,1.98991,0.06068,0.61165
2026-05-23 16:00:00,3.94413,0,0.03308,0.00115,0,0.00092,0,0.00091,0.28316,0.95433,1.31811,1.82078,0.00367,0.09936,0.44498,0,0,0,0,0,0,0.35579,1.96596,0.2348,0.59789,0.01055,3.14915,0.18881,0.03851,0.19031,0.22828,1.61505,1.53661,1.69315,0,1.98837,0.0016,0.09936,0.18881,1.53661,1.69315,0.44498,0.44626,0.35579,0.643,1.98837,0.06048,0.61162
2026-05-23 17:00:00,3.93321,0,0.03306,0.00108,0,0.00092,0,0.00091,0.28307,0.93854,1.30328,1.8206,0.00366,0.09959,0.44506,0,0,0,0,0,0,0.35572,1.96115,0.23465,0.59565,0.01056,3.15792,0.18882,0.03811,0.18771,0.22804,1.61123,1.53631,1.69311,0,1.98693,0.00159,0.09959,0.18882,1.53631,1.69311,0.44506,0.44624,0.35572,0.64276,1.98693,0.06024,0.61158
2026-05-23 18:00:00,3.92229,0,0.03303,0.00103,0,0.00091,0,0.00091,0.28297,0.91744,1.28759,1.8145,0.00365,0.09979,0.44512,0,0,0,0,0,0,0.35568,1.95441,0.23449,0.59341,0.01056,3.16669,0.18883,0.03771,0.18512,0.22785,1.60746,1.53626,1.69307,0,1.98561,0.00158,0.09979,0.18883,1.53626,1.69307,0.44512,0.44625,0.35568,0.64252,1.98561,0.06005,0.61153
2026-05-23 19:00:00,3.93705,0,0.03301,0.00099,0,0.00091,0,0.0009,0.28286,0.89878,1.27018,1.80297,0.00365,0.09999,0.44516,0,0,0,0,0,0,0.35565,1.94645,0.23373,0.59212,0.01057,3.17062,0.18884,0.03751,0.1845,0.22771,1.60548,1.53629,1.69304,0,1.98437,0.00158,0.09999,0.18884,1.53629,1.69304,0.44516,0.44627,0.35565,0.64228,1.98437,0.05991,0.61149
2026-05-23 20:00:00,3.95181,0,0.03299,0.00097,0,0.00091,0,0.0009,0.28277,0.87991,1.25164,1.78797,0.00364,0.10016,0.44518,0,0,0,0,0,0,0.35563,1.9377,0.23297,0.59083,0.01057,3.17454,0.18885,0.0373,0.18391,0.2276,1.60354,1.53634,1.69303,0,1.98323,0.00157,0.10016,0.18885,1.53634,1.69303,0.44518,0.44629,0.35563,0.64205,1.98323,0.05982,0.61143
2026-05-23 21:00:00,3.96657,0,0.03296,0.00096,0,0.00091,0,0.00089,0.28266,0.87146,1.23103,1.77171,0.00363,0.10034,0.44518,0,0,0,0,0,0,0.35563,1.9305,0.23222,0.58954,0.01057,3.17846,0.18885,0.0371,0.18337,0.22747,1.60158,1.5364,1.69303,0,1.98217,0.00157,0.10034,0.18885,1.5364,1.69303,0.44518,0.44631,0.35563,0.64183,1.98217,0.0597,0.61137
2026-05-23 22:00:00,3.98133,0,0.03293,0.00095,0,0.0009,0,0.00089,0.28257,0.86295,1.21172,1.75408,0.00363,0.10049,0.44517,0,0,0,0,0,0,0.35565,1.92644,0.23146,0.58825,0.01058,3.18239,0.18886,0.03689,0.18289,0.22727,1.59953,1.53647,1.69252,0,1.9812,0.00156,0.10049,0.18886,1.53647,1.69252,0.44517,0.44634,0.35565,0.64162,1.9812,0.0595,0.6113
2026-05-23 23:00:00,3.99609,0,0.03289,0.00095,0,0.0009,0,0.00088,0.28248,0.85438,1.19665,1.73526,0.00362,0.10063,0.44514,0,0,0,0,0,0,0.35567,1.92452,0.2307,0.58696,0.01058,3.18631,0.18886,0.03669,0.18234,0.22703,1.59745,1.53654,1.69028,0,1.98029,0.00156,0.10063,0.18886,1.53654,1.69028,0.44514,0.44638,0.35567,0.64139,1.98029,0.05926,0.61122
2026-05-24 00:00:00,4.01085,0,0.03286,0.00094,0,0.0009,0,0.00088,0.28237,0.86705,1.18565,1.71467,0.00361,0.10076,0.44509,0,0,0,0,0,0,0.35569,1.92396,0.22994,0.58567,0.01058,3.19023,0.18886,0.03648,0.18186,0.22682,1.59541,1.53661,1.68538,0,1.97945,0.00155,0.10076,0.18886,1.53661,1.68538,0.44509,0.44642,0.35569,0.64119,1.97945,0.05907,0.61112
2026-05-24 01:00:00,4.0327,0,0.03283,0.00093,0,0.0009,0,0.00088,0.28228,0.90877,1.17844,1.6947,0.00361,0.10088,0.4446,0,0,0,0,0,0,0.35572,1.92427,0.23037,0.58912,0.01104,3.21234,0.18888,0.03658,0.18288,0.22668,1.59638,1.53667,1.67811,0,1.97868,0.00155,0.10088,0.18888,1.53667,1.67811,0.4446,0.44646,0.35572,0.64099,1.97868,0.05893,0.61101
2026-05-24 02:00:00,4.05455,0,0.03281,0.00092,0,0.0009,0,0.00087,0.28218,0.94024,1.18056,1.67848,0.0036,0.101,0.44373,0,0,0,0,0,0,0.35577,1.92512,0.23079,0.59257,0.01104,3.23445,0.18892,0.03667,0.18402,0.22659,1.59741,1.53674,1.6696,0,1.97796,0.00154,0.101,0.18892,1.53674,1.6696,0.44373,0.44649,0.35577,0.64079,1.97796,0.05885,0.61087
2026-05-24 03:00:00,4.07641,0,0.03278,0.00091,0,0.00089,0,0.00087,0.28209,0.98331,1.20326,1.66654,0.00359,0.1011,0.44297,0,0,0,0,0,0,0.35581,1.92973,0.23122,0.59603,0.01104,3.25655,0.18899,0.03676,0.18519,0.22646,1.5984,1.53681,1.6608,0,1.97728,0.00154,0.1011,0.18899,1.53681,1.6608,0.44297,0.44652,0.35581,0.64061,1.97728,0.05873,0.61071
2026-05-24 04:00:00,4.09826,0,0.03275,0.00088,0,0.00089,0,0.00088,0.28199,1.02727,1.23853,1.65857,0.00359,0.10121,0.44231,0,0,0,0,0,0,0.35584,1.94033,0.23164,0.59948,0.01105,3.27866,0.18905,0.03686,0.1864,0.22626,1.59932,1.53686,1.6522,0,1.97657,0.00154,0.10121,0.18905,1.53686,1.6522,0.44231,0.44655,0.35584,0.64043,1.97657,0.05854,0.6105
2026-05-24 05:00:00,4.12011,0,0.03272,0.00085,0,0.00088,0,0.00087,0.28189,1.06624,1.27953,1.65866,0.00358,0.1013,0.44173,0,0,0,0,0,0,0.35589,1.95493,0.23207,0.60293,0.01105,3.30077,0.18911,0.03696,0.18764,0.22604,1.60022,1.53693,1.64398,0,1.97573,0.00153,0.1013,0.18911,1.53693,1.64398,0.44173,0.44658,0.35589,0.64024,1.97573,0.05832,0.61024
2026-05-24 06:00:00,4.14196,0,0.03269,0.00082,0,0.00088,0,0.00087,0.2818,1.0944,1.32533,1.67659,0.00358,0.10139,0.44122,0,0,0,0,0,0,0.35593,1.97206,0.23249,0.60638,0.01105,3.32287,0.18915,0.03705,0.18891,0.22586,1.60114,1.537,1.63616,0,1.97465,0.00153,0.10139,0.18915,1.537,1.63616,0.44122,0.44658,0.35593,0.64008,1.97465,0.05814,0.60988
2026-05-24 07:00:00,4.13425,0,0.03267,0.0008,0,0.00088,0,0.00087,0.28171,1.1073,1.36904,1.7089,0.00357,0.10147,0.44078,0,0,0,0,0,0,0.35597,1.99068,0.23286,0.60846,0.01106,3.35233,0.18919,0.03702,0.18848,0.22572,1.60052,1.53707,1.62875,0,1.97323,0.00153,0.10147,0.18919,1.53707,1.62875,0.44078,0.44654,0.35597,0.63993,1.97323,0.05801,0.60939
2026-05-24 08:00:00,4.12653,0,0.03265,0.00078,0,0.00088,0,0.00086,0.2816,1.12038,1.40489,1.74842,0.00356,0.10155,0.44039,0,0,0,0,0,0,0.356,2.01064,0.23322,0.61054,0.01106,3.38178,0.18922,0.03698,0.188,0.22563,1.59994,1.53714,1.62174,0,1.97139,0.00152,0.10155,0.18922,1.53714,1.62174,0.44039,0.44645,0.356,0.63979,1.97139,0.05793,0.60865
2026-05-24 09:00:00,4.11882,0,0.03263,0.00077,0,0.00088,0,0.00085,0.28151,1.13343,1.43036,1.7928,0.00356,0.10162,0.44004,0,0,0,0,0,0,0.35602,2.03252,0.23359,0.61262,0.01106,3.41123,0.18924,0.03695,0.18752,0.22552,1.59934,1.53721,1.61511,0,1.96911,0.00152,0.10162,0.18924,1.53721,1.61511,0.44004,0.44631,0.35602,0.63965,1.96911,0.05782,0.60741
2026-05-24 10:00:00,4.11111,0,0.0326,0.00074,0,0.00087,0,0.00085,0.2814,1.14067,1.44937,1.83666,0.00355,0.10169,0.43972,0,0,0,0,0,0,0.35601,2.0472,0.23395,0.6147,0.01107,3.44069,0.18927,0.03691,0.18701,0.22534,1.59864,1.53728,1.60885,0,1.96638,0.00152,0.10169,0.18927,1.53728,1.60885,0.43972,0.44613,0.35601,0.63952,1.96638,0.05764,0.60494
2026-05-24 11:00:00,4.10339,0,0.03258,0.00071,0,0.00087,0,0.00084,0.2813,1.14198,1.46491,1.87401,0.00354,0.10175,0.43943,0,0,0,0,0,0,0.35596,2.0579,0.23431,0.61678,0.01107,3.47014,0.18929,0.03688,0.18651,0.22512,1.59794,1.53735,1.60292,0,1.96325,0.00151,0.10175,0.18929,1.53735,1.60292,0.43943,0.44592,0.35596,0.6394,1.96325,0.05743,0.59751
2026-05-24 12:00:00,4.09568,0,0.03256,0.00068,0,0.00086,0,0.00084,0.2812,1.13715,1.47608,1.90156,0.00354,0.10181,0.43917,0,0,0,0,0,0,0.35587,2.0665,0.23468,0.61886,0.01108,3.49959,0.1893,0.03684,0.186,0.22494,1.59727,1.53742,1.59732,0,1.95972,0.00151,0.10181,0.1893,1.53742,1.59732,0.43917,0.4457,0.35587,0.63929,1.95972,0.05726,0.59597
2026-05-24 13:00:00,4.08475,0,0.03253,0.00066,0,0.00086,0,0.00084,0.28108,1.12257,1.48113,1.92152,0.00353,0.10186,0.43893,0,0,0,0,0,0,0.35574,2.07395,0.23383,0.61629,0.01108,3.50666,0.18932,0.03656,0.18153,0.22481,1.59136,1.53749,1.59203,0,1.95585,0.0015,0.10186,0.18932,1.53749,1.59203,0.43893,0.44546,0.35574,0.63917,1.95585,0.05713,0.59518
2026-05-24 14:00:00,4.07383,0,0.03251,0.00064,0,0.00086,0,0.00083,0.28098,1.102,1.47885,1.93699,0.00352,0.10192,0.4387,0,0,0,0,0,0,0.35558,2.08073,0.23299,0.61372,0.01108,3.51372,0.18933,0.03627,0.17695,0.22474,1.5855,1.53756,1.58703,0,1.95171,0.00149,0.10192,0.18933,1.53756,1.58703,0.4387,0.4452,0.35558,0.63906,1.95171,0.05706,0.59515
2026-05-24 15:00:00,4.0629,0,0.03248,0.00062,0,0.00086,0,0.00083,0.28088,1.08151,1.46896,1.94814,0.00352,0.10197,0.43849,0,0,0,0,0,0,0.35539,2.08359,0.23214,0.61115,0.01109,3.50932,0.18934,0.03599,0.17239,0.22463,1.57962,1.53762,1.5823,0,1.94732,0.00149,0.10197,0.18934,1.53762,1.5823,0.43849,0.44495,0.35539,0.63896,1.94732,0.05695,0.59512
2026-05-24 16:00:00,4.05197,0,0.03245,0.0006,0,0.00085,0,0.00083,0.28078,1.06121,1.45286,1.95347,0.00351,0.10202,0.43829,0,0,0,0,0,0,0.35518,2.08054,0.23129,0.60857,0.01109,3.50491,0.18935,0.03571,0.16777,0.22443,1.57365,1.53769,1.57785,0,1.94275,0.00148,0.10202,0.18935,1.53769,1.57785,0.43829,0.44469,0.35518,0.63884,1.94275,0.05677,0.59508
2026-05-24 17:00:00,4.04105,0,0.03242,0.00056,0,0.00085,0,0.00083,0.28068,1.04088,1.43364,1.95169,0.00351,0.10206,0.4381,0,0,0,0,0,0,0.35496,2.07409,0.23045,0.606,0.01109,3.50051,0.18936,0.03542,0.16313,0.22422,1.56765,1.53776,1.57363,0,1.93802,0.00147,0.10206,0.18936,1.53776,1.57363,0.4381,0.44443,0.35496,0.63874,1.93802,0.05656,0.59503
2026-05-24 18:00:00,4.03012,0,0.03238,0.00053,0,0.00085,0,0.00082,0.28057,1.01476,1.41376,1.94229,0.0035,0.10211,0.43793,0,0,0,0,0,0,0.35473,2.06581,0.2296,0.60343,0.0111,3.49611,0.18937,0.03514,0.15849,0.22406,1.56171,1.53783,1.56965,0,1.93319,0.00146,0.10211,0.18937,1.53783,1.56965,0.43793,0.44416,0.35473,0.63863,1.93319,0.0564,0.59499
2026-05-24 19:00:00,4.08043,0,0.03235,0.00051,0,0.00085,0,0.00082,0.28048,0.99426,1.39226,1.92658,0.00349,0.10214,0.43775,0,0,0,0,0,0,0.35449,2.05655,0.22901,0.60319,0.0111,3.49799,0.18938,0.03515,0.1618,0.22394,1.56469,1.53789,1.56588,0,1.92829,0.00145,0.10214,0.18938,1.53789,1.56588,0.43775,0.4439,0.35449,0.63851,1.92829,0.05627,0.59493
2026-05-24 20:00:00,4.13074,0,0.03232,0.00049,0,0.00085,0,0.00082,0.28038,0.9736,1.37035,1.90741,0.00349,0.10218,0.43758,0,0,0,0,0,0,0.35425,2.04676,0.22843,0.60294,0.0111,3.49987,0.18939,0.03516,0.1652,0.22386,1.56772,1.53795,1.56233,0,1.92335,0.00145,0.10218,0.18939,1.53795,1.56233,0.43758,0.44364,0.35425,0.63839,1.92335,0.0562,0.59487
2026-05-24 21:00:00,4.18106,0,0.03229,0.00047,0,0.00085,0,0.00082,0.28028,0.96488,1.34781,1.88726,0.00348,0.10221,0.43742,0,0,0,0,0,0,0.354,2.04399,0.22784,0.6027,0.01111,3.50176,0.18939,0.03517,0.16868,0.22375,1.57073,1.53802,1.55898,0,1.9184,0.00145,0.10221,0.18939,1.53802,1.55898,0.43742,0.44339,0.354,0.63826,1.9184,0.0561,0.5948
2026-05-24 22:00:00,4.23137,0,0.03227,0.00044,0,0.00085,0,0.00081,0.28018,0.95597,1.32839,1.86596,0.00347,0.10225,0.43726,0,0,0,0,0,0,0.35375,2.05243,0.22725,0.60246,0.01111,3.50364,0.18941,0.03518,0.17221,0.22357,1.57366,1.53808,1.55582,0,1.91346,0.00144,0.10225,0.18941,1.53808,1.55582,0.43726,0.44313,0.35375,0.63813,1.91346,0.05593,0.59472
2026-05-24 23:00:00,4.28168,0,0.03224,0.00041,0,0.00085,0,0.00081,0.28008,0.94709,1.31444,1.84411,0.00347,0.10228,0.43711,0,0,0,0,0,0,0.3535,2.06699,0.22667,0.60221,0.01111,3.50552,0.18941,0.03519,0.17573,0.22337,1.57657,1.53815,1.55284,0,1.90856,0.00144,0.10228,0.18941,1.53815,1.55284,0.43711,0.44289,0.3535,0.63799,1.90856,0.05573,0.59463
2026-05-25 00:00:00,4.33199,0,0.03221,0.00038,0,0.00085,0,0.0008,0.27998,0.96224,1.30485,1.82178,0.00346,0.10232,0.43695,0,0,0,0,0,0,0.35325,2.08486,0.22608,0.60197,0.01112,3.5074,0.18941,0.0352,0.17925,0.22322,1.57952,1.53822,1.55002,0,1.90372,0.00143,0.10232,0.18941,1.53822,1.55002,0.43695,0.44265,0.35325,0.63784,1.90372,0.05558,0.59453
2026-05-25 01:00:00,4.3336,0,0.03219,0.00036,0,0.00085,0,0.0008,0.27989,1.00716,1.30089,1.80176,0.00345,0.10234,0.43636,0,0,0,0,0,0,0.35301,2.1045,0.22682,0.60596,0.01158,3.52702,0.18941,0.03544,0.18014,0.2231,1.58131,1.53829,1.54737,0,1.89895,0.00143,0.10234,0.18941,1.53829,1.54737,0.43636,0.44242,0.35301,0.63769,1.89895,0.05546,0.5944
2026-05-25 02:00:00,4.33521,0,0.03216,0.00034,0,0.00085,0,0.0008,0.27979,1.04052,1.30987,1.78673,0.00345,0.10238,0.43541,0,0,0,0,0,0,0.35276,2.12511,0.22755,0.60996,0.01158,3.54664,0.18945,0.03568,0.18112,0.22303,1.58316,1.53836,1.54487,0,1.89426,0.00142,0.10238,0.18945,1.53836,1.54487,0.43541,0.44219,0.35276,0.63754,1.89426,0.05539,0.59425
2026-05-25 03:00:00,4.33683,0,0.03214,0.00034,0,0.00084,0,0.00079,0.27969,1.0866,1.34052,1.7764,0.00344,0.1024,0.43458,0,0,0,0,0,0,0.35253,2.14377,0.22829,0.61395,0.01159,3.56626,0.18953,0.03592,0.18215,0.22292,1.58498,1.53843,1.54251,0,1.88968,0.00142,0.1024,0.18953,1.53843,1.54251,0.43458,0.44196,0.35253,0.63739,1.88968,0.05529,0.59407
2026-05-25 04:00:00,4.33844,0,0.03212,0.00033,0,0.00084,0,0.00079,0.2796,1.13332,1.38323,1.77145,0.00343,0.10243,0.43385,0,0,0,0,0,0,0.3523,2.15865,0.22902,0.61794,0.01159,3.58588,0.18959,0.03616,0.18319,0.22275,1.58672,1.5385,1.5403,0,1.8852,0.00142,0.10243,0.18959,1.5385,1.5403,0.43385,0.44174,0.3523,0.63723,1.8852,0.05512,0.59384
2026-05-25 05:00:00,4.34005,0,0.03209,0.00032,0,0.00083,0,0.00079,0.2795,1.17441,1.43238,1.77767,0.00343,0.10245,0.43322,0,0,0,0,0,0,0.35208,2.17121,0.22976,0.62194,0.01159,3.6055,0.18964,0.0364,0.18425,0.22255,1.58845,1.53857,1.53821,0,1.88085,0.00141,0.10245,0.18964,1.53857,1.53821,0.43322,0.44152,0.35208,0.63707,1.88085,0.05493,0.59355
2026-05-25 06:00:00,4.34166,0,0.03207,0.00032,0,0.00083,0,0.00079,0.27941,1.20329,1.4858,1.80339,0.00342,0.10248,0.43266,0,0,0,0,0,0,0.35186,2.18253,0.23049,0.62593,0.0116,3.62512,0.18969,0.03664,0.18533,0.22239,1.5902,1.53864,1.53625,0,1.8766,0.00141,0.10248,0.18969,1.53864,1.53625,0.43266,0.44131,0.35186,0.63691,1.8766,0.05477,0.59316
2026-05-25 07:00:00,4.32686,0,0.03205,0.00031,0,0.00083,0,0.00078,0.2793,1.21234,1.53491,1.84334,0.00342,0.1025,0.43216,0,0,0,0,0,0,0.35164,2.19318,0.2309,0.62727,0.0116,3.63167,0.18973,0.03654,0.18186,0.22228,1.58673,1.53871,1.53439,0,1.8725,0.00141,0.1025,0.18973,1.53871,1.53439,0.43216,0.44105,0.35164,0.63675,1.8725,0.05466,0.59261
2026-05-25 08:00:00,4.31207,0,0.03203,0.00031,0,0.00083,0,0.00078,0.27921,1.22142,1.57238,1.89077,0.00341,0.10253,0.43171,0,0,0,0,0,0,0.35143,2.20347,0.23132,0.62861,0.01161,3.63822,0.18977,0.03644,0.17827,0.22221,1.58329,1.53877,1.53265,0,1.86851,0.0014,0.10253,0.18977,1.53877,1.53265,0.43171,0.44075,0.35143,0.63659,1.86851,0.05459,0.59179
2026-05-25 09:00:00,4.29727,0,0.03201,0.00029,0,0.00083,0,0.00077,0.27912,1.23052,1.59649,1.94277,0.0034,0.10255,0.43132,0,0,0,0,0,0,0.35121,2.21091,0.23173,0.62994,0.01161,3.64478,0.1898,0.03635,0.17462,0.22211,1.57985,1.53884,1.53101,0,1.86467,0.0014,0.10255,0.1898,1.53884,1.53101,0.43132,0.44042,0.35121,0.63642,1.86467,0.0545,0.59042
2026-05-25 10:00:00,4.28247,0,0.03199,0.00027,0,0.00082,0,0.00077,0.27902,1.23316,1.61299,1.99239,0.0034,0.10257,0.43096,0,0,0,0,0,0,0.35097,2.21373,0.23214,0.63128,0.01161,3.65133,0.18982,0.03625,0.17096,0.22196,1.57633,1.53891,1.52947,0,1.86095,0.0014,0.10257,0.18982,1.53891,1.52947,0.43096,0.44006,0.35097,0.63626,1.86095,0.05435,0.58767
2026-05-25 11:00:00,4.26768,0,0.03196,0.00024,0,0.00082,0,0.00076,0.27892,1.22955,1.62487,2.03208,0.00339,0.10259,0.43064,0,0,0,0,0,0,0.35071,2.21367,0.23256,0.63262,0.01162,3.65788,0.18984,0.03615,0.16726,0.22178,1.5728,1.50564,1.52803,0,1.85737,0.00139,0.10259,0.18984,1.50564,1.52803,0.43064,0.43968,0.35071,0.6361,1.85737,0.05418,0.57945
2026-05-25 12:00:00,4.25288,0,0.03194,0.00021,0,0.00082,0,0.00076,0.27882,1.21939,1.63132,2.05875,0.00338,0.1026,0.43035,0,0,0,0,0,0,0.35041,2.21192,0.23297,0.63396,0.01162,3.66443,0.18985,0.03605,0.16355,0.22165,1.5693,1.46125,1.52667,0,1.85392,0.00139,0.1026,0.18985,1.46125,1.52667,0.43035,0.43928,0.35041,0.63594,1.85392,0.05405,0.57833
2026-05-25 13:00:00,4.24053,0,0.03192,0.00019,0,0.00081,0,0.00077,0.27872,1.19996,1.63024,2.07621,0.00338,0.10263,0.43008,0,0,0,0,0,0,0.35008,2.20932,0.232,0.63059,0.01162,3.65255,0.18986,0.0357,0.16226,0.22154,1.56641,1.41317,1.5254,0,1.8506,0.00138,0.10263,0.18986,1.41317,1.5254,0.43008,0.43888,0.35008,0.63577,1.8506,0.05395,0.57754
2026-05-25 14:00:00,4.22818,0,0.0319,0.00017,0,0.00081,0,0.00076,0.27863,1.17423,1.62021,2.08802,0.00337,0.10264,0.42983,0,0,0,0,0,0,0.34974,2.20636,0.23103,0.62721,0.01163,3.64068,0.18988,0.03534,0.16087,0.22148,1.56355,1.36385,1.5242,0,1.84742,0.00137,0.10264,0.18988,1.36385,1.5242,0.42983,0.43848,0.34974,0.6356,1.84742,0.05389,0.57751
2026-05-25 15:00:00,4.21584,0,0.03187,0.00016,0,0.00081,0,0.00076,0.27853,1.14872,1.60178,2.09439,0.00336,0.10267,0.42959,0,0,0,0,0,0,0.34938,2.20132,0.23006,0.62384,0.01163,3.6288,0.18989,0.03499,0.15941,0.22139,1.56067,1.34745,1.52309,0,1.84436,0.00137,0.10267,0.18989,1.34745,1.52309,0.42959,0.43808,0.34938,0.63543,1.84436,0.0538,0.57748
2026-05-25 16:00:00,4.20349,0,0.03184,0.00014,0,0.0008,0,0.00076,0.27843,1.12353,1.57699,2.09362,0.00336,0.10268,0.42938,0,0,0,0,0,0,0.34901,2.1931,0.22909,0.62046,0.01163,3.61692,0.1899,0.03463,0.15799,0.22123,1.55769,1.34203,1.52205,0,1.84144,0.00136,0.10268,0.1899,1.34203,1.52205,0.42938,0.43768,0.34901,0.63525,1.84144,0.05364,0.57744
2026-05-25 17:00:00,4.19114,0,0.0318,0.0001,0,0.0008,0,0.00075,0.27833,1.09855,1.54897,2.08415,0.00335,0.1027,0.42917,0,0,0,0,0,0,0.34863,2.18291,0.22812,0.61709,0.01164,3.60505,0.18991,0.03427,0.15646,0.22103,1.55471,1.34027,1.52107,0,1.83863,0.00135,0.1027,0.18991,1.34027,1.52107,0.42917,0.43729,0.34863,0.63507,1.83863,0.05346,0.5774
2026-05-25 18:00:00,4.17879,0,0.03177,0.00007,0,0.0008,0,0.00075,0.27822,1.06759,1.52032,2.06608,0.00334,0.10271,0.42897,0,0,0,0,0,0,0.34824,2.17165,0.22715,0.61371,0.01164,3.59317,0.18992,0.03392,0.155,0.22089,1.55178,1.33974,1.52015,0,1.83595,0.00134,0.10271,0.18992,1.33974,1.52015,0.42897,0.43691,0.34824,0.63488,1.83595,0.05332,0.57735
2026-05-25 19:00:00,4.18354,0,0.03174,0.00005,0,0.0008,0,0.00075,0.27812,1.03765,1.48968,2.04125,0.00334,0.10274,0.42879,0,0,0,0,0,0,0.34786,2.15983,0.22631,0.61225,0.01164,3.58243,0.18993,0.03375,0.15394,0.22078,1.54885,1.3396,1.5193,0,1.83337,0.00134,0.10274,0.18993,1.3396,1.5193,0.42879,0.43653,0.34786,0.63467,1.83337,0.05321,0.5773
2026-05-25 20:00:00,4.18828,0,0.03171,0.00004,0,0.0008,0,0.00074,0.278,1.00807,1.45822,2.0126,0.00333,0.10275,0.42861,0,0,0,0,0,0,0.34748,2.1477,0.22547,0.61079,0.01165,3.5717,0.18994,0.03358,0.15297,0.22071,1.54597,1.3396,1.5185,0,1.83091,0.00133,0.10275,0.18994,1.3396,1.5185,0.42861,0.43616,0.34748,0.63447,1.83091,0.05315,0.57724
2026-05-25 21:00:00,4.19303,0,0.03168,0.00003,0,0.00079,0,0.00073,0.2779,0.99092,1.42456,1.98284,0.00333,0.10277,0.42844,0,0,0,0,0,0,0.3471,2.13766,0.22463,0.60933,0.01165,3.56097,0.18994,0.03341,0.15203,0.22061,1.54307,1.33964,1.51776,0,1.82854,0.00133,0.10277,0.18994,1.33964,1.51776,0.42844,0.4358,0.3471,0.63425,1.82854,0.05306,0.57718
2026-05-25 22:00:00,4.19777,0,0.03166,0.00003,0,0.00079,0,0.00073,0.2778,0.97379,1.39296,1.95152,0.00332,0.10278,0.42827,0,0,0,0,0,0,0.34673,2.13121,0.22379,0.60786,0.01165,3.55023,0.18995,0.03324,0.15109,0.22047,1.5401,1.3397,1.51707,0,1.82629,0.00132,0.10278,0.18995,1.3397,1.51707,0.42827,0.43546,0.34673,0.63404,1.82629,0.05292,0.5771
2026-05-25 23:00:00,4.20252,0,0.03163,0.00002,0,0.00078,0,0.00072,0.27769,0.95689,1.36665,1.91917,0.00331,0.1028,0.42811,0,0,0,0,0,0,0.34636,2.1269,0.22295,0.6064,0.01166,3.5395,0.18996,0.03307,0.15018,0.2203,1.53711,1.33977,1.51626,0,1.82412,0.00131,0.1028,0.18996,1.33977,1.51626,0.42811,0.43512,0.34636,0.63381,1.82412,0.05275,0.57701
2026-05-26 00:00:00,4.20726,0,0.0316,0.00002,0,0.00078,0,0.00072,0.2776,0.96411,1.34453,1.88502,0.00331,0.10281,0.42795,0,0,0,0,0,0,0.346,2.12373,0.22211,0.60494,0.01166,3.52876,0.18996,0.0329,0.14925,0.22016,1.53415,1.33984,1.51459,0,1.82205,0.00131,0.10281,0.18996,1.33984,1.51459,0.42795,0.43479,0.346,0.63357,1.82205,0.05261,0.57691
2026-05-26 01:00:00,4.21575,0,0.03158,0.00001,0,0.00078,0,0.00072,0.27751,1.00063,1.32791,1.852,0.0033,0.10283,0.42736,0,0,0,0,0,0,0.34565,2.12117,0.22219,0.60796,0.01211,3.53502,0.18996,0.03295,0.14954,0.22005,1.53331,1.33991,1.51136,0,1.82008,0.00131,0.10283,0.18996,1.33991,1.51136,0.42736,0.43447,0.34565,0.63334,1.82008,0.05252,0.57679
2026-05-26 02:00:00,4.22425,0,0.03156,0.00001,0,0.00078,0,0.00071,0.2774,1.02518,1.3235,1.82361,0.00329,0.10284,0.4264,0,0,0,0,0,0,0.34532,2.11895,0.22227,0.61098,0.01212,3.54127,0.19,0.03301,0.14988,0.21999,1.5325,1.33998,1.50642,0,1.81818,0.0013,0.10284,0.19,1.33998,1.50642,0.4264,0.43417,0.34532,0.6331,1.81818,0.05246,0.57665
2026-05-26 03:00:00,4.23274,0,0.03153,0.00001,0,0.00078,0,0.00071,0.27731,1.06178,1.33965,1.79979,0.00329,0.10286,0.42557,0,0,0,0,0,0,0.34499,2.12042,0.22235,0.61401,0.01212,3.54753,0.19007,0.03306,0.15031,0.2199,1.53167,1.34004,1.4998,0,1.81638,0.0013,0.10286,0.19007,1.34004,1.4998,0.42557,0.43387,0.34499,0.63285,1.81638,0.05238,0.57647
2026-05-26 04:00:00,4.24123,0,0.03151,0,0,0.00077,0,0.00071,0.27721,1.09832,1.36666,1.78124,0.00328,0.10287,0.42485,0,0,0,0,0,0,0.34467,2.12766,0.22243,0.61703,0.01213,3.55379,0.19014,0.03311,0.15074,0.21975,1.53078,1.3401,1.49164,0,1.81465,0.0013,0.10287,0.19014,1.3401,1.49164,0.42485,0.43358,0.34467,0.63259,1.81465,0.05224,0.57625
2026-05-26 05:00:00,4.24973,0,0.03149,0,0,0.00077,0,0.00072,0.27712,1.12889,1.39813,1.77329,0.00327,0.10289,0.42422,0,0,0,0,0,0,0.34436,2.13828,0.22251,0.62005,0.01213,3.56004,0.19019,0.03317,0.15119,0.21959,1.52988,1.34017,1.48267,0,1.81296,0.00129,0.10289,0.19019,1.34017,1.48267,0.42422,0.43331,0.34436,0.63234,1.81296,0.05209,0.57597
2026-05-26 06:00:00,4.25822,0,0.03146,0,0,0.00077,0,0.00072,0.27702,1.14744,1.43304,1.78387,0.00327,0.1029,0.42367,0,0,0,0,0,0,0.34407,2.15072,0.22259,0.62307,0.01213,3.5663,0.19024,0.03322,0.15161,0.21947,1.52901,1.34024,1.47367,0,1.81124,0.00129,0.1029,0.19024,1.34024,1.47367,0.42367,0.43303,0.34407,0.63208,1.81124,0.05197,0.57559
2026-05-26 07:00:00,4.24654,0,0.03144,0,0,0.00076,0,0.00071,0.27692,1.15227,1.4652,1.80753,0.00326,0.10292,0.42318,0,0,0,0,0,0,0.34378,2.16413,0.22264,0.62394,0.01214,3.57476,0.19028,0.03311,0.15136,0.21937,1.52728,1.34031,1.46497,0,1.80943,0.00129,0.10292,0.19028,1.34031,1.46497,0.42318,0.43273,0.34378,0.63183,1.80943,0.05187,0.57506
2026-05-26 08:00:00,4.23485,0,0.03142,0,0,0.00076,0,0.00071,0.27682,1.15709,1.48913,1.83703,0.00326,0.10293,0.42275,0,0,0,0,0,0,0.3435,2.17808,0.22269,0.62481,0.01214,3.58322,0.19031,0.03299,0.15108,0.21932,1.52558,1.34038,1.45668,0,1.80741,0.00128,0.10293,0.19031,1.34038,1.45668,0.42275,0.43239,0.3435,0.63157,1.80741,0.05182,0.57426
2026-05-26 09:00:00,4.22317,0,0.0314,0,0,0.00076,0,0.0007,0.27672,1.16201,1.5028,1.87004,0.00325,0.10295,0.42236,0,0,0,0,0,0,0.34322,2.18972,0.22274,0.62569,0.01214,3.59168,0.19033,0.03288,0.15072,0.21922,1.52387,1.34044,1.44882,0,1.80512,0.00128,0.10295,0.19033,1.34044,1.44882,0.42236,0.43201,0.34322,0.63132,1.80512,0.05174,0.57294
2026-05-26 10:00:00,4.21148,0,0.03138,0,0,0.00075,0,0.0007,0.27662,1.16081,1.51088,1.90171,0.00324,0.10296,0.42202,0,0,0,0,0,0,0.34293,2.19713,0.22278,0.62656,0.01215,3.60013,0.19036,0.03276,0.1504,0.21909,1.5221,1.34051,1.44138,0,1.80247,0.00128,0.10296,0.19036,1.34051,1.44138,0.42202,0.43162,0.34293,0.63107,1.80247,0.05161,0.57029
2026-05-26 11:00:00,4.19979,0,0.03136,0,0,0.00075,0,0.00069,0.27652,1.15372,1.51571,1.92642,0.00324,0.10298,0.4217,0,0,0,0,0,0,0.34261,2.20188,0.22283,0.62743,0.01215,3.60859,0.19038,0.03265,0.15006,0.21893,1.5203,1.34058,1.43434,0,1.79943,0.00127,0.10298,0.19038,1.34058,1.43434,0.4217,0.4312,0.34261,0.63081,1.79943,0.05145,0.56235
2026-05-26 12:00:00,4.18811,0,0.03134,0,0,0.00075,0,0.00069,0.2764,1.14076,1.51659,1.94133,0.00323,0.10299,0.42142,0,0,0,0,0,0,0.34227,2.20525,0.22288,0.6283,0.01215,3.61705,0.19039,0.03253,0.14972,0.21881,1.51854,1.34065,1.42769,0,1.79597,0.00127,0.10299,0.19039,1.34065,1.42769,0.42142,0.43078,0.34227,0.63056,1.79597,0.05133,0.55052
2026-05-26 13:00:00,4.16912,0,0.03132,0,0,0.00075,0,0.00068,0.2763,1.12065,1.51155,1.94931,0.00322,0.10301,0.42117,0,0,0,0,0,0,0.34191,2.20786,0.22193,0.62383,0.01216,3.60507,0.1904,0.03216,0.1483,0.21871,1.5144,1.34072,1.42139,0,1.79212,0.00126,0.10301,0.1904,1.34072,1.42139,0.42117,0.43035,0.34191,0.6303,1.79212,0.05124,0.54874
2026-05-26 14:00:00,4.15014,0,0.0313,0,0,0.00075,0,0.00068,0.2762,1.09513,1.49996,1.95314,0.00322,0.10302,0.42094,0,0,0,0,0,0,0.34153,2.20999,0.22097,0.61936,0.01216,3.59308,0.19041,0.0318,0.14681,0.21866,1.5103,1.34079,1.41545,0,1.78791,0.00125,0.10302,0.19041,1.34079,1.41545,0.42094,0.42992,0.34153,0.63004,1.78791,0.05119,0.54868
2026-05-26 15:00:00,4.13115,0,0.03128,0,0,0.00074,0,0.00068,0.27609,1.06976,1.48222,1.95299,0.00321,0.10304,0.42072,0,0,0,0,0,0,0.34113,2.20825,0.22002,0.61489,0.01216,3.5811,0.19043,0.03143,0.14531,0.21857,1.50617,1.34085,1.40983,0,1.78337,0.00124,0.10304,0.19043,1.34085,1.40983,0.42072,0.42949,0.34113,0.62978,1.78337,0.05111,0.54862
2026-05-26 16:00:00,4.11216,0,0.03125,0,0,0.00074,0,0.00067,0.27599,1.04483,1.459,1.94725,0.0032,0.10304,0.42052,0,0,0,0,0,0,0.34073,2.20019,0.21907,0.61043,0.01217,3.56912,0.19044,0.03106,0.14377,0.21844,1.50198,1.34092,1.40452,0,1.77857,0.00124,0.10304,0.19044,1.34092,1.40452,0.42052,0.42907,0.34073,0.62953,1.77857,0.05098,0.54854
2026-05-26 17:00:00,4.09318,0,0.03123,0,0,0.00073,0,0.00067,0.27589,1.02058,1.43362,1.93503,0.0032,0.10306,0.42033,0,0,0,0,0,0,0.34032,2.18816,0.21811,0.60596,0.01217,3.55713,0.19045,0.0307,0.14219,0.21826,1.49778,1.34099,1.39949,0,1.77353,0.00123,0.10306,0.19045,1.34099,1.39949,0.42033,0.42865,0.34032,0.62925,1.77353,0.05082,0.54846
2026-05-26 18:00:00,4.07419,0,0.03121,0,0,0.00073,0,0.00067,0.2758,0.99156,1.40762,1.91647,0.00319,0.10307,0.42016,0,0,0,0,0,0,0.3399,2.17399,0.21716,0.60149,0.01217,3.54515,0.19046,0.03033,0.14061,0.21814,1.4936,1.34106,1.39475,0,1.76832,0.00122,0.10307,0.19046,1.34106,1.39475,0.42016,0.42825,0.3399,0.62899,1.76832,0.0507,0.54838
2026-05-26 19:00:00,4.06739,0,0.03119,0,0,0.00073,0,0.00066,0.2757,0.96333,1.38102,1.8923,0.00318,0.10309,0.41999,0,0,0,0,0,0,0.33949,2.15867,0.21568,0.59597,0.01218,3.52267,0.19047,0.03002,0.13958,0.21805,1.48924,1.34113,1.39026,0,1.76296,0.00122,0.10309,0.19047,1.34113,1.39026,0.41999,0.42786,0.33949,0.6287,1.76296,0.05061,0.54828
2026-05-26 20:00:00,4.06059,0,0.03117,0,0,0.00073,0,0.00066,0.2756,0.936,1.3528,1.86524,0.00318,0.1031,0.41984,0,0,0,0,0,0,0.33909,2.14272,0.2142,0.59044,0.01218,3.5002,0.19047,0.02971,0.13854,0.21799,1.48492,1.34119,1.38602,0,1.75751,0.00121,0.1031,0.19047,1.34119,1.38602,0.41984,0.42748,0.33909,0.62842,1.75751,0.05056,0.54817
2026-05-26 21:00:00,4.05379,0,0.03114,0,0,0.00073,0,0.00065,0.27551,0.9196,1.32243,1.83724,0.00317,0.10312,0.41969,0,0,0,0,0,0,0.33869,2.12728,0.21273,0.58491,0.01219,3.47772,0.19048,0.02941,0.13756,0.2179,1.48059,1.34125,1.38202,0,1.75198,0.0012,0.10312,0.19048,1.34125,1.38202,0.41969,0.4271,0.33869,0.62814,1.75198,0.05049,0.54804
2026-05-26 22:00:00,4.04698,0,0.03111,0,0,0.00072,0,0.00066,0.27541,0.90374,1.29347,1.80868,0.00317,0.10313,0.41954,0,0,0,0,0,0,0.33829,2.11303,0.21125,0.57939,0.01219,3.45524,0.19048,0.0291,0.13654,0.21777,1.47618,1.34132,1.37825,0,1.74645,0.0012,0.10313,0.19048,1.34132,1.37825,0.41954,0.42675,0.33829,0.62784,1.74645,0.05036,0.5479
2026-05-26 23:00:00,4.04018,0,0.03107,0,0,0.00072,0,0.00065,0.27531,0.88811,1.26917,1.77878,0.00316,0.10314,0.41941,0,0,0,0,0,0,0.33791,2.09948,0.20977,0.57386,0.01219,3.43277,0.19049,0.02879,0.13556,0.21762,1.47178,1.34139,1.37468,0,1.7409,0.0012,0.10314,0.19049,1.34139,1.37468,0.41941,0.42641,0.33791,0.62755,1.7409,0.05022,0.54773
2026-05-27 00:00:00,4.03338,0,0.03104,0,0,0.00072,0,0.00065,0.27521,0.89219,1.24906,1.74691,0.00315,0.10315,0.41928,0,0,0,0,0,0,0.33754,2.08631,0.20829,0.56834,0.0122,3.41029,0.1905,0.02848,0.13453,0.21751,1.46739,1.34146,1.37132,0,1.73538,0.00119,0.10315,0.1905,1.34146,1.37132,0.41928,0.42607,0.33754,0.62724,1.73538,0.05011,0.54754
2026-05-27 01:00:00,4.03299,0,0.03101,0,0,0.00072,0,0.00065,0.27511,0.9202,1.23233,1.71569,0.00315,0.10316,0.41871,0,0,0,0,0,0,0.33718,2.07334,0.20721,0.56582,0.01266,3.39755,0.1905,0.02837,0.13458,0.21741,1.46445,1.34153,1.36814,0,1.72992,0.00119,0.10316,0.1905,1.34153,1.36814,0.41871,0.42575,0.33718,0.62694,1.72992,0.05003,0.54731
2026-05-27 02:00:00,4.03261,0,0.03098,0,0,0.00072,0,0.00064,0.27501,0.93795,1.22515,1.68857,0.00314,0.10318,0.41777,0,0,0,0,0,0,0.33683,2.06049,0.20612,0.5633,0.01266,3.38481,0.19054,0.02827,0.13467,0.21735,1.46155,1.3416,1.36515,0,1.72453,0.00118,0.10318,0.19054,1.3416,1.36515,0.41777,0.42545,0.33683,0.62663,1.72453,0.04998,0.54703
2026-05-27 03:00:00,4.03223,0,0.03095,0,0,0.00071,0,0.00064,0.27492,0.96429,1.23359,1.6659,0.00313,0.10319,0.41696,0,0,0,0,0,0,0.3365,2.05115,0.20504,0.56078,0.01267,3.37207,0.19062,0.02816,0.13483,0.21727,1.45862,1.34166,1.36233,0,1.71923,0.00118,0.10319,0.19062,1.34166,1.36233,0.41696,0.42515,0.3365,0.62631,1.71923,0.04991,0.5467
2026-05-27 04:00:00,4.03184,0,0.03093,0,0,0.00071,0,0.00064,0.27482,0.98995,1.25259,1.64693,0.00313,0.1032,0.41627,0,0,0,0,0,0,0.33618,2.04722,0.20396,0.55827,0.01267,3.35933,0.19068,0.02805,0.135,0.21715,1.45564,1.34173,1.35966,0,1.71401,0.00118,0.1032,0.19068,1.34173,1.35966,0.41627,0.42486,0.33618,0.626,1.71401,0.04979,0.54628
2026-05-27 05:00:00,4.03145,0,0.0309,0,0,0.00071,0,0.00064,0.27472,1.01018,1.27407,1.63607,0.00312,0.10321,0.41566,0,0,0,0,0,0,0.33587,2.04627,0.20287,0.55575,0.01267,3.34659,0.19073,0.02795,0.13518,0.217,1.45265,1.3418,1.35715,0,1.70893,0.00117,0.10321,0.19073,1.3418,1.35715,0.41566,0.42459,0.33587,0.62569,1.70893,0.04965,0.54574
2026-05-27 06:00:00,4.03107,0,0.03087,0,0,0.00071,0,0.00063,0.27462,1.02103,1.29832,1.63938,0.00311,0.10323,0.41513,0,0,0,0,0,0,0.33557,2.04694,0.20179,0.55323,0.01268,3.33385,0.19078,0.02784,0.13537,0.21688,1.44968,1.34187,1.35478,0,1.70395,0.00117,0.10323,0.19078,1.34187,1.35478,0.41513,0.42432,0.33557,0.62538,1.70395,0.04954,0.54502
2026-05-27 07:00:00,4.01533,0,0.03085,0,0,0.00071,0,0.00063,0.27453,1.02186,1.32052,1.65442,0.00311,0.10324,0.41467,0,0,0,0,0,0,0.33528,2.04848,0.20099,0.55064,0.01268,3.33005,0.19082,0.0277,0.13495,0.21679,1.44602,1.34194,1.35255,0,1.69912,0.00117,0.10324,0.19082,1.34194,1.35255,0.41467,0.42403,0.33528,0.62506,1.69912,0.04945,0.54401
2026-05-27 08:00:00,3.99958,0,0.03083,0,0,0.00071,0,0.00063,0.27443,1.02259,1.33629,1.67382,0.0031,0.10326,0.41426,0,0,0,0,0,0,0.335,2.05049,0.20018,0.54804,0.01268,3.32625,0.19085,0.02755,0.13451,0.21674,1.44239,1.34201,1.35045,0,1.69441,0.00116,0.10326,0.19085,1.34201,1.35045,0.41426,0.4237,0.335,0.62475,1.69441,0.04941,0.5425
2026-05-27 09:00:00,3.98384,0,0.03081,0,0,0.00071,0,0.00063,0.27433,1.0232,1.34391,1.69584,0.00309,0.10326,0.4139,0,0,0,0,0,0,0.33472,2.05156,0.19938,0.54545,0.01269,3.32245,0.19088,0.02741,0.13409,0.21667,1.43874,1.34207,1.34847,0,1.68986,0.00116,0.10326,0.19088,1.34207,1.34847,0.4139,0.42334,0.33472,0.62445,1.68986,0.04934,0.53998
2026-05-27 10:00:00,3.9681,0,0.03078,0,0,0.0007,0,0.00063,0.27424,1.01957,1.34656,1.71692,0.00309,0.10328,0.41358,0,0,0,0,0,0,0.33444,2.05093,0.19857,0.54286,0.01269,3.31865,0.1909,0.02727,0.13364,0.21654,1.43506,1.34214,1.34661,0,1.68544,0.00116,0.10328,0.1909,1.34214,1.34661,0.41358,0.42296,0.33444,0.62415,1.68544,0.04923,0.53494
2026-05-27 11:00:00,3.95235,0,0.03076,0,0,0.0007,0,0.00063,0.27415,1.01183,1.34671,1.73264,0.00308,0.10329,0.41329,0,0,0,0,0,0,0.33413,2.04937,0.19776,0.54026,0.01269,3.31485,0.19093,0.02712,0.13323,0.21641,1.43134,1.34221,1.34486,0,1.68118,0.00115,0.10329,0.19093,1.34221,1.34486,0.41329,0.42256,0.33413,0.62384,1.68118,0.0491,0.51982
2026-05-27 12:00:00,3.93661,0,0.03074,0,0,0.0007,0,0.00063,0.27404,1.00032,1.34431,1.74059,0.00308,0.10331,0.41304,0,0,0,0,0,0,0.33381,2.04725,0.19696,0.53767,0.0127,3.31105,0.19095,0.02698,0.1328,0.21631,1.42767,1.34227,1.34322,0,1.67706,0.00115,0.10331,0.19095,1.34227,1.34322,0.41304,0.42214,0.33381,0.62354,1.67706,0.049,0.52663
2026-05-27 13:00:00,3.91477,0,0.03072,0,0,0.0007,0,0.00063,0.27395,0.97795,1.33778,1.74265,0.00307,0.10332,0.4128,0,0,0,0,0,0,0.33346,2.04484,0.19553,0.53218,0.0127,3.29408,0.19096,0.02666,0.13132,0.21624,1.42201,1.34234,1.34167,0,1.67309,0.00114,0.10332,0.19096,1.34234,1.34167,0.4128,0.42173,0.33346,0.62324,1.67309,0.04893,0.52547
2026-05-27 14:00:00,3.89293,0,0.0307,0,0,0.0007,0,0.00063,0.27385,0.95201,1.32622,1.74135,0.00306,0.10334,0.41259,0,0,0,0,0,0,0.33309,2.04227,0.1941,0.5267,0.0127,3.2771,0.19096,0.02633,0.12978,0.21617,1.41638,1.34241,1.34023,0,1.66927,0.00113,0.10334,0.19096,1.34241,1.34023,0.41259,0.42131,0.33309,0.62295,1.66927,0.04888,0.51822
2026-05-27 15:00:00,3.8711,0,0.03067,0,0,0.00069,0,0.00062,0.27375,0.92651,1.30843,1.73733,0.00306,0.10334,0.41239,0,0,0,0,0,0,0.3327,2.03616,0.19267,0.52121,0.01271,3.26013,0.19097,0.02601,0.12821,0.21611,1.41074,1.34247,1.33886,0,1.66559,0.00113,0.10334,0.19097,1.34247,1.33886,0.41239,0.42089,0.3327,0.62265,1.66559,0.04882,0.51581
2026-05-27 16:00:00,3.84926,0,0.03065,0,0,0.00069,0,0.00062,0.27366,0.90152,1.28454,1.72946,0.00305,0.10336,0.41222,0,0,0,0,0,0,0.33231,2.02465,0.19124,0.51572,0.01271,3.24316,0.19098,0.02569,0.12666,0.21599,1.40504,1.34254,1.33759,0,1.66206,0.00112,0.10336,0.19098,1.34254,1.33759,0.41222,0.42049,0.33231,0.62234,1.66206,0.04871,0.5146
2026-05-27 17:00:00,3.82742,0,0.03063,0,0,0.00068,0,0.00061,0.27355,0.87697,1.2584,1.71669,0.00304,0.10337,0.41205,0,0,0,0,0,0,0.33191,2.01025,0.18981,0.51024,0.01272,3.22618,0.19099,0.02536,0.12507,0.21585,1.39933,1.34261,1.33639,0,1.65866,0.00111,0.10337,0.19099,1.34261,1.33639,0.41205,0.42009,0.33191,0.62205,1.65866,0.04858,0.51387
2026-05-27 18:00:00,3.80558,0,0.03061,0,0,0.00068,0,0.00061,0.27345,0.84936,1.23161,1.69794,0.00304,0.10339,0.4119,0,0,0,0,0,0,0.33151,1.99745,0.18838,0.50475,0.01272,3.20921,0.191,0.02504,0.12348,0.21575,1.39365,1.34268,1.33526,0,1.65541,0.0011,0.10339,0.191,1.34268,1.33526,0.4119,0.41971,0.33151,0.62174,1.65541,0.04849,0.51339
2026-05-27 19:00:00,3.79287,0,0.03059,0,0,0.00068,0,0.0006,0.27333,0.82719,1.20468,1.67312,0.00303,0.1034,0.41175,0,0,0,0,0,0,0.33112,1.98318,0.18665,0.49925,0.01272,3.18526,0.19101,0.02477,0.12206,0.21567,1.38779,1.34275,1.33421,0,1.65228,0.0011,0.1034,0.19101,1.34275,1.33421,0.41175,0.41933,0.33112,0.62142,1.65228,0.04841,0.51305
2026-05-27 20:00:00,3.78015,0,0.03057,0,0,0.00068,0,0.00059,0.27323,0.80548,1.17689,1.64525,0.00302,0.10342,0.41162,0,0,0,0,0,0,0.33072,1.96769,0.18491,0.49375,0.01273,3.16131,0.19102,0.02451,0.12062,0.21563,1.38198,1.34282,1.33323,0,1.64929,0.00109,0.10342,0.19102,1.34282,1.33323,0.41162,0.41896,0.33072,0.62112,1.64929,0.04837,0.51279
2026-05-27 21:00:00,3.76744,0,0.03054,0,0,0.00068,0,0.00059,0.27313,0.79088,1.1489,1.61644,0.00302,0.10342,0.41149,0,0,0,0,0,0,0.33034,1.95177,0.18318,0.48824,0.01273,3.13737,0.19103,0.02424,0.11921,0.21555,1.37613,1.34288,1.33231,0,1.64642,0.00109,0.10342,0.19103,1.34288,1.33231,0.41149,0.41861,0.33034,0.6208,1.64642,0.0483,0.51259
2026-05-27 22:00:00,3.75473,0,0.0305,0,0,0.00067,0,0.00058,0.27302,0.77658,1.12348,1.58742,0.00301,0.10344,0.41137,0,0,0,0,0,0,0.32996,1.93591,0.18145,0.48274,0.01273,3.11342,0.19104,0.02397,0.11782,0.21542,1.37023,1.34295,1.33145,0,1.64367,0.00108,0.10344,0.19104,1.34295,1.33145,0.41137,0.41827,0.32996,0.62048,1.64367,0.04819,0.51243
2026-05-27 23:00:00,3.74201,0,0.03047,0,0,0.00067,0,0.00057,0.27293,0.7624,1.10168,1.55777,0.00301,0.10345,0.41125,0,0,0,0,0,0,0.3296,1.9201,0.17971,0.47724,0.01274,3.08947,0.19104,0.02371,0.11642,0.21529,1.36435,1.34302,1.33065,0,1.64104,0.00108,0.10345,0.19104,1.34302,1.33065,0.41125,0.41794,0.3296,0.62015,1.64104,0.04807,0.51229
2026-05-28 00:00:00,3.7293,0,0.03044,0,0,0.00067,0,0.00057,0.27284,0.76121,1.08515,1.52782,0.003,0.10347,0.41114,0,0,0,0,0,0,0.32924,1.90433,0.17798,0.47174,0.01274,3.06552,0.19105,0.02344,0.11502,0.21518,1.35846,1.34309,1.3299,0,1.63851,0.00107,0.10347,0.19105,1.34309,1.3299,0.41114,0.41762,0.32924,0.61983,1.63851,0.04797,0.51218
2026-05-28 01:00:00,3.72819,0,0.03041,0,0,0.00067,0,0.00056,0.27274,0.77774,1.07125,1.49992,0.00299,0.10348,0.41059,0,0,0,0,0,0,0.3289,1.88859,0.17697,0.46796,0.0132,3.04995,0.19105,0.02343,0.11487,0.21511,1.35491,1.34316,1.32921,0,1.6361,0.00107,0.10348,0.19105,1.34316,1.32921,0.41059,0.41732,0.3289,0.6195,1.6361,0.0479,0.51209
2026-05-28 02:00:00,3.72708,0,0.03038,0,0,0.00066,0,0.00056,0.27265,0.78754,1.06061,1.47568,0.00299,0.1035,0.40968,0,0,0,0,0,0,0.32857,1.87287,0.17597,0.46417,0.01321,3.03438,0.19109,0.02342,0.11478,0.21504,1.35137,1.34323,1.32857,0,1.63379,0.00106,0.1035,0.19109,1.34323,1.32857,0.40968,0.41703,0.32857,0.61917,1.63379,0.04785,0.51201
2026-05-28 03:00:00,3.72598,0,0.03035,0,0,0.00066,0,0.00056,0.27254,0.8034,1.05833,1.45651,0.00298,0.1035,0.40889,0,0,0,0,0,0,0.32825,1.85969,0.17496,0.46039,0.01321,3.01882,0.19116,0.0234,0.11478,0.21498,1.34782,1.34329,1.32797,0,1.63158,0.00106,0.1035,0.19116,1.34329,1.32797,0.40889,0.41675,0.32825,0.61883,1.63158,0.04779,0.51194
2026-05-28 04:00:00,3.72487,0,0.03032,0,0,0.00066,0,0.00055,0.27245,0.81886,1.06405,1.44076,0.00297,0.10352,0.40821,0,0,0,0,0,0,0.32795,1.851,0.17395,0.45661,0.01321,3.00325,0.19122,0.02339,0.11478,0.21487,1.34422,1.34335,1.32741,0,1.62947,0.00106,0.10352,0.19122,1.34335,1.32741,0.40821,0.41649,0.32795,0.61851,1.62947,0.04769,0.51188
2026-05-28 05:00:00,3.72376,0,0.0303,0,0,0.00065,0,0.00055,0.27236,0.83097,1.07266,1.42824,0.00297,0.10353,0.40762,0,0,0,0,0,0,0.32765,1.84551,0.17295,0.45282,0.01322,2.98768,0.19128,0.02338,0.1148,0.21475,1.34063,1.34342,1.3269,0,1.62746,0.00105,0.10353,0.19128,1.34342,1.3269,0.40762,0.41623,0.32765,0.61818,1.62746,0.04758,0.51183
2026-05-28 06:00:00,3.72265,0,0.03027,0,0,0.00065,0,0.00056,0.27225,0.83671,1.08452,1.4229,0.00296,0.10355,0.40711,0,0,0,0,0,0,0.32737,1.84204,0.17194,0.44904,0.01322,2.97211,0.19132,0.02337,0.11485,0.21464,1.33705,1.34349,1.32643,0,1.62553,0.00105,0.10355,0.19132,1.34349,1.32643,0.40711,0.41597,0.32737,0.61785,1.62553,0.04749,0.51178
2026-05-28 07:00:00,3.71214,0,0.03025,0,0,0.00065,0,0.00056,0.27216,0.83972,1.10123,1.42567,0.00295,0.10356,0.40667,0,0,0,0,0,0,0.3271,1.83986,0.1716,0.44914,0.01322,2.96984,0.19137,0.02339,0.11513,0.21458,1.33441,1.34356,1.32599,0,1.62369,0.00105,0.10356,0.19137,1.34356,1.32599,0.40667,0.41571,0.3271,0.61752,1.62369,0.04743,0.51174
2026-05-28 08:00:00,3.70164,0,0.03022,0,0,0.00065,0,0.00056,0.27206,0.84274,1.11302,1.43262,0.00295,0.10357,0.40628,0,0,0,0,0,0,0.32684,1.83851,0.17125,0.44924,0.01323,2.96756,0.1914,0.02341,0.11542,0.21453,1.33179,1.34363,1.32559,0,1.62193,0.00104,0.10357,0.1914,1.34363,1.32559,0.40628,0.41541,0.32684,0.61719,1.62193,0.04739,0.5117
2026-05-28 09:00:00,3.69113,0,0.0302,0,0,0.00064,0,0.00056,0.27196,0.84567,1.11956,1.44277,0.00294,0.10358,0.40594,0,0,0,0,0,0,0.32658,1.83758,0.17091,0.44934,0.01323,2.96529,0.19143,0.02343,0.11574,0.21447,1.32915,1.34369,1.32522,0,1.62026,0.00104,0.10358,0.19143,1.34369,1.32522,0.40594,0.41507,0.32658,0.61688,1.62026,0.04733,0.51167
2026-05-28 10:00:00,3.68062,0,0.03018,0,0,0.00064,0,0.00056,0.27186,0.84563,1.12366,1.45739,0.00293,0.1036,0.40564,0,0,0,0,0,0,0.32632,1.83683,0.17057,0.44944,0.01324,2.96301,0.19145,0.02345,0.11605,0.21436,1.32647,1.34376,1.32489,0,1.61867,0.00104,0.1036,0.19145,1.34376,1.32489,0.40564,0.4147,0.32632,0.61657,1.61867,0.04723,0.51163
2026-05-28 11:00:00,3.67012,0,0.03015,0,0,0.00063,0,0.00056,0.27175,0.84264,1.1266,1.46951,0.00293,0.10361,0.40537,0,0,0,0,0,0,0.32604,1.83622,0.17022,0.44954,0.01324,2.96073,0.19147,0.02347,0.11637,0.21424,1.32378,1.34383,1.32458,0,1.61716,0.00103,0.10361,0.19147,1.34383,1.32458,0.40537,0.41432,0.32604,0.61625,1.61716,0.04712,0.51161
2026-05-28 12:00:00,3.65961,0,0.03013,0,0,0.00063,0,0.00056,0.27166,0.83676,1.12821,1.47649,0.00292,0.10362,0.40513,0,0,0,0,0,0,0.32573,1.83559,0.16988,0.44964,0.01324,2.95846,0.19149,0.02349,0.11668,0.21415,1.32111,1.3439,1.3243,0,1.61571,0.00103,0.10362,0.19149,1.3439,1.3243,0.40513,0.41393,0.32573,0.61594,1.61571,0.04703,0.50863
2026-05-28 13:00:00,3.64198,0,0.03011,0,0,0.00063,0,0.00055,0.27156,0.82859,1.12702,1.48027,0.00292,0.10363,0.40491,0,0,0,0,0,0,0.3254,1.83501,0.16952,0.44827,0.01325,2.95152,0.19151,0.02333,0.11604,0.21409,1.31704,1.34397,1.32406,0,1.61433,0.00102,0.10363,0.19151,1.34397,1.32406,0.40491,0.41353,0.3254,0.61564,1.61433,0.04697,0.50062
2026-05-28 14:00:00,3.62436,0,0.03009,0,0,0.00063,0,0.00055,0.27146,0.81742,1.12264,1.48243,0.00291,0.10364,0.40471,0,0,0,0,0,0,0.32505,1.83444,0.16915,0.44689,0.01325,2.94458,0.19152,0.02317,0.11532,0.21404,1.31301,1.34404,1.32384,0,1.61303,0.00101,0.10364,0.19152,1.34404,1.32384,0.40471,0.41313,0.32505,0.61533,1.61303,0.04693,0.49662
2026-05-28 15:00:00,3.60674,0,0.03007,0,0,0.00063,0,0.00054,0.27136,0.80617,1.11553,1.4832,0.0029,0.10366,0.40454,0,0,0,0,0,0,0.32469,1.8322,0.16879,0.44552,0.01325,2.93765,0.19152,0.02301,0.11457,0.21397,1.30894,1.3441,1.32364,0,1.61178,0.00101,0.10366,0.19152,1.3441,1.32364,0.40454,0.41274,0.32469,0.61502,1.61178,0.04687,0.49528
2026-05-28 16:00:00,3.58911,0,0.03004,0,0,0.00062,0,0.00054,0.27126,0.79495,1.10552,1.48148,0.0029,0.10367,0.40436,0,0,0,0,0,0,0.32432,1.82699,0.16843,0.44415,0.01326,2.93071,0.19153,0.02284,0.11383,0.21387,1.30482,1.34417,1.32346,0,1.61061,0.001,0.10367,0.19153,1.34417,1.32346,0.40436,0.41235,0.32432,0.61472,1.61061,0.04677,0.49461
2026-05-28 17:00:00,3.57148,0,0.03002,0,0,0.00062,0,0.00053,0.27117,0.78363,1.09393,1.47661,0.00289,0.10369,0.40421,0,0,0,0,0,0,0.32394,1.81965,0.16806,0.44277,0.01326,2.92377,0.19154,0.02268,0.11306,0.21376,1.30072,1.34424,1.32331,0,1.60948,0.00099,0.10369,0.19154,1.34424,1.32331,0.40421,0.41197,0.32394,0.61442,1.60948,0.04666,0.49421
2026-05-28 18:00:00,3.55386,0,0.03,0,0,0.00062,0,0.00053,0.27108,0.76929,1.08166,1.46886,0.00288,0.10369,0.40407,0,0,0,0,0,0,0.32355,1.81098,0.1677,0.4414,0.01326,2.91683,0.19156,0.02252,0.1123,0.21366,1.29662,1.34431,1.32317,0,1.60841,0.00098,0.10369,0.19156,1.34431,1.32317,0.40407,0.41159,0.32355,0.61411,1.60841,0.04657,0.49394
2026-05-28 19:00:00,3.54879,0,0.02998,0,0,0.00062,0,0.00053,0.27098,0.7541,1.07037,1.45839,0.00288,0.10371,0.40394,0,0,0,0,0,0,0.32317,1.80144,0.16715,0.43818,0.01327,2.90354,0.19157,0.02246,0.11176,0.2136,1.29301,1.34437,1.32306,0,1.60739,0.00098,0.10371,0.19157,1.34437,1.32306,0.40394,0.41123,0.32317,0.61379,1.60739,0.04651,0.49375
2026-05-28 20:00:00,3.54372,0,0.02996,0,0,0.00061,0,0.00052,0.27089,0.73885,1.05893,1.44627,0.00287,0.10372,0.40382,0,0,0,0,0,0,0.3228,1.79136,0.1666,0.43495,0.01327,2.89025,0.19157,0.0224,0.11128,0.21356,1.28941,1.34444,1.32296,0,1.60643,0.00097,0.10372,0.19157,1.34444,1.32296,0.40382,0.41089,0.3228,0.61349,1.60643,0.04647,0.49361
2026-05-28 21:00:00,3.53866,0,0.02994,0,0,0.00061,0,0.00052,0.2708,0.72961,1.04437,1.43343,0.00286,0.10374,0.4037,0,0,0,0,0,0,0.32243,1.78164,0.16606,0.43173,0.01327,2.87697,0.19158,0.02234,0.1108,0.21351,1.28581,1.3445,1.32288,0,1.6055,0.00097,0.10374,0.19158,1.3445,1.32288,0.4037,0.41055,0.32243,0.61317,1.6055,0.04642,0.4935
2026-05-28 22:00:00,3.53359,0,0.02992,0,0,0.00061,0,0.00053,0.27069,0.72042,1.02896,1.42128,0.00286,0.10374,0.40359,0,0,0,0,0,0,0.32207,1.77299,0.16551,0.42851,0.01328,2.86368,0.19158,0.02228,0.11034,0.2134,1.28216,1.34457,1.32282,0,1.60463,0.00096,0.10374,0.19158,1.34457,1.32282,0.40359,0.41022,0.32207,0.61285,1.60463,0.04633,0.49341
2026-05-28 23:00:00,3.52852,0,0.02989,0,0,0.0006,0,0.00053,0.2706,0.71112,1.0149,1.40934,0.00285,0.10376,0.40348,0,0,0,0,0,0,0.32172,1.76517,0.16496,0.42528,0.01328,2.85039,0.19159,0.02222,0.10988,0.21329,1.2785,1.34464,1.32278,0,1.60378,0.00095,0.10376,0.19159,1.34464,1.32278,0.40348,0.40991,0.32172,0.61253,1.60378,0.04623,0.49334
2026-05-29 00:00:00,3.52345,0,0.02987,0,0,0.0006,0,0.00052,0.27049,0.71387,1.00273,1.39509,0.00285,0.10377,0.40338,0,0,0,0,0,0,0.32139,1.75786,0.16441,0.42206,0.01328,2.8371,0.19159,0.02216,0.10945,0.21321,1.27487,1.34471,1.32275,0,1.60297,0.00095,0.10377,0.19159,1.34471,1.32275,0.40338,0.40961,0.32139,0.6122,1.60297,0.04615,0.49328
2026-05-29 01:00:00,3.53244,0,0.02986,0,0,0.0006,0,0.00052,0.27038,0.73384,0.99233,1.37962,0.00284,0.10379,0.40284,0,0,0,0,0,0,0.32106,1.75089,0.16426,0.42358,0.01374,2.83678,0.1916,0.02235,0.11027,0.21316,1.27403,1.34478,1.32274,0,1.60222,0.00095,0.10379,0.1916,1.34478,1.32274,0.40284,0.40932,0.32106,0.61188,1.60222,0.0461,0.49322
2026-05-29 02:00:00,3.54144,0,0.02984,0,0,0.0006,0,0.00051,0.27028,0.7479,0.98644,1.3652,0.00283,0.1038,0.40194,0,0,0,0,0,0,0.32075,1.74413,0.16411,0.42511,0.01374,2.83646,0.19164,0.02254,0.11118,0.2131,1.27319,1.34485,1.32273,0,1.60148,0.00094,0.1038,0.19164,1.34485,1.32273,0.40194,0.40905,0.32075,0.61155,1.60148,0.04606,0.49318
2026-05-29 03:00:00,3.55044,0,0.02982,0,0,0.0006,0,0.00051,0.27017,0.76836,0.98929,1.35271,0.00283,0.10381,0.40116,0,0,0,0,0,0,0.32044,1.73984,0.16396,0.42663,0.01374,2.83614,0.1917,0.02274,0.11217,0.21305,1.27236,1.34491,1.32274,0,1.60079,0.00094,0.10381,0.1917,1.34491,1.32274,0.40116,0.40879,0.32044,0.61122,1.60079,0.04601,0.49314
2026-05-29 04:00:00,3.55943,0,0.02979,0,0,0.0006,0,0.0005,0.27007,0.78917,1.00033,1.34463,0.00282,0.10382,0.40049,0,0,0,0,0,0,0.32015,1.73996,0.1638,0.42815,0.01375,2.83581,0.19177,0.02293,0.11317,0.21296,1.27149,1.34498,1.32276,0,1.60011,0.00094,0.10382,0.19177,1.34498,1.32276,0.40049,0.40853,0.32015,0.61089,1.60011,0.04593,0.49311
2026-05-29 05:00:00,3.56842,0,0.02977,0,0,0.0006,0,0.0005,0.26997,0.80713,1.01471,1.33858,0.00281,0.10384,0.39991,0,0,0,0,0,0,0.31987,1.74342,0.16365,0.42968,0.01375,2.83549,0.19183,0.02312,0.1142,0.21286,1.2706,1.34505,1.3228,0,1.59948,0.00093,0.10384,0.19183,1.34505,1.3228,0.39991,0.40829,0.31987,0.61057,1.59948,0.04583,0.49308
2026-05-29 06:00:00,3.57742,0,0.02975,0,0,0.0006,0,0.00049,0.26986,0.81899,1.03278,1.33652,0.00281,0.10385,0.39941,0,0,0,0,0,0,0.3196,1.74902,0.1635,0.4312,0.01376,2.83517,0.19187,0.02331,0.11521,0.21277,1.26972,1.34512,1.32284,0,1.59887,0.00093,0.10385,0.19187,1.34512,1.32284,0.39941,0.40805,0.3196,0.61024,1.59887,0.04575,0.49305
2026-05-29 07:00:00,3.57305,0,0.02973,0,0,0.0006,0,0.00049,0.26977,0.82717,1.05223,1.34196,0.0028,0.10386,0.39898,0,0,0,0,0,0,0.31935,1.75599,0.16408,0.43501,0.01376,2.84545,0.19191,0.02339,0.11587,0.21271,1.26902,1.34519,1.32289,0,1.59829,0.00093,0.10386,0.19191,1.34519,1.32289,0.39898,0.4078,0.31935,0.60992,1.59829,0.04569,0.49303
2026-05-29 08:00:00,3.56868,0,0.02971,0,0,0.0006,0,0.00049,0.26967,0.83547,1.07032,1.35865,0.00279,0.10387,0.3986,0,0,0,0,0,0,0.3191,1.7638,0.16467,0.43881,0.01376,2.85574,0.19194,0.02347,0.11654,0.21268,1.26834,1.34526,1.32296,0,1.59773,0.00092,0.10387,0.19194,1.34526,1.32296,0.3986,0.40752,0.3191,0.6096,1.59773,0.04566,0.49301
2026-05-29 09:00:00,3.56431,0,0.02968,0,0,0.0006,0,0.00048,0.26958,0.84381,1.08833,1.37704,0.00279,0.10389,0.39826,0,0,0,0,0,0,0.31886,1.77131,0.16525,0.44262,0.01377,2.86602,0.19197,0.02355,0.11717,0.21262,1.26766,1.34533,1.32303,0,1.59721,0.00092,0.10389,0.19197,1.34533,1.32303,0.39826,0.4072,0.31886,0.60929,1.59721,0.04561,0.49299
2026-05-29 10:00:00,3.55993,0,0.02965,0,0,0.00059,0,0.00048,0.26949,0.84891,1.10197,1.39621,0.00278,0.1039,0.39797,0,0,0,0,0,0,0.31861,1.77758,0.16583,0.44643,0.01377,2.8763,0.19199,0.02363,0.11777,0.21254,1.26694,1.3454,1.32311,0,1.5967,0.00092,0.1039,0.19199,1.3454,1.32311,0.39797,0.40686,0.31861,0.60898,1.5967,0.04553,0.49297
2026-05-29 11:00:00,3.55556,0,0.02962,0,0,0.00059,0,0.00048,0.26939,0.85064,1.11279,1.41463,0.00277,0.10392,0.39771,0,0,0,0,0,0,0.31835,1.78295,0.16642,0.45023,0.01377,2.88659,0.19201,0.02371,0.11839,0.21243,1.26619,1.34546,1.3232,0,1.59622,0.00091,0.10392,0.19201,1.34546,1.3232,0.39771,0.40649,0.31835,0.60867,1.59622,0.04543,0.49296
2026-05-29 12:00:00,3.55119,0,0.02959,0,0,0.00058,0,0.00048,0.26929,0.84902,1.12159,1.43263,0.00277,0.10392,0.39747,0,0,0,0,0,0,0.31806,1.78761,0.167,0.45404,0.01378,2.89687,0.19203,0.02379,0.11899,0.21235,1.26547,1.34553,1.32331,0,1.59578,0.00091,0.10392,0.19203,1.34553,1.32331,0.39747,0.40611,0.31806,0.60837,1.59578,0.04535,0.49188
2026-05-29 13:00:00,3.53883,0,0.02956,0,0,0.00058,0,0.00047,0.26919,0.84287,1.12698,1.4472,0.00276,0.10394,0.39726,0,0,0,0,0,0,0.31775,1.79188,0.16707,0.45447,0.01378,2.89676,0.19204,0.02364,0.11845,0.21229,1.26294,1.3456,1.32341,0,1.59535,0.0009,0.10394,0.19204,1.3456,1.32341,0.39726,0.40573,0.31775,0.60807,1.59535,0.04529,0.48923
2026-05-29 14:00:00,3.52646,0,0.02953,0,0,0.00058,0,0.00047,0.2691,0.83331,1.12848,1.45842,0.00276,0.10395,0.39707,0,0,0,0,0,0,0.31742,1.79603,0.16713,0.45491,0.01378,2.89666,0.19206,0.02349,0.11784,0.21227,1.26045,1.34567,1.32352,0,1.59495,0.00089,0.10395,0.19206,1.34567,1.32352,0.39707,0.40534,0.31742,0.60777,1.59495,0.04526,0.48523
2026-05-29 15:00:00,3.5141,0,0.0295,0,0,0.00058,0,0.00047,0.269,0.8235,1.12608,1.46729,0.00275,0.10397,0.3969,0,0,0,0,0,0,0.31708,1.79803,0.1672,0.45534,0.01379,2.89655,0.19208,0.02334,0.11716,0.21221,1.25793,1.34573,1.32364,0,1.59456,0.00089,0.10397,0.19208,1.34573,1.32364,0.3969,0.40496,0.31708,0.60748,1.59456,0.04521,0.48389
2026-05-29 16:00:00,3.50174,0,0.02947,0,0,0.00057,0,0.00047,0.2689,0.81358,1.11945,1.47302,0.00274,0.10398,0.39675,0,0,0,0,0,0,0.31671,1.79644,0.16726,0.45577,0.01379,2.89644,0.19208,0.02319,0.11647,0.21212,1.25536,1.3458,1.32377,0,1.5942,0.00088,0.10398,0.19208,1.3458,1.32377,0.39675,0.40458,0.31671,0.60718,1.5942,0.04512,0.48323
2026-05-29 17:00:00,3.48937,0,0.02945,0,0,0.00057,0,0.00046,0.2688,0.80351,1.11064,1.47492,0.00274,0.10399,0.3966,0,0,0,0,0,0,0.31634,1.79227,0.16733,0.45621,0.01379,2.89634,0.19208,0.02304,0.11577,0.21203,1.25281,1.34587,1.3239,0,1.59386,0.00087,0.10399,0.19208,1.34587,1.3239,0.3966,0.40421,0.31634,0.60688,1.59386,0.04503,0.48283
2026-05-29 18:00:00,3.47701,0,0.02942,0,0,0.00057,0,0.00046,0.26871,0.78978,1.10083,1.47289,0.00273,0.104,0.39647,0,0,0,0,0,0,0.31598,1.78645,0.16739,0.45664,0.0138,2.89623,0.19209,0.02289,0.11507,0.21194,1.25026,1.34594,1.32403,0,1.59353,0.00086,0.104,0.19209,1.34594,1.32403,0.39647,0.40385,0.31598,0.60659,1.59353,0.04495,0.48256
2026-05-29 19:00:00,3.48057,0,0.0294,0,0,0.00057,0,0.00045,0.2686,0.77495,1.09057,1.46684,0.00272,0.10402,0.39633,0,0,0,0,0,0,0.31561,1.77958,0.16676,0.45633,0.0138,2.88928,0.1921,0.02293,0.1148,0.21187,1.24855,1.34601,1.32417,0,1.59322,0.00086,0.10402,0.1921,1.34601,1.32417,0.39633,0.4035,0.31561,0.60628,1.59322,0.04489,0.48237
2026-05-29 20:00:00,3.48414,0,0.02937,0,0,0.00056,0,0.00045,0.26851,0.75998,1.07874,1.45838,0.00272,0.10403,0.39622,0,0,0,0,0,0,0.31525,1.77206,0.16613,0.45602,0.0138,2.88233,0.19211,0.02296,0.11458,0.21184,1.24686,1.34608,1.32432,0,1.59293,0.00085,0.10403,0.19211,1.34608,1.32432,0.39622,0.40316,0.31525,0.60597,1.59293,0.04486,0.48223
2026-05-29 21:00:00,3.48771,0,0.02935,0,0,0.00056,0,0.00045,0.26841,0.75191,1.06682,1.4488,0.00271,0.10404,0.39611,0,0,0,0,0,0,0.31489,1.76527,0.1655,0.45571,0.01381,2.87538,0.19211,0.023,0.11443,0.21179,1.24517,1.34614,1.32447,0,1.59264,0.00084,0.10404,0.19211,1.34614,1.32447,0.39611,0.40282,0.31489,0.60566,1.59264,0.04481,0.48212
2026-05-29 22:00:00,3.49127,0,0.02933,0,0,0.00056,0,0.00044,0.26831,0.74384,1.05382,1.43877,0.0027,0.10405,0.396,0,0,0,0,0,0,0.31455,1.76037,0.16486,0.4554,0.01381,2.86842,0.19212,0.02303,0.11428,0.21172,1.24345,1.34621,1.32463,0,1.59237,0.00084,0.10405,0.19212,1.34621,1.32463,0.396,0.40251,0.31455,0.60535,1.59237,0.04474,0.48203
2026-05-29 23:00:00,3.49484,0,0.0293,0,0,0.00055,0,0.00044,0.26822,0.73571,1.04176,1.42754,0.0027,0.10406,0.3959,0,0,0,0,0,0,0.31421,1.7569,0.16423,0.45509,0.01381,2.86147,0.19212,0.02307,0.11418,0.21161,1.24171,1.34628,1.3248,0,1.5921,0.00084,0.10406,0.19212,1.34628,1.3248,0.3959,0.40221,0.31421,0.60504,1.5921,0.04465,0.48195
2026-05-30 00:00:00,3.4984,0,0.02928,0,0,0.00055,0,0.00044,0.26812,0.74195,1.03154,1.41593,0.00269,0.10408,0.3958,0,0,0,0,0,0,0.31388,1.75436,0.1636,0.45478,0.01382,2.85452,0.19214,0.0231,0.11402,0.21155,1.23999,1.34635,1.32496,0,1.59185,0.00083,0.10408,0.19214,1.34635,1.32496,0.3958,0.40191,0.31388,0.60473,1.59185,0.04459,0.48189
2026-05-30 01:00:00,3.51073,0,0.02926,0,0,0.00055,0,0.00044,0.26803,0.77559,1.02312,1.40359,0.00268,0.10409,0.39527,0,0,0,0,0,0,0.31356,1.75239,0.16395,0.45742,0.01428,2.86034,0.19214,0.02334,0.11484,0.2115,1.24051,1.34642,1.32513,0,1.59161,0.00083,0.10409,0.19214,1.34642,1.32513,0.39527,0.40164,0.31356,0.60441,1.59161,0.04454,0.48184
2026-05-30 02:00:00,3.52306,0,0.02924,0,0,0.00055,0,0.00043,0.26792,0.80257,1.01976,1.3918,0.00268,0.1041,0.39437,0,0,0,0,0,0,0.31325,1.7508,0.16429,0.46006,0.01429,2.86615,0.19218,0.02357,0.11579,0.21147,1.24104,1.34649,1.3253,0,1.59137,0.00082,0.1041,0.19218,1.34649,1.3253,0.39437,0.40137,0.31325,0.6041,1.59137,0.04451,0.4818
2026-05-30 03:00:00,3.53538,0,0.02922,0,0,0.00055,0,0.00042,0.26783,0.83788,1.02851,1.38172,0.00267,0.10411,0.3936,0,0,0,0,0,0,0.31295,1.75145,0.16464,0.46271,0.01429,2.87197,0.19226,0.02381,0.11674,0.2114,1.24156,1.34654,1.32548,0,1.59115,0.00082,0.10411,0.19226,1.34654,1.32548,0.3936,0.40111,0.31295,0.60378,1.59115,0.04446,0.48176
2026-05-30 04:00:00,3.54771,0,0.02919,0,0,0.00054,0,0.00042,0.26773,0.87424,1.04958,1.3735,0.00267,0.10413,0.39293,0,0,0,0,0,0,0.31267,1.75598,0.16498,0.46535,0.01429,2.87778,0.19231,0.02404,0.1177,0.21133,1.24204,1.34661,1.32566,0,1.59093,0.00082,0.10413,0.19231,1.34661,1.32566,0.39293,0.40086,0.31267,0.60346,1.59093,0.04439,0.48173
2026-05-30 05:00:00,3.56004,0,0.02917,0,0,0.00054,0,0.00041,0.26762,0.90754,1.07676,1.3696,0.00266,0.10414,0.39236,0,0,0,0,0,0,0.3124,1.7634,0.16533,0.46799,0.0143,2.8836,0.19237,0.02428,0.11869,0.21125,1.24253,1.34668,1.32584,0,1.59072,0.00081,0.10414,0.19237,1.34668,1.32584,0.39236,0.40063,0.3124,0.60314,1.59072,0.04431,0.4817
2026-05-30 06:00:00,3.57237,0,0.02915,0,0,0.00053,0,0.00041,0.26752,0.93348,1.1192,1.37607,0.00265,0.10416,0.39186,0,0,0,0,0,0,0.31214,1.77266,0.16567,0.47063,0.0143,2.88941,0.19241,0.02451,0.11969,0.21118,1.24302,1.34675,1.32603,0,1.59052,0.00081,0.10416,0.19241,1.34675,1.32603,0.39186,0.4004,0.31214,0.60283,1.59052,0.04424,0.48167
2026-05-30 07:00:00,3.56817,0,0.02913,0,0,0.00053,0,0.00042,0.26741,0.94291,1.15991,1.39466,0.00265,0.10417,0.39143,0,0,0,0,0,0,0.31189,1.78311,0.16634,0.47351,0.0143,2.90059,0.19245,0.02451,0.12002,0.21112,1.24286,1.34682,1.32621,0,1.59033,0.00081,0.10417,0.19245,1.34682,1.32621,0.39143,0.40016,0.31189,0.60251,1.59033,0.04419,0.48165
2026-05-30 08:00:00,3.56398,0,0.02911,0,0,0.00053,0,0.00041,0.2673,0.95246,1.19398,1.42062,0.00264,0.10418,0.39105,0,0,0,0,0,0,0.31166,1.79428,0.16702,0.47638,0.01431,2.91177,0.19248,0.02451,0.12028,0.21109,1.24272,1.34689,1.3264,0,1.59014,0.0008,0.10418,0.19248,1.34689,1.3264,0.39105,0.3999,0.31166,0.60221,1.59014,0.04417,0.48163
2026-05-30 09:00:00,3.55978,0,0.02909,0,0,0.00053,0,0.00041,0.2672,0.96217,1.21745,1.45943,0.00263,0.10419,0.39072,0,0,0,0,0,0,0.31142,1.80437,0.16769,0.47926,0.01431,2.92296,0.19251,0.02452,0.12053,0.21105,1.24258,1.34695,1.3266,0,1.58996,0.0008,0.10419,0.19251,1.34695,1.3266,0.39072,0.39959,0.31142,0.6019,1.58996,0.04413,0.48161
2026-05-30 10:00:00,3.55558,0,0.02907,0,0,0.00053,0,0.00041,0.26709,0.96757,1.2329,1.50054,0.00263,0.10421,0.39043,0,0,0,0,0,0,0.31119,1.81198,0.16836,0.48213,0.01431,2.93414,0.19254,0.02452,0.1207,0.21099,1.2424,1.34702,1.32679,0,1.58979,0.0008,0.10421,0.19254,1.34702,1.32679,0.39043,0.39925,0.31119,0.60161,1.58979,0.04407,0.48159
2026-05-30 11:00:00,3.55139,0,0.02904,0,0,0.00053,0,0.00041,0.26699,0.96864,1.2451,1.53618,0.00262,0.10422,0.39018,0,0,0,0,0,0,0.31094,1.8178,0.16904,0.48501,0.01432,2.94532,0.19256,0.02452,0.12089,0.2109,1.2422,1.34709,1.327,0,1.58963,0.00079,0.10422,0.19256,1.34709,1.327,0.39018,0.39889,0.31094,0.6013,1.58963,0.04399,0.48157
2026-05-30 12:00:00,3.54719,0,0.02902,0,0,0.00053,0,0.00041,0.2669,0.96518,1.25461,1.56214,0.00261,0.10424,0.38995,0,0,0,0,0,0,0.31066,1.82247,0.16971,0.48788,0.01432,2.9565,0.19258,0.02452,0.12105,0.21085,1.24204,1.34716,1.3272,0,1.58948,0.00079,0.10424,0.19258,1.34716,1.3272,0.38995,0.39852,0.31066,0.60101,1.58948,0.04394,0.47845
2026-05-30 13:00:00,3.53623,0,0.02901,0,0,0.00053,0,0.00041,0.2668,0.95415,1.25962,1.57934,0.00261,0.10424,0.38974,0,0,0,0,0,0,0.31036,1.82642,0.16921,0.48739,0.01432,2.95428,0.19259,0.02433,0.12034,0.21081,1.24007,1.34723,1.3274,0,1.58933,0.00078,0.10424,0.19259,1.34723,1.3274,0.38974,0.39814,0.31036,0.60072,1.58933,0.0439,0.4754
2026-05-30 14:00:00,3.52527,0,0.02899,0,0,0.00053,0,0.00041,0.2667,0.93881,1.2594,1.59193,0.0026,0.10426,0.38956,0,0,0,0,0,0,0.31002,1.82996,0.16871,0.48689,0.01433,2.95206,0.19261,0.02413,0.11955,0.21078,1.23811,1.3473,1.3276,0,1.5892,0.00077,0.10426,0.19261,1.3473,1.3276,0.38956,0.39777,0.31002,0.60044,1.5892,0.04387,0.47513
2026-05-30 15:00:00,3.51431,0,0.02897,0,0,0.00053,0,0.00041,0.26661,0.92353,1.25346,1.60156,0.0026,0.10427,0.38939,0,0,0,0,0,0,0.30968,1.83123,0.16821,0.4864,0.01433,2.94984,0.19262,0.02394,0.11875,0.21073,1.23615,1.34736,1.32781,0,1.58907,0.00077,0.10427,0.19262,1.34736,1.32781,0.38939,0.39739,0.30968,0.60015,1.58907,0.04383,0.47485
2026-05-30 16:00:00,3.50334,0,0.02894,0,0,0.00051,0,0.0004,0.2665,0.9083,1.24186,1.60706,0.00259,0.10429,0.38924,0,0,0,0,0,0,0.30933,1.82888,0.1677,0.48591,0.01433,2.94761,0.19263,0.02375,0.1179,0.21066,1.23415,1.34743,1.32802,0,1.58896,0.00076,0.10429,0.19263,1.34743,1.32802,0.38924,0.39701,0.30933,0.59986,1.58896,0.04376,0.47457
2026-05-30 17:00:00,3.49238,0,0.02892,0,0,0.00051,0,0.0004,0.26641,0.89314,1.22774,1.60746,0.00258,0.1043,0.3891,0,0,0,0,0,0,0.30898,1.82398,0.1672,0.48541,0.01434,2.94539,0.19263,0.02355,0.11706,0.21058,1.23214,1.3475,1.32823,0,1.58885,0.00075,0.1043,0.19263,1.3475,1.32823,0.3891,0.39665,0.30898,0.59958,1.58885,0.04368,0.4743
2026-05-30 18:00:00,3.48142,0,0.0289,0,0,0.0005,0,0.0004,0.26631,0.87372,1.21263,1.60221,0.00258,0.10431,0.38897,0,0,0,0,0,0,0.30862,1.81745,0.1667,0.48492,0.01434,2.94317,0.19263,0.02336,0.11619,0.21051,1.23014,1.34757,1.32844,0,1.58875,0.00074,0.10431,0.19263,1.34757,1.32844,0.38897,0.39628,0.30862,0.59928,1.58875,0.04361,0.47402
2026-05-30 19:00:00,3.48796,0,0.02888,0,0,0.0005,0,0.0004,0.26622,0.85516,1.19693,1.59143,0.00257,0.10432,0.38885,0,0,0,0,0,0,0.30826,1.8099,0.16578,0.48389,0.01435,2.93565,0.19264,0.02343,0.11597,0.21045,1.22917,1.34763,1.32865,0,1.58864,0.00073,0.10432,0.19264,1.34763,1.32865,0.38885,0.39594,0.30826,0.59899,1.58864,0.04356,0.47374
2026-05-30 20:00:00,3.49449,0,0.02886,0,0,0.0005,0,0.00039,0.26612,0.83656,1.17969,1.57764,0.00256,0.10434,0.38873,0,0,0,0,0,0,0.3079,1.80168,0.16486,0.48285,0.01435,2.92814,0.19265,0.0235,0.11581,0.21042,1.22822,1.3477,1.32886,0,1.58855,0.00073,0.10434,0.19265,1.3477,1.32886,0.38873,0.3956,0.3079,0.5987,1.58855,0.04353,0.47347
2026-05-30 21:00:00,3.50103,0,0.02884,0,0,0.0005,0,0.00039,0.26602,0.8268,1.16025,1.56266,0.00256,0.10435,0.38862,0,0,0,0,0,0,0.30754,1.79452,0.16394,0.48182,0.01435,2.92062,0.19267,0.02357,0.11571,0.21039,1.22727,1.34776,1.32907,0,1.58845,0.00073,0.10435,0.19267,1.34776,1.32907,0.38862,0.39527,0.30754,0.5984,1.58845,0.0435,0.47319
2026-05-30 22:00:00,3.50757,0,0.02882,0,0,0.0005,0,0.00038,0.26593,0.81697,1.14138,1.54713,0.00255,0.10437,0.38851,0,0,0,0,0,0,0.3072,1.78978,0.16302,0.48079,0.01436,2.9131,0.19267,0.02363,0.11563,0.21031,1.22627,1.34783,1.3293,0,1.58836,0.00072,0.10437,0.19267,1.34783,1.3293,0.38851,0.39496,0.3072,0.5981,1.58836,0.04343,0.47291
2026-05-30 23:00:00,3.5141,0,0.0288,0,0,0.0005,0,0.00038,0.26583,0.80716,1.12597,1.53041,0.00254,0.10437,0.38841,0,0,0,0,0,0,0.30686,1.78683,0.1621,0.47975,0.01436,2.90559,0.19268,0.0237,0.11557,0.21023,1.22528,1.3479,1.32952,0,1.58827,0.00071,0.10437,0.19268,1.3479,1.32952,0.38841,0.39466,0.30686,0.59779,1.58827,0.04336,0.47264
2026-05-31 00:00:00,3.52064,0,0.02878,0,0,0.0005,0,0.00038,0.26574,0.81469,1.11412,1.51171,0.00254,0.10439,0.38832,0,0,0,0,0,0,0.30654,1.78504,0.16118,0.47872,0.01436,2.89807,0.19268,0.02377,0.1155,0.21017,1.22431,1.34797,1.32973,0,1.58818,0.00071,0.10439,0.19268,1.34797,1.32973,0.38832,0.39437,0.30654,0.59749,1.58818,0.04331,0.47236
2026-05-31 01:00:00,3.53262,0,0.02876,0,0,0.0005,0,0.00037,0.26565,0.84392,1.1044,1.49297,0.00253,0.1044,0.38779,0,0,0,0,0,0,0.30622,1.78397,0.16132,0.48051,0.01482,2.90355,0.19269,0.02399,0.11636,0.21012,1.2253,1.34804,1.32995,0,1.58809,0.00071,0.1044,0.19269,1.34804,1.32995,0.38779,0.3941,0.30622,0.59718,1.58809,0.04326,0.47208
2026-05-31 02:00:00,3.5446,0,0.02874,0,0,0.0005,0,0.00036,0.26555,0.86462,1.10216,1.47702,0.00252,0.10442,0.38689,0,0,0,0,0,0,0.30591,1.78337,0.16145,0.4823,0.01482,2.90903,0.19273,0.02421,0.11729,0.2101,1.22634,1.34811,1.33017,0,1.588,0.0007,0.10442,0.19273,1.34811,1.33017,0.38689,0.39384,0.30591,0.59686,1.588,0.04324,0.47181
2026-05-31 03:00:00,3.55658,0,0.02871,0,0,0.0005,0,0.00036,0.26546,0.89423,1.1147,1.46465,0.00252,0.10443,0.38612,0,0,0,0,0,0,0.30562,1.78493,0.16159,0.4841,0.01482,2.91451,0.1928,0.02444,0.11825,0.21004,1.22735,1.34817,1.33039,0,1.58792,0.0007,0.10443,0.1928,1.34817,1.33039,0.38612,0.39358,0.30562,0.59656,1.58792,0.0432,0.47204
2026-05-31 04:00:00,3.56856,0,0.02868,0,0,0.00049,0,0.00035,0.26536,0.92405,1.13798,1.45479,0.00251,0.10444,0.38546,0,0,0,0,0,0,0.30535,1.79009,0.16173,0.48589,0.01483,2.91999,0.19286,0.02466,0.11918,0.20997,1.22832,1.34824,1.33062,0,1.58783,0.0007,0.10444,0.19286,1.34824,1.33062,0.38546,0.39334,0.30535,0.59625,1.58783,0.04313,0.47228
2026-05-31 05:00:00,3.58054,0,0.02864,0,0,0.00049,0,0.00034,0.26526,0.94969,1.16427,1.45111,0.00251,0.10445,0.38489,0,0,0,0,0,0,0.30508,1.79787,0.16186,0.48768,0.01483,2.92547,0.19291,0.02488,0.12017,0.20988,1.22929,1.34831,1.33084,0,1.58775,0.00069,0.10445,0.19291,1.34831,1.33084,0.38489,0.39311,0.30508,0.59594,1.58775,0.04304,0.47252
2026-05-31 06:00:00,3.59252,0,0.02861,0,0,0.00048,0,0.00034,0.26517,0.96665,1.19462,1.46042,0.0025,0.10447,0.38439,0,0,0,0,0,0,0.30483,1.80731,0.162,0.48947,0.01483,2.93095,0.19295,0.0251,0.12113,0.20982,1.23027,1.34838,1.33106,0,1.58766,0.00069,0.10447,0.19295,1.34838,1.33106,0.38439,0.39289,0.30483,0.59563,1.58766,0.04298,0.47275
2026-05-31 07:00:00,3.58652,0,0.02858,0,0,0.00048,0,0.00034,0.26507,0.97298,1.22421,1.48128,0.00249,0.10448,0.38396,0,0,0,0,0,0,0.30458,1.8178,0.16212,0.49104,0.01484,2.94075,0.193,0.02503,0.12126,0.20976,1.2301,1.34845,1.33129,0,1.58759,0.00069,0.10448,0.193,1.34845,1.33129,0.38396,0.39265,0.30458,0.59533,1.58759,0.04293,0.47299
2026-05-31 08:00:00,3.58052,0,0.02856,0,0,0.00048,0,0.00033,0.26497,0.97942,1.24842,1.50681,0.00249,0.1045,0.38359,0,0,0,0,0,0,0.30435,1.82897,0.16223,0.49261,0.01484,2.95055,0.19303,0.02495,0.12127,0.20974,1.22993,1.34852,1.33151,0,1.5875,0.00068,0.1045,0.19303,1.34852,1.33151,0.38359,0.39239,0.30435,0.59503,1.5875,0.04291,0.47323
2026-05-31 09:00:00,3.57452,0,0.02853,0,0,0.00048,0,0.00033,0.26487,0.98579,1.26443,1.53597,0.00248,0.1045,0.38326,0,0,0,0,0,0,0.30413,1.83877,0.16235,0.49418,0.01484,2.96035,0.19306,0.02488,0.12125,0.2097,1.22977,1.34858,1.33174,0,1.58743,0.00068,0.1045,0.19306,1.34858,1.33174,0.38326,0.3921,0.30413,0.59473,1.58743,0.04287,0.47346
2026-05-31 10:00:00,3.56852,0,0.0285,0,0,0.00047,0,0.00033,0.26477,0.98774,1.2751,1.5654,0.00247,0.10451,0.38297,0,0,0,0,0,0,0.30389,1.84567,0.16247,0.49575,0.01485,2.97015,0.19308,0.02481,0.12116,0.20965,1.22958,1.34865,1.33197,0,1.58736,0.00068,0.10451,0.19308,1.34865,1.33197,0.38297,0.39176,0.30389,0.59443,1.58736,0.04282,0.4737
2026-05-31 11:00:00,3.56252,0,0.02847,0,0,0.00047,0,0.00032,0.26467,0.98527,1.28323,1.59052,0.00247,0.10453,0.38271,0,0,0,0,0,0,0.30365,1.85054,0.16258,0.49732,0.01485,2.97995,0.1931,0.02473,0.12111,0.20958,1.22938,1.34871,1.3322,0,1.58729,0.00067,0.10453,0.1931,1.34871,1.3322,0.38271,0.39141,0.30365,0.59415,1.58729,0.04276,0.47394
2026-05-31 12:00:00,3.55652,0,0.02845,0,0,0.00047,0,0.00032,0.26455,0.97826,1.28875,1.60807,0.00246,0.10454,0.38248,0,0,0,0,0,0,0.30338,1.85411,0.1627,0.49889,0.01485,2.98975,0.19311,0.02466,0.12101,0.20954,1.22921,1.34878,1.33243,0,1.58723,0.00067,0.10454,0.19311,1.34878,1.33243,0.38248,0.39104,0.30338,0.59386,1.58723,0.04272,0.47423
2026-05-31 13:00:00,3.54538,0,0.02843,0,0,0.00047,0,0.00032,0.26444,0.96535,1.28978,1.61948,0.00245,0.10455,0.38228,0,0,0,0,0,0,0.30307,1.85694,0.16195,0.49751,0.01486,2.98614,0.19313,0.02443,0.12014,0.2095,1.22719,1.34885,1.33265,0,1.58716,0.00066,0.10455,0.19313,1.34885,1.33265,0.38228,0.39067,0.30307,0.59358,1.58716,0.04268,0.4767
2026-05-31 14:00:00,3.53424,0,0.0284,0,0,0.00047,0,0.00032,0.26434,0.94812,1.28569,1.62749,0.00245,0.10456,0.3821,0,0,0,0,0,0,0.30276,1.85915,0.16121,0.49613,0.01486,2.98253,0.19314,0.0242,0.11918,0.20949,1.22519,1.34892,1.33288,0,1.58712,0.00065,0.10456,0.19314,1.34892,1.33288,0.3821,0.39029,0.30276,0.59329,1.58712,0.04266,0.4767
2026-05-31 15:00:00,3.5231,0,0.02838,0,0,0.00046,0,0.00032,0.26423,0.93117,1.27648,1.63279,0.00244,0.10458,0.38193,0,0,0,0,0,0,0.30242,1.85915,0.16046,0.49475,0.01487,2.97892,0.19315,0.02397,0.11825,0.20945,1.22319,1.34899,1.33311,0,1.58706,0.00065,0.10458,0.19315,1.34899,1.33311,0.38193,0.38992,0.30242,0.59302,1.58706,0.04263,0.4767
2026-05-31 16:00:00,3.51195,0,0.02836,0,0,0.00046,0,0.00033,0.26413,0.91433,1.26229,1.634,0.00243,0.10459,0.38178,0,0,0,0,0,0,0.30207,1.85566,0.15972,0.49336,0.01487,2.97531,0.19316,0.02373,0.11725,0.20938,1.22114,1.34906,1.33334,0,1.58702,0.00064,0.10459,0.19316,1.34906,1.33334,0.38178,0.38954,0.30207,0.59273,1.58702,0.04257,0.4767
2026-05-31 17:00:00,3.50081,0,0.02833,0,0,0.00045,0,0.00033,0.26403,0.89769,1.24591,1.63019,0.00243,0.10461,0.38164,0,0,0,0,0,0,0.30172,1.84976,0.15897,0.49198,0.01487,2.9717,0.19318,0.0235,0.11624,0.2093,1.21909,1.34913,1.33357,0,1.58697,0.00063,0.10461,0.19318,1.34913,1.33357,0.38164,0.38918,0.30172,0.59245,1.58697,0.0425,0.4767
2026-05-31 18:00:00,3.48967,0,0.02831,0,0,0.00045,0,0.00033,0.26392,0.87691,1.22872,1.62122,0.00242,0.10461,0.38151,0,0,0,0,0,0,0.30136,1.84231,0.15823,0.4906,0.01488,2.96809,0.19318,0.02327,0.11526,0.20925,1.21706,1.3492,1.3338,0,1.58694,0.00062,0.10461,0.19318,1.3492,1.3338,0.38151,0.38883,0.30136,0.59217,1.58694,0.04245,0.4767
2026-05-31 19:00:00,3.5238,0,0.02829,0,0,0.00045,0,0.00032,0.26382,0.86879,1.21353,1.60806,0.00242,0.10463,0.38139,0,0,0,0,0,0,0.301,1.83389,0.16102,0.49978,0.01488,3.01746,0.19319,0.02421,0.11759,0.20924,1.22282,1.34926,1.33403,0,1.58689,0.00062,0.10463,0.19319,1.34926,1.33403,0.38139,0.38848,0.301,0.59189,1.58689,0.04244,0.4767
2026-05-31 20:00:00,3.55793,0,0.02827,0,0,0.00045,0,0.00032,0.26372,0.8605,1.20152,1.59348,0.00241,0.10464,0.38127,0,0,0,0,0,0,0.30065,1.82484,0.16382,0.50897,0.01488,3.06683,0.19319,0.02515,0.12033,0.20927,1.22863,1.34933,1.33426,0,1.58686,0.00061,0.10464,0.19319,1.34933,1.33426,0.38127,0.38814,0.30065,0.5916,1.58686,0.04248,0.4767
2026-05-31 21:00:00,3.59206,0,0.02825,0,0,0.00045,0,0.00031,0.26362,0.8607,1.19422,1.57876,0.0024,0.10466,0.38117,0,0,0,0,0,0,0.3003,1.83767,0.16661,0.51815,0.01489,3.1162,0.1932,0.0261,0.12333,0.20936,1.23451,1.3494,1.3345,0,1.58682,0.00061,0.10466,0.1932,1.3494,1.3345,0.38117,0.38782,0.3003,0.5913,1.58682,0.04257,0.4767
2026-05-31 22:00:00,3.62619,0,0.02822,0,0,0.00044,0,0.00031,0.26353,0.86073,1.19438,1.56608,0.0024,0.10466,0.38106,0,0,0,0,0,0,0.29996,1.88915,0.1694,0.52733,0.01489,3.16558,0.19321,0.02704,0.12641,0.20962,1.24055,1.34946,1.33474,0,1.58679,0.00061,0.10466,0.19321,1.34946,1.33474,0.38106,0.38751,0.29996,0.59101,1.58679,0.04284,0.4767
2026-05-31 23:00:00,3.66032,0,0.0282,0,0,0.00044,0,0.0003,0.26343,0.86068,1.20109,1.55681,0.00239,0.10468,0.38097,0,0,0,0,0,0,0.29963,1.96525,0.1722,0.53652,0.01489,3.21495,0.19321,0.02798,0.12956,0.20998,1.24668,1.34953,1.33497,0,1.58674,0.0006,0.10468,0.19321,1.34953,1.33497,0.38097,0.38721,0.29963,0.59071,1.58674,0.0432,0.4767
2026-06-01 00:00:00,3.69445,0,0.02819,0,0,0.00044,0,0.0003,0.26333,0.8784,1.21278,1.55225,0.00238,0.10469,0.38087,0,0,0,0,0,0,0.29929,2.06668,0.17499,0.5457,0.0149,3.26432,0.19322,0.02892,0.13273,0.21026,1.25273,1.3496,1.3352,0,1.58669,0.0006,0.10469,0.19322,1.3496,1.3352,0.38087,0.38692,0.29929,0.59041,1.58669,0.04348,0.4767
2026-06-01 01:00:00,3.68792,0,0.02818,0,0,0.00043,0,0.0003,0.26324,0.90926,1.2263,1.55377,0.00238,0.10471,0.38034,0,0,0,0,0,0,0.29898,2.18499,0.17826,0.54982,0.01536,3.3202,0.19322,0.02909,0.13364,0.21041,1.25334,1.34967,1.33543,0,1.58666,0.0006,0.10471,0.19322,1.34967,1.33543,0.38034,0.38665,0.29898,0.59011,1.58666,0.04364,0.4767
2026-06-01 02:00:00,3.68138,0,0.0282,0,0,0.00043,0,0.00029,0.26314,0.93116,1.24585,1.56063,0.00237,0.10472,0.37944,0,0,0,0,0,0,0.29868,2.30049,0.18154,0.55393,0.01536,3.37608,0.19326,0.02926,0.13434,0.21042,1.25381,1.34974,1.33566,0,1.58661,0.00059,0.10472,0.19326,1.34974,1.33566,0.37944,0.38639,0.29868,0.58981,1.58661,0.04365,0.4767
2026-06-01 03:00:00,3.67485,0,0.02826,0,0,0.00043,0,0.00029,0.26305,0.96216,1.27511,1.57182,0.00236,0.10473,0.37867,0,0,0,0,0,0,0.29839,2.38702,0.18481,0.55805,0.01537,3.43196,0.19335,0.02943,0.13487,0.21035,1.2542,1.3498,1.3359,0,1.58657,0.00059,0.10473,0.19335,1.3498,1.3359,0.37867,0.38613,0.29839,0.58949,1.58657,0.04358,0.4767
2026-06-01 04:00:00,3.66832,0,0.02837,0,0,0.00042,0,0.00029,0.26296,0.99308,1.30992,1.58491,0.00236,0.10474,0.37801,0,0,0,0,0,0,0.29812,2.41586,0.18808,0.56217,0.01537,3.48783,0.19341,0.0296,0.13528,0.21004,1.25434,1.34987,1.33613,0,1.58652,0.00059,0.10474,0.19341,1.34987,1.33613,0.37801,0.38589,0.29812,0.58919,1.58652,0.04327,0.4767
2026-06-01 05:00:00,3.66178,0,0.02849,0,0,0.00042,0,0.00029,0.26287,1.01972,1.34541,1.60245,0.00235,0.10476,0.37744,0,0,0,0,0,0,0.29785,2.39903,0.19136,0.56628,0.01537,3.54371,0.19346,0.02977,0.1357,0.2096,1.25434,1.34994,1.33636,0,1.58648,0.00058,0.10476,0.19346,1.34994,1.33636,0.37744,0.38566,0.29785,0.58889,1.58648,0.04281,0.4767
2026-06-01 06:00:00,3.65525,0,0.02861,0,0,0.00042,0,0.00028,0.26278,1.03731,1.38343,1.62842,0.00235,0.10477,0.37695,0,0,0,0,0,0,0.2976,2.35761,0.19463,0.5704,0.01538,3.59959,0.1935,0.02994,0.13608,0.20926,1.25445,1.35001,1.3366,0,1.58643,0.00058,0.10477,0.1935,1.35001,1.3366,0.37695,0.38544,0.2976,0.58859,1.58643,0.04247,0.4767
2026-06-01 07:00:00,3.64767,0,0.02872,0,0,0.00042,0,0.00028,0.26267,1.03757,1.41824,1.66067,0.00234,0.10479,0.37652,0,0,0,0,0,0,0.29735,2.30294,0.19377,0.56717,0.01538,3.55043,0.19354,0.02945,0.13509,0.20901,1.25192,1.35008,1.33683,0,1.58638,0.00058,0.10479,0.19354,1.35008,1.33683,0.37652,0.38522,0.29735,0.58829,1.58638,0.04222,0.4767
2026-06-01 08:00:00,3.64008,0,0.02878,0,0,0.00042,0,0.00029,0.26258,1.03778,1.44388,1.6946,0.00233,0.10479,0.37614,0,0,0,0,0,0,0.29712,2.24114,0.19291,0.56394,0.01539,3.50126,0.19357,0.02896,0.13386,0.20889,1.24953,1.35015,1.33707,0,1.58634,0.00057,0.10479,0.19357,1.35015,1.33707,0.37614,0.38496,0.29712,0.58799,1.58634,0.0421,0.4767
2026-06-01 09:00:00,3.6325,0,0.02878,0,0,0.00042,0,0.00028,0.26248,1.03787,1.45693,1.73047,0.00233,0.10481,0.37582,0,0,0,0,0,0,0.2969,2.18592,0.19205,0.56072,0.01539,3.4521,0.1936,0.02847,0.13251,0.20876,1.24712,1.35021,1.33731,0,1.5863,0.00057,0.10481,0.1936,1.35021,1.33731,0.37582,0.38467,0.2969,0.5877,1.5863,0.04197,0.4767
2026-06-01 10:00:00,3.62492,0,0.02872,0,0,0.00042,0,0.00027,0.26238,1.03357,1.46141,1.76444,0.00232,0.10482,0.37553,0,0,0,0,0,0,0.29667,2.14553,0.19119,0.55749,0.01539,3.40293,0.19362,0.02797,0.13106,0.20864,1.24472,1.35028,1.33755,0,1.58625,0.00056,0.10482,0.19362,1.35028,1.33755,0.37553,0.38434,0.29667,0.58742,1.58625,0.04186,0.4767
2026-06-01 11:00:00,3.61733,0,0.02863,0,0,0.00042,0,0.00027,0.26229,1.02494,1.46145,1.79064,0.00231,0.10484,0.37527,0,0,0,0,0,0,0.29642,2.11402,0.19033,0.55426,0.0154,3.35377,0.19363,0.02748,0.12962,0.20855,1.24236,1.35035,1.33778,0,1.58621,0.00055,0.10484,0.19363,1.35035,1.33778,0.37527,0.38399,0.29642,0.58713,1.58621,0.04177,0.4767
2026-06-01 12:00:00,3.60975,0,0.02852,0,0,0.00042,0,0.00026,0.26218,1.01201,1.45794,1.80506,0.00231,0.10484,0.37504,0,0,0,0,0,0,0.29616,2.0873,0.18947,0.55103,0.0154,3.3046,0.19365,0.02699,0.12812,0.20846,1.24,1.35042,1.33802,0,1.58618,0.00055,0.10484,0.19365,1.35042,1.33802,0.37504,0.38363,0.29616,0.58685,1.58618,0.04169,0.47668
