GMT,FRAC1,LTDC1,HIDC1,BHNC1,MPAC1,OWCC1,BNCC1,BCKC1,MEEC1,HPIC1,POHC1,EXQC1,DSNC1,STVC1,NWMC1,LGCC1,WARC1,LGAC1,PNEC1,LBDC1,OREC1,PATC1,HETC1,LNRC1,CHVC1F,DCMC1,NDPC1,MDSC1,NDVC1,NSWC1,AVYC1,NMSC1,OBBC1,RIPC1,PTTC1,VNSC1,KNFC1L,STVC1,MDSC1,OBBC1,RIPC1,NWMC1,CRDC1,PATC1,MZRC1,VNSC1,AVYC1L,NDPC1L
,QINE,QINE,QINE,QINE,QINE,QINE,QINE,QINE,QINE,QINE,QINE,QINE,QINE,QINE,QINE,QINE,QINE,QINE,QINE,QINE,QINE,QINE,QINE,QINE,QINE,QINE,QINE,QINE,QINE,QINE,QINE,QINE,QINE,QINE,QINE,QINE,QINE,QINE,QINE,QINE,QINE,QINE,QINE,QINE,QINE,QINE,SQIN,SQIN
2026-01-07 18:00:00,3.4135,0.00777,0.20482,0.20594,0.012,0.011,0.04501,0.06001,0.25107,0.26314,0.60495,2.18611,0.03256,0.82709,2.35842,0.00433,0.01061,0.01569,0.00143,0.01419,0.02333,2.15724,0.80514,0.36189,0.49597,0.46605,3.16128,0.93686,0.08921,0.21519,0.52406,2.68726,0.27803,0.43904,0.00855,4.57406,0.12456,0.82709,0.93686,0.27803,0.43904,2.35842,2.44817,2.15724,3.70467,4.57406,0.42086,1.50365
2026-01-07 19:00:00,3.45603,0.00742,0.19845,0.19785,0.021,0.01,0.044,0.05901,0.24903,0.25733,0.59191,2.19459,0.032,0.82209,2.36304,0.00433,0.01059,0.01544,0.00143,0.01419,0.02212,2.16224,0.76713,0.36963,0.58298,0.45505,3.21968,0.91393,0.09062,0.21747,0.52406,2.6559,0.27403,0.43298,0.00855,4.50552,0.12341,0.82209,0.91393,0.27403,0.43298,2.36304,2.45351,2.16224,3.68137,4.50552,0.41861,1.50045
2026-01-07 20:00:00,3.49811,0.00706,0.19862,0.26128,0.021,0.022,0.044,0.05901,0.24289,0.25733,0.59624,2.15831,0.03094,0.81609,2.3723,0.00433,0.01057,0.01533,0.0012,0.01419,0.02212,2.17224,0.72915,0.33909,0.46237,0.42005,3.27808,0.89116,0.0879,0.21044,0.51006,2.62554,0.27003,0.42498,0.00901,4.43741,0.12225,0.81609,0.89116,0.27003,0.42498,2.3723,2.45885,2.17224,3.65837,4.43741,0.41727,1.49805
2026-01-07 21:00:00,3.58255,0.00671,0.19208,0.3167,0.021,0.009,0.043,0.04701,0.23687,0.26606,0.59624,2.00287,0.03042,0.81009,2.37693,0.00411,0.01056,0.01531,0.0012,0.01062,0.02154,2.17224,0.74766,0.35516,0.32227,0.38604,3.33648,0.87177,0.0906,0.19419,0.51706,2.59494,0.27003,0.41707,0.00855,4.3987,0.1211,0.81009,0.87177,0.27003,0.41707,2.37693,2.45885,2.17224,3.6355,4.3987,0.41545,1.49618
2026-01-07 22:00:00,3.58258,0.00636,0.18555,0.3177,0.014,0.009,0.043,0.05901,0.23886,0.27496,0.60933,1.91907,0.03042,0.80509,2.38158,0.00411,0.01054,0.01529,0.0012,0.0106,0.02154,2.16224,0.84431,0.36206,0.45743,0.34104,3.33648,0.85237,0.08816,0.17519,0.52406,2.5634,0.27003,0.41119,0.00901,4.34089,0.11995,0.80509,0.85237,0.27003,0.41119,2.38158,2.4642,2.16224,3.61305,4.34089,0.4124,1.49469
2026-01-07 23:00:00,3.41397,0.006,0.18549,0.31062,0.027,0.02,0.042,0.05801,0.23292,0.28098,0.60495,1.83377,0.02991,0.79709,2.38158,0.00411,0.01052,0.01512,0.001,0.01413,0.02096,2.16724,0.78886,0.34943,0.67334,0.33204,3.33648,0.83244,0.08857,0.16882,0.52106,2.53165,0.27403,0.40536,0.0081,4.28341,0.11879,0.79709,0.83244,0.27403,0.40536,2.38158,2.46957,2.16724,3.59103,4.28341,0.40887,1.49347
2026-01-08 00:00:00,3.20263,0.00565,0.18546,0.31762,0.041,0.007,0.042,0.05701,0.22903,0.28401,0.61814,1.79462,0.02941,0.79709,2.38158,0.00411,0.0105,0.01516,0.00081,0.01413,0.02039,2.16224,0.73173,0.34594,0.60664,0.31203,3.33648,0.81594,0.08892,0.1643,0.51006,2.50075,0.28903,0.39765,0.0081,4.23574,0.11764,0.79709,0.81594,0.28903,0.39765,2.38158,2.47492,2.16224,3.56881,4.23574,0.4061,1.49245
2026-01-08 01:00:00,3.15993,0.0053,0.18546,0.31762,0.042,0.005,0.041,0.05601,0.2235,0.28098,0.61814,1.80334,0.02891,0.79109,2.38622,0.00388,0.01048,0.01524,0.00081,0.02122,0.01984,2.16724,0.79045,0.35356,0.45498,0.31103,3.33648,0.80281,0.08928,0.15682,0.50306,2.40568,0.29603,0.39384,0.0081,4.17886,0.11676,0.79109,0.80281,0.29603,0.39384,2.38622,2.47492,2.16724,3.54586,4.17886,0.40406,1.49159
2026-01-08 02:00:00,3.11832,0.00494,0.17893,0.25511,0.04701,0.005,0.04,0.05501,0.21987,0.27496,0.62701,1.80716,0.02842,0.78809,2.38158,0.00367,0.01047,0.01507,0.00081,0.02831,0.01929,2.16724,0.809,0.36299,0.51322,0.29503,3.33648,0.78323,0.08928,0.16482,0.52106,2.31203,0.29603,0.38825,0.00767,4.13169,0.11588,0.78809,0.78323,0.29603,0.38825,2.38158,2.47492,2.16724,3.52358,4.13169,0.40288,1.49085
2026-01-08 03:00:00,2.99157,0.00494,0.17901,0.20769,0.042,0.016,0.04,0.05401,0.21453,0.26901,0.62701,1.90307,0.02794,0.78809,2.39086,0.00367,0.01045,0.01496,0.00064,0.0354,0.01875,2.17224,0.73104,0.34336,0.71149,0.28503,3.33648,0.76701,0.08858,0.1439,0.53506,2.21879,0.29203,0.38291,0.00767,4.07539,0.11501,0.78809,0.76701,0.29203,0.38291,2.39086,2.48029,2.17224,3.50197,4.07539,0.40131,1.49021
2026-01-08 04:00:00,2.90713,0.00459,0.18558,0.1916,0.05501,0.003,0.028,0.05301,0.2163,0.26606,0.63595,1.99742,0.02747,0.78309,2.39086,0.00367,0.01043,0.01494,0.00064,0.02834,0.01771,2.17724,0.71144,0.3497,0.72295,0.27503,3.33648,0.75411,0.0882,0.1439,0.55206,2.12551,0.28503,0.37762,0.00767,4.02873,0.11413,0.78309,0.75411,0.28503,0.37762,2.39086,2.48565,2.17724,3.4812,4.02873,0.39876,1.48966
2026-01-08 05:00:00,2.84275,0.00424,0.17907,0.1906,0.05301,0.001,0.039,0.05201,0.21102,0.26314,0.62257,1.99431,0.02747,0.78009,2.39086,0.00367,0.01042,0.01492,0.00064,0.02128,0.01823,2.18224,0.76749,0.34655,0.4999,0.26903,3.33648,0.73807,0.08648,0.17345,0.58507,2.03276,0.28103,0.37411,0.00725,3.98228,0.11325,0.78009,0.73807,0.28103,0.37411,2.39086,2.48565,2.18224,3.46111,3.98228,0.39584,1.48916
2026-01-08 06:00:00,2.72989,0.00388,0.17901,0.1906,0.05401,0.00583,0.038,0.05101,0.21102,0.25733,0.61814,1.90803,0.027,0.77709,2.39551,0.00347,0.0104,0.0149,0.00064,0.0319,0.0172,2.18224,0.78672,0.3345,0.41097,0.26703,3.33648,0.72531,0.08897,0.19313,0.57806,1.94122,0.28103,0.37062,0.00725,3.93608,0.11237,0.77709,0.72531,0.28103,0.37062,2.39551,2.49103,2.18224,3.44158,3.93608,0.39354,1.48872
2026-01-08 07:00:00,2.50009,0.00353,0.17898,0.1836,0.07101,0.0106,0.037,0.05001,0.20816,0.26314,0.60059,1.93258,0.02646,0.77509,2.39086,0.00347,0.01038,0.01489,0.00064,0.02481,0.01622,2.18724,0.74735,0.35042,0.5695,0.25403,3.33648,0.71579,0.08375,0.19128,0.58507,1.89579,0.27803,0.36715,0.00684,3.89927,0.11168,0.77509,0.71579,0.27803,0.36715,2.39086,2.49103,2.18724,3.42275,3.89927,0.39179,1.48833
2026-01-08 08:00:00,2.30472,0.00318,0.17901,0.1756,0.08701,0.01527,0.037,0.05001,0.20674,0.25733,0.59624,1.95744,0.02593,0.77509,2.40016,0.00347,0.01036,0.01474,0.00064,0.01419,0.01622,2.19224,0.76743,0.35565,0.67205,0.24503,3.33648,0.7,0.08588,0.2165,0.58907,1.85095,0.28103,0.36369,0.00684,3.87176,0.11099,0.77509,0.7,0.28103,0.36369,2.40016,2.49641,2.19224,3.40453,3.87176,0.39068,1.48798
2026-01-08 09:00:00,2.22987,0.00283,0.17898,0.16752,0.08201,0.02,0.037,0.05001,0.20533,0.2516,0.60059,1.93328,0.02593,0.77209,2.40016,0.00327,0.01035,0.01463,0.00049,0.00709,0.01527,2.19224,0.90323,0.35274,0.52935,0.23703,3.33648,0.69057,0.08652,0.28048,0.60007,1.80599,0.28503,0.36026,0.00684,3.83522,0.1103,0.77209,0.69057,0.28503,0.36026,2.40016,2.49641,2.19224,3.38688,3.83522,0.38911,1.48766
2026-01-08 10:00:00,2.2336,0.00283,0.17901,0.1836,0.08801,0.028,0.036,0.04901,0.20253,0.2516,0.60059,1.90918,0.0254,0.77209,2.39551,0.00327,0.01033,0.01461,0.00049,0.02125,0.01527,2.20125,0.82625,0.36105,0.37155,0.23503,3.33288,0.68118,0.08551,0.2934,0.59307,1.76041,0.28503,0.35684,0.00725,3.78973,0.10961,0.77209,0.68118,0.28503,0.35684,2.39551,2.50179,2.20125,3.36997,3.78973,0.38632,1.48737
2026-01-08 11:00:00,2.25925,0.00247,0.17901,0.1766,0.09701,0.027,0.035,0.035,0.19839,0.25733,0.58328,1.98249,0.02439,0.76909,2.40016,0.00327,0.01031,0.01459,0.00049,0.03361,0.01436,2.20625,0.84642,0.37915,0.48971,0.22703,3.32929,0.6687,0.08766,0.26385,0.59307,1.71473,0.28103,0.35344,0.00684,3.75351,0.10892,0.76909,0.6687,0.28103,0.35344,2.40016,2.50179,2.20625,3.35366,3.75351,0.38302,1.4871
2026-01-08 12:00:00,2.36906,0.00247,0.17248,0.1686,0.09201,0.027,0.035,0.04601,0.19976,0.25446,0.57899,2.03947,0.02389,0.76609,2.40016,0.00327,0.01029,0.01445,0.00049,0.01942,0.01436,2.21125,0.88419,0.38838,0.63187,0.22703,3.3257,0.6625,0.08789,0.25032,0.59607,1.66972,0.27803,0.34837,0.00644,3.72645,0.10823,0.76609,0.6625,0.27803,0.34837,2.40016,2.50718,2.21125,3.33791,3.72645,0.38044,1.4745
2026-01-08 13:00:00,2.58302,0.00247,0.17248,0.17569,0.08901,0.027,0.035,0.04501,0.19309,0.25733,0.58328,1.98762,0.02341,0.76609,2.40016,0.00327,0.01027,0.01422,0.00049,0.01413,0.01391,2.21125,0.86411,0.37797,0.50822,0.21202,3.3221,0.65322,0.08969,0.25217,0.59607,1.61935,0.27803,0.34502,0.00644,3.69048,0.10767,0.76609,0.65322,0.27803,0.34502,2.40016,2.51257,2.21125,3.32288,3.69048,0.37848,1.43098
2026-01-08 14:00:00,2.69008,0.00212,0.17245,0.17569,0.07401,0.026,0.034,0.044,0.19309,0.2516,0.58759,1.98839,0.02293,0.76609,2.40016,0.00309,0.01026,0.0141,0.00049,0.01769,0.01348,2.21625,0.84482,0.35728,0.33345,0.20902,3.3185,0.64398,0.08864,0.22448,0.57806,1.56976,0.27403,0.34168,0.00644,3.65467,0.1071,0.76609,0.64398,0.27403,0.34168,2.40016,2.51257,2.21625,3.3084,3.65467,0.3773,1.3369
2026-01-08 15:00:00,2.69026,0.00212,0.16589,0.1596,0.08401,0.026,0.034,0.043,0.18732,0.24876,0.57472,1.93611,0.02293,0.76609,2.39551,0.00327,0.01024,0.01409,0.00049,0.01945,0.01305,2.21625,0.76765,0.33641,0.38585,0.20302,3.31491,0.63784,0.0875,0.19802,0.58907,1.52022,0.27003,0.34002,0.00644,3.6279,0.10654,0.76609,0.63784,0.27003,0.34002,2.39551,2.51797,2.21625,3.29451,3.6279,0.37567,1.30555
2026-01-08 16:00:00,2.65458,0.00212,0.15927,0.14351,0.09301,0.026,0.034,0.042,0.18732,0.24876,0.58328,1.77861,0.022,0.77209,2.39551,0.00327,0.01022,0.01407,0.00049,0.00527,0.01264,2.21625,0.76756,0.30653,0.52301,0.19902,3.29554,0.63171,0.08718,0.19372,0.58907,1.4704,0.26303,0.33671,0.00606,3.60122,0.10597,0.77209,0.63171,0.26303,0.33671,2.39551,2.51797,2.21625,3.2813,3.60122,0.37293,1.28987
2026-01-08 17:00:00,2.58339,0.00212,0.1658,0.14351,0.08101,0.025,0.033,0.042,0.18543,0.24594,0.57899,1.67437,0.022,0.77709,2.39551,0.00327,0.01021,0.01395,0.00049,-0.00889,0.01183,2.21625,0.7482,0.29599,0.48522,0.19302,3.27618,0.62256,0.08517,0.17589,0.58907,1.42071,0.26303,0.33506,0.00606,3.56577,0.1054,0.77709,0.62256,0.26303,0.33506,2.39551,2.52338,2.21625,3.26849,3.56577,0.36974,1.28046
2026-01-08 18:00:00,2.51182,0.00177,0.1658,0.15252,0.07801,0.025,0.033,0.042,0.18169,0.24314,0.57047,1.67514,0.02157,0.78309,2.40016,0.00309,0.01019,0.01383,0.00049,-0.00533,0.01183,2.22625,0.72968,0.30328,0.34449,0.19702,3.25681,0.61648,0.08445,0.14452,0.58106,1.37173,0.26303,0.33342,0.00606,3.53047,0.10484,0.78309,0.61648,0.26303,0.33342,2.40016,2.52338,2.22625,3.25577,3.53047,0.36723,1.27419
2026-01-08 19:00:00,2.33338,0.00177,0.15919,0.16952,0.07801,0.024,0.032,0.041,0.17985,0.24314,0.55781,1.62234,0.02114,0.79409,2.40016,0.00327,0.01017,0.01382,0.00036,-0.00356,0.01144,2.23125,0.72962,0.28207,0.30893,0.19202,3.22938,0.61042,0.08343,0.12668,0.56006,1.34866,0.27003,0.33178,0.00606,3.50409,0.10436,0.79409,0.61042,0.27003,0.33178,2.40016,2.52878,2.23125,3.24377,3.50409,0.36535,1.26971
2026-01-08 20:00:00,2.19097,0.00177,0.13942,0.1916,0.07601,0.024,0.032,0.04,0.17985,0.23484,0.54945,1.51732,0.02114,0.80509,2.40481,0.00309,0.01016,0.01371,0.00025,-0.01068,0.01106,2.24125,0.74807,0.28026,0.44995,0.19502,3.20196,0.60437,0.08176,0.1273,0.57006,1.32609,0.28103,0.33015,0.00606,3.49532,0.10388,0.80509,0.60437,0.28103,0.33015,2.40481,2.52878,2.24125,3.23235,3.49532,0.36419,1.26635
2026-01-08 21:00:00,2.1196,0.00141,0.11959,0.22177,0.08401,0.024,0.032,0.04,0.17451,0.23484,0.55781,1.41236,0.02072,0.82209,2.39551,0.00309,0.01014,0.01358,0.00016,-0.01245,0.01069,2.24125,0.78737,0.28785,0.57154,0.18002,3.17454,0.60136,0.08202,0.09717,0.56706,1.30346,0.28903,0.32852,0.00606,3.46906,0.10341,0.82209,0.60136,0.28903,0.32852,2.39551,2.52878,2.24125,3.22147,3.46906,0.36261,1.26374
2026-01-08 22:00:00,2.08393,0.00141,0.13255,0.24586,0.08401,0.024,0.032,0.039,0.17277,0.23759,0.55781,1.41185,0.02031,0.83309,2.40481,0.00309,0.01012,0.01356,0.00025,-0.00179,0.01032,2.24125,0.76878,0.28572,0.37719,0.17402,3.14711,0.59534,0.08136,0.07133,0.56006,1.28043,0.28103,0.32689,0.00572,3.45159,0.10293,0.83309,0.59534,0.28103,0.32689,2.40481,2.52878,2.24125,3.21118,3.45159,0.35991,1.26164
2026-01-08 23:00:00,2.1551,0.00141,0.13889,0.25386,0.06901,0.023,0.031,0.04601,0.17105,0.24035,0.55362,1.41133,0.01991,0.84709,2.40947,0.00291,0.01011,0.01354,0.00036,0.00706,0.00996,2.24125,0.67153,0.30925,0.30557,0.17002,3.11969,0.58933,0.08413,0.11438,0.55206,1.25734,0.27003,0.32527,0.00572,3.42546,0.10245,0.84709,0.58933,0.27003,0.32527,2.40947,2.52878,2.24125,3.20144,3.42546,0.35676,1.25993
2026-01-09 00:00:00,2.26234,0.00106,0.12563,0.24586,0.08001,0.023,0.031,0.05001,0.17105,0.24314,0.55362,1.35797,0.01991,0.8611,2.40947,0.00291,0.01009,0.01353,0.00025,0.00706,0.00927,2.24625,0.6129,0.28595,0.58257,0.16902,3.09227,0.58035,0.08106,0.17527,0.54506,1.23474,0.26303,0.32365,0.00572,3.40809,0.10197,0.8611,0.58035,0.26303,0.32365,2.40947,2.5342,2.24625,3.19229,3.40809,0.35428,1.25851
2026-01-09 01:00:00,2.36976,0.00106,0.12557,0.22986,0.06701,0.023,0.03,0.04901,0.16765,0.24035,0.55781,1.35734,0.01951,0.8781,2.41413,0.00291,0.01007,0.01343,0.00036,0.01416,0.00927,2.24625,0.61438,0.2551,0.56212,0.16502,3.07473,0.5744,0.08105,0.20294,0.54506,1.21162,0.26003,0.32204,0.00572,3.39942,0.10155,0.8781,0.5744,0.26003,0.32204,2.41413,2.52878,2.24625,3.1837,3.39942,0.35242,1.2573
2026-01-09 02:00:00,2.44078,0.00106,0.14526,0.20777,0.07701,0.022,0.03,0.04801,0.16597,0.24035,0.54945,1.35734,0.01951,0.8901,2.41879,0.00273,0.01006,0.01339,0.00025,0.02125,0.00894,2.24625,0.63437,0.28064,0.36381,0.16302,3.0572,0.56846,0.07868,0.17339,0.54206,1.18898,0.25603,0.31876,0.00539,3.39942,0.10113,0.8901,0.56846,0.25603,0.31876,2.41879,2.52878,2.24625,3.17552,3.39942,0.35129,1.25627
2026-01-09 03:00:00,2.5118,0.00106,0.17142,0.18569,0.07601,0.022,0.03,0.04801,0.16431,0.24035,0.55362,1.41008,0.01913,0.9071,2.42346,0.00273,0.01004,0.01348,0.00025,0.02125,0.00862,2.24625,0.59416,0.3425,0.32346,0.15102,3.03967,0.56253,0.07902,0.17401,0.54206,1.16632,0.26003,0.31713,0.00572,3.38211,0.10071,0.9071,0.56253,0.26003,0.31713,2.42346,2.52878,2.24625,3.16763,3.38211,0.34975,1.25537
2026-01-09 04:00:00,2.54747,0.00106,0.15824,0.1616,0.07601,0.022,0.03,0.04701,0.16102,0.23759,0.55362,1.41065,0.01913,0.9251,2.42813,0.00257,0.01002,0.01346,0.00025,0.01772,0.0083,2.25125,0.70897,0.34791,0.53124,0.14802,3.02213,0.55663,0.07693,0.19679,0.54506,1.14332,0.25603,0.3155,0.00539,3.37347,0.10028,0.9251,0.55663,0.25603,0.3155,2.42813,2.5342,2.25125,3.15997,3.37347,0.34714,1.25459
2026-01-09 05:00:00,2.57784,0.00106,0.15176,0.1536,0.06301,0.022,0.017,0.04701,0.15727,0.2321,0.54529,1.35848,0.01874,0.9371,2.43747,0.00257,0.01001,0.01336,0.00025,0.01775,0.0083,2.25125,0.74832,0.2726,0.65875,0.14902,3.0046,0.55074,0.07698,0.15988,0.55606,1.12032,0.25603,0.31387,0.00539,3.3562,0.09986,0.9371,0.55074,0.25603,0.31387,2.43747,2.53962,2.25125,3.15261,3.3562,0.34411,1.2539
2026-01-09 06:00:00,2.57209,0.00106,0.17145,0.1536,0.07501,0.022,0.029,0.04601,0.15543,0.22134,0.54945,1.35911,0.01837,0.94811,2.44215,0.00257,0.00999,0.01333,0.00025,0.01775,0.00769,2.25625,0.69123,0.28151,0.42044,0.14402,2.98707,0.54487,0.07418,0.15806,0.54506,1.09775,0.25303,0.31225,0.00539,3.33038,0.09944,0.94811,0.54487,0.25303,0.31225,2.44215,2.53962,2.25625,3.14554,3.33038,0.34172,1.25328
2026-01-09 07:00:00,2.60716,0.00106,0.15176,0.13743,0.07501,0.022,0.029,0.04601,0.15543,0.224,0.54115,1.33887,0.01837,0.96311,2.44683,0.00241,0.00997,0.01333,0.00025,0.01065,0.00739,2.25625,0.67112,0.29775,0.31738,0.14102,2.96494,0.53902,0.07385,0.14823,0.53106,1.13972,0.25303,0.31064,0.00507,3.3218,0.09906,0.96311,0.53902,0.25303,0.31064,2.44683,2.53962,2.25625,3.13872,3.3218,0.33994,1.25273
2026-01-09 08:00:00,2.67787,0.00106,0.13199,0.13643,0.07401,0.021,0.028,0.04501,0.1536,0.2187,0.53292,1.30757,0.01756,0.97511,2.45152,0.00257,0.00995,0.01321,0.00025,0.01419,0.0071,2.26125,0.63254,0.24815,0.47903,0.13702,2.9428,0.5361,0.07319,0.17839,0.53506,1.18164,0.25303,0.30903,0.00507,3.31322,0.09868,0.97511,0.5361,0.25303,0.30903,2.45152,2.53962,2.26125,3.13208,3.31322,0.33885,1.25224
2026-01-09 09:00:00,2.71195,0.00106,0.12546,0.13543,0.07301,0.021,0.028,0.044,0.15179,0.21607,0.52069,1.25541,0.01756,0.99311,2.4609,0.00257,0.00993,0.0132,0.00025,0.02481,0.00682,2.26125,0.6527,0.23665,0.57261,0.12901,2.92067,0.53028,0.07145,0.20176,0.52806,1.22302,0.25303,0.30743,0.00476,3.30465,0.0983,0.99311,0.53028,0.25303,0.30743,2.4609,2.54504,2.26125,3.12564,3.30465,0.33737,1.25179
2026-01-09 10:00:00,2.70905,0.00106,0.12541,0.12735,0.07301,0.021,0.028,0.032,0.14823,0.21607,0.51261,1.30757,0.01713,0.99911,2.4703,0.00257,0.00992,0.0131,0.00025,0.01772,0.00655,2.26125,0.53711,0.27255,0.36772,0.13001,2.89854,0.52448,0.07357,0.16235,0.52406,1.26352,0.24903,0.30583,0.00507,3.29604,0.09792,0.99911,0.52448,0.24903,0.30583,2.4703,2.55047,2.26125,3.1194,3.29604,0.33486,1.25138
2026-01-09 11:00:00,2.60399,0.00106,0.112,0.12735,0.07301,0.021,0.028,0.043,0.14823,0.21607,0.5046,1.46407,0.01713,1.01111,2.4703,0.00257,0.0099,0.01298,0.00025,0.00706,0.00655,2.26125,0.55641,0.27974,0.17321,0.12801,2.87641,0.52158,0.07214,0.16174,0.52806,1.30341,0.25303,0.30423,0.00507,3.28739,0.09754,1.01111,0.52158,0.25303,0.30423,2.4703,2.55591,2.26125,3.11346,3.28739,0.33194,1.25101
2026-01-09 12:00:00,2.46364,0.00106,0.09868,0.12735,0.07301,0.021,0.027,0.043,0.14648,0.21347,0.50062,1.47768,0.01629,1.02411,2.475,0.00241,0.00988,0.01297,0.00025,0.01416,0.00629,2.26125,0.67205,0.22137,0.34421,0.13101,2.85428,0.5158,0.07112,0.12236,0.52106,1.34322,0.24903,0.30264,0.00476,3.27875,0.09716,1.02411,0.5158,0.24903,0.30264,2.475,2.56136,2.26125,3.10782,3.27875,0.32964,1.23064
2026-01-09 13:00:00,2.39053,0.00106,0.12474,0.12735,0.06101,0.02,0.027,0.042,0.14648,0.21088,0.48876,1.49229,0.01629,1.03312,2.48441,0.00241,0.00986,0.01288,0.00025,0.02481,0.00629,2.26125,0.72917,0.24759,0.57146,0.12401,2.83402,0.51292,0.07117,0.11129,0.52406,1.36244,0.24903,0.30106,0.00476,3.26148,0.09678,1.03312,0.51292,0.24903,0.30106,2.48441,2.5668,2.26125,3.10235,3.26148,0.32793,1.16469
2026-01-09 14:00:00,2.42662,0.00106,0.13772,0.12026,0.07201,0.02,0.026,0.042,0.14302,0.2083,0.47706,1.50851,0.01589,1.03612,2.48441,0.00241,0.00985,0.01275,0.00025,0.01777,0.00603,2.26125,0.67134,0.31156,0.39483,0.12301,2.81375,0.50717,0.07152,0.1082,0.51706,1.38186,0.24903,0.30106,0.00476,3.25287,0.09639,1.03612,0.50717,0.24903,0.30106,2.48441,2.57225,2.26125,3.09711,3.25287,0.3269,1.11365
2026-01-09 15:00:00,2.4631,0.00106,0.12452,0.12126,0.05901,0.02,0.026,0.04,0.14474,0.21088,0.46934,1.49635,0.01589,1.04812,2.48912,0.00241,0.00983,0.01268,0.00025,0.00006,0.00578,2.25625,0.61266,0.24515,0.18581,0.12301,2.7935,0.50144,0.07116,0.10264,0.50706,1.4009,0.24903,0.29948,0.00476,3.25287,0.09601,1.04812,0.50144,0.24903,0.29948,2.48912,2.5777,2.25625,3.09211,3.25287,0.3255,1.09663
2026-01-09 16:00:00,2.49956,0.00106,0.11789,0.13743,0.07101,0.02,0.026,0.04,0.14124,0.20287,0.45787,1.48305,0.01511,1.05412,2.49384,0.00241,0.00981,0.01256,0.00025,0.00359,0.00578,2.27125,0.70833,0.1784,0.39443,0.12001,2.77324,0.49858,0.07051,0.13954,0.51406,1.41921,0.24903,0.2979,0.00476,3.24427,0.09563,1.05412,0.49858,0.24903,0.2979,2.49384,2.58316,2.27125,3.08736,3.24427,0.32314,1.08813
2026-01-09 17:00:00,2.53602,0.00071,0.12454,0.16152,0.07101,0.02,0.025,0.039,0.13947,0.2083,0.47706,1.46643,0.01511,1.06112,2.49855,0.00257,0.0098,0.01254,0.00025,0.01424,0.00529,2.27625,0.69017,0.21231,0.51355,0.11601,2.75298,0.49858,0.06979,0.13893,0.50706,1.43711,0.24603,0.29633,0.00476,3.23568,0.09524,1.06112,0.49858,0.24603,0.29633,2.49855,2.58316,2.27625,3.08287,3.23568,0.32041,1.08302
2026-01-09 18:00:00,2.57229,0.00071,0.1246,0.1856,0.06901,0.019,0.025,0.039,0.13947,0.20571,0.47319,1.4508,0.01511,1.06112,2.50327,0.00241,0.00978,0.01246,0.00025,0.00006,0.00529,2.28125,0.63362,0.2468,0.37542,0.11701,2.73272,0.49287,0.07014,0.14384,0.51706,1.45515,0.24603,0.29477,0.00476,3.22709,0.09486,1.06112,0.49287,0.24603,0.29477,2.50327,2.5941,2.28125,3.07857,3.22709,0.31826,1.07962
2026-01-09 19:00:00,2.57267,0.00071,0.1181,0.20177,0.05501,0.019,0.025,0.038,0.13772,0.20571,0.45408,1.45972,0.01473,1.06412,2.50327,0.00241,0.00976,0.0124,0.00025,-0.02478,0.00506,2.28125,0.59669,0.21701,0.29018,0.11601,2.71449,0.49287,0.06906,0.17398,0.50706,1.46103,0.24603,0.2932,0.00476,3.22709,0.09453,1.06412,0.49287,0.24603,0.2932,2.50327,2.59957,2.28125,3.07454,3.22709,0.3167,1.07719
2026-01-09 20:00:00,2.49994,0.00071,0.1181,0.20986,0.06701,0.019,0.025,0.037,0.13772,0.21347,0.4655,1.47947,0.01473,1.06712,2.50327,0.00257,0.00975,0.01249,0.00025,-0.02481,0.00484,2.28625,0.63439,0.19587,0.32689,0.11401,2.69624,0.49003,0.07047,0.18198,0.50006,1.46723,0.24603,0.29165,0.00476,3.22709,0.0942,1.06712,0.49003,0.24603,0.29165,2.50327,2.61054,2.28625,3.07097,3.22709,0.3158,1.07537
2026-01-09 21:00:00,2.46326,0.00071,0.12455,0.20986,0.05501,0.019,0.025,0.037,0.136,0.21607,0.47706,1.50443,0.01436,1.06712,2.50799,0.00257,0.00973,0.01247,0.00025,-0.00709,0.00462,2.28125,0.61658,0.22073,0.42791,0.11601,2.678,0.49003,0.06904,0.19369,0.49706,1.4732,0.24603,0.29009,0.00476,3.21852,0.09387,1.06712,0.49003,0.24603,0.29009,2.50799,2.61054,2.28125,3.06771,3.21852,0.31464,1.07395
2026-01-09 22:00:00,2.42696,0.00071,0.13114,0.20177,0.06701,0.018,0.024,0.037,0.136,0.2187,0.48485,1.5151,0.014,1.07312,2.51272,0.00241,0.00972,0.01245,0.00016,0,0.00462,2.29626,0.55935,0.24583,0.4578,0.11001,2.65977,0.48719,0.06665,0.19125,0.50306,1.47867,0.24603,0.28855,0.00476,3.21852,0.09354,1.07312,0.48719,0.24603,0.28855,2.51272,2.61054,2.29626,3.06479,3.21852,0.31279,1.07281
2026-01-09 23:00:00,2.3905,0.00071,0.1246,0.1696,0.06701,0.018,0.024,0.036,0.13428,0.22939,0.50062,1.52903,0.014,1.07312,2.50799,0.00241,0.0097,0.01237,0.00016,0.00353,0.00462,2.29626,0.61359,0.25339,0.3325,0.11401,2.64154,0.48435,0.06977,0.19125,0.51706,1.48392,0.24203,0.28547,0.00447,3.20996,0.09321,1.07312,0.48435,0.24203,0.28547,2.50799,2.61603,2.29626,3.06222,3.20996,0.3107,1.07189
2026-01-10 00:00:00,2.39088,0.00071,0.12454,0.13743,0.05501,0.018,0.024,0.035,0.13428,0.2321,0.5086,1.55588,0.01354,1.07912,2.51272,0.00226,0.00969,0.01226,0.00016,0.00706,0.00441,2.30126,0.61225,0.26071,0.21958,0.10701,2.6233,0.48435,0.06842,0.18634,0.49706,1.48935,0.24203,0.28393,0.00476,3.2014,0.09288,1.07912,0.48435,0.24203,0.28393,2.51272,2.62153,2.30126,3.06002,3.2014,0.30904,1.07111
2026-01-10 01:00:00,2.35461,0.00071,0.13105,0.12935,0.06701,0.017,0.023,0.034,0.13259,0.23759,0.51664,1.57825,0.01354,1.08212,2.50799,0.00226,0.00967,0.01224,0.00016,0.01416,0.00441,2.31126,0.61137,0.26794,0.41947,0.11001,2.61431,0.48152,0.06807,0.13775,0.50706,1.50675,0.24203,0.2824,0.00447,3.2014,0.09257,1.08212,0.48152,0.24203,0.2824,2.50799,2.62153,2.31126,3.0582,3.2014,0.30787,1.07046
2026-01-10 02:00:00,2.31795,0.00071,0.13105,0.12935,0.06701,0.017,0.023,0.034,0.13092,0.23759,0.53292,1.60253,0.01354,1.08912,2.50799,0.00226,0.00965,0.01222,0.00009,0.0354,0.0042,2.31626,0.61139,0.25811,0.58727,0.11101,2.60531,0.4787,0.06877,0.1439,0.50006,1.52434,0.24203,0.28088,0.00447,3.19286,0.09226,1.08912,0.4787,0.24203,0.28088,2.50799,2.62703,2.31626,3.05664,3.19286,0.30721,1.0699
2026-01-10 03:00:00,2.2815,0.00071,0.1246,0.12126,0.05501,0.017,0.023,0.034,0.13092,0.22939,0.54529,1.62726,0.0131,1.09512,2.50327,0.00212,0.00964,0.01221,0.00009,0.04073,0.00401,2.31626,0.62989,0.25749,0.37575,0.11101,2.59633,0.47588,0.06878,0.13219,0.51406,1.54168,0.24203,0.28088,0.00418,3.18396,0.09196,1.09512,0.47588,0.24203,0.28088,2.50327,2.63253,2.31626,3.05541,3.18396,0.30639,1.06941
2026-01-10 04:00:00,2.24504,0.00071,0.11154,0.11318,0.06701,0.017,0.023,0.033,0.12926,0.224,0.54529,1.649,0.0131,1.09212,2.50799,0.00212,0.00962,0.01225,0.00009,0.02304,0.00401,2.32626,0.60979,0.25571,0.27268,0.10301,2.58734,0.47588,0.06878,0.11927,0.51406,1.55859,0.24203,0.27936,0.00447,3.17508,0.09165,1.09212,0.47588,0.24203,0.27936,2.50799,2.63253,2.32626,3.05447,3.17508,0.30513,1.06899
2026-01-10 05:00:00,2.31623,0.00071,0.11153,0.12126,0.06701,0.016,0.023,0.033,0.12763,0.2187,0.53703,1.67346,0.0131,1.09812,2.50327,0.00198,0.0096,0.01227,0.00009,0.01065,0.00381,2.32626,0.59201,0.24485,0.47095,0.10501,2.57835,0.47306,0.06843,0.11927,0.52106,1.57525,0.24203,0.27785,0.00418,3.17508,0.09134,1.09812,0.47306,0.24203,0.27785,2.50327,2.63253,2.32626,3.05368,3.17508,0.30372,1.06861
2026-01-10 06:00:00,2.34512,0.00071,0.11173,0.13743,0.05501,0.016,0.023,0.032,0.12763,0.21607,0.52882,1.7002,0.01267,1.10112,2.49855,0.00212,0.00958,0.01216,0.00009,0.01421,0.00363,2.32126,0.59193,0.2525,0.54771,0.10501,2.56936,0.46744,0.06736,0.09649,0.50706,1.59196,0.24203,0.27634,0.00418,3.16621,0.09103,1.10112,0.46744,0.24203,0.27634,2.49855,2.63253,2.32126,3.05302,3.16621,0.3026,1.06828
2026-01-10 07:00:00,2.2972,0.00071,0.09883,0.12935,0.06001,0.016,0.022,0.032,0.12601,0.21088,0.51664,1.69136,0.01267,1.10412,2.49384,0.00212,0.00956,0.0122,0.00009,0.02487,0.00363,2.33626,0.55487,0.26026,0.39528,0.10901,2.55774,0.46744,0.06814,0.13095,0.50706,1.59115,0.24203,0.27483,0.00418,3.16621,0.09074,1.10412,0.46744,0.24203,0.27483,2.49384,2.63253,2.33626,3.05256,3.16621,0.30175,1.06798
2026-01-10 08:00:00,2.24966,0.00071,0.10547,0.12935,0.05901,0.016,0.022,0.032,0.12421,0.2083,0.5086,1.67305,0.01267,1.10112,2.48912,0.00212,0.00955,0.01229,0.00009,0.00718,0.00345,2.33126,0.53789,0.24906,0.31284,0.10701,2.54612,0.46464,0.067,0.12421,0.50306,1.59051,0.23903,0.27333,0.00418,3.15736,0.09044,1.10112,0.46464,0.23903,0.27333,2.48912,2.63253,2.33126,3.0523,3.15736,0.30117,1.06771
2026-01-10 09:00:00,2.20212,0.00071,0.1187,0.13743,0.05901,0.015,0.022,0.032,0.12244,0.20287,0.48876,1.64957,0.01267,1.10412,2.48912,0.00212,0.00953,0.01221,0.00004,-0.007,0.00345,2.34126,0.53786,0.22829,0.35072,0.10601,2.53449,0.46464,0.06568,0.11933,0.50306,1.58967,0.24203,0.27333,0.00418,3.15736,0.09015,1.10412,0.46464,0.24203,0.27333,2.48912,2.62703,2.34126,3.05205,3.15736,0.30034,1.06747
2026-01-10 10:00:00,2.19086,0.00071,0.1254,0.13743,0.05801,0.015,0.022,0.031,0.12244,0.20005,0.4655,1.62349,0.01225,1.10712,2.48441,0.00198,0.00952,0.0121,0.00004,0.00712,0.00327,2.34626,0.57649,0.22719,0.36931,0.09901,2.52287,0.46464,0.06705,0.1384,0.49706,1.5883,0.23903,0.27183,0.00418,3.15736,0.08985,1.10712,0.46464,0.23903,0.27183,2.48441,2.62703,2.34626,3.05189,3.15736,0.2988,1.06725
2026-01-10 11:00:00,2.10841,0.00071,0.11895,0.12935,0.04601,0.015,0.021,0.03,0.11895,0.19725,0.4655,1.59695,0.01225,1.11112,2.4797,0.00212,0.0095,0.01203,0.00004,0.01065,0.00327,2.34126,0.6144,0.23577,0.3847,0.10001,2.51125,0.46185,0.06603,0.14823,0.49706,1.58671,0.23903,0.27183,0.00418,3.14851,0.08956,1.11112,0.46185,0.23903,0.27183,2.4797,2.62703,2.34126,3.05185,3.14851,0.29694,1.06704
2026-01-10 12:00:00,2.03159,0.00071,0.11895,0.11318,0.05801,0.015,0.07001,0.03,0.11895,0.19448,0.44655,1.56726,0.01184,1.11112,2.4797,0.00212,0.00949,0.01191,0.00004,0.00533,0.0031,2.35126,0.65307,0.23467,0.31286,0.09501,2.49963,0.45905,0.06566,0.18145,0.49706,1.58536,0.23903,0.27034,0.00418,3.13967,0.08926,1.11112,0.45905,0.23903,0.27034,2.4797,2.62153,2.35126,3.05191,3.13967,0.2955,1.04412
2026-01-10 13:00:00,2.03159,0.00071,0.13202,0.11318,0.05701,0.015,0.01412,0.03,0.11724,0.19173,0.44281,1.54028,0.01184,1.11112,2.4703,0.00212,0.00947,0.0119,0.00004,-0.0018,0.00294,2.35126,0.63228,0.22307,0.20921,0.10101,2.4786,0.45627,0.0653,0.15558,0.48305,1.61043,0.23903,0.26885,0.0039,3.13967,0.08897,1.11112,0.45627,0.23903,0.26885,2.4703,2.61603,2.35126,3.05211,3.13967,0.29439,0.98289
2026-01-10 14:00:00,2.03159,0,0.11904,0.10509,0.05701,0.015,0.021,0.03,0.11724,0.189,0.43168,1.51988,0.01184,1.10712,2.4703,0.00212,0.00946,0.01184,0.00004,-0.00712,0.00294,2.35126,0.63001,0.21139,0.31267,0.09601,2.45757,0.45627,0.06428,0.14871,0.49005,1.63562,0.23503,0.26737,0.0039,3.13967,0.08869,1.10712,0.45627,0.23503,0.26737,2.4703,2.61603,2.35126,3.05234,3.13967,0.29371,0.96479
2026-01-10 15:00:00,2.03159,0,0.10595,0.09701,0.04501,0.014,0.021,0.03,0.11555,0.1863,0.428,1.50253,0.01145,1.11412,2.46559,0.00212,0.00944,0.01172,0.00004,-0.01242,0.00294,2.35126,0.63087,0.21944,0.43219,0.09101,2.43654,0.45349,0.06326,0.16704,0.48705,1.66045,0.23503,0.26589,0.0039,3.13967,0.0884,1.11412,0.45349,0.23503,0.26589,2.46559,2.61603,2.35126,3.05248,3.13967,0.29277,0.95875
2026-01-10 16:00:00,2.03159,0,0.10586,0.09701,0.05701,0.014,0.021,0.029,0.11555,0.18362,0.42434,1.4843,0.01107,1.11712,2.4609,0.00212,0.00942,0.01166,0.00004,-0.01772,0.00278,2.35626,0.59304,0.21808,0.30907,0.09301,2.41551,0.45349,0.06324,0.15094,0.48705,1.68458,0.22803,0.26589,0.0039,3.13085,0.08811,1.11712,0.45349,0.22803,0.26589,2.4609,2.61054,2.35626,3.05252,3.13085,0.29117,0.95574
2026-01-10 17:00:00,2.03159,0,0.11242,0.09701,0.05601,0.014,0.021,0.028,0.11389,0.1863,0.42069,1.46901,0.01107,1.11712,2.45621,0.00212,0.00941,0.01158,0.00004,-0.01242,0.00278,2.35626,0.55512,0.19721,0.22027,0.09101,2.39448,0.45071,0.0643,0.15205,0.49305,1.7083,0.22803,0.26442,0.0039,3.13085,0.08783,1.11712,0.45071,0.22803,0.26442,2.45621,2.60506,2.35626,3.0525,3.13085,0.28931,0.95393
2026-01-10 18:00:00,2.03159,0,0.10586,0.09701,0.05501,0.013,0.02,0.028,0.11389,0.1863,0.41706,1.45434,0.01089,1.11112,2.45152,0.00212,0.00939,0.01167,0.00004,-0.00177,0.00278,2.36126,0.5365,0.18585,0.37613,0.09401,2.37345,0.44794,0.06502,0.1273,0.48705,1.73211,0.23203,0.26295,0.0039,3.13085,0.08754,1.11112,0.44794,0.23203,0.26295,2.45152,2.60506,2.36126,3.05245,3.13085,0.28784,0.95272
2026-01-10 19:00:00,2.03159,0,0.09279,0.09701,0.043,0.013,0.008,0.028,0.11224,0.1863,0.42434,1.45721,0.0107,1.11412,2.44215,0.00212,0.00937,0.01165,0.00004,0.00889,0.00263,2.36126,0.53722,0.19448,0.44517,0.09101,2.35896,0.44517,0.06674,0.13763,0.48305,1.73216,0.23503,0.26295,0.0039,3.13967,0.08726,1.11412,0.44517,0.23503,0.26295,2.44215,2.60506,2.36126,3.0523,3.13967,0.28678,0.95186
2026-01-10 20:00:00,2.03159,0,0.09935,0.09701,0.05501,0.013,0.02,0.028,0.11224,0.19725,0.42434,1.46073,0.0107,1.11712,2.4328,0.00212,0.00936,0.01164,0.00004,0.01242,0.00263,2.34626,0.55645,0.21175,0.3414,0.09001,2.34447,0.44517,0.0639,0.16528,0.48005,1.73252,0.23503,0.26149,0.0039,3.13085,0.08698,1.11712,0.44517,0.23503,0.26149,2.4328,2.5941,2.34626,3.05206,3.13085,0.28618,0.95121
2026-01-10 21:00:00,2.03159,0,0.10589,0.09701,0.05501,0.013,0.02,0.016,0.11224,0.20287,0.43168,1.46437,0.0107,1.11712,2.43747,0.00212,0.00935,0.01158,0.00004,0.01242,0.00248,2.35626,0.57336,0.21955,0.30869,0.08701,2.32997,0.44517,0.06388,0.15359,0.47705,1.73272,0.23503,0.26149,0.0039,3.13085,0.0867,1.11712,0.44517,0.23503,0.26149,2.43747,2.5941,2.35626,3.05166,3.13085,0.28541,0.95071
2026-01-10 22:00:00,2.03159,0,0.09935,0.09701,0.043,0.012,0.02,0.027,0.11061,0.21347,0.44281,1.47242,0.0107,1.11412,2.4328,0.00212,0.00933,0.01151,0.00009,0.00886,0.00248,2.35626,0.57336,0.21852,0.37571,0.09001,2.31548,0.44241,0.06356,0.1616,0.48605,1.73255,0.23503,0.26003,0.0039,3.13967,0.08642,1.11412,0.44241,0.23503,0.26003,2.4328,2.5941,2.35626,3.05111,3.13967,0.28421,0.95031
2026-01-10 23:00:00,2.03159,0,0.09944,0.09701,0.05501,0.012,0.02,0.027,0.10901,0.224,0.4655,1.48281,0.01035,1.12012,2.42346,0.00212,0.00932,0.01159,0.00004,0.00177,0.00248,2.36126,0.55564,0.22715,0.42255,0.08901,2.30099,0.44517,0.06463,0.16592,0.47705,1.73224,0.23503,0.25852,0.0039,3.13967,0.08614,1.12012,0.44517,0.23503,0.25852,2.42346,2.58863,2.36126,3.05045,3.13967,0.28287,0.94998
2026-01-11 00:00:00,2.03159,0,0.11257,0.10509,0.05501,0.012,0.02,0.027,0.10901,0.22669,0.47706,1.49367,0.01035,1.11412,2.41879,0.00198,0.0093,0.01158,0.00004,0.00174,0.00248,2.35626,0.53484,0.23607,0.39997,0.08501,2.2865,0.44241,0.06392,0.17393,0.47705,1.73211,0.23903,0.25852,0.0039,3.13085,0.08586,1.11412,0.44241,0.23903,0.25852,2.41879,2.58316,2.35626,3.04978,3.13085,0.28181,0.94971
2026-01-11 01:00:00,2.03159,0,0.11901,0.11318,0.05401,0.012,0.019,0.027,0.10901,0.22939,0.49666,1.5062,0.01035,1.11412,2.41413,0.00198,0.00929,0.01156,0.00004,0.00524,0.00248,2.35626,0.57342,0.23561,0.35982,0.08501,2.27899,0.43965,0.06535,0.16963,0.48305,1.73192,0.23903,0.25702,0.0039,3.13085,0.08559,1.11412,0.43965,0.23903,0.25702,2.41413,2.58316,2.35626,3.04902,3.13085,0.2811,0.94947
2026-01-11 02:00:00,2.03159,0,0.11242,0.11318,0.05101,0.012,0.019,0.027,0.10563,0.22134,0.5086,1.52579,0.01035,1.11712,2.40481,0.00185,0.00927,0.01154,0.00004,0.00171,0.00248,2.36126,0.55567,0.23617,0.33716,0.08501,2.27147,0.4369,0.06537,0.13517,0.49706,1.73202,0.23503,0.25553,0.0039,3.13085,0.08531,1.11712,0.4369,0.23503,0.25553,2.40481,2.5777,2.36126,3.04824,3.13085,0.28076,0.94927
2026-01-11 03:00:00,2.03159,0,0.11245,0.11318,0.05101,0.012,0.019,0.027,0.10563,0.2187,0.52069,1.54696,0.00965,1.11712,2.40481,0.00185,0.00926,0.01153,0.00004,0.00171,0.00234,2.35126,0.55644,0.23618,0.4363,0.08201,2.26396,0.43415,0.06539,0.12284,0.52106,1.73207,0.23903,0.25553,0.0039,3.11323,0.08504,1.11712,0.43415,0.23903,0.25553,2.40481,2.57225,2.35126,3.04742,3.11323,0.28039,0.9491
2026-01-11 04:00:00,2.03159,0,0.11898,0.11318,0.05101,0.011,0.019,0.027,0.10397,0.21607,0.52475,1.5672,0.00965,1.11412,2.39551,0.00185,0.00924,0.01151,0.00001,0.02119,0.00221,2.35126,0.59499,0.2351,0.50372,0.07601,2.25644,0.43415,0.06397,0.1462,0.53106,1.73207,0.23903,0.25404,0.00363,3.12203,0.08477,1.11412,0.43415,0.23903,0.25404,2.39551,2.57225,2.35126,3.04641,3.12203,0.27999,0.94895
2026-01-11 05:00:00,2.01233,0,0.11892,0.11318,0.05101,0.011,0.019,0.025,0.10397,0.21088,0.52069,1.58742,0.00965,1.11712,2.39551,0.00173,0.00923,0.01149,0.00001,0.03181,0.00221,2.35126,0.59419,0.23429,0.38703,0.08001,2.24892,0.43141,0.06432,0.14741,0.54206,1.73208,0.23903,0.25404,0.00363,3.12203,0.08449,1.11712,0.43141,0.23903,0.25404,2.39551,2.56136,2.35126,3.04523,3.12203,0.27961,0.94882
2026-01-11 06:00:00,1.9738,0,0.11236,0.09701,0.05001,0.011,0.019,0.025,0.10397,0.20571,0.5086,1.60461,0.00965,1.12012,2.38622,0.00185,0.00921,0.01148,0.00001,0.01586,0.00208,2.35126,0.55638,0.23349,0.34252,0.07501,2.24141,0.42867,0.06432,0.14435,0.54206,1.73211,0.23903,0.25255,0.00363,3.12203,0.08422,1.12012,0.42867,0.23903,0.25255,2.38622,2.56136,2.35126,3.04385,3.12203,0.2793,0.9487
2026-01-11 07:00:00,1.96224,0,0.10586,0.08084,0.05001,0.011,0.019,0.025,0.10234,0.20287,0.5046,1.60492,0.00965,1.11412,2.38158,0.00173,0.00919,0.01147,0.00001,-0.00006,0.00208,2.34126,0.55482,0.22331,0.45309,0.07301,2.23584,0.42867,0.06468,0.14806,0.53806,1.73093,0.23903,0.25107,0.00363,3.11323,0.08395,1.11412,0.42867,0.23903,0.25107,2.38158,2.55591,2.34126,3.04237,3.11323,0.279,0.94859
2026-01-11 08:00:00,1.9449,0,0.1058,0.08084,0.05001,0.011,0.019,0.025,0.10234,0.20005,0.4927,1.59802,0.00932,1.11712,2.3723,0.00173,0.00918,0.01145,0.00001,0.00524,0.00208,2.34126,0.61113,0.21257,0.45635,0.07301,2.23028,0.42594,0.06397,0.15053,0.53506,1.72972,0.23503,0.25107,0.00363,3.10443,0.08368,1.11712,0.42594,0.23503,0.25107,2.3723,2.55591,2.34126,3.0408,3.10443,0.2787,0.9485
2026-01-11 09:00:00,1.91601,0,0.1058,0.08084,0.05001,0.011,0.019,0.025,0.10073,0.19725,0.48485,1.58322,0.00932,1.12012,2.35842,0.00173,0.00916,0.01144,0,0.01054,0.00195,2.34126,0.57335,0.21185,0.30333,0.07601,2.22471,0.42321,0.06504,0.1641,0.53506,1.72833,0.23503,0.24959,0.00363,3.10443,0.08342,1.12012,0.42321,0.23503,0.24959,2.35842,2.55047,2.34126,3.03903,3.10443,0.27818,0.94841
2026-01-11 10:00:00,1.85821,0,0.10591,0.08084,0.038,0.011,0.019,0.025,0.10073,0.19725,0.47706,1.56685,0.00932,1.12012,2.36767,0.00185,0.00914,0.01142,0,-0.00006,0.00195,2.33626,0.5348,0.22116,0.27337,0.07001,2.21913,0.42321,0.06397,0.13273,0.52106,1.72637,0.23903,0.24959,0.00363,3.10443,0.08315,1.12012,0.42321,0.23903,0.24959,2.36767,2.54504,2.33626,3.03716,3.10443,0.27699,0.94833
2026-01-11 11:00:00,1.80042,0,0.09932,0.08084,0.05001,0.011,0.019,0.024,0.10073,0.19725,0.46934,1.55025,0.00932,1.11712,2.35842,0.00173,0.00913,0.01137,0,0.01059,0.00195,2.33626,0.57337,0.22099,0.36019,0.06601,2.21357,0.42049,0.06432,0.11369,0.52406,1.72413,0.23503,0.24812,0.00363,3.10443,0.08288,1.11712,0.42049,0.23503,0.24812,2.35842,2.53962,2.33626,3.03517,3.10443,0.27549,0.94826
2026-01-11 12:00:00,1.79938,0,0.09273,0.08893,0.04901,0.011,0.018,0.024,0.09914,0.19448,0.46168,1.53207,0.00932,1.11712,2.34918,0.00185,0.00911,0.01125,0,0.02125,0.00183,2.32626,0.6312,0.21136,0.35793,0.06801,2.208,0.42049,0.06397,0.11369,0.51706,1.72215,0.23503,0.24812,0.00363,3.09564,0.08261,1.11712,0.42049,0.23503,0.24812,2.34918,2.52878,2.32626,3.033,3.09564,0.27433,0.93173
2026-01-11 13:00:00,1.79841,0,0.09935,0.09701,0.04801,0.011,0.018,0.024,0.09914,0.19448,0.45408,1.519,0.00932,1.12012,2.33995,0.00185,0.0091,0.0112,0,0.00886,0.00195,2.32126,0.61266,0.21972,0.28536,0.06301,2.19337,0.41778,0.0636,0.10874,0.53506,1.76781,0.23503,0.24812,0.00363,3.09564,0.08235,1.12012,0.41778,0.23503,0.24812,2.33995,2.52338,2.32126,3.03073,3.09564,0.27342,0.89821
2026-01-11 14:00:00,1.79744,0,0.10591,0.09701,0.04801,0.011,0.018,0.024,0.09758,0.19173,0.44655,1.50624,0.00868,1.12313,2.33995,0.00185,0.00908,0.01109,0,0.00533,0.00183,2.32126,0.55556,0.21861,0.2664,0.06101,2.17874,0.41506,0.06323,0.12719,0.52406,1.81385,0.23503,0.24666,0.00363,3.09564,0.08208,1.12313,0.41506,0.23503,0.24666,2.33995,2.52338,2.32126,3.02837,3.09564,0.27288,0.89626
2026-01-11 15:00:00,1.79647,0,0.09932,0.09701,0.04801,0.011,0.018,0.024,0.09758,0.19173,0.44281,1.4936,0.00868,1.12313,2.32614,0.00185,0.00907,0.01108,0,0.00712,0.00183,2.32126,0.55555,0.19828,0.30111,0.06101,2.16411,0.41236,0.06294,0.14256,0.52806,1.8597,0.23503,0.24666,0.00363,3.08687,0.08182,1.12313,0.41236,0.23503,0.24666,2.32614,2.51257,2.32126,3.02594,3.08687,0.27215,0.8956
2026-01-11 16:00:00,1.7955,0,0.09276,0.09701,0.04801,0.011,0.018,0.024,0.09603,0.189,0.44281,1.48102,0.00868,1.12613,2.32614,0.00185,0.00905,0.01103,0,0.00356,0.00183,2.32126,0.55552,0.19681,0.33626,0.06201,2.14947,0.40965,0.06293,0.15115,0.52806,1.90507,0.23503,0.2452,0.00363,3.08687,0.08156,1.12613,0.40965,0.23503,0.2452,2.32614,2.50718,2.32126,3.02342,3.08687,0.27094,0.89528
2026-01-11 17:00:00,1.79453,0,0.09282,0.09701,0.036,0.011,0.018,0.024,0.09603,0.1863,0.43168,1.46852,0.00868,1.12012,2.31694,0.00185,0.00903,0.01095,0,-0.01772,0.00172,2.31626,0.53625,0.20465,0.31853,0.06101,2.13484,0.40696,0.06256,0.17143,0.52106,1.95025,0.23503,0.2452,0.00363,3.07811,0.08129,1.12012,0.40696,0.23503,0.2452,2.31694,2.50179,2.31626,3.02069,3.07811,0.26955,0.89508
2026-01-11 18:00:00,1.79356,0,0.09279,0.09701,0.04801,0.01,0.018,0.024,0.09451,0.1863,0.428,1.45757,0.00868,1.12012,2.30776,0.00185,0.00902,0.011,0,-0.02481,0.00172,2.31126,0.47845,0.19398,0.24766,0.05801,2.12021,0.40696,0.06155,0.17634,0.52806,1.99574,0.23503,0.24374,0.00363,3.07811,0.08103,1.12012,0.40696,0.23503,0.24374,2.30776,2.49641,2.31126,3.01775,3.07811,0.26846,0.89495
2026-01-11 19:00:00,1.79265,0,0.09273,0.09701,0.04701,0.01,0.017,0.024,0.09451,0.1863,0.42434,1.46491,0.00838,1.12313,2.30318,0.00185,0.009,0.01089,0,-0.01416,0.00172,2.30626,0.47924,0.19315,0.28386,0.05901,2.11092,0.40696,0.06218,0.17019,0.52406,2.04228,0.23503,0.24374,0.00363,3.07811,0.08077,1.12313,0.40696,0.23503,0.24374,2.30318,2.48565,2.30626,3.0146,3.07811,0.26772,0.89486
2026-01-11 20:00:00,1.79175,0,0.08626,0.09701,0.04601,0.01,0.017,0.024,0.09451,0.19448,0.43168,1.46994,0.00838,1.12613,2.29859,0.00185,0.00899,0.01087,0,-0.01416,0.0016,2.30126,0.47921,0.21092,0.39034,0.05401,2.10162,0.40427,0.06044,0.15359,0.51006,2.08921,0.23503,0.24374,0.00363,3.06936,0.08051,1.12613,0.40427,0.23503,0.24374,2.29859,2.48565,2.30126,3.01124,3.06936,0.26737,0.89479
2026-01-11 21:00:00,1.79085,0,0.07972,0.09701,0.04601,0.01,0.017,0.023,0.09301,0.19725,0.43537,1.47306,0.00838,1.12613,2.29402,0.00198,0.00898,0.01089,0,-0.01772,0.00172,2.30126,0.51697,0.21948,0.37178,0.05101,2.09233,0.40427,0.06114,0.145,0.52106,2.08351,0.23503,0.24374,0.00363,3.06936,0.08026,1.12613,0.40427,0.23503,0.24374,2.29402,2.48029,2.30126,3.00777,3.06936,0.26699,0.89473
2026-01-11 22:00:00,1.78993,0,0.08626,0.09701,0.04601,0.01,0.017,0.023,0.09301,0.20005,0.44655,1.47878,0.00838,1.12613,2.28029,0.00185,0.00896,0.01093,0,-0.01889,0.00172,2.30126,0.53551,0.20944,0.28162,0.05001,2.08304,0.40427,0.06255,0.16101,0.51406,2.07776,0.23503,0.24374,0.00363,3.06062,0.08,1.12613,0.40427,0.23503,0.24374,2.28029,2.47492,2.30126,3.00425,3.06062,0.26659,0.89469
2026-01-11 23:00:00,1.78903,0,0.09279,0.09701,0.034,0.01,0.017,0.023,0.09301,0.21088,0.45787,1.48942,0.00838,1.11712,2.28029,0.00185,0.00894,0.01086,0,-0.01062,0.0016,2.29126,0.51544,0.2087,0.33101,0.05101,2.07373,0.40157,0.06293,0.14008,0.51406,2.07206,0.23503,0.24374,0.00363,3.06062,0.07974,1.11712,0.40157,0.23503,0.24374,2.28029,2.4642,2.29126,3.00062,3.06062,0.26622,0.89465
2026-01-12 00:00:00,1.78812,0,0.09935,0.09801,0.04601,0.01,0.017,0.023,0.09301,0.21347,0.46168,1.50399,0.00838,1.12613,2.27116,0.00185,0.00893,0.01093,0,0.00118,0.0016,2.29126,0.55396,0.22665,0.43133,0.05001,2.06444,0.40157,0.06394,0.12902,0.51406,2.06642,0.23503,0.24374,0.00363,3.06062,0.07948,1.12613,0.40157,0.23503,0.24374,2.27116,2.4642,2.29126,2.99686,3.06062,0.26591,0.89463
2026-01-12 01:00:00,1.78726,0,0.09935,0.09901,0.04601,0.01,0.017,0.023,0.09117,0.20571,0.47706,1.51311,0.00808,1.13313,2.27572,0.00173,0.00892,0.01092,0,0.00706,0.0016,2.28625,0.5532,0.22616,0.37551,0.05301,2.06244,0.39889,0.06503,0.12905,0.51706,2.06401,0.23503,0.24229,0.00363,3.05189,0.07923,1.13313,0.39889,0.23503,0.24229,2.27572,2.45351,2.28625,2.99305,3.05189,0.26569,0.8946
2026-01-12 02:00:00,1.78639,0,0.09932,0.09901,0.04601,0.01,0.017,0.023,0.09117,0.20571,0.48876,1.52574,0.00808,1.12313,2.2666,0.00173,0.0089,0.0109,0,0.00588,0.0016,2.27625,0.5725,0.20732,0.33689,0.05101,2.06043,0.39889,0.06433,0.12534,0.51406,2.06169,0.23503,0.24229,0.00363,3.05189,0.07898,1.12313,0.39889,0.23503,0.24229,2.2666,2.45351,2.27625,2.98913,3.05189,0.26554,0.89458
2026-01-12 03:00:00,1.78553,0,0.11242,0.09901,0.04601,0.01,0.017,0.023,0.09117,0.20571,0.48876,1.53613,0.00808,1.12313,2.24385,0.00161,0.00889,0.01088,0,0.01059,0.0016,2.27625,0.53472,0.21646,0.42015,0.05301,2.05843,0.39621,0.0647,0.13579,0.51706,2.05928,0.23503,0.24229,0.00335,3.04317,0.07873,1.12313,0.39621,0.23503,0.24229,2.24385,2.44284,2.27625,2.98511,3.04317,0.26532,0.89456
2026-01-12 04:00:00,1.78466,0,0.11239,0.09901,0.04601,0.01,0.017,0.023,0.08936,0.20571,0.48485,1.54769,0.0078,1.13013,2.24839,0.00161,0.00887,0.01087,0,0.01648,0.0015,2.27125,0.55545,0.23458,0.46906,0.05401,2.05643,0.39889,0.06365,0.13334,0.52406,2.05665,0.23503,0.24084,0.00335,3.03446,0.07847,1.13013,0.39889,0.23503,0.24084,2.24839,2.43751,2.27125,2.98099,3.03446,0.26487,0.89454
2026-01-12 05:00:00,1.78379,0,0.10585,0.09901,0.044,0.01,0.017,0.023,0.08936,0.20287,0.47706,1.56265,0.0078,1.12613,2.24839,0.00161,0.00885,0.01085,0,0.01412,0.0015,2.26625,0.56557,0.2248,0.4375,0.05201,2.05441,0.39621,0.06537,0.12661,0.52106,2.05394,0.23503,0.24084,0.00335,3.03446,0.07822,1.12613,0.39621,0.23503,0.24084,2.24839,2.43219,2.26625,2.97678,3.03446,0.26433,0.89453
2026-01-12 06:00:00,1.78293,0,0.10588,0.09801,0.032,0.01,0.016,0.022,0.08758,0.20287,0.47706,1.57213,0.0078,1.13013,2.24385,0.00161,0.00884,0.01084,0,0.01298,0.0015,2.26125,0.56761,0.2151,0.39447,0.05401,2.05241,0.39621,0.06467,0.14014,0.52406,2.05133,0.23503,0.24084,0.00335,3.02576,0.07797,1.13013,0.39621,0.23503,0.24084,2.24385,2.42688,2.26125,2.97246,3.02576,0.26391,0.89452
2026-01-12 07:00:00,1.78213,0,0.09932,0.09701,0.044,0.009,0.016,0.021,0.08758,0.20005,0.46934,1.56289,0.0078,1.12613,2.23931,0.00161,0.00883,0.01083,0,0.01415,0.0014,2.25625,0.61306,0.22401,0.38211,0.05801,2.0519,0.39621,0.06432,0.14812,0.52106,2.04523,0.23203,0.24084,0.00335,3.01708,0.07772,1.12613,0.39621,0.23203,0.24084,2.23931,2.41626,2.25625,2.96812,3.01708,0.26359,0.89451
2026-01-12 08:00:00,1.78134,0,0.09279,0.09701,0.044,0.009,0.016,0.02,0.08583,0.19725,0.4655,1.54906,0.0078,1.13313,2.23477,0.00161,0.00881,0.01084,0,0.01533,0.0014,2.25125,0.60225,0.24213,0.38695,0.05701,2.05139,0.39621,0.06604,0.13458,0.52806,2.03926,0.23203,0.2394,0.00335,3.0084,0.07748,1.13313,0.39621,0.23203,0.2394,2.23477,2.41095,2.25125,2.96377,3.0084,0.26339,0.89449
2026-01-12 09:00:00,1.78054,0,0.08625,0.09701,0.043,0.009,0.016,0.02,0.08583,0.20005,0.46168,1.53588,0.0078,1.13013,2.23024,0.00161,0.0088,0.01088,0,0.01416,0.0013,2.25125,0.62994,0.23292,0.37786,0.05401,2.05088,0.39621,0.06641,0.12287,0.52106,2.03323,0.23203,0.2394,0.00335,3.0084,0.07723,1.13013,0.39621,0.23203,0.2394,2.23024,2.40566,2.25125,2.95931,3.0084,0.26313,0.89449
2026-01-12 10:00:00,1.77975,0,0.08623,0.09701,0.043,0.009,0.016,0.02,0.08583,0.19448,0.46168,1.52285,0.0078,1.13313,2.21666,0.00161,0.00878,0.01078,0,0.01651,0.0013,2.24125,0.57907,0.20535,0.33428,0.05901,2.05037,0.39621,0.06327,0.11792,0.52406,2.027,0.23203,0.23797,0.00335,2.99972,0.07698,1.13313,0.39621,0.23203,0.23797,2.21666,2.40037,2.24125,2.95484,2.99972,0.26268,0.89448
2026-01-12 11:00:00,1.77895,0,0.09276,0.09701,0.043,0.009,0.016,0.02,0.08583,0.19173,0.46168,1.50833,0.0078,1.13313,2.22118,0.00161,0.00876,0.01077,0,0.01772,0.0013,2.23625,0.5774,0.20481,0.28165,0.05701,2.04985,0.39621,0.06505,0.13638,0.52806,2.0207,0.23203,0.23797,0.00335,2.99107,0.07674,1.13313,0.39621,0.23203,0.23797,2.22118,2.39508,2.23625,2.95034,2.99107,0.26215,0.89447
2026-01-12 12:00:00,1.77816,0,0.08623,0.08893,0.043,0.009,0.016,0.02,0.08412,0.19173,0.45408,1.49507,0.0078,1.12613,2.21214,0.00161,0.00875,0.01072,0,0.01062,0.0013,2.23125,0.58279,0.21348,0.32922,0.05901,2.04934,0.39621,0.0657,0.14561,0.51406,2.01451,0.23203,0.23797,0.00335,2.99107,0.07649,1.12613,0.39621,0.23203,0.23797,2.21214,2.3898,2.23125,2.9458,2.99107,0.26174,0.89061
2026-01-12 13:00:00,1.77743,0,0.08625,0.08084,0.043,0.009,0.016,0.02,0.08412,0.189,0.45408,1.4865,0.00752,1.13313,2.20762,0.00161,0.00874,0.01062,0,0.01062,0.0013,2.22625,0.58328,0.20395,0.39688,0.05501,2.0396,0.39621,0.065,0.13826,0.52106,2.00871,0.23203,0.23797,0.00335,2.98243,0.07625,1.13313,0.39621,0.23203,0.23797,2.20762,2.38452,2.22625,2.94123,2.98243,0.26147,0.88651
2026-01-12 14:00:00,1.77669,0,0.09276,0.08084,0.042,0.009,0.015,0.02,0.08412,0.189,0.44281,1.47982,0.00752,1.13013,2.2031,0.00161,0.00872,0.01057,0,0.01062,0.00121,2.21625,0.58249,0.19449,0.32437,0.05801,2.02986,0.39621,0.06399,0.14506,0.52106,2.00308,0.23203,0.23654,0.00335,2.97379,0.076,1.13013,0.39621,0.23203,0.23654,2.2031,2.37925,2.21625,2.93661,2.97379,0.26136,0.88649
2026-01-12 15:00:00,1.77596,0,0.0927,0.08084,0.041,0.009,0.015,0.02,0.08244,0.1863,0.43537,1.47048,0.00752,1.13313,2.19858,0.00161,0.00871,0.01046,0,0.00709,0.00121,2.22125,0.5819,0.19346,0.26951,0.05601,2.02559,0.39621,0.06362,0.14385,0.52106,1.99744,0.23203,0.23797,0.00335,2.97379,0.07576,1.13313,0.39621,0.23203,0.23797,2.19858,2.37398,2.22125,2.93194,2.97379,0.26124,0.88647
2026-01-12 16:00:00,1.77522,0,0.09236,0.08044,0.041,0.009,0.015,0.02,0.08244,0.1863,0.43908,1.46061,0.00752,1.12613,2.19408,0.00161,0.00869,0.01045,0,0.00726,0.00121,2.21625,0.57742,0.19329,0.32977,0.05801,2.02132,0.39354,0.06468,0.14191,0.52406,1.99182,0.23203,0.23654,0.00335,2.96517,0.07552,1.12613,0.39354,0.23203,0.23654,2.19408,2.36871,2.21625,2.92725,2.96517,0.26116,0.88645
2026-01-12 17:00:00,1.77449,0,0.09204,0.08007,0.029,0.009,0.015,0.02,0.08244,0.18362,0.43537,1.44916,0.00752,1.13313,2.18507,0.00173,0.00867,0.01044,0,0.00743,0.00112,2.21125,0.57374,0.19311,0.32983,0.05401,2.01705,0.39354,0.06361,0.13998,0.52406,1.98625,0.22803,0.23654,0.00308,2.95656,0.07527,1.13313,0.39354,0.22803,0.23654,2.18507,2.36346,2.21125,2.92252,2.95656,0.26111,0.88643
2026-01-12 18:00:00,1.77375,0,0.09171,0.07971,0.041,0.009,0.015,0.02,0.08244,0.1863,0.43168,1.43441,0.00752,1.13013,2.18057,0.00173,0.00866,0.01042,0,0.0076,0.00121,2.20625,0.57063,0.19294,0.32988,0.05701,2.01278,0.39354,0.06324,0.13804,0.52406,1.98067,0.22803,0.23654,0.00335,2.94796,0.07503,1.13013,0.39354,0.22803,0.23654,2.18057,2.35821,2.20625,2.9178,2.94796,0.26106,0.8864
2026-01-12 19:00:00,1.77306,0,0.09137,0.07937,0.041,0.009,0.015,0.02,0.08079,0.19173,0.42434,1.43758,0.00726,1.12613,2.18057,0.00173,0.00865,0.01041,0,0.00777,0.00112,2.20125,0.56791,0.19241,0.32956,0.05201,2.01055,0.39621,0.06299,0.13801,0.51706,1.97804,0.22803,0.23654,0.00335,2.94796,0.07479,1.12613,0.39621,0.22803,0.23654,2.18057,2.35296,2.20125,2.91297,2.94796,0.26106,0.88637
2026-01-12 20:00:00,1.77237,0,0.09102,0.07899,0.04075,0.00891,0.01232,0.0199,0.08018,0.19083,0.43537,1.4433,0.00734,1.12613,2.17325,0.00167,0.00863,0.01039,0,0.00793,0.00112,2.20125,0.56546,0.19188,0.32923,0.05701,2.00832,0.39354,0.06274,0.13697,0.51006,1.97542,0.22791,0.23642,0.00334,2.94457,0.07456,1.12613,0.39354,0.22791,0.23642,2.17325,2.34732,2.20125,2.90805,2.94457,0.2611,0.88633
2026-01-12 21:00:00,1.77168,0,0.09067,0.07856,0.04048,0.00883,0.01229,0.01979,0.07953,0.19053,0.43411,1.44659,0.00743,1.12581,2.16582,0.00162,0.00862,0.01037,0,0.00811,0.00107,2.19651,0.56323,0.19135,0.32891,0.05655,2.00609,0.39306,0.06249,0.13671,0.50975,1.97287,0.22779,0.23621,0.00333,2.94114,0.07432,1.12581,0.39306,0.22779,0.23621,2.16582,2.34166,2.19651,2.90313,2.94114,0.26118,0.8863
2026-01-12 22:00:00,1.77099,0,0.09035,0.07816,0.04021,0.00876,0.01226,0.01969,0.07896,0.1902,0.4345,1.44793,0.00751,1.12551,2.15845,0.00157,0.00861,0.01036,0,0.00828,0.00103,2.19176,0.56202,0.19081,0.32858,0.05615,2.00386,0.39299,0.06225,0.13646,0.51013,1.97044,0.22766,0.236,0.00332,2.93767,0.07408,1.12551,0.39299,0.22766,0.236,2.15845,2.33613,2.19176,2.8983,2.93767,0.26139,0.88625
2026-01-12 23:00:00,1.7703,0,0.09004,0.0778,0.03994,0.0087,0.01224,0.01958,0.07857,0.18982,0.43571,1.45476,0.00758,1.12522,2.15118,0.00152,0.00859,0.01035,0,0.00844,0.00101,2.18694,0.56237,0.19028,0.32826,0.0558,2.00163,0.39282,0.06199,0.13615,0.50997,1.96806,0.22754,0.23581,0.0033,2.93419,0.07385,1.12522,0.39282,0.22754,0.23581,2.15118,2.33068,2.18694,2.89347,2.93419,0.26166,0.8862
2026-01-13 00:00:00,1.76961,0,0.08974,0.07745,0.03969,0.00863,0.0122,0.01949,0.07828,0.19008,0.43696,1.46513,0.00766,1.12496,2.14399,0.00146,0.00858,0.01034,0,0.00861,0.00097,2.18205,0.5638,0.18975,0.32793,0.05549,1.9994,0.39232,0.06175,0.13586,0.50947,1.96563,0.22742,0.23563,0.00329,2.93073,0.07361,1.12496,0.39232,0.22742,0.23563,2.14399,2.32509,2.18205,2.88853,2.93073,0.26187,0.88614
2026-01-13 01:00:00,1.77382,0,0.08942,0.07712,0.03943,0.00856,0.01217,0.01938,0.07805,0.18969,0.43724,1.46396,0.00775,1.1247,2.13692,0.00141,0.00856,0.01032,0,0.00879,0.00092,2.17714,0.56597,0.18979,0.3278,0.05522,2.00124,0.39165,0.06151,0.13688,0.51012,1.96752,0.2273,0.23545,0.00328,2.92727,0.07338,1.1247,0.39165,0.2273,0.23545,2.13692,2.3193,2.17714,2.88358,2.92727,0.26201,0.88607
2026-01-13 02:00:00,1.77805,0,0.08908,0.07677,0.03919,0.00854,0.01213,0.01928,0.0778,0.18999,0.43806,1.46308,0.00783,1.12446,2.12995,0.00136,0.00855,0.01031,0,0.00896,0.00087,2.17223,0.56866,0.18983,0.32768,0.05498,2.00308,0.39119,0.06128,0.1379,0.51111,1.96931,0.22718,0.23531,0.00327,2.92378,0.07315,1.12446,0.39119,0.22718,0.23531,2.12995,2.31329,2.17223,2.87863,2.92378,0.26205,0.88599
2026-01-13 03:00:00,1.78226,0,0.08875,0.07637,0.03893,0.00852,0.0121,0.01916,0.07741,0.18967,0.43834,1.46259,0.0079,1.12402,2.12304,0.00132,0.00854,0.01029,0,0.00913,0.00082,2.16728,0.5717,0.18987,0.32755,0.05477,2.00493,0.39084,0.06105,0.13893,0.5117,1.9711,0.22706,0.23516,0.00327,2.9203,0.07292,1.12402,0.39084,0.22706,0.23516,2.12304,2.30709,2.16728,2.87365,2.9203,0.26208,0.88588
2026-01-13 04:00:00,1.78648,0,0.08845,0.07599,0.03866,0.00852,0.01207,0.01906,0.07683,0.18969,0.43902,1.46181,0.00799,1.12361,2.11622,0.00127,0.00852,0.0103,0,0.00929,0.00078,2.16224,0.57469,0.18992,0.32742,0.05445,2.00677,0.39047,0.06081,0.13993,0.51164,1.9728,0.22693,0.23502,0.00326,2.91681,0.07268,1.12361,0.39047,0.22693,0.23502,2.11622,2.30073,2.16224,2.86864,2.91681,0.26203,0.88575
2026-01-13 05:00:00,1.79071,0,0.08816,0.07565,0.03841,0.00851,0.01205,0.01895,0.07619,0.18973,0.4398,1.46081,0.00806,1.12343,2.10947,0.00122,0.0085,0.01038,0,0.00947,0.00076,2.15707,0.5774,0.18996,0.3273,0.05407,2.00861,0.39006,0.06058,0.14093,0.51141,1.97445,0.22682,0.23491,0.00323,2.9133,0.07245,1.12343,0.39006,0.22682,0.23491,2.10947,2.29425,2.15707,2.86358,2.9133,0.26193,0.88559
2026-01-13 06:00:00,1.79492,0,0.08788,0.07531,0.03815,0.00851,0.01202,0.01885,0.0756,0.18979,0.44063,1.45975,0.00813,1.12326,2.10278,0.00117,0.00849,0.01037,0,0.00964,0.00072,2.15177,0.5799,0.19,0.32717,0.05373,2.01045,0.38949,0.06034,0.14197,0.5117,1.97613,0.2267,0.2347,0.00321,2.90978,0.07222,1.12326,0.38949,0.2267,0.2347,2.10278,2.28765,2.15177,2.8585,2.90978,0.26186,0.88537
2026-01-13 07:00:00,1.8133,0,0.08757,0.07497,0.03792,0.0085,0.01199,0.01874,0.07511,0.18986,0.44135,1.45196,0.00821,1.1231,2.09621,0.00113,0.00847,0.01034,0,0.00981,0.00067,2.14633,0.58227,0.19012,0.32729,0.05343,2.01034,0.38877,0.06026,0.14076,0.51185,1.97317,0.22657,0.23437,0.00319,2.90624,0.07199,1.1231,0.38877,0.22657,0.23437,2.09621,2.28098,2.14633,2.85339,2.90624,0.26174,0.88506
2026-01-13 08:00:00,1.83167,0,0.08724,0.07461,0.03769,0.00847,0.01196,0.01865,0.07469,0.18965,0.44164,1.44435,0.00829,1.12294,2.08972,0.00109,0.00846,0.01027,0,0.00999,0.00062,2.14075,0.58453,0.19023,0.32741,0.05316,2.01023,0.38815,0.06018,0.13961,0.51191,1.97019,0.22646,0.23404,0.00318,2.90269,0.07176,1.12294,0.38815,0.22646,0.23404,2.08972,2.27423,2.14075,2.84825,2.90269,0.26158,0.8846
2026-01-13 09:00:00,1.85005,0,0.08692,0.07418,0.03744,0.00846,0.01194,0.01854,0.07433,0.18935,0.44179,1.43684,0.00837,1.12278,2.08332,0.00105,0.00845,0.01021,0,0.01017,0.00057,2.13503,0.58666,0.19035,0.32753,0.05294,2.01013,0.38778,0.0601,0.13847,0.5118,1.96707,0.22634,0.23373,0.00317,2.89912,0.07154,1.12278,0.38778,0.22634,0.23373,2.08332,2.26744,2.13503,2.84306,2.89912,0.26129,0.88382
2026-01-13 10:00:00,1.86842,0,0.08662,0.07379,0.0372,0.00845,0.01191,0.01844,0.07402,0.18892,0.44168,1.42933,0.00845,1.12264,2.07702,0.001,0.00843,0.01014,0,0.01034,0.00054,2.1292,0.58743,0.19047,0.32764,0.05261,2.01002,0.3875,0.06001,0.13731,0.51128,1.96356,0.22622,0.23343,0.00316,2.89553,0.07131,1.12264,0.3875,0.22622,0.23343,2.07702,2.26062,2.1292,2.83782,2.89553,0.26062,0.88228
2026-01-13 11:00:00,1.8868,0,0.08635,0.07343,0.03695,0.00845,0.01189,0.01833,0.07373,0.18854,0.44156,1.4216,0.00853,1.12248,2.07081,0.00096,0.00842,0.01008,0,0.01052,0.00051,2.12328,0.5861,0.19057,0.32776,0.05221,2.00991,0.38709,0.05993,0.13625,0.51054,1.95987,0.2261,0.23315,0.00314,2.8919,0.07108,1.12248,0.38709,0.2261,0.23315,2.07081,2.25377,2.12328,2.83253,2.8919,0.25975,0.87764
2026-01-13 12:00:00,1.90517,0,0.08607,0.07308,0.03673,0.00844,0.01186,0.01823,0.07344,0.18824,0.44138,1.41359,0.00861,1.12235,2.06468,0.00092,0.0084,0.01,0,0.01069,0.00047,2.11727,0.5833,0.19069,0.32788,0.05188,2.0098,0.3865,0.05985,0.13514,0.50998,1.95636,0.22599,0.23288,0.00313,2.88825,0.07085,1.12235,0.3865,0.22599,0.23288,2.06468,2.24693,2.11727,2.82718,2.88825,0.25908,0.87676
2026-01-13 13:00:00,1.90551,0,0.08577,0.07276,0.0365,0.00843,0.01182,0.01812,0.07317,0.18783,0.44097,1.40954,0.00869,1.1222,2.05865,0.00088,0.00839,0.00994,0,0.01087,0.00042,2.11119,0.57951,0.19018,0.32765,0.05146,2.00442,0.38651,0.05987,0.13402,0.50953,1.95106,0.22587,0.23262,0.00312,2.88455,0.07063,1.1222,0.38651,0.22587,0.23262,2.05865,2.24009,2.11119,2.82177,2.88455,0.25853,0.87875
2026-01-13 14:00:00,1.90585,0,0.08546,0.07241,0.03628,0.0084,0.01179,0.01802,0.07291,0.18731,0.44027,1.38994,0.00877,1.12207,2.0527,0.00084,0.00837,0.00988,0,0.01104,0.00037,2.10505,0.57501,0.18966,0.32743,0.05098,1.99905,0.38649,0.0599,0.13291,0.50926,1.94594,0.22576,0.23237,0.00311,2.88081,0.0704,1.12207,0.38649,0.22576,0.23237,2.0527,2.23327,2.10505,2.81633,2.88081,0.25816,0.87291
2026-01-13 15:00:00,1.90618,0,0.08516,0.07201,0.03605,0.00838,0.01176,0.01791,0.07266,0.1868,0.43951,1.39805,0.00886,1.12193,2.04683,0.0008,0.00836,0.00982,0,0.01122,0.00033,2.09888,0.57006,0.18915,0.3272,0.05057,1.99367,0.38575,0.05992,0.13185,0.50881,1.94064,0.22563,0.23213,0.0031,2.87701,0.07018,1.12193,0.38575,0.22563,0.23213,2.04683,2.22647,2.09888,2.81083,2.87701,0.25761,0.87096
2026-01-13 16:00:00,1.90651,0,0.08488,0.07164,0.03581,0.00837,0.01174,0.01781,0.07242,0.18647,0.43889,1.39819,0.00894,1.1218,2.04105,0.00075,0.00835,0.00975,0,0.01139,0.00029,2.09268,0.56546,0.18864,0.32697,0.05011,1.98829,0.38495,0.05995,0.13083,0.50789,1.93488,0.22552,0.23191,0.00309,2.87318,0.06996,1.1218,0.38495,0.22552,0.23191,2.04105,2.2197,2.09268,2.80528,2.87318,0.25661,0.86999
2026-01-13 17:00:00,1.90684,0,0.08462,0.07129,0.03558,0.00836,0.01171,0.0177,0.07218,0.18546,0.43756,1.39523,0.00902,1.12167,2.03534,0.00072,0.00833,0.00969,0,0.01157,0.00026,2.08646,0.56163,0.18812,0.32675,0.0496,1.98292,0.38414,0.05997,0.12981,0.50678,1.92894,0.2254,0.23169,0.00307,2.8693,0.06973,1.12167,0.38414,0.2254,0.23169,2.03534,2.21296,2.08646,2.79969,2.8693,0.25541,0.8694
2026-01-13 18:00:00,1.90718,0,0.08434,0.07096,0.03535,0.00836,0.01168,0.0176,0.07194,0.18506,0.43676,1.39103,0.00909,1.12155,2.02971,0.00068,0.00832,0.00962,0,0.01174,0.00022,2.08025,0.55832,0.18761,0.32652,0.04915,1.97754,0.38333,0.06,0.12875,0.50593,1.92324,0.22528,0.23148,0.00305,2.86537,0.06951,1.12155,0.38333,0.22528,0.23148,2.02971,2.20628,2.08025,2.79405,2.86537,0.25447,0.86901
2026-01-13 19:00:00,1.9039,0,0.08406,0.07064,0.03513,0.00835,0.01165,0.01749,0.07169,0.18463,0.43598,1.39183,0.00918,1.12143,2.02416,0.00064,0.00831,0.00957,0,0.01169,0.00017,2.07405,0.55537,0.18718,0.32603,0.04865,1.97461,0.3825,0.05969,0.12866,0.50537,1.91857,0.22518,0.23127,0.00303,2.86138,0.06929,1.12143,0.3825,0.22518,0.23127,2.02416,2.19963,2.07405,2.78834,2.86138,0.25382,0.86873
2026-01-13 20:00:00,1.90063,0,0.08376,0.0703,0.03492,0.00832,0.01162,0.01739,0.07146,0.18357,0.43453,1.39817,0.00926,1.12132,2.01869,0.0006,0.00829,0.00952,0,0.01163,0.00012,2.06785,0.55267,0.18675,0.32554,0.04811,1.97168,0.38167,0.05937,0.12848,0.50514,1.91423,0.22506,0.23108,0.00302,2.85736,0.06907,1.12132,0.38167,0.22506,0.23108,2.01869,2.19303,2.06785,2.78254,2.85736,0.25351,0.86852
2026-01-13 21:00:00,1.89735,0,0.08347,0.0699,0.03468,0.00831,0.0116,0.01729,0.07123,0.18309,0.43372,1.41643,0.00934,1.12121,2.01329,0.00056,0.00828,0.00946,0,0.01158,0.00009,2.06168,0.55018,0.18633,0.32504,0.04763,1.96876,0.38082,0.05907,0.12822,0.50487,1.90987,0.22495,0.23089,0.00301,2.85328,0.06886,1.12121,0.38082,0.22495,0.23089,2.01329,2.1865,2.06168,2.77667,2.85328,0.25316,0.86836
2026-01-13 22:00:00,1.89408,0,0.08318,0.06953,0.03445,0.0083,0.01158,0.01719,0.071,0.18261,0.43295,1.4262,0.00943,1.12112,2.00797,0.00053,0.00827,0.0094,0,0.01153,0.00004,2.05554,0.54905,0.1859,0.32455,0.04719,1.96583,0.37998,0.05876,0.12796,0.50454,1.90543,0.22484,0.23069,0.003,2.84914,0.06864,1.12112,0.37998,0.22484,0.23069,2.00797,2.18002,2.05554,2.77073,2.84914,0.25275,0.86823
2026-01-13 23:00:00,1.89081,0,0.08293,0.06918,0.03421,0.0083,0.01155,0.01708,0.07077,0.18211,0.43218,1.43574,0.00951,1.12102,2.00273,0.00049,0.00825,0.00934,0,0.01147,0.00001,2.04943,0.55004,0.18547,0.32406,0.04681,1.9629,0.37913,0.05845,0.12764,0.50424,1.90102,0.22473,0.23053,0.00299,2.84494,0.06842,1.12102,0.37913,0.22473,0.23053,2.00273,2.17361,2.04943,2.76471,2.84494,0.25237,0.86813
2026-01-14 00:00:00,1.88753,0,0.08267,0.06885,0.03399,0.00829,0.01153,0.01699,0.07053,0.18221,0.43202,1.44523,0.00958,1.12094,1.99755,0.00045,0.00824,0.00929,0,0.01142,0,2.04338,0.5525,0.18503,0.32357,0.04646,1.95997,0.37829,0.05814,0.1273,0.504,1.89668,0.22461,0.23035,0.00297,2.84067,0.0682,1.12094,0.37829,0.22461,0.23035,1.99755,2.16725,2.04338,2.75863,2.84067,0.25205,0.86804
2026-01-14 01:00:00,1.88905,0,0.0824,0.06853,0.03377,0.00828,0.0115,0.01688,0.07029,0.18174,0.43141,1.44329,0.00966,1.12085,1.99246,0.00042,0.00823,0.00924,0,0.01137,0,2.03737,0.55598,0.18562,0.32358,0.04613,1.96413,0.37748,0.05802,0.12929,0.5039,1.89801,0.22451,0.23019,0.00296,2.83635,0.06799,1.12085,0.37748,0.22451,0.23019,1.99246,2.16096,2.03737,2.7525,2.83635,0.25187,0.86796
2026-01-14 02:00:00,1.89055,0,0.08212,0.06818,0.03356,0.00826,0.01147,0.01678,0.07005,0.18195,0.43175,1.4414,0.00975,1.12078,1.98744,0.00038,0.00821,0.00919,0,0.01131,0,2.03141,0.56016,0.18621,0.32359,0.04584,1.9683,0.37667,0.05789,0.13134,0.50392,1.89947,0.22439,0.23003,0.00295,2.83196,0.06777,1.12078,0.37667,0.22439,0.23003,1.98744,2.15473,2.03141,2.74629,2.83196,0.25182,0.8679
2026-01-14 03:00:00,1.89207,0,0.08183,0.06779,0.03334,0.00824,0.01145,0.01667,0.06982,0.18162,0.43177,1.43978,0.00983,1.12071,1.98247,0.00036,0.0082,0.00913,0,0.01126,0,2.0255,0.5648,0.18681,0.3236,0.04558,1.97247,0.37588,0.05778,0.13342,0.50397,1.90096,0.22428,0.22987,0.00294,2.82752,0.06756,1.12071,0.37588,0.22428,0.22987,1.98247,2.14857,2.0255,2.74004,2.82752,0.25179,0.86784
2026-01-14 04:00:00,1.89358,0,0.08157,0.06742,0.03311,0.00823,0.01143,0.01658,0.06959,0.18164,0.43237,1.43828,0.0099,1.12065,1.97759,0.00033,0.00819,0.00907,0,0.01121,0,2.01966,0.56921,0.1874,0.32361,0.04533,1.97663,0.37513,0.05765,0.13551,0.50411,1.90253,0.22417,0.22972,0.00294,2.82301,0.06735,1.12065,0.37513,0.22417,0.22972,1.97759,2.14247,2.01966,2.73374,2.82301,0.25186,0.86779
2026-01-14 05:00:00,1.89509,0,0.08132,0.06708,0.03289,0.00823,0.01141,0.01647,0.06936,0.18171,0.43313,1.43699,0.00998,1.12059,1.97278,0.00029,0.00817,0.00903,0,0.01115,0,2.01387,0.57296,0.18799,0.32362,0.04509,1.9808,0.37439,0.05752,0.13761,0.50431,1.90417,0.22405,0.22957,0.00293,2.81846,0.06713,1.12059,0.37439,0.22405,0.22957,1.97278,2.13645,2.01387,2.72738,2.81846,0.25198,0.86775
2026-01-14 06:00:00,1.89661,0,0.08108,0.06675,0.03267,0.00823,0.01139,0.01637,0.06911,0.18181,0.43406,1.436,0.01007,1.12054,1.96802,0.00026,0.00816,0.00898,0,0.0111,0,2.00814,0.57624,0.18858,0.32363,0.04488,1.98496,0.37367,0.0574,0.13974,0.50447,1.90575,0.22395,0.22943,0.00291,2.81386,0.06692,1.12054,0.37367,0.22395,0.22943,1.96802,2.1305,2.00814,2.72099,2.81386,0.25206,0.86771
2026-01-14 07:00:00,1.90939,0,0.08083,0.06643,0.03247,0.00821,0.01136,0.01627,0.06887,0.18196,0.43497,1.42892,0.01015,1.12048,1.96335,0.00023,0.00815,0.00892,0,0.01105,0,2.00247,0.57919,0.18931,0.32405,0.04467,1.98651,0.37298,0.05752,0.13919,0.50462,1.90327,0.22383,0.22929,0.0029,2.80921,0.06671,1.12048,0.37298,0.22383,0.22929,1.96335,2.12461,2.00247,2.71458,2.80921,0.25212,0.86768
2026-01-14 08:00:00,1.92217,0,0.08055,0.06609,0.03227,0.00819,0.01133,0.01617,0.06863,0.18187,0.43546,1.42216,0.01013,1.12044,1.95874,0.00021,0.00813,0.00887,0,0.011,0,1.99688,0.58193,0.19005,0.32447,0.04447,1.98806,0.3723,0.05765,0.13871,0.50468,1.90074,0.22373,0.22916,0.00289,2.80452,0.0665,1.12044,0.3723,0.22373,0.22916,1.95874,2.11879,1.99688,2.70811,2.80452,0.25211,0.86765
2026-01-14 09:00:00,1.93495,0,0.08029,0.06569,0.03205,0.00817,0.01131,0.01605,0.06839,0.18181,0.43584,1.41561,0.01011,1.12039,1.95418,0.00017,0.00812,0.00882,0,0.01095,0,1.99134,0.58444,0.19078,0.3249,0.04428,1.98962,0.37164,0.05777,0.13831,0.50472,1.89817,0.22362,0.22902,0.00289,2.79978,0.0663,1.12039,0.37164,0.22362,0.22902,1.95418,2.11304,1.99134,2.70164,2.79978,0.25207,0.86762
2026-01-14 10:00:00,1.94774,0,0.08005,0.06532,0.03183,0.00817,0.01129,0.01595,0.06817,0.18161,0.43602,1.40914,0.01009,1.12035,1.9497,0.00014,0.0081,0.00877,0,0.01089,0,1.98587,0.58573,0.19151,0.32532,0.04411,1.99117,0.37099,0.05789,0.1379,0.50464,1.89546,0.22351,0.22889,0.00288,2.79502,0.06609,1.12035,0.37099,0.22351,0.22889,1.9497,2.10736,1.98587,2.69515,2.79502,0.25191,0.8676
2026-01-14 11:00:00,1.96051,0,0.07982,0.06498,0.03161,0.00816,0.01127,0.01584,0.06794,0.18153,0.43622,1.40253,0.01007,1.12032,1.94528,0.00011,0.00809,0.00872,0,0.01084,0,1.98047,0.58516,0.19225,0.32574,0.04393,1.99272,0.37037,0.05801,0.13754,0.50449,1.89272,0.2234,0.22878,0.00286,2.79023,0.06588,1.12032,0.37037,0.2234,0.22878,1.94528,2.10174,1.98047,2.68863,2.79023,0.25169,0.86757
2026-01-14 12:00:00,1.9733,0,0.0796,0.06464,0.03142,0.00816,0.01124,0.01574,0.06771,0.1815,0.43641,1.40049,0.01005,1.12029,1.94091,0.00008,0.00807,0.00867,0,0.01079,0,1.97515,0.58333,0.19298,0.32616,0.04376,1.99427,0.36976,0.05813,0.13717,0.5044,1.89001,0.25664,0.22865,0.00283,2.78541,0.06567,1.12029,0.36976,0.25664,0.22865,1.94091,2.0962,1.97515,2.68211,2.78541,0.25152,0.86545
2026-01-14 13:00:00,1.97076,0,0.07934,0.06431,0.03122,0.00815,0.01121,0.01564,0.06748,0.18143,0.43644,1.39681,0.01003,1.12027,1.93661,0.00006,0.00806,0.00862,0,0.01074,0,1.96989,0.58061,0.1929,0.3263,0.04361,1.99055,0.36917,0.05804,0.13665,0.50426,1.886,0.30098,0.22852,0.00281,2.78056,0.06546,1.12027,0.36917,0.30098,0.22852,1.93661,2.09072,1.96989,2.67557,2.78056,0.25131,0.85988
2026-01-14 14:00:00,1.96824,0,0.07908,0.06394,0.03102,0.00812,0.01119,0.01554,0.06725,0.18127,0.43623,1.39394,0.01001,1.12024,1.93237,0.00003,0.00804,0.00857,0,0.01069,0,1.96469,0.57727,0.19283,0.32643,0.04345,1.98684,0.36858,0.05793,0.13608,0.5041,1.88194,0.31569,0.22841,0.0028,2.7757,0.06526,1.12024,0.36858,0.31569,0.22841,1.93237,2.08532,1.96469,2.66903,2.7757,0.25107,0.85742
2026-01-14 15:00:00,1.96572,0,0.07883,0.06351,0.03083,0.00811,0.01116,0.01543,0.06702,0.1811,0.43599,1.39138,0.00999,1.12022,1.92819,0.00001,0.00803,0.00854,0,0.01065,0,1.95956,0.57353,0.19276,0.32657,0.04329,1.98312,0.368,0.05784,0.13549,0.50376,1.87773,0.32051,0.2283,0.00279,2.77083,0.06505,1.12022,0.368,0.32051,0.2283,1.92819,2.07997,1.95956,2.6625,2.77083,0.25065,0.8566
2026-01-14 16:00:00,1.96318,0,0.0786,0.06312,0.03061,0.0081,0.01114,0.01533,0.0668,0.18109,0.43592,1.38887,0.00997,1.1202,1.92406,0,0.00802,0.00849,0,0.0106,0,1.95451,0.57011,0.19269,0.3267,0.04314,1.9794,0.36744,0.05774,0.13487,0.50287,1.87297,0.32205,0.22817,0.00278,2.76595,0.06484,1.1202,0.36744,0.32205,0.22817,1.92406,2.0747,1.95451,2.65597,2.76595,0.24969,0.85618
2026-01-14 17:00:00,1.96065,0,0.07837,0.06277,0.03042,0.0081,0.01112,0.01522,0.06658,0.18045,0.43512,1.38623,0.00995,1.12019,1.92,0,0.008,0.00844,0,0.01055,0,1.94952,0.56749,0.19262,0.32684,0.043,1.97569,0.36688,0.05764,0.1342,0.50174,1.86794,0.3225,0.22807,0.00277,2.76106,0.06464,1.12019,0.36688,0.3225,0.22807,1.92,2.06949,1.94952,2.64944,2.76106,0.24848,0.85594
2026-01-14 18:00:00,1.95812,0,0.07815,0.06243,0.03022,0.00809,0.01109,0.01513,0.06635,0.18041,0.43492,1.38347,0.00993,1.12018,1.91598,0,0.00799,0.0084,0,0.0105,0,1.9446,0.56542,0.19255,0.32697,0.04285,1.97197,0.36632,0.05754,0.13357,0.50088,1.8632,0.32257,0.22796,0.00275,2.75617,0.06443,1.12018,0.36632,0.32257,0.22796,1.91598,2.06436,1.9446,2.64292,2.75617,0.24754,0.85577
2026-01-14 19:00:00,1.95378,0,0.07792,0.0621,0.03004,0.00808,0.01106,0.01502,0.06611,0.18034,0.43477,1.38423,0.00991,1.12017,1.91202,0,0.00798,0.00835,0,0.01045,0,1.93974,0.56372,0.19255,0.32698,0.04271,1.97131,0.36578,0.05732,0.13411,0.50031,1.86072,0.32253,0.22786,0.00274,2.75129,0.06423,1.12017,0.36578,0.32253,0.22786,1.91202,2.0593,1.93974,2.63641,2.75129,0.24689,0.85566
2026-01-14 20:00:00,1.94944,0,0.07768,0.06175,0.02984,0.00806,0.01103,0.01493,0.06588,0.17961,0.434,1.38863,0.00989,1.12016,1.90812,0,0.00796,0.00832,0,0.0104,0,1.93496,0.56229,0.19255,0.327,0.04258,1.97065,0.36524,0.0571,0.13463,0.50012,1.85861,0.32244,0.22775,0.00273,2.74495,0.06403,1.12016,0.36524,0.32244,0.22775,1.90812,2.0543,1.93496,2.62991,2.74495,0.24661,0.85557
2026-01-14 21:00:00,1.9451,0,0.07744,0.06135,0.02965,0.00804,0.011,0.01483,0.06566,0.17947,0.4339,1.39434,0.00986,1.12015,1.90425,0,0.00795,0.00826,0,0.01036,0,1.93025,0.56107,0.19256,0.32701,0.04244,1.97,0.36472,0.05687,0.13509,0.49991,1.8565,0.32235,0.22764,0.00273,2.73861,0.06383,1.12015,0.36472,0.32235,0.22764,1.90425,2.04936,1.93025,2.62345,2.73861,0.24633,0.8555
2026-01-14 22:00:00,1.94075,0,0.07721,0.06098,0.02945,0.00804,0.01097,0.01472,0.06544,0.1793,0.43386,1.4008,0.00984,1.12014,1.90045,0,0.00794,0.00822,0,0.01031,0,1.9256,0.56082,0.19256,0.32703,0.0423,1.96934,0.36419,0.05665,0.13556,0.4998,1.85448,0.32224,0.22755,0.00272,2.73228,0.06363,1.12014,0.36419,0.32224,0.22755,1.90045,2.04449,1.9256,2.61699,2.73228,0.24614,0.85545
2026-01-14 23:00:00,1.93642,0,0.077,0.06064,0.02925,0.00803,0.01095,0.01463,0.06521,0.17915,0.43385,1.41421,0.00982,1.12014,1.8967,0,0.00792,0.00817,0,0.01026,0,1.92102,0.56203,0.19256,0.32704,0.04216,1.96868,0.36367,0.05643,0.13602,0.49976,1.85254,0.32214,0.22744,0.0027,2.72597,0.06343,1.12014,0.36367,0.32214,0.22744,1.8967,2.03969,1.92102,2.61056,2.72597,0.24603,0.8554
2026-01-15 00:00:00,1.93208,0,0.0768,0.06031,0.02907,0.00803,0.01093,0.01452,0.06497,0.17961,0.43444,1.42078,0.0098,1.12014,1.89299,0,0.00791,0.00813,0,0.01021,0,1.91651,0.56425,0.19256,0.32706,0.04204,1.96802,0.36316,0.05621,0.13649,0.49974,1.85061,0.32203,0.22734,0.00268,2.71967,0.06323,1.12014,0.36316,0.32203,0.22734,1.89299,2.03495,1.91651,2.60415,2.71967,0.24593,0.85536
2026-01-15 01:00:00,1.93465,0,0.07657,0.06,0.02888,0.00802,0.0109,0.01443,0.06473,0.17946,0.43453,1.4163,0.00978,1.12014,1.88933,0,0.0079,0.00809,0,0.01016,0,1.91207,0.56717,0.19329,0.32781,0.04191,1.97243,0.36264,0.05618,0.13822,0.49987,1.85247,0.32194,0.22806,0.00265,2.7134,0.06303,1.12014,0.36264,0.32194,0.22806,1.88933,2.03027,1.91207,2.59776,2.7134,0.24598,0.85533
2026-01-15 02:00:00,1.93722,0,0.07634,0.05967,0.0287,0.00799,0.01088,0.01432,0.0645,0.18001,0.43559,1.41191,0.00976,1.12014,1.88572,0,0.00788,0.00805,0,0.01012,0,1.90769,0.57057,0.19401,0.32856,0.04177,1.97684,0.36214,0.05615,0.13998,0.5001,1.85443,0.32183,0.23082,0.00264,2.70713,0.06283,1.12014,0.36214,0.32183,0.23082,1.88572,2.02564,1.90769,2.59141,2.70713,0.24613,0.85531
2026-01-15 03:00:00,1.93979,0,0.0761,0.0593,0.02852,0.00798,0.01086,0.01422,0.06428,0.17997,0.43624,1.40779,0.00974,1.12014,1.88215,0,0.00787,0.00802,0,0.01007,0,1.90337,0.57428,0.19474,0.32931,0.04165,1.98126,0.36163,0.05612,0.14183,0.50051,1.85659,0.32172,0.23542,0.00263,2.70089,0.06264,1.12014,0.36163,0.32172,0.23542,1.88215,2.02108,1.90337,2.58507,2.70089,0.24646,0.85528
2026-01-15 04:00:00,1.94237,0,0.07589,0.05895,0.02832,0.00797,0.01084,0.01412,0.06406,0.18032,0.43748,1.40377,0.00972,1.12014,1.87864,0,0.00786,0.00799,0,0.01002,0,1.89912,0.57774,0.19546,0.33006,0.04152,1.98567,0.36113,0.05609,0.14369,0.50141,1.85922,0.32163,0.24072,0.00262,2.69468,0.06244,1.12014,0.36113,0.32163,0.24072,1.87864,2.01656,1.89912,2.57877,2.69468,0.24729,0.85526
2026-01-15 05:00:00,1.94493,0,0.07569,0.05864,0.02813,0.00797,0.01083,0.01402,0.06383,0.18068,0.43892,1.40235,0.0097,1.12015,1.87516,0,0.00784,0.00798,0,0.00998,0,1.89494,0.58062,0.19619,0.33081,0.04139,1.99008,0.36063,0.05606,0.14555,0.50257,1.86212,0.32152,0.24602,0.00261,2.68849,0.06224,1.12015,0.36063,0.32152,0.24602,1.87516,2.01211,1.89494,2.5725,2.68849,0.24837,0.85524
2026-01-15 06:00:00,1.94751,0,0.07549,0.05832,0.02795,0.00796,0.0108,0.01391,0.0636,0.18107,0.44044,1.40003,0.00968,1.12014,1.87172,0,0.00783,0.00797,0,0.00993,0,1.89081,0.58308,0.19692,0.33156,0.04127,1.99449,0.36012,0.05602,0.14743,0.50348,1.86475,0.32142,0.25109,0.0026,2.68236,0.06204,1.12014,0.36012,0.32142,0.25109,1.87172,2.00771,1.89081,2.56627,2.68236,0.2492,0.85523
2026-01-15 07:00:00,1.9636,0,0.07528,0.058,0.02778,0.00795,0.01078,0.01382,0.06336,0.18151,0.44202,1.39538,0.00966,1.12014,1.86833,0,0.00782,0.00795,0,0.00989,0,1.88674,0.58526,0.19746,0.33298,0.04115,1.99727,0.35963,0.0561,0.14655,0.50407,1.86284,0.32132,0.25586,0.00258,2.67634,0.06185,1.12014,0.35963,0.32132,0.25586,1.86833,2.00338,1.88674,2.56006,2.67634,0.24971,0.85521
2026-01-15 08:00:00,1.97967,0,0.07505,0.05766,0.02759,0.00792,0.01075,0.01371,0.06313,0.18162,0.44318,1.38897,0.00964,1.12013,1.86499,0,0.0078,0.00794,0,0.00984,0,1.88273,0.58724,0.198,0.3344,0.04102,2.00004,0.35913,0.05617,0.14575,0.50426,1.86054,0.32122,0.26034,0.00257,2.6705,0.06166,1.12013,0.35913,0.32122,0.26034,1.86499,1.99908,1.88273,2.5539,2.6705,0.24982,0.8552
2026-01-15 09:00:00,1.99576,0,0.07483,0.05726,0.02741,0.0079,0.01073,0.0136,0.06291,0.1817,0.44428,1.38195,0.00962,1.12012,1.86167,0,0.00779,0.00793,0,0.0098,0,1.87879,0.58905,0.19855,0.33582,0.0409,2.00282,0.35864,0.05625,0.14494,0.50432,1.85811,0.32111,0.26453,0.00257,2.66475,0.06147,1.12012,0.35864,0.32111,0.26453,1.86167,1.99485,1.87879,2.54777,2.66475,0.24981,0.85519
2026-01-15 10:00:00,2.01184,0,0.07463,0.0569,0.02723,0.00789,0.01071,0.01349,0.0627,0.18159,0.44518,1.37474,0.0096,1.1201,1.8584,0,0.00778,0.00791,0,0.00975,0,1.87489,0.59013,0.19909,0.33724,0.04077,2.00559,0.35815,0.05632,0.14415,0.5039,1.85518,0.32102,0.26843,0.00256,2.659,0.06127,1.1201,0.35815,0.32102,0.26843,1.8584,1.99065,1.87489,2.54167,2.659,0.2493,0.85518
2026-01-15 11:00:00,2.02792,0,0.07444,0.05656,0.02704,0.00788,0.01069,0.01339,0.06248,0.18156,0.44612,1.36731,0.00958,1.12009,1.85517,0,0.00776,0.0079,0,0.00971,0,1.87105,0.59012,0.19963,0.33866,0.04066,2.00837,0.35765,0.0564,0.14339,0.50318,1.85198,0.32091,0.2721,0.00255,2.65371,0.06108,1.12009,0.35765,0.32091,0.2721,1.85517,1.98651,1.87105,2.53562,2.65371,0.24851,0.85517
2026-01-15 12:00:00,2.044,0,0.07426,0.05623,0.02687,0.00788,0.01067,0.01328,0.06225,0.1816,0.44702,1.35961,0.00956,1.12006,1.85196,0,0.00775,0.00789,0,0.00966,0,1.86726,0.58941,0.20017,0.34008,0.04054,2.01114,0.35717,0.05647,0.14263,0.50268,1.84898,0.32082,0.27551,0.00254,2.64883,0.06089,1.12006,0.35717,0.32082,0.27551,1.85196,1.98243,1.86726,2.5296,2.64883,0.24793,0.85244
2026-01-15 13:00:00,2.05101,0,0.07405,0.05591,0.02669,0.00787,0.01064,0.01319,0.06202,0.18153,0.44766,1.35292,0.00954,1.12005,1.8488,0,0.00774,0.00787,0,0.00962,0,1.86354,0.58818,0.19974,0.34096,0.04042,2.00937,0.35669,0.0563,0.14153,0.50226,1.84398,0.32071,0.2787,0.00252,2.64432,0.0607,1.12005,0.35669,0.32071,0.2787,1.8488,1.97838,1.86354,2.52362,2.64432,0.24743,0.84965
2026-01-15 14:00:00,2.05802,0,0.07383,0.05557,0.02652,0.00785,0.01061,0.01308,0.06179,0.18134,0.44796,1.34739,0.00953,1.12001,1.84568,0,0.00772,0.00786,0,0.00957,0,1.85986,0.58656,0.1993,0.34184,0.04031,2.0076,0.3562,0.05613,0.14037,0.50205,1.83918,0.32061,0.28168,0.00251,2.64013,0.06051,1.12001,0.3562,0.32061,0.28168,1.84568,1.97439,1.85986,2.5177,2.64013,0.24713,0.84964
2026-01-15 15:00:00,2.06503,0,0.07363,0.05517,0.02635,0.00784,0.01059,0.01298,0.06157,0.18115,0.44816,1.34231,0.00951,1.11999,1.84258,0,0.00771,0.00785,0,0.00953,0,1.85623,0.58472,0.19886,0.34271,0.04019,2.00583,0.35572,0.05596,0.13916,0.50172,1.83428,0.32052,0.28446,0.00251,2.63622,0.06033,1.11999,0.35572,0.32052,0.28446,1.84258,1.97043,1.85623,2.5118,2.63622,0.24672,0.84963
2026-01-15 16:00:00,2.0694,0,0.07343,0.05482,0.02616,0.00784,0.01057,0.01287,0.06136,0.18114,0.44847,1.33726,0.00949,1.11995,1.83952,0,0.0077,0.00783,0,0.00949,0,1.85265,0.58265,0.19843,0.34359,0.04007,2.00406,0.35524,0.05579,0.1379,0.50115,1.82912,0.32041,0.28706,0.00251,2.63256,0.06014,1.11995,0.35524,0.32041,0.28706,1.83952,1.96652,1.85265,2.50594,2.63256,0.24607,0.84961
2026-01-15 17:00:00,2.07378,0,0.07324,0.05447,0.02599,0.00783,0.01055,0.01277,0.06114,0.18041,0.44794,1.33202,0.00947,1.11992,1.83649,0,0.00768,0.00782,0,0.00944,0,1.84913,0.58037,0.19799,0.34447,0.03995,2.00229,0.35476,0.05562,0.13665,0.50048,1.82389,0.32032,0.28948,0.0025,2.6291,0.05995,1.11992,0.35476,0.32032,0.28948,1.83649,1.96265,1.84913,2.50014,2.6291,0.24533,0.8496
2026-01-15 18:00:00,2.07815,0,0.07306,0.05414,0.02581,0.00783,0.01053,0.01267,0.06093,0.18034,0.44803,1.32656,0.00945,1.11987,1.83349,0,0.00767,0.00781,0,0.0094,0,1.84564,0.57796,0.19756,0.34535,0.03985,2.00052,0.35428,0.05545,0.13539,0.49997,1.81879,0.32022,0.29175,0.00248,2.62581,0.05976,1.11987,0.35428,0.32022,0.29175,1.83349,1.95884,1.84564,2.49436,2.62581,0.24474,0.84958
2026-01-15 19:00:00,2.07435,0,0.07286,0.05382,0.02565,0.00782,0.0105,0.01258,0.06071,0.18023,0.44811,1.3239,0.00942,1.11984,1.83053,0,0.00766,0.00779,0,0.00936,0,1.8422,0.57545,0.19705,0.3455,0.03973,1.99839,0.3538,0.05515,0.13518,0.49963,1.81534,0.32013,0.29386,0.00246,2.62265,0.05957,1.11984,0.3538,0.32013,0.29386,1.83053,1.95505,1.8422,2.48863,2.62265,0.24433,0.84956
2026-01-15 20:00:00,2.07055,0,0.07265,0.05348,0.02548,0.00779,0.01047,0.01247,0.06049,0.1794,0.44742,1.32403,0.0094,1.11979,1.82759,0,0.00765,0.00778,0,0.00932,0,1.83881,0.57287,0.19655,0.34564,0.03962,1.99627,0.35332,0.05487,0.13498,0.49948,1.8121,0.32003,0.29584,0.00246,2.61959,0.05939,1.11979,0.35332,0.32003,0.29584,1.82759,1.95132,1.83881,2.48295,2.61959,0.2441,0.84954
2026-01-15 21:00:00,2.06675,0,0.07245,0.05308,0.02531,0.00778,0.01045,0.01237,0.06027,0.17922,0.44738,1.32516,0.00938,1.11975,1.82468,0,0.00764,0.00777,0,0.00928,0,1.83547,0.57027,0.19604,0.34579,0.03951,1.99414,0.35283,0.05458,0.13471,0.49928,1.80879,0.31993,0.29768,0.00245,2.61663,0.0592,1.11975,0.35283,0.31993,0.29768,1.82468,1.94761,1.83547,2.4773,2.61663,0.24382,0.84951
2026-01-15 22:00:00,2.06295,0,0.07225,0.05271,0.02514,0.00777,0.01043,0.01227,0.06005,0.17902,0.4474,1.32692,0.00936,1.11969,1.82181,0,0.00762,0.00775,0,0.00923,0,1.83217,0.56852,0.19553,0.34594,0.0394,1.99201,0.35236,0.05428,0.13443,0.49894,1.80534,0.31983,0.2994,0.00245,2.61372,0.05901,1.11969,0.35236,0.31983,0.2994,1.82181,1.94395,1.83217,2.4717,2.61372,0.24341,0.84948
2026-01-15 23:00:00,2.05915,0,0.07207,0.05237,0.02496,0.00777,0.01041,0.01217,0.05983,0.17881,0.44738,1.32855,0.00935,1.11964,1.81897,0,0.00761,0.00774,0,0.00919,0,1.82891,0.56817,0.19503,0.34608,0.03929,1.98989,0.35188,0.05399,0.13417,0.49857,1.80186,0.31974,0.301,0.00244,2.61086,0.05883,1.11964,0.35188,0.31974,0.301,1.81897,1.94032,1.82891,2.46615,2.61086,0.24295,0.84945
2026-01-16 00:00:00,2.05535,0,0.07189,0.05204,0.0248,0.00776,0.01038,0.01207,0.0596,0.17924,0.44802,1.33014,0.00933,1.11958,1.81614,0,0.0076,0.00773,0,0.00915,0,1.82569,0.56879,0.19452,0.34623,0.03918,1.98776,0.35142,0.0537,0.13388,0.49829,1.79847,0.31964,0.3025,0.00243,2.60803,0.05864,1.11958,0.35142,0.31964,0.3025,1.81614,1.93673,1.82569,2.46064,2.60803,0.24259,0.84941
2026-01-16 01:00:00,2.05397,0,0.0717,0.05172,0.02463,0.00775,0.01035,0.01197,0.05936,0.17901,0.44809,1.32926,0.00931,1.11952,1.81335,0,0.00759,0.00771,0,0.00911,0,1.82251,0.57006,0.19488,0.34671,0.03908,1.98999,0.35094,0.05364,0.13527,0.49814,1.79953,0.31954,0.30389,0.00242,2.60521,0.05846,1.11952,0.35094,0.31954,0.30389,1.81335,1.93318,1.82251,2.45517,2.60521,0.24236,0.84937
2026-01-16 02:00:00,2.0526,0,0.0715,0.05137,0.02448,0.00773,0.01033,0.01186,0.05913,0.17952,0.44921,1.32541,0.00929,1.11947,1.81059,0,0.00758,0.0077,0,0.00907,0,1.81938,0.57181,0.19524,0.34719,0.03897,1.99222,0.35047,0.05357,0.13668,0.49813,1.80071,0.31945,0.30519,0.0024,2.6024,0.05828,1.11947,0.35047,0.31945,0.30519,1.81059,1.92966,1.81938,2.44975,2.6024,0.24227,0.84931
2026-01-16 03:00:00,2.05123,0,0.0713,0.05098,0.02432,0.00771,0.0103,0.01177,0.05891,0.17937,0.44988,1.32073,0.00927,1.1194,1.80784,0,0.00757,0.00769,0,0.00903,0,1.81628,0.57388,0.1956,0.34767,0.03886,1.99445,0.35,0.05351,0.13821,0.49814,1.80193,0.31935,0.30641,0.0024,2.59958,0.0581,1.1194,0.35,0.31935,0.30641,1.80784,1.92618,1.81628,2.44436,2.59958,0.2422,0.84924
2026-01-16 04:00:00,2.04985,0,0.07112,0.05061,0.02414,0.00771,0.01028,0.01166,0.05869,0.1796,0.45117,1.31574,0.00925,1.11935,1.80513,0,0.00755,0.00767,0,0.00899,0,1.81322,0.57609,0.19595,0.34814,0.03876,1.99667,0.34953,0.05343,0.13974,0.49821,1.80318,0.31926,0.30753,0.00239,2.59674,0.05792,1.11935,0.34953,0.31926,0.30753,1.80513,1.92272,1.81322,2.43903,2.59674,0.24219,0.84916
2026-01-16 05:00:00,2.04848,0,0.07095,0.05027,0.02398,0.0077,0.01027,0.01156,0.05847,0.17982,0.4526,1.31079,0.00923,1.11928,1.80245,0,0.00754,0.00766,0,0.00895,0,1.81019,0.57833,0.19631,0.34862,0.03865,1.9989,0.34906,0.05337,0.14129,0.49831,1.8045,0.31916,0.30858,0.00237,2.59388,0.05774,1.11928,0.34906,0.31916,0.30858,1.80245,1.91931,1.81019,2.43372,2.59388,0.24222,0.84905
2026-01-16 06:00:00,2.0471,0,0.07079,0.04995,0.02382,0.0077,0.01025,0.01146,0.05824,0.18009,0.4542,1.30608,0.00922,1.11922,1.79978,0,0.00753,0.00765,0,0.00891,0,1.80722,0.5806,0.19667,0.3491,0.03854,2.00113,0.34859,0.0533,0.14278,0.49841,1.80579,0.31907,0.30957,0.00235,2.591,0.05756,1.11922,0.34859,0.31907,0.30957,1.79978,1.91592,1.80722,2.42848,2.591,0.24224,0.84891
2026-01-16 07:00:00,2.05385,0,0.07061,0.04964,0.02368,0.00769,0.01022,0.01137,0.05801,0.18037,0.45569,1.30042,0.0092,1.11915,1.79715,0,0.00752,0.00764,0,0.00887,0,1.80426,0.58288,0.19702,0.34989,0.03843,2.00128,0.34812,0.05341,0.14173,0.49849,1.80301,0.31897,0.31047,0.00233,2.58809,0.05738,1.11915,0.34812,0.31897,0.31047,1.79715,1.91257,1.80426,2.42326,2.58809,0.24224,0.8487
2026-01-16 08:00:00,2.0606,0,0.07041,0.04931,0.02352,0.00766,0.0102,0.01126,0.05778,0.18032,0.4566,1.2937,0.00918,1.11908,1.79454,0,0.0075,0.00763,0,0.00883,0,1.80134,0.58516,0.19737,0.35067,0.03834,2.00143,0.34765,0.05352,0.14074,0.49853,1.8002,0.31889,0.31133,0.00231,2.58514,0.0572,1.11908,0.34765,0.31889,0.31133,1.79454,1.90924,1.80134,2.4181,2.58514,0.2422,0.8484
2026-01-16 09:00:00,2.06735,0,0.07022,0.04894,0.02337,0.00765,0.01019,0.01116,0.05756,0.18023,0.45737,1.2867,0.00916,1.11901,1.79194,0,0.00749,0.00761,0,0.00879,0,1.79846,0.5874,0.19772,0.35146,0.03823,2.00158,0.34718,0.05363,0.13977,0.4985,1.79732,0.31879,0.31211,0.0023,2.58215,0.05702,1.11901,0.34718,0.31879,0.31211,1.79194,1.90595,1.79846,2.41296,2.58215,0.2421,0.8479
2026-01-16 10:00:00,2.07411,0,0.07005,0.0486,0.02322,0.00764,0.01017,0.01106,0.05735,0.17996,0.45781,1.27961,0.00914,1.11895,1.78938,0,0.00748,0.0076,0,0.00875,0,1.79562,0.58858,0.19806,0.35224,0.03813,2.00172,0.34671,0.05374,0.13879,0.49831,1.79426,0.3187,0.31286,0.00229,2.57913,0.05685,1.11895,0.34671,0.3187,0.31286,1.78938,1.90268,1.79562,2.40788,2.57913,0.24183,0.84689
2026-01-16 11:00:00,2.08086,0,0.06988,0.04827,0.02306,0.00764,0.01015,0.01096,0.05713,0.17979,0.45822,1.27221,0.00912,1.11887,1.78684,0,0.00746,0.00759,0,0.00871,0,1.7928,0.58809,0.19841,0.35303,0.03803,2.00187,0.34625,0.05384,0.13783,0.49802,1.79113,0.3186,0.31353,0.00228,2.57607,0.05667,1.11887,0.34625,0.3186,0.31353,1.78684,1.89944,1.7928,2.40285,2.57607,0.24147,0.84386
2026-01-16 12:00:00,2.08761,0,0.06972,0.04795,0.02291,0.00763,0.01013,0.01086,0.05692,0.17968,0.45858,1.26444,0.0091,1.1188,1.78432,0,0.00745,0.00758,0,0.00867,0,1.79001,0.58644,0.19876,0.35381,0.03793,2.00202,0.34579,0.05396,0.13689,0.49782,1.78808,0.3185,0.31416,0.00227,2.57297,0.05649,1.1188,0.34579,0.3185,0.31416,1.78432,1.89624,1.79001,2.39784,2.57297,0.2412,0.82878
2026-01-16 13:00:00,2.08598,0,0.06955,0.04764,0.02276,0.00762,0.01011,0.01076,0.0567,0.17947,0.45858,1.25719,0.00909,1.11873,1.78182,0,0.00744,0.00757,0,0.00863,0,1.78725,0.58396,0.19814,0.35361,0.03782,1.99696,0.34532,0.05378,0.13554,0.49763,1.7825,0.31842,0.31476,0.00226,2.56984,0.05632,1.11873,0.34532,0.31842,0.31476,1.78182,1.89306,1.78725,2.39288,2.56984,0.24092,0.82708
2026-01-16 14:00:00,2.08434,0,0.06937,0.04731,0.02262,0.00761,0.01008,0.01066,0.05648,0.17912,0.45815,1.2508,0.00907,1.11866,1.77935,0,0.00743,0.00756,0,0.00859,0,1.78453,0.58095,0.19751,0.35341,0.03772,1.9919,0.34486,0.05361,0.13405,0.49747,1.77697,0.31832,0.31531,0.00224,2.56667,0.05614,1.11866,0.34486,0.31832,0.31531,1.77935,1.88991,1.78453,2.38796,2.56667,0.24069,0.82703
2026-01-16 15:00:00,2.08271,0,0.0692,0.04691,0.02248,0.00759,0.01006,0.01056,0.05626,0.17876,0.4576,1.24468,0.00905,1.11858,1.77689,0,0.00741,0.00754,0,0.00856,0,1.78184,0.57755,0.19689,0.35321,0.03763,1.98684,0.34439,0.05344,0.13252,0.49717,1.77128,0.31823,0.31582,0.00224,2.56346,0.05597,1.11858,0.34439,0.31823,0.31582,1.77689,1.88678,1.78184,2.38309,2.56346,0.2403,0.82699
2026-01-16 16:00:00,2.08108,0,0.06904,0.04655,0.02232,0.00759,0.01004,0.01046,0.05605,0.17856,0.4571,1.23849,0.00903,1.11851,1.77447,0,0.0074,0.00753,0,0.00852,0,1.77917,0.57386,0.19627,0.35301,0.03752,1.98178,0.34393,0.05326,0.13097,0.49644,1.76516,0.31814,0.31628,0.00223,2.56022,0.0558,1.11851,0.34393,0.31814,0.31628,1.77447,1.88369,1.77917,2.37825,2.56022,0.23949,0.82693
2026-01-16 17:00:00,2.07944,0,0.06888,0.04621,0.02217,0.00759,0.01002,0.01036,0.05584,0.17766,0.45572,1.23199,0.00901,1.11843,1.77206,0,0.00739,0.00752,0,0.00848,0,1.77653,0.56992,0.19563,0.35281,0.03742,1.97672,0.34347,0.0531,0.12938,0.4955,1.75885,0.31805,0.31672,0.00222,2.55694,0.05562,1.11843,0.34347,0.31805,0.31672,1.77206,1.88062,1.77653,2.37344,2.55694,0.23847,0.82687
2026-01-16 18:00:00,2.07781,0,0.06873,0.04589,0.02202,0.00758,0.01,0.01026,0.05561,0.17738,0.45496,1.22521,0.00899,1.11836,1.76966,0,0.00738,0.00751,0,0.00844,0,1.77393,0.56583,0.19501,0.35261,0.03733,1.97166,0.343,0.05292,0.1278,0.49478,1.75275,0.31796,0.31712,0.00221,2.55363,0.05545,1.11836,0.343,0.31796,0.31712,1.76966,1.87758,1.77393,2.36869,2.55363,0.23768,0.82681
2026-01-16 19:00:00,2.06802,0,0.06857,0.04558,0.02189,0.00757,0.00997,0.01016,0.05538,0.17707,0.45418,1.22052,0.00897,1.11828,1.7673,0,0.00737,0.0075,0,0.0084,0,1.77135,0.56162,0.1943,0.35142,0.03723,1.96592,0.34254,0.05255,0.12737,0.49427,1.74837,0.31787,0.3175,0.0022,2.5503,0.05528,1.11828,0.34254,0.31787,0.3175,1.7673,1.87455,1.77135,2.36396,2.5503,0.23709,0.82674
2026-01-16 20:00:00,2.05823,0,0.06839,0.0455,0.02174,0.00755,0.00995,0.01005,0.05516,0.17604,0.45264,1.21835,0.00895,1.1182,1.76495,0,0.00735,0.00749,0,0.00837,0,1.7688,0.55734,0.19358,0.35023,0.03713,1.96017,0.34208,0.05217,0.12684,0.49401,1.74425,0.31778,0.31785,0.00218,2.54693,0.05511,1.1182,0.34208,0.31778,0.31785,1.76495,1.87156,1.7688,2.35929,2.54693,0.23675,0.82666
2026-01-16 21:00:00,2.04844,0,0.06821,0.04539,0.02159,0.00753,0.00992,0.00996,0.05495,0.17562,0.45179,1.21698,0.00893,1.11812,1.76261,0,0.00734,0.00747,0,0.00833,0,1.76627,0.55302,0.19287,0.34905,0.03704,1.95443,0.34162,0.0518,0.1263,0.49364,1.74002,0.31769,0.31817,0.00218,2.54353,0.05494,1.11812,0.34162,0.31769,0.31817,1.76261,1.86858,1.76627,2.35464,2.54353,0.23631,0.82657
2026-01-16 22:00:00,2.03865,0,0.06805,0.0453,0.02145,0.00752,0.0099,0.00985,0.05474,0.17518,0.45097,1.21613,0.00892,1.11805,1.7603,0,0.00733,0.00746,0,0.00829,0,1.76378,0.54961,0.19216,0.34786,0.03695,1.94868,0.34116,0.05142,0.12572,0.49304,1.73555,0.3176,0.31845,0.00217,2.54012,0.05476,1.11805,0.34116,0.3176,0.31845,1.7603,1.86564,1.76378,2.35003,2.54012,0.23563,0.82646
2026-01-16 23:00:00,2.02886,0,0.06789,0.04522,0.02129,0.00752,0.00989,0.00976,0.05453,0.1747,0.45016,1.21511,0.0089,1.11796,1.75801,0,0.00731,0.00745,0,0.00826,0,1.7613,0.54774,0.19144,0.34667,0.03685,1.94293,0.34071,0.05104,0.12513,0.49235,1.731,0.31751,0.31873,0.00216,2.53668,0.05459,1.11796,0.34071,0.31751,0.31873,1.75801,1.86271,1.7613,2.34547,2.53668,0.23486,0.82634
2026-01-17 00:00:00,2.01907,0,0.06774,0.04515,0.02115,0.00751,0.00986,0.00974,0.05431,0.17487,0.45001,1.21405,0.00888,1.11789,1.75572,0,0.0073,0.00744,0,0.00822,0,1.75885,0.54692,0.19073,0.34548,0.03676,1.93719,0.34026,0.05067,0.12452,0.49183,1.72661,0.31742,0.31894,0.00215,2.53322,0.05442,1.11789,0.34026,0.31742,0.31894,1.75572,1.8598,1.75885,2.34094,2.53322,0.23426,0.8262
2026-01-17 01:00:00,2.01202,0,0.06757,0.04509,0.02101,0.0075,0.00984,0.00973,0.05409,0.17442,0.4493,1.21247,0.00887,1.11781,1.75347,0,0.00729,0.00742,0,0.00819,0,1.75642,0.54684,0.19101,0.34487,0.03666,1.93593,0.33979,0.05058,0.12608,0.49151,1.72771,0.31732,0.31914,0.00214,2.52974,0.05425,1.11781,0.33979,0.31732,0.31914,1.75347,1.85693,1.75642,2.33645,2.52974,0.23387,0.82603
2026-01-17 02:00:00,2.00497,0,0.0674,0.04499,0.02088,0.00748,0.00982,0.00971,0.05388,0.17468,0.44976,1.20987,0.00885,1.11773,1.75123,0,0.00728,0.00741,0,0.00815,0,1.75402,0.54727,0.1913,0.34425,0.03657,1.93468,0.33933,0.0505,0.12773,0.49143,1.72902,0.31724,0.31931,0.00214,2.52624,0.05409,1.11773,0.33933,0.31724,0.31931,1.75123,1.85407,1.75402,2.33198,2.52624,0.23371,0.82583
2026-01-17 03:00:00,1.99792,0,0.06723,0.04485,0.02073,0.00746,0.00981,0.00969,0.05367,0.17432,0.4498,1.2072,0.00883,1.11765,1.749,0,0.00727,0.0074,0,0.00812,0,1.75165,0.54806,0.19159,0.34364,0.03648,1.93342,0.33888,0.05041,0.1294,0.49137,1.73036,0.31715,0.31947,0.00212,2.52273,0.05392,1.11765,0.33888,0.31715,0.31947,1.749,1.85124,1.75165,2.32757,2.52273,0.23357,0.82558
2026-01-17 04:00:00,1.99086,0,0.06706,0.04474,0.02059,0.00746,0.00979,0.00968,0.05345,0.17434,0.4505,1.20452,0.00881,1.11757,1.7468,0,0.00725,0.00739,0,0.00808,0,1.7493,0.54927,0.19187,0.34303,0.03638,1.93216,0.33842,0.05032,0.13114,0.49138,1.73177,0.31706,0.31961,0.00212,2.51921,0.05375,1.11757,0.33842,0.31706,0.31961,1.7468,1.84841,1.7493,2.32318,2.51921,0.2335,0.82528
2026-01-17 05:00:00,1.98381,0,0.06691,0.04465,0.02045,0.00745,0.00977,0.00966,0.05324,0.1744,0.45142,1.20206,0.00879,1.11749,1.7446,0,0.00724,0.00738,0,0.00804,0,1.74697,0.55095,0.19216,0.34241,0.0363,1.93091,0.33797,0.05023,0.13285,0.49146,1.73325,0.31697,0.31973,0.00211,2.51567,0.05359,1.11749,0.33797,0.31697,0.31973,1.7446,1.84562,1.74697,2.31883,2.51567,0.2335,0.82488
2026-01-17 06:00:00,1.97676,0,0.06676,0.04457,0.02031,0.00745,0.00975,0.00965,0.05302,0.1745,0.45249,1.19993,0.00878,1.11741,1.74243,0,0.00723,0.00736,0,0.00801,0,1.74466,0.55295,0.19243,0.3418,0.03621,1.92965,0.33751,0.05015,0.13462,0.49152,1.73472,0.31689,0.31985,0.0021,2.51213,0.05342,1.11741,0.33751,0.31689,0.31985,1.74243,1.84285,1.74466,2.31452,2.51213,0.23349,0.82436
2026-01-17 07:00:00,1.98318,0,0.06661,0.04452,0.02019,0.00744,0.00973,0.00963,0.05279,0.17461,0.45355,1.1966,0.00876,1.11733,1.74028,0,0.00722,0.00735,0,0.00798,0,1.74238,0.55518,0.19285,0.34203,0.03612,1.92864,0.33706,0.05033,0.13377,0.49159,1.73262,0.31679,0.31994,0.00209,2.50857,0.05326,1.11733,0.33706,0.31679,0.31994,1.74028,1.8401,1.74238,2.31024,2.50857,0.23348,0.82362
2026-01-17 08:00:00,1.9896,0,0.06644,0.04444,0.02005,0.00742,0.0097,0.00962,0.05256,0.17446,0.4541,1.19181,0.00874,1.11725,1.73813,0,0.00721,0.00734,0,0.00794,0,1.74012,0.55756,0.19327,0.34227,0.03603,1.92762,0.33661,0.05052,0.13304,0.49162,1.73049,0.31671,0.32003,0.00208,2.50501,0.05309,1.11725,0.33661,0.31671,0.32003,1.73813,1.83736,1.74012,2.30599,2.50501,0.23343,0.82252
2026-01-17 09:00:00,1.99602,0,0.06628,0.04433,0.01991,0.00741,0.00968,0.0096,0.05235,0.17427,0.45452,1.18664,0.00872,1.11717,1.736,0,0.0072,0.00732,0,0.00791,0,1.73787,0.56001,0.1937,0.3425,0.03595,1.92661,0.33615,0.05071,0.13238,0.49162,1.72832,0.31662,0.3201,0.00207,2.50144,0.05293,1.11717,0.33615,0.31662,0.3201,1.736,1.83464,1.73787,2.30178,2.50144,0.23335,0.82068
2026-01-17 10:00:00,2.00244,0,0.06613,0.04423,0.01978,0.00741,0.00966,0.00959,0.05215,0.17394,0.45471,1.18137,0.00871,1.11709,1.7339,0,0.00718,0.00731,0,0.00787,0,1.73565,0.56151,0.19412,0.34273,0.03586,1.9256,0.33571,0.05089,0.13174,0.49146,1.72599,0.31653,0.32017,0.00206,2.49787,0.05277,1.11709,0.33571,0.31653,0.32017,1.7339,1.83194,1.73565,2.2976,2.49787,0.23312,0.817
2026-01-17 11:00:00,2.00886,0,0.06599,0.04416,0.01964,0.0074,0.00964,0.00957,0.05196,0.17368,0.45492,1.17584,0.00869,1.117,1.73179,0,0.00717,0.0073,0,0.00784,0,1.73346,0.56142,0.19454,0.34297,0.03577,1.92458,0.33526,0.05109,0.13109,0.49123,1.7236,0.31644,0.32021,0.00205,2.49429,0.0526,1.117,0.33526,0.31644,0.32021,1.73179,1.82927,1.73346,2.29345,2.49429,0.23281,0.80597
2026-01-17 12:00:00,2.01528,0,0.06585,0.0441,0.01951,0.0074,0.00962,0.00956,0.05178,0.1735,0.45514,1.16999,0.00867,1.11693,1.72971,0,0.00716,0.00729,0,0.0078,0,1.73127,0.56023,0.19496,0.3432,0.03569,1.92357,0.33481,0.05127,0.13047,0.49107,1.72127,0.31635,0.32025,0.00204,2.49071,0.05244,1.11693,0.33481,0.31635,0.32025,1.72971,1.8266,1.73127,2.28934,2.49071,0.23257,0.80065
2026-01-17 13:00:00,2.01309,0,0.0657,0.04404,0.01938,0.00739,0.0096,0.00955,0.05161,0.17324,0.45503,1.16468,0.00866,1.11684,1.72765,0,0.00715,0.00728,0,0.00777,0,1.72911,0.55827,0.19443,0.34288,0.03561,1.91826,0.33437,0.05112,0.12935,0.49092,1.71643,0.31627,0.32029,0.00203,2.48713,0.05228,1.11684,0.33437,0.31627,0.32029,1.72765,1.82396,1.72911,2.28525,2.48713,0.23234,0.80249
2026-01-17 14:00:00,2.01089,0,0.06555,0.04397,0.01925,0.00736,0.00958,0.00954,0.05146,0.17287,0.45451,1.16023,0.00865,1.11675,1.72559,0,0.00713,0.00726,0,0.00773,0,1.72697,0.55578,0.19389,0.34257,0.03552,1.91295,0.33392,0.05096,0.12808,0.49078,1.71161,0.31618,0.32031,0.00202,2.48355,0.05212,1.11675,0.33392,0.31618,0.32031,1.72559,1.82134,1.72697,2.28121,2.48355,0.23212,0.78923
2026-01-17 15:00:00,2.0087,0,0.06539,0.04386,0.01912,0.00735,0.00957,0.00953,0.05132,0.17252,0.45386,1.1561,0.00863,1.11668,1.72355,0,0.00712,0.00725,0,0.0077,0,1.72485,0.55292,0.19336,0.34225,0.03544,1.90764,0.33347,0.05081,0.12677,0.49049,1.70665,0.3161,0.32034,0.00201,2.47998,0.05196,1.11668,0.33347,0.3161,0.32034,1.72355,1.81872,1.72485,2.27718,2.47998,0.23176,0.78482
2026-01-17 16:00:00,2.0065,0,0.06525,0.04377,0.01899,0.00734,0.00955,0.00952,0.05119,0.17234,0.45331,1.15194,0.00861,1.11659,1.72153,0,0.00711,0.00724,0,0.00767,0,1.72275,0.54983,0.19283,0.34193,0.03536,1.90234,0.33302,0.05066,0.1254,0.48981,1.70126,0.31601,0.32034,0.002,2.4764,0.0518,1.11659,0.33302,0.31601,0.32034,1.72153,1.81614,1.72275,2.2732,2.4764,0.23099,0.78261
2026-01-17 17:00:00,2.00431,0,0.06511,0.04369,0.01886,0.00734,0.00953,0.00951,0.05105,0.17146,0.45187,1.14751,0.00859,1.11652,1.71951,0,0.00709,0.00723,0,0.00763,0,1.72066,0.5466,0.19229,0.34162,0.03527,1.89703,0.33258,0.0505,0.12403,0.48893,1.6957,0.31593,0.32034,0.00199,2.47283,0.05164,1.11652,0.33258,0.31593,0.32034,1.71951,1.81356,1.72066,2.26923,2.47283,0.23003,0.78128
2026-01-17 18:00:00,2.00211,0,0.06498,0.04363,0.01873,0.00733,0.00951,0.0095,0.05091,0.17123,0.4511,1.1428,0.00857,1.11643,1.71751,0,0.00708,0.00722,0,0.0076,0,1.71859,0.54327,0.19176,0.3413,0.03519,1.89172,0.33212,0.05035,0.12266,0.48827,1.69035,0.31584,0.32034,0.00198,2.46927,0.05148,1.11643,0.33212,0.31584,0.32034,1.71751,1.81101,1.71859,2.26531,2.46927,0.22929,0.7804
2026-01-17 19:00:00,1.99214,0,0.06483,0.04356,0.01862,0.00732,0.00949,0.00948,0.05077,0.17099,0.45033,1.13966,0.00856,1.11635,1.71552,0,0.00707,0.00721,0,0.00757,0,1.71655,0.53987,0.19121,0.34032,0.03511,1.88559,0.33168,0.04996,0.12264,0.48779,1.68714,0.31576,0.32033,0.00197,2.46571,0.05132,1.11635,0.33168,0.31576,0.32033,1.71552,1.80846,1.71655,2.26141,2.46571,0.22873,0.77977
2026-01-17 20:00:00,1.98216,0,0.06468,0.04347,0.01849,0.0073,0.00946,0.00947,0.05063,0.17005,0.44887,1.13835,0.00854,1.11627,1.71353,0,0.00706,0.00719,0,0.00753,0,1.71451,0.53643,0.19067,0.33934,0.03503,1.87945,0.33123,0.04958,0.12254,0.48756,1.68419,0.31567,0.32032,0.00197,2.46217,0.05117,1.11627,0.33123,0.31567,0.32032,1.71353,1.80594,1.71451,2.25754,2.46217,0.22842,0.77929
2026-01-17 21:00:00,1.97219,0,0.06453,0.04333,0.01837,0.00728,0.00944,0.00946,0.0505,0.16974,0.44809,1.1376,0.00852,1.11619,1.71157,0,0.00705,0.00718,0,0.0075,0,1.71249,0.53296,0.19013,0.33836,0.03494,1.87332,0.33079,0.04919,0.12237,0.48725,1.68116,0.31559,0.3203,0.00195,2.45863,0.05101,1.11619,0.33079,0.31559,0.3203,1.71157,1.80342,1.71249,2.2537,2.45863,0.22803,0.77893
2026-01-17 22:00:00,1.96221,0,0.06439,0.04322,0.01825,0.00728,0.00942,0.00944,0.05037,0.1694,0.44736,1.13734,0.0085,1.1161,1.70962,0,0.00703,0.00717,0,0.00746,0,1.71049,0.53036,0.18959,0.33738,0.03486,1.86719,0.33035,0.04881,0.12218,0.48673,1.67791,0.3155,0.32027,0.00194,2.4551,0.05085,1.1161,0.33035,0.3155,0.32027,1.70962,1.80093,1.71049,2.24989,2.4551,0.22743,0.77863
2026-01-17 23:00:00,1.95224,0,0.06425,0.04313,0.01811,0.00727,0.0094,0.00943,0.05024,0.16907,0.44667,1.13692,0.00849,1.11603,1.70767,0,0.00702,0.00716,0,0.00743,0,1.70852,0.5292,0.18905,0.3364,0.03479,1.86105,0.32991,0.04842,0.122,0.48615,1.67462,0.31541,0.32025,0.00192,2.45158,0.0507,1.11603,0.32991,0.31541,0.32025,1.70767,1.79844,1.70852,2.24611,2.45158,0.22678,0.77839
2026-01-18 00:00:00,1.94226,0,0.06412,0.04306,0.018,0.00727,0.00938,0.00941,0.05011,0.16935,0.44664,1.13649,0.00847,1.11594,1.70575,0,0.00701,0.00714,0,0.00739,0,1.70655,0.52906,0.18851,0.33542,0.03471,1.85492,0.32947,0.04803,0.12178,0.4857,1.67144,0.31533,0.32021,0.0019,2.44807,0.05054,1.11594,0.32947,0.31533,0.32021,1.70575,1.79598,1.70655,2.24235,2.44807,0.22625,0.77819
2026-01-18 01:00:00,1.93726,0,0.06398,0.043,0.01788,0.00726,0.00936,0.0094,0.04998,0.169,0.4461,1.13561,0.00845,1.11586,1.70383,0,0.007,0.00713,0,0.00736,0,1.7046,0.52961,0.18902,0.33526,0.03462,1.85604,0.32903,0.04802,0.12399,0.48546,1.67426,0.31524,0.32018,0.00188,2.44457,0.05039,1.11586,0.32903,0.31524,0.32018,1.70383,1.79352,1.7046,2.23862,2.44457,0.22594,0.77802
2026-01-18 02:00:00,1.93226,0,0.06382,0.04292,0.01777,0.00724,0.00934,0.00939,0.04985,0.16937,0.44672,1.13386,0.00844,1.11578,1.70191,0,0.00699,0.00712,0,0.00733,0,1.70266,0.53064,0.18953,0.3351,0.03455,1.85717,0.32858,0.048,0.12633,0.48545,1.67731,0.31517,0.32013,0.00187,2.44108,0.05023,1.11578,0.32858,0.31517,0.32013,1.70191,1.79108,1.70266,2.23492,2.44108,0.22585,0.77787
2026-01-18 03:00:00,1.92726,0,0.06367,0.04281,0.01764,0.00723,0.00933,0.00937,0.04973,0.16914,0.44692,1.13208,0.00843,1.1157,1.70002,0,0.00698,0.0071,0,0.0073,0,1.70074,0.53201,0.19004,0.33494,0.03447,1.85829,0.32814,0.04799,0.12874,0.48547,1.68039,0.31508,0.3201,0.00186,2.43761,0.05008,1.1157,0.32814,0.31508,0.3201,1.70002,1.78866,1.70074,2.23124,2.43761,0.2258,0.77775
2026-01-18 04:00:00,1.92226,0,0.06353,0.04272,0.01752,0.00723,0.00931,0.00935,0.04963,0.16929,0.44779,1.13032,0.00841,1.11561,1.69813,0,0.00696,0.00709,0,0.00727,0,1.69884,0.53378,0.19054,0.33478,0.03438,1.85941,0.3277,0.04797,0.13118,0.48569,1.68365,0.315,0.32004,0.00185,2.43415,0.04992,1.11561,0.3277,0.315,0.32004,1.69813,1.78624,1.69884,2.22759,2.43415,0.22594,0.77764
2026-01-18 05:00:00,1.91726,0,0.0634,0.04264,0.01741,0.00722,0.0093,0.00934,0.04951,0.16944,0.4489,1.12881,0.00839,1.11554,1.69625,0,0.00695,0.00708,0,0.00724,0,1.69694,0.53598,0.19105,0.33462,0.0343,1.86054,0.32726,0.04796,0.13364,0.48602,1.68705,0.31491,0.31999,0.00184,2.4307,0.04977,1.11554,0.32726,0.31491,0.31999,1.69625,1.78385,1.69694,2.22396,2.4307,0.2262,0.77754
2026-01-18 06:00:00,1.91226,0,0.06327,0.04258,0.01729,0.00722,0.00928,0.00933,0.04939,0.16964,0.45015,1.12763,0.00837,1.11545,1.69438,0,0.00694,0.00707,0,0.00721,0,1.69506,0.53849,0.19156,0.33446,0.03422,1.86166,0.32682,0.04794,0.13611,0.48629,1.69036,0.31483,0.31994,0.00182,2.42726,0.04961,1.11545,0.32682,0.31483,0.31994,1.69438,1.78146,1.69506,2.22036,2.42726,0.22638,0.77745
2026-01-18 07:00:00,1.92232,0,0.06314,0.04253,0.01719,0.00721,0.00926,0.00931,0.04926,0.16987,0.45138,1.12588,0.00835,1.11538,1.69253,0,0.00693,0.00706,0,0.00718,0,1.6932,0.5412,0.19213,0.33515,0.03413,1.86297,0.32638,0.04828,0.13545,0.48651,1.68925,0.31475,0.31988,0.00181,2.42384,0.04946,1.11538,0.32638,0.31475,0.31988,1.69253,1.77909,1.6932,2.21679,2.42384,0.22652,0.77738
2026-01-18 08:00:00,1.93238,0,0.06299,0.04245,0.01707,0.00719,0.00924,0.00929,0.04913,0.16982,0.4521,1.12354,0.00834,1.11529,1.69067,0,0.00692,0.00704,0,0.00715,0,1.69136,0.54406,0.19269,0.33584,0.03405,1.86428,0.32594,0.04862,0.13491,0.48665,1.68807,0.31467,0.31983,0.00181,2.42043,0.04931,1.11529,0.32594,0.31467,0.31983,1.69067,1.77672,1.69136,2.21324,2.42043,0.22658,0.77731
2026-01-18 09:00:00,1.94244,0,0.06285,0.04234,0.01696,0.00718,0.00923,0.00928,0.04901,0.16975,0.45272,1.1211,0.00832,1.11521,1.68884,0,0.00691,0.00703,0,0.00712,0,1.68952,0.54698,0.19326,0.33654,0.03397,1.8656,0.3255,0.04895,0.13445,0.48677,1.68688,0.31458,0.31978,0.0018,2.41704,0.04916,1.11521,0.3255,0.31458,0.31978,1.68884,1.77437,1.68952,2.20971,2.41704,0.22663,0.77724
2026-01-18 10:00:00,1.9525,0,0.06272,0.04225,0.01685,0.00718,0.00921,0.00926,0.0489,0.16954,0.45306,1.11865,0.00831,1.11513,1.68701,0,0.00689,0.00702,0,0.00708,0,1.6877,0.549,0.19382,0.33723,0.03388,1.86691,0.32506,0.04929,0.13401,0.48686,1.68564,0.3145,0.31971,0.00179,2.41367,0.04901,1.11513,0.32506,0.3145,0.31971,1.68701,1.77203,1.6877,2.20621,2.41367,0.22664,0.77719
2026-01-18 11:00:00,1.96256,0,0.0626,0.04218,0.01673,0.00717,0.0092,0.00925,0.04878,0.16941,0.45345,1.11597,0.0083,1.11505,1.68518,0,0.00688,0.00701,0,0.00705,0,1.68588,0.54946,0.19439,0.33792,0.0338,1.86822,0.32461,0.04963,0.13355,0.48691,1.68437,0.31442,0.31966,0.00178,2.41031,0.04886,1.11505,0.32461,0.31442,0.31966,1.68518,1.76971,1.68588,2.20272,2.41031,0.22661,0.77713
2026-01-18 12:00:00,1.97262,0,0.06249,0.04212,0.01662,0.00717,0.00918,0.00924,0.04865,0.16938,0.45383,1.11299,0.00828,1.11497,1.68338,0,0.00687,0.007,0,0.00702,0,1.68409,0.54885,0.19496,0.33861,0.03371,1.86953,0.32417,0.04997,0.13316,0.48697,1.6831,0.31433,0.31959,0.00176,2.40696,0.04871,1.11497,0.32417,0.31433,0.31959,1.68338,1.76739,1.68409,2.19927,2.40696,0.22659,0.77458
2026-01-18 13:00:00,1.97357,0,0.06236,0.04206,0.01651,0.00716,0.00915,0.00922,0.04852,0.16926,0.45388,1.11007,0.00826,1.11489,1.68158,0,0.00686,0.00699,0,0.00699,0,1.68231,0.5475,0.19449,0.33863,0.03364,1.86572,0.32372,0.04989,0.13207,0.48696,1.67876,0.31426,0.31953,0.00175,2.40363,0.04856,1.11489,0.32372,0.31426,0.31953,1.68158,1.76508,1.68231,2.19584,2.40363,0.22651,0.76848
2026-01-18 14:00:00,1.97452,0,0.06222,0.04199,0.01641,0.00713,0.00913,0.00921,0.0484,0.16903,0.45351,1.10737,0.00825,1.1148,1.67977,0,0.00685,0.00697,0,0.00696,0,1.68053,0.54564,0.19402,0.33864,0.03355,1.86192,0.32328,0.04983,0.13084,0.48689,1.67435,0.31417,0.31945,0.00175,2.40031,0.04842,1.1148,0.32328,0.31417,0.31945,1.67977,1.76279,1.68053,2.19243,2.40031,0.22637,0.75651
2026-01-18 15:00:00,1.97547,0,0.06209,0.04188,0.01629,0.00712,0.00911,0.0092,0.04828,0.1688,0.45301,1.10476,0.00823,1.11473,1.67799,0,0.00684,0.00696,0,0.00693,0,1.67877,0.54342,0.19355,0.33866,0.03347,1.85811,0.32284,0.04975,0.12952,0.4867,1.66982,0.3141,0.31939,0.00174,2.39701,0.04827,1.11473,0.32284,0.3141,0.31939,1.67799,1.7605,1.67877,2.18903,2.39701,0.2261,0.75252
2026-01-18 16:00:00,1.97642,0,0.06197,0.04179,0.01618,0.00711,0.00909,0.00919,0.04816,0.16872,0.45259,1.10206,0.00821,1.11464,1.67621,0,0.00682,0.00695,0,0.0069,0,1.67703,0.54084,0.19308,0.33867,0.03339,1.8543,0.32239,0.04967,0.12819,0.48612,1.66489,0.31402,0.31931,0.00173,2.39373,0.04812,1.11464,0.32239,0.31402,0.31931,1.67621,1.75823,1.67703,2.18567,2.39373,0.22544,0.75053
2026-01-18 17:00:00,1.97737,0,0.06185,0.04172,0.01607,0.00711,0.00907,0.00918,0.04803,0.16801,0.45129,1.09904,0.00819,1.11457,1.67444,0,0.00681,0.00694,0,0.00687,0,1.67528,0.53791,0.19261,0.33869,0.03331,1.8505,0.32195,0.04961,0.12682,0.48535,1.65978,0.31394,0.31925,0.00172,2.39046,0.04798,1.11457,0.32195,0.31394,0.31925,1.67444,1.75596,1.67528,2.18232,2.39046,0.22459,0.74933
2026-01-18 18:00:00,1.97832,0,0.06174,0.04166,0.01595,0.0071,0.00905,0.00917,0.0479,0.16789,0.45067,1.09575,0.00818,1.11448,1.67268,0,0.0068,0.00693,0,0.00684,0,1.67355,0.53474,0.19214,0.3387,0.03323,1.84669,0.32151,0.04953,0.12543,0.48478,1.65486,0.31386,0.31917,0.00171,2.38721,0.04783,1.11448,0.32151,0.31386,0.31917,1.67268,1.75371,1.67355,2.17899,2.38721,0.22394,0.74853
2026-01-18 19:00:00,1.97038,0,0.06161,0.04161,0.01585,0.00709,0.00903,0.00916,0.04776,0.16772,0.45001,1.09359,0.00817,1.1144,1.67093,0,0.00679,0.00692,0,0.00681,0,1.67183,0.53141,0.19155,0.33794,0.03315,1.8408,0.32107,0.04913,0.12541,0.48435,1.65178,0.31378,0.3191,0.0017,2.38397,0.04769,1.1144,0.32107,0.31378,0.3191,1.67093,1.75146,1.67183,2.17568,2.38397,0.22343,0.74796
2026-01-18 20:00:00,1.96244,0,0.06148,0.04154,0.01574,0.00708,0.00901,0.00915,0.04762,0.16694,0.44864,1.09269,0.00815,1.11432,1.66917,0,0.00678,0.0069,0,0.00678,0,1.67014,0.52796,0.19096,0.33718,0.03307,1.83492,0.32063,0.04873,0.12527,0.48415,1.64894,0.3137,0.31902,0.00169,2.38075,0.04754,1.11432,0.32063,0.3137,0.31902,1.66917,1.74923,1.67014,2.17239,2.38075,0.22314,0.74753
2026-01-18 21:00:00,1.9545,0,0.06135,0.04143,0.01564,0.00706,0.00899,0.00913,0.04749,0.16672,0.44798,1.0922,0.00813,1.11424,1.66743,0,0.00677,0.00689,0,0.00676,0,1.66844,0.52443,0.19036,0.33642,0.03299,1.82904,0.3202,0.04833,0.12506,0.48384,1.64599,0.31361,0.31895,0.00169,2.37754,0.0474,1.11424,0.3202,0.31361,0.31895,1.66743,1.74701,1.66844,2.16912,2.37754,0.22275,0.7472
2026-01-18 22:00:00,1.94656,0,0.06123,0.04134,0.01553,0.00706,0.00898,0.00911,0.04737,0.16647,0.44733,1.0921,0.00812,1.11416,1.6657,0,0.00676,0.00688,0,0.00673,0,1.66675,0.52167,0.18977,0.33566,0.03291,1.82315,0.31975,0.04792,0.12481,0.48329,1.6428,0.31354,0.31887,0.00167,2.37435,0.04725,1.11416,0.31975,0.31354,0.31887,1.6657,1.7448,1.66675,2.16588,2.37435,0.22213,0.74694
2026-01-18 23:00:00,1.93862,0,0.06111,0.04127,0.01542,0.00706,0.00896,0.0091,0.04725,0.16621,0.44672,1.09181,0.0081,1.11408,1.66397,0,0.00675,0.00687,0,0.0067,0,1.66507,0.52025,0.18918,0.3349,0.03283,1.81727,0.31931,0.04753,0.12456,0.48266,1.63954,0.31345,0.3188,0.00166,2.37117,0.04711,1.11408,0.31931,0.31345,0.3188,1.66397,1.74259,1.66507,2.16265,2.37117,0.22142,0.74672
2026-01-19 00:00:00,1.93068,0,0.061,0.0412,0.01533,0.00705,0.00895,0.00909,0.04712,0.16653,0.44676,1.09149,0.00809,1.11399,1.66225,0,0.00674,0.00686,0,0.00667,0,1.66341,0.51975,0.18859,0.33414,0.03276,1.81138,0.31887,0.04712,0.12431,0.48218,1.63642,0.31338,0.31872,0.00165,2.36801,0.04696,1.11399,0.31887,0.31338,0.31872,1.66225,1.74039,1.66341,2.15945,2.36801,0.22087,0.74654
2026-01-19 01:00:00,1.92645,0,0.06087,0.04114,0.01522,0.00704,0.00893,0.00907,0.04699,0.16628,0.44627,1.0909,0.00808,1.11392,1.66054,0,0.00673,0.00685,0,0.00664,0,1.66176,0.51989,0.18897,0.33409,0.03268,1.81224,0.31843,0.04707,0.12631,0.48192,1.63915,0.31329,0.31864,0.00164,2.36487,0.04682,1.11392,0.31843,0.31329,0.31864,1.66054,1.7382,1.66176,2.15625,2.36487,0.22053,0.74638
2026-01-19 02:00:00,1.92222,0,0.06074,0.04105,0.01512,0.00702,0.00891,0.00906,0.04686,0.16668,0.44696,1.08963,0.00806,1.11383,1.65883,0,0.00672,0.00683,0,0.00661,0,1.66011,0.52048,0.18936,0.33404,0.03259,1.8131,0.31799,0.04703,0.12848,0.4819,1.64211,0.31322,0.31856,0.00163,2.36174,0.04668,1.11383,0.31799,0.31322,0.31856,1.65883,1.73601,1.66011,2.15308,2.36174,0.22043,0.74625
2026-01-19 03:00:00,1.918,0,0.06061,0.0409,0.01501,0.007,0.00889,0.00904,0.04674,0.16654,0.44722,1.0884,0.00804,1.11375,1.65713,0,0.00671,0.00682,0,0.00659,0,1.65847,0.52137,0.18974,0.33399,0.03252,1.81397,0.31754,0.04699,0.13072,0.48192,1.64513,0.31314,0.31849,0.00163,2.35863,0.04654,1.11375,0.31754,0.31314,0.31849,1.65713,1.73384,1.65847,2.14992,2.35863,0.22037,0.74614
2026-01-19 04:00:00,1.91377,0,0.06049,0.04079,0.0149,0.007,0.00888,0.00903,0.04663,0.16674,0.44813,1.0872,0.00803,1.11367,1.65544,0,0.00669,0.00681,0,0.00656,0,1.65684,0.52277,0.19012,0.33394,0.03244,1.81483,0.3171,0.04695,0.13297,0.48214,1.64834,0.31306,0.3184,0.00163,2.35553,0.04639,1.11367,0.3171,0.31306,0.3184,1.65544,1.73167,1.65684,2.14679,2.35553,0.22052,0.74604
2026-01-19 05:00:00,1.90954,0,0.06038,0.0407,0.01479,0.00699,0.00887,0.00901,0.04651,0.16698,0.4493,1.08625,0.00801,1.11358,1.65374,0,0.00668,0.0068,0,0.00653,0,1.65522,0.52481,0.19051,0.33389,0.03236,1.81569,0.31667,0.0469,0.13523,0.48248,1.65167,0.31298,0.31833,0.00161,2.35245,0.04625,1.11358,0.31667,0.31298,0.31833,1.65374,1.72953,1.65522,2.14367,2.35245,0.22078,0.74595
2026-01-19 06:00:00,1.90531,0,0.06027,0.04064,0.01468,0.00699,0.00885,0.009,0.04639,0.16723,0.4506,1.08565,0.00799,1.11351,1.65206,0,0.00667,0.00679,0,0.0065,0,1.65361,0.52728,0.19089,0.33384,0.03229,1.81655,0.31623,0.04686,0.13752,0.48275,1.65492,0.31291,0.31824,0.00159,2.34938,0.04611,1.11351,0.31623,0.31291,0.31824,1.65206,1.72737,1.65361,2.14056,2.34938,0.22097,0.74587
2026-01-19 07:00:00,1.91533,0,0.06015,0.04059,0.01459,0.00698,0.00883,0.00899,0.04626,0.16753,0.45189,1.08455,0.00797,1.11342,1.65039,0,0.00666,0.00678,0,0.00647,0,1.65201,0.53006,0.19141,0.33462,0.03222,1.81834,0.31579,0.04719,0.13681,0.48298,1.65404,0.31283,0.31817,0.00158,2.34633,0.04597,1.11342,0.31579,0.31283,0.31817,1.65039,1.72523,1.65201,2.13748,2.34633,0.22112,0.7458
2026-01-19 08:00:00,1.92534,0,0.06003,0.04053,0.01449,0.00696,0.00881,0.00898,0.04614,0.16758,0.4527,1.08295,0.00796,1.11335,1.64872,0,0.00665,0.00677,0,0.00645,0,1.65041,0.53305,0.19194,0.3354,0.03214,1.82014,0.31536,0.04753,0.13622,0.48312,1.65308,0.31275,0.31808,0.00158,2.34329,0.04583,1.11335,0.31536,0.31275,0.31808,1.64872,1.72309,1.65041,2.1344,2.34329,0.22119,0.74574
2026-01-19 09:00:00,1.93535,0,0.05992,0.04045,0.01439,0.00695,0.0088,0.00897,0.04602,0.16761,0.45343,1.0813,0.00795,1.11326,1.64706,0,0.00664,0.00676,0,0.00642,0,1.64883,0.53616,0.19246,0.33619,0.03206,1.82193,0.31492,0.04786,0.13571,0.48329,1.65213,0.31267,0.318,0.00157,2.34027,0.04569,1.11326,0.31492,0.31267,0.318,1.64706,1.72097,1.64883,2.13134,2.34027,0.22127,0.74568
2026-01-19 10:00:00,1.94537,0,0.05981,0.04038,0.01429,0.00694,0.00879,0.00896,0.04591,0.1675,0.45388,1.07964,0.00793,1.11319,1.6454,0,0.00662,0.00675,0,0.00639,0,1.64725,0.53843,0.19297,0.33697,0.032,1.82372,0.31449,0.04819,0.13521,0.48344,1.65114,0.31259,0.31792,0.00157,2.33726,0.04556,1.11319,0.31449,0.31259,0.31792,1.6454,1.71885,1.64725,2.1283,2.33726,0.22133,0.74563
2026-01-19 11:00:00,1.95539,0,0.05971,0.04033,0.01419,0.00694,0.00877,0.00895,0.04579,0.16748,0.45439,1.07777,0.00791,1.1131,1.64375,0,0.00661,0.00674,0,0.00637,0,1.64568,0.53921,0.1935,0.33775,0.03192,1.82552,0.31405,0.04853,0.13479,0.48355,1.65015,0.31252,0.31783,0.00155,2.33426,0.04542,1.1131,0.31405,0.31252,0.31783,1.64375,1.71674,1.64568,2.12528,2.33426,0.22137,0.74558
2026-01-19 12:00:00,1.9654,0,0.05961,0.04028,0.0141,0.00694,0.00876,0.00894,0.04567,0.16753,0.45492,1.07564,0.0079,1.11303,1.6421,0,0.0066,0.00673,0,0.00634,0,1.64411,0.53897,0.19402,0.33853,0.03185,1.82731,0.31362,0.04886,0.13433,0.48366,1.64915,0.31244,0.31775,0.00154,2.33128,0.04528,1.11303,0.31362,0.31244,0.31775,1.6421,1.71463,1.64411,2.12228,2.33128,0.2214,0.74352
2026-01-19 13:00:00,1.96655,0,0.0595,0.04023,0.01401,0.00693,0.00874,0.00893,0.04554,0.16752,0.45513,1.07346,0.00788,1.11294,1.64047,0,0.00659,0.00672,0,0.00631,0,1.64257,0.53802,0.19356,0.33865,0.03177,1.82414,0.31318,0.04878,0.13307,0.48369,1.64489,0.31237,0.31767,0.00153,2.32831,0.04514,1.11294,0.31318,0.31237,0.31767,1.64047,1.71254,1.64257,2.11929,2.32831,0.22135,0.73871
2026-01-19 14:00:00,1.9677,0,0.05938,0.04015,0.01392,0.00691,0.00872,0.00891,0.04542,0.16737,0.4549,1.07135,0.00787,1.11287,1.63883,0,0.00658,0.0067,0,0.00629,0,1.64102,0.53658,0.19311,0.33878,0.03171,1.82098,0.31275,0.04869,0.13167,0.48365,1.64055,0.31229,0.31758,0.00152,2.32536,0.04501,1.11287,0.31275,0.31229,0.31758,1.63883,1.71044,1.64102,2.1163,2.32536,0.22123,0.7286
2026-01-19 15:00:00,1.96885,0,0.05927,0.04005,0.01382,0.0069,0.0087,0.0089,0.0453,0.16726,0.45455,1.06932,0.00786,1.11278,1.6372,0,0.00657,0.00669,0,0.00626,0,1.63947,0.5348,0.19265,0.3389,0.03163,1.81781,0.31231,0.04862,0.1302,0.48346,1.63609,0.31221,0.3175,0.00152,2.32242,0.04487,1.11278,0.31231,0.31221,0.3175,1.6372,1.70835,1.63947,2.11334,2.32242,0.22097,0.72523
2026-01-19 16:00:00,1.96999,0,0.05917,0.03996,0.01372,0.0069,0.00869,0.00888,0.04518,0.16729,0.45427,1.06718,0.00784,1.11271,1.63559,0,0.00656,0.00668,0,0.00623,0,1.63794,0.53255,0.19219,0.33903,0.03156,1.81464,0.31188,0.04853,0.12871,0.4829,1.63124,0.31213,0.31742,0.00151,2.31949,0.04473,1.11271,0.31188,0.31213,0.31742,1.63559,1.70628,1.63794,2.11039,2.31949,0.22034,0.72355
2026-01-19 17:00:00,1.97114,0,0.05907,0.03989,0.01362,0.00689,0.00867,0.00887,0.04507,0.16666,0.45311,1.06472,0.00783,1.11262,1.63396,0,0.00655,0.00667,0,0.00621,0,1.63642,0.52976,0.19174,0.33916,0.03149,1.81148,0.31144,0.04844,0.12718,0.48214,1.62619,0.31206,0.31734,0.00149,2.31658,0.0446,1.11262,0.31144,0.31206,0.31734,1.63396,1.7042,1.63642,2.10746,2.31658,0.2195,0.72254
2026-01-19 18:00:00,1.97229,0,0.05897,0.03983,0.01352,0.00689,0.00866,0.00886,0.04495,0.16663,0.45263,1.06198,0.00781,1.11255,1.63235,0,0.00654,0.00666,0,0.00618,0,1.6349,0.5266,0.19128,0.33928,0.03142,1.80831,0.31101,0.04836,0.12563,0.48159,1.62134,0.31198,0.31725,0.00148,2.31367,0.04446,1.11255,0.31101,0.31198,0.31725,1.63235,1.70214,1.6349,2.10454,2.31367,0.21887,0.72186
2026-01-19 19:00:00,1.96418,0,0.05887,0.03978,0.01343,0.00688,0.00864,0.00885,0.04482,0.16663,0.45212,1.06019,0.00779,1.11246,1.63075,0,0.00653,0.00665,0,0.00616,0,1.63338,0.52318,0.19072,0.33866,0.03135,1.80282,0.31058,0.04793,0.12566,0.48118,1.61871,0.3119,0.31717,0.00147,2.31079,0.04433,1.11246,0.31058,0.3119,0.31717,1.63075,1.70008,1.63338,2.10163,2.31079,0.21837,0.72138
2026-01-19 20:00:00,1.95607,0,0.05876,0.03971,0.01334,0.00686,0.00862,0.00884,0.0447,0.16598,0.45085,1.05943,0.00778,1.11239,1.62915,0,0.00652,0.00663,0,0.00613,0,1.63188,0.51958,0.19016,0.33804,0.03127,1.79732,0.31015,0.04752,0.1256,0.48096,1.61631,0.31183,0.31709,0.00146,2.30791,0.04419,1.11239,0.31015,0.31183,0.31709,1.62915,1.69803,1.63188,2.09875,2.30791,0.21808,0.72102
2026-01-19 21:00:00,1.94797,0,0.05865,0.0396,0.01325,0.00685,0.00861,0.00883,0.04458,0.16603,0.45033,1.05899,0.00777,1.1123,1.62755,0,0.00651,0.00662,0,0.0061,0,1.63038,0.51586,0.1896,0.33742,0.03121,1.79183,0.30971,0.04709,0.12544,0.48066,1.6138,0.31175,0.31701,0.00146,2.30505,0.04406,1.1123,0.30971,0.31175,0.31701,1.62755,1.69598,1.63038,2.09586,2.30505,0.2177,0.72074
2026-01-19 22:00:00,1.93986,0,0.05855,0.03952,0.01314,0.00685,0.00859,0.00882,0.04447,0.16612,0.44981,1.05892,0.00775,1.11223,1.62597,0,0.00649,0.00661,0,0.00608,0,1.62889,0.51296,0.18903,0.33679,0.03114,1.78634,0.30928,0.04667,0.12526,0.48012,1.61105,0.31168,0.31692,0.00145,2.3022,0.04393,1.11223,0.30928,0.31168,0.31692,1.62597,1.69394,1.62889,2.093,2.3022,0.21709,0.72052
2026-01-19 23:00:00,1.93175,0,0.05845,0.03945,0.01305,0.00684,0.00858,0.00881,0.04436,0.16622,0.44935,1.05863,0.00774,1.11214,1.62438,0,0.00648,0.0066,0,0.00606,0,1.6274,0.51154,0.18846,0.33617,0.03106,1.78084,0.30885,0.04625,0.12507,0.47952,1.60825,0.3116,0.31684,0.00143,2.29937,0.04379,1.11214,0.30885,0.3116,0.31684,1.62438,1.6919,1.6274,2.09014,2.29937,0.2164,0.72033
2026-01-20 00:00:00,1.92364,0,0.05836,0.03939,0.01297,0.00684,0.00856,0.0088,0.04424,0.16705,0.44959,1.0583,0.00773,1.11207,1.6228,0,0.00647,0.00659,0,0.00603,0,1.62592,0.51114,0.1879,0.33555,0.031,1.77535,0.30842,0.04583,0.12486,0.47906,1.60558,0.31153,0.31676,0.00142,2.29654,0.04366,1.11207,0.30842,0.31153,0.31676,1.6228,1.68988,1.62592,2.08729,2.29654,0.21586,0.72018
2026-01-20 01:00:00,1.91872,0,0.05825,0.03933,0.01288,0.00683,0.00854,0.00879,0.04411,0.16732,0.44932,1.05777,0.00771,1.11198,1.62123,0,0.00646,0.00658,0,0.006,0,1.62445,0.51145,0.18829,0.33564,0.03093,1.77659,0.30799,0.0458,0.12686,0.4788,1.60854,0.31145,0.31668,0.00141,2.29373,0.04353,1.11198,0.30799,0.31145,0.31668,1.62123,1.68785,1.62445,2.08447,2.29373,0.21553,0.72005
2026-01-20 02:00:00,1.91381,0,0.05814,0.03926,0.0128,0.0068,0.00853,0.00877,0.04399,0.16854,0.45027,1.05664,0.00769,1.11191,1.61965,0,0.00645,0.00657,0,0.00598,0,1.62298,0.51226,0.18869,0.33573,0.03086,1.77782,0.30756,0.04576,0.129,0.4788,1.61176,0.31139,0.3166,0.00141,2.29093,0.0434,1.11191,0.30756,0.31139,0.3166,1.61965,1.68583,1.62298,2.08165,2.29093,0.21545,0.71994
2026-01-20 03:00:00,1.90889,0,0.05804,0.03915,0.0127,0.00679,0.00851,0.00876,0.04388,0.16925,0.45084,1.05561,0.00768,1.11182,1.61809,0,0.00644,0.00656,0,0.00595,0,1.62152,0.5134,0.18908,0.33582,0.03079,1.77906,0.30713,0.04574,0.13118,0.47886,1.61503,0.31131,0.31651,0.0014,2.28814,0.04327,1.11182,0.30713,0.31131,0.31651,1.61809,1.68382,1.62152,2.07884,2.28814,0.21543,0.71984
2026-01-20 04:00:00,1.90397,0,0.05794,0.03906,0.01261,0.00678,0.0085,0.00874,0.04377,0.17047,0.45216,1.05465,0.00766,1.11175,1.61654,0,0.00643,0.00655,0,0.00592,0,1.62006,0.51497,0.18947,0.33591,0.03073,1.7803,0.3067,0.04571,0.13344,0.47917,1.61855,0.31124,0.31644,0.0014,2.28536,0.04314,1.11175,0.3067,0.31124,0.31644,1.61654,1.68181,1.62006,2.07605,2.28536,0.21566,0.71976
2026-01-20 05:00:00,1.89906,0,0.05784,0.03899,0.01252,0.00678,0.00848,0.00873,0.04367,0.17185,0.45376,1.05397,0.00765,1.11166,1.61497,0,0.00642,0.00654,0,0.0059,0,1.61861,0.51703,0.18987,0.336,0.03066,1.78153,0.30627,0.04568,0.13572,0.47961,1.62221,0.31116,0.31635,0.00139,2.2826,0.04301,1.11166,0.30627,0.31116,0.31635,1.61497,1.67982,1.61861,2.07327,2.2826,0.21602,0.71968
2026-01-20 06:00:00,1.89414,0,0.05775,0.03893,0.01243,0.00677,0.00847,0.00872,0.04355,0.17332,0.45567,1.05369,0.00764,1.11159,1.61343,0,0.00641,0.00653,0,0.00587,0,1.61717,0.51941,0.19026,0.33609,0.03059,1.78277,0.30584,0.04565,0.13799,0.47996,1.62578,0.31108,0.31627,0.00137,2.27984,0.04288,1.11159,0.30584,0.31108,0.31627,1.61343,1.67782,1.61717,2.07049,2.27984,0.2163,0.71962
2026-01-20 07:00:00,1.90331,0,0.05764,0.03888,0.01236,0.00676,0.00845,0.00871,0.04344,0.17491,0.45766,1.05302,0.00762,1.11151,1.61188,0,0.0064,0.00652,0,0.00585,0,1.61573,0.52204,0.19065,0.33684,0.03052,1.78475,0.30542,0.04601,0.13714,0.48025,1.62484,0.31101,0.31618,0.00136,2.2771,0.04275,1.11151,0.30542,0.31101,0.31618,1.61188,1.67584,1.61573,2.06774,2.2771,0.21651,0.71956
2026-01-20 08:00:00,1.91247,0,0.05753,0.03881,0.01227,0.00675,0.00843,0.0087,0.04333,0.17624,0.45924,1.052,0.00761,1.11143,1.61034,0,0.00639,0.0065,0,0.00582,0,1.6143,0.52482,0.19104,0.3376,0.03046,1.78674,0.30499,0.04635,0.13643,0.48044,1.6238,0.31094,0.31611,0.00135,2.27436,0.04262,1.11143,0.30499,0.31094,0.31611,1.61034,1.67385,1.6143,2.06498,2.27436,0.21662,0.71951
2026-01-20 09:00:00,1.92164,0,0.05743,0.0387,0.01219,0.00673,0.00841,0.00869,0.04322,0.17758,0.46087,1.05104,0.00759,1.11135,1.60881,0,0.00638,0.00649,0,0.0058,0,1.61287,0.52769,0.19143,0.33835,0.0304,1.78872,0.30456,0.04671,0.13579,0.48064,1.62276,0.31087,0.31602,0.00135,2.27164,0.0425,1.11135,0.30456,0.31087,0.31602,1.60881,1.67187,1.61287,2.06225,2.27164,0.21674,0.71946
2026-01-20 10:00:00,1.93081,0,0.05733,0.03861,0.0121,0.00673,0.0084,0.00868,0.04311,0.17874,0.46231,1.05021,0.00757,1.11127,1.60728,0.00001,0.00636,0.00648,0,0.00578,0,1.61146,0.52969,0.19182,0.3391,0.03033,1.7907,0.30413,0.04705,0.13523,0.48083,1.62173,0.31079,0.31594,0.00134,2.26893,0.04237,1.11127,0.30413,0.31079,0.31594,1.60728,1.66989,1.61146,2.05952,2.26893,0.21686,0.71941
2026-01-20 11:00:00,1.93997,0,0.05723,0.03854,0.01202,0.00673,0.00839,0.00867,0.043,0.18005,0.46389,1.04926,0.00756,1.11119,1.60574,0.00002,0.00635,0.00647,0,0.00575,0,1.61005,0.53019,0.19221,0.33986,0.03027,1.79269,0.30371,0.0474,0.13465,0.48102,1.6207,0.31072,0.31585,0.00133,2.26623,0.04224,1.11119,0.30371,0.31072,0.31585,1.60574,1.66793,1.61005,2.0568,2.26623,0.21697,0.71937
2026-01-20 12:00:00,1.94914,0,0.05714,0.03848,0.01194,0.00672,0.00837,0.00866,0.04289,0.18148,0.4655,1.04814,0.00755,1.11111,1.60422,0.00004,0.00634,0.00646,0,0.00573,0,1.60863,0.52963,0.19259,0.34061,0.0302,1.79467,0.30328,0.04775,0.13407,0.48119,1.61963,0.31064,0.31578,0.00131,2.26353,0.04211,1.11111,0.30328,0.31064,0.31578,1.60422,1.66596,1.60863,2.05409,2.26353,0.21706,0.71103
2026-01-20 13:00:00,1.9488,0,0.05705,0.03842,0.01186,0.00671,0.00835,0.00865,0.04277,0.18271,0.46683,1.04699,0.00753,1.11103,1.60271,0.00006,0.00633,0.00645,0,0.00571,0,1.60723,0.52836,0.19202,0.34052,0.03014,1.79061,0.30285,0.04763,0.13299,0.48127,1.61545,0.31058,0.31569,0.0013,2.26085,0.04199,1.11103,0.30285,0.31058,0.31569,1.60271,1.66401,1.60723,2.0514,2.26085,0.21705,0.70261
2026-01-20 14:00:00,1.94846,0,0.05695,0.03835,0.01179,0.0067,0.00833,0.00863,0.04265,0.18358,0.46775,1.04587,0.00752,1.11096,1.60119,0.00008,0.00632,0.00644,0,0.00568,0,1.60584,0.52658,0.19144,0.34042,0.03007,1.78655,0.30242,0.04753,0.13177,0.48124,1.61116,0.3105,0.31561,0.00129,2.25818,0.04186,1.11096,0.30242,0.3105,0.31561,1.60119,1.66205,1.60584,2.04871,2.25818,0.21694,0.70256
2026-01-20 15:00:00,1.94812,0,0.05685,0.03824,0.01171,0.00668,0.00832,0.00862,0.04253,0.18436,0.46855,1.04483,0.00751,1.11087,1.59968,0.0001,0.00631,0.00643,0,0.00565,0,1.60444,0.52446,0.19087,0.34033,0.03001,1.78249,0.30199,0.04741,0.13044,0.48106,1.60675,0.31043,0.31554,0.00129,2.25552,0.04174,1.11087,0.30199,0.31043,0.31554,1.59968,1.6601,1.60444,2.04603,2.25552,0.2167,0.70251
2026-01-20 16:00:00,1.94778,0,0.05676,0.03815,0.01163,0.00668,0.00831,0.00861,0.04242,0.18525,0.46945,1.04371,0.0075,1.11079,1.59818,0.00012,0.0063,0.00642,0,0.00563,0,1.60305,0.52187,0.1903,0.34023,0.02995,1.77843,0.30157,0.0473,0.12906,0.48052,1.60196,0.31036,0.31545,0.00128,2.25287,0.04161,1.11079,0.30157,0.31036,0.31545,1.59818,1.65816,1.60305,2.04337,2.25287,0.21608,0.70246
2026-01-20 17:00:00,1.94744,0,0.05668,0.03808,0.01154,0.00668,0.00829,0.00859,0.0423,0.1851,0.4694,1.0423,0.00749,1.11071,1.59667,0.00013,0.00629,0.00641,0,0.0056,0,1.60166,0.51876,0.18972,0.34014,0.02988,1.77437,0.30114,0.04719,0.12768,0.47977,1.59695,0.31028,0.31538,0.00127,2.25023,0.04149,1.11071,0.30114,0.31028,0.31538,1.59667,1.65622,1.60166,2.04071,2.25023,0.21525,0.7024
2026-01-20 18:00:00,1.9471,0,0.0566,0.03802,0.01147,0.00667,0.00828,0.00858,0.04218,0.18577,0.46989,1.04063,0.00747,1.11063,1.59517,0.00015,0.00628,0.0064,0,0.00558,0,1.60029,0.51528,0.18915,0.34004,0.02983,1.77031,0.30072,0.04707,0.12625,0.47922,1.59215,0.31021,0.31529,0.00125,2.2476,0.04136,1.11063,0.30072,0.31021,0.31529,1.59517,1.65429,1.60029,2.03806,2.2476,0.21462,0.70234
2026-01-20 19:00:00,1.93726,0,0.0565,0.03797,0.0114,0.00667,0.00826,0.00857,0.04205,0.1863,0.47026,1.0396,0.00746,1.11056,1.59368,0.00018,0.00627,0.00639,0,0.00556,0,1.59892,0.51155,0.18904,0.33947,0.02977,1.76588,0.3003,0.04659,0.12764,0.47879,1.59016,0.31014,0.31522,0.00124,2.24498,0.04124,1.11056,0.3003,0.31014,0.31522,1.59368,1.65236,1.59892,2.03542,2.24498,0.21411,0.70227
2026-01-20 20:00:00,1.92742,0,0.0564,0.0379,0.01132,0.00665,0.00824,0.00856,0.04193,0.18574,0.4697,1.03918,0.00744,1.11047,1.59219,0.0002,0.00626,0.00637,0,0.00554,0,1.59755,0.50764,0.18892,0.33889,0.0297,1.76145,0.29988,0.04609,0.12891,0.47855,1.58835,0.31007,0.31513,0.00124,2.24236,0.04112,1.11047,0.29988,0.31007,0.31513,1.59219,1.65044,1.59755,2.03278,2.24236,0.2138,0.70219
2026-01-20 21:00:00,1.91759,0,0.0563,0.03779,0.01125,0.00664,0.00822,0.00855,0.04181,0.186,0.46973,1.03884,0.00743,1.1104,1.5907,0.00022,0.00625,0.00636,0,0.00552,0,1.59618,0.5036,0.18881,0.33832,0.02964,1.75702,0.29946,0.0456,0.13011,0.4782,1.58644,0.30999,0.31505,0.00123,2.23976,0.041,1.1104,0.29946,0.30999,0.31505,1.5907,1.64851,1.59618,2.03016,2.23976,0.21337,0.70209
2026-01-20 22:00:00,1.90775,0,0.0562,0.0377,0.01116,0.00663,0.00821,0.00854,0.0417,0.18616,0.4697,1.03872,0.00742,1.11032,1.58923,0.00023,0.00623,0.00636,0,0.00549,0,1.59483,0.5005,0.1887,0.33775,0.02959,1.75258,0.29904,0.04511,0.13126,0.47754,1.58423,0.30993,0.31497,0.00123,2.23716,0.04087,1.11032,0.29904,0.30993,0.31497,1.58923,1.6466,1.59483,2.02755,2.23716,0.21264,0.70199
2026-01-20 23:00:00,1.89791,0,0.05611,0.03763,0.01109,0.00663,0.00819,0.00853,0.04159,0.18622,0.46952,1.03824,0.0074,1.11024,1.58774,0.00026,0.00622,0.00636,0,0.00547,0,1.59348,0.49857,0.18858,0.33717,0.02952,1.74815,0.29861,0.04462,0.13237,0.47677,1.58188,0.30985,0.31489,0.00122,2.23457,0.04075,1.11024,0.29861,0.30985,0.31489,1.58774,1.64468,1.59348,2.02494,2.23457,0.21179,0.70187
2026-01-21 00:00:00,1.88807,0,0.05603,0.03757,0.01102,0.00662,0.00818,0.00852,0.04147,0.18718,0.46993,1.03756,0.00739,1.11016,1.58627,0.00028,0.00621,0.00637,0,0.00545,0,1.59213,0.49697,0.18847,0.3366,0.02946,1.74372,0.29819,0.04413,0.1335,0.47619,1.57974,0.30979,0.31481,0.0012,2.23199,0.04063,1.11016,0.29819,0.30979,0.31481,1.58627,1.64278,1.59213,2.02236,2.23199,0.21113,0.70172
2026-01-21 01:00:00,1.88091,0,0.05594,0.03751,0.01094,0.00662,0.00816,0.00851,0.04135,0.18724,0.46969,1.03689,0.00738,1.11009,1.5848,0.0003,0.0062,0.00638,0,0.00543,0,1.59078,0.49565,0.18973,0.33733,0.02941,1.74316,0.29777,0.04394,0.13696,0.47583,1.58263,0.30971,0.31473,0.00119,2.22942,0.04051,1.11009,0.29777,0.30971,0.31473,1.5848,1.64087,1.59078,2.01977,2.22942,0.21069,0.70156
2026-01-21 02:00:00,1.87374,0,0.05584,0.03744,0.01087,0.0066,0.00814,0.00849,0.04124,0.18837,0.47048,1.03594,0.00736,1.11,1.58333,0.00032,0.00619,0.00639,0,0.00541,0,1.58944,0.49453,0.19101,0.33807,0.02935,1.7426,0.29735,0.04374,0.14053,0.47572,1.58577,0.30965,0.31465,0.00118,2.22686,0.04039,1.11,0.29735,0.30965,0.31465,1.58333,1.63898,1.58944,2.01719,2.22686,0.2105,0.70136
2026-01-21 03:00:00,1.86658,0,0.05575,0.03733,0.01079,0.00659,0.00813,0.00848,0.04113,0.18866,0.47081,1.03509,0.00734,1.10993,1.58187,0.00034,0.00618,0.0064,0,0.00539,0,1.58811,0.49358,0.19228,0.3388,0.02929,1.74204,0.29693,0.04354,0.14412,0.47561,1.58891,0.30957,0.31457,0.00118,2.22431,0.04027,1.10993,0.29693,0.30957,0.31457,1.58187,1.63708,1.58811,2.01462,2.22431,0.21031,0.70111
2026-01-21 04:00:00,1.85941,0,0.05566,0.03724,0.01071,0.00658,0.00812,0.00847,0.04101,0.18951,0.47179,1.03421,0.00733,1.10984,1.58041,0.00036,0.00617,0.00641,0,0.00536,0,1.58677,0.49298,0.19355,0.33953,0.02922,1.74148,0.29651,0.04335,0.14777,0.47555,1.5921,0.30955,0.31449,0.00117,2.22177,0.04015,1.10984,0.29651,0.30955,0.31449,1.58041,1.63519,1.58677,2.01205,2.22177,0.21017,0.7008
2026-01-21 05:00:00,1.85225,0,0.05558,0.03717,0.01063,0.00658,0.0081,0.00845,0.04089,0.19046,0.47296,1.03349,0.00731,1.10977,1.57895,0.00038,0.00616,0.00641,0,0.00534,0,1.58544,0.4929,0.19483,0.34027,0.02917,1.74092,0.29608,0.04315,0.15142,0.47554,1.59535,0.30952,0.31441,0.00117,2.21923,0.04003,1.10977,0.29608,0.30952,0.31441,1.57895,1.63331,1.58544,2.0095,2.21923,0.21009,0.70041
2026-01-21 06:00:00,1.84508,0,0.0555,0.03712,0.01056,0.00657,0.00809,0.00844,0.04077,0.19143,0.4743,1.03302,0.0073,1.10969,1.5775,0.0004,0.00615,0.00642,0,0.00532,0,1.58412,0.49321,0.1961,0.341,0.02911,1.74036,0.29567,0.04296,0.15508,0.47553,1.5986,0.30949,0.31433,0.00117,2.2167,0.03991,1.10969,0.29567,0.30949,0.31433,1.5775,1.63142,1.58412,2.00695,2.2167,0.21001,0.69988
2026-01-21 07:00:00,1.84788,0,0.05541,0.03708,0.01049,0.00657,0.00807,0.00843,0.04064,0.1925,0.47566,1.03222,0.00729,1.10961,1.57605,0.00042,0.00614,0.00644,0,0.0053,0,1.58281,0.49383,0.19711,0.34268,0.02905,1.74249,0.29525,0.04311,0.15374,0.47556,1.59656,0.30947,0.31426,0.00117,2.21418,0.03979,1.10961,0.29525,0.30947,0.31426,1.57605,1.62955,1.58281,2.00441,2.21418,0.20996,0.69914
2026-01-21 08:00:00,1.85067,0,0.05532,0.03702,0.01042,0.00655,0.00805,0.00842,0.04052,0.19316,0.4767,1.03119,0.00728,1.10953,1.5746,0.00044,0.00613,0.00645,0,0.00528,0,1.58149,0.49469,0.19812,0.34435,0.029,1.74462,0.29483,0.04328,0.15253,0.47561,1.59455,0.30945,0.31417,0.00117,2.21167,0.03967,1.10953,0.29483,0.30945,0.31417,1.5746,1.62767,1.58149,2.00188,2.21167,0.20993,0.69804
2026-01-21 09:00:00,1.85347,0,0.05523,0.03694,0.01035,0.00654,0.00803,0.00841,0.04041,0.19377,0.47774,1.03018,0.00727,1.10946,1.57316,0.00048,0.00612,0.00645,0,0.00526,0,1.58018,0.49574,0.19913,0.34603,0.02894,1.74676,0.29441,0.04344,0.15143,0.47562,1.59251,0.30942,0.3141,0.00117,2.20916,0.03956,1.10946,0.29441,0.30942,0.3141,1.57316,1.6258,1.58018,1.99937,2.20916,0.20987,0.69619
2026-01-21 10:00:00,1.85627,0,0.05515,0.03688,0.01027,0.00653,0.00802,0.0084,0.0403,0.19413,0.47863,1.02921,0.00725,1.10937,1.57172,0.0005,0.00611,0.00645,0,0.00523,0,1.57887,0.49652,0.20013,0.3477,0.02888,1.74889,0.29399,0.0436,0.1503,0.47558,1.59039,0.3094,0.31401,0.00117,2.20667,0.03944,1.10937,0.29399,0.3094,0.31401,1.57172,1.62393,1.57887,1.99685,2.20667,0.20975,0.69251
2026-01-21 11:00:00,1.85906,0,0.05507,0.03683,0.0102,0.00653,0.008,0.00839,0.0402,0.19461,0.47955,1.02813,0.00724,1.1093,1.57027,0.00052,0.0061,0.00647,0,0.00521,0,1.57758,0.49669,0.20114,0.34938,0.02883,1.75102,0.29357,0.04376,0.14922,0.4755,1.58825,0.30937,0.31394,0.00116,2.20418,0.03932,1.1093,0.29357,0.30937,0.31394,1.57027,1.62207,1.57758,1.99434,2.20418,0.20959,0.68144
2026-01-21 12:00:00,1.86186,0,0.055,0.03678,0.01014,0.00652,0.00799,0.00838,0.04009,0.19523,0.48047,1.0269,0.00722,1.10922,1.56884,0.00054,0.00609,0.00648,0,0.00519,0,1.57628,0.49638,0.20215,0.35105,0.02878,1.75315,0.29315,0.04391,0.14817,0.47546,1.58614,0.30935,0.31386,0.00115,2.2017,0.0392,1.10922,0.29315,0.30935,0.31386,1.56884,1.62021,1.57628,1.99184,2.2017,0.20947,0.68084
2026-01-21 13:00:00,1.86042,0,0.05491,0.03673,0.01007,0.00652,0.00797,0.00838,0.03998,0.19564,0.48102,1.02554,0.00721,1.10915,1.56742,0.00056,0.00608,0.00649,0,0.00517,0,1.57498,0.49569,0.20166,0.35154,0.02872,1.7498,0.29274,0.04379,0.14607,0.47539,1.58112,0.30932,0.31378,0.00114,2.19922,0.03908,1.10915,0.29274,0.30932,0.31378,1.56742,1.61836,1.57498,1.98934,2.19922,0.20932,0.67563
2026-01-21 14:00:00,1.85898,0,0.05482,0.03666,0.01001,0.0065,0.00795,0.00837,0.03987,0.19582,0.48114,1.02406,0.0072,1.10906,1.56598,0.00059,0.00607,0.0065,0,0.00515,0,1.57369,0.49472,0.20116,0.35202,0.02866,1.74645,0.29232,0.04366,0.14391,0.47531,1.5761,0.3093,0.31371,0.00113,2.19675,0.03897,1.10906,0.29232,0.3093,0.31371,1.56598,1.6165,1.57369,1.98686,2.19675,0.20916,0.67563
2026-01-21 15:00:00,1.85754,0,0.05474,0.03655,0.00994,0.00649,0.00794,0.00836,0.03976,0.19597,0.4811,1.02257,0.00718,1.10899,1.56456,0.00061,0.00606,0.00651,0,0.00513,0,1.57241,0.49353,0.20067,0.35251,0.02862,1.7431,0.2919,0.04354,0.14167,0.47511,1.57095,0.30928,0.31363,0.00113,2.19429,0.03885,1.10899,0.2919,0.30928,0.31363,1.56456,1.61466,1.57241,1.98439,2.19429,0.20888,0.67563
2026-01-21 16:00:00,1.8561,0,0.05466,0.03647,0.00987,0.00648,0.00793,0.00835,0.03965,0.19631,0.48115,1.02092,0.00717,1.10891,1.56314,0.00063,0.00605,0.00652,0,0.0051,0,1.57113,0.49194,0.20018,0.35299,0.02856,1.73975,0.29149,0.0434,0.13939,0.47455,1.56541,0.30925,0.31356,0.00112,2.19184,0.03873,1.10891,0.29149,0.30925,0.31356,1.56314,1.61281,1.57113,1.98191,2.19184,0.20823,0.67563
2026-01-21 17:00:00,1.85466,0,0.05458,0.0364,0.0098,0.00648,0.00791,0.00834,0.03954,0.19569,0.4803,1.01892,0.00716,1.10884,1.56171,0.00065,0.00604,0.00653,0,0.00508,0,1.56985,0.48985,0.19969,0.35347,0.0285,1.7364,0.29107,0.04328,0.13714,0.47381,1.55974,0.30923,0.31347,0.00111,2.1894,0.03862,1.10884,0.29107,0.30923,0.31347,1.56171,1.61096,1.56985,1.97944,2.1894,0.20742,0.67563
2026-01-21 18:00:00,1.85322,0,0.0545,0.03635,0.00973,0.00647,0.0079,0.00833,0.03942,0.19589,0.48,1.01662,0.00714,1.10875,1.5603,0.00067,0.00603,0.00654,0,0.00506,0,1.56857,0.48737,0.1992,0.35396,0.02844,1.73305,0.29067,0.04315,0.13485,0.47325,1.55423,0.30921,0.3134,0.0011,2.18696,0.0385,1.10875,0.29067,0.30921,0.3134,1.5603,1.60913,1.56857,1.97698,2.18696,0.20678,0.67563
2026-01-21 19:00:00,1.8445,0,0.05442,0.03631,0.00967,0.00647,0.00788,0.00832,0.03929,0.19599,0.47964,1.01498,0.00713,1.10868,1.55889,0.0007,0.00602,0.00655,0,0.00504,0,1.56731,0.48457,0.1984,0.35309,0.0284,1.72854,0.29025,0.04272,0.13477,0.47283,1.55106,0.30918,0.31333,0.00109,2.18452,0.03839,1.10868,0.29025,0.30918,0.31333,1.55889,1.60729,1.56731,1.97453,2.18452,0.20629,0.67563
2026-01-21 20:00:00,1.83578,0,0.05433,0.03626,0.0096,0.00645,0.00786,0.0083,0.03917,0.19515,0.47844,1.014,0.00712,1.1086,1.55747,0.00072,0.00601,0.00656,0,0.00502,0,1.56603,0.48154,0.19761,0.35222,0.02834,1.72403,0.28984,0.04229,0.13457,0.4726,1.54806,0.30916,0.31326,0.00109,2.1821,0.03828,1.1086,0.28984,0.30916,0.31326,1.55747,1.60546,1.56603,1.97208,2.1821,0.20598,0.67563
2026-01-21 21:00:00,1.82706,0,0.05425,0.03618,0.00953,0.00644,0.00784,0.00829,0.03906,0.19503,0.47784,1.01315,0.00711,1.10852,1.55607,0.00075,0.00601,0.00659,0,0.005,0,1.56477,0.47832,0.19681,0.35135,0.02828,1.71951,0.28942,0.04186,0.13434,0.47227,1.54498,0.30914,0.3132,0.00108,2.17968,0.03816,1.10852,0.28942,0.30914,0.3132,1.55607,1.60363,1.56477,1.96964,2.17968,0.20557,0.67563
2026-01-21 22:00:00,1.81833,0,0.05417,0.03612,0.00945,0.00643,0.00783,0.00828,0.03895,0.19483,0.47728,1.01256,0.00709,1.10844,1.55467,0.00077,0.006,0.0066,0,0.00498,0,1.5635,0.4753,0.19601,0.35049,0.02823,1.715,0.289,0.04144,0.13406,0.47163,1.54159,0.30911,0.31313,0.00108,2.17726,0.03805,1.10844,0.289,0.30911,0.31313,1.55467,1.60181,1.5635,1.96721,2.17726,0.20486,0.67563
2026-01-21 23:00:00,1.80961,0,0.05409,0.03607,0.00938,0.00643,0.00782,0.00827,0.03884,0.19453,0.47659,1.01168,0.00708,1.10837,1.55326,0.00079,0.00599,0.00661,0,0.00496,0,1.56225,0.47281,0.19522,0.34962,0.02818,1.71049,0.28858,0.041,0.13375,0.4709,1.53808,0.30909,0.31308,0.00107,2.17486,0.03794,1.10837,0.28858,0.30909,0.31308,1.55326,1.59998,1.56225,1.96478,2.17486,0.20405,0.67563
2026-01-22 00:00:00,1.80089,0,0.05401,0.03602,0.00932,0.00643,0.00781,0.00825,0.03874,0.1949,0.47639,1.01065,0.00707,1.10829,1.55186,0.00082,0.00598,0.00662,0,0.00494,0,1.561,0.47071,0.19442,0.34875,0.02812,1.70598,0.28817,0.04058,0.13344,0.47033,1.53476,0.30907,0.31301,0.00106,2.17246,0.03783,1.10829,0.28817,0.30907,0.31301,1.55186,1.59817,1.561,1.96236,2.17246,0.2034,0.67563
2026-01-22 01:00:00,1.79491,0,0.05393,0.03597,0.00925,0.00642,0.00779,0.00824,0.03863,0.19454,0.47567,1.00925,0.00705,1.10821,1.55047,0.00084,0.00597,0.00663,0,0.00492,0,1.55974,0.46892,0.19427,0.34813,0.02807,1.70379,0.28775,0.04034,0.13422,0.46997,1.53372,0.30905,0.31296,0.00105,2.17006,0.03772,1.10821,0.28775,0.30905,0.31296,1.55047,1.59635,1.55974,1.95994,2.17006,0.20296,0.67563
2026-01-22 02:00:00,1.78893,0,0.05384,0.0359,0.00919,0.0064,0.00778,0.00823,0.03853,0.19492,0.47578,1.00704,0.00704,1.10813,1.54906,0.00087,0.00596,0.00665,0,0.0049,0,1.55849,0.46738,0.19412,0.34751,0.02802,1.70159,0.28734,0.0401,0.13506,0.46982,1.5329,0.30903,0.3129,0.00104,2.16768,0.03761,1.10813,0.28734,0.30903,0.3129,1.54906,1.59454,1.55849,1.95755,2.16768,0.20274,0.67563
2026-01-22 03:00:00,1.78296,0,0.05376,0.03579,0.00912,0.00639,0.00777,0.00822,0.03843,0.19469,0.47546,1.00471,0.00703,1.10806,1.54767,0.00089,0.00595,0.00666,0,0.00488,0,1.55726,0.46602,0.19396,0.34689,0.02797,1.6994,0.28692,0.03985,0.13594,0.46965,1.53205,0.309,0.31285,0.00103,2.1653,0.0375,1.10806,0.28692,0.309,0.31285,1.54767,1.59273,1.55726,1.95514,2.1653,0.20249,0.67563
2026-01-22 04:00:00,1.77698,0,0.05368,0.03571,0.00906,0.00638,0.00776,0.00821,0.03832,0.19479,0.47561,1.00232,0.00702,1.10798,1.54629,0.00091,0.00594,0.00667,0,0.00486,0,1.55601,0.4648,0.19381,0.34626,0.02792,1.6972,0.28651,0.03961,0.13681,0.46941,1.53113,0.30898,0.31279,0.00103,2.16293,0.03738,1.10798,0.28651,0.30898,0.31279,1.54629,1.59093,1.55601,1.95274,2.16293,0.20217,0.67563
2026-01-22 05:00:00,1.771,0,0.0536,0.03564,0.00899,0.00638,0.00775,0.0082,0.03821,0.19492,0.47585,1.00001,0.007,1.1079,1.54489,0.00095,0.00593,0.00668,0,0.00484,0,1.55477,0.46366,0.19366,0.34564,0.02786,1.695,0.28611,0.03937,0.13769,0.46918,1.53021,0.30896,0.31275,0.00102,2.16056,0.03727,1.1079,0.28611,0.30896,0.31275,1.54489,1.58912,1.55477,1.95034,2.16056,0.20185,0.67563
2026-01-22 06:00:00,1.76502,0,0.05353,0.03559,0.00893,0.00638,0.00774,0.0082,0.03809,0.19506,0.47617,0.99788,0.00699,1.10782,1.54351,0.00097,0.00592,0.00669,0,0.00482,0,1.55354,0.46259,0.19351,0.34502,0.02782,1.69281,0.2857,0.03913,0.13864,0.469,1.52935,0.30894,0.31269,0.00101,2.1582,0.03716,1.10782,0.2857,0.30894,0.31269,1.54351,1.58731,1.55354,1.94795,2.1582,0.20159,0.67563
2026-01-22 07:00:00,1.763,0,0.05345,0.03555,0.00888,0.00637,0.00772,0.00819,0.03797,0.19519,0.47644,1.00552,0.00698,1.10774,1.54213,0.00099,0.00591,0.00671,0,0.0048,0,1.5523,0.46156,0.20026,0.34605,0.02777,1.7025,0.28528,0.03909,0.13728,0.46919,1.53518,0.30892,0.31265,0.001,2.15585,0.03711,1.10774,0.28528,0.30892,0.31265,1.54213,1.58552,1.5523,1.94557,2.15585,0.20171,0.67563
2026-01-22 08:00:00,1.76098,0,0.05336,0.0355,0.00882,0.00635,0.00771,0.00818,0.03785,0.19508,0.47643,1.02638,0.00696,1.10767,1.54074,0.00102,0.0059,0.00673,0,0.00478,0,1.55108,0.46058,0.20701,0.34708,0.02771,1.71218,0.28487,0.03903,0.13603,0.46975,1.54136,0.3089,0.31261,0.00099,2.1535,0.03705,1.10767,0.28487,0.3089,0.31261,1.54074,1.58372,1.55108,1.94319,2.1535,0.20219,0.67563
2026-01-22 09:00:00,1.75896,0,0.05328,0.03542,0.00876,0.00634,0.0077,0.00817,0.03774,0.19494,0.47634,1.05168,0.00695,1.10759,1.53936,0.00105,0.00589,0.00675,0,0.00477,0,1.54985,0.45963,0.21376,0.34812,0.02767,1.72187,0.28446,0.03899,0.13479,0.47085,1.5481,0.30887,0.31256,0.00099,2.15116,0.037,1.10759,0.28446,0.30887,0.31256,1.53936,1.58193,1.54985,1.94083,2.15116,0.20322,0.67563
2026-01-22 10:00:00,1.75693,0,0.0532,0.03536,0.00869,0.00633,0.00768,0.00816,0.03763,0.19467,0.47614,1.07846,0.00695,1.10751,1.53799,0.00107,0.00587,0.00676,0,0.00475,0,1.54863,0.46083,0.2205,0.34915,0.02762,1.73156,0.28405,0.03894,0.13357,0.47361,1.55649,0.30885,0.31252,0.00098,2.14882,0.03695,1.10751,0.28405,0.30885,0.31252,1.53799,1.58014,1.54863,1.93846,2.14882,0.2059,0.67563
2026-01-22 11:00:00,1.75491,0,0.05312,0.03535,0.00863,0.00633,0.00768,0.00816,0.03752,0.19449,0.47588,1.10559,0.00696,1.10743,1.53661,0.0011,0.00586,0.00677,0,0.00473,0,1.5474,0.46583,0.22725,0.35018,0.02756,1.74124,0.28364,0.03889,0.1324,0.47719,1.5657,0.30883,0.31247,0.00097,2.1465,0.03689,1.10743,0.28364,0.30883,0.31247,1.53661,1.57835,1.5474,1.93609,2.1465,0.20941,0.67563
2026-01-22 12:00:00,1.75289,0,0.05305,0.03547,0.00856,0.00633,0.00767,0.00816,0.0374,0.19437,0.47565,1.13272,0.00697,1.10736,1.53524,0.00112,0.00585,0.00679,0,0.00471,0,1.54619,0.4738,0.234,0.35121,0.02751,1.75093,0.28323,0.03884,0.13121,0.47997,1.57411,0.30881,0.31243,0.00096,2.14417,0.03684,1.10736,0.28323,0.30881,0.31243,1.53524,1.57656,1.54619,1.93375,2.14417,0.21211,0.67569
