GMT,FRAC1,LTDC1,HIDC1,BHNC1,MPAC1,OWCC1,BNCC1,BCKC1,MEEC1,HPIC1,POHC1,EXQC1,DSNC1,STVC1,NWMC1,LGCC1,WARC1,LGAC1,PNEC1,LBDC1,OREC1,PATC1,HETC1,LNRC1,CHVC1F,DCMC1,NDPC1,MDSC1,NDVC1,NSWC1,AVYC1,NMSC1,OBBC1,RIPC1,PTTC1,VNSC1,KNFC1L,STVC1,MDSC1,OBBC1,RIPC1,NWMC1,CRDC1,PATC1,MZRC1,VNSC1,AVYC1L,NDPC1L
,QINE,QINE,QINE,QINE,QINE,QINE,QINE,QINE,QINE,QINE,QINE,QINE,QINE,QINE,QINE,QINE,QINE,QINE,QINE,QINE,QINE,QINE,QINE,QINE,QINE,QINE,QINE,QINE,QINE,QINE,QINE,QINE,QINE,QINE,QINE,QINE,QINE,QINE,QINE,QINE,QINE,QINE,QINE,QINE,QINE,QINE,SQIN,SQIN
2026-01-01 12:00:00,4.82896,0.01336,0.07798,0.04042,0.028,0.005,0.011,0.013,0.05759,0.27197,0.5086,1.34698,0.03212,0.14202,0.89297,0.00173,0,0.00102,0,0.01316,0.00001,0.9381,1.31636,0.7368,1.61819,0.027,3.86288,0.47025,0.09663,0.44397,0.39804,1.80826,0.25603,0.23227,0.00175,1.86602,0.10157,0.14202,0.47025,0.25603,0.23227,0.89297,0.96093,0.9381,1.41818,1.86602,0.90439,1.87247
2026-01-01 13:00:00,5.80913,0.0134,0.09361,0.07468,0.028,0.006,0.013,0.014,0.06214,0.30262,0.53292,1.55173,0.03644,0.14402,0.89625,0.00226,0.00666,0.00111,0,-0.0015,0.00001,0.9381,1.46511,0.8763,1.86257,0.026,4.99182,0.46744,0.10375,0.492,0.42605,2.18765,0.26303,0.23369,0.00175,1.85896,0.14642,0.14402,0.46744,0.26303,0.23369,0.89625,0.96093,0.9381,1.4176,1.85896,1.0018,2.23206
2026-01-01 14:00:00,6.35316,0.01345,0.10918,0.09485,0.028,0.006,0.019,0.014,0.06214,0.33844,0.55781,2.01276,0.04255,0.14602,0.89954,0.00411,0.01332,0.00119,0,-0.0015,0.00001,0.9421,1.74477,1.07782,2.19578,0.041,6.12076,0.48435,0.11287,0.57817,0.45405,2.57652,0.27403,0.23797,0.00195,1.86602,0.19127,0.14602,0.48435,0.27403,0.23797,0.89954,0.96801,0.9421,1.41814,1.86602,1.09668,2.53439
2026-01-01 15:00:00,6.78976,0.01351,0.11965,0.10193,0.03,0.007,0.08501,0.014,0.06787,0.38727,0.60933,2.5752,0.05666,0.14602,0.89954,0.00508,0.01999,0.00119,0,0.01416,0.00001,0.94911,2.13464,1.3479,2.61465,0.039,7.2497,0.5158,0.12979,0.70248,0.49005,3.00824,0.30003,0.2394,0.00195,1.87309,0.23612,0.14602,0.5158,0.30003,0.2394,0.89954,0.97156,0.94911,1.41927,1.87309,1.25896,2.83671
2026-01-01 16:00:00,6.89879,0.014,0.11991,0.10293,0.032,0.009,0.19002,0.015,0.06873,0.46342,0.69561,2.83118,0.08793,0.14502,0.89625,0.00534,0.02665,0.00119,0.00016,0.01466,0,0.95711,2.56363,1.63966,3.13724,0.0322,7.41986,0.53902,0.16696,0.82802,0.58907,3.54591,0.36204,0.2394,0.00215,1.86602,0.28097,0.14502,0.53902,0.36204,0.2394,0.89625,0.97512,0.95711,1.42048,1.86602,1.61581,3.13904
2026-01-01 17:00:00,6.89773,0.01656,0.12007,0.10285,0.04,0.015,0.77309,0.018,0.06873,0.55604,0.81795,3.29272,0.13788,0.14602,0.89954,0.0062,0.03331,0.00119,0.001,-0.001,0.00001,0.95711,3.02938,1.87841,3.49803,0.02556,7.59002,0.53319,0.2101,0.94745,0.68708,4.14358,0.44505,0.23797,0.00215,1.85896,0.32582,0.14602,0.53319,0.44505,0.23797,0.89954,0.97868,0.95711,1.42205,1.85896,2.06549,3.44136
2026-01-01 18:00:00,6.89933,0.02377,0.12027,0.10893,0.04701,0.042,1.29214,0.022,0.07049,0.67277,1.00043,3.60109,0.19823,0.14802,0.89625,0.01593,0.03997,0.00121,0.00081,-0.00739,0.00001,0.95711,3.36499,2.04739,3.59671,0.019,7.76018,0.50717,0.28627,1.04347,0.9181,4.7061,0.49906,0.23797,0.00236,1.84487,0.37067,0.14802,0.50717,0.49906,0.23797,0.89625,0.97512,0.95711,1.42497,1.84487,2.41346,3.74369
2026-01-01 19:00:00,7.1174,0.03898,0.09963,0.10901,0.05101,0.10701,1.29414,0.03,0.07321,0.77513,1.14648,3.72411,0.26063,0.15102,0.89297,0.22051,0.04581,0.00129,0.00064,0.01018,0.00001,0.95711,3.53445,2.15385,3.68542,0.019,7.93033,0.47588,0.36103,1.12284,1.27014,4.8535,0.56706,0.2394,0.00236,1.84487,0.37049,0.15102,0.47588,0.56706,0.2394,0.89297,0.97512,0.95711,1.42939,1.84487,2.63369,4.04602
2026-01-01 20:00:00,7.76993,0.06094,0.07896,0.12918,0.05701,0.16702,1.27414,0.06001,0.07757,0.78581,1.30121,3.84767,0.3205,0.15002,0.89625,0.1964,0.05165,0.00131,0.00064,0.02487,0.00001,0.95311,3.51691,2.19101,3.67295,0.01931,8.10049,0.45071,0.44338,1.16531,1.84221,4.92111,0.68808,0.24229,0.00236,1.83783,0.37031,0.15002,0.45071,0.68808,0.24229,0.89625,0.97156,0.95311,1.43412,1.83783,2.69666,4.34834
2026-01-01 21:00:00,8.53089,0.084,0.0686,0.15644,0.06101,0.16602,1.39116,0.12101,0.20816,0.82382,1.49633,4.05979,0.37116,0.14802,0.89297,0.13767,0.0575,0.00143,0.00049,0.03273,0.00001,0.95711,3.40452,2.1404,3.51736,0.01965,8.27065,0.43141,0.49095,1.16719,2.27425,4.96764,0.79809,0.24374,0.00259,1.85191,0.37013,0.14802,0.43141,0.79809,0.24374,0.89297,0.97156,0.95711,1.43771,1.85191,2.71921,4.65067
2026-01-01 22:00:00,9.83763,0.10789,0.07896,0.18369,0.06101,0.14402,1.41616,0.29203,0.58639,0.89708,1.59641,4.6344,0.38515,0.14702,0.89625,0.08325,0.06334,0.00304,0.00049,0.02051,0.00001,0.95711,3.23433,2.00331,3.16996,0.02,8.3722,0.42049,0.55973,1.15677,2.46727,4.9389,0.81109,0.24666,0.00283,1.85896,0.36995,0.14702,0.42049,0.81109,0.24666,0.89625,0.97156,0.95711,1.43944,1.85896,2.5891,4.95299
2026-01-01 23:00:00,11.1455,0.13555,0.09467,0.20494,0.06101,0.23703,1.28714,0.46605,0.73252,0.8962,1.65964,5.2019,0.36251,0.14602,0.89625,0.06605,0.06918,0.03667,0.00049,-0.00491,0.00001,0.95711,2.97231,1.89453,2.83349,0.022,8.47376,0.41236,0.50565,1.12726,2.22025,4.86504,0.75308,0.24959,0.00292,1.85896,0.36977,0.14602,0.41236,0.75308,0.24959,0.89625,0.97156,0.95711,1.43944,1.85896,2.3657,5.25532
2026-01-02 00:00:00,11.79819,0.15757,0.09985,0.20494,0.06201,0.25903,1.04212,0.59207,0.79009,0.89708,1.66695,5.61047,0.33441,0.14402,0.89625,0.05082,0.07502,0.06706,0.00064,-0.00294,0.00001,0.95311,2.78472,1.84584,2.7792,0.021,8.57531,0.40965,0.48179,1.08417,2.05023,4.82022,0.68408,0.25255,0.00308,1.85191,0.36959,0.14402,0.40965,0.68408,0.25255,0.89625,0.96801,0.95311,1.43816,1.85191,2.20168,5.55764
2026-01-02 01:00:00,12.34283,0.1752,0.11539,0.20486,0.06801,0.24603,0.8711,0.65707,0.88786,0.89708,1.70366,6.10159,0.30749,0.14302,0.89625,0.03896,0.06485,0.07412,0.00143,0.00003,0.00001,0.95311,2.59766,1.77561,2.62775,0.024,8.67686,0.40696,0.50385,1.04047,1.86121,4.82288,0.61607,0.25404,0.00335,1.85896,0.35147,0.14302,0.40696,0.61607,0.25404,0.89625,0.96801,0.95311,1.43606,1.85896,2.06823,5.85997
2026-01-02 02:00:00,12.88793,0.18856,0.13102,0.20586,0.07301,0.23403,0.75608,0.67107,1.06387,0.91448,1.73332,6.49013,0.28224,0.14302,0.89625,0.03173,0.05469,0.08495,0.0012,-0.00438,0.00001,0.94911,2.44793,1.7068,2.43549,0.024,8.77842,0.40427,0.5219,0.99736,1.7572,4.85079,0.56306,0.25702,0.00335,1.88017,0.33334,0.14302,0.40427,0.56306,0.25702,0.89625,0.96801,0.94911,1.43348,1.88017,2.0019,6.1623
2026-01-02 03:00:00,13.43256,0.19768,0.15174,0.21894,0.07601,0.20602,0.66907,0.67408,1.23652,0.87417,1.73332,6.63683,0.25974,0.14302,0.89297,0.02694,0.04452,0.10722,0.00081,-0.01907,0.00001,0.94611,2.33843,1.63935,2.33516,0.026,8.87997,0.40157,0.54297,0.95486,1.73819,4.86476,0.53106,0.25852,0.00335,1.89437,0.31522,0.14302,0.40157,0.53106,0.25852,0.89297,0.96447,0.94611,1.43072,1.89437,1.92225,5.91165
2026-01-02 04:00:00,13.65063,0.20382,0.17759,0.24611,0.09601,0.17602,0.55106,0.66907,1.38115,0.87987,1.73332,6.47092,0.24,0.14302,0.89297,0.02355,0.03435,0.13206,0.01752,-0.01468,0.00001,0.94611,2.17202,1.58607,2.19855,0.029,8.98152,0.40157,0.52701,0.92346,1.58618,4.86563,0.51506,0.25702,0.00335,1.90149,0.2971,0.14302,0.40157,0.51506,0.25702,0.89297,0.96447,0.94611,1.42796,1.90149,1.83198,5.661
2026-01-02 05:00:00,13.58379,0.19696,0.22424,0.29445,0.15002,0.15702,0.38204,0.65007,1.48575,0.85158,1.71846,6.20959,0.22308,0.14202,0.89297,0.02038,0.02419,0.11465,0.01435,0.00586,0.00001,0.9421,2.07825,1.52435,2.18368,0.03,9.08307,0.40157,0.50007,0.91357,1.51717,4.86138,0.51906,0.26003,0.00335,1.91576,0.27897,0.14202,0.40157,0.51906,0.26003,0.89297,0.96093,0.9421,1.42517,1.91576,1.74631,5.41035
2026-01-02 06:00:00,13.23543,0.18644,0.30221,0.36304,0.21402,0.13101,0.34148,0.61707,1.58076,0.81286,1.65236,6.1108,0.20838,0.14302,0.8897,0.01784,0.01402,0.1006,0.01149,0.00586,0.00001,0.9421,1.96892,1.45098,2.07595,0.033,9.18463,0.40157,0.46148,0.8988,1.45116,4.85825,0.51506,0.26295,0.00363,1.92291,0.26085,0.14302,0.40157,0.51506,0.26295,0.8897,0.96093,0.9421,1.42235,1.92291,1.67583,5.15971
2026-01-02 07:00:00,12.11383,0.1699,0.38539,0.43172,0.27103,0.10801,0.32232,0.58607,1.68936,0.80741,1.62341,5.91253,0.1952,0.14302,0.8897,0.01547,0.01253,0.08954,0.01018,0.00288,0.00001,0.9381,1.89456,1.38115,1.97638,0.036,9.28618,0.40427,0.42909,0.85389,1.33915,4.90142,0.49506,0.26885,0.00363,1.92291,0.24798,0.14302,0.40427,0.49506,0.26885,0.8897,0.96093,0.9381,1.41958,1.92291,1.6288,4.90906
2026-01-02 08:00:00,10.69596,0.15042,0.46341,0.48722,0.31103,0.05801,0.31904,0.54406,1.77617,0.77513,1.59472,5.66202,0.18321,0.14202,0.8897,0.01413,0.01103,0.07957,0.00895,-0.0118,0.00001,0.9381,1.87512,1.3094,1.94816,0.038,9.38773,0.40696,0.40052,0.79789,1.32415,4.93317,0.47605,0.27785,0.0039,1.92291,0.2351,0.14202,0.40696,0.47605,0.27785,0.8897,0.9574,0.9381,1.41695,1.92291,1.60051,4.65841
2026-01-02 09:00:00,9.10456,0.13073,0.52597,0.52248,0.33504,0.05147,0.29603,0.49406,1.83557,0.76453,1.55921,5.41168,0.17257,0.14202,0.8897,0.01161,0.00954,0.07093,0.00779,-0.0118,0.00001,0.9341,1.81791,1.25795,1.78127,0.036,9.48928,0.40965,0.38066,0.74309,1.22614,4.93659,0.45705,0.29165,0.0039,1.92291,0.22223,0.14202,0.40965,0.45705,0.29165,0.8897,0.9574,0.9341,1.41442,1.92291,1.56284,4.40777
2026-01-02 10:00:00,7.63626,0.1127,0.57478,0.53656,0.34704,0.05001,0.28103,0.43805,1.86959,0.72807,1.48254,5.21292,0.16313,0.14302,0.89297,0.01038,0.00805,0.06311,0.00672,-0.00297,0.00001,0.9341,1.79917,1.18764,1.76105,0.04,9.2247,0.41778,0.36645,0.684,1.11312,4.89742,0.43405,0.31064,0.0039,1.92291,0.20935,0.14302,0.41778,0.43405,0.31064,0.89297,0.9574,0.9341,1.41208,1.92291,1.49654,4.15712
2026-01-02 11:00:00,6.51725,0.09813,0.60717,0.51639,0.35104,0.05401,0.26503,0.38104,1.85,0.6926,1.4688,5.11602,0.15475,0.14302,0.8897,0.00925,0.00655,0.05633,0.00573,0.00144,0.00001,0.9271,1.72633,1.12418,1.72612,0.06901,8.96011,0.42049,0.34789,0.6237,1.09712,4.82523,0.42205,0.33506,0.00418,1.91576,0.19647,0.14302,0.42049,0.42205,0.33506,0.8897,0.9574,0.9271,1.40997,1.91576,1.41847,3.90647
2026-01-02 12:00:00,5.73045,0.08907,0.61002,0.48306,0.35304,0.05001,0.24003,0.32704,1.79299,0.68762,1.42125,4.96474,0.1473,0.14302,0.8897,0.00854,0.00506,0.04999,0.00481,0.00439,0.00001,0.9271,1.63357,1.06798,1.63076,0.20002,8.69553,0.42321,0.36003,0.58244,1.04412,4.74057,0.40204,0.35854,0.00418,1.90862,0.1836,0.14302,0.42321,0.40204,0.35854,0.8897,0.9574,0.9271,1.40811,1.90862,1.35724,3.34167
2026-01-02 13:00:00,5.38314,0.08006,0.57984,0.44264,0.35304,0.04701,0.20402,0.27503,1.68936,0.67277,1.37448,4.75933,0.14067,0.14302,0.88642,0.00749,0.00486,0.04428,0.00439,0.00294,0.00001,0.9271,1.59564,1.01528,1.61426,0.46805,8.43094,0.43141,0.33882,0.57011,1.03312,4.78595,0.39004,0.38469,0.00418,1.90149,0.17393,0.14302,0.43141,0.39004,0.38469,0.88642,0.9574,0.9271,1.40663,1.90149,1.31144,2.9436
2026-01-02 14:00:00,5.38342,0.07136,0.54355,0.4013,0.35304,0.044,0.19602,0.22803,1.56155,0.64363,1.34812,4.6056,0.13479,0.14302,0.88642,0.00682,0.00466,0.03873,0.00398,0.00883,0.00001,0.9271,1.59549,0.96498,1.50577,0.72508,8.16636,0.44517,0.33263,0.56519,0.98211,4.8203,0.37804,0.40924,0.00418,1.90149,0.16427,0.14302,0.44517,0.37804,0.40924,0.88642,0.9574,0.9271,1.40553,1.90149,1.28417,2.85968
2026-01-02 15:00:00,5.55695,0.06362,0.51763,0.37413,0.35304,0.042,0.17702,0.18802,1.44985,0.62933,1.3026,4.50233,0.12957,0.14402,0.88642,0.0062,0.00446,0.03346,0.00359,0.00736,0.00001,0.9231,1.57756,0.9023,1.47919,0.95811,7.90177,0.54195,0.33557,0.55045,0.9381,4.82116,0.37004,0.43097,0.00418,1.89437,0.15461,0.14402,0.54195,0.37004,0.43097,0.88642,0.9574,0.9231,1.40459,1.89437,1.24745,2.77576
2026-01-02 16:00:00,5.3251,0.05705,0.47857,0.34696,0.34904,0.039,0.16202,0.16702,1.33184,0.6152,1.25787,4.35932,0.12495,0.14402,0.88642,0.00562,0.00425,0.03005,0.00322,0.00147,0.00001,0.9231,1.50336,0.84058,1.50339,1.12012,7.54582,0.68743,0.31638,0.53076,0.9231,4.77334,0.35804,0.44924,0.0039,1.88727,0.14494,0.14402,0.68743,0.35804,0.44924,0.88642,0.95387,0.9231,1.404,1.88727,1.18651,2.69184
2026-01-02 17:00:00,4.74651,0.05154,0.43555,0.32579,0.34404,0.037,0.14902,0.15102,1.22502,0.58749,1.18303,4.1264,0.12087,0.14502,0.88642,0.00534,0.00405,0.02723,0.00322,-0.00736,0.00001,0.9231,1.40998,0.77425,1.39891,1.27614,7.18986,0.81265,0.3072,0.51107,0.8991,4.68828,0.35404,0.46166,0.0039,1.88017,0.13528,0.14502,0.81265,0.35404,0.46166,0.88642,0.95387,0.9231,1.4041,1.88017,1.11629,2.60792
2026-01-02 18:00:00,4.22482,0.04686,0.40727,0.3117,0.33704,0.036,0.15302,0.14102,1.12842,0.5784,1.20152,3.89416,0.11728,0.14602,0.88642,0.00508,0.00385,0.02494,0.00288,-0.0103,0.00001,0.9231,1.39071,0.72053,1.33708,1.37915,6.83391,0.93029,0.29302,0.4908,0.8801,4.5896,0.34604,0.46794,0.0039,1.86602,0.12561,0.14602,0.93029,0.34604,0.46794,0.88642,0.95387,0.9231,1.4075,1.86602,1.06097,2.524
2026-01-02 19:00:00,3.93433,0.04274,0.38469,0.29054,0.32704,0.034,0.13401,0.13101,1.02789,0.57389,1.17078,3.81531,0.11415,0.14702,0.88642,0.00457,0.00384,0.02196,0.00255,-0.00883,0.00001,0.9191,1.40996,0.67579,1.26346,1.46616,6.47796,1.02348,0.26784,0.47052,0.83809,4.63915,0.34204,0.47197,0.0039,1.88017,0.12035,0.14702,1.02348,0.34204,0.47197,0.88642,0.95387,0.9191,1.41801,1.88017,1.02118,2.44008
2026-01-02 20:00:00,3.64444,0.03912,0.36212,0.27028,0.31604,0.032,0.13802,0.12401,0.94779,0.56492,1.14045,3.68689,0.11142,0.15002,0.88316,0.00433,0.00384,0.01945,0.00224,-0.01324,0.00001,0.9191,1.37291,0.62619,1.21313,1.47616,6.122,1.11916,0.25265,0.45454,0.79309,4.68869,0.33404,0.47197,0.0039,1.88017,0.11509,0.15002,1.11916,0.33404,0.47197,0.88316,0.95035,0.9191,1.43607,1.88017,0.99911,2.35616
2026-01-02 21:00:00,3.18106,0.03604,0.33952,0.25711,0.29703,0.02955,0.11901,0.11601,0.87226,0.54723,1.11646,3.40745,0.10907,0.15902,0.88316,0.00411,0.00383,0.01729,0.00224,-0.01471,0.00001,0.9191,1.31728,0.55999,1.28579,1.50117,5.76605,1.19252,0.23446,0.46007,0.81509,4.71264,0.33404,0.47005,0.00363,1.88017,0.10984,0.15902,1.19252,0.33404,0.47005,0.88316,0.95035,0.9191,1.46037,1.88017,0.97092,2.27224
2026-01-02 22:00:00,3.12299,0.0335,0.32825,0.25003,0.28303,0.03,0.12301,0.10801,0.79009,0.53417,1.09865,3.16666,0.10705,0.17402,0.88642,0.00388,0.00382,0.01525,0.00195,-0.01324,0.00001,0.9191,1.26159,0.52842,1.23091,1.50117,5.95089,1.25645,0.24995,0.45513,0.76709,4.69895,0.32604,0.46584,0.0039,1.88727,0.10458,0.17402,1.25645,0.32604,0.46584,0.88642,0.94683,0.9191,1.48962,1.88727,0.9278,2.18832
2026-01-02 23:00:00,3.5858,0.03141,0.3113,0.24295,0.26903,0.029,0.10501,0.10201,0.72751,0.52778,1.08685,3.06601,0.10201,0.21102,0.88642,0.00367,0.00382,0.01342,0.00195,-0.00003,0.00001,0.9161,1.24293,0.53825,1.15229,1.47616,6.13572,1.30684,0.24096,0.45328,0.74108,4.65818,0.32304,0.46166,0.00363,1.89437,0.09932,0.21102,1.30684,0.32304,0.46166,0.88642,0.94683,0.9161,1.52306,1.89437,0.8797,2.1044
2026-01-03 00:00:00,4.16553,0.02965,0.2831,0.22269,0.25203,0.028,0.11101,0.09601,0.66944,0.52128,1.05765,2.96442,0.09619,0.26103,0.89297,0.00347,0.00381,0.01233,0.00168,0.01168,0.00001,0.9121,1.22574,0.51422,1.13252,1.42654,6.32056,1.34316,0.23094,0.44097,0.72408,4.6098,0.31904,0.45542,0.00363,1.90149,0.09406,0.26103,1.34316,0.31904,0.45542,0.89297,0.94332,0.9121,1.55988,1.90149,0.84155,2.02048
2026-01-03 01:00:00,4.74554,0.02814,0.27186,0.21661,0.23803,0.027,0.10501,0.09201,0.62144,0.50436,1.03457,2.76058,0.09202,0.32304,0.89954,0.00327,0.0038,0.01152,0.00168,-0.00006,0.00001,0.9161,1.20707,0.46797,1.11333,1.36615,6.5054,1.36144,0.22186,0.40342,0.71108,4.63254,0.31504,0.44719,0.00363,1.90862,0.09201,0.32304,1.36144,0.31504,0.44719,0.89954,0.94332,0.9161,1.59872,1.90862,0.81457,2.11912
2026-01-03 02:00:00,5.38362,0.02683,0.26624,0.21561,0.22402,0.026,0.08901,0.08801,0.58158,0.50018,1.02986,2.6321,0.08674,0.38704,0.91602,0.00309,0.0038,0.01076,0.00143,-0.00736,0.00001,0.9121,1.20617,0.44685,1.14605,1.30509,6.69023,1.38713,0.21214,0.36464,0.69508,4.66621,0.31103,0.44107,0.00335,1.91576,0.08995,0.38704,1.38713,0.31103,0.44107,0.91602,0.94332,0.9121,1.63858,1.91576,0.79963,2.21776
2026-01-03 03:00:00,6.13717,0.02572,0.26065,0.20044,0.20802,0.025,0.09601,0.08301,0.53798,0.48775,1.02312,2.62992,0.08182,0.44179,0.93928,0.00291,0.00379,0.01001,0.00128,-0.00441,0.00001,0.9081,1.18828,0.45832,1.12949,1.24114,6.87507,1.38713,0.21121,0.31664,0.69108,4.68835,0.31103,0.43097,0.00335,1.93009,0.0879,0.44179,1.38713,0.31103,0.43097,0.93928,0.94332,0.9081,1.67837,1.93009,0.78063,2.3164
2026-01-03 04:00:00,6.54255,0.02481,0.26068,0.18727,0.19402,0.024,0.09001,0.08101,0.51317,0.48365,0.98359,2.65412,0.07829,0.49305,0.96612,0.00291,0.00378,0.0095,0.0012,-0.00003,0.00001,0.9121,1.13339,0.398,1.09323,1.17813,7.05991,1.38345,0.21665,0.32343,0.67007,4.68905,0.30703,0.42299,0.00308,1.95885,0.08585,0.49305,1.38345,0.30703,0.42299,0.96612,0.94683,0.9121,1.71726,1.95885,0.75138,2.41504
2026-01-03 05:00:00,6.36455,0.02405,0.25503,0.18119,0.18302,0.024,0.08601,0.07701,0.48422,0.46743,0.96688,2.65412,0.07473,0.53306,1.00003,0.00273,0.00378,0.00904,0.0012,0.00291,0.00001,0.9121,1.13412,0.35167,1.18382,1.11512,7.24474,1.37243,0.20864,0.37638,0.67007,4.67776,0.30703,0.41314,0.00335,1.99507,0.08379,0.53306,1.37243,0.30703,0.41314,1.00003,0.94683,0.9121,1.75487,1.99507,0.71867,2.51367
2026-01-03 06:00:00,6.11558,0.02342,0.24373,0.18827,0.17302,0.023,0.07001,0.07301,0.46222,0.45943,0.96135,2.60787,0.07099,0.55906,1.03436,0.00257,0.00377,0.00858,0.0012,-0.00733,0.00001,0.9161,1.13353,0.43998,1.1583,1.02511,7.42958,1.35412,0.2003,0.42991,0.65807,4.6704,0.32604,0.40536,0.00335,2.03158,0.08174,0.55906,1.35412,0.32604,0.40536,1.03436,0.95035,0.9161,1.79056,2.03158,0.69275,2.61231
2026-01-03 07:00:00,6.33732,0.02286,0.24373,0.18827,0.16702,0.022,0.07801,0.07001,0.44528,0.45546,0.96135,2.56912,0.06742,0.58106,1.0691,0.00257,0.00382,0.00826,0.001,-0.00147,0.00001,0.9161,1.22495,0.46488,1.04966,0.96511,7.61442,1.3286,0.19516,0.49577,0.66207,4.8631,0.37404,0.39765,0.00363,2.07575,0.11389,0.58106,1.3286,0.37404,0.39765,1.0691,0.9574,0.9161,1.82379,2.07575,0.68657,2.71095
2026-01-03 08:00:00,6.8752,0.02237,0.255,0.18119,0.15702,0.022,0.07501,0.06901,0.42795,0.45151,0.92846,2.55843,0.06513,0.59307,1.10423,0.00241,0.00386,0.00803,0.001,0.00877,0.00001,0.9161,1.24377,0.42645,1.25338,0.9081,7.79925,1.29598,0.19495,0.57764,0.65407,5.01103,0.43805,0.38825,0.00363,2.12781,0.14605,0.59307,1.29598,0.43805,0.38825,1.10423,0.96801,0.9161,1.85433,2.12781,0.70077,2.80959
2026-01-03 09:00:00,7.04902,0.02195,0.24929,0.18827,0.14602,0.021,0.07301,0.06701,0.40856,0.44367,0.92304,2.51998,0.06306,0.59807,1.13978,0.00241,0.00391,0.0078,0.001,0.00877,0.00001,0.9191,1.26196,0.45514,1.4714,0.83609,7.98409,1.2672,0.20121,0.72043,0.66207,5.10916,0.48805,0.37938,0.00363,2.17287,0.1782,0.59807,1.2672,0.48805,0.37938,1.13978,0.97868,0.9191,1.88198,2.17287,0.73658,2.90823
2026-01-03 10:00:00,6.91607,0.02161,0.23234,0.19536,0.13802,0.021,0.07101,0.06401,0.38965,0.44758,0.92846,2.45319,0.06118,0.59807,1.1721,0.00241,0.00395,0.00759,0.001,0.00291,0.00001,0.9271,1.41076,0.60872,1.67085,0.77609,8.25392,1.23504,0.21017,0.81828,0.67408,5.20268,0.54706,0.37411,0.00363,2.22595,0.21035,0.59807,1.23504,0.54706,0.37411,1.1721,0.99658,0.9271,1.90651,2.22595,0.83854,3.00687
2026-01-03 11:00:00,6.91464,0.02139,0.22672,0.19536,0.13201,0.02,0.06801,0.06201,0.38125,0.44758,0.92304,2.36237,0.05936,0.59307,1.2011,0.00241,0.004,0.00738,0.00081,-0.00589,0.00001,0.9311,1.50334,0.76882,1.79592,0.71208,8.52375,1.19605,0.21866,0.7998,0.68208,5.23624,0.64607,0.36715,0.00363,2.27957,0.24251,0.59307,1.19605,0.64607,0.36715,1.2011,1.011,0.9311,1.92783,2.27957,0.9747,3.10551
2026-01-03 12:00:00,6.76122,0.02136,0.2324,0.18127,0.12601,0.02,0.06701,0.06101,0.36494,0.44758,0.9339,2.31891,0.05847,0.58507,1.22302,0.00241,0.00404,0.00718,0.00081,0.00438,0.00001,0.9421,1.55895,0.83168,1.94616,0.67908,8.79358,1.16792,0.23312,0.76101,0.73208,5.13558,0.74008,0.36197,0.00363,2.33374,0.27466,0.58507,1.16792,0.74008,0.36197,1.22302,1.02915,0.9421,1.94612,2.33374,1.07892,3.94362
2026-01-03 13:00:00,6.12721,0.02159,0.2211,0.17427,0.12001,0.02,0.05301,0.05901,0.353,0.46743,0.92304,2.21256,0.05759,0.57606,1.24139,0.00241,0.00405,0.00699,0.00081,0.00438,0.00001,0.9381,1.5064,0.98122,2.52216,0.63107,9.06341,1.13999,0.24607,0.75854,0.81509,5.23373,0.79309,0.35514,0.00363,2.37277,0.28527,0.57606,1.13999,0.79309,0.35514,1.24139,1.05481,0.9381,1.96155,2.37277,1.1572,4.77366
2026-01-03 14:00:00,5.28246,0.02201,0.1985,0.18236,0.11501,0.02,0.06501,0.05901,0.34493,0.48365,0.96135,2.10528,0.05759,0.56606,1.26356,0.00241,0.00405,0.0068,0.00064,-0.00294,0.00001,0.95311,1.60047,1.1998,2.85508,0.57992,9.33324,1.11225,0.28289,0.78623,0.98711,5.28166,0.82009,0.35175,0.00335,2.41997,0.29589,0.56606,1.11225,0.82009,0.35175,1.26356,1.07701,0.95311,1.97387,2.41997,1.19779,4.77778
2026-01-03 15:00:00,4.64683,0.0225,0.19853,0.16927,0.11201,0.019,0.06501,0.05901,0.32693,0.50436,1.00608,2.18436,0.05847,0.55206,1.27842,0.00241,0.00406,0.00669,0.00064,0,0.00001,0.95711,1.80408,1.32901,2.82244,0.53306,9.60307,1.07444,0.30033,0.71236,1.19113,5.3233,0.84209,0.34502,0.00335,2.4596,0.3065,0.55206,1.07444,0.84209,0.34502,1.27842,1.09942,0.95711,1.98385,2.4596,1.24744,4.78229
2026-01-03 16:00:00,4.54098,0.02337,0.2098,0.15519,0.10901,0.019,0.07801,0.05901,0.31897,0.53417,1.03457,2.4497,0.06027,0.54006,1.29333,0.00241,0.00407,0.00662,0.00064,0.00294,0.00001,0.96411,1.8778,1.36556,2.83069,0.49506,10.86852,1.037,0.33077,0.67296,1.43516,5.36354,0.8831,0.34168,0.00335,2.47554,0.31711,0.54006,1.037,0.8831,0.34168,1.29333,1.12203,0.96411,1.99204,2.47554,1.31299,4.78725
2026-01-03 17:00:00,4.85743,0.02608,0.21539,0.15419,0.10501,0.019,0.06801,0.05801,0.31245,0.5784,1.11646,2.5554,0.06627,0.52606,1.30082,0.00241,0.00407,0.00644,0.00049,0.00294,0.00001,0.98011,1.86027,1.34533,2.82839,0.44105,12.13396,0.99325,0.35175,0.74989,1.7852,5.39024,0.9391,0.33671,0.00335,2.5236,0.32773,0.52606,0.99325,0.9391,0.33671,1.30082,1.14486,0.98011,1.99859,2.5236,1.38118,4.79273
2026-01-03 18:00:00,5.49254,0.03296,0.20971,0.15319,0.10101,0.018,0.07101,0.05701,0.29983,0.61053,1.17078,2.7665,0.07346,0.51206,1.31208,0.00241,0.00408,0.00638,0.00064,0.00588,0.00001,0.98711,1.93516,1.32586,2.9462,0.40894,13.39941,0.95336,0.37227,0.82743,1.85121,5.39082,0.97811,0.33342,0.00335,2.54777,0.33834,0.51206,0.95336,0.97811,0.33342,1.31208,1.16788,0.98711,2.0034,2.54777,1.43609,4.79882
2026-01-03 19:00:00,6.02077,0.04713,0.20985,0.1461,0.10001,0.018,0.07301,0.05501,0.29003,0.6246,1.26421,3.13672,0.08182,0.50206,1.3196,0.00257,0.00421,0.00636,0.00064,0.04111,0.00001,1.00311,2.06246,1.33671,2.97781,0.37915,14.66485,0.91719,0.37534,0.9013,1.87121,5.42396,1.01711,0.33015,0.00335,2.55585,0.32817,0.50206,0.91719,1.01711,0.33015,1.3196,1.18721,1.00311,2.00639,2.55585,1.46943,4.80563
2026-01-03 20:00:00,6.23151,0.06732,0.2157,0.13902,0.09901,0.018,0.07401,0.05401,0.28594,0.60988,1.33399,3.50759,0.09067,0.48605,1.32713,0.00257,0.00434,0.00631,0.00049,0.02348,0.00001,1.01411,2.1536,1.3003,2.73665,0.34904,15.9303,0.87822,0.36534,0.94009,1.85121,5.4402,1.05712,0.32852,0.00335,2.57205,0.31801,0.48605,0.87822,1.05712,0.32852,1.32713,1.20668,1.01411,2.0076,2.57205,1.48205,4.81329
2026-01-03 21:00:00,6.55113,0.08835,0.22154,0.14602,0.09301,0.017,0.07401,0.05401,0.28391,0.60988,1.39443,3.85178,0.09619,0.47505,1.33468,0.00257,0.00447,0.00635,0.00049,-0.01469,0.00001,1.02111,2.04435,1.29697,2.48236,0.30903,17.19574,0.84903,0.39172,0.94627,1.87121,5.45366,1.05212,0.32689,0.00335,2.58829,0.30784,0.47505,0.84903,1.05212,0.32689,1.33468,1.22237,1.02111,2.00707,2.58829,1.492,4.82196
2026-01-03 22:00:00,6.76181,0.11184,0.22736,0.15302,0.09201,0.016,0.07701,0.05301,0.27198,0.60588,1.42799,3.95718,0.09906,0.46105,1.34225,0.00257,0.00459,0.0064,0.00049,-0.00883,0.00001,1.03712,1.93616,1.42092,2.43104,0.28698,17.19574,0.81594,0.41067,0.93829,1.89021,5.45924,1.03211,0.32689,0.00335,2.58829,0.29767,0.46105,0.81594,1.03211,0.32689,1.34225,1.2421,1.03712,2.00516,2.58829,1.49254,4.83188
2026-01-03 23:00:00,6.97203,0.13738,0.23315,0.15402,0.09101,0.015,0.09501,0.05301,0.27003,0.60588,1.43475,4.27537,0.09906,0.44905,1.34604,0.00273,0.00472,0.00644,0.00049,-0.00883,0.00001,1.06012,2.04657,1.62148,2.65757,0.26703,17.19574,0.78974,0.4255,0.89153,1.7662,5.459,0.99811,0.32852,0.00335,2.59643,0.28751,0.44905,0.78974,0.99811,0.32852,1.34604,1.254,1.06012,2.002,2.59643,1.48617,4.84333
2026-01-04 00:00:00,7.60663,0.15883,0.24467,0.16202,0.08901,0.015,0.08901,0.05301,0.26572,0.59665,1.42125,4.59391,0.09478,0.44305,1.36123,0.00273,0.00485,0.00646,0.00049,-0.02351,0.00001,1.07912,2.13824,1.78582,2.78194,0.25003,17.19574,0.77025,0.40337,0.85645,1.7852,5.46005,0.97311,0.33342,0.00335,2.59643,0.27734,0.44305,0.77025,0.97311,0.33342,1.36123,1.28196,1.07912,1.9979,2.59643,1.48228,4.85668
2026-01-04 01:00:00,8.66405,0.17694,0.25603,0.19027,0.08601,0.015,0.09401,0.05401,0.25936,0.58749,1.40111,4.86945,0.09067,0.43305,1.36503,0.00257,0.00505,0.00646,0.00036,-0.05288,0.00001,1.09112,2.12019,1.91011,2.50499,0.24049,17.19574,0.76378,0.41071,0.80165,1.90021,5.49198,0.94911,0.34335,0.00335,2.59643,0.2842,0.43305,0.76378,0.94911,0.34335,1.36503,1.29806,1.09112,1.99311,2.59643,1.47843,4.87246
2026-01-04 02:00:00,9.82621,0.19116,0.27289,0.22569,0.08501,0.014,0.09701,0.05501,0.25727,0.56939,1.37469,5.08952,0.08549,0.42705,1.36885,0.00257,0.00525,0.00647,0.00036,-0.01766,0.00001,1.10612,1.95524,2.11058,2.27217,0.23158,17.19574,0.75089,0.3975,0.77947,1.84221,5.5254,0.9351,0.35684,0.00335,2.58829,0.29106,0.42705,0.75089,0.9351,0.35684,1.36885,1.31426,1.10612,1.98738,2.58829,1.47764,4.8914
2026-01-04 03:00:00,11.09378,0.2042,0.27837,0.26811,0.08401,0.014,0.09501,0.05901,0.26147,0.55162,1.34156,5.24522,0.08303,0.42205,1.36885,0.00411,0.00545,0.00648,0.00036,0.01757,0.00001,1.11812,1.93582,2.28615,2.3312,0.22102,17.19574,0.73168,0.39312,0.80407,1.85121,5.55866,0.9251,0.37762,0.00308,2.58017,0.29793,0.42205,0.73168,0.9251,0.37762,1.36885,1.32238,1.11812,1.98149,2.58017,1.47771,4.91455
2026-01-04 04:00:00,12.46979,0.21797,0.2782,0.31762,0.08401,0.013,0.09101,0.07301,0.26147,0.54723,1.32201,5.42259,0.07829,0.41505,1.37648,0.00388,0.00564,0.00648,0.00036,0.00877,0.00001,1.13013,2.04442,2.36997,2.39741,0.20902,17.19574,0.7,0.3767,0.78376,1.92021,5.59477,0.96411,0.40149,0.00335,2.58017,0.30479,0.41505,0.7,0.96411,0.40149,1.37648,1.33462,1.13013,1.97602,2.58017,1.48246,4.94348
2026-01-04 05:00:00,13.1196,0.20576,0.2894,0.36713,0.08401,0.013,0.08701,0.08201,0.25727,0.53417,1.31552,5.46465,0.07473,0.41305,1.38413,0.00367,0.00584,0.00649,0.00025,0.00583,0.00001,1.14213,2.0463,2.38356,2.22143,0.20002,17.19574,0.67805,0.36413,0.76531,1.8042,5.63238,0.97811,0.43097,0.00363,2.57205,0.31165,0.41305,0.67805,0.97811,0.43097,1.38413,1.3428,1.14213,1.97116,2.57205,1.48996,4.98067
2026-01-04 06:00:00,12.82168,0.19547,0.31177,0.42363,0.08401,0.012,0.08401,0.08201,0.25519,0.52128,1.26421,5.43417,0.07222,0.41505,1.3918,0.00367,0.00604,0.00666,0.00025,0.00877,0.00001,1.15813,1.95492,2.39095,1.86603,0.19102,17.19574,0.65322,0.35483,0.74747,1.7572,5.66776,0.95411,0.46166,0.00363,2.56395,0.31851,0.41505,0.65322,0.95411,0.46166,1.3918,1.351,1.15813,1.9665,2.56395,1.49554,5.03027
2026-01-04 07:00:00,12.17442,0.18583,0.35672,0.45189,0.08501,0.012,0.06701,0.08201,0.25519,0.50856,1.25154,5.31788,0.06978,0.41505,1.39948,0.00367,0.00599,0.00689,0.00025,0.03229,0.00001,1.16613,1.8806,2.41405,1.63201,0.17964,17.19574,0.63171,0.37433,0.76963,1.71119,6.02565,0.96411,0.49138,0.00335,2.55585,0.31076,0.41505,0.63171,0.96411,0.49138,1.39948,1.35923,1.16613,1.9615,2.55585,1.49932,5.09971
2026-01-04 08:00:00,11.54991,0.17429,0.40173,0.45897,0.08901,0.011,0.07601,0.08001,0.25727,0.50018,1.22016,5.25717,0.06978,0.41305,1.40717,0.00411,0.00595,0.00703,0.00025,0.04403,0.00001,1.17813,1.89824,2.37448,1.6281,0.17002,17.19574,0.61648,0.36492,0.74995,1.7752,6.3787,1.01711,0.52129,0.00335,2.5397,0.30302,0.41305,0.61648,1.01711,0.52129,1.40717,1.36748,1.17813,1.95604,2.5397,1.50025,5.20386
2026-01-04 09:00:00,10.59276,0.16287,0.45244,0.45905,0.09401,0.011,0.07301,0.07601,0.25936,0.49187,1.20152,5.15466,0.06978,0.40905,1.41488,0.0059,0.0059,0.00715,0.00025,0.02349,0.00001,1.19013,1.93994,2.36092,1.81555,0.16302,17.19574,0.60136,0.34957,0.67917,1.7572,6.72839,1.09212,0.55203,0.00335,2.5236,0.29527,0.40905,0.60136,1.09212,0.55203,1.41488,1.37161,1.19013,1.9503,2.5236,1.50035,5.37745
2026-01-04 10:00:00,9.28014,0.1523,0.49194,0.44497,0.09701,0.011,0.07001,0.07301,0.25312,0.49602,1.18303,5.02973,0.07346,0.40705,1.4226,0.00784,0.00585,0.00734,0.00025,-0.00291,0.00001,1.19413,1.85417,2.35044,1.81147,0.15702,17.11292,0.59233,0.34066,0.63299,1.69219,7.07199,1.12813,0.57791,0.00335,2.50753,0.28752,0.40705,0.59233,1.12813,0.57791,1.4226,1.37989,1.19413,1.94424,2.50753,1.49706,5.72463
2026-01-04 11:00:00,8.45845,0.14217,0.50883,0.43088,0.10201,0.011,0.06701,0.07001,0.26147,0.47956,1.17078,4.9874,0.08182,0.40204,1.43809,0.01204,0.00581,0.00758,0.00025,0.00003,0.00001,1.20213,1.75208,2.30953,1.59989,0.16602,17.0301,0.58634,0.33945,0.66437,1.65618,7.41045,1.13813,0.60372,0.00335,2.49152,0.27978,0.40204,0.58634,1.13813,0.60372,1.43809,1.38404,1.20213,1.93814,2.49152,1.49176,6.76616
2026-01-04 12:00:00,8.19841,0.1316,0.5201,0.42488,0.10501,0.011,0.05301,0.06901,0.26572,0.47956,1.15253,4.96497,0.08674,0.39804,1.44198,0.01593,0.00576,0.00772,0.00025,0.01174,0.00001,1.21514,1.78359,2.31492,1.59001,0.15602,16.94729,0.57737,0.31693,0.70068,1.63918,7.74721,1.10712,0.6292,0.00335,2.47554,0.27203,0.39804,0.57737,1.10712,0.6292,1.44198,1.39237,1.21514,1.93213,2.47554,1.48783,8.6743
2026-01-04 13:00:00,8.03243,0.11922,0.50326,0.42588,0.10601,0.011,0.06201,0.06701,0.26572,0.46743,1.13443,4.96444,0.08674,0.39804,1.45364,0.02091,0.00594,0.00783,0.00016,-0.00736,0.00001,1.22314,1.81532,2.27852,1.6714,0.16202,16.86447,0.5744,0.29712,0.64592,1.52617,8.58943,1.07212,0.65527,0.00335,2.4596,0.3112,0.39804,0.5744,1.07212,0.65527,1.45364,1.4007,1.22314,1.92637,2.4596,1.47624,8.16332
2026-01-04 14:00:00,8.19847,0.10568,0.48069,0.4188,0.11201,0.011,0.06001,0.06401,0.26572,0.46743,1.09865,4.96397,0.08425,0.39604,1.46144,0.01883,0.00613,0.00875,0.00016,-0.02496,0.00001,1.23114,1.827,2.23419,1.71973,0.18902,16.78165,0.58634,0.27804,0.65884,1.43516,9.45072,1.03712,0.69306,0.00335,2.48352,0.35036,0.39604,0.58634,1.03712,0.69306,1.46144,1.41325,1.23114,1.92108,2.48352,1.45777,8.69696
2026-01-04 15:00:00,8.69612,0.09553,0.46374,0.41272,0.11301,0.011,0.05801,0.06201,0.27003,0.46342,1.09274,5.10314,0.08303,0.39604,1.46925,0.01883,0.00632,0.00965,0.00016,0,0.00001,1.23514,1.85398,2.1855,1.66401,0.20002,16.69883,0.60136,0.26877,0.75301,1.36315,10.31453,1.00811,0.7112,0.00308,2.48352,0.38953,0.39604,0.60136,1.00811,0.7112,1.46925,1.42164,1.23514,1.91622,2.48352,1.42208,9.2306
2026-01-04 16:00:00,9.19587,0.08817,0.45812,0.4208,0.11301,0.011,0.05601,0.06101,0.2779,0.45943,1.09865,5.27598,0.08182,0.39404,1.47708,0.01687,0.0065,0.00965,0.00016,0.03523,0.00001,1.24714,1.95437,2.11771,1.42907,0.23603,16.93511,0.61648,0.25745,0.78008,1.41016,11.12504,0.98811,0.72433,0.00308,2.48352,0.4287,0.39404,0.61648,0.98811,0.72433,1.47708,1.43426,1.24714,1.91179,2.48352,1.33537,9.76424
2026-01-04 17:00:00,9.77964,0.08149,0.45812,0.42788,0.11301,0.011,0.05601,0.06001,0.27591,0.45151,1.08098,5.39407,0.08425,0.39104,1.48886,0.01457,0.00669,0.0097,0.00025,0.04697,0.00001,1.26014,2.03202,2.0628,1.32966,0.28376,17.17139,0.62866,0.25831,0.72346,1.40216,11.90876,0.99811,0.73493,0.00335,2.47554,0.46786,0.39104,0.62866,0.99811,0.73493,1.48886,1.45542,1.26014,1.90841,2.47554,1.22337,10.29787
2026-01-04 18:00:00,10.11126,0.07549,0.4525,0.4138,0.11301,0.012,0.05701,0.06101,0.2779,0.44367,1.05185,5.56289,0.10577,0.39104,1.49672,0.01327,0.00687,0.00965,0.00081,0.05285,0.00001,1.27214,1.97474,1.98473,1.50554,0.33304,17.40767,0.6656,0.26006,0.69209,1.38615,12.74497,1.02711,0.75369,0.00335,2.49952,0.50703,0.39104,0.6656,1.02711,0.75369,1.49672,1.47244,1.27214,1.90654,2.49952,1.13711,10.83151
2026-01-04 19:00:00,10.10998,0.07001,0.45238,0.40671,0.11301,0.015,0.05901,0.06101,0.27394,0.43978,1.06346,5.6794,0.13409,0.39404,1.50066,0.01161,0.02811,0.00985,0.001,0.05138,0.00001,1.28514,1.93794,1.95434,1.68126,0.35704,17.77159,0.69685,0.26098,0.7315,1.38615,13.17299,1.05712,0.76999,0.00335,2.49952,0.91135,0.39404,0.69685,1.05712,0.76999,1.50066,1.48527,1.28514,1.90619,2.49952,1.07424,11.36515
2026-01-04 20:00:00,10.19408,0.06505,0.44676,0.4218,0.11301,0.019,0.06301,0.06101,0.27003,0.43591,1.04032,5.84982,0.31615,0.40004,1.50854,0.01119,0.04935,0.01137,0.00143,0.04844,0.00001,1.30215,2.017,1.91697,1.57766,0.401,18.1355,0.74447,0.25225,0.71119,1.30114,13.46809,1.15313,0.78097,0.00363,2.5236,1.31568,0.40004,0.74447,1.15313,0.78097,1.50854,1.50675,1.30215,1.90725,2.5236,1.04312,11.89879
2026-01-04 21:00:00,10.27817,0.0608,0.42993,0.42888,0.11301,0.02,0.08201,0.06201,0.26787,0.43205,1.02883,6.14792,1.07912,0.40405,1.51644,0.01285,0.07059,0.01468,0.00143,0.05282,0.00001,1.32315,2.03916,1.85763,1.30436,0.44405,18.49941,0.77998,0.25385,0.67055,1.21914,13.56914,1.29914,0.80319,0.00418,2.54777,1.72,0.40405,0.77998,1.29914,0.80319,1.51644,1.52403,1.32315,1.91028,2.54777,1.00669,12.43243
2026-01-04 22:00:00,10.2769,0.05742,0.40167,0.41472,0.11601,0.023,0.10801,0.06501,0.26572,0.42822,1.02312,6.46982,1.30509,0.41105,1.52832,0.01502,0.09182,0.02552,0.0012,0.04985,0.00894,1.34815,1.98516,1.80933,1.37024,0.47405,18.86332,0.81265,0.25161,0.7081,1.18413,13.47525,1.46116,0.82246,0.00418,2.57205,2.12432,0.41105,0.81265,1.46116,0.82246,1.52832,1.5414,1.34815,1.91579,2.57205,0.96281,12.96607
2026-01-04 23:00:00,10.19286,0.05545,0.39311,0.40855,0.11901,0.032,0.19002,0.07201,0.25936,0.42822,1.02312,6.85091,1.52084,0.41305,1.53229,0.01735,0.11306,0.02521,0.001,0.0352,0.00962,1.36515,1.87153,1.77712,1.64597,0.50832,19.22724,0.82583,0.26617,0.7081,1.13613,13.19805,1.67719,0.83196,0.00418,2.58829,2.52865,0.41305,0.82583,1.67719,0.83196,1.53229,1.55886,1.36515,1.92404,2.58829,0.91949,13.49971
2026-01-05 00:00:00,9.94452,0.0557,0.39243,0.41555,0.12101,0.05801,0.50006,0.09901,0.25936,0.43205,1.01175,7.39573,1.8241,0.42205,1.53626,0.02197,0.1343,0.02481,0.001,0.01174,0.0071,1.37815,1.8935,1.71925,1.56804,0.54406,19.59115,0.83244,0.26621,0.66867,1.10712,12.74497,1.89521,0.83913,0.00418,2.61273,2.93297,0.42205,0.83244,1.89521,0.83913,1.53626,1.57201,1.37815,1.93505,2.61273,0.88419,14.03335
2026-01-05 01:00:00,9.61245,0.05905,0.39231,0.42363,0.12401,0.17002,0.9111,0.20402,0.25312,0.4244,0.9948,8.20728,2.32272,0.43305,1.54023,0.26205,0.13237,0.06379,0.0012,0.0088,0.00441,1.40016,1.93445,1.63943,1.31774,0.58527,19.83835,0.83575,0.25497,0.644,1.08612,12.73765,2.15124,0.84873,0.00447,2.62908,2.69196,0.43305,0.83575,2.15124,0.84873,1.54023,1.58081,1.40016,1.94823,2.62908,0.86188,14.56699
2026-01-05 02:00:00,9.19715,0.06482,0.39782,0.4458,0.12401,0.74108,1.34715,0.29803,0.25936,0.40932,0.97244,9.01774,2.75853,0.44305,1.54421,0.3414,0.13045,0.09729,0.00143,0.0528,0.00248,1.40816,1.81977,1.57969,1.29275,0.63307,20.08554,0.84571,0.25134,0.61137,1.08612,12.74196,2.52928,0.86214,0.00476,2.64547,2.45095,0.44305,0.84571,2.52928,0.86214,1.54421,1.58962,1.40816,1.96281,2.64547,0.85099,14.00132
2026-01-05 03:00:00,8.94829,0.07132,0.40891,0.48206,0.12501,1.38315,1.10212,0.41705,0.25936,0.40932,0.978,9.61319,2.57069,0.45205,1.55217,0.25488,0.12852,0.12705,0.00143,0.09388,0.00121,1.41716,1.72076,1.52865,1.38479,0.68908,20.33274,0.85571,0.24687,0.56705,1.04912,12.74495,2.77031,0.87766,0.00507,2.67839,2.20995,0.45205,0.85571,2.77031,0.87766,1.55217,1.59403,1.41716,1.97793,2.67839,0.83884,13.43565
2026-01-05 04:00:00,8.78184,0.07766,0.43137,0.55365,0.13101,1.65765,1.02911,0.64207,0.26787,0.40352,0.9595,10.31137,2.09699,0.45905,1.55616,0.20428,0.12659,0.19749,0.00168,0.10856,0.00026,1.42616,1.6596,1.47016,1.36217,0.72908,20.57994,0.87822,0.23366,0.53135,1.00311,12.74424,2.7003,0.89017,0.00539,2.70319,1.96894,0.45905,0.87822,2.7003,0.89017,1.55616,1.60288,1.42616,1.99332,2.70319,0.82315,12.86998
2026-01-05 05:00:00,8.19934,0.08355,0.43984,0.69183,0.14102,1.79376,0.96111,0.82409,0.32094,0.3978,0.93936,10.84462,1.67391,0.46805,1.56415,0.15102,0.12467,0.24019,0.00224,0.15844,0.00001,1.43416,1.64064,1.39122,1.14141,0.78709,20.82713,0.90415,0.22321,0.50304,0.98711,12.74304,2.40027,0.9091,0.00572,2.72808,1.72793,0.46805,0.90415,2.40027,0.9091,1.56415,1.60731,1.43416,2.00903,2.72808,0.80704,12.30431
2026-01-05 06:00:00,7.7831,0.08903,0.4525,0.9762,0.16002,1.7665,0.8561,1.02211,0.46876,0.39212,0.92304,10.94897,1.40042,0.47505,1.57216,0.107,0.12274,0.2285,0.00195,0.22007,0.00001,1.44316,1.59979,1.34517,0.95757,0.85798,21.07433,0.93029,0.21576,0.49321,0.9381,12.74497,2.04923,0.92503,0.00606,2.76144,1.48692,0.47505,0.93029,2.04923,0.92503,1.57216,1.61619,1.44316,2.02524,2.76144,0.79403,11.73864
2026-01-05 07:00:00,7.91766,0.09423,0.46465,1.436,0.21002,1.64167,0.73408,1.13813,0.5888,0.38677,0.89617,11.05422,1.20504,0.48405,1.57617,0.08943,0.10687,0.23324,0.06836,0.26704,0.00001,1.43916,1.48041,1.30775,0.9744,0.9271,19.92696,0.96329,0.21796,0.46864,0.94311,12.72742,1.73919,0.94433,0.00644,2.79496,1.39076,0.48405,0.96329,1.73919,0.94433,1.57617,1.62064,1.43916,2.04225,2.79496,0.78508,11.17297
2026-01-05 08:00:00,7.94615,0.09906,0.4952,1.98864,0.38404,1.28287,0.56506,1.19213,0.73755,0.38154,0.88553,11.05267,1.05313,0.49305,1.58821,0.06427,0.09099,0.24492,0.08036,0.26901,0.00001,1.45216,1.40145,1.26408,1.04011,1.03712,18.77958,0.99325,0.20456,0.43235,0.8891,12.69893,1.52717,0.97032,0.00644,2.82866,1.29461,0.49305,0.99325,1.52717,0.97032,1.58821,1.62509,1.45216,2.06041,2.82866,0.77989,10.6073
2026-01-05 09:00:00,7.66308,0.10487,0.5379,2.5312,0.56006,1.04367,0.38204,1.22014,0.99639,0.3765,0.88024,10.94488,0.91897,0.50206,1.59223,0.05651,0.07512,0.25915,0.0751,0.25238,0.00001,1.46116,1.42069,1.19977,1.03967,1.17013,17.63221,1.03023,0.20418,0.41637,0.8801,12.65389,1.36415,0.99948,0.00644,2.85404,1.19845,0.50206,1.03023,1.36415,0.99948,1.59223,1.63401,1.46116,2.07974,2.85404,0.77314,10.04163
2026-01-05 10:00:00,7.6312,0.10918,0.58667,2.983,0.61707,0.95397,0.28203,1.22014,1.26183,0.38007,0.8697,10.57073,0.80332,0.51206,1.59625,0.04848,0.05924,0.22182,0.05583,0.26892,0.00001,1.46116,1.43936,1.13807,0.94297,1.38215,16.48483,1.08128,0.19617,0.38682,0.8751,12.58887,1.27314,1.0357,0.00644,2.88804,1.10229,0.51206,1.08128,1.27314,1.0357,1.59625,1.63848,1.46116,2.1003,2.88804,0.76193,9.47597
2026-01-05 11:00:00,8.00397,0.11094,0.64761,3.26745,0.65207,0.90336,0.38004,1.21514,1.46654,0.37294,0.85401,10.08927,0.71697,0.52106,1.60028,0.04249,0.04337,0.19376,0.04194,0.26071,0.00001,1.46916,1.39877,1.08176,0.92352,1.62318,15.33746,1.13304,0.19317,0.37449,0.8611,12.50676,1.18913,1.08268,0.00725,2.91365,1.00614,0.52106,1.13304,1.18913,1.08268,1.60028,1.64743,1.46916,2.12211,2.91365,0.74901,8.9103
2026-01-05 12:00:00,5.59172,0.10954,0.70862,3.31795,0.68908,0.844,0.37004,1.19013,1.65576,0.35892,0.84362,8.26874,0.63754,0.53506,1.60835,0.03827,0.02749,0.1633,0.0334,0.2374,0.00001,1.47416,1.28283,1.00002,1.04612,1.89921,14.19009,1.20311,0.18404,0.3511,0.85209,12.41268,1.15313,1.14063,0.00855,2.94796,0.90998,0.53506,1.20311,1.15313,1.14063,1.60835,1.65192,1.47416,2.14525,2.94796,0.73884,9.48483
2026-01-05 13:00:00,5.36536,0.10413,0.7819,3.11935,0.72008,0.72686,0.34304,1.15813,1.81258,0.3624,0.84362,7.3359,0.56806,0.54906,1.61239,0.03427,0.0251,0.13507,0.02685,0.21586,0.00001,1.48317,1.34069,0.94793,1.08675,2.10223,13.80127,1.29238,0.1786,0.35045,0.85209,11.72512,1.09712,1.20916,0.01202,2.98243,0.86663,0.54906,1.29238,1.09712,1.20916,1.61239,1.65641,1.48317,2.1703,2.98243,0.73136,8.35723
2026-01-05 14:00:00,5.24458,0.09723,0.83069,2.75431,0.72908,0.47835,0.33204,1.12313,1.92788,0.3624,0.82817,6.39928,0.50608,0.56106,1.62452,0.03173,0.0227,0.1144,0.02102,0.20179,0.05569,1.48317,1.35856,0.90304,0.95238,2.30426,13.41245,1.38713,0.17515,0.36643,0.82909,11.04065,1.07212,1.29027,0.01483,3.0084,0.82327,0.56106,1.38713,1.07212,1.29027,1.62452,1.66091,1.48317,2.19772,3.0084,0.72697,6.8628
2026-01-05 15:00:00,5.12381,0.09124,0.85503,2.36201,0.73208,0.31268,0.31704,1.09312,1.98779,0.35892,0.81795,6.03187,0.45723,0.57306,1.62452,0.02928,0.02031,0.09922,0.01752,0.20041,0.06577,1.48317,1.20294,0.85098,0.81659,2.49828,13.02364,1.47629,0.16679,0.32888,0.80209,10.35474,1.05212,1.37347,0.02613,3.06062,0.77992,0.57306,1.47629,1.05212,1.37347,1.62452,1.66542,1.48317,2.22818,3.06062,0.72114,6.36466
2026-01-05 16:00:00,5.01821,0.08529,0.86724,2.01006,0.73708,0.25055,0.29303,1.05912,2.00022,0.35546,0.82305,5.67061,0.3997,0.58807,1.63263,0.0281,0.01792,0.0874,0.01511,0.18396,0.0673,1.48317,1.16393,0.80896,0.87327,2.6833,12.63482,1.58613,0.16613,0.32273,0.79709,9.66512,1.00311,1.45235,0.02679,3.08687,0.73657,0.58807,1.58613,1.00311,1.45235,1.63263,1.67227,1.48317,2.26281,3.08687,0.7116,6.11559
2026-01-05 17:00:00,4.91227,0.07966,0.86727,1.72969,0.74108,0.28334,0.27203,1.01211,1.96922,0.35892,0.82817,5.30855,0.34829,0.60307,1.64076,0.0281,0.01552,0.07855,0.01217,0.16289,0.06886,1.48717,1.25997,0.79276,1.01429,2.82631,12.246,1.706,0.16172,0.31104,0.78009,8.97408,0.9301,1.52279,0.02627,3.13085,0.69321,0.60307,1.706,0.9301,1.52279,1.64076,1.67895,1.48717,2.30204,3.13085,0.70065,5.96614
2026-01-05 18:00:00,4.84764,0.07426,0.84897,1.51583,0.74208,0.32204,0.27303,0.95915,1.91858,0.35546,0.82817,4.94223,0.30475,0.62007,1.64889,0.02694,0.01313,0.07027,0.01082,0.1558,0.06886,1.48717,1.27887,0.78452,0.96252,2.97733,11.85717,1.80447,0.15458,0.31104,0.76208,8.28536,0.8611,1.58598,0.02627,3.15736,0.64986,0.62007,1.80447,0.8611,1.58598,1.64889,1.688,1.48717,2.34599,3.15736,0.69201,5.86651
2026-01-05 19:00:00,5.47918,0.06886,0.81227,1.36048,0.74108,0.29503,0.24203,0.8881,1.84721,0.3486,0.80274,4.74273,0.27118,0.64307,1.66114,0.02752,0.01284,0.06403,0.00895,0.14694,0.06577,1.50117,1.16282,0.74824,0.80708,3.12835,11.57817,1.92875,0.15229,0.28706,0.74108,7.73496,0.78909,1.63565,0.02546,3.20996,0.60315,0.64307,1.92875,0.78909,1.63565,1.66114,1.69253,1.50117,2.39522,3.20996,0.68565,5.79535
2026-01-05 20:00:00,4.68281,0.06355,0.79145,1.28644,0.73608,0.30703,0.23503,0.82809,1.78739,0.3486,0.81795,4.55083,0.23725,0.67608,1.66931,0.02694,0.01255,0.05986,0.00779,0.12569,0.0671,1.50117,1.14393,0.71013,0.82693,3.24336,11.29917,2.02249,0.14823,0.24648,0.73207,7.18713,0.72708,1.67705,0.02387,3.24427,0.55644,0.67608,2.02249,0.72708,1.67705,1.66931,1.69707,1.50117,2.44819,3.24427,0.68187,5.74198
2026-01-05 21:00:00,4.17575,0.05877,0.77867,1.22076,0.73508,0.29303,0.20702,0.79709,1.73138,0.3486,0.80274,4.35842,0.21482,0.71308,1.6775,0.02467,0.01226,0.05623,0.00725,0.1133,0.04967,1.50117,1.18305,0.68282,0.95288,3.36638,11.02017,2.12165,0.14654,0.28159,0.73702,6.87619,0.69308,1.7069,0.0231,3.29604,0.50972,0.71308,2.12165,0.69308,1.7069,1.6775,1.70161,1.50117,2.50585,3.29604,0.67681,5.70047
2026-01-05 22:00:00,3.88522,0.05465,0.76951,1.16979,0.65567,0.21037,0.18307,0.75216,1.67538,0.3486,0.82305,4.15367,0.19576,0.76108,1.69392,0.02467,0.01196,0.05275,0.00621,0.1133,0.04868,1.51417,1.14351,0.66879,0.98941,3.52739,10.74117,2.21794,0.14213,0.27853,0.74508,6.56189,0.64607,1.72491,0.02234,3.3562,0.46301,0.76108,2.21794,0.64607,1.72491,1.69392,1.71072,1.51417,2.56756,3.3562,0.66841,5.66726
2026-01-05 23:00:00,3.81239,0.05114,0.75108,1.13437,0.57374,0.13098,0.16184,0.72313,1.62037,0.34519,0.81795,3.95256,0.18108,0.82209,1.71039,0.02357,0.01167,0.04939,0.00573,0.10624,0.04673,1.51817,1.06537,0.63763,0.88489,3.68241,10.46217,2.29841,0.14079,0.30133,0.72808,6.24631,0.60807,1.73093,0.02159,3.42546,0.4163,0.82209,2.29841,0.60807,1.73093,1.71039,1.71528,1.51817,2.63192,3.42546,0.65872,5.64009
2026-01-06 00:00:00,3.88527,0.04805,0.73272,1.11312,0.50128,0.12669,0.14066,0.69053,1.56876,0.34181,0.80779,3.75625,0.16602,0.8901,1.72692,0.02197,0.01138,0.04676,0.00526,0.09208,0.04483,1.51817,1.08451,0.61595,0.81454,3.83443,10.18317,2.37539,0.13639,0.31737,0.72408,5.93278,0.57106,1.73093,0.02086,3.4778,0.36959,0.8901,2.37539,0.57106,1.73093,1.72692,1.72441,1.51817,2.69853,3.4778,0.65109,5.61744
2026-01-06 01:00:00,3.81269,0.04523,0.68767,1.1074,0.43561,0.11843,0.12116,0.65582,1.52556,0.35202,0.80274,3.67343,0.15438,0.96611,1.756,0.02197,0.01136,0.04507,0.00481,0.09029,0.04299,1.52317,1.0844,0.59905,0.86263,3.93644,10.05004,2.46178,0.13405,0.28968,0.72808,5.7363,0.53506,1.71589,0.02014,3.55694,0.35621,0.96611,2.46178,0.53506,1.71589,1.756,1.73357,1.52317,2.76676,3.55694,0.64548,5.59828
2026-01-06 02:00:00,3.66768,0.04263,0.6454,1.09123,0.39776,0.1012,0.10674,0.62059,1.48096,0.33844,0.80779,3.59524,0.14369,1.04812,1.78523,0.02038,0.01135,0.04252,0.00439,0.10088,0.04119,1.53617,1.065,0.59687,0.92831,3.95244,9.91691,2.53591,0.13165,0.28412,0.72408,5.54217,0.50306,1.69493,0.01943,3.64574,0.34283,1.04812,2.53591,0.50306,1.69493,1.78523,1.73816,1.53617,2.83595,3.64574,0.64221,5.58186
2026-01-06 03:00:00,3.59555,0.03797,0.60643,1.05164,0.36267,0.08971,0.09334,0.58651,1.43375,0.33844,0.80779,3.5058,0.13409,1.13013,1.81886,0.01883,0.01133,0.04116,0.00398,0.09556,0.04032,1.54517,1.1604,0.59827,0.90438,3.97944,9.78378,2.64605,0.13168,0.27117,0.72408,5.34695,0.47605,1.66518,0.01874,3.74448,0.32945,1.13013,2.64605,0.47605,1.66518,1.81886,1.74735,1.54517,2.90615,3.74448,0.63786,5.56763
2026-01-06 04:00:00,3.45085,0.03366,0.57075,1.03132,0.33029,0.08541,0.08082,0.55471,1.39073,0.33509,0.7977,3.41413,0.12439,1.20013,1.8612,0.01784,0.01131,0.04002,0.01752,0.0885,0.03775,1.55017,1.17952,0.57209,0.79494,3.97944,9.65063,2.69049,0.12858,0.26561,0.70708,5.14896,0.45305,1.62977,0.01807,3.84434,0.31607,1.20013,2.69049,0.45305,1.62977,1.8612,1.75657,1.55017,2.97726,3.84434,0.63075,5.55518
2026-01-06 05:00:00,3.23396,0.02965,0.5384,1.02801,0.30121,0.08299,0.06896,0.52521,1.33654,0.33177,0.77276,3.32809,0.11807,1.26914,1.90388,0.01784,0.0113,0.03829,0.01923,0.08853,0.03775,1.56317,1.12233,0.55838,0.77918,3.96344,9.5175,2.74409,0.12425,0.24221,0.68708,4.94997,0.42605,1.5947,0.0174,3.95453,0.30269,1.26914,2.74409,0.42605,1.5947,1.90388,1.77042,1.56317,3.04655,3.95453,0.62262,5.54419
2026-01-06 06:00:00,3.08931,0.02586,0.50912,1.03721,0.27575,0.08018,0.06305,0.49725,1.28092,0.33177,0.77276,3.24521,0.11097,1.32315,1.95124,0.01547,0.01128,0.03708,0.01923,0.09565,0.03611,1.56817,1.045,0.55683,0.84824,3.90444,9.38437,2.82958,0.1225,0.23974,0.69108,4.75268,0.40705,1.54985,0.01675,4.06604,0.28931,1.32315,2.82958,0.40705,1.54985,1.95124,1.78432,1.56817,3.11644,4.06604,0.6162,5.53442
2026-01-06 07:00:00,3.04608,0.0222,0.48226,1.00461,0.25371,0.07465,0.05719,0.47009,1.22043,0.32189,0.78269,3.19917,0.10451,1.36715,1.99899,0.01547,0.01126,0.03637,0.01837,0.09924,0.0353,1.57218,1.08341,0.546,0.88342,3.87243,9.16205,2.87033,0.11981,0.25081,0.68208,4.65961,0.39404,1.50189,0.01675,4.1694,0.27968,1.36715,2.87033,0.39404,1.50189,1.99899,1.80293,1.57218,3.18579,4.1694,0.6115,5.52568
2026-01-06 08:00:00,3.00284,0.01865,0.4573,0.96236,0.23459,0.06294,0.05212,0.44337,1.16751,0.32189,0.76782,3.14206,0.09906,1.40516,2.04716,0.01327,0.01124,0.03503,0.01752,0.08508,0.03372,1.58618,1.1412,0.51589,0.81641,3.79242,8.93972,2.88849,0.11813,0.26249,0.66607,4.56849,0.37804,1.45462,0.01611,4.28341,0.27004,1.40516,2.88849,0.37804,1.45462,2.04716,1.82163,1.58618,3.25529,4.28341,0.60875,5.51781
2026-01-06 09:00:00,2.95961,0.01527,0.43383,0.90107,0.21786,0.05513,0.04786,0.41731,1.10081,0.31863,0.75797,3.08678,0.09478,1.42616,2.08687,0.01327,0.01123,0.03355,0.0167,0.07802,0.03295,1.60018,1.02629,0.51312,0.73535,3.70241,8.7174,2.90669,0.11709,0.25263,0.65007,4.47646,0.37404,1.38807,0.01488,4.38904,0.26041,1.42616,2.90669,0.37404,1.38807,2.08687,1.84513,1.60018,3.32486,4.38904,0.60509,5.5107
2026-01-06 10:00:00,2.91638,0.01203,0.41149,0.85195,0.20318,0.0522,0.04426,0.39262,1.03906,0.32516,0.7385,3.04582,0.08933,1.44416,2.13131,0.01285,0.01121,0.03324,0.0159,0.07634,0.03219,1.60918,1.04675,0.50554,0.68314,3.5834,8.49507,2.90669,0.11541,0.25591,0.64207,4.38208,0.36604,1.31907,0.01488,4.49576,0.25078,1.44416,2.90669,0.36604,1.31907,2.13131,1.86875,1.60918,3.39302,4.49576,0.59909,5.50423
2026-01-06 11:00:00,2.87314,0.00892,0.39015,0.81334,0.19048,0.05075,0.04116,0.36956,0.96396,0.31539,0.74334,3.00176,0.08549,1.44416,2.16261,0.01204,0.01119,0.03193,0.01511,0.07468,0.03071,1.62318,1.0665,0.49796,0.67186,3.45639,8.27275,2.91125,0.11095,0.2582,0.62707,4.28683,0.36204,1.25471,0.01488,4.59372,0.24114,1.44416,2.91125,0.36204,1.25471,2.16261,1.89727,1.62318,3.45903,4.59372,0.59221,5.49832
2026-01-06 12:00:00,2.82991,0.0059,0.36974,0.78187,0.17968,0.04923,0.0382,0.34755,0.88786,0.31539,0.72885,2.94918,0.08182,1.44016,2.19858,0.01038,0.01117,0.03063,0.0136,0.073,0.02927,1.63218,1.08571,0.49038,0.66059,3.29237,8.05042,2.87941,0.11205,0.26248,0.61507,4.19304,0.35404,1.18496,0.01428,4.69256,0.23151,1.44016,2.87941,0.35404,1.18496,2.19858,1.92598,1.63218,3.52251,4.69256,0.58679,4.89402
2026-01-06 13:00:00,2.81162,0.00293,0.35007,0.75796,0.17075,0.04643,0.03538,0.32601,0.82025,0.31216,0.70976,2.9107,0.07829,1.43716,2.22571,0.01119,0.01115,0.0296,0.01288,0.07997,0.02856,1.65018,1.10462,0.48458,0.65157,3.09935,7.7848,2.86579,0.11004,0.25969,0.61907,4.13565,0.35004,1.12029,0.01488,4.78228,0.2249,1.43716,2.86579,0.35004,1.12029,2.22571,1.95973,1.65018,3.58267,4.78228,0.58279,3.22514
2026-01-06 14:00:00,2.79332,0,0.33092,0.72686,0.16345,0.04078,0.03298,0.30465,0.76004,0.30578,0.73367,2.87737,0.07601,1.43016,2.25294,0.01038,0.01113,0.02915,0.01217,0.08695,0.02787,1.66018,1.09449,0.47878,0.64255,2.89432,7.51919,2.8341,0.10804,0.25789,0.61207,4.07988,0.35004,1.05906,0.0137,4.86263,0.21829,1.43016,2.8341,0.35004,1.05906,2.25294,1.99372,1.66018,3.63894,4.86263,0.58041,3.02386
2026-01-06 15:00:00,2.77502,0,0.31208,0.68158,0.1573,0.03702,0.03099,0.28352,0.69346,0.30262,0.70976,2.84708,0.07222,1.41216,2.27116,0.00925,0.01111,0.02824,0.01149,0.09393,0.02652,1.68819,1.0843,0.47298,0.63354,2.7013,7.25356,2.76203,0.10604,0.2561,0.61507,4.02329,0.34204,0.99948,0.0137,4.9537,0.21169,1.41216,2.76203,0.34204,0.99948,2.27116,2.02798,1.68819,3.69181,4.9537,0.57721,2.95677
2026-01-06 16:00:00,2.75672,0.00196,0.29333,0.64531,0.15204,0.03561,0.02932,0.26308,0.6767,0.30099,0.70503,2.80781,0.06863,1.39516,2.28454,0.00906,0.01109,0.02674,0.01082,0.1009,0.02507,1.71792,1.07434,0.46717,0.62452,2.47728,6.98794,2.74624,0.10403,0.25429,0.61094,3.96456,0.33216,0.96058,0.01448,4.9996,0.20508,1.39516,2.74624,0.33216,0.96058,2.28454,2.05885,1.71792,3.74145,4.9996,0.57188,2.92323
2026-01-06 17:00:00,2.73842,0.00398,0.27462,0.61677,0.14755,0.03485,0.0279,0.24354,0.65791,0.29882,0.69787,2.78212,0.06527,1.37698,2.29324,0.00886,0.01107,0.02644,0.01052,0.10788,0.02472,1.7496,1.06471,0.46137,0.6155,2.26913,6.72233,2.71711,0.10203,0.25199,0.60617,3.90502,0.32352,0.92305,0.01364,5.03831,0.19847,1.37698,2.71711,0.32352,0.92305,2.29324,2.08889,1.7496,3.78682,5.03831,0.56573,2.9031
2026-01-06 18:00:00,2.65919,0.00603,0.25608,0.59341,0.14374,0.034,0.02656,0.2249,0.63642,0.29721,0.69147,2.7572,0.06215,1.35804,2.29779,0.00867,0.01105,0.02475,0.01025,0.11486,0.02437,1.78239,1.05531,0.45557,0.60648,2.07283,6.45671,2.67684,0.10002,0.24958,0.60295,3.84678,0.31651,0.88611,0.0118,5.06981,0.19186,1.35804,2.67684,0.31651,0.88611,2.29779,2.11772,1.78239,3.8283,5.06981,0.56088,2.88968
2026-01-06 19:00:00,2.65672,0.00809,0.23783,0.57549,0.14052,0.03236,0.02529,0.20674,0.6131,0.29561,0.68569,2.73819,0.05922,1.33856,2.29878,0.00848,0.01103,0.0245,0.00998,0.11079,0.02401,1.8154,1.04607,0.45157,0.59928,1.88799,6.37377,2.60475,0.09804,0.247,0.60088,3.80393,0.31007,0.85053,0.01027,5.09421,0.18744,1.33856,2.60475,0.31007,0.85053,2.29878,2.14485,1.8154,3.86723,5.09421,0.55727,2.8801
2026-01-06 20:00:00,2.65425,0.01016,0.21993,0.55208,0.13773,0.02893,0.02421,0.18808,0.58962,0.2935,0.67957,2.72361,0.05648,1.3188,2.29678,0.00831,0.01101,0.02414,0.00971,0.10672,0.02366,1.84821,1.03693,0.44756,0.59207,1.71342,6.29082,2.52619,0.09604,0.24436,0.60036,3.76254,0.30381,0.81723,0.00931,5.112,0.18303,1.3188,2.52619,0.30381,0.81723,2.29678,2.16991,1.84821,3.90354,5.112,0.55511,2.87291
2026-01-06 21:00:00,2.65178,0.01226,0.20235,0.51788,0.13523,0.02665,0.02332,0.16914,0.56695,0.29195,0.67474,2.70926,0.05392,1.2992,2.29228,0.00813,0.011,0.02346,0.00944,0.10266,0.02331,1.8805,1.02798,0.44356,0.58486,1.54813,6.20788,2.44758,0.09405,0.24166,0.59862,3.72036,0.29761,0.7862,0.00874,5.12404,0.17861,1.2992,2.44758,0.29761,0.7862,2.29228,2.19264,1.8805,3.93625,5.12404,0.55217,2.86732
2026-01-06 22:00:00,2.64931,0.0144,0.19712,0.49049,0.13297,0.02579,0.02258,0.15044,0.5447,0.29041,0.6702,2.69549,0.05151,1.2799,2.28583,0.00795,0.01098,0.02229,0.00917,0.09859,0.02295,1.91193,1.01946,0.43956,0.57766,1.39125,6.12494,2.36998,0.09206,0.23895,0.5945,3.67616,0.29143,0.75745,0.00833,5.13099,0.17419,1.2799,2.36998,0.29143,0.75745,2.28583,2.21288,1.91193,3.96452,5.13099,0.54721,2.86285
2026-01-06 23:00:00,2.64683,0.01656,0.19238,0.46904,0.13094,0.02533,0.02195,0.13227,0.5214,0.2889,0.66574,2.68196,0.04925,1.26088,2.27791,0.00776,0.01096,0.02194,0.0089,0.09452,0.0226,1.94216,1.01146,0.43555,0.57046,1.28904,6.04199,2.2948,0.09006,0.23626,0.58985,3.63119,0.28584,0.73103,0.00766,5.13318,0.16978,1.26088,2.2948,0.28584,0.73103,2.27791,2.23051,1.94216,3.98827,5.13318,0.54147,2.85919
2026-01-07 00:00:00,2.64436,0.01873,0.18815,0.45179,0.12916,0.02481,0.02134,0.11453,0.4954,0.28795,0.66228,2.66886,0.04713,1.24217,2.26899,0.00759,0.01094,0.02191,0.00863,0.09045,0.02225,1.97087,1.00381,0.43155,0.56325,1.19495,5.95905,2.22766,0.08808,0.23351,0.58632,3.58744,0.28102,0.70681,0.00683,5.13077,0.16536,1.24217,2.22766,0.28102,0.70681,2.26899,2.2455,1.97087,4.00774,5.13077,0.53696,2.85614
2026-01-07 01:00:00,2.64189,0.02089,0.18442,0.43895,0.12756,0.0238,0.02077,0.09697,0.4669,0.28644,0.65808,2.663,0.04513,1.22412,2.25956,0.00742,0.01092,0.02105,0.00836,0.08716,0.0219,1.99777,0.99642,0.42872,0.55718,1.10923,5.90176,2.06926,0.0861,0.23084,0.58394,3.54833,0.27645,0.68476,0.0063,5.12392,0.16229,1.22412,2.06926,0.27645,0.68476,2.25956,2.25787,1.99777,4.02325,5.12392,0.53366,2.85356
2026-01-07 02:00:00,2.63942,0.02304,0.18111,0.42239,0.12611,0.0217,0.02029,0.07944,0.43803,0.28554,0.65497,2.65742,0.04325,1.20717,2.25011,0.00725,0.0109,0.02029,0.00809,0.08387,0.02154,2.02267,0.98919,0.42588,0.5511,1.03125,5.84447,1.92551,0.08412,0.22816,0.58307,3.51064,0.27198,0.66484,0.00614,5.1129,0.15922,1.20717,1.92551,0.27198,0.66484,2.25011,2.26775,2.02267,4.03526,5.1129,0.53178,2.85135
2026-01-07 03:00:00,2.63695,0.02521,0.17814,0.39848,0.12474,0.0203,0.01988,0.062,0.41075,0.28406,0.65119,2.65234,0.04147,1.19136,2.24106,0.00708,0.01089,0.02008,0.00782,0.08057,0.02119,2.04538,0.98241,0.42305,0.54503,0.9606,5.78719,1.79493,0.08214,0.22546,0.58172,3.47238,0.26754,0.64702,0.0062,5.09803,0.15615,1.19136,1.79493,0.26754,0.64702,2.24106,2.27522,2.04538,4.04169,5.09803,0.52933,2.84943
2026-01-07 04:00:00,2.63447,0.02504,0.1755,0.3793,0.12343,0.01978,0.01954,0.0589,0.38582,0.28291,0.64796,2.64746,0.03979,1.17659,2.23275,0.00692,0.01087,0.01987,0.00755,0.07728,0.02084,2.06581,0.97704,0.42021,0.53896,0.89656,5.72991,1.6761,0.08017,0.22279,0.57899,3.43269,0.2646,0.63112,0.00635,5.0794,0.15308,1.17659,1.6761,0.2646,0.63112,2.23275,2.28046,2.06581,4.04096,5.0794,0.52545,2.84775
2026-01-07 05:00:00,2.632,0.02489,0.17324,0.36406,0.12222,0.0195,0.01925,0.05621,0.36318,0.28176,0.64484,2.64276,0.0382,1.16278,2.22547,0.00674,0.01085,0.01966,0.00728,0.07399,0.02048,2.08389,0.97341,0.41737,0.53288,0.83837,5.67262,1.56787,0.07819,0.22012,0.57578,3.39248,0.26202,0.6167,0.00638,5.05672,0.15001,1.16278,1.56787,0.26202,0.6167,2.22547,2.28369,2.08389,4.03451,5.05672,0.52105,2.84627
2026-01-07 06:00:00,2.62953,0.02474,0.17139,0.35119,0.12112,0.01918,0.01898,0.05379,0.34092,0.28059,0.64172,2.63826,0.03668,1.14986,2.21941,0.00658,0.01083,0.01946,0.00701,0.07069,0.02013,2.09964,0.97097,0.41454,0.52681,0.78535,5.61534,1.47077,0.07621,0.21745,0.57353,3.35319,0.25992,0.60351,0.00635,5.02993,0.14694,1.14986,1.47077,0.25992,0.60351,2.21941,2.28518,2.09964,4.0234,5.02993,0.51757,2.84496
2026-01-07 07:00:00,2.62706,0.02458,0.16986,0.34077,0.1201,0.01856,0.01871,0.05149,0.31681,0.27948,0.63869,2.61341,0.03526,1.13774,2.2147,0.00642,0.01081,0.01928,0.00674,0.06772,0.01978,2.1131,0.96936,0.41238,0.52204,0.73699,5.5454,1.38964,0.07424,0.21482,0.57216,3.32541,0.25798,0.59151,0.00645,4.99918,0.14477,1.13774,1.38964,0.25798,0.59151,2.2147,2.28517,2.1131,4.00823,4.99918,0.51497,2.84378
2026-01-07 08:00:00,2.62459,0.02442,0.16854,0.32688,0.11914,0.01727,0.01848,0.04919,0.29038,0.27807,0.63532,2.58882,0.0339,1.12634,2.21144,0.00627,0.01079,0.01909,0.00647,0.06474,0.01942,2.12436,0.96833,0.41022,0.51726,0.69279,5.47546,1.31442,0.07227,0.21233,0.5718,3.2986,0.25609,0.58077,0.00671,4.96469,0.1426,1.12634,1.31442,0.25609,0.58077,2.21144,2.28392,2.12436,3.98955,4.96469,0.51336,2.84272
2026-01-07 09:00:00,2.62211,0.02426,0.16733,0.30625,0.1182,0.01641,0.01829,0.04694,0.26371,0.27664,0.63196,2.56434,0.03261,1.11562,2.20964,0.00611,0.01078,0.01889,0.0062,0.06176,0.01907,2.13357,0.96715,0.40807,0.51249,0.65217,5.40552,1.24471,0.07032,0.20976,0.57085,3.27121,0.25422,0.5712,0.00708,4.92679,0.14044,1.11562,1.24471,0.25422,0.5712,2.20964,2.28171,2.13357,3.96796,4.92679,0.51114,2.84176
2026-01-07 10:00:00,2.61964,0.02413,0.16615,0.28977,0.11728,0.01609,0.01813,0.04487,0.23983,0.27504,0.62836,2.5399,0.03138,1.10549,2.20931,0.00595,0.01076,0.01869,0.00593,0.05877,0.01872,2.1409,0.96416,0.40591,0.50772,0.61477,5.33557,1.1802,0.06835,0.20713,0.56826,3.24216,0.25235,0.5627,0.00687,4.88584,0.13827,1.10549,1.1802,0.25235,0.5627,2.20931,2.27882,2.1409,3.94405,4.88584,0.50728,2.84089
2026-01-07 11:00:00,2.61717,0.024,0.16499,0.27699,0.11641,0.01591,0.01798,0.04306,0.21986,0.27349,0.62486,2.51537,0.0302,1.09593,2.21041,0.00579,0.01074,0.0185,0.00566,0.0558,0.01836,2.14655,0.95871,0.40375,0.50294,0.58041,5.26563,1.12054,0.06638,0.20452,0.56501,3.21244,0.2507,0.55518,0.0066,4.84228,0.1361,1.09593,1.12054,0.2507,0.55518,2.21041,2.27555,2.14655,3.91824,4.84228,0.50275,2.8401
2026-01-07 12:00:00,2.6147,0.02388,0.16392,0.26698,0.1156,0.01571,0.01781,0.04143,0.20339,0.272,0.62136,2.49069,0.02909,1.087,2.21289,0.00564,0.01072,0.01831,0.00539,0.05282,0.01801,2.15074,0.95155,0.40159,0.49817,0.54892,5.19568,1.06541,0.06441,0.20184,0.56274,3.18369,0.24934,0.54857,0.0063,4.79656,0.13393,1.087,1.06541,0.24934,0.54857,2.21289,2.2721,2.15074,3.89079,4.79656,0.49919,2.7255
2026-01-07 13:00:00,2.61223,0.02374,0.16294,0.25987,0.11484,0.01533,0.01765,0.03987,0.17957,0.27045,0.61775,2.46923,0.02801,1.07883,2.21668,0.00549,0.0107,0.01814,0.00512,0.05062,0.01766,2.1537,0.94323,0.40127,0.49486,0.52012,5.10138,1.01452,0.06246,0.19927,0.56133,3.16433,0.24808,0.53131,0.00606,4.74907,0.13237,1.07883,1.01452,0.24808,0.53131,2.21668,2.26868,2.1537,3.86116,4.74907,0.4965,2.35803
2026-01-07 14:00:00,2.60975,0.0236,0.16203,0.25081,0.1141,0.01453,0.0175,0.03831,0.15906,0.26887,0.61402,2.44768,0.02699,1.06793,2.22163,0.00535,0.01068,0.01795,0.00485,0.04842,0.0173,2.15569,0.9341,0.40094,0.49155,0.49264,5.00707,0.96757,0.06051,0.19662,0.56099,3.14603,0.24685,0.51492,0.0059,4.7001,0.13081,1.06793,0.96757,0.24685,0.51492,2.22163,2.26543,2.15569,3.82992,4.7001,0.49486,2.23207
2026-01-07 15:00:00,2.60728,0.02346,0.16111,0.23788,0.11336,0.01399,0.01737,0.03677,0.14241,0.26737,0.61041,2.42617,0.02601,1.05772,2.22751,0.00521,0.01067,0.01777,0.00458,0.04623,0.01695,2.15694,0.92458,0.40061,0.48824,0.46407,4.91277,0.9242,0.05855,0.19399,0.56003,3.12709,0.24562,0.49939,0.00578,4.64985,0.12925,1.05772,0.9242,0.24562,0.49939,2.22751,2.26251,2.15694,3.79775,4.64985,0.4926,2.19008
2026-01-07 16:00:00,2.60481,0.02334,0.16015,0.22747,0.11262,0.01379,0.01726,0.03536,0.12941,0.26606,0.60702,2.4046,0.02505,1.04814,2.2341,0.00507,0.01065,0.01758,0.00431,0.04403,0.0166,2.15768,0.91548,0.40029,0.48494,0.43709,4.81846,0.88376,0.05659,0.19138,0.55747,3.10655,0.2444,0.4846,0.00568,4.59862,0.12768,1.04814,0.88376,0.2444,0.4846,2.2341,2.26003,2.15768,3.76485,4.59862,0.48874,2.16909
2026-01-07 17:00:00,2.60234,0.02323,0.15918,0.21925,0.11192,0.01368,0.01717,0.03412,0.11928,0.26414,0.60286,2.38295,0.02414,1.03915,2.24133,0.00492,0.01063,0.0174,0.00404,0.04183,0.01624,2.15811,0.90715,0.39996,0.48163,0.41203,4.72416,0.84572,0.05464,0.18875,0.55427,3.08539,0.24332,0.47057,0.00556,4.54666,0.12612,1.03915,0.84572,0.24332,0.47057,2.24133,2.25809,2.15811,3.73139,4.54666,0.48424,2.15649
2026-01-07 18:00:00,2.59987,0.02311,0.15824,0.21254,0.11125,0.01356,0.01707,0.033,0.11117,0.26283,0.59949,2.36126,0.02325,1.03068,2.24917,0.00478,0.01061,0.01723,0.00377,0.03963,0.01589,2.15841,0.89936,0.39964,0.47832,0.38894,4.62985,0.80996,0.05269,0.18614,0.55203,3.06518,0.24242,0.45729,0.00541,4.49409,0.12456,1.03068,0.80996,0.24242,0.45729,2.24917,2.25674,2.15841,3.69748,4.49409,0.4807,2.1481
2026-01-07 19:00:00,2.59739,0.02299,0.15738,0.20742,0.11062,0.01332,0.01698,0.03193,0.10453,0.26152,0.59621,2.34889,0.02239,1.02269,2.25753,0.00464,0.01059,0.01707,0.00351,0.038,0.01554,2.15876,0.89194,0.39992,0.4749,0.36764,4.56741,0.77645,0.05074,0.18355,0.5507,3.0496,0.24159,0.44474,0.0053,4.44096,0.12341,1.02269,0.77645,0.24159,0.44474,2.25753,2.25603,2.15876,3.66327,4.44096,0.47806,2.1421
2026-01-07 20:00:00,2.59492,0.02285,0.15656,0.20088,0.10999,0.01282,0.01691,0.03085,0.0992,0.25964,0.59213,2.33631,0.02157,1.01515,2.26638,0.00451,0.01057,0.01689,0.00324,0.03638,0.01519,2.15929,0.88478,0.40021,0.47149,0.34789,4.50497,0.74508,0.0488,0.18084,0.55042,3.0351,0.24077,0.4329,0.00522,4.38737,0.12225,1.01515,0.74508,0.24077,0.4329,2.26638,2.25595,2.15929,3.62891,4.38737,0.47648,2.1376
2026-01-07 21:00:00,2.59245,0.02272,0.15572,0.19149,0.10934,0.01249,0.01684,0.02979,0.09497,0.25833,0.58886,2.32371,0.02076,1.00801,2.27564,0.00438,0.01056,0.01672,0.00297,0.03476,0.01483,2.16013,0.87784,0.40049,0.46807,0.32948,4.44253,0.71799,0.04686,0.17819,0.54959,3.02003,0.23996,0.42174,0.00516,4.33343,0.1211,1.00801,0.71799,0.23996,0.42174,2.27564,2.25653,2.16013,3.59452,4.33343,0.47434,2.1341
2026-01-07 22:00:00,2.58998,0.0226,0.15484,0.18398,0.1087,0.01237,0.01679,0.02881,0.09142,0.25702,0.58571,2.31146,0.01999,1.00123,2.28523,0.00425,0.01054,0.01654,0.0027,0.03313,0.01448,2.16136,0.87119,0.40077,0.46465,0.31233,4.38008,0.69369,0.04492,0.17558,0.54731,3.00349,0.23915,0.41121,0.00511,4.27927,0.11995,1.00123,0.69369,0.23915,0.41121,2.28523,2.25773,2.16136,3.56023,4.27927,0.47075,2.1313
2026-01-07 23:00:00,2.58751,0.02249,0.15393,0.17807,0.10807,0.0123,0.01674,0.02795,0.08821,0.25573,0.58254,2.29899,0.01924,0.99479,2.29508,0.00411,0.01052,0.01637,0.00243,0.03151,0.01413,2.16306,0.86487,0.40106,0.46124,0.29601,4.31763,0.67046,0.04298,0.17299,0.54445,2.98641,0.23842,0.40125,0.00505,4.22504,0.11879,0.99479,0.67046,0.23842,0.40125,2.29508,2.25957,2.16306,3.52613,4.22504,0.46659,2.12901
2026-01-08 00:00:00,2.58503,0.02238,0.15305,0.17327,0.10747,0.01222,0.01668,0.02717,0.08509,0.25498,0.58006,2.28648,0.01849,0.98866,2.30511,0.00398,0.0105,0.0162,0.00216,0.02988,0.01377,2.16528,0.85877,0.40134,0.45782,0.27947,4.25519,0.64832,0.04103,0.17041,0.54248,2.9702,0.23781,0.39182,0.00498,4.17088,0.11764,0.98866,0.64832,0.23781,0.39182,2.30511,2.262,2.16528,3.49051,4.17088,0.46332,2.1271
2026-01-08 01:00:00,2.58256,0.02226,0.15223,0.16969,0.1069,0.01206,0.01662,0.02642,0.08206,0.25369,0.57697,2.28359,0.01777,0.9828,2.31524,0.00385,0.01048,0.01605,0.00189,0.02913,0.01342,2.16804,0.85282,0.4021,0.45489,0.2647,4.20832,0.62714,0.04079,0.16826,0.54137,2.95697,0.23724,0.38293,0.00492,4.1167,0.11676,0.9828,0.62714,0.23724,0.38293,2.31524,2.26501,2.16804,3.45494,4.1167,0.4609,2.12549
2026-01-08 02:00:00,2.58044,0.02213,0.15146,0.16503,0.10634,0.01174,0.01656,0.02567,0.07935,0.25301,0.57475,2.2808,0.01706,0.97719,2.32539,0.00374,0.01047,0.0159,0.00162,0.02838,0.01307,2.17138,0.84698,0.40287,0.45197,0.25145,4.16144,0.60687,0.04054,0.16671,0.54123,2.94473,0.23667,0.37455,0.00488,4.06244,0.11588,0.97719,0.60687,0.23667,0.37455,2.32539,2.26856,2.17138,3.4202,4.06244,0.45947,2.1241
2026-01-08 03:00:00,2.57797,0.022,0.15067,0.15825,0.10575,0.01152,0.01651,0.02492,0.07704,0.25178,0.57195,2.27831,0.01638,0.97181,2.33551,0.00361,0.01045,0.01574,0.00135,0.02763,0.01271,2.17529,0.84128,0.40363,0.44904,0.23947,4.11457,0.58765,0.0403,0.16551,0.54061,2.932,0.23611,0.36663,0.00485,4.00833,0.11501,0.97181,0.58765,0.23611,0.36663,2.33551,2.27264,2.17529,3.38632,4.00833,0.45755,2.1229
2026-01-08 04:00:00,2.5755,0.02189,0.14982,0.15282,0.10516,0.01144,0.01647,0.02424,0.07495,0.25084,0.56959,2.27592,0.01617,0.96665,2.34552,0.00349,0.01043,0.01558,0.00108,0.02688,0.01236,2.17978,0.83598,0.40438,0.44611,0.22862,4.0677,0.56952,0.04005,0.16446,0.53874,2.918,0.23556,0.35917,0.00482,3.95463,0.11413,0.96665,0.56952,0.23556,0.35917,2.34552,2.27875,2.17978,3.35332,3.95463,0.45438,2.12185
2026-01-08 05:00:00,2.57303,0.02179,0.14895,0.14855,0.10459,0.0114,0.01642,0.02363,0.07291,0.24988,0.56736,2.27363,0.01598,0.96168,2.35536,0.00337,0.01042,0.01542,0.00081,0.02613,0.01201,2.18483,0.83117,0.40515,0.44319,0.21892,4.02082,0.55251,0.03981,0.16353,0.53638,2.90355,0.23505,0.35211,0.00476,3.90157,0.11325,0.96168,0.55251,0.23505,0.35211,2.35536,2.28528,2.18483,3.32122,3.90157,0.45073,2.12093
2026-01-08 06:00:00,2.57055,0.02168,0.1481,0.14507,0.10404,0.01135,0.01637,0.02309,0.07082,0.24893,0.56512,2.2715,0.0158,0.95689,2.36501,0.00325,0.0104,0.01526,0.00054,0.02538,0.01165,2.19058,0.82672,0.40591,0.44026,0.21016,3.97395,0.53663,0.03956,0.16261,0.53481,2.88986,0.23462,0.34543,0.00469,3.8493,0.11237,0.95689,0.53663,0.23462,0.34543,2.36501,2.2922,2.19058,3.29004,3.8493,0.44786,2.1201
2026-01-08 07:00:00,2.56808,0.02156,0.14732,0.14241,0.10351,0.01125,0.01632,0.02257,0.06871,0.248,0.5629,2.25467,0.01563,0.95233,2.3744,0.00313,0.01038,0.01512,0.00027,0.02498,0.0113,2.19719,0.82251,0.40666,0.43777,0.20202,3.91942,0.52186,0.03933,0.16175,0.53396,2.87895,0.23421,0.33913,0.00464,3.79796,0.11168,0.95233,0.52186,0.23421,0.33913,2.3744,2.29944,2.19719,3.2598,3.79796,0.44571,2.11937
2026-01-08 08:00:00,2.56561,0.02143,0.14657,0.13894,0.10298,0.01104,0.01626,0.02204,0.0668,0.24682,0.5604,2.23808,0.01547,0.9481,2.3835,0.00303,0.01036,0.01497,0,0.02457,0.01095,2.20459,0.81847,0.40741,0.43529,0.19442,3.86489,0.50813,0.03909,0.16093,0.53396,2.86887,0.23381,0.33319,0.0046,3.74765,0.11099,0.9481,0.50813,0.23381,0.33319,2.3835,2.30695,2.20459,3.23053,3.74765,0.44441,2.11871
2026-01-08 09:00:00,2.56314,0.02131,0.14582,0.13388,0.10244,0.0109,0.01622,0.02152,0.06516,0.24565,0.55787,2.22157,0.01532,0.94423,2.39231,0.00291,0.01035,0.01482,0,0.02417,0.01059,2.21269,0.8145,0.40817,0.4328,0.18727,3.81035,0.49539,0.03886,0.16007,0.53347,2.85834,0.23341,0.32759,0.00457,3.69845,0.1103,0.94423,0.49539,0.23341,0.32759,2.39231,2.31469,2.21269,3.20226,3.69845,0.44263,2.11811
2026-01-08 10:00:00,2.56067,0.0212,0.14502,0.12983,0.10188,0.01084,0.01618,0.02104,0.06368,0.24429,0.55517,2.20509,0.01518,0.94068,2.40079,0.0028,0.01033,0.01467,0,0.02376,0.01024,2.22134,0.81034,0.40433,0.43031,0.18053,3.75581,0.48354,0.03863,0.15925,0.53174,2.84654,0.23302,0.3223,0.00455,3.65042,0.10961,0.94068,0.48354,0.23302,0.3223,2.40079,2.3226,2.22134,3.17502,3.65042,0.4396,2.11756
2026-01-08 11:00:00,2.55819,0.0211,0.14419,0.12665,0.10134,0.01082,0.01614,0.02062,0.06221,0.24304,0.5525,2.18851,0.01505,0.93744,2.40894,0.00269,0.01031,0.01452,0,0.02335,0.00989,2.23048,0.80589,0.40049,0.42783,0.17425,3.70128,0.47251,0.03839,0.15841,0.52952,2.83424,0.23265,0.31731,0.00453,3.60362,0.10892,0.93744,0.47251,0.23265,0.31731,2.40894,2.33063,2.23048,3.14885,3.60362,0.43608,2.11706
2026-01-08 12:00:00,2.55572,0.021,0.1434,0.12406,0.10082,0.01078,0.01609,0.02023,0.06068,0.24182,0.54982,2.17178,0.01493,0.93446,2.41675,0.00258,0.01029,0.01438,0,0.02295,0.00953,2.24003,0.80125,0.39665,0.42534,0.16845,3.64675,0.46223,0.03816,0.15757,0.52805,2.82272,0.23233,0.31259,0.0045,3.55811,0.10823,0.93446,0.46223,0.23233,0.31259,2.41675,2.33874,2.24003,3.12375,3.55811,0.43332,2.08745
2026-01-08 13:00:00,2.55325,0.02089,0.14266,0.1221,0.10032,0.01072,0.01604,0.01986,0.05912,0.24055,0.54706,2.15551,0.01481,0.93174,2.42409,0.00247,0.01027,0.01424,0,0.02273,0.00918,2.24991,0.79646,0.39346,0.42315,0.16307,3.59222,0.45266,0.03794,0.15677,0.52724,2.81211,0.23203,0.30813,0.00448,3.51392,0.10767,0.93174,0.45266,0.23203,0.30813,2.42409,2.34688,2.24991,3.0991,3.51392,0.43121,1.98288
2026-01-08 14:00:00,2.55078,0.02077,0.14196,0.11954,0.09982,0.01058,0.016,0.01949,0.0577,0.23916,0.5442,2.13914,0.0147,0.92924,2.43088,0.00238,0.01026,0.0141,0,0.02252,0.00848,2.26007,0.79156,0.39028,0.42096,0.15803,3.53769,0.44375,0.03771,0.15598,0.52721,2.80228,0.23173,0.30393,0.00447,3.471,0.1071,0.92924,0.44375,0.23173,0.30393,2.43088,2.35501,2.26007,3.07536,3.471,0.42988,1.86379
2026-01-08 15:00:00,2.54831,0.02066,0.14124,0.11582,0.09931,0.01049,0.01596,0.01912,0.0565,0.23783,0.54143,2.12278,0.01459,0.92695,2.43703,0.00227,0.01024,0.01397,0,0.0223,0.00812,2.27044,0.78662,0.38709,0.41877,0.15328,3.51135,0.43546,0.03748,0.15517,0.52667,2.79194,0.23143,0.29996,0.00446,3.42929,0.10654,0.92695,0.43546,0.23143,0.29996,2.43703,2.36309,2.27044,3.05282,3.42929,0.42804,1.82409
2026-01-08 16:00:00,2.54583,0.02056,0.14048,0.11284,0.09879,0.01045,0.01592,0.01878,0.05541,0.23664,0.53886,2.10637,0.01449,0.92486,2.44245,0.00217,0.01022,0.01383,0,0.02208,0.00777,2.28097,0.7817,0.3839,0.41658,0.1488,3.485,0.42772,0.03726,0.15437,0.52475,2.78021,0.23114,0.29621,0.00445,3.3951,0.10597,0.92486,0.42772,0.23114,0.29621,2.44245,2.37108,2.28097,3.03143,3.3951,0.42481,1.80424
2026-01-08 17:00:00,2.54336,0.02047,0.13969,0.11049,0.09828,0.01043,0.01588,0.01848,0.05433,0.23497,0.53562,2.08989,0.0144,0.92294,2.44709,0.00208,0.01021,0.01369,0,0.02187,0.00742,2.29161,0.77687,0.38072,0.41439,0.14461,3.45866,0.42052,0.03704,0.15357,0.52225,2.76792,0.23086,0.29267,0.00443,3.36222,0.1054,0.92294,0.42052,0.23086,0.29267,2.44709,2.37893,2.29161,3.01122,3.36222,0.42101,1.79233
2026-01-08 18:00:00,2.54089,0.02037,0.13893,0.10857,0.09779,0.01041,0.01583,0.0182,0.05318,0.23377,0.53301,2.07338,0.01431,0.92117,2.45092,0.00197,0.01019,0.01356,0,0.02165,0.00706,2.30232,0.77209,0.37753,0.4122,0.14073,3.43232,0.41379,0.03681,0.15277,0.52056,2.75643,0.23061,0.28933,0.00441,3.3307,0.10484,0.92117,0.41379,0.23061,0.28933,2.45092,2.3866,2.30232,2.99213,3.3307,0.41803,1.78439
2026-01-08 19:00:00,2.53842,0.02026,0.13822,0.1071,0.09732,0.01036,0.01578,0.01794,0.052,0.23286,0.53042,2.06023,0.01423,0.91955,2.45388,0.00188,0.01017,0.01344,0,0.0215,0.00671,2.31304,0.76734,0.37492,0.41025,0.13712,3.40445,0.40751,0.0366,0.152,0.51962,2.74561,0.23037,0.28617,0.00439,3.30056,0.10436,0.91955,0.40751,0.23037,0.28617,2.45388,2.39403,2.31304,2.97415,3.30056,0.41578,1.77872
2026-01-08 20:00:00,2.53595,0.02015,0.13755,0.10518,0.09685,0.01027,0.01573,0.01767,0.05093,0.23165,0.52715,2.04693,0.01416,0.91806,2.45596,0.00179,0.01016,0.01331,0,0.02135,0.00636,2.32374,0.76262,0.37231,0.4083,0.13374,3.37657,0.40165,0.03638,0.15123,0.51954,2.73567,0.23014,0.2832,0.00438,3.2718,0.10388,0.91806,0.40165,0.23014,0.2832,2.45596,2.40117,2.32374,2.95725,3.2718,0.4144,1.77447
2026-01-08 21:00:00,2.53347,0.02003,0.13687,0.10238,0.09636,0.0102,0.01569,0.0174,0.05003,0.23077,0.52456,2.03356,0.01408,0.91669,2.45714,0.0017,0.01014,0.01318,0,0.0212,0.006,2.33435,0.75793,0.36969,0.40636,0.13054,3.3487,0.39619,0.03617,0.15047,0.51895,2.72522,0.22991,0.28038,0.00437,3.24442,0.10341,0.91669,0.39619,0.22991,0.28038,2.45714,2.40795,2.33435,2.94139,3.24442,0.41252,1.77116
2026-01-08 22:00:00,2.531,0.01993,0.13614,0.10014,0.09586,0.01018,0.01565,0.01715,0.04923,0.22982,0.52209,2.02045,0.01401,0.91544,2.45742,0.0016,0.01012,0.01305,0,0.02105,0.00565,2.34485,0.75334,0.36708,0.40441,0.12752,3.32083,0.39109,0.03596,0.1497,0.51707,2.71346,0.22967,0.27772,0.00436,3.2184,0.10293,0.91544,0.39109,0.22967,0.27772,2.45742,2.41433,2.34485,2.92656,3.2184,0.40933,1.76851
2026-01-08 23:00:00,2.52853,0.01984,0.13539,0.09837,0.09537,0.01017,0.01561,0.01693,0.04842,0.22882,0.51972,2.00713,0.01394,0.91429,2.45678,0.00152,0.01011,0.01292,0,0.0209,0.0053,2.35516,0.7489,0.36447,0.40246,0.12468,3.29295,0.38632,0.03574,0.14893,0.51465,2.70118,0.22945,0.27522,0.00434,3.19373,0.10245,0.91429,0.38632,0.22945,0.27522,2.45678,2.42024,2.35516,2.91272,3.19373,0.40561,1.76635
2026-01-09 00:00:00,2.52606,0.01974,0.13467,0.09693,0.0949,0.01015,0.01556,0.01673,0.04755,0.2282,0.51807,1.99376,0.01388,0.91322,2.45523,0.00142,0.01009,0.0128,0,0.02075,0.00459,2.36526,0.74455,0.36186,0.40051,0.12205,3.26508,0.38185,0.03553,0.14815,0.51303,2.68969,0.22925,0.27284,0.00431,3.17038,0.10197,0.91322,0.38185,0.22925,0.27284,2.45523,2.42565,2.36526,2.89981,3.17038,0.40269,1.76454
2026-01-09 01:00:00,2.52359,0.01964,0.13399,0.09582,0.09445,0.01012,0.01551,0.01654,0.04665,0.2271,0.51586,1.98669,0.01381,0.91224,2.4528,0.00134,0.01007,0.01268,0,0.02063,0.00424,2.37508,0.74027,0.35961,0.39879,0.11959,3.25072,0.37768,0.03533,0.1474,0.51214,2.67925,0.22906,0.2706,0.00429,3.14832,0.10155,0.91224,0.37768,0.22906,0.2706,2.4528,2.4305,2.37508,2.88782,3.14832,0.40051,1.76302
2026-01-09 02:00:00,2.52111,0.01952,0.13335,0.09437,0.09399,0.01004,0.01547,0.01635,0.04585,0.2264,0.51431,1.97975,0.01375,0.91134,2.44947,0.00125,0.01006,0.01256,0,0.02051,0.00388,2.38455,0.73604,0.35736,0.39708,0.11727,3.23635,0.37377,0.03512,0.14665,0.51214,2.66967,0.22887,0.26848,0.00428,3.12752,0.10113,0.91134,0.37377,0.22887,0.26848,2.44947,2.43476,2.38455,2.8767,3.12752,0.3992,1.76171
2026-01-09 03:00:00,2.51864,0.01942,0.13271,0.09225,0.09352,0.01,0.01543,0.01615,0.04518,0.22526,0.51224,1.97318,0.01368,0.91049,2.44528,0.00118,0.01004,0.01245,0,0.02039,0.00353,2.39364,0.73185,0.35512,0.39536,0.11508,3.22199,0.37011,0.03492,0.14591,0.51166,2.65964,0.22867,0.26648,0.00427,3.10793,0.10071,0.91049,0.37011,0.22867,0.26648,2.44528,2.43839,2.39364,2.8664,3.10793,0.39743,1.76057
2026-01-09 04:00:00,2.51617,0.01932,0.13202,0.09055,0.09304,0.00998,0.01539,0.01597,0.04457,0.2243,0.51051,1.96675,0.01361,0.90972,2.44024,0.00177,0.01002,0.01233,0,0.02028,0.00318,2.4023,0.72771,0.35287,0.39364,0.11299,3.20763,0.3667,0.03471,0.14517,0.51,2.64839,0.22848,0.26459,0.00426,3.08951,0.10028,0.90972,0.3667,0.22848,0.26459,2.44024,2.44135,2.4023,2.8569,3.08951,0.39447,1.75958
2026-01-09 05:00:00,2.5137,0.01923,0.13132,0.08921,0.09257,0.00997,0.01536,0.01582,0.04396,0.22333,0.5088,1.96037,0.01351,0.909,2.43437,0.00177,0.01001,0.01222,0,0.02016,0.00283,2.41048,0.72364,0.35062,0.39193,0.11103,3.19326,0.36349,0.03451,0.14441,0.50789,2.63671,0.2283,0.2628,0.00424,3.07223,0.09986,0.909,0.36349,0.2283,0.2628,2.43437,2.44362,2.41048,2.84814,3.07223,0.39105,1.75871
2026-01-09 06:00:00,2.51123,0.01914,0.13063,0.08812,0.09212,0.00995,0.01531,0.01567,0.0433,0.22235,0.50708,1.95407,0.0134,0.90834,2.4277,0.00177,0.00999,0.01211,0,0.02004,0.00247,2.41814,0.71961,0.34837,0.39021,0.1092,3.1789,0.36048,0.0343,0.14369,0.50649,2.62574,0.22813,0.26111,0.00422,3.05603,0.09944,0.90834,0.36048,0.22813,0.26111,2.4277,2.44517,2.41814,2.84008,3.05603,0.38835,1.75793
2026-01-09 07:00:00,2.50875,0.01904,0.13,0.08728,0.09169,0.00993,0.01527,0.01554,0.04261,0.22134,0.5053,1.94465,0.01331,0.90772,2.42027,0.00177,0.00997,0.012,0,0.01994,0.00212,2.42523,0.71563,0.3463,0.38868,0.10748,3.15832,0.35766,0.0341,0.14295,0.50578,2.61592,0.22796,0.2595,0.0042,3.04088,0.09906,0.90772,0.35766,0.22796,0.2595,2.42027,2.44598,2.42523,2.83268,3.04088,0.38634,1.75723
2026-01-09 08:00:00,2.50628,0.01893,0.12939,0.08618,0.09125,0.00987,0.01522,0.0154,0.04198,0.22012,0.50324,1.93534,0.01324,0.90715,2.41208,0.00177,0.00995,0.01189,0,0.01983,0.00177,2.43172,0.71166,0.34423,0.38715,0.10585,3.13774,0.35501,0.03391,0.14226,0.50585,2.6069,0.2278,0.25799,0.00419,3.02672,0.09868,0.90715,0.35501,0.2278,0.25799,2.41208,2.44602,2.43172,2.8259,3.02672,0.38511,1.7566
2026-01-09 09:00:00,2.50381,0.01883,0.12878,0.08457,0.0908,0.00983,0.01519,0.01526,0.04147,0.2189,0.50111,1.92608,0.01319,0.90663,2.40319,0.00177,0.00993,0.01179,0,0.01972,0,2.43757,0.70771,0.34217,0.38562,0.1043,3.11716,0.35253,0.03371,0.14152,0.50547,2.59742,0.22764,0.25657,0.00418,3.0135,0.0983,0.90663,0.35253,0.22764,0.25657,2.40319,2.44531,2.43757,2.81968,3.0135,0.38343,1.75604
2026-01-09 10:00:00,2.50134,0.01874,0.12813,0.08328,0.09033,0.00981,0.01515,0.01514,0.04101,0.21753,0.4988,1.9168,0.01315,0.90614,2.39363,0.00177,0.00992,0.01167,0,0.01962,0,2.43993,0.7038,0.3401,0.38409,0.10283,3.09658,0.35019,0.03351,0.1408,0.50262,2.58675,0.22747,0.25521,0.00417,3.00118,0.09792,0.90614,0.35019,0.22747,0.25521,2.39363,2.44385,2.43993,2.81399,3.00118,0.38058,1.75552
2026-01-09 11:00:00,2.49887,0.01866,0.12745,0.08226,0.08988,0.0098,0.01512,0.01502,0.04054,0.21622,0.49652,1.90736,0.01311,0.90568,2.38342,0.00177,0.0099,0.01157,0,0.01952,0,2.44161,0.69995,0.33803,0.38256,0.10143,3.076,0.34799,0.03332,0.14007,0.49928,2.57563,0.22731,0.25393,0.00415,2.9897,0.09754,0.90568,0.34799,0.22731,0.25393,2.38342,2.44163,2.44161,2.80879,2.9897,0.37725,1.75505
2026-01-09 12:00:00,2.49639,0.01858,0.1268,0.08143,0.08945,0.00979,0.01507,0.01492,0.04003,0.21495,0.49421,1.89777,0.01308,0.90526,2.37763,0.00177,0.00988,0.01146,0,0.01941,0,2.44257,0.69612,0.33596,0.38103,0.10012,3.05542,0.34592,0.03312,0.13937,0.49667,2.56521,0.22716,0.25272,0.00413,2.97902,0.09716,0.90526,0.34592,0.22716,0.25272,2.37763,2.43866,2.44257,2.80401,2.97902,0.37464,1.7352
2026-01-09 13:00:00,2.49392,0.01848,0.12618,0.08079,0.08902,0.00976,0.01503,0.01481,0.0395,0.21366,0.49179,1.88765,0.01305,0.90485,2.37126,0.00177,0.00986,0.01136,0,0.01931,0,2.44281,0.69232,0.33408,0.37965,0.09888,3.03867,0.34396,0.03293,0.13868,0.49471,2.55586,0.22702,0.25156,0.00411,2.96909,0.09678,0.90485,0.34396,0.22702,0.25156,2.37126,2.43494,2.44281,2.79964,2.96909,0.37268,1.66762
2026-01-09 14:00:00,2.49145,0.01838,0.12561,0.07996,0.0886,0.00969,0.01498,0.01471,0.03903,0.21233,0.48928,1.87744,0.01302,0.90448,2.36436,0.00177,0.00985,0.01126,0,0.01921,0,2.44231,0.68854,0.33219,0.37827,0.0977,3.02192,0.34212,0.03274,0.13798,0.49352,2.54728,0.22687,0.25048,0.00409,2.95985,0.09639,0.90448,0.34212,0.22687,0.25048,2.36436,2.43054,2.44231,2.79561,2.95985,0.37149,1.57623
2026-01-09 15:00:00,2.48898,0.01828,0.12502,0.07874,0.08816,0.00965,0.01495,0.0146,0.03864,0.21106,0.48683,1.86722,0.01299,0.90413,2.35695,0.00177,0.00983,0.0113,0,0.01912,0,2.44108,0.68478,0.33031,0.37689,0.09657,3.00518,0.34038,0.03255,0.13729,0.4919,2.53827,0.22672,0.24945,0.00408,2.95126,0.09601,0.90413,0.34038,0.22672,0.24945,2.35695,2.42566,2.44108,2.79187,2.95126,0.36987,1.54576
2026-01-09 16:00:00,2.48651,0.01819,0.1244,0.07776,0.08771,0.00963,0.01491,0.0145,0.03828,0.2099,0.48456,1.85694,0.01296,0.90381,2.34907,0.00177,0.00981,0.01176,0,0.01902,0,2.43911,0.68108,0.32843,0.3755,0.09549,2.98843,0.33874,0.03236,0.1366,0.48915,2.52814,0.22658,0.24846,0.00407,2.94326,0.09563,0.90381,0.33874,0.22658,0.24846,2.34907,2.42046,2.43911,2.7884,2.94326,0.36713,1.53053
2026-01-09 17:00:00,2.52557,0.01811,0.12376,0.077,0.08727,0.00962,0.01488,0.01441,0.03792,0.20835,0.48171,1.84656,0.01293,0.9035,2.34076,0.00177,0.0098,0.01174,0,0.01892,0,2.43644,0.67745,0.32654,0.37412,0.09446,2.97168,0.3372,0.03217,0.13594,0.48596,2.51756,0.22643,0.24754,0.00405,2.93581,0.09524,0.9035,0.3372,0.22643,0.24754,2.34076,2.41501,2.43644,2.78515,2.93581,0.36394,1.52139
2026-01-09 18:00:00,2.51957,0.01803,0.12315,0.07636,0.08685,0.00961,0.01483,0.01432,0.03752,0.20721,0.47945,1.83615,0.0129,0.90321,2.33205,0.00177,0.00978,0.01172,0,0.01882,0,2.43313,0.67388,0.32466,0.37274,0.09348,2.95493,0.33573,0.03198,0.13524,0.48344,2.50766,0.22628,0.24666,0.00403,2.92886,0.09486,0.90321,0.33573,0.22628,0.24666,2.33205,2.40931,2.43313,2.78209,2.92886,0.36143,1.5153
2026-01-09 19:00:00,2.51406,0.01794,0.12257,0.07588,0.08644,0.00959,0.01479,0.01424,0.03709,0.20606,0.47722,1.83201,0.01287,0.90294,2.32297,0.00177,0.00976,0.0117,0,0.01873,0,2.42927,0.67034,0.32317,0.37148,0.09256,2.93444,0.33434,0.0318,0.13456,0.48158,2.49877,0.22612,0.24582,0.00401,2.92235,0.09453,0.90294,0.33434,0.22612,0.24582,2.32297,2.40335,2.42927,2.77918,2.92235,0.35957,1.51094
2026-01-09 20:00:00,2.50855,0.01784,0.12202,0.07523,0.08602,0.00956,0.01475,0.01416,0.03672,0.20453,0.47438,1.82773,0.01284,0.90268,2.31355,0.00177,0.00975,0.01169,0,0.01863,0,2.42495,0.66682,0.32168,0.37022,0.09167,2.91395,0.33302,0.03162,0.13391,0.48047,2.49062,0.22597,0.24504,0.004,2.91626,0.0942,0.90268,0.33302,0.22597,0.24504,2.31355,2.39711,2.42495,2.77636,2.91626,0.35846,1.50768
2026-01-09 21:00:00,2.50303,0.01775,0.12147,0.07429,0.0856,0.00953,0.01471,0.01407,0.03641,0.20338,0.47214,1.82342,0.01281,0.90243,2.30381,0.00141,0.00973,0.01167,0,0.01854,0,2.42021,0.66334,0.32019,0.36896,0.09082,2.89346,0.33177,0.03144,0.13324,0.47896,2.48208,0.22582,0.24428,0.00399,2.91052,0.09387,0.90243,0.33177,0.22582,0.24428,2.30381,2.39058,2.42021,2.77362,2.91052,0.35695,1.50514
2026-01-09 22:00:00,2.49752,0.01767,0.12087,0.07354,0.08516,0.00953,0.01467,0.01399,0.03613,0.20226,0.46999,1.81934,0.01279,0.9022,2.2938,0.00141,0.00972,0.01165,0,0.01845,0,2.41512,0.66006,0.31869,0.3677,0.09,2.87297,0.33059,0.03126,0.13257,0.47645,2.47254,0.22566,0.24356,0.00398,2.9051,0.09354,0.9022,0.33059,0.22566,0.24356,2.2938,2.38375,2.41512,2.77092,2.9051,0.35445,1.50311
2026-01-09 23:00:00,2.49201,0.01759,0.12025,0.07295,0.08473,0.00952,0.01464,0.01392,0.03584,0.20114,0.46781,1.81509,0.01276,0.90199,2.28352,0.00141,0.0097,0.01163,0,0.01835,0,2.40967,0.65706,0.3172,0.36644,0.08921,2.85248,0.32946,0.03108,0.13192,0.47356,2.46262,0.22552,0.24289,0.00396,2.89995,0.09321,0.90199,0.32946,0.22552,0.24289,2.28352,2.37661,2.40967,2.76825,2.89995,0.35156,1.50145
2026-01-10 00:00:00,2.4865,0.01751,0.11965,0.07245,0.08432,0.00951,0.0146,0.01386,0.03552,0.20045,0.4662,1.8108,0.01273,0.90177,2.27301,0.00141,0.00969,0.01162,0,0.01826,0,2.40391,0.65425,0.31571,0.36518,0.08845,2.83199,0.32838,0.0309,0.13122,0.47127,2.4533,0.2254,0.24224,0.00394,2.89504,0.09288,0.90177,0.32838,0.2254,0.24224,2.27301,2.36915,2.40391,2.76558,2.89504,0.34928,1.50006
2026-01-10 01:00:00,2.48134,0.01742,0.11908,0.07206,0.08392,0.0095,0.01455,0.01379,0.03517,0.19937,0.46406,1.81809,0.0127,0.90157,2.2623,0.00141,0.00967,0.0116,0,0.01817,0,2.39782,0.65158,0.31433,0.36402,0.08773,2.82312,0.32736,0.03073,0.13059,0.46961,2.44487,0.22528,0.24162,0.00392,2.89034,0.09257,0.90157,0.32736,0.22528,0.24162,2.2623,2.36133,2.39782,2.76288,2.89034,0.34762,1.49889
2026-01-10 02:00:00,2.47617,0.01733,0.11855,0.07154,0.08352,0.00947,0.01451,0.01373,0.03487,0.19878,0.4626,1.82547,0.01267,0.90138,2.25139,0.00141,0.00966,0.01158,0,0.01808,0,2.39141,0.64901,0.31295,0.36286,0.08703,2.81426,0.32638,0.03056,0.12993,0.46866,2.43716,0.22517,0.24103,0.00391,2.8858,0.09226,0.90138,0.32638,0.22517,0.24103,2.25139,2.35314,2.39141,2.76016,2.8858,0.34668,1.49789
2026-01-10 03:00:00,2.47101,0.01724,0.11802,0.07077,0.08311,0.00945,0.01447,0.01366,0.03462,0.19778,0.4607,1.83306,0.01264,0.90119,2.24033,0.00141,0.00964,0.01157,0,0.01798,0,2.38468,0.64657,0.31157,0.36171,0.08636,2.8054,0.32545,0.03039,0.12931,0.46742,2.42916,0.22505,0.24047,0.0039,2.8814,0.09196,0.90119,0.32545,0.22505,0.24047,2.24033,2.34463,2.38468,2.75738,2.8814,0.34544,1.49702
2026-01-10 04:00:00,2.46584,0.01716,0.11746,0.07015,0.08269,0.00944,0.01444,0.0136,0.0344,0.19706,0.45918,1.84072,0.01261,0.90101,2.22911,0.00141,0.00962,0.01155,0,0.01789,0,2.37762,0.64498,0.31019,0.36055,0.0857,2.79653,0.32456,0.03021,0.12865,0.46545,2.42041,0.22494,0.23994,0.00389,2.87711,0.09165,0.90101,0.32456,0.22494,0.23994,2.22911,2.33586,2.37762,2.75455,2.87711,0.34348,1.49626
2026-01-10 05:00:00,2.46067,0.01708,0.11688,0.06967,0.08228,0.00944,0.0144,0.01355,0.03417,0.19636,0.45773,1.84846,0.01258,0.90085,2.21777,0.00141,0.00961,0.01153,0,0.0178,0,2.37021,0.64466,0.30881,0.35939,0.08507,2.78766,0.32371,0.03004,0.128,0.46323,2.41142,0.22482,0.23943,0.00387,2.87292,0.09134,0.90085,0.32371,0.22482,0.23943,2.21777,2.32687,2.37021,2.75164,2.87292,0.34126,1.49558
2026-01-10 06:00:00,2.45551,0.01701,0.11632,0.06927,0.08189,0.00943,0.01437,0.0135,0.0339,0.19567,0.45633,1.85631,0.01255,0.90069,2.20633,0.00141,0.00959,0.01152,0,0.01771,0,2.36248,0.64522,0.30743,0.35823,0.08447,2.7788,0.32289,0.02987,0.12736,0.46148,2.4029,0.22471,0.23895,0.00384,2.86879,0.09103,0.90069,0.32289,0.22471,0.23895,2.20633,2.31766,2.36248,2.74864,2.86879,0.33951,1.49499
2026-01-10 07:00:00,2.45061,0.01692,0.11579,0.06897,0.08151,0.00942,0.01433,0.01345,0.03362,0.19504,0.455,1.84519,0.01252,0.90053,2.19479,0.00141,0.00957,0.0115,0,0.01762,0,2.35444,0.64638,0.30593,0.35718,0.08388,2.76618,0.3221,0.0297,0.12675,0.46014,2.395,0.2246,0.23848,0.00382,2.8647,0.09074,0.90053,0.3221,0.2246,0.23848,2.19479,2.30823,2.35444,2.74556,2.8647,0.33818,1.49445
2026-01-10 08:00:00,2.44571,0.01683,0.1153,0.06857,0.08113,0.00939,0.01429,0.01339,0.03337,0.1942,0.4535,1.83424,0.01249,0.90037,2.18318,0.00141,0.00956,0.0114,0,0.01754,0,2.34611,0.64796,0.30443,0.35612,0.08331,2.75356,0.32135,0.02954,0.12613,0.45929,2.38759,0.22449,0.23803,0.00381,2.86065,0.09044,0.90037,0.32135,0.22449,0.23803,2.18318,2.2986,2.34611,2.74235,2.86065,0.33733,1.49397
2026-01-10 09:00:00,2.44081,0.01674,0.1148,0.06798,0.08074,0.00937,0.01426,0.01334,0.03317,0.19337,0.45203,1.82338,0.01246,0.90023,2.17152,0.00141,0.00954,0.01111,0,0.01745,0,2.33751,0.64969,0.30293,0.35507,0.08276,2.74095,0.32063,0.02937,0.12551,0.45808,2.37982,0.22437,0.23761,0.0038,2.8566,0.09015,0.90023,0.32063,0.22437,0.23761,2.17152,2.28877,2.33751,2.73902,2.8566,0.33613,1.49354
2026-01-10 10:00:00,2.43591,0.01666,0.11426,0.06751,0.08033,0.00936,0.01423,0.01329,0.03299,0.19243,0.45042,1.81259,0.01244,0.90008,2.15981,0.00141,0.00952,0.0111,0,0.01736,0,2.32866,0.65019,0.30143,0.35402,0.08222,2.72833,0.31993,0.0292,0.12486,0.45594,2.37111,0.22426,0.2372,0.00379,2.85255,0.08985,0.90008,0.31993,0.22426,0.2372,2.15981,2.27875,2.32866,2.73557,2.85255,0.33399,1.49314
2026-01-10 11:00:00,2.43101,0.01658,0.1137,0.06714,0.07994,0.00935,0.0142,0.01324,0.0328,0.19155,0.44893,1.80176,0.01241,0.89993,2.14807,0.00141,0.00951,0.01108,0,0.01728,0,2.31957,0.6486,0.29993,0.35296,0.08169,2.71571,0.31926,0.02904,0.12424,0.4534,2.36202,0.22415,0.2368,0.00377,2.84847,0.08956,0.89993,0.31926,0.22415,0.2368,2.14807,2.26856,2.31957,2.73198,2.84847,0.33146,1.49278
2026-01-10 12:00:00,2.42611,0.01651,0.11316,0.06683,0.07956,0.00935,0.01416,0.0132,0.03258,0.19073,0.44746,1.79088,0.01238,0.8998,2.13631,0.00141,0.00949,0.01107,0,0.01719,0,2.31025,0.6456,0.29843,0.35191,0.08118,2.70309,0.3186,0.02887,0.12363,0.45141,2.35346,0.22404,0.23642,0.00375,2.84435,0.08926,0.8998,0.3186,0.22404,0.23642,2.13631,2.2582,2.31025,2.72823,2.84435,0.32947,1.4735
2026-01-10 13:00:00,2.42141,0.01642,0.11265,0.06658,0.07919,0.00933,0.01411,0.01316,0.03235,0.18985,0.44588,1.77996,0.01235,0.89967,2.12455,0.00141,0.00948,0.01105,0,0.01711,0,2.30071,0.6416,0.29703,0.35094,0.08069,2.68758,0.31797,0.02871,0.12303,0.44989,2.34558,0.22394,0.23606,0.00373,2.84019,0.08897,0.89967,0.31797,0.22394,0.23606,2.12455,2.24769,2.30071,2.72434,2.84019,0.32796,1.41186
2026-01-10 14:00:00,2.41671,0.01634,0.11218,0.06624,0.07882,0.0093,0.01407,0.01311,0.03214,0.18887,0.44416,1.769,0.01232,0.89954,2.11279,0.00141,0.00946,0.01103,0,0.01702,0,2.29098,0.6369,0.29563,0.34996,0.0802,2.67207,0.31737,0.02855,0.12241,0.44895,2.33827,0.22383,0.23571,0.00372,2.83596,0.08869,0.89954,0.31737,0.22383,0.23571,2.11279,2.23704,2.29098,2.72028,2.83596,0.32703,1.35135
2026-01-10 15:00:00,2.41201,0.01625,0.1117,0.06574,0.07844,0.00928,0.01404,0.01307,0.03198,0.18793,0.44249,1.75811,0.0123,0.89941,2.10105,0.00141,0.00944,0.01102,0,0.01694,0,2.28105,0.63176,0.29423,0.34899,0.07973,2.65656,0.31678,0.0284,0.12184,0.44766,2.33062,0.22372,0.23538,0.00371,2.83165,0.0884,0.89941,0.31678,0.22372,0.23538,2.10105,2.22626,2.28105,2.71607,2.83165,0.32574,1.33117
2026-01-10 16:00:00,2.40731,0.01618,0.11119,0.06534,0.07805,0.00928,0.014,0.01303,0.03183,0.18711,0.44097,1.74719,0.01227,0.89928,2.08934,0.00141,0.00943,0.011,0,0.01685,0,2.27094,0.62675,0.29283,0.34802,0.07927,2.64105,0.31621,0.02824,0.12124,0.44544,2.32202,0.22362,0.23506,0.0037,2.82726,0.08811,0.89928,0.31621,0.22362,0.23506,2.08934,2.21536,2.27094,2.71168,2.82726,0.32352,1.32109
2026-01-10 17:00:00,2.40261,0.01611,0.11066,0.06503,0.07767,0.00927,0.01397,0.01299,0.03167,0.18579,0.43884,1.73616,0.01224,0.89915,2.07766,0.00141,0.00941,0.01098,0,0.01677,0,2.26066,0.62221,0.29143,0.34704,0.07882,2.62554,0.31566,0.02808,0.12063,0.44284,2.31305,0.22351,0.23475,0.00368,2.82277,0.08783,0.89915,0.31566,0.22351,0.23475,2.07766,2.20436,2.26066,2.70711,2.82277,0.32093,1.31504
2026-01-10 18:00:00,2.39791,0.01604,0.11015,0.06477,0.0773,0.00927,0.01394,0.01295,0.0315,0.18493,0.43725,1.72508,0.01222,0.89903,2.06603,0.00141,0.0094,0.01097,0,0.01668,0,2.25022,0.618,0.29003,0.34607,0.07838,2.61003,0.31512,0.02792,0.12003,0.44081,2.30465,0.22341,0.23445,0.00366,2.81818,0.08754,0.89903,0.31512,0.22341,0.23445,2.06603,2.19327,2.25022,2.70238,2.81818,0.3189,1.311
2026-01-10 19:00:00,2.39339,0.01596,0.10967,0.06456,0.07695,0.00925,0.0139,0.01292,0.03131,0.18404,0.43564,1.72894,0.01219,0.89891,2.05445,0.00141,0.00938,0.01095,0,0.0166,0,2.23964,0.61401,0.28895,0.34513,0.07794,2.59545,0.3146,0.02777,0.11953,0.43931,2.29707,0.2233,0.23417,0.00364,2.81347,0.08726,0.89891,0.3146,0.2233,0.23417,2.05445,2.1821,2.23964,2.69747,2.81347,0.31741,1.30812
2026-01-10 20:00:00,2.38888,0.01588,0.10922,0.06427,0.07659,0.00922,0.01386,0.01288,0.03114,0.18266,0.43344,1.73264,0.01216,0.8988,2.04293,0.00141,0.00937,0.01093,0,0.01652,0,2.22892,0.61018,0.28787,0.34419,0.07752,2.58088,0.3141,0.02762,0.11903,0.43845,2.29011,0.2232,0.23389,0.00363,2.80865,0.08698,0.8988,0.3141,0.2232,0.23389,2.04293,2.17087,2.22892,2.69238,2.80865,0.31656,1.30596
2026-01-10 21:00:00,2.38436,0.01581,0.10876,0.06385,0.07622,0.0092,0.01383,0.01284,0.031,0.18172,0.43175,1.73628,0.01213,0.89868,2.03148,0.00141,0.00935,0.01092,0,0.01644,0,2.21809,0.60651,0.28679,0.34326,0.07711,2.5663,0.3136,0.02746,0.11857,0.43735,2.28291,0.2231,0.23363,0.00362,2.80371,0.0867,0.89868,0.3136,0.2231,0.23363,2.03148,2.15958,2.21809,2.68711,2.80371,0.31546,1.30428
2026-01-10 22:00:00,2.37984,0.01574,0.10827,0.06352,0.07584,0.00919,0.0138,0.01281,0.03088,0.18078,0.43009,1.74011,0.0121,0.89856,2.0201,0.00141,0.00933,0.0109,0,0.01635,0,2.20714,0.60358,0.28571,0.34232,0.0767,2.55172,0.31312,0.02731,0.11806,0.4356,2.27506,0.22299,0.23337,0.00361,2.79863,0.08642,0.89856,0.31312,0.22299,0.23337,2.0201,2.14825,2.20714,2.68165,2.79863,0.31371,1.30293
2026-01-10 23:00:00,2.37533,0.01567,0.10776,0.06325,0.07547,0.00919,0.01377,0.01278,0.03075,0.1798,0.4284,1.74373,0.01208,0.89845,2.0088,0.00141,0.00932,0.01089,0,0.01627,0,2.19611,0.60179,0.28463,0.34138,0.07629,2.53715,0.31265,0.02716,0.11758,0.43362,2.26698,0.22289,0.23313,0.0036,2.79342,0.08614,0.89845,0.31265,0.22289,0.23313,2.0088,2.1369,2.19611,2.67602,2.79342,0.31173,1.30183
2026-01-11 00:00:00,2.37081,0.01561,0.10726,0.06303,0.07512,0.00918,0.01373,0.01274,0.03059,0.17929,0.42719,1.74729,0.01205,0.89833,1.99759,0.00141,0.0093,0.01087,0,0.01619,0,2.18499,0.60077,0.28355,0.34044,0.07589,2.52257,0.31218,0.02701,0.11707,0.43204,2.25931,0.22279,0.23289,0.00359,2.78808,0.08586,0.89833,0.31218,0.22279,0.23289,1.99759,2.12552,2.18499,2.67022,2.78808,0.31016,1.30091
2026-01-11 01:00:00,2.36642,0.01553,0.1068,0.06286,0.07478,0.00917,0.01368,0.0127,0.03042,0.17835,0.42561,1.75056,0.01202,0.89821,1.98646,0.00141,0.00929,0.01085,0,0.01611,0,2.1738,0.6003,0.28332,0.33958,0.07549,2.5204,0.31173,0.02686,0.11814,0.43091,2.25382,0.22269,0.23266,0.00358,2.78259,0.08559,0.89821,0.31173,0.22269,0.23266,1.98646,2.11413,2.1738,2.66422,2.78259,0.30903,1.30014
2026-01-11 02:00:00,2.36203,0.01545,0.10636,0.06263,0.07443,0.00915,0.01364,0.01266,0.03027,0.17799,0.42486,1.75388,0.012,0.89811,1.97543,0.00141,0.00927,0.01084,0,0.01603,0,2.16255,0.6002,0.2831,0.33871,0.07509,2.51822,0.31129,0.02672,0.11924,0.43024,2.2488,0.22259,0.23243,0.00357,2.77696,0.08531,0.89811,0.31129,0.22259,0.23243,1.97543,2.10274,2.16255,2.65807,2.77696,0.30837,1.29947
2026-01-11 03:00:00,2.35764,0.01537,0.10593,0.06228,0.07407,0.00913,0.01361,0.01262,0.03015,0.17726,0.42377,1.75738,0.01197,0.898,1.9645,0.00141,0.00926,0.01082,0,0.01595,0,2.15126,0.60046,0.28287,0.33785,0.07469,2.51605,0.31085,0.02657,0.12034,0.42937,2.24358,0.22249,0.23222,0.00356,2.77119,0.08504,0.898,0.31085,0.22249,0.23222,1.9645,2.09137,2.15126,2.65172,2.77119,0.30751,1.2989
2026-01-11 04:00:00,2.35325,0.0153,0.10546,0.062,0.07371,0.00913,0.01357,0.01257,0.03004,0.17681,0.42317,1.76095,0.01195,0.89789,1.95367,0.00141,0.00924,0.01081,0,0.01587,0,2.13993,0.60249,0.28264,0.33699,0.07429,2.51387,0.31043,0.02642,0.12142,0.42798,2.23783,0.22239,0.23201,0.00355,2.76527,0.08477,0.89789,0.31043,0.22239,0.23201,1.95367,2.08002,2.13993,2.64521,2.76527,0.30612,1.29839
2026-01-11 05:00:00,2.34886,0.01523,0.10498,0.06178,0.07335,0.00912,0.01354,0.01254,0.02993,0.17643,0.42272,1.76474,0.01192,0.89778,1.94295,0.00141,0.00923,0.01079,0,0.01579,0,2.12857,0.60715,0.28242,0.33612,0.07391,2.51169,0.31,0.02628,0.12249,0.42637,2.23187,0.22229,0.2318,0.00354,2.75921,0.08449,0.89778,0.31,0.22229,0.2318,1.94295,2.06869,2.12857,2.63854,2.75921,0.30452,1.29795
2026-01-11 06:00:00,2.34447,0.01517,0.10451,0.0616,0.07301,0.00912,0.01351,0.0125,0.0298,0.17608,0.42241,1.76876,0.01189,0.89768,1.93234,0.00141,0.00921,0.01078,0,0.01571,0,2.1172,0.61364,0.28219,0.33526,0.07353,2.50952,0.30958,0.02613,0.12358,0.42511,2.22625,0.22219,0.2316,0.00352,2.75301,0.08422,0.89768,0.30958,0.22219,0.2316,1.93234,2.05739,2.1172,2.63169,2.75301,0.30326,1.29755
2026-01-11 07:00:00,2.3401,0.01509,0.10407,0.06145,0.07268,0.0091,0.01347,0.01247,0.02965,0.17581,0.42216,1.75719,0.01187,0.89756,1.92184,0.00141,0.00919,0.01076,0,0.01563,0,2.10583,0.62139,0.28238,0.33447,0.07316,2.50683,0.30917,0.02599,0.12274,0.42413,2.21913,0.2221,0.23141,0.0035,2.74666,0.08395,0.89756,0.30917,0.2221,0.23141,1.92184,2.04614,2.10583,2.62468,2.74666,0.30229,1.2972
2026-01-11 08:00:00,2.33574,0.01501,0.10366,0.06124,0.07235,0.00907,0.01343,0.01244,0.02952,0.17541,0.42161,1.7459,0.01184,0.89745,1.91145,0.00141,0.00918,0.01074,0,0.01556,0,2.09447,0.63001,0.28257,0.33369,0.07281,2.50415,0.30876,0.02585,0.12187,0.42349,2.21234,0.222,0.23122,0.00349,2.74016,0.08368,0.89745,0.30876,0.222,0.23122,1.91145,2.03493,2.09447,2.61752,2.74016,0.30165,1.29688
2026-01-11 09:00:00,2.33137,0.01493,0.10325,0.06094,0.07201,0.00905,0.0134,0.0124,0.02942,0.17506,0.42105,1.73478,0.01182,0.89734,1.90119,0.00141,0.00916,0.01073,0,0.01548,0,2.08312,0.63892,0.28276,0.3329,0.07246,2.50147,0.30837,0.02572,0.12102,0.42255,2.20528,0.2219,0.23104,0.00348,2.73352,0.08342,0.89734,0.30837,0.2219,0.23104,1.90119,2.02379,2.08312,2.6102,2.73352,0.30072,1.29659
2026-01-11 10:00:00,2.32701,0.01487,0.10281,0.0607,0.07166,0.00905,0.01337,0.01237,0.02933,0.17462,0.42037,1.72377,0.01179,0.89723,1.89103,0.00141,0.00914,0.01071,0,0.0154,0,2.07179,0.64509,0.28294,0.33211,0.07211,2.49878,0.30798,0.02558,0.12017,0.42086,2.19743,0.22181,0.23086,0.00347,2.72675,0.08315,0.89723,0.30798,0.22181,0.23086,1.89103,2.01271,2.07179,2.60274,2.72675,0.29903,1.29633
2026-01-11 11:00:00,2.32265,0.0148,0.10235,0.06051,0.07132,0.00904,0.01334,0.01235,0.02923,0.17429,0.41979,1.7127,0.01176,0.89712,1.881,0.00141,0.00913,0.0107,0,0.01533,0,2.06049,0.64673,0.28313,0.33133,0.07178,2.49609,0.30759,0.02544,0.1193,0.41884,2.18926,0.22171,0.23069,0.00345,2.71983,0.08288,0.89712,0.30759,0.22171,0.23069,1.881,2.00169,2.06049,2.59511,2.71983,0.29701,1.29609
2026-01-11 12:00:00,2.31828,0.01474,0.10191,0.06034,0.07099,0.00903,0.01331,0.01232,0.02911,0.17402,0.41922,1.70148,0.01173,0.89701,1.87109,0.00141,0.00911,0.01068,0,0.01525,0,2.04923,0.64523,0.28332,0.33054,0.07145,2.49341,0.30721,0.0253,0.11846,0.41724,2.18152,0.22162,0.23051,0.00342,2.71278,0.08261,0.89701,0.30721,0.22162,0.23051,1.87109,1.99076,2.04923,2.58737,2.71278,0.29542,1.2739
2026-01-11 13:00:00,2.3141,0.01467,0.1015,0.06021,0.07067,0.00902,0.01327,0.0123,0.02897,0.17372,0.41855,1.69343,0.01171,0.89691,1.86131,0.00141,0.0091,0.01067,0,0.01518,0,2.03802,0.64156,0.28265,0.32977,0.07112,2.47784,0.30684,0.02516,0.11737,0.41603,2.17408,0.22152,0.23035,0.0034,2.7056,0.08235,0.89691,0.30684,0.22152,0.23035,1.86131,1.9799,2.03802,2.57948,2.7056,0.29422,1.21143
2026-01-11 14:00:00,2.30991,0.0146,0.10111,0.06004,0.07035,0.00899,0.01323,0.01227,0.02885,0.17329,0.41769,1.68535,0.01169,0.8968,1.85164,0.00141,0.00908,0.01065,0,0.0151,0,2.02686,0.6364,0.28198,0.32899,0.0708,2.46227,0.30648,0.02503,0.11631,0.41528,2.16712,0.22143,0.23018,0.00339,2.69828,0.08208,0.8968,0.30648,0.22143,0.23018,1.85164,1.96912,2.02686,2.57147,2.69828,0.29347,1.18472
2026-01-11 15:00:00,2.30573,0.01453,0.10072,0.05977,0.07002,0.00897,0.0132,0.01225,0.02875,0.17284,0.41679,1.67731,0.01166,0.8967,1.84211,0.00141,0.00907,0.01064,0,0.01503,0,2.01576,0.63022,0.28131,0.32822,0.07049,2.4467,0.30612,0.02489,0.1152,0.41424,2.15985,0.22134,0.23002,0.00338,2.69084,0.08182,0.8967,0.30612,0.22134,0.23002,1.84211,1.95844,2.01576,2.56333,2.69084,0.29244,1.17582
2026-01-11 16:00:00,2.30155,0.01447,0.1003,0.05956,0.06967,0.00896,0.01317,0.01222,0.02866,0.17251,0.41619,1.66925,0.01163,0.89659,1.83269,0.00141,0.00905,0.01062,0,0.01496,0,2.00473,0.62362,0.28063,0.32745,0.07018,2.43113,0.30577,0.02476,0.11415,0.41248,2.15186,0.22124,0.22987,0.00337,2.68328,0.08156,0.89659,0.30577,0.22124,0.22987,1.83269,1.94785,2.00473,2.55508,2.68328,0.29068,1.17136
2026-01-11 17:00:00,2.29736,0.01442,0.09987,0.05939,0.06933,0.00896,0.01315,0.0122,0.02856,0.17164,0.4151,1.66105,0.0116,0.89648,1.82341,0.00141,0.00903,0.0106,0,0.01488,0,1.99377,0.61701,0.27996,0.32667,0.06987,2.41556,0.30543,0.02462,0.11306,0.41041,2.14358,0.22115,0.22971,0.00335,2.6756,0.08129,0.89648,0.30543,0.22115,0.22971,1.82341,1.93735,1.99377,2.54671,2.6756,0.28862,1.16869
2026-01-11 18:00:00,2.29318,0.01436,0.09945,0.05925,0.06901,0.00895,0.01311,0.01218,0.02844,0.17124,0.41446,1.65275,0.01158,0.89637,1.81425,0.00141,0.00902,0.01059,0,0.01481,0,1.98289,0.61038,0.27929,0.3259,0.06956,2.39999,0.30509,0.02449,0.11198,0.40879,2.13573,0.22106,0.22956,0.00333,2.66781,0.08103,0.89637,0.30509,0.22106,0.22956,1.81425,1.92695,1.98289,2.53825,2.66781,0.287,1.16691
2026-01-11 19:00:00,2.2891,0.01429,0.09905,0.05914,0.0687,0.00894,0.01308,0.01215,0.02831,0.17079,0.41379,1.65678,0.01156,0.89627,1.80521,0.00141,0.009,0.01057,0,0.01474,0,1.97209,0.60375,0.27842,0.32512,0.06926,2.3904,0.30476,0.02436,0.11155,0.40762,2.1291,0.22097,0.22942,0.00331,2.6593,0.08077,0.89627,0.30476,0.22097,0.22942,1.80521,1.91665,1.97209,2.52967,2.6593,0.28583,1.16564
2026-01-11 20:00:00,2.28502,0.01421,0.09868,0.05898,0.06838,0.00891,0.01304,0.01213,0.0282,0.16978,0.41252,1.66074,0.01153,0.89617,1.7963,0.00141,0.00899,0.01055,0,0.01466,0,1.96138,0.59711,0.27756,0.32435,0.06897,2.38081,0.30443,0.02424,0.11107,0.40696,2.12299,0.22088,0.22927,0.0033,2.65074,0.08051,0.89617,0.30443,0.22088,0.22927,1.7963,1.90646,1.96138,2.52101,2.65074,0.28518,1.16469
2026-01-11 21:00:00,2.28094,0.01414,0.09831,0.05876,0.06806,0.00889,0.01301,0.0121,0.02811,0.1692,0.41173,1.66468,0.01151,0.89607,1.78752,0.00141,0.00898,0.01054,0,0.01459,0,1.95075,0.59057,0.27669,0.32357,0.06867,2.37122,0.30411,0.02411,0.11065,0.40613,2.1167,0.22079,0.22913,0.00329,2.64221,0.08026,0.89607,0.30411,0.22079,0.22913,1.78752,1.89638,1.95075,2.51225,2.64221,0.28435,1.16395
2026-01-11 22:00:00,2.27685,0.01408,0.09791,0.05857,0.06774,0.00888,0.01298,0.01208,0.02803,0.16859,0.41091,1.66878,0.01148,0.89597,1.77887,0.00141,0.00896,0.01052,0,0.01452,0,1.94022,0.58647,0.27582,0.32279,0.06838,2.36163,0.30379,0.02398,0.1102,0.40484,2.10995,0.2207,0.22899,0.00328,2.6337,0.08,0.89597,0.30379,0.2207,0.22899,1.77887,1.88642,1.94022,2.50343,2.6337,0.28307,1.16335
2026-01-11 23:00:00,2.27277,0.01402,0.09749,0.05843,0.06742,0.00888,0.01295,0.01206,0.02795,0.16795,0.4101,1.67266,0.01145,0.89586,1.77034,0.00141,0.00894,0.01051,0,0.01444,0,1.92979,0.58628,0.27496,0.32202,0.06809,2.35204,0.30347,0.02386,0.10975,0.40342,2.10308,0.22061,0.22885,0.00327,2.62518,0.07974,0.89586,0.30347,0.22061,0.22885,1.77034,1.87656,1.92979,2.49451,2.62518,0.28165,1.16287
2026-01-12 00:00:00,2.26869,0.01396,0.09708,0.0583,0.06712,0.00887,0.01292,0.01203,0.02786,0.16781,0.40974,1.67645,0.01143,0.89575,1.76193,0.00141,0.00893,0.01049,0,0.01437,0,1.91946,0.58881,0.27409,0.32124,0.0678,2.34245,0.30316,0.02373,0.10927,0.40228,2.09648,0.22052,0.22871,0.00326,2.61663,0.07948,0.89575,0.30316,0.22052,0.22871,1.76193,1.86681,1.91946,2.48554,2.61663,0.28052,1.16246
2026-01-12 01:00:00,2.26467,0.0139,0.09669,0.05819,0.06682,0.00886,0.01288,0.01201,0.02776,0.16719,0.40887,1.67654,0.0114,0.89565,1.75365,0.00141,0.00892,0.01048,0,0.0143,0,1.90924,0.59322,0.27478,0.32111,0.06752,2.34777,0.30285,0.02361,0.11189,0.40146,2.0934,0.22044,0.22859,0.00325,2.60804,0.07923,0.89565,0.30285,0.22044,0.22859,1.75365,1.85718,1.90924,2.4765,2.60804,0.2797,1.16212
2026-01-12 02:00:00,2.26064,0.01382,0.09633,0.05805,0.06652,0.00884,0.01285,0.01199,0.02768,0.16721,0.40875,1.67666,0.01138,0.89555,1.74549,0.00141,0.0089,0.01046,0,0.01423,0,1.89912,0.59893,0.27547,0.32098,0.06723,2.35308,0.30255,0.02348,0.11451,0.40096,2.09063,0.22035,0.22846,0.00324,2.59941,0.07898,0.89555,0.30255,0.22035,0.22846,1.74549,1.84767,1.89912,2.46739,2.59941,0.27921,1.16183
2026-01-12 03:00:00,2.25662,0.01376,0.09597,0.05782,0.06622,0.00882,0.01282,0.01196,0.02761,0.16678,0.40822,1.67697,0.01135,0.89545,1.73745,0.00141,0.00889,0.01044,0,0.01417,0,1.88911,0.60551,0.27616,0.32086,0.06695,2.3584,0.30225,0.02336,0.11714,0.40028,2.08771,0.22026,0.22832,0.00324,2.59074,0.07873,0.89545,0.30225,0.22026,0.22832,1.73745,1.83828,1.88911,2.45824,2.59074,0.27854,1.16157
2026-01-12 04:00:00,2.2526,0.0137,0.09558,0.05765,0.0659,0.00881,0.01279,0.01194,0.02754,0.16668,0.40816,1.67728,0.01133,0.89535,1.72953,0.00141,0.00887,0.01043,0,0.0141,0,1.87921,0.61241,0.27685,0.32073,0.06668,2.36372,0.30195,0.02324,0.11972,0.39916,2.08433,0.22018,0.2282,0.00323,2.58202,0.07847,0.89535,0.30195,0.22018,0.2282,1.72953,1.829,1.87921,2.44905,2.58202,0.27742,1.16135
2026-01-12 05:00:00,2.24857,0.01364,0.09517,0.0575,0.06559,0.00881,0.01276,0.01192,0.02747,0.16664,0.40827,1.6777,0.0113,0.89525,1.72173,0.00141,0.00885,0.01041,0,0.01403,0,1.86943,0.61925,0.27754,0.3206,0.0664,2.36903,0.30165,0.02311,0.12234,0.39785,2.08074,0.22009,0.22807,0.00321,2.57325,0.07822,0.89525,0.30165,0.22009,0.22807,1.72173,1.81985,1.86943,2.43981,2.57325,0.27611,1.16115
2026-01-12 06:00:00,2.24455,0.01359,0.09478,0.05737,0.0653,0.0088,0.01273,0.0119,0.02738,0.16664,0.40849,1.67828,0.01127,0.89514,1.71405,0.00141,0.00884,0.0104,0,0.01396,0,1.85976,0.62605,0.27823,0.32047,0.06613,2.37435,0.30136,0.02299,0.12494,0.39682,2.07745,0.22001,0.22794,0.00319,2.56444,0.07797,0.89514,0.30136,0.22001,0.22794,1.71405,1.81081,1.85976,2.43053,2.56444,0.27508,1.16098
2026-01-12 07:00:00,2.24061,0.01353,0.09441,0.05724,0.06501,0.00879,0.01269,0.01188,0.02727,0.16671,0.40881,1.66754,0.01125,0.89504,1.70648,0.00141,0.00883,0.01039,0,0.01389,0,1.85021,0.63283,0.27915,0.32104,0.06585,2.3758,0.30108,0.02287,0.12359,0.39601,2.07055,0.21992,0.22782,0.00317,2.55559,0.07772,0.89504,0.30108,0.21992,0.22782,1.70648,1.80189,1.85021,2.42123,2.55559,0.27428,1.16082
2026-01-12 08:00:00,2.23667,0.01346,0.09406,0.05706,0.06472,0.00876,0.01265,0.01186,0.02718,0.16657,0.40884,1.65707,0.01122,0.89493,1.69903,0.00141,0.00881,0.01037,0,0.01383,0,1.84077,0.63958,0.28006,0.32161,0.06558,2.37725,0.30079,0.02276,0.12224,0.39547,2.06393,0.21984,0.2277,0.00316,2.5467,0.07748,0.89493,0.30079,0.21984,0.2277,1.69903,1.7931,1.84077,2.4119,2.5467,0.27374,1.16068
2026-01-12 09:00:00,2.23274,0.0134,0.09372,0.05677,0.06442,0.00874,0.01262,0.01184,0.0271,0.16646,0.40886,1.64676,0.0112,0.89483,1.6917,0.00141,0.0088,0.01035,0,0.01376,0,1.83146,0.64606,0.28098,0.32218,0.06532,2.37871,0.30051,0.02264,0.12089,0.39469,2.05706,0.21976,0.22758,0.00315,2.53778,0.07723,0.89483,0.30051,0.21976,0.22758,1.6917,1.78442,1.83146,2.40253,2.53778,0.27296,1.16055
2026-01-12 10:00:00,2.2288,0.01335,0.09336,0.05655,0.06412,0.00873,0.0126,0.01182,0.02704,0.16621,0.40876,1.63656,0.01118,0.89474,1.68448,0.00141,0.00878,0.01034,0,0.01369,0,1.82226,0.64999,0.28189,0.32275,0.06505,2.38016,0.30022,0.02252,0.11953,0.39324,2.04952,0.21967,0.22746,0.00314,2.52883,0.07698,0.89474,0.30022,0.21967,0.22746,1.68448,1.77586,1.82226,2.39317,2.52883,0.27152,1.16044
2026-01-12 11:00:00,2.22486,0.0133,0.09298,0.05637,0.06382,0.00873,0.01257,0.0118,0.02697,0.16606,0.40875,1.62632,0.01116,0.89463,1.67736,0.00106,0.00876,0.01033,0,0.01363,0,1.81318,0.65002,0.28281,0.32332,0.06479,2.38161,0.29994,0.02241,0.1182,0.39152,2.04172,0.21959,0.22734,0.00313,2.51986,0.07674,0.89463,0.29994,0.21959,0.22734,1.67736,1.76742,1.81318,2.38379,2.51986,0.2698,1.16033
2026-01-12 12:00:00,2.22092,0.01325,0.09261,0.05623,0.06353,0.00872,0.01254,0.01179,0.02688,0.16598,0.40879,1.61595,0.01114,0.89453,1.67036,0.00106,0.00875,0.01031,0,0.01356,0,1.80422,0.64736,0.28372,0.32389,0.06452,2.38306,0.29966,0.02229,0.11684,0.39018,2.03428,0.21951,0.22722,0.00312,2.51086,0.07649,0.89453,0.29966,0.21951,0.22722,1.67036,1.7591,1.80422,2.3744,2.51086,0.26846,1.15381
2026-01-12 13:00:00,2.22733,0.01319,0.09228,0.05613,0.06325,0.00871,0.01251,0.01177,0.02679,0.16581,0.40867,1.60862,0.01112,0.89443,1.66347,0.00106,0.00874,0.0103,0,0.01349,0,1.79538,0.64284,0.28308,0.32407,0.06426,2.37362,0.29939,0.02218,0.11537,0.38915,2.02718,0.21943,0.2271,0.00311,2.50185,0.07625,0.89443,0.29939,0.21943,0.2271,1.66347,1.7509,1.79538,2.36502,2.50185,0.26744,1.13665
2026-01-12 14:00:00,2.23374,0.01312,0.09196,0.056,0.06297,0.00868,0.01248,0.01175,0.02671,0.16548,0.40837,1.60126,0.01109,0.89432,1.65668,0.00106,0.00872,0.01028,0,0.01343,0,1.78666,0.63704,0.28244,0.32425,0.064,2.36417,0.29911,0.02206,0.11389,0.38852,2.02046,0.21935,0.227,0.0031,2.49282,0.076,0.89432,0.29911,0.21935,0.227,1.65668,1.74282,1.78666,2.35564,2.49282,0.26681,1.10829
2026-01-12 15:00:00,2.24016,0.01306,0.09164,0.0558,0.06268,0.00866,0.01246,0.01172,0.02664,0.16513,0.40801,1.59395,0.01107,0.89422,1.65,0.00106,0.00871,0.01026,0,0.01336,0,1.77806,0.63036,0.2818,0.32443,0.06375,2.35473,0.29884,0.02195,0.11244,0.38767,2.01353,0.21926,0.22689,0.0031,2.48379,0.07576,0.89422,0.29884,0.21926,0.22689,1.65,1.73486,1.77806,2.34626,2.48379,0.26596,1.09884
2026-01-12 16:00:00,2.24657,0.013,0.0913,0.05564,0.06237,0.00865,0.01244,0.0117,0.02659,0.16527,0.40778,1.5866,0.01104,0.89412,1.64342,0.00106,0.00869,0.01025,0,0.01329,0,1.76958,0.62347,0.28116,0.32462,0.06349,2.34528,0.29857,0.02184,0.11097,0.38621,2.00599,0.21918,0.22677,0.00309,2.47476,0.07552,0.89412,0.29857,0.21918,0.22677,1.64342,1.72701,1.76958,2.3369,2.47476,0.26451,1.09411
2026-01-12 17:00:00,2.25298,0.01295,0.09094,0.05552,0.06208,0.00864,0.01241,0.01168,0.02653,0.16475,0.4066,1.57911,0.01101,0.89403,1.63693,0.00106,0.00867,0.01024,0,0.01323,0,1.76122,0.61677,0.28052,0.3248,0.06324,2.33584,0.29831,0.02172,0.1095,0.38452,1.99821,0.2191,0.22666,0.00307,2.46572,0.07527,0.89403,0.29831,0.2191,0.22666,1.63693,1.71927,1.76122,2.32755,2.46572,0.26282,1.09127
2026-01-12 18:00:00,2.25939,0.0129,0.09059,0.05541,0.0618,0.00864,0.01238,0.01166,0.02646,0.1648,0.40588,1.5715,0.01099,0.89392,1.63055,0.00106,0.00866,0.01022,0,0.01316,0,1.75298,0.61022,0.27988,0.32498,0.06299,2.32639,0.29805,0.02161,0.10803,0.3832,1.99081,0.21902,0.22655,0.00305,2.45669,0.07503,0.89392,0.29805,0.21902,0.22655,1.63055,1.71165,1.75298,2.31821,2.45669,0.2615,1.08938
2026-01-12 19:00:00,2.26028,0.01284,0.09026,0.05533,0.06153,0.00863,0.01235,0.01164,0.02638,0.16479,0.40511,1.5764,0.01096,0.89382,1.62427,0.00106,0.00865,0.01021,0,0.0131,0,1.74486,0.60376,0.27896,0.32459,0.06274,2.31728,0.29778,0.02151,0.10726,0.38225,1.98463,0.21894,0.22644,0.00303,2.44767,0.07479,0.89382,0.29778,0.21894,0.22644,1.62427,1.70414,1.74486,2.3089,2.44767,0.26056,1.08803
2026-01-12 20:00:00,2.26118,0.01278,0.08995,0.05522,0.06125,0.0086,0.01232,0.01161,0.02632,0.1641,0.40385,1.58097,0.01094,0.89372,1.61808,0.00106,0.00863,0.01019,0,0.01304,0,1.73685,0.59736,0.27804,0.3242,0.06249,2.30817,0.29752,0.02141,0.1065,0.38174,1.97889,0.21887,0.22633,0.00302,2.43865,0.07456,0.89372,0.29752,0.21887,0.22633,1.61808,1.69674,1.73685,2.29963,2.43865,0.26006,1.08702
2026-01-12 21:00:00,2.26207,0.01272,0.08964,0.05506,0.06097,0.00859,0.01229,0.01159,0.02626,0.16394,0.40315,1.58527,0.01092,0.89362,1.61198,0.00106,0.00862,0.01017,0,0.01298,0,1.72896,0.59113,0.27712,0.32382,0.06224,2.29906,0.29727,0.02131,0.10575,0.38112,1.97304,0.21879,0.22623,0.00301,2.42966,0.07432,0.89362,0.29727,0.21879,0.22623,1.61198,1.68946,1.72896,2.29038,2.42966,0.25945,1.08623
2026-01-12 22:00:00,2.26296,0.01266,0.0893,0.05494,0.06069,0.00858,0.01226,0.01157,0.0262,0.16374,0.40245,1.58969,0.0109,0.89351,1.60597,0.00106,0.00861,0.0101,0,0.01291,0,1.72119,0.58745,0.2762,0.32343,0.062,2.28995,0.29701,0.0212,0.10499,0.38025,1.96691,0.21871,0.22612,0.003,2.42068,0.07408,0.89351,0.29701,0.21871,0.22612,1.60597,1.68228,1.72119,2.28116,2.42068,0.25858,1.0856
2026-01-12 23:00:00,2.26386,0.01262,0.08895,0.05483,0.06041,0.00858,0.01223,0.01154,0.02612,0.16349,0.40181,1.59391,0.01087,0.89341,1.60005,0.00106,0.00859,0.0098,0,0.01285,0,1.71353,0.58787,0.27528,0.32304,0.06175,2.28084,0.29674,0.0211,0.10421,0.37931,1.96074,0.21863,0.22601,0.00299,2.41173,0.07385,0.89341,0.29674,0.21863,0.22601,1.60005,1.67521,1.71353,2.27198,2.41173,0.25764,1.08509
2026-01-13 00:00:00,2.26475,0.01257,0.0886,0.05474,0.06014,0.00857,0.0122,0.01152,0.02602,0.16381,0.40166,1.59812,0.01085,0.89332,1.59422,0.00106,0.00858,0.00979,0,0.01279,0,1.70598,0.59113,0.27436,0.32265,0.06151,2.27173,0.29649,0.021,0.10344,0.37857,1.95474,0.21856,0.22591,0.00298,2.4028,0.07361,0.89332,0.29649,0.21856,0.22591,1.59422,1.66825,1.70598,2.26283,2.4028,0.25689,1.08466
2026-01-13 01:00:00,2.26509,0.01252,0.08828,0.05466,0.05988,0.00856,0.01217,0.0115,0.0259,0.16357,0.40098,1.5964,0.01083,0.89322,1.58847,0.00106,0.00856,0.00977,0,0.01273,0,1.69854,0.59635,0.27492,0.32272,0.06127,2.27683,0.29624,0.02091,0.10586,0.37807,1.9523,0.21848,0.2258,0.00297,2.3939,0.07338,0.89322,0.29624,0.21848,0.2258,1.58847,1.66139,1.69854,2.25373,2.3939,0.25639,1.08429
2026-01-13 02:00:00,2.26542,0.01246,0.08798,0.05454,0.05962,0.00854,0.01213,0.01148,0.02579,0.164,0.40104,1.59475,0.01081,0.89311,1.58281,0.00106,0.00855,0.00976,0,0.01267,0,1.69122,0.60293,0.27549,0.32279,0.06103,2.28193,0.29599,0.02081,0.10828,0.37782,1.95009,0.21841,0.22571,0.00296,2.38503,0.07315,0.89311,0.29599,0.21841,0.22571,1.58281,1.65463,1.69122,2.24468,2.38503,0.25614,1.08398
2026-01-13 03:00:00,2.26576,0.01241,0.08768,0.05436,0.05935,0.00852,0.0121,0.01145,0.0257,0.16392,0.40071,1.59333,0.01078,0.89301,1.57722,0.00106,0.00854,0.00974,0,0.01261,0,1.68401,0.61035,0.27605,0.32286,0.0608,2.28703,0.29574,0.02072,0.11069,0.37754,1.94788,0.21833,0.22561,0.00296,2.3762,0.07292,0.89301,0.29574,0.21833,0.22561,1.57722,1.64798,1.68401,2.23567,2.3762,0.25586,1.08371
2026-01-13 04:00:00,2.2661,0.01236,0.08736,0.05422,0.05907,0.00852,0.01207,0.01143,0.02563,0.16418,0.40085,1.59194,0.01076,0.89291,1.57171,0.00106,0.00852,0.00972,0,0.01255,0,1.6769,0.61723,0.27661,0.32293,0.06056,2.29214,0.29549,0.02063,0.1131,0.37718,1.94556,0.21825,0.22551,0.00295,2.36741,0.07268,0.89291,0.29549,0.21825,0.22551,1.57171,1.64142,1.6769,2.22671,2.36741,0.25549,1.08348
2026-01-13 05:00:00,2.26643,0.01232,0.08704,0.0541,0.0588,0.00851,0.01205,0.01141,0.02557,0.16449,0.40116,1.59064,0.01073,0.8928,1.56627,0.00106,0.0085,0.00971,0,0.01249,0,1.6699,0.62269,0.27718,0.323,0.06032,2.29724,0.29525,0.02053,0.11552,0.37682,1.94324,0.21818,0.2254,0.00293,2.35866,0.07245,0.8928,0.29525,0.21818,0.2254,1.56627,1.63496,1.6699,2.2178,2.35866,0.25512,1.08327
2026-01-13 06:00:00,2.26677,0.01227,0.08672,0.054,0.05854,0.00851,0.01202,0.01139,0.0255,0.16484,0.40156,1.5895,0.0107,0.89271,1.5609,0.00106,0.00849,0.0097,0,0.01243,0,1.663,0.62718,0.27774,0.32307,0.06009,2.30234,0.29501,0.02044,0.11794,0.37651,1.94098,0.21811,0.2253,0.00291,2.34994,0.07222,0.89271,0.29501,0.21811,0.2253,1.5609,1.6286,1.663,2.20894,2.34994,0.25481,1.08308
2026-01-13 07:00:00,2.28387,0.01222,0.08642,0.05392,0.05828,0.00849,0.01199,0.01137,0.02543,0.16524,0.40205,1.57916,0.01068,0.89261,1.5556,0.00106,0.00847,0.00968,0,0.01237,0,1.65621,0.63098,0.27837,0.32362,0.05986,2.30119,0.29477,0.02034,0.11658,0.3763,1.93515,0.21803,0.2252,0.00289,2.34128,0.07199,0.89261,0.29477,0.21803,0.2252,1.5556,1.62233,1.65621,2.20015,2.34128,0.25459,1.08292
2026-01-13 08:00:00,2.30096,0.01217,0.08614,0.0538,0.05803,0.00846,0.01196,0.01135,0.02537,0.1654,0.40223,1.56909,0.01065,0.89251,1.55036,0.00106,0.00846,0.00967,0,0.01231,0,1.64952,0.63432,0.279,0.32418,0.05963,2.30004,0.29453,0.02024,0.11521,0.37616,1.9294,0.21796,0.2251,0.00288,2.33266,0.07176,0.89251,0.29453,0.21796,0.2251,1.55036,1.61615,1.64952,2.19141,2.33266,0.25445,1.08277
2026-01-13 09:00:00,2.31806,0.01211,0.08586,0.05362,0.05777,0.00844,0.01193,0.01133,0.02532,0.16556,0.4024,1.55917,0.01063,0.89241,1.54518,0.00106,0.00845,0.00966,0,0.01226,0,1.64293,0.63718,0.27963,0.32473,0.0594,2.2989,0.29429,0.02014,0.11391,0.37598,1.92362,0.21789,0.22501,0.00287,2.32409,0.07154,0.89241,0.29429,0.21789,0.22501,1.54518,1.61006,1.64293,2.18274,2.32409,0.25426,1.08263
2026-01-13 10:00:00,2.33516,0.01206,0.08556,0.05347,0.0575,0.00843,0.01191,0.01131,0.02528,0.16558,0.40242,1.54935,0.01061,0.89231,1.54005,0.00106,0.00843,0.00964,0,0.0122,0,1.63644,0.63809,0.28026,0.32528,0.05918,2.29775,0.29405,0.02003,0.11265,0.37562,1.91764,0.21781,0.22491,0.00286,2.31557,0.07131,0.89231,0.29405,0.21781,0.22491,1.54005,1.60405,1.63644,2.17411,2.31557,0.2539,1.08251
2026-01-13 11:00:00,2.35225,0.01201,0.08525,0.05336,0.05723,0.00843,0.01189,0.01129,0.02522,0.16569,0.4025,1.53947,0.01059,0.8922,1.53497,0.00106,0.00842,0.00963,0,0.01214,0,1.63004,0.63622,0.28089,0.32584,0.05896,2.2966,0.2938,0.01993,0.11139,0.37519,1.9116,0.21774,0.22481,0.00285,2.30711,0.07108,0.8922,0.2938,0.21774,0.22481,1.53497,1.59813,1.63004,2.16556,2.30711,0.25347,1.0824
2026-01-13 12:00:00,2.36935,0.01197,0.08494,0.05326,0.05698,0.00842,0.01186,0.01128,0.02515,0.16589,0.40259,1.52945,0.01056,0.8921,1.52994,0.00106,0.0084,0.00961,0,0.01208,0,1.62374,0.63243,0.28152,0.32639,0.05873,2.29545,0.29357,0.01983,0.11013,0.37487,1.90566,0.21767,0.22471,0.00284,2.2987,0.07085,0.8921,0.29357,0.21767,0.22471,1.52994,1.5923,1.62374,2.15707,2.2987,0.25314,1.07733
2026-01-13 13:00:00,2.37408,0.01192,0.08465,0.05319,0.05674,0.00841,0.01182,0.01126,0.02508,0.16596,0.40251,1.52306,0.01054,0.89199,1.52495,0.00106,0.00839,0.0096,0,0.01202,0,1.61752,0.62731,0.28054,0.3263,0.05851,2.28661,0.29334,0.01974,0.10877,0.37458,1.89979,0.2176,0.22462,0.00283,2.29035,0.07063,0.89199,0.29334,0.2176,0.22462,1.52495,1.58654,1.61752,2.14864,2.29035,0.25285,1.06426
2026-01-13 14:00:00,2.3788,0.01186,0.08438,0.05308,0.05649,0.00839,0.01179,0.01125,0.02501,0.16589,0.40222,1.51661,0.01052,0.89188,1.52,0.00106,0.00837,0.00959,0,0.01197,0,1.6114,0.62126,0.27955,0.32622,0.05829,2.27777,0.29311,0.01966,0.1074,0.37435,1.89399,0.21753,0.22453,0.00282,2.28205,0.0704,0.89188,0.29311,0.21753,0.22453,1.52,1.58086,1.6114,2.14028,2.28205,0.25264,1.04125
2026-01-13 15:00:00,2.38353,0.01181,0.08412,0.05293,0.05624,0.00837,0.01176,0.01123,0.02496,0.16578,0.40189,1.51018,0.0105,0.89177,1.51509,0.00106,0.00836,0.00957,0,0.01191,0,1.60536,0.6146,0.27857,0.32613,0.05807,2.26893,0.29288,0.01957,0.10604,0.37396,1.88807,0.21745,0.22444,0.00281,2.27382,0.07018,0.89177,0.29288,0.21745,0.22444,1.51509,1.57525,1.60536,2.13199,2.27382,0.2523,1.03358
2026-01-13 16:00:00,2.38825,0.01177,0.08383,0.05281,0.05598,0.00837,0.01174,0.01121,0.02491,0.16578,0.40166,1.50369,0.01048,0.89167,1.51021,0.00106,0.00835,0.00955,0,0.01185,0,1.59941,0.6081,0.27759,0.32604,0.05786,2.26009,0.29266,0.01948,0.10468,0.37323,1.88181,0.21738,0.22434,0.0028,2.26565,0.06996,0.89167,0.29266,0.21738,0.22434,1.51021,1.5697,1.59941,2.12377,2.26565,0.25163,1.02975
2026-01-13 17:00:00,2.39298,0.01173,0.08353,0.05271,0.05573,0.00836,0.01171,0.0112,0.02486,0.16512,0.4008,1.49704,0.01046,0.89158,1.50538,0.00106,0.00833,0.00954,0,0.0118,0,1.59354,0.60225,0.2766,0.32596,0.05764,2.25125,0.29243,0.0194,0.10331,0.37233,1.8754,0.21731,0.22425,0.00279,2.25754,0.06973,0.89158,0.29243,0.21731,0.22425,1.50538,1.56422,1.59354,2.11561,2.25754,0.2508,1.02745
2026-01-13 18:00:00,2.3977,0.01168,0.08324,0.05263,0.05549,0.00836,0.01168,0.01118,0.0248,0.16503,0.40041,1.49025,0.01043,0.89147,1.50058,0.00106,0.00832,0.00952,0,0.01174,0,1.58775,0.59683,0.27562,0.32587,0.05742,2.24241,0.29221,0.01931,0.10195,0.37161,1.86917,0.21724,0.22416,0.00277,2.24949,0.06951,0.89147,0.29221,0.21724,0.22416,1.50058,1.55881,1.58775,2.10754,2.24949,0.25016,1.02591
2026-01-13 19:00:00,2.38818,0.01164,0.08297,0.05255,0.05525,0.00835,0.01165,0.01116,0.02474,0.16487,0.39996,1.49728,0.01041,0.89137,1.49582,0.00106,0.00831,0.00951,0,0.01169,0,1.58204,0.59173,0.27459,0.32519,0.05721,2.23495,0.29198,0.01923,0.10139,0.37105,1.86403,0.21718,0.22407,0.00275,2.24151,0.06929,0.89137,0.29198,0.21718,0.22407,1.49582,1.55345,1.58204,2.09952,2.24151,0.24969,1.02482
2026-01-13 20:00:00,2.37865,0.01158,0.08272,0.05245,0.05502,0.00832,0.01162,0.01114,0.02469,0.16406,0.39891,1.5041,0.01039,0.89127,1.49111,0.00106,0.00829,0.0095,0,0.01163,0,1.57639,0.58684,0.27355,0.32451,0.057,2.22749,0.29176,0.01915,0.10083,0.37072,1.85912,0.21711,0.22397,0.00274,2.23359,0.06907,0.89127,0.29176,0.21711,0.22397,1.49111,1.54816,1.57639,2.09159,2.23359,0.24944,1.024
2026-01-13 21:00:00,2.36913,0.01154,0.08246,0.0523,0.05478,0.00831,0.0116,0.01112,0.02464,0.16378,0.39832,1.51081,0.01037,0.89116,1.48644,0.00106,0.00828,0.00948,0,0.01158,0,1.57082,0.58219,0.27252,0.32384,0.05678,2.22004,0.29154,0.01907,0.10028,0.37031,1.85414,0.21704,0.22389,0.00273,2.22574,0.06886,0.89116,0.29154,0.21704,0.22389,1.48644,1.54292,1.57082,2.08373,2.22574,0.24912,1.02336
2026-01-13 22:00:00,2.35961,0.01149,0.08219,0.05219,0.05453,0.0083,0.01158,0.0111,0.0246,0.16346,0.39769,1.51766,0.01035,0.89105,1.4818,0.00106,0.00827,0.00947,0,0.01152,0,1.56531,0.57985,0.27148,0.32316,0.05657,2.21258,0.29132,0.01898,0.09972,0.36977,1.849,0.21698,0.2238,0.00272,2.21796,0.06864,0.89105,0.29132,0.21698,0.2238,1.4818,1.53773,1.56531,2.07593,2.21796,0.24866,1.02284
2026-01-13 23:00:00,2.35008,0.01145,0.0819,0.05209,0.05429,0.0083,0.01155,0.01108,0.02455,0.16312,0.39707,1.52428,0.01033,0.89095,1.47721,0.00106,0.00825,0.00945,0,0.01146,0,1.55987,0.58113,0.27044,0.32248,0.05636,2.20512,0.2911,0.0189,0.09916,0.36917,1.84383,0.21691,0.22371,0.00271,2.21025,0.06842,0.89095,0.2911,0.21691,0.22371,1.47721,1.53259,1.55987,2.06821,2.21025,0.24815,1.02243
2026-01-14 00:00:00,2.34056,0.01141,0.08162,0.05201,0.05406,0.00829,0.01153,0.01106,0.0245,0.16333,0.39692,1.53079,0.0103,0.89086,1.47267,0.00106,0.00824,0.00944,0,0.01141,0,1.55448,0.58493,0.26941,0.3218,0.05616,2.19766,0.29088,0.01882,0.0986,0.36868,1.83876,0.21684,0.22362,0.0027,2.20261,0.0682,0.89086,0.29088,0.21684,0.22362,1.47267,1.52751,1.55448,2.06055,2.20261,0.24775,1.02208
2026-01-14 01:00:00,2.33346,0.01136,0.08135,0.05194,0.05384,0.00828,0.0115,0.01104,0.02445,0.163,0.39624,1.53118,0.01028,0.89075,1.46817,0.00106,0.00823,0.00942,0,0.01136,0,1.54916,0.59046,0.27033,0.32182,0.05595,2.20336,0.29066,0.01875,0.10179,0.36835,1.84102,0.21678,0.22353,0.00269,2.19503,0.06799,0.89075,0.29066,0.21678,0.22353,1.46817,1.52247,1.54916,2.05298,2.19503,0.2475,1.02178
2026-01-14 02:00:00,2.32637,0.01131,0.0811,0.05184,0.05361,0.00826,0.01147,0.01102,0.02439,0.16338,0.39631,1.53158,0.01026,0.89065,1.46372,0.00106,0.00821,0.00941,0,0.0113,0,1.54389,0.5972,0.27125,0.32184,0.05575,2.20905,0.29045,0.01867,0.10498,0.36816,1.84341,0.21671,0.22344,0.00268,2.18752,0.06777,0.89065,0.29045,0.21671,0.22344,1.46372,1.51748,1.54389,2.04547,2.18752,0.2474,1.02153
2026-01-14 03:00:00,2.31928,0.01126,0.08086,0.05169,0.05338,0.00824,0.01145,0.01101,0.02434,0.16327,0.396,1.53217,0.01024,0.89055,1.45932,0.00106,0.0082,0.0094,0,0.01125,0,1.53868,0.60468,0.27217,0.32186,0.05555,2.21475,0.29024,0.0186,0.10817,0.36798,1.84582,0.21664,0.22335,0.00267,2.18008,0.06756,0.89055,0.29024,0.21664,0.22335,1.45932,1.51254,1.53868,2.03803,2.18008,0.2473,1.02131
2026-01-14 04:00:00,2.31218,0.01121,0.08059,0.05158,0.05313,0.00823,0.01143,0.01099,0.0243,0.16351,0.39617,1.53277,0.01021,0.89044,1.45497,0.00106,0.00819,0.00938,0,0.0112,0,1.53352,0.61149,0.27309,0.32187,0.05535,2.22045,0.29003,0.01853,0.11135,0.36784,1.84826,0.21658,0.22328,0.00266,2.17271,0.06735,0.89044,0.29003,0.21658,0.22328,1.45497,1.50766,1.53352,2.03067,2.17271,0.24725,1.02112
2026-01-14 05:00:00,2.30509,0.01117,0.08032,0.05148,0.0529,0.00823,0.01141,0.01097,0.02425,0.16383,0.39651,1.53348,0.01019,0.89034,1.45067,0.00106,0.00817,0.00937,0,0.01114,0,1.52842,0.61678,0.27401,0.32189,0.05515,2.22614,0.28982,0.01845,0.11454,0.36776,1.85076,0.21651,0.22319,0.00265,2.1654,0.06713,0.89034,0.28982,0.21651,0.22319,1.45067,1.50281,1.52842,2.02337,2.1654,0.24725,1.02095
2026-01-14 06:00:00,2.29799,0.01113,0.08005,0.0514,0.05267,0.00823,0.01139,0.01095,0.02419,0.16419,0.39698,1.53435,0.01017,0.89024,1.44642,0.00106,0.00816,0.00936,0,0.01109,0,1.52336,0.62101,0.27493,0.32191,0.05495,2.23184,0.28961,0.01838,0.11773,0.36766,1.85324,0.21645,0.2231,0.00263,2.15817,0.06692,0.89024,0.28961,0.21645,0.2231,1.44642,1.49762,1.52336,2.01615,2.15817,0.24723,1.0208
2026-01-14 07:00:00,2.31146,0.01108,0.0798,0.05133,0.05245,0.00821,0.01136,0.01093,0.02412,0.16463,0.39755,1.52687,0.01015,0.89015,1.44223,0.00106,0.00815,0.00934,0,0.01104,0,1.51836,0.62451,0.27633,0.32265,0.05475,2.23263,0.28941,0.01834,0.11715,0.36757,1.85198,0.21638,0.22301,0.00261,2.151,0.06671,0.89015,0.28941,0.21638,0.22301,1.44223,1.49224,1.51836,2.00899,2.151,0.24722,1.02066
2026-01-14 08:00:00,2.32492,0.01103,0.07957,0.05124,0.05223,0.00819,0.01133,0.01091,0.02406,0.16488,0.39785,1.51966,0.01013,0.89004,1.43809,0.00106,0.00813,0.00933,0,0.01099,0,1.51335,0.62751,0.27773,0.32339,0.05455,2.23342,0.2892,0.0183,0.11657,0.36747,1.8507,0.21632,0.22293,0.0026,2.1439,0.0665,0.89004,0.2892,0.21632,0.22293,1.43809,1.48743,1.51335,2.0019,2.1439,0.2472,1.02054
2026-01-14 09:00:00,2.33839,0.01098,0.07933,0.05109,0.052,0.00817,0.01131,0.01089,0.02401,0.16515,0.39815,1.51263,0.01011,0.88994,1.434,0.00106,0.00812,0.00932,0,0.01094,0,1.50828,0.63006,0.27913,0.32413,0.05436,2.23421,0.289,0.01826,0.11599,0.36734,1.8494,0.21626,0.22284,0.00259,2.13687,0.0663,0.88994,0.289,0.21626,0.22284,1.434,1.48277,1.50828,1.99489,2.13687,0.24715,1.02043
2026-01-14 10:00:00,2.35186,0.01094,0.07908,0.05097,0.05177,0.00817,0.01129,0.01087,0.02396,0.16532,0.39837,1.50574,0.01009,0.88984,1.42996,0.00106,0.0081,0.0093,0,0.01089,0,1.50319,0.63125,0.28053,0.32488,0.05416,2.235,0.2888,0.01821,0.11541,0.36714,1.84801,0.21619,0.22277,0.00258,2.1299,0.06609,0.88984,0.2888,0.21619,0.22277,1.42996,1.47817,1.50319,1.98794,2.1299,0.24703,1.02033
2026-01-14 11:00:00,2.36532,0.0109,0.07881,0.05088,0.05154,0.00816,0.01126,0.01085,0.02391,0.16559,0.39869,1.4988,0.01007,0.88973,1.42598,0.00106,0.00809,0.00929,0,0.01084,0,1.49818,0.63052,0.28193,0.32562,0.05397,2.23579,0.28859,0.01817,0.11483,0.3669,1.84659,0.21613,0.22268,0.00257,2.12301,0.06588,0.88973,0.28859,0.21613,0.22268,1.42598,1.47363,1.49818,1.98106,2.12301,0.24686,1.02024
2026-01-14 12:00:00,2.37879,0.01086,0.07855,0.0508,0.05132,0.00816,0.01123,0.01083,0.02386,0.16597,0.39903,1.49174,0.01005,0.88963,1.42206,0.00106,0.00807,0.00928,0,0.01079,0,1.49328,0.6285,0.28333,0.32636,0.05378,2.23658,0.28839,0.01813,0.11425,0.3667,1.8452,0.21607,0.2226,0.00256,2.11618,0.06567,0.88963,0.28839,0.21607,0.2226,1.42206,1.46915,1.49328,1.97423,2.11618,0.24673,1.01425
2026-01-14 13:00:00,2.38458,0.01082,0.07831,0.05073,0.05111,0.00814,0.0112,0.01081,0.0238,0.16626,0.39928,1.48934,0.01003,0.88953,1.41819,0.00106,0.00806,0.00926,0,0.01074,0,1.48847,0.62558,0.28334,0.32672,0.05359,2.23178,0.28819,0.01807,0.11297,0.3665,1.84152,0.21601,0.22252,0.00255,2.10941,0.06546,0.88953,0.28819,0.21601,0.22252,1.41819,1.46471,1.48847,1.96746,2.10941,0.2466,0.99768
2026-01-14 14:00:00,2.39036,0.01077,0.07808,0.05063,0.05089,0.00811,0.01117,0.01079,0.02374,0.16645,0.39934,1.48695,0.01001,0.88944,1.41438,0.00106,0.00804,0.00925,0,0.01069,0,1.48374,0.622,0.28334,0.32708,0.0534,2.22698,0.28799,0.018,0.11169,0.36633,1.83784,0.21595,0.22243,0.00254,2.1027,0.06526,0.88944,0.28799,0.21595,0.22243,1.41438,1.46032,1.48374,1.96076,2.1027,0.24649,0.98359
2026-01-14 15:00:00,2.39615,0.01073,0.07785,0.05048,0.05067,0.00809,0.01114,0.01077,0.02369,0.16664,0.39943,1.4846,0.00999,0.88933,1.41062,0.00106,0.00803,0.00924,0,0.01064,0,1.47909,0.61806,0.28335,0.32744,0.05321,2.22218,0.28779,0.01794,0.11041,0.36609,1.83411,0.21588,0.22236,0.00253,2.09605,0.06505,0.88933,0.28779,0.21588,0.22236,1.41062,1.45598,1.47909,1.95412,2.09605,0.24631,0.9789
2026-01-14 16:00:00,2.40193,0.01069,0.07761,0.05036,0.05044,0.00809,0.01111,0.01075,0.02365,0.16698,0.39967,1.48223,0.00997,0.88923,1.40692,0.00106,0.00802,0.00922,0,0.01058,0,1.4745,0.6146,0.28336,0.32779,0.05302,2.21737,0.2876,0.01788,0.10912,0.36563,1.83015,0.21582,0.22228,0.00252,2.08947,0.06484,0.88923,0.2876,0.21582,0.22228,1.40692,1.4517,1.4745,1.94752,2.08947,0.24591,0.97655
2026-01-14 17:00:00,2.40772,0.01065,0.07735,0.05027,0.05022,0.00808,0.01109,0.01073,0.02361,0.16664,0.39931,1.47975,0.00995,0.88913,1.40327,0.00106,0.008,0.00921,0,0.01053,0,1.46997,0.61217,0.28336,0.32815,0.05284,2.21257,0.28741,0.01781,0.10784,0.36509,1.82609,0.21576,0.2222,0.00251,2.08294,0.06464,0.88913,0.28741,0.21576,0.2222,1.40327,1.44747,1.46997,1.941,2.08294,0.24542,0.97514
2026-01-14 18:00:00,2.4135,0.01062,0.07711,0.05019,0.05,0.00808,0.01106,0.01072,0.02356,0.16691,0.39946,1.47718,0.00993,0.88902,1.39969,0.00106,0.00799,0.0092,0,0.01048,0,1.4655,0.61047,0.28337,0.32851,0.05266,2.20777,0.28721,0.01775,0.10656,0.36464,1.82215,0.2157,0.22211,0.00249,2.07647,0.06443,0.88902,0.28721,0.2157,0.22211,1.39969,1.44329,1.4655,1.93454,2.07647,0.24503,0.9742
2026-01-14 19:00:00,2.40955,0.01058,0.07688,0.05012,0.0498,0.00807,0.01103,0.01071,0.0235,0.16716,0.39959,1.48231,0.00991,0.88892,1.39615,0.00106,0.00798,0.00918,0,0.01043,0,1.46109,0.60925,0.28368,0.32869,0.05247,2.20646,0.28702,0.01774,0.10825,0.36432,1.82151,0.21564,0.22203,0.00247,2.07006,0.06423,0.88892,0.28702,0.21564,0.22203,1.39615,1.43917,1.46109,1.92813,2.07006,0.24476,0.97353
2026-01-14 20:00:00,2.4056,0.01053,0.07666,0.05002,0.04959,0.00804,0.011,0.01069,0.02345,0.16673,0.39915,1.48727,0.00989,0.88882,1.39268,0.00106,0.00796,0.00917,0,0.01039,0,1.45674,0.60838,0.28399,0.32887,0.05229,2.20515,0.28683,0.01772,0.10995,0.36413,1.821,0.21558,0.22195,0.00246,2.06371,0.06403,0.88882,0.28683,0.21558,0.22195,1.39268,1.4351,1.45674,1.92179,2.06371,0.24462,0.97303
2026-01-14 21:00:00,2.40165,0.01049,0.07645,0.04987,0.04938,0.00803,0.01098,0.01067,0.0234,0.16691,0.39925,1.49218,0.00986,0.88873,1.38925,0.00106,0.00795,0.00915,0,0.01034,0,1.45244,0.60781,0.28431,0.32905,0.05211,2.20384,0.28664,0.01771,0.11164,0.36391,1.82048,0.21552,0.22188,0.00245,2.05742,0.06383,0.88873,0.28664,0.21552,0.22188,1.38925,1.43108,1.45244,1.91552,2.05742,0.24446,0.97264
2026-01-14 22:00:00,2.39769,0.01046,0.07622,0.04976,0.04917,0.00802,0.01096,0.01066,0.02336,0.16706,0.39936,1.49725,0.00984,0.88863,1.38589,0.00106,0.00794,0.00914,0,0.01029,0,1.44819,0.60833,0.28462,0.32923,0.05193,2.20252,0.28646,0.01769,0.11333,0.36364,1.81989,0.21546,0.2218,0.00244,2.05119,0.06363,0.88863,0.28646,0.21546,0.2218,1.38589,1.42712,1.44819,1.9093,2.05119,0.24425,0.97232
2026-01-14 23:00:00,2.39374,0.01042,0.07597,0.04966,0.04896,0.00802,0.01093,0.01064,0.02331,0.16722,0.39951,1.50213,0.00982,0.88852,1.38258,0.00106,0.00792,0.00912,0,0.01025,0,1.444,0.6104,0.28493,0.32941,0.05175,2.20121,0.28626,0.01768,0.11503,0.36339,1.81933,0.2154,0.22172,0.00243,2.04502,0.06343,0.88852,0.28626,0.2154,0.22172,1.38258,1.42321,1.444,1.90314,2.04502,0.24405,0.97207
2026-01-15 00:00:00,2.38979,0.01039,0.07573,0.04958,0.04876,0.00801,0.01091,0.01063,0.02326,0.16803,0.40016,1.50695,0.0098,0.88842,1.37932,0.00106,0.00791,0.00911,0,0.0102,0,1.43987,0.61356,0.28524,0.32959,0.05157,2.1999,0.28608,0.01766,0.11672,0.36316,1.81878,0.21534,0.22165,0.00241,2.03891,0.06323,0.88842,0.28608,0.21534,0.22165,1.37932,1.41936,1.43987,1.89706,2.03891,0.24388,0.97185
2026-01-15 01:00:00,2.39415,0.01035,0.07551,0.04951,0.04856,0.008,0.01088,0.01061,0.0232,0.1682,0.40027,1.50581,0.00978,0.88832,1.37612,0.00106,0.0079,0.00909,0,0.01015,0,1.43579,0.61746,0.28685,0.33053,0.0514,2.20531,0.28589,0.0179,0.12003,0.36303,1.8213,0.21529,0.22157,0.0024,2.03285,0.06303,0.88832,0.28589,0.21529,0.22157,1.37612,1.41556,1.43579,1.89103,2.03285,0.24379,0.97167
2026-01-15 02:00:00,2.39851,0.01031,0.0753,0.04942,0.04837,0.00798,0.01085,0.01059,0.02314,0.16916,0.40112,1.50474,0.00976,0.88821,1.37298,0.00071,0.00788,0.00908,0,0.01011,0,1.43176,0.62188,0.28846,0.33148,0.05122,2.21072,0.28571,0.01813,0.12335,0.36297,1.82389,0.21523,0.22149,0.0024,2.02686,0.06283,0.88821,0.28571,0.21523,0.22149,1.37298,1.41182,1.43176,1.88506,2.02686,0.24378,0.97152
2026-01-15 03:00:00,2.40288,0.01026,0.07509,0.04927,0.04816,0.00796,0.01083,0.01058,0.0231,0.1695,0.40156,1.50389,0.00974,0.88812,1.36988,0.00071,0.00787,0.00907,0,0.01006,0,1.42779,0.62659,0.29007,0.33243,0.05105,2.21613,0.28553,0.01836,0.12666,0.36296,1.82651,0.21517,0.22142,0.00239,2.02092,0.06264,0.88812,0.28553,0.21517,0.22142,1.36988,1.40813,1.42779,1.87916,2.02092,0.24381,0.97138
2026-01-15 04:00:00,2.40724,0.01023,0.07487,0.04915,0.04794,0.00795,0.01081,0.01056,0.02306,0.17026,0.4025,1.50306,0.00972,0.88802,1.36684,0.00071,0.00786,0.00905,0,0.01001,0,1.42387,0.63062,0.29169,0.33337,0.05088,2.22154,0.28535,0.0186,0.12997,0.36308,1.82927,0.21512,0.22134,0.00239,2.01505,0.06244,0.88802,0.28535,0.21512,0.22134,1.36684,1.40449,1.42387,1.87331,2.01505,0.24396,0.97127
2026-01-15 05:00:00,2.4116,0.01019,0.07464,0.04906,0.04773,0.00795,0.01079,0.01054,0.02301,0.17106,0.40356,1.50233,0.0097,0.88792,1.36386,0.00071,0.00784,0.00904,0,0.00997,0,1.42001,0.63341,0.2933,0.33431,0.0507,2.22695,0.28517,0.01883,0.13329,0.36327,1.83208,0.21506,0.22127,0.00238,2.00923,0.06224,0.88792,0.28517,0.21506,0.22127,1.36386,1.40091,1.42001,1.86752,2.00923,0.24417,0.97116
2026-01-15 06:00:00,2.41596,0.01016,0.07441,0.04898,0.04753,0.00794,0.01077,0.01053,0.02296,0.1719,0.40478,1.50175,0.00968,0.88782,1.36092,0.00071,0.00783,0.00903,0,0.00992,0,1.4162,0.63532,0.29491,0.33526,0.05053,2.23236,0.28499,0.01907,0.1366,0.36342,1.83484,0.215,0.22119,0.00237,2.00347,0.06204,0.88782,0.28499,0.215,0.22119,1.36092,1.39739,1.4162,1.8618,2.00347,0.24432,0.97107
2026-01-15 07:00:00,2.43088,0.01012,0.0742,0.04891,0.04734,0.00793,0.01074,0.01051,0.0229,0.17279,0.40605,1.49511,0.00966,0.88772,1.35804,0.00071,0.00782,0.00901,0,0.00988,0,1.41245,0.63664,0.2961,0.33687,0.05036,2.23218,0.28481,0.01941,0.13582,0.36358,1.83248,0.21495,0.22112,0.00236,1.99777,0.06185,0.88772,0.28481,0.21495,0.22112,1.35804,1.39392,1.41245,1.85614,1.99777,0.24444,0.97099
2026-01-15 08:00:00,2.4458,0.01008,0.074,0.04881,0.04715,0.00791,0.01071,0.01049,0.02285,0.17334,0.40704,1.48875,0.00964,0.88761,1.3552,0.00071,0.0078,0.009,0,0.00983,0,1.40875,0.63754,0.29729,0.33847,0.05019,2.23201,0.28464,0.01975,0.13503,0.3637,1.83004,0.21489,0.22105,0.00235,1.99213,0.06166,0.88761,0.28464,0.21489,0.22105,1.3552,1.39051,1.40875,1.85054,1.99213,0.24448,0.97091
2026-01-15 09:00:00,2.46072,0.01004,0.07381,0.04866,0.04695,0.00789,0.01069,0.01047,0.02281,0.17387,0.40801,1.48254,0.00962,0.88751,1.35242,0.00071,0.00779,0.00899,0,0.00979,0,1.40511,0.63808,0.29849,0.34008,0.05002,2.23183,0.28446,0.02009,0.13425,0.36386,1.82761,0.21483,0.22097,0.00235,1.98655,0.06147,0.88751,0.28446,0.21483,0.22097,1.35242,1.38715,1.40511,1.84499,1.98655,0.24453,0.97085
2026-01-15 10:00:00,2.47563,0.01,0.07359,0.04854,0.04675,0.00789,0.01067,0.01044,0.02277,0.17419,0.40886,1.47644,0.0096,0.88741,1.34969,0.00071,0.00778,0.00897,0,0.00974,0,1.40152,0.63757,0.29968,0.34168,0.04986,2.23165,0.28429,0.02043,0.13347,0.36402,1.82516,0.21478,0.2209,0.00234,1.98103,0.06127,0.88741,0.28429,0.21478,0.2209,1.34969,1.38384,1.40152,1.83951,1.98103,0.24456,0.97079
2026-01-15 11:00:00,2.49055,0.00997,0.07337,0.04845,0.04656,0.00788,0.01065,0.01042,0.02273,0.17459,0.40979,1.47029,0.00958,0.88731,1.347,0.00071,0.00776,0.00896,0,0.0097,0,1.39799,0.63559,0.30087,0.34329,0.04969,2.23148,0.2841,0.02077,0.13268,0.36419,1.82268,0.21472,0.22083,0.00233,1.97556,0.06108,0.88731,0.2841,0.21472,0.22083,1.347,1.38059,1.39799,1.83409,1.97556,0.24456,0.97073
2026-01-15 12:00:00,2.50547,0.00993,0.07315,0.04837,0.04637,0.00788,0.01062,0.01041,0.02268,0.1751,0.4107,1.46399,0.00956,0.88721,1.34436,0.00071,0.00775,0.00895,0,0.00965,0,1.39451,0.63261,0.30206,0.34489,0.04953,2.2313,0.28393,0.02111,0.13199,0.36439,1.82021,0.21467,0.22076,0.00232,1.97015,0.06089,0.88721,0.28393,0.21467,0.22076,1.34436,1.37739,1.39451,1.82872,1.97015,0.24457,0.95859
2026-01-15 13:00:00,2.51042,0.00989,0.07295,0.0483,0.04619,0.00787,0.01059,0.01039,0.02262,0.17547,0.41139,1.46124,0.00954,0.88711,1.34177,0.00071,0.00774,0.00888,0,0.00961,0,1.39109,0.6289,0.30165,0.34601,0.04936,2.22585,0.28376,0.02116,0.13036,0.36456,1.81464,0.21461,0.22068,0.00231,1.9648,0.0607,0.88711,0.28376,0.21461,0.22068,1.34177,1.37424,1.39109,1.82342,1.9648,0.24453,0.93871
2026-01-15 14:00:00,2.51536,0.00985,0.07276,0.0482,0.046,0.00784,0.01057,0.01037,0.02257,0.17566,0.41186,1.45845,0.00953,0.88701,1.33923,0.00071,0.00772,0.00857,0,0.00956,0,1.38772,0.62472,0.30124,0.34713,0.0492,2.22041,0.28359,0.0212,0.12863,0.36473,1.80902,0.21456,0.22061,0.0023,1.95951,0.06051,0.88701,0.28359,0.21456,0.22061,1.33923,1.37114,1.38772,1.81817,1.95951,0.24445,0.93871
2026-01-15 15:00:00,2.52031,0.00981,0.07257,0.04805,0.04581,0.00783,0.01054,0.01035,0.02253,0.17587,0.41227,1.45569,0.00951,0.8869,1.33674,0.00071,0.00771,0.00856,0,0.00952,0,1.3844,0.62026,0.30083,0.34826,0.04904,2.21496,0.28342,0.02125,0.12688,0.36484,1.80334,0.21451,0.22055,0.0023,1.95427,0.06033,0.8869,0.28342,0.21451,0.22055,1.33674,1.3681,1.3844,1.81298,1.95427,0.2443,0.93871
2026-01-15 16:00:00,2.52526,0.00977,0.07237,0.04794,0.04562,0.00782,0.01052,0.01033,0.02249,0.17625,0.41278,1.45282,0.00949,0.8868,1.33429,0.00071,0.0077,0.00854,0,0.00948,0,1.38114,0.61621,0.30043,0.34938,0.04888,2.20951,0.28326,0.0213,0.12505,0.36474,1.79743,0.21445,0.22047,0.0023,1.94909,0.06014,0.8868,0.28326,0.21445,0.22047,1.33429,1.3651,1.38114,1.80786,1.94909,0.24393,0.93871
2026-01-15 17:00:00,2.5302,0.00974,0.07216,0.04784,0.04543,0.00782,0.01051,0.01032,0.02245,0.1758,0.41259,1.44977,0.00947,0.8867,1.33188,0.00071,0.00768,0.00853,0,0.00943,0,1.37793,0.61303,0.30002,0.3505,0.04872,2.20407,0.28309,0.02134,0.12323,0.36449,1.79142,0.2144,0.2204,0.00229,1.94397,0.05995,0.8867,0.28309,0.2144,0.2204,1.33188,1.36216,1.37793,1.80279,1.94397,0.24345,0.93871
2026-01-15 18:00:00,2.53515,0.0097,0.07196,0.04776,0.04525,0.00781,0.01049,0.0103,0.02241,0.17609,0.4129,1.44656,0.00945,0.88659,1.32952,0.00071,0.00767,0.00852,0,0.00939,0,1.37477,0.61044,0.29961,0.35162,0.04856,2.19862,0.28293,0.02139,0.12138,0.36428,1.78551,0.21435,0.22033,0.00227,1.9389,0.05976,0.88659,0.28293,0.21435,0.22033,1.32952,1.35927,1.37477,1.79779,1.9389,0.24308,0.93871
2026-01-15 19:00:00,2.52874,0.00967,0.07177,0.04769,0.04507,0.0078,0.01046,0.01029,0.02237,0.17634,0.41319,1.44986,0.00942,0.88648,1.3272,0.00071,0.00766,0.0085,0,0.00935,0,1.37167,0.60827,0.29948,0.35232,0.04841,2.19895,0.28276,0.02129,0.12346,0.36411,1.78427,0.2143,0.22027,0.00226,1.93389,0.05957,0.88648,0.28276,0.2143,0.22027,1.3272,1.35643,1.37167,1.79284,1.93389,0.2428,0.93871
2026-01-15 20:00:00,2.52233,0.00963,0.07159,0.04759,0.04489,0.00778,0.01044,0.01027,0.02232,0.17576,0.41284,1.45292,0.0094,0.88638,1.32493,0.00071,0.00765,0.00849,0,0.00931,0,1.36861,0.60639,0.29935,0.35302,0.04825,2.19928,0.2826,0.02119,0.12553,0.36403,1.78316,0.21425,0.2202,0.00226,1.92894,0.05939,0.88638,0.2826,0.21425,0.2202,1.32493,1.35364,1.36861,1.78795,1.92894,0.24265,0.93871
2026-01-15 21:00:00,2.51592,0.0096,0.07141,0.04745,0.0447,0.00776,0.01043,0.01025,0.02228,0.17593,0.41303,1.45585,0.00938,0.88628,1.32269,0.00071,0.00764,0.00848,0,0.00927,0,1.36561,0.60477,0.29921,0.35372,0.0481,2.19961,0.28244,0.02109,0.12753,0.3639,1.78201,0.21419,0.22013,0.00225,1.92405,0.0592,0.88628,0.28244,0.21419,0.22013,1.32269,1.35089,1.36561,1.78312,1.92405,0.24246,0.93871
2026-01-15 22:00:00,2.50952,0.00956,0.07122,0.04733,0.04451,0.00776,0.01041,0.01024,0.02225,0.17607,0.41324,1.45894,0.00936,0.88618,1.3205,0.00071,0.00762,0.00846,0,0.00923,0,1.36266,0.60445,0.29908,0.35442,0.04794,2.19994,0.28227,0.02099,0.12952,0.36367,1.78078,0.21414,0.22005,0.00224,1.91921,0.05901,0.88618,0.28227,0.21414,0.22005,1.3205,1.3482,1.36266,1.77834,1.91921,0.2422,0.93871
2026-01-15 23:00:00,2.50311,0.00954,0.07102,0.04724,0.04432,0.00775,0.01039,0.01022,0.02221,0.17618,0.41346,1.46181,0.00935,0.88607,1.31835,0.00071,0.00761,0.00845,0,0.00919,0,1.35976,0.60606,0.29895,0.35512,0.04779,2.20027,0.28211,0.02089,0.1315,0.3634,1.77953,0.21409,0.21999,0.00222,1.91443,0.05883,0.88607,0.28211,0.21409,0.21999,1.31835,1.34555,1.35976,1.77362,1.91443,0.24191,0.93871
2026-01-16 00:00:00,2.4967,0.00951,0.07082,0.04716,0.04414,0.00775,0.01037,0.01021,0.02215,0.17705,0.41422,1.46459,0.00933,0.88597,1.31624,0.00071,0.0076,0.00844,0,0.00915,0,1.35691,0.60901,0.29882,0.35582,0.04763,2.2006,0.28195,0.02079,0.13346,0.3632,1.77835,0.21404,0.21992,0.0022,1.9097,0.05864,0.88597,0.28195,0.21404,0.21992,1.31624,1.34295,1.35691,1.76896,1.9097,0.24169,0.93871
2026-01-16 01:00:00,2.49764,0.00947,0.07064,0.0471,0.04396,0.00774,0.01035,0.01019,0.02209,0.17718,0.41445,1.46171,0.00931,0.88586,1.31416,0.00071,0.00759,0.00842,0,0.00911,0,1.35411,0.61287,0.30025,0.3575,0.04748,2.20827,0.28179,0.02092,0.13785,0.36308,1.78163,0.21399,0.21985,0.00218,1.90503,0.05846,0.88586,0.28179,0.21399,0.21985,1.31416,1.3404,1.35411,1.76436,1.90503,0.24156,0.93871
2026-01-16 02:00:00,2.49859,0.00944,0.07046,0.04702,0.04379,0.00772,0.01032,0.01018,0.02204,0.17817,0.41551,1.45888,0.00929,0.88576,1.31213,0.00071,0.00758,0.00841,0,0.00906,0,1.35136,0.61738,0.30168,0.35918,0.04733,2.21595,0.28163,0.02106,0.14231,0.36307,1.78503,0.21394,0.21978,0.00217,1.90041,0.05828,0.88576,0.28163,0.21394,0.21978,1.31213,1.33789,1.35136,1.75982,1.90041,0.24154,0.93871
2026-01-16 03:00:00,2.49953,0.00941,0.07029,0.04691,0.04361,0.00771,0.0103,0.01016,0.022,0.17846,0.41619,1.45628,0.00927,0.88566,1.31013,0.00071,0.00757,0.0084,0,0.00902,0,1.34865,0.62231,0.30311,0.36086,0.04718,2.22363,0.28148,0.02119,0.14681,0.36309,1.78846,0.21389,0.21972,0.00216,1.89585,0.0581,0.88566,0.28148,0.21389,0.21972,1.31013,1.33542,1.34865,1.75533,1.89585,0.24156,0.93871
2026-01-16 04:00:00,2.50047,0.00938,0.0701,0.04682,0.04342,0.0077,0.01028,0.01014,0.02196,0.17919,0.41742,1.45372,0.00925,0.88556,1.30817,0.00071,0.00755,0.00838,0,0.00898,0,1.346,0.62724,0.30453,0.36254,0.04703,2.2313,0.28132,0.02132,0.15131,0.36325,1.79202,0.21384,0.21965,0.00216,1.89134,0.05792,0.88556,0.28132,0.21384,0.21965,1.30817,1.333,1.346,1.75089,1.89134,0.24171,0.93871
2026-01-16 05:00:00,2.50142,0.00935,0.0699,0.04674,0.04324,0.0077,0.01026,0.01013,0.02191,0.17997,0.41884,1.45131,0.00923,0.88546,1.30625,0.00071,0.00754,0.00837,0,0.00893,0,1.34339,0.63191,0.30596,0.36422,0.04688,2.23898,0.28117,0.02146,0.15588,0.36348,1.79567,0.21379,0.21959,0.00215,1.88689,0.05774,0.88546,0.28117,0.21379,0.21959,1.30625,1.33063,1.34339,1.74653,1.88689,0.24194,0.93871
2026-01-16 06:00:00,2.50236,0.00932,0.06971,0.04667,0.04307,0.0077,0.01024,0.01012,0.02186,0.18078,0.42041,1.4491,0.00922,0.88536,1.30436,0.00071,0.00753,0.00836,0,0.00889,0,1.34082,0.63641,0.30739,0.3659,0.04673,2.24665,0.28101,0.02159,0.16043,0.36366,1.79925,0.21374,0.21952,0.00213,1.8825,0.05756,0.88536,0.28101,0.21374,0.21952,1.30436,1.32829,1.34082,1.74221,1.8825,0.24211,0.93871
2026-01-16 07:00:00,2.51384,0.00929,0.06953,0.0466,0.0429,0.00769,0.01021,0.0101,0.02181,0.18163,0.42204,1.44161,0.0092,0.88526,1.30251,0.00071,0.00752,0.00835,0,0.00885,0,1.33831,0.64079,0.30836,0.36868,0.04659,2.25332,0.28086,0.02188,0.15944,0.36379,1.7968,0.21369,0.21945,0.00212,1.87816,0.05738,0.88526,0.28086,0.21369,0.21945,1.30251,1.326,1.33831,1.73795,1.87816,0.24224,0.93871
2026-01-16 08:00:00,2.52531,0.00925,0.06936,0.04651,0.04273,0.00766,0.01018,0.01008,0.02176,0.18214,0.42342,1.43445,0.00918,0.88515,1.30069,0.00071,0.0075,0.00834,0,0.00881,0,1.33583,0.64509,0.30932,0.37146,0.04644,2.25998,0.28071,0.02218,0.1585,0.36386,1.7943,0.21365,0.21939,0.00212,1.87387,0.0572,0.88515,0.28071,0.21365,0.21939,1.30069,1.32375,1.33583,1.73373,1.87387,0.24231,0.93871
2026-01-16 09:00:00,2.53679,0.00922,0.06919,0.04637,0.04255,0.00765,0.01016,0.01007,0.02172,0.18259,0.4248,1.42748,0.00916,0.88504,1.29891,0.00071,0.00749,0.00832,0,0.00878,0,1.33341,0.64921,0.31029,0.37424,0.0463,2.26665,0.28056,0.02247,0.15762,0.36393,1.79179,0.2136,0.21933,0.00211,1.86964,0.05702,0.88504,0.28056,0.2136,0.21933,1.29891,1.32155,1.33341,1.72958,1.86964,0.24238,0.93871
2026-01-16 10:00:00,2.54827,0.00919,0.06901,0.04625,0.04237,0.00764,0.01014,0.01005,0.02168,0.18283,0.42607,1.42064,0.00914,0.88494,1.29716,0.00071,0.00748,0.00831,0,0.00874,0,1.33102,0.6521,0.31125,0.37702,0.04615,2.27332,0.2804,0.02276,0.15677,0.36401,1.78928,0.21355,0.21926,0.00211,1.86546,0.05685,0.88494,0.2804,0.21355,0.21926,1.29716,1.31938,1.33102,1.72548,1.86546,0.24247,0.93871
2026-01-16 11:00:00,2.55974,0.00916,0.06882,0.04616,0.0422,0.00764,0.01012,0.01003,0.02164,0.18318,0.42737,1.41375,0.00912,0.88485,1.29544,0.00071,0.00746,0.0083,0,0.0087,0,1.32868,0.65317,0.31222,0.3798,0.04601,2.27998,0.28025,0.02306,0.15592,0.3641,1.7868,0.2135,0.2192,0.0021,1.86133,0.05667,0.88485,0.28025,0.2135,0.2192,1.29544,1.31725,1.32868,1.72144,1.86133,0.24256,0.93871
2026-01-16 12:00:00,2.57122,0.00913,0.06864,0.04609,0.04203,0.00763,0.0101,0.01002,0.0216,0.1836,0.42869,1.40675,0.0091,0.88475,1.29376,0.00071,0.00745,0.00829,0,0.00866,0,1.32638,0.65297,0.31318,0.38258,0.04587,2.28665,0.2801,0.02335,0.15505,0.36415,1.78428,0.21345,0.21913,0.00209,1.85725,0.05649,0.88475,0.2801,0.21345,0.21913,1.29376,1.31516,1.32638,1.71745,1.85725,0.24262,0.93881
