GMT,FRAC1,LTDC1,HIDC1,BHNC1,MPAC1,OWCC1,BNCC1,BCKC1,MEEC1,HPIC1,POHC1,EXQC1,DSNC1,STVC1,NWMC1,LGCC1,WARC1,LGAC1,PNEC1,LBDC1,OREC1,PATC1,HETC1,LNRC1,CHVC1F,DCMC1,NDPC1,MDSC1,NDVC1,NSWC1,AVYC1,NMSC1,OBBC1,RIPC1,PTTC1,VNSC1,KNFC1L,STVC1,MDSC1,OBBC1,RIPC1,NWMC1,CRDC1,PATC1,MZRC1,VNSC1,AVYC1L,NDPC1L
,QINE,QINE,QINE,QINE,QINE,QINE,QINE,QINE,QINE,QINE,QINE,QINE,QINE,QINE,QINE,QINE,QINE,QINE,QINE,QINE,QINE,QINE,QINE,QINE,QINE,QINE,QINE,QINE,QINE,QINE,QINE,QINE,QINE,QINE,QINE,QINE,QINE,QINE,QINE,QINE,QINE,QINE,QINE,QINE,QINE,QINE,SQIN,SQIN
2026-01-14 12:00:00,1.50903,0,0.08531,0.06667,0.034,0.008,0.013,0.017,0.06961,0.2083,0.47319,0.59746,0.00677,1.12613,2.02522,0.00185,0.00807,0.0102,0,-0.00359,0.00051,2.09423,0.70033,0.21817,0.38511,0.04901,1.94614,0.36712,0.07739,0.18446,0.53806,1.33939,0.23203,0.22666,0.00283,2.7698,0.06811,1.12613,0.36712,0.23203,0.22666,2.02522,2.15744,2.09423,2.70644,2.7698,0.27421,0.88633
2026-01-14 13:00:00,1.55366,0,0.08537,0.07476,0.034,0.008,0.012,0.016,0.06873,0.21088,0.47319,0.54381,0.00677,1.12613,2.02522,0.00185,0.00806,0.01018,0,-0.00003,0.00051,2.08523,0.70017,0.21817,0.33197,0.04901,1.96453,0.36712,0.07532,0.17154,0.53806,1.38268,0.23203,0.22666,0.00283,2.76144,0.0679,1.12613,0.36712,0.23203,0.22666,2.02522,2.15744,2.08523,2.70087,2.76144,0.27452,0.89672
2026-01-14 14:00:00,1.64262,0,0.08546,0.07376,0.033,0.008,0.012,0.014,0.06873,0.2083,0.48094,0.70695,0.00677,1.12313,2.02522,0.00185,0.00804,0.01013,0,0.0106,0.00051,2.08523,0.70021,0.19974,0.34774,0.05301,1.98293,0.36974,0.07495,0.18508,0.52106,1.4258,0.25603,0.22666,0.00283,2.75309,0.06768,1.12313,0.36974,0.25603,0.22666,2.02522,2.1524,2.08523,2.69528,2.75309,0.27466,0.89902
2026-01-14 15:00:00,1.76059,0,0.0784,0.05659,0.021,0.008,0.012,0.014,0.06961,0.21088,0.47706,1.03158,0.00677,1.12613,2.01646,0.00185,0.00803,0.01003,0,0.00703,0.00046,2.08023,0.64251,0.17802,0.36306,0.05401,2.00132,0.36712,0.07566,0.18876,0.53806,1.46888,0.28503,0.22666,0.00259,2.75309,0.06747,1.12613,0.36712,0.28503,0.22666,2.01646,2.14736,2.08023,2.6897,2.75309,0.27483,0.89979
2026-01-14 16:00:00,1.93722,0,0.07133,0.05659,0.033,0.008,0.012,0.014,0.06873,0.21088,0.48094,1.30217,0.00677,1.12313,2.03399,0.00185,0.00802,0.01001,0,-0.01068,0.00046,2.07523,0.56551,0.20271,0.36211,0.05601,2.0434,0.36712,0.07459,0.18629,0.53506,1.51191,0.30403,0.22666,0.00283,2.74474,0.06726,1.12313,0.36712,0.30403,0.22666,2.03399,2.14736,2.07523,2.6841,2.74474,0.27503,0.90017
2026-01-14 17:00:00,2.11398,0,0.07131,0.06467,0.033,0.008,0.012,0.014,0.06873,0.21088,0.48094,1.6282,0.00677,1.12313,2.0296,0.00198,0.008,0.01,0,-0.01421,0.00046,2.07523,0.56558,0.20249,0.34267,0.05301,2.08548,0.36712,0.07529,0.18258,0.52806,1.55489,0.30703,0.22666,0.00283,2.74474,0.06704,1.12313,0.36712,0.30703,0.22666,2.0296,2.1373,2.07523,2.67863,2.74474,0.27522,0.9004
2026-01-14 18:00:00,2.17395,0,0.07131,0.06467,0.033,0.008,0.012,0.014,0.06873,0.21088,0.47319,1.95417,0.00677,1.12012,2.01646,0.00198,0.00799,0.00999,0,-0.01421,0.00046,2.07023,0.58493,0.18377,0.34166,0.04696,2.12757,0.36712,0.07492,0.17334,0.53506,1.59778,0.31504,0.22666,0.00283,2.7364,0.06683,1.12012,0.36712,0.31504,0.22666,2.01646,2.13227,2.07023,2.67321,2.7364,0.27538,0.90055
2026-01-14 19:00:00,2.10136,0,0.07128,0.05659,0.033,0.008,0.012,0.014,0.06787,0.20571,0.47706,2.27868,0.00677,1.12012,2.01646,0.00198,0.00798,0.00997,0,-0.01068,0.00046,2.06523,0.62284,0.19323,0.41349,0.041,2.16965,0.36712,0.07112,0.17825,0.53506,1.6363,0.31904,0.22666,0.00283,2.7364,0.06662,1.12012,0.36712,0.31904,0.22666,2.01646,2.13227,2.06523,2.6678,2.7364,0.27552,0.90066
2026-01-14 20:00:00,1.95518,0,0.07122,0.05659,0.032,0.008,0.012,0.014,0.06787,0.2083,0.47706,2.43985,0.00677,1.11712,2.00335,0.00198,0.00796,0.00993,0,-0.00712,0.00046,2.06523,0.6038,0.20236,0.39721,0.041,2.21173,0.36712,0.07287,0.16101,0.52406,1.67481,0.32304,0.22666,0.00283,2.72808,0.06641,1.11712,0.36712,0.32304,0.22666,2.00335,2.12725,2.06523,2.66245,2.72808,0.27565,0.90074
2026-01-14 21:00:00,1.78002,0,0.07822,0.07276,0.032,0.008,0.012,0.014,0.06787,0.2083,0.47706,2.27731,0.00655,1.12012,1.99463,0.00198,0.00795,0.00985,0,-0.01062,0.00046,2.05623,0.62401,0.21177,0.38023,0.04,2.25381,0.36712,0.07422,0.17516,0.54206,1.71337,0.32604,0.22527,0.00283,2.72808,0.0662,1.12012,0.36712,0.32604,0.22527,1.99463,2.12224,2.05623,2.65717,2.72808,0.27586,0.90081
2026-01-14 22:00:00,1.6922,0,0.08534,0.07276,0.032,0.008,0.012,0.014,0.06787,0.2083,0.48094,2.06128,0.00655,1.12012,1.99028,0.00198,0.00794,0.00993,0,-0.0035,0.00046,2.05623,0.64224,0.20258,0.39424,0.04,2.25381,0.36712,0.07537,0.19732,0.53106,1.75214,0.32604,0.22527,0.00283,2.72808,0.06599,1.12012,0.36712,0.32604,0.22527,1.99028,2.11723,2.05623,2.65197,2.72808,0.27633,0.90086
2026-01-14 23:00:00,1.69206,0,0.08546,0.06567,0.032,0.008,0.012,0.014,0.06787,0.21088,0.47706,1.73525,0.00655,1.12012,2.00335,0.00198,0.00792,0.00991,0,0.00006,0.00041,2.05623,0.64111,0.20279,0.38868,0.04,2.25381,0.36712,0.07668,0.18073,0.53506,1.79101,0.33004,0.22527,0.00283,2.71977,0.06578,1.12012,0.36712,0.33004,0.22527,2.00335,2.11223,2.05623,2.64681,2.71977,0.27691,0.9009
2026-01-15 00:00:00,1.72119,0,0.08543,0.06667,0.032,0.008,0.012,0.014,0.06787,0.21088,0.47706,1.40875,0.00655,1.11712,2.00335,0.00185,0.00791,0.0099,0,0.00362,0.00041,2.05123,0.71877,0.20295,0.41914,0.039,2.25381,0.36712,0.08185,0.18443,0.53106,1.82977,0.33004,0.22249,0.00283,2.71977,0.06557,1.11712,0.36712,0.33004,0.22249,2.00335,2.10722,2.05123,2.64169,2.71977,0.27736,0.90094
2026-01-15 01:00:00,1.80886,0,0.08534,0.06667,0.032,0.008,0.012,0.014,0.06787,0.21607,0.47706,1.08358,0.00655,1.11712,2.00335,0.00185,0.0079,0.00988,0,0.00009,0.00041,2.04123,0.66152,0.19376,0.4146,0.038,2.25381,0.36712,0.0819,0.17519,0.52406,1.77895,0.33004,0.22112,0.00283,2.71147,0.06537,1.11712,0.36712,0.33004,0.22112,2.00335,2.10722,2.04123,2.63661,2.71147,0.27773,0.90096
2026-01-15 02:00:00,1.95504,0,0.09235,0.06667,0.032,0.008,0.012,0.014,0.06701,0.21607,0.47319,0.70406,0.00655,1.11412,2.00772,0.00173,0.00788,0.00987,0,-0.007,0.00041,2.04123,0.6024,0.21323,0.41116,0.038,2.25381,0.36712,0.08703,0.17334,0.52406,1.72767,0.33004,0.21975,0.00283,2.71147,0.06516,1.11412,0.36712,0.33004,0.21975,2.00772,2.10223,2.04123,2.63159,2.71147,0.27797,0.90099
2026-01-15 03:00:00,2.10107,0,0.09241,0.07476,0.02,0.008,0.012,0.014,0.06701,0.22134,0.47706,0.48549,0.00655,1.12012,1.99463,0.00173,0.00787,0.00986,0,-0.007,0.00041,2.03723,0.6203,0.2329,0.42552,0.038,2.25381,0.36451,0.08773,0.17396,0.53506,1.67614,0.32604,0.21838,0.00283,2.71147,0.06496,1.12012,0.36451,0.32604,0.21838,1.99463,2.09725,2.03723,2.6266,2.71147,0.27833,0.90101
2026-01-15 04:00:00,2.13002,0,0.09232,0.08284,0.031,0.008,0.012,0.014,0.06535,0.224,0.48094,0.32102,0.00655,1.12012,1.99899,0.00173,0.00786,0.00987,0,0.00362,0.00041,2.03723,0.64083,0.2154,0.47703,0.037,2.25381,0.36451,0.08801,0.16042,0.54206,1.62449,0.31904,0.21702,0.00283,2.71147,0.06476,1.12012,0.36451,0.31904,0.21702,1.99899,2.09226,2.03723,2.62165,2.71147,0.27898,0.90103
2026-01-15 05:00:00,2.07168,0,0.09926,0.07376,0.031,0.008,0.012,0.014,0.06372,0.224,0.48485,0.26672,0.00633,1.11712,1.98593,0.00173,0.00784,0.00996,0,0.01071,0.00041,2.02723,0.64649,0.21629,0.51887,0.037,2.25381,0.36451,0.09032,0.1844,0.54906,1.57258,0.31504,0.21702,0.00259,2.70319,0.06455,1.11712,0.36451,0.31504,0.21702,1.98593,2.09226,2.02723,2.61673,2.70319,0.27975,0.90105
2026-01-15 06:00:00,2.08562,0,0.09229,0.07276,0.031,0.008,0.012,0.014,0.06372,0.22669,0.48876,0.38231,0.00633,1.11712,1.99463,0.00173,0.00783,0.00995,0,0.01424,0.00037,2.02723,0.55777,0.24692,0.49096,0.037,2.25381,0.3619,0.09179,0.18932,0.56706,1.52016,0.31504,0.21702,0.00283,2.70319,0.06435,1.11712,0.3619,0.31504,0.21702,1.99463,2.08729,2.02723,2.61175,2.70319,0.28035,0.90106
2026-01-15 07:00:00,2.11139,0,0.09235,0.07276,0.031,0.008,0.012,0.014,0.06214,0.2321,0.5046,0.44458,0.00633,1.12012,1.98593,0.00173,0.00782,0.00993,0,0.01421,0.00037,2.02723,0.60475,0.25037,0.47682,0.037,2.25381,0.3619,0.09175,0.1998,0.56006,1.45502,0.31504,0.21975,0.00283,2.69491,0.06415,1.12012,0.3619,0.31504,0.21975,1.98593,2.08232,2.02723,2.60674,2.69491,0.28076,0.90108
2026-01-15 08:00:00,2.07653,0,0.09235,0.05659,0.031,0.008,0.012,0.014,0.06372,0.23484,0.51261,0.4473,0.00633,1.12313,1.97289,0.00173,0.0078,0.00992,0,0.01065,0.00037,2.01722,0.69184,0.2239,0.49886,0.037,2.25381,0.3619,0.09206,0.20659,0.56306,1.38949,0.31504,0.22112,0.00283,2.68664,0.06395,1.12313,0.3619,0.31504,0.22112,1.97289,2.08232,2.01722,2.60178,2.68664,0.28092,0.90109
2026-01-15 09:00:00,2.04214,0,0.09232,0.04851,0.031,0.008,0.012,0.014,0.06372,0.23484,0.52069,0.45653,0.00633,1.11712,1.96422,0.00161,0.00779,0.00991,0,0.01772,0.00033,2.02223,0.75902,0.21657,0.48527,0.037,2.25381,0.3593,0.09164,0.18876,0.57006,1.32376,0.31504,0.22387,0.00283,2.68664,0.06375,1.11712,0.3593,0.31504,0.22387,1.96422,2.07735,2.02223,2.59679,2.68664,0.28108,0.9011
2026-01-15 10:00:00,2.06661,0,0.08531,0.05659,0.031,0.008,0.011,0.014,0.06372,0.23484,0.52069,0.57902,0.00633,1.11712,1.96856,0.00173,0.00778,0.00989,0,0.01416,0.00033,2.01322,0.7662,0.24643,0.42041,0.037,2.25101,0.3593,0.08964,0.19367,0.57406,1.25778,0.31904,0.22806,0.00259,2.68664,0.06355,1.11712,0.3593,0.31904,0.22806,1.96856,2.07239,2.01322,2.59177,2.68664,0.28116,0.90111
2026-01-15 11:00:00,2.08809,0,0.07831,0.05659,0.031,0.008,0.011,0.014,0.06372,0.23759,0.52882,0.64074,0.00633,1.11712,1.97724,0.00161,0.00776,0.00984,0,0.0035,0.00033,2.01322,0.71207,0.25876,0.40306,0.037,2.24821,0.3593,0.09063,0.19983,0.57006,1.19157,0.31904,0.23369,0.00259,2.67839,0.06335,1.11712,0.3593,0.31904,0.23369,1.97724,2.07239,2.01322,2.58681,2.67839,0.28118,0.90112
2026-01-15 12:00:00,2.00558,0,0.08534,0.04851,0.031,0.008,0.011,0.014,0.06372,0.23484,0.52882,0.46955,0.00633,1.12012,1.95989,0.00173,0.00775,0.00974,0,-0.00359,0.00033,2.01322,0.7507,0.23352,0.43486,0.037,2.24542,0.3593,0.08963,0.19306,0.56306,1.12516,0.31904,0.23797,0.00259,2.67014,0.06315,1.12012,0.3593,0.31904,0.23797,1.95989,2.06743,2.01322,2.58184,2.67014,0.2812,0.90517
2026-01-15 13:00:00,1.91139,0,0.07828,0.05759,0.031,0.008,0.011,0.014,0.06372,0.23759,0.53292,0.47063,0.00633,1.11712,1.95556,0.00173,0.00774,0.00969,0,-0.00003,0.00033,2.00822,0.7113,0.23316,0.45165,0.038,2.24262,0.3593,0.0889,0.19797,0.57806,1.10179,0.31504,0.24229,0.00283,2.67014,0.06295,1.11712,0.3593,0.31504,0.24229,1.95556,2.06248,2.00822,2.57685,2.67014,0.28117,0.91012
2026-01-15 14:00:00,1.91152,0,0.07128,0.07476,0.019,0.007,0.011,0.014,0.06372,0.23759,0.53292,0.70935,0.00633,1.12012,1.95989,0.00173,0.00772,0.00959,0,0.00706,0.00029,1.99822,0.69132,0.26268,0.41546,0.039,2.23982,0.3593,0.08824,0.19856,0.58507,1.0783,0.31504,0.24666,0.00259,2.66191,0.06276,1.12012,0.3593,0.31504,0.24666,1.95989,2.06248,1.99822,2.57191,2.66191,0.2811,0.91123
2026-01-15 15:00:00,1.94274,0,0.07136,0.06667,0.031,0.008,0.011,0.013,0.06214,0.2321,0.53292,0.88781,0.00633,1.12313,1.95556,0.00173,0.00771,0.00958,0,0.0053,0.00029,1.99822,0.67247,0.25549,0.39916,0.039,2.23702,0.3593,0.08688,0.21145,0.57806,1.05467,0.31504,0.25107,0.00259,2.66191,0.06256,1.12313,0.3593,0.31504,0.25107,1.95556,2.05754,1.99822,2.56707,2.66191,0.28096,0.91233
2026-01-15 16:00:00,1.94259,0,0.0714,0.04242,0.031,0.008,0.011,0.014,0.06214,0.23484,0.52882,1.12552,0.00633,1.12012,1.95989,0.00173,0.0077,0.00956,0,0.00177,0.00026,1.99422,0.63606,0.22933,0.41655,0.039,2.24174,0.3593,0.08758,0.21145,0.57006,1.03084,0.31504,0.25404,0.00283,2.65369,0.06236,1.12012,0.3593,0.31504,0.25404,1.95989,2.0526,1.99422,2.56228,2.65369,0.28064,0.91344
2026-01-15 17:00:00,2.00587,0,0.0643,0.05051,0.03,0.007,0.011,0.013,0.06214,0.23484,0.52882,1.36444,0.00633,1.11712,1.95556,0.00173,0.00768,0.00955,0,-0.00353,0.00029,1.99422,0.63659,0.21989,0.41612,0.04,2.24647,0.3593,0.08585,0.19732,0.57406,1.00688,0.31103,0.25702,0.00259,2.65369,0.06217,1.11712,0.3593,0.31103,0.25702,1.95556,2.0526,1.99422,2.55756,2.65369,0.28022,0.91454
2026-01-15 18:00:00,2.06884,0,0.06422,0.06667,0.03,0.007,0.011,0.012,0.06214,0.23489,0.52882,1.60278,0.00633,1.12012,1.94692,0.00185,0.00767,0.00954,0,0.00356,0.00028,1.99422,0.65744,0.23742,0.39988,0.04,2.25119,0.3593,0.08448,0.22195,0.56006,0.98287,0.31103,0.26003,0.0027,2.64547,0.06197,1.12012,0.3593,0.31103,0.26003,1.94692,2.04767,1.99422,2.55291,2.64547,0.27989,0.91565
2026-01-15 19:00:00,2.10026,0,0.07128,0.05759,0.03,0.007,0.011,0.012,0.06059,0.23484,0.53292,1.90003,0.00633,1.11712,1.95556,0.00185,0.00766,0.00952,0,-0.0035,0.00026,1.98922,0.69843,0.24743,0.38419,0.04,2.2438,0.3619,0.08346,0.2078,0.56306,0.97287,0.31103,0.26149,0.00283,2.64547,0.06178,1.11712,0.3619,0.31103,0.26149,1.95556,2.04274,1.98922,2.54831,2.64547,0.27971,0.91676
2026-01-15 20:00:00,2.00561,0,0.07128,0.04851,0.03,0.007,0.011,0.012,0.06059,0.2321,0.53292,2.07873,0.00633,1.12012,1.95124,0.00185,0.00765,0.00948,0,-0.01766,0.00026,1.98422,0.65908,0.22671,0.38576,0.04,2.23641,0.3619,0.08344,0.18873,0.56706,0.96297,0.30703,0.26442,0.00283,2.64547,0.06158,1.12012,0.3619,0.30703,0.26442,1.95124,2.04274,1.98422,2.54377,2.64547,0.2797,0.91786
2026-01-15 21:00:00,1.84785,0,0.07119,0.05659,0.03,0.007,0.011,0.012,0.06059,0.2321,0.52882,2.19758,0.00633,1.12313,1.95989,0.00185,0.00764,0.00941,0,-0.00883,0.00026,1.98422,0.62013,0.21356,0.41844,0.039,2.22902,0.36451,0.08512,0.16475,0.55606,0.95315,0.30703,0.26442,0.00283,2.64547,0.06139,1.12313,0.36451,0.30703,0.26442,1.95989,2.04274,1.98422,2.53929,2.64547,0.27977,0.91897
2026-01-15 22:00:00,1.81659,0,0.07816,0.06467,0.03,0.007,0.011,0.012,0.06059,0.2321,0.52069,2.13703,0.00633,1.12313,1.95556,0.00173,0.00762,0.00945,0,-0.00886,0.00026,1.98422,0.63864,0.21968,0.43309,0.039,2.22163,0.36451,0.08519,0.14874,0.56006,0.94347,0.30703,0.26589,0.00283,2.63727,0.0612,1.12313,0.36451,0.30703,0.26589,1.95556,2.03781,1.98422,2.53493,2.63727,0.28013,0.91657
2026-01-15 23:00:00,1.75379,0,0.08523,0.06467,0.03,0.007,0.011,0.012,0.06059,0.23484,0.51261,1.89724,0.00633,1.11712,1.95358,0.00173,0.00761,0.00938,0,-0.00356,0.00026,1.97922,0.6949,0.22766,0.37855,0.038,2.21425,0.36451,0.08899,0.1684,0.54506,0.93389,0.31103,0.26737,0.00283,2.63727,0.061,1.11712,0.36451,0.31103,0.26737,1.95358,2.03289,1.97922,2.53071,2.63727,0.28064,0.91417
2026-01-16 00:00:00,1.72224,0,0.07828,0.06467,0.03,0.007,0.011,0.012,0.06059,0.2321,0.52069,1.71634,0.00633,1.12012,1.95124,0.00173,0.0076,0.00946,0,-0.00356,0.00023,1.97522,0.65443,0.21674,0.37459,0.038,2.20686,0.36451,0.08895,0.17514,0.54506,0.92427,0.31103,0.26737,0.00283,2.63727,0.06081,1.12012,0.36451,0.31103,0.26737,1.95124,2.03289,1.97522,2.52661,2.63727,0.28103,0.91177
2026-01-16 01:00:00,1.75362,0,0.07125,0.07376,0.03,0.007,0.011,0.012,0.05907,0.24035,0.52882,1.41665,0.00633,1.12313,1.9426,0.00161,0.00759,0.00944,0,-0.00003,0.00023,1.97922,0.55695,0.21485,0.42103,0.038,2.20434,0.36451,0.09212,0.18561,0.55206,0.91433,0.31103,0.26737,0.00283,2.63727,0.06062,1.12313,0.36451,0.31103,0.26737,1.9426,2.02798,1.97922,2.52261,2.63727,0.28143,0.90937
2026-01-16 02:00:00,1.81672,0,0.07125,0.07476,0.03,0.007,0.011,0.012,0.05759,0.23759,0.52475,0.93849,0.00633,1.12012,1.93398,0.00161,0.00758,0.00943,0,0.00706,0.00023,1.97522,0.57749,0.22402,0.44958,0.038,2.20182,0.36451,0.09417,0.21578,0.55206,0.90436,0.31103,0.26737,0.00259,2.63727,0.06043,1.12012,0.36451,0.31103,0.26737,1.93398,2.02798,1.97522,2.51866,2.63727,0.28179,0.90697
2026-01-16 03:00:00,1.87999,0,0.07125,0.06667,0.03,0.007,0.011,0.012,0.05759,0.24035,0.52069,0.57942,0.00633,1.12313,1.9426,0.00149,0.00757,0.00942,0,0,0.00023,1.97022,0.65427,0.24349,0.42773,0.037,2.19931,0.3619,0.09622,0.22502,0.56306,0.89448,0.31103,0.26737,0.00259,2.63727,0.06025,1.12313,0.3619,0.31103,0.26737,1.9426,2.02307,1.97022,2.51475,2.63727,0.28238,0.90457
2026-01-16 04:00:00,1.91126,0,0.07128,0.06667,0.03,0.007,0.011,0.012,0.05759,0.24314,0.52475,0.40066,0.00633,1.12613,1.93398,0.00149,0.00755,0.0094,0,0.01062,0.00023,1.96522,0.63556,0.25335,0.44398,0.037,2.19679,0.3619,0.09619,0.20595,0.56006,0.88486,0.31103,0.26737,0.00259,2.63727,0.06006,1.12613,0.3619,0.31103,0.26737,1.93398,2.01816,1.96522,2.5109,2.63727,0.28364,0.90217
2026-01-16 05:00:00,2.00381,0,0.07133,0.06667,0.03,0.007,0.011,0.012,0.05615,0.24314,0.53292,0.46039,0.00633,1.12613,1.93192,0.00149,0.00754,0.00942,0,0.01062,0.00023,1.97022,0.57915,0.24364,0.55515,0.039,2.19426,0.3619,0.09895,0.19056,0.54906,0.87535,0.31904,0.26885,0.00259,2.62908,0.05987,1.12613,0.3619,0.31904,0.26885,1.93192,2.01816,1.97022,2.50709,2.62908,0.2852,0.89977
2026-01-16 06:00:00,2.05448,0,0.07834,0.06667,0.018,0.007,0.011,0.012,0.05615,0.24314,0.52475,0.57989,0.00633,1.11712,1.92967,0.00149,0.00753,0.0095,0,0,0.0002,1.96122,0.59927,0.24361,0.55057,0.041,2.19174,0.3593,0.09784,0.17702,0.56006,0.86567,0.32304,0.26737,0.00259,2.63727,0.05968,1.11712,0.3593,0.32304,0.26737,1.92967,2.01326,1.96122,2.50321,2.63727,0.28641,0.89737
2026-01-16 07:00:00,2.06276,0,0.08531,0.05759,0.03,0.007,0.011,0.012,0.05615,0.24314,0.53703,0.58002,0.00633,1.12012,1.93829,0.00149,0.00752,0.00949,0,0,0.00023,1.96122,0.69573,0.22565,0.44122,0.043,2.19155,0.3593,0.10093,0.19729,0.57006,0.89206,0.32604,0.26885,0.00259,2.62908,0.0595,1.12012,0.3593,0.32604,0.26885,1.93829,2.01326,1.96122,2.49931,2.62908,0.28723,0.89497
2026-01-16 08:00:00,2.13212,0,0.07825,0.05659,0.03,0.007,0.011,0.012,0.05474,0.24314,0.53703,0.75859,0.00633,1.12012,1.93398,0.00149,0.0075,0.00948,0,0.00706,0.0002,1.96122,0.75359,0.22791,0.41856,0.044,2.19135,0.3593,0.09951,0.19729,0.58106,0.91806,0.32304,0.26885,0.00259,2.62908,0.05931,1.12012,0.3593,0.32304,0.26885,1.93398,2.00837,1.96122,2.49545,2.62908,0.28755,0.89257
2026-01-16 09:00:00,2.20305,0,0.07828,0.06467,0.03,0.007,0.01019,0.012,0.05474,0.24594,0.54115,0.93772,0.00633,1.12313,1.94692,0.00149,0.00749,0.00943,0,0.00706,0.0002,1.95622,0.75362,0.23938,0.48357,0.044,2.19116,0.3593,0.09852,0.18867,0.56706,0.94387,0.31904,0.26885,0.00259,2.62908,0.05913,1.12313,0.3593,0.31904,0.26885,1.94692,2.00837,1.95622,2.49156,2.62908,0.28784,0.89017
2026-01-16 10:00:00,2.21073,0,0.07828,0.06467,0.03,0.007,0.011,0.012,0.05474,0.24594,0.53703,0.93795,0.00633,1.12012,1.9426,0.00149,0.00748,0.00933,0,0,0.0002,1.95122,0.79148,0.23077,0.46072,0.042,2.19096,0.3619,0.09817,0.2108,0.57006,0.96939,0.31504,0.26885,0.00259,2.62908,0.05894,1.12012,0.3619,0.31504,0.26885,1.9426,2.00837,1.95122,2.48762,2.62908,0.28791,0.88777
2026-01-16 11:00:00,2.12742,0,0.07822,0.06467,0.03,0.007,0.011,0.012,0.05474,0.24314,0.54115,0.93863,0.00655,1.12613,1.92105,0.00149,0.00746,0.00932,0,0.00353,0.00017,1.95122,0.75299,0.222,0.33726,0.041,2.19077,0.3619,0.09609,0.2096,0.57006,0.99464,0.29603,0.26885,0.00259,2.6209,0.05875,1.12613,0.3619,0.29603,0.26885,1.92105,2.00348,1.95122,2.48373,2.6209,0.28782,0.88537
2026-01-16 12:00:00,2.02693,0,0.07822,0.06467,0.03,0.007,0.011,0.012,0.05615,0.24314,0.53703,1.07093,0.00655,1.12313,1.92105,0.00149,0.00745,0.00928,0,0.00883,0.00017,1.94622,0.73365,0.21317,0.36102,0.04,2.19057,0.3619,0.09543,0.19977,0.57406,1.01971,0.26703,0.26885,0.00259,2.62908,0.05857,1.12313,0.3619,0.26703,0.26885,1.92105,1.9986,1.94622,2.47987,2.62908,0.28778,0.87782
2026-01-16 13:00:00,1.96726,0,0.07125,0.06467,0.03,0.007,0.011,0.012,0.05474,0.23759,0.54115,1.20223,0.00655,1.12012,1.92535,0.00149,0.00744,0.00918,0,0.01236,0.00017,1.94222,0.71429,0.22293,0.50768,0.039,2.1834,0.3619,0.09634,0.18317,0.57806,1.03945,0.28903,0.26885,0.00259,2.62908,0.05839,1.12012,0.3619,0.28903,0.26885,1.92535,1.99372,1.94222,2.47615,2.62908,0.28764,0.87108
2026-01-16 14:00:00,1.90791,0,0.07831,0.05659,0.03,0.007,0.011,0.012,0.05474,0.24035,0.53703,1.33463,0.00655,1.11712,1.90388,0.00149,0.00743,0.00914,0,0.0035,0.00015,1.94222,0.69582,0.22311,0.52058,0.037,2.17623,0.3619,0.09368,0.17702,0.57006,1.05901,0.32304,0.26885,0.00259,2.62908,0.05821,1.11712,0.3619,0.32304,0.26885,1.90388,1.99372,1.94222,2.47256,2.62908,0.28747,0.87101
2026-01-16 15:00:00,1.90775,0,0.07831,0.04951,0.03,0.007,0.011,0.012,0.05615,0.23759,0.53703,1.32903,0.00655,1.12012,1.90388,0.00149,0.00741,0.00903,0,0.0035,0.00015,1.94222,0.69601,0.21326,0.38085,0.036,2.16907,0.3619,0.09437,0.18688,0.56706,1.07835,0.33404,0.26737,0.00259,2.6209,0.05803,1.12012,0.3619,0.33404,0.26737,1.90388,1.98885,1.94222,2.469,2.6209,0.28717,0.87093
2026-01-16 16:00:00,1.93756,0,0.07128,0.05859,0.03,0.007,0.011,0.012,0.05474,0.23484,0.54529,1.32358,0.00655,1.12012,1.88677,0.00149,0.0074,0.00902,0,0.00703,0.00012,1.93722,0.65676,0.20336,0.38081,0.036,2.16191,0.3593,0.09273,0.18137,0.57006,1.09732,0.33004,0.26737,0.00259,2.6209,0.05785,1.12012,0.3593,0.33004,0.26737,1.88677,1.98885,1.93722,2.4655,2.6209,0.28651,0.87084
2026-01-16 17:00:00,1.96768,0,0.07128,0.05859,0.029,0.007,0.01,0.012,0.05474,0.23484,0.53292,1.31819,0.00655,1.11412,1.88677,0.00161,0.00739,0.00901,0,-0.00006,0.0001,1.93722,0.676,0.19387,0.52748,0.034,2.15474,0.3593,0.09128,0.19182,0.56706,1.11602,0.32604,0.26737,0.00259,2.6209,0.05767,1.11412,0.3593,0.32604,0.26737,1.88677,1.98398,1.93722,2.46205,2.6209,0.28568,0.87074
2026-01-16 18:00:00,2.02703,0,0.07834,0.04242,0.027,0.007,0.01,0.011,0.05474,0.23484,0.52882,1.31116,0.00655,1.11412,1.88677,0.00161,0.00738,0.009,0,-0.00536,0.0001,1.93222,0.69521,0.21336,0.48507,0.033,2.14758,0.3593,0.09054,0.19735,0.55606,1.13465,0.32304,0.26737,0.00259,2.61273,0.05749,1.11412,0.3593,0.32304,0.26737,1.88677,1.98398,1.93222,2.45864,2.61273,0.28503,0.87064
2026-01-16 19:00:00,2.05688,0,0.07837,0.04242,0.027,0.007,0.01,0.011,0.05474,0.23759,0.53292,1.31073,0.00655,1.12012,1.88677,0.00161,0.00737,0.00899,0,-0.01242,0.00009,1.93222,0.67501,0.23334,0.32067,0.032,2.14102,0.3567,0.08958,0.19367,0.55206,1.13896,0.31904,0.26885,0.00259,2.6209,0.05731,1.12012,0.3567,0.31904,0.26885,1.88677,1.97912,1.93222,2.45514,2.6209,0.2845,0.87052
2026-01-16 20:00:00,1.99707,0,0.07131,0.05051,0.027,0.007,0.01,0.011,0.05336,0.23484,0.52475,1.3089,0.00655,1.12012,1.87823,0.00173,0.00735,0.00898,0,0.00706,0.00009,1.93222,0.61545,0.21424,0.32656,0.032,2.13445,0.3593,0.08819,0.1832,0.56306,1.14334,0.31504,0.26737,0.00259,2.59643,0.05714,1.12012,0.3593,0.31504,0.26737,1.87823,1.97912,1.93222,2.45157,2.59643,0.28414,0.87038
2026-01-16 21:00:00,1.87775,0,0.07128,0.05759,0.027,0.007,0.01,0.011,0.05336,0.24035,0.53292,1.30219,0.00655,1.11412,1.8825,0.00173,0.00734,0.00896,0,0.00706,0.00009,1.92821,0.57819,0.195,0.46793,0.031,2.12789,0.3567,0.08988,0.19671,0.56006,1.14759,0.31103,0.26885,0.00259,2.61273,0.05696,1.11412,0.3567,0.31103,0.26885,1.8825,1.97426,1.92821,2.44804,2.61273,0.2836,0.87023
2026-01-16 22:00:00,1.78886,0,0.08534,0.07276,0.027,0.007,0.01,0.011,0.05474,0.24876,0.53292,1.3012,0.00655,1.11712,1.87823,0.00161,0.00733,0.00895,0,-0.01062,0.00009,1.92821,0.57957,0.2244,0.4281,0.03,2.12132,0.3567,0.08859,0.20224,0.55206,1.15154,0.31103,0.26885,0.00259,2.61273,0.05678,1.11712,0.3567,0.31103,0.26885,1.87823,1.97426,1.92821,2.44447,2.61273,0.28262,0.87006
2026-01-16 23:00:00,1.75903,0,0.09238,0.08084,0.027,0.007,0.01,0.011,0.05336,0.24876,0.52475,1.29978,0.00633,1.12012,1.8825,0.00161,0.00731,0.00894,0,-0.01416,0.00007,1.92321,0.57871,0.24394,0.27621,0.03,2.11475,0.3567,0.09002,0.17702,0.55206,1.15534,0.31103,0.27034,0.00259,2.60457,0.05661,1.12012,0.3567,0.31103,0.27034,1.8825,1.96941,1.92321,2.44093,2.60457,0.28144,0.86985
2026-01-17 00:00:00,1.75902,0,0.07828,0.08893,0.027,0.007,0.01,0.011,0.05336,0.24314,0.53292,1.29991,0.00633,1.11112,1.87823,0.00149,0.0073,0.00893,0,-0.01062,0.00007,1.91821,0.57873,0.21568,0.31637,0.029,2.10819,0.3567,0.09239,0.19485,0.54506,1.15926,0.31103,0.27034,0.00259,2.60457,0.05643,1.11112,0.3567,0.31103,0.27034,1.87823,1.96941,1.91821,2.43744,2.60457,0.28051,0.86962
2026-01-17 01:00:00,1.78885,0,0.07825,0.08893,0.027,0.007,0.01,0.011,0.05336,0.24035,0.53292,1.3023,0.00633,1.12313,1.87397,0.00149,0.00729,0.00891,0,0.00709,0.00006,1.91821,0.56036,0.1964,0.46173,0.028,2.10622,0.35411,0.09413,0.20777,0.54206,1.17138,0.31103,0.26885,0.00259,2.60457,0.05626,1.12313,0.35411,0.31103,0.26885,1.87397,1.96941,1.91821,2.4339,2.60457,0.27985,0.86934
2026-01-17 02:00:00,1.87835,0,0.08525,0.08893,0.027,0.007,0.01,0.011,0.05336,0.24314,0.53292,1.29712,0.00633,1.12012,1.87397,0.00139,0.00728,0.0089,0,-0.00706,0.00005,1.91821,0.59893,0.2055,0.43337,0.027,2.10425,0.35411,0.09409,0.20718,0.54506,1.18373,0.31504,0.26885,0.00259,2.59643,0.05608,1.12012,0.35411,0.31504,0.26885,1.87397,1.96457,1.91821,2.4304,2.59643,0.27952,0.86901
2026-01-17 03:00:00,1.99798,0,0.08526,0.08993,0.027,0.007,0.01,0.011,0.05336,0.24594,0.52882,1.29346,0.00633,1.11712,1.87397,0.00139,0.00727,0.00889,0,-0.01415,0.00004,1.90921,0.61574,0.22473,0.33248,0.026,2.10228,0.35153,0.09482,0.18752,0.53806,1.19608,0.31504,0.27183,0.00259,2.59643,0.05591,1.11712,0.35153,0.31504,0.27183,1.87397,1.96457,1.90921,2.42697,2.59643,0.27911,0.8686
2026-01-17 04:00:00,2.02738,0,0.07825,0.07476,0.015,0.007,0.01,0.011,0.05201,0.24594,0.52882,1.29329,0.00633,1.12012,1.87397,0.00139,0.00725,0.00891,0,0,0.00003,1.90921,0.5963,0.21577,0.4291,0.026,2.1003,0.34895,0.09513,0.18446,0.55206,1.20837,0.31504,0.27333,0.00236,2.59643,0.05574,1.12012,0.34895,0.31504,0.27333,1.87397,1.95973,1.90921,2.42348,2.59643,0.27857,0.86809
2026-01-17 05:00:00,2.00325,0,0.07125,0.05859,0.027,0.007,0.01,0.011,0.05201,0.24314,0.52882,1.29053,0.00633,1.12313,1.86971,0.00139,0.00724,0.00899,0,0.01062,0.00003,1.91421,0.61704,0.20675,0.56738,0.025,2.09833,0.34895,0.09615,0.19924,0.54906,1.22068,0.31504,0.27785,0.00236,2.59643,0.05556,1.12313,0.34895,0.31504,0.27785,1.86971,1.95973,1.91421,2.41997,2.59643,0.278,0.86744
2026-01-17 06:00:00,2.0258,0,0.07831,0.05859,0.027,0.007,0.01,0.011,0.05201,0.24594,0.52882,1.2856,0.00633,1.12012,1.86971,0.00139,0.00723,0.00897,0,0.01239,0.00001,1.90021,0.61698,0.22528,0.52127,0.024,2.09635,0.34895,0.09544,0.15739,0.55206,1.23309,0.31103,0.28088,0.00236,2.58829,0.05539,1.12012,0.34895,0.31103,0.28088,1.86971,1.95973,1.90021,2.41643,2.58829,0.27755,0.86657
2026-01-17 07:00:00,2.0601,0,0.08531,0.06667,0.027,0.007,0.01,0.011,0.05201,0.24035,0.52475,1.27976,0.00633,1.12012,1.86546,0.00139,0.00722,0.00899,0,-0.00533,0.00001,1.90421,0.65544,0.23457,0.39378,0.024,2.09555,0.34895,0.09645,0.14444,0.56006,1.25413,0.31103,0.28088,0.00236,2.58829,0.05522,1.12012,0.34895,0.31103,0.28088,1.86546,1.95973,1.90421,2.4128,2.58829,0.27721,0.86535
2026-01-17 08:00:00,2.09441,0,0.08534,0.06667,0.027,0.007,0.01,0.011,0.05201,0.24035,0.52475,1.27483,0.00633,1.12012,1.86971,0.00129,0.00721,0.00907,0,-0.00709,0.00001,1.90021,0.65613,0.22568,0.42074,0.023,2.09475,0.34637,0.09474,0.17702,0.55206,1.27516,0.31504,0.28088,0.00236,2.58829,0.05505,1.12012,0.34637,0.31504,0.28088,1.86971,1.95489,1.90021,2.40917,2.58829,0.27698,0.86351
2026-01-17 09:00:00,2.12823,0,0.08537,0.05759,0.027,0.007,0.01,0.011,0.05201,0.24035,0.52882,1.27,0.00633,1.11712,1.8612,0.00139,0.0072,0.00902,0,0.00177,0.00001,1.90021,0.61834,0.21681,0.50356,0.023,2.09395,0.34637,0.09374,0.20038,0.56006,1.29605,0.31904,0.28088,0.00236,2.58017,0.05488,1.11712,0.34637,0.31904,0.28088,1.8612,1.95489,1.90021,2.40562,2.58017,0.27665,0.86046
2026-01-17 10:00:00,2.22398,0,0.07831,0.04851,0.027,0.007,0.01,0.011,0.05001,0.23759,0.53292,1.26354,0.00655,1.12012,1.86546,0.00139,0.00718,0.00892,0,0.0053,0.00001,1.90021,0.63687,0.22654,0.41364,0.023,2.09314,0.3438,0.09309,0.20589,0.54906,1.31665,0.31904,0.28088,0.00236,2.58017,0.05471,1.12012,0.3438,0.31904,0.28088,1.86546,1.95489,1.90021,2.40213,2.58017,0.27602,0.85436
2026-01-17 11:00:00,2.31211,0,0.07128,0.05659,0.027,0.007,0.01,0.011,0.05001,0.23759,0.52475,1.25674,0.00655,1.12012,1.8612,0.00139,0.00717,0.00888,0,0,0.00001,1.90021,0.61685,0.23682,0.29853,0.024,2.09234,0.3438,0.09129,0.18064,0.55606,1.33706,0.31504,0.28088,0.00236,2.57205,0.05454,1.12012,0.3438,0.31504,0.28088,1.8612,1.95006,1.90021,2.39862,2.57205,0.27527,0.83604
2026-01-17 12:00:00,2.29054,0,0.07128,0.05659,0.027,0.007,0.01,0.011,0.05001,0.24035,0.52882,1.25313,0.00655,1.12012,1.86546,0.00139,0.00716,0.00878,0,-0.00177,0.00001,1.89521,0.59762,0.22769,0.35265,0.024,2.09154,0.3438,0.09198,0.19482,0.56306,1.3575,0.31504,0.27936,0.00236,2.57205,0.05437,1.12012,0.3438,0.31504,0.27936,1.86546,1.95006,1.89521,2.39513,2.57205,0.27468,0.83515
2026-01-17 13:00:00,2.19558,0,0.07128,0.04851,0.027,0.007,0.01,0.011,0.05001,0.23759,0.52882,1.25224,0.00655,1.12012,1.8612,0.00139,0.00715,0.00875,0,0.00886,0.00001,1.89521,0.63626,0.20842,0.4777,0.025,2.0853,0.3438,0.08954,0.20162,0.55206,1.41216,0.31504,0.27936,0.00236,2.56395,0.0542,1.12012,0.3438,0.31504,0.27936,1.8612,1.94524,1.89521,2.39165,2.56395,0.27419,0.84236
2026-01-17 14:00:00,2.13225,0,0.07128,0.04851,0.027,0.007,0.01,0.011,0.05001,0.23484,0.52882,1.24753,0.00655,1.12313,1.85695,0.00139,0.00713,0.00865,0,0.01242,0.00001,1.89521,0.65565,0.20829,0.46869,0.026,2.07905,0.34124,0.08893,0.1598,0.56306,1.46659,0.31103,0.27936,0.00236,2.56395,0.05404,1.12313,0.34124,0.31103,0.27936,1.85695,1.94524,1.89521,2.38819,2.56395,0.27384,0.82051
2026-01-17 15:00:00,2.1009,0,0.07128,0.04042,0.015,0.007,0.01,0.011,0.05001,0.23484,0.52475,1.24212,0.00655,1.12012,1.8612,0.00139,0.00712,0.00864,0,0.00712,0.00001,1.89521,0.65579,0.1978,0.35213,0.026,2.0728,0.34124,0.08755,0.15489,0.55606,1.52052,0.31504,0.27936,0.00236,2.56395,0.05387,1.12012,0.34124,0.31504,0.27936,1.8612,1.94524,1.89521,2.38481,2.56395,0.2733,0.81323
2026-01-17 16:00:00,2.00597,0,0.07828,0.04142,0.027,0.007,0.01,0.011,0.05001,0.22939,0.51664,1.23986,0.00655,1.12313,1.8612,0.00139,0.00711,0.00863,0,0.00182,0.00001,1.89521,0.67439,0.17734,0.3662,0.027,2.06656,0.34124,0.08824,0.17028,0.54906,1.57369,0.31504,0.27785,0.00236,2.56395,0.0537,1.12313,0.34124,0.31504,0.27785,1.8612,1.94042,1.89521,2.38152,2.56395,0.27226,0.80959
2026-01-17 17:00:00,1.94281,0,0.07825,0.04242,0.027,0.007,0.01,0.011,0.05001,0.224,0.52069,1.23663,0.00655,1.12012,1.8612,0.00149,0.00709,0.00862,0,0.00536,0.00001,1.89021,0.6938,0.18532,0.45774,0.028,2.06031,0.3438,0.08623,0.18752,0.55206,1.62631,0.31103,0.27785,0.00236,2.56395,0.05354,1.12012,0.3438,0.31103,0.27785,1.8612,1.94042,1.89021,2.37823,2.56395,0.271,0.8074
2026-01-17 18:00:00,1.9431,0,0.07122,0.04242,0.027,0.007,0.01,0.01,0.04808,0.22669,0.51261,1.23156,0.00655,1.12613,1.8612,0.00149,0.00708,0.00861,0,0.00889,0.00001,1.88621,0.67457,0.19515,0.42762,0.029,2.05407,0.3438,0.0845,0.19735,0.54206,1.67876,0.31103,0.27785,0.00236,2.56395,0.05337,1.12613,0.3438,0.31103,0.27785,1.8612,1.94042,1.88621,2.37493,2.56395,0.27001,0.80595
2026-01-17 19:00:00,1.94292,0,0.07125,0.04242,0.027,0.007,0.01,0.01,0.04808,0.22669,0.51261,1.22451,0.00655,1.12613,1.85695,0.00149,0.00707,0.00858,0,0,0.00001,1.89021,0.63523,0.19539,0.30306,0.03,2.04475,0.3438,0.08727,0.20227,0.53806,1.67882,0.31103,0.27785,0.00236,2.55585,0.05321,1.12613,0.3438,0.31103,0.27785,1.85695,1.93561,1.89021,2.3717,2.55585,0.26927,0.80491
2026-01-17 20:00:00,1.84783,0,0.07125,0.04242,0.027,0.007,0.01,0.01,0.04808,0.2321,0.5086,1.22215,0.00655,1.12012,1.85695,0.00149,0.00706,0.0085,0,-0.00889,0.00001,1.88621,0.59684,0.19453,0.31418,0.031,2.03543,0.3438,0.08828,0.21395,0.53506,1.67913,0.31103,0.27634,0.00236,2.55585,0.05304,1.12012,0.3438,0.31103,0.27634,1.85695,1.94042,1.88621,2.36861,2.55585,0.26884,0.80413
2026-01-17 21:00:00,1.68974,0,0.07122,0.05051,0.027,0.007,0.01,0.01,0.04808,0.2321,0.51261,1.22102,0.00655,1.12313,1.85271,0.00149,0.00705,0.00857,0,-0.00889,0.00001,1.88121,0.59715,0.20383,0.43199,0.03,2.02612,0.34637,0.0862,0.20842,0.53506,1.6793,0.31103,0.27634,0.00236,2.55585,0.05288,1.12313,0.34637,0.31103,0.27634,1.85271,1.94042,1.88121,2.36566,2.55585,0.26827,0.80352
2026-01-17 22:00:00,1.62657,0,0.06421,0.04951,0.026,0.006,0.01,0.01,0.05001,0.23759,0.5086,1.21862,0.00655,1.11712,1.85695,0.00149,0.00703,0.00856,0,-0.00712,0.00001,1.88121,0.59724,0.21326,0.41104,0.032,2.0168,0.34637,0.08719,0.19367,0.53506,1.67915,0.31103,0.27634,0.00236,2.55585,0.05272,1.11712,0.34637,0.31103,0.27634,1.85695,1.9308,1.88121,2.36276,2.55585,0.26736,0.80303
2026-01-17 23:00:00,1.62688,0,0.06424,0.05659,0.026,0.006,0.01,0.01,0.04808,0.2321,0.5046,1.21762,0.00655,1.12613,1.85271,0.00149,0.00702,0.00855,0,-0.00889,0.00001,1.88121,0.57777,0.20368,0.31351,0.033,2.00748,0.34895,0.08783,0.18385,0.54206,1.67887,0.31103,0.27634,0.00236,2.55585,0.05255,1.12613,0.34895,0.31103,0.27634,1.85271,1.93561,1.88121,2.35992,2.55585,0.26631,0.80264
2026-01-18 00:00:00,1.62674,0,0.07128,0.06467,0.026,0.006,0.01,0.01,0.04808,0.22939,0.5086,1.21851,0.00655,1.12613,1.85695,0.00139,0.00701,0.00853,0,-0.00889,0.00001,1.88121,0.53981,0.18405,0.3192,0.033,1.99815,0.34895,0.08753,0.18017,0.53106,1.67876,0.31103,0.27634,0.00236,2.55585,0.05239,1.12613,0.34895,0.31103,0.27634,1.85695,1.93561,1.88121,2.35722,2.55585,0.26549,0.80231
2026-01-18 01:00:00,1.56331,0,0.07125,0.06467,0.025,0.006,0.01,0.01,0.04808,0.2321,0.5086,1.21877,0.00655,1.12613,1.85271,0.00139,0.007,0.00852,0,-0.00709,0.00001,1.87721,0.53981,0.19277,0.41027,0.033,1.99835,0.34895,0.08868,0.17831,0.53106,1.67849,0.31103,0.27634,0.00236,2.54777,0.05223,1.12613,0.34895,0.31103,0.27634,1.85271,1.9308,1.87721,2.35463,2.54777,0.26496,0.80203
2026-01-18 02:00:00,1.59511,0,0.07128,0.06567,0.024,0.006,0.01,0.01,0.04808,0.2321,0.51261,1.21455,0.00655,1.12613,1.85271,0.00129,0.00699,0.00851,0,0,0.00001,1.87721,0.53971,0.21123,0.3966,0.033,1.99855,0.34895,0.08863,0.18078,0.53806,1.67847,0.30703,0.27634,0.00215,2.54777,0.05207,1.12613,0.34895,0.30703,0.27634,1.85271,1.9308,1.87721,2.3522,2.54777,0.26474,0.80179
2026-01-18 03:00:00,1.72155,0,0.07133,0.07476,0.024,0.006,0.01,0.01,0.04808,0.23759,0.5046,1.21245,0.00655,1.12613,1.85271,0.00129,0.00698,0.00849,0,0.01062,0.00001,1.87721,0.52009,0.21103,0.33079,0.033,1.99875,0.34895,0.08936,0.18202,0.52106,1.67847,0.31103,0.27634,0.00215,2.5397,0.05191,1.12613,0.34895,0.31103,0.27634,1.85271,1.9308,1.87721,2.34992,2.5397,0.26454,0.80158
2026-01-18 04:00:00,1.78519,0,0.07834,0.07476,0.024,0.006,0.01,0.01,0.04808,0.23484,0.5086,1.21232,0.00633,1.12313,1.85695,0.00129,0.00696,0.0085,0,0.01419,0.00001,1.88121,0.53988,0.21123,0.3927,0.033,1.99895,0.35153,0.09003,0.19247,0.53106,1.67852,0.31103,0.27483,0.00215,2.5397,0.05175,1.12313,0.35153,0.31103,0.27483,1.85695,1.9308,1.88121,2.34766,2.5397,0.26444,0.8014
2026-01-18 05:00:00,1.81653,0,0.08531,0.05859,0.024,0.006,0.01,0.01,0.04622,0.23484,0.5086,1.21257,0.00633,1.12313,1.85271,0.00129,0.00695,0.00857,0,0.02128,0.00001,1.87721,0.57915,0.20135,0.49393,0.032,1.99915,0.34895,0.0914,0.2023,0.52406,1.67866,0.31103,0.27634,0.00215,2.5397,0.05159,1.12313,0.34895,0.31103,0.27634,1.85271,1.92598,1.87721,2.34543,2.5397,0.26444,0.80124
2026-01-18 06:00:00,1.84785,0,0.07825,0.05051,0.024,0.006,0.01,0.01,0.04622,0.23759,0.5086,1.20968,0.00633,1.13013,1.85271,0.00119,0.00694,0.00856,0,0.02248,0.00001,1.87721,0.637,0.20012,0.4793,0.032,1.99935,0.35153,0.08934,0.2035,0.53506,1.67876,0.31103,0.27483,0.00215,2.5397,0.05143,1.13013,0.35153,0.31103,0.27483,1.85271,1.9308,1.87721,2.34327,2.5397,0.26441,0.80109
2026-01-18 07:00:00,1.94311,0,0.07128,0.05051,0.024,0.006,0.01,0.01,0.04622,0.23759,0.51261,1.20548,0.00633,1.12313,1.85271,0.00129,0.00693,0.00855,0,0.01778,0.00001,1.87721,0.63769,0.20841,0.38749,0.032,2.00058,0.34895,0.08828,0.18626,0.53506,1.67527,0.31103,0.27483,0.00236,2.53164,0.05127,1.12313,0.34895,0.31103,0.27483,1.85271,1.9308,1.87721,2.34121,2.53164,0.26439,0.80096
2026-01-18 08:00:00,2.03806,0,0.07128,0.05759,0.024,0.006,0.01,0.01,0.04622,0.23484,0.51664,1.20346,0.00633,1.12613,1.84847,0.00119,0.00692,0.00853,0,0.01307,0.00001,1.87221,0.6753,0.20759,0.38369,0.031,2.00179,0.34895,0.08934,0.16901,0.54206,1.67178,0.31103,0.27483,0.00236,2.53164,0.05112,1.12613,0.34895,0.31103,0.27483,1.84847,1.92598,1.87221,2.33918,2.53164,0.26434,0.80085
2026-01-18 09:00:00,2.07004,0,0.07122,0.05659,0.011,0.006,0.009,0.01,0.04622,0.23759,0.51261,1.20016,0.00633,1.13013,1.84847,0.00129,0.00691,0.00852,0,0.00715,0.00001,1.87721,0.69453,0.1977,0.46688,0.031,2.00301,0.34895,0.08964,0.17393,0.54206,1.66823,0.31103,0.27483,0.00215,2.5236,0.05096,1.13013,0.34895,0.31103,0.27483,1.84847,1.9308,1.87721,2.33719,2.5236,0.26423,0.80075
2026-01-18 10:00:00,2.13256,0,0.07122,0.04851,0.024,0.006,0.009,0.01,0.04622,0.23484,0.51664,1.19816,0.00633,1.12313,1.84423,0.00129,0.00689,0.00851,0,0.00359,0.00001,1.87221,0.63683,0.18781,0.41018,0.031,2.00424,0.34895,0.08899,0.15053,0.54206,1.6645,0.31103,0.27483,0.00215,2.5236,0.0508,1.12313,0.34895,0.31103,0.27483,1.84423,1.92598,1.87221,2.33523,2.5236,0.26392,0.80065
2026-01-18 11:00:00,2.1311,0,0.06421,0.05659,0.024,0.006,0.009,0.01,0.04622,0.24035,0.52069,1.19802,0.00633,1.12613,1.84847,0.00119,0.00688,0.00848,0,-0.0035,0.00001,1.87221,0.67477,0.19704,0.2973,0.031,2.00546,0.34895,0.08763,0.14067,0.54506,1.6607,0.31103,0.27483,0.00215,2.5236,0.05065,1.12613,0.34895,0.31103,0.27483,1.84847,1.9308,1.87221,2.33323,2.5236,0.2635,0.80057
2026-01-18 12:00:00,2.11427,0,0.06424,0.05659,0.024,0.006,0.009,0.01,0.04622,0.23759,0.52069,1.19504,0.00655,1.12012,1.84847,0.00129,0.00687,0.00839,0,-0.00471,0.00001,1.87221,0.69331,0.21627,0.32877,0.031,2.00669,0.34895,0.08518,0.15053,0.53806,1.65697,0.31103,0.27483,0.00215,2.51556,0.05049,1.12012,0.34895,0.31103,0.27483,1.84847,1.92598,1.87221,2.33129,2.51556,0.26319,0.79523
2026-01-18 13:00:00,2.08895,0,0.07125,0.04851,0.024,0.006,0.009,0.01,0.04622,0.23484,0.52069,1.19157,0.00655,1.12613,1.84423,0.00129,0.00686,0.00836,0,0,0.00001,1.87221,0.61621,0.20773,0.43815,0.031,2.0001,0.34895,0.08515,0.16472,0.54506,1.65135,0.31103,0.27483,0.00215,2.5236,0.05034,1.12613,0.34895,0.31103,0.27483,1.84423,1.92598,1.87221,2.32941,2.5236,0.26287,0.78029
2026-01-18 14:00:00,2.06363,0,0.06421,0.04142,0.024,0.006,0.009,0.01,0.04622,0.23484,0.52069,1.19134,0.00655,1.12313,1.84847,0.00129,0.00685,0.00826,0,0.00294,0.00001,1.87221,0.57872,0.17965,0.44896,0.03,1.99351,0.34895,0.08449,0.18011,0.53506,1.64575,0.31504,0.27483,0.00215,2.51556,0.05018,1.12313,0.34895,0.31504,0.27483,1.84847,1.92118,1.87221,2.32758,2.51556,0.26257,0.76656
2026-01-18 15:00:00,2.03831,0,0.05721,0.04242,0.024,0.006,0.009,0.01,0.04622,0.23484,0.51664,1.19016,0.00633,1.12313,1.84423,0.00129,0.00684,0.00825,0,-0.00177,0.00001,1.87221,0.61763,0.18789,0.32636,0.03,1.98692,0.34895,0.08455,0.17702,0.54206,1.63996,0.31103,0.27483,0.00215,2.51556,0.05003,1.12313,0.34895,0.31103,0.27483,1.84423,1.92118,1.87221,2.32581,2.51556,0.26208,0.76198
2026-01-18 16:00:00,2.01299,0,0.05721,0.05051,0.024,0.006,0.009,0.01,0.04622,0.2321,0.51261,1.18719,0.00633,1.12613,1.83998,0.00129,0.00682,0.00824,0,-0.00353,0.00001,1.87221,0.63696,0.19643,0.32697,0.03,1.98033,0.34637,0.08382,0.18749,0.54906,1.63358,0.31103,0.27483,0.00215,2.51556,0.04988,1.12613,0.34637,0.31103,0.27483,1.83998,1.92118,1.87221,2.32408,2.51556,0.26101,0.75969
2026-01-18 17:00:00,1.98767,0,0.06427,0.05051,0.024,0.006,0.009,0.01,0.04443,0.2321,0.51261,1.18385,0.00633,1.12613,1.83998,0.00129,0.00681,0.00821,0,-0.00709,0.00001,1.86721,0.55978,0.19587,0.43718,0.029,1.97373,0.34637,0.08524,0.1678,0.53806,1.62696,0.31103,0.27483,0.00215,2.51556,0.04972,1.12613,0.34637,0.31103,0.27483,1.83998,1.92118,1.86721,2.32241,2.51556,0.25968,0.75832
2026-01-18 18:00:00,1.96235,0,0.0643,0.05051,0.024,0.006,0.009,0.01,0.04443,0.22939,0.51664,1.17882,0.00633,1.12012,1.84423,0.00139,0.0068,0.00814,0,-0.01772,0.00001,1.87221,0.54129,0.18587,0.43138,0.029,1.96714,0.34895,0.08596,0.15056,0.53506,1.62062,0.31103,0.27333,0.00215,2.51556,0.04957,1.12012,0.34895,0.31103,0.27333,1.84423,1.92118,1.87221,2.3208,2.51556,0.25865,0.7574
2026-01-18 19:00:00,1.93892,0,0.05727,0.05859,0.023,0.006,0.009,0.01,0.04443,0.22669,0.51664,1.17312,0.00633,1.12012,1.83998,0.00139,0.00679,0.00819,0,-0.01772,0.00001,1.86721,0.57995,0.16653,0.32196,0.029,1.95811,0.34895,0.08691,0.15547,0.53806,1.61606,0.31103,0.27333,0.00215,2.51556,0.04942,1.12012,0.34895,0.31103,0.27333,1.83998,1.92118,1.86721,2.31913,2.51556,0.25785,0.75675
2026-01-18 20:00:00,1.9155,0,0.06427,0.05759,0.023,0.006,0.009,0.01,0.04443,0.22939,0.51261,1.17039,0.00633,1.13313,1.84423,0.00139,0.00678,0.00811,0,-0.00533,0.00001,1.87221,0.58005,0.17572,0.29394,0.028,1.94908,0.34895,0.0824,0.16348,0.53106,1.61181,0.31103,0.27333,0.00236,2.51556,0.04927,1.13313,0.34895,0.31103,0.27333,1.84423,1.91639,1.87221,2.31739,2.51556,0.25738,0.75626
2026-01-18 21:00:00,1.89207,0,0.06424,0.04851,0.023,0.006,0.009,0.01,0.04443,0.2321,0.51261,1.1717,0.00633,1.13013,1.83998,0.00139,0.00677,0.00818,0,0.00177,0.00001,1.86721,0.56064,0.20418,0.38186,0.027,1.94004,0.34895,0.08172,0.1721,0.52806,1.60742,0.31103,0.27333,0.00236,2.51556,0.04912,1.13013,0.34895,0.31103,0.27333,1.83998,1.91639,1.86721,2.31577,2.51556,0.25675,0.75588
2026-01-18 22:00:00,1.86864,0,0.05721,0.04851,0.023,0.006,0.009,0.01,0.04443,0.2321,0.5086,1.1739,0.00633,1.13313,1.84423,0.00139,0.00676,0.00815,0,-0.00356,0.00001,1.86721,0.5983,0.24208,0.39329,0.026,1.93101,0.34895,0.08248,0.16963,0.52406,1.60262,0.30703,0.27333,0.00236,2.51556,0.04897,1.13313,0.34895,0.30703,0.27333,1.84423,1.9116,1.86721,2.31422,2.51556,0.25571,0.75557
2026-01-18 23:00:00,1.84522,0,0.05721,0.04851,0.023,0.006,0.009,0.01,0.04443,0.22669,0.5046,1.17308,0.00633,1.13013,1.83998,0.00139,0.00675,0.00808,0,-0.00356,0.00001,1.86721,0.59834,0.25164,0.26031,0.026,1.92198,0.34895,0.0814,0.21825,0.52806,1.59765,0.30703,0.27333,0.00215,2.51556,0.04882,1.13013,0.34895,0.30703,0.27333,1.83998,1.9116,1.86721,2.31272,2.51556,0.25451,0.75532
2026-01-19 00:00:00,1.83867,0,0.06421,0.04851,0.023,0.006,0.009,0.01,0.04443,0.22939,0.5086,1.17166,0.00633,1.13013,1.83998,0.00129,0.00674,0.00815,0,0.00709,0.00001,1.86321,0.55907,0.26261,0.19723,0.026,1.91295,0.34895,0.08109,0.22378,0.52406,1.59295,0.30703,0.27333,0.00236,2.50753,0.04867,1.13013,0.34895,0.30703,0.27333,1.83998,1.9116,1.86321,2.31125,2.50753,0.25357,0.75511
2026-01-19 01:00:00,1.84573,0,0.07122,0.04951,0.011,0.006,0.009,0.01,0.04443,0.2321,0.5086,1.1695,0.00633,1.13313,1.83998,0.00129,0.00673,0.00814,0,0.01065,0.00001,1.86321,0.57831,0.30337,0.29038,0.025,1.91093,0.34637,0.08287,0.19977,0.53806,1.59552,0.31103,0.27333,0.00236,2.50753,0.04852,1.13313,0.34637,0.31103,0.27333,1.83998,1.91639,1.86321,2.30982,2.50753,0.25295,0.75494
2026-01-19 02:00:00,1.85279,0,0.07122,0.05051,0.023,0.006,0.009,0.01,0.0427,0.23484,0.49666,1.16488,0.00633,1.13313,1.84423,0.00129,0.00672,0.00812,0,0.00712,0.00001,1.86321,0.57798,0.34476,0.31322,0.025,1.9089,0.34637,0.08317,0.20592,0.52806,1.59845,0.31103,0.27183,0.00215,2.50753,0.04838,1.13313,0.34637,0.31103,0.27183,1.84423,1.9116,1.86321,2.3084,2.50753,0.25268,0.75479
2026-01-19 03:00:00,1.85985,0,0.07655,0.04242,0.023,0.006,0.009,0.01,0.04443,0.2321,0.5086,1.16287,0.00633,1.13013,1.83998,0.00119,0.00671,0.00811,0,0.00356,0.00001,1.86321,0.55852,0.349,0.21379,0.025,1.90689,0.34637,0.08182,0.18808,0.53106,1.60136,0.31103,0.27333,0.00215,2.50753,0.04823,1.13013,0.34637,0.31103,0.27333,1.83998,1.9116,1.86321,2.30697,2.50753,0.2524,0.75466
2026-01-19 04:00:00,1.86691,0,0.08014,0.0412,0.023,0.006,0.009,0.01,0.0427,0.2321,0.5086,1.16294,0.00633,1.13313,1.83998,0.00119,0.00669,0.0081,0,0.00709,0.00001,1.86321,0.54077,0.33423,0.19131,0.025,1.90487,0.3438,0.08182,0.18808,0.53106,1.60432,0.31103,0.27183,0.00215,2.50753,0.04808,1.13313,0.3438,0.31103,0.27183,1.83998,1.9116,1.86321,2.30546,2.50753,0.25217,0.75454
2026-01-19 05:00:00,1.87397,0,0.07654,0.03938,0.022,0.006,0.009,0.01,0.0427,0.23484,0.5086,1.15703,0.00633,1.13313,1.83998,0.00119,0.00668,0.00811,0,0.01065,0.00001,1.86321,0.57921,0.3478,0.29433,0.024,1.90285,0.3438,0.08282,0.17022,0.52806,1.60736,0.31103,0.27183,0.00215,2.50753,0.04794,1.13313,0.3438,0.31103,0.27183,1.83998,1.90682,1.86321,2.30387,2.50753,0.25201,0.75444
2026-01-19 06:00:00,1.88103,0,0.07301,0.02725,0.02201,0.006,0.00885,0.01,0.0427,0.23484,0.51261,1.15471,0.00633,1.13613,1.84423,0.00119,0.00667,0.00818,0,0.00356,0.00001,1.85821,0.55898,0.3593,0.3327,0.024,1.90083,0.3438,0.08218,0.15915,0.52406,1.61042,0.31103,0.27183,0.00215,2.50753,0.04779,1.13613,0.3438,0.31103,0.27183,1.84423,1.90682,1.85821,2.3023,2.50753,0.25187,0.75435
2026-01-19 07:00:00,1.88084,0,0.07131,0.02575,0.02201,0.006,0.00883,0.01,0.0427,0.23759,0.51261,1.15745,0.00633,1.13013,1.83998,0.00119,0.00666,0.00817,0,0,0.00001,1.85821,0.55962,0.36092,0.22153,0.024,1.89973,0.3438,0.08183,0.16472,0.52406,1.60786,0.31103,0.27183,0.00215,2.50753,0.04764,1.13013,0.3438,0.31103,0.27183,1.83998,1.90682,1.85821,2.30069,2.50753,0.25177,0.75427
2026-01-19 08:00:00,1.88064,0,0.07134,0.03638,0.02201,0.006,0.00881,0.01,0.0427,0.23484,0.51261,1.15595,0.00633,1.13613,1.83998,0.00119,0.00665,0.00816,0,-0.00356,0.00001,1.85821,0.5989,0.34409,0.16201,0.024,1.89863,0.3438,0.08147,0.14073,0.53106,1.60531,0.31103,0.27183,0.00215,2.50753,0.0475,1.13613,0.3438,0.31103,0.27183,1.83998,1.90682,1.85821,2.29907,2.50753,0.25169,0.7542
2026-01-19 09:00:00,1.88044,0,0.07307,0.04851,0.022,0.006,0.009,0.01,0.0427,0.2321,0.51261,1.15512,0.00633,1.13313,1.83998,0.00119,0.00664,0.00815,0,-0.00003,0.00001,1.85321,0.61737,0.32585,0.22537,0.024,1.89754,0.3438,0.08217,0.14688,0.52806,1.60272,0.31103,0.27183,0.00215,2.49952,0.04736,1.13313,0.3438,0.31103,0.27183,1.83998,1.90682,1.85321,2.29747,2.49952,0.25156,0.75413
2026-01-19 10:00:00,1.88025,0,0.06823,0.04636,0.022,0.006,0.009,0.01,0.04104,0.23484,0.51261,1.1544,0.00655,1.13313,1.83998,0.00119,0.00662,0.00814,0,0.00316,0.00001,1.85321,0.60865,0.22214,0.34176,0.023,1.89643,0.34124,0.08182,0.15432,0.52406,1.59996,0.31103,0.27183,0.00215,2.49952,0.04721,1.13313,0.34124,0.31103,0.27183,1.83998,1.90682,1.85321,2.29592,2.49952,0.25127,0.75407
2026-01-19 11:00:00,1.88005,0,0.06341,0.04419,0.022,0.006,0.009,0.01,0.04104,0.22939,0.51261,1.15209,0.00677,1.13313,1.83998,0.00119,0.00661,0.00811,0,0.00637,0.00001,1.85821,0.5979,0.22254,0.33895,0.023,1.89533,0.34124,0.08147,0.16178,0.52406,1.59713,0.31103,0.27183,0.00215,2.49952,0.04706,1.13313,0.34124,0.31103,0.27183,1.83998,1.90682,1.85821,2.29439,2.49952,0.2509,0.75402
2026-01-19 12:00:00,1.87986,0,0.05857,0.04203,0.022,0.006,0.009,0.01,0.04104,0.2321,0.52069,1.14947,0.00677,1.13313,1.83998,0.00119,0.0066,0.00802,0,0.00634,0.00001,1.85321,0.59712,0.22293,0.33614,0.023,1.89423,0.34124,0.08039,0.16922,0.53106,1.59438,0.31103,0.27183,0.00215,2.49952,0.04692,1.13313,0.34124,0.31103,0.27183,1.83998,1.90682,1.85321,2.29287,2.49952,0.25061,0.75163
2026-01-19 13:00:00,1.87274,0,0.05848,0.03989,0.022,0.006,0.009,0.01,0.04104,0.2321,0.51261,1.1468,0.00655,1.13613,1.83575,0.00119,0.00659,0.00801,0,0.00631,0.00001,1.85321,0.59538,0.22205,0.33362,0.023,1.88764,0.34124,0.07982,0.16709,0.52806,1.58939,0.31103,0.27183,0.00215,2.49152,0.04678,1.13613,0.34124,0.31103,0.27183,1.83575,1.90682,1.85321,2.2913,2.49152,0.25033,0.7464
2026-01-19 14:00:00,1.86561,0,0.05838,0.03983,0.02191,0.00615,0.00872,0.00997,0.04098,0.23195,0.51261,1.14414,0.00655,1.13613,1.83567,0.00117,0.00658,0.00797,0,0.00629,0,1.85321,0.59296,0.22118,0.3311,0.023,1.88105,0.34124,0.07926,0.16396,0.53106,1.58443,0.3108,0.27166,0.00214,2.48981,0.04664,1.13613,0.34124,0.3108,0.27166,1.83567,1.90659,1.85321,2.28968,2.48981,0.25007,0.73252
2026-01-19 15:00:00,1.85849,0,0.05828,0.03978,0.02181,0.00629,0.0087,0.00996,0.04093,0.23169,0.51109,1.14471,0.00654,1.13644,1.83569,0.00117,0.00657,0.00788,0,0.00626,0,1.85311,0.59006,0.2203,0.32858,0.0234,1.87368,0.34104,0.07871,0.16374,0.53037,1.57931,0.31057,0.27164,0.00214,2.48811,0.0465,1.13644,0.34104,0.31057,0.27164,1.83569,1.90633,1.85311,2.28813,2.48811,0.24964,0.72789
2026-01-19 16:00:00,1.85137,0,0.05817,0.03971,0.02172,0.00642,0.00869,0.00993,0.04089,0.23172,0.51055,1.14271,0.00653,1.13692,1.83573,0.00115,0.00656,0.00787,0,0.00623,0,1.85304,0.58665,0.21942,0.32606,0.02382,1.8663,0.3409,0.07814,0.16286,0.52857,1.57366,0.31054,0.27165,0.00213,2.48641,0.04635,1.13692,0.3409,0.31054,0.27165,1.83573,1.90592,1.85304,2.28662,2.48641,0.24871,0.72557
2026-01-19 17:00:00,1.84424,0,0.05806,0.0396,0.02163,0.00655,0.00867,0.00992,0.04085,0.23047,0.50925,1.13697,0.00652,1.13716,1.83578,0.00114,0.00655,0.00786,0,0.00621,0,1.85293,0.58269,0.21855,0.32354,0.02419,1.85893,0.34084,0.07757,0.16157,0.52697,1.56779,0.31051,0.27168,0.00212,2.48472,0.04621,1.13716,0.34084,0.31051,0.27168,1.83578,1.90539,1.85293,2.28516,2.48472,0.24755,0.72418
2026-01-19 18:00:00,1.83712,0,0.05796,0.03952,0.02155,0.0067,0.00866,0.0099,0.0408,0.23044,0.50854,1.13309,0.00651,1.13737,1.83581,0.00112,0.00654,0.00785,0,0.00618,0,1.85279,0.57837,0.21767,0.32102,0.02457,1.85156,0.34086,0.07701,0.16013,0.52581,1.56219,0.31048,0.27169,0.00211,2.48306,0.04607,1.13737,0.34086,0.31048,0.27169,1.83581,1.90487,1.85279,2.28376,2.48306,0.24665,0.72326
2026-01-19 19:00:00,1.83098,0,0.05786,0.03945,0.02147,0.00684,0.00864,0.00989,0.04074,0.23038,0.50781,1.13022,0.0065,1.13778,1.83585,0.00111,0.00653,0.00784,0,0.00616,0,1.85257,0.57379,0.21664,0.3195,0.02446,1.84291,0.34091,0.07641,0.15912,0.52505,1.55724,0.31045,0.27171,0.0021,2.48143,0.04593,1.13778,0.34091,0.31045,0.27171,1.83585,1.90437,1.85257,2.28239,2.48143,0.24595,0.72259
2026-01-19 20:00:00,1.82484,0,0.05777,0.03939,0.02138,0.00684,0.00862,0.00987,0.04068,0.22908,0.50622,1.12861,0.00649,1.13815,1.83588,0.0011,0.00652,0.00782,0,0.00613,0,1.85228,0.56903,0.21561,0.31797,0.0243,1.83426,0.34097,0.07581,0.15802,0.52471,1.55253,0.31042,0.27172,0.00209,2.47985,0.04579,1.13815,0.34097,0.31042,0.27172,1.83588,1.90393,1.85228,2.28108,2.47985,0.24551,0.7221
2026-01-19 21:00:00,1.8187,0,0.05767,0.03933,0.02129,0.00683,0.00861,0.00986,0.04061,0.22899,0.50528,1.12732,0.00649,1.13828,1.83592,0.00109,0.00651,0.00781,0,0.0061,0,1.85195,0.56418,0.21458,0.31644,0.02417,1.82561,0.34098,0.07521,0.15686,0.52348,1.54766,0.31039,0.27173,0.00209,2.4783,0.04566,1.13828,0.34098,0.31039,0.27173,1.83592,1.90355,1.85195,2.2798,2.4783,0.2449,0.72171
2026-01-19 22:00:00,1.81256,0,0.05756,0.03926,0.0212,0.0068,0.00859,0.00984,0.04052,0.2289,0.50448,1.12639,0.00648,1.13817,1.83594,0.00108,0.00649,0.0078,0,0.00608,0,1.85158,0.56008,0.21355,0.31492,0.02405,1.81697,0.34095,0.0746,0.15571,0.52176,1.54232,0.31036,0.27174,0.00208,2.47679,0.04552,1.13817,0.34095,0.31036,0.27174,1.83594,1.90321,1.85158,2.27859,2.47679,0.24384,0.7214
2026-01-19 23:00:00,1.80642,0,0.05745,0.03915,0.02111,0.00679,0.00858,0.00983,0.04043,0.2288,0.50356,1.12519,0.00647,1.13807,1.83591,0.00107,0.00648,0.00779,0,0.00606,0,1.85123,0.55731,0.21252,0.31339,0.02395,1.80832,0.34091,0.074,0.1545,0.5205,1.53682,0.31033,0.27176,0.00207,2.47533,0.04538,1.13807,0.34091,0.31033,0.27176,1.83591,1.90292,1.85123,2.2774,2.47533,0.24261,0.72115
2026-01-20 00:00:00,1.80028,0,0.05735,0.03906,0.02104,0.00678,0.00856,0.00981,0.04032,0.22991,0.50328,1.12386,0.00647,1.13797,1.83584,0.00106,0.00647,0.00778,0,0.00603,0,1.85087,0.55547,0.21149,0.31187,0.02386,1.79967,0.34082,0.0734,0.15333,0.51981,1.53159,0.3103,0.27177,0.00206,2.47392,0.04524,1.13797,0.34082,0.3103,0.27177,1.83584,1.90266,1.85087,2.27626,2.47392,0.24164,0.72094
2026-01-20 01:00:00,1.80429,0,0.05726,0.03899,0.02096,0.00678,0.00854,0.0098,0.04022,0.23016,0.50266,1.12233,0.00645,1.13783,1.83572,0.00104,0.00646,0.00777,0,0.006,0,1.85055,0.55425,0.21146,0.31345,0.02378,1.8005,0.34073,0.07355,0.1541,0.51926,1.53228,0.31027,0.27178,0.00205,2.47255,0.04511,1.13783,0.34073,0.31027,0.27178,1.83572,1.90243,1.85055,2.27515,2.47255,0.24098,0.72076
2026-01-20 02:00:00,1.8083,0,0.05716,0.03893,0.02088,0.00677,0.00853,0.00977,0.04012,0.23188,0.50321,1.12021,0.00644,1.13765,1.83556,0.00104,0.00645,0.00774,0,0.00598,0,1.85025,0.55348,0.21144,0.31502,0.02371,1.80133,0.34063,0.0737,0.15511,0.51891,1.53332,0.31025,0.27179,0.00205,2.47123,0.04497,1.13765,0.34063,0.31025,0.27179,1.83556,1.90224,1.85025,2.27407,2.47123,0.24066,0.72061
2026-01-20 03:00:00,1.81231,0,0.05707,0.03888,0.0208,0.00676,0.00851,0.00976,0.04003,0.23266,0.5036,1.11809,0.00644,1.1374,1.83535,0.00102,0.00644,0.00773,0,0.00595,0,1.84997,0.55302,0.21142,0.3166,0.02365,1.80215,0.3404,0.07385,0.1563,0.51842,1.53432,0.31022,0.27179,0.00204,2.46995,0.04484,1.1374,0.3404,0.31022,0.27179,1.83535,1.90205,1.84997,2.273,2.46995,0.24031,0.72048
2026-01-20 04:00:00,1.81632,0,0.05697,0.03881,0.02072,0.00675,0.0085,0.00973,0.03995,0.23419,0.50478,1.11607,0.00642,1.13712,1.8351,0.001,0.00643,0.0077,0,0.00592,0,1.84974,0.55319,0.21139,0.31818,0.02359,1.80298,0.34017,0.07401,0.15754,0.51784,1.53529,0.31019,0.27178,0.00204,2.46871,0.0447,1.13712,0.34017,0.31019,0.27178,1.8351,1.90188,1.84974,2.27196,2.46871,0.23992,0.72036
2026-01-20 05:00:00,1.82033,0,0.05687,0.0387,0.02064,0.00673,0.00848,0.00971,0.03987,0.23577,0.50633,1.1144,0.00642,1.1368,1.83481,0.001,0.00642,0.00768,0,0.0059,0,1.84952,0.55416,0.21137,0.31975,0.02354,1.80381,0.34006,0.07416,0.15883,0.51723,1.53626,0.31016,0.27176,0.00203,2.4675,0.04457,1.1368,0.34006,0.31016,0.27176,1.83481,1.90172,1.84952,2.27096,2.4675,0.23954,0.72026
2026-01-20 06:00:00,1.82434,0,0.05679,0.03861,0.02056,0.00673,0.00847,0.0097,0.03979,0.2374,0.50825,1.11319,0.00641,1.13649,1.83447,0.00098,0.00641,0.00765,0,0.00587,0,1.84934,0.55569,0.21134,0.32133,0.0235,1.80464,0.33996,0.07431,0.16014,0.51666,1.5373,0.31013,0.27174,0.00202,2.46632,0.04443,1.13649,0.33996,0.31013,0.27174,1.83447,1.90155,1.84934,2.26996,2.46632,0.23923,0.72017
2026-01-20 07:00:00,1.82044,0,0.0567,0.03854,0.02049,0.00673,0.00845,0.00968,0.03972,0.23903,0.51025,1.11182,0.0064,1.13622,1.8341,0.00098,0.0064,0.00763,0,0.00585,0,1.84917,0.55761,0.2114,0.3245,0.02346,1.80722,0.33986,0.07384,0.1592,0.51614,1.53366,0.3101,0.27172,0.00201,2.46517,0.0443,1.13622,0.33986,0.3101,0.27172,1.8341,1.90137,1.84917,2.26899,2.46517,0.23901,0.72009
2026-01-20 08:00:00,1.81653,0,0.05662,0.03848,0.02042,0.00672,0.00843,0.00967,0.03964,0.24003,0.51192,1.1103,0.0064,1.136,1.83369,0.00096,0.00639,0.0076,0,0.00582,0,1.84901,0.5598,0.21146,0.32767,0.02342,1.8098,0.33975,0.07336,0.15803,0.51566,1.53006,0.31008,0.2717,0.002,2.46404,0.04416,1.136,0.33975,0.31008,0.2717,1.83369,1.90119,1.84901,2.26803,2.46404,0.23884,0.72001
2026-01-20 09:00:00,1.81263,0,0.05652,0.03842,0.02034,0.00671,0.00841,0.00965,0.03957,0.2409,0.51353,1.10897,0.00638,1.13576,1.83325,0.00096,0.00638,0.00758,0,0.0058,0,1.84888,0.56212,0.21152,0.33085,0.02339,1.81237,0.33964,0.07289,0.15676,0.51508,1.52639,0.31005,0.27167,0.002,2.46295,0.04403,1.13576,0.33964,0.31005,0.27167,1.83325,1.90098,1.84888,2.26709,2.46295,0.23858,0.71995
2026-01-20 10:00:00,1.80873,0,0.05642,0.03835,0.02026,0.0067,0.0084,0.00964,0.0395,0.24138,0.51493,1.10783,0.00637,1.13551,1.83281,0.00095,0.00636,0.00756,0,0.00578,0,1.84874,0.56341,0.21158,0.33402,0.02324,1.81495,0.33954,0.07242,0.1554,0.51424,1.52246,0.31002,0.27165,0.00199,2.46188,0.0439,1.13551,0.33954,0.31002,0.27165,1.83281,1.90075,1.84874,2.26618,2.46188,0.23807,0.71989
2026-01-20 11:00:00,1.80482,0,0.05632,0.03824,0.02019,0.00668,0.00839,0.00962,0.03942,0.24197,0.51625,1.1066,0.00637,1.13525,1.83236,0.00093,0.00635,0.00754,0,0.00575,0,1.84861,0.56291,0.21164,0.33719,0.02306,1.81753,0.33942,0.07194,0.15401,0.51329,1.5184,0.30999,0.27162,0.00198,2.46082,0.04376,1.13525,0.33942,0.30999,0.27162,1.83236,1.90051,1.84861,2.26529,2.46082,0.23744,0.71983
2026-01-20 12:00:00,1.80092,0,0.05623,0.03815,0.02011,0.00668,0.00837,0.00961,0.03934,0.24271,0.51739,1.10521,0.00636,1.13497,1.83188,0.00093,0.00634,0.00752,0,0.00573,0,1.84846,0.56117,0.2117,0.34036,0.02296,1.82011,0.33927,0.07147,0.15264,0.51244,1.51448,0.30996,0.2716,0.00197,2.45979,0.04363,1.13497,0.33927,0.30996,0.2716,1.83188,1.90025,1.84846,2.26442,2.45979,0.23694,0.71628
2026-01-20 13:00:00,1.7914,0,0.05614,0.03808,0.02004,0.00668,0.00835,0.00959,0.03925,0.24285,0.51809,1.10367,0.00635,1.1347,1.8314,0.00092,0.00633,0.00749,0,0.00571,0,1.84831,0.55857,0.21077,0.34155,0.02293,1.81551,0.33912,0.07067,0.15101,0.51166,1.50872,0.30994,0.27157,0.00196,2.45879,0.0435,1.1347,0.33912,0.30994,0.27157,1.8314,1.89997,1.84831,2.26358,2.45879,0.2365,0.70655
2026-01-20 14:00:00,1.78187,0,0.05605,0.03802,0.01997,0.00667,0.00833,0.00957,0.03917,0.24225,0.51825,1.10198,0.00634,1.13442,1.8309,0.00091,0.00632,0.00748,0,0.00568,0,1.84814,0.55538,0.20984,0.34274,0.02295,1.8109,0.33897,0.06988,0.14928,0.51098,1.50305,0.30991,0.27156,0.00195,2.45781,0.04337,1.13442,0.33897,0.30991,0.27156,1.8309,1.89967,1.84814,2.26276,2.45781,0.23615,0.69863
2026-01-20 15:00:00,1.77235,0,0.05596,0.03797,0.01989,0.00667,0.00832,0.00955,0.03909,0.24141,0.51824,1.10014,0.00634,1.13416,1.83039,0.0009,0.00631,0.00745,0,0.00565,0,1.84796,0.55177,0.20891,0.34393,0.02297,1.8063,0.33884,0.06908,0.14748,0.51042,1.49715,0.30988,0.27153,0.00195,2.45684,0.04324,1.13416,0.33884,0.30988,0.27153,1.83039,1.89935,1.84796,2.26196,2.45684,0.23558,0.69599
2026-01-20 16:00:00,1.76282,0,0.05586,0.0379,0.01982,0.00665,0.00831,0.00954,0.03901,0.2408,0.51815,1.09804,0.00634,1.1339,1.82988,0.0009,0.0063,0.00742,0,0.00563,0,1.84777,0.54788,0.20797,0.34512,0.02297,1.80169,0.3387,0.06828,0.14564,0.50926,1.49068,0.30986,0.2715,0.00194,2.45589,0.04311,1.1339,0.3387,0.30986,0.2715,1.82988,1.899,1.84777,2.26117,2.45589,0.23443,0.69467
2026-01-20 17:00:00,1.75329,0,0.05577,0.03779,0.01975,0.00664,0.00829,0.00951,0.03892,0.23889,0.51691,1.09548,0.00633,1.13365,1.82934,0.00088,0.00629,0.00741,0,0.0056,0,1.84756,0.5438,0.20704,0.34631,0.02296,1.79708,0.33859,0.06749,0.14378,0.50783,1.48393,0.30983,0.27148,0.00193,2.45498,0.04298,1.13365,0.33859,0.30983,0.27148,1.82934,1.89865,1.84756,2.26039,2.45498,0.233,0.69388
2026-01-20 18:00:00,1.74377,0,0.05568,0.0377,0.01968,0.00663,0.00828,0.00949,0.03884,0.23815,0.51591,1.09256,0.00632,1.13341,1.82881,0.00087,0.00628,0.00738,0,0.00558,0,1.84734,0.53959,0.20611,0.3475,0.02294,1.79248,0.33847,0.06669,0.14192,0.50673,1.47751,0.3098,0.27144,0.00192,2.45407,0.04285,1.13341,0.33847,0.3098,0.27144,1.82881,1.89827,1.84734,2.25964,2.45407,0.2319,0.69335
2026-01-20 19:00:00,1.73744,0,0.0556,0.03763,0.0196,0.00663,0.00826,0.00948,0.03875,0.23723,0.51466,1.09033,0.00631,1.13319,1.82828,0.00087,0.00627,0.00737,0,0.00556,0,1.84709,0.53529,0.20513,0.34665,0.02292,1.78601,0.33836,0.0663,0.14251,0.5059,1.47468,0.30978,0.27143,0.00191,2.45318,0.04272,1.13319,0.33836,0.30978,0.27143,1.82828,1.89788,1.84709,2.2589,2.45318,0.23106,0.69297
2026-01-20 20:00:00,1.73111,0,0.05552,0.03757,0.01953,0.00662,0.00824,0.00946,0.03867,0.23486,0.51238,1.08872,0.0063,1.13298,1.82776,0.00086,0.00626,0.00733,0,0.00554,0,1.84682,0.53092,0.20415,0.34581,0.02289,1.77954,0.33825,0.06591,0.14326,0.50539,1.47217,0.30975,0.27139,0.00191,2.4523,0.0426,1.13298,0.33825,0.30975,0.27139,1.82776,1.89747,1.84682,2.25817,2.4523,0.23056,0.69269
2026-01-20 21:00:00,1.72478,0,0.05543,0.03751,0.01945,0.00662,0.00822,0.00945,0.03859,0.23357,0.51061,1.08703,0.0063,1.13277,1.82723,0.00086,0.00625,0.00732,0,0.00552,0,1.84654,0.52652,0.20318,0.34496,0.02286,1.77307,0.33813,0.06552,0.14407,0.50473,1.46951,0.30972,0.27138,0.0019,2.45146,0.04247,1.13277,0.33813,0.30972,0.27138,1.82723,1.89705,1.84654,2.25746,2.45146,0.2299,0.69247
2026-01-20 22:00:00,1.71845,0,0.05534,0.03744,0.01938,0.0066,0.00821,0.00943,0.03851,0.2322,0.50886,1.08537,0.00629,1.13259,1.82671,0.00084,0.00623,0.0073,0,0.00549,0,1.84624,0.52294,0.2022,0.34411,0.02282,1.7666,0.33803,0.06512,0.14491,0.50366,1.46644,0.3097,0.27134,0.0019,2.45061,0.04234,1.13259,0.33803,0.3097,0.27134,1.82671,1.89662,1.84624,2.25675,2.45061,0.22883,0.69229
2026-01-20 23:00:00,1.71212,0,0.05525,0.03733,0.01931,0.00659,0.00819,0.00942,0.03843,0.23082,0.50683,1.08323,0.00628,1.13241,1.8262,0.00084,0.00622,0.00727,0,0.00547,0,1.84593,0.52076,0.20122,0.34327,0.02278,1.76013,0.33791,0.06473,0.14579,0.50243,1.46322,0.30967,0.27131,0.00189,2.44978,0.04222,1.13241,0.33791,0.30967,0.27131,1.8262,1.89617,1.84593,2.25605,2.44978,0.2276,0.69215
2026-01-21 00:00:00,1.70579,0,0.05517,0.03724,0.01924,0.00658,0.00818,0.0094,0.03835,0.23056,0.50528,1.08078,0.00628,1.13225,1.82568,0.00083,0.00621,0.00726,0,0.00545,0,1.84559,0.51956,0.20024,0.34242,0.02274,1.75366,0.33781,0.06434,0.14667,0.50147,1.46026,0.30965,0.27129,0.00188,2.44896,0.04209,1.13225,0.33781,0.30965,0.27129,1.82568,1.89571,1.84559,2.25537,2.44896,0.22664,0.69203
2026-01-21 01:00:00,1.70781,0,0.05509,0.03717,0.01917,0.00658,0.00816,0.00939,0.03826,0.22942,0.5033,1.07849,0.00627,1.1321,1.82518,0.00082,0.0062,0.00724,0,0.00543,0,1.84524,0.51903,0.20019,0.34197,0.02269,1.75321,0.33769,0.06489,0.15175,0.50084,1.46582,0.30962,0.27126,0.00187,2.44816,0.04197,1.1321,0.33769,0.30962,0.27126,1.82518,1.89525,1.84524,2.2547,2.44816,0.22601,0.69193
2026-01-21 02:00:00,1.70982,0,0.05502,0.03712,0.0191,0.00657,0.00814,0.00936,0.03818,0.22983,0.50238,1.07614,0.00626,1.13197,1.82469,0.00082,0.00619,0.00722,0,0.00541,0,1.84489,0.51897,0.20015,0.34152,0.02265,1.75275,0.33757,0.06544,0.15719,0.50058,1.47176,0.3096,0.27123,0.00186,2.44736,0.04184,1.13197,0.33757,0.3096,0.27123,1.82469,1.89477,1.84489,2.25403,2.44736,0.22575,0.69184
2026-01-21 03:00:00,1.71184,0,0.05493,0.03708,0.01903,0.00657,0.00813,0.00935,0.0381,0.2293,0.50128,1.07387,0.00624,1.13183,1.82421,0.00081,0.00618,0.0072,0,0.00539,0,1.84451,0.51923,0.20011,0.34107,0.0226,1.7523,0.33744,0.06599,0.16277,0.50032,1.4777,0.30957,0.27121,0.00186,2.44658,0.04172,1.13183,0.33744,0.30957,0.27121,1.82421,1.89429,1.84451,2.25338,2.44658,0.2255,0.69177
2026-01-21 04:00:00,1.71386,0,0.05484,0.03702,0.01896,0.00655,0.00812,0.00933,0.03802,0.22944,0.50087,1.07162,0.00624,1.13172,1.82375,0.0008,0.00617,0.00719,0,0.00536,0,1.84413,0.51989,0.20006,0.34062,0.02255,1.75185,0.33733,0.06654,0.16848,0.50019,1.48376,0.30955,0.27117,0.00185,2.4458,0.04159,1.13172,0.33733,0.30955,0.27117,1.82375,1.89381,1.84413,2.25272,2.4458,0.22537,0.6917
2026-01-21 05:00:00,1.71587,0,0.05476,0.03694,0.0189,0.00654,0.0081,0.00931,0.03793,0.22962,0.50087,1.06963,0.00623,1.13161,1.82329,0.00079,0.00616,0.00716,0,0.00534,0,1.84373,0.521,0.20001,0.34017,0.0225,1.75139,0.33721,0.06709,0.17424,0.50016,1.48993,0.30952,0.27115,0.00185,2.44503,0.04147,1.13161,0.33721,0.30952,0.27115,1.82329,1.89332,1.84373,2.25207,2.44503,0.22534,0.69164
2026-01-21 06:00:00,1.71789,0,0.05467,0.03688,0.01884,0.00653,0.00809,0.00929,0.03784,0.22984,0.50119,1.06805,0.00622,1.13152,1.82284,0.00078,0.00615,0.00714,0,0.00532,0,1.84333,0.52242,0.19997,0.33972,0.02245,1.75094,0.33707,0.06764,0.18003,0.50011,1.49608,0.30949,0.27112,0.00185,2.44428,0.04134,1.13152,0.33707,0.30949,0.27112,1.82284,1.89283,1.84333,2.25143,2.44428,0.22529,0.69159
2026-01-21 07:00:00,1.71817,0,0.0546,0.03683,0.01878,0.00653,0.00807,0.00928,0.03775,0.23021,0.50167,1.06641,0.00622,1.13144,1.82241,0.00078,0.00614,0.00713,0,0.0053,0,1.84292,0.52405,0.20028,0.34049,0.02239,1.75225,0.33695,0.06768,0.17881,0.50012,1.49408,0.30947,0.2711,0.00185,2.44353,0.04122,1.13144,0.33695,0.30947,0.2711,1.82241,1.89235,1.84292,2.25078,2.44353,0.2253,0.69154
2026-01-21 08:00:00,1.71845,0,0.05452,0.03678,0.01871,0.00652,0.00805,0.00926,0.03767,0.23029,0.50194,1.06483,0.00621,1.13135,1.82198,0.00077,0.00613,0.00711,0,0.00528,0,1.8425,0.52584,0.2006,0.34126,0.02234,1.75357,0.33682,0.06773,0.17742,0.50012,1.49208,0.30945,0.27106,0.00185,2.44278,0.04109,1.13135,0.33682,0.30945,0.27106,1.82198,1.89187,1.8425,2.25015,2.44278,0.2253,0.6915
2026-01-21 09:00:00,1.71873,0,0.05444,0.03673,0.01864,0.00652,0.00803,0.00924,0.03759,0.23041,0.50224,1.06348,0.00621,1.13129,1.82157,0.00078,0.00612,0.00709,0,0.00526,0,1.84208,0.52771,0.20091,0.34203,0.02229,1.75488,0.33669,0.06777,0.17593,0.50013,1.49008,0.30942,0.27105,0.00185,2.44203,0.04097,1.13129,0.33669,0.30942,0.27105,1.82157,1.89138,1.84208,2.24952,2.44203,0.22531,0.69146
2026-01-21 10:00:00,1.71901,0,0.05435,0.03666,0.01858,0.0065,0.00802,0.00923,0.03752,0.23026,0.50242,1.06237,0.0062,1.13122,1.82117,0.00077,0.00611,0.00706,0,0.00523,0,1.84165,0.52915,0.20122,0.34279,0.02224,1.75619,0.33655,0.06781,0.1744,0.50013,1.48807,0.3094,0.27101,0.00185,2.4413,0.04085,1.13122,0.33655,0.3094,0.27101,1.82117,1.89091,1.84165,2.24888,2.4413,0.22532,0.69143
2026-01-21 11:00:00,1.71929,0,0.05427,0.03655,0.01851,0.00649,0.008,0.00921,0.03745,0.23026,0.50273,1.06126,0.00619,1.13117,1.82079,0.00077,0.0061,0.00705,0,0.00521,0,1.84123,0.52979,0.20154,0.34356,0.02218,1.75751,0.33641,0.06786,0.17285,0.50013,1.48607,0.30937,0.27098,0.00184,2.44056,0.04072,1.13117,0.33641,0.30937,0.27098,1.82079,1.89043,1.84123,2.24824,2.44056,0.22532,0.6914
2026-01-21 12:00:00,1.71957,0,0.05419,0.03647,0.01845,0.00648,0.00799,0.0092,0.03737,0.23038,0.50303,1.06008,0.00618,1.13112,1.82041,0.00076,0.00609,0.00703,0,0.00519,0,1.8408,0.52989,0.20185,0.34433,0.02213,1.75882,0.33628,0.0679,0.17128,0.50014,1.48408,0.30935,0.27096,0.00183,2.43983,0.0406,1.13112,0.33628,0.30935,0.27096,1.82041,1.88996,1.8408,2.24762,2.43983,0.22533,0.68846
2026-01-21 13:00:00,1.71566,0,0.05411,0.0364,0.01839,0.00648,0.00797,0.00919,0.03731,0.23027,0.50306,1.05885,0.00618,1.13108,1.82005,0.00075,0.00608,0.00701,0,0.00517,0,1.84037,0.52961,0.20152,0.34476,0.02208,1.75667,0.33614,0.0675,0.1699,0.50007,1.48049,0.30932,0.27093,0.00182,2.4391,0.04048,1.13108,0.33614,0.30932,0.27093,1.82005,1.88951,1.84037,2.24698,2.4391,0.22527,0.68056
2026-01-21 14:00:00,1.71175,0,0.05403,0.03635,0.01831,0.00647,0.00795,0.00918,0.03723,0.2298,0.5028,1.05759,0.00617,1.13104,1.81969,0.00075,0.00607,0.007,0,0.00515,0,1.83996,0.52907,0.20119,0.34518,0.02203,1.75451,0.33601,0.06711,0.16835,0.49996,1.47687,0.3093,0.27092,0.00181,2.43838,0.04036,1.13104,0.33601,0.3093,0.27092,1.81969,1.88905,1.83996,2.24635,2.43838,0.22516,0.67604
2026-01-21 15:00:00,1.70784,0,0.05395,0.03631,0.01824,0.00647,0.00794,0.00916,0.03716,0.22937,0.50249,1.05638,0.00616,1.13101,1.81935,0.00074,0.00606,0.00698,0,0.00513,0,1.83953,0.52834,0.20086,0.34561,0.02197,1.75236,0.33587,0.06671,0.16675,0.49973,1.47311,0.30928,0.27088,0.00181,2.43765,0.04024,1.13101,0.33587,0.30928,0.27088,1.81935,1.88861,1.83953,2.24572,2.43765,0.22493,0.67453
2026-01-21 16:00:00,1.70392,0,0.05386,0.03626,0.01817,0.00645,0.00793,0.00915,0.03708,0.22921,0.50225,1.05506,0.00615,1.13099,1.819,0.00074,0.00605,0.00696,0,0.0051,0,1.83912,0.52713,0.20053,0.34604,0.02192,1.7502,0.33574,0.06631,0.16508,0.49916,1.469,0.30925,0.27086,0.0018,2.43692,0.04012,1.13099,0.33574,0.30925,0.27086,1.819,1.88817,1.83912,2.24508,2.43692,0.22436,0.67378
2026-01-21 17:00:00,1.70001,0,0.05378,0.03618,0.01811,0.00644,0.00791,0.00913,0.037,0.22792,0.50114,1.05349,0.00615,1.13096,1.81868,0.00073,0.00604,0.00694,0,0.00508,0,1.83871,0.52523,0.2002,0.34646,0.02187,1.74805,0.3356,0.06592,0.16338,0.49841,1.46475,0.30923,0.27083,0.00179,2.43619,0.04,1.13096,0.3356,0.30923,0.27083,1.81868,1.88774,1.83871,2.24446,2.43619,0.22362,0.67333
2026-01-21 18:00:00,1.6961,0,0.0537,0.03612,0.01805,0.00643,0.0079,0.00912,0.03692,0.22772,0.50052,1.05174,0.00614,1.13095,1.81836,0.00073,0.00603,0.00692,0,0.00506,0,1.83831,0.52286,0.19987,0.34689,0.02181,1.74589,0.33546,0.06552,0.16169,0.49784,1.46065,0.30921,0.2708,0.00178,2.43548,0.03988,1.13095,0.33546,0.30921,0.2708,1.81836,1.88732,1.83831,2.24382,2.43548,0.22305,0.67303
2026-01-21 19:00:00,1.69281,0,0.05362,0.03607,0.01799,0.00643,0.00788,0.0091,0.03683,0.22747,0.49988,1.05044,0.00613,1.13093,1.81806,0.00072,0.00602,0.00691,0,0.00504,0,1.83791,0.52016,0.19936,0.3466,0.02176,1.74194,0.33532,0.06538,0.16285,0.49738,1.46002,0.30918,0.27077,0.00177,2.43475,0.03976,1.13093,0.33532,0.30918,0.27077,1.81806,1.8869,1.83791,2.2432,2.43475,0.2226,0.67281
2026-01-21 20:00:00,1.68952,0,0.05355,0.03602,0.01793,0.00643,0.00786,0.00908,0.03674,0.22606,0.49844,1.04943,0.00613,1.13093,1.81776,0.00071,0.00601,0.00689,0,0.00502,0,1.83752,0.51724,0.19884,0.3463,0.02171,1.73799,0.33518,0.06525,0.16411,0.4971,1.45955,0.30916,0.27075,0.00177,2.43403,0.03965,1.13093,0.33518,0.30916,0.27075,1.81776,1.88649,1.83752,2.24257,2.43403,0.22232,0.67265
2026-01-21 21:00:00,1.68623,0,0.05347,0.03597,0.01786,0.00642,0.00784,0.00906,0.03666,0.22571,0.49765,1.04842,0.00612,1.13091,1.81747,0.00072,0.00601,0.00689,0,0.005,0,1.83714,0.51415,0.19833,0.34601,0.02166,1.73405,0.33505,0.06511,0.16545,0.49672,1.45898,0.30914,0.27073,0.00176,2.4333,0.03953,1.13091,0.33505,0.30914,0.27073,1.81747,1.8861,1.83714,2.24194,2.4333,0.22194,0.67252
2026-01-21 22:00:00,1.68293,0,0.05338,0.0359,0.0178,0.0064,0.00783,0.00905,0.03659,0.22535,0.497,1.04763,0.00611,1.13091,1.81719,0.00071,0.006,0.00687,0,0.00498,0,1.83676,0.51151,0.19782,0.34572,0.0216,1.7301,0.3349,0.06497,0.16677,0.49607,1.45814,0.30911,0.2707,0.00176,2.43258,0.03941,1.13091,0.3349,0.30911,0.2707,1.81719,1.88572,1.83676,2.24132,2.43258,0.22129,0.67242
2026-01-21 23:00:00,1.67964,0,0.05329,0.03579,0.01774,0.00639,0.00782,0.00903,0.03651,0.22497,0.49623,1.04656,0.00611,1.13091,1.81691,0.00071,0.00599,0.00686,0,0.00496,0,1.83639,0.50971,0.1973,0.34542,0.02155,1.72615,0.33477,0.06484,0.16813,0.49532,1.45721,0.30909,0.27067,0.00175,2.43187,0.0393,1.13091,0.33477,0.30909,0.27067,1.81691,1.88533,1.83639,2.24069,2.43187,0.22055,0.67234
2026-01-22 00:00:00,1.67635,0,0.05321,0.03571,0.01769,0.00638,0.00781,0.009,0.03644,0.22568,0.49605,1.04538,0.0061,1.13091,1.81663,0.0007,0.00598,0.00684,0,0.00494,0,1.83603,0.5085,0.19679,0.34513,0.0215,1.7222,0.33463,0.0647,0.16948,0.49474,1.45643,0.30907,0.27065,0.00174,2.43115,0.03918,1.13091,0.33463,0.30907,0.27065,1.81663,1.88497,1.83603,2.24006,2.43115,0.21996,0.67227
2026-01-22 01:00:00,1.6795,0,0.05314,0.03564,0.01764,0.00638,0.00779,0.00899,0.03637,0.22546,0.49551,1.04429,0.00609,1.13091,1.81637,0.0007,0.00597,0.00682,0,0.00492,0,1.83567,0.50769,0.19677,0.34535,0.02144,1.72222,0.33449,0.06515,0.17267,0.49436,1.46012,0.30905,0.27062,0.00173,2.43043,0.03907,1.13091,0.33449,0.30905,0.27062,1.81637,1.88461,1.83567,2.23944,2.43043,0.21958,0.67221
2026-01-22 02:00:00,1.68264,0,0.05306,0.03559,0.01758,0.00638,0.00778,0.00897,0.0363,0.22658,0.49602,1.04301,0.00609,1.13092,1.81611,0.0007,0.00596,0.00681,0,0.0049,0,1.83534,0.50717,0.19675,0.34557,0.02139,1.72225,0.33435,0.0656,0.17607,0.49419,1.46404,0.30903,0.27059,0.00172,2.42971,0.03895,1.13092,0.33435,0.30903,0.27059,1.81611,1.88425,1.83534,2.23882,2.42971,0.21942,0.67217
2026-01-22 03:00:00,1.68579,0,0.05299,0.03555,0.01751,0.00637,0.00777,0.00896,0.03623,0.22673,0.49629,1.04184,0.00608,1.13094,1.81585,0.00069,0.00595,0.00679,0,0.00488,0,1.835,0.50684,0.19673,0.3458,0.02134,1.72227,0.3342,0.06605,0.17955,0.49406,1.46797,0.309,0.27057,0.00171,2.42899,0.03884,1.13094,0.3342,0.309,0.27057,1.81585,1.88391,1.835,2.23819,2.42899,0.21928,0.67212
2026-01-22 04:00:00,1.68894,0,0.05291,0.0355,0.01745,0.00635,0.00776,0.00894,0.03616,0.22748,0.49725,1.04078,0.00608,1.13094,1.81561,0.00069,0.00594,0.00678,0,0.00486,0,1.83468,0.50696,0.1967,0.34602,0.02129,1.72229,0.33407,0.0665,0.18308,0.49399,1.47197,0.30898,0.27054,0.00171,2.42828,0.03872,1.13094,0.33407,0.30898,0.27054,1.81561,1.88357,1.83468,2.23758,2.42828,0.21921,0.67208
2026-01-22 05:00:00,1.69208,0,0.05284,0.03542,0.01739,0.00634,0.00775,0.00893,0.03608,0.22828,0.4985,1.04001,0.00606,1.13096,1.81536,0.00069,0.00593,0.00676,0,0.00484,0,1.83436,0.50773,0.19668,0.34624,0.02124,1.72232,0.33393,0.06695,0.18668,0.49399,1.47604,0.30896,0.27052,0.0017,2.42756,0.03861,1.13096,0.33393,0.30896,0.27052,1.81536,1.88324,1.83436,2.23696,2.42756,0.21921,0.67205
2026-01-22 06:00:00,1.69523,0,0.05277,0.03536,0.01734,0.00633,0.00774,0.00892,0.036,0.22909,0.50001,1.03962,0.00606,1.13096,1.81513,0.00069,0.00592,0.00675,0,0.00482,0,1.83405,0.50894,0.19666,0.34646,0.02119,1.72234,0.33379,0.0674,0.19032,0.49397,1.4801,0.30894,0.27048,0.00169,2.42684,0.03849,1.13096,0.33379,0.30894,0.27048,1.81513,1.88293,1.83405,2.23635,2.42684,0.2192,0.67202
2026-01-22 07:00:00,1.69502,0,0.0527,0.03531,0.01728,0.00633,0.00772,0.00891,0.03591,0.22993,0.50152,1.03917,0.00606,1.13098,1.81488,0.00068,0.00591,0.00673,0,0.0048,0,1.83375,0.51046,0.19675,0.34732,0.02114,1.72412,0.33365,0.06733,0.18873,0.49396,1.47758,0.30892,0.27047,0.00168,2.42614,0.03838,1.13098,0.33365,0.30892,0.27047,1.81488,1.88261,1.83375,2.23574,2.42614,0.2192,0.672
2026-01-22 08:00:00,1.6948,0,0.05264,0.03526,0.01723,0.00633,0.00771,0.00889,0.03584,0.23025,0.5027,1.03875,0.00604,1.13099,1.81465,0.00069,0.0059,0.00672,0,0.00478,0,1.83345,0.51219,0.19683,0.34818,0.02109,1.72591,0.33351,0.06726,0.18697,0.49395,1.47504,0.3089,0.27044,0.00167,2.42543,0.03827,1.13099,0.33351,0.3089,0.27044,1.81465,1.8823,1.83345,2.23514,2.42543,0.21919,0.67197
2026-01-22 09:00:00,1.69459,0,0.05257,0.03521,0.01717,0.00632,0.0077,0.00888,0.03576,0.23048,0.50382,1.03849,0.00604,1.13102,1.81443,0.00068,0.00589,0.00672,0,0.00477,0,1.83317,0.51406,0.19692,0.34904,0.02104,1.72769,0.33338,0.06719,0.18509,0.49393,1.47251,0.30887,0.27042,0.00167,2.42472,0.03816,1.13102,0.33338,0.30887,0.27042,1.81443,1.88201,1.83317,2.23454,2.42472,0.21917,0.67195
2026-01-22 10:00:00,1.69437,0,0.05249,0.03514,0.01711,0.0063,0.00768,0.00886,0.03569,0.2304,0.50469,1.03836,0.00603,1.13103,1.81421,0.00067,0.00587,0.0067,0,0.00475,0,1.83289,0.5155,0.197,0.3499,0.02099,1.72947,0.33323,0.06711,0.18318,0.49386,1.4699,0.30885,0.27039,0.00166,2.42402,0.03804,1.13103,0.33323,0.30885,0.27039,1.81421,1.88171,1.83289,2.23394,2.42402,0.2191,0.67193
2026-01-22 11:00:00,1.69416,0,0.0524,0.03504,0.01706,0.00629,0.00767,0.00885,0.03561,0.23043,0.50554,1.03811,0.00603,1.13105,1.81399,0.00068,0.00586,0.00669,0,0.00473,0,1.83263,0.51614,0.19709,0.35076,0.02094,1.73126,0.3331,0.06704,0.18127,0.49375,1.46728,0.30883,0.27037,0.00165,2.42332,0.03793,1.13105,0.3331,0.30883,0.27037,1.81399,1.88143,1.83263,2.23334,2.42332,0.219,0.67191
2026-01-22 12:00:00,1.69394,0,0.05233,0.03495,0.01701,0.00628,0.00765,0.00884,0.03552,0.23056,0.50628,1.03767,0.00602,1.13107,1.81377,0.00067,0.00585,0.00667,0,0.00471,0,1.83236,0.51621,0.19717,0.35162,0.0209,1.73304,0.33296,0.06697,0.17932,0.49366,1.46467,0.30881,0.27034,0.00164,2.42262,0.03782,1.13107,0.33296,0.30881,0.27034,1.81377,1.88114,1.83236,2.23274,2.42262,0.21892,0.66719
2026-01-22 13:00:00,1.68941,0,0.05226,0.03489,0.01696,0.00628,0.00764,0.00882,0.03543,0.23039,0.5066,1.03701,0.00601,1.13109,1.81356,0.00067,0.00584,0.00666,0,0.00469,0,1.83211,0.5159,0.19673,0.35174,0.02085,1.7311,0.33283,0.06649,0.17758,0.49355,1.46055,0.30879,0.27031,0.00163,2.42193,0.03771,1.13109,0.33283,0.30879,0.27031,1.81356,1.88086,1.83211,2.23217,2.42193,0.21881,0.66239
2026-01-22 14:00:00,1.68488,0,0.05219,0.03483,0.01691,0.00628,0.00762,0.0088,0.03535,0.22983,0.50647,1.03611,0.00601,1.13112,1.81335,0.00067,0.00583,0.00665,0,0.00467,0,1.83186,0.51532,0.19628,0.35186,0.0208,1.72917,0.33269,0.066,0.17568,0.49341,1.4564,0.30877,0.2703,0.00163,2.42123,0.0376,1.13112,0.33269,0.30877,0.2703,1.81335,1.8806,1.83186,2.23158,2.42123,0.21867,0.66237
2026-01-22 15:00:00,1.68035,0,0.05212,0.03479,0.01686,0.00627,0.0076,0.00878,0.03528,0.22926,0.50619,1.0351,0.006,1.13114,1.81314,0.00067,0.00582,0.00663,0,0.00466,0,1.83162,0.51454,0.19584,0.35199,0.02075,1.72723,0.33255,0.06552,0.1737,0.49315,1.45215,0.30875,0.27027,0.00161,2.42054,0.03748,1.13114,0.33255,0.30875,0.27027,1.81314,1.88033,1.83162,2.231,2.42054,0.21841,0.66235
2026-01-22 16:00:00,1.67582,0,0.05204,0.03474,0.01679,0.00625,0.00759,0.00876,0.03522,0.22893,0.50592,1.03385,0.00599,1.13117,1.81293,0.00066,0.00581,0.00662,0,0.00464,0,1.83139,0.51335,0.1954,0.35211,0.0207,1.72529,0.33242,0.06503,0.17169,0.49255,1.44755,0.30873,0.27025,0.00161,2.41987,0.03737,1.13117,0.33242,0.30873,0.27025,1.81293,1.88007,1.83139,2.23043,2.41987,0.21782,0.66232
2026-01-22 17:00:00,1.67129,0,0.05197,0.03466,0.01674,0.00624,0.00757,0.00874,0.03515,0.22752,0.50467,1.03221,0.00599,1.13118,1.81273,0.00066,0.0058,0.00661,0,0.00462,0,1.83115,0.51158,0.19495,0.35223,0.02066,1.72336,0.33227,0.06455,0.16964,0.49179,1.44278,0.30871,0.27022,0.00161,2.41919,0.03726,1.13118,0.33227,0.30871,0.27022,1.81273,1.87982,1.83115,2.22985,2.41919,0.21706,0.66229
2026-01-22 18:00:00,1.66676,0,0.0519,0.0346,0.0167,0.00623,0.00756,0.00873,0.03508,0.22715,0.50391,1.03024,0.00597,1.13121,1.81253,0.00066,0.00579,0.0066,0,0.0046,0,1.83092,0.5094,0.19451,0.35235,0.02061,1.72142,0.33214,0.06406,0.16759,0.49119,1.43818,0.30869,0.27019,0.00161,2.41851,0.03715,1.13121,0.33214,0.30869,0.27019,1.81253,1.87957,1.83092,2.22929,2.41851,0.21647,0.66226
2026-01-22 19:00:00,1.67199,0,0.05184,0.03455,0.01665,0.00623,0.00754,0.00871,0.03501,0.22671,0.50303,1.02834,0.00597,1.13123,1.81233,0.00065,0.00578,0.00658,0,0.00458,0,1.83071,0.50694,0.19428,0.35134,0.02056,1.71809,0.33201,0.06375,0.16709,0.49072,1.43521,0.30867,0.27018,0.00161,2.41783,0.03704,1.13123,0.33201,0.30867,0.27018,1.81233,1.87932,1.83071,2.22874,2.41783,0.216,0.66223
2026-01-22 20:00:00,1.67722,0,0.05178,0.0345,0.0166,0.00623,0.00752,0.0087,0.03494,0.22516,0.50127,1.02625,0.00597,1.13126,1.81213,0.00066,0.00577,0.00658,0,0.00456,0,1.8305,0.50429,0.19405,0.35032,0.02052,1.71475,0.33188,0.06343,0.16663,0.49043,1.4324,0.30865,0.27014,0.00161,2.41717,0.03693,1.13126,0.33188,0.30865,0.27014,1.81213,1.87908,1.8305,2.22818,2.41717,0.2157,0.66219
2026-01-22 21:00:00,1.68245,0,0.05172,0.03445,0.01655,0.00622,0.00751,0.00868,0.03487,0.22462,0.50012,1.02396,0.00596,1.13128,1.81194,0.00066,0.00577,0.00655,0,0.00455,0,1.83029,0.50153,0.19382,0.34931,0.02047,1.71142,0.33174,0.06312,0.16621,0.49001,1.42948,0.30863,0.27013,0.00161,2.41651,0.03682,1.13128,0.33174,0.30863,0.27013,1.81194,1.87884,1.83029,2.22763,2.41651,0.21528,0.66214
2026-01-22 22:00:00,1.68768,0,0.05165,0.03439,0.0165,0.00621,0.0075,0.00867,0.0348,0.22406,0.49906,1.02179,0.00595,1.13131,1.81175,0.00066,0.00576,0.00653,0,0.00453,0,1.83009,0.49995,0.19359,0.34829,0.02042,1.70808,0.3316,0.06281,0.16583,0.48927,1.42624,0.30861,0.2701,0.0016,2.41585,0.03672,1.13131,0.3316,0.30861,0.2701,1.81175,1.8786,1.83009,2.22709,2.41585,0.21454,0.66209
2026-01-22 23:00:00,1.69291,0,0.05158,0.03428,0.01644,0.0062,0.00748,0.00865,0.03472,0.22346,0.49785,1.01925,0.00594,1.13135,1.81155,0.00066,0.00575,0.00653,0,0.00451,0,1.82989,0.49905,0.19336,0.34727,0.02038,1.70475,0.33146,0.06249,0.16543,0.4884,1.42288,0.30859,0.27008,0.00159,2.4152,0.03661,1.13135,0.33146,0.30859,0.27008,1.81155,1.87838,1.82989,2.22654,2.4152,0.21368,0.66203
2026-01-23 00:00:00,1.69814,0,0.05152,0.03419,0.01639,0.0062,0.00747,0.00864,0.03464,0.22388,0.49725,1.01653,0.00595,1.13137,1.81136,0.00065,0.00574,0.00651,0,0.00449,0,1.8297,0.49867,0.19313,0.34626,0.02033,1.70141,0.33133,0.06218,0.16502,0.48772,1.4197,0.30857,0.27005,0.00158,2.41455,0.0365,1.13137,0.33133,0.30857,0.27005,1.81136,1.87815,1.8297,2.22601,2.41455,0.213,0.66196
2026-01-23 01:00:00,1.71251,0,0.05146,0.03413,0.01634,0.0062,0.00746,0.00863,0.03455,0.22343,0.4962,1.01407,0.00595,1.1314,1.81117,0.00066,0.00573,0.0065,0,0.00447,0,1.8295,0.4987,0.19385,0.3452,0.02029,1.70078,0.3312,0.06241,0.16679,0.48725,1.42081,0.30855,0.27003,0.00157,2.41391,0.03639,1.1314,0.3312,0.30855,0.27003,1.81117,1.87792,1.8295,2.22548,2.41391,0.21253,0.66188
2026-01-23 02:00:00,1.72689,0,0.0514,0.03407,0.01629,0.00619,0.00745,0.00862,0.03447,0.22419,0.49614,1.01167,0.00593,1.13142,1.81098,0.00065,0.00572,0.00649,0,0.00446,0,1.82932,0.49906,0.19457,0.34414,0.02024,1.70015,0.33106,0.06264,0.16872,0.48702,1.42216,0.30853,0.27002,0.00157,2.41326,0.03629,1.13142,0.33106,0.30853,0.27002,1.81098,1.8777,1.82932,2.22495,2.41326,0.2123,0.66178
2026-01-23 03:00:00,1.74126,0,0.05134,0.03404,0.01624,0.00619,0.00744,0.0086,0.0344,0.22408,0.49576,1.00946,0.00593,1.13146,1.8108,0.00066,0.00571,0.00648,0,0.00444,0,1.82914,0.49965,0.19529,0.34308,0.0202,1.69952,0.33094,0.06287,0.17074,0.48675,1.42348,0.30851,0.26998,0.00156,2.41263,0.03619,1.13146,0.33094,0.30851,0.26998,1.8108,1.87748,1.82914,2.22443,2.41263,0.21204,0.66166
2026-01-23 04:00:00,1.75563,0,0.05127,0.03398,0.01619,0.00617,0.00743,0.00858,0.03433,0.2245,0.496,1.00736,0.00593,1.13148,1.81062,0.00065,0.0057,0.00646,0,0.00442,0,1.82896,0.50041,0.19601,0.34201,0.02015,1.69889,0.3308,0.06309,0.17284,0.48645,1.42475,0.30849,0.26997,0.00156,2.412,0.03608,1.13148,0.3308,0.30849,0.26997,1.81062,1.87727,1.82896,2.22392,2.412,0.21174,0.66152
2026-01-23 05:00:00,1.77001,0,0.05121,0.03391,0.01614,0.00616,0.00742,0.00857,0.03425,0.22495,0.4965,1.00549,0.00591,1.13151,1.81043,0.00066,0.00569,0.00645,0,0.00441,0,1.82878,0.50125,0.19673,0.34095,0.02011,1.69826,0.33067,0.06332,0.17496,0.48614,1.42603,0.30847,0.26994,0.00155,2.41137,0.03597,1.13151,0.33067,0.30847,0.26994,1.81043,1.87705,1.82878,2.22342,2.41137,0.21144,0.66132
2026-01-23 06:00:00,1.78438,0,0.05114,0.03384,0.01609,0.00615,0.00741,0.00855,0.03417,0.22541,0.49718,1.00394,0.00591,1.13153,1.81025,0.00065,0.00568,0.00644,0,0.00439,0,1.82861,0.50237,0.19745,0.33989,0.02006,1.69763,0.33053,0.06355,0.17712,0.4859,1.42738,0.30845,0.26993,0.00154,2.41075,0.03587,1.13153,0.33053,0.30845,0.26993,1.81025,1.87684,1.82861,2.22291,2.41075,0.2112,0.66107
2026-01-23 07:00:00,1.78502,0,0.05109,0.03379,0.01605,0.00615,0.00739,0.00854,0.0341,0.22577,0.49786,1.00255,0.0059,1.13157,1.81006,0.00065,0.00567,0.00642,0,0.00437,0,1.82844,0.50363,0.19796,0.33908,0.02002,1.69559,0.33039,0.06335,0.17508,0.48571,1.42298,0.30843,0.26989,0.00153,2.41014,0.03576,1.13157,0.33039,0.30843,0.26989,1.81006,1.87663,1.82844,2.22242,2.41014,0.21102,0.66071
2026-01-23 08:00:00,1.78566,0,0.05103,0.03374,0.016,0.00614,0.00737,0.00851,0.03402,0.22556,0.49816,1.0015,0.0059,1.13159,1.80988,0.00065,0.00566,0.00643,0,0.00436,0,1.82827,0.50485,0.19847,0.33826,0.01998,1.69355,0.33027,0.06315,0.1729,0.48557,1.41861,0.30841,0.26987,0.00152,2.40953,0.03566,1.13159,0.33027,0.30841,0.26987,1.80988,1.87642,1.82827,2.22191,2.40953,0.21087,0.66017
2026-01-23 09:00:00,1.7863,0,0.05097,0.0337,0.01596,0.00614,0.00736,0.0085,0.03396,0.22517,0.49834,1.00071,0.00589,1.13162,1.8097,0.00065,0.00565,0.00642,0,0.00434,0,1.82812,0.50604,0.19898,0.33745,0.01994,1.69151,0.33013,0.06295,0.17065,0.48535,1.41418,0.3084,0.26986,0.00152,2.40893,0.03556,1.13162,0.33013,0.3084,0.26986,1.8097,1.87622,1.82812,2.22144,2.40893,0.21065,0.65927
2026-01-23 10:00:00,1.78695,0,0.0509,0.03363,0.01592,0.00612,0.00735,0.00848,0.0339,0.22449,0.49826,1.00003,0.00588,1.13166,1.80952,0.00065,0.00565,0.00641,0,0.00432,0,1.82795,0.50642,0.19949,0.33663,0.0199,1.68947,0.33001,0.06274,0.16835,0.48488,1.40948,0.30838,0.26983,0.00151,2.40833,0.03545,1.13166,0.33001,0.30838,0.26983,1.80952,1.87602,1.82795,2.22094,2.40833,0.21019,0.65748
2026-01-23 11:00:00,1.78759,0,0.05083,0.03352,0.01588,0.00611,0.00734,0.00847,0.03383,0.22388,0.49808,0.99921,0.00588,1.13168,1.80934,0.00065,0.00564,0.0064,0,0.00431,0,1.8278,0.50545,0.2,0.33582,0.01985,1.68743,0.32988,0.06254,0.16601,0.48432,1.4047,0.30836,0.26982,0.0015,2.40773,0.03535,1.13168,0.32988,0.30836,0.26982,1.80934,1.87581,1.8278,2.22045,2.40773,0.20963,0.65209
2026-01-23 12:00:00,1.78823,0,0.05077,0.03343,0.01582,0.0061,0.00733,0.00844,0.03376,0.22338,0.4977,0.99818,0.00587,1.13172,1.80916,0.00065,0.00563,0.00638,0,0.00429,0,1.82764,0.50354,0.20051,0.335,0.01981,1.68539,0.32975,0.06234,0.16366,0.48388,1.40005,0.30834,0.26979,0.00149,2.40714,0.03524,1.13172,0.32975,0.30834,0.26979,1.80916,1.87561,1.82764,2.21999,2.40714,0.20919,0.6373
2026-01-23 13:00:00,1.7791,0,0.05072,0.03337,0.01578,0.0061,0.00731,0.00843,0.03369,0.22258,0.4969,0.99764,0.00587,1.13174,1.80899,0.00065,0.00562,0.00638,0,0.00427,0,1.82748,0.50115,0.19979,0.33348,0.01977,1.67924,0.32961,0.06151,0.16121,0.48348,1.39341,0.30832,0.26978,0.00148,2.40656,0.03514,1.13174,0.32961,0.30832,0.26978,1.80899,1.87542,1.82748,2.21952,2.40656,0.2088,0.63544
2026-01-23 14:00:00,1.76996,0,0.05066,0.03332,0.01574,0.0061,0.0073,0.00841,0.03362,0.22141,0.49561,0.99658,0.00587,1.13178,1.8088,0.00064,0.00561,0.00636,0,0.00425,0,1.82733,0.49894,0.19906,0.33195,0.01973,1.67308,0.32948,0.06068,0.15859,0.48315,1.38682,0.30831,0.26974,0.00147,2.40597,0.03504,1.13178,0.32948,0.30831,0.26974,1.8088,1.87522,1.82733,2.21905,2.40597,0.20847,0.63539
2026-01-23 15:00:00,1.76083,0,0.0506,0.03328,0.01569,0.00609,0.00729,0.0084,0.03356,0.22016,0.49416,0.99513,0.00586,1.1318,1.80863,0.00065,0.0056,0.00636,0,0.00423,0,1.82718,0.49632,0.19834,0.33043,0.01969,1.66693,0.32935,0.05985,0.1558,0.48264,1.38007,0.30829,0.26972,0.00147,2.4054,0.03494,1.1318,0.32935,0.30829,0.26972,1.80863,1.87502,1.82718,2.2186,2.4054,0.20796,0.63533
2026-01-23 16:00:00,1.7517,0,0.05053,0.03322,0.01564,0.00608,0.00728,0.00838,0.03349,0.21911,0.49272,0.99323,0.00585,1.13184,1.80845,0.00065,0.00559,0.00634,0,0.00421,0,1.82704,0.49335,0.19762,0.3289,0.01965,1.66077,0.32922,0.05902,0.15297,0.48159,1.37277,0.30827,0.26971,0.00147,2.40482,0.03483,1.13184,0.32922,0.30827,0.26971,1.80845,1.87483,1.82704,2.21813,2.40482,0.20691,0.63526
2026-01-23 17:00:00,1.74256,0,0.05047,0.03315,0.01559,0.00607,0.00727,0.00837,0.03342,0.21718,0.49033,0.99079,0.00585,1.13186,1.80828,0.00065,0.00558,0.00634,0,0.00419,0,1.82689,0.49008,0.19689,0.32738,0.0196,1.65462,0.3291,0.05819,0.1501,0.48028,1.3652,0.30825,0.26968,0.00146,2.40426,0.03473,1.13186,0.3291,0.30825,0.26968,1.80828,1.87463,1.82689,2.21768,2.40426,0.2056,0.63519
2026-01-23 18:00:00,1.73343,0,0.05041,0.03309,0.01554,0.00607,0.00726,0.00836,0.03334,0.21607,0.48838,0.98792,0.00584,1.13189,1.80811,0.00065,0.00557,0.00632,0,0.00417,0,1.82674,0.48657,0.19617,0.32585,0.01956,1.64846,0.32897,0.05736,0.14717,0.47927,1.35794,0.30823,0.26967,0.00144,2.4037,0.03463,1.13189,0.32897,0.30823,0.26967,1.80811,1.87444,1.82674,2.21724,2.4037,0.20459,0.63512
2026-01-23 19:00:00,1.72459,0,0.05035,0.03304,0.0155,0.00607,0.00724,0.00834,0.03326,0.21494,0.48632,0.98488,0.00584,1.13193,1.80793,0.00066,0.00556,0.00631,0,0.00416,0,1.8266,0.48287,0.19507,0.3237,0.01952,1.64132,0.32883,0.0568,0.1457,0.47849,1.35271,0.30821,0.26964,0.00143,2.40314,0.03453,1.13193,0.32883,0.30821,0.26964,1.80793,1.87425,1.8266,2.21678,2.40314,0.20381,0.63503
2026-01-23 20:00:00,1.71574,0,0.05029,0.03299,0.01546,0.00606,0.00723,0.00833,0.03318,0.21294,0.48344,0.98145,0.00582,1.13195,1.80776,0.00066,0.00555,0.0063,0,0.00414,0,1.82645,0.47903,0.19396,0.32154,0.01948,1.63417,0.3287,0.05625,0.14427,0.47801,1.34778,0.3082,0.26962,0.00143,2.40258,0.03443,1.13195,0.3287,0.3082,0.26962,1.80776,1.87406,1.82645,2.21634,2.40258,0.20333,0.63493
2026-01-23 21:00:00,1.7069,0,0.05023,0.03295,0.01542,0.00605,0.00722,0.00831,0.0331,0.21174,0.48111,0.97772,0.00582,1.13199,1.80759,0.00066,0.00554,0.0063,0,0.00413,0,1.82632,0.47507,0.19286,0.31939,0.01944,1.62703,0.32857,0.05569,0.14293,0.47733,1.34267,0.30818,0.2696,0.00142,2.40204,0.03433,1.13199,0.32857,0.30818,0.2696,1.80759,1.87387,1.82632,2.21592,2.40204,0.20267,0.63482
2026-01-23 22:00:00,1.69805,0,0.05017,0.0329,0.01538,0.00604,0.0072,0.0083,0.03303,0.21053,0.47885,0.97407,0.00582,1.13201,1.8074,0.00066,0.00553,0.00629,0,0.00411,0,1.82617,0.47166,0.19176,0.31724,0.0194,1.61989,0.32845,0.05513,0.1416,0.47622,1.3371,0.30816,0.26958,0.00142,2.40149,0.03423,1.13201,0.32845,0.30816,0.26958,1.8074,1.87368,1.82617,2.21548,2.40149,0.20156,0.63469
2026-01-23 23:00:00,1.6892,0,0.0501,0.03283,0.01534,0.00602,0.00719,0.00828,0.03297,0.20934,0.47649,0.97006,0.00581,1.13205,1.80723,0.00066,0.00552,0.00628,0,0.0041,0,1.82603,0.46932,0.19065,0.31508,0.01936,1.61274,0.32832,0.05458,0.14028,0.47492,1.33135,0.30814,0.26957,0.00142,2.40094,0.03413,1.13205,0.32832,0.30814,0.26957,1.80723,1.87349,1.82603,2.21504,2.40094,0.20026,0.63454
2026-01-24 00:00:00,1.68036,0,0.05004,0.03277,0.0153,0.00602,0.00717,0.00828,0.03289,0.20891,0.47469,0.96587,0.00581,1.13207,1.80706,0.00067,0.00551,0.00627,0,0.00408,0,1.8259,0.46781,0.18955,0.31293,0.01932,1.6056,0.3282,0.05402,0.13899,0.47391,1.32588,0.30812,0.26954,0.00142,2.4004,0.03403,1.13207,0.3282,0.30812,0.26954,1.80706,1.87331,1.8259,2.21462,2.4004,0.19925,0.63437
2026-01-24 01:00:00,1.68146,0,0.04999,0.03272,0.01525,0.00602,0.00716,0.00826,0.03281,0.20795,0.47255,0.96201,0.00581,1.13211,1.80689,0.00067,0.0055,0.00626,0,0.00406,0,1.82576,0.46693,0.18938,0.31168,0.01928,1.60177,0.32805,0.0542,0.14092,0.47321,1.32698,0.30811,0.26953,0.00142,2.39987,0.03393,1.13211,0.32805,0.30811,0.26953,1.80689,1.87313,1.82576,2.2142,2.39987,0.19855,0.63417
2026-01-24 02:00:00,1.68256,0,0.04993,0.03268,0.01521,0.00601,0.00714,0.00825,0.03274,0.20814,0.47139,0.95837,0.0058,1.13213,1.80672,0.00068,0.00549,0.00624,0,0.00405,0,1.82563,0.46656,0.18921,0.31042,0.01924,1.59793,0.32793,0.05437,0.14308,0.47288,1.32844,0.30809,0.26951,0.00142,2.39934,0.03384,1.13213,0.32793,0.30809,0.26951,1.80672,1.87294,1.82563,2.21379,2.39934,0.19822,0.63392
2026-01-24 03:00:00,1.68366,0,0.04987,0.03264,0.01517,0.006,0.00712,0.00824,0.03268,0.20773,0.47005,0.95507,0.0058,1.13217,1.80655,0.00068,0.00549,0.00624,0,0.00403,0,1.82549,0.46657,0.18904,0.30917,0.0192,1.5941,0.3278,0.05455,0.14541,0.47252,1.32988,0.30807,0.26948,0.00142,2.39881,0.03374,1.13217,0.3278,0.30807,0.26948,1.80655,1.87276,1.82549,2.21336,2.39881,0.19786,0.63362
2026-01-24 04:00:00,1.68477,0,0.04981,0.0326,0.01513,0.00599,0.00711,0.00823,0.03261,0.20781,0.46934,0.952,0.00578,1.13219,1.80638,0.00067,0.00548,0.00623,0,0.00401,0,1.82536,0.46675,0.18886,0.30792,0.01916,1.59026,0.32767,0.05473,0.14784,0.47213,1.33128,0.30806,0.26947,0.00142,2.39829,0.03364,1.13219,0.32767,0.30806,0.26947,1.80638,1.87257,1.82536,2.21296,2.39829,0.19747,0.63325
2026-01-24 05:00:00,1.68587,0,0.04974,0.03252,0.01509,0.00597,0.0071,0.00821,0.03254,0.20793,0.46897,0.94929,0.00578,1.13223,1.80622,0.00068,0.00547,0.00622,0,0.004,0,1.82523,0.4669,0.18869,0.30666,0.01912,1.58643,0.32755,0.0549,0.15028,0.47176,1.3327,0.30804,0.26944,0.00141,2.39776,0.03355,1.13223,0.32755,0.30804,0.26944,1.80622,1.87238,1.82523,2.21255,2.39776,0.19711,0.63277
2026-01-24 06:00:00,1.68697,0,0.04968,0.03246,0.01506,0.00597,0.00709,0.0082,0.03246,0.20807,0.46893,0.94701,0.00578,1.13226,1.80604,0.00068,0.00546,0.00621,0,0.00398,0,1.82509,0.46703,0.18852,0.30541,0.01908,1.58259,0.32742,0.05508,0.15277,0.47145,1.33419,0.30802,0.26943,0.0014,2.39726,0.03345,1.13226,0.32742,0.30802,0.26943,1.80604,1.87221,1.82509,2.21215,2.39726,0.1968,0.63213
2026-01-24 07:00:00,1.68156,0,0.04962,0.03242,0.01501,0.00597,0.00707,0.00818,0.03238,0.20827,0.46897,0.94498,0.00577,1.13229,1.80587,0.00069,0.00545,0.00621,0,0.00396,0,1.82496,0.46715,0.18855,0.30499,0.01904,1.57988,0.3273,0.05484,0.15117,0.47125,1.33036,0.30801,0.2694,0.00139,2.39674,0.03335,1.13229,0.3273,0.30801,0.2694,1.80587,1.87202,1.82496,2.21175,2.39674,0.1966,0.63124
2026-01-24 08:00:00,1.67615,0,0.04957,0.03237,0.01497,0.00596,0.00706,0.00817,0.0323,0.20816,0.46869,0.94337,0.00577,1.13233,1.8057,0.00071,0.00544,0.0062,0,0.00395,0,1.82483,0.46726,0.18857,0.30457,0.019,1.57717,0.32716,0.0546,0.14942,0.47111,1.32658,0.30799,0.26939,0.00138,2.39623,0.03326,1.13233,0.32716,0.30799,0.26939,1.8057,1.87184,1.82483,2.21135,2.39623,0.19646,0.6299
2026-01-24 09:00:00,1.67075,0,0.04951,0.03232,0.01493,0.00596,0.00705,0.00816,0.03223,0.20804,0.46842,0.94209,0.00576,1.13235,1.80554,0.00071,0.00544,0.00619,0,0.00394,0,1.8247,0.46736,0.1886,0.30415,0.01897,1.57446,0.32704,0.05436,0.14757,0.47091,1.32276,0.30797,0.26937,0.00138,2.39573,0.03316,1.13235,0.32704,0.30797,0.26937,1.80554,1.87167,1.8247,2.21096,2.39573,0.19626,0.62766
2026-01-24 10:00:00,1.66534,0,0.04944,0.03226,0.01489,0.00595,0.00704,0.00814,0.03216,0.20772,0.46794,0.94104,0.00576,1.13239,1.80537,0.00071,0.00543,0.00618,0,0.00392,0,1.82457,0.46713,0.18863,0.30373,0.01893,1.57174,0.32691,0.05412,0.14575,0.47053,1.31875,0.30796,0.26934,0.00137,2.39523,0.03306,1.13239,0.32691,0.30796,0.26934,1.80537,1.87148,1.82457,2.21056,2.39523,0.19589,0.62319
2026-01-24 11:00:00,1.65993,0,0.04938,0.03215,0.01486,0.00594,0.00703,0.00813,0.03208,0.20748,0.46749,0.93993,0.00576,1.13241,1.8052,0.00071,0.00542,0.00617,0,0.00391,0,1.82444,0.46634,0.18865,0.30331,0.01889,1.56903,0.32678,0.05388,0.14386,0.47008,1.31466,0.30794,0.26933,0.00136,2.39473,0.03297,1.13241,0.32678,0.30794,0.26933,1.8052,1.8713,1.82444,2.21018,2.39473,0.19544,0.60977
2026-01-24 12:00:00,1.65452,0,0.04932,0.03207,0.01483,0.00594,0.00702,0.00811,0.03201,0.20733,0.467,0.93869,0.00574,1.13245,1.80504,0.00071,0.00541,0.00617,0,0.00389,0,1.82432,0.4651,0.18868,0.30289,0.01886,1.56632,0.32666,0.05364,0.14194,0.46973,1.31068,0.30793,0.2693,0.00135,2.39423,0.03287,1.13245,0.32666,0.30793,0.2693,1.80504,1.87113,1.82432,2.20979,2.39423,0.19509,0.60993
2026-01-24 13:00:00,1.64224,0,0.04926,0.032,0.01479,0.00593,0.00701,0.0081,0.03194,0.2069,0.46624,0.93725,0.00574,1.13247,1.80486,0.00071,0.0054,0.00616,0,0.00387,0,1.82419,0.46352,0.18761,0.3018,0.01882,1.56051,0.32654,0.05302,0.14025,0.4694,1.30513,0.30791,0.26929,0.00134,2.39374,0.03278,1.13247,0.32654,0.30791,0.26929,1.80486,1.87094,1.82419,2.2094,2.39374,0.19476,0.61306
2026-01-24 14:00:00,1.62997,0,0.0492,0.03195,0.01475,0.00593,0.00699,0.00809,0.03187,0.20606,0.46514,0.93561,0.00574,1.13251,1.8047,0.00071,0.00539,0.00617,0,0.00386,0,1.82406,0.46167,0.18653,0.30071,0.01879,1.55469,0.32641,0.05239,0.13839,0.46909,1.29958,0.3079,0.26927,0.00133,2.39325,0.03268,1.13251,0.32641,0.3079,0.26927,1.8047,1.87076,1.82406,2.20903,2.39325,0.19446,0.59951
2026-01-24 15:00:00,1.61769,0,0.04914,0.03191,0.01472,0.00592,0.00698,0.00808,0.0318,0.20512,0.46395,0.93385,0.00572,1.13255,1.80453,0.00071,0.00539,0.00616,0,0.00384,0,1.82393,0.45961,0.18546,0.29962,0.01875,1.54888,0.32628,0.05177,0.13648,0.46859,1.29387,0.30788,0.26925,0.00133,2.39276,0.03259,1.13255,0.32628,0.30788,0.26925,1.80453,1.87059,1.82393,2.20865,2.39276,0.19397,0.59499
2026-01-24 16:00:00,1.60541,0,0.04908,0.03186,0.01469,0.0059,0.00697,0.00806,0.03174,0.20433,0.46277,0.93191,0.00572,1.13257,1.80437,0.00071,0.00538,0.00614,0,0.00382,0,1.82381,0.45729,0.18439,0.29853,0.01872,1.54307,0.32616,0.05114,0.13452,0.46756,1.2876,0.30787,0.26924,0.00132,2.39228,0.0325,1.13257,0.32616,0.30787,0.26924,1.80437,1.87041,1.82381,2.20828,2.39228,0.19294,0.59273
2026-01-24 17:00:00,1.59314,0,0.04901,0.03178,0.01466,0.00589,0.00696,0.00805,0.03168,0.20275,0.46078,0.92966,0.00571,1.13261,1.80421,0.00071,0.00537,0.00614,0,0.00381,0,1.82368,0.45468,0.18331,0.29744,0.01868,1.53725,0.32604,0.05052,0.13253,0.46626,1.28107,0.30785,0.26921,0.00131,2.3918,0.0324,1.13261,0.32604,0.30785,0.26921,1.80421,1.87023,1.82368,2.2079,2.3918,0.19164,0.59137
2026-01-24 18:00:00,1.58086,0,0.04895,0.03172,0.01463,0.00589,0.00694,0.00804,0.03162,0.20189,0.45912,0.92714,0.00571,1.13263,1.80404,0.00071,0.00536,0.00613,0,0.00379,0,1.82355,0.45184,0.18224,0.29635,0.01864,1.53144,0.32591,0.04989,0.13056,0.46526,1.27483,0.30783,0.2692,0.0013,2.39133,0.03231,1.13263,0.32591,0.30783,0.2692,1.80404,1.87006,1.82355,2.20752,2.39133,0.19064,0.59047
2026-01-24 19:00:00,1.57043,0,0.0489,0.03167,0.0146,0.00588,0.00693,0.00803,0.03155,0.20094,0.45734,0.92453,0.00571,1.13267,1.80388,0.00071,0.00535,0.00613,0,0.00377,0,1.82344,0.44882,0.18083,0.29451,0.01861,1.52306,0.32579,0.04941,0.12936,0.46447,1.26976,0.30782,0.26918,0.00129,2.39084,0.03222,1.13267,0.32579,0.30782,0.26918,1.80388,1.86988,1.82344,2.20716,2.39084,0.18986,0.58982
2026-01-24 20:00:00,1.56,0,0.04884,0.03163,0.01455,0.00588,0.00692,0.00801,0.03148,0.19909,0.45483,0.92159,0.0057,1.1327,1.80372,0.00071,0.00534,0.00615,0,0.00376,0,1.82331,0.44566,0.17941,0.29268,0.01857,1.51468,0.32567,0.04893,0.12821,0.46399,1.26499,0.3078,0.26916,0.00129,2.39037,0.03213,1.1327,0.32567,0.3078,0.26916,1.80372,1.86971,1.82331,2.20679,2.39037,0.18938,0.58934
2026-01-24 21:00:00,1.54958,0,0.04879,0.03159,0.01451,0.00587,0.00691,0.008,0.03142,0.19827,0.45279,0.9184,0.0057,1.13273,1.80355,0.00071,0.00533,0.00614,0,0.00375,0,1.82319,0.44239,0.178,0.29084,0.01853,1.5063,0.32554,0.04845,0.12707,0.46333,1.26005,0.30778,0.26915,0.00128,2.38989,0.03204,1.13273,0.32554,0.30778,0.26915,1.80355,1.86954,1.82319,2.20643,2.38989,0.18872,0.58896
2026-01-24 22:00:00,1.53915,0,0.04873,0.03154,0.01448,0.00585,0.0069,0.00799,0.03136,0.19773,0.45114,0.91523,0.00569,1.13276,1.80338,0.00071,0.00532,0.00613,0,0.00373,0,1.82306,0.43931,0.17659,0.289,0.0185,1.49792,0.32541,0.04796,0.12594,0.46222,1.25464,0.30777,0.26913,0.00128,2.38942,0.03194,1.13276,0.32541,0.30777,0.26913,1.80338,1.86936,1.82306,2.20607,2.38942,0.18761,0.58866
2026-01-24 23:00:00,1.52872,0,0.04868,0.03146,0.01445,0.00584,0.00689,0.00797,0.0313,0.19703,0.44932,0.91173,0.00568,1.1328,1.80322,0.00071,0.00531,0.00612,0,0.00372,0,1.82294,0.43667,0.17517,0.28717,0.01846,1.48954,0.3253,0.04748,0.12484,0.46092,1.24907,0.30775,0.26911,0.00127,2.38896,0.03185,1.1328,0.3253,0.30775,0.26911,1.80322,1.86919,1.82294,2.2057,2.38896,0.18632,0.58841
2026-01-25 00:00:00,1.51829,0,0.04863,0.0314,0.01441,0.00584,0.00688,0.00796,0.03123,0.19699,0.44794,0.90807,0.00568,1.13282,1.80306,0.00071,0.0053,0.00611,0,0.0037,0,1.82282,0.43435,0.17376,0.28533,0.01842,1.48116,0.32517,0.047,0.12376,0.4599,1.24376,0.30774,0.26909,0.00126,2.3885,0.03176,1.13282,0.32517,0.30774,0.26909,1.80306,1.86902,1.82282,2.20534,2.3885,0.1853,0.58821
2026-01-25 01:00:00,1.52167,0,0.04859,0.03136,0.01438,0.00583,0.00686,0.00794,0.03116,0.19621,0.44628,0.90484,0.00567,1.13286,1.8029,0.00071,0.00529,0.0061,0,0.00369,0,1.8227,0.4323,0.17355,0.28414,0.01839,1.47787,0.32504,0.04728,0.12555,0.45921,1.24501,0.30772,0.26907,0.00125,2.38803,0.03167,1.13286,0.32504,0.30772,0.26907,1.8029,1.86884,1.8227,2.20499,2.38803,0.18462,0.58804
2026-01-25 02:00:00,1.52505,0,0.04854,0.03131,0.01435,0.00583,0.00685,0.00794,0.03109,0.19629,0.44552,0.90197,0.00567,1.1329,1.80274,0.00071,0.00528,0.0061,0,0.00368,0,1.82259,0.43045,0.17334,0.28294,0.01835,1.47457,0.32493,0.04756,0.1276,0.45891,1.24665,0.30771,0.26906,0.00124,2.38756,0.03158,1.1329,0.32493,0.30771,0.26906,1.80274,1.86867,1.82259,2.20463,2.38756,0.18432,0.58789
2026-01-25 03:00:00,1.52844,0,0.04849,0.03128,0.01431,0.00583,0.00684,0.00792,0.03102,0.1957,0.44453,0.8994,0.00567,1.13292,1.80258,0.00071,0.00527,0.00609,0,0.00367,0,1.82246,0.42876,0.17313,0.28175,0.01832,1.47128,0.32479,0.04784,0.12983,0.4586,1.24827,0.30769,0.26904,0.00124,2.38711,0.03149,1.13292,0.32479,0.30769,0.26904,1.80258,1.8685,1.82246,2.20428,2.38711,0.18401,0.58776
2026-01-25 04:00:00,1.53182,0,0.04843,0.03123,0.01428,0.00581,0.00682,0.00791,0.03096,0.19556,0.44406,0.89703,0.00566,1.13296,1.80242,0.00071,0.00526,0.00608,0,0.00365,0,1.82234,0.42758,0.17292,0.28055,0.01828,1.46799,0.32468,0.04811,0.13212,0.45833,1.24992,0.30768,0.26902,0.00123,2.38665,0.0314,1.13296,0.32468,0.30768,0.26902,1.80242,1.86832,1.82234,2.20394,2.38665,0.18374,0.58764
2026-01-25 05:00:00,1.5352,0,0.04837,0.03116,0.01425,0.00581,0.00681,0.00789,0.03089,0.19549,0.44375,0.895,0.00566,1.13298,1.80225,0.00071,0.00525,0.00607,0,0.00364,0,1.82223,0.42721,0.17271,0.27936,0.01825,1.46469,0.32455,0.04839,0.13445,0.45814,1.25168,0.30766,0.26901,0.00123,2.3862,0.03131,1.13298,0.32455,0.30766,0.26901,1.80225,1.86816,1.82223,2.20358,2.3862,0.18355,0.58754
2026-01-25 06:00:00,1.53858,0,0.04831,0.0311,0.01422,0.0058,0.0068,0.00788,0.03081,0.19547,0.44363,0.89335,0.00565,1.13302,1.80209,0.00071,0.00524,0.00606,0,0.00363,0,1.8221,0.42745,0.1725,0.27816,0.01822,1.4614,0.32443,0.04867,0.13678,0.45797,1.25344,0.30765,0.26899,0.00123,2.38574,0.03122,1.13302,0.32443,0.30765,0.26899,1.80209,1.86798,1.8221,2.20324,2.38574,0.18338,0.58746
2026-01-25 07:00:00,1.53912,0,0.04826,0.03105,0.01419,0.0058,0.00679,0.00787,0.03073,0.1955,0.44351,0.89192,0.00564,1.13305,1.80194,0.00071,0.00523,0.00605,0,0.00361,0,1.82199,0.42818,0.17293,0.27791,0.01818,1.46036,0.32431,0.04856,0.13567,0.45786,1.2509,0.30763,0.26897,0.00123,2.3853,0.03113,1.13305,0.32431,0.30763,0.26897,1.80194,1.86781,1.82199,2.2029,2.3853,0.18328,0.58738
2026-01-25 08:00:00,1.53965,0,0.04821,0.03101,0.01416,0.0058,0.00678,0.00786,0.03066,0.1953,0.4432,0.89079,0.00564,1.13308,1.80178,0.00071,0.00523,0.00604,0,0.0036,0,1.82187,0.42929,0.17337,0.27767,0.01815,1.45932,0.32418,0.04844,0.13447,0.4578,1.24842,0.30762,0.26897,0.00123,2.38485,0.03104,1.13308,0.32418,0.30762,0.26897,1.80178,1.86765,1.82187,2.20254,2.38485,0.18323,0.58731
2026-01-25 09:00:00,1.54019,0,0.04815,0.03098,0.01411,0.00579,0.00677,0.00784,0.03059,0.1951,0.4429,0.88988,0.00564,1.13311,1.80162,0.00071,0.00522,0.00603,0,0.00359,0,1.82175,0.43069,0.1738,0.27742,0.01812,1.45829,0.32406,0.04833,0.13315,0.45773,1.24591,0.30761,0.26894,0.00123,2.3844,0.03096,1.13311,0.32406,0.30761,0.26894,1.80162,1.86747,1.82175,2.2022,2.3844,0.18316,0.58724
2026-01-25 10:00:00,1.54073,0,0.04809,0.03093,0.01408,0.00577,0.00676,0.00783,0.03052,0.19476,0.44247,0.88909,0.00564,1.13315,1.80146,0.00071,0.00521,0.00602,0,0.00357,0,1.82163,0.43173,0.17423,0.27717,0.01809,1.45725,0.32394,0.04821,0.13183,0.4576,1.24333,0.30759,0.26893,0.00123,2.38395,0.03087,1.13315,0.32394,0.30759,0.26893,1.80146,1.8673,1.82163,2.20187,2.38395,0.18303,0.58718
2026-01-25 11:00:00,1.54126,0,0.04802,0.03085,0.01404,0.00576,0.00675,0.00781,0.03046,0.19453,0.44209,0.88824,0.00563,1.13318,1.80131,0.00071,0.00521,0.00601,0,0.00355,0,1.82151,0.43193,0.17467,0.27693,0.01806,1.45621,0.32382,0.0481,0.13046,0.45745,1.24076,0.30758,0.2689,0.00122,2.38352,0.03078,1.13318,0.32382,0.30758,0.2689,1.80131,1.86714,1.82151,2.20153,2.38352,0.18288,0.58713
2026-01-25 12:00:00,1.5418,0,0.04797,0.03079,0.01401,0.00575,0.00674,0.0078,0.03039,0.19442,0.44175,0.88731,0.00563,1.13321,1.80115,0.00071,0.0052,0.006,0,0.00354,0,1.8214,0.43147,0.1751,0.27668,0.01802,1.45517,0.3237,0.04798,0.12909,0.45733,1.2382,0.30757,0.26889,0.00121,2.38307,0.03069,1.13321,0.3237,0.30757,0.26889,1.80115,1.86697,1.8214,2.20118,2.38307,0.18276,0.57881
2026-01-25 13:00:00,1.53469,0,0.04791,0.03075,0.01398,0.00575,0.00672,0.00779,0.03033,0.19421,0.4412,0.88625,0.00563,1.13325,1.80099,0.00071,0.00519,0.00599,0,0.00353,0,1.82128,0.43049,0.17466,0.27607,0.01799,1.45027,0.32359,0.04746,0.12776,0.45718,1.23411,0.30755,0.26888,0.0012,2.38263,0.0306,1.13325,0.32359,0.30755,0.26888,1.80099,1.86679,1.82128,2.20086,2.38263,0.18261,0.5614
2026-01-25 14:00:00,1.52758,0,0.04786,0.03071,0.01395,0.00575,0.0067,0.00777,0.03026,0.19382,0.44042,0.88503,0.00562,1.13327,1.80083,0.00071,0.00518,0.00598,0,0.00351,0,1.82117,0.42911,0.17423,0.27546,0.01796,1.44536,0.32346,0.04693,0.12626,0.45701,1.23,0.30754,0.26885,0.00119,2.38219,0.03052,1.13327,0.32346,0.30754,0.26885,1.80083,1.86663,1.82117,2.20052,2.38219,0.18244,0.56001
2026-01-25 15:00:00,1.52047,0,0.04781,0.03067,0.01392,0.00574,0.00669,0.00777,0.0302,0.19343,0.4396,0.88374,0.00562,1.13331,1.80067,0.00071,0.00518,0.00597,0,0.0035,0,1.82105,0.42743,0.1738,0.27485,0.01793,1.44046,0.32335,0.04641,0.1247,0.45669,1.22575,0.30752,0.26885,0.00119,2.38175,0.03043,1.13331,0.32335,0.30752,0.26885,1.80067,1.86646,1.82105,2.20019,2.38175,0.18212,0.55954
2026-01-25 16:00:00,1.51336,0,0.04775,0.03062,0.01388,0.00573,0.00668,0.00775,0.03013,0.19321,0.43889,0.88233,0.00562,1.13334,1.80052,0.00071,0.00517,0.00596,0,0.00349,0,1.82093,0.42549,0.17336,0.27424,0.0179,1.43556,0.32322,0.04588,0.12307,0.45596,1.22107,0.30751,0.26883,0.00118,2.38132,0.03034,1.13334,0.32322,0.30751,0.26883,1.80052,1.8663,1.82093,2.19985,2.38132,0.18139,0.55931
2026-01-25 17:00:00,1.50625,0,0.0477,0.03055,0.01385,0.00572,0.00667,0.00774,0.03006,0.19219,0.4375,0.88068,0.00561,1.13337,1.80037,0.00071,0.00516,0.00595,0,0.00347,0,1.82082,0.42334,0.17293,0.27363,0.01786,1.43065,0.3231,0.04536,0.12145,0.45502,1.21621,0.30749,0.26881,0.00117,2.38089,0.03026,1.13337,0.3231,0.30749,0.26881,1.80037,1.86613,1.82082,2.19953,2.38089,0.18046,0.55917
2026-01-25 18:00:00,1.49914,0,0.04765,0.03049,0.01383,0.00572,0.00666,0.00772,0.03,0.19188,0.43654,0.87886,0.00561,1.1334,1.80021,0.00071,0.00515,0.00594,0,0.00346,0,1.82071,0.42104,0.17249,0.27302,0.01783,1.42575,0.32298,0.04483,0.11978,0.45429,1.21153,0.30748,0.2688,0.00116,2.38046,0.03017,1.1334,0.32298,0.30748,0.2688,1.80021,1.86596,1.82071,2.19921,2.38046,0.17973,0.55908
2026-01-25 19:00:00,1.49683,0,0.04761,0.03044,0.0138,0.00572,0.00664,0.00771,0.02993,0.19152,0.43556,0.87705,0.0056,1.13344,1.80006,0.00071,0.00514,0.00594,0,0.00345,0,1.8206,0.4186,0.17183,0.27201,0.0178,1.42208,0.32286,0.04462,0.11948,0.45374,1.20915,0.30746,0.26877,0.00115,2.38002,0.03009,1.13344,0.32286,0.30746,0.26877,1.80006,1.8658,1.8206,2.19887,2.38002,0.17918,0.55901
2026-01-25 20:00:00,1.49452,0,0.04756,0.0304,0.01377,0.00571,0.00663,0.0077,0.02987,0.19038,0.43392,0.87501,0.00559,1.13346,1.7999,0.00071,0.00513,0.00593,0,0.00343,0,1.82048,0.41608,0.17117,0.271,0.01776,1.41841,0.32275,0.04441,0.11924,0.45341,1.20698,0.30745,0.26877,0.00115,2.3796,0.03,1.13346,0.32275,0.30745,0.26877,1.7999,1.86563,1.82048,2.19855,2.3796,0.17886,0.55896
2026-01-25 21:00:00,1.49222,0,0.04751,0.03037,0.01374,0.00571,0.00662,0.00769,0.02981,0.18992,0.43273,0.87286,0.00559,1.1335,1.79974,0.00071,0.00512,0.00592,0,0.00342,0,1.82037,0.41347,0.17051,0.26999,0.01773,1.41474,0.32262,0.0442,0.11908,0.45297,1.2047,0.30744,0.26874,0.00114,2.37917,0.02992,1.1335,0.32262,0.30744,0.26874,1.79974,1.86547,1.82037,2.19823,2.37917,0.17842,0.55893
2026-01-25 22:00:00,1.48991,0,0.04745,0.03032,0.0137,0.00569,0.00662,0.00767,0.02974,0.18942,0.43157,0.87085,0.00559,1.13354,1.79959,0.00071,0.00511,0.00592,0,0.00341,0,1.82026,0.41145,0.16985,0.26898,0.0177,1.41106,0.3225,0.04398,0.11895,0.45228,1.20216,0.30742,0.26874,0.00114,2.37875,0.02984,1.13354,0.3225,0.30742,0.26874,1.79959,1.86531,1.82026,2.19789,2.37875,0.17773,0.55889
2026-01-25 23:00:00,1.4876,0,0.04739,0.03025,0.01368,0.00568,0.00661,0.00766,0.02967,0.18891,0.43035,0.86861,0.00559,1.13357,1.79944,0.00071,0.0051,0.00591,0,0.00339,0,1.82014,0.41051,0.16919,0.26797,0.01767,1.40739,0.32238,0.04377,0.11886,0.45147,1.19952,0.30741,0.26872,0.00113,2.37832,0.02975,1.13357,0.32238,0.30741,0.26872,1.79944,1.86514,1.82014,2.19758,2.37832,0.17694,0.55887
2026-01-26 00:00:00,1.48529,0,0.04734,0.03019,0.01365,0.00567,0.0066,0.00764,0.02961,0.18908,0.42961,0.86624,0.00557,1.1336,1.79929,0.00071,0.00509,0.0059,0,0.00338,0,1.82004,0.41042,0.16853,0.26696,0.01764,1.40372,0.32226,0.04356,0.11875,0.45085,1.19706,0.3074,0.26869,0.00112,2.3779,0.02967,1.1336,0.32226,0.3074,0.26869,1.79929,1.86497,1.82004,2.19726,2.3779,0.17632,0.55885
2026-01-26 01:00:00,1.49946,0,0.04729,0.03014,0.01363,0.00567,0.00659,0.00764,0.02954,0.18862,0.42847,0.86418,0.00557,1.13363,1.79914,0.00071,0.00508,0.00589,0,0.00337,0,1.81992,0.41099,0.16897,0.26709,0.01761,1.40566,0.32214,0.04412,0.12207,0.45048,1.20177,0.30739,0.26869,0.00111,2.37748,0.02959,1.13363,0.32214,0.30739,0.26869,1.79914,1.86482,1.81992,2.19695,2.37748,0.17595,0.55883
2026-01-26 02:00:00,1.51362,0,0.04724,0.0301,0.0136,0.00567,0.00658,0.00762,0.02947,0.18907,0.42817,0.8624,0.00557,1.13367,1.79899,0.00071,0.00507,0.00589,0,0.00336,0,1.81982,0.41207,0.16942,0.26721,0.01758,1.40759,0.32202,0.04468,0.12569,0.45038,1.20677,0.30738,0.26867,0.0011,2.37706,0.0295,1.13367,0.32202,0.30738,0.26867,1.79899,1.86465,1.81982,2.19663,2.37706,0.17585,0.55882
2026-01-26 03:00:00,1.52779,0,0.04719,0.03007,0.01357,0.00566,0.00657,0.0076,0.02941,0.18895,0.42764,0.86099,0.00556,1.13369,1.79884,0.00071,0.00507,0.00588,0,0.00335,0,1.8197,0.41355,0.16987,0.26733,0.01755,1.40953,0.32191,0.04524,0.12942,0.45035,1.21184,0.30736,0.26866,0.0011,2.37664,0.02942,1.13369,0.32191,0.30736,0.26866,1.79884,1.86448,1.8197,2.1963,2.37664,0.17583,0.5588
2026-01-26 04:00:00,1.54195,0,0.04714,0.03002,0.01355,0.00565,0.00657,0.00759,0.02935,0.1893,0.42767,0.85976,0.00556,1.13373,1.79868,0.00071,0.00506,0.00587,0,0.00333,0,1.81959,0.41527,0.17031,0.26746,0.01752,1.41147,0.32178,0.0458,0.13328,0.45058,1.21716,0.30735,0.26864,0.00109,2.37622,0.02934,1.13373,0.32178,0.30735,0.26864,1.79868,1.86433,1.81959,2.19599,2.37622,0.17607,0.55879
2026-01-26 05:00:00,1.55612,0,0.04709,0.02994,0.01351,0.00564,0.00656,0.00757,0.02929,0.18974,0.42793,0.85882,0.00556,1.13376,1.79853,0.00071,0.00505,0.00586,0,0.00332,0,1.81948,0.41713,0.17076,0.26758,0.01749,1.4134,0.32167,0.04636,0.13718,0.45097,1.22265,0.30734,0.26863,0.00109,2.3758,0.02925,1.13376,0.32167,0.30734,0.26863,1.79853,1.86416,1.81948,2.19567,2.3758,0.17647,0.55878
2026-01-26 06:00:00,1.57028,0,0.04704,0.02988,0.01349,0.00564,0.00654,0.00757,0.02922,0.19026,0.42843,0.85823,0.00555,1.13381,1.79838,0.00071,0.00504,0.00585,0,0.00331,0,1.81937,0.41908,0.1712,0.26771,0.01746,1.41534,0.32155,0.04692,0.14107,0.45126,1.22802,0.30733,0.26861,0.00109,2.37539,0.02917,1.13381,0.32155,0.30733,0.26861,1.79838,1.864,1.81937,2.19535,2.37539,0.17676,0.55877
2026-01-26 07:00:00,1.57535,0,0.047,0.02984,0.01346,0.00564,0.00653,0.00755,0.02915,0.19087,0.42906,0.85785,0.00555,1.13385,1.79824,0.00071,0.00503,0.00584,0,0.0033,0,1.81927,0.42112,0.17196,0.26892,0.01743,1.41838,0.32143,0.04706,0.14007,0.45151,1.2269,0.30731,0.2686,0.00109,2.37497,0.02909,1.13385,0.32143,0.30731,0.2686,1.79824,1.86385,1.81927,2.19505,2.37497,0.17701,0.55876
2026-01-26 08:00:00,1.58041,0,0.04695,0.02979,0.01343,0.00563,0.00651,0.00754,0.02909,0.19123,0.4295,0.85782,0.00554,1.13388,1.79809,0.00071,0.00502,0.00583,0,0.00328,0,1.81915,0.42322,0.17271,0.27012,0.0174,1.42142,0.32132,0.0472,0.13897,0.45166,1.22569,0.3073,0.26858,0.00109,2.37455,0.02901,1.13388,0.32132,0.3073,0.26858,1.79809,1.86368,1.81915,2.19473,2.37455,0.17715,0.55876
2026-01-26 09:00:00,1.58548,0,0.04691,0.02974,0.01341,0.00562,0.0065,0.00753,0.02903,0.19161,0.43,0.85804,0.00554,1.13393,1.79795,0.00071,0.00502,0.00582,0,0.00327,0,1.81904,0.42537,0.17347,0.27133,0.01737,1.42447,0.3212,0.04733,0.13779,0.45183,1.2245,0.30729,0.26857,0.00109,2.37415,0.02893,1.13393,0.3212,0.30729,0.26857,1.79795,1.86352,1.81904,2.19441,2.37415,0.17733,0.55875
2026-01-26 10:00:00,1.59055,0,0.04686,0.02968,0.01338,0.00561,0.00649,0.00752,0.02897,0.19186,0.43041,0.85846,0.00554,1.13396,1.7978,0.00071,0.00501,0.00581,0,0.00325,0,1.81894,0.42699,0.17422,0.27254,0.01734,1.42751,0.32109,0.04747,0.13654,0.45209,1.22339,0.30727,0.26856,0.00109,2.37373,0.02884,1.13396,0.32109,0.30727,0.26856,1.7978,1.86337,1.81894,2.19411,2.37373,0.17759,0.55874
2026-01-26 11:00:00,1.59561,0,0.04682,0.02957,0.01334,0.00559,0.00648,0.0075,0.02891,0.19224,0.43091,0.85889,0.00553,1.134,1.79766,0.00071,0.005,0.0058,0,0.00324,0,1.81883,0.42765,0.17497,0.27374,0.01731,1.43055,0.32096,0.04761,0.1353,0.45237,1.22232,0.30726,0.26854,0.00108,2.37332,0.02876,1.134,0.32096,0.30726,0.26854,1.79766,1.8632,1.81883,2.19379,2.37332,0.17787,0.55874
2026-01-26 12:00:00,1.60068,0,0.04677,0.02949,0.01332,0.00559,0.00647,0.00749,0.02884,0.19274,0.43143,0.85927,0.00553,1.13403,1.79751,0.00071,0.00499,0.00579,0,0.00322,0,1.81873,0.42756,0.17573,0.27495,0.01728,1.43359,0.32085,0.04775,0.13403,0.45259,1.22117,0.30725,0.26852,0.00107,2.3729,0.02868,1.13403,0.32085,0.30725,0.26852,1.79751,1.86305,1.81873,2.19349,2.3729,0.17809,0.55644
2026-01-26 13:00:00,1.59542,0,0.04673,0.02942,0.0133,0.00559,0.00645,0.00747,0.02876,0.19311,0.43175,0.85952,0.00552,1.13407,1.79737,0.00071,0.00498,0.00578,0,0.00321,0,1.81862,0.42689,0.17545,0.27542,0.01725,1.43166,0.32073,0.04718,0.13234,0.45269,1.21717,0.30724,0.26852,0.00106,2.3725,0.0286,1.13407,0.32073,0.30724,0.26852,1.79737,1.86289,1.81862,2.19318,2.3725,0.17819,0.55393
2026-01-26 14:00:00,1.59016,0,0.04669,0.02938,0.01328,0.00558,0.00644,0.00747,0.02869,0.19322,0.43181,0.85958,0.00552,1.1341,1.79722,0.00071,0.00497,0.00578,0,0.0032,0,1.81852,0.42576,0.17518,0.2759,0.01722,1.42972,0.32061,0.0466,0.13039,0.45265,1.21302,0.30723,0.2685,0.00105,2.37209,0.02852,1.1341,0.32061,0.30723,0.2685,1.79722,1.86273,1.81852,2.19288,2.37209,0.17815,0.55358
2026-01-26 15:00:00,1.5849,0,0.04664,0.02935,0.01326,0.00558,0.00643,0.00745,0.02861,0.19329,0.43182,0.85954,0.00552,1.13414,1.79708,0.00071,0.00497,0.00577,0,0.00319,0,1.81841,0.42427,0.1749,0.27637,0.0172,1.42779,0.3205,0.04602,0.12828,0.45251,1.20877,0.30721,0.26849,0.00105,2.37169,0.02844,1.13414,0.3205,0.30721,0.26849,1.79708,1.86258,1.81841,2.19257,2.37169,0.17801,0.55324
2026-01-26 16:00:00,1.57964,0,0.04659,0.02932,0.01324,0.00557,0.00642,0.00744,0.02854,0.19346,0.43191,0.85934,0.00551,1.13416,1.79694,0.00071,0.00496,0.00576,0,0.00317,0,1.8183,0.42245,0.17462,0.27684,0.01717,1.42586,0.32038,0.04545,0.12615,0.45204,1.20424,0.3072,0.26848,0.00104,2.37128,0.02836,1.13416,0.32038,0.3072,0.26848,1.79694,1.86242,1.8183,2.19226,2.37128,0.17756,0.5529
2026-01-26 17:00:00,1.57438,0,0.04653,0.02927,0.01322,0.00556,0.00642,0.00742,0.02848,0.19281,0.43129,0.85889,0.0055,1.1342,1.7968,0.00071,0.00495,0.00575,0,0.00316,0,1.8182,0.42031,0.17435,0.27732,0.01714,1.42392,0.32026,0.04488,0.12396,0.45142,1.19952,0.30719,0.26846,0.00103,2.37088,0.02828,1.1342,0.32026,0.30719,0.26846,1.7968,1.86227,1.8182,2.19196,2.37088,0.17694,0.55255
2026-01-26 18:00:00,1.56912,0,0.04648,0.02923,0.01319,0.00556,0.00641,0.0074,0.02842,0.19283,0.43105,0.85822,0.0055,1.13424,1.79666,0.00071,0.00494,0.00574,0,0.00315,0,1.8181,0.41792,0.17407,0.27779,0.01711,1.42199,0.32014,0.0443,0.12173,0.45095,1.19494,0.30718,0.26845,0.00102,2.37047,0.0282,1.13424,0.32014,0.30718,0.26845,1.79666,1.86212,1.8181,2.19166,2.37047,0.17647,0.55221
2026-01-26 19:00:00,1.56918,0,0.04643,0.0292,0.01317,0.00555,0.0064,0.0074,0.02837,0.19277,0.43074,0.85751,0.0055,1.13426,1.79651,0.00071,0.00493,0.00573,0,0.00314,0,1.818,0.41534,0.17362,0.27734,0.01708,1.41872,0.32003,0.04416,0.12191,0.45058,1.19387,0.30717,0.26844,0.00101,2.37007,0.02812,1.13426,0.32003,0.30717,0.26844,1.79651,1.86196,1.818,2.19137,2.37007,0.1761,0.55187
2026-01-26 20:00:00,1.56924,0,0.04638,0.02917,0.01315,0.00555,0.00639,0.00738,0.02831,0.19181,0.42971,0.85656,0.0055,1.1343,1.79636,0.00071,0.00492,0.00573,0,0.00312,0,1.81789,0.4126,0.17317,0.27688,0.01705,1.41545,0.31991,0.04402,0.12225,0.45038,1.19298,0.30716,0.26842,0.00101,2.36967,0.02805,1.1343,0.31991,0.30716,0.26842,1.79636,1.8618,1.81789,2.19106,2.36967,0.1759,0.55152
2026-01-26 21:00:00,1.5693,0,0.04633,0.02914,0.01313,0.00555,0.00638,0.00737,0.02825,0.19155,0.42913,0.85544,0.00549,1.13432,1.79622,0.00071,0.00492,0.00572,0,0.00311,0,1.81779,0.40974,0.17273,0.27643,0.01702,1.41218,0.31979,0.04388,0.12266,0.4501,1.19202,0.30714,0.26841,0.001,2.36928,0.02797,1.13432,0.31979,0.30714,0.26841,1.79622,1.86166,1.81779,2.19076,2.36928,0.17563,0.55118
2026-01-26 22:00:00,1.56936,0,0.04628,0.02909,0.0131,0.00553,0.00638,0.00735,0.0282,0.19121,0.42857,0.85441,0.00549,1.13436,1.79608,0.00071,0.00491,0.00571,0,0.0031,0,1.81769,0.40744,0.17228,0.27598,0.017,1.40891,0.31968,0.04374,0.12314,0.4497,1.19094,0.30713,0.2684,0.001,2.36888,0.02789,1.13436,0.31968,0.30713,0.2684,1.79608,1.8615,1.81769,2.19046,2.36888,0.17523,0.55083
2026-01-26 23:00:00,1.56942,0,0.04623,0.02902,0.01308,0.00553,0.00637,0.00734,0.02814,0.19082,0.42785,0.85307,0.00549,1.13438,1.79594,0.00071,0.0049,0.0057,0,0.00308,0,1.81759,0.40619,0.17183,0.27552,0.01697,1.40564,0.31956,0.0436,0.1236,0.44925,1.18981,0.30712,0.26838,0.001,2.36848,0.02782,1.13438,0.31956,0.30712,0.26838,1.79594,1.86135,1.81759,2.19016,2.36848,0.17479,0.55049
2026-01-27 00:00:00,1.56948,0,0.04618,0.02896,0.01305,0.00552,0.00635,0.00733,0.02806,0.1912,0.42761,0.85158,0.00548,1.13442,1.7958,0.00071,0.00489,0.00569,0,0.00307,0,1.8175,0.40577,0.17138,0.27507,0.01694,1.40237,0.31945,0.04346,0.12411,0.4489,1.18876,0.30711,0.26838,0.001,2.36808,0.02774,1.13442,0.31945,0.30711,0.26838,1.7958,1.8612,1.8175,2.18987,2.36808,0.17444,0.55015
2026-01-27 01:00:00,1.58729,0,0.04614,0.02892,0.01304,0.00552,0.00634,0.00732,0.02798,0.19088,0.42694,0.8504,0.00548,1.13444,1.79566,0.00071,0.00488,0.00568,0,0.00306,0,1.81739,0.406,0.17207,0.2757,0.01692,1.40555,0.31933,0.04419,0.1278,0.44875,1.19494,0.3071,0.26836,0.001,2.36769,0.02766,1.13444,0.31933,0.3071,0.26836,1.79566,1.86105,1.81739,2.18956,2.36769,0.17429,0.55062
2026-01-27 02:00:00,1.6051,0,0.0461,0.02888,0.01302,0.00552,0.00632,0.0073,0.02791,0.19159,0.42712,0.84948,0.00547,1.13448,1.79552,0.00071,0.00488,0.00568,0,0.00305,0,1.8173,0.40672,0.17275,0.27632,0.01689,1.40873,0.31922,0.04493,0.13183,0.44878,1.2013,0.30709,0.26834,0.001,2.36729,0.02759,1.13448,0.31922,0.30709,0.26834,1.79552,1.86089,1.8173,2.18926,2.36729,0.17432,0.55109
2026-01-27 03:00:00,1.62291,0,0.04605,0.02885,0.01299,0.00551,0.00631,0.0073,0.02785,0.19166,0.42706,0.84886,0.00547,1.13451,1.79537,0.00071,0.00487,0.00567,0,0.00304,0,1.8172,0.40784,0.17344,0.27695,0.01686,1.41192,0.3191,0.04566,0.13601,0.44895,1.2078,0.30707,0.26834,0.001,2.36689,0.02751,1.13451,0.3191,0.30707,0.26834,1.79537,1.86075,1.8172,2.18898,2.36689,0.17449,0.55156
2026-01-27 04:00:00,1.64071,0,0.04601,0.0288,0.01297,0.00549,0.0063,0.00728,0.02778,0.19229,0.42757,0.84843,0.00547,1.13454,1.79522,0.00071,0.00486,0.00566,0,0.00303,0,1.81709,0.40943,0.17412,0.27758,0.01684,1.4151,0.31898,0.04639,0.14027,0.44953,1.2147,0.30706,0.26832,0.00099,2.36649,0.02743,1.13454,0.31898,0.30706,0.26832,1.79522,1.86059,1.81709,2.18868,2.36649,0.17508,0.55203
2026-01-27 05:00:00,1.65852,0,0.04596,0.02873,0.01296,0.00548,0.00629,0.00727,0.02771,0.19305,0.42837,0.84827,0.00546,1.13458,1.79508,0.00071,0.00486,0.00565,0,0.00302,0,1.817,0.41158,0.1748,0.2782,0.01681,1.41828,0.31888,0.04713,0.14461,0.45035,1.22187,0.30705,0.26831,0.00098,2.3661,0.02736,1.13458,0.31888,0.30705,0.26831,1.79508,1.86045,1.817,2.18839,2.3661,0.1759,0.5525
2026-01-27 06:00:00,1.67633,0,0.04592,0.02867,0.01294,0.00547,0.00627,0.00725,0.02765,0.19391,0.42943,0.84847,0.00546,1.1346,1.79495,0.00071,0.00485,0.00564,0,0.00301,0,1.8169,0.41417,0.17549,0.27883,0.01679,1.42146,0.31875,0.04786,0.14893,0.45097,1.22881,0.30704,0.2683,0.00097,2.36572,0.02728,1.1346,0.31875,0.30704,0.2683,1.79495,1.8603,1.8169,2.18809,2.36572,0.17652,0.55297
2026-01-27 07:00:00,1.68036,0,0.04588,0.02862,0.01291,0.00547,0.00626,0.00723,0.02759,0.19488,0.43061,0.84887,0.00546,1.13464,1.79481,0.00071,0.00484,0.00563,0,0.003,0,1.81681,0.41708,0.17639,0.28074,0.01676,1.42767,0.31864,0.04795,0.14782,0.45145,1.22821,0.30703,0.26828,0.00097,2.36532,0.02721,1.13464,0.31864,0.30703,0.26828,1.79481,1.86014,1.81681,2.1878,2.36532,0.177,0.55344
2026-01-27 08:00:00,1.68438,0,0.04584,0.02858,0.01289,0.00547,0.00625,0.00723,0.02753,0.19556,0.43164,0.84961,0.00545,1.13467,1.79467,0.00071,0.00483,0.00563,0,0.00299,0,1.81671,0.42026,0.1773,0.28265,0.01674,1.43389,0.31853,0.04804,0.14646,0.45172,1.22739,0.30702,0.26827,0.00096,2.36493,0.02713,1.13467,0.31853,0.30702,0.26827,1.79467,1.86,1.81671,2.18751,2.36493,0.17727,0.55391
2026-01-27 09:00:00,1.68841,0,0.04579,0.02855,0.01287,0.00546,0.00624,0.00721,0.02746,0.19625,0.43276,0.85064,0.00545,1.1347,1.79453,0.00071,0.00483,0.00562,0,0.00298,0,1.81661,0.42365,0.17821,0.28456,0.01671,1.4401,0.31842,0.04813,0.14497,0.45207,1.22668,0.307,0.26825,0.00096,2.36454,0.02705,1.1347,0.31842,0.307,0.26825,1.79453,1.85985,1.81661,2.18723,2.36454,0.17763,0.55437
2026-01-27 10:00:00,1.69244,0,0.04573,0.0285,0.01284,0.00545,0.00623,0.0072,0.02739,0.19675,0.4338,0.85185,0.00544,1.13473,1.79439,0.00071,0.00482,0.00561,0,0.00296,0,1.81652,0.42658,0.17911,0.28647,0.01669,1.44631,0.3183,0.04821,0.14344,0.4526,1.22611,0.30699,0.26825,0.00095,2.36416,0.02698,1.13473,0.3183,0.30699,0.26825,1.79439,1.85969,1.81652,2.18693,2.36416,0.17816,0.55484
2026-01-27 11:00:00,1.69646,0,0.04568,0.02843,0.01282,0.00544,0.00623,0.00718,0.02733,0.19742,0.43495,0.8531,0.00544,1.13477,1.79424,0.00071,0.00481,0.0056,0,0.00295,0,1.81642,0.42857,0.18001,0.28838,0.01666,1.45253,0.31819,0.0483,0.14184,0.45318,1.22561,0.30698,0.26823,0.00095,2.36377,0.0269,1.13477,0.31819,0.30698,0.26823,1.79424,1.85955,1.81642,2.18665,2.36377,0.17874,0.55531
2026-01-27 12:00:00,1.70049,0,0.04563,0.02837,0.0128,0.00544,0.00622,0.00717,0.02726,0.19822,0.43611,0.85431,0.00544,1.13479,1.79411,0.00071,0.0048,0.00559,0,0.00294,0,1.81633,0.42983,0.18092,0.29029,0.01664,1.45874,0.31807,0.04839,0.14028,0.45364,1.225,0.30697,0.26822,0.00095,2.36338,0.02683,1.13479,0.31807,0.30697,0.26822,1.79411,1.8594,1.81633,2.18636,2.36338,0.17921,0.55977
2026-01-27 13:00:00,1.6939,0,0.04558,0.02832,0.01277,0.00544,0.00621,0.00716,0.02719,0.19882,0.43704,0.8554,0.00543,1.13483,1.79397,0.00071,0.00479,0.00559,0,0.00293,0,1.81623,0.43051,0.18077,0.2913,0.01661,1.46002,0.31796,0.04798,0.13877,0.45391,1.22209,0.30696,0.26821,0.00095,2.36299,0.02676,1.13483,0.31796,0.30696,0.26821,1.79397,1.85925,1.81623,2.18606,2.36299,0.17948,0.56411
2026-01-27 14:00:00,1.68731,0,0.04553,0.02828,0.01275,0.00543,0.0062,0.00715,0.02713,0.19914,0.43766,0.85631,0.00544,1.13487,1.79383,0.00071,0.00478,0.00558,0,0.00292,0,1.81613,0.43074,0.18062,0.29231,0.01659,1.4613,0.31785,0.04756,0.13711,0.45398,1.21896,0.30695,0.2682,0.00095,2.36261,0.02668,1.13487,0.31785,0.30695,0.2682,1.79383,1.85911,1.81613,2.18579,2.36261,0.17955,0.56413
2026-01-27 15:00:00,1.68073,0,0.04548,0.02825,0.01273,0.00543,0.00619,0.00713,0.02707,0.19937,0.43821,0.85712,0.00543,1.13489,1.7937,0.00071,0.00477,0.00557,0,0.00291,0,1.81604,0.43062,0.18048,0.29332,0.01656,1.46258,0.31774,0.04715,0.13534,0.45398,1.21578,0.30694,0.26818,0.00095,2.36222,0.02661,1.13489,0.31774,0.30694,0.26818,1.7937,1.85896,1.81604,2.18549,2.36222,0.17955,0.56415
2026-01-27 16:00:00,1.67414,0,0.04543,0.0282,0.01271,0.00541,0.00618,0.00713,0.02701,0.19977,0.43881,0.85776,0.00542,1.13493,1.79356,0.00071,0.00477,0.00557,0,0.00289,0,1.81594,0.43009,0.18033,0.29433,0.01654,1.46385,0.31763,0.04674,0.13349,0.45377,1.21237,0.30693,0.26817,0.00095,2.36184,0.02654,1.13493,0.31763,0.30693,0.26817,1.79356,1.8588,1.81594,2.18521,2.36184,0.17934,0.56417
2026-01-27 17:00:00,1.66755,0,0.04538,0.02812,0.0127,0.0054,0.00617,0.00711,0.02694,0.1992,0.4386,0.85809,0.00542,1.13496,1.79343,0.00071,0.00476,0.00556,0,0.00288,0,1.81585,0.42907,0.18018,0.29534,0.01651,1.46513,0.31752,0.04632,0.13165,0.45343,1.20884,0.30692,0.26817,0.00094,2.36145,0.02646,1.13496,0.31752,0.30692,0.26817,1.79343,1.85866,1.81585,2.18493,2.36145,0.179,0.56419
2026-01-27 18:00:00,1.66096,0,0.04533,0.02806,0.01268,0.00539,0.00616,0.0071,0.02688,0.19969,0.43878,0.85817,0.00542,1.13499,1.7933,0.00071,0.00475,0.00555,0,0.00287,0,1.81576,0.42767,0.18003,0.29635,0.01649,1.46641,0.3174,0.04591,0.12979,0.45317,1.2054,0.30691,0.26815,0.00093,2.36107,0.02639,1.13499,0.3174,0.30691,0.26815,1.7933,1.85851,1.81576,2.18465,2.36107,0.17875,0.56421
2026-01-27 19:00:00,1.66568,0,0.04529,0.02802,0.01267,0.00539,0.00615,0.00708,0.02681,0.1999,0.43888,0.85821,0.00542,1.13502,1.79315,0.00071,0.00474,0.00554,0,0.00286,0,1.81567,0.42599,0.17992,0.29655,0.01647,1.4654,0.31729,0.04602,0.1316,0.45299,1.20784,0.3069,0.26815,0.00092,2.36069,0.02632,1.13502,0.31729,0.3069,0.26815,1.79315,1.85836,1.81567,2.18436,2.36069,0.17857,0.56424
2026-01-27 20:00:00,1.67041,0,0.04525,0.02798,0.01264,0.00539,0.00613,0.00707,0.02674,0.19893,0.43822,0.85802,0.00541,1.13506,1.79302,0.00071,0.00473,0.00554,0,0.00285,0,1.81557,0.42407,0.1798,0.29675,0.01644,1.46438,0.31717,0.04612,0.13363,0.45292,1.21038,0.30689,0.26813,0.00091,2.36031,0.02624,1.13506,0.31717,0.30689,0.26813,1.79302,1.85822,1.81557,2.18408,2.36031,0.1785,0.56427
2026-01-27 21:00:00,1.67513,0,0.0452,0.02794,0.01262,0.00538,0.00612,0.00706,0.02668,0.19891,0.43815,0.85763,0.0054,1.13509,1.79289,0.00071,0.00473,0.00553,0,0.00284,0,1.81547,0.42199,0.17969,0.29695,0.01642,1.46337,0.31707,0.04623,0.13574,0.45285,1.21293,0.30687,0.26812,0.00091,2.35993,0.02617,1.13509,0.31707,0.30687,0.26812,1.79289,1.85808,1.81547,2.1838,2.35993,0.17844,0.56431
2026-01-27 22:00:00,1.67985,0,0.04516,0.02789,0.01261,0.00537,0.0061,0.00705,0.02663,0.19885,0.4382,0.85736,0.0054,1.13512,1.79275,0.00071,0.00472,0.00552,0,0.00282,0,1.81538,0.42035,0.17958,0.29715,0.0164,1.46236,0.31695,0.04633,0.13792,0.45285,1.21553,0.30686,0.26811,0.0009,2.35955,0.0261,1.13512,0.31695,0.30686,0.26811,1.79275,1.85793,1.81538,2.18352,2.35955,0.17844,0.56435
2026-01-27 23:00:00,1.68458,0,0.04511,0.02782,0.01259,0.00536,0.00609,0.00704,0.02657,0.19879,0.43806,0.85679,0.0054,1.13516,1.79262,0.00071,0.00471,0.00551,0,0.00281,0,1.81529,0.41965,0.17946,0.29735,0.01637,1.46134,0.31685,0.04644,0.14012,0.4529,1.2182,0.30685,0.2681,0.00089,2.35918,0.02602,1.13516,0.31685,0.30685,0.2681,1.79262,1.85779,1.81529,2.18324,2.35918,0.17849,0.56439
2026-01-28 00:00:00,1.6893,0,0.04507,0.02776,0.01258,0.00536,0.00608,0.00703,0.0265,0.19976,0.43837,0.85611,0.0054,1.13519,1.79249,0.00071,0.0047,0.0055,0,0.0028,0,1.8152,0.41969,0.17935,0.29755,0.01635,1.46033,0.31673,0.04654,0.14231,0.45293,1.22083,0.30684,0.2681,0.00088,2.3588,0.02595,1.13519,0.31673,0.30684,0.2681,1.79249,1.85764,1.8152,2.18297,2.3588,0.17852,0.56444
2026-01-28 01:00:00,1.71071,0,0.04503,0.02771,0.01256,0.00535,0.00607,0.00702,0.02643,0.20002,0.43828,0.85583,0.0054,1.13523,1.79236,0.00071,0.00469,0.00549,0,0.00279,0,1.8151,0.42029,0.18028,0.29894,0.01633,1.46523,0.31662,0.04734,0.14551,0.45303,1.22733,0.30683,0.26807,0.00087,2.35842,0.02588,1.13523,0.31662,0.30683,0.26807,1.79236,1.85751,1.8151,2.18268,2.35842,0.17864,0.56451
2026-01-28 02:00:00,1.73212,0,0.04499,0.02767,0.01254,0.00535,0.00606,0.00702,0.02637,0.20185,0.43911,0.85583,0.00539,1.13525,1.79223,0.00071,0.00469,0.00548,0,0.00278,0,1.81501,0.42134,0.18122,0.30033,0.01631,1.47013,0.31651,0.04814,0.14895,0.45322,1.23391,0.30682,0.26807,0.00087,2.35805,0.02581,1.13525,0.31651,0.30682,0.26807,1.79223,1.85736,1.81501,2.18241,2.35805,0.17883,0.56458
2026-01-28 03:00:00,1.75353,0,0.04495,0.02764,0.01252,0.00535,0.00605,0.00701,0.02631,0.20289,0.43974,0.8561,0.00539,1.13529,1.79209,0.00071,0.00468,0.00548,0,0.00277,0,1.81493,0.42273,0.18215,0.30172,0.01628,1.47504,0.31639,0.04894,0.15257,0.45358,1.24067,0.30681,0.26806,0.00086,2.35768,0.02574,1.13529,0.31639,0.30681,0.26806,1.79209,1.85721,1.81493,2.18213,2.35768,0.1792,0.56467
2026-01-28 04:00:00,1.77494,0,0.0449,0.02759,0.01251,0.00533,0.00604,0.007,0.02626,0.20461,0.44106,0.85655,0.00538,1.13532,1.79196,0.00071,0.00467,0.00547,0,0.00276,0,1.81483,0.42474,0.18308,0.3031,0.01626,1.47994,0.31629,0.04974,0.15621,0.45447,1.24794,0.3068,0.26805,0.00086,2.3573,0.02567,1.13532,0.31629,0.3068,0.26805,1.79196,1.85708,1.81483,2.18186,2.3573,0.18009,0.56479
2026-01-28 05:00:00,1.79635,0,0.04486,0.02752,0.01249,0.00533,0.00604,0.00699,0.0262,0.2064,0.44282,0.8573,0.00538,1.13536,1.79183,0.00071,0.00467,0.00546,0,0.00275,0,1.81475,0.42757,0.18402,0.30449,0.01624,1.48484,0.31618,0.05054,0.15992,0.45562,1.25547,0.30679,0.26804,0.00086,2.35693,0.0256,1.13536,0.31618,0.30679,0.26804,1.79183,1.85693,1.81475,2.18158,2.35693,0.18124,0.56494
2026-01-28 06:00:00,1.81776,0,0.04482,0.02746,0.01248,0.00532,0.00603,0.00698,0.02613,0.20822,0.44502,0.85844,0.00538,1.13539,1.7917,0.00071,0.00466,0.00545,0,0.00274,0,1.81465,0.43105,0.18495,0.30588,0.01621,1.48974,0.31607,0.05134,0.16364,0.45651,1.26274,0.30678,0.26802,0.00086,2.35655,0.02553,1.13539,0.31607,0.30678,0.26802,1.7917,1.85679,1.81465,2.1813,2.35655,0.18213,0.56514
2026-01-28 07:00:00,1.82566,0,0.04478,0.02741,0.01246,0.00532,0.00602,0.00698,0.02606,0.21012,0.44742,0.85985,0.00537,1.13543,1.79158,0.00071,0.00465,0.00544,0,0.00273,0,1.81457,0.43503,0.18596,0.30833,0.01619,1.49822,0.31596,0.05157,0.16306,0.45719,1.26368,0.30677,0.26802,0.00086,2.35619,0.02546,1.13543,0.31596,0.30677,0.26802,1.79158,1.85665,1.81457,2.18103,2.35619,0.18281,0.56541
2026-01-28 08:00:00,1.83355,0,0.04474,0.02737,0.01245,0.00532,0.00601,0.00697,0.02599,0.21145,0.44973,0.86172,0.00538,1.13545,1.79145,0.00071,0.00464,0.00544,0,0.00272,0,1.81448,0.4394,0.18696,0.31078,0.01617,1.50671,0.31585,0.0518,0.1623,0.45758,1.26434,0.30676,0.268,0.00086,2.35581,0.02539,1.13545,0.31585,0.30676,0.268,1.79145,1.85651,1.81448,2.18076,2.35581,0.1832,0.56583
2026-01-28 09:00:00,1.84145,0,0.0447,0.02734,0.01242,0.00531,0.006,0.00696,0.02593,0.21273,0.45213,0.86401,0.00538,1.13549,1.79132,0.00071,0.00464,0.00543,0,0.00271,0,1.81439,0.44408,0.18797,0.31324,0.01614,1.51519,0.31573,0.05204,0.16143,0.45809,1.26513,0.30675,0.26799,0.00086,2.35544,0.02533,1.13549,0.31573,0.30675,0.26799,1.79132,1.85636,1.81439,2.18048,2.35544,0.18371,0.56652
2026-01-28 10:00:00,1.84934,0,0.04466,0.02729,0.01241,0.0053,0.00599,0.00696,0.02587,0.21363,0.4544,0.86663,0.00537,1.13553,1.79118,0.00071,0.00463,0.00542,0,0.00269,0,1.8143,0.44837,0.18898,0.31569,0.01612,1.52367,0.31562,0.05227,0.16047,0.45887,1.26617,0.30674,0.26799,0.00085,2.35507,0.02526,1.13553,0.31562,0.30674,0.26799,1.79118,1.85623,1.8143,2.1802,2.35507,0.1845,0.5679
2026-01-28 11:00:00,1.85724,0,0.04461,0.02721,0.01239,0.00529,0.00599,0.00695,0.02581,0.21465,0.4567,0.86933,0.00537,1.13556,1.79106,0.00071,0.00462,0.00541,0,0.00268,0,1.81421,0.45175,0.18998,0.31814,0.0161,1.53216,0.31552,0.0525,0.15953,0.45977,1.26734,0.30673,0.26797,0.00084,2.35471,0.02519,1.13556,0.31552,0.30673,0.26797,1.79106,1.85609,1.81421,2.17994,2.35471,0.1854,0.57205
2026-01-28 12:00:00,1.86513,0,0.04457,0.02715,0.01238,0.00529,0.00598,0.00694,0.02576,0.21577,0.45892,0.87206,0.00536,1.1356,1.79093,0.00071,0.00461,0.0054,0,0.00267,0,1.81413,0.45443,0.19099,0.32059,0.01608,1.54064,0.3154,0.05273,0.15856,0.46048,1.26831,0.30672,0.26797,0.00083,2.35434,0.02512,1.1356,0.3154,0.30672,0.26797,1.79093,1.85595,1.81413,2.17967,2.35434,0.18611,0.57581
2026-01-28 13:00:00,1.85636,0,0.04453,0.02711,0.01237,0.00529,0.00597,0.00693,0.02572,0.21643,0.46074,0.87462,0.00536,1.13562,1.79081,0.00071,0.0046,0.0054,0,0.00266,0,1.81404,0.45656,0.19093,0.32183,0.01605,1.54544,0.3153,0.05232,0.15669,0.46092,1.26529,0.30671,0.26795,0.00082,2.35397,0.02505,1.13562,0.3153,0.30671,0.26795,1.79081,1.85582,1.81404,2.17939,2.35397,0.18655,0.59038
2026-01-28 14:00:00,1.84758,0,0.0445,0.02707,0.01235,0.00528,0.00596,0.00693,0.02567,0.21646,0.46215,0.87689,0.00535,1.13566,1.79069,0.00071,0.00459,0.00539,0,0.00265,0,1.81395,0.45826,0.19088,0.32308,0.01603,1.55024,0.31518,0.0519,0.15455,0.46107,1.26197,0.30671,0.26794,0.00082,2.3536,0.02498,1.13566,0.31518,0.30671,0.26794,1.79069,1.85567,1.81395,2.17913,2.3536,0.1867,0.59038
2026-01-28 15:00:00,1.83881,0,0.04446,0.02705,0.01233,0.00528,0.00595,0.00692,0.02562,0.21634,0.46336,0.87895,0.00533,1.13569,1.79056,0.00071,0.00459,0.00538,0,0.00264,0,1.81387,0.45963,0.19082,0.32432,0.01601,1.55504,0.31508,0.05149,0.15231,0.46117,1.25861,0.3067,0.26793,0.00081,2.35323,0.02492,1.13569,0.31508,0.3067,0.26793,1.79056,1.85553,1.81387,2.17885,2.35323,0.1868,0.59038
2026-01-28 16:00:00,1.83004,0,0.04441,0.02702,0.01231,0.00526,0.00595,0.00691,0.02557,0.21646,0.46452,0.88069,0.00532,1.13573,1.79044,0.00071,0.00458,0.00538,0,0.00263,0,1.81378,0.46024,0.19076,0.32556,0.01599,1.55985,0.31496,0.05108,0.14998,0.46108,1.25505,0.30669,0.26792,0.00081,2.35287,0.02485,1.13573,0.31496,0.30669,0.26792,1.79044,1.8554,1.81378,2.17859,2.35287,0.18671,0.59038
2026-01-28 17:00:00,1.82126,0,0.04437,0.02698,0.0123,0.00525,0.00594,0.0069,0.02551,0.2153,0.46462,0.88197,0.00532,1.13576,1.79031,0.00071,0.00457,0.00537,0,0.00262,0,1.8137,0.45976,0.19071,0.32681,0.01597,1.56465,0.31485,0.05066,0.14765,0.46087,1.25137,0.30668,0.26791,0.0008,2.3525,0.02478,1.13576,0.31485,0.30668,0.26791,1.79031,1.85526,1.8137,2.17831,2.3525,0.1865,0.59038
2026-01-28 18:00:00,1.81249,0,0.04433,0.02694,0.01228,0.00524,0.00592,0.00689,0.02547,0.21532,0.46496,0.88287,0.00531,1.1358,1.79018,0.00071,0.00456,0.00536,0,0.00261,0,1.81361,0.45844,0.19065,0.32805,0.01595,1.56945,0.31475,0.05025,0.14528,0.46071,1.24776,0.30667,0.2679,0.00078,2.35213,0.02471,1.1358,0.31475,0.30667,0.2679,1.79018,1.85512,1.81361,2.17804,2.35213,0.18635,0.59038
2026-01-28 19:00:00,1.81128,0,0.04429,0.02691,0.01227,0.00524,0.00591,0.00688,0.02541,0.21524,0.46506,0.88356,0.0053,1.13583,1.79006,0.00071,0.00455,0.00535,0,0.0026,0,1.81353,0.45647,0.19021,0.32777,0.01593,1.56647,0.31464,0.05029,0.14639,0.46059,1.24906,0.30666,0.26789,0.00077,2.35176,0.02464,1.13583,0.31464,0.30666,0.26789,1.79006,1.855,1.81353,2.17778,2.35176,0.18623,0.59038
2026-01-28 20:00:00,1.81007,0,0.04425,0.02689,0.01226,0.00524,0.00589,0.00688,0.02536,0.2138,0.46421,0.88376,0.00529,1.13586,1.78994,0.00071,0.00455,0.00535,0,0.00259,0,1.81345,0.45398,0.18978,0.32748,0.0159,1.56348,0.31453,0.05034,0.14767,0.46053,1.25044,0.30665,0.26788,0.00076,2.35141,0.02458,1.13586,0.31453,0.30665,0.26788,1.78994,1.85486,1.81345,2.17751,2.35141,0.18617,0.59038
2026-01-28 21:00:00,1.80887,0,0.04421,0.02685,0.01224,0.00523,0.00588,0.00687,0.0253,0.21349,0.46383,0.88351,0.00528,1.1359,1.78982,0.00071,0.00454,0.00534,0,0.00258,0,1.81336,0.4511,0.18934,0.3272,0.01588,1.56049,0.31441,0.05038,0.14903,0.46047,1.2518,0.30664,0.26787,0.00076,2.35104,0.02451,1.1359,0.31441,0.30664,0.26787,1.78982,1.85473,1.81336,2.17725,2.35104,0.18611,0.59038
2026-01-28 22:00:00,1.80766,0,0.04417,0.02681,0.01221,0.00522,0.00587,0.00686,0.02525,0.21316,0.46351,0.88316,0.00527,1.13593,1.7897,0.00071,0.00453,0.00533,0,0.00257,0,1.81328,0.44841,0.1889,0.32691,0.01586,1.55751,0.31431,0.05042,0.15045,0.46042,1.25318,0.30663,0.26785,0.00076,2.35068,0.02444,1.13593,0.31431,0.30663,0.26785,1.7897,1.85459,1.81328,2.17698,2.35068,0.18606,0.59038
2026-01-28 23:00:00,1.80645,0,0.04412,0.02674,0.0122,0.00521,0.00586,0.00685,0.0252,0.2128,0.46296,0.88231,0.00527,1.13597,1.78958,0.00071,0.00453,0.00532,0,0.00256,0,1.8132,0.44638,0.18847,0.32662,0.01584,1.55453,0.3142,0.05047,0.15191,0.4604,1.2546,0.30662,0.26784,0.00075,2.35032,0.02438,1.13597,0.3142,0.30662,0.26784,1.78958,1.85446,1.8132,2.17672,2.35032,0.18604,0.59038
2026-01-29 00:00:00,1.80524,0,0.04408,0.02668,0.01219,0.00521,0.00584,0.00685,0.02514,0.21365,0.46289,0.88116,0.00526,1.136,1.78946,0.00071,0.00452,0.00531,0,0.00255,0,1.81313,0.44486,0.18803,0.32634,0.01582,1.55154,0.31409,0.05051,0.15333,0.46038,1.256,0.30661,0.26783,0.00075,2.34996,0.02431,1.136,0.31409,0.30661,0.26783,1.78946,1.85433,1.81313,2.17644,2.34996,0.18602,0.59038
2026-01-29 01:00:00,1.81492,0,0.04405,0.02664,0.01217,0.00521,0.00583,0.00685,0.02508,0.21349,0.46236,0.88025,0.00525,1.13604,1.78934,0.00071,0.00451,0.0053,0,0.00254,0,1.81304,0.44373,0.18816,0.32634,0.0158,1.55159,0.31399,0.05106,0.15511,0.46046,1.25984,0.3066,0.26782,0.00075,2.3496,0.02425,1.13604,0.31399,0.3066,0.26782,1.78934,1.85419,1.81304,2.17618,2.3496,0.1861,0.59038
2026-01-29 02:00:00,1.8246,0,0.04401,0.0266,0.01216,0.0052,0.00582,0.00685,0.02503,0.21484,0.4627,0.87944,0.00524,1.13607,1.78921,0.00071,0.0045,0.0053,0,0.00253,0,1.81296,0.44291,0.18829,0.32635,0.01578,1.55165,0.31388,0.0516,0.15707,0.46063,1.26375,0.3066,0.26782,0.00075,2.34923,0.02418,1.13607,0.31388,0.3066,0.26782,1.78921,1.85406,1.81296,2.17591,2.34923,0.18627,0.59038
2026-01-29 03:00:00,1.83428,0,0.04397,0.02657,0.01214,0.0052,0.00581,0.00684,0.02497,0.21516,0.46279,0.87883,0.00523,1.1361,1.78909,0.00071,0.0045,0.00529,0,0.00252,0,1.81288,0.44234,0.18842,0.32635,0.01576,1.5517,0.31376,0.05215,0.15911,0.46098,1.26786,0.30659,0.2678,0.00075,2.34887,0.02412,1.1361,0.31376,0.30659,0.2678,1.78909,1.85394,1.81288,2.17565,2.34887,0.18662,0.59038
2026-01-29 04:00:00,1.84396,0,0.04392,0.02652,0.01212,0.00519,0.0058,0.00684,0.02491,0.21615,0.46351,0.87832,0.00523,1.13613,1.78897,0.00071,0.00449,0.00528,0,0.00251,0,1.8128,0.4423,0.18854,0.32635,0.01574,1.55175,0.31365,0.05269,0.1612,0.46183,1.27245,0.30658,0.26779,0.00075,2.34851,0.02405,1.13613,0.31365,0.30658,0.26779,1.78897,1.8538,1.8128,2.17539,2.34851,0.18748,0.59038
2026-01-29 05:00:00,1.85364,0,0.04388,0.02645,0.0121,0.00518,0.0058,0.00684,0.02485,0.21719,0.4646,0.87803,0.00522,1.13617,1.78885,0.00071,0.00448,0.00527,0,0.0025,0,1.81273,0.44304,0.18867,0.32636,0.01572,1.55181,0.31355,0.05324,0.16335,0.46294,1.27733,0.30657,0.26778,0.00074,2.34815,0.02399,1.13617,0.31355,0.30657,0.26778,1.78885,1.85367,1.81273,2.17512,2.34815,0.18859,0.59038
2026-01-29 06:00:00,1.86332,0,0.04384,0.02639,0.01209,0.00518,0.00579,0.00683,0.02478,0.21825,0.4662,0.87807,0.0052,1.13621,1.78873,0.00071,0.00447,0.00526,0,0.00249,0,1.81265,0.44439,0.1888,0.32636,0.0157,1.55186,0.31344,0.05378,0.16549,0.4638,1.28193,0.30656,0.26777,0.00073,2.34779,0.02392,1.13621,0.31344,0.30656,0.26777,1.78873,1.85354,1.81265,2.17487,2.34779,0.18945,0.59038
2026-01-29 07:00:00,1.86133,0,0.0438,0.02635,0.01208,0.00517,0.00578,0.00683,0.02472,0.21936,0.46779,0.8783,0.00519,1.13624,1.78861,0.00071,0.00446,0.00526,0,0.00248,0,1.81256,0.4462,0.18948,0.32719,0.01568,1.55502,0.31333,0.05398,0.1654,0.46451,1.28461,0.30655,0.26777,0.00072,2.34743,0.02386,1.13624,0.31333,0.30655,0.26777,1.78861,1.85341,1.81256,2.1746,2.34743,0.19016,0.59038
2026-01-29 08:00:00,1.85934,0,0.04377,0.02631,0.01208,0.00517,0.00577,0.00682,0.02466,0.21991,0.46909,0.87896,0.00519,1.13628,1.78849,0.00071,0.00446,0.00525,0,0.00247,0,1.81249,0.44838,0.19016,0.32802,0.01566,1.55818,0.31323,0.05418,0.16516,0.46499,1.28704,0.30655,0.26775,0.00071,2.34707,0.02379,1.13628,0.31323,0.30655,0.26775,1.78849,1.85328,1.81249,2.17435,2.34707,0.19064,0.59038
2026-01-29 09:00:00,1.85736,0,0.04373,0.02627,0.01207,0.00517,0.00576,0.00682,0.0246,0.22035,0.47035,0.88003,0.00518,1.13631,1.78837,0.00071,0.00445,0.00524,0,0.00246,0,1.81241,0.45084,0.19084,0.32885,0.01565,1.56134,0.31311,0.05438,0.16488,0.46568,1.2897,0.30654,0.26775,0.00071,2.34672,0.02373,1.13631,0.31311,0.30654,0.26775,1.78837,1.85315,1.81241,2.17408,2.34672,0.19133,0.59038
2026-01-29 10:00:00,1.85537,0,0.04368,0.02622,0.01206,0.00515,0.00575,0.00681,0.02454,0.22046,0.4714,0.88137,0.00517,1.13635,1.78825,0.00071,0.00444,0.00524,0,0.00245,0,1.81234,0.45303,0.19152,0.32967,0.01563,1.5645,0.31301,0.05458,0.16454,0.46692,1.29292,0.30653,0.26774,0.00071,2.34636,0.02367,1.13635,0.31301,0.30653,0.26774,1.78825,1.85302,1.81234,2.17383,2.34636,0.19258,0.59038
2026-01-29 11:00:00,1.85338,0,0.04364,0.02615,0.01204,0.00515,0.00575,0.0068,0.02448,0.22068,0.47241,0.88264,0.00516,1.13638,1.78814,0.00071,0.00444,0.00523,0,0.00244,0,1.81226,0.45451,0.1922,0.3305,0.01561,1.56766,0.3129,0.05478,0.16421,0.4684,1.29636,0.30652,0.26773,0.00071,2.34601,0.0236,1.13638,0.3129,0.30652,0.26773,1.78814,1.85289,1.81226,2.17357,2.34601,0.19407,0.59038
2026-01-29 12:00:00,1.85139,0,0.0436,0.02609,0.01203,0.00514,0.00574,0.0068,0.02443,0.22103,0.4733,0.88376,0.00515,1.13641,1.78802,0.00071,0.00443,0.00522,0,0.00243,0,1.81219,0.45545,0.19288,0.33133,0.01559,1.57082,0.3128,0.05498,0.16385,0.46956,1.29951,0.30651,0.26772,0.00071,2.34565,0.02354,1.13641,0.3128,0.30651,0.26772,1.78802,1.85277,1.81219,2.17331,2.34565,0.19524,0.59019
