GMT,FRAC1,LTDC1,HIDC1,BHNC1,MPAC1,OWCC1,BNCC1,BCKC1,MEEC1,HPIC1,POHC1,EXQC1,DSNC1,STVC1,NWMC1,LGCC1,WARC1,LGAC1,PNEC1,LBDC1,OREC1,PATC1,HETC1,LNRC1,CHVC1F,DCMC1,NDPC1,MDSC1,NDVC1,NSWC1,AVYC1,NMSC1,OBBC1,RIPC1,PTTC1,VNSC1,KNFC1L,STVC1,MDSC1,OBBC1,RIPC1,NWMC1,CRDC1,PATC1,MZRC1,VNSC1,AVYC1L,NDPC1L
,QINE,QINE,QINE,QINE,QINE,QINE,QINE,QINE,QINE,QINE,QINE,QINE,QINE,QINE,QINE,QINE,QINE,QINE,QINE,QINE,QINE,QINE,QINE,QINE,QINE,QINE,QINE,QINE,QINE,QINE,QINE,QINE,QINE,QINE,QINE,QINE,QINE,QINE,QINE,QINE,QINE,QINE,QINE,QINE,QINE,QINE,SQIN,SQIN
2026-01-11 12:00:00,2.07508,0,0.09273,0.08893,0.04901,0.011,0.018,0.024,0.09914,0.19448,0.46168,1.53207,0.00932,1.11712,2.34918,0.00185,0.00911,0.01125,0,0.02125,0.00183,2.32626,0.6304,0.21136,0.35863,0.06801,1.85535,0.42049,0.06397,0.1143,0.51706,1.46839,0.23503,0.24812,0.00363,3.09564,0.08572,1.11712,0.42049,0.23503,0.24812,2.34918,2.52878,2.32626,3.033,3.09564,0.27433,0.93152
2026-01-11 13:00:00,2.04671,0,0.09935,0.09701,0.04801,0.011,0.018,0.024,0.09914,0.19448,0.45408,1.519,0.00932,1.12012,2.33995,0.00185,0.0091,0.0112,0,0.00886,0.00195,2.32126,0.61185,0.21972,0.28677,0.06301,1.86043,0.41778,0.0636,0.10998,0.53506,1.44703,0.23503,0.24812,0.00363,3.09564,0.08545,1.12012,0.41778,0.23503,0.24812,2.33995,2.52338,2.32126,3.03073,3.09564,0.27342,0.89796
2026-01-11 14:00:00,2.01834,0,0.10589,0.09701,0.04801,0.011,0.018,0.024,0.09758,0.19173,0.44655,1.50624,0.00868,1.12313,2.33995,0.00185,0.00908,0.01109,0,0.00533,0.00183,2.32126,0.55554,0.21861,0.26782,0.06101,1.8655,0.41506,0.06323,0.12781,0.52406,1.42603,0.23503,0.24666,0.00363,3.09564,0.08517,1.12313,0.41506,0.23503,0.24666,2.33995,2.52338,2.32126,3.02837,3.09564,0.27288,0.89616
2026-01-11 15:00:00,2.01834,0,0.09926,0.09701,0.04801,0.011,0.018,0.024,0.09758,0.19173,0.44281,1.4936,0.00868,1.12313,2.32614,0.00185,0.00907,0.01108,0,0.00712,0.00183,2.32126,0.55554,0.19866,0.30112,0.06101,1.87058,0.41236,0.06294,0.14256,0.52806,1.40504,0.23503,0.24666,0.00363,3.08687,0.0849,1.12313,0.41236,0.23503,0.24666,2.32614,2.51257,2.32126,3.02594,3.08687,0.27215,0.89556
2026-01-11 16:00:00,2.01834,0,0.09276,0.09701,0.04801,0.011,0.018,0.024,0.09603,0.189,0.44281,1.48102,0.00868,1.12613,2.32614,0.00185,0.00905,0.01103,0,0.00356,0.00183,2.32126,0.55475,0.19719,0.33555,0.06201,1.87819,0.40965,0.06293,0.15115,0.52806,1.38383,0.23503,0.2452,0.00363,3.08687,0.08463,1.12613,0.40965,0.23503,0.2452,2.32614,2.50718,2.32126,3.02342,3.08687,0.27094,0.89526
2026-01-11 17:00:00,2.01834,0,0.09285,0.09701,0.036,0.011,0.018,0.024,0.09603,0.1863,0.43168,1.46852,0.00868,1.12012,2.31694,0.00185,0.00903,0.01095,0,-0.01772,0.00172,2.31626,0.53624,0.20503,0.31782,0.06101,1.88579,0.40696,0.06256,0.17143,0.52106,1.36262,0.23503,0.2452,0.00363,3.07811,0.08435,1.12012,0.40696,0.23503,0.2452,2.31694,2.50179,2.31626,3.02069,3.07811,0.26955,0.89508
2026-01-11 18:00:00,1.98968,0,0.09279,0.09701,0.04801,0.01,0.018,0.024,0.09451,0.1863,0.428,1.45757,0.00868,1.12012,2.30776,0.00185,0.00902,0.011,0,-0.02481,0.00172,2.31126,0.4792,0.19439,0.24554,0.05801,1.8934,0.40696,0.06155,0.17634,0.52806,1.34172,0.23503,0.24374,0.00363,3.07811,0.08408,1.12012,0.40696,0.23503,0.24374,2.30776,2.49641,2.31126,3.01775,3.07811,0.26846,0.89496
2026-01-11 19:00:00,1.96115,0,0.09273,0.09701,0.04701,0.01,0.017,0.024,0.09451,0.1863,0.42434,1.46491,0.00838,1.12313,2.30318,0.00185,0.009,0.01089,0,-0.01416,0.00172,2.30626,0.47923,0.19356,0.28244,0.05901,1.901,0.40696,0.06218,0.17019,0.52406,1.32271,0.23503,0.24374,0.00363,3.07811,0.08381,1.12313,0.40696,0.23503,0.24374,2.30318,2.48565,2.30626,3.0146,3.07811,0.26772,0.89487
2026-01-11 20:00:00,1.93306,0,0.08626,0.09701,0.04601,0.01,0.017,0.024,0.09451,0.19448,0.43168,1.46994,0.00838,1.12613,2.29859,0.00185,0.00899,0.01087,0,-0.01416,0.0016,2.30126,0.47847,0.21168,0.38893,0.05401,1.90861,0.40427,0.06044,0.15359,0.51006,1.30405,0.23503,0.24374,0.00363,3.06936,0.08355,1.12613,0.40427,0.23503,0.24374,2.29859,2.48565,2.30126,3.01124,3.06936,0.26737,0.89481
2026-01-11 21:00:00,1.87644,0,0.07972,0.09701,0.04601,0.01,0.017,0.023,0.09301,0.19725,0.43537,1.47306,0.00838,1.12613,2.29402,0.00198,0.00898,0.01089,0,-0.01772,0.00172,2.30126,0.51625,0.21951,0.37107,0.05101,1.91621,0.40427,0.06114,0.145,0.52106,1.28544,0.23503,0.24374,0.00363,3.06936,0.08328,1.12613,0.40427,0.23503,0.24374,2.29402,2.48029,2.30126,3.00777,3.06936,0.26699,0.89476
2026-01-11 22:00:00,1.81955,0,0.08626,0.09701,0.04601,0.01,0.017,0.023,0.09301,0.20005,0.44655,1.47878,0.00838,1.12613,2.28029,0.00185,0.00896,0.01093,0,-0.01889,0.00172,2.30126,0.53555,0.20911,0.28162,0.05001,1.92213,0.40427,0.06255,0.16101,0.51406,1.26691,0.23503,0.24374,0.00363,3.06062,0.08301,1.12613,0.40427,0.23503,0.24374,2.28029,2.47492,2.30126,3.00425,3.06062,0.26659,0.89472
2026-01-11 23:00:00,1.79104,0,0.09279,0.09701,0.034,0.01,0.017,0.023,0.09301,0.21088,0.45787,1.48942,0.00838,1.11712,2.28029,0.00185,0.00894,0.01086,0,-0.01062,0.0016,2.29126,0.51472,0.20837,0.3303,0.05101,1.92805,0.40157,0.06293,0.14008,0.51406,1.24849,0.23503,0.24374,0.00363,3.06062,0.08275,1.11712,0.40157,0.23503,0.24374,2.28029,2.4642,2.29126,3.00062,3.06062,0.26622,0.89468
2026-01-12 00:00:00,1.79146,0,0.09935,0.09801,0.04601,0.01,0.017,0.023,0.09301,0.21347,0.46168,1.50399,0.00838,1.12613,2.27116,0.00185,0.00893,0.01093,0,0.00118,0.0016,2.29126,0.55324,0.22629,0.43133,0.05001,1.93398,0.40157,0.06394,0.12902,0.51406,1.23019,0.23503,0.24374,0.00363,3.06062,0.08248,1.12613,0.40157,0.23503,0.24374,2.27116,2.4642,2.29126,2.99686,3.06062,0.26591,0.89466
2026-01-12 01:00:00,1.79188,0,0.09935,0.09901,0.04601,0.01,0.017,0.023,0.09117,0.20571,0.47706,1.51311,0.00808,1.13313,2.27572,0.00173,0.00892,0.01092,0,0.00706,0.0016,2.28625,0.55324,0.22581,0.37551,0.05301,1.9399,0.39889,0.06503,0.12905,0.51706,1.22402,0.23503,0.24229,0.00363,3.05189,0.08222,1.13313,0.39889,0.23503,0.24229,2.27572,2.45351,2.28625,2.99305,3.05189,0.26569,0.89463
2026-01-12 02:00:00,1.82011,0,0.09932,0.09901,0.04601,0.01,0.017,0.023,0.09117,0.20571,0.48876,1.52574,0.00808,1.12313,2.2666,0.00173,0.0089,0.0109,0,0.00588,0.0016,2.27625,0.57328,0.20626,0.33831,0.05101,1.94582,0.39889,0.06433,0.12534,0.51406,1.21792,0.23503,0.24229,0.00363,3.05189,0.08195,1.12313,0.39889,0.23503,0.24229,2.2666,2.45351,2.27625,2.98913,3.05189,0.26554,0.89461
2026-01-12 03:00:00,1.84835,0,0.11242,0.09901,0.04601,0.01,0.017,0.023,0.09117,0.20571,0.48876,1.53613,0.00808,1.12313,2.24385,0.00161,0.00889,0.01088,0,0.01059,0.0016,2.27625,0.53546,0.21575,0.42156,0.05301,1.95174,0.39621,0.0647,0.13579,0.51706,1.21179,0.23503,0.24229,0.00335,3.04317,0.08169,1.12313,0.39621,0.23503,0.24229,2.24385,2.44284,2.27625,2.98511,3.04317,0.26532,0.8946
2026-01-12 04:00:00,1.87688,0,0.11236,0.09901,0.04601,0.01,0.017,0.023,0.08936,0.20571,0.48485,1.54769,0.0078,1.13013,2.24839,0.00161,0.00887,0.01087,0,0.01648,0.0015,2.27125,0.55543,0.23458,0.46976,0.05401,1.94272,0.39889,0.06365,0.13273,0.52406,1.20553,0.23503,0.24084,0.00335,3.03446,0.08143,1.13013,0.39889,0.23503,0.24084,2.24839,2.43751,2.27125,2.98099,3.03446,0.26487,0.89458
2026-01-12 05:00:00,1.90161,0,0.10583,0.09901,0.044,0.01,0.017,0.023,0.08936,0.20287,0.47706,1.56265,0.0078,1.12613,2.24839,0.00161,0.00885,0.01085,0,0.01412,0.0015,2.26625,0.56555,0.22444,0.43891,0.05201,1.93369,0.39621,0.06537,0.12599,0.52106,1.19923,0.23503,0.24084,0.00335,3.03446,0.08116,1.12613,0.39621,0.23503,0.24084,2.24839,2.43219,2.26625,2.97678,3.03446,0.26433,0.89457
2026-01-12 06:00:00,1.96652,0,0.10588,0.09801,0.032,0.01,0.016,0.022,0.08758,0.20287,0.47706,1.57213,0.0078,1.13013,2.24385,0.00161,0.00884,0.01084,0,0.01298,0.0015,2.26125,0.56759,0.21439,0.39589,0.05401,1.92467,0.39621,0.06467,0.14014,0.52406,1.19301,0.23503,0.24084,0.00335,3.02576,0.0809,1.13013,0.39621,0.23503,0.24084,2.24385,2.42688,2.26125,2.97246,3.02576,0.26391,0.89456
2026-01-12 07:00:00,2.07324,0,0.09932,0.09701,0.044,0.009,0.016,0.021,0.08758,0.20005,0.46934,1.56289,0.0078,1.12613,2.23931,0.00161,0.00883,0.01083,0,0.01415,0.0014,2.25625,0.61304,0.22365,0.38211,0.05801,1.91565,0.39621,0.06432,0.14812,0.52106,1.1715,0.23203,0.24084,0.00335,3.01708,0.08064,1.12613,0.39621,0.23203,0.24084,2.23931,2.41626,2.25625,2.96812,3.01708,0.26359,0.89455
2026-01-12 08:00:00,2.12122,0,0.09279,0.09701,0.044,0.009,0.016,0.02,0.08583,0.19725,0.4655,1.54906,0.0078,1.13313,2.23477,0.00161,0.00881,0.01084,0,0.01533,0.0014,2.25125,0.60223,0.24248,0.38554,0.05701,1.90662,0.39621,0.06604,0.13458,0.52806,1.15016,0.23203,0.2394,0.00335,3.0084,0.08039,1.13313,0.39621,0.23203,0.2394,2.23477,2.41095,2.25125,2.96377,3.0084,0.26339,0.89454
2026-01-12 09:00:00,2.16961,0,0.08625,0.09701,0.043,0.009,0.016,0.02,0.08583,0.20005,0.46168,1.53588,0.0078,1.13013,2.23024,0.00161,0.0088,0.01088,0,0.01418,0.0013,2.25125,0.62992,0.23292,0.37716,0.05401,1.8976,0.39621,0.06641,0.12287,0.52106,1.12887,0.23203,0.2394,0.00335,3.0084,0.08013,1.13013,0.39621,0.23203,0.2394,2.23024,2.40566,2.25125,2.95931,3.0084,0.26313,0.89453
2026-01-12 10:00:00,2.21771,0,0.08623,0.09701,0.043,0.009,0.016,0.02,0.08583,0.19448,0.46168,1.52285,0.0078,1.13313,2.21666,0.00161,0.00878,0.01078,0,0.01657,0.0013,2.24125,0.57905,0.20503,0.33428,0.05901,1.88612,0.39621,0.06327,0.11792,0.52406,1.10757,0.23203,0.23797,0.00335,2.99972,0.07987,1.13313,0.39621,0.23203,0.23797,2.21666,2.40037,2.24125,2.95484,2.99972,0.26268,0.89452
2026-01-12 11:00:00,2.24079,0,0.09276,0.09701,0.043,0.009,0.016,0.02,0.08583,0.19173,0.46168,1.50833,0.0078,1.13313,2.22118,0.00161,0.00876,0.01077,0,0.01778,0.0013,2.23625,0.57738,0.20522,0.28165,0.05701,1.87465,0.39621,0.06505,0.13638,0.52806,1.08634,0.23203,0.23797,0.00335,2.99107,0.07962,1.13313,0.39621,0.23203,0.23797,2.22118,2.39508,2.23625,2.95034,2.99107,0.26215,0.89451
2026-01-12 12:00:00,2.25422,0,0.08623,0.08893,0.043,0.009,0.016,0.02,0.08412,0.19173,0.45408,1.49507,0.0078,1.12613,2.21214,0.00161,0.00875,0.01072,0,0.01068,0.0013,2.23125,0.58278,0.21425,0.32922,0.05901,1.86317,0.39621,0.0657,0.14562,0.51406,1.06527,0.23203,0.23797,0.00335,2.99107,0.07936,1.12613,0.39621,0.23203,0.23797,2.21214,2.3898,2.23125,2.9458,2.99107,0.26174,0.89247
2026-01-12 13:00:00,2.25435,0,0.08625,0.08084,0.043,0.009,0.016,0.02,0.08412,0.189,0.45408,1.48649,0.00752,1.13313,2.20762,0.00161,0.00874,0.01062,0,0.01068,0.0013,2.22625,0.58328,0.20436,0.39688,0.05501,1.85169,0.39621,0.065,0.13826,0.52106,1.05101,0.23203,0.23797,0.00335,2.98243,0.07911,1.13313,0.39621,0.23203,0.23797,2.20762,2.38452,2.22625,2.94123,2.98243,0.26147,0.88741
2026-01-12 14:00:00,2.28497,0,0.09276,0.08084,0.042,0.009,0.015,0.02,0.08412,0.189,0.44281,1.4798,0.00752,1.13013,2.2031,0.00161,0.00872,0.01057,0,0.01068,0.00121,2.21625,0.58249,0.19455,0.32437,0.05801,1.84022,0.39621,0.06399,0.14506,0.52106,1.03689,0.23203,0.23654,0.00335,2.97379,0.07886,1.13013,0.39621,0.23203,0.23654,2.2031,2.37924,2.21625,2.93661,2.97379,0.26136,0.88638
2026-01-12 15:00:00,2.31518,0,0.0927,0.08084,0.041,0.009,0.015,0.02,0.08244,0.1863,0.43537,1.47044,0.00752,1.13313,2.19858,0.00161,0.00871,0.01046,0,0.00712,0.00121,2.22125,0.5819,0.19425,0.26951,0.05601,1.82874,0.39621,0.06362,0.14385,0.52106,1.02284,0.23203,0.23797,0.00335,2.97379,0.0786,1.13313,0.39621,0.23203,0.23797,2.19858,2.37398,2.22125,2.93194,2.97379,0.26124,0.88604
2026-01-12 16:00:00,2.28454,0,0.0862,0.07276,0.041,0.009,0.015,0.02,0.08244,0.1863,0.43908,1.46057,0.00752,1.12613,2.19408,0.00161,0.00869,0.01045,0,-0.00706,0.00121,2.21625,0.62062,0.20279,0.31976,0.05801,1.8216,0.39354,0.06468,0.14629,0.52406,1.00886,0.23203,0.23654,0.00335,2.96517,0.07835,1.12613,0.39354,0.23203,0.23654,2.19408,2.36871,2.21625,2.92725,2.96517,0.26116,0.88587
2026-01-12 17:00:00,2.25433,0,0.07969,0.06467,0.029,0.009,0.015,0.02,0.08244,0.18362,0.43537,1.44911,0.00752,1.13313,2.18507,0.00173,0.00867,0.01044,0,-0.01062,0.00112,2.21125,0.6014,0.2114,0.37264,0.05401,1.81446,0.39354,0.06361,0.14258,0.52406,0.99497,0.22803,0.23654,0.00308,2.95656,0.0781,1.13313,0.39354,0.22803,0.23654,2.18507,2.36346,2.21125,2.92252,2.95656,0.26111,0.88576
2026-01-12 18:00:00,2.19317,0,0.07966,0.06467,0.041,0.009,0.015,0.02,0.08244,0.1863,0.43168,1.43435,0.00752,1.13013,2.18057,0.00173,0.00866,0.01042,0,-0.00353,0.00121,2.20625,0.6016,0.21132,0.32221,0.05701,1.80732,0.39354,0.06324,0.13582,0.52406,0.98114,0.22803,0.23654,0.00335,2.94796,0.07785,1.13013,0.39354,0.22803,0.23654,2.18057,2.35821,2.20625,2.9178,2.94796,0.26106,0.8857
2026-01-12 19:00:00,2.13174,0,0.07963,0.06467,0.041,0.009,0.015,0.02,0.08079,0.19173,0.42434,1.44133,0.00726,1.12613,2.18057,0.00173,0.00865,0.01041,0,-0.01062,0.00112,2.20125,0.52461,0.20151,0.27046,0.05201,1.80018,0.39621,0.06358,0.14626,0.51706,0.97572,0.22803,0.23654,0.00335,2.94796,0.0776,1.12613,0.39621,0.22803,0.23654,2.18057,2.35296,2.20125,2.91297,2.94796,0.2611,0.88565
2026-01-12 20:00:00,2.07061,0,0.07972,0.06467,0.041,0.009,0.015,0.02,0.08079,0.19173,0.43537,1.45087,0.00726,1.12613,2.18057,0.00173,0.00863,0.01039,0,-0.01418,0.00112,2.20125,0.50528,0.19125,0.30791,0.05701,1.79304,0.39354,0.06114,0.16839,0.51006,0.97036,0.23203,0.23654,0.00335,2.94796,0.07736,1.12613,0.39354,0.23203,0.23654,2.18057,2.34772,2.20125,2.90805,2.94796,0.2612,0.88561
2026-01-12 21:00:00,1.94827,0,0.07978,0.06467,0.041,0.009,0.015,0.02,0.08079,0.19448,0.43908,1.45798,0.00726,1.12313,2.17159,0.00173,0.00862,0.01037,0,-0.01062,0.00112,2.20125,0.52374,0.19986,0.34045,0.05101,1.7859,0.39621,0.06361,0.16469,0.50706,0.96505,0.22803,0.23654,0.00335,2.93937,0.07711,1.12313,0.39621,0.22803,0.23654,2.17159,2.34249,2.20125,2.90313,2.93937,0.26142,0.88558
2026-01-12 22:00:00,1.91746,0,0.08626,0.07276,0.041,0.009,0.015,0.02,0.08079,0.20005,0.44655,1.46313,0.00726,1.12012,2.17159,0.00173,0.00861,0.01036,0,-0.00706,0.00112,2.19224,0.52202,0.20885,0.35242,0.05501,1.7859,0.39621,0.06462,0.14194,0.52106,0.95991,0.22803,0.23511,0.00335,2.93937,0.07686,1.12012,0.39621,0.22803,0.23511,2.17159,2.33726,2.19224,2.8983,2.93937,0.26198,0.88556
2026-01-12 23:00:00,1.91746,0,0.09276,0.08184,0.041,0.009,0.015,0.019,0.07917,0.20571,0.45031,1.47378,0.007,1.12313,2.18057,0.00173,0.00859,0.01035,0,-0.00353,0.00112,2.18724,0.52185,0.209,0.32941,0.05201,1.7859,0.39354,0.06462,0.15856,0.50706,0.95487,0.22803,0.23511,0.00335,2.93079,0.07662,1.12313,0.39354,0.22803,0.23511,2.18057,2.33203,2.18724,2.89347,2.93079,0.26271,0.88554
2026-01-13 00:00:00,1.91761,0,0.09271,0.09093,0.029,0.009,0.015,0.019,0.07917,0.20287,0.45031,1.48995,0.007,1.12613,2.16261,0.00161,0.00858,0.01034,0,0.02831,0.00104,2.18224,0.52271,0.20893,0.35437,0.05401,1.7859,0.39354,0.06607,0.1764,0.50706,0.94974,0.22803,0.23511,0.00335,2.93079,0.07637,1.12613,0.39354,0.22803,0.23511,2.16261,2.33203,2.18224,2.88863,2.93079,0.26327,0.88552
2026-01-13 01:00:00,1.94825,0,0.0991,0.09901,0.041,0.009,0.015,0.019,0.07757,0.20287,0.46168,1.49659,0.007,1.12313,2.16261,0.00149,0.00856,0.01032,0,0.03894,0.00112,2.17724,0.59993,0.20897,0.39927,0.05101,1.7859,0.39354,0.0671,0.18994,0.51406,0.94456,0.23203,0.23511,0.00335,2.92222,0.07613,1.12313,0.39354,0.23203,0.23511,2.16261,2.3216,2.17724,2.88387,2.92222,0.26373,0.88551
2026-01-13 02:00:00,1.9481,0,0.10541,0.09093,0.041,0.009,0.015,0.019,0.07757,0.20287,0.4655,1.50318,0.007,1.12313,2.15365,0.00149,0.00855,0.01031,0,0.01419,0.00104,2.17724,0.61924,0.21878,0.40766,0.05301,1.7859,0.39088,0.06848,0.18623,0.51406,0.93925,0.23203,0.23511,0.00308,2.92222,0.07589,1.12313,0.39088,0.23203,0.23511,2.15365,2.3216,2.17724,2.87903,2.92222,0.26403,0.8855
2026-01-13 03:00:00,2.00928,0,0.10524,0.09093,0.04,0.009,0.014,0.019,0.07757,0.20005,0.4655,1.50679,0.00677,1.12613,2.14918,0.00149,0.00854,0.01029,0,0.00356,0.00104,2.17224,0.56212,0.23788,0.38604,0.05201,1.7859,0.39088,0.06779,0.17946,0.51706,0.93396,0.22803,0.23369,0.00335,2.91365,0.07565,1.12613,0.39088,0.22803,0.23369,2.14918,2.31639,2.17224,2.8741,2.91365,0.26446,0.88549
2026-01-13 04:00:00,2.07073,0,0.09857,0.09093,0.04,0.009,0.014,0.019,0.07601,0.20287,0.4655,1.51284,0.00677,1.12313,2.14471,0.00149,0.00852,0.0103,0,0.02481,0.00104,2.17224,0.58297,0.23765,0.38636,0.05301,1.7859,0.39088,0.06782,0.15053,0.51406,0.92879,0.23203,0.23369,0.00308,2.91365,0.0754,1.12313,0.39088,0.23203,0.23369,2.14471,2.31119,2.17224,2.86916,2.91365,0.26525,0.88548
2026-01-13 05:00:00,2.07058,0,0.09187,0.08184,0.039,0.009,0.014,0.019,0.07601,0.20005,0.45408,1.5209,0.00677,1.12313,2.15365,0.00149,0.0085,0.01038,0,0.02837,0.00096,2.16224,0.66019,0.21862,0.42678,0.05401,1.7859,0.38822,0.06885,0.13758,0.51706,0.92363,0.23203,0.23369,0.00308,2.9051,0.07516,1.12313,0.38822,0.23203,0.23369,2.15365,2.31119,2.16224,2.86416,2.9051,0.26617,0.88547
2026-01-13 06:00:00,2.08005,0,0.09185,0.08084,0.038,0.009,0.014,0.019,0.07507,0.20287,0.46168,1.52481,0.00677,1.12313,2.14024,0.00139,0.00849,0.01037,0,-0.01766,0.00096,2.16224,0.65942,0.21598,0.40199,0.04901,1.7859,0.38822,0.06879,0.1505,0.51706,0.91833,0.23203,0.23369,0.00308,2.89657,0.07492,1.12313,0.38822,0.23203,0.23369,2.14024,2.30599,2.16224,2.8591,2.89657,0.2669,0.88547
2026-01-13 07:00:00,2.06718,0,0.08528,0.08084,0.038,0.009,0.014,0.019,0.07413,0.20287,0.45787,1.51879,0.007,1.12012,2.14918,0.00139,0.00847,0.01035,0,-0.0141,0.00096,2.15724,0.65945,0.23178,0.37292,0.05101,1.7859,0.38822,0.06952,0.12528,0.52806,0.937,0.22803,0.23369,0.00308,2.89657,0.07468,1.12012,0.38822,0.22803,0.23369,2.14918,2.2956,2.15724,2.85407,2.89657,0.2674,0.88546
2026-01-13 08:00:00,2.05254,0,0.08523,0.08893,0.038,0.009,0.014,0.019,0.07413,0.19725,0.46168,1.50773,0.007,1.12613,2.14024,0.00139,0.00846,0.01034,0,0.01421,0.00088,2.15224,0.65863,0.23171,0.39702,0.04901,1.7859,0.38556,0.06882,0.13761,0.53506,0.95553,0.22803,0.23227,0.00308,2.88804,0.07445,1.12613,0.38556,0.22803,0.23227,2.14024,2.2956,2.15224,2.84899,2.88804,0.26764,0.88546
2026-01-13 09:00:00,2.07016,0,0.09176,0.08084,0.038,0.009,0.014,0.019,0.07321,0.19725,0.46168,1.49871,0.007,1.12313,2.14471,0.00139,0.00845,0.01033,0,0.02128,0.00088,2.14824,0.63936,0.21268,0.41869,0.05401,1.7859,0.38556,0.06919,0.14994,0.52806,0.97406,0.22803,0.23227,0.00308,2.88804,0.07421,1.12313,0.38556,0.22803,0.23227,2.14471,2.29042,2.14824,2.84386,2.88804,0.26791,0.88545
2026-01-13 10:00:00,2.02486,0,0.09179,0.07276,0.038,0.009,0.014,0.019,0.07321,0.19448,0.45408,1.49314,0.007,1.12613,2.13131,0.00139,0.00843,0.01031,0,0.00712,0.00088,2.14824,0.60168,0.21253,0.36932,0.05401,1.78634,0.38556,0.06813,0.1641,0.53506,0.99257,0.22803,0.23227,0.00308,2.87953,0.07397,1.12613,0.38556,0.22803,0.23227,2.13131,2.28523,2.14824,2.83877,2.87953,0.26822,0.88545
2026-01-13 11:00:00,1.94566,0,0.09176,0.08084,0.038,0.009,0.014,0.019,0.07321,0.19725,0.45408,1.48673,0.007,1.12012,2.13131,0.00139,0.00842,0.01027,0,0.00003,0.00088,2.14824,0.58232,0.23188,0.33393,0.05301,1.78678,0.38291,0.06848,0.15241,0.52806,1.01104,0.23203,0.23086,0.00308,2.87102,0.07374,1.12012,0.38291,0.23203,0.23086,2.13131,2.28006,2.14824,2.83368,2.87102,0.2685,0.88544
2026-01-13 12:00:00,1.88926,0,0.09823,0.07276,0.038,0.009,0.014,0.018,0.07321,0.19173,0.44655,1.48169,0.007,1.12313,2.12686,0.00139,0.0084,0.01013,0,0.01242,0.00088,2.13824,0.60065,0.23499,0.34822,0.05401,1.78723,0.38556,0.06983,0.11118,0.52806,1.02947,0.23203,0.23227,0.00308,2.87102,0.0735,1.12313,0.38556,0.23203,0.23227,2.12686,2.27489,2.13824,2.82855,2.87102,0.26874,0.88408
2026-01-13 13:00:00,1.88941,0,0.09826,0.06467,0.037,0.009,0.014,0.017,0.07229,0.19173,0.44281,1.47616,0.007,1.12613,2.12686,0.00139,0.00839,0.01003,0,0.0018,0.00081,2.13324,0.50406,0.21966,0.34848,0.05201,1.78767,0.38556,0.06776,0.12593,0.52106,1.04313,0.22803,0.23227,0.00308,2.87102,0.07327,1.12613,0.38556,0.22803,0.23227,2.12686,2.27489,2.13324,2.82346,2.87102,0.26885,0.88244
2026-01-13 14:00:00,1.95363,0,0.07866,0.06467,0.037,0.009,0.014,0.017,0.07229,0.189,0.44281,1.46977,0.00726,1.13313,2.1135,0.00149,0.00837,0.01002,0,0.00003,0.00081,2.13324,0.46683,0.20161,0.33081,0.05601,1.78811,0.38556,0.06882,0.12716,0.51706,1.05668,0.22803,0.23086,0.00308,2.86253,0.07304,1.13313,0.38556,0.22803,0.23086,2.1135,2.26457,2.13324,2.81833,2.86253,0.26886,0.88207
2026-01-13 15:00:00,1.98588,0,0.0656,0.06467,0.037,0.009,0.014,0.017,0.07321,0.189,0.44281,1.46324,0.00726,1.12313,2.1135,0.00149,0.00836,0.01,0,0.00356,0.00081,2.12824,0.54374,0.20154,0.31173,0.05701,1.78855,0.38556,0.06704,0.11854,0.52406,1.07015,0.22803,0.23227,0.00283,2.86253,0.0728,1.12313,0.38556,0.22803,0.23227,2.1135,2.26457,2.12824,2.81322,2.86253,0.26881,0.8817
2026-01-13 16:00:00,2.01847,0,0.06557,0.06467,0.037,0.008,0.014,0.017,0.07229,0.189,0.43908,1.45518,0.00726,1.12012,2.10905,0.00149,0.00835,0.00998,0,-0.00356,0.00074,2.12324,0.5421,0.21084,0.32875,0.05301,1.78777,0.38556,0.06809,0.12717,0.51706,1.08345,0.22803,0.23086,0.00283,2.85404,0.07257,1.12012,0.38556,0.22803,0.23086,2.10905,2.25942,2.12324,2.80825,2.85404,0.2686,0.88133
2026-01-13 17:00:00,2.11512,0,0.06551,0.05659,0.037,0.008,0.013,0.017,0.07321,0.189,0.43168,1.44983,0.00726,1.12613,2.10017,0.00149,0.00833,0.00995,0,-0.01418,0.00074,2.11824,0.48421,0.21006,0.34588,0.05401,1.78698,0.38291,0.0678,0.14011,0.52406,1.09664,0.22803,0.23086,0.00308,2.84557,0.07234,1.12613,0.38291,0.22803,0.23086,2.10017,2.24913,2.11824,2.8033,2.84557,0.26829,0.88096
2026-01-13 18:00:00,2.17951,0,0.05898,0.05759,0.037,0.008,0.013,0.017,0.07321,0.1863,0.43537,1.44652,0.007,1.12613,2.08687,0.00149,0.00832,0.00985,0,-0.01948,0.00074,2.11824,0.46645,0.20936,0.36312,0.05701,1.78621,0.38291,0.06702,0.16351,0.52406,1.1098,0.22803,0.23086,0.00308,2.84557,0.07211,1.12613,0.38291,0.22803,0.23086,2.08687,2.24399,2.11824,2.79837,2.84557,0.26806,0.88059
2026-01-13 19:00:00,2.1471,0,0.05903,0.06667,0.025,0.008,0.013,0.017,0.07321,0.19173,0.43168,1.45584,0.007,1.13013,2.08245,0.00149,0.00831,0.00984,0,-0.01595,0.00074,2.11424,0.52357,0.20565,0.34486,0.05101,1.78897,0.38556,0.06635,0.17337,0.51406,1.11265,0.22803,0.23086,0.00308,2.84557,0.07188,1.13013,0.38556,0.22803,0.23086,2.08245,2.23886,2.11424,2.79346,2.84557,0.26791,0.88022
2026-01-13 20:00:00,2.08287,0,0.07216,0.06667,0.036,0.008,0.013,0.017,0.07321,0.19448,0.43168,1.46198,0.007,1.12613,2.0913,0.00149,0.00829,0.00983,0,-0.01418,0.00068,2.10923,0.56238,0.20789,0.31098,0.05201,1.79174,0.38556,0.06497,0.16475,0.52106,1.11556,0.22803,0.23086,0.00308,2.83711,0.07166,1.12613,0.38556,0.22803,0.23086,2.0913,2.23373,2.10923,2.78851,2.83711,0.26789,0.87985
2026-01-13 21:00:00,2.01834,0,0.07869,0.07476,0.036,0.008,0.013,0.017,0.07321,0.20005,0.43537,1.47046,0.007,1.13313,2.07802,0.00149,0.00828,0.00981,0,-0.01772,0.00074,2.10923,0.5642,0.21378,0.34673,0.04901,1.79451,0.38556,0.06566,0.16845,0.51406,1.11849,0.22803,0.22946,0.00308,2.83711,0.07143,1.13313,0.38556,0.22803,0.22946,2.07802,2.22861,2.10923,2.78351,2.83711,0.26792,0.87948
2026-01-13 22:00:00,1.88896,0,0.07891,0.07476,0.036,0.008,0.013,0.017,0.07229,0.20571,0.45031,1.48089,0.007,1.11112,2.08245,0.00139,0.00827,0.0098,0,-0.01416,0.00074,2.09923,0.5451,0.21362,0.37804,0.05101,1.79726,0.38556,0.0681,0.19309,0.51706,1.12152,0.22803,0.22946,0.00308,2.82866,0.0712,1.11112,0.38556,0.22803,0.22946,2.08245,2.22349,2.09923,2.77862,2.82866,0.26813,0.87911
2026-01-13 23:00:00,1.7281,0,0.07923,0.07476,0.036,0.008,0.013,0.017,0.07229,0.21088,0.45408,1.49023,0.007,1.12613,2.06919,0.00139,0.00825,0.00978,0,0,0.00068,2.09923,0.58337,0.20432,0.35477,0.05401,1.80003,0.38556,0.06811,0.19123,0.51406,1.1246,0.22803,0.22946,0.00308,2.82866,0.07098,1.12613,0.38556,0.22803,0.22946,2.06919,2.21328,2.09923,2.77381,2.82866,0.26844,0.87964
2026-01-14 00:00:00,1.63161,0,0.07934,0.08184,0.036,0.008,0.013,0.017,0.07229,0.20571,0.46168,1.5023,0.007,1.12012,2.07802,0.00129,0.00824,0.00977,0,0.00706,0.00068,2.09423,0.56392,0.1922,0.35089,0.05101,1.80279,0.38291,0.0702,0.17275,0.50006,1.12764,0.22803,0.23086,0.00308,2.82021,0.07075,1.12012,0.38291,0.22803,0.23086,2.07802,2.21328,2.09423,2.76897,2.82021,0.26868,0.88016
2026-01-14 01:00:00,1.63159,0,0.07977,0.08084,0.036,0.008,0.013,0.017,0.07229,0.20005,0.46934,1.5074,0.007,1.12613,2.06919,0.00129,0.00823,0.00977,0,0.00706,0.00068,2.08923,0.546,0.21098,0.40027,0.05201,1.81257,0.38291,0.07194,0.16289,0.50706,1.13633,0.22803,0.22946,0.00308,2.82021,0.07053,1.12613,0.38291,0.22803,0.22946,2.06919,2.20817,2.08923,2.76411,2.82021,0.26891,0.88068
2026-01-14 02:00:00,1.66386,0,0.08785,0.08084,0.036,0.008,0.013,0.017,0.07229,0.20005,0.47319,1.51382,0.00677,1.12613,2.07802,0.00129,0.00821,0.00984,0,0.01416,0.00068,2.08523,0.58435,0.23571,0.4313,0.05201,1.82235,0.38291,0.0737,0.15674,0.50306,1.14503,0.23203,0.22946,0.00308,2.81178,0.0703,1.12613,0.38291,0.23203,0.22946,2.07802,2.20308,2.08523,2.75924,2.81178,0.26911,0.88121
2026-01-14 03:00:00,1.6642,0,0.08902,0.07276,0.036,0.008,0.013,0.017,0.07229,0.20571,0.47319,1.51757,0.00677,1.12613,2.07802,0.00119,0.0082,0.00983,0,0.01416,0.00068,2.08023,0.5639,0.24809,0.42876,0.04901,1.83213,0.38027,0.07232,0.1598,0.51706,1.15384,0.23903,0.22806,0.00283,2.81178,0.07008,1.12613,0.38027,0.23903,0.22806,2.07802,2.19798,2.08023,2.75427,2.81178,0.26944,0.88173
2026-01-14 04:00:00,1.7931,0,0.08988,0.07276,0.036,0.008,0.013,0.017,0.07139,0.20287,0.4655,1.52236,0.00677,1.12313,2.06478,0.00119,0.00819,0.00981,0,0.01416,0.00062,2.08023,0.54562,0.24502,0.46164,0.04501,1.84191,0.37763,0.07643,0.16839,0.52406,1.16288,0.23203,0.22806,0.00283,2.80337,0.06986,1.12313,0.37763,0.23203,0.22806,2.06478,2.19289,2.08023,2.7492,2.80337,0.27011,0.88225
2026-01-14 05:00:00,1.95412,0,0.09776,0.08084,0.036,0.008,0.013,0.017,0.07139,0.20287,0.4655,1.52585,0.00677,1.13013,2.05596,0.00119,0.00817,0.0098,0,0.02125,0.00062,2.07023,0.52713,0.23331,0.48396,0.04901,1.85169,0.37763,0.07503,0.15733,0.52106,1.17204,0.20902,0.22806,0.00283,2.79496,0.06963,1.13013,0.37763,0.20902,0.22806,2.05596,2.18781,2.07023,2.74412,2.79496,0.27094,0.88277
2026-01-14 06:00:00,2.00352,0,0.09879,0.07276,0.036,0.008,0.013,0.017,0.07049,0.2083,0.46168,1.526,0.00677,1.13013,2.04716,0.00119,0.00816,0.00979,0,0.02478,0.00056,2.06023,0.54633,0.23393,0.45595,0.04701,1.86147,0.37763,0.07398,0.14568,0.52406,1.18113,0.18702,0.22666,0.00283,2.79496,0.06941,1.13013,0.37763,0.18702,0.22666,2.04716,2.18274,2.06023,2.73896,2.79496,0.27159,0.8833
2026-01-14 07:00:00,1.97356,0,0.09941,0.06467,0.034,0.008,0.013,0.017,0.06961,0.2083,0.46934,1.51884,0.00677,1.12613,2.04716,0.00119,0.00815,0.00977,0,0.02122,0.00056,2.06523,0.58485,0.22183,0.44243,0.04501,1.86937,0.37499,0.07535,0.15615,0.53106,1.20078,0.19302,0.22666,0.00283,2.78656,0.06919,1.12613,0.37499,0.19302,0.22666,2.04716,2.18274,2.06523,2.73363,2.78656,0.27207,0.88382
2026-01-14 08:00:00,1.91133,0,0.09241,0.06567,0.034,0.008,0.013,0.017,0.06873,0.2083,0.4655,1.51061,0.00677,1.12613,2.04277,0.00119,0.00813,0.00976,0,0.00703,0.00056,2.06023,0.56542,0.21644,0.4455,0.04701,1.87729,0.37236,0.07744,0.15492,0.53106,1.22028,0.20902,0.22666,0.00283,2.78656,0.06898,1.12613,0.37236,0.20902,0.22666,2.04277,2.17767,2.06023,2.72826,2.78656,0.27234,0.88434
2026-01-14 09:00:00,1.88116,0,0.09235,0.07476,0.034,0.008,0.013,0.017,0.06961,0.2083,0.46934,1.50372,0.00677,1.12613,2.04716,0.0011,0.00812,0.00973,0,0.00703,0.00056,2.05123,0.56531,0.20512,0.43206,0.04901,1.88521,0.37236,0.07567,0.14938,0.53106,1.2398,0.22202,0.22666,0.00283,2.77818,0.06876,1.12613,0.37236,0.22202,0.22666,2.04716,2.1726,2.05123,2.72292,2.77818,0.27268,0.88487
2026-01-14 10:00:00,1.73147,0,0.09241,0.07476,0.034,0.008,0.013,0.017,0.06961,0.21088,0.47319,1.50016,0.00677,1.13013,2.03838,0.00119,0.0081,0.00963,0,0.01057,0.00051,2.05123,0.68101,0.17803,0.36944,0.04801,1.89311,0.36974,0.07702,0.13956,0.54506,1.25939,0.22503,0.22666,0.00283,2.77818,0.06854,1.13013,0.36974,0.22503,0.22666,2.03838,2.16754,2.05123,2.71753,2.77818,0.27319,0.88539
2026-01-14 11:00:00,1.55239,0,0.08537,0.06667,0.034,0.008,0.013,0.017,0.06961,0.21088,0.47319,1.49726,0.00677,1.12613,2.03399,0.00119,0.00809,0.0096,0,0.00347,0.00051,2.04623,0.71963,0.19358,0.37032,0.04801,1.90103,0.36974,0.07702,0.16048,0.53806,1.279,0.22803,0.22806,0.00283,2.7698,0.06833,1.12613,0.36974,0.22803,0.22806,2.03399,2.16249,2.04623,2.712,2.7698,0.27376,0.88591
2026-01-14 12:00:00,1.50818,0,0.08531,0.06667,0.034,0.008,0.013,0.017,0.06961,0.2083,0.47319,1.49296,0.00677,1.12613,2.02522,0.00119,0.00807,0.00951,0,0.02122,0.00051,2.04623,0.70033,0.21819,0.38509,0.04901,1.90893,0.36712,0.07739,0.18446,0.53806,1.2985,0.23203,0.22666,0.00283,2.7698,0.06811,1.12613,0.36712,0.23203,0.22666,2.02522,2.15744,2.04623,2.70644,2.7698,0.27421,0.88633
2026-01-14 13:00:00,1.55279,0,0.08537,0.07476,0.034,0.008,0.012,0.016,0.06873,0.21088,0.47319,1.49298,0.00677,1.12613,2.02522,0.00119,0.00806,0.00949,0,0.02478,0.00051,2.03723,0.70017,0.21819,0.33195,0.04901,1.91526,0.36712,0.07532,0.17154,0.53806,1.34664,0.23203,0.22666,0.00283,2.76144,0.0679,1.12613,0.36712,0.23203,0.22666,2.02522,2.15744,2.03723,2.70087,2.76144,0.27452,0.89672
2026-01-14 14:00:00,1.6417,0,0.08546,0.07376,0.033,0.008,0.012,0.014,0.06873,0.2083,0.48094,1.49202,0.00677,1.12313,2.02522,0.00119,0.00804,0.00946,0,0.01062,0.00051,2.03723,0.70021,0.19976,0.34772,0.05301,1.92159,0.36974,0.07495,0.18508,0.52106,1.39462,0.25603,0.22666,0.00283,2.75309,0.06768,1.12313,0.36974,0.25603,0.22666,2.02522,2.1524,2.03723,2.69528,2.75309,0.27466,0.89902
2026-01-14 15:00:00,1.7596,0,0.0784,0.05659,0.021,0.008,0.012,0.014,0.06961,0.21088,0.47706,1.48932,0.00677,1.12613,2.01646,0.00119,0.00803,0.00937,0,0.00709,0.00046,2.03223,0.64251,0.17804,0.36375,0.05401,1.92791,0.36712,0.07566,0.18876,0.53806,1.44255,0.28503,0.22666,0.00259,2.75309,0.06747,1.12613,0.36712,0.28503,0.22666,2.01646,2.14736,2.03223,2.6897,2.75309,0.27483,0.89979
2026-01-14 16:00:00,1.93614,0,0.07133,0.05659,0.033,0.008,0.012,0.014,0.06873,0.21088,0.48094,1.48628,0.00677,1.12313,2.03399,0.00119,0.00802,0.00935,0,-0.01062,0.00046,2.02723,0.56551,0.20273,0.3628,0.05601,1.93424,0.36712,0.07459,0.18629,0.53506,1.49042,0.30403,0.22666,0.00283,2.74474,0.06726,1.12313,0.36712,0.30403,0.22666,2.03399,2.14736,2.02723,2.6841,2.74474,0.27503,0.90017
2026-01-14 17:00:00,2.11279,0,0.07131,0.06467,0.033,0.008,0.012,0.014,0.06873,0.21088,0.48094,1.48627,0.00677,1.12313,2.0296,0.00129,0.008,0.00934,0,-0.01416,0.00046,2.02723,0.56558,0.20252,0.34265,0.05301,1.94056,0.36712,0.07529,0.18258,0.52806,1.53824,0.30703,0.22666,0.00283,2.74474,0.06704,1.12313,0.36712,0.30703,0.22666,2.0296,2.1373,2.02723,2.67863,2.74474,0.27522,0.9004
2026-01-14 18:00:00,2.17273,0,0.07131,0.06467,0.033,0.008,0.012,0.014,0.06873,0.21088,0.47319,1.48531,0.00677,1.12012,2.01646,0.00129,0.00799,0.00933,0,-0.03896,0.00046,2.02223,0.58493,0.18379,0.34164,0.032,1.94689,0.36712,0.07492,0.17334,0.53506,1.58596,0.31504,0.22666,0.00283,2.7364,0.06683,1.12012,0.36712,0.31504,0.22666,2.01646,2.13227,2.02223,2.67321,2.7364,0.27538,0.90055
2026-01-14 19:00:00,2.10017,0,0.07128,0.05659,0.033,0.008,0.012,0.014,0.06787,0.20571,0.47706,1.49159,0.00677,1.12012,2.01646,0.00129,0.00798,0.00931,0,-0.03543,0.00046,2.01722,0.62284,0.19325,0.41347,0.041,1.95403,0.36712,0.07112,0.17825,0.53506,1.58581,0.31904,0.22666,0.00283,2.7364,0.06662,1.12012,0.36712,0.31904,0.22666,2.01646,2.13227,2.01722,2.6678,2.7364,0.27552,0.90066
2026-01-14 20:00:00,1.95408,0,0.07122,0.05659,0.032,0.008,0.012,0.014,0.06787,0.2083,0.47706,1.49908,0.00677,1.11712,2.00335,0.00129,0.00796,0.00929,0,-0.00709,0.00046,2.01722,0.6038,0.20238,0.39719,0.041,1.96117,0.36712,0.07287,0.16101,0.52406,1.58565,0.32304,0.22666,0.00283,2.72808,0.06641,1.11712,0.36712,0.32304,0.22666,2.00335,2.12725,2.01722,2.66245,2.72808,0.27565,0.90074
2026-01-14 21:00:00,1.77902,0,0.07822,0.07276,0.032,0.008,0.012,0.014,0.06787,0.2083,0.47706,1.50216,0.00655,1.12012,1.99463,0.00129,0.00795,0.0092,0,-0.01062,0.00046,2.00822,0.62401,0.21179,0.38021,0.04,1.96831,0.36712,0.07422,0.17516,0.54206,1.58556,0.32604,0.22527,0.00283,2.72808,0.0662,1.12012,0.36712,0.32604,0.22527,1.99463,2.12224,2.00822,2.65717,2.72808,0.27586,0.90081
2026-01-14 22:00:00,1.69125,0,0.08534,0.07276,0.032,0.008,0.012,0.014,0.06787,0.2083,0.48094,1.5059,0.00655,1.12012,1.99028,0.00129,0.00794,0.00927,0,-0.00353,0.00046,2.00822,0.64224,0.2026,0.39422,0.04,1.97544,0.36712,0.07537,0.19732,0.53106,1.58567,0.32604,0.22527,0.00283,2.72808,0.06599,1.12012,0.36712,0.32604,0.22527,1.99028,2.11723,2.00822,2.65197,2.72808,0.27633,0.90086
2026-01-14 23:00:00,1.69111,0,0.08546,0.06567,0.032,0.008,0.012,0.014,0.06787,0.21088,0.47706,1.51288,0.00655,1.12012,2.00335,0.00129,0.00792,0.00925,0,0,0.00041,2.00822,0.64111,0.20281,0.38866,0.04,1.98259,0.36712,0.07668,0.18073,0.53506,1.58587,0.33004,0.22527,0.00283,2.71977,0.06578,1.12012,0.36712,0.33004,0.22527,2.00335,2.11223,2.00822,2.64681,2.71977,0.27691,0.9009
2026-01-15 00:00:00,1.72022,0,0.08543,0.06667,0.032,0.008,0.012,0.014,0.06787,0.21088,0.47706,1.51895,0.00655,1.11712,2.00335,0.00119,0.00791,0.00924,0,0.00356,0.00041,2.00322,0.71877,0.20297,0.41912,0.039,1.98972,0.36712,0.08185,0.18443,0.53106,1.58596,0.33004,0.22249,0.00283,2.71977,0.06557,1.11712,0.36712,0.33004,0.22249,2.00335,2.10722,2.00322,2.64169,2.71977,0.27736,0.90094
2026-01-15 01:00:00,1.80784,0,0.08534,0.06667,0.032,0.008,0.012,0.014,0.06787,0.21607,0.47706,1.51466,0.00655,1.11712,2.00335,0.00119,0.0079,0.00922,0,0.00003,0.00041,1.99422,0.66152,0.19378,0.41458,0.038,2.00208,0.36712,0.0819,0.17519,0.52406,1.58591,0.33004,0.22112,0.00283,2.71147,0.06537,1.11712,0.36712,0.33004,0.22112,2.00335,2.10722,1.99422,2.63661,2.71147,0.27773,0.90096
2026-01-15 02:00:00,1.95394,0,0.09235,0.06667,0.032,0.008,0.012,0.014,0.06701,0.21607,0.47319,1.50908,0.00655,1.11412,2.00772,0.0011,0.00788,0.00921,0,-0.00706,0.00041,1.99422,0.6024,0.21325,0.41114,0.038,2.01444,0.36712,0.08703,0.17396,0.52406,1.58574,0.33004,0.21975,0.00283,2.71147,0.06516,1.11412,0.36712,0.33004,0.21975,2.00772,2.10223,1.99422,2.63159,2.71147,0.27797,0.90099
2026-01-15 03:00:00,2.10003,0,0.09241,0.07476,0.02,0.008,0.012,0.014,0.06701,0.22134,0.47706,1.5017,0.00655,1.12012,1.99463,0.0011,0.00787,0.0092,0,-0.00709,0.00041,1.98922,0.6203,0.23292,0.4248,0.038,2.02679,0.36451,0.08773,0.17457,0.53506,1.58564,0.32604,0.21838,0.00283,2.71147,0.06496,1.12012,0.36451,0.32604,0.21838,1.99463,2.09725,1.98922,2.6266,2.71147,0.27833,0.90101
2026-01-15 04:00:00,2.12896,0,0.09232,0.08284,0.031,0.008,0.012,0.014,0.06535,0.224,0.48094,1.4955,0.00655,1.12012,1.99899,0.0011,0.00786,0.0092,0,0.00353,0.00041,1.98922,0.64083,0.21542,0.47559,0.037,2.03915,0.36451,0.08801,0.16042,0.54206,1.58574,0.31904,0.21702,0.00283,2.71147,0.06476,1.12012,0.36451,0.31904,0.21702,1.99899,2.09226,1.98922,2.62165,2.71147,0.27898,0.90103
2026-01-15 05:00:00,2.07051,0,0.09926,0.07376,0.031,0.008,0.012,0.014,0.06372,0.224,0.48485,1.48801,0.00633,1.11712,1.98593,0.0011,0.00784,0.00927,0,0.01065,0.00041,1.97922,0.64649,0.21631,0.51814,0.037,2.0515,0.36451,0.09032,0.1844,0.54906,1.58593,0.31504,0.21702,0.00259,2.70319,0.06455,1.11712,0.36451,0.31504,0.21702,1.98593,2.09226,1.97922,2.61673,2.70319,0.27975,0.90105
2026-01-15 06:00:00,2.04144,0,0.09229,0.07276,0.031,0.008,0.012,0.014,0.06372,0.22669,0.48876,1.48179,0.00633,1.11712,1.99463,0.0011,0.00783,0.00926,0,0.01419,0.00037,1.97922,0.55777,0.24694,0.49095,0.037,2.06386,0.3619,0.09179,0.18932,0.56706,1.58596,0.31504,0.21702,0.00283,2.70319,0.06435,1.11712,0.3619,0.31504,0.21702,1.99463,2.08729,1.97922,2.61175,2.70319,0.28035,0.90106
2026-01-15 07:00:00,2.02973,0,0.09235,0.07276,0.031,0.008,0.012,0.014,0.06214,0.2321,0.5046,1.47481,0.00633,1.12012,1.98593,0.0011,0.00782,0.00924,0,0.01416,0.00037,1.97922,0.60475,0.25039,0.4768,0.037,2.07446,0.3619,0.09175,0.1998,0.56006,1.58293,0.31504,0.21975,0.00283,2.69491,0.06415,1.12012,0.3619,0.31504,0.21975,1.98593,2.08232,1.97922,2.60674,2.69491,0.28076,0.90108
2026-01-15 08:00:00,1.96832,0,0.09235,0.05659,0.031,0.008,0.012,0.014,0.06372,0.23484,0.51261,1.46852,0.00633,1.12313,1.97289,0.0011,0.0078,0.00923,0,0.0106,0.00037,1.97022,0.69108,0.22391,0.49884,0.037,2.08504,0.3619,0.09206,0.20598,0.56306,1.5797,0.31504,0.22112,0.00283,2.68664,0.06395,1.12313,0.3619,0.31504,0.22112,1.97289,2.08232,1.97022,2.60178,2.68664,0.28092,0.90109
2026-01-15 09:00:00,1.86568,0,0.09232,0.04851,0.031,0.008,0.012,0.014,0.06372,0.23484,0.52069,1.4624,0.00633,1.11712,1.96422,0.00101,0.00779,0.00922,0,0.01769,0.00033,1.97522,0.75746,0.21658,0.48597,0.037,2.09564,0.3593,0.09164,0.18814,0.57006,1.57648,0.31504,0.22387,0.00283,2.68664,0.06375,1.11712,0.3593,0.31504,0.22387,1.96422,2.07735,1.97522,2.59679,2.68664,0.28108,0.9011
2026-01-15 10:00:00,1.83735,0,0.08531,0.05659,0.031,0.008,0.011,0.014,0.06372,0.23484,0.52069,1.46106,0.00633,1.11712,1.96856,0.0011,0.00778,0.0092,0,0.01416,0.00033,1.96522,0.76541,0.24644,0.42111,0.037,2.10622,0.3593,0.08964,0.19367,0.57406,1.57321,0.31904,0.22806,0.00259,2.68664,0.06355,1.11712,0.3593,0.31904,0.22806,1.96856,2.07239,1.96522,2.59177,2.68664,0.28116,0.90111
2026-01-15 11:00:00,1.9264,0,0.07831,0.05659,0.031,0.008,0.011,0.014,0.06372,0.23759,0.52882,1.4512,0.00633,1.11712,1.97724,0.00101,0.00776,0.00917,0,0.0035,0.00033,1.96522,0.71128,0.25876,0.40306,0.037,2.11682,0.3593,0.09063,0.19983,0.57006,1.56988,0.31904,0.23369,0.00259,2.67839,0.06335,1.11712,0.3593,0.31904,0.23369,1.97724,2.07239,1.96522,2.58681,2.67839,0.28118,0.90112
2026-01-15 12:00:00,1.9234,0,0.08534,0.04851,0.031,0.008,0.011,0.014,0.06372,0.23484,0.52882,1.46328,0.00633,1.12012,1.95989,0.0011,0.00775,0.00908,0,-0.00359,0.00033,1.96522,0.7499,0.23352,0.43485,0.037,2.12741,0.3593,0.08963,0.19306,0.56306,1.56656,0.31904,0.23797,0.00259,2.67014,0.06315,1.12012,0.3593,0.31904,0.23797,1.95989,2.06743,1.96522,2.58184,2.67014,0.2812,0.90639
2026-01-15 13:00:00,1.92451,0,0.07828,0.05759,0.031,0.008,0.011,0.014,0.06372,0.23759,0.53292,1.46369,0.00633,1.11712,1.95556,0.0011,0.00774,0.00905,0,-0.00003,0.00033,1.96122,0.7113,0.23316,0.45165,0.038,2.13011,0.3593,0.0889,0.19797,0.57806,1.61986,0.31504,0.24229,0.00283,2.67014,0.06295,1.11712,0.3593,0.31504,0.24229,1.95556,2.06248,1.96122,2.57685,2.67014,0.28121,0.91286
2026-01-15 14:00:00,1.92561,0,0.07128,0.07476,0.019,0.007,0.011,0.014,0.06372,0.23759,0.53292,1.46084,0.00633,1.12012,1.95989,0.0011,0.00772,0.00896,0,0.00706,0.00029,1.95122,0.69208,0.26268,0.41616,0.039,2.13281,0.3593,0.08824,0.19856,0.58507,1.67319,0.31504,0.24666,0.00259,2.66191,0.06276,1.12012,0.3593,0.31504,0.24666,1.95989,2.06248,1.95122,2.57191,2.66191,0.28122,0.91426
2026-01-15 15:00:00,1.92672,0,0.07133,0.06667,0.031,0.008,0.011,0.013,0.06214,0.2321,0.53292,1.45693,0.00633,1.12313,1.95556,0.0011,0.00771,0.00895,0,0.0053,0.00029,1.95122,0.67403,0.25549,0.39915,0.039,2.13551,0.3593,0.08688,0.21145,0.57806,1.72651,0.31504,0.25107,0.00259,2.66191,0.06256,1.12313,0.3593,0.31504,0.25107,1.95556,2.05754,1.95122,2.56707,2.66191,0.28124,0.91567
2026-01-15 16:00:00,1.92783,0,0.07133,0.04242,0.031,0.008,0.011,0.014,0.06214,0.23484,0.52882,1.45104,0.00633,1.12012,1.95989,0.0011,0.0077,0.00893,0,0.00177,0.00026,1.94622,0.63609,0.22933,0.41654,0.039,2.13822,0.3593,0.08758,0.21145,0.57006,1.77986,0.31504,0.25404,0.00283,2.65369,0.06236,1.12012,0.3593,0.31504,0.25404,1.95989,2.0526,1.94622,2.56228,2.65369,0.2813,0.91707
2026-01-15 17:00:00,1.92893,0,0.06427,0.05051,0.03,0.007,0.011,0.013,0.06214,0.23484,0.52882,1.44471,0.00633,1.11712,1.95556,0.0011,0.00768,0.00892,0,-0.00353,0.00029,1.94622,0.63585,0.21989,0.41612,0.04,2.14091,0.3593,0.08585,0.19732,0.57406,1.83325,0.31103,0.25702,0.00259,2.65369,0.06217,1.11712,0.3593,0.31103,0.25702,1.95556,2.0526,1.94622,2.55756,2.65369,0.28139,0.91847
2026-01-15 18:00:00,1.93003,0,0.06421,0.06667,0.03,0.007,0.011,0.012,0.06214,0.23489,0.52882,1.43662,0.00633,1.12012,1.94692,0.00119,0.00767,0.00891,0,0.00356,0.00028,1.94622,0.6567,0.23707,0.39917,0.04,2.14362,0.3593,0.08448,0.22195,0.56006,1.88661,0.31103,0.26003,0.0027,2.64547,0.06197,1.12012,0.3593,0.31103,0.26003,1.94692,2.04767,1.94622,2.55291,2.64547,0.28145,0.91988
2026-01-15 19:00:00,1.93426,0,0.07128,0.05759,0.03,0.007,0.011,0.012,0.06059,0.23484,0.53292,1.42939,0.00633,1.11712,1.95556,0.00119,0.00766,0.00889,0,-0.0035,0.00026,1.94222,0.6969,0.24672,0.38348,0.04,2.13833,0.3619,0.08346,0.2078,0.56306,1.9413,0.31103,0.26149,0.00283,2.64547,0.06178,1.11712,0.3619,0.31103,0.26149,1.95556,2.04274,1.94222,2.54831,2.64547,0.28164,0.92128
2026-01-15 20:00:00,1.93849,0,0.07128,0.04851,0.03,0.007,0.011,0.012,0.06059,0.2321,0.53292,1.42491,0.00633,1.12012,1.95124,0.00119,0.00765,0.00887,0,-0.01766,0.00026,1.93722,0.65832,0.226,0.38435,0.04,2.13303,0.3619,0.08344,0.18873,0.56706,1.99611,0.30703,0.26442,0.00283,2.64547,0.06158,1.12012,0.3619,0.30703,0.26442,1.95124,2.04274,1.93722,2.54377,2.64547,0.28195,0.92269
2026-01-15 21:00:00,1.94271,0,0.07122,0.05659,0.03,0.007,0.011,0.012,0.06059,0.2321,0.52882,1.42313,0.00633,1.12313,1.95989,0.00119,0.00764,0.00879,0,-0.00883,0.00026,1.93722,0.61936,0.2132,0.41844,0.039,2.12775,0.36451,0.08512,0.16475,0.55606,1.9935,0.30703,0.26442,0.00283,2.64547,0.06139,1.12313,0.36451,0.30703,0.26442,1.95989,2.04274,1.93722,2.53929,2.64547,0.28253,0.91988
2026-01-15 22:00:00,1.94694,0,0.07822,0.06467,0.03,0.007,0.011,0.012,0.06059,0.2321,0.52069,1.42373,0.00633,1.12313,1.95556,0.0011,0.00762,0.00884,0,-0.00886,0.00026,1.93722,0.63861,0.21968,0.4338,0.039,2.12245,0.36451,0.08519,0.14874,0.56006,1.99171,0.30703,0.26589,0.00283,2.63727,0.0612,1.12313,0.36451,0.30703,0.26589,1.95556,2.03781,1.93722,2.53493,2.63727,0.28395,0.91708
2026-01-15 23:00:00,1.95117,0,0.08526,0.06467,0.03,0.007,0.011,0.012,0.06059,0.23484,0.51261,1.42486,0.00633,1.11712,1.92967,0.0011,0.00761,0.00876,0,-0.00356,0.00026,1.93222,0.69637,0.22731,0.37926,0.038,2.11716,0.36451,0.08899,0.1684,0.54506,1.99036,0.31103,0.26737,0.00283,2.63727,0.061,1.11712,0.36451,0.31103,0.26737,1.92967,2.03289,1.93222,2.53071,2.63727,0.28579,0.91427
2026-01-16 00:00:00,1.95228,0,0.07828,0.06467,0.03,0.007,0.011,0.012,0.06059,0.2321,0.52069,1.42285,0.00633,1.12012,1.95124,0.0011,0.0076,0.00883,0,-0.00356,0.00023,1.92821,0.6567,0.21638,0.3753,0.038,2.11187,0.36451,0.08895,0.17514,0.54506,1.98858,0.31103,0.26737,0.00283,2.63727,0.06081,1.12012,0.36451,0.31103,0.26737,1.95124,2.03289,1.92821,2.52661,2.63727,0.28721,0.91146
2026-01-16 01:00:00,1.96059,0,0.07125,0.07376,0.03,0.007,0.011,0.012,0.05907,0.24035,0.52882,1.41497,0.00633,1.12313,1.9426,0.00101,0.00759,0.00881,0,-0.00003,0.00023,1.93222,0.55922,0.21524,0.42173,0.038,2.11457,0.36451,0.09212,0.18561,0.55206,1.99282,0.31103,0.26737,0.00283,2.63727,0.06062,1.12313,0.36451,0.31103,0.26737,1.9426,2.02798,1.93222,2.52261,2.63727,0.28844,0.90866
2026-01-16 02:00:00,1.9689,0,0.07125,0.07476,0.03,0.007,0.011,0.012,0.05759,0.23759,0.52475,1.4025,0.00633,1.12012,1.93398,0.00101,0.00758,0.0088,0,0.00706,0.00023,1.92821,0.57899,0.22478,0.45029,0.038,2.11728,0.36451,0.09417,0.21578,0.55206,1.99674,0.31103,0.26737,0.00259,2.63727,0.06043,1.12012,0.36451,0.31103,0.26737,1.93398,2.02798,1.92821,2.51866,2.63727,0.28935,0.90585
2026-01-16 03:00:00,1.97722,0,0.07125,0.06667,0.03,0.007,0.011,0.012,0.05759,0.24035,0.52069,1.39524,0.00633,1.12313,1.9426,0.00093,0.00757,0.00879,0,0,0.00023,1.92321,0.65577,0.2439,0.42773,0.037,2.11999,0.3619,0.09622,0.22502,0.56306,2.00114,0.31103,0.26737,0.00259,2.63727,0.06025,1.12313,0.3619,0.31103,0.26737,1.9426,2.02307,1.92321,2.51475,2.63727,0.29074,0.90305
2026-01-16 04:00:00,1.98553,0,0.07128,0.06667,0.03,0.007,0.011,0.012,0.05759,0.24314,0.52475,1.39536,0.00633,1.12613,1.93398,0.00093,0.00755,0.00877,0,0.01065,0.00023,1.91821,0.63629,0.25341,0.44398,0.037,2.1227,0.3619,0.09619,0.20595,0.56006,2.00684,0.31103,0.26737,0.00259,2.63727,0.06006,1.12613,0.3619,0.31103,0.26737,1.93398,2.01816,1.91821,2.5109,2.63727,0.29344,0.90024
2026-01-16 05:00:00,1.99384,0,0.0643,0.05859,0.03,0.007,0.011,0.012,0.05615,0.24314,0.53292,1.39206,0.00633,1.12613,1.97724,0.00093,0.00754,0.00877,0,0.01065,0.00023,1.92321,0.57915,0.24406,0.55444,0.039,2.12541,0.3619,0.09895,0.19056,0.54906,2.01314,0.31904,0.26885,0.00259,2.62908,0.05987,1.12613,0.3619,0.31904,0.26885,1.97724,2.01816,1.92321,2.50709,2.62908,0.29673,0.89744
2026-01-16 06:00:00,2.00215,0,0.05727,0.05091,0.018,0.007,0.011,0.012,0.05615,0.24314,0.52475,1.38318,0.00633,1.11712,1.92967,0.00093,0.00753,0.00884,0,0,0.0002,1.91421,0.59848,0.24438,0.54916,0.041,2.12811,0.3593,0.09784,0.17702,0.56006,2.01871,0.32304,0.26737,0.00259,2.63727,0.05968,1.11712,0.3593,0.32304,0.26737,1.92967,2.01326,1.91421,2.50321,2.63727,0.29929,0.89463
2026-01-16 07:00:00,2.00251,0,0.05024,0.03788,0.03,0.007,0.011,0.012,0.05615,0.24314,0.53703,1.37562,0.00633,1.12012,1.93829,0.00093,0.00752,0.00883,0,0,0.00023,1.91421,0.69493,0.22603,0.43981,0.043,2.13403,0.3593,0.10093,0.19729,0.57006,2.01587,0.32604,0.26885,0.00259,2.62908,0.0595,1.12012,0.3593,0.32604,0.26885,1.93829,2.01326,1.91421,2.49931,2.62908,0.30112,0.89183
2026-01-16 08:00:00,2.00287,0,0.03617,0.03234,0.02986,0.0071,0.0102,0.01196,0.05474,0.24314,0.53703,1.37231,0.00633,1.12012,1.93398,0.00093,0.0075,0.00882,0,0.00709,0.0002,1.91421,0.7528,0.22753,0.41785,0.044,2.13994,0.3593,0.09951,0.19729,0.58106,2.0121,0.32304,0.26885,0.00259,2.62908,0.05931,1.12012,0.3593,0.32304,0.26885,1.93398,2.00837,1.91421,2.49545,2.62908,0.30203,0.88902
2026-01-16 09:00:00,2.00323,0,0.02213,0.02425,0.02972,0.00719,0.01019,0.01193,0.05474,0.24594,0.54115,1.36481,0.00633,1.12313,1.94692,0.00093,0.00749,0.00879,0,0.00709,0.0002,1.90921,0.75282,0.23861,0.48357,0.044,2.14587,0.3593,0.09852,0.18929,0.56706,2.00854,0.31904,0.26885,0.00259,2.62908,0.05913,1.12313,0.3593,0.31904,0.26885,1.94692,2.00837,1.90921,2.49156,2.62908,0.30312,0.88622
2026-01-16 10:00:00,2.00359,0,0.03744,0.04636,0.02957,0.00729,0.01017,0.0119,0.05474,0.24594,0.53703,1.35807,0.00633,1.12012,1.9426,0.00093,0.00748,0.0087,0,0.0079,0.0002,1.90421,0.70712,0.23724,0.45144,0.042,2.15179,0.3619,0.09817,0.19042,0.57006,2.00524,0.31504,0.26885,0.00259,2.62908,0.05894,1.12012,0.3619,0.31504,0.26885,1.9426,2.00837,1.90421,2.48762,2.62908,0.30449,0.88341
2026-01-16 11:00:00,2.00395,0,0.05276,0.04628,0.02943,0.00738,0.01015,0.01186,0.05474,0.24314,0.54115,1.35473,0.00655,1.12613,1.92105,0.00093,0.00746,0.00869,0,0.00871,0.00017,1.90421,0.65961,0.23754,0.45441,0.041,2.1577,0.3619,0.09609,0.19054,0.57006,2.00196,0.29603,0.26885,0.00259,2.6209,0.05875,1.12613,0.3619,0.29603,0.26885,1.92105,2.00348,1.90421,2.48373,2.6209,0.30589,0.88061
2026-01-16 12:00:00,2.00431,0,0.06809,0.04621,0.02931,0.00748,0.01013,0.01184,0.05615,0.24314,0.53703,1.3488,0.00655,1.12313,1.92105,0.00093,0.00745,0.00867,0,0.00867,0.00017,1.90021,0.65863,0.23784,0.45738,0.04,2.16362,0.3619,0.09543,0.19067,0.57406,1.99842,0.26703,0.26885,0.00259,2.62908,0.05857,1.12313,0.3619,0.26703,0.26885,1.92105,1.9986,1.90021,2.47987,2.62908,0.30702,0.87113
2026-01-16 13:00:00,1.9968,0,0.06794,0.04615,0.02917,0.00759,0.01011,0.0118,0.05474,0.23759,0.54115,1.34127,0.00655,1.12012,1.92535,0.00093,0.00744,0.00858,0,0.00863,0.00017,1.89521,0.65676,0.23694,0.45794,0.039,2.16082,0.3619,0.09385,0.19158,0.57806,1.99292,0.28903,0.26885,0.00259,2.62908,0.05839,1.12012,0.3619,0.28903,0.26885,1.92535,1.99372,1.89521,2.47615,2.62908,0.30762,0.86242
2026-01-16 14:00:00,1.98928,0,0.06778,0.04606,0.02902,0.00758,0.01008,0.01177,0.05464,0.23718,0.53703,1.33408,0.00654,1.11712,1.92279,0.00071,0.00743,0.00856,0,0.00859,0.00012,1.89272,0.6543,0.23605,0.4585,0.037,2.15803,0.36115,0.09225,0.19221,0.57818,1.98691,0.30118,0.26925,0.00258,2.62641,0.05821,1.11712,0.36115,0.30118,0.26925,1.92279,1.99185,1.89272,2.47256,2.62641,0.30772,0.86233
2026-01-16 15:00:00,1.98177,0,0.06761,0.04591,0.02889,0.00757,0.01006,0.01174,0.0545,0.23665,0.53582,1.32705,0.00653,1.11671,1.91993,0.00071,0.00741,0.00847,0,0.00856,0.00008,1.88958,0.6514,0.23515,0.45906,0.03671,2.15524,0.36068,0.09067,0.19123,0.57911,1.98071,0.31332,0.26965,0.00258,2.62372,0.05803,1.11671,0.36068,0.31332,0.26965,1.91993,1.98943,1.88958,2.469,2.62372,0.30762,0.86223
2026-01-16 16:00:00,1.97426,0,0.06744,0.0458,0.02874,0.00755,0.01004,0.01171,0.0543,0.23641,0.53387,1.32009,0.00652,1.11631,1.91692,0.00071,0.0074,0.00846,0,0.00852,0.00004,1.88631,0.64799,0.23425,0.45961,0.03646,2.15245,0.36033,0.08908,0.18944,0.57879,1.97383,0.31328,0.27,0.00257,2.62101,0.05785,1.11631,0.36033,0.31328,0.27,1.91692,1.98704,1.88631,2.4655,2.62101,0.30685,0.86212
2026-01-16 17:00:00,1.96674,0,0.06727,0.04571,0.0286,0.00753,0.01002,0.01167,0.05409,0.23488,0.53062,1.31315,0.0065,1.11595,1.91393,0.00071,0.00739,0.00845,0,0.00848,0.00002,1.88331,0.64406,0.23336,0.46017,0.03614,2.14966,0.35967,0.08749,0.1872,0.57811,1.9666,0.31323,0.27034,0.00256,2.61829,0.05767,1.11595,0.35967,0.31323,0.27034,1.91393,1.98479,1.88331,2.46203,2.61829,0.30572,0.862
2026-01-16 18:00:00,1.95923,0,0.0671,0.04564,0.02848,0.00752,0.01,0.01165,0.05387,0.23455,0.5287,1.30409,0.00649,1.11561,1.91097,0.00071,0.00738,0.00844,0,0.00844,0,1.88055,0.63976,0.23246,0.46073,0.03579,2.14686,0.3589,0.0859,0.18478,0.5773,1.95964,0.31319,0.27083,0.00255,2.61556,0.05749,1.11561,0.3589,0.31319,0.27083,1.91097,1.98258,1.88055,2.45855,2.61556,0.30487,0.86186
2026-01-16 19:00:00,1.95072,0,0.06695,0.04558,0.02835,0.00752,0.00997,0.01161,0.05366,0.23406,0.52713,1.29758,0.00648,1.11511,1.90807,0.00071,0.00737,0.00843,0,0.0084,0,1.87794,0.6352,0.23123,0.45892,0.0354,2.14112,0.35818,0.085,0.18244,0.5754,1.95251,0.31314,0.27163,0.00254,2.61281,0.05731,1.11511,0.35818,0.31314,0.27163,1.90807,1.9803,1.87794,2.45505,2.61281,0.30416,0.86171
2026-01-16 20:00:00,1.94222,0,0.0668,0.0455,0.02822,0.00751,0.00995,0.01157,0.05347,0.23211,0.52481,1.29313,0.00647,1.11462,1.90521,0.00071,0.00735,0.00842,0,0.00837,0,1.87548,0.63047,0.22999,0.45712,0.03498,2.13538,0.35748,0.08411,0.18028,0.57361,1.94565,0.3131,0.27267,0.00253,2.61004,0.05714,1.11462,0.35748,0.3131,0.27267,1.90521,1.97793,1.87548,2.45152,2.61004,0.30372,0.86154
2026-01-16 21:00:00,1.93371,0,0.06664,0.04539,0.02808,0.0075,0.00992,0.01155,0.05331,0.23129,0.52331,1.28948,0.00646,1.11439,1.90239,0.00071,0.00734,0.0084,0,0.00833,0,1.87312,0.62566,0.22876,0.45531,0.03471,2.12964,0.3567,0.08321,0.1782,0.57173,1.93862,0.31305,0.2737,0.00253,2.60726,0.05696,1.11439,0.3567,0.31305,0.2737,1.90239,1.97549,1.87312,2.44798,2.60726,0.30311,0.86134
2026-01-16 22:00:00,1.9252,0,0.06648,0.0453,0.02794,0.00748,0.0099,0.01151,0.05317,0.2304,0.52197,1.28679,0.00646,1.11419,1.89961,0.00071,0.00733,0.00839,0,0.00829,0,1.87082,0.6213,0.22753,0.4535,0.03438,2.1239,0.3556,0.08231,0.17622,0.57,1.93119,0.31301,0.27452,0.00252,2.60443,0.05678,1.11419,0.3556,0.31301,0.27452,1.89961,1.97297,1.87082,2.44442,2.60443,0.3021,0.86112
2026-01-16 23:00:00,1.9167,0,0.06632,0.04522,0.02782,0.00746,0.00989,0.01148,0.05304,0.22948,0.52044,1.28417,0.00644,1.11378,1.8969,0.00071,0.00731,0.00838,0,0.00826,0,1.86853,0.61775,0.22629,0.4517,0.03394,2.11816,0.35433,0.08142,0.17424,0.56871,1.92361,0.31296,0.27503,0.00251,2.6016,0.05661,1.11378,0.35433,0.31296,0.27503,1.8969,1.97038,1.86853,2.44087,2.6016,0.30094,0.86086
2026-01-17 00:00:00,1.90819,0,0.06617,0.04515,0.0277,0.00746,0.00986,0.01145,0.0529,0.22976,0.51954,1.28161,0.00643,1.11333,1.89423,0.00071,0.0073,0.00837,0,0.00822,0,1.86624,0.61474,0.22506,0.44989,0.03373,2.11242,0.35334,0.08052,0.17227,0.56767,1.91628,0.31292,0.27491,0.0025,2.59875,0.05643,1.11333,0.35334,0.31292,0.27491,1.89423,1.96774,1.86624,2.43729,2.59875,0.30003,0.86056
2026-01-17 01:00:00,1.91039,0,0.06603,0.04509,0.02757,0.00745,0.00984,0.01142,0.05276,0.22908,0.51819,1.27854,0.00643,1.11283,1.89158,0.00071,0.00729,0.00832,0,0.00819,0,1.86392,0.61212,0.22464,0.44839,0.0337,2.10815,0.3528,0.08113,0.17282,0.56701,1.91627,0.31287,0.27347,0.00249,2.5959,0.05626,1.11283,0.3528,0.31287,0.27347,1.89158,1.96506,1.86392,2.43371,2.5959,0.29945,0.86021
2026-01-17 02:00:00,1.91259,0,0.06589,0.04499,0.02744,0.00745,0.00982,0.01138,0.05263,0.22999,0.51809,1.27433,0.00642,1.11232,1.88895,0.00071,0.00728,0.00812,0,0.00815,0,1.86156,0.60976,0.22423,0.44689,0.03368,2.1039,0.35245,0.08174,0.17395,0.56672,1.91662,0.31283,0.27151,0.00249,2.59307,0.05608,1.11232,0.35245,0.31283,0.27151,1.88895,1.96237,1.86156,2.43012,2.59307,0.29923,0.85979
2026-01-17 03:00:00,1.91479,0,0.06574,0.04485,0.02731,0.00744,0.00981,0.01135,0.05251,0.2299,0.51776,1.2699,0.00641,1.11179,1.88633,0.00071,0.00727,0.00811,0,0.00812,0,1.85916,0.60763,0.22381,0.4454,0.03364,2.09964,0.35214,0.08235,0.17532,0.56651,1.91703,0.31279,0.27041,0.00248,2.59024,0.05591,1.11179,0.35214,0.31279,0.27041,1.88633,1.95965,1.85916,2.42651,2.59024,0.29907,0.85927
2026-01-17 04:00:00,1.91699,0,0.06558,0.04474,0.02718,0.00742,0.00979,0.01132,0.05238,0.2305,0.51822,1.26543,0.0064,1.11126,1.88372,0.00071,0.00725,0.0081,0,0.00808,0,1.85672,0.60645,0.22339,0.4439,0.03361,2.09537,0.352,0.08296,0.17684,0.56652,1.91765,0.31274,0.27023,0.00248,2.5874,0.05574,1.11126,0.352,0.31274,0.27023,1.88372,1.9569,1.85672,2.4229,2.5874,0.29912,0.85862
2026-01-17 05:00:00,1.91919,0,0.06543,0.04465,0.02706,0.00741,0.00977,0.01129,0.05226,0.23117,0.5191,1.26127,0.00639,1.11074,1.88113,0.00071,0.00724,0.00809,0,0.00804,0,1.85425,0.60663,0.22298,0.4424,0.03358,2.09112,0.35199,0.08357,0.17846,0.56668,1.91841,0.3127,0.27057,0.00247,2.58454,0.05556,1.11074,0.35199,0.3127,0.27057,1.88113,1.95416,1.85425,2.41932,2.58454,0.29931,0.85779
2026-01-17 06:00:00,1.92139,0,0.06529,0.04457,0.02694,0.00741,0.00975,0.01126,0.05212,0.23185,0.52032,1.25758,0.00638,1.11025,1.87855,0.00071,0.00723,0.00807,0,0.00801,0,1.85174,0.60777,0.22256,0.4409,0.03355,2.08685,0.35188,0.08418,0.18009,0.56679,1.91911,0.31266,0.27102,0.00246,2.58162,0.05539,1.11025,0.35188,0.31266,0.27102,1.87855,1.95141,1.85174,2.41577,2.58162,0.29944,0.85668
2026-01-17 07:00:00,1.91709,0,0.06515,0.04452,0.02681,0.0074,0.00973,0.01122,0.05198,0.23267,0.52159,1.25364,0.00637,1.10983,1.87599,0.00071,0.00722,0.00806,0,0.00798,0,1.84921,0.60957,0.22244,0.44014,0.03352,2.08655,0.35165,0.08372,0.17937,0.56686,1.91511,0.31261,0.27142,0.00245,2.57861,0.05522,1.10983,0.35165,0.31261,0.27142,1.87599,1.94865,1.84921,2.41225,2.57861,0.29953,0.85513
2026-01-17 08:00:00,1.91278,0,0.06501,0.04444,0.0267,0.0074,0.0097,0.0112,0.05184,0.23308,0.5225,1.24952,0.00636,1.10948,1.87345,0.00071,0.00721,0.00805,0,0.00794,0,1.84665,0.61182,0.22231,0.43938,0.03348,2.08625,0.35144,0.08327,0.17832,0.56687,1.91103,0.31257,0.27181,0.00244,2.57553,0.05505,1.10948,0.35144,0.31257,0.27181,1.87345,1.94589,1.84665,2.40878,2.57553,0.29953,0.85279
2026-01-17 09:00:00,1.90848,0,0.06487,0.04433,0.02657,0.00739,0.00968,0.01116,0.05171,0.23348,0.52335,1.24556,0.00635,1.10922,1.87094,0.00071,0.0072,0.00803,0,0.00791,0,1.84409,0.61427,0.22219,0.43862,0.03345,2.08595,0.35123,0.08281,0.17704,0.5668,1.9069,0.31253,0.27216,0.00244,2.57238,0.05488,1.10922,0.35123,0.31253,0.27216,1.87094,1.94312,1.84409,2.40533,2.57238,0.29947,0.84891
2026-01-17 10:00:00,1.90418,0,0.06471,0.04423,0.02644,0.00736,0.00966,0.01113,0.05159,0.23354,0.52397,1.24176,0.00635,1.109,1.86848,0.00071,0.00718,0.00802,0,0.00787,0,1.8415,0.61551,0.22207,0.43786,0.03342,2.08565,0.35103,0.08235,0.17566,0.56656,1.90257,0.31248,0.27249,0.00243,2.5692,0.05471,1.109,0.35103,0.31248,0.27249,1.86848,1.94035,1.8415,2.40191,2.5692,0.29923,0.84114
2026-01-17 11:00:00,1.89987,0,0.06456,0.04416,0.02633,0.00735,0.00964,0.0111,0.05148,0.23375,0.52464,1.23786,0.00634,1.10885,1.86607,0.00071,0.00717,0.00801,0,0.00784,0,1.83891,0.61466,0.22194,0.4371,0.0333,2.08535,0.35085,0.0819,0.17423,0.56621,1.89813,0.31244,0.2728,0.00242,2.56602,0.05454,1.10885,0.35085,0.31244,0.2728,1.86607,1.93758,1.83891,2.39852,2.56602,0.29887,0.81783
2026-01-17 12:00:00,1.89557,0,0.06442,0.0441,0.02622,0.00734,0.00962,0.01107,0.05135,0.2341,0.52522,1.23376,0.00632,1.10874,1.86371,0.00071,0.00716,0.008,0,0.0078,0,1.83631,0.61235,0.22182,0.43634,0.03312,2.08505,0.35068,0.08144,0.17277,0.56594,1.89377,0.3124,0.27307,0.00241,2.56285,0.05437,1.10874,0.35068,0.3124,0.27307,1.86371,1.93484,1.83631,2.39516,2.56285,0.2986,0.81845
2026-01-17 13:00:00,1.88663,0,0.06429,0.04404,0.0261,0.00734,0.0096,0.01104,0.05123,0.23405,0.52546,1.2299,0.00632,1.10865,1.86141,0.00071,0.00715,0.00799,0,0.00777,0,1.8337,0.60904,0.22084,0.4338,0.03295,2.07687,0.35049,0.0805,0.17113,0.56561,1.88746,0.31236,0.27333,0.0024,2.55971,0.0542,1.10865,0.35049,0.31236,0.27333,1.86141,1.9321,1.8337,2.3918,2.55971,0.29828,0.81738
2026-01-17 14:00:00,1.87769,0,0.06415,0.04397,0.02599,0.00733,0.00958,0.01102,0.05111,0.23343,0.52528,1.22644,0.00632,1.1086,1.85915,0.00071,0.00713,0.00797,0,0.00773,0,1.83109,0.60503,0.21985,0.43126,0.03279,2.06869,0.3503,0.07956,0.16931,0.5653,1.88116,0.31232,0.27357,0.00239,2.55659,0.05404,1.1086,0.3503,0.31232,0.27357,1.85915,1.92937,1.83109,2.38847,2.55659,0.29796,0.80012
2026-01-17 15:00:00,1.86875,0,0.06401,0.04386,0.02587,0.00732,0.00957,0.01099,0.05098,0.23269,0.52496,1.22311,0.00631,1.10856,1.85695,0.00071,0.00712,0.00796,0,0.0077,0,1.82848,0.60056,0.21887,0.42873,0.03265,2.05772,0.35009,0.07862,0.16736,0.56474,1.87461,0.31228,0.2738,0.00239,2.5535,0.05387,1.10856,0.35009,0.31228,0.2738,1.85695,1.92667,1.82848,2.38516,2.5535,0.2974,0.79437
2026-01-17 16:00:00,1.85981,0,0.06386,0.04377,0.02574,0.0073,0.00955,0.01096,0.05086,0.23223,0.52465,1.21967,0.0063,1.10855,1.85481,0.00071,0.00711,0.00795,0,0.00767,0,1.82587,0.59588,0.21789,0.42619,0.03252,2.04675,0.34988,0.07768,0.16539,0.5635,1.86737,0.31224,0.274,0.00238,2.55043,0.0537,1.10855,0.34988,0.31224,0.274,1.85481,1.924,1.82587,2.38185,2.55043,0.29615,0.79149
2026-01-17 17:00:00,1.85087,0,0.06371,0.04369,0.02564,0.00728,0.00953,0.01094,0.05073,0.23048,0.52327,1.2159,0.00629,1.10856,1.85271,0.00071,0.00709,0.00794,0,0.00763,0,1.82328,0.59118,0.2169,0.42365,0.03239,2.03577,0.34967,0.07674,0.16341,0.56192,1.85981,0.3122,0.27418,0.00237,2.5474,0.05354,1.10856,0.34967,0.3122,0.27418,1.85271,1.92135,1.82328,2.37858,2.5474,0.29457,0.78976
2026-01-17 18:00:00,1.84193,0,0.06356,0.04363,0.02553,0.00728,0.00951,0.01091,0.05061,0.22993,0.52232,1.21185,0.00628,1.10857,1.85066,0.00071,0.00708,0.00793,0,0.0076,0,1.82071,0.58647,0.21592,0.42111,0.03226,2.0248,0.34945,0.0758,0.16147,0.56071,1.85261,0.31216,0.27436,0.00236,2.54439,0.05337,1.10857,0.34945,0.31216,0.27436,1.85066,1.91873,1.82071,2.37531,2.54439,0.29336,0.78861
2026-01-17 19:00:00,1.83568,0,0.06343,0.04356,0.02543,0.00727,0.00949,0.01087,0.05047,0.22935,0.52122,1.20922,0.00627,1.1086,1.84865,0.00071,0.00707,0.00792,0,0.00757,0,1.81814,0.58175,0.21499,0.41786,0.03215,2.01428,0.34924,0.07547,0.16041,0.55981,1.84768,0.31212,0.27452,0.00235,2.54141,0.05321,1.1086,0.34924,0.31212,0.27452,1.84865,1.91614,1.81814,2.37206,2.54141,0.29245,0.78779
2026-01-17 20:00:00,1.82942,0,0.0633,0.04347,0.02531,0.00727,0.00946,0.01085,0.05033,0.22744,0.51916,1.20816,0.00626,1.10863,1.84668,0.00071,0.00706,0.0079,0,0.00753,0,1.81559,0.57703,0.21406,0.41461,0.03204,2.00375,0.34903,0.07515,0.15957,0.55934,1.84319,0.31208,0.27467,0.00235,2.53845,0.05304,1.10863,0.34903,0.31208,0.27467,1.84668,1.91359,1.81559,2.36882,2.53845,0.29197,0.78717
2026-01-17 21:00:00,1.82317,0,0.06317,0.04333,0.02519,0.00726,0.00944,0.01082,0.0502,0.22678,0.51771,1.20743,0.00625,1.10867,1.84475,0.00071,0.00705,0.00789,0,0.0075,0,1.81307,0.57233,0.21313,0.41136,0.03193,1.99323,0.34882,0.07482,0.15884,0.55873,1.83856,0.31204,0.2748,0.00234,2.5355,0.05288,1.10867,0.34882,0.31204,0.2748,1.84475,1.91108,1.81307,2.36559,2.5355,0.29136,0.78669
2026-01-17 22:00:00,1.81692,0,0.06302,0.04322,0.02509,0.00724,0.00942,0.01078,0.05008,0.2261,0.51641,1.20697,0.00624,1.10871,1.84285,0.00071,0.00703,0.00788,0,0.00746,0,1.81057,0.5686,0.21219,0.4081,0.03183,1.9827,0.3486,0.07449,0.15817,0.55787,1.83368,0.312,0.27492,0.00233,2.53257,0.05272,1.10871,0.3486,0.312,0.27492,1.84285,1.9086,1.81057,2.36238,2.53257,0.29049,0.78631
2026-01-17 23:00:00,1.81066,0,0.06289,0.04313,0.02498,0.00723,0.0094,0.01076,0.04996,0.22538,0.5149,1.20615,0.00624,1.10876,1.84099,0.00071,0.00702,0.00787,0,0.00743,0,1.8081,0.56643,0.21126,0.40485,0.03172,1.97218,0.3484,0.07417,0.15751,0.55694,1.82873,0.31196,0.27503,0.00231,2.52966,0.05255,1.10876,0.3484,0.31196,0.27503,1.84099,1.90617,1.8081,2.35918,2.52966,0.28955,0.786
2026-01-18 00:00:00,1.80441,0,0.06276,0.04306,0.02488,0.00723,0.00938,0.01072,0.04985,0.22592,0.51406,1.20513,0.00623,1.10881,1.83916,0.00071,0.00701,0.00785,0,0.00739,0,1.80566,0.56534,0.21033,0.4016,0.03162,1.96165,0.3482,0.07384,0.15685,0.5562,1.82396,0.31192,0.27513,0.00229,2.52677,0.05239,1.10881,0.3482,0.31192,0.27513,1.83916,1.90376,1.80566,2.35599,2.52677,0.2888,0.78573
2026-01-18 01:00:00,1.80907,0,0.06264,0.043,0.02478,0.00722,0.00936,0.01069,0.04972,0.22557,0.51287,1.2038,0.00621,1.10886,1.83735,0.00071,0.007,0.00784,0,0.00736,0,1.80326,0.565,0.21056,0.4007,0.03153,1.96112,0.348,0.07516,0.1586,0.55581,1.82661,0.31188,0.27523,0.00227,2.52388,0.05223,1.10886,0.348,0.31188,0.27523,1.83735,1.9014,1.80326,2.35281,2.52388,0.28842,0.78551
2026-01-18 02:00:00,1.81373,0,0.06252,0.04292,0.02467,0.00722,0.00934,0.01067,0.0496,0.22695,0.51293,1.20174,0.00621,1.10892,1.83557,0.00071,0.00699,0.00783,0,0.00733,0,1.80089,0.56518,0.21079,0.3998,0.03144,1.96059,0.3478,0.07649,0.16092,0.55582,1.82965,0.31185,0.27531,0.00226,2.52101,0.05207,1.10892,0.3478,0.31185,0.27531,1.83557,1.89908,1.80089,2.34965,2.52101,0.28842,0.78532
2026-01-18 03:00:00,1.81839,0,0.06239,0.04281,0.02456,0.00721,0.00933,0.01063,0.04948,0.22736,0.51282,1.19961,0.00621,1.10896,1.83382,0.00071,0.00698,0.00781,0,0.0073,0,1.79855,0.56574,0.21101,0.3989,0.03135,1.96007,0.34761,0.07781,0.16354,0.55604,1.8329,0.31181,0.27539,0.00225,2.51813,0.05191,1.10896,0.34761,0.31181,0.27539,1.83382,1.89679,1.79855,2.3465,2.51813,0.28864,0.78516
2026-01-18 04:00:00,1.82304,0,0.06226,0.04272,0.02446,0.00719,0.00931,0.01059,0.04937,0.22852,0.51356,1.19756,0.0062,1.10902,1.83209,0.00071,0.00696,0.0078,0,0.00727,0,1.79626,0.56698,0.21124,0.398,0.03125,1.95954,0.34742,0.07913,0.16636,0.55692,1.83679,0.31177,0.27545,0.00225,2.51528,0.05175,1.10902,0.34742,0.31177,0.27545,1.83209,1.89454,1.79626,2.34337,2.51528,0.28951,0.78502
2026-01-18 05:00:00,1.8277,0,0.06212,0.04264,0.02435,0.00718,0.0093,0.01057,0.04925,0.22978,0.51475,1.19588,0.00619,1.10907,1.83038,0.00071,0.00695,0.00779,0,0.00724,0,1.79399,0.56911,0.21147,0.3971,0.03117,1.95901,0.34723,0.08046,0.1693,0.55817,1.84108,0.31173,0.27551,0.00224,2.51243,0.05159,1.10907,0.34723,0.31173,0.27551,1.83038,1.89233,1.79399,2.34025,2.51243,0.29075,0.78489
2026-01-18 06:00:00,1.83236,0,0.062,0.04258,0.02425,0.00718,0.00928,0.01054,0.04914,0.23107,0.51638,1.19469,0.00618,1.10913,1.82868,0.00071,0.00694,0.00778,0,0.00721,0,1.79177,0.57184,0.2117,0.3962,0.03108,1.95848,0.34704,0.08178,0.17236,0.5591,1.84503,0.31169,0.27556,0.00222,2.50959,0.05143,1.10913,0.34704,0.31169,0.27556,1.82868,1.89014,1.79177,2.33715,2.50959,0.29168,0.78478
2026-01-18 07:00:00,1.83369,0,0.06188,0.04253,0.02416,0.00717,0.00926,0.0105,0.04902,0.23246,0.51818,1.19316,0.00617,1.10918,1.827,0.00071,0.00693,0.00777,0,0.00718,0,1.78959,0.57499,0.21232,0.39728,0.031,1.96031,0.34686,0.08188,0.17304,0.55983,1.84444,0.31166,0.27561,0.00221,2.50676,0.05127,1.10918,0.34686,0.31166,0.27561,1.827,1.88799,1.78959,2.33406,2.50676,0.29241,0.78467
2026-01-18 08:00:00,1.83503,0,0.06176,0.04245,0.02405,0.00717,0.00924,0.01047,0.0489,0.23346,0.51971,1.19128,0.00616,1.10923,1.82535,0.00071,0.00692,0.00775,0,0.00715,0,1.78743,0.57844,0.21293,0.39837,0.03091,1.96214,0.34668,0.08198,0.17324,0.56023,1.84351,0.31162,0.27566,0.00221,2.50394,0.05112,1.10923,0.34668,0.31162,0.27566,1.82535,1.88587,1.78743,2.331,2.50394,0.2928,0.78458
2026-01-18 09:00:00,1.83636,0,0.06164,0.04234,0.02394,0.00716,0.00923,0.01044,0.04878,0.23439,0.52128,1.18954,0.00615,1.10928,1.82371,0.00071,0.00691,0.00774,0,0.00712,0,1.78532,0.58202,0.21355,0.39945,0.03082,1.96398,0.3465,0.08208,0.17322,0.56073,1.84268,0.31158,0.2757,0.0022,2.50112,0.05096,1.10928,0.3465,0.31158,0.2757,1.82371,1.88378,1.78532,2.32796,2.50112,0.29329,0.7845
2026-01-18 10:00:00,1.8377,0,0.06151,0.04225,0.02384,0.00713,0.00921,0.0104,0.04866,0.23501,0.52265,1.18804,0.00615,1.10933,1.82208,0.00071,0.00689,0.00773,0,0.00708,0,1.78323,0.58465,0.21417,0.40053,0.03074,1.96581,0.34631,0.08217,0.17307,0.56142,1.84203,0.31155,0.27573,0.0022,2.49831,0.0508,1.10933,0.34631,0.31155,0.27573,1.82208,1.88173,1.78323,2.32494,2.49831,0.29397,0.78443
2026-01-18 11:00:00,1.83904,0,0.06138,0.04218,0.02373,0.00712,0.0092,0.01038,0.04854,0.23575,0.52408,1.18653,0.00615,1.10938,1.82047,0.00071,0.00688,0.00772,0,0.00705,0,1.78118,0.58565,0.21478,0.40162,0.03066,1.96764,0.34613,0.08227,0.17282,0.56216,1.84144,0.31151,0.27576,0.00219,2.49552,0.05065,1.10938,0.34613,0.31151,0.27576,1.82047,1.87969,1.78118,2.32193,2.49552,0.2947,0.78436
2026-01-18 12:00:00,1.84037,0,0.06126,0.04212,0.02363,0.00711,0.00918,0.01035,0.04842,0.23663,0.52548,1.18492,0.00614,1.10942,1.81886,0.00071,0.00687,0.00771,0,0.00702,0,1.77916,0.58552,0.2154,0.4027,0.03058,1.96947,0.34596,0.08237,0.1726,0.56274,1.8407,0.31147,0.27577,0.00217,2.49274,0.05049,1.10942,0.34596,0.31147,0.27577,1.81886,1.87769,1.77916,2.31895,2.49274,0.29528,0.77975
2026-01-18 13:00:00,1.83517,0,0.06114,0.04206,0.02354,0.00711,0.00915,0.01031,0.0483,0.23705,0.52648,1.18334,0.00613,1.10948,1.81727,0.00071,0.00686,0.0077,0,0.00699,0,1.77718,0.5846,0.2151,0.40297,0.0305,1.96552,0.34578,0.08161,0.17144,0.56302,1.83625,0.31144,0.2758,0.00216,2.48997,0.05034,1.10948,0.34578,0.31144,0.2758,1.81727,1.8757,1.77718,2.316,2.48997,0.29556,0.76711
2026-01-18 14:00:00,1.82998,0,0.06103,0.04199,0.02344,0.0071,0.00913,0.01029,0.04818,0.23683,0.52704,1.18182,0.00612,1.10953,1.8157,0.00071,0.00685,0.00768,0,0.00696,0,1.77522,0.58313,0.21481,0.40324,0.03041,1.96157,0.34562,0.08085,0.17001,0.56302,1.83152,0.3114,0.27581,0.00216,2.4872,0.05018,1.10953,0.34562,0.3114,0.27581,1.8157,1.87375,1.77522,2.31305,2.4872,0.29555,0.75349
2026-01-18 15:00:00,1.82479,0,0.0609,0.04188,0.02334,0.00709,0.00911,0.01026,0.04807,0.23649,0.52745,1.18035,0.00611,1.10957,1.81413,0.00071,0.00684,0.00767,0,0.00693,0,1.77329,0.58128,0.21451,0.40352,0.03033,1.95762,0.34544,0.0801,0.16837,0.56286,1.82662,0.31137,0.27583,0.00215,2.48446,0.05003,1.10957,0.34544,0.31137,0.27583,1.81413,1.87182,1.77329,2.31014,2.48446,0.29537,0.74895
2026-01-18 16:00:00,1.81959,0,0.06077,0.04179,0.02324,0.00708,0.00909,0.01023,0.04795,0.23643,0.52784,1.17872,0.0061,1.10962,1.81258,0.00071,0.00682,0.00766,0,0.0069,0,1.77139,0.57896,0.21421,0.40379,0.03025,1.95368,0.34527,0.07934,0.16664,0.56216,1.82118,0.31134,0.27583,0.00215,2.48172,0.04988,1.10962,0.34527,0.31134,0.27583,1.81258,1.8699,1.77139,2.30724,2.48172,0.29466,0.74668
2026-01-18 17:00:00,1.8144,0,0.06064,0.04172,0.02315,0.00706,0.00907,0.01021,0.04783,0.23503,0.52711,1.17672,0.00609,1.10965,1.81103,0.00071,0.00681,0.00765,0,0.00687,0,1.76952,0.57614,0.21392,0.40406,0.03018,1.94973,0.3451,0.07858,0.16491,0.56117,1.81546,0.3113,0.27584,0.00214,2.47901,0.04972,1.10965,0.3451,0.3113,0.27584,1.81103,1.86801,1.76952,2.30437,2.47901,0.29366,0.74532
2026-01-18 18:00:00,1.8092,0,0.06052,0.04166,0.02306,0.00706,0.00905,0.01018,0.0477,0.23486,0.52676,1.17441,0.00609,1.1097,1.80949,0.00071,0.0068,0.00764,0,0.00684,0,1.76767,0.57296,0.21362,0.40433,0.0301,1.94578,0.34492,0.07782,0.1631,0.56041,1.80996,0.31127,0.27584,0.00213,2.4763,0.04957,1.1097,0.34492,0.31127,0.27584,1.80949,1.86614,1.76767,2.30153,2.4763,0.29289,0.74441
2026-01-18 19:00:00,1.80488,0,0.06041,0.04161,0.02296,0.00706,0.00903,0.01016,0.04757,0.23461,0.52625,1.17294,0.00609,1.10974,1.80797,0.00071,0.00679,0.00763,0,0.00681,0,1.76585,0.56954,0.21308,0.40349,0.03002,1.93936,0.34476,0.0777,0.16241,0.55981,1.80655,0.31123,0.27584,0.00212,2.47361,0.04942,1.10974,0.34476,0.31123,0.27584,1.80797,1.86428,1.76585,2.29871,2.47361,0.29229,0.74377
2026-01-18 20:00:00,1.80056,0,0.0603,0.04154,0.02286,0.00705,0.00901,0.01013,0.04744,0.23297,0.52467,1.17226,0.00608,1.10978,1.80645,0.00071,0.00678,0.00761,0,0.00678,0,1.76406,0.56594,0.21254,0.40265,0.02994,1.93294,0.34459,0.07758,0.16197,0.55948,1.80341,0.3112,0.27584,0.00211,2.47093,0.04927,1.10978,0.34459,0.3112,0.27584,1.80645,1.86245,1.76406,2.29591,2.47093,0.29196,0.74328
2026-01-18 21:00:00,1.79624,0,0.06018,0.04143,0.02276,0.00704,0.00899,0.01009,0.04732,0.23256,0.52375,1.17161,0.00606,1.10983,1.80495,0.00071,0.00677,0.0076,0,0.00676,0,1.76227,0.56226,0.21201,0.40181,0.02986,1.92652,0.34443,0.07746,0.16161,0.55904,1.80016,0.31116,0.27584,0.00211,2.46828,0.04912,1.10983,0.34443,0.31116,0.27584,1.80495,1.86062,1.76227,2.29314,2.46828,0.29152,0.7429
2026-01-18 22:00:00,1.79192,0,0.06006,0.04134,0.02265,0.00702,0.00898,0.01006,0.0472,0.23211,0.52292,1.1711,0.00606,1.10986,1.80345,0.00071,0.00676,0.00759,0,0.00673,0,1.76052,0.5592,0.21147,0.40097,0.02979,1.92009,0.34425,0.07734,0.16134,0.55841,1.79671,0.31113,0.27582,0.0021,2.46564,0.04897,1.10986,0.34425,0.31113,0.27582,1.80345,1.85882,1.76052,2.29038,2.46564,0.29088,0.7426
2026-01-18 23:00:00,1.7876,0,0.05994,0.04127,0.02255,0.007,0.00896,0.01003,0.04708,0.23162,0.52188,1.17016,0.00605,1.10991,1.80195,0.00071,0.00675,0.00758,0,0.0067,0,1.75878,0.55726,0.21093,0.40013,0.02972,1.91367,0.34409,0.07722,0.1611,0.55772,1.7932,0.31109,0.27582,0.00209,2.46301,0.04882,1.10991,0.34409,0.31109,0.27582,1.80195,1.85704,1.75878,2.28766,2.46301,0.29018,0.74235
2026-01-19 00:00:00,1.78328,0,0.05983,0.0412,0.02247,0.007,0.00895,0.01,0.04695,0.23237,0.5215,1.16897,0.00605,1.10994,1.80047,0.00071,0.00674,0.00757,0,0.00667,0,1.75706,0.5561,0.21039,0.39929,0.02964,1.90725,0.34392,0.0771,0.16083,0.55716,1.78983,0.31106,0.2758,0.00208,2.46041,0.04867,1.10994,0.34392,0.31106,0.2758,1.80047,1.85526,1.75706,2.28496,2.46041,0.28962,0.74214
2026-01-19 01:00:00,1.78772,0,0.05973,0.04114,0.02238,0.00699,0.00893,0.00997,0.04683,0.23216,0.52065,1.16756,0.00605,1.10998,1.79899,0.00071,0.00673,0.00756,0,0.00664,0,1.75536,0.55546,0.21061,0.39938,0.02956,1.90713,0.34376,0.07843,0.16257,0.5569,1.79243,0.31102,0.2758,0.00207,2.45782,0.04852,1.10998,0.34376,0.31102,0.2758,1.79899,1.8535,1.75536,2.28229,2.45782,0.28935,0.74197
2026-01-19 02:00:00,1.79217,0,0.05963,0.04105,0.02228,0.00699,0.00891,0.00994,0.04671,0.23359,0.52099,1.16551,0.00604,1.11001,1.79752,0.00071,0.00672,0.00754,0,0.00661,0,1.75368,0.5552,0.21082,0.39946,0.02949,1.90701,0.34359,0.07976,0.16479,0.55695,1.79535,0.31099,0.27578,0.00206,2.45525,0.04838,1.11001,0.34359,0.31099,0.27578,1.79752,1.85174,1.75368,2.27964,2.45525,0.2894,0.74182
2026-01-19 03:00:00,1.79661,0,0.05952,0.0409,0.0222,0.00698,0.00889,0.0099,0.04659,0.23403,0.52108,1.16345,0.00602,1.11005,1.79607,0.00071,0.00671,0.00753,0,0.00659,0,1.75201,0.5552,0.21104,0.39955,0.02941,1.90689,0.34343,0.08109,0.16737,0.55719,1.79847,0.31096,0.27576,0.00206,2.4527,0.04823,1.11005,0.34343,0.31096,0.27576,1.79607,1.85001,1.75201,2.277,2.4527,0.28965,0.74169
2026-01-19 04:00:00,1.80105,0,0.05941,0.04079,0.0221,0.00696,0.00888,0.00988,0.04648,0.23515,0.52195,1.16143,0.00602,1.11009,1.7946,0.00071,0.00669,0.00752,0,0.00656,0,1.75036,0.55564,0.21126,0.39964,0.02934,1.90677,0.34327,0.08242,0.17008,0.55808,1.80221,0.31092,0.27575,0.00206,2.45017,0.04808,1.11009,0.34327,0.31092,0.27575,1.7946,1.84829,1.75036,2.27439,2.45017,0.29053,0.74158
2026-01-19 05:00:00,1.8055,0,0.0593,0.0407,0.02201,0.00695,0.00887,0.00984,0.04637,0.23634,0.52326,1.15968,0.00601,1.11012,1.79316,0.00071,0.00668,0.00751,0,0.00653,0,1.74872,0.55663,0.21147,0.39972,0.02927,1.90665,0.34311,0.08375,0.17285,0.55932,1.80632,0.31089,0.27573,0.00205,2.44765,0.04794,1.11012,0.34311,0.31089,0.27573,1.79316,1.84657,1.74872,2.27181,2.44765,0.29176,0.74148
2026-01-19 06:00:00,1.80994,0,0.05919,0.04064,0.02194,0.00694,0.00885,0.00981,0.04625,0.23757,0.5249,1.15838,0.006,1.11016,1.79172,0.00071,0.00667,0.0075,0,0.0065,0,1.7471,0.55802,0.21169,0.39981,0.02919,1.90653,0.34294,0.08508,0.17566,0.56026,1.81011,0.31086,0.27571,0.00203,2.44516,0.04779,1.11016,0.34294,0.31086,0.27571,1.79172,1.84487,1.7471,2.26925,2.44516,0.29269,0.74139
2026-01-19 07:00:00,1.80904,0,0.0591,0.04059,0.02185,0.00694,0.00883,0.00979,0.04613,0.23882,0.52661,1.15676,0.00599,1.11019,1.79029,0.00071,0.00666,0.00749,0,0.00647,0,1.74548,0.55966,0.21191,0.40068,0.02912,1.90691,0.34278,0.08492,0.17589,0.56097,1.80847,0.31083,0.27569,0.00202,2.44268,0.04764,1.11019,0.34278,0.31083,0.27569,1.79029,1.84317,1.74548,2.26671,2.44268,0.29339,0.74131
2026-01-19 08:00:00,1.80814,0,0.059,0.04053,0.02176,0.00694,0.00881,0.00976,0.04601,0.2396,0.528,1.1549,0.00599,1.11023,1.78887,0.00071,0.00665,0.00748,0,0.00645,0,1.74389,0.5615,0.21212,0.40156,0.02905,1.90729,0.34262,0.08476,0.17562,0.56133,1.80648,0.3108,0.27566,0.00202,2.44021,0.0475,1.11023,0.34262,0.3108,0.27566,1.78887,1.84149,1.74389,2.2642,2.44021,0.29374,0.74124
2026-01-19 09:00:00,1.80724,0,0.05889,0.04045,0.02167,0.00693,0.0088,0.00973,0.0459,0.24028,0.52936,1.15318,0.00599,1.11027,1.78745,0.00071,0.00664,0.00747,0,0.00642,0,1.7423,0.56342,0.21234,0.40243,0.02898,1.90767,0.34246,0.0846,0.17506,0.56174,1.80457,0.31076,0.27565,0.00201,2.43777,0.04736,1.11027,0.34246,0.31076,0.27565,1.78745,1.83982,1.7423,2.2617,2.43777,0.29415,0.74117
2026-01-19 10:00:00,1.80634,0,0.05878,0.04038,0.02157,0.00691,0.00879,0.00971,0.04579,0.24061,0.53048,1.15161,0.00597,1.1103,1.78603,0.00071,0.00662,0.00746,0,0.00639,0,1.74073,0.56461,0.21255,0.4033,0.02891,1.90805,0.34229,0.08444,0.17431,0.56223,1.80271,0.31073,0.27562,0.00201,2.43535,0.04721,1.1103,0.34229,0.31073,0.27562,1.78603,1.83815,1.74073,2.25923,2.43535,0.29463,0.74111
2026-01-19 11:00:00,1.80544,0,0.05868,0.04033,0.02148,0.0069,0.00877,0.00968,0.04567,0.2411,0.53157,1.14996,0.00596,1.11034,1.78463,0.00071,0.00661,0.00745,0,0.00637,0,1.73917,0.56455,0.21277,0.40418,0.02883,1.90843,0.34213,0.08428,0.17355,0.56272,1.80085,0.3107,0.2756,0.002,2.43295,0.04706,1.11034,0.34213,0.3107,0.2756,1.78463,1.8365,1.73917,2.25678,2.43295,0.29511,0.74106
2026-01-19 12:00:00,1.80454,0,0.05857,0.04028,0.0214,0.0069,0.00876,0.00965,0.04555,0.24169,0.53259,1.14817,0.00596,1.11037,1.78323,0.00071,0.0066,0.00744,0,0.00634,0,1.73761,0.56362,0.21298,0.40505,0.02877,1.90881,0.34198,0.08412,0.17274,0.56311,1.79889,0.31067,0.27557,0.00199,2.43057,0.04692,1.11037,0.34198,0.31067,0.27557,1.78323,1.83486,1.73761,2.25435,2.43057,0.29549,0.73872
2026-01-19 13:00:00,1.79714,0,0.05848,0.04023,0.02132,0.00689,0.00874,0.00963,0.04543,0.24185,0.53316,1.14632,0.00595,1.11041,1.78184,0.00071,0.00659,0.00743,0,0.00631,0,1.73607,0.56208,0.21225,0.40454,0.0287,1.90422,0.34181,0.08315,0.17124,0.56325,1.79347,0.31064,0.27554,0.00198,2.42819,0.04678,1.11041,0.34181,0.31064,0.27554,1.78184,1.83322,1.73607,2.25195,2.42819,0.29562,0.7335
2026-01-19 14:00:00,1.78974,0,0.05838,0.04015,0.02123,0.00689,0.00872,0.00959,0.04532,0.24137,0.53324,1.14446,0.00595,1.11043,1.78046,0.00071,0.00658,0.00741,0,0.00629,0,1.73454,0.56012,0.21152,0.40404,0.02863,1.89963,0.34166,0.08218,0.16942,0.56315,1.7878,0.31061,0.27551,0.00197,2.42585,0.04664,1.11043,0.34166,0.31061,0.27551,1.78046,1.8316,1.73454,2.24956,2.42585,0.29551,0.72038
2026-01-19 15:00:00,1.78234,0,0.05828,0.04005,0.02114,0.00688,0.0087,0.00956,0.0452,0.24073,0.53317,1.14257,0.00595,1.11047,1.77907,0.00071,0.00657,0.0074,0,0.00626,0,1.73302,0.55787,0.2108,0.40353,0.02857,1.89505,0.3415,0.08121,0.16747,0.56284,1.78193,0.31057,0.27549,0.00197,2.42352,0.0465,1.11047,0.3415,0.31057,0.27549,1.77907,1.82997,1.73302,2.24718,2.42352,0.29519,0.716
2026-01-19 16:00:00,1.77493,0,0.05817,0.03996,0.02105,0.00686,0.00869,0.00953,0.04509,0.24032,0.53309,1.14048,0.00594,1.11051,1.77769,0.00071,0.00656,0.00739,0,0.00623,0,1.7315,0.55519,0.21007,0.40302,0.02849,1.89046,0.34135,0.08023,0.16541,0.56188,1.7754,0.31054,0.27545,0.00196,2.4212,0.04635,1.11051,0.34135,0.31054,0.27545,1.77769,1.82836,1.7315,2.24484,2.4212,0.29422,0.71381
2026-01-19 17:00:00,1.76753,0,0.05806,0.03989,0.02098,0.00685,0.00867,0.0095,0.04498,0.23865,0.53184,1.13798,0.00593,1.11054,1.77632,0.00071,0.00655,0.00738,0,0.00621,0,1.73,0.55199,0.20934,0.40252,0.02842,1.88587,0.34119,0.07926,0.16332,0.56057,1.76853,0.31051,0.27544,0.00195,2.41891,0.04621,1.11054,0.34119,0.31051,0.27544,1.77632,1.82676,1.73,2.2425,2.41891,0.29291,0.7125
2026-01-19 18:00:00,1.76013,0,0.05796,0.03983,0.0209,0.00685,0.00866,0.00947,0.04486,0.23813,0.53105,1.13513,0.00592,1.11058,1.77496,0.00071,0.00654,0.00737,0,0.00618,0,1.7285,0.54843,0.20861,0.40201,0.02836,1.88128,0.34104,0.07829,0.1612,0.55958,1.76198,0.31048,0.2754,0.00194,2.41663,0.04607,1.11058,0.34104,0.31048,0.2754,1.77496,1.82516,1.7285,2.24019,2.41663,0.29191,0.71163
2026-01-19 19:00:00,1.75467,0,0.05786,0.03978,0.02082,0.00684,0.00864,0.00945,0.04474,0.23754,0.53003,1.13319,0.00591,1.1106,1.77361,0.00071,0.00653,0.00736,0,0.00616,0,1.72702,0.54463,0.20779,0.40033,0.02829,1.87346,0.34088,0.07796,0.16007,0.55882,1.75762,0.31045,0.27538,0.00193,2.41436,0.04593,1.1106,0.34088,0.31045,0.27538,1.77361,1.82357,1.72702,2.2379,2.41436,0.29114,0.711
2026-01-19 20:00:00,1.7492,0,0.05777,0.03971,0.02074,0.00684,0.00862,0.00942,0.04463,0.23562,0.52798,1.13213,0.00591,1.11064,1.77225,0.00071,0.00652,0.00734,0,0.00613,0,1.72554,0.54066,0.20696,0.39866,0.02823,1.86564,0.34073,0.07763,0.1592,0.55839,1.75361,0.31042,0.27534,0.00192,2.41212,0.04579,1.11064,0.34073,0.31042,0.27534,1.77225,1.82198,1.72554,2.23563,2.41212,0.29071,0.71053
2026-01-19 21:00:00,1.74374,0,0.05767,0.0396,0.02065,0.00683,0.00861,0.00939,0.04452,0.23485,0.52657,1.13116,0.00591,1.11067,1.7709,0.00071,0.00651,0.00733,0,0.0061,0,1.72407,0.53657,0.20614,0.39698,0.02815,1.85782,0.34057,0.07731,0.15845,0.55785,1.74949,0.31039,0.27532,0.00192,2.40989,0.04566,1.11067,0.34057,0.31039,0.27532,1.7709,1.82041,1.72407,2.23337,2.40989,0.29017,0.71017
2026-01-19 22:00:00,1.73827,0,0.05756,0.03952,0.02056,0.0068,0.00859,0.00937,0.04441,0.23405,0.52524,1.13035,0.0059,1.11071,1.76956,0.00071,0.00649,0.00732,0,0.00608,0,1.7226,0.53315,0.20532,0.3953,0.02809,1.85,0.3404,0.07698,0.15781,0.55707,1.74512,0.31036,0.27529,0.00191,2.40768,0.04552,1.11071,0.3404,0.31036,0.27529,1.76956,1.81885,1.7226,2.23113,2.40768,0.28939,0.70988
2026-01-19 23:00:00,1.73281,0,0.05745,0.03945,0.02049,0.00679,0.00858,0.00934,0.0443,0.23325,0.52373,1.12908,0.00589,1.11074,1.76823,0.00071,0.00648,0.00731,0,0.00606,0,1.72115,0.53088,0.20449,0.39363,0.02802,1.84218,0.34025,0.07665,0.15717,0.55622,1.74068,0.31033,0.27526,0.0019,2.40548,0.04538,1.11074,0.34025,0.31033,0.27526,1.76823,1.81728,1.72115,2.22891,2.40548,0.28853,0.70964
2026-01-20 00:00:00,1.72734,0,0.05735,0.03939,0.02042,0.00678,0.00856,0.00931,0.04418,0.23366,0.52287,1.12757,0.00589,1.11077,1.7669,0.00071,0.00647,0.0073,0,0.00603,0,1.71971,0.52943,0.20367,0.39195,0.02796,1.83436,0.3401,0.07632,0.15651,0.55555,1.73641,0.3103,0.27523,0.00189,2.40331,0.04524,1.11077,0.3401,0.3103,0.27523,1.7669,1.81573,1.71971,2.22671,2.40331,0.28785,0.70944
2026-01-20 01:00:00,1.73118,0,0.05726,0.03933,0.02034,0.00678,0.00854,0.00929,0.04406,0.23318,0.52155,1.12597,0.00588,1.11081,1.76557,0.00071,0.00646,0.00729,0,0.006,0,1.71827,0.52854,0.20383,0.39145,0.0279,1.83337,0.33995,0.0774,0.15771,0.55522,1.73817,0.31027,0.2752,0.00188,2.40113,0.04511,1.11081,0.33995,0.31027,0.2752,1.76557,1.81419,1.71827,2.22453,2.40113,0.28751,0.70927
2026-01-20 02:00:00,1.73501,0,0.05716,0.03926,0.02027,0.00677,0.00853,0.00925,0.04395,0.23439,0.52143,1.12393,0.00587,1.11084,1.76424,0.00071,0.00645,0.00728,0,0.00598,0,1.71684,0.52803,0.20398,0.39095,0.02782,1.83237,0.33979,0.07848,0.15938,0.55525,1.7403,0.31025,0.27517,0.00188,2.39899,0.04497,1.11084,0.33979,0.31025,0.27517,1.76424,1.81264,1.71684,2.22235,2.39899,0.28754,0.70913
2026-01-20 03:00:00,1.73885,0,0.05707,0.03915,0.02019,0.00676,0.00851,0.00922,0.04384,0.23462,0.52109,1.12192,0.00587,1.11087,1.76293,0.00071,0.00644,0.00727,0,0.00595,0,1.71541,0.5278,0.20414,0.39045,0.02776,1.83138,0.33965,0.07956,0.16135,0.55548,1.74264,0.31022,0.27514,0.00187,2.39686,0.04484,1.11087,0.33965,0.31022,0.27514,1.76293,1.81111,1.71541,2.22019,2.39686,0.28777,0.709
2026-01-20 04:00:00,1.74268,0,0.05697,0.03906,0.02011,0.00675,0.0085,0.00919,0.04373,0.2356,0.52155,1.11998,0.00586,1.1109,1.76162,0.00071,0.00643,0.00726,0,0.00592,0,1.714,0.528,0.20429,0.38995,0.0277,1.83038,0.33949,0.08063,0.16353,0.55639,1.74564,0.31019,0.27511,0.00187,2.39474,0.0447,1.1109,0.33949,0.31019,0.27511,1.76162,1.80957,1.714,2.21805,2.39474,0.28869,0.70889
2026-01-20 05:00:00,1.74652,0,0.05687,0.03899,0.02004,0.00673,0.00848,0.00916,0.04363,0.23666,0.52243,1.11834,0.00586,1.11094,1.76031,0.00071,0.00642,0.00725,0,0.0059,0,1.71258,0.52873,0.20445,0.38945,0.02764,1.82939,0.33934,0.08171,0.16578,0.55768,1.74902,0.31016,0.27509,0.00186,2.39264,0.04457,1.11094,0.33934,0.31016,0.27509,1.76031,1.80805,1.71258,2.21592,2.39264,0.28997,0.7088
2026-01-20 06:00:00,1.75035,0,0.05679,0.03893,0.01997,0.00673,0.00847,0.00913,0.04352,0.23774,0.52371,1.11715,0.00585,1.11097,1.75901,0.00071,0.00641,0.00724,0,0.00587,0,1.71118,0.52983,0.2046,0.38895,0.02758,1.82839,0.33919,0.08279,0.16805,0.55866,1.75209,0.31013,0.27506,0.00185,2.39055,0.04443,1.11097,0.33919,0.31013,0.27506,1.75901,1.80654,1.71118,2.21382,2.39055,0.29094,0.70871
2026-01-20 07:00:00,1.74868,0,0.0567,0.03888,0.0199,0.00673,0.00845,0.00911,0.04341,0.23893,0.52513,1.11572,0.00584,1.111,1.75771,0.00071,0.0064,0.00723,0,0.00585,0,1.70977,0.53119,0.20488,0.38953,0.0275,1.82842,0.33904,0.0824,0.16797,0.5594,1.75005,0.3101,0.27502,0.00184,2.38847,0.0443,1.111,0.33904,0.3101,0.27502,1.75771,1.80502,1.70977,2.21173,2.38847,0.29167,0.70863
2026-01-20 08:00:00,1.747,0,0.05662,0.03881,0.01984,0.00672,0.00843,0.00908,0.04331,0.23957,0.52627,1.1141,0.00584,1.11104,1.75641,0.00071,0.00639,0.00721,0,0.00582,0,1.70839,0.53273,0.20516,0.39011,0.02744,1.82845,0.33889,0.08201,0.16737,0.55977,1.74764,0.31008,0.275,0.00183,2.38641,0.04416,1.11104,0.33889,0.31008,0.275,1.75641,1.80352,1.70839,2.20964,2.38641,0.29203,0.70857
2026-01-20 09:00:00,1.74533,0,0.05652,0.0387,0.01976,0.00671,0.00841,0.00905,0.04321,0.24018,0.52741,1.11267,0.00583,1.11107,1.75512,0.00071,0.00638,0.0072,0,0.0058,0,1.70699,0.53437,0.20544,0.3907,0.02739,1.82849,0.33874,0.08163,0.16652,0.56019,1.7453,0.31005,0.27496,0.00183,2.38437,0.04403,1.11107,0.33874,0.31005,0.27496,1.75512,1.80201,1.70699,2.20757,2.38437,0.29244,0.7085
2026-01-20 10:00:00,1.74365,0,0.05642,0.03861,0.01968,0.0067,0.0084,0.00903,0.04311,0.24038,0.52839,1.11146,0.00582,1.1111,1.75384,0.00071,0.00636,0.00719,0,0.00578,0,1.70562,0.53529,0.20572,0.39128,0.02733,1.82852,0.33858,0.08124,0.16551,0.56065,1.74299,0.31002,0.27494,0.00182,2.38234,0.0439,1.1111,0.33858,0.31002,0.27494,1.75384,1.80052,1.70562,2.20552,2.38234,0.2929,0.70845
2026-01-20 11:00:00,1.74198,0,0.05632,0.03854,0.01962,0.00668,0.00839,0.009,0.043,0.24075,0.52936,1.11023,0.00582,1.11113,1.75256,0.00071,0.00635,0.00718,0,0.00575,0,1.70424,0.53495,0.206,0.39186,0.02727,1.82855,0.33842,0.08085,0.16443,0.56111,1.74067,0.30999,0.2749,0.00181,2.38032,0.04376,1.11113,0.33842,0.30999,0.2749,1.75256,1.79903,1.70424,2.20348,2.38032,0.29335,0.70839
2026-01-20 12:00:00,1.7403,0,0.05623,0.03848,0.01955,0.00668,0.00837,0.00898,0.04289,0.24123,0.53024,1.10889,0.00581,1.11117,1.75128,0.00071,0.00634,0.00717,0,0.00573,0,1.70287,0.53373,0.20628,0.39244,0.0272,1.82858,0.33828,0.08046,0.16332,0.56147,1.73826,0.30996,0.27487,0.0018,2.37832,0.04363,1.11117,0.33828,0.30996,0.27487,1.75128,1.79754,1.70287,2.20146,2.37832,0.29371,0.70561
2026-01-20 13:00:00,1.73359,0,0.05614,0.03842,0.01948,0.00668,0.00835,0.00895,0.04277,0.24127,0.53068,1.10745,0.0058,1.1112,1.75,0.00071,0.00633,0.00716,0,0.00571,0,1.7015,0.5319,0.20559,0.39176,0.02714,1.82349,0.33813,0.07937,0.16171,0.56157,1.73271,0.30994,0.27484,0.00179,2.37632,0.0435,1.1112,0.33813,0.30994,0.27484,1.75,1.79606,1.7015,2.19944,2.37632,0.2938,0.69823
2026-01-20 14:00:00,1.72689,0,0.05605,0.03835,0.01942,0.00667,0.00833,0.00891,0.04265,0.24074,0.53063,1.10592,0.0058,1.11123,1.74874,0.00071,0.00632,0.00715,0,0.00568,0,1.70015,0.52965,0.20489,0.39107,0.02708,1.8184,0.33799,0.07828,0.15984,0.56143,1.72693,0.30991,0.27481,0.00178,2.37434,0.04337,1.11123,0.33799,0.30991,0.27481,1.74874,1.79459,1.70015,2.19744,2.37434,0.29365,0.6892
2026-01-20 15:00:00,1.72018,0,0.05596,0.03824,0.01934,0.00667,0.00832,0.00889,0.04255,0.24011,0.5304,1.10434,0.0058,1.11127,1.74747,0.00071,0.00631,0.00714,0,0.00565,0,1.6988,0.52712,0.2042,0.39039,0.02702,1.81332,0.33783,0.07719,0.15788,0.56104,1.7209,0.30988,0.27479,0.00178,2.37237,0.04324,1.11127,0.33783,0.30988,0.27479,1.74747,1.79312,1.6988,2.19545,2.37237,0.29325,0.68619
2026-01-20 16:00:00,1.71347,0,0.05586,0.03815,0.01928,0.00665,0.00831,0.00886,0.04244,0.23978,0.53014,1.10252,0.0058,1.11129,1.74621,0.00071,0.0063,0.00713,0,0.00563,0,1.69745,0.52422,0.20351,0.38971,0.02697,1.80823,0.33769,0.07611,0.15584,0.55989,1.71412,0.30986,0.27475,0.00176,2.37042,0.04311,1.11129,0.33769,0.30986,0.27475,1.74621,1.79166,1.69745,2.19348,2.37042,0.2921,0.68469
2026-01-20 17:00:00,1.70677,0,0.05577,0.03808,0.01921,0.00664,0.00829,0.00882,0.04232,0.23809,0.52876,1.10029,0.0058,1.11133,1.74495,0.00071,0.00629,0.00712,0,0.0056,0,1.69611,0.52094,0.20281,0.38902,0.0269,1.80314,0.33754,0.07502,0.15382,0.55836,1.70696,0.30983,0.27472,0.00175,2.36848,0.04298,1.11133,0.33754,0.30983,0.27472,1.74495,1.79019,1.69611,2.19152,2.36848,0.29057,0.68378
2026-01-20 18:00:00,1.70006,0,0.05568,0.03802,0.01914,0.00663,0.00828,0.0088,0.04221,0.23767,0.52778,1.09772,0.00579,1.11136,1.74369,0.00071,0.00628,0.00711,0,0.00558,0,1.69477,0.51738,0.20212,0.38834,0.02684,1.79805,0.3374,0.07393,0.15177,0.5572,1.70014,0.3098,0.27469,0.00174,2.36654,0.04285,1.11136,0.3374,0.3098,0.27469,1.74369,1.78873,1.69477,2.18956,2.36654,0.28939,0.68318
2026-01-20 19:00:00,1.69497,0,0.0556,0.03797,0.01908,0.00663,0.00826,0.00877,0.04209,0.23712,0.52665,1.0958,0.00578,1.1114,1.74244,0.00071,0.00627,0.0071,0,0.00556,0,1.69345,0.51364,0.20127,0.38643,0.02679,1.79087,0.33725,0.07363,0.15229,0.55631,1.69745,0.30978,0.27466,0.00173,2.36462,0.04272,1.1114,0.33725,0.30978,0.27466,1.74244,1.78728,1.69345,2.18762,2.36462,0.28849,0.68275
2026-01-20 20:00:00,1.68988,0,0.05552,0.0379,0.01901,0.00662,0.00824,0.00874,0.04197,0.2351,0.52457,1.09449,0.00577,1.11143,1.74119,0.00071,0.00626,0.00708,0,0.00554,0,1.69211,0.50977,0.20043,0.38453,0.02673,1.78369,0.33711,0.07334,0.15309,0.55583,1.69519,0.30975,0.27462,0.00173,2.36271,0.0426,1.11143,0.33711,0.30975,0.27462,1.74119,1.78583,1.69211,2.18569,2.36271,0.288,0.68243
2026-01-20 21:00:00,1.68479,0,0.05543,0.03779,0.01893,0.00662,0.00822,0.00872,0.04186,0.23428,0.52311,1.09317,0.00577,1.11146,1.73995,0.00071,0.00625,0.00707,0,0.00552,0,1.69079,0.5058,0.19959,0.38262,0.02668,1.7765,0.33696,0.07304,0.15405,0.5552,1.69277,0.30972,0.2746,0.00172,2.36082,0.04247,1.11146,0.33696,0.30972,0.2746,1.73995,1.78439,1.69079,2.18377,2.36082,0.28737,0.68218
2026-01-20 22:00:00,1.6797,0,0.05534,0.0377,0.01887,0.0066,0.00821,0.00869,0.04176,0.23341,0.52172,1.092,0.00577,1.1115,1.73871,0.00071,0.00623,0.00706,0,0.00549,0,1.68947,0.5025,0.19874,0.38071,0.02661,1.76932,0.33681,0.07274,0.15507,0.5543,1.69006,0.3097,0.27456,0.00172,2.35894,0.04234,1.1115,0.33681,0.3097,0.27456,1.73871,1.78294,1.68947,2.18187,2.35894,0.28646,0.68198
2026-01-20 23:00:00,1.67461,0,0.05525,0.03763,0.0188,0.00659,0.00819,0.00866,0.04165,0.23248,0.52011,1.09042,0.00576,1.11153,1.73748,0.00071,0.00622,0.00705,0,0.00547,0,1.68816,0.50072,0.19789,0.37881,0.02656,1.76214,0.33666,0.07245,0.15616,0.5533,1.6873,0.30967,0.27454,0.00171,2.35706,0.04222,1.11153,0.33666,0.30967,0.27454,1.73748,1.78151,1.68816,2.17998,2.35706,0.28547,0.68181
2026-01-21 00:00:00,1.66952,0,0.05517,0.03757,0.01873,0.00658,0.00818,0.00864,0.04153,0.23279,0.51906,1.08864,0.00576,1.11156,1.73623,0.00071,0.00621,0.00704,0,0.00545,0,1.68685,0.49973,0.19705,0.3769,0.0265,1.75496,0.33651,0.07215,0.15723,0.55253,1.68472,0.30965,0.2745,0.0017,2.35519,0.04209,1.11156,0.33651,0.30965,0.2745,1.73623,1.78008,1.68685,2.17808,2.35519,0.28468,0.68167
2026-01-21 01:00:00,1.67284,0,0.05509,0.03751,0.01868,0.00658,0.00816,0.00861,0.04141,0.23215,0.51765,1.08683,0.00575,1.11159,1.735,0.00071,0.0062,0.00703,0,0.00543,0,1.68554,0.49908,0.19714,0.37619,0.02645,1.75398,0.33637,0.07369,0.16256,0.55216,1.69135,0.30962,0.27448,0.00169,2.35334,0.04197,1.11159,0.33637,0.30962,0.27448,1.735,1.77865,1.68554,2.17621,2.35334,0.2843,0.68156
2026-01-21 02:00:00,1.67615,0,0.05502,0.03744,0.01861,0.00657,0.00814,0.00857,0.04129,0.23317,0.51736,1.08463,0.00574,1.11163,1.73378,0.00071,0.00619,0.00702,0,0.00541,0,1.68424,0.4987,0.19723,0.37549,0.0264,1.75299,0.33622,0.07522,0.16853,0.55219,1.69838,0.3096,0.27445,0.00168,2.35149,0.04184,1.11163,0.33622,0.3096,0.27445,1.73378,1.77723,1.68424,2.17434,2.35149,0.28433,0.68146
2026-01-21 03:00:00,1.67947,0,0.05493,0.03733,0.01854,0.00657,0.00813,0.00855,0.04119,0.23321,0.51688,1.08246,0.00573,1.11167,1.73255,0.00071,0.00618,0.00701,0,0.00539,0,1.68295,0.49854,0.19732,0.37478,0.02633,1.75201,0.33609,0.07676,0.17486,0.55248,1.70567,0.30957,0.27442,0.00168,2.34966,0.04172,1.11167,0.33609,0.30957,0.27442,1.73255,1.77581,1.68295,2.17248,2.34966,0.28461,0.68137
2026-01-21 04:00:00,1.68279,0,0.05484,0.03724,0.01848,0.00655,0.00812,0.00852,0.04108,0.23394,0.51719,1.08034,0.00573,1.11169,1.73133,0.00071,0.00617,0.007,0,0.00536,0,1.68166,0.49874,0.1974,0.37407,0.02628,1.75102,0.33594,0.0783,0.18138,0.55356,1.71376,0.30955,0.27439,0.00167,2.34784,0.04159,1.11169,0.33594,0.30955,0.27439,1.73133,1.77439,1.68166,2.17064,2.34784,0.28569,0.6813
2026-01-21 05:00:00,1.6861,0,0.05476,0.03717,0.01842,0.00654,0.0081,0.00848,0.04097,0.23474,0.51789,1.07854,0.00572,1.11173,1.73011,0.00071,0.00616,0.00699,0,0.00534,0,1.68037,0.49944,0.19749,0.37337,0.02623,1.75004,0.3358,0.07983,0.18798,0.55506,1.72226,0.30952,0.27436,0.00167,2.34602,0.04147,1.11173,0.3358,0.30952,0.27436,1.73011,1.77298,1.68037,2.16881,2.34602,0.28719,0.68123
2026-01-21 06:00:00,1.68942,0,0.05467,0.03712,0.01836,0.00653,0.00809,0.00846,0.04085,0.23556,0.519,1.07717,0.00572,1.11176,1.72889,0.00071,0.00615,0.00698,0,0.00532,0,1.67909,0.50051,0.19758,0.37266,0.02617,1.74905,0.33566,0.08137,0.19476,0.55622,1.73042,0.30949,0.27432,0.00167,2.34421,0.04134,1.11176,0.33566,0.30949,0.27432,1.72889,1.77157,1.67909,2.16698,2.34421,0.28834,0.68117
2026-01-21 07:00:00,1.68843,0,0.0546,0.03708,0.01831,0.00653,0.00807,0.00843,0.04073,0.23646,0.5202,1.07567,0.00572,1.1118,1.72768,0.00071,0.00614,0.00697,0,0.0053,0,1.6778,0.50198,0.19783,0.37323,0.02612,1.74991,0.33552,0.08134,0.19369,0.55709,1.72792,0.30947,0.2743,0.00167,2.34242,0.04122,1.1118,0.33552,0.30947,0.2743,1.72768,1.77017,1.6778,2.16516,2.34242,0.28921,0.68112
2026-01-21 08:00:00,1.68743,0,0.05452,0.03702,0.01825,0.00652,0.00805,0.00842,0.04061,0.23696,0.52109,1.0741,0.00571,1.11183,1.72647,0.00071,0.00613,0.00696,0,0.00528,0,1.67653,0.50416,0.19808,0.37379,0.02606,1.75077,0.33537,0.08131,0.19205,0.55755,1.725,0.30945,0.27427,0.00167,2.34064,0.04109,1.11183,0.33537,0.30945,0.27427,1.72647,1.76877,1.67653,2.16335,2.34064,0.28966,0.68107
2026-01-21 09:00:00,1.68644,0,0.05444,0.03694,0.01818,0.00652,0.00803,0.00841,0.0405,0.23739,0.52196,1.07275,0.00571,1.11186,1.72527,0.00071,0.00612,0.00694,0,0.00526,0,1.67525,0.5064,0.19833,0.37436,0.02601,1.75164,0.33524,0.08128,0.19008,0.5581,1.72218,0.30942,0.27425,0.00167,2.33886,0.04097,1.11186,0.33524,0.30942,0.27425,1.72527,1.76737,1.67525,2.16155,2.33886,0.2902,0.68103
2026-01-21 10:00:00,1.68545,0,0.05435,0.03688,0.01813,0.0065,0.00802,0.0084,0.04041,0.23751,0.52263,1.07161,0.0057,1.1119,1.72406,0.00071,0.00611,0.00693,0,0.00523,0,1.67399,0.50788,0.19857,0.37492,0.02596,1.7525,0.33508,0.08124,0.18792,0.55882,1.71952,0.3094,0.27421,0.00167,2.33709,0.04085,1.1119,0.33508,0.3094,0.27421,1.72406,1.76598,1.67399,2.15976,2.33709,0.29091,0.68099
2026-01-21 11:00:00,1.68445,0,0.05427,0.03683,0.01806,0.00649,0.008,0.00839,0.04031,0.23779,0.52332,1.07042,0.0057,1.11193,1.72285,0.00071,0.0061,0.00692,0,0.00521,0,1.67272,0.50805,0.19882,0.37549,0.02591,1.75336,0.33495,0.08121,0.18572,0.55954,1.71686,0.30937,0.27418,0.00166,2.33533,0.04072,1.11193,0.33495,0.30937,0.27418,1.72285,1.76458,1.67272,2.15797,2.33533,0.29162,0.68095
2026-01-21 12:00:00,1.68346,0,0.05419,0.03678,0.01801,0.00648,0.00799,0.00838,0.0402,0.23818,0.52396,1.0691,0.00569,1.11197,1.72166,0.00071,0.00609,0.00691,0,0.00519,0,1.67147,0.5073,0.19907,0.37605,0.02586,1.75422,0.3348,0.08118,0.18345,0.56013,1.71408,0.30935,0.27415,0.00165,2.33358,0.0406,1.11197,0.3348,0.30935,0.27415,1.72166,1.76319,1.67147,2.15619,2.33358,0.29221,0.67899
2026-01-21 13:00:00,1.67736,0,0.05411,0.03673,0.01795,0.00648,0.00797,0.00838,0.04009,0.23819,0.52421,1.06772,0.00569,1.11199,1.72046,0.00071,0.00608,0.0069,0,0.00517,0,1.6702,0.50593,0.19838,0.37554,0.0258,1.75025,0.33466,0.08015,0.1807,0.56038,1.70757,0.30932,0.27413,0.00164,2.33183,0.04048,1.11199,0.33466,0.30932,0.27413,1.72046,1.76181,1.6702,2.15443,2.33183,0.29245,0.67406
2026-01-21 14:00:00,1.67127,0,0.05403,0.03666,0.01788,0.00647,0.00795,0.00837,0.03999,0.2376,0.52397,1.06633,0.00568,1.11203,1.71927,0.00071,0.00607,0.00689,0,0.00515,0,1.66895,0.50411,0.19769,0.37503,0.02575,1.74627,0.33453,0.07911,0.17757,0.5603,1.70073,0.3093,0.27411,0.00163,2.3301,0.04036,1.11203,0.33453,0.3093,0.27411,1.71927,1.76042,1.66895,2.15268,2.3301,0.29236,0.6666
2026-01-21 15:00:00,1.66517,0,0.05395,0.03655,0.01782,0.00647,0.00794,0.00836,0.03989,0.23693,0.52356,1.06494,0.00567,1.11207,1.71808,0.00071,0.00606,0.00688,0,0.00513,0,1.6677,0.50199,0.197,0.37452,0.0257,1.7423,0.33438,0.07808,0.17423,0.55997,1.69364,0.30928,0.27407,0.00163,2.32838,0.04024,1.11207,0.33438,0.30928,0.27407,1.71808,1.75905,1.6677,2.15092,2.32838,0.29202,0.66411
2026-01-21 16:00:00,1.65907,0,0.05386,0.03647,0.01775,0.00645,0.00793,0.00835,0.03979,0.23649,0.52316,1.06337,0.00567,1.1121,1.71688,0.00071,0.00605,0.00687,0,0.0051,0,1.66645,0.50004,0.19632,0.374,0.02565,1.73833,0.33425,0.07704,0.17079,0.55888,1.68577,0.30925,0.27405,0.00162,2.32666,0.04012,1.1121,0.33425,0.30925,0.27405,1.71688,1.75767,1.66645,2.14918,2.32666,0.29092,0.66286
2026-01-21 17:00:00,1.65298,0,0.05378,0.0364,0.01769,0.00644,0.00791,0.00834,0.03968,0.23486,0.52168,1.06142,0.00567,1.11214,1.7157,0.00071,0.00604,0.00686,0,0.00508,0,1.66521,0.49769,0.19563,0.37349,0.0256,1.73435,0.33411,0.076,0.16733,0.55739,1.67752,0.30923,0.27402,0.00161,2.32495,0.04,1.11214,0.33411,0.30923,0.27402,1.7157,1.7563,1.66521,2.14745,2.32495,0.28942,0.66212
2026-01-21 18:00:00,1.64688,0,0.0537,0.03635,0.01764,0.00643,0.0079,0.00833,0.03956,0.23433,0.52059,1.05914,0.00566,1.11216,1.71451,0.00071,0.00603,0.00685,0,0.00506,0,1.66397,0.49492,0.19494,0.37298,0.02554,1.73038,0.33398,0.07497,0.16385,0.55625,1.66963,0.30921,0.27399,0.0016,2.32325,0.03988,1.11216,0.33398,0.30921,0.27399,1.71451,1.75493,1.66397,2.14571,2.32325,0.28828,0.66162
2026-01-21 19:00:00,1.64191,0,0.05362,0.03631,0.01758,0.00643,0.00788,0.00832,0.03944,0.23367,0.51931,1.05725,0.00566,1.1122,1.71333,0.00071,0.00602,0.00684,0,0.00504,0,1.66273,0.49182,0.19405,0.37114,0.02549,1.72349,0.33383,0.07466,0.16355,0.55534,1.66599,0.30918,0.27396,0.00159,2.32155,0.03976,1.1122,0.33383,0.30918,0.27396,1.71333,1.75356,1.66273,2.14399,2.32155,0.28737,0.66127
2026-01-21 20:00:00,1.63695,0,0.05355,0.03626,0.01752,0.00643,0.00786,0.0083,0.03933,0.23169,0.51709,1.05563,0.00566,1.11223,1.71215,0.00071,0.00601,0.00683,0,0.00502,0,1.66149,0.48848,0.19316,0.36931,0.02545,1.71659,0.3337,0.07435,0.1635,0.55482,1.66272,0.30916,0.27394,0.00159,2.31987,0.03965,1.11223,0.3337,0.30916,0.27394,1.71215,1.7522,1.66149,2.14228,2.31987,0.28685,0.661
2026-01-21 21:00:00,1.63199,0,0.05347,0.03618,0.01747,0.00642,0.00784,0.00829,0.03923,0.23075,0.51545,1.05387,0.00565,1.11227,1.71098,0.00071,0.00601,0.00682,0,0.005,0,1.66027,0.48493,0.19227,0.36747,0.0254,1.7097,0.33355,0.07404,0.16357,0.55413,1.65931,0.30914,0.27391,0.00158,2.31819,0.03953,1.11227,0.33355,0.30914,0.27391,1.71098,1.75084,1.66027,2.14057,2.31819,0.28617,0.66079
2026-01-21 22:00:00,1.62702,0,0.05338,0.03612,0.01741,0.0064,0.00783,0.00828,0.03915,0.22977,0.51388,1.0522,0.00564,1.11231,1.70979,0.00071,0.006,0.00681,0,0.00498,0,1.65903,0.48171,0.19137,0.36563,0.02535,1.7028,0.33342,0.07373,0.16369,0.55307,1.65549,0.30911,0.27388,0.00158,2.31652,0.03941,1.11231,0.33342,0.30911,0.27388,1.70979,1.74948,1.65903,2.13887,2.31652,0.2851,0.66063
2026-01-21 23:00:00,1.62206,0,0.05329,0.03607,0.01735,0.00639,0.00782,0.00827,0.03906,0.22875,0.5121,1.0501,0.00564,1.11234,1.70862,0.00071,0.00599,0.0068,0,0.00496,0,1.65781,0.47922,0.19048,0.3638,0.02529,1.69591,0.33328,0.07342,0.16387,0.55188,1.65156,0.30909,0.27386,0.00157,2.31484,0.0393,1.11234,0.33328,0.30909,0.27386,1.70862,1.74813,1.65781,2.13719,2.31484,0.2839,0.66049
2026-01-22 00:00:00,1.61709,0,0.05321,0.03602,0.01731,0.00638,0.00781,0.00825,0.03897,0.22884,0.51087,1.04778,0.00564,1.11237,1.70745,0.00071,0.00598,0.00679,0,0.00494,0,1.65658,0.47731,0.18959,0.36196,0.02524,1.68901,0.33315,0.07311,0.16402,0.55094,1.64786,0.30907,0.27382,0.00156,2.31319,0.03918,1.11237,0.33315,0.30907,0.27382,1.70745,1.74677,1.65658,2.13549,2.31319,0.28295,0.66038
2026-01-22 01:00:00,1.62001,0,0.05314,0.03597,0.01726,0.00638,0.00779,0.00824,0.03888,0.22812,0.50922,1.04571,0.00563,1.1124,1.70629,0.00071,0.00597,0.00678,0,0.00492,0,1.65537,0.47584,0.18956,0.36098,0.02519,1.68714,0.333,0.07447,0.16846,0.55042,1.65315,0.30905,0.27381,0.00155,2.31154,0.03907,1.1124,0.333,0.30905,0.27381,1.70629,1.74542,1.65537,2.13381,2.31154,0.28243,0.66028
2026-01-22 02:00:00,1.62292,0,0.05306,0.0359,0.0172,0.00638,0.00778,0.00823,0.03879,0.22896,0.50871,1.04367,0.00563,1.11244,1.70512,0.00071,0.00596,0.00677,0,0.0049,0,1.65415,0.47471,0.18952,0.36,0.02515,1.68527,0.33286,0.07583,0.1735,0.55037,1.65889,0.30903,0.27377,0.00154,2.30989,0.03895,1.11244,0.33286,0.30903,0.27377,1.70512,1.74408,1.65415,2.13215,2.30989,0.28237,0.6602
2026-01-22 03:00:00,1.62584,0,0.05299,0.03579,0.01715,0.00637,0.00777,0.00822,0.03871,0.22894,0.508,1.04178,0.00562,1.11247,1.70395,0.00071,0.00595,0.00676,0,0.00488,0,1.65294,0.47385,0.18949,0.35902,0.0251,1.6834,0.33273,0.07719,0.17882,0.55052,1.66484,0.309,0.27375,0.00153,2.30826,0.03884,1.11247,0.33273,0.309,0.27375,1.70395,1.74272,1.65294,2.13047,2.30826,0.28251,0.66013
2026-01-22 04:00:00,1.62876,0,0.05291,0.03571,0.01709,0.00635,0.00776,0.00821,0.03862,0.22958,0.50807,1.03998,0.00562,1.11251,1.70279,0.00071,0.00594,0.00675,0,0.00486,0,1.65172,0.47349,0.18946,0.35804,0.02504,1.68152,0.33259,0.07856,0.18434,0.55134,1.67146,0.30898,0.27372,0.00153,2.30663,0.03872,1.11251,0.33259,0.30898,0.27372,1.70279,1.74138,1.65172,2.1288,2.30663,0.28332,0.66007
2026-01-22 05:00:00,1.63167,0,0.05284,0.03564,0.01703,0.00634,0.00775,0.0082,0.03854,0.23029,0.50851,1.03848,0.00561,1.11255,1.70163,0.00071,0.00593,0.00674,0,0.00484,0,1.65052,0.4738,0.18942,0.35706,0.025,1.67965,0.33246,0.07992,0.18998,0.55255,1.67846,0.30896,0.27369,0.00152,2.30499,0.03861,1.11255,0.33246,0.30896,0.27369,1.70163,1.74004,1.65052,2.12715,2.30499,0.28452,0.66001
2026-01-22 06:00:00,1.63459,0,0.05277,0.03559,0.01699,0.00633,0.00774,0.0082,0.03844,0.23102,0.50938,1.03742,0.00561,1.11258,1.70048,0.00071,0.00592,0.00673,0,0.00482,0,1.6493,0.47462,0.18939,0.35608,0.02495,1.67778,0.33232,0.08128,0.1957,0.55345,1.68516,0.30894,0.27367,0.00151,2.30337,0.03849,1.11258,0.33232,0.30894,0.27367,1.70048,1.7387,1.6493,2.12551,2.30337,0.28541,0.65996
2026-01-22 07:00:00,1.63402,0,0.0527,0.03555,0.01693,0.00633,0.00772,0.00819,0.03834,0.23191,0.51038,1.03628,0.00561,1.11261,1.69932,0.00071,0.00591,0.00672,0,0.0048,0,1.6481,0.47586,0.18959,0.35642,0.02491,1.67879,0.33219,0.08124,0.19478,0.55415,1.68293,0.30892,0.27364,0.0015,2.30176,0.03838,1.11261,0.33219,0.30892,0.27364,1.69932,1.73737,1.6481,2.12385,2.30176,0.28612,0.65992
2026-01-22 08:00:00,1.63345,0,0.05264,0.0355,0.01688,0.00633,0.00771,0.00818,0.03824,0.23246,0.51117,1.03513,0.0056,1.11264,1.69817,0.00071,0.0059,0.00672,0,0.00478,0,1.64691,0.47741,0.18979,0.35677,0.02486,1.67981,0.33205,0.0812,0.19335,0.55453,1.68035,0.3089,0.27363,0.00149,2.30015,0.03827,1.11264,0.33205,0.3089,0.27363,1.69817,1.73603,1.64691,2.12221,2.30015,0.28649,0.65988
2026-01-22 09:00:00,1.63288,0,0.05257,0.03542,0.01683,0.00632,0.0077,0.00817,0.03815,0.23301,0.51198,1.03422,0.0056,1.11268,1.69701,0.00071,0.00589,0.00671,0,0.00477,0,1.6457,0.4792,0.18999,0.35711,0.02481,1.68082,0.33192,0.08117,0.19161,0.555,1.67788,0.30887,0.27359,0.00149,2.29855,0.03816,1.11268,0.33192,0.30887,0.27359,1.69701,1.7347,1.6457,2.12058,2.29855,0.28695,0.65984
2026-01-22 10:00:00,1.6323,0,0.05249,0.03536,0.01678,0.0063,0.00768,0.00816,0.03806,0.23327,0.51266,1.03356,0.00559,1.11271,1.69586,0.00071,0.00587,0.0067,0,0.00475,0,1.64451,0.48065,0.19019,0.35745,0.02476,1.68183,0.33178,0.08113,0.18973,0.55562,1.67554,0.30885,0.27357,0.00148,2.29695,0.03804,1.11271,0.33178,0.30885,0.27357,1.69586,1.73337,1.64451,2.11895,2.29695,0.28756,0.65981
2026-01-22 11:00:00,1.63173,0,0.0524,0.03531,0.01674,0.00629,0.00767,0.00815,0.03798,0.23368,0.51341,1.0329,0.00559,1.11275,1.69471,0.00071,0.00586,0.00669,0,0.00473,0,1.64331,0.4813,0.19039,0.3578,0.02472,1.68285,0.33165,0.08109,0.18779,0.55628,1.67325,0.30883,0.27354,0.00147,2.29535,0.03793,1.11275,0.33165,0.30883,0.27354,1.69471,1.73205,1.64331,2.11733,2.29535,0.28821,0.65978
2026-01-22 12:00:00,1.63116,0,0.05233,0.03526,0.01669,0.00628,0.00765,0.00815,0.03788,0.23419,0.51417,1.03217,0.00558,1.11279,1.69357,0.00071,0.00585,0.00668,0,0.00471,0,1.64212,0.48132,0.19059,0.35814,0.02468,1.68386,0.33151,0.08105,0.1858,0.55681,1.67082,0.30881,0.27352,0.00146,2.29376,0.03782,1.11279,0.33151,0.30881,0.27352,1.69357,1.73073,1.64212,2.11571,2.29376,0.28873,0.65332
2026-01-22 13:00:00,1.62658,0,0.05226,0.03521,0.01664,0.00628,0.00764,0.00814,0.03778,0.23431,0.5146,1.03134,0.00558,1.11282,1.69243,0.00071,0.00584,0.00667,0,0.00469,0,1.64093,0.48085,0.19006,0.35774,0.02463,1.68089,0.33138,0.08009,0.18337,0.557,1.6651,0.30879,0.27349,0.00145,2.29219,0.03771,1.11282,0.33138,0.30879,0.27349,1.69243,1.7294,1.64093,2.1141,2.29219,0.28892,0.64682
2026-01-22 14:00:00,1.62199,0,0.05219,0.03514,0.0166,0.00628,0.00762,0.00812,0.03768,0.2339,0.51459,1.03043,0.00558,1.11286,1.69128,0.00071,0.00583,0.00666,0,0.00467,0,1.63975,0.48001,0.18952,0.35734,0.02458,1.67793,0.33125,0.07913,0.18063,0.55689,1.65908,0.30877,0.27347,0.00145,2.29061,0.0376,1.11286,0.33125,0.30877,0.27347,1.69128,1.72808,1.63975,2.11249,2.29061,0.28881,0.64678
2026-01-22 15:00:00,1.6174,0,0.05212,0.03504,0.01655,0.00627,0.0076,0.00811,0.03759,0.2334,0.51441,1.02953,0.00557,1.11289,1.69014,0.00071,0.00582,0.00665,0,0.00466,0,1.63856,0.47887,0.18899,0.35694,0.02454,1.67496,0.33111,0.07817,0.17767,0.55652,1.65279,0.30875,0.27344,0.00144,2.28904,0.03748,1.11289,0.33111,0.30875,0.27344,1.69014,1.72677,1.63856,2.11088,2.28904,0.28843,0.64675
2026-01-22 16:00:00,1.61282,0,0.05204,0.03495,0.01649,0.00625,0.00759,0.00809,0.03751,0.23313,0.51422,1.0285,0.00556,1.11292,1.689,0.00071,0.00581,0.00664,0,0.00464,0,1.63738,0.47739,0.18845,0.35654,0.02449,1.67199,0.33098,0.0772,0.17467,0.55535,1.64569,0.30873,0.27342,0.00144,2.28747,0.03737,1.11292,0.33098,0.30873,0.27342,1.689,1.72545,1.63738,2.10929,2.28747,0.28725,0.64671
2026-01-22 17:00:00,1.60823,0,0.05197,0.03489,0.01645,0.00624,0.00757,0.00808,0.03744,0.23172,0.513,1.02714,0.00556,1.11295,1.68786,0.00071,0.0058,0.00663,0,0.00462,0,1.6362,0.47555,0.18792,0.35614,0.02445,1.66903,0.33085,0.07624,0.17164,0.55377,1.63819,0.30871,0.2734,0.00144,2.28591,0.03726,1.11295,0.33085,0.30871,0.2734,1.68786,1.72414,1.6362,2.1077,2.28591,0.28566,0.64667
2026-01-22 18:00:00,1.60365,0,0.0519,0.03483,0.01641,0.00623,0.00756,0.00807,0.03736,0.23136,0.51217,1.02546,0.00555,1.11299,1.68673,0.00071,0.00579,0.00662,0,0.0046,0,1.63502,0.47342,0.18738,0.35574,0.02441,1.66606,0.33072,0.07528,0.16858,0.55256,1.63106,0.30869,0.27337,0.00144,2.28436,0.03715,1.11299,0.33072,0.30869,0.27337,1.68673,1.72282,1.63502,2.10611,2.28436,0.28444,0.64662
2026-01-22 19:00:00,1.6074,0,0.05184,0.03479,0.01636,0.00623,0.00754,0.00806,0.03727,0.23085,0.51116,1.02372,0.00555,1.11303,1.6856,0.00071,0.00578,0.00661,0,0.00458,0,1.63384,0.47106,0.18706,0.35416,0.02436,1.66191,0.33059,0.07443,0.16792,0.5515,1.62673,0.30867,0.27335,0.00144,2.28281,0.03704,1.11303,0.33059,0.30867,0.27335,1.6856,1.72151,1.63384,2.10452,2.28281,0.28338,0.64657
2026-01-22 20:00:00,1.61115,0,0.05178,0.03474,0.01632,0.00623,0.00752,0.00805,0.03719,0.22904,0.5092,1.02164,0.00555,1.11306,1.68445,0.00071,0.00577,0.0066,0,0.00456,0,1.63268,0.46854,0.18673,0.35258,0.02431,1.65776,0.33046,0.07357,0.16731,0.55077,1.6227,0.30865,0.27332,0.00144,2.28126,0.03693,1.11306,0.33046,0.30865,0.27332,1.68445,1.72021,1.63268,2.10294,2.28126,0.28264,0.64651
2026-01-22 21:00:00,1.6149,0,0.05172,0.03466,0.01627,0.00622,0.00751,0.00804,0.0371,0.22818,0.50779,1.01924,0.00555,1.1131,1.68332,0.00071,0.00577,0.00658,0,0.00455,0,1.63151,0.46587,0.18641,0.351,0.02427,1.65362,0.33031,0.07272,0.16669,0.54965,1.61832,0.30863,0.2733,0.00144,2.27972,0.03682,1.1131,0.33031,0.30863,0.2733,1.68332,1.7189,1.63151,2.10138,2.27972,0.28152,0.64645
2026-01-22 22:00:00,1.61865,0,0.05165,0.0346,0.01622,0.00621,0.0075,0.00803,0.03702,0.22727,0.50643,1.01687,0.00554,1.11313,1.6822,0.00071,0.00576,0.00657,0,0.00453,0,1.63033,0.46377,0.18609,0.34941,0.02423,1.64947,0.33019,0.07187,0.16606,0.54753,1.61293,0.30861,0.27327,0.00143,2.27818,0.03672,1.11313,0.33019,0.30861,0.27327,1.6822,1.7176,1.63033,2.0998,2.27818,0.2794,0.64637
2026-01-22 23:00:00,1.6224,0,0.05158,0.03455,0.01618,0.0062,0.00748,0.00802,0.03694,0.22634,0.5048,1.01404,0.00553,1.11317,1.68107,0.00071,0.00575,0.00656,0,0.00451,0,1.62917,0.46277,0.18576,0.34783,0.02419,1.64532,0.33005,0.07101,0.16545,0.545,1.6071,0.30859,0.27326,0.00142,2.27665,0.03661,1.11317,0.33005,0.30859,0.27326,1.68107,1.71629,1.62917,2.09823,2.27665,0.27686,0.64629
2026-01-23 00:00:00,1.62615,0,0.05152,0.0345,0.01613,0.0062,0.00747,0.00801,0.03685,0.22643,0.50369,1.01098,0.00554,1.11321,1.67994,0.00071,0.00574,0.00655,0,0.00449,0,1.628,0.46263,0.18544,0.34625,0.02415,1.64117,0.32993,0.07016,0.16484,0.54302,1.60184,0.30857,0.27322,0.00141,2.27512,0.0365,1.11321,0.32993,0.30857,0.27322,1.67994,1.71499,1.628,2.09668,2.27512,0.27487,0.64618
2026-01-23 01:00:00,1.64445,0,0.05146,0.03445,0.01608,0.0062,0.00746,0.00801,0.03675,0.22571,0.5021,1.00833,0.00554,1.11324,1.67881,0.00071,0.00573,0.00654,0,0.00447,0,1.62684,0.46316,0.1863,0.34522,0.0241,1.64099,0.3298,0.06998,0.16707,0.54156,1.60265,0.30855,0.2732,0.0014,2.2736,0.03639,1.11324,0.3298,0.30855,0.2732,1.67881,1.7137,1.62684,2.09512,2.2736,0.2734,0.64606
2026-01-23 02:00:00,1.66275,0,0.0514,0.03439,0.01604,0.00619,0.00745,0.008,0.03665,0.22639,0.50155,1.00596,0.00553,1.11328,1.67769,0.00071,0.00572,0.00653,0,0.00446,0,1.62567,0.46421,0.18717,0.3442,0.02406,1.64081,0.32967,0.06979,0.16951,0.54072,1.6041,0.30853,0.27319,0.0014,2.27209,0.03629,1.11328,0.32967,0.30853,0.27319,1.67769,1.7124,1.62567,2.09358,2.27209,0.27256,0.64592
2026-01-23 03:00:00,1.68105,0,0.05134,0.03428,0.01599,0.00619,0.00744,0.00799,0.03655,0.22622,0.50072,1.0042,0.00553,1.1133,1.67657,0.00071,0.00571,0.00652,0,0.00444,0,1.62452,0.46566,0.18803,0.34317,0.02402,1.64063,0.32954,0.06961,0.17209,0.53963,1.60528,0.30851,0.27315,0.00139,2.27058,0.03619,1.1133,0.32954,0.30851,0.27315,1.67657,1.71111,1.62452,2.09202,2.27058,0.27146,0.64574
2026-01-23 04:00:00,1.69935,0,0.05127,0.03419,0.01594,0.00617,0.00743,0.00798,0.03646,0.22666,0.50056,1.00236,0.00553,1.11334,1.67545,0.00071,0.0057,0.00651,0,0.00442,0,1.62336,0.46729,0.18889,0.34214,0.02398,1.64044,0.32941,0.06943,0.17474,0.53792,1.60584,0.30849,0.27313,0.00139,2.26906,0.03608,1.11334,0.32941,0.30849,0.27313,1.67545,1.70982,1.62336,2.09048,2.26906,0.26974,0.64552
2026-01-23 05:00:00,1.71765,0,0.05121,0.03413,0.01591,0.00616,0.00742,0.00797,0.03637,0.22712,0.50075,1.00068,0.00551,1.11337,1.67433,0.00071,0.00569,0.0065,0,0.00441,0,1.62221,0.46891,0.18976,0.34112,0.02394,1.64026,0.32928,0.06924,0.17742,0.53599,1.60619,0.30847,0.27311,0.00138,2.26756,0.03597,1.11337,0.32928,0.30847,0.27311,1.67433,1.70852,1.62221,2.08894,2.26756,0.2678,0.64524
2026-01-23 06:00:00,1.73595,0,0.05114,0.03407,0.01586,0.00615,0.00741,0.00796,0.03629,0.22763,0.50121,0.99928,0.00551,1.11341,1.67321,0.00071,0.00568,0.00649,0,0.00439,0,1.62105,0.47054,0.19062,0.34009,0.02389,1.64008,0.32915,0.06906,0.18013,0.53445,1.60693,0.30845,0.27309,0.00137,2.26606,0.03587,1.11341,0.32915,0.30845,0.27309,1.67321,1.70723,1.62105,2.0874,2.26606,0.26626,0.64486
2026-01-23 07:00:00,1.73876,0,0.05109,0.03404,0.01582,0.00615,0.00739,0.00795,0.0362,0.22811,0.50177,0.99803,0.00551,1.11345,1.67209,0.00071,0.00567,0.00648,0,0.00437,0,1.6199,0.47216,0.19115,0.33974,0.02385,1.64004,0.32903,0.06859,0.17756,0.53334,1.60114,0.30843,0.27307,0.00136,2.26456,0.03576,1.11345,0.32903,0.30843,0.27307,1.67209,1.70594,1.6199,2.08586,2.26456,0.26514,0.64433
2026-01-23 08:00:00,1.74157,0,0.05103,0.03398,0.01578,0.00614,0.00737,0.00793,0.03611,0.22809,0.50201,0.99712,0.00551,1.11348,1.67097,0.00071,0.00566,0.00648,0,0.00436,0,1.61875,0.47378,0.19167,0.33939,0.02382,1.64,0.3289,0.06812,0.17488,0.53267,1.59579,0.30841,0.27304,0.00135,2.26307,0.03566,1.11348,0.3289,0.30841,0.27304,1.67097,1.70465,1.61875,2.08434,2.26307,0.26447,0.64354
2026-01-23 09:00:00,1.74437,0,0.05097,0.03391,0.01574,0.00614,0.00736,0.00792,0.03603,0.228,0.50219,0.99648,0.0055,1.11352,1.66986,0.00071,0.00565,0.00647,0,0.00434,0,1.6176,0.4754,0.1922,0.33904,0.02378,1.63997,0.32876,0.06766,0.17215,0.53178,1.59023,0.3084,0.27302,0.00135,2.26158,0.03556,1.11352,0.32876,0.3084,0.27302,1.66986,1.70337,1.6176,2.08281,2.26158,0.26357,0.64222
2026-01-23 10:00:00,1.74718,0,0.0509,0.03384,0.01571,0.00612,0.00735,0.00791,0.03595,0.22757,0.50218,0.996,0.0055,1.11355,1.66875,0.00071,0.00565,0.00646,0,0.00432,0,1.61645,0.47642,0.19272,0.33869,0.02374,1.63993,0.32863,0.06719,0.16943,0.53029,1.58406,0.30838,0.273,0.00134,2.26009,0.03545,1.11355,0.32863,0.30838,0.273,1.66875,1.70208,1.61645,2.08128,2.26009,0.26207,0.63957
2026-01-23 11:00:00,1.74999,0,0.05083,0.03379,0.01567,0.00611,0.00734,0.0079,0.03587,0.22727,0.50212,0.99543,0.0055,1.11359,1.66764,0.00071,0.00564,0.00645,0,0.00431,0,1.61531,0.47637,0.19325,0.33834,0.0237,1.63989,0.32851,0.06672,0.16665,0.52857,1.57765,0.30836,0.27298,0.00133,2.25861,0.03535,1.11359,0.32851,0.30836,0.27298,1.66764,1.7008,1.61531,2.07977,2.25861,0.26034,0.63164
2026-01-23 12:00:00,1.7528,0,0.05077,0.03374,0.01562,0.0061,0.00733,0.00788,0.0358,0.22706,0.50194,0.99468,0.00549,1.11362,1.66652,0.00071,0.00563,0.00644,0,0.00429,0,1.61417,0.47548,0.19377,0.33799,0.02366,1.63985,0.32838,0.06625,0.16386,0.52721,1.57161,0.30834,0.27296,0.00132,2.25713,0.03524,1.11362,0.32838,0.30834,0.27296,1.66652,1.69952,1.61417,2.07826,2.25713,0.25897,0.62372
2026-01-23 13:00:00,1.74306,0,0.05072,0.0337,0.01559,0.0061,0.00731,0.00787,0.03571,0.22652,0.50136,0.99368,0.00549,1.11366,1.66542,0.00071,0.00562,0.00643,0,0.00427,0,1.61302,0.47395,0.19281,0.33673,0.02362,1.63391,0.32826,0.06545,0.1615,0.52616,1.56442,0.30832,0.27294,0.00131,2.25566,0.03514,1.11366,0.32826,0.30832,0.27294,1.66542,1.69824,1.61302,2.07673,2.25566,0.25791,0.62232
2026-01-23 14:00:00,1.73332,0,0.05066,0.03363,0.01555,0.0061,0.0073,0.00786,0.03563,0.22547,0.50033,0.99235,0.00549,1.1137,1.66431,0.00071,0.00561,0.00642,0,0.00425,0,1.61188,0.47192,0.19185,0.33547,0.02359,1.62797,0.32813,0.06465,0.15897,0.52548,1.55758,0.30831,0.2729,0.0013,2.25418,0.03504,1.1137,0.32813,0.30831,0.2729,1.66431,1.69697,1.61188,2.07523,2.25418,0.25722,0.62227
2026-01-23 15:00:00,1.72358,0,0.0506,0.03352,0.0155,0.00609,0.00729,0.00785,0.03555,0.22434,0.49919,0.9908,0.00549,1.11373,1.66321,0.00071,0.0056,0.00641,0,0.00423,0,1.61074,0.46949,0.1909,0.33421,0.02355,1.62204,0.32801,0.06386,0.15641,0.52448,1.55046,0.30829,0.27289,0.0013,2.25272,0.03494,1.11373,0.32801,0.30829,0.27289,1.66321,1.69569,1.61074,2.07373,2.25272,0.25622,0.62222
2026-01-23 16:00:00,1.71383,0,0.05053,0.03343,0.01546,0.00608,0.00728,0.00784,0.03547,0.22342,0.49801,0.98894,0.00548,1.11377,1.6621,0.00071,0.00559,0.0064,0,0.00421,0,1.6096,0.46668,0.18994,0.33295,0.0235,1.6161,0.32788,0.06306,0.15377,0.52266,1.54249,0.30827,0.27287,0.0013,2.25124,0.03483,1.11377,0.32788,0.30827,0.27287,1.6621,1.69441,1.6096,2.07222,2.25124,0.25439,0.62216
2026-01-23 17:00:00,1.70409,0,0.05047,0.03337,0.01541,0.00607,0.00727,0.00783,0.03538,0.22148,0.4959,0.98661,0.00548,1.1138,1.66099,0.00071,0.00558,0.00639,0,0.00419,0,1.60846,0.4635,0.18898,0.33169,0.02347,1.61016,0.32775,0.06226,0.15115,0.52048,1.53417,0.30825,0.27285,0.00129,2.24978,0.03473,1.1138,0.32775,0.30825,0.27285,1.66099,1.69314,1.60846,2.07073,2.24978,0.25221,0.6221
2026-01-23 18:00:00,1.69435,0,0.05041,0.03332,0.01537,0.00607,0.00726,0.00783,0.0353,0.22049,0.49414,0.98394,0.00547,1.11384,1.65989,0.00071,0.00557,0.00638,0,0.00417,0,1.60733,0.46003,0.18802,0.33043,0.02343,1.60422,0.32763,0.06146,0.1485,0.51879,1.52633,0.30823,0.27283,0.00127,2.24833,0.03463,1.11384,0.32763,0.30823,0.27283,1.65989,1.69187,1.60733,2.06923,2.24833,0.25051,0.62202
2026-01-23 19:00:00,1.68605,0,0.05035,0.03328,0.01534,0.00607,0.00724,0.00782,0.0352,0.2194,0.49225,0.98114,0.00547,1.11386,1.65879,0.00071,0.00556,0.00637,0,0.00416,0,1.60619,0.45634,0.18694,0.3283,0.02339,1.59731,0.3275,0.06098,0.14726,0.51752,1.5209,0.30821,0.2728,0.00126,2.24688,0.03453,1.11386,0.3275,0.30821,0.2728,1.65879,1.6906,1.60619,2.06774,2.24688,0.24923,0.62194
2026-01-23 20:00:00,1.67775,0,0.05029,0.03322,0.0153,0.00606,0.00723,0.00781,0.0351,0.21728,0.48946,0.97795,0.00546,1.1139,1.65769,0.00071,0.00555,0.00636,0,0.00414,0,1.60507,0.45247,0.18585,0.32617,0.02336,1.5904,0.32739,0.06051,0.14609,0.51676,1.51597,0.3082,0.27279,0.00126,2.24543,0.03443,1.1139,0.32739,0.3082,0.27279,1.65769,1.68933,1.60507,2.06626,2.24543,0.24846,0.62185
2026-01-23 21:00:00,1.66945,0,0.05023,0.03315,0.01526,0.00605,0.00722,0.0078,0.03501,0.21601,0.48723,0.97445,0.00546,1.11394,1.6566,0.00071,0.00554,0.00636,0,0.00413,0,1.60393,0.44846,0.18477,0.32404,0.02331,1.5835,0.32725,0.06003,0.145,0.51573,1.51079,0.30818,0.27276,0.00125,2.24397,0.03433,1.11394,0.32725,0.30818,0.27276,1.6566,1.68806,1.60393,2.06477,2.24397,0.24743,0.62175
2026-01-23 22:00:00,1.66115,0,0.05017,0.03309,0.01523,0.00604,0.0072,0.00779,0.03492,0.21472,0.48509,0.971,0.00546,1.11397,1.6555,0.00071,0.00553,0.00635,0,0.00411,0,1.60281,0.44512,0.18369,0.32192,0.02327,1.57659,0.32713,0.05955,0.14394,0.51404,1.50493,0.30816,0.27275,0.00125,2.24253,0.03423,1.11397,0.32713,0.30816,0.27275,1.6555,1.6868,1.60281,2.06328,2.24253,0.24573,0.62163
2026-01-23 23:00:00,1.65285,0,0.0501,0.03304,0.01519,0.00602,0.00719,0.00778,0.03484,0.21343,0.48276,0.96715,0.00546,1.11401,1.6544,0.00071,0.00552,0.00634,0,0.0041,0,1.60168,0.44307,0.1826,0.31979,0.02324,1.56968,0.327,0.05908,0.14292,0.51208,1.4988,0.30814,0.27273,0.00125,2.24109,0.03413,1.11401,0.327,0.30814,0.27273,1.6544,1.68553,1.60168,2.06179,2.24109,0.24376,0.6215
2026-01-24 00:00:00,1.64455,0,0.05004,0.03299,0.01515,0.00602,0.00717,0.00778,0.03475,0.21301,0.48095,0.96309,0.00546,1.11404,1.6533,0.00071,0.00551,0.00633,0,0.00408,0,1.60055,0.44202,0.18152,0.31766,0.0232,1.56277,0.32688,0.0586,0.14186,0.51054,1.4931,0.30812,0.2727,0.00125,2.23965,0.03403,1.11404,0.32688,0.30812,0.2727,1.6533,1.68427,1.60055,2.06032,2.23965,0.24221,0.62134
2026-01-24 01:00:00,1.65048,0,0.04999,0.03295,0.01512,0.00602,0.00716,0.00777,0.03467,0.21198,0.47876,0.95941,0.00545,1.11408,1.65221,0.00071,0.0055,0.00632,0,0.00406,0,1.59944,0.44176,0.18165,0.31636,0.02317,1.56014,0.32675,0.05878,0.14426,0.50948,1.49448,0.30811,0.27269,0.00125,2.23822,0.03393,1.11408,0.32675,0.30811,0.27269,1.65221,1.683,1.59944,2.05884,2.23822,0.24114,0.62115
2026-01-24 02:00:00,1.6564,0,0.04993,0.0329,0.01508,0.00601,0.00714,0.00776,0.03458,0.21226,0.47758,0.95599,0.00545,1.11411,1.65112,0.00071,0.00549,0.00631,0,0.00405,0,1.59831,0.4421,0.18178,0.31506,0.02312,1.55751,0.32663,0.05895,0.14686,0.50895,1.49637,0.30809,0.27267,0.00125,2.23678,0.03384,1.11411,0.32663,0.30809,0.27267,1.65112,1.68174,1.59831,2.05736,2.23678,0.2406,0.62093
2026-01-24 03:00:00,1.66233,0,0.04987,0.03283,0.01504,0.006,0.00712,0.00776,0.0345,0.21187,0.47621,0.9529,0.00545,1.11415,1.65003,0.00071,0.00549,0.0063,0,0.00403,0,1.59719,0.44291,0.18191,0.31376,0.02309,1.55488,0.32651,0.05913,0.14959,0.50831,1.49818,0.30807,0.27265,0.00125,2.23534,0.03374,1.11415,0.32651,0.30807,0.27265,1.65003,1.68049,1.59719,2.0559,2.23534,0.23996,0.62066
2026-01-24 04:00:00,1.66826,0,0.04981,0.03277,0.01501,0.00599,0.00711,0.00775,0.03442,0.21204,0.47548,0.95004,0.00544,1.11419,1.64893,0.00071,0.00548,0.00629,0,0.00401,0,1.59606,0.44391,0.18203,0.31245,0.02305,1.55225,0.32639,0.05931,0.15238,0.50748,1.49979,0.30806,0.27263,0.00125,2.23392,0.03364,1.11419,0.32639,0.30806,0.27263,1.64893,1.67922,1.59606,2.05443,2.23392,0.23913,0.62032
2026-01-24 05:00:00,1.67418,0,0.04974,0.03272,0.01497,0.00597,0.0071,0.00774,0.03434,0.21225,0.47514,0.94754,0.00544,1.11422,1.64785,0.00071,0.00547,0.00628,0,0.004,0,1.59495,0.44487,0.18216,0.31115,0.02302,1.54962,0.32626,0.05948,0.15518,0.50664,1.50137,0.30804,0.2726,0.00124,2.23249,0.03355,1.11422,0.32626,0.30804,0.2726,1.64785,1.67797,1.59495,2.05297,2.23249,0.23828,0.61988
2026-01-24 06:00:00,1.68011,0,0.04968,0.03268,0.01494,0.00597,0.00709,0.00773,0.03425,0.21249,0.47514,0.94549,0.00544,1.11426,1.64676,0.00071,0.00546,0.00627,0,0.00398,0,1.59383,0.44579,0.18229,0.30985,0.02298,1.54699,0.32613,0.05966,0.15804,0.50596,1.50313,0.30802,0.27259,0.00123,2.23107,0.03345,1.11426,0.32613,0.30802,0.27259,1.64676,1.67671,1.59383,2.05151,2.23107,0.23759,0.61929
2026-01-24 07:00:00,1.6783,0,0.04962,0.03264,0.01491,0.00597,0.00707,0.00772,0.03416,0.21282,0.47524,0.94372,0.00543,1.11429,1.64568,0.00071,0.00545,0.00626,0,0.00396,0,1.59271,0.44669,0.18259,0.30955,0.02294,1.54634,0.32601,0.05943,0.15664,0.50548,1.49934,0.30801,0.27256,0.00122,2.22966,0.03335,1.11429,0.32601,0.30801,0.27256,1.64568,1.67546,1.59271,2.05005,2.22966,0.23711,0.61847
2026-01-24 08:00:00,1.67649,0,0.04957,0.0326,0.01487,0.00596,0.00706,0.00772,0.03406,0.21284,0.47517,0.94244,0.00543,1.11433,1.64459,0.00071,0.00544,0.00625,0,0.00395,0,1.59159,0.44757,0.18289,0.30926,0.02291,1.54568,0.32589,0.05919,0.15505,0.5052,1.49575,0.30799,0.27254,0.00121,2.22825,0.03326,1.11433,0.32589,0.30799,0.27254,1.64459,1.67421,1.59159,2.04859,2.22825,0.23682,0.61724
2026-01-24 09:00:00,1.67469,0,0.04951,0.03252,0.01484,0.00596,0.00705,0.00771,0.03397,0.21287,0.47513,0.94155,0.00543,1.11436,1.64351,0.00071,0.00544,0.00624,0,0.00394,0,1.59048,0.44844,0.18319,0.30896,0.02287,1.54503,0.32576,0.05896,0.15345,0.50482,1.49205,0.30797,0.27253,0.00121,2.22683,0.03316,1.11436,0.32576,0.30797,0.27253,1.64351,1.67295,1.59048,2.04714,2.22683,0.23643,0.61519
2026-01-24 10:00:00,1.67288,0,0.04944,0.03246,0.0148,0.00595,0.00704,0.0077,0.03389,0.21266,0.47492,0.94091,0.00543,1.1144,1.64242,0.00071,0.00543,0.00623,0,0.00392,0,1.58937,0.44886,0.18349,0.30866,0.02284,1.54438,0.32563,0.05873,0.15176,0.50416,1.48807,0.30796,0.2725,0.0012,2.22541,0.03306,1.1144,0.32563,0.30796,0.2725,1.64242,1.6717,1.58937,2.04568,2.22541,0.23576,0.61109
2026-01-24 11:00:00,1.67107,0,0.04938,0.03242,0.01477,0.00594,0.00703,0.00769,0.0338,0.21258,0.47478,0.94031,0.00543,1.11444,1.64134,0.00071,0.00542,0.00622,0,0.00391,0,1.58826,0.4485,0.18379,0.30837,0.02281,1.54372,0.32552,0.05849,0.15007,0.50338,1.48398,0.30794,0.27249,0.00119,2.22401,0.03297,1.11444,0.32552,0.30794,0.27249,1.64134,1.67045,1.58826,2.04424,2.22401,0.23497,0.59879
2026-01-24 12:00:00,1.66926,0,0.04932,0.03237,0.01475,0.00594,0.00702,0.00768,0.03371,0.21258,0.47462,0.93965,0.00542,1.11447,1.64026,0.00071,0.00541,0.00621,0,0.00389,0,1.58715,0.44754,0.18409,0.30807,0.02277,1.54307,0.32539,0.05826,0.14836,0.50278,1.48006,0.30793,0.27246,0.00118,2.2226,0.03287,1.11447,0.32539,0.30793,0.27246,1.64026,1.6692,1.58715,2.04279,2.2226,0.23436,0.60146
2026-01-24 13:00:00,1.66032,0,0.04926,0.03232,0.01471,0.00593,0.00701,0.00767,0.03364,0.21232,0.47421,0.93883,0.00542,1.11451,1.63918,0.00071,0.0054,0.0062,0,0.00387,0,1.58604,0.44611,0.18333,0.30728,0.02274,1.53781,0.32528,0.05765,0.14662,0.50226,1.47459,0.30791,0.27244,0.00117,2.2212,0.03278,1.11451,0.32528,0.30791,0.27244,1.63918,1.66796,1.58604,2.04135,2.2212,0.23384,0.59983
2026-01-24 14:00:00,1.65139,0,0.0492,0.03226,0.01468,0.00593,0.00699,0.00767,0.03355,0.21173,0.47348,0.93778,0.00541,1.11454,1.63811,0.00071,0.00539,0.0062,0,0.00386,0,1.58493,0.44431,0.18258,0.30648,0.02271,1.53254,0.32515,0.05705,0.14472,0.50187,1.46923,0.3079,0.27243,0.00116,2.2198,0.03268,1.11454,0.32515,0.3079,0.27243,1.63811,1.66671,1.58493,2.0399,2.2198,0.23344,0.59324
2026-01-24 15:00:00,1.64245,0,0.04914,0.03215,0.01466,0.00592,0.00698,0.00766,0.03347,0.2111,0.47264,0.93662,0.0054,1.11458,1.63702,0.00071,0.00539,0.00619,0,0.00384,0,1.58383,0.44223,0.18182,0.30568,0.02268,1.52728,0.32504,0.05644,0.14277,0.50124,1.46365,0.30788,0.27241,0.00116,2.21839,0.03259,1.11458,0.32504,0.30788,0.27241,1.63702,1.66547,1.58383,2.03846,2.21839,0.23281,0.59104
2026-01-24 16:00:00,1.63351,0,0.04908,0.03207,0.01463,0.0059,0.00697,0.00765,0.0334,0.21065,0.47185,0.93526,0.0054,1.11461,1.63595,0.00071,0.00538,0.00618,0,0.00382,0,1.58273,0.43996,0.18106,0.30489,0.02265,1.52202,0.32491,0.05583,0.14079,0.49998,1.45745,0.30787,0.2724,0.00115,2.217,0.0325,1.11461,0.32491,0.30787,0.2724,1.63595,1.66423,1.58273,2.03703,2.217,0.23156,0.58995
2026-01-24 17:00:00,1.62458,0,0.04901,0.032,0.0146,0.00589,0.00696,0.00764,0.03332,0.20933,0.47024,0.93359,0.0054,1.11465,1.63487,0.00071,0.00537,0.00617,0,0.00381,0,1.58162,0.43757,0.18031,0.3041,0.02261,1.51675,0.3248,0.05523,0.13877,0.49845,1.45095,0.30785,0.27237,0.00114,2.21561,0.0324,1.11465,0.3248,0.30785,0.27237,1.63487,1.66298,1.58162,2.03559,2.21561,0.23002,0.58929
2026-01-24 18:00:00,1.61564,0,0.04895,0.03195,0.01458,0.00589,0.00694,0.00764,0.03323,0.20883,0.46905,0.93166,0.0054,1.11469,1.6338,0.00071,0.00536,0.00616,0,0.00379,0,1.58052,0.43509,0.17955,0.3033,0.02258,1.51149,0.32468,0.05462,0.13677,0.49727,1.44481,0.30783,0.27235,0.00113,2.21422,0.03231,1.11469,0.32468,0.30783,0.27235,1.6338,1.66174,1.58052,2.03415,2.21422,0.22883,0.58885
2026-01-24 19:00:00,1.61221,0,0.0489,0.03191,0.01455,0.00588,0.00693,0.00763,0.03316,0.20823,0.46777,0.92966,0.0054,1.11472,1.63273,0.00071,0.00535,0.00615,0,0.00377,0,1.57942,0.43254,0.17879,0.3019,0.02254,1.50625,0.32455,0.05432,0.13612,0.49636,1.441,0.30782,0.27234,0.00112,2.21283,0.03222,1.11472,0.32455,0.30782,0.27234,1.63273,1.66049,1.57942,2.03273,2.21283,0.22791,0.58853
2026-01-24 20:00:00,1.60878,0,0.04884,0.03186,0.01451,0.00588,0.00692,0.00762,0.03308,0.20663,0.46577,0.92738,0.00539,1.11476,1.63166,0.00071,0.00534,0.00615,0,0.00376,0,1.57832,0.42994,0.17803,0.3005,0.02251,1.501,0.32444,0.05402,0.13558,0.49582,1.43755,0.3078,0.27231,0.00112,2.21143,0.03213,1.11476,0.32444,0.3078,0.27231,1.63166,1.65926,1.57832,2.03129,2.21143,0.22736,0.5883
2026-01-24 21:00:00,1.60536,0,0.04879,0.03178,0.01448,0.00587,0.00691,0.00761,0.033,0.2058,0.46432,0.9249,0.00539,1.11479,1.63059,0.00071,0.00533,0.00614,0,0.00375,0,1.57721,0.42729,0.17728,0.2991,0.02248,1.49576,0.32431,0.05372,0.13511,0.49509,1.43391,0.30778,0.27231,0.00111,2.21005,0.03204,1.11479,0.32431,0.30778,0.27231,1.63059,1.65802,1.57721,2.02987,2.21005,0.22661,0.58811
2026-01-24 22:00:00,1.60193,0,0.04873,0.03172,0.01445,0.00585,0.0069,0.00761,0.03293,0.20494,0.46296,0.92253,0.00539,1.11483,1.62952,0.00071,0.00532,0.00613,0,0.00373,0,1.57612,0.42511,0.17652,0.29771,0.02244,1.49051,0.32419,0.05342,0.13464,0.49384,1.42976,0.30777,0.27229,0.00111,2.20867,0.03194,1.11483,0.32419,0.30777,0.27229,1.62952,1.65678,1.57612,2.02844,2.20867,0.22536,0.58797
2026-01-24 23:00:00,1.5985,0,0.04868,0.03167,0.01442,0.00584,0.00689,0.0076,0.03285,0.20404,0.46145,0.91986,0.00538,1.11487,1.62845,0.0008,0.00531,0.00612,0,0.00372,0,1.57502,0.42376,0.17576,0.29631,0.02241,1.48527,0.32407,0.05312,0.13421,0.4924,1.42542,0.30775,0.27226,0.0011,2.20729,0.03185,1.11487,0.32407,0.30775,0.27226,1.62845,1.65555,1.57502,2.02702,2.20729,0.22392,0.58785
2026-01-25 00:00:00,1.59507,0,0.04863,0.03163,0.01439,0.00584,0.00688,0.00759,0.03277,0.20396,0.46042,0.91708,0.00538,1.1149,1.62739,0.00071,0.0053,0.00611,0,0.0037,0,1.57393,0.42308,0.175,0.29491,0.02238,1.48002,0.32395,0.05282,0.13376,0.49128,1.4214,0.30774,0.27225,0.00109,2.20591,0.03176,1.1149,0.32395,0.30774,0.27225,1.62739,1.65432,1.57393,2.0256,2.20591,0.22279,0.58775
2026-01-25 01:00:00,1.60164,0,0.04859,0.03159,0.01436,0.00583,0.00686,0.00758,0.03268,0.20327,0.459,0.91465,0.00538,1.11494,1.62632,0.00071,0.00529,0.0061,0,0.00369,0,1.57283,0.42291,0.17522,0.29419,0.02235,1.47972,0.32383,0.05304,0.13582,0.4905,1.42266,0.30772,0.27222,0.00108,2.20454,0.03167,1.11494,0.32383,0.30772,0.27222,1.62632,1.65308,1.57283,2.02418,2.20454,0.222,0.58766
2026-01-25 02:00:00,1.60822,0,0.04854,0.03154,0.01433,0.00583,0.00685,0.00758,0.03261,0.20375,0.45844,0.91242,0.00538,1.11497,1.62525,0.00071,0.00528,0.0061,0,0.00368,0,1.57174,0.42314,0.17544,0.29347,0.02232,1.47943,0.32372,0.05327,0.13806,0.49013,1.42433,0.30771,0.27222,0.00107,2.20315,0.03158,1.11497,0.32372,0.30771,0.27222,1.62525,1.65186,1.57174,2.02276,2.20315,0.22162,0.58759
2026-01-25 03:00:00,1.61479,0,0.04849,0.03146,0.01431,0.00583,0.00684,0.00757,0.03253,0.20359,0.45764,0.91046,0.00537,1.11502,1.62419,0.00071,0.00527,0.00609,0,0.00367,0,1.57064,0.42368,0.17567,0.29276,0.02228,1.47914,0.3236,0.05349,0.14043,0.48969,1.42594,0.30769,0.27219,0.00107,2.20178,0.03149,1.11502,0.3236,0.30769,0.27219,1.62419,1.65062,1.57064,2.02135,2.20178,0.22118,0.58753
2026-01-25 04:00:00,1.62136,0,0.04843,0.0314,0.01428,0.00581,0.00682,0.00756,0.03245,0.20391,0.45743,0.90867,0.00537,1.11505,1.62313,0.00071,0.00526,0.00608,0,0.00365,0,1.56956,0.42446,0.17589,0.29204,0.02225,1.47884,0.32348,0.05371,0.14284,0.48915,1.42744,0.30768,0.27217,0.00106,2.20041,0.0314,1.11505,0.32348,0.30768,0.27217,1.62313,1.64939,1.56956,2.01995,2.20041,0.22063,0.58747
2026-01-25 05:00:00,1.62794,0,0.04837,0.03136,0.01425,0.00581,0.00681,0.00755,0.03236,0.20427,0.45748,0.90714,0.00537,1.11509,1.62207,0.00071,0.00525,0.00607,0,0.00364,0,1.56847,0.4254,0.17611,0.29132,0.02222,1.47855,0.32336,0.05394,0.14527,0.4886,1.42895,0.30766,0.27217,0.00106,2.19905,0.03131,1.11509,0.32336,0.30766,0.27217,1.62207,1.64817,1.56847,2.01852,2.19905,0.22009,0.58742
2026-01-25 06:00:00,1.63451,0,0.04831,0.03131,0.01423,0.0058,0.0068,0.00754,0.03227,0.20467,0.45785,0.90596,0.00537,1.11513,1.62101,0.00071,0.00524,0.00606,0,0.00363,0,1.56738,0.42647,0.17633,0.2906,0.02219,1.47825,0.32325,0.05416,0.1477,0.48817,1.43056,0.30765,0.27214,0.00106,2.19769,0.03122,1.11513,0.32325,0.30765,0.27214,1.62101,1.64694,1.56738,2.01711,2.19769,0.21965,0.58738
2026-01-25 07:00:00,1.6362,0,0.04826,0.03128,0.0142,0.0058,0.00679,0.00754,0.03218,0.20517,0.45831,0.90498,0.00536,1.11516,1.61995,0.00071,0.00523,0.00605,0,0.00361,0,1.5663,0.42764,0.17674,0.29082,0.02216,1.47839,0.32313,0.05415,0.14713,0.48788,1.42864,0.30763,0.27213,0.00106,2.19632,0.03113,1.11516,0.32313,0.30763,0.27213,1.61995,1.64571,1.5663,2.01571,2.19632,0.21935,0.58734
2026-01-25 08:00:00,1.63789,0,0.04821,0.03123,0.01418,0.0058,0.00678,0.00753,0.0321,0.20541,0.45858,0.90439,0.00536,1.1152,1.61889,0.00071,0.00523,0.00604,0,0.0036,0,1.56521,0.42889,0.17716,0.29104,0.02212,1.47853,0.323,0.05414,0.14645,0.48771,1.42684,0.30762,0.27212,0.00106,2.19495,0.03104,1.1152,0.323,0.30762,0.27212,1.61889,1.64448,1.56521,2.01431,2.19495,0.21917,0.58731
2026-01-25 09:00:00,1.63958,0,0.04815,0.03116,0.01414,0.00579,0.00677,0.00752,0.03202,0.20565,0.45884,0.90408,0.00536,1.11523,1.61783,0.00071,0.00522,0.00603,0,0.00359,0,1.56413,0.4302,0.17757,0.29126,0.02209,1.47868,0.32288,0.05413,0.14574,0.48748,1.42499,0.30761,0.27209,0.00106,2.19359,0.03096,1.11523,0.32288,0.30761,0.27209,1.61783,1.64326,1.56413,2.0129,2.19359,0.21894,0.58728
2026-01-25 10:00:00,1.64127,0,0.04809,0.0311,0.01411,0.00577,0.00676,0.00751,0.03194,0.20569,0.45902,0.90401,0.00536,1.11527,1.61678,0.00071,0.00521,0.00603,0,0.00357,0,1.56304,0.43109,0.17798,0.29148,0.02207,1.47882,0.32276,0.05411,0.14499,0.4871,1.42296,0.30759,0.27208,0.00106,2.19224,0.03087,1.11527,0.32276,0.30759,0.27208,1.61678,1.64205,1.56304,2.0115,2.19224,0.21855,0.58725
2026-01-25 11:00:00,1.64296,0,0.04802,0.03105,0.01408,0.00576,0.00675,0.0075,0.03186,0.20582,0.45925,0.90393,0.00536,1.1153,1.61572,0.00071,0.00521,0.00609,0,0.00355,0,1.56196,0.43119,0.1784,0.2917,0.02204,1.47896,0.32265,0.0541,0.14425,0.48665,1.42089,0.30758,0.27205,0.00105,2.19088,0.03078,1.1153,0.32265,0.30758,0.27205,1.61572,1.64082,1.56196,2.0101,2.19088,0.2181,0.58722
2026-01-25 12:00:00,1.64465,0,0.04797,0.03101,0.01405,0.00575,0.00674,0.0075,0.03177,0.20604,0.45947,0.90378,0.00536,1.11534,1.61467,0.00071,0.0052,0.006,0,0.00354,0,1.56087,0.43067,0.17881,0.29192,0.02201,1.4791,0.32253,0.05409,0.14351,0.48631,1.41892,0.30757,0.27204,0.00104,2.18953,0.03069,1.11534,0.32253,0.30757,0.27204,1.61467,1.6396,1.56087,2.0087,2.18953,0.21775,0.58101
2026-01-25 13:00:00,1.63707,0,0.04791,0.03127,0.01402,0.00575,0.00672,0.00749,0.03168,0.20601,0.45945,0.90348,0.00536,1.11538,1.61361,0.00071,0.00519,0.00599,0,0.00353,0,1.5598,0.42966,0.17837,0.29184,0.02198,1.47564,0.32242,0.05353,0.14185,0.486,1.41414,0.30755,0.27203,0.00103,2.18818,0.0306,1.11538,0.32242,0.30755,0.27203,1.61361,1.63838,1.5598,2.00731,2.18818,0.21743,0.57081
2026-01-25 14:00:00,1.62949,0,0.04786,0.03239,0.014,0.00575,0.0067,0.00748,0.03161,0.20562,0.4591,0.903,0.00536,1.11541,1.61256,0.00071,0.00518,0.00598,0,0.00351,0,1.55872,0.42828,0.17794,0.29176,0.02195,1.47218,0.3223,0.05297,0.13995,0.48574,1.4094,0.30754,0.272,0.00102,2.18682,0.03052,1.11541,0.3223,0.30754,0.272,1.61256,1.63716,1.55872,2.00591,2.18682,0.21716,0.57081
2026-01-25 15:00:00,1.62192,0,0.04781,0.03451,0.01397,0.00574,0.00669,0.00748,0.03153,0.20517,0.45863,0.90243,0.00536,1.11545,1.61151,0.00071,0.00518,0.00597,0,0.0035,0,1.55764,0.42661,0.17751,0.29167,0.02192,1.46872,0.32219,0.05241,0.13798,0.48532,1.40451,0.30752,0.272,0.00102,2.18547,0.03043,1.11545,0.32219,0.30752,0.272,1.61151,1.63595,1.55764,2.00452,2.18547,0.21673,0.57081
2026-01-25 16:00:00,1.61434,0,0.04775,0.03811,0.01394,0.00573,0.00668,0.00747,0.03145,0.2049,0.45819,0.90169,0.00535,1.11548,1.61046,0.00071,0.00517,0.00596,0,0.00349,0,1.55656,0.4247,0.17707,0.29159,0.02189,1.46526,0.32207,0.05184,0.13593,0.48443,1.39913,0.30751,0.27198,0.00101,2.18413,0.03034,1.11548,0.32207,0.30751,0.27198,1.61046,1.63473,1.55656,2.00313,2.18413,0.21583,0.57081
2026-01-25 17:00:00,1.60676,0,0.0477,0.0441,0.01392,0.00572,0.00667,0.00746,0.03137,0.20375,0.45694,0.90064,0.00535,1.11553,1.60941,0.00071,0.00516,0.00595,0,0.00347,0,1.55549,0.42261,0.17663,0.29151,0.02187,1.4618,0.32196,0.05128,0.13385,0.48331,1.39353,0.30749,0.27196,0.001,2.18278,0.03026,1.11553,0.32196,0.30749,0.27196,1.60941,1.63352,1.55549,2.00174,2.18278,0.2147,0.57081
2026-01-25 18:00:00,1.59918,0,0.04765,0.04785,0.0139,0.00572,0.00666,0.00745,0.03129,0.20343,0.45605,0.89932,0.00535,1.11556,1.60835,0.00071,0.00515,0.00594,0,0.00346,0,1.55442,0.42037,0.1762,0.29143,0.02183,1.45834,0.32184,0.05072,0.13177,0.48244,1.3882,0.30748,0.27195,0.00099,2.18144,0.03017,1.11556,0.32184,0.30748,0.27195,1.60835,1.63231,1.55442,2.00035,2.18144,0.21383,0.57081
2026-01-25 19:00:00,1.59711,0,0.04761,0.04921,0.01387,0.00572,0.00664,0.00744,0.03121,0.20301,0.45508,0.89792,0.00535,1.1156,1.60731,0.00071,0.00514,0.00594,0,0.00345,0,1.55334,0.41801,0.17561,0.29064,0.0218,1.45502,0.32173,0.0505,0.13154,0.48177,1.38568,0.30746,0.27192,0.00098,2.18009,0.03009,1.1156,0.32173,0.30746,0.27192,1.60731,1.63109,1.55334,1.99896,2.18009,0.21316,0.57081
2026-01-25 20:00:00,1.59503,0,0.04756,0.0477,0.01385,0.00571,0.00663,0.00744,0.03113,0.20161,0.45346,0.89621,0.00534,1.11564,1.60626,0.00071,0.00513,0.00593,0,0.00343,0,1.55228,0.41557,0.17501,0.28984,0.02177,1.4517,0.3216,0.05028,0.13146,0.48137,1.38341,0.30745,0.27192,0.00098,2.17875,0.03,1.11564,0.3216,0.30745,0.27192,1.60626,1.62988,1.55228,1.99758,2.17875,0.21275,0.57081
2026-01-25 21:00:00,1.59296,0,0.04751,0.04212,0.01382,0.00571,0.00662,0.00743,0.03107,0.20099,0.45249,0.89426,0.00534,1.11567,1.60522,0.00071,0.00512,0.00592,0,0.00342,0,1.5512,0.41306,0.17442,0.28905,0.02175,1.44839,0.32148,0.05006,0.13142,0.48082,1.38101,0.30744,0.27189,0.00097,2.17741,0.02992,1.11567,0.32148,0.30744,0.27189,1.60522,1.62866,1.5512,1.9962,2.17741,0.21219,0.57081
2026-01-25 22:00:00,1.59088,0,0.04745,0.03784,0.01379,0.00569,0.00662,0.00742,0.03099,0.20033,0.45153,0.89238,0.00535,1.11571,1.60418,0.00071,0.00511,0.00592,0,0.00341,0,1.55014,0.41094,0.17382,0.28826,0.02172,1.44507,0.32137,0.04983,0.1314,0.47988,1.3782,0.30742,0.27188,0.00097,2.17608,0.02984,1.11571,0.32137,0.30742,0.27188,1.60418,1.62746,1.55014,1.99482,2.17608,0.21125,0.57081
2026-01-25 23:00:00,1.58881,0,0.04739,0.03486,0.01378,0.00568,0.00661,0.00741,0.03091,0.19965,0.45042,0.89024,0.00534,1.11574,1.60313,0.00071,0.0051,0.00591,0,0.00339,0,1.54906,0.40957,0.17323,0.28746,0.02168,1.44175,0.32125,0.04961,0.13143,0.4788,1.37526,0.30741,0.27187,0.00096,2.17474,0.02975,1.11574,0.32125,0.30741,0.27187,1.60313,1.62625,1.54906,1.99344,2.17474,0.21016,0.57081
2026-01-26 00:00:00,1.58673,0,0.04734,0.03322,0.01375,0.00567,0.0066,0.0074,0.03083,0.19981,0.44972,0.88804,0.00533,1.11578,1.60208,0.00071,0.00509,0.0059,0,0.00338,0,1.548,0.40879,0.17263,0.28667,0.02165,1.43843,0.32114,0.04939,0.13145,0.47795,1.37255,0.3074,0.27184,0.00095,2.17341,0.02967,1.11578,0.32114,0.3074,0.27184,1.60208,1.62504,1.548,1.99206,2.17341,0.20931,0.57081
2026-01-26 01:00:00,1.59464,0,0.04729,0.03292,0.01373,0.00567,0.00659,0.0074,0.03075,0.19935,0.44859,0.8862,0.00533,1.11581,1.60104,0.00071,0.00508,0.00589,0,0.00337,0,1.54692,0.40847,0.17292,0.2863,0.02163,1.43876,0.32102,0.04973,0.13365,0.47736,1.37466,0.30739,0.27184,0.00094,2.17207,0.02959,1.11581,0.32102,0.30739,0.27184,1.60104,1.62383,1.54692,1.99069,2.17207,0.20873,0.57081
2026-01-26 02:00:00,1.60255,0,0.04724,0.03262,0.01371,0.00567,0.00658,0.00739,0.03067,0.20005,0.44821,0.88454,0.00533,1.11585,1.6,0.00071,0.00507,0.00589,0,0.00336,0,1.54586,0.4085,0.1732,0.28592,0.0216,1.4391,0.32091,0.05007,0.13604,0.47709,1.37706,0.30738,0.27182,0.00093,2.17075,0.0295,1.11585,0.32091,0.30738,0.27182,1.6,1.62262,1.54586,1.98931,2.17075,0.20845,0.57081
2026-01-26 03:00:00,1.61046,0,0.04719,0.03232,0.01368,0.00566,0.00657,0.00738,0.0306,0.20008,0.44756,0.88312,0.00533,1.1159,1.59896,0.00071,0.00507,0.00588,0,0.00335,0,1.54479,0.40881,0.17349,0.28555,0.02158,1.43944,0.32079,0.05041,0.13855,0.47679,1.37944,0.30736,0.2718,0.00093,2.16942,0.02942,1.1159,0.32079,0.30736,0.2718,1.59896,1.62142,1.54479,1.98793,2.16942,0.20814,0.57081
2026-01-26 04:00:00,1.61837,0,0.04714,0.03202,0.01366,0.00565,0.00657,0.00737,0.03052,0.20062,0.44747,0.8818,0.00533,1.11593,1.59792,0.00071,0.00506,0.00587,0,0.00333,0,1.54373,0.40939,0.17377,0.28518,0.02154,1.43977,0.32068,0.05074,0.14111,0.47644,1.38175,0.30735,0.27179,0.00092,2.16809,0.02934,1.11593,0.32068,0.30735,0.27179,1.59792,1.62022,1.54373,1.98657,2.16809,0.20778,0.57081
2026-01-26 05:00:00,1.62628,0,0.04709,0.03169,0.01364,0.00564,0.00656,0.00736,0.03044,0.20121,0.44765,0.88069,0.00532,1.11597,1.59687,0.00071,0.00505,0.00586,0,0.00332,0,1.54266,0.41025,0.17406,0.2848,0.02152,1.4401,0.32056,0.05108,0.14371,0.47612,1.3841,0.30734,0.27177,0.00092,2.16677,0.02925,1.11597,0.32056,0.30734,0.27177,1.59687,1.61901,1.54266,1.98519,2.16677,0.20745,0.57081
2026-01-26 06:00:00,1.63419,0,0.04704,0.03137,0.01362,0.00564,0.00654,0.00736,0.03036,0.20181,0.44813,0.87984,0.00532,1.11601,1.59583,0.00071,0.00504,0.00585,0,0.00331,0,1.5416,0.41133,0.17434,0.28443,0.02149,1.44044,0.32045,0.05142,0.14633,0.47584,1.38651,0.30733,0.27176,0.00092,2.16545,0.02917,1.11601,0.32045,0.30733,0.27176,1.59583,1.61781,1.5416,1.98383,2.16545,0.20717,0.57081
2026-01-26 07:00:00,1.63741,0,0.047,0.03107,0.0136,0.00564,0.00653,0.00735,0.03028,0.20254,0.44874,0.87918,0.00532,1.11606,1.5948,0.00071,0.00503,0.00584,0,0.0033,0,1.54054,0.41258,0.17491,0.28493,0.02147,1.44265,0.32034,0.05147,0.14619,0.47567,1.38569,0.30731,0.27175,0.00092,2.16412,0.02909,1.11606,0.32034,0.30731,0.27175,1.5948,1.61661,1.54054,1.98246,2.16412,0.20699,0.57081
2026-01-26 08:00:00,1.64063,0,0.04695,0.03077,0.01357,0.00563,0.00651,0.00734,0.0302,0.203,0.44923,0.87889,0.00532,1.11609,1.59377,0.00071,0.00502,0.00583,0,0.00328,0,1.53948,0.41395,0.17549,0.28543,0.02145,1.44486,0.32022,0.05153,0.14598,0.47558,1.38495,0.3073,0.27172,0.00092,2.1628,0.02901,1.11609,0.32022,0.3073,0.27172,1.59377,1.61541,1.53948,1.98109,2.1628,0.20689,0.57081
2026-01-26 09:00:00,1.64385,0,0.04691,0.03038,0.01355,0.00562,0.0065,0.00734,0.03013,0.20343,0.44979,0.87891,0.00532,1.11614,1.59273,0.00071,0.00502,0.00582,0,0.00327,0,1.53843,0.41543,0.17606,0.28593,0.02141,1.44707,0.3201,0.05158,0.1457,0.47547,1.38419,0.30729,0.27172,0.00092,2.16148,0.02893,1.11614,0.3201,0.30729,0.27172,1.59273,1.61421,1.53843,1.97973,2.16148,0.20677,0.57081
2026-01-26 10:00:00,1.64707,0,0.04686,0.03004,0.01353,0.00561,0.00649,0.00733,0.03005,0.20365,0.45024,0.87916,0.00532,1.11619,1.5917,0.00071,0.00501,0.00581,0,0.00325,0,1.53736,0.41668,0.17663,0.28643,0.02139,1.44927,0.31998,0.05163,0.14542,0.47528,1.38335,0.30727,0.2717,0.00092,2.16017,0.02884,1.11619,0.31998,0.30727,0.2717,1.5917,1.613,1.53736,1.97837,2.16017,0.20658,0.57081
2026-01-26 11:00:00,1.65029,0,0.04682,0.02972,0.0135,0.00559,0.00648,0.00732,0.02997,0.20396,0.4508,0.87948,0.00532,1.11622,1.59066,0.00071,0.005,0.0058,0,0.00324,0,1.53631,0.41746,0.17721,0.28693,0.02136,1.45148,0.31988,0.05169,0.14508,0.47508,1.3825,0.30726,0.27169,0.00091,2.15886,0.02876,1.11622,0.31988,0.30726,0.27169,1.59066,1.61181,1.53631,1.977,2.15886,0.20637,0.57081
2026-01-26 12:00:00,1.65351,0,0.04677,0.02949,0.01348,0.00559,0.00647,0.00731,0.02989,0.20436,0.45137,0.87979,0.00531,1.11627,1.58963,0.00071,0.00499,0.00579,0,0.00322,0,1.53525,0.41786,0.17778,0.28743,0.02134,1.45369,0.31976,0.05174,0.14478,0.47492,1.38169,0.30725,0.27167,0.0009,2.15754,0.02868,1.11627,0.31976,0.30725,0.27167,1.58963,1.61062,1.53525,1.97564,2.15754,0.2062,0.57086
