GMT,FRAC1,LTDC1,HIDC1,BHNC1,MPAC1,OWCC1,BNCC1,BCKC1,MEEC1,HPIC1,POHC1,EXQC1,DSNC1,STVC1,NWMC1,LGCC1,WARC1,LGAC1,PNEC1,LBDC1,OREC1,PATC1,HETC1,LNRC1,CHVC1F,DCMC1,NDPC1,MDSC1,NDVC1,NSWC1,AVYC1,NMSC1,OBBC1,RIPC1,PTTC1,VNSC1,KNFC1L,STVC1,MDSC1,OBBC1,RIPC1,NWMC1,CRDC1,PATC1,MZRC1,VNSC1,AVYC1L,NDPC1L
,QINE,QINE,QINE,QINE,QINE,QINE,QINE,QINE,QINE,QINE,QINE,QINE,QINE,QINE,QINE,QINE,QINE,QINE,QINE,QINE,QINE,QINE,QINE,QINE,QINE,QINE,QINE,QINE,QINE,QINE,QINE,QINE,QINE,QINE,QINE,QINE,QINE,QINE,QINE,QINE,QINE,QINE,QINE,QINE,QINE,QINE,SQIN,SQIN
2026-02-14 12:00:00,1.53667,0,0.04509,0.03334,0.015,0.002,0.005,0.005,0.009,0.16936,0.37816,0.7416,0.014,0.65807,1.15052,0.00072,0.00238,0.00328,0,-0.00589,0.00001,1.19813,0.44873,0.09207,0.18808,0.001,0.94002,1.28157,0.0585,0.10687,0.21402,1.06865,0.26303,0.29948,0.00123,2.88804,0.00996,0.65807,1.28157,0.26303,0.29948,1.15052,1.13723,1.19813,2.32518,2.88804,0.17396,0.60296
2026-02-14 13:00:00,1.64771,0,0.045,0.02525,0.015,0.002,0.005,0.005,0.009,0.16409,0.3713,0.48222,0.014,0.65807,1.15052,0.00072,0.00238,0.00327,0,-0.00589,0.00001,1.20213,0.41235,0.09241,0.25621,0.001,0.93426,1.28157,0.05805,0.10625,0.21402,1.056,0.26303,0.29633,0.0011,2.87953,0.00994,0.65807,1.28157,0.26303,0.29633,1.15052,1.13723,1.20213,2.32995,2.87953,0.17573,0.6077
2026-02-14 14:00:00,1.75861,0,0.03743,0.02525,0.015,0.002,0.005,0.005,0.009,0.1615,0.3645,0.37825,0.014,0.65807,1.1541,0.00072,0.00237,0.00321,0,-0.00353,0.00001,1.20213,0.28424,0.09201,0.25528,0.001,0.92851,1.27797,0.05809,0.10193,0.21502,1.04311,0.26303,0.2932,0.00123,2.87953,0.00992,0.65807,1.27797,0.26303,0.2932,1.1541,1.14104,1.20213,2.33455,2.87953,0.17714,0.60918
2026-02-14 15:00:00,1.86895,0,0.02257,0.03434,0.015,0.002,0.005,0.005,0.009,0.15639,0.35776,0.42995,0.014,0.66107,1.15052,0.00072,0.00236,0.0032,0,0.00236,0.00001,1.20213,0.23398,0.092,0.16639,0.001,0.92275,1.27797,0.05707,0.10681,0.21602,1.02982,0.26303,0.29165,0.00123,2.87953,0.00991,0.66107,1.27797,0.26303,0.29165,1.15052,1.14104,1.20213,2.33895,2.87953,0.17797,0.61066
2026-02-14 16:00:00,2.01662,0,0.02273,0.03434,0.015,0.002,0.005,0.005,0.009,0.15639,0.35442,0.63763,0.014,0.66307,1.15052,0.00072,0.00236,0.00313,0,0.00574,0.00001,1.20613,0.22149,0.092,0.14963,0.001,0.91641,1.28877,0.0556,0.11355,0.21402,1.01611,0.26303,0.29009,0.0011,2.87102,0.00989,0.66307,1.28877,0.26303,0.29009,1.15052,1.14104,1.20613,2.34311,2.87102,0.17819,0.61214
2026-02-14 17:00:00,2.05342,0,0.03043,0.02625,0.015,0.002,0.005,0.005,0.00736,0.15639,0.34448,0.94857,0.014,0.66307,1.1541,0.00072,0.00235,0.00313,0,0.00309,0.00001,1.21013,0.16962,0.10091,0.23721,0.001,0.91006,1.28517,0.0542,0.13877,0.21302,1.00233,0.26303,0.28855,0.00123,2.87102,0.00987,0.66307,1.28517,0.26303,0.28855,1.1541,1.14104,1.21013,2.34699,2.87102,0.17824,0.61361
2026-02-14 18:00:00,1.9797,0,0.03066,0.01717,0.015,0.002,0.005,0.005,0.00814,0.15639,0.33794,1.26002,0.014,0.66307,1.1541,0.00079,0.00235,0.00313,0,0.00044,0.00001,1.21013,0.1005,0.10089,0.23616,0.001,0.90372,1.28517,0.05558,0.12218,0.21202,0.98814,0.26303,0.28547,0.00123,2.87102,0.00985,0.66307,1.28517,0.26303,0.28547,1.1541,1.14104,1.21013,2.35071,2.87102,0.17767,0.61509
2026-02-14 19:00:00,1.83242,0,0.03083,0.03434,0.015,0.002,0.005,0.005,0.00814,0.15639,0.33146,1.41601,0.014,0.66607,1.1577,0.00079,0.00235,0.00313,0,-0.00338,0.00001,1.21013,0.04717,0.11017,0.13098,0.001,0.89737,1.28157,0.056,0.11544,0.21402,0.98304,0.26303,0.28393,0.00123,2.87102,0.00983,0.66607,1.28157,0.26303,0.28393,1.1577,1.14104,1.21013,2.35457,2.87102,0.17672,0.61657
2026-02-14 20:00:00,1.64812,0,0.03099,0.04342,0.015,0.002,0.005,0.005,0.009,0.1615,0.33794,1.41569,0.014,0.66307,1.1577,0.00079,0.00235,0.00311,0,-0.00838,0.00001,1.21013,0.18122,0.12912,0.10565,0.001,0.89103,1.28877,0.0577,0.11547,0.21102,0.97815,0.26303,0.2824,0.00123,2.87102,0.00981,0.66307,1.28877,0.26303,0.2824,1.1577,1.14104,1.21013,2.35838,2.87102,0.17603,0.61805
2026-02-14 21:00:00,1.46389,0,0.04606,0.03434,0.015,0.002,0.005,0.005,0.009,0.1615,0.3412,1.36393,0.014,0.66307,1.1577,0.00079,0.00235,0.00307,0,-0.01339,0.00001,1.21514,0.23901,0.13805,0.22329,0.001,0.88468,1.28517,0.05843,0.09086,0.21102,0.97335,0.26003,0.28088,0.00123,2.86253,0.00979,0.66307,1.28517,0.26003,0.28088,1.1577,1.14486,1.21514,2.36192,2.86253,0.17542,0.61953
2026-02-14 22:00:00,1.24233,0,0.05356,0.02625,0.015,0.002,0.005,0.005,0.009,0.16671,0.33469,1.20903,0.014,0.66107,1.1577,0.00079,0.00234,0.0031,0,-0.01589,0.00001,1.21514,0.23903,0.12768,0.25999,0.001,0.88486,1.28877,0.05772,0.09272,0.21102,0.96873,0.26303,0.28088,0.0011,2.84557,0.00978,0.66107,1.28877,0.26303,0.28088,1.1577,1.14486,1.21514,2.36524,2.84557,0.17503,0.621
2026-02-14 23:00:00,1.13126,0,0.046,0.03434,0.015,0.002,0.005,0.005,0.009,0.17473,0.33794,1.05356,0.014,0.66107,1.1577,0.00079,0.00234,0.00306,0,-0.01589,0.00001,1.21514,0.31694,0.12768,0.17522,0.001,0.88504,1.29238,0.05773,0.10567,0.21002,0.964,0.26303,0.27785,0.00123,2.84557,0.00976,0.66107,1.29238,0.26303,0.27785,1.1577,1.14486,1.21514,2.36853,2.84557,0.17449,0.62248
2026-02-15 00:00:00,1.1307,0,0.04591,0.04242,0.01501,0.002,0.005,0.005,0.009,0.17203,0.3412,0.84506,0.014,0.66107,1.16129,0.00079,0.00234,0.0031,0,-0.01101,0.00001,1.21514,0.47045,0.13733,0.12513,0.001,0.88522,1.28877,0.05631,0.12168,0.20802,0.95899,0.26303,0.27785,0.00123,2.86253,0.00974,0.66107,1.28877,0.26303,0.27785,1.16129,1.14486,1.21514,2.37173,2.86253,0.17359,0.62396
2026-02-15 01:00:00,1.20427,0,0.046,0.03434,0.015,0.002,0.005,0.005,0.00814,0.17203,0.35109,0.5851,0.014,0.66107,1.16129,0.00079,0.00234,0.0031,0,-0.00126,0.00001,1.21514,0.56617,0.12006,0.16192,0.001,0.88539,1.28877,0.05593,0.10443,0.20802,0.94468,0.26303,0.27634,0.00123,2.86253,0.00972,0.66107,1.28877,0.26303,0.27634,1.16129,1.14486,1.21514,2.37482,2.86253,0.17254,0.62544
2026-02-15 02:00:00,1.38912,0,0.05356,0.03434,0.015,0.002,0.005,0.005,0.00814,0.17203,0.35442,0.3258,0.014,0.65807,1.16489,0.00079,0.00233,0.00309,0,0.00609,0.00001,1.21013,0.52837,0.09311,0.22465,0.001,0.88557,1.28877,0.05598,0.10443,0.20502,0.93018,0.26003,0.27483,0.00123,2.86253,0.00971,0.65807,1.28877,0.26003,0.27483,1.16489,1.14486,1.21013,2.37791,2.86253,0.17172,0.62691
2026-02-15 03:00:00,1.6473,0,0.06104,0.03434,0.01499,0.002,0.005,0.005,0.00814,0.17473,0.36112,0.16919,0.014,0.65607,1.16489,0.00072,0.00233,0.00308,0,0.0111,0.00001,1.21514,0.60541,0.08292,0.23101,0.001,0.88575,1.28877,0.05426,0.12721,0.20502,0.91562,0.26303,0.27333,0.00123,2.87102,0.00969,0.65607,1.28877,0.26303,0.27333,1.16489,1.14486,1.21514,2.38083,2.87102,0.17133,0.62839
2026-02-15 04:00:00,1.86831,0,0.06104,0.03434,0.015,0.002,0.005,0.005,0.00814,0.17473,0.36112,0.06453,0.01354,0.65607,1.16129,0.00072,0.00232,0.00308,0,0.0161,0.00001,1.21013,0.62451,0.08331,0.14144,0.001,0.88628,1.28877,0.0556,0.10752,0.20302,0.90098,0.26303,0.27183,0.0011,2.86253,0.00967,0.65607,1.28877,0.26303,0.27183,1.16129,1.14486,1.21013,2.38356,2.86253,0.1714,0.62743
2026-02-15 05:00:00,2.01632,0,0.05356,0.03434,0.014,0.002,0.005,0.005,0.00814,0.17473,0.3645,-0.0918,0.01354,0.65607,1.16489,0.00072,0.00231,0.00308,0,0.01639,0.00001,1.21514,0.60426,0.08424,0.12053,0.001,0.88682,1.28877,0.05459,0.07612,0.20202,0.88615,0.26303,0.27034,0.00099,2.86253,0.00966,0.65607,1.28877,0.26303,0.27034,1.16489,1.14868,1.21514,2.38617,2.86253,0.17177,0.62647
2026-02-15 06:00:00,2.12755,0,0.05365,0.03434,0.013,0.002,0.005,0.005,0.00814,0.17203,0.36112,0.02428,0.01354,0.65307,1.16129,0.00072,0.00231,0.00314,0,0,0.00001,1.21013,0.60409,0.0668,0.20539,0.001,0.88736,1.28877,0.05422,0.08286,0.20302,0.87156,0.26303,0.26885,0.00099,2.85404,0.00964,0.65307,1.28877,0.26303,0.26885,1.16129,1.14868,1.21013,2.38864,2.85404,0.17311,0.62551
2026-02-15 07:00:00,2.07758,0,0.06109,0.02525,0.013,0.002,0.005,0.005,0.00736,0.16936,0.36112,0.30267,0.01354,0.65307,1.16129,0.00066,0.00231,0.00314,0,-0.01618,0.00001,1.21514,0.56609,0.06664,0.25769,0.001,0.88789,1.28877,0.05456,0.1099,0.20202,0.83378,0.26303,0.26737,0.0011,2.86253,0.00962,0.65307,1.28877,0.26303,0.26737,1.16129,1.15251,1.21514,2.391,2.86253,0.17498,0.62454
2026-02-15 08:00:00,1.90405,0,0.0535,0.02525,0.013,0.002,0.004,0.005,0.00736,0.16671,0.35776,0.63829,0.01354,0.65807,1.1577,0.00072,0.0023,0.00314,0,-0.01783,0.00001,1.21013,0.58443,0.07375,0.23994,0.001,0.88843,1.29238,0.05427,0.10987,0.20302,0.79598,0.26303,0.26737,0.0011,2.86253,0.00961,0.65807,1.29238,0.26303,0.26737,1.1577,1.14868,1.21013,2.39322,2.86253,0.17639,0.62358
2026-02-15 09:00:00,1.69422,0,0.04603,0.03434,0.013,0.002,0.004,0.005,0.00736,0.16671,0.35442,0.87092,0.01354,0.65607,1.16129,0.00066,0.0023,0.00314,0,-0.01713,0.00001,1.21013,0.64208,0.06505,0.18747,0.001,0.88896,1.28877,0.05355,0.10864,0.20202,0.75825,0.26303,0.26589,0.0011,2.86253,0.00959,0.65607,1.28877,0.26303,0.26589,1.16129,1.15251,1.21013,2.39535,2.86253,0.17747,0.62262
2026-02-15 10:00:00,1.52157,0,0.05353,0.03434,0.013,0.002,0.004,0.005,0.00665,0.16671,0.35109,0.93067,0.01354,0.65607,1.16129,0.00066,0.00229,0.00313,0,-0.01642,0.00001,1.21514,0.66194,0.07524,0.17003,0.001,1.01922,1.29238,0.05318,0.09819,0.20002,0.7205,0.26303,0.26589,0.0011,2.86253,0.00957,0.65607,1.29238,0.26303,0.26589,1.16129,1.15251,1.21514,2.3974,2.86253,0.17803,0.62166
2026-02-15 11:00:00,1.36886,0,0.06104,0.02625,0.013,0.002,0.004,0.005,0.00665,0.16409,0.35442,1.04238,0.01354,0.65607,1.16489,0.00066,0.00229,0.00313,0,-0.01101,0.00001,1.21013,0.56536,0.09266,0.19003,0.003,1.14947,1.29238,0.0528,0.09819,0.20002,0.68318,0.26303,0.26442,0.0011,2.85404,0.00956,0.65607,1.29238,0.26303,0.26442,1.16489,1.15251,1.21013,2.39946,2.85404,0.17872,0.62069
2026-02-15 12:00:00,1.19965,0,0.05347,0.02625,0.013,0.002,0.004,0.005,0.00665,0.16409,0.35109,0.87186,0.01354,0.65607,1.16489,0.00066,0.00228,0.00313,0,0.00621,0.00001,1.21013,0.52663,0.11881,0.24505,0.004,1.27973,1.28877,0.05349,0.07912,0.20002,0.64629,0.26303,0.26295,0.0011,2.85404,0.00954,0.65607,1.28877,0.26303,0.26295,1.16489,1.15251,1.21013,2.40144,2.85404,0.17962,0.55488
2026-02-15 13:00:00,1.15015,0,0.03846,0.03434,0.013,0.002,0.004,0.005,0.00601,0.16409,0.34778,0.58562,0.01354,0.65607,1.16489,0.00066,0.00228,0.00313,0,0.01836,0.00001,1.21514,0.56122,0.12753,0.21317,0.004,1.40999,1.29238,0.05285,0.05207,0.20002,0.55487,0.26303,0.26149,0.0011,2.85404,0.00952,0.65607,1.29238,0.26303,0.26149,1.16489,1.15251,1.21514,2.40339,2.85404,0.18055,0.25311
2026-02-15 14:00:00,1.19965,0,0.03849,0.02525,0.013,0.002,0.004,0.005,0.00601,0.1615,0.34448,0.5293,0.014,0.65607,1.16489,0.00066,0.00228,0.00311,0,0.0133,0.00001,1.21514,0.53491,0.12028,0.08452,0.004,1.54024,1.29598,0.05284,0.06502,0.20002,0.46325,0.26303,0.26149,0.0011,2.85404,0.00951,0.65607,1.29598,0.26303,0.26149,1.16489,1.15251,1.21514,2.40531,2.85404,0.1813,0.28398
2026-02-15 15:00:00,1.24916,0,0.03846,0.01617,0.013,0.002,0.004,0.005,0.00601,0.15893,0.34448,0.52939,0.014,0.65607,1.16849,0.00066,0.00227,0.00305,0,0.00315,0.00001,1.21514,0.43076,0.12172,0.10041,0.004,1.6705,1.29238,0.05247,0.08718,0.20202,0.37126,0.26303,0.26003,0.0011,2.85404,0.00949,0.65607,1.29238,0.26303,0.26003,1.16849,1.15251,1.21514,2.40708,2.85404,0.18165,0.31485
2026-02-15 16:00:00,1.23238,0,0.02345,0.02425,0.013,0.002,0.004,0.005,0.00601,0.15893,0.34448,0.64348,0.014,0.65307,1.16489,0.00066,0.00227,0.00304,0,-0.00701,0.00001,1.21914,0.40298,0.12171,0.23301,0.004,1.8247,1.29598,0.05282,0.09887,0.20002,0.27887,0.26303,0.26003,0.0011,2.85404,0.00947,0.65307,1.29598,0.26303,0.26003,1.16489,1.15251,1.21914,2.40886,2.85404,0.18162,0.34571
2026-02-15 17:00:00,1.16641,0,0.02345,0.03234,0.012,0.002,0.004,0.005,0.00601,0.15893,0.3412,0.75805,0.01436,0.65607,1.16489,0.00072,0.00227,0.00303,0,-0.0136,0.00001,1.21914,0.43382,0.10321,0.23265,0.004,1.9789,1.29238,0.05074,0.10934,0.19902,0.18623,0.26303,0.25852,0.0011,2.83711,0.00946,0.65607,1.29238,0.26303,0.25852,1.16489,1.15251,1.21914,2.41073,2.83711,0.18135,0.37658
2026-02-15 18:00:00,1.10043,0,0.03096,0.04142,0.012,0.002,0.005,0.005,0.00601,0.15639,0.33794,0.98735,0.01436,0.65607,1.16489,0.00072,0.00227,0.00302,0,-0.01878,0.00001,1.21914,0.4068,0.08473,0.12967,0.005,2.1331,1.29238,0.05071,0.13336,0.19802,0.09288,0.26003,0.25702,0.0011,2.84557,0.00944,0.65607,1.29238,0.26003,0.25702,1.16489,1.15251,1.21914,2.4125,2.84557,0.18035,0.40745
2026-02-15 19:00:00,1.00112,0,0.03846,0.04242,0.012,0.002,0.005,0.005,0.00543,0.15639,0.33794,1.38908,0.014,0.65607,1.16489,0.00072,0.00226,0.00298,0,-0.02608,0.00001,1.21914,0.40292,0.11199,0.11595,0.005,2.2873,1.29238,0.05033,0.14074,0.19702,0.1549,0.26303,0.25702,0.0011,2.82866,0.00942,0.65607,1.29238,0.26303,0.25702,1.16489,1.15251,1.21914,2.41421,2.82866,0.17895,0.43832
2026-02-15 20:00:00,0.85232,0,0.03849,0.04242,0.012,0.002,0.005,0.005,0.00601,0.15387,0.33469,1.44672,0.014,0.65607,1.16489,0.00072,0.00226,0.00301,0,-0.02831,0.00001,1.21914,0.36423,0.14798,0.17869,0.005,2.4415,1.29598,0.05102,0.11797,0.19602,0.21725,0.26303,0.25553,0.0011,2.83711,0.00941,0.65607,1.29598,0.26303,0.25553,1.16489,1.15251,1.21914,2.4158,2.83711,0.17789,0.46919
2026-02-15 21:00:00,0.70394,0,0.03102,0.04242,0.012,0.002,0.005,0.005,0.00543,0.15119,0.33794,1.3904,0.014,0.65307,1.16489,0.00072,0.00226,0.00296,0,-0.02546,0.00001,1.21914,0.3254,0.15633,0.2238,0.004,2.5957,1.29238,0.05143,0.08409,0.19602,0.27977,0.26303,0.25553,0.0011,2.83711,0.00939,0.65307,1.29238,0.26303,0.25553,1.16489,1.15251,1.21914,2.41725,2.83711,0.17699,0.50006
2026-02-15 22:00:00,0.6054,0,0.03102,0.03434,0.013,0.002,0.005,0.005,0.00601,0.15119,0.33469,1.39221,0.014,0.65607,1.16849,0.00072,0.00225,0.00295,0,-0.0226,0.00001,1.22314,0.26729,0.1283,0.1928,0.004,2.64946,1.2996,0.05036,0.09454,0.19602,0.34259,0.26003,0.25404,0.0011,2.83711,0.00937,0.65607,1.2996,0.26003,0.25404,1.16849,1.15634,1.22314,2.41864,2.83711,0.17639,0.53093
2026-02-15 23:00:00,0.57216,0,0.03099,0.03434,0.013,0.002,0.005,0.005,0.00601,0.15387,0.33146,1.27803,0.014,0.65307,1.16849,0.00072,0.00225,0.00295,0,-0.01943,0.00001,1.22714,0.19067,0.10174,0.10199,0.004,2.70321,1.2996,0.05071,0.11544,0.19602,0.40511,0.26003,0.25255,0.0011,2.83711,0.00936,0.65307,1.2996,0.26003,0.25255,1.16849,1.15634,1.22714,2.42005,2.83711,0.1755,0.5618
2026-02-16 00:00:00,0.57183,0,0.03846,0.02625,0.013,0.001,0.005,0.005,0.00601,0.15387,0.33146,1.04816,0.014,0.65607,1.16489,0.00072,0.00224,0.00294,0,-0.01377,0.00001,1.22314,0.15181,0.1028,0.09869,0.004,2.75697,1.29598,0.05142,0.10372,0.19302,0.46694,0.26003,0.25255,0.0011,2.85404,0.00934,0.65607,1.29598,0.26003,0.25255,1.16489,1.15251,1.22314,2.42143,2.85404,0.17391,0.59266
2026-02-16 01:00:00,0.60499,0,0.04597,0.01717,0.013,0.001,0.004,0.005,0.00601,0.15387,0.32504,0.64548,0.014,0.65307,1.16849,0.00072,0.00224,0.00294,0,-0.00777,0.00001,1.22314,0.11295,0.08426,0.17916,0.004,2.81072,1.30322,0.05071,0.09263,0.19102,0.5273,0.26303,0.25107,0.0011,2.86253,0.00932,0.65307,1.30322,0.26303,0.25107,1.16849,1.15634,1.22314,2.42287,2.86253,0.17202,0.62353
2026-02-16 02:00:00,0.67132,0,0.05347,0.01717,0.013,0.001,0.004,0.005,0.00601,0.15387,0.32824,0.30063,0.014,0.65307,1.16489,0.00072,0.00223,0.00294,0,0.00003,0.00001,1.22314,0.01703,0.04754,0.22229,0.004,2.86448,1.30322,0.0507,0.07415,0.19302,0.58833,0.26003,0.25107,0.0011,2.84557,0.00931,0.65307,1.30322,0.26003,0.25107,1.16489,1.15251,1.22314,2.42436,2.84557,0.17053,0.6544
2026-02-16 03:00:00,0.7372,0,0.06098,0.02625,0.013,0.001,0.004,0.005,0.00665,0.15893,0.32504,0.06966,0.014,0.65007,1.16849,0.00066,0.00223,0.00293,0,0.00427,0.00001,1.21914,0,0.04756,0.11975,0.004,2.91823,1.30322,0.05213,0.08092,0.19202,0.65017,0.26303,0.24959,0.0011,2.85404,0.0093,0.65007,1.30322,0.26303,0.24959,1.16849,1.15251,1.21914,2.42573,2.85404,0.16961,0.68527
2026-02-16 04:00:00,0.8029,0,0.06845,0.02625,0.012,0.001,0.004,0.005,0.00665,0.15639,0.33146,-0.21867,0.014,0.65307,1.16489,0.00066,0.00223,0.00294,0,0.00848,0.00001,1.21914,0,0.0934,0.07953,0.004,3.0795,1.30684,0.05071,0.08768,0.19302,0.71295,0.26303,0.24812,0.0011,2.85404,0.00928,0.65307,1.30684,0.26303,0.24812,1.16489,1.15251,1.21914,2.4272,2.85404,0.16933,0.71614
2026-02-16 05:00:00,0.83508,0,0.06845,0.02625,0.012,0.001,0.004,0.005,0.00665,0.15639,0.32824,-0.27518,0.014,0.65307,1.16849,0.00066,0.00222,0.00299,0,0.01589,0.00001,1.21914,0.01507,0.12103,0.19217,0.004,3.24076,1.30684,0.05071,0.06308,0.19102,0.77645,0.26303,0.24812,0.0011,2.86253,0.00927,0.65307,1.30684,0.26303,0.24812,1.16849,1.15251,1.21914,2.42877,2.86253,0.16919,0.74701
2026-02-16 06:00:00,0.97513,0,0.06106,0.01717,0.012,0.001,0.004,0.005,0.00665,0.15639,0.33146,-0.04245,0.014,0.65307,1.16849,0.00066,0.00222,0.00299,0,0.01942,0.00001,1.21914,0,0.10249,0.2341,0.004,3.40203,1.30322,0.05034,0.05202,0.19102,0.841,0.26303,0.24812,0.0011,2.86253,0.00925,0.65307,1.30322,0.26303,0.24812,1.16849,1.15634,1.21914,2.43029,2.86253,0.16961,0.77788
2026-02-16 07:00:00,1.17593,0,0.05365,0.02625,0.012,0.001,0.004,0.005,0.00665,0.15639,0.33146,0.31083,0.014,0.65307,1.1721,0.00066,0.00222,0.00298,0,0.02119,0.00001,1.21914,0,0.09265,0.20666,0.004,3.56329,1.31408,0.0514,0.07173,0.18902,0.95714,0.26303,0.24666,0.0011,2.86253,0.01373,0.65307,1.31408,0.26303,0.24666,1.1721,1.16018,1.21914,2.43184,2.86253,0.17037,0.80875
2026-02-16 08:00:00,1.29581,0,0.04611,0.03434,0.012,0.001,0.004,0.005,0.00665,0.15387,0.33146,0.72295,0.014,0.65307,1.1721,0.00066,0.00221,0.00298,0,0.01763,0.00001,1.21514,0,0.12931,0.16505,0.004,3.72456,1.32133,0.05033,0.10437,0.19102,1.07446,0.26303,0.24666,0.00123,2.87102,0.01821,0.65307,1.32133,0.26303,0.24666,1.1721,1.16018,1.21514,2.43334,2.87102,0.17092,0.83961
2026-02-16 09:00:00,1.4158,0,0.04609,0.02525,0.012,0.002,0.004,0.005,0.00665,0.15387,0.33469,0.9606,0.014,0.65307,1.1721,0.00066,0.00221,0.00298,0,0.01054,0.00001,1.21914,0,0.14785,0.1783,0.004,3.88582,1.33952,0.05004,0.10684,0.19102,1.19331,0.26303,0.24666,0.00123,2.87102,0.0227,0.65307,1.33952,0.26303,0.24666,1.1721,1.16018,1.21914,2.43474,2.87102,0.17166,0.87048
2026-02-16 10:00:00,1.60032,0,0.04609,0.03434,0.012,0.002,0.004,0.005,0.00665,0.15119,0.33469,1.1963,0.014,0.65307,1.17571,0.00066,0.00221,0.00297,0,0.01763,0.00001,1.21914,0,0.12026,0.24696,0.005,4.03045,1.37978,0.04932,0.11302,0.19402,1.3136,0.26703,0.24666,0.00137,2.87102,0.02718,0.65307,1.37978,0.26703,0.24666,1.17571,1.16403,1.21914,2.43636,2.87102,0.17246,0.90135
2026-02-16 11:00:00,1.81847,0,0.04609,0.03434,0.012,0.002,0.004,0.005,0.00665,0.15119,0.33146,1.31501,0.014,0.65607,1.17571,0.00066,0.0022,0.00297,0,0.02119,0.00001,1.22314,0,0.10139,0.28269,0.008,4.17508,1.43523,0.04931,0.13765,0.19302,1.436,0.26703,0.24812,0.00137,2.87953,0.03166,0.65607,1.43523,0.26703,0.24812,1.17571,1.16788,1.22314,2.43852,2.87953,0.17386,0.93222
2026-02-16 12:00:00,1.91212,0,0.04597,0.04242,0.012,0.002,0.004,0.005,0.00665,0.14854,0.33146,1.14119,0.014,0.65807,1.17933,0.00066,0.0022,0.00296,0,0.01236,0.00001,1.23114,0,0.1192,0.21332,0.008,4.31972,1.49131,0.05002,0.16229,0.19602,1.5622,0.27003,0.25107,0.00152,2.87953,0.03614,0.65807,1.49131,0.27003,0.25107,1.17933,1.17173,1.23114,2.44168,2.87953,0.177,1.60639
2026-02-16 13:00:00,1.95998,0,0.05344,0.04242,0.012,0.002,0.004,0.005,0.00665,0.15119,0.33146,0.84537,0.01436,0.66107,1.18657,0.00072,0.0022,0.00296,0,0.01236,0.00001,1.23914,0.02098,0.12905,0.14422,0.009,4.46435,1.5556,0.05074,0.18074,0.19802,1.91025,0.27403,0.24812,0.00172,2.87102,0.04502,0.66107,1.5556,0.27403,0.24812,1.18657,1.17946,1.23914,2.44692,2.87102,0.18097,2.45379
2026-02-16 14:00:00,2.05552,0,0.06103,0.06059,0.012,0.002,0.004,0.005,0.00736,0.15119,0.33146,0.66781,0.01473,0.66107,1.19383,0.00086,0.00219,0.00294,0,0.01886,0.00001,1.24714,0.14596,0.12878,0.21338,0.014,4.60898,1.63223,0.05076,0.20105,0.20502,2.25742,0.27803,0.24959,0.00192,2.87953,0.05389,0.66107,1.63223,0.27803,0.24959,1.19383,1.17946,1.24714,2.45507,2.87953,0.18404,2.46202
2026-02-16 15:00:00,2.24705,0,0.06851,0.08584,0.012,0.002,0.005,0.005,0.00736,0.15119,0.33146,0.96304,0.01473,0.66107,1.1902,0.00101,0.00219,0.00289,0,0.0354,0.00001,1.26414,0.27178,0.13759,0.3167,0.006,4.75361,1.67482,0.05177,0.21276,0.20902,2.6048,0.27803,0.25107,0.00214,2.89657,0.06277,0.66107,1.67482,0.27803,0.25107,1.1902,1.18333,1.26414,2.46642,2.89657,0.18731,2.47103
2026-02-16 16:00:00,2.43812,0,0.07598,0.08484,0.024,0.003,0.005,0.005,0.00814,0.15119,0.32824,1.19926,0.01511,0.66107,1.19383,0.00139,0.00219,0.00289,0,0.03779,0.00001,1.26814,0.31973,0.15617,0.36489,0.005,5.16207,1.71381,0.05286,0.1783,0.21102,2.95208,0.28103,0.25404,0.00262,2.89657,0.07164,0.66107,1.71381,0.28103,0.25404,1.19383,1.18333,1.26814,2.48131,2.89657,0.19051,2.48095
2026-02-16 17:00:00,2.48553,0,0.106,0.10201,0.025,0.003,0.005,0.005,0.009,0.15119,0.33146,1.4372,0.01511,0.66307,1.19383,0.00173,0.00218,0.00288,0,0.03402,0.00001,1.27614,0.38773,0.17512,0.32359,0.008,5.57053,1.76095,0.05217,0.17521,0.21702,3.30165,0.28503,0.26003,0.00289,2.92222,0.08052,0.66307,1.76095,0.28503,0.26003,1.19383,1.19109,1.27614,2.49941,2.92222,0.19599,2.49191
2026-02-16 18:00:00,2.48602,0,0.14361,0.12826,0.025,0.005,0.006,0.005,0.009,0.15119,0.33146,1.97038,0.01549,0.66307,1.19383,0.00226,0.00218,0.00288,0,0.04003,0.00001,1.28114,0.47973,0.19448,0.31707,0.012,5.97899,1.82037,0.05462,0.17332,0.22002,3.6578,0.29203,0.26589,0.00376,2.93079,0.08939,0.66307,1.82037,0.29203,0.26589,1.19383,1.19109,1.28114,2.51952,2.93079,0.20805,2.50408
2026-02-16 19:00:00,2.48602,0,0.15109,0.13635,0.025,0.005,0.006,0.006,0.00995,0.15119,0.33469,2.2066,0.01549,0.66807,1.20474,0.00388,0.00219,0.00288,0,0.04073,0.00001,1.29314,0.57569,0.23966,0.46353,0.018,6.38744,1.89645,0.05395,0.18253,0.22503,4.20393,0.29603,0.27483,0.00437,2.94796,0.14463,0.66807,1.89645,0.29603,0.27483,1.20474,1.19888,1.29314,2.54124,2.94796,0.22325,2.5177
2026-02-16 20:00:00,2.43812,0,0.1435,0.11009,0.026,0.018,0.007,0.006,0.0141,0.15639,0.33794,2.32456,0.01589,0.67107,1.20839,0.00433,0.00219,0.00287,0,0.03847,0.00001,1.31015,0.53887,0.23024,0.5034,0.039,6.7959,1.98974,0.05433,0.1936,0.23203,4.61018,0.30403,0.28088,0.00536,2.97379,0.19986,0.67107,1.98974,0.30403,0.28088,1.20839,1.20668,1.31015,2.56496,2.97379,0.23501,2.53301
2026-02-16 21:00:00,2.19873,0,0.13602,0.10201,0.027,0.007,0.008,0.006,0.01195,0.1615,0.34778,2.50282,0.01589,0.66807,1.20839,0.00925,0.0022,0.00287,0,0.03326,0.00001,1.32315,0.52039,0.19425,0.40524,0.018,7.20436,2.06364,0.0568,0.18127,0.23503,4.87869,0.31103,0.27785,0.00572,2.99107,0.2551,0.66807,2.06364,0.31103,0.27785,1.20839,1.21452,1.32315,2.59151,2.99107,0.24336,2.55036
2026-02-16 22:00:00,1.91193,0,0.16607,0.11109,0.027,0.007,0.009,0.007,0.00995,0.1615,0.35442,2.80018,0.01589,0.66807,1.20839,0.01204,0.00221,0.00287,0,0.02475,0.00001,1.33115,0.57898,0.21207,0.36867,0.019,7.20436,2.09258,0.05642,0.27541,0.23903,5.00964,0.31103,0.27634,0.00648,3.0084,0.31034,0.66807,2.09258,0.31103,0.27634,1.20839,1.21452,1.33115,2.62196,3.0084,0.24732,2.57019
2026-02-16 23:00:00,1.81666,0,0.15112,0.12018,0.016,0.008,0.01,0.007,0.00995,0.16409,0.35442,3.02873,0.01629,0.67107,1.2157,0.01457,0.00221,0.00286,0,0.01554,0.00001,1.33115,0.57985,0.22992,0.44026,0.016,7.20436,2.10502,0.05853,0.30926,0.24203,5.01399,0.32604,0.27785,0.00687,3.02576,0.36557,0.67107,2.10502,0.32604,0.27785,1.2157,1.21844,1.33115,2.6558,3.02576,0.25173,2.59308
2026-02-17 00:00:00,1.91197,0,0.09853,0.12826,0.029,0.008,0.024,0.007,0.01298,0.1615,0.35442,3.12316,0.01713,0.67408,1.21936,0.01735,0.00222,0.00287,0,0.00895,0.00001,1.33115,0.54138,0.22012,0.48825,0.012,7.20436,2.09673,0.05823,0.30249,0.24703,4.8912,0.35804,0.27785,0.00814,3.06062,0.42081,0.67408,2.09673,0.35804,0.27785,1.21936,1.22237,1.33115,2.68909,3.06062,0.25646,2.61977
2026-02-17 01:00:00,2.29457,0,0.09096,0.12018,0.06801,0.013,0.018,0.01,0.01662,0.15971,0.36112,3.32686,0.01837,0.67408,1.22302,0.01883,0.00222,0.00293,0,0.00353,0.00001,1.33115,0.50347,0.1932,0.41639,0.011,7.20436,2.0719,0.0617,0.31788,0.24903,5.01184,0.43805,0.27634,0.00859,3.08687,0.54654,0.67408,2.0719,0.43805,0.27634,1.22302,1.23024,1.33115,2.72188,3.08687,0.26078,2.65132
2026-02-17 02:00:00,2.67762,0,0.0985,0.14643,0.09601,0.026,0.49506,0.013,0.01804,0.15791,0.36111,3.5668,0.01913,0.67608,1.22302,0.02989,0.00222,0.00307,0,0.00165,0.0013,1.32715,0.55962,0.1939,0.4343,0.011,7.20436,2.05951,0.06277,0.30496,0.25203,5.1126,0.66307,0.27936,0.00905,3.12203,0.67227,0.67608,2.05951,0.66307,0.27936,1.22302,1.23419,1.32715,2.75324,3.12203,0.26437,2.68919
2026-02-17 03:00:00,2.91679,0,0.11356,0.1636,0.12401,0.044,1.15613,0.033,0.02124,0.15608,0.35987,3.31097,0.01913,0.67608,1.22669,0.03624,0.00223,0.00326,0,0.00212,0.00172,1.32715,0.61661,0.21171,0.46823,0.013,7.20436,2.04715,0.06312,0.32897,0.25303,5.19164,0.8931,0.28393,0.00953,3.15736,0.798,0.67608,2.04715,0.8931,0.28393,1.22669,1.2421,1.32715,2.78221,3.15736,0.26578,2.73546
2026-02-17 04:00:00,3.15572,0,0.0912,0.15452,0.05901,0.08601,1.19213,0.04,0.02735,0.15422,0.35776,2.74728,0.02157,0.67908,1.23036,0.03299,0.00223,0.00365,0,0.00591,0.00208,1.32715,0.57794,0.19389,0.389,0.01,7.20436,2.03892,0.06282,0.25761,0.25403,5.24966,1.23614,0.28855,0.00905,3.19286,0.92373,0.67908,2.03892,1.23614,0.28855,1.23036,1.25002,1.32715,2.80877,3.19286,0.26534,2.7933
2026-02-17 05:00:00,3.25342,0,0.09117,0.13735,0.08501,0.06101,1.38315,0.037,0.03268,0.15235,0.35442,2.53637,0.80332,0.68108,1.23036,0.03827,0.00223,0.00405,0,0.00359,0.00208,1.32715,0.55682,0.18097,0.39092,0.009,7.20436,2.03892,0.06522,0.21885,0.25303,5.28759,1.62118,0.29477,0.00859,3.23632,1.04946,0.68108,2.03892,1.62118,0.29477,1.23036,1.25797,1.32715,2.83336,3.23632,0.26351,2.86768
2026-02-17 06:00:00,3.19375,0,0.12863,0.12926,0.14002,0.08701,1.75019,0.26803,0.0472,0.15045,0.34778,2.4274,1.71533,0.68108,1.23403,0.03896,0.00223,0.0051,0,0.0095,0.00221,1.33115,0.59577,0.19533,0.45445,0.008,7.20436,2.05127,0.06557,0.24286,0.24603,5.30234,1.8142,0.30106,0.00859,3.2965,1.17519,0.68108,2.05127,1.8142,0.30106,1.23403,1.26196,1.33115,2.85623,3.2965,0.2576,2.96684
2026-02-17 07:00:00,2.99166,0,0.12869,0.15452,0.12301,0.07201,1.7522,0.26403,0.36494,0.14856,0.33794,2.47197,1.6785,0.68408,1.23403,0.03759,0.00223,0.00633,0.03226,0.01774,0.00221,1.33115,0.53841,0.19533,0.45678,0.015,7.20436,2.07603,0.06661,0.17209,0.24503,5.34417,1.72219,0.30583,0.00905,3.33931,1.11808,0.68408,2.07603,1.72219,0.30583,1.23403,1.26595,1.33115,2.87781,3.33931,0.24952,3.10566
2026-02-17 08:00:00,3.0603,0,0.12866,0.17169,0.08401,0.06601,1.56417,0.35404,0.69346,0.14638,0.33,2.64303,1.57455,0.68608,1.23771,0.03827,0.00223,0.01279,0.03114,0.01539,0.00221,1.34415,0.44105,0.20369,0.39033,0.01,7.20436,2.08844,0.06837,0.13209,0.24303,5.38779,1.47216,0.31064,0.00953,3.3737,1.06097,0.68608,2.08844,1.47216,0.31064,1.23771,1.26595,1.34415,2.89875,3.3737,0.24337,3.3139
2026-02-17 09:00:00,3.36775,0,0.13614,0.17169,0.11501,0.07801,1.26814,0.42205,0.8671,0.14418,0.32185,2.94807,1.33825,0.68908,1.24139,0.03558,0.00223,0.01695,0.0334,0.01424,0.00221,1.34015,0.45941,0.2215,0.34131,0.009,7.20436,2.09258,0.06735,0.1481,0.23903,5.43256,1.21013,0.31713,0.01052,3.42554,1.00386,0.68908,2.09258,1.21013,0.31713,1.24139,1.26595,1.34015,2.9198,3.42554,0.23855,3.66096
2026-02-17 10:00:00,3.45212,0,0.14358,0.19794,0.14302,0.12201,1.07112,0.66507,1.05312,0.14186,0.31238,3.23066,1.14264,0.69208,1.24139,0.03173,0.00223,0.03027,0.03694,0.00951,0.00221,1.34415,0.49784,0.2215,0.36345,0.013,7.17629,2.09258,0.06867,0.16532,0.23103,5.47948,1.00311,0.32527,0.01102,3.4603,0.94675,0.69208,2.09258,1.00311,0.32527,1.24139,1.26595,1.34415,2.94099,3.4603,0.23582,4.35509
2026-02-17 11:00:00,3.51832,0,0.15856,0.21511,0.30503,0.13802,0.8721,0.72908,1.25492,0.13965,0.30615,3.17503,1.0198,0.69408,1.24876,0.02989,0.00223,0.03605,0.03816,0.01419,0.00208,1.34415,0.51854,0.21655,0.37468,0.018,7.14821,2.10087,0.0687,0.1536,0.22402,5.52494,0.8701,0.33671,0.01154,3.49519,0.88964,0.69408,2.10087,0.8701,0.33671,1.24876,1.26595,1.34415,2.96179,3.49519,0.23225,6.43748
2026-02-17 12:00:00,3.65467,0,0.18116,0.21511,0.47105,0.13802,0.79609,0.74508,1.40755,0.13754,0.29999,2.97459,0.91897,0.69708,1.25246,0.02636,0.00223,0.04076,0.03456,0,0.00208,1.34815,0.48064,0.17561,0.33125,0.024,7.12013,2.10502,0.06837,0.14807,0.21802,5.56754,0.78409,0.35006,0.01154,3.52146,0.83253,0.69708,2.10502,0.78409,0.35006,1.25246,1.26595,1.34815,2.98184,3.52146,0.22684,5.45359
2026-02-17 13:00:00,3.87763,0,0.21118,0.23227,0.58106,0.10201,0.69808,0.72508,1.53275,0.13545,0.29389,2.7143,0.84346,0.70008,1.25615,0.02303,0.00223,0.04066,0.02789,-0.01416,0.00221,1.34415,0.48181,0.1449,0.23897,0.03,7.09206,2.10087,0.06696,0.19119,0.21102,5.81427,0.73108,0.36542,0.01318,3.54782,0.79889,0.70008,2.10087,0.73108,0.36542,1.25615,1.26595,1.34415,3.00128,3.54782,0.22083,4.32973
2026-02-17 14:00:00,4.21179,0,0.24117,0.26553,0.53506,0.09001,0.64707,0.70108,1.61475,0.13337,0.28785,2.39167,0.7696,0.70508,1.26356,0.02197,0.00222,0.04001,0.02384,0.06021,0.00234,1.34815,0.38512,0.13841,0.204,0.034,7.06399,2.10087,0.0694,0.20475,0.20702,6.03897,0.68808,0.38291,0.01262,3.58308,0.76526,0.70508,2.10087,0.68808,0.38291,1.26356,1.26595,1.34815,3.02021,3.58308,0.21606,4.57386
2026-02-17 15:00:00,4.37916,0,0.25615,0.31695,0.51706,0.027,0.60707,0.70108,1.69496,0.13582,0.28188,2.27522,0.67851,0.70508,1.26727,0.02038,0.00222,0.0398,0.02011,0.06727,0.00263,1.34415,0.30586,0.10432,0.33549,0.04,7.03591,2.10917,0.07042,0.23983,0.20502,6.24238,0.65807,0.40342,0.01262,3.59192,0.73162,0.70508,2.10917,0.65807,0.40342,1.26727,1.26994,1.34415,3.03827,3.59192,0.21276,4.818
2026-02-17 16:00:00,4.37942,0,0.28611,0.37746,0.49005,0.008,0.51706,0.73208,1.75378,0.13582,0.28188,2.48831,0.5999,0.71008,1.27098,0.01934,0.00222,0.03785,0.01752,0,0.00294,1.34815,0.36253,0.07971,0.44793,0.05301,7.2377,2.11334,0.06937,0.24536,0.20202,6.42506,0.61607,0.43298,0.01262,3.61849,0.69798,0.71008,2.11334,0.61607,0.43298,1.27098,1.26994,1.34815,3.05537,3.61849,0.21104,5.06213
2026-02-17 17:00:00,4.32409,0,0.29367,0.42888,0.52806,0.05401,0.33704,0.77909,1.78178,0.1383,0.27891,2.59461,0.52312,0.71008,1.27842,0.01883,0.00221,0.03536,0.01511,-0.00707,0.00363,1.34415,0.30284,0.10996,0.38511,0.09701,7.43949,2.12581,0.06974,0.22899,0.20202,6.58403,0.57906,0.47582,0.01262,3.64515,0.66435,0.71008,2.12581,0.57906,0.47582,1.27842,1.27394,1.34415,3.07188,3.64515,0.20894,5.30627
2026-02-17 18:00:00,4.15646,0,0.28614,0.48031,0.59507,0.06201,0.33254,0.74908,1.79858,0.14335,0.27891,2.80847,0.45723,0.71308,1.28587,0.01687,0.00221,0.03331,0.01288,0.01062,0.00462,1.34415,0.22225,0.12019,0.3736,0.27503,7.64128,2.13414,0.07083,0.3304,0.20302,6.71822,0.55506,0.52943,0.01208,3.66297,0.63071,0.71308,2.13414,0.55506,0.52943,1.28587,1.27394,1.34415,3.08789,3.66297,0.20596,5.55041
2026-02-17 19:00:00,3.65378,0,0.30115,0.53165,0.68008,0.08301,0.33504,0.70308,1.80978,0.14854,0.27891,3.03432,0.39096,0.71808,1.2896,0.01547,0.00221,0.03168,0.01149,0.02478,0.00603,1.34015,0.35422,0.11608,0.422,0.64107,7.86323,2.14665,0.07041,0.41764,0.20402,6.73503,0.52706,0.59007,0.01376,3.68976,0.81779,0.71808,2.14665,0.52706,0.59007,1.2896,1.27795,1.34015,3.10356,3.68976,0.20275,5.79454
2026-02-17 20:00:00,2.81716,0,0.30123,0.55881,0.65307,0.07201,0.34504,0.65707,1.79858,0.14748,0.28188,3.15309,0.32394,0.72308,1.29707,0.01547,0.00221,0.02932,0.01018,-0.04603,0.0071,1.35215,0.66448,0.14396,0.44783,1.05812,8.08517,2.20952,0.07394,0.44518,0.20902,6.74555,0.51106,0.66007,0.01494,3.69871,1.00487,0.72308,2.20952,0.51106,0.66007,1.29707,1.28196,1.35215,3.11901,3.69871,0.20019,6.03868
2026-02-17 21:00:00,2.20382,0,0.32378,0.59407,0.59207,0.06601,0.33604,0.58907,1.7622,0.14617,0.28486,3.43419,0.27437,0.73108,1.31208,0.01502,0.00221,0.02702,0.00955,-0.04247,0.00996,1.35215,0.64836,0.15379,0.48975,1.45016,8.30712,2.36251,0.07254,0.4364,0.20902,6.74986,0.49506,0.72433,0.01494,3.7346,1.19194,0.73108,2.36251,0.49506,0.72433,1.31208,1.29,1.35215,3.13426,3.7346,0.19837,6.28281
2026-02-17 22:00:00,1.92472,0,0.33125,0.60215,0.52506,0.05001,0.33904,0.55806,1.72016,0.14515,0.28785,3.78702,0.24381,0.73908,1.3196,0.01547,0.0022,0.02505,0.00895,0.04253,0.01223,1.36515,0.55136,0.19913,0.45595,1.7742,8.52907,2.55784,0.07293,0.44733,0.21102,6.74786,0.48805,0.77822,0.01494,3.7526,1.37902,0.73908,2.55784,0.48805,0.77822,1.3196,1.29806,1.36515,3.1508,3.7526,0.1973,6.52695
2026-02-17 23:00:00,1.81269,0,0.34617,0.58507,0.47505,0.06001,0.34304,0.50706,1.65576,0.14418,0.29086,4.25372,0.2312,0.75308,1.3309,0.01593,0.0022,0.0241,0.00836,0.05668,0.02272,1.37415,0.61088,0.21763,0.43989,2.01822,8.75101,2.74409,0.07746,0.49559,0.21602,6.73761,0.48405,0.82246,0.01747,3.7887,1.5661,0.75308,2.74409,0.48405,0.82246,1.3309,1.30615,1.37415,3.17221,3.7887,0.19587,6.77109
2026-02-18 00:00:00,1.86824,0,0.36118,0.59917,0.44705,0.06001,0.41205,0.45305,1.55435,0.14349,0.29879,4.61551,0.24714,0.76909,1.33846,0.01833,0.0022,0.0228,0.00836,0.05315,0.02521,1.38215,0.7099,0.21857,0.49441,2.21125,8.97296,2.93406,0.08096,0.431,0.21902,6.71822,0.51106,0.84873,0.01814,3.81589,1.75318,0.76909,2.93406,0.51106,0.84873,1.33846,1.31426,1.38215,3.2016,3.81589,0.1935,7.01522
2026-02-18 01:00:00,2.14764,0,0.36112,0.59469,0.44105,0.06201,0.63907,0.43405,1.45695,0.14282,0.30502,5.38542,0.36098,0.78809,1.34983,0.02467,0.02702,0.02184,0.00836,0.10274,0.02787,1.38715,0.63293,0.24626,0.58241,2.33226,8.70439,3.11582,0.08449,0.36761,0.22102,6.72074,0.56706,0.85905,0.01951,3.85225,1.82084,0.78809,3.11582,0.56706,0.85905,1.34983,1.32646,1.38715,3.23896,3.85225,0.19077,6.76888
2026-02-18 02:00:00,2.64979,0,0.75357,0.58523,0.74295,0.10579,0.74305,0.51038,1.42377,0.14216,0.3107,6.36903,1.14646,0.81309,1.36123,0.03558,0.05184,0.02122,0.00779,0.34355,0.03144,1.39116,0.45837,0.25602,0.55249,2.41827,8.43581,3.25551,0.09076,0.391,0.20902,6.72249,0.68008,0.86214,0.02242,3.87048,1.88851,0.81309,3.25551,0.68008,0.86214,1.36123,1.33462,1.39116,3.28384,3.87048,0.18861,6.52253
2026-02-18 03:00:00,3.319,0,1.37965,0.51481,0.85272,0.16735,0.87681,1.05282,1.39929,0.14152,0.31553,6.87669,1.73831,0.83609,1.37648,0.06427,0.07666,0.02007,0.00779,0.75791,0.0345,1.40016,0.45766,0.29358,0.38491,2.45627,8.16724,3.37872,0.09876,0.33503,0.20202,6.72352,0.9061,0.85597,0.02094,3.91624,1.95617,0.83609,3.37872,0.9061,0.85597,1.37648,1.3428,1.40016,3.33616,3.91624,0.18708,6.27619
2026-02-18 04:00:00,4.1561,0,1.59946,0.56907,0.97275,0.26981,1.12418,1.3817,1.38463,0.1409,0.31553,7.1854,2.11805,0.8641,1.38796,0.38125,0.10148,0.01867,0.00725,1.17224,0.03775,1.40416,0.47482,0.28538,0.3722,2.47328,7.89866,3.46903,0.10313,0.25442,0.19802,6.72392,1.14313,0.84392,0.02022,3.95299,2.02383,0.8641,3.46903,1.14313,0.84392,1.38796,1.351,1.40416,3.39461,3.95299,0.18627,6.02985
2026-02-18 05:00:00,4.88206,0,1.79986,0.70208,1.10908,0.34758,1.28456,1.6639,1.38226,0.14028,0.31553,7.78656,2.57069,0.8961,1.41102,0.69584,0.1263,0.01768,0.02011,1.47677,0.0386,1.40816,0.46818,0.24898,0.3848,2.45627,7.63009,3.55556,0.10442,0.22979,0.19302,6.7223,1.33715,0.82483,0.02094,3.9899,2.0915,0.8961,3.55556,1.33715,0.82483,1.41102,1.35923,1.40816,3.45755,3.9899,0.18526,5.7835
2026-02-18 06:00:00,5.38509,0,1.9705,0.78092,1.27862,0.39452,1.41747,1.79962,1.40073,0.13968,0.30926,8.59865,2.90966,0.9311,1.42647,0.68991,0.15112,0.01816,0.02895,1.77071,0.0386,1.41316,0.43911,0.24863,0.23152,2.42727,7.3615,3.62254,0.10844,0.21193,0.19502,6.71822,1.48817,0.80319,0.02094,4.06415,2.15916,0.9311,3.62254,1.48817,0.80319,1.42647,1.36748,1.41316,3.52345,4.06415,0.1838,5.53716
2026-02-18 07:00:00,5.78693,0,2.08376,0.95036,1.49017,0.42505,1.52417,1.89721,1.44755,0.13909,0.30306,8.88664,2.77038,0.97211,1.45364,0.63489,0.15136,0.55483,0.02685,2.02218,0.41836,1.41716,0.34817,0.2315,0.10021,2.37326,7.06075,3.69023,0.11074,0.18977,0.19602,6.7118,1.52117,0.77547,0.02475,4.13897,1.99823,0.97211,3.69023,1.52117,0.77547,1.45364,1.37989,1.41716,3.59111,4.13897,0.18221,5.29081
2026-02-18 08:00:00,6.05477,0,2.16919,1.16813,2.30226,0.36704,1.62618,2.19424,1.58076,0.13823,0.27597,8.91918,2.40017,1.00811,1.47708,0.57959,0.15159,0.73688,0.09527,2.07883,0.45986,1.42616,0.1859,0.21325,0.10523,2.30426,6.75999,3.73751,0.10794,0.15469,0.18902,6.70292,1.40116,0.7483,0.03067,4.21437,1.83729,1.00811,3.73751,1.40116,0.7483,1.47708,1.3882,1.42616,3.65979,4.21437,0.18095,5.04447
2026-02-18 09:00:00,6.05523,0,2.19337,1.38491,2.6703,0.32104,1.63018,2.31326,1.73698,0.13732,0.23909,9.08095,2.06575,1.04212,1.50854,0.43659,0.15183,0.74107,0.55851,1.8911,0.43879,1.42616,0.19099,0.2028,0.16862,2.20425,6.45924,3.75335,0.10989,0.16761,0.18602,6.69163,1.22614,0.71906,0.08198,4.29988,1.67636,1.04212,3.75335,1.22614,0.71906,1.50854,1.4007,1.42616,3.72891,4.29988,0.18005,4.79812
2026-02-18 10:00:00,5.72085,0,2.08944,1.71169,2.6533,0.29803,1.49317,2.16024,1.87521,0.13626,0.23636,9.78618,1.86811,1.07612,1.54023,0.34987,0.15207,0.7211,0.50117,1.62907,0.41836,1.43416,0.27921,0.19274,0.17072,2.10223,6.15849,3.75863,0.10539,0.21128,0.18602,6.67793,1.07212,0.69049,0.08327,4.39574,1.51543,1.07612,3.75863,1.07212,0.69049,1.54023,1.41325,1.43416,3.79798,4.39574,0.17951,4.55178
2026-02-18 11:00:00,5.38647,0,1.80799,2.05656,2.55228,0.27503,1.35115,2.08823,1.99089,0.13527,0.24736,10.42694,1.76174,1.10412,1.56815,0.24988,0.1523,0.5846,1.24951,1.51223,0.40343,1.44316,0.31869,0.19197,0.13015,1.99622,5.85773,3.76922,0.10365,0.20142,0.18002,6.66104,0.96411,0.66257,0.08071,4.49248,1.35449,1.10412,3.76922,0.96411,0.66257,1.56815,1.42584,1.44316,3.86613,4.49248,0.1788,4.30543
2026-02-18 12:00:00,5.36661,0,1.55857,2.32368,2.34326,0.27603,1.25414,2.06123,2.09623,0.13434,0.25015,9.40878,1.62332,1.12613,1.60028,0.21176,0.15254,0.519,1.11098,1.42374,0.37465,1.45216,0.34033,0.20088,0.11184,1.88921,5.55698,3.76392,0.09882,0.17126,0.18902,6.6404,0.8971,0.64098,0.0757,4.59012,1.19356,1.12613,3.76392,0.8971,0.64098,1.60028,1.43848,1.45216,3.93285,4.59012,0.17762,3.96137
2026-02-18 13:00:00,5.22459,0,1.38373,2.46986,2.17624,0.27603,1.30415,1.88921,2.19324,0.13337,0.24736,8.66376,1.44342,1.14613,1.63263,0.17251,0.13182,0.45191,0.90167,1.3175,0.3517,1.45616,0.28908,0.20979,0.17321,1.7812,5.37385,3.76922,0.09498,0.15587,0.19302,6.18394,0.84709,0.62452,0.07447,4.68863,1.11754,1.14613,3.76922,0.84709,0.62452,1.63263,1.45542,1.45616,3.99764,4.68863,0.17625,3.02037
2026-02-18 14:00:00,5.08256,0,1.34301,2.43956,2.00422,0.24103,1.15813,1.70219,2.31823,0.13337,0.23909,7.93929,1.28108,1.16213,1.66522,0.1386,0.1111,0.39412,0.71079,1.07315,0.34722,1.46516,0.36183,0.18231,0.25789,1.71519,5.19071,3.78513,0.09197,0.14292,0.19602,5.72779,0.79809,0.61523,0.07205,4.78803,1.04152,1.16213,3.78513,0.79809,0.61523,1.66522,1.48098,1.46516,4.05963,4.78803,0.17517,2.96306
2026-02-18 15:00:00,4.94055,0,1.32621,2.32719,1.72719,0.21238,1.02622,1.50995,2.44286,0.13275,0.24459,7.22114,1.12744,1.17413,1.70215,0.12486,0.09038,0.36249,0.49,0.85005,0.32539,1.47416,0.38098,0.16447,0.19407,1.69119,5.00758,3.8064,0.08783,0.1109,0.20302,5.27191,0.74008,0.61061,0.06848,4.87824,0.96551,1.17413,3.8064,0.74008,0.61061,1.70215,1.49814,1.47416,4.11874,4.87824,0.17437,2.94395
2026-02-18 16:00:00,4.79853,0,1.31446,2.15116,0.85144,0.16423,0.85296,1.30913,2.57246,0.13203,0.25015,6.49872,0.99496,1.18113,1.73107,0.10956,0.06965,0.32069,0.41139,0.76147,0.32114,1.48717,0.34265,0.16485,0.09727,1.71819,4.82444,3.83844,0.0851,0.11832,0.20502,4.81634,0.68808,0.61987,0.06615,4.9793,0.88949,1.18113,3.83844,0.68808,0.61987,1.73107,1.5197,1.48717,4.1754,4.9793,0.17389,2.9344
2026-02-18 17:00:00,4.65651,0,1.24283,1.91721,0.81648,0.13201,0.74808,1.12813,2.67947,0.13157,0.25861,5.77103,0.84809,1.18713,1.76016,0.09527,0.04893,0.27604,0.31662,0.65521,0.30446,1.50117,0.36263,0.16487,0.13975,1.8202,4.64131,3.88677,0.08267,0.14668,0.20802,4.36061,0.64207,0.64098,0.06615,5.06078,0.81347,1.18713,3.88677,0.64207,0.64098,1.76016,1.54576,1.50117,4.23029,5.06078,0.17323,2.92867
2026-02-18 18:00:00,4.5145,0,1.16309,1.68227,0.7741,0.12001,0.71108,0.99111,2.76089,0.13086,0.26147,5.0456,0.73008,1.19113,1.78523,0.08397,0.02821,0.23762,0.27459,0.50291,0.28053,1.50917,0.30572,0.17454,0.22363,1.96922,4.45817,3.94631,0.08066,0.13629,0.21402,3.90442,0.60007,0.67772,0.065,5.13253,0.73745,1.19113,3.94631,0.60007,0.67772,1.78523,1.57201,1.50917,4.28395,5.13253,0.17213,2.92485
2026-02-18 19:00:00,4.37385,0,1.05959,1.48058,0.98711,0.10801,0.66107,0.9061,2.81,0.13015,0.26722,4.40686,0.63754,1.19113,1.81043,0.07526,0.02522,0.20704,0.22695,0.33293,0.26903,1.52717,0.36459,0.16528,0.17444,2.13324,4.43522,4.02833,0.07866,0.16512,0.22002,3.45805,0.57106,0.72169,0.06161,5.2254,0.69272,1.19113,4.02833,0.57106,0.72169,1.81043,1.59846,1.52717,4.33707,5.2254,0.17085,2.92212
2026-02-18 20:00:00,4.2332,0,0.96406,1.31315,0.8791,0.10801,0.61207,0.83109,2.83219,0.12969,0.27597,3.77052,0.56417,1.19713,1.83575,0.06697,0.02222,0.17587,0.19561,0.32937,0.25785,1.54517,0.36745,0.15564,0.08691,2.30426,4.41226,4.13359,0.07788,0.18269,0.22703,3.01196,0.54306,0.77273,0.05939,5.28771,0.64799,1.19713,4.13359,0.54306,0.77273,1.83575,1.62509,1.54517,4.39053,5.28771,0.16984,2.92007
2026-02-18 21:00:00,4.09255,0,0.86056,1.17297,0.81109,0.08301,0.55906,0.77809,2.82478,0.129,0.27891,3.13356,0.49938,1.19713,1.85695,0.05989,0.01923,0.14713,0.17581,0.3754,0.23988,1.55917,0.3197,0.15564,0.11653,2.46027,4.38931,4.23472,0.07659,0.19656,0.22903,2.89457,0.51906,0.82009,0.05722,5.37128,0.60326,1.19713,4.23472,0.51906,0.82009,1.85695,1.65192,1.55917,4.4452,5.37128,0.16909,2.91848
2026-02-18 22:00:00,3.95191,0,0.78084,1.04887,0.72508,0.07101,0.43605,0.73608,2.80631,0.12856,0.28785,2.49539,0.44223,1.22614,1.88677,0.05485,0.01624,0.13016,0.15458,0.34355,0.2295,1.57718,0.35879,0.16493,0.20538,2.60929,4.36636,4.33723,0.07619,0.2018,0.23403,2.77746,0.49906,0.85356,0.05508,5.42377,0.55853,1.22614,4.33723,0.49906,0.85356,1.88677,1.67895,1.57718,4.50202,5.42377,0.16864,2.91721
2026-02-18 23:00:00,3.81125,0,0.71709,0.96002,0.67808,0.05801,0.38486,0.67608,2.76831,0.12811,0.29086,1.85934,0.39096,1.24014,1.91246,0.05003,0.01324,0.11579,0.1428,0.2869,0.21611,1.60018,0.36903,0.1742,0.3374,2.75031,4.3434,4.45277,0.07386,0.16702,0.23503,2.66019,0.48805,0.89017,0.05298,5.49764,0.5138,1.24014,4.45277,0.48805,0.89017,1.91246,1.70616,1.60018,4.56177,5.49764,0.16802,2.91616
2026-02-19 00:00:00,3.72118,0,0.66936,0.88843,0.62907,0.07001,0.3542,0.64907,2.71277,0.12792,0.29999,1.7587,0.33595,1.26914,1.93829,0.04468,0.01025,0.10216,0.11783,0.27272,0.20642,1.62318,0.38609,0.18346,0.39152,2.87632,4.32045,4.56411,0.07525,0.15499,0.23703,2.5425,0.47205,0.91546,0.05093,5.5613,0.46907,1.26914,4.56411,0.47205,0.91546,1.93829,1.75657,1.62318,4.62459,5.5613,0.16698,2.9153
2026-02-19 01:00:00,3.63479,0,0.61353,0.79976,0.60107,0.05801,0.33404,0.64307,2.63876,0.12773,0.30926,1.75788,0.29758,1.31615,1.96856,0.04249,0.00988,0.09188,0.10728,0.29747,0.19393,1.64618,0.46316,0.20163,0.35226,2.95933,4.30426,4.67103,0.07452,0.13697,0.24503,2.47418,0.46005,0.93144,0.04791,5.61458,0.44187,1.31615,4.67103,0.46005,0.93144,1.96856,1.82163,1.64618,4.6905,5.61458,0.16577,2.91456
2026-02-19 02:00:00,3.54839,0,0.55777,0.73833,0.55106,0.04601,0.35204,0.60907,2.57246,0.12754,0.30838,1.75707,0.2609,1.36415,1.99463,0.03896,0.0095,0.08412,0.09142,0.27975,0.19393,1.67419,0.50148,0.2202,0.32919,3.02434,4.28808,4.76119,0.07413,0.11605,0.25503,2.40613,0.44905,0.93465,0.04595,5.68952,0.41467,1.36415,4.76119,0.44905,0.93465,1.99463,1.87349,1.67419,4.75968,5.68952,0.16482,2.91393
2026-02-19 03:00:00,3.462,0,0.52584,0.70208,0.51506,0.05801,0.31604,0.59407,2.47887,0.12733,0.30721,1.75634,0.23403,1.41916,2.02522,0.03691,0.00913,0.07768,0.08216,0.23373,0.18195,1.70619,0.51341,0.22022,0.37142,3.04734,4.27189,4.84013,0.07346,0.13144,0.26603,2.33832,0.44105,0.92823,0.04402,5.7541,0.38748,1.41916,4.84013,0.44105,0.92823,2.02522,1.92598,1.70619,4.83204,5.7541,0.16411,2.91338
2026-02-19 04:00:00,3.3756,0,0.48599,0.66682,0.50106,0.04601,0.31103,0.60107,2.36465,0.12714,0.30627,1.75812,0.21219,1.47516,2.06037,0.03624,0.00875,0.07142,0.07339,0.21604,0.16765,1.73919,0.45642,0.21056,0.31809,3.08534,4.2557,4.91979,0.07207,0.15236,0.27303,2.27079,0.43805,0.9091,0.04214,5.81898,0.36028,1.47516,4.91979,0.43805,0.9091,2.06037,1.96941,1.73919,4.9071,5.81898,0.16368,2.91291
2026-02-19 05:00:00,3.28921,0,0.45409,0.62257,0.48605,0.04601,0.30603,0.59007,2.21772,0.12695,0.30544,1.75641,0.19576,1.53617,2.10905,0.03492,0.00838,0.06648,0.06511,0.2196,0.16765,1.7732,0.42783,0.21058,0.07267,3.08034,4.23952,4.97537,0.07247,0.18989,0.27503,2.2031,0.46005,0.88704,0.0403,5.90597,0.33308,1.53617,4.97537,0.46005,0.88704,2.10905,2.00837,1.7732,4.98422,5.90597,0.16309,2.91249
2026-02-19 06:00:00,3.20281,0,0.43817,0.5964,0.46205,0.04501,0.29303,0.59107,2.05781,0.12676,0.30468,1.74983,0.18502,1.59518,2.14918,0.03173,0.008,0.0619,0.05884,0.25147,0.15411,1.8062,0.50898,0.22024,-0.08866,3.04334,4.22333,5.02662,0.0711,0.2182,0.27303,2.135,0.50706,0.85905,0.03829,5.98253,0.30588,1.59518,5.02662,0.50706,0.85905,2.14918,2.03781,1.8062,5.0629,5.98253,0.1621,2.91211
2026-02-19 07:00:00,3.12991,0,0.42231,0.57923,0.44905,0.05701,0.28303,0.57106,1.88758,0.12658,0.30397,1.74258,0.1753,1.62818,2.19408,0.03173,0.00799,0.05835,0.05435,0.26919,0.14633,1.84421,0.45207,0.23025,-0.03156,2.97733,4.2111,5.06563,0.07073,0.20834,0.27503,2.10766,0.55506,0.83435,0.0363,6.05951,0.30047,1.62818,5.06563,0.55506,0.83435,2.19408,2.07735,1.84421,5.14297,6.05951,0.16095,2.91178
2026-02-19 08:00:00,3.05702,0,0.40635,0.55198,0.44405,0.033,0.26803,0.55006,1.73138,0.12616,0.30314,1.73527,0.16968,1.69119,2.24385,0.03049,0.00798,0.05415,0.05004,0.21254,0.1438,1.87721,0.47001,0.22057,0.19853,2.89932,4.19886,5.09829,0.07214,0.23109,0.28503,2.08057,0.60407,0.80319,0.03533,6.15908,0.29506,1.69119,5.09829,0.60407,0.80319,2.24385,2.10223,1.87721,5.22392,6.15908,0.16004,2.91147
2026-02-19 09:00:00,2.98412,0,0.37448,0.53489,0.40304,0.044,0.26903,0.53806,1.61195,0.12569,0.30229,1.72802,0.16206,1.72919,2.28486,0.03049,0.00797,0.05027,0.04456,0.17357,0.13882,1.91421,0.4887,0.21127,0.19712,2.79031,4.18663,5.10483,0.07142,0.20092,0.29503,2.05371,0.65807,0.76726,0.03437,6.22584,0.28966,1.72919,5.10483,0.65807,0.76726,2.28486,2.1373,1.91421,5.30513,6.22584,0.15936,2.9112
2026-02-19 10:00:00,2.91122,0,0.37418,0.51942,0.41505,0.044,0.26203,0.51306,1.51395,0.12507,0.30136,1.72082,0.15627,1.7562,2.34456,0.02928,0.00796,0.04704,0.04194,0.24105,0.13154,1.94222,0.42767,0.20617,0.19572,2.64429,4.1744,5.13104,0.07141,0.16657,0.30503,2.02711,0.74508,0.73493,0.03342,6.33779,0.28425,1.7562,5.13104,0.74508,0.73493,2.34456,2.16754,1.94222,5.38616,6.33779,0.15895,2.91095
2026-02-19 11:00:00,2.83833,0,0.37411,0.49348,0.38604,0.032,0.25703,0.50606,1.44064,0.12452,0.30048,1.71362,0.15438,1.7872,2.39086,0.02869,0.00795,0.04605,0.0394,0.30854,0.13154,1.97022,0.36665,0.20107,0.19432,2.49428,4.16216,5.11793,0.07248,0.13223,0.30703,2.00037,0.8611,0.7008,0.03249,6.45057,0.27884,1.7872,5.11793,0.8611,0.7008,2.39086,2.20308,1.97022,5.46639,6.45057,0.15839,2.91073
2026-02-19 12:00:00,2.76543,0,0.37475,0.47706,0.38504,0.043,0.25603,0.52106,1.36963,0.12399,0.29962,1.70635,0.15251,1.7832,2.43747,0.02694,0.00794,0.04458,0.03816,0.37602,0.12684,2.00322,0.30564,0.19597,0.19291,2.32826,4.14993,5.09175,0.07041,0.09688,0.31804,1.97324,0.99311,0.67265,0.03249,6.5642,0.27343,1.7832,5.09175,0.99311,0.67265,2.43747,2.24399,2.00322,5.54511,6.5642,0.15745,2.79237
2026-02-19 13:00:00,2.73497,0,0.35626,0.47009,0.35604,0.042,0.25703,0.51596,1.30884,0.12344,0.29868,1.79295,0.15251,1.8062,2.4797,0.02694,0.0193,0.04215,0.03694,0.41608,0.12684,2.04123,0.30489,0.19088,0.19183,2.18824,4.12749,5.09829,0.06641,0.09676,0.31003,1.99461,1.08712,0.65767,0.03437,6.6557,0.32698,1.8062,5.09829,1.08712,0.65767,2.4797,2.28523,2.04123,5.62209,6.6557,0.15635,2.66679
2026-02-19 14:00:00,2.70451,0,0.33941,0.45343,0.37504,0.06659,0.26363,0.51233,1.27576,0.12285,0.29761,1.87953,0.16724,1.7982,2.52751,0.03983,0.03067,0.04057,0.03574,0.45613,0.15149,2.07523,0.30417,0.18578,0.19075,2.00322,4.10507,5.05261,0.06243,0.09764,0.30503,2.01624,1.1297,0.64757,0.03533,6.72289,0.38053,1.7982,5.05261,1.1297,0.64757,2.52751,2.31602,2.07523,5.69662,6.72289,0.15549,2.66623
2026-02-19 15:00:00,2.67406,0,0.32428,0.44997,0.40588,0.12605,0.33313,0.5118,1.25203,0.1223,0.29651,1.96614,0.20055,1.78344,2.57146,0.05272,0.04203,0.03975,0.03729,0.49619,0.22065,2.11211,0.30345,0.18069,0.18968,1.76002,4.08264,4.9769,0.05844,0.09278,0.30499,2.03808,1.16339,0.63936,0.04296,6.7875,0.43409,1.78344,4.9769,1.16339,0.63936,2.57146,2.34802,2.11211,5.76779,6.7875,0.15485,2.66561
2026-02-19 16:00:00,2.6436,0,0.3111,0.44644,0.46342,0.26693,1.13887,0.51591,1.24663,0.12167,0.29545,2.05272,0.30982,1.76378,2.61052,0.06561,0.05339,0.03863,0.03891,0.53625,0.3026,2.14932,0.30274,0.17559,0.1886,1.52198,4.06021,4.87863,0.05444,0.08823,0.30512,2.06015,1.1941,0.63447,0.0537,6.84895,0.48764,1.76378,4.87863,1.1941,0.63447,2.61052,2.38072,2.14932,5.83612,6.84895,0.15445,2.66493
2026-02-19 17:00:00,2.61314,0,0.30043,0.44266,0.60333,0.3613,1.36725,0.52657,1.27145,0.12126,0.29408,2.13922,0.52388,1.74051,2.64439,0.0785,0.06476,0.0382,0.03923,0.5763,0.36661,2.18543,0.30204,0.1705,0.18752,1.29664,4.03779,4.75612,0.05046,0.0839,0.30508,2.08211,1.28864,0.63354,0.07443,6.90695,0.54119,1.74051,4.75612,1.28864,0.63354,2.64439,2.41376,2.18543,5.90083,6.90695,0.15392,2.66419
2026-02-19 18:00:00,2.58268,0,0.29466,0.43926,1.24289,0.39754,1.5035,0.55636,1.32731,0.12063,0.29299,2.22564,0.68122,1.71445,2.67324,0.0914,0.07612,0.03721,0.0401,0.61636,0.43211,2.22053,0.30134,0.16541,0.18644,1.08244,4.01536,4.61755,0.04646,0.07963,0.30448,2.10367,1.48062,0.63636,0.10892,6.96147,0.59474,1.71445,4.61755,1.48062,0.63636,2.67324,2.44716,2.22053,5.96017,6.96147,0.15301,2.66336
2026-02-19 19:00:00,2.61491,0,0.33768,0.44696,1.42289,0.40499,1.57954,0.64142,1.38688,0.12,0.2919,2.29421,0.76121,1.68653,2.69743,0.09568,0.08407,0.03664,0.0434,0.63913,0.51464,2.25507,0.30066,0.16032,0.1856,0.99123,3.99508,4.46369,0.04247,0.07517,0.30383,2.15262,1.68648,0.64339,0.13414,7.01233,0.60137,1.68653,4.46369,1.68648,0.64339,2.69743,2.4807,2.25507,6.01309,7.01233,0.15196,2.66243
2026-02-19 20:00:00,2.64715,0,0.42773,0.48714,1.56197,0.40226,1.57757,0.8855,1.42105,0.11959,0.2905,2.36267,0.81224,1.65735,2.71746,0.09996,0.09202,0.06126,0.05291,0.66189,0.64367,2.28935,0.29997,0.15524,0.18476,0.92473,3.9748,4.3115,0.03849,0.07088,0.3033,2.20181,1.86639,0.65599,0.1461,7.05918,0.608,1.65735,4.3115,1.86639,0.65599,2.71746,2.51291,2.28935,6.05888,7.05918,0.15113,2.66139
2026-02-19 21:00:00,2.67938,0.00875,0.51749,0.56498,1.65146,0.38124,1.49122,1.11954,1.46074,0.11897,0.2894,2.43109,0.8247,1.6277,2.73391,0.10424,0.09997,0.12068,0.07669,0.68466,0.70451,2.32349,0.2993,0.15016,0.18392,0.86474,3.95453,4.17805,0.03451,0.0667,0.30276,2.25119,2.03706,0.67577,0.15412,7.10159,0.61464,1.6277,4.17805,2.03706,0.67577,2.73391,2.53743,2.32349,6.09706,7.10159,0.15051,2.6602
2026-02-19 22:00:00,2.71161,0.01778,0.60304,0.69664,1.68853,0.31623,1.20695,1.37661,1.58152,0.11858,0.28831,2.49962,0.70596,1.59761,2.74743,0.10851,0.10793,0.16232,0.09573,0.70743,0.7291,2.35748,0.29862,0.14506,0.18308,0.81063,3.93425,4.06286,0.03052,0.06259,0.30252,2.30082,2.11328,0.7036,0.15981,7.13917,0.62127,1.59761,4.06286,2.11328,0.7036,2.74743,2.56503,2.35748,6.1274,7.13917,0.15014,2.65885
2026-02-19 23:00:00,2.74385,0.02794,0.74033,0.92642,1.65393,0.27333,1.07935,1.56967,1.74799,0.11819,0.28722,2.56805,0.55561,1.56688,2.75861,0.11279,0.11588,0.18126,0.11014,0.73019,0.7311,2.39051,0.29795,0.13998,0.18224,0.76169,3.91397,3.96365,0.03036,0.05937,0.30195,2.35032,2.06662,0.73819,0.16415,7.17161,0.6279,1.56688,3.96365,2.06662,0.73819,2.75861,2.59342,2.39051,6.14999,7.17161,0.14962,2.65729
2026-02-20 00:00:00,2.77608,0.04713,0.84079,1.10632,1.55356,0.2581,1.00016,1.62301,1.86343,0.11803,0.28643,2.63646,0.45693,1.53607,2.76798,0.11707,0.12383,0.19433,0.11994,0.75296,0.71256,2.42195,0.29731,0.13489,0.1814,0.71728,3.89369,3.8846,0.03019,0.05766,0.30104,2.39945,1.97901,0.77617,0.16766,7.19872,0.63453,1.53607,3.8846,1.97901,0.77617,2.76798,2.6213,2.42195,6.16583,7.19872,0.14875,2.65547
2026-02-20 01:00:00,2.79791,0.06879,0.91524,1.23836,1.43607,0.25057,0.93072,1.58948,1.92084,0.11788,0.28535,2.59511,0.39789,1.50564,2.77596,0.10526,0.10774,0.2072,0.12569,0.73795,0.68339,2.45236,0.29666,0.12982,0.18073,0.67708,3.85695,3.8194,0.03003,0.05668,0.29999,2.41204,1.88165,0.81578,0.17015,7.22055,0.6217,1.50564,3.8194,1.88165,0.81578,2.77596,2.64799,2.45236,6.17626,7.22055,0.14774,2.65332
2026-02-20 02:00:00,2.81974,0.08895,0.96734,1.32652,1.34036,0.2419,0.86165,1.5093,1.94604,0.11771,0.2846,2.55378,0.36625,1.47737,2.78301,0.09345,0.09165,0.22006,0.13091,0.72293,0.65837,2.48227,0.29601,0.12474,0.18006,0.64097,3.82022,3.76437,0.02987,0.05599,0.29912,2.42485,1.7751,0.83761,0.16939,7.23752,0.60887,1.47737,3.76437,1.7751,0.83761,2.78301,2.67934,2.48227,6.18256,7.23752,0.14695,2.65074
2026-02-20 03:00:00,2.84157,0.10506,1.03979,1.37222,1.25475,0.22397,0.78011,1.36236,1.94796,0.11756,0.28357,2.51258,0.33678,1.45304,2.78968,0.08163,0.07555,0.23293,0.14039,0.70792,0.64093,2.51169,0.29537,0.11966,0.17939,0.60859,3.78348,3.71774,0.02972,0.05547,0.29843,2.43786,1.67623,0.8627,0.16673,7.25034,0.59605,1.45304,3.71774,1.67623,0.8627,2.78968,2.72803,2.51169,6.18585,7.25034,0.14635,2.64758
2026-02-20 04:00:00,2.86339,0.11671,1.00417,1.42561,1.163,0.18507,0.61459,1.18896,1.93442,0.1174,0.28275,2.47141,0.30224,1.43283,2.79658,0.06981,0.05946,0.23195,0.1475,0.6929,0.62758,2.54095,0.29474,0.11458,0.17871,0.57952,3.74674,3.67622,0.02956,0.05509,0.29797,2.45111,1.58634,0.89595,0.16041,7.25988,0.58322,1.43283,3.67622,1.58634,0.89595,2.79658,2.79716,2.54095,6.18708,7.25988,0.14599,2.64364
2026-02-20 05:00:00,2.88522,0.12364,0.97296,1.49498,1.05992,0.15959,0.55996,1.02897,1.9171,0.11724,0.28203,2.43026,0.26661,1.41655,2.80434,0.058,0.04337,0.20689,0.15261,0.67789,0.61177,2.57209,0.29411,0.10951,0.17804,0.55343,3.71001,3.63975,0.0294,0.05474,0.29736,2.46422,1.52019,0.94034,0.14906,7.26706,0.57039,1.41655,3.63975,1.52019,0.94034,2.80434,2.87667,2.57209,6.18687,7.26706,0.1455,2.63857
2026-02-20 06:00:00,2.90705,0.12582,0.93124,1.55266,0.96158,0.15088,0.53919,0.94415,1.90487,0.11708,0.28137,2.38913,0.23907,1.40398,2.81348,0.04619,0.02728,0.18237,0.15474,0.66287,0.58614,2.60889,0.29349,0.10442,0.17737,0.52982,3.67327,3.6089,0.02924,0.05443,0.2964,2.47699,1.47692,0.99471,0.13718,7.27262,0.55756,1.40398,3.6089,1.47692,0.99471,2.81348,2.95622,2.60889,6.18564,7.27262,0.14467,2.63181
2026-02-20 07:00:00,2.89288,0.12463,0.87853,1.59115,0.91875,0.14726,0.50651,0.87553,1.90536,0.11692,0.28075,2.31616,0.2184,1.39499,2.82439,0.04601,0.02499,0.15821,0.15213,0.63424,0.55151,2.65436,0.29287,0.09935,0.17682,0.50839,3.62862,3.58315,0.02909,0.05414,0.2953,2.44914,1.44126,1.05853,0.12906,7.27704,0.5414,1.39499,3.58315,1.44126,1.05853,2.82439,3.02977,2.65436,6.18369,7.27704,0.1437,2.62235
2026-02-20 08:00:00,2.87871,0.12207,0.82533,1.59537,0.87207,0.14337,0.47408,0.79571,1.9155,0.11655,0.28003,2.24331,0.20184,1.38967,2.83737,0.04584,0.0227,0.13445,0.14134,0.6056,0.51132,2.7087,0.29225,0.09427,0.17627,0.48886,3.58396,3.56196,0.02893,0.05387,0.2944,2.42149,1.40745,1.12792,0.12321,7.28072,0.52524,1.38967,3.56196,1.40745,1.12792,2.83737,3.09418,2.7087,6.18123,7.28072,0.14293,2.60815
2026-02-20 09:00:00,2.86454,0.11893,0.77619,1.56158,0.81851,0.13512,0.4424,0.69602,1.92518,0.11613,0.27931,2.17055,0.18828,1.3885,2.85266,0.04565,0.02041,0.11557,0.1133,0.57697,0.47587,2.76959,0.29164,0.08921,0.17572,0.49635,3.53931,3.54488,0.02878,0.05362,0.2937,2.39405,1.37335,1.19708,0.11758,7.28413,0.50908,1.3885,3.54488,1.37335,1.19708,2.85266,3.1486,2.76959,6.17865,7.28413,0.14236,2.58449
2026-02-20 10:00:00,2.85037,0.11489,0.73106,1.48733,0.7675,0.11706,0.40831,0.59715,1.92506,0.11558,0.2785,2.09783,0.17668,1.39328,2.87047,0.04547,0.01811,0.09837,0.09073,0.54834,0.44887,2.83371,0.29103,0.08899,0.17516,0.60049,3.49466,3.53385,0.02863,0.05335,0.29321,2.36683,1.33892,1.26063,0.11015,7.2879,0.49291,1.39328,3.53385,1.33892,1.26063,2.87047,3.19383,2.83371,6.17657,7.2879,0.14202,2.53716
2026-02-20 11:00:00,2.8362,0.109,0.68724,1.34159,0.73595,0.10549,0.36241,0.56354,1.91054,0.11508,0.27774,2.02512,0.16645,1.4071,2.89118,0.0453,0.01582,0.08581,0.07391,0.5197,0.42741,2.89782,0.29043,0.08877,0.17461,0.77105,3.45,3.53951,0.02847,0.05309,0.2926,2.33948,1.30998,1.31711,0.09753,7.29276,0.47675,1.4071,3.53951,1.30998,1.31711,2.89118,3.23141,2.89782,6.1756,7.29276,0.14155,2.3952
2026-02-20 12:00:00,2.82203,0.10045,0.64085,1.22843,0.70717,0.10064,0.33715,0.52598,1.8739,0.11462,0.27699,1.95236,0.15635,1.43212,2.91542,0.04417,0.01353,0.07643,0.06254,0.49107,0.40626,2.95931,0.28983,0.08855,0.17406,0.92795,3.40535,3.57422,0.02832,0.05284,0.29166,2.3118,1.28847,1.36617,0.08593,7.29949,0.46059,1.43212,3.57422,1.28847,1.36617,2.91542,3.26258,2.95931,6.17629,7.29949,0.14075,2.28795
2026-02-20 13:00:00,2.79459,0.08935,0.5958,1.14468,0.67123,0.09816,0.31384,0.48988,1.82909,0.11412,0.27616,1.88894,0.14729,1.46731,2.94398,0.04385,0.01322,0.0725,0.0568,0.4681,0.37419,3.01643,0.2893,0.08834,0.1736,1.07947,3.36175,3.61658,0.02817,0.05257,0.29058,2.26626,1.26944,1.4068,0.07491,7.30888,0.44304,1.46731,3.61658,1.26944,1.4068,2.94398,3.28794,3.01643,6.17922,7.30888,0.13982,2.17499
2026-02-20 14:00:00,2.76715,0.07731,0.56853,1.08404,0.6309,0.09548,0.29187,0.45888,1.77832,0.11357,0.27524,1.8255,0.13902,1.50869,2.97749,0.04353,0.0129,0.07075,0.05397,0.44512,0.33968,3.06827,0.28872,0.08813,0.17314,1.21337,3.31814,3.68022,0.02803,0.0523,0.28971,2.22093,1.25124,1.43877,0.06688,7.32155,0.42549,1.50869,3.68022,1.25124,1.43877,2.97749,3.30762,3.06827,6.18521,7.32155,0.13909,2.15661
2026-02-20 15:00:00,2.73971,0.06607,0.53843,1.04185,0.58869,0.09047,0.27206,0.43005,1.72247,0.11308,0.27427,1.76208,0.13139,1.55162,3.01612,0.04321,0.01259,0.069,0.05119,0.42215,0.31157,3.1145,0.28813,0.08792,0.17268,1.30807,3.27454,3.75891,0.02788,0.05207,0.28903,2.17579,1.29998,1.46373,0.06107,7.33796,0.40794,1.55162,3.75891,1.29998,1.46373,3.01612,3.32216,3.1145,6.19509,7.33796,0.13855,2.15048
2026-02-20 16:00:00,2.71226,0.05633,0.5081,0.98505,0.54698,0.08021,0.25396,0.39976,1.66236,0.11249,0.27334,1.69865,0.12432,1.59233,3.05947,0.04288,0.01227,0.06726,0.04955,0.39917,0.294,3.15506,0.28755,0.0877,0.17221,1.37008,3.23093,3.84436,0.02773,0.05182,0.28855,2.13085,1.37104,1.48367,0.0563,7.35845,0.39039,1.59233,3.84436,1.37104,1.48367,3.05947,3.33305,3.15506,6.20939,7.35845,0.13822,2.14742
2026-02-20 17:00:00,2.68482,0.04783,0.47883,0.90057,0.50791,0.07337,0.23597,0.36819,1.59652,0.11214,0.2721,1.63513,0.11776,1.62872,3.10663,0.04256,0.01196,0.06525,0.04787,0.3762,0.2824,3.18999,0.28697,0.08749,0.17175,1.4072,3.18732,3.92845,0.02759,0.05157,0.28796,2.0858,1.38555,1.49991,0.05083,7.38331,0.37284,1.62872,3.92845,1.38555,1.49991,3.10663,3.34207,3.18999,6.22861,7.38331,0.13777,2.14558
2026-02-20 18:00:00,2.65738,0.03974,0.45151,0.83211,0.47897,0.07081,0.2165,0.34481,1.52133,0.11156,0.27114,1.57155,0.11164,1.66006,3.15645,0.04224,0.01164,0.06282,0.04737,0.35322,0.26939,3.2195,0.28639,0.08728,0.17129,1.4274,3.14372,4.00596,0.02744,0.0513,0.28705,2.04042,1.38389,1.51303,0.04486,7.41281,0.35529,1.66006,4.00596,1.38389,1.51303,3.15645,3.35067,3.2195,6.25308,7.41281,0.137,2.14436
2026-02-20 19:00:00,2.62313,0.03113,0.42673,0.77835,0.45372,0.06929,0.19769,0.33178,1.43736,0.11097,0.27016,1.58627,0.10592,1.68633,3.20766,0.04194,0.01162,0.06094,0.04731,0.33382,0.25233,3.24409,0.28582,0.08707,0.17089,1.43776,3.12933,4.074,0.0273,0.05106,0.28603,2.01059,1.37685,1.52172,0.04022,7.44693,0.34306,1.68633,4.074,1.37685,1.52172,3.20766,3.35995,3.24409,6.28267,7.44693,0.13612,2.14348
2026-02-20 20:00:00,2.58887,0.02401,0.40461,0.73666,0.42995,0.06744,0.18216,0.31774,1.35188,0.11061,0.26889,1.60087,0.10057,1.70777,3.25915,0.04165,0.01161,0.05906,0.0471,0.31443,0.23266,3.26458,0.28525,0.08687,0.17049,1.44196,3.11494,4.13195,0.02716,0.05083,0.28519,1.98093,1.36801,1.52481,0.03709,7.48543,0.33083,1.70777,4.13195,1.36801,1.52481,3.25915,3.37065,3.26458,6.31684,7.48543,0.13542,2.14282
2026-02-20 21:00:00,2.55462,0.01851,0.38503,0.70581,0.40771,0.06372,0.16962,0.30392,1.27323,0.11004,0.2679,1.61545,0.09556,1.72471,3.30997,0.04135,0.01159,0.05718,0.04656,0.29504,0.21461,3.28195,0.28468,0.08666,0.1701,1.43437,3.10056,4.18022,0.02702,0.05058,0.28452,1.95147,1.35857,1.52313,0.03487,7.52797,0.3186,1.72471,4.18022,1.35857,1.52313,3.30997,3.38313,3.28195,6.35481,7.52797,0.1349,2.14231
2026-02-20 22:00:00,2.52036,0.01345,0.36797,0.67074,0.38745,0.05573,0.15909,0.29032,1.20509,0.10967,0.26692,1.63013,0.09087,1.73742,3.35934,0.04105,0.01157,0.0562,0.04613,0.27564,0.19923,3.29725,0.28412,0.08645,0.1697,1.4095,3.08618,4.22131,0.02688,0.05035,0.28406,1.9222,1.34894,1.51763,0.03298,7.57408,0.30637,1.73742,4.22131,1.34894,1.51763,3.35934,3.39734,3.29725,6.39574,7.57408,0.13458,2.14191
2026-02-20 23:00:00,2.48611,0.00886,0.35316,0.62592,0.3694,0.0504,0.15009,0.27683,1.14654,0.10933,0.26594,1.64469,0.08648,1.74609,3.40662,0.04076,0.01156,0.0556,0.04579,0.25625,0.18603,3.31143,0.28356,0.08625,0.1693,1.36941,3.07179,4.25202,0.02674,0.0501,0.28348,1.89281,1.34025,1.50907,0.03059,7.62321,0.29414,1.74609,4.25202,1.34025,1.50907,3.40662,3.41357,3.31143,6.43883,7.62321,0.13415,2.14157
2026-02-21 00:00:00,2.45185,0.00452,0.34009,0.58958,0.35347,0.04841,0.14033,0.26361,1.09384,0.1092,0.26523,1.65924,0.08236,1.75095,3.45134,0.04046,0.01154,0.055,0.04555,0.23685,0.17387,3.32527,0.283,0.08604,0.1689,1.31654,3.05741,4.26937,0.0266,0.04988,0.28261,1.86313,1.3329,1.49795,0.02786,7.67469,0.28191,1.75095,4.26937,1.3329,1.49795,3.45134,3.43128,3.32527,6.48334,7.67469,0.13342,2.14129
2026-02-21 01:00:00,2.43477,0.00012,0.32832,0.56066,0.33927,0.04738,0.13043,0.25128,1.04376,0.10909,0.26426,1.68751,0.0785,1.75251,3.49316,0.04018,0.01152,0.05441,0.04537,0.22417,0.1612,3.33939,0.28245,0.08584,0.16855,1.25013,3.04512,4.27332,0.02646,0.04963,0.28161,1.86343,1.32599,1.48699,0.02571,7.72779,0.27348,1.75251,4.27332,1.32599,1.48699,3.49316,3.45036,3.33939,6.52868,7.72779,0.13256,2.14106
2026-02-21 02:00:00,2.41768,0,0.31748,0.53707,0.32618,0.04627,0.12228,0.24045,0.99536,0.10899,0.26357,1.71583,0.07488,1.75157,3.53188,0.0399,0.0115,0.05384,0.04512,0.21149,0.14845,3.35422,0.28191,0.08564,0.1682,1.17138,3.03282,4.26386,0.02633,0.04939,0.2808,1.86393,1.31923,1.47938,0.02424,7.78175,0.26506,1.75157,4.26386,1.31923,1.47938,3.53188,3.47079,3.35422,6.57419,7.78175,0.13189,2.14086
2026-02-21 03:00:00,2.4006,0,0.30734,0.52046,0.31403,0.0442,0.11581,0.23096,0.9487,0.10888,0.26263,1.74424,0.0715,1.7488,3.56743,0.03962,0.01149,0.05325,0.04456,0.19881,0.13732,3.37002,0.28136,0.08544,0.16785,1.08449,3.02053,4.24109,0.0262,0.04917,0.28014,1.8646,1.31252,1.47391,0.02319,7.83582,0.25664,1.7488,4.24109,1.31252,1.47391,3.56743,3.49257,3.37002,6.61914,7.83582,0.13138,2.14068
2026-02-21 04:00:00,2.38351,0,0.29788,0.49961,0.30307,0.03994,0.11049,0.22214,0.90325,0.10878,0.26188,1.77269,0.06832,1.74452,3.59995,0.03933,0.01147,0.05275,0.04413,0.18613,0.12809,3.38691,0.28082,0.08524,0.1675,0.9981,3.00823,4.20566,0.02606,0.04894,0.27968,1.86545,1.30582,1.46822,0.02229,7.88929,0.24821,1.74452,4.20566,1.30582,1.46822,3.59995,3.51568,3.38691,6.66285,7.88929,0.13107,2.14053
2026-02-21 05:00:00,2.36643,0,0.28906,0.47016,0.29341,0.0371,0.1058,0.21343,0.85742,0.10868,0.26121,1.80115,0.06534,1.73895,3.62962,0.03905,0.01145,0.05246,0.04379,0.17345,0.12032,3.40495,0.28029,0.08504,0.16715,0.93456,2.99594,4.16282,0.02592,0.04871,0.27912,1.8662,1.30006,1.46169,0.02114,7.94145,0.23979,1.73895,4.16282,1.30006,1.46169,3.62962,3.53986,3.40495,6.70464,7.94145,0.13066,2.14039
2026-02-21 06:00:00,2.34934,0,0.28073,0.44657,0.28499,0.03603,0.10067,0.20467,0.80879,0.10858,0.26065,1.82962,0.06255,1.73224,3.65662,0.03877,0.01143,0.05216,0.04356,0.16077,0.11326,3.4242,0.27975,0.08484,0.1668,0.87557,2.98364,4.11483,0.02579,0.04848,0.27827,1.86665,1.29555,1.45419,0.01982,7.9917,0.23136,1.73224,4.11483,1.29555,1.45419,3.65662,3.56467,3.4242,6.74398,7.9917,0.12994,2.14027
2026-02-21 07:00:00,2.33322,0,0.2728,0.4281,0.27761,0.03544,0.09679,0.19624,0.75642,0.1085,0.26013,1.78934,0.05993,1.72453,3.68118,0.0385,0.01141,0.05186,0.04339,0.15437,0.10593,3.44466,0.27922,0.08465,0.16648,0.8218,2.96805,4.06432,0.02566,0.04823,0.27731,1.85768,1.29145,1.44625,0.01878,8.03954,0.22549,1.72453,4.06432,1.29145,1.44625,3.68118,3.58958,3.44466,6.78038,8.03954,0.12912,2.14016
2026-02-21 08:00:00,2.31709,0,0.26516,0.41324,0.27095,0.03476,0.09341,0.18873,0.70257,0.10815,0.2595,1.74916,0.05747,1.71591,3.70347,0.03823,0.01139,0.05158,0.04314,0.14796,0.09854,3.46631,0.2787,0.08445,0.16617,0.77301,2.95246,4.01267,0.02553,0.04802,0.2765,1.84889,1.28748,1.43836,0.01807,8.08457,0.21961,1.71591,4.01267,1.28748,1.43836,3.70347,3.61411,3.46631,6.81355,8.08457,0.12846,2.14007
2026-02-21 09:00:00,2.30097,0,0.25778,0.40253,0.26487,0.03343,0.09041,0.18224,0.65089,0.10778,0.25886,1.70907,0.05516,1.70647,3.72369,0.03796,0.01137,0.05129,0.04259,0.14156,0.09208,3.48897,0.27817,0.08426,0.16585,0.72853,2.93687,3.96109,0.02541,0.04782,0.27588,1.84027,1.28356,1.43048,0.01756,8.12642,0.21374,1.70647,3.96109,1.28356,1.43048,3.72369,3.63792,3.48897,6.84342,8.12642,0.12798,2.13998
2026-02-21 10:00:00,2.28484,0,0.25077,0.38858,0.25942,0.03061,0.08773,0.17628,0.60023,0.10726,0.25817,1.66907,0.053,1.69633,3.74198,0.03769,0.01135,0.051,0.04216,0.13515,0.08672,3.51243,0.27765,0.08406,0.16553,0.68779,2.92128,3.91043,0.02528,0.04757,0.27543,1.83182,1.21299,1.42263,0.01711,8.1648,0.20787,1.69633,3.91043,1.21299,1.42263,3.74198,3.66082,3.51243,6.87005,8.1648,0.12768,2.1399
2026-02-21 11:00:00,2.26872,0,0.24421,0.36827,0.2546,0.02874,0.08524,0.17036,0.54631,0.1068,0.2575,1.62906,0.05097,1.68562,3.75852,0.03742,0.01133,0.0507,0.04182,0.12875,0.0822,3.53636,0.27713,0.08387,0.16522,0.65028,2.90569,3.86128,0.02515,0.04737,0.2749,1.82329,1.12065,1.4148,0.01654,8.19949,0.20199,1.68562,3.86128,1.12065,1.4148,3.75852,3.6827,3.53636,6.89359,8.19949,0.12728,2.13983
2026-02-21 12:00:00,2.25259,0,0.23814,0.35199,0.25031,0.02803,0.08259,0.1643,0.48826,0.10637,0.25686,1.58899,0.04907,1.67441,3.77343,0.03715,0.01131,0.05042,0.04159,0.12234,0.07808,3.56046,0.27662,0.08367,0.1649,0.61562,2.8901,3.81403,0.02502,0.04714,0.27408,1.81446,1.08818,1.40698,0.01589,8.23038,0.19612,1.67441,3.81403,1.08818,1.40698,3.77343,3.70354,3.56046,6.91426,8.23038,0.1266,2.10784
2026-02-21 13:00:00,2.23385,0,0.23252,0.33904,0.24638,0.02764,0.07985,0.15835,0.429,0.1059,0.25616,1.55776,0.04729,1.6629,3.78685,0.03689,0.01129,0.05014,0.04143,0.11941,0.07379,3.58443,0.27612,0.08348,0.16461,0.58346,2.87212,3.76894,0.02489,0.0469,0.27315,1.79959,1.07567,1.39936,0.01538,8.25743,0.19201,1.6629,3.76894,1.07567,1.39936,3.78685,3.7233,3.58443,6.93228,8.25743,0.12582,2.07302
2026-02-21 14:00:00,2.21512,0,0.22728,0.32801,0.24269,0.02719,0.07744,0.15297,0.37523,0.10537,0.25534,1.52652,0.04561,1.65136,3.79893,0.03664,0.01127,0.04986,0.0412,0.11647,0.06945,3.60803,0.27562,0.08329,0.16432,0.55347,2.85414,3.72606,0.02477,0.0467,0.27238,1.78488,1.00315,1.39205,0.01503,8.28069,0.18789,1.65136,3.72606,1.00315,1.39205,3.79893,3.74192,3.60803,6.94792,8.28069,0.1252,2.06857
2026-02-21 15:00:00,2.19638,0,0.22238,0.31893,0.23918,0.0263,0.07538,0.14832,0.33305,0.1049,0.25449,1.49529,0.04404,1.63996,3.80982,0.03638,0.01126,0.04958,0.0407,0.11354,0.06566,3.63108,0.27511,0.0831,0.16403,0.52541,2.83617,3.68542,0.02465,0.04649,0.27177,1.77033,0.91061,1.38504,0.01477,8.30029,0.18378,1.63996,3.68542,0.91061,1.38504,3.80982,3.7562,3.63108,6.96141,8.30029,0.12473,2.06412
2026-02-21 16:00:00,2.17764,0,0.21788,0.30674,0.23595,0.02443,0.0736,0.14405,0.30277,0.10434,0.25364,1.46406,0.04257,1.62869,3.81965,0.03612,0.01124,0.0493,0.04031,0.1106,0.0625,3.65343,0.27461,0.08291,0.16374,0.49906,2.81819,3.64697,0.02452,0.04628,0.27135,1.75594,0.87808,1.37829,0.01455,8.31639,0.17967,1.62869,3.64697,0.87808,1.37829,3.81965,3.768,3.65343,6.97297,8.31639,0.12445,2.05966
2026-02-21 17:00:00,2.15891,0,0.21389,0.2885,0.23303,0.02318,0.07201,0.13975,0.28081,0.10402,0.25251,1.43276,0.04118,1.61755,3.82856,0.03587,0.01122,0.04902,0.04,0.10767,0.05984,3.67483,0.27411,0.08272,0.16345,0.47433,2.80021,3.61068,0.0244,0.04606,0.27083,1.74148,0.86584,1.37184,0.01425,8.32918,0.17555,1.61755,3.61068,0.86584,1.37184,3.82856,3.78043,3.67483,6.98284,8.32918,0.12407,2.05521
2026-02-21 18:00:00,2.14017,0,0.21042,0.27395,0.23035,0.02272,0.07039,0.13527,0.26378,0.10346,0.25163,1.40137,0.03988,1.60653,3.83666,0.03561,0.0112,0.04874,0.03979,0.10473,0.05742,3.69471,0.27361,0.08253,0.16316,0.4513,2.78223,3.57642,0.02427,0.04585,0.27004,1.72673,0.86065,1.36562,0.0139,8.33889,0.17144,1.60653,3.57642,0.86065,1.36562,3.83666,3.79292,3.69471,6.99121,8.33889,0.12342,2.05075
2026-02-21 19:00:00,2.12974,0,0.20743,0.26265,0.22786,0.02246,0.06876,0.13077,0.24993,0.10291,0.25073,1.45743,0.03866,1.59565,3.84402,0.03536,0.01118,0.04846,0.03964,0.10316,0.05488,3.71275,0.27312,0.08235,0.16289,0.42951,2.76664,3.54416,0.02415,0.04562,0.26913,1.7226,0.85781,1.35968,0.01362,8.34576,0.16847,1.59565,3.54416,0.85781,1.35968,3.84402,3.80511,3.71275,6.99827,8.34576,0.12266,2.0463
2026-02-21 20:00:00,2.11931,0,0.20476,0.25375,0.22545,0.02215,0.06735,0.12663,0.23917,0.10259,0.24953,1.51336,0.03751,1.58503,3.85072,0.03512,0.01116,0.04819,0.03942,0.10159,0.05232,3.72934,0.27262,0.08216,0.16262,0.40844,2.75105,3.51378,0.02404,0.04541,0.26838,1.71864,0.85575,1.35197,0.01343,8.35003,0.1655,1.58503,3.51378,0.85575,1.35197,3.85072,3.81682,3.72934,7.00416,8.35003,0.12206,2.04185
2026-02-21 21:00:00,2.10889,0,0.20231,0.24732,0.22311,0.02156,0.06615,0.12299,0.2311,0.10204,0.2486,1.56926,0.03643,1.57474,3.8568,0.03487,0.01115,0.04793,0.03892,0.10002,0.05008,3.74495,0.27213,0.08198,0.16236,0.38798,2.73546,3.4851,0.02392,0.0452,0.2678,1.71483,0.85396,1.33981,0.0133,8.35194,0.16254,1.57474,3.4851,0.85396,1.33981,3.8568,3.82791,3.74495,7.00902,8.35194,0.12162,2.03739
2026-02-21 22:00:00,2.09846,0,0.20009,0.23908,0.22091,0.02031,0.06512,0.11957,0.22443,0.10173,0.24769,1.62525,0.03541,1.56477,3.86232,0.03462,0.01113,0.04766,0.03853,0.09844,0.04821,3.75979,0.27164,0.0818,0.16209,0.36814,2.71987,3.45792,0.0238,0.04499,0.26738,1.71117,0.85225,1.32463,0.01318,8.35172,0.15957,1.56477,3.45792,0.85225,1.32463,3.86232,3.8383,3.75979,7.01294,8.35172,0.12134,2.03294
2026-02-21 23:00:00,2.08803,0,0.19814,0.22722,0.21889,0.01948,0.0642,0.11603,0.21798,0.10142,0.24679,1.68112,0.03445,1.55511,3.8673,0.03438,0.01111,0.04739,0.03823,0.09687,0.04663,3.77397,0.27115,0.08161,0.16182,0.34908,2.70428,3.43363,0.02369,0.04479,0.26687,1.70744,0.85075,1.30909,0.01301,8.3496,0.1566,1.55511,3.43363,0.85075,1.30909,3.8673,3.84793,3.77397,7.016,8.3496,0.12097,2.02848
2026-02-22 00:00:00,2.0776,0,0.19647,0.21768,0.21701,0.01917,0.06326,0.11223,0.21103,0.10135,0.24614,1.73696,0.03355,1.54574,3.87179,0.03413,0.01109,0.04713,0.03802,0.0953,0.04519,3.78751,0.27068,0.08143,0.16155,0.33116,2.68869,3.41182,0.02357,0.04459,0.2661,1.70345,0.8495,1.29194,0.01282,8.34574,0.15363,1.54574,3.41182,0.8495,1.29194,3.87179,3.85681,3.78751,7.01832,8.34574,0.12035,2.02403
2026-02-22 01:00:00,2.07972,0,0.19502,0.21017,0.21521,0.019,0.06232,0.10831,0.20384,0.10128,0.24525,1.76201,0.03271,1.53666,3.87577,0.0339,0.01107,0.04686,0.03787,0.09435,0.04368,3.80039,0.2702,0.08129,0.1613,0.31458,2.68339,3.39058,0.02346,0.04438,0.26523,1.7165,0.84834,1.27078,0.01267,8.34028,0.15146,1.53666,3.39058,0.84834,1.27078,3.87577,3.86495,3.80039,7.01998,8.34028,0.11962,2.0298
2026-02-22 02:00:00,2.08183,0,0.19365,0.20407,0.21343,0.0188,0.06149,0.10472,0.19761,0.10121,0.24461,1.78709,0.03192,1.52793,3.87926,0.03366,0.01105,0.04661,0.03764,0.0934,0.04214,3.81259,0.26973,0.08115,0.16104,0.29902,2.67809,3.37002,0.02334,0.04417,0.26451,1.72968,0.81387,1.24713,0.01257,8.33327,0.14929,1.52793,3.37002,0.81387,1.24713,3.87926,3.87243,3.81259,7.02114,8.33327,0.11904,2.03556
2026-02-22 03:00:00,2.08395,0,0.19229,0.19944,0.21168,0.0184,0.0608,0.10166,0.19278,0.10114,0.24373,1.81229,0.03117,1.51958,3.88224,0.03343,0.01104,0.04636,0.03715,0.09244,0.0408,3.82411,0.26927,0.08101,0.16079,0.2824,2.6728,3.35019,0.02323,0.04402,0.26396,1.74304,0.7683,1.22362,0.01249,8.32475,0.14712,1.51958,3.35019,0.7683,1.22362,3.88224,3.87929,3.82411,7.02189,8.32475,0.11861,2.04133
2026-02-22 04:00:00,2.08607,0,0.19096,0.19354,0.21002,0.01757,0.06019,0.09916,0.18867,0.10108,0.24305,1.83751,0.03047,1.5116,3.88474,0.03319,0.01102,0.0461,0.03676,0.09149,0.03968,3.83493,0.26881,0.08087,0.16054,0.26716,2.66751,3.331,0.02311,0.04381,0.26356,1.75655,0.75236,1.20109,0.01242,8.31474,0.14495,1.5116,3.331,0.75236,1.20109,3.88474,3.88556,3.83493,7.02228,8.31474,0.11835,2.04709
2026-02-22 05:00:00,2.08818,0,0.18973,0.1851,0.20846,0.01701,0.05965,0.097,0.18456,0.10101,0.24244,1.86273,0.02981,1.50396,3.88671,0.03296,0.011,0.04584,0.03646,0.09054,0.03873,3.84504,0.26836,0.08073,0.16028,0.25326,2.66221,3.31234,0.023,0.04361,0.26306,1.76997,0.74642,1.17976,0.01232,8.30327,0.14278,1.50396,3.31234,0.74642,1.17976,3.88671,3.89127,3.84504,7.02234,8.30327,0.118,2.05285
2026-02-22 06:00:00,2.0903,0,0.1886,0.17833,0.207,0.0168,0.05909,0.09465,0.18001,0.10094,0.24194,1.88797,0.02919,1.49666,3.88816,0.03272,0.01098,0.04558,0.03625,0.08959,0.03786,3.85448,0.26792,0.08059,0.16003,0.24068,2.65692,3.29437,0.02288,0.0434,0.26231,1.78313,0.74392,1.15966,0.0122,8.29033,0.14061,1.49666,3.29437,0.74392,1.15966,3.88816,3.89643,3.85448,7.02209,8.29033,0.11739,2.05862
2026-02-22 07:00:00,2.08987,0,0.18753,0.17298,0.20558,0.01669,0.05852,0.0922,0.17526,0.10087,0.24149,1.86317,0.02861,1.48968,3.88907,0.0325,0.01096,0.04533,0.03611,0.0889,0.03695,3.86327,0.26749,0.08082,0.15979,0.22929,2.65486,3.27719,0.02277,0.04319,0.26147,1.78251,0.74258,1.14072,0.01211,8.27589,0.139,1.48968,3.27719,0.74258,1.14072,3.88907,3.90107,3.86327,7.02154,8.27589,0.11669,2.06438
2026-02-22 08:00:00,2.08943,0,0.18646,0.16853,0.20415,0.01655,0.05802,0.08987,0.17115,0.10056,0.24093,1.83848,0.02806,1.48304,3.88944,0.03227,0.01094,0.04509,0.0359,0.08821,0.03602,3.87143,0.26706,0.08105,0.15955,0.21892,2.65279,3.26087,0.02266,0.04301,0.26078,1.78205,0.74162,1.12289,0.01204,8.25995,0.13739,1.48304,3.26087,0.74162,1.12289,3.88944,3.90523,3.87143,7.02072,8.25995,0.11614,2.07015
2026-02-22 09:00:00,2.089,0,0.18531,0.16507,0.20272,0.01628,0.05759,0.08778,0.16797,0.10022,0.24039,1.81388,0.02754,1.47675,3.88926,0.03205,0.01092,0.04484,0.03546,0.08752,0.0352,3.87822,0.26664,0.08129,0.15931,0.20942,2.65073,3.24547,0.02256,0.04282,0.26021,1.78173,0.74079,1.10611,0.01199,8.24256,0.13578,1.47675,3.24547,0.74079,1.10611,3.88926,3.90894,3.87822,7.01964,8.24256,0.11572,2.07591
2026-02-22 10:00:00,2.08857,0,0.18415,0.1605,0.20135,0.01571,0.05722,0.08584,0.16522,0.09975,0.23977,1.78937,0.02705,1.47081,3.8885,0.03182,0.01091,0.04459,0.03511,0.08682,0.03453,3.88443,0.26627,0.08152,0.15907,0.20066,2.64867,3.23097,0.02245,0.04261,0.25982,1.78157,0.74,1.09032,0.01193,8.22383,0.13416,1.47081,3.23097,0.74,1.09032,3.8885,3.91222,3.88443,7.01833,8.22383,0.11548,2.08168
2026-02-22 11:00:00,2.08813,0,0.18304,0.15375,0.20006,0.01533,0.05688,0.08393,0.16235,0.09932,0.23919,1.76485,0.02659,1.46518,3.88717,0.0316,0.01089,0.04434,0.03483,0.08613,0.03395,3.89009,0.26597,0.08175,0.15883,0.19263,2.6466,3.21737,0.02234,0.04244,0.25934,1.78132,0.7393,1.07547,0.01184,8.20387,0.13255,1.46518,3.21737,0.7393,1.07547,3.88717,3.91509,3.89009,7.01682,8.20387,0.11514,2.08744
2026-02-22 12:00:00,2.0877,0,0.18201,0.14836,0.19884,0.01519,0.05652,0.08195,0.15902,0.09893,0.23864,1.74029,0.02615,1.45987,3.88527,0.03137,0.01087,0.0441,0.03465,0.08544,0.03342,3.89522,0.26575,0.08198,0.15859,0.18535,2.64454,3.20464,0.02223,0.04225,0.25862,1.78083,0.73871,1.06044,0.01173,8.18282,0.13094,1.45987,3.20464,0.73871,1.06044,3.88527,3.91753,3.89522,7.01515,8.18282,0.11457,2.09437
2026-02-22 13:00:00,2.08308,0,0.18103,0.14412,0.19764,0.01511,0.05615,0.07996,0.15545,0.09851,0.23801,1.72563,0.02574,1.45484,3.8828,0.03116,0.01085,0.04386,0.03451,0.08493,0.03286,3.89985,0.26558,0.08216,0.15835,0.17871,2.65572,3.19276,0.02212,0.04205,0.25782,1.77342,0.73815,1.04386,0.01164,8.16084,0.12972,1.45484,3.19276,0.73815,1.04386,3.8828,3.91954,3.89985,7.01333,8.16084,0.11391,2.20701
2026-02-22 14:00:00,2.07847,0,0.18004,0.14064,0.19642,0.01501,0.05581,0.07809,0.15234,0.09803,0.23729,1.71096,0.02536,1.4501,3.87975,0.03094,0.01083,0.04362,0.03431,0.08441,0.03229,3.904,0.26544,0.08233,0.15812,0.17262,2.6669,3.18169,0.02202,0.04185,0.25716,1.76614,0.7376,1.02642,0.01157,8.13806,0.1285,1.4501,3.18169,0.7376,1.02642,3.87975,3.92113,3.904,7.01138,8.13806,0.11339,2.21015
2026-02-22 15:00:00,2.07385,0,0.17897,0.13796,0.1952,0.01483,0.05553,0.07644,0.14996,0.0976,0.23651,1.69631,0.02499,1.44566,3.87612,0.03073,0.01082,0.04338,0.03387,0.0839,0.03179,3.90769,0.26532,0.08251,0.15788,0.16699,2.67808,3.17142,0.02191,0.04168,0.25663,1.759,0.73705,1.00939,0.01153,8.11463,0.12728,1.44566,3.17142,0.73705,1.00939,3.87612,3.92232,3.90769,7.00934,8.11463,0.113,2.21119
2026-02-22 16:00:00,2.06924,0,0.17789,0.13442,0.19402,0.01444,0.05528,0.07493,0.14791,0.09707,0.23574,1.68163,0.02464,1.4415,3.87191,0.03052,0.0108,0.04314,0.03353,0.08339,0.03137,3.91093,0.2652,0.08269,0.15764,0.16177,2.69946,3.16187,0.02181,0.0415,0.25624,1.75202,0.73651,0.99268,0.01149,8.0907,0.12605,1.4415,3.16187,0.73651,0.99268,3.87191,3.92309,3.91093,7.00725,8.0907,0.11276,2.21171
2026-02-22 17:00:00,2.06463,0,0.17686,0.1292,0.1929,0.01418,0.05504,0.07344,0.14573,0.09678,0.23469,1.66689,0.02431,1.4376,3.86712,0.0303,0.01078,0.0429,0.03326,0.08287,0.03102,3.91372,0.26504,0.08286,0.15741,0.15695,2.72084,3.15302,0.02171,0.04132,0.25577,1.74493,0.73602,0.97692,0.01144,8.06635,0.12483,1.4376,3.15302,0.73602,0.97692,3.86712,3.92345,3.91372,7.0051,8.06635,0.11243,2.21203
2026-02-22 18:00:00,2.06001,0,0.1759,0.12503,0.19183,0.01408,0.05479,0.07191,0.14315,0.09627,0.23388,1.65208,0.024,1.43395,3.86176,0.03009,0.01076,0.04266,0.03307,0.08236,0.03068,3.91608,0.26485,0.08304,0.15717,0.15255,2.74222,3.1448,0.0216,0.04113,0.25507,1.73763,0.73559,0.96211,0.01138,8.04164,0.12361,1.43395,3.1448,0.73559,0.96211,3.86176,3.92339,3.91608,7.00294,8.04164,0.11188,2.21224
2026-02-22 19:00:00,2.05774,0,0.17498,0.12175,0.19077,0.01403,0.05451,0.07037,0.14034,0.09574,0.23309,1.68907,0.02371,1.43055,3.85582,0.02988,0.01074,0.04243,0.03294,0.08192,0.03032,3.91802,0.26464,0.08354,0.15694,0.14849,2.743,3.13719,0.0215,0.04095,0.2543,1.74021,0.73518,0.94819,0.01133,8.01663,0.12267,1.43055,3.13719,0.73518,0.94819,3.85582,3.92289,3.91802,7.00075,8.01663,0.11124,2.21239
2026-02-22 20:00:00,2.05547,0,0.17405,0.11908,0.18968,0.01396,0.05427,0.06894,0.1379,0.09547,0.23207,1.72594,0.02343,1.42737,3.84929,0.02968,0.01073,0.0422,0.03274,0.08147,0.02995,3.91953,0.26441,0.08403,0.15671,0.14472,2.74378,3.13014,0.0214,0.04084,0.25364,1.74293,0.73478,0.93514,0.0113,7.99134,0.12172,1.42737,3.13014,0.73478,0.93514,3.84929,3.92194,3.91953,6.99859,7.99134,0.11073,2.2125
2026-02-22 21:00:00,2.0532,0,0.17305,0.11704,0.18858,0.01384,0.05406,0.06767,0.13606,0.09494,0.23134,1.76277,0.02317,1.42443,3.84219,0.02948,0.01071,0.04197,0.0323,0.08103,0.02962,3.92062,0.26417,0.08453,0.15648,0.14119,2.74456,3.12362,0.0213,0.04076,0.25312,1.74578,0.73438,0.92288,0.01127,7.96582,0.12078,1.42443,3.12362,0.73438,0.92288,3.84219,3.92055,3.92062,6.99642,7.96582,0.11035,2.21259
2026-02-22 22:00:00,2.05093,0,0.17203,0.11438,0.18751,0.01358,0.05387,0.0665,0.13447,0.09467,0.23067,1.79968,0.02292,1.42171,3.83451,0.02927,0.01069,0.04174,0.03195,0.08058,0.02934,3.92128,0.26408,0.08503,0.15625,0.13789,2.74533,3.11758,0.0212,0.04067,0.25275,1.74876,0.73399,0.91138,0.01125,7.94013,0.11983,1.42171,3.11758,0.73399,0.91138,3.83451,3.91871,3.92128,6.99429,7.94013,0.11012,2.21266
2026-02-22 23:00:00,2.04866,0,0.17105,0.1105,0.1865,0.0134,0.05369,0.06536,0.13275,0.09439,0.23004,1.83654,0.02268,1.4192,3.82623,0.02906,0.01068,0.04152,0.03168,0.08013,0.0291,3.92152,0.2643,0.08552,0.15602,0.13481,2.74611,3.11197,0.0211,0.04059,0.25229,1.75167,0.73362,0.90059,0.01121,7.91434,0.11889,1.4192,3.11197,0.73362,0.90059,3.82623,3.91642,3.92152,6.99217,7.91434,0.1098,2.21271
2026-02-23 00:00:00,2.04639,0,0.17014,0.1074,0.18553,0.01333,0.05346,0.06418,0.13069,0.09435,0.22967,1.87341,0.02246,1.41689,3.81737,0.02886,0.01066,0.04129,0.0315,0.07969,0.02888,3.92132,0.26474,0.08602,0.15579,0.13196,2.74689,3.10677,0.021,0.04051,0.25163,1.75436,0.7333,0.89046,0.01116,7.88852,0.11794,1.41689,3.10677,0.7333,0.89046,3.81737,3.91366,3.92132,6.99009,7.88852,0.10927,2.21276
2026-02-23 01:00:00,2.04801,0,0.16927,0.10496,0.18455,0.0133,0.05322,0.06299,0.12844,0.09431,0.22913,1.94121,0.02225,1.41475,3.80791,0.02866,0.01064,0.04107,0.03136,0.07928,0.02865,3.92067,0.26536,0.08769,0.15561,0.12931,2.74957,3.10193,0.02091,0.04043,0.25084,1.75952,0.73299,0.88095,0.01112,7.86273,0.11718,1.41475,3.10193,0.73299,0.88095,3.80791,3.91042,3.92067,6.98803,7.86273,0.10865,2.2128
2026-02-23 02:00:00,2.04962,0,0.16839,0.10299,0.18356,0.01325,0.05299,0.06188,0.12648,0.09428,0.22899,2.00907,0.02205,1.4128,3.79787,0.02847,0.01062,0.04085,0.03116,0.07888,0.02841,3.91959,0.26612,0.08935,0.15542,0.12682,2.75224,3.09746,0.02081,0.04035,0.25017,1.76481,0.73268,0.87203,0.01109,7.83703,0.11643,1.4128,3.09746,0.73268,0.87203,3.79787,3.9067,3.91959,6.98601,7.83703,0.10817,2.21283
2026-02-23 03:00:00,2.05124,0,0.16745,0.10151,0.18254,0.01316,0.05279,0.0609,0.125,0.09425,0.2287,2.07707,0.02186,1.41101,3.78721,0.02828,0.0106,0.04062,0.03072,0.07848,0.0282,3.91806,0.26699,0.09102,0.15524,0.12448,2.75491,3.09329,0.02072,0.04027,0.24959,1.77022,0.73238,0.86364,0.01107,7.8115,0.11567,1.41101,3.09329,0.73238,0.86364,3.78721,3.9025,3.91806,6.98402,7.8115,0.1078,2.21286
2026-02-23 04:00:00,2.05286,0,0.16649,0.0996,0.18155,0.01297,0.05262,0.06,0.12372,0.09423,0.2287,2.14513,0.02167,1.4094,3.77594,0.02808,0.01059,0.04041,0.03038,0.07807,0.02803,3.91607,0.26805,0.09269,0.15506,0.12226,2.75759,3.08943,0.02062,0.04019,0.24917,1.77578,0.73207,0.85578,0.01105,7.78618,0.11491,1.4094,3.08943,0.73207,0.85578,3.77594,3.89781,3.91607,6.98204,7.78618,0.10759,2.21289
2026-02-23 05:00:00,2.05447,0,0.16557,0.09684,0.18062,0.01284,0.05245,0.05911,0.12233,0.09421,0.22884,2.21329,0.0215,1.40794,3.76408,0.02789,0.01057,0.04019,0.03011,0.07766,0.02788,3.91361,0.26934,0.09435,0.15487,0.12017,2.76027,3.08582,0.02053,0.04011,0.24865,1.78126,0.73179,0.84839,0.01101,7.76113,0.11416,1.40794,3.08582,0.73179,0.84839,3.76408,3.89262,3.91361,6.98008,7.76113,0.10729,2.21291
2026-02-23 06:00:00,2.05609,0,0.16471,0.09463,0.17971,0.01279,0.05227,0.0582,0.12065,0.09418,0.22912,2.28158,0.02133,1.40662,3.75162,0.02769,0.01055,0.03998,0.02993,0.07726,0.02773,3.91069,0.27083,0.09602,0.15469,0.11821,2.76294,3.08246,0.02043,0.04003,0.24793,1.78653,0.73154,0.84145,0.01095,7.7364,0.1134,1.40662,3.08246,0.73154,0.84145,3.75162,3.88692,3.91069,6.97813,7.7364,0.10679,2.21293
2026-02-23 07:00:00,2.05424,0,0.16389,0.09287,0.1788,0.01276,0.05209,0.05729,0.1188,0.09418,0.22949,2.26685,0.02117,1.40544,3.7386,0.0275,0.01053,0.03976,0.0298,0.07688,0.02757,3.90729,0.27246,0.0966,0.15483,0.11638,2.73825,3.07933,0.02034,0.03995,0.24713,1.78144,0.7313,0.83494,0.01091,7.71208,0.11278,1.40544,3.07933,0.7313,0.83494,3.7386,3.8807,3.90729,6.97616,7.71208,0.10622,2.21295
2026-02-23 08:00:00,2.05238,0,0.16305,0.09137,0.17785,0.01273,0.05192,0.05643,0.11718,0.09391,0.2297,2.25231,0.02102,1.4044,3.72501,0.02732,0.01052,0.03954,0.02962,0.0765,0.02739,3.90341,0.2742,0.09718,0.15496,0.11465,2.71356,3.07639,0.02025,0.03988,0.24643,1.77646,0.73106,0.82882,0.01088,7.68821,0.11216,1.4044,3.07639,0.73106,0.82882,3.72501,3.87396,3.90341,6.97419,7.68821,0.10576,2.21297
2026-02-23 09:00:00,2.05053,0,0.16215,0.09014,0.17689,0.01266,0.05178,0.05567,0.11595,0.09359,0.22989,2.23793,0.02088,1.40348,3.71088,0.02713,0.0105,0.03934,0.02923,0.07611,0.02723,3.89904,0.27603,0.09776,0.1551,0.113,2.68887,3.07366,0.02016,0.0398,0.24587,1.77161,0.73082,0.82308,0.01085,7.66478,0.11154,1.40348,3.07366,0.73082,0.82308,3.71088,3.86669,3.89904,6.97219,7.66478,0.10543,2.21298
2026-02-23 10:00:00,2.04868,0,0.16123,0.08848,0.17596,0.01252,0.05165,0.05497,0.11488,0.09313,0.22999,2.22365,0.02075,1.40268,3.69625,0.02694,0.01048,0.03913,0.02892,0.07573,0.0271,3.89417,0.27762,0.09834,0.15524,0.11142,2.66418,3.07109,0.02006,0.03972,0.24544,1.76687,0.73058,0.81769,0.01082,7.64176,0.11091,1.40268,3.07109,0.73058,0.81769,3.69625,3.8589,3.89417,6.97015,7.64176,0.10523,2.213
2026-02-23 11:00:00,2.04682,0,0.16035,0.08601,0.17506,0.01242,0.05152,0.05428,0.11372,0.09273,0.23009,2.20938,0.02062,1.402,3.68114,0.02676,0.01047,0.03893,0.02868,0.07535,0.02699,3.8888,0.27871,0.09892,0.15537,0.10993,2.63949,3.06869,0.01997,0.03965,0.24495,1.7621,0.69702,0.81261,0.01079,7.61914,0.11029,1.402,3.06869,0.69702,0.81261,3.68114,3.85056,3.8888,6.96806,7.61914,0.10497,2.21301
2026-02-23 12:00:00,2.04497,0,0.15952,0.08404,0.1742,0.01239,0.05137,0.05357,0.11232,0.09237,0.23022,2.19504,0.02049,1.40142,3.66558,0.02657,0.01045,0.03871,0.02852,0.07497,0.02688,3.88291,0.27943,0.0995,0.15551,0.10852,2.6148,3.06643,0.01988,0.03957,0.2443,1.75715,0.65236,0.80786,0.01074,7.59691,0.10967,1.40142,3.06643,0.65236,0.80786,3.66558,3.84169,3.88291,6.9659,7.59691,0.10455,2.19362
2026-02-23 13:00:00,2.04016,0,0.15873,0.0825,0.17334,0.01237,0.05121,0.05284,0.11077,0.09195,0.23022,2.17411,0.02037,1.40095,3.64961,0.02639,0.01043,0.03851,0.0284,0.0746,0.02675,3.87651,0.27987,0.0983,0.15578,0.10718,2.58762,3.06431,0.01979,0.0395,0.24358,1.74707,0.63734,0.80338,0.0107,7.57505,0.10914,1.40095,3.06431,0.63734,0.80338,3.64961,3.83227,3.87651,6.96368,7.57505,0.10407,2.17406
2026-02-23 14:00:00,2.03534,0,0.15794,0.08124,0.17245,0.01234,0.05106,0.05217,0.10943,0.09148,0.23003,2.15313,0.02026,1.40057,3.63326,0.02621,0.01041,0.0383,0.02823,0.07424,0.02662,3.86958,0.28002,0.0971,0.15604,0.10591,2.56044,3.06231,0.0197,0.03942,0.24297,1.73707,0.63221,0.79918,0.01067,7.55355,0.10861,1.40057,3.06231,0.63221,0.79918,3.63326,3.82232,3.86958,6.96136,7.55355,0.10369,2.17407
2026-02-23 15:00:00,2.03053,0,0.15709,0.08027,0.17155,0.01229,0.05092,0.05157,0.10841,0.09109,0.22971,2.13216,0.02015,1.40027,3.61657,0.02604,0.0104,0.0381,0.02784,0.07388,0.0265,3.86212,0.28,0.0959,0.15631,0.1047,2.53326,3.06043,0.01962,0.03935,0.24248,1.72722,0.63036,0.79522,0.01065,7.5324,0.10809,1.40027,3.06043,0.63036,0.79522,3.61657,3.81183,3.86212,6.95894,7.5324,0.10343,2.17407
2026-02-23 16:00:00,2.02571,0,0.15622,0.07898,0.17066,0.01219,0.0508,0.05102,0.10754,0.0906,0.22934,2.11113,0.02005,1.40005,3.59955,0.02586,0.01038,0.0379,0.02754,0.07351,0.02639,3.85413,0.2799,0.0947,0.15658,0.10353,2.50609,3.05867,0.01953,0.03928,0.24213,1.7175,0.62961,0.79151,0.01063,7.51159,0.10756,1.40005,3.05867,0.62961,0.79151,3.59955,3.80081,3.85413,6.9564,7.51159,0.10331,2.17408
2026-02-23 17:00:00,2.0209,0,0.15538,0.07708,0.16982,0.01212,0.05068,0.05047,0.10659,0.09035,0.22862,2.08998,0.01994,1.39992,3.58223,0.02568,0.01036,0.0377,0.0273,0.07315,0.0263,3.84561,0.27985,0.0935,0.15684,0.10241,2.47891,3.05699,0.01944,0.0392,0.24177,1.70775,0.62924,0.78801,0.01059,7.49108,0.10703,1.39992,3.05699,0.62924,0.78801,3.58223,3.78927,3.84561,6.95373,7.49108,0.10318,2.17408
2026-02-23 18:00:00,2.01608,0,0.1546,0.07556,0.169,0.0121,0.05054,0.0499,0.10544,0.08986,0.22816,2.06867,0.01984,1.39986,3.56466,0.0255,0.01034,0.0375,0.02714,0.07278,0.0262,3.83654,0.27982,0.0923,0.15711,0.10135,2.45173,3.0554,0.01935,0.03913,0.2414,1.69801,0.629,0.78473,0.01053,7.47999,0.1065,1.39986,3.0554,0.629,0.78473,3.56466,3.77723,3.83654,6.9509,7.47999,0.10304,2.17409
2026-02-23 19:00:00,2.01294,0,0.15386,0.07436,0.16818,0.01208,0.05038,0.04933,0.10416,0.08939,0.22761,2.1108,0.01975,1.39986,3.54684,0.02533,0.01032,0.0373,0.02702,0.07243,0.02608,3.82694,0.2798,0.09168,0.15712,0.10033,2.45289,3.0539,0.01927,0.03906,0.24105,1.69841,0.62881,0.78164,0.01048,7.46918,0.10604,1.39986,3.0539,0.62881,0.78164,3.54684,3.76469,3.82694,6.94793,7.46918,0.10292,2.17409
2026-02-23 20:00:00,2.0098,0,0.15311,0.07339,0.16733,0.01206,0.05023,0.0488,0.10305,0.08915,0.22674,2.15276,0.01966,1.39993,3.52881,0.02516,0.01031,0.0371,0.02685,0.07208,0.02595,3.81681,0.2798,0.09106,0.15712,0.09936,2.45405,3.05248,0.01918,0.03899,0.24071,1.69882,0.62864,0.77874,0.01045,7.45862,0.10558,1.39993,3.05248,0.62864,0.77874,3.52881,3.75168,3.81681,6.94477,7.45862,0.10281,2.1741
2026-02-23 21:00:00,2.00667,0,0.1523,0.07264,0.16646,0.01203,0.0501,0.04832,0.10221,0.08869,0.22616,2.19464,0.01957,1.40008,3.51059,0.02499,0.01029,0.03691,0.02646,0.07173,0.02583,3.80615,0.2798,0.09044,0.15713,0.09842,2.45521,3.05112,0.0191,0.03892,0.24051,1.69937,0.62847,0.77493,0.01042,7.4483,0.10512,1.40008,3.05112,0.62847,0.77493,3.51059,3.73233,3.80615,6.94142,7.4483,0.10283,2.17411
2026-02-23 22:00:00,2.00353,0,0.15147,0.07166,0.16561,0.01194,0.04999,0.04788,0.10148,0.08846,0.22557,2.23657,0.01948,1.40028,3.49219,0.02482,0.01027,0.03672,0.02616,0.07137,0.02572,3.79497,0.28112,0.08981,0.15714,0.0975,2.45636,3.04984,0.01902,0.03884,0.24042,1.70002,0.6283,0.76885,0.0104,7.4382,0.10465,1.40028,3.04984,0.6283,0.76885,3.49219,3.71439,3.79497,6.93787,7.4382,0.10297,2.17412
2026-02-23 23:00:00,2.00039,0,0.15067,0.07023,0.1648,0.01189,0.04987,0.04745,0.10068,0.08823,0.22498,2.27836,0.0194,1.40054,3.47366,0.02465,0.01026,0.03653,0.02593,0.07102,0.02563,3.78302,0.28473,0.08919,0.15714,0.09662,2.45752,3.04862,0.01893,0.03877,0.2405,1.70085,0.62814,0.76124,0.01036,7.42828,0.10419,1.40054,3.04862,0.62814,0.76124,3.47366,3.69782,3.78302,6.93413,7.42828,0.10328,2.17413
2026-02-24 00:00:00,1.99725,0,0.14992,0.06909,0.16402,0.01186,0.04973,0.047,0.09971,0.08821,0.22461,2.3201,0.01932,1.40086,3.45502,0.02448,0.01024,0.03634,0.02577,0.07067,0.02555,3.76962,0.29016,0.08857,0.15715,0.09578,2.45868,3.04745,0.01885,0.0387,0.24106,1.70216,0.62798,0.75345,0.01031,7.41854,0.10373,1.40086,3.04745,0.62798,0.75345,3.45502,3.68176,3.76962,6.93013,7.41854,0.10407,2.17414
2026-02-24 01:00:00,1.99682,0,0.14921,0.0682,0.16323,0.01185,0.04958,0.04654,0.09865,0.08853,0.22405,2.37165,0.01925,1.40123,3.43628,0.02432,0.01022,0.03615,0.02565,0.07033,0.02547,3.75482,0.29697,0.08986,0.15712,0.09497,2.47376,3.04633,0.01882,0.03873,0.24188,1.72123,0.62783,0.74595,0.01028,7.40893,0.10348,1.40123,3.04633,0.62783,0.74595,3.43628,3.66578,3.75482,6.92591,7.40893,0.10512,2.17416
2026-02-24 02:00:00,1.9964,0,0.14849,0.06748,0.16242,0.01184,0.04944,0.04612,0.09772,0.08946,0.22384,2.4232,0.01917,1.40166,3.41747,0.02416,0.0102,0.03596,0.02547,0.06999,0.0254,3.73939,0.30488,0.09114,0.15708,0.09419,2.48885,3.04526,0.01879,0.03876,0.24246,1.74005,0.59434,0.73885,0.01025,7.39942,0.10324,1.40166,3.04526,0.59434,0.73885,3.41747,3.64967,3.73939,6.92143,7.39942,0.10592,2.17418
2026-02-24 03:00:00,1.99597,0,0.14772,0.06696,0.16159,0.01181,0.04932,0.04574,0.097,0.09089,0.22344,2.47485,0.0191,1.40212,3.39862,0.02399,0.01019,0.03577,0.02509,0.06965,0.02533,3.72371,0.31362,0.09243,0.15705,0.09343,2.50394,3.04424,0.01876,0.03879,0.2435,1.75935,0.54974,0.73218,0.01023,7.38992,0.10299,1.40212,3.04424,0.54974,0.73218,3.39862,3.63335,3.72371,6.91666,7.38992,0.10719,2.1742
2026-02-24 04:00:00,1.99554,0,0.14692,0.06628,0.16079,0.01174,0.0492,0.04539,0.09637,0.09273,0.22328,2.52654,0.01903,1.40263,3.37977,0.02383,0.01017,0.03558,0.02479,0.06931,0.02528,3.70792,0.32669,0.09372,0.15702,0.09269,2.51902,3.04326,0.01873,0.03881,0.24493,1.77902,0.53478,0.72591,0.01021,7.38033,0.10274,1.40263,3.04326,0.53478,0.72591,3.37977,3.6168,3.70792,6.91156,7.38033,0.10885,2.17423
2026-02-24 05:00:00,1.99512,0,0.14616,0.06531,0.16001,0.0117,0.04909,0.04504,0.09568,0.09489,0.22325,2.57829,0.01896,1.40318,3.36094,0.02367,0.01015,0.03539,0.02455,0.06897,0.02523,3.69202,0.34676,0.095,0.15698,0.09197,2.53411,3.04232,0.0187,0.03884,0.24779,1.80012,0.52969,0.72003,0.01017,7.37056,0.1025,1.40318,3.04232,0.52969,0.72003,3.36094,3.6,3.69202,6.9061,7.37056,0.11193,2.17426
2026-02-24 06:00:00,1.99469,0,0.14545,0.06453,0.15927,0.01168,0.04896,0.04467,0.09486,0.0973,0.22339,2.63012,0.01889,1.40377,3.34219,0.02351,0.01013,0.03522,0.02439,0.06863,0.02518,3.67598,0.37226,0.09629,0.15695,0.09127,2.54919,3.04142,0.01867,0.03887,0.25483,1.8254,0.52788,0.71453,0.01013,7.36056,0.10225,1.40377,3.04142,0.52788,0.71453,3.34219,3.58296,3.67598,6.90029,7.36056,0.11919,2.17431
2026-02-24 07:00:00,2.02311,0,0.14477,0.0639,0.15851,0.01167,0.04881,0.0443,0.09396,0.1014,0.22522,2.9823,0.01884,1.4044,3.32351,0.02335,0.01012,0.03503,0.02428,0.06892,0.02511,3.65979,0.40211,0.11859,0.15764,0.0906,3.00616,3.04058,0.02266,0.04344,0.26391,1.92749,0.52717,0.70936,0.01009,7.35026,0.1036,1.4044,3.04058,0.52717,0.70936,3.32351,3.56569,3.65979,6.89411,7.35026,0.12848,2.17438
2026-02-24 08:00:00,2.05153,0,0.14409,0.06336,0.15774,0.01167,0.04867,0.04395,0.09318,0.10809,0.2298,3.33464,0.01885,1.40505,3.3049,0.0232,0.0101,0.03485,0.02412,0.06921,0.02505,3.64342,0.43547,0.14088,0.15834,0.08995,3.46313,3.03978,0.02665,0.048,0.27089,2.02744,0.52683,0.70451,0.01006,7.33967,0.10496,1.40505,3.03978,0.52683,0.70451,3.3049,3.54823,3.64342,6.88759,7.33967,0.13565,2.17448
2026-02-24 09:00:00,2.07995,0,0.14336,0.0629,0.15694,0.01167,0.04855,0.04364,0.0926,0.11697,0.2368,3.68713,0.01898,1.40574,3.28638,0.02304,0.01009,0.03467,0.02379,0.06951,0.02498,3.62685,0.47184,0.16318,0.15903,0.08931,3.9201,3.039,0.03064,0.05536,0.27892,2.12847,0.49326,0.69997,0.01004,7.32875,0.10631,1.40574,3.039,0.49326,0.69997,3.28638,3.53058,3.62685,6.88072,7.32875,0.14388,2.17465
2026-02-24 10:00:00,2.10837,0,0.14261,0.06228,0.15616,0.01168,0.04847,0.04335,0.09209,0.12749,0.24579,4.04038,0.01964,1.40646,3.26792,0.02288,0.01007,0.0345,0.02353,0.0698,0.02493,3.61006,0.51765,0.18548,0.15972,0.08868,4.37706,3.03826,0.03462,0.06342,0.28734,2.22985,0.44863,0.6957,0.01002,7.31753,0.10766,1.40646,3.03826,0.44863,0.6957,3.26792,3.51279,3.61006,6.87353,7.31753,0.15249,2.17499
2026-02-24 11:00:00,2.13679,0,0.1419,0.06134,0.15542,0.01168,0.04842,0.04307,0.09154,0.13946,0.25651,4.39557,0.02066,1.40721,3.24954,0.02273,0.01006,0.03432,0.02332,0.07009,0.02488,3.59307,0.58242,0.20777,0.16042,0.08808,4.83403,3.03753,0.03861,0.07168,0.30233,2.33772,0.43366,0.69171,0.00999,7.306,0.10902,1.40721,3.03753,0.43366,0.69171,3.24954,3.49486,3.59307,6.866,7.306,0.16756,2.176
2026-02-24 12:00:00,2.16521,0,0.14128,0.06059,0.1547,0.01168,0.04843,0.04277,0.09089,0.15261,0.26902,4.75322,0.02142,1.40798,3.23123,0.02257,0.01004,0.03413,0.02318,0.07038,0.02484,3.57588,0.64881,0.23007,0.16111,0.08748,5.291,3.03683,0.0426,0.08033,0.33639,2.46429,0.42859,0.68689,0.00994,7.2942,0.11037,1.40798,3.03683,0.42859,0.68689,3.23123,3.47683,3.57588,6.85816,7.2942,0.20135,4.23611
2026-02-24 13:00:00,2.39396,0,0.1408,0.06015,0.15397,0.01169,0.04849,0.04247,0.09018,0.16967,0.28618,5.36576,0.02193,1.40878,3.21301,0.02242,0.01002,0.03397,0.02308,0.07152,0.02478,3.5585,0.71632,0.3555,0.19252,0.08691,6.61671,3.03624,0.09018,0.15257,0.37966,2.94745,0.42682,0.67985,0.0099,7.28213,0.1178,1.40878,3.03624,0.42682,0.67985,3.21301,3.45872,3.5585,6.85,7.28213,0.24414,9.52086
2026-02-24 14:00:00,2.62271,0,0.14058,0.06023,0.15322,0.01171,0.04856,0.04219,0.08956,0.1929,0.3105,5.98023,0.02238,1.40961,3.19487,0.02228,0.01,0.03379,0.02293,0.07267,0.02473,3.54095,0.78464,0.48093,0.22392,0.08634,7.94242,3.03567,0.13776,0.23895,0.41308,3.4209,0.42615,0.67135,0.00988,7.26983,0.12524,1.40961,3.03567,0.42615,0.67135,3.19487,3.44054,3.54095,6.84151,7.26983,0.27722,10.1772
2026-02-24 15:00:00,2.85146,0,0.14068,0.0609,0.15265,0.01174,0.04863,0.04196,0.08909,0.2524,0.34148,6.5965,0.02296,1.41045,3.17681,0.02213,0.00998,0.03361,0.0226,0.07381,0.02468,3.52324,0.85837,0.60636,0.25533,0.08579,9.26813,3.03514,0.18534,0.33756,0.45968,3.90766,0.42585,0.66276,0.00986,7.25729,0.13267,1.41045,3.03514,0.42585,0.66276,3.17681,3.4223,3.52324,6.83272,7.25729,0.32361,10.39597
2026-02-24 16:00:00,3.0802,0,0.14107,0.06214,0.15266,0.01182,0.04874,0.04175,0.08871,0.31743,0.37867,7.2157,0.02457,1.41132,3.15883,0.02198,0.00997,0.03344,0.02234,0.07495,0.02463,3.5054,0.95,0.73179,0.28673,0.08525,10.59384,3.03461,0.23291,0.44326,0.51661,4.40482,0.42568,0.65448,0.00984,7.24455,0.1401,1.41132,3.03461,0.42568,0.65448,3.15883,3.40404,3.5054,6.82361,7.24455,0.38041,10.50536
2026-02-24 17:00:00,3.30895,0,0.14172,0.06442,0.15361,0.01188,0.04892,0.04157,0.08834,0.37442,0.43779,7.84023,0.02688,1.4122,3.14095,0.02184,0.00995,0.03328,0.02214,0.0761,0.0246,3.48744,1.06325,0.85722,0.31813,0.08472,11.91955,3.03411,0.28049,0.5516,0.62044,4.94896,0.4532,0.64667,0.00982,7.23157,0.14754,1.4122,3.03411,0.4532,0.64667,3.14095,3.38575,3.48744,6.81422,7.23157,0.48418,10.571
2026-02-24 18:00:00,3.5377,0,0.14283,0.06619,0.15604,0.0119,0.04924,0.0414,0.08796,0.42627,0.51377,8.47133,0.02859,1.4131,3.12314,0.02169,0.00993,0.0331,0.022,0.07724,0.02457,3.46938,1.19149,0.98265,0.34954,0.0842,13.24526,3.03361,0.32807,0.6605,0.86207,5.63094,0.51762,0.63932,0.0098,7.21834,0.15497,1.4131,3.03361,0.51762,0.63932,3.12314,3.36746,3.46938,6.80452,7.21834,0.72579,10.61475
2026-02-24 19:00:00,4.29546,0,0.14524,0.07542,0.16047,0.01735,0.04968,0.04134,0.08758,0.47963,0.61,9.2823,0.02968,1.41402,3.10542,0.02155,0.00991,0.03294,0.02191,0.07712,0.02455,3.45124,1.34435,1.13634,0.47635,0.08369,13.80189,3.03318,0.38885,0.76672,1.171,6.63219,0.59434,0.63135,0.00978,7.20478,0.20314,1.41402,3.03318,0.59434,0.63135,3.10542,3.34917,3.45124,6.79453,7.20478,1.03471,10.64601
2026-02-24 20:00:00,5.05321,0,0.15084,0.10802,0.1671,0.02825,0.05011,0.0416,0.08728,0.62759,0.71764,10.10582,0.03041,1.41495,3.08779,0.02141,0.0099,0.03277,0.02178,0.077,0.02453,3.43303,1.51145,1.29002,0.60316,0.08319,14.35852,3.03277,0.44963,0.86802,1.40936,7.56289,0.67516,0.62137,0.00977,7.19084,0.2513,1.41495,3.03277,0.67516,0.62137,3.08779,3.33089,3.43303,6.78425,7.19084,1.27309,10.66945
2026-02-24 21:00:00,5.81097,0,0.16083,0.16798,0.17854,0.05547,0.05248,0.0424,0.08707,0.68896,0.83111,10.94736,0.0309,1.4159,3.07024,0.02127,0.00989,0.03261,0.0215,0.07688,0.02452,3.41478,1.67196,1.44371,0.72997,0.0827,14.91516,3.03238,0.51041,0.97745,1.59754,8.44348,0.76082,0.61012,0.00976,7.17652,0.29947,1.4159,3.03238,0.76082,0.61012,3.07024,3.31265,3.41478,6.7737,7.17652,1.46136,10.68768
2026-02-24 22:00:00,6.56873,0,0.1742,0.26773,0.19912,0.12081,0.06258,0.04401,0.08688,0.7516,1.00926,11.80735,0.03138,1.41687,3.0528,0.02113,0.00987,0.03244,0.02128,0.07675,0.02451,3.39649,1.82011,1.5974,0.85677,0.08222,15.47179,3.03199,0.57118,1.09125,1.71375,9.25205,0.85209,0.59894,0.00975,7.16181,0.34764,1.41687,3.03199,0.85209,0.59894,3.0528,3.29443,3.39649,6.76287,7.16181,1.57761,10.70227
2026-02-24 23:00:00,7.32648,0,0.18987,0.44024,0.23372,0.16436,0.12396,0.04672,0.08665,0.81422,1.2052,12.6837,0.032,1.41785,3.03544,0.02099,0.00986,0.03228,0.02111,0.07663,0.02451,3.37819,1.95688,1.75108,0.98358,0.08174,16.02842,3.03162,0.63196,1.20394,1.87502,10.10573,0.90513,0.58826,0.00975,7.1467,0.3958,1.41785,3.03162,0.90513,0.58826,3.03544,3.27626,3.37819,6.75178,7.1467,1.73897,10.7142
2026-02-25 00:00:00,8.08424,0,0.21057,0.57538,0.29154,0.1807,0.25677,0.0506,0.08634,0.87867,1.37563,13.57021,0.03403,1.41885,3.01817,0.02085,0.00984,0.03212,0.02101,0.07651,0.02453,3.35987,2.1092,1.90477,1.11039,0.08126,16.58505,3.03127,0.69274,1.3183,2.14896,11.07213,0.93815,0.57819,0.00975,7.13121,0.44397,1.41885,3.03127,0.93815,0.57819,3.01817,3.25812,3.35987,6.74043,7.13121,2.01304,10.72414
2026-02-25 01:00:00,8.58554,0,0.30921,0.68532,0.43505,0.1885,0.39693,0.05821,0.08601,0.92693,1.51843,13.72077,0.0411,1.41986,3.00101,0.02072,0.00983,0.03195,0.02096,0.07608,0.02457,3.34156,2.25712,1.94673,1.30242,0.08079,16.95925,3.03091,0.72384,1.442,2.46757,11.86439,0.99783,0.56874,0.00975,7.11529,0.52269,1.41986,3.03091,0.99783,0.56874,3.00101,3.24004,3.34156,6.72884,7.11529,2.33171,10.73256
2026-02-25 02:00:00,9.08684,0,0.47732,0.79433,0.674,0.19649,0.57275,0.07623,0.08628,0.97537,1.65241,13.98176,0.06203,1.42089,2.98397,0.02059,0.00981,0.0318,0.02093,0.07565,0.02462,3.32327,2.39066,1.98868,1.49446,0.08032,17.33346,3.03056,0.75494,1.55417,2.71806,12.58855,1.06449,0.55989,0.00978,7.0989,0.60142,1.42089,3.03056,1.06449,0.55989,2.98397,3.22201,3.32327,6.71699,7.0989,2.58226,10.73977
2026-02-25 03:00:00,9.58814,0,0.64977,0.90851,1.29398,0.21078,0.71924,0.12959,0.0879,1.024,1.79159,14.19245,0.12478,1.42195,2.96702,0.02046,0.0098,0.03163,0.02091,0.07522,0.02476,3.30499,2.50577,2.03063,1.6865,0.07985,17.70767,3.03022,0.78604,1.6611,2.88524,13.22943,1.12972,0.55248,0.00988,7.08203,0.68014,1.42195,3.03022,1.12972,0.55248,2.96702,3.20403,3.30499,6.70491,7.08203,2.74954,10.74602
2026-02-25 04:00:00,10.08944,0,0.85455,1.08167,1.35822,0.23913,0.85281,0.27344,0.09247,1.07281,1.97701,14.35473,0.21212,1.42302,2.95019,0.02032,0.00978,0.03148,0.02089,0.07479,0.02512,3.28675,2.59202,2.07259,1.87853,0.07938,18.08187,3.02988,0.81714,1.76415,2.95801,13.77593,1.14251,0.54853,0.01012,7.06468,0.75886,1.42302,3.02988,1.14251,0.54853,2.95019,3.18613,3.28675,6.69261,7.06468,2.82245,10.75149
2026-02-25 05:00:00,10.59074,0,0.96067,1.36413,1.39606,0.25803,0.91108,0.88763,0.10446,1.12182,2.09338,14.5033,0.28035,1.42413,2.93349,0.02019,0.00977,0.03132,0.02087,0.07436,0.02612,3.26854,2.65449,2.11455,2.07056,0.07892,18.45607,3.02956,0.84824,1.86455,3.03112,14.32284,1.12104,0.54936,0.0107,7.04685,0.83759,1.42413,3.02956,1.12104,0.54936,2.93349,3.16829,3.26854,6.68009,7.04685,2.89575,10.75632
2026-02-25 06:00:00,11.09204,0,1.06331,1.58786,1.41889,0.26512,0.94484,0.96502,0.13356,1.171,2.20616,14.68831,0.33064,1.42528,2.91691,0.02006,0.00975,0.03117,0.02087,0.07393,0.02867,3.25038,2.70413,2.1565,2.2626,0.07847,18.83028,3.02923,0.87934,1.9122,3.08926,14.85481,1.12149,0.55524,0.01149,7.02859,0.91631,1.42528,3.02923,1.12149,0.55524,2.91691,3.15052,3.25038,6.66737,7.02859,2.95413,10.76061
2026-02-25 07:00:00,11.29145,0,1.05759,1.75175,1.43181,0.26525,0.96219,1.00757,0.18593,1.19862,2.29611,14.62132,0.36869,1.42646,2.90047,0.01993,0.00973,0.03103,0.02085,0.07364,0.03426,3.23227,2.74689,2.14303,2.2973,0.07804,18.89838,3.02889,0.87643,1.8573,3.12862,14.82559,1.12924,0.5661,0.01215,7.00994,0.89676,1.42646,3.02889,1.12924,0.5661,2.90047,3.13283,3.23227,6.65443,7.00994,2.9937,10.76444
2026-02-25 08:00:00,11.49085,0,1.05309,1.85354,1.43385,0.26221,0.95752,1.04471,0.26191,1.2239,2.38038,14.48892,0.39518,1.42768,2.88415,0.0198,0.00972,0.03087,0.02081,0.07336,0.04205,3.21421,2.78591,2.12956,2.332,0.07761,18.96648,3.02854,0.87352,1.84989,3.16415,14.79247,1.13943,0.58198,0.01283,6.99098,0.87722,1.42768,3.02854,1.13943,0.58198,2.88415,3.11523,3.21421,6.64132,6.99098,3.02937,10.7679
2026-02-25 09:00:00,11.69025,0,1.04248,1.89264,1.42145,0.25215,0.92821,1.0774,0.3744,1.2487,2.45442,14.35201,0.41451,1.42894,2.86798,0.01967,0.0097,0.03072,0.02071,0.07308,0.04966,3.19621,2.82244,2.11609,2.36669,0.0772,19.03458,3.0282,0.87061,1.76196,3.18473,14.73053,1.15043,0.60148,0.01386,6.97183,0.85767,1.42894,3.0282,1.15043,0.60148,2.86798,3.09771,3.19621,6.62804,6.97183,3.03622,10.77102
2026-02-25 10:00:00,11.88966,0,1.01109,1.92173,1.38826,0.2254,0.83773,1.10373,0.51979,1.27196,2.5196,14.19174,0.39251,1.43026,2.85196,0.01955,0.00968,0.03057,0.02063,0.07279,0.05646,3.17827,2.8564,2.10262,2.40139,0.0768,19.10268,3.02787,0.86769,1.70046,3.21057,14.64967,1.14136,0.6225,0.01582,6.95268,0.83812,1.43026,3.02787,1.14136,0.6225,2.85196,3.08028,3.17827,6.61461,6.95268,3.02416,10.77386
2026-02-25 11:00:00,12.08907,0.00106,0.98246,1.93624,1.33082,0.20758,0.79734,1.11102,0.65894,1.29564,2.58141,14.02466,0.36024,1.43163,2.8361,0.01942,0.00967,0.03043,0.02057,0.0725,0.06269,3.16041,2.88827,2.08915,2.43609,0.07653,19.17078,3.02755,0.86478,1.69009,3.20476,14.5486,1.10526,0.64514,0.02024,6.93377,0.81858,1.43163,3.02755,1.10526,0.64514,2.8361,3.06295,3.16041,6.60101,6.93377,2.99188,10.77646
2026-02-25 12:00:00,12.28847,0.00913,0.95333,1.95169,1.25295,0.20089,0.77253,1.10209,0.77071,1.3198,2.64175,13.84675,0.33415,1.43307,2.82039,0.01929,0.00965,0.03029,0.02052,0.07222,0.06916,3.14263,2.91901,2.07568,2.47079,0.07669,19.23888,3.02725,0.86187,1.60008,3.10293,14.39199,1.06015,0.67041,0.02623,6.91534,0.79903,1.43307,3.02725,1.06015,0.67041,2.82039,3.04572,3.14263,6.58729,6.91534,2.90406,11.13564
2026-02-25 13:00:00,12.39025,0.01794,0.91627,1.96421,1.17974,0.19828,0.75117,1.06974,0.85903,1.34219,2.67254,13.79045,0.31729,1.4346,2.80483,0.01917,0.00964,0.03014,0.02047,0.07161,0.07707,3.12492,2.94919,2.05443,2.46188,0.07745,19.30396,3.02695,0.84528,1.56424,2.9818,14.05869,1.01343,0.6983,0.03119,6.89767,0.78779,1.4346,3.02695,1.01343,0.6983,2.80483,3.0286,3.12492,6.57343,6.89767,2.78781,11.59432
2026-02-25 14:00:00,12.49203,0.02698,0.87994,1.96608,1.12614,0.19617,0.73059,1.01597,0.92451,1.36396,2.70263,13.73095,0.30655,1.43649,2.78945,0.01905,0.00962,0.02999,0.02038,0.07099,0.0859,3.1073,2.97906,2.03318,2.45298,0.07873,19.36904,3.02677,0.82869,1.58331,2.89915,13.75252,0.96796,0.72691,0.03462,6.881,0.77654,1.43649,3.02677,0.96796,0.72691,2.78945,3.01159,3.1073,6.55952,6.881,2.69869,11.75042
2026-02-25 15:00:00,12.59381,0.03882,0.84777,1.95308,1.08254,0.19324,0.70697,0.93022,0.9758,1.38623,2.7321,13.66369,0.30051,1.439,2.77429,0.01893,0.00961,0.02985,0.02017,0.07038,0.09391,3.08977,3.00439,2.01193,2.44408,0.08045,19.43412,3.02682,0.81211,1.50636,2.81714,13.46886,0.92333,0.75339,0.03691,6.86552,0.7653,1.439,3.02682,0.92333,0.75339,2.77429,2.9947,3.08977,6.54562,6.86552,2.63207,11.90651
2026-02-25 16:00:00,12.69559,0.04862,0.82127,1.91829,1.04233,0.18862,0.65979,0.83493,1.03203,1.4073,2.76187,13.5723,0.29734,1.44208,2.75938,0.0188,0.00959,0.02971,0.02001,0.06977,0.10071,3.07234,3.01301,1.99068,2.43517,0.08254,19.49919,3.02712,0.79552,1.45246,2.78249,13.21738,0.88671,0.77749,0.03844,6.8514,0.75405,1.44208,3.02712,0.88671,0.77749,2.75938,2.97794,3.07234,6.53173,6.8514,2.59765,12.0626
2026-02-25 17:00:00,12.79737,0.05653,0.80106,1.8459,1.00763,0.18555,0.63928,0.75487,1.09792,1.43115,2.78827,13.48023,0.29619,1.44567,2.7448,0.01868,0.00957,0.02956,0.01988,0.06915,0.10656,3.055,3.00265,1.96943,2.42627,0.10085,19.56427,3.02768,0.77893,1.4751,2.75073,12.95838,0.86441,0.80029,0.03956,6.83876,0.74281,1.44567,3.02768,0.86441,0.80029,2.7448,2.96131,3.055,6.51782,6.83876,2.55569,12.2187
2026-02-25 18:00:00,12.89915,0.06365,0.78643,1.78924,0.97687,0.18439,0.62749,0.71884,1.1651,1.45208,2.81781,13.38775,0.29635,1.44975,2.73059,0.01856,0.00956,0.02942,0.01979,0.06854,0.11204,3.03778,2.98206,1.94818,2.41736,0.14911,19.62935,3.02987,0.76234,1.46423,2.68199,12.68614,0.85084,0.8222,0.04044,6.82773,0.73156,1.44975,3.02987,0.85084,0.8222,2.73059,2.94482,3.03778,6.50389,6.82773,2.50051,12.37479
2026-02-25 19:00:00,12.87865,0.07047,0.77608,1.7482,0.9488,0.18287,0.61445,0.69955,1.2281,1.44067,2.83522,13.23305,0.29684,1.45451,2.7168,0.01844,0.00955,0.02928,0.01973,0.06821,0.1179,3.02066,2.95596,1.95619,2.4047,0.21488,19.75609,3.03716,0.75837,1.45735,2.61388,12.52103,0.84019,0.84419,0.04103,6.81833,0.72203,1.45451,3.03716,0.84019,0.84419,2.7168,2.92848,3.02066,6.48992,6.81833,2.44326,12.53088
2026-02-25 20:00:00,12.85815,0.07658,0.76875,1.7225,0.92351,0.18035,0.59682,0.68241,1.28303,1.43218,2.83848,13.07664,0.29631,1.46129,2.70351,0.01832,0.00953,0.02914,0.01965,0.06787,0.12392,3.00367,2.9269,1.96421,2.39204,0.28661,19.88283,3.05274,0.75439,1.44964,2.57441,12.36702,0.8305,0.86636,0.04136,6.81054,0.7125,1.46129,3.05274,0.8305,0.86636,2.70351,2.91233,3.00367,6.47593,6.81054,2.39712,12.68698
2026-02-25 21:00:00,12.83765,0.08155,0.7628,1.70858,0.89905,0.17446,0.57301,0.66577,1.3254,1.42082,2.83085,12.91922,0.29318,1.47144,2.69091,0.01821,0.00952,0.029,0.01948,0.06753,0.12921,2.9868,2.89828,1.97222,2.37939,0.3575,20.00957,3.07717,0.75042,1.44152,2.55257,12.23359,0.82113,0.88706,0.0415,6.80425,0.70298,1.47144,3.07717,0.82113,0.88706,2.69091,2.89644,2.9868,6.46208,6.80425,2.37155,12.84307
2026-02-25 22:00:00,12.81715,0.08524,0.75584,1.69506,0.8729,0.16075,0.57803,0.65222,1.35153,1.41234,2.8181,12.74887,0.27742,1.48528,2.67933,0.01809,0.00951,0.02886,0.01935,0.0672,0.13355,2.97007,2.8746,1.98023,2.36673,0.452,20.13631,3.10942,0.74645,1.43315,2.54026,12.11995,0.81031,0.90509,0.04147,6.79933,0.69345,1.48528,3.10942,0.81031,0.90509,2.67933,2.88093,2.97007,6.44866,6.79933,2.36578,12.99916
2026-02-25 23:00:00,12.79665,0.08757,0.74465,1.68138,0.84379,0.15161,0.52568,0.63996,1.36172,1.40387,2.80341,12.5652,0.25189,1.50306,2.66915,0.01797,0.00949,0.02873,0.01924,0.06686,0.13705,2.95349,2.85627,1.98825,2.35407,0.57262,20.26304,3.15007,0.74247,1.42479,2.53263,12.01336,0.79597,0.9202,0.0412,6.79572,0.68392,1.50306,3.15007,0.79597,0.9202,2.66915,2.86609,2.95349,6.43608,6.79572,2.36706,13.15526
2026-02-26 00:00:00,12.77615,0.08854,0.72701,1.6694,0.81188,0.14819,0.49381,0.62776,1.35936,1.3982,2.79231,12.37229,0.23135,1.52491,2.66079,0.01785,0.00948,0.02859,0.01917,0.06653,0.13984,2.9371,2.84084,1.99626,2.34141,0.69367,20.38978,3.20186,0.7385,1.41633,2.54804,11.92912,0.779,0.93247,0.04077,6.79341,0.67439,1.52491,3.20186,0.779,0.93247,2.66079,2.85222,2.9371,6.42473,6.79341,2.39068,13.31135
2026-02-26 01:00:00,12.67428,0.08836,0.70504,1.65665,0.77898,0.14733,0.47361,0.61124,1.34835,1.39954,2.78533,12.25067,0.21662,1.5504,2.65457,0.01774,0.00946,0.02846,0.01913,0.06594,0.14202,2.92097,2.82695,1.98613,2.33028,0.80346,20.12133,3.26512,0.73443,1.40282,2.57799,11.82721,0.76116,0.94181,0.04041,6.79247,0.66298,1.5504,3.26512,0.76116,0.94181,2.65457,2.8395,2.92097,6.41499,6.79247,2.42731,13.08501
2026-02-26 02:00:00,12.57241,0.08757,0.68317,1.63812,0.75432,0.14723,0.46098,0.59064,1.33241,1.40086,2.78474,12.1286,0.20571,1.5783,2.65078,0.01763,0.00945,0.02832,0.01908,0.06535,0.14369,2.90522,2.81391,1.97599,2.31914,0.90222,19.85289,3.33706,0.73035,1.38935,2.60018,11.71598,0.74302,0.94835,0.04009,6.79298,0.65158,1.5783,3.33706,0.74302,0.94835,2.65078,2.82797,2.90522,6.40723,6.79298,2.45463,12.85868
2026-02-26 03:00:00,12.47055,0.08654,0.66333,1.61288,0.73914,0.14817,0.4532,0.57555,1.31388,1.40219,2.7845,12.01022,0.19778,1.60739,2.64953,0.01752,0.00943,0.02818,0.01896,0.06477,0.145,2.89002,2.79809,1.96586,2.30801,0.98636,19.58444,3.41438,0.72628,1.37573,2.61038,11.5915,0.72479,0.953,0.03971,6.79505,0.64017,1.60739,3.41438,0.72479,0.953,2.64953,2.81762,2.89002,6.40193,6.79505,2.46869,12.63234
2026-02-26 04:00:00,12.36868,0.08533,0.64514,1.57605,0.74371,0.15166,0.44976,0.5548,1.29383,1.40351,2.78742,11.89652,0.19195,1.6368,2.65078,0.01741,0.00941,0.02805,0.01887,0.06418,0.14611,2.87553,2.774,1.95573,2.29688,1.06683,19.31599,3.50055,0.72221,1.36221,2.60339,11.44882,0.70824,0.95663,0.03909,6.79877,0.62876,1.6368,3.50055,0.70824,0.95663,2.65078,2.80855,2.87553,6.39951,6.79877,2.46456,12.40601
2026-02-26 05:00:00,12.26681,0.08366,0.62725,1.51722,0.73423,0.15399,0.44979,0.53035,1.2726,1.40482,2.79084,11.78762,0.18768,1.66568,2.6543,0.0173,0.0094,0.02792,0.0188,0.06359,0.14733,2.86189,2.74193,1.94559,2.28574,1.13057,19.04754,3.59086,0.71813,1.34869,2.58443,11.29342,0.69971,0.95967,0.03779,6.80427,0.61736,1.66568,3.59086,0.69971,0.95967,2.6543,2.80095,2.86189,6.40021,6.80427,2.4477,12.17967
2026-02-26 06:00:00,12.16494,0.08119,0.60769,1.47098,0.72772,0.15486,0.4511,0.51061,1.24994,1.40613,2.79458,11.67979,0.18427,1.69343,2.65981,0.01719,0.00938,0.02779,0.01875,0.063,0.1492,2.84921,2.70555,1.93546,2.27461,1.17978,18.77909,3.67768,0.71406,1.33513,2.52363,11.09563,0.69957,0.96229,0.03606,6.81165,0.60595,1.69343,3.67768,0.69957,0.96229,2.65981,2.79493,2.84921,6.40427,6.81165,2.38846,11.95334
2026-02-26 07:00:00,12.0005,0.07787,0.59238,1.43673,0.72496,0.15395,0.45179,0.49918,1.22421,1.39969,2.7937,11.54455,0.18131,1.71945,2.66694,0.01709,0.00937,0.02767,0.01871,0.06222,0.15256,2.83758,2.66686,1.91144,2.24341,1.2202,18.51929,3.75867,0.69799,1.31106,2.44052,10.87216,0.70222,0.964,0.03463,6.82102,0.59813,1.71945,3.75867,0.70222,0.964,2.66694,2.79049,2.83758,6.41185,6.82102,2.30649,11.727
2026-02-26 08:00:00,11.83607,0.07429,0.57911,1.41331,0.72452,0.15173,0.45025,0.49674,1.19295,1.39047,2.78883,11.40975,0.17854,1.74321,2.6753,0.01698,0.00935,0.02754,0.01864,0.06144,0.15699,2.82713,2.62692,1.88742,2.2122,1.25433,18.25949,3.83276,0.68192,1.28212,2.37731,10.66832,0.70581,0.96433,0.03372,6.83247,0.59031,1.74321,3.83276,0.70581,0.96433,2.6753,2.78756,2.82713,6.42291,6.83247,2.24416,11.50067
2026-02-26 09:00:00,11.67164,0.07101,0.5648,1.40153,0.72387,0.14588,0.44455,0.5014,1.15672,1.38068,2.7796,11.27397,0.17579,1.76457,2.68447,0.01688,0.00934,0.0274,0.01848,0.06067,0.16116,2.81797,2.58643,1.8634,2.181,1.28025,17.99969,3.8998,0.66586,1.25129,2.32896,10.47916,0.70971,0.9633,0.03331,6.84608,0.5825,1.76457,3.8998,0.70971,0.9633,2.68447,2.78611,2.81797,6.43715,6.84608,2.19649,11.27433
2026-02-26 10:00:00,11.5072,0.06819,0.55021,1.3874,0.72111,0.13153,0.4319,0.51212,1.11982,1.36928,2.76665,11.13373,0.17249,1.78363,2.69404,0.01677,0.00932,0.02728,0.01835,0.05989,0.16458,2.81017,2.54586,1.83938,2.1498,1.29575,17.73989,3.95978,0.64979,1.22015,2.30351,10.31274,0.71137,0.96086,0.03346,6.86189,0.57468,1.78363,3.95978,0.71137,0.96086,2.69404,2.78616,2.81017,6.45413,6.86189,2.17158,11.048
2026-02-26 11:00:00,11.34276,0.0657,0.53553,1.3685,0.71462,0.12195,0.41003,0.52495,1.08618,1.35845,2.75218,10.98942,0.1688,1.80057,2.70367,0.01667,0.0093,0.02715,0.01825,0.05911,0.16686,2.80378,2.5053,1.81536,2.11859,1.30204,17.48008,4.01225,0.63372,1.18808,2.2723,10.14045,0.70425,0.95708,0.03457,6.87984,0.56686,1.80057,4.01225,0.70425,0.95708,2.70367,2.78767,2.80378,6.47343,6.87984,2.1408,10.82166
2026-02-26 12:00:00,11.17833,0.06336,0.5205,1.35291,0.70301,0.11837,0.38823,0.53292,1.0566,1.34817,2.73716,10.84096,0.16555,1.81557,2.71307,0.01656,0.00929,0.02703,0.01818,0.05833,0.16737,2.79883,2.46477,1.79134,2.08739,1.30022,17.22028,4.0568,0.61765,1.1557,2.231,9.95799,0.6885,0.95203,0.03629,6.89981,0.55904,1.81557,4.0568,0.6885,0.95203,2.71307,2.79055,2.79883,6.49463,6.89981,2.09984,10.23149
2026-02-26 13:00:00,10.99831,0.06098,0.50443,1.33789,0.68601,0.11613,0.37428,0.53279,1.03018,1.33416,2.71806,10.73192,0.16254,1.82879,2.72203,0.01646,0.00928,0.0269,0.01813,0.0577,0.16499,2.79533,2.42427,1.78222,2.06379,1.29073,17.05459,4.09326,0.60875,1.13823,2.18792,9.82988,0.66988,0.9457,0.03776,6.92158,0.54973,1.82879,4.09326,0.66988,0.9457,2.72203,2.7946,2.79533,6.5173,6.92158,2.05707,9.75553
2026-02-26 14:00:00,10.81829,0.0587,0.48744,1.31799,0.66478,0.11332,0.3633,0.52533,1.00614,1.31937,2.69777,10.62161,0.15907,1.84038,2.73038,0.01636,0.00926,0.02677,0.01803,0.05707,0.16042,2.79327,2.38377,1.7731,2.04019,1.27421,16.88891,4.12169,0.59985,1.12349,2.15325,9.71012,0.6503,0.9381,0.03869,6.94491,0.54042,1.84038,4.12169,0.6503,0.9381,2.73038,2.79963,2.79327,6.54107,6.94491,2.02265,9.75038
2026-02-26 15:00:00,10.63827,0.05673,0.47065,1.29186,0.64155,0.10756,0.35041,0.5114,0.98295,1.3049,2.67628,10.50992,0.15405,1.85042,2.73802,0.01626,0.00925,0.02665,0.01782,0.05644,0.15561,2.79263,2.34886,1.76399,2.0166,1.25155,16.72322,4.14221,0.59095,1.10997,2.13086,9.60259,0.63039,0.9297,0.03904,6.9695,0.53112,1.85042,4.14221,0.63039,0.9297,2.73802,2.80544,2.79263,6.56555,6.9695,2.00045,9.74474
2026-02-26 16:00:00,10.45826,0.0549,0.45486,1.25275,0.61838,0.09505,0.34201,0.49239,0.95815,1.28904,2.6549,10.3949,0.1416,1.85888,2.74485,0.01615,0.00924,0.02653,0.01765,0.05581,0.1511,2.79333,2.32403,1.75487,1.993,1.22347,16.55754,4.15506,0.58204,1.0971,2.12029,9.50681,0.61021,0.92113,0.03867,6.99502,0.52181,1.85888,4.15506,0.61021,0.92113,2.74485,2.81184,2.79333,6.59034,6.99502,1.99002,9.73853
2026-02-26 17:00:00,10.27824,0.05267,0.44027,1.1893,0.59611,0.0867,0.32464,0.47011,0.92939,1.27617,2.62908,10.2787,0.1237,1.86566,2.75082,0.01605,0.00922,0.02642,0.01751,0.05518,0.14671,2.79526,2.30606,1.74575,1.9694,1.19061,16.39185,4.16063,0.57314,1.0845,2.10889,9.41018,0.58981,0.91279,0.03696,7.02114,0.5125,1.86566,4.16063,0.58981,0.91279,2.75082,2.81865,2.79526,6.61506,7.02114,1.97874,9.73168
2026-02-26 18:00:00,10.09822,0.04934,0.42683,1.13934,0.57461,0.08357,0.29948,0.4483,0.89553,1.2599,2.60717,10.16162,0.10908,1.87064,2.75585,0.01595,0.00921,0.02629,0.01742,0.05455,0.14174,2.7983,2.29179,1.73663,1.9458,1.15318,16.22616,4.1593,0.56424,1.07238,2.09593,9.31199,0.56938,0.90484,0.0344,7.04753,0.50319,1.87064,4.1593,0.56938,0.90484,2.75585,2.82573,2.7983,6.63932,7.04753,1.96588,9.72406
2026-02-26 19:00:00,9.94494,0.04441,0.41425,1.10135,0.55345,0.08179,0.27398,0.4301,0.85916,1.24438,2.5881,10.06412,0.09814,1.87393,2.75991,0.01585,0.00919,0.02618,0.01736,0.05413,0.13504,2.80228,2.27951,1.76106,1.93318,1.11171,16.15624,4.15152,0.56568,1.07247,2.08356,9.26708,0.54894,0.89761,0.03223,7.0738,0.49114,1.87393,4.15152,0.54894,0.89761,2.75991,2.83297,2.80228,6.66279,7.0738,1.95361,9.71554
2026-02-26 20:00:00,9.79165,0.03843,0.40223,1.07231,0.53171,0.07968,0.25182,0.41431,0.82425,1.23241,2.56449,9.964,0.08964,1.87577,2.76297,0.01575,0.00918,0.02606,0.01726,0.05371,0.1272,2.80707,2.26831,1.78549,1.92056,1.06834,16.08632,4.13769,0.56713,1.07636,2.07341,9.22437,0.5285,0.89131,0.03065,7.09964,0.47909,1.87577,4.13769,0.5285,0.89131,2.76297,2.84033,2.80707,6.68516,7.09964,1.94354,9.70596
2026-02-26 21:00:00,9.63837,0.03263,0.39084,1.05216,0.50926,0.07549,0.23313,0.3971,0.79248,1.21651,2.54524,9.86749,0.08301,1.87637,2.76506,0.01566,0.00916,0.02593,0.01704,0.05329,0.11995,2.8125,2.26339,1.80992,1.90794,1.02453,16.0164,4.1184,0.56857,1.08219,2.06844,9.18685,0.50805,0.8855,0.02941,7.12471,0.46704,1.87637,4.1184,0.50805,0.8855,2.76506,2.84785,2.8125,6.7061,7.12471,1.93866,9.6951
2026-02-26 22:00:00,9.48508,0.02784,0.38034,1.02517,0.49004,0.06657,0.21708,0.37613,0.764,1.20446,2.52656,9.77235,0.0776,1.8759,2.76627,0.01556,0.00914,0.02582,0.01686,0.05286,0.11373,2.81844,2.2687,1.83434,1.89532,0.98626,15.94648,4.09444,0.57001,1.08894,2.068,9.15385,0.48761,0.87955,0.0282,7.14872,0.45498,1.8759,4.09444,0.48761,0.87955,2.76627,2.85554,2.81844,6.72542,7.14872,1.93832,9.68269
2026-02-26 23:00:00,9.3318,0.02479,0.37074,0.98504,0.47287,0.06063,0.2022,0.352,0.73788,1.19232,2.50797,9.6744,0.0731,1.87452,2.76671,0.01546,0.00913,0.02571,0.01673,0.05244,0.10828,2.82479,2.28065,1.85877,1.8827,0.95583,15.87656,4.06723,0.57146,1.09609,2.06994,9.12327,0.46844,0.87308,0.02645,7.17143,0.44293,1.87452,4.06723,0.46844,0.87308,2.76671,2.86332,2.82479,6.74292,7.17143,1.94037,9.66837
2026-02-27 00:00:00,9.17851,0.02145,0.36165,0.95274,0.45491,0.0584,0.18672,0.33994,0.71233,1.18462,2.4944,9.58006,0.0693,1.87238,2.76652,0.01536,0.00911,0.02559,0.01663,0.05202,0.10306,2.83148,2.29616,1.8832,1.87008,0.92729,15.80664,4.03864,0.5729,1.10348,2.07895,9.09976,0.45097,0.86599,0.02433,7.19262,0.43088,1.87238,4.03864,0.45097,0.86599,2.76652,2.87101,2.83148,6.75843,7.19262,1.94951,9.65167
2026-02-27 01:00:00,9.05989,0.01753,0.35224,0.92601,0.43572,0.05729,0.17186,0.32643,0.68554,1.17881,2.48844,9.46697,0.06596,1.86957,2.76585,0.01527,0.0091,0.02548,0.01656,0.05165,0.09726,2.83844,2.3136,1.88687,1.85686,0.90036,15.55738,4.00988,0.57858,1.1087,2.09185,9.0467,0.43407,0.85794,0.02263,7.21213,0.41789,1.86957,4.00988,0.43407,0.85794,2.76585,2.87836,2.83844,6.77186,7.21213,1.96254,9.63192
2026-02-27 02:00:00,8.94127,0.01323,0.34151,0.90037,0.41498,0.0561,0.15981,0.31276,0.65762,1.17331,2.48919,9.35479,0.06291,1.86609,2.76483,0.01517,0.00908,0.02536,0.01644,0.05128,0.09115,2.84562,2.33208,1.89054,1.84363,0.87445,15.30812,3.98131,0.58425,1.11566,2.10157,8.99046,0.41736,0.84868,0.02146,7.2298,0.40491,1.86609,3.98131,0.41736,0.84868,2.76483,2.88508,2.84562,6.78316,7.2298,1.9724,9.60823
2026-02-27 03:00:00,8.82266,0.00911,0.32938,0.87487,0.39341,0.05392,0.15028,0.29924,0.62966,1.16807,2.48772,9.24799,0.0601,1.862,2.76357,0.01508,0.00907,0.02525,0.01617,0.0509,0.08573,2.85292,2.34591,1.89421,1.83041,0.84912,15.05886,3.95312,0.58993,1.12337,2.10429,8.92723,0.40071,0.8383,0.02061,7.24553,0.39193,1.862,3.95312,0.40071,0.8383,2.76357,2.8909,2.85292,6.79238,7.24553,1.97526,9.57928
2026-02-27 04:00:00,8.70404,0.00541,0.31692,0.83909,0.37264,0.0495,0.14246,0.28507,0.60126,1.16299,2.4896,9.14858,0.05749,1.85736,2.76219,0.01499,0.00905,0.02514,0.01596,0.05053,0.08118,2.8602,2.35036,1.89787,1.81719,0.82528,14.8096,3.92542,0.59561,1.13156,2.0986,8.85557,0.38408,0.82691,0.01987,7.25921,0.37894,1.85736,3.92542,0.38408,0.82691,2.76219,2.89561,2.8602,6.79961,7.25921,1.9697,9.54308
2026-02-27 05:00:00,8.58542,0.00204,0.30498,0.7837,0.35371,0.04655,0.1355,0.26964,0.57076,1.15818,2.49217,9.05443,0.05506,1.85227,2.7608,0.01489,0.00903,0.02502,0.01579,0.05016,0.0773,2.8673,2.34808,1.90154,1.80396,0.80371,14.56034,3.8983,0.60128,1.14008,2.08429,8.7753,0.37023,0.81461,0.01892,7.2708,0.36596,1.85227,3.8983,0.37023,0.81461,2.7608,2.89916,2.8673,6.80501,7.2708,1.95553,9.49655
2026-02-27 06:00:00,8.4668,0,0.29385,0.73976,0.33693,0.04545,0.128,0.25336,0.53698,1.15362,2.49506,8.95897,0.05278,1.84679,2.75948,0.0148,0.00902,0.02491,0.01568,0.04979,0.07371,2.874,2.34217,1.90521,1.79074,0.78413,14.31108,3.872,0.60696,1.1486,2.04292,8.66797,0.36009,0.80147,0.01784,7.28025,0.35297,1.84679,3.872,0.36009,0.80147,2.75948,2.90161,2.874,6.80872,7.28025,1.91429,9.4345
2026-02-27 07:00:00,8.3075,0,0.28366,0.70604,0.32232,0.04483,0.12036,0.23756,0.50055,1.14531,2.48861,8.765,0.05064,1.84094,2.75829,0.01471,0.009,0.0248,0.0156,0.04951,0.0699,2.88012,2.33432,1.87846,1.76117,0.76626,14.16957,3.84678,0.5944,1.13325,1.98746,8.48818,0.35119,0.78729,0.01698,7.28756,0.34284,1.84094,3.84678,0.35119,0.78729,2.75829,2.90303,2.88012,6.81087,7.28756,1.85898,9.34763
2026-02-27 08:00:00,8.1482,0,0.2743,0.68014,0.30952,0.0441,0.1141,0.22374,0.46328,1.13209,2.47937,8.57167,0.04862,1.83474,2.75729,0.01462,0.00899,0.02468,0.0155,0.04924,0.066,2.88551,2.32541,1.85172,1.7316,0.74938,14.02806,3.82281,0.58185,1.11061,1.94502,8.32142,0.34269,0.77188,0.01639,7.29274,0.33272,1.83474,3.82281,0.34269,0.77188,2.75729,2.9035,2.88551,6.81159,7.29274,1.81668,9.21733
2026-02-27 09:00:00,7.9889,0,0.26563,0.66224,0.2982,0.04267,0.10913,0.2123,0.42637,1.11765,2.46763,8.37707,0.04673,1.82816,2.75652,0.01453,0.00898,0.02457,0.01527,0.04896,0.06257,2.89005,2.31015,1.82497,1.70204,0.73278,13.88656,3.80007,0.56929,1.08482,1.91213,8.16418,0.33434,0.75543,0.01597,7.29582,0.32259,1.82816,3.80007,0.33434,0.75543,2.75652,2.90304,2.89005,6.811,7.29582,1.78392,9.00016
2026-02-27 10:00:00,7.82959,0,0.25777,0.63912,0.28831,0.03963,0.10503,0.20253,0.39036,1.10007,2.45125,8.17422,0.04496,1.82115,2.75598,0.01445,0.00896,0.02446,0.0151,0.04868,0.05971,2.8937,2.28422,1.79822,1.67247,0.71459,13.74505,3.77845,0.55673,1.05772,1.89362,8.02134,0.32603,0.73816,0.0156,7.29685,0.31246,1.82115,3.77845,0.32603,0.73816,2.75598,2.90168,2.8937,6.80919,7.29685,1.76557,8.56583
2026-02-27 11:00:00,7.67029,0,0.25081,0.60578,0.27975,0.03761,0.10141,0.19372,0.3557,1.08345,2.43257,7.96866,0.0433,1.8136,2.7557,0.01436,0.00894,0.02436,0.01496,0.04841,0.05729,2.89643,2.25106,1.77148,1.6429,0.69322,13.60354,3.75765,0.54418,1.02981,1.86957,7.87299,0.31889,0.72023,0.01512,7.29588,0.30234,1.8136,3.75765,0.31889,0.72023,2.7557,2.8995,2.89643,6.80631,7.29588,1.74168,7.26282
2026-02-27 12:00:00,7.51099,0,0.24468,0.5789,0.27236,0.03685,0.09821,0.18552,0.32261,1.06774,2.41247,7.76029,0.04174,1.80549,2.75563,0.01427,0.00893,0.02424,0.01486,0.04813,0.05506,2.89825,2.21401,1.74473,1.61333,0.66983,13.46203,3.73701,0.53162,1.00147,1.83352,7.71261,0.3133,0.70176,0.01457,7.29296,0.29221,1.80549,3.73701,0.3133,0.70176,2.75563,2.89664,2.89825,6.80245,7.29296,1.70578,7.74726
2026-02-27 13:00:00,7.33561,0,0.23925,0.55752,0.26586,0.03642,0.09513,0.17802,0.29106,1.04554,2.3778,7.60008,0.04027,1.79693,2.75574,0.01419,0.00892,0.02414,0.0148,0.0479,0.05272,2.89916,2.17489,1.7081,1.5829,0.64607,13.17203,3.71605,0.51579,0.97321,1.79367,7.54859,0.30822,0.68302,0.01413,7.28815,0.28455,1.79693,3.71605,0.30822,0.68302,2.75574,2.89326,2.89916,6.79772,7.28815,1.66606,7.38682
2026-02-27 14:00:00,7.16022,0,0.23432,0.53969,0.25998,0.03592,0.09228,0.17154,0.26215,1.02202,2.34209,7.43774,0.03889,1.78813,2.75601,0.0141,0.0089,0.02403,0.0147,0.04768,0.05034,2.89919,2.13462,1.67147,1.55247,0.62303,12.88203,3.69459,0.49995,0.94352,1.76199,7.39272,0.30331,0.66423,0.01383,7.28152,0.27689,1.78813,3.69459,0.30331,0.66423,2.75601,2.88952,2.89919,6.79215,7.28152,1.63451,6.82343
2026-02-27 15:00:00,6.98484,0,0.22979,0.52535,0.25462,0.03493,0.08977,0.16603,0.2381,0.99946,2.30484,7.27223,0.03759,1.77918,2.75643,0.01402,0.00889,0.02391,0.01448,0.04745,0.04824,2.8984,2.09475,1.63485,1.52204,0.60098,12.59203,3.67275,0.48412,0.91319,1.7384,7.24496,0.29846,0.64548,0.01361,7.27314,0.26924,1.77918,3.67275,0.29846,0.64548,2.75643,2.88553,2.8984,6.78576,7.27314,1.61104,6.63563
2026-02-27 16:00:00,6.80945,0,0.22565,0.50689,0.24982,0.03283,0.08754,0.16108,0.21956,0.97448,2.26665,7.09425,0.03637,1.77012,2.75696,0.01393,0.00888,0.02381,0.0143,0.04722,0.0465,2.89688,2.05628,1.59822,1.49161,0.57983,12.30202,3.65077,0.46828,0.8825,1.72349,7.10586,0.29363,0.62696,0.01342,7.26305,0.26158,1.77012,3.65077,0.29363,0.62696,2.75696,2.88134,2.89688,6.77858,7.26305,1.59626,6.54173
2026-02-27 17:00:00,6.63407,0,0.22196,0.48024,0.24558,0.03143,0.08548,0.15628,0.2054,0.95531,2.2229,6.91521,0.03522,1.76097,2.7576,0.01385,0.00886,0.0237,0.01417,0.047,0.04503,2.89473,2.01899,1.56159,1.46118,0.55952,12.01202,3.62886,0.45245,0.85127,1.70276,6.96097,0.28938,0.60883,0.01316,7.25131,0.25392,1.76097,3.62886,0.28938,0.60883,2.7576,2.87701,2.89473,6.77057,7.25131,1.57567,6.48539
2026-02-27 18:00:00,6.45868,0,0.21868,0.45891,0.24185,0.0309,0.08329,0.15145,0.19422,0.9302,2.18341,6.73475,0.03414,1.75179,2.75836,0.01376,0.00885,0.02361,0.01407,0.04677,0.04367,2.89205,1.98673,1.52496,1.43075,0.53998,11.72202,3.60716,0.43661,0.82005,1.66611,6.80015,0.28589,0.59108,0.01286,7.23797,0.24626,1.75179,3.60716,0.28589,0.59108,2.75836,2.87258,2.89205,6.76173,7.23797,1.53917,6.44783
2026-02-27 19:00:00,6.33412,0,0.21572,0.44224,0.23852,0.03061,0.08102,0.14671,0.18514,0.90875,2.14119,6.65438,0.03313,1.74259,2.75923,0.01368,0.00883,0.02351,0.014,0.04656,0.04224,2.88895,1.95701,1.4974,1.39986,0.52116,11.55526,3.5858,0.42635,0.80016,1.62286,6.68323,0.28265,0.57391,0.01262,7.22308,0.2406,1.74259,3.5858,0.28265,0.57391,2.75923,2.86816,2.88895,6.75209,7.22308,1.49607,6.42101
2026-02-27 20:00:00,6.20956,0,0.21297,0.42887,0.23542,0.03026,0.07902,0.14241,0.17792,0.89324,2.09455,6.56939,0.03219,1.7335,2.76017,0.0136,0.00882,0.02341,0.01388,0.04635,0.04079,2.88549,1.92529,1.46984,1.36896,0.503,11.3885,3.56486,0.41608,0.78281,1.58894,6.57561,0.27949,0.55743,0.01246,7.20669,0.23493,1.7335,3.56486,0.27949,0.55743,2.76017,2.86381,2.88549,6.74166,7.20669,1.46228,6.40088
2026-02-27 21:00:00,6.08501,0,0.21036,0.41911,0.23251,0.02957,0.07731,0.13862,0.17223,0.87166,2.05222,6.48807,0.0313,1.72459,2.7612,0.01352,0.00881,0.0233,0.01361,0.04615,0.03951,2.88176,1.89745,1.44228,1.33807,0.48549,11.22175,3.54438,0.40582,0.7664,1.56383,6.47682,0.27636,0.54161,0.01234,7.18887,0.22927,1.72459,3.54438,0.27636,0.54161,2.7612,2.8596,2.88176,6.73047,7.18887,1.43731,6.38523
2026-02-27 22:00:00,5.96045,0,0.2079,0.40648,0.22983,0.02811,0.07584,0.13505,0.16744,0.8561,2.01255,6.40406,0.03046,1.71587,2.76231,0.01343,0.00879,0.0232,0.0134,0.04594,0.03845,2.87784,1.87784,1.41471,1.30717,0.46857,11.05499,3.5244,0.39555,0.75041,1.54931,6.38857,0.27324,0.52646,0.01224,7.16968,0.22361,1.71587,3.5244,0.27324,0.52646,2.76231,2.85555,2.87784,6.71857,7.16968,1.42291,6.37271
2026-02-27 23:00:00,5.83589,0,0.20565,0.38817,0.2274,0.02714,0.07451,0.13138,0.16303,0.84057,1.97348,6.31609,0.02967,1.70736,2.7635,0.01335,0.00878,0.02311,0.01323,0.04573,0.03755,2.8738,1.86407,1.38715,1.27628,0.45218,10.88823,3.50494,0.38529,0.7346,1.53037,6.29577,0.27047,0.51198,0.0121,7.14921,0.21794,1.70736,3.50494,0.27047,0.51198,2.7635,2.85168,2.8738,6.706,7.14921,1.40393,6.36247
2026-02-28 00:00:00,5.71133,0,0.20361,0.37349,0.22517,0.02678,0.07315,0.12747,0.15869,0.83136,1.93884,6.23222,0.02892,1.69906,2.76478,0.01327,0.00876,0.023,0.01312,0.04552,0.03672,2.86971,1.854,1.35959,1.24538,0.43623,10.72147,3.48601,0.37502,0.71916,1.50004,6.19159,0.26816,0.49813,0.01193,7.12754,0.21228,1.69906,3.48601,0.26816,0.49813,2.76478,2.84799,2.86971,6.69282,7.12754,1.37358,6.35393
2026-02-28 01:00:00,5.67002,0,0.20174,0.36178,0.22306,0.02657,0.07177,0.12349,0.15442,0.83215,1.915,6.16658,0.02821,1.69098,2.76612,0.01319,0.00874,0.02291,0.01304,0.04532,0.03585,2.86564,1.84629,1.34422,1.23221,0.42067,10.66364,3.46763,0.37157,0.71312,1.46554,6.13147,0.266,0.48492,0.0118,7.10477,0.20815,1.69098,3.46763,0.266,0.48492,2.76612,2.84449,2.86564,6.67908,7.10477,1.33909,6.34671
2026-02-28 02:00:00,5.6287,0,0.19995,0.35178,0.221,0.02633,0.07056,0.11985,0.15056,0.83313,1.89781,6.10119,0.02755,1.68317,2.76754,0.01311,0.00873,0.02281,0.01294,0.04512,0.03497,2.86162,1.84008,1.32884,1.21903,0.40545,10.6058,3.44972,0.36811,0.70958,1.43828,6.0786,0.26389,0.47237,0.01171,7.08102,0.20402,1.68317,3.44972,0.26389,0.47237,2.76754,2.84121,2.86162,6.66482,7.08102,1.31185,6.34052
2026-02-28 03:00:00,5.58739,0,0.19818,0.34351,0.21898,0.02585,0.06954,0.11675,0.14723,0.83435,1.88296,6.04006,0.02693,1.67567,2.76901,0.01304,0.00872,0.02271,0.01271,0.04492,0.03419,2.8577,1.83711,1.31347,1.20586,0.38958,10.54797,3.43393,0.36466,0.70724,1.41915,6.03388,0.2618,0.46043,0.01164,7.05638,0.19989,1.67567,3.43393,0.2618,0.46043,2.76901,2.83818,2.8577,6.65011,7.05638,1.29276,6.33515
2026-02-28 04:00:00,5.54607,0,0.19647,0.33241,0.21707,0.02483,0.06866,0.11397,0.1442,0.83574,1.87524,5.98973,0.02634,1.66848,2.77055,0.01296,0.0087,0.02262,0.01254,0.04471,0.03355,2.85391,1.83876,1.29809,1.19269,0.37236,10.49014,3.41872,0.36121,0.70552,1.40906,5.9982,0.25972,0.44907,0.01158,7.03098,0.19576,1.66848,3.41872,0.25972,0.44907,2.77055,2.83541,2.85391,6.63498,7.03098,1.28271,6.33046
2026-02-28 05:00:00,5.50476,0,0.19489,0.31581,0.21531,0.02415,0.06787,0.11124,0.14122,0.83731,1.8693,5.94606,0.02579,1.66158,2.77213,0.01288,0.00869,0.02252,0.0124,0.04451,0.033,2.85026,1.84367,1.28271,1.17951,0.35439,10.4323,3.40331,0.35775,0.70415,1.39675,5.96029,0.25786,0.43827,0.01149,7.0049,0.19163,1.66158,3.40331,0.25786,0.43827,2.77213,2.83289,2.85026,6.61953,7.0049,1.27043,6.32632
2026-02-28 06:00:00,5.46344,0,0.19344,0.30256,0.21365,0.02389,0.06705,0.10843,0.13816,0.83911,1.8642,5.90472,0.02526,1.65496,2.77374,0.0128,0.00867,0.02243,0.0123,0.04431,0.03249,2.84679,1.85065,1.26734,1.16634,0.33677,10.37447,3.38751,0.3543,0.70291,1.3793,5.91724,0.2563,0.42801,0.01138,6.97827,0.1875,1.65496,3.38751,0.2563,0.42801,2.77374,2.8306,2.84679,6.60385,6.97827,1.25301,6.32264
2026-02-28 07:00:00,5.41711,0,0.1921,0.29226,0.21206,0.02375,0.06622,0.10561,0.13509,0.84411,1.86307,5.85616,0.02477,1.64864,2.77537,0.01273,0.00865,0.02234,0.01224,0.04412,0.03195,2.84353,1.85893,1.25504,1.15382,0.32015,10.25108,3.37139,0.3508,0.69638,1.36051,5.87003,0.25484,0.41826,0.0113,6.95118,0.18441,1.64864,3.37139,0.25484,0.41826,2.77537,2.82853,2.84353,6.58799,6.95118,1.23423,6.31934
2026-02-28 08:00:00,5.37079,0,0.1908,0.28408,0.21047,0.02358,0.06549,0.10305,0.13234,0.84231,1.86042,5.80937,0.02431,1.64261,2.777,0.01265,0.00864,0.02223,0.01214,0.04392,0.03139,2.84048,1.86806,1.24275,1.14129,0.3044,10.1277,3.35512,0.34729,0.68996,1.34552,5.82659,0.25341,0.409,0.01124,6.92377,0.18132,1.64261,3.35512,0.25341,0.409,2.777,2.82669,2.84048,6.57193,6.92377,1.21923,6.31637
2026-02-28 09:00:00,5.32446,0,0.18949,0.27811,0.20889,0.02324,0.06487,0.10084,0.13004,0.83905,1.85867,5.76343,0.02387,1.6369,2.77863,0.01258,0.00863,0.02214,0.01192,0.04373,0.0309,2.83764,1.87369,1.23045,1.12877,0.28778,10.00431,3.33884,0.34379,0.68356,1.33493,5.78757,0.25199,0.4002,0.01119,6.89612,0.17823,1.6369,3.33884,0.25199,0.4002,2.77863,2.82509,2.83764,6.55571,6.89612,1.20864,6.31369
2026-02-28 10:00:00,5.27813,0,0.18821,0.27037,0.20739,0.02253,0.06433,0.09908,0.12798,0.83134,1.85481,5.72146,0.02346,1.63149,2.78022,0.01251,0.00861,0.02204,0.01174,0.04354,0.03049,2.83503,1.87275,1.21815,1.11624,0.27153,9.88092,3.32259,0.34029,0.67713,1.32882,5.75304,0.25058,0.39185,0.01114,6.86831,0.17514,1.63149,3.32259,0.25058,0.39185,2.78022,2.82373,2.83503,6.5393,6.86831,1.20254,6.31125
2026-02-28 11:00:00,5.23181,0,0.18702,0.25917,0.20598,0.02205,0.06385,0.09743,0.12595,0.82495,1.84844,5.67796,0.02308,1.62638,2.78178,0.01243,0.0086,0.02195,0.01161,0.04334,0.03014,2.83264,1.86731,1.20586,1.10372,0.25644,9.75754,3.3063,0.33678,0.67075,1.32085,5.71663,0.24932,0.38393,0.01106,6.84041,0.17205,1.62638,3.3063,0.24932,0.38393,2.78178,2.82258,2.83264,6.52272,6.84041,1.19457,6.30903
2026-02-28 12:00:00,5.18548,0,0.18594,0.25018,0.20464,0.02187,0.06333,0.09559,0.12382,0.81995,1.8395,5.63537,0.02271,1.62154,2.78328,0.01236,0.00858,0.02185,0.01152,0.04315,0.02981,2.83049,1.85899,1.19356,1.09119,0.24267,9.63415,3.29012,0.33328,0.66426,1.30785,5.6752,0.24825,0.37641,0.01096,6.81248,0.16896,1.62154,3.29012,0.24825,0.37641,2.78328,2.82162,2.83049,6.50599,6.81248,1.18157,5.78
2026-02-28 13:00:00,5.1221,0,0.18494,0.24306,0.20333,0.02177,0.06281,0.09364,0.12166,0.80749,1.82509,5.59781,0.02237,1.61697,2.78473,0.01229,0.00857,0.02177,0.01145,0.04296,0.02946,2.82855,1.84888,1.17746,1.07596,0.23027,9.48483,3.27423,0.32722,0.65429,1.29296,5.62366,0.24725,0.36927,0.01088,6.78457,0.16663,1.61697,3.27423,0.24725,0.36927,2.78473,2.82084,2.82855,6.48913,6.78457,1.16669,4.92538
2026-02-28 14:00:00,5.05873,0,0.18395,0.23717,0.20201,0.02165,0.06234,0.09178,0.11974,0.79363,1.81048,5.55774,0.02204,1.61267,2.78608,0.01222,0.00855,0.02168,0.01135,0.04278,0.0291,2.82685,1.83757,1.16136,1.06072,0.21903,9.33552,3.25882,0.32116,0.64342,1.28119,5.57524,0.24626,0.36248,0.01082,6.75672,0.16429,1.61267,3.25882,0.24626,0.36248,2.78608,2.82022,2.82685,6.47214,6.75672,1.15495,4.92538
2026-02-28 15:00:00,4.99535,0,0.18291,0.23255,0.20069,0.02141,0.06194,0.0901,0.11816,0.78137,1.79435,5.5151,0.02173,1.60865,2.78732,0.01214,0.00854,0.02159,0.01113,0.04259,0.02878,2.82536,1.8247,1.14526,1.04549,0.20877,9.1862,3.244,0.3151,0.63202,1.27201,5.52943,0.24528,0.35602,0.01078,6.72898,0.16196,1.60865,3.244,0.24528,0.35602,2.78732,2.81977,2.82536,6.45507,6.72898,1.1458,4.92538
2026-02-28 16:00:00,4.93197,0,0.18186,0.22653,0.19942,0.0209,0.06159,0.08852,0.11675,0.76625,1.7757,5.46699,0.02143,1.60489,2.78845,0.01207,0.00853,0.0215,0.01096,0.0424,0.02852,2.82407,1.80988,1.12916,1.03026,0.19935,9.03688,3.22986,0.30905,0.6204,1.26581,5.48661,0.24431,0.3499,0.01074,6.70137,0.15963,1.60489,3.22986,0.24431,0.3499,2.78845,2.81946,2.82407,6.43792,6.70137,1.13964,4.92538
2026-02-28 17:00:00,4.8686,0,0.18088,0.21776,0.19822,0.02056,0.06127,0.08694,0.11533,0.7584,1.75732,5.41868,0.02115,1.60138,2.78945,0.012,0.00851,0.02141,0.01082,0.04222,0.02829,2.82297,1.7937,1.11306,1.01502,0.19074,8.88757,3.21644,0.30299,0.60836,1.25686,5.44101,0.24343,0.34409,0.0107,6.67395,0.15729,1.60138,3.21644,0.24343,0.34409,2.78945,2.81927,2.82297,6.42076,6.67395,1.13072,4.92538
2026-02-28 18:00:00,4.80522,0,0.17996,0.21074,0.19707,0.02043,0.06093,0.08529,0.11378,0.74343,1.7419,5.36885,0.02089,1.5981,2.79029,0.01193,0.0085,0.02131,0.01073,0.04203,0.02808,2.82206,1.77666,1.09696,0.99979,0.18294,8.73825,3.20375,0.29693,0.59501,1.24028,5.38782,0.24268,0.33856,0.01065,6.64672,0.15496,1.5981,3.20375,0.24268,0.33856,2.79029,2.81919,2.82206,6.4036,6.64672,1.11419,4.92538
2026-02-28 19:00:00,4.78084,0,0.1791,0.20522,0.19594,0.02036,0.06057,0.08362,0.11218,0.73105,1.72512,5.36181,0.02064,1.59505,2.79096,0.01186,0.00849,0.02123,0.01066,0.04185,0.02785,2.82133,1.75906,1.08421,0.9851,0.17588,8.69996,3.19182,0.29444,0.58934,1.2204,5.35761,0.24197,0.33332,0.01061,6.61974,0.15318,1.59505,3.19182,0.24197,0.33332,2.79096,2.8192,2.82133,6.38652,6.61974,1.09437,4.92538
2026-02-28 20:00:00,4.75646,0,0.17822,0.20068,0.19479,0.02027,0.06025,0.08204,0.11076,0.72586,1.70513,5.35505,0.02041,1.59221,2.79337,0.01179,0.00847,0.02115,0.01056,0.04167,0.02762,2.82074,1.74112,1.07146,0.97041,0.16944,8.66166,3.18062,0.29195,0.58561,1.20485,5.33173,0.24128,0.32833,0.01058,6.59304,0.1514,1.59221,3.18062,0.24128,0.32833,2.79337,2.81927,2.82074,6.36954,6.59304,1.07888,4.92538
2026-02-28 21:00:00,4.73209,0,0.17729,0.19718,0.19363,0.0201,0.05998,0.08064,0.10961,0.71364,1.68725,5.3524,0.02019,1.58959,2.79556,0.01173,0.00846,0.02105,0.01034,0.04149,0.02741,2.82031,1.72618,1.05871,0.95573,0.16354,8.62337,3.17018,0.28946,0.58263,1.19363,5.3102,0.24059,0.32359,0.01056,6.56665,0.14962,1.58959,3.17018,0.24059,0.32359,2.79556,2.8194,2.82031,6.35273,6.56665,1.06773,4.92538
2026-02-28 22:00:00,4.70771,0,0.17635,0.19256,0.19251,0.01973,0.05974,0.07935,0.10859,0.70851,1.67122,5.35023,0.01999,1.58718,2.79752,0.01166,0.00845,0.02097,0.01017,0.0413,0.02724,2.81999,1.71723,1.04595,0.94104,0.15809,8.58507,3.16045,0.28698,0.57985,1.18769,5.29391,0.2399,0.31909,0.01054,6.54061,0.14783,1.58718,3.16045,0.2399,0.31909,2.79752,2.81959,2.81999,6.33609,6.54061,1.06183,4.92538
2026-02-28 23:00:00,4.68333,0,0.17545,0.18575,0.19145,0.01948,0.05951,0.07807,0.10755,0.7033,1.65617,5.34269,0.01979,1.58496,2.79923,0.01159,0.00843,0.02088,0.01003,0.04112,0.02709,2.81979,1.7129,1.0332,0.92635,0.15309,8.54678,3.1514,0.28449,0.57717,1.18044,5.27626,0.23927,0.31482,0.0105,6.51496,0.14605,1.58496,3.1514,0.23927,0.31482,2.79923,2.81986,2.81979,6.31968,6.51496,1.05457,4.92538
2026-03-01 00:00:00,4.65895,0,0.17461,0.1803,0.19043,0.01938,0.05925,0.07674,0.1064,0.70522,1.64477,5.33591,0.0196,1.58292,2.80066,0.01152,0.00842,0.0208,0.00994,0.04094,0.02695,2.81969,1.71153,1.02045,0.91166,0.14854,8.50848,3.14299,0.282,0.57455,1.17026,5.25566,0.23873,0.31077,0.01045,6.48972,0.14427,1.58292,3.14299,0.23873,0.31077,2.80066,2.82024,2.81969,6.30355,6.48972,1.04436,4.92538
2026-03-01 01:00:00,4.68931,0,0.17381,0.17601,0.18942,0.01933,0.05898,0.07539,0.10519,0.7141,1.63453,5.31638,0.01942,1.58105,2.80181,0.01146,0.0084,0.0207,0.00988,0.04077,0.0268,2.81967,1.71203,1.01447,0.90751,0.14439,8.50344,3.13517,0.2836,0.57869,1.15933,5.25645,0.23822,0.30691,0.01042,6.46493,0.14289,1.58105,3.13517,0.23822,0.30691,2.80181,2.82075,2.81967,6.28771,6.46493,1.0334,4.92538
2026-03-01 02:00:00,4.71967,0,0.173,0.17247,0.18839,0.01927,0.05874,0.07413,0.10411,0.7231,1.63273,5.29806,0.01925,1.57935,2.80264,0.01139,0.00839,0.02062,0.0098,0.04059,0.02664,2.81974,1.71372,1.00849,0.90336,0.14057,8.49839,3.12795,0.28521,0.58454,1.1506,5.25945,0.23772,0.30326,0.01039,6.44063,0.14151,1.57935,3.12795,0.23772,0.30326,2.80264,2.82138,2.81974,6.27219,6.44063,1.02464,4.92538
2026-03-01 03:00:00,4.75003,0,0.17213,0.1697,0.18734,0.01914,0.05852,0.07301,0.10325,0.73213,1.63364,5.28272,0.01909,1.57782,2.80315,0.01133,0.00838,0.02054,0.00963,0.04042,0.02649,2.81989,1.71739,1.00251,0.89921,0.13704,8.49335,3.12125,0.28681,0.59115,1.14497,5.26554,0.23722,0.29977,0.01037,6.41684,0.14013,1.57782,3.12125,0.23722,0.29977,2.80315,2.8221,2.81989,6.25701,6.41684,1.01898,4.92538
2026-03-01 04:00:00,4.78038,0,0.17124,0.16603,0.18632,0.01887,0.05833,0.07198,0.10249,0.74126,1.64069,5.26916,0.01893,1.57644,2.80333,0.01127,0.00836,0.02045,0.0095,0.04025,0.02637,2.82015,1.72382,0.99653,0.89506,0.13376,8.48831,3.11507,0.28841,0.59794,1.14246,5.27472,0.23673,0.29647,0.01035,6.39358,0.13874,1.57644,3.11507,0.23673,0.29647,2.80333,2.82287,2.82015,6.24218,6.39358,1.01643,4.92538
2026-03-01 05:00:00,4.81074,0,0.17039,0.16063,0.18535,0.01869,0.05814,0.07095,0.10169,0.75045,1.65003,5.26225,0.01878,1.5752,2.80316,0.0112,0.00834,0.02037,0.0094,0.04007,0.02626,2.82052,1.73229,0.99055,0.89091,0.13073,8.48326,3.10934,0.29002,0.60487,1.13987,5.28386,0.23627,0.29334,0.01032,6.37087,0.13736,1.5752,3.10934,0.23627,0.29334,2.80316,2.82367,2.82052,6.22775,6.37087,1.01381,4.92538
2026-03-01 06:00:00,4.8411,0,0.1696,0.15631,0.18442,0.01862,0.05791,0.06989,0.10079,0.75974,1.66209,5.25943,0.01864,1.5741,2.80265,0.01114,0.00833,0.02029,0.00932,0.0399,0.02616,2.82098,1.74205,0.98457,0.88676,0.12794,8.47822,3.10406,0.29162,0.61183,1.13737,5.29309,0.23587,0.29036,0.01027,6.34874,0.13598,1.5741,3.10406,0.23587,0.29036,2.80265,2.82445,2.82098,6.21369,6.34874,1.01129,4.92538
2026-03-01 07:00:00,4.83961,0,0.16884,0.1529,0.18348,0.01858,0.05766,0.06881,0.09982,0.76932,1.67452,5.23441,0.01851,1.57313,2.80178,0.01108,0.00832,0.02021,0.00927,0.03973,0.02604,2.82154,1.75264,0.97911,0.88891,0.12536,8.48499,3.09917,0.29383,0.61171,1.13527,5.28433,0.23549,0.28754,0.01023,6.32719,0.13489,1.57313,3.09917,0.23549,0.28754,2.80178,2.82519,2.82154,6.20005,6.32719,1.00918,4.92538
2026-03-01 08:00:00,4.83811,0,0.16807,0.15009,0.18252,0.01854,0.05744,0.0678,0.09896,0.77902,1.68703,5.21261,0.01839,1.57229,2.80058,0.01101,0.0083,0.02014,0.00917,0.03956,0.02591,2.82215,1.76375,0.97364,0.89107,0.12296,8.49177,3.09463,0.29604,0.61192,1.13348,5.2759,0.23511,0.28486,0.0102,6.30624,0.1338,1.57229,3.09463,0.23511,0.28486,2.80058,2.82584,2.82215,6.18681,6.30624,1.00739,4.92538
2026-03-01 09:00:00,4.83662,0,0.16725,0.14788,0.18154,0.01844,0.05724,0.0669,0.09826,0.78147,1.69972,5.19344,0.01827,1.57156,2.79903,0.01095,0.00829,0.02006,0.00896,0.03939,0.02579,2.82282,1.77154,0.96818,0.89322,0.12071,8.49854,3.09045,0.29825,0.61218,1.13233,5.2681,0.23474,0.2823,0.01018,6.2859,0.13271,1.57156,3.09045,0.23474,0.2823,2.79903,2.82639,2.82282,6.17399,6.2859,1.00624,4.92538
2026-03-01 10:00:00,4.83513,0,0.16641,0.14497,0.18059,0.01825,0.05706,0.06608,0.09764,0.78011,1.70945,5.17522,0.01815,1.57094,2.79714,0.01089,0.00828,0.01997,0.00879,0.03922,0.02569,2.8235,1.77297,0.96272,0.89537,0.11858,8.50531,3.08656,0.30046,0.61254,1.13155,5.26069,0.23436,0.27988,0.01016,6.26618,0.13162,1.57094,3.08656,0.23436,0.27988,2.79714,2.82681,2.8235,6.1616,6.26618,1.00548,4.92538
2026-03-01 11:00:00,4.83363,0,0.16561,0.14066,0.17968,0.01811,0.0569,0.06525,0.097,0.7788,1.71434,5.15716,0.01804,1.57043,2.79492,0.01082,0.00826,0.01989,0.00865,0.03905,0.0256,2.82417,1.76976,0.95725,0.89753,0.11659,8.51209,3.08298,0.30267,0.61291,1.13046,5.25298,0.23402,0.27758,0.01013,6.24707,0.13053,1.57043,3.08298,0.23402,0.27758,2.79492,2.82708,2.82417,6.14962,6.24707,1.00441,4.92538
2026-03-01 12:00:00,4.83214,0,0.16485,0.13721,0.17881,0.01807,0.05672,0.0644,0.09626,0.78115,1.71562,5.13926,0.01793,1.57001,2.79238,0.01076,0.00825,0.01981,0.00857,0.03888,0.02551,2.8248,1.76358,0.95179,0.89968,0.11474,8.51886,3.07963,0.30488,0.6132,1.12836,5.24425,0.23371,0.2754,0.01008,6.22859,0.12944,1.57001,3.07963,0.23371,0.2754,2.79238,2.82717,2.8248,6.13806,6.22859,1.00233,4.93415
