GMT,FRAC1,LTDC1,HIDC1,BHNC1,MPAC1,OWCC1,BNCC1,BCKC1,MEEC1,HPIC1,POHC1,EXQC1,DSNC1,STVC1,NWMC1,LGCC1,WARC1,LGAC1,PNEC1,LBDC1,OREC1,PATC1,HETC1,LNRC1,CHVC1F,DCMC1,NDPC1,MDSC1,NDVC1,NSWC1,AVYC1,NMSC1,OBBC1,RIPC1,PTTC1,VNSC1,KNFC1L,STVC1,MDSC1,OBBC1,RIPC1,NWMC1,CRDC1,PATC1,MZRC1,VNSC1,AVYC1L,NDPC1L
,QINE,QINE,QINE,QINE,QINE,QINE,QINE,QINE,QINE,QINE,QINE,QINE,QINE,QINE,QINE,QINE,QINE,QINE,QINE,QINE,QINE,QINE,QINE,QINE,QINE,QINE,QINE,QINE,QINE,QINE,QINE,QINE,QINE,QINE,QINE,QINE,QINE,QINE,QINE,QINE,QINE,QINE,QINE,QINE,QINE,QINE,SQIN,SQIN
2026-06-06 12:00:00,2.67534,0,-0.00624,0.0025,0,0.001,0,0.001,0.20393,0.94191,1.1048,1.25141,0.01208,0.13702,0.48384,0.00001,0,0,0,-0.0083,0.00001,0.52506,1.93491,0.14039,0.30085,0.011,2.62242,0.08766,0.0256,0.06209,0.19602,1.13479,1.09212,1.41673,0,1.95165,0.00024,0.13702,0.08766,1.09212,1.41673,0.48384,0.39085,0.52506,0.52641,1.95165,0.03851,0.37529
2026-06-06 13:00:00,2.73327,0,-0.00634,-0.009,0,0.001,0,0.001,0.20253,0.97056,1.08685,1.4971,0.01208,0.13702,0.48654,0.00001,0,0,0,-0.01318,0.00001,0.52506,1.89862,0.15048,0.33836,0.011,2.5875,0.0894,0.02487,0.02069,0.19502,1.11831,1.08712,1.38789,0,1.95165,0.00023,0.13702,0.0894,1.08712,1.38789,0.48654,0.39562,0.52506,0.52443,1.95165,0.03848,0.36959
2026-06-06 14:00:00,2.79185,0,-0.00656,-0.024,0,0.001,0,0.001,0.20393,0.98214,1.11051,1.65769,0.01208,0.13802,0.48925,0.00001,0,0,0,-0.01613,0.00001,0.53106,1.95083,0.16061,0.37586,0.011,2.55259,0.09466,0.02558,0.04137,0.19602,1.10191,1.09212,1.35933,0,1.94445,0.00022,0.13802,0.09466,1.09212,1.35933,0.48925,0.40042,0.53106,0.52245,1.94445,0.03847,0.36956
2026-06-06 15:00:00,2.85017,0,-0.00226,-0.03642,0,0.001,0,0.001,0.20533,1.00555,1.11051,1.97372,0.01246,0.14202,0.49197,0.00001,0,0,0,-0.02346,0.00001,0.53106,1.96676,0.16061,0.40345,0.011,2.51767,0.09822,0.02558,0.04137,0.19502,1.08552,1.09212,1.33086,0.00001,1.93009,0.00022,0.14202,0.09822,1.09212,1.33086,0.49197,0.40283,0.53106,0.52059,1.93009,0.03845,0.36953
2026-06-06 16:00:00,2.90785,0,0.00666,-0.02567,0,0.001,0,0.001,0.20816,0.99967,1.13443,2.28787,0.01246,0.14202,0.49197,0.00001,0,0,0,-0.03128,0.00001,0.53406,1.92686,0.15055,0.40471,0.011,2.50439,0.10181,0.0235,0.02151,0.19802,1.06915,1.09212,1.30533,0.00001,1.92291,0.00021,0.14202,0.10181,1.09212,1.30533,0.49197,0.40768,0.53406,0.51892,1.92291,0.03843,0.3695
2026-06-06 17:00:00,2.96552,0,0.02017,-0.02317,0,0.001,0,0.001,0.21277,0.99381,1.13443,2.2757,0.01246,0.14202,0.4947,0.00001,0,0.00001,0,-0.02934,0.00001,0.53606,1.89927,0.15062,0.40346,0.011,2.49112,0.10363,0.0242,0.0422,0.19602,1.05283,1.09212,1.27722,0.00001,1.91576,0.0002,0.14202,0.10363,1.09212,1.27722,0.4947,0.41011,0.53606,0.51752,1.91576,0.0384,0.36946
2026-06-06 18:00:00,2.96552,0,0.02028,-0.02434,0,0.001,0,0.001,0.21453,0.99967,1.16468,1.85562,0.01246,0.14102,0.4947,0.00001,0,0,0,-0.02057,0.00001,0.54506,1.93194,0.15069,0.37058,0.011,2.47784,0.10181,0.02383,0.02319,0.19602,1.03653,1.09212,1.25217,0,1.90862,0.00019,0.14102,0.10181,1.09212,1.25217,0.4947,0.41011,0.54506,0.51645,1.90862,0.03838,0.36941
2026-06-06 19:00:00,3.02327,0,0.02041,-0.01892,-0.012,0.001,0,0.001,0.21277,0.99381,1.16173,1.68024,0.01246,0.14102,0.50016,0.00001,0,0,0,-0.00886,0.00001,0.54706,1.92587,0.16075,0.37928,0.011,2.46456,0.10001,0.02454,0.06459,0.19502,1.03038,1.09712,1.2301,0.00001,1.90862,0.00019,0.14102,0.10001,1.09712,1.2301,0.50016,0.41011,0.54706,0.51571,1.90862,0.03836,0.36936
2026-06-06 20:00:00,3.08102,0,0.02069,-0.00875,0,0.001,0,0.001,0.21453,0.97634,1.1586,1.83649,0.01246,0.13902,0.50016,0.00001,0,0,0,0.00091,0.00001,0.55006,1.77915,0.16068,0.36996,0.011,2.45129,0.09644,0.02526,0.08528,0.19602,1.02423,1.09212,1.21367,0.00001,1.88017,0.00018,0.13902,0.09644,1.09212,1.21367,0.50016,0.41011,0.55006,0.51525,1.88017,0.03835,0.36931
2026-06-06 21:00:00,3.08102,0,0.00763,0.0015,0,0.001,0,0.001,0.21277,0.95332,1.17078,1.99884,0.01246,0.13702,0.50016,0.00001,0,0,0,0.0058,0.00001,0.55306,1.71805,0.151,0.32421,0.011,2.43801,0.09644,0.02383,0.02486,0.19302,1.0181,1.09212,1.19462,0.00001,1.86602,0.00018,0.13702,0.09644,1.09212,1.19462,0.50016,0.40526,0.55306,0.51492,1.86602,0.03833,0.36925
2026-06-06 22:00:00,3.08102,0,-0.00993,-0.01575,0,0.001,0,0.001,0.2163,0.93059,1.14648,1.91728,0.01246,0.13502,0.5029,0.00001,0,0,0,0.00483,0.00001,0.55606,1.72901,0.16147,0.34903,0.011,2.41429,0.09466,0.02417,0.00417,0.19202,1.01198,1.08212,1.17841,0,1.83783,0.00017,0.13502,0.09466,1.08212,1.17841,0.5029,0.40042,0.55606,0.51461,1.83783,0.03831,0.36918
2026-06-06 23:00:00,3.08102,0,-0.00979,-0.02092,0,0.001,0,0.001,0.21277,0.88058,1.14045,1.75321,0.01246,0.13401,0.50016,0.00001,0,0.00001,0,-0.00297,0.00001,0.55606,1.64572,0.16143,0.34619,0.011,2.39056,0.0929,0.0238,0.02404,0.19402,1.00586,1.09212,1.16498,0.00001,1.83082,0.00017,0.13401,0.0929,1.09212,1.16498,0.50016,0.39802,0.55606,0.51426,1.83082,0.03828,0.36909
2026-06-07 00:00:00,3.13877,0,-0.0009,-0.01142,0,0,0,0.001,0.21277,0.88058,1.12843,1.75388,0.01246,0.13401,0.5029,0.00001,0,0.00001,0,-0.00294,0.00001,0.56406,1.53974,0.17153,0.3477,0.012,2.36684,0.0929,0.02415,0.06459,0.19302,0.99976,1.08712,1.15163,0,1.80288,0.00016,0.13401,0.0929,1.08712,1.15163,0.5029,0.39323,0.56406,0.51387,1.80288,0.03826,0.369
2026-06-07 01:00:00,3.31252,0,0.00774,-0.00558,0,0,0,0.001,0.21808,0.85885,1.10457,1.50987,0.01208,0.13401,0.5029,0.00001,0,0.00001,0,-0.0088,0.00001,0.56106,1.52906,0.14087,0.29606,0.012,2.34312,0.0929,0.02414,0.04473,0.19402,0.9936,1.08712,1.14365,0,1.78897,0.00016,0.13401,0.0929,1.08712,1.14365,0.5029,0.39085,0.56106,0.5135,1.78897,0.03824,0.36889
2026-06-07 02:00:00,3.60195,0,0.02527,-0.00258,0,0,0,0.001,0.21277,0.8321,1.08685,1.01932,0.01208,0.13602,0.49743,0.00001,0,0.00001,0,-0.0176,0.00001,0.55906,1.59392,0.13081,0.27783,0.013,2.31939,0.09466,0.02376,0.02404,0.19302,0.98748,1.09212,1.13305,0,1.77512,0.00015,0.13602,0.09466,1.09212,1.13305,0.49743,0.39085,0.55906,0.51304,1.77512,0.03823,0.36875
2026-06-07 03:00:00,3.94938,0,0.04283,-0.00367,0,0,0,0.001,0.20114,0.82153,1.07512,0.61049,0.01208,0.13802,0.49743,0.00001,0,0.00001,0,-0.01174,0.00001,0.56106,1.59187,0.15103,0.2963,0.014,2.29567,0.09644,0.02447,0.08281,0.19302,0.98135,1.08712,1.12513,0,1.76131,0.00014,0.13802,0.09644,1.08712,1.12513,0.49743,0.38847,0.56106,0.51249,1.76131,0.03822,0.36859
2026-06-07 04:00:00,4.25496,0,0.06041,-0.00183,0,0,0,0.001,0.19505,0.80582,1.05185,0.36572,0.01208,0.14002,0.49743,0.00001,0,0.00001,0,-0.00294,0.00001,0.55606,1.58494,0.1406,0.28049,0.015,2.28776,0.09644,0.02447,0.12171,0.19502,0.97522,1.08712,1.117,0,1.74753,0.00014,0.14002,0.09644,1.08712,1.117,0.49743,0.39085,0.55606,0.51188,1.74753,0.0382,0.36838
2026-06-07 05:00:00,4.51726,0,0.06916,0.00117,0,0,0,0.001,0.19839,0.78514,1.02978,0.28566,0.01208,0.14102,0.50016,0.00001,0,0.00001,0,0,0.00001,0.55906,1.59659,0.14063,0.26401,0.016,2.27985,0.09466,0.02447,0.08199,0.19302,0.9691,1.08712,1.10891,0,1.72698,0.00013,0.14102,0.09466,1.08712,1.10891,0.50016,0.38847,0.55906,0.51124,1.72698,0.03817,0.36811
2026-06-07 06:00:00,4.72787,0,0.06908,-0.003,0,0,0,0.001,0.19976,0.80062,1.01175,0.2837,0.01208,0.14202,0.5029,0.00001,0,0.00001,0,-0.00586,0.00001,0.55906,1.62815,0.14063,0.24929,0.016,2.27195,0.09114,0.02375,0.06212,0.19202,0.96299,1.08712,1.10085,0,1.69973,0.00013,0.14202,0.09114,1.08712,1.10085,0.5029,0.38847,0.55906,0.51061,1.69973,0.03815,0.36776
2026-06-07 07:00:00,4.8291,0,0.05121,-0.01108,0,0,0,0.001,0.19505,0.78001,1.01175,0.36039,0.01208,0.14402,0.50565,0.00001,0,0.00001,0,-0.00291,0.00001,0.55006,1.64135,0.15114,0.27079,0.016,2.26404,0.0894,0.02446,0.08199,0.19102,0.97676,1.09212,1.09549,0,1.70652,0.00013,0.14402,0.0894,1.09212,1.09549,0.50565,0.38847,0.55006,0.50995,1.70652,0.03813,0.36726
2026-06-07 08:00:00,4.8736,0,0.03329,-0.01325,0,0,0,0.001,0.19115,0.80582,1.00043,0.50265,0.01246,0.14502,0.50839,0.00001,0,0.00001,0,0.00589,0.00001,0.55306,1.6168,0.15114,0.27537,0.016,2.25613,0.08766,0.02346,0.08199,0.19202,0.99048,1.09712,1.09014,0,1.69294,0.00012,0.14502,0.08766,1.09712,1.09014,0.50839,0.38847,0.55306,0.50917,1.69294,0.03812,0.36652
2026-06-07 09:00:00,4.85976,0,0.0511,-0.01267,0.012,0,0,0.001,0.19839,0.79544,0.98359,0.48307,0.01246,0.14502,0.50839,0.00001,0,0.00001,0,0.00003,0.00001,0.55306,1.63382,0.1406,0.29752,0.015,2.24822,0.08766,0.0231,0.06295,0.19302,1.00414,1.09212,1.08481,0,1.68617,0.00012,0.14502,0.08766,1.09212,1.08481,0.50839,0.38847,0.55306,0.5082,1.68617,0.0381,0.36528
2026-06-07 10:00:00,4.9464,0,0.06004,-0.01383,0,0,0,0.001,0.19976,0.80582,0.98359,0.3993,0.01246,0.14602,0.51391,0.00001,0,0.00001,0,0.00003,0.00001,0.55006,1.71069,0.14049,0.30147,0.015,2.22469,0.08766,0.02381,0.04391,0.19102,1.01773,1.09712,1.08214,0,1.67266,0.00012,0.14602,0.08766,1.09712,1.08214,0.51391,0.39085,0.55006,0.50707,1.67266,0.03808,0.3628
2026-06-07 11:00:00,5.13587,0,0.0244,-0.01308,0,0,0,0.001,0.19976,0.80582,0.98359,0.50874,0.01246,0.14702,0.51667,0.00001,0,0.00001,0,-0.00291,0.00001,0.55306,1.78876,0.14046,0.32272,0.016,2.20115,0.0894,0.02237,0.06377,0.19302,1.03128,1.10212,1.08214,0,1.66593,0.00011,0.14702,0.0894,1.10212,1.08214,0.51667,0.39562,0.55306,0.50587,1.66593,0.03805,0.35536
2026-06-07 12:00:00,5.20173,0,-0.00226,-0.01292,0,0,0,0.001,0.19839,0.81627,0.98359,0.94365,0.01246,0.14902,0.51944,0.00001,0,0.00001,0,-0.00291,0.00001,0.55306,1.76558,0.14049,0.366,0.015,2.17761,0.09466,0.02343,0.06209,0.19302,1.04479,1.10212,1.08214,0,1.65919,0.00011,0.14902,0.09466,1.10212,1.08214,0.51944,0.40042,0.55306,0.50464,1.65919,0.03803,0.35954
2026-06-07 13:00:00,5.14304,0,0.01566,-0.01567,0,0,0,0.001,0.20114,0.8321,1.00608,1.46304,0.01246,0.15002,0.52222,0.00001,0,0.00001,0,-0.00291,0.00001,0.55306,1.74309,0.14049,0.39745,0.015,2.15408,0.09822,0.02343,0.04055,0.19402,1.05319,1.10212,1.08214,0,1.65919,0.0001,0.15002,0.09822,1.10212,1.08214,0.52222,0.40283,0.55306,0.50344,1.65919,0.03801,0.36323
2026-06-07 14:00:00,4.96647,0,0.01572,-0.01825,0,0,0,0.001,0.19839,0.81627,1.00043,1.84956,0.01246,0.15302,0.525,0.00001,0,0.00001,0,-0.01318,0.00001,0.55606,1.78212,0.14046,0.41145,0.016,2.13054,0.10181,0.02234,0.02069,0.19302,1.06154,1.09212,1.08481,0,1.65248,0.00009,0.15302,0.10181,1.09212,1.08481,0.525,0.40526,0.55606,0.50234,1.65248,0.038,0.35621
2026-06-07 15:00:00,4.78964,0,-0.02895,-0.01975,0,0,0,0.001,0.19976,0.83741,1.00608,2.10094,0.01246,0.15347,0.52778,0.00001,0,0.00001,0,-0.01904,0.00001,0.55606,1.75696,0.14046,0.42579,0.016,2.10701,0.10545,0.0234,0.02151,0.19402,1.06983,1.08212,1.08747,0,1.64578,0.00009,0.15347,0.10545,1.08212,1.08747,0.52778,0.41011,0.55606,0.50151,1.64578,0.03799,0.35388
2026-06-07 16:00:00,4.49525,0,-0.03799,-0.01975,0,0,0,0.001,0.20253,0.82153,1.00608,2.28617,0.01246,0.15402,0.53337,0.00001,0,0.00001,0,-0.02048,0.00001,0.56106,1.66344,0.15021,0.41551,0.015,2.08572,0.10912,0.02304,0.0422,0.19302,1.07805,1.08212,1.09281,0.00001,1.63908,0.00008,0.15402,0.10912,1.08212,1.09281,0.53337,0.41498,0.56106,0.50101,1.63908,0.03797,0.35271
2026-06-07 17:00:00,4.08294,0,0.0069,-0.01725,0,0,0,0.001,0.19505,0.81627,1.00043,2.40603,0.01246,0.15202,0.53617,0.00001,0,0.00001,0,-0.01463,0.00001,0.57306,1.62688,0.15024,0.37534,0.016,2.06444,0.11097,0.02266,0.0422,0.19202,1.0862,1.08712,1.09549,0,1.61908,0.00007,0.15202,0.11097,1.08712,1.09549,0.53617,0.41743,0.57306,0.50083,1.61908,0.03794,0.352
2026-06-07 18:00:00,3.78818,0,0.02582,-0.00808,0,0,0,0.001,0.18923,0.82153,1.01743,2.26719,0.01246,0.15202,0.53898,0.00001,0,0.00001,0,-0.01757,0.00001,0.57806,1.63283,0.15028,0.36266,0.016,2.04315,0.11283,0.02265,0.0422,0.19302,1.0943,1.08712,1.09817,0.00001,1.61244,0.00006,0.15202,0.11283,1.08712,1.09817,0.53898,0.41988,0.57806,0.50099,1.61244,0.03792,0.35154
2026-06-07 19:00:00,3.61135,0,0.0097,-0.01975,0,0,0,0.001,0.19115,0.8268,1.02883,2.12824,0.01208,0.15202,0.5446,0.00001,0,0.00001,0,-0.02051,0.00001,0.59307,1.59858,0.15035,0.32802,0.016,2.02186,0.11283,0.02336,0.0422,0.19402,1.10216,1.08712,1.10085,0.00001,1.61244,0.00005,0.15202,0.11283,1.08712,1.10085,0.5446,0.41988,0.59307,0.50145,1.61244,0.0379,0.3512
2026-06-07 20:00:00,3.49347,0,0.01507,-0.03359,-0.012,0,0,0.001,0.19702,0.78001,1.00608,2.05678,0.01208,0.15202,0.5446,0.00001,0,0.00001,0,-0.0161,0.00001,0.60107,1.54521,0.15045,0.33014,0.016,2.00058,0.11097,0.02227,0.06206,0.19302,1.10998,1.09212,1.10085,0.00001,1.61908,0.00005,0.15202,0.11097,1.09212,1.10085,0.5446,0.41988,0.60107,0.50216,1.61908,0.03789,0.35095
2026-06-07 21:00:00,3.37617,0,0.03303,-0.03384,0,0,0,0.001,0.20533,0.78514,1.00807,2.18527,0.01171,0.15302,0.5446,0.00001,0,0.00001,0,-0.01021,0.00001,0.60107,1.52112,0.15049,0.31862,0.016,1.97929,0.11097,0.02333,0.0811,0.19102,1.11773,1.08212,1.10353,0.00001,1.61244,0.00005,0.15302,0.11097,1.08212,1.10353,0.5446,0.41988,0.60107,0.50308,1.61244,0.03787,0.35076
2026-06-07 22:00:00,3.25945,0,0.03329,-0.03075,0,0,0,0.001,0.20816,0.76982,0.9948,2.37985,0.01171,0.15302,0.54179,0.00001,0,0.00001,0,-0.00733,0.00001,0.60107,1.52913,0.13112,0.3186,0.016,1.97929,0.10728,0.02224,0.08028,0.19302,1.12543,1.09212,1.10085,0,1.59919,0.00004,0.15302,0.10728,1.09212,1.10085,0.54179,0.41988,0.60107,0.50413,1.59919,0.03785,0.3506
2026-06-07 23:00:00,3.2011,0,0.01536,-0.037,0,0,0,0.001,0.20816,0.74965,0.98919,2.12108,0.01171,0.15302,0.54179,0.00001,0,0.00001,0,-0.00441,0.00001,0.59807,1.45927,0.1408,0.34556,0.016,1.97929,0.10545,0.02294,0.06041,0.19102,1.13309,1.08712,1.10353,0.00001,1.59919,0.00003,0.15302,0.10545,1.08712,1.10353,0.54179,0.41743,0.59807,0.50521,1.59919,0.03782,0.35047
2026-06-08 00:00:00,3.14215,0,0.01446,-0.05417,0,0,0,0.001,0.20816,0.73472,0.9719,1.66725,0.01135,0.15402,0.54179,0.00001,0,0.00001,0,-0.00294,0.00001,0.59507,1.38614,0.14074,0.33762,0.016,1.97929,0.10363,0.02229,0.04055,0.19002,1.14072,1.08712,1.10085,0.00001,1.59919,0.00003,0.15402,0.10363,1.08712,1.10085,0.54179,0.41743,0.59507,0.50626,1.59919,0.0378,0.35037
2026-06-08 01:00:00,3.08321,0,0.01822,-0.04076,0,0,0,0.001,0.20674,0.71996,0.95033,1.27775,0.011,0.15402,0.54179,0.00001,0,0.00001,0,-0.00586,0.00001,0.59507,1.4102,0.13098,0.32822,0.016,1.97929,0.10181,0.02157,0.04055,0.18902,1.14333,1.08212,1.09817,0,1.59258,0.00003,0.15402,0.10181,1.08212,1.09817,0.54179,0.41743,0.59507,0.50723,1.59258,0.03778,0.35028
2026-06-08 02:00:00,3.02427,0,0.01474,-0.03217,0,0,0,0.001,0.20959,0.70054,0.9339,0.82463,0.011,0.15402,0.54179,0.00001,0,0.00001,0,0.00003,0.00001,0.59007,1.39197,0.13091,0.28176,0.016,1.97929,0.10545,0.02191,0.02069,0.19202,1.14592,1.08712,1.10085,0,1.59258,0.00002,0.15402,0.10545,1.08712,1.10085,0.54179,0.41498,0.59007,0.50803,1.59258,0.03777,0.3502
2026-06-08 03:00:00,2.96532,0,0.01657,-0.027,0,0,0,0.001,0.20959,0.69094,0.91763,0.30528,0.011,0.15602,0.54179,0.00001,0,0.00001,0,0.00883,0.00001,0.59007,1.34544,0.13088,0.26668,0.016,1.97929,0.10912,0.02154,0.02151,0.19002,1.14853,1.09212,1.09817,0,1.60581,0.00002,0.15602,0.10912,1.09212,1.09817,0.54179,0.41498,0.59007,0.50869,1.60581,0.03776,0.35013
2026-06-08 04:00:00,3.02368,0,0.00934,-0.027,0,0,0,0.001,0.20959,0.68141,0.90687,-0.02074,0.011,0.16002,0.54179,0.00001,0,0.00001,0,0.00738,0.00001,0.59007,1.3509,0.14053,0.26557,0.015,1.97929,0.11283,0.02297,0.02233,0.19102,1.15109,1.08212,1.09549,0,1.60581,0.00002,0.16002,0.11283,1.08212,1.09549,0.54179,0.41498,0.59007,0.50923,1.60581,0.03774,0.35008
2026-06-08 05:00:00,3.08204,0,0.01087,-0.02592,0,0,0,0.001,0.20816,0.66725,0.8697,-0.02062,0.01066,0.16202,0.53898,0.00001,0,0.00001,0,0.00153,0.00001,0.59007,1.33716,0.13084,0.2647,0.015,1.97929,0.11283,0.02226,0.00165,0.19002,1.15363,1.08212,1.09014,0,1.61244,0.00001,0.16202,0.11283,1.08212,1.09014,0.53898,0.41498,0.59007,0.50979,1.61244,0.03771,0.35002
2026-06-08 06:00:00,3.0466,0,0.0125,-0.015,0,0,0,0.001,0.20959,0.67668,0.88553,0.04784,0.01066,0.16302,0.54179,0.00001,0,0.00001,0,0.00591,0.00001,0.59007,1.32512,0.13084,0.24694,0.015,1.97929,0.11097,0.02226,0.0025,0.19102,1.15619,1.08212,1.08747,0,1.61908,0.00001,0.16302,0.11097,1.08212,1.08747,0.54179,0.41498,0.59007,0.51052,1.61908,0.03769,0.34998
2026-06-08 07:00:00,2.91679,0,0.01787,-0.01317,0,0,0,0.001,0.21102,0.65326,0.85922,0.13883,0.01001,0.16402,0.54179,0.00001,0,0.00001,0,0.01177,0.00001,0.59007,1.33377,0.14049,0.24633,0.015,1.97929,0.10912,0.02154,0.02404,0.19202,1.16036,1.08212,1.07948,0,1.62574,0.00001,0.16402,0.10912,1.08212,1.07948,0.54179,0.41743,0.59007,0.51142,1.62574,0.03767,0.34994
2026-06-08 08:00:00,2.78698,0,0.01778,-0.00733,0,0,0,0.001,0.21102,0.65791,0.85401,0.29301,0.01001,0.16402,0.5446,0.00001,0,0.00001,0,0.00297,0.00001,0.59007,1.36206,0.14049,0.27941,0.014,1.97929,0.10728,0.02188,0.06377,0.18902,1.16452,1.08712,1.07683,0,1.63241,0.00001,0.16402,0.10728,1.08712,1.07683,0.5446,0.42234,0.59007,0.51235,1.63241,0.03766,0.3499
2026-06-08 09:00:00,2.65716,0,0.01769,-0.01358,0.012,0,0,0.001,0.21453,0.66725,0.83845,0.36225,0.01001,0.16402,0.54179,0.00001,0,0.00001,0,-0.00877,0.00001,0.59007,1.39071,0.14046,0.27637,0.014,1.97929,0.10545,0.02223,0.0439,0.18902,1.16867,1.08712,1.07153,0,1.63908,0.00001,0.16402,0.10545,1.08712,1.07153,0.54179,0.42728,0.59007,0.51316,1.63908,0.03765,0.34987
2026-06-08 10:00:00,2.46841,0,0.02649,-0.01583,0,0,0,0.001,0.2163,0.67195,0.8333,0.30154,0.01001,0.16302,0.5446,0.00001,0,0.00001,0,-0.00877,0.00001,0.58707,1.34193,0.14042,0.27254,0.014,1.98062,0.10363,0.02223,0.02404,0.18902,1.17279,1.09212,1.06888,0,1.64578,0,0.16302,0.10363,1.09212,1.06888,0.5446,0.43225,0.58707,0.51379,1.64578,0.03764,0.34984
2026-06-08 11:00:00,2.31847,0,0.02652,-0.01517,0,0,0,0.001,0.21808,0.67668,0.83845,0.23855,0.01001,0.16302,0.54742,0.00001,0,0.00001,0,0.00297,0.00001,0.58407,1.41386,0.12992,0.26791,0.013,1.98194,0.10363,0.02151,0.06459,0.19102,1.17687,1.10712,1.0636,0,1.65248,0,0.16302,0.10363,1.10712,1.0636,0.54742,0.43724,0.58407,0.51426,1.65248,0.03762,0.34981
2026-06-08 12:00:00,2.26292,0,0.02649,-0.02425,0,0,0,0.001,0.21808,0.68617,0.82305,0.59244,0.00969,0.16302,0.55025,0.00001,0,0.00001,0,0.00591,0.00001,0.58707,1.50543,0.11945,0.30972,0.013,1.98327,0.10363,0.0215,0.0836,0.19102,1.18095,1.13813,1.06096,0,1.65919,0,0.16302,0.10363,1.13813,1.06096,0.55025,0.43974,0.58707,0.51461,1.65919,0.03761,0.3488
2026-06-08 13:00:00,2.30174,0,0.02634,-0.03009,0,0,0,0.001,0.21808,0.68141,0.84362,1.1252,0.00969,0.16202,0.54742,0.00001,0,0.00001,0,0.00297,0.00001,0.58407,1.43953,0.11948,0.32935,0.013,1.9846,0.10545,0.02221,0.06206,0.19302,1.18307,1.18413,1.05832,0,1.66593,0,0.16202,0.10545,1.18413,1.05832,0.54742,0.44477,0.58407,0.51485,1.66593,0.0376,0.34654
2026-06-08 14:00:00,2.45703,0,0.02643,-0.03492,0,0,0,0.001,0.21277,0.69094,0.84362,1.47448,0.00969,0.16202,0.55025,0.00001,0,0.00001,0,0.00441,0.00001,0.58707,1.41499,0.11948,0.31739,0.013,1.98592,0.10912,0.02221,0.0422,0.18902,1.18515,1.26814,1.05307,0,1.66593,0,0.16202,0.10912,1.26814,1.05307,0.55025,0.44729,0.58707,0.51514,1.66593,0.03759,0.34079
2026-06-08 15:00:00,2.65054,0,0.02663,-0.03784,0,0,0,0.001,0.20959,0.68617,0.8488,1.76846,0.01001,0.16102,0.55025,0.00001,0,0.00001,0,-0.00438,0.00001,0.59507,1.42889,0.11955,0.34092,0.013,1.98725,0.10912,0.02221,0.03722,0.19302,1.18723,1.32115,1.04782,0,1.67266,0,0.16102,0.10912,1.32115,1.04782,0.55025,0.44729,0.59507,0.51553,1.67266,0.03758,0.33888
2026-06-08 16:00:00,2.80544,0,0.03555,-0.0437,0,0,0,0.001,0.21453,0.68141,0.86445,2.01905,0.01001,0.15902,0.55025,0.00001,0,0.00001,0,-0.01171,0.00001,0.59807,1.4569,0.10952,0.3347,0.013,1.99853,0.11097,0.02112,0.04137,0.19102,1.18926,1.34215,1.0452,0,1.67266,0,0.15902,0.11097,1.34215,1.0452,0.55025,0.44729,0.59807,0.51611,1.67266,0.03756,0.33792
2026-06-08 17:00:00,2.88331,0,0.03546,-0.0434,0,0,0,0.001,0.2163,0.67668,0.85401,2.3149,0.01001,0.15802,0.54742,0.00001,0,0.00001,0,-0.01757,0.00001,0.60107,1.39757,0.12003,0.29845,0.013,2.00982,0.10912,0.02218,0.01074,0.19102,1.19123,1.38015,1.03997,0,1.67266,0,0.15802,0.10912,1.38015,1.03997,0.54742,0.44982,0.60107,0.517,1.67266,0.03753,0.33734
2026-06-08 18:00:00,2.88331,0,0.02655,-0.0312,0,0,0,0.001,0.22534,0.68141,0.8697,2.47703,0.01001,0.15502,0.54742,0.00001,0,0.00001,0,-0.01757,0.00001,0.59807,1.299,0.14628,0.26612,0.013,2.02112,0.10912,0.02073,0.00576,0.18902,1.1932,1.46116,1.03476,0,1.63908,0,0.15502,0.10912,1.46116,1.03476,0.54742,0.44729,0.59807,0.51811,1.63908,0.03751,0.33696
2026-06-08 19:00:00,2.88309,0,0.00863,-0.0269,-0.012,0,0,0.001,0.2235,0.67195,0.85922,2.46016,0.01001,0.15302,0.5446,0.00001,0,0.00001,0,-0.01757,0.00001,0.59807,1.34245,0.15682,0.25583,0.013,2.03123,0.10728,0.02214,0.01654,0.19002,1.19929,1.54917,1.02695,0,1.62574,0,0.15302,0.10728,1.54917,1.02695,0.5446,0.44477,0.59807,0.51937,1.62574,0.0375,0.33669
2026-06-08 20:00:00,2.80561,0,-0.0184,-0.0223,0,0,0,0.001,0.2163,0.66725,0.87496,2.53843,0.01001,0.15102,0.54179,0.00001,0,0.00001,0,-0.0161,0.00001,0.59807,1.32474,0.13105,0.24306,0.013,2.04133,0.10545,0.02214,-0.00748,0.18902,1.20534,1.63818,1.02695,0,1.60581,0,0.15102,0.10545,1.63818,1.02695,0.54179,0.43724,0.59807,0.52072,1.60581,0.03749,0.33648
2026-06-08 21:00:00,2.68975,0,-0.02787,-0.025,0,0,0,0.001,0.21453,0.66725,0.85401,2.66941,0.00969,0.15002,0.53617,0.00001,0,0.00001,0,0.0015,0.00001,0.59307,1.27492,0.11049,0.21187,0.013,2.05144,0.10363,0.02105,0.01736,0.19102,1.21134,1.68319,1.02695,0,1.59258,0,0.15002,0.10363,1.68319,1.02695,0.53617,0.43225,0.59307,0.52203,1.59258,0.03747,0.33632
2026-06-08 22:00:00,2.6121,0,-0.03737,-0.01025,0,0,0,0.001,0.21277,0.65326,0.82817,2.49066,0.00969,0.14802,0.53337,0.00001,0,0.00001,0,0.00588,0.00001,0.59007,1.25925,0.12058,0.21202,0.013,2.06155,0.10181,0.02211,0.03308,0.19202,1.21729,1.70019,1.02695,0.00001,1.57283,0,0.14802,0.10181,1.70019,1.02695,0.53337,0.42728,0.59007,0.52328,1.57283,0.03745,0.33619
2026-06-08 23:00:00,2.61188,0,-0.05579,-0.00359,0,0,0,0.001,0.21277,0.65326,0.8333,2.00204,0.00969,0.14702,0.52778,0.00001,0,0.00001,0,-0.00294,0.00001,0.57806,1.27118,0.12055,0.24602,0.013,2.07165,0.10001,0.02139,0.06371,0.18902,1.22318,1.71119,1.02695,0.00001,1.54664,0,0.14702,0.10001,1.71119,1.02695,0.52778,0.42481,0.57806,0.52443,1.54664,0.03742,0.33609
2026-06-09 00:00:00,2.72835,0,-0.05637,-0.02717,0,0,0,0.001,0.20959,0.64403,0.83845,1.38154,0.00939,0.14502,0.525,0.00001,0,0.00001,0,-0.00294,0.00001,0.57306,1.32187,0.10477,0.23005,0.012,2.08177,0.09822,0.02037,0.07366,0.19002,1.22906,1.72219,1.02695,0,1.54013,0,0.14502,0.09822,1.72219,1.02695,0.525,0.42234,0.57306,0.52542,1.54013,0.0374,0.336
2026-06-09 01:00:00,2.80583,0,-0.04796,-0.02626,0,0,0,0.001,0.20674,0.63031,0.8333,0.76398,0.00939,0.14502,0.525,0.00001,0,0.00001,0,-0.00586,0.00001,0.57006,1.26791,0.08413,0.23046,0.012,2.09439,0.09644,0.02072,0.06786,0.18902,1.23108,1.72219,1.02436,0,1.52066,0,0.14502,0.09644,1.72219,1.02436,0.525,0.41743,0.57006,0.52622,1.52066,0.03738,0.33593
2026-06-09 02:00:00,2.8441,0,-0.01263,-0.01334,0,0,0,0.001,0.22168,0.62126,0.82817,0.1463,0.00909,0.14502,0.52222,0.00001,0,0.00001,0,-0.00586,0.00001,0.56406,1.23299,0.09981,0.26957,0.012,2.107,0.09466,0.02071,0.05297,0.19002,1.23311,1.71719,1.02955,0,1.51419,0,0.14502,0.09466,1.71719,1.02955,0.52222,0.41498,0.56406,0.52677,1.51419,0.03738,0.33587
2026-06-09 03:00:00,2.92179,0,0.01396,0.00283,0,0,0,0.001,0.22903,0.60782,0.81795,-0.47326,0.00909,0.14602,0.51944,0.00001,0,0.00001,0,0,0.00001,0.55906,1.21152,0.12037,0.24478,0.012,2.09835,0.09466,0.02106,0.02316,0.18902,1.23512,1.72219,1.03216,0,1.50129,0,0.14602,0.09466,1.72219,1.03216,0.51944,0.41254,0.55906,0.52703,1.50129,0.03737,0.33581
2026-06-09 04:00:00,2.99966,0,0.01393,-0.00992,0,0,0,0.001,0.23292,0.59015,0.80274,-0.56094,0.00909,0.14702,0.51391,0.00001,0,0.00001,0,0.00197,0.00001,0.55606,1.18135,0.12037,0.21879,0.012,2.08969,0.0929,0.0207,0.02316,0.18702,1.23709,1.73419,1.03997,0,1.48203,0,0.14702,0.0929,1.73419,1.03997,0.51391,0.41011,0.55606,0.52703,1.48203,0.03735,0.33576
2026-06-09 05:00:00,3.07708,0,0.04069,-0.01009,0,0,0,0.001,0.23687,0.59015,0.78768,-0.38035,0.00909,0.14902,0.51391,0.00001,0,0.00001,0,0.00003,0.00001,0.55306,1.16925,0.11037,0.19892,0.012,2.08104,0.0929,0.02033,0.00662,0.18802,1.23906,1.73419,1.04782,0,1.48203,0,0.14902,0.0929,1.73419,1.04782,0.51391,0.41011,0.55306,0.52679,1.48203,0.03734,0.33572
2026-06-09 06:00:00,3.23094,0,0.04063,0.0155,0,0,0,0.001,0.23489,0.58141,0.78768,-0.37837,0.00881,0.15002,0.50839,0.00001,0,0.00001,0,-0.01074,0.00001,0.55006,1.11853,0.10041,0.23133,0.012,2.07238,0.0929,0.02031,-0.00083,0.18702,1.24101,1.74519,1.06096,0,1.48203,0,0.15002,0.0929,1.74519,1.06096,0.50839,0.40768,0.55006,0.52639,1.48203,0.03732,0.33568
2026-06-09 07:00:00,3.4519,0,0.04064,0.01333,0,0,0,0.001,0.23489,0.58578,0.77276,-0.37996,0.00881,0.15002,0.51115,0.00001,0,0.00001,0,-0.01174,0.00001,0.55006,1.1289,0.10041,0.22073,0.012,2.06487,0.0929,0.02102,-0.01737,0.18802,1.24333,1.73419,1.07948,0,1.46924,0,0.15002,0.0929,1.73419,1.07948,0.51115,0.40526,0.55006,0.52582,1.46924,0.03731,0.33565
2026-06-09 08:00:00,3.62456,0,0.0405,0.00692,0,0,0,0.001,0.23292,0.58141,0.76782,-0.29077,0.00881,0.15102,0.51115,0.00001,0,0.00001,0,-0.01174,0.00001,0.54706,1.17707,0.10034,0.18824,0.012,2.05737,0.0929,0.0203,0.005,0.18902,1.24566,1.73919,1.10622,0,1.46287,0,0.15102,0.0929,1.73919,1.10622,0.51115,0.40283,0.54706,0.52511,1.46287,0.03731,0.33562
2026-06-09 09:00:00,3.70916,0,0.03149,0.00033,0,0,0,0.001,0.22534,0.57708,0.75797,-0.11028,0.00881,0.15202,0.50839,0.00001,0,0.00001,0,-0.0176,0.00001,0.54506,1.20519,0.10024,0.20082,0.012,2.04986,0.0929,0.02064,0.03316,0.18702,1.24797,1.74519,1.13305,0,1.46924,0,0.15202,0.0929,1.74519,1.13305,0.50839,0.39802,0.54506,0.52433,1.46924,0.0373,0.33559
2026-06-09 10:00:00,3.74518,0,0.03152,-0.01859,0.012,0,0,0.001,0.22903,0.57276,0.74334,-0.10958,0.00881,0.15202,0.50565,0.00001,0,0.00001,0,-0.01371,0.00001,0.54206,1.21519,0.10541,0.21302,0.012,2.04235,0.0929,0.02099,0.00915,0.18902,1.25022,1.74519,1.16231,0,1.46924,0,0.15202,0.0929,1.74519,1.16231,0.50565,0.39802,0.54206,0.52349,1.46924,0.03727,0.33557
2026-06-09 11:00:00,3.79074,0,0.01363,-0.02167,0,0,0,0.001,0.2235,0.59015,0.7385,0.04858,0.00853,0.15202,0.50565,0.00001,0,0.00001,0,-0.00297,0.00001,0.53906,1.20656,0.10535,0.24487,0.013,2.03485,0.09114,0.01991,0.01656,0.18702,1.2525,1.74519,1.19191,0,1.47563,0,0.15202,0.09114,1.74519,1.19191,0.50565,0.39562,0.53906,0.52263,1.47563,0.03725,0.33554
2026-06-09 12:00:00,3.81864,0,0.02252,-0.01109,0,0,0,0.001,0.22168,0.59015,0.74334,0.45739,0.00826,0.15302,0.51391,0.00001,0,0.00001,0,0.0078,0.00001,0.53606,1.23663,0.10012,0.23559,0.013,2.02734,0.09114,0.02096,0.04555,0.18902,1.25475,1.74519,1.22187,0,1.48844,0,0.15302,0.09114,1.74519,1.22187,0.51391,0.39562,0.53606,0.52173,1.48844,0.03723,0.33429
2026-06-09 13:00:00,3.81891,0,0.03135,-0.006,0,0,0,0.001,0.21987,0.58578,0.72406,0.74742,0.00826,0.15202,0.50839,0.00001,0,0.00001,0,0.01465,0.00001,0.53406,1.22648,0.09021,0.26619,0.014,2.02026,0.09114,0.0206,0.06295,0.18902,1.26249,1.73919,1.25494,0,1.48844,0,0.15202,0.09114,1.73919,1.25494,0.50839,0.39562,0.53406,0.5208,1.48844,0.03721,0.33098
2026-06-09 14:00:00,3.76991,0,0.02246,-0.00667,0,0,0,0.001,0.21808,0.59454,0.7385,1.13384,0.00826,0.15002,0.51115,0.00001,0,0.00001,0,0.0088,0.00001,0.52306,1.17738,0.07068,0.29026,0.014,2.01318,0.09114,0.02022,0.06127,0.19302,1.27021,1.74519,1.28282,0,1.48844,0,0.15002,0.09114,1.74519,1.28282,0.51115,0.39802,0.52306,0.51977,1.48844,0.0372,0.32705
2026-06-09 15:00:00,3.67232,0,0.0136,-0.01,0,0,0,0.001,0.21987,0.59895,0.7482,1.58207,0.00826,0.14902,0.51115,0.00001,0,0.00001,0,-0.0088,0.00001,0.51706,1.14136,0.05075,0.33033,0.015,2.00611,0.0894,0.02021,0.04388,0.18902,1.27785,1.73919,1.30533,0,1.46924,0,0.14902,0.0894,1.73919,1.30533,0.51115,0.40283,0.51706,0.51862,1.46924,0.03719,0.32574
2026-06-09 16:00:00,3.62352,0,0.00462,0.00367,0,0,0,0.001,0.2163,0.59454,0.7482,1.96734,0.00826,0.14702,0.51391,0.00001,0,0.00001,0,-0.01757,0.00001,0.51706,1.11615,0.03522,0.35773,0.015,1.99903,0.0929,0.02019,0.0497,0.18902,1.2854,1.73919,1.32802,0.00001,1.45651,0,0.14702,0.0929,1.73919,1.32802,0.51391,0.40526,0.51706,0.51745,1.45651,0.03716,0.32508
2026-06-09 17:00:00,3.52641,0,0.0136,-0.0025,0,0,0,0.001,0.21453,0.59015,0.75308,2.25671,0.00826,0.14602,0.51115,0.00001,0,0.00001,0,-0.01757,0.00001,0.51706,1.14942,0.03541,0.33031,0.015,1.99195,0.0929,0.02018,0.04064,0.19002,1.29292,1.74519,1.34798,0.00001,1.45651,0,0.14602,0.0929,1.74519,1.34798,0.51115,0.40526,0.51706,0.51626,1.45651,0.03713,0.32469
2026-06-09 18:00:00,3.28292,0,0.02283,-0.01342,-0.012,0,0,0.001,0.21277,0.59454,0.75308,2.25609,0.00826,0.14502,0.51391,0.00001,0,0.00001,0,-0.02054,0.00001,0.51406,1.14534,0.04077,0.30985,0.015,1.98487,0.09466,0.02016,0.01913,0.19102,1.30037,1.74519,1.36787,0.00001,1.46287,0,0.14502,0.09466,1.74519,1.36787,0.51391,0.40768,0.51406,0.51502,1.46287,0.03711,0.32443
2026-06-09 19:00:00,3.03916,0,0.00719,-0.01034,0,0,0,0.001,0.21277,0.59015,0.75308,2.22456,0.00826,0.14302,0.51115,0.00001,0,0.00001,0,-0.02937,0.00001,0.51206,1.12308,0.04084,0.2757,0.015,1.97789,0.09644,0.02015,0.03069,0.18902,1.30038,1.7512,1.38502,0.00001,1.45651,0,0.14302,0.09644,1.7512,1.38502,0.51115,0.41011,0.51206,0.51387,1.45651,0.0371,0.32424
2026-06-09 20:00:00,2.89299,0,-0.00673,-0.01275,0,0,0,0.001,0.21102,0.59015,0.75797,2.22453,0.00826,0.14402,0.50565,0.00001,0,0.00001,0,-0.02351,0.00001,0.50906,1.12508,0.06069,0.24883,0.016,1.9709,0.09644,0.02013,0.03234,0.18902,1.3004,1.74519,1.40228,0,1.46924,0,0.14402,0.09644,1.74519,1.40228,0.50565,0.41011,0.50906,0.51289,1.46924,0.03709,0.3241
2026-06-09 21:00:00,2.84419,0,-0.00276,-0.01509,0,0,0,0.001,0.21102,0.58578,0.75308,2.22586,0.00826,0.14502,0.50565,0.00001,0,0.00001,0,-0.00006,0.00001,0.50906,1.1734,0.08091,0.22584,0.017,1.96392,0.09466,0.02048,0.04644,0.18902,1.30042,1.73919,1.41673,0.00001,1.46924,0,0.14502,0.09466,1.73919,1.41673,0.50565,0.41254,0.50906,0.51209,1.46924,0.03708,0.32399
2026-06-09 22:00:00,2.7954,0,0.01902,-0.02325,0,0,0,0.001,0.20114,0.58141,0.75797,2.22711,0.00826,0.14402,0.50016,0.00001,0,0.00001,0,0.01018,0.00001,0.51206,1.19648,0.09142,0.19877,0.017,1.95693,0.09466,0.0201,0.04146,0.18802,1.3004,1.73419,1.42834,0.00001,1.47563,0,0.14402,0.09466,1.73419,1.42834,0.50016,0.41254,0.51206,0.51151,1.47563,0.03706,0.3239
2026-06-09 23:00:00,2.69781,0,0.02282,-0.027,0,0,0,0.001,0.20253,0.57276,0.75308,1.90555,0.00826,0.14002,0.50016,0.00001,0,0.00001,0,0.00433,0.00001,0.51206,1.13112,0.09138,0.19848,0.017,1.94995,0.09466,0.02045,0.02074,0.18902,1.30039,1.72819,1.44291,0,1.47866,0,0.14002,0.09466,1.72819,1.44291,0.50016,0.41254,0.51206,0.51106,1.47866,0.03705,0.32383
2026-06-10 00:00:00,2.64901,0,-0.00937,-0.01842,0,0,0,0.001,0.21453,0.56418,0.74334,1.51967,0.00826,0.13802,0.4947,0.00001,0,0.00001,0,0.00583,0.00001,0.51206,1.14461,0.09173,0.21492,0.017,1.94296,0.09466,0.01967,0.03728,0.18702,1.30037,1.73919,1.45169,0,1.48203,0,0.13802,0.09466,1.73919,1.45169,0.4947,0.40768,0.51206,0.51064,1.48203,0.03704,0.32377
2026-06-10 01:00:00,2.64901,0,0.01002,-0.01642,0,0,0,0.001,0.21102,0.56418,0.73367,1.13517,0.00826,0.13502,0.4947,0.00001,0,0.00001,0,0.01613,0.00001,0.50906,1.15617,0.1022,0.21169,0.017,1.93815,0.09466,0.0211,0.03896,0.18802,1.30039,1.73419,1.46049,0,1.49486,0,0.13502,0.09466,1.73419,1.46049,0.4947,0.40768,0.50906,0.51025,1.49486,0.03703,0.32372
2026-06-10 02:00:00,2.64901,0,0.03652,-0.0185,0,0,0,0.001,0.20533,0.55991,0.73367,0.62014,0.00826,0.13401,0.49197,0.00001,0,0.00001,0,0.01907,0.00001,0.51406,1.14579,0.09207,0.2125,0.017,1.93334,0.0929,0.01999,0.03899,0.18802,1.30038,1.73919,1.47226,0,1.50773,0,0.13401,0.0929,1.73919,1.47226,0.49197,0.40283,0.51406,0.50994,1.50773,0.03702,0.32368
2026-06-10 03:00:00,2.64901,0,0.02718,-0.00717,0,0,0,0.001,0.21453,0.56418,0.73367,0.10372,0.00826,0.13301,0.4947,0.00001,0,0.00001,0,0.01177,0.00001,0.51706,1.1375,0.09165,0.18527,0.016,1.92854,0.0929,0.02033,0.04146,0.18902,1.3004,1.72819,1.47521,0,1.52714,0,0.13301,0.0929,1.72819,1.47521,0.4947,0.39802,0.51706,0.5097,1.52714,0.03701,0.32364
2026-06-10 04:00:00,2.73034,0,0.01796,0.01367,0,0,0,0.001,0.22903,0.55567,0.70031,-0.3465,0.00826,0.13201,0.48654,0.00001,0,0.00001,0,0.00447,0.00001,0.52006,1.12232,0.0913,0.17545,0.015,1.92373,0.0929,0.01932,0.07125,0.18802,1.30041,1.72219,1.49001,0,1.54013,0,0.13201,0.0929,1.72219,1.49001,0.48654,0.39323,0.52006,0.50951,1.54013,0.03699,0.32361
2026-06-10 05:00:00,2.89301,0,0.01785,0.02917,0,0,0,0.001,0.23489,0.56846,0.71451,-0.53876,0.00826,0.13101,0.48384,0.00001,0,0.00001,0,0.00447,0.00001,0.52506,1.17782,0.08121,0.18347,0.015,1.91892,0.0929,0.01966,0.08946,0.18702,1.30037,1.72819,1.49594,0,1.55317,0,0.13101,0.0929,1.72819,1.49594,0.48384,0.39085,0.52506,0.50929,1.55317,0.03696,0.32358
2026-06-10 06:00:00,3.00688,0,0.03557,0.01767,0,0,0,0.001,0.24289,0.57708,0.71451,-0.47369,0.008,0.13101,0.48114,0.00001,0,0.00001,0,0.003,0.00001,0.52806,1.17362,0.08118,0.15493,0.015,1.91411,0.0929,0.01929,0.08037,0.18902,1.30037,1.72819,1.49892,0,1.56626,0,0.13101,0.0929,1.72819,1.49892,0.48114,0.38847,0.52806,0.50899,1.56626,0.03694,0.32355
2026-06-10 07:00:00,3.05894,0,0.03551,0.01534,0,0,0,0.001,0.24492,0.59895,0.70976,-0.41072,0.008,0.13502,0.48114,0.00001,0,0.00001,0,-0.00727,0.00001,0.52806,1.21135,0.08118,0.18258,0.015,1.91073,0.0929,0.01927,0.0638,0.18702,1.29984,1.73419,1.50487,0,1.5794,0,0.13502,0.0929,1.73419,1.50487,0.48114,0.38847,0.52806,0.50865,1.5794,0.03692,0.32353
2026-06-10 08:00:00,3.13702,0,0.02668,0.01742,0,0,0,0.001,0.24492,0.60782,0.71928,-0.31422,0.008,0.13902,0.47844,0.00001,0,0.00001,0,-0.01607,0.00001,0.52806,1.29023,0.10098,0.20468,0.014,1.90735,0.0929,0.01924,0.04143,0.18902,1.29934,1.72819,1.51083,0,1.59258,0,0.13902,0.0929,1.72819,1.51083,0.47844,0.3861,0.52806,0.50823,1.59258,0.03692,0.32351
2026-06-10 09:00:00,3.26716,0,0.02674,0.01359,0,0,0,0.001,0.24697,0.63031,0.71928,-0.28075,0.00764,0.13902,0.47575,0.00001,0,0.00001,0,-0.01171,0.00001,0.52506,1.32972,0.10098,0.21619,0.014,1.90397,0.0929,0.01958,0.03066,0.18702,1.29884,1.72819,1.51381,0,1.61244,0,0.13902,0.0929,1.72819,1.51381,0.47575,0.38373,0.52506,0.50771,1.61244,0.03691,0.32349
2026-06-10 10:00:00,3.28345,0,0.02674,0.00725,0,0,0,0.001,0.24697,0.63487,0.7385,-0.21754,0.00729,0.13902,0.47575,0.00001,0,0.00001,0,-0.00294,0.00001,0.52306,1.39097,0.09123,0.24615,0.014,1.90059,0.09114,0.01921,0.01495,0.18802,1.2983,1.73919,1.51979,0,1.62574,0,0.13902,0.09114,1.73919,1.51979,0.47575,0.38373,0.52306,0.50708,1.62574,0.03689,0.32347
2026-06-10 11:00:00,3.13706,0,0.02668,-0.0065,0,0,0,0.001,0.24492,0.66257,0.75308,-0.02418,0.00696,0.13902,0.47307,0.00001,0,0.00001,0,-0.00294,0.00001,0.51706,1.39289,0.10129,0.22468,0.013,1.89721,0.09114,0.01881,0.03066,0.18602,1.29778,1.73419,1.52279,0,1.63908,0,0.13902,0.09114,1.73419,1.52279,0.47307,0.38373,0.51706,0.50633,1.63908,0.03688,0.32346
2026-06-10 12:00:00,3.11074,0,0.02668,-0.00483,0,0,0,0.001,0.24087,0.67668,0.76288,0.30949,0.00696,0.13802,0.47575,0.00001,0,0.00001,0,-0.00003,0.00001,0.50606,1.41442,0.10129,0.17126,0.013,1.89383,0.0894,0.01915,0.04802,0.18602,1.29726,1.73419,1.52578,0,1.65919,0,0.13802,0.0894,1.73419,1.52578,0.47575,0.38373,0.50606,0.50553,1.65919,0.03687,0.31992
2026-06-10 13:00:00,3.08172,0,0.01777,-0.00483,0,0,0,0.001,0.24087,0.70054,0.78269,0.6474,0.00664,0.13702,0.47575,0.00001,0,0.00001,0,0.00874,0.00001,0.50306,1.4362,0.10129,0.08876,0.012,1.89014,0.0894,0.01875,0.07121,0.18702,1.25391,1.72819,1.52578,0,1.67266,0,0.13702,0.0894,1.72819,1.52578,0.47575,0.38373,0.50306,0.50461,1.67266,0.03686,0.31633
2026-06-10 14:00:00,3.05272,0,0.00879,-0.0085,0,0,0,0.001,0.23886,0.71508,0.81286,0.99188,0.00664,0.13602,0.47307,0.00001,0,0.00001,0,0.00727,0.00001,0.49506,1.46002,0.09121,0.05563,0.012,1.88645,0.0894,0.01835,0.10017,0.18902,1.21056,1.72819,1.52878,0,1.67941,0,0.13602,0.0894,1.72819,1.52878,0.47307,0.38373,0.49506,0.50362,1.67941,0.03685,0.31631
2026-06-10 15:00:00,3.0237,0,0.01777,-0.00917,0,0,0,0.002,0.24492,0.73472,0.82817,1.00444,0.00664,0.13401,0.47575,0.00001,0,0.00001,0,-0.00735,0.00001,0.49305,1.46406,0.08112,0.04743,0.012,1.88276,0.08766,0.01904,0.10347,0.18702,1.16721,1.73419,1.53178,0,1.67266,0,0.13401,0.08766,1.73419,1.53178,0.47575,0.38137,0.49305,0.50253,1.67266,0.03684,0.31629
2026-06-10 16:00:00,2.99468,0,0.0178,-0.0005,0,0,0,0.002,0.25727,0.73472,0.84362,1.01851,0.00633,0.13201,0.47575,0.00001,0,0.00001,0,-0.0176,0.00001,0.49005,1.40087,0.08153,0.0416,0.012,1.87906,0.08594,0.01827,0.07283,0.18902,1.12385,1.73419,1.53178,0.00001,1.67266,0,0.13201,0.08594,1.73419,1.53178,0.47575,0.38373,0.49005,0.50139,1.67266,0.03682,0.31627
2026-06-10 17:00:00,2.96568,0,0.01782,0.01234,-0.012,0,0,0.002,0.25519,0.74465,0.85922,1.041,0.00633,0.13101,0.47575,0.00001,0,0.00001,0,-0.0176,0.00001,0.48705,1.41062,0.09207,0.0754,0.012,1.87537,0.08594,0.01746,0.04635,0.18702,1.08047,1.73919,1.53479,0.00001,1.67941,0,0.13101,0.08594,1.73919,1.53479,0.47575,0.3861,0.48705,0.50027,1.67941,0.03679,0.31625
2026-06-10 18:00:00,2.93666,0,0.01816,0.01392,0,0,0,0.002,0.25312,0.75466,0.88024,1.06332,0.00633,0.12701,0.47307,0.00001,0,0.00001,0,-0.01757,0.00001,0.48705,1.42065,0.10137,0.14151,0.012,1.87168,0.08594,0.01847,0.03808,0.18702,1.03712,1.73919,1.53779,0,1.67266,0,0.12701,0.08594,1.73919,1.53779,0.47307,0.38137,0.48705,0.49912,1.67266,0.03677,0.31622
2026-06-10 19:00:00,2.91587,0,0.0101,-0.00567,0,0,0,0.002,0.25519,0.74465,0.86445,1.0796,0.00629,0.12501,0.47307,0.00001,0,0.00001,0,-0.02339,0.00001,0.49305,1.39122,0.10055,0.20071,0.012,1.8733,0.08766,0.01881,-0.00083,0.18702,0.99524,1.73919,1.53944,0,1.66593,0,0.12501,0.08766,1.73919,1.53944,0.47307,0.37902,0.49305,0.49791,1.66593,0.03675,0.31619
2026-06-10 20:00:00,2.89508,0,0.01135,-0.024,0,0,0,0.002,0.24492,0.73472,0.90687,1.09464,0.00633,0.12201,0.47039,0.00001,0,0.00001,0,-0.01901,0.00001,0.49806,1.3407,0.10093,0.23143,0.012,1.87492,0.09114,0.01804,-0.0066,0.18702,0.95337,1.73419,1.5408,0.00001,1.65919,0,0.12201,0.09114,1.73419,1.5408,0.47039,0.37668,0.49806,0.49668,1.65919,0.03674,0.31616
2026-06-10 21:00:00,2.8743,0,0.00371,-0.02084,0,0,0,0.002,0.24697,0.72486,0.90687,1.11154,0.00633,0.12101,0.46504,0.00001,0,0.00001,0,-0.00585,0.00001,0.49806,1.29734,0.1114,0.2576,0.011,1.87654,0.0894,0.01798,0.00668,0.18602,0.95349,1.73419,1.53779,0,1.65248,0,0.12101,0.0894,1.73419,1.53779,0.46504,0.37668,0.49806,0.4955,1.65248,0.03673,0.31612
2026-06-10 22:00:00,2.85351,0,-0.00388,-0.01709,0,0,0,0.002,0.23687,0.71508,0.90151,1.11615,0.00633,0.12001,0.46238,0.00001,0,0.00001,0,-0.00441,0.00001,0.49305,1.32821,0.11102,0.24378,0.011,1.87817,0.08766,0.01793,0.00668,0.18602,0.9536,1.73419,1.53779,0,1.63908,0,0.12001,0.08766,1.73419,1.53779,0.46238,0.37668,0.49305,0.49442,1.63908,0.03672,0.31608
2026-06-10 23:00:00,2.83272,0,-0.0114,-0.0285,0,0,0,0.002,0.23292,0.71021,0.90151,1.1268,0.00633,0.11801,0.45972,0.00001,0,0.00001,0,0.00294,0.00001,0.49506,1.30552,0.101,0.22417,0.011,1.87979,0.08766,0.01823,-0.00077,0.18602,0.9537,1.73919,1.5408,0,1.63908,0,0.11801,0.08766,1.73919,1.5408,0.45972,0.372,0.49506,0.49357,1.63908,0.0367,0.31603
2026-06-11 00:00:00,2.83385,0,-0.00154,-0.04284,-0.012,0,0,0.002,0.22903,0.68617,0.89617,1.14491,0.00633,0.11701,0.45442,0.00001,0,0.00001,0,0.00441,0.00001,0.49305,1.2616,0.09176,0.22221,0.011,1.88141,0.08422,0.01818,-0.00159,0.18602,0.9538,1.73419,1.54381,0,1.63908,0,0.11701,0.08422,1.73419,1.54381,0.45442,0.36968,0.49305,0.49277,1.63908,0.03669,0.31597
2026-06-11 01:00:00,2.83844,0,0.01674,-0.03,0,0,0,0.002,0.21453,0.67195,0.88696,1.14534,0.00633,0.11601,0.45178,0.00001,0,0.00001,0,0.00438,0.00001,0.49005,1.25541,0.09173,0.23566,0.011,1.89974,0.08252,0.01741,0.01659,0.18502,0.95488,1.73419,1.54381,0,1.63908,0,0.11601,0.08252,1.73419,1.54381,0.45178,0.36968,0.49005,0.49184,1.63908,0.03668,0.3159
2026-06-11 02:00:00,2.84303,0,0.0258,-0.0045,0,0,0,0.002,0.17493,0.66725,0.87496,1.14217,0.00633,0.11701,0.44652,0.00001,0,0.00001,0,0.0176,0.00001,0.48705,1.22697,0.09131,0.21837,0.011,1.91807,0.08252,0.01807,0.00994,0.18402,0.95597,1.73419,1.54381,0,1.63908,0,0.11701,0.08252,1.73419,1.54381,0.44652,0.36736,0.48705,0.49084,1.63908,0.03668,0.31581
2026-06-11 03:00:00,2.84761,0,0.0356,-0.00125,0,0,0,0.002,0.21987,0.66257,0.85401,1.13823,0.00664,0.11801,0.44389,0.00001,0,0.00001,0,0.01321,0.00001,0.48705,1.18993,0.08126,0.20751,0.011,1.93639,0.08422,0.01803,-0.00415,0.18402,0.95705,1.73419,1.54683,0,1.64578,0,0.11801,0.08422,1.73419,1.54683,0.44389,0.36504,0.48705,0.48972,1.64578,0.03667,0.31571
2026-06-11 04:00:00,2.8522,0,0.03742,-0.01642,0,0,0,0.002,0.24903,0.64864,0.8488,1.13043,0.00664,0.11701,0.44389,0.00001,0,0.00001,0,0.01027,0.00001,0.49005,1.18452,0.08126,0.19792,0.011,1.95472,0.08594,0.01836,0.03393,0.18402,0.95809,1.72819,1.54683,0,1.64578,0,0.11701,0.08594,1.72819,1.54683,0.44389,0.36504,0.49005,0.48846,1.64578,0.03664,0.31559
2026-06-11 05:00:00,2.85679,0,0.04763,-0.01692,0,0,0,0.002,0.25519,0.63487,0.81795,1.11916,0.00696,0.11701,0.44127,0.00001,0,0.00001,0,0.01466,0.00001,0.49005,1.17754,0.08122,0.18877,0.011,1.97305,0.08422,0.01795,0.05959,0.18602,0.95917,1.72819,1.54683,0,1.63908,0,0.11701,0.08422,1.72819,1.54683,0.44127,0.36274,0.49005,0.48713,1.63908,0.03662,0.31542
2026-06-11 06:00:00,2.86138,0,0.0491,-0.00625,0.012,0,0,0.002,0.24697,0.65791,0.82817,1.10248,0.00696,0.11701,0.43866,0.00001,0,0.00001,0,0.01024,0.00001,0.49005,1.17211,0.08122,0.19716,0.011,1.99138,0.08252,0.01829,0.03805,0.18402,0.96023,1.72219,1.54683,0,1.63908,0,0.11701,0.08252,1.72219,1.54683,0.43866,0.36274,0.49005,0.48584,1.63908,0.0366,0.31521
2026-06-11 07:00:00,2.86188,0,0.04207,-0.00517,0,0,0,0.002,0.25519,0.65326,0.80274,1.08743,0.00729,0.11801,0.43605,0.00001,0,0.00001,0,0.01024,0.00001,0.49305,1.20907,0.08126,0.19044,0.011,2.00823,0.08082,0.01753,0.04549,0.18302,0.96034,1.73419,1.54683,0,1.63908,0,0.11801,0.08082,1.73419,1.54683,0.43605,0.36044,0.49305,0.48463,1.63908,0.03658,0.3149
2026-06-11 08:00:00,2.86238,0,0.03494,-0.00842,0,0,0,0.002,0.25107,0.65326,0.7977,1.06878,0.00764,0.12001,0.43866,0.00001,0,0.00001,0,-0.00003,0.00001,0.49305,1.24626,0.09131,0.19506,0.012,2.02509,0.08082,0.01783,0.0397,0.18502,0.96043,1.73919,1.54985,0,1.63908,0,0.12001,0.08082,1.73919,1.54985,0.43866,0.35814,0.49305,0.48342,1.63908,0.03657,0.31444
2026-06-11 09:00:00,2.86289,0,0.04398,-0.01067,0,0,0,0.002,0.25519,0.67195,0.79268,1.0556,0.00764,0.12101,0.43605,0.00001,0,0.00001,0,-0.00003,0.00001,0.49005,1.28346,0.09125,0.17371,0.012,2.04194,0.08082,0.01743,0.05709,0.18702,0.96055,1.74519,1.54985,0,1.63241,0,0.12101,0.08082,1.74519,1.54985,0.43605,0.35586,0.49005,0.48209,1.63241,0.03656,0.31368
2026-06-11 10:00:00,2.86339,0,0.03701,0,0,0,0,0.002,0.25107,0.68617,0.7977,1.0457,0.00764,0.12301,0.43605,0.00001,0,0.00001,0,0,0.00001,0.48705,1.30805,0.11608,0.27487,0.012,2.05879,0.08082,0.01776,0.05078,0.18402,0.96065,1.74519,1.55287,0,1.64578,0,0.12301,0.08082,1.74519,1.55287,0.43605,0.35586,0.48705,0.48066,1.64578,0.03655,0.31216
2026-06-11 11:00:00,2.86389,0,0.03004,0,0,0,0,0.002,0.25519,0.71508,0.80274,1.03037,0.00764,0.12401,0.43605,0.00001,0,0.00001,0,0,0.00001,0.48705,1.32779,0.1165,0.27855,0.011,2.07565,0.08082,0.01774,0.04445,0.18502,0.96075,1.7512,1.54985,0,1.63908,0,0.12401,0.08082,1.7512,1.54985,0.43605,0.35357,0.48705,0.47918,1.63908,0.03653,0.3076
2026-06-11 12:00:00,2.86439,0,0.02307,0,0,0,0,0.002,0.25727,0.71996,0.81049,1.02212,0.00764,0.12501,0.43866,0.00001,0,0.00001,0,0,0.00001,0.48505,1.34435,0.11691,0.28224,0.011,2.0925,0.07914,0.01772,0.03814,0.18202,0.96085,1.74519,1.54985,0,1.64578,0,0.12501,0.07914,1.74519,1.54985,0.43866,0.35586,0.48505,0.47773,1.64578,0.03652,0.30611
2026-06-11 13:00:00,2.88124,0,0.02305,0,0,0,0,0.00199,0.25702,0.72393,0.82305,1.01934,0.0076,0.12601,0.43888,0,0,0.00001,0,0,0.00001,0.48205,1.35894,0.11697,0.28411,0.011,2.09383,0.07914,0.01753,0.03808,0.18602,0.96002,1.74519,1.55214,0,1.64721,0,0.12601,0.07914,1.74519,1.55214,0.43888,0.35392,0.48205,0.47629,1.64721,0.03651,0.30559
2026-06-11 14:00:00,2.89809,0,0.02304,0,0,0,0,0.00199,0.25676,0.72454,0.84985,1.0217,0.0076,0.12534,0.43912,0,0,0.00001,0,0,0,0.48118,1.37225,0.11703,0.28599,0.011,2.09516,0.07911,0.01734,0.03802,0.18594,0.9592,1.74518,1.55434,0,1.64849,0,0.12534,0.07911,1.74518,1.55434,0.43912,0.35212,0.48118,0.47485,1.64849,0.0365,0.30557
2026-06-11 15:00:00,2.91495,0,0.02301,0,0,0,0,0.00199,0.25651,0.7177,0.87043,1.02622,0.0076,0.12459,0.43929,0,0,0.00001,0,0,0,0.48072,1.38484,0.11709,0.28786,0.01101,2.09649,0.07911,0.01715,0.03796,0.18616,0.95837,1.74517,1.55639,0,1.64966,0,0.12459,0.07911,1.74517,1.55639,0.43929,0.35039,0.48072,0.47334,1.64966,0.03649,0.30555
2026-06-11 16:00:00,2.9318,0,0.02299,0,0,0,0,0.00199,0.25626,0.71079,0.88655,1.03419,0.0076,0.12395,0.43931,0,0,0.00001,0,0,0,0.4797,1.38422,0.11714,0.28973,0.01101,2.09781,0.07905,0.01696,0.0379,0.18631,0.95753,1.74516,1.5582,0,1.65064,0,0.12395,0.07905,1.74516,1.5582,0.43931,0.34875,0.4797,0.4718,1.65064,0.03647,0.30552
2026-06-11 17:00:00,2.94865,0,0.02297,0,0,0,0,0.00198,0.25601,0.70378,0.89803,1.05049,0.0076,0.12348,0.43917,0,0,0.00001,0,0,0,0.47838,1.38345,0.1172,0.29161,0.01102,2.09914,0.07901,0.01677,0.03784,0.18612,0.95669,1.74516,1.55978,0,1.65145,0,0.12348,0.07901,1.74516,1.55978,0.43917,0.34731,0.47838,0.47028,1.65145,0.03644,0.30549
2026-06-11 18:00:00,2.9655,0,0.02295,0,0,0,0,0.00198,0.25575,0.69998,0.89582,1.07167,0.0076,0.12314,0.43894,0,0,0.00001,0,0,0,0.4769,1.38259,0.11726,0.29348,0.01102,2.10047,0.07909,0.01659,0.03778,0.18582,0.95585,1.74515,1.56128,0,1.65213,0,0.12314,0.07909,1.74515,1.56128,0.43894,0.34608,0.4769,0.4688,1.65213,0.03642,0.30546
2026-06-11 19:00:00,2.99716,0,0.02293,0,0,0,0,0.00198,0.2555,0.68578,0.89129,1.0896,0.0076,0.12294,0.43862,0,0,0.00001,0,0,0,0.47539,1.38167,0.11729,0.2944,0.01103,2.10442,0.07931,0.01668,0.03772,0.18573,0.95615,1.74515,1.56298,0,1.65276,0,0.12294,0.07931,1.74515,1.56298,0.43862,0.34498,0.47539,0.46736,1.65276,0.03641,0.30543
2026-06-11 20:00:00,3.02882,0,0.02292,0,0,0,0,0.00197,0.25525,0.67815,0.88633,1.10328,0.0076,0.12269,0.43825,0,0,0.00001,0,0,0,0.47395,1.38071,0.11731,0.29532,0.01103,2.10836,0.07951,0.01678,0.03766,0.1859,0.95647,1.74515,1.56503,0,1.65337,0,0.12269,0.07951,1.74515,1.56503,0.43825,0.34399,0.47395,0.46593,1.65337,0.0364,0.30539
2026-06-11 21:00:00,3.06048,0,0.02289,0,0,0,0,0.00196,0.25499,0.66401,0.87887,1.10881,0.0076,0.12235,0.43785,0,0,0.00001,0,0,0,0.47262,1.38123,0.11734,0.29624,0.01103,2.11231,0.07961,0.01687,0.0376,0.18584,0.95677,1.74513,1.56723,0,1.65398,0,0.12235,0.07961,1.74513,1.56723,0.43785,0.34307,0.47262,0.46451,1.65398,0.03639,0.30535
2026-06-11 22:00:00,3.09213,0,0.02287,0,0,0,0,0.00196,0.25474,0.65643,0.86983,1.10634,0.0076,0.12194,0.4374,0,0,0.00001,0,0,0,0.47139,1.38531,0.11737,0.29716,0.01104,2.11626,0.07965,0.01696,0.03754,0.18559,0.95707,1.74513,1.5695,0,1.6546,0,0.12194,0.07965,1.74513,1.5695,0.4374,0.34221,0.47139,0.46311,1.6546,0.03638,0.3053
2026-06-11 23:00:00,3.12379,0,0.02285,0,0,0,0,0.00195,0.25449,0.65553,0.86017,1.1012,0.0076,0.12144,0.4369,0,0,0.00001,0,0,0,0.47026,1.39275,0.11739,0.29808,0.01104,2.1202,0.07965,0.01706,0.03748,0.18535,0.95738,1.74512,1.57176,0,1.65522,0,0.12144,0.07965,1.74512,1.57176,0.4369,0.34142,0.47026,0.46173,1.65522,0.03636,0.30524
2026-06-12 00:00:00,3.15545,0,0.02283,0,0,0,0,0.00195,0.25424,0.65462,0.84998,1.09437,0.0076,0.12096,0.43637,0,0,0.00001,0,0,0,0.46923,1.40233,0.11742,0.299,0.01105,2.12415,0.07956,0.01715,0.03742,0.18517,0.95768,1.74512,1.57385,0,1.65585,0,0.12096,0.07956,1.74512,1.57385,0.43637,0.34066,0.46923,0.46035,1.65585,0.03635,0.30518
2026-06-12 01:00:00,3.17545,0,0.02281,0,0,0,0,0.00195,0.25397,0.66675,0.84336,1.08559,0.00759,0.12052,0.43579,0,0,0,0,0,0,0.46828,1.41326,0.11768,0.30063,0.0115,2.1383,0.07943,0.01726,0.03736,0.18503,0.95867,1.74512,1.57578,0,1.65652,0,0.12052,0.07943,1.74512,1.57578,0.43579,0.33993,0.46828,0.459,1.65652,0.03634,0.3051
2026-06-12 02:00:00,3.19545,0,0.0228,0,0,0,0,0.00195,0.25372,0.67883,0.84052,1.07559,0.00759,0.12013,0.43517,0,0,0,0,0,0,0.46739,1.42506,0.11794,0.30225,0.01151,2.15244,0.07938,0.01738,0.03731,0.18494,0.95969,1.74511,1.57763,0,1.65723,0,0.12013,0.07938,1.74511,1.57763,0.43517,0.33924,0.46739,0.45765,1.65723,0.03633,0.30501
2026-06-12 03:00:00,3.21546,0,0.02277,0,0,0,0,0.00195,0.25347,0.69742,0.84225,1.0649,0.00759,0.11978,0.43453,0,0,0,0,0,0,0.46655,1.43773,0.1182,0.30388,0.01151,2.16659,0.07938,0.01749,0.03725,0.18489,0.96069,1.7451,1.5794,0,1.65798,0,0.11978,0.07938,1.7451,1.5794,0.43453,0.33856,0.46655,0.45632,1.65798,0.03633,0.30489
2026-06-12 04:00:00,3.23546,0,0.02275,0,0,0,0,0.00195,0.25321,0.70934,0.85017,1.05531,0.00759,0.11949,0.43388,0,0,0,0,0,0,0.46576,1.45144,0.11846,0.30551,0.01151,2.18074,0.07948,0.0176,0.0372,0.18486,0.96169,1.74509,1.58112,0,1.65878,0,0.11949,0.07948,1.74509,1.58112,0.43388,0.33791,0.46576,0.455,1.65878,0.03632,0.30475
2026-06-12 05:00:00,3.25546,0,0.02273,0,0,0,0,0.00195,0.25296,0.72128,0.8622,1.0489,0.00759,0.11928,0.43322,0,0,0,0,0,0,0.46501,1.46601,0.11872,0.30713,0.01152,2.19488,0.07961,0.01772,0.03714,0.18485,0.96269,1.74509,1.58276,0,1.65963,0,0.11928,0.07961,1.74509,1.58276,0.43322,0.33726,0.46501,0.4537,1.65963,0.0363,0.30457
2026-06-12 06:00:00,3.27546,0,0.02271,0,0,0,0,0.00195,0.2527,0.72988,0.87649,1.04648,0.00759,0.11913,0.43258,0,0,0,0,0,0,0.46429,1.48112,0.11898,0.30876,0.01152,2.20903,0.07973,0.01783,0.03709,0.18488,0.96369,1.74508,1.58436,0,1.66052,0,0.11913,0.07973,1.74508,1.58436,0.43258,0.33662,0.46429,0.45241,1.66052,0.03629,0.30432
2026-06-12 07:00:00,3.271,0,0.02269,0,0,0,0,0.00195,0.25245,0.73571,0.89028,1.04919,0.00759,0.11903,0.43196,0,0,0,0,0,0,0.46358,1.49657,0.11907,0.31014,0.01153,2.22009,0.07983,0.01767,0.03704,0.18492,0.96365,1.74508,1.58589,0,1.66145,0,0.11903,0.07983,1.74508,1.58589,0.43196,0.336,0.46358,0.45115,1.66145,0.03628,0.30398
2026-06-12 08:00:00,3.26655,0,0.02267,0,0,0,0,0.00195,0.25219,0.7415,0.90304,1.05706,0.00759,0.11895,0.43136,0,0,0,0,0,0,0.4629,1.51225,0.11916,0.31151,0.01153,2.23114,0.07992,0.0175,0.03698,0.18499,0.96359,1.74508,1.58736,0,1.66241,0,0.11895,0.07992,1.74508,1.58736,0.43136,0.33537,0.4629,0.44992,1.66241,0.03628,0.30346
2026-06-12 09:00:00,3.26209,0,0.02265,0,0,0,0,0.00195,0.25193,0.74739,0.91352,1.06854,0.00759,0.11887,0.43077,0,0,0,0,0,0,0.46224,1.52579,0.11925,0.31289,0.01154,2.2422,0.07999,0.01734,0.03693,0.18506,0.96355,1.74506,1.58878,0,1.66339,0,0.11887,0.07999,1.74506,1.58878,0.43077,0.33474,0.46224,0.44871,1.66339,0.03627,0.3026
2026-06-12 10:00:00,3.25763,0,0.02263,0,0,0,0,0.00195,0.25168,0.7533,0.9223,1.08144,0.00759,0.1188,0.43021,0,0,0,0,0,0,0.46159,1.53469,0.11934,0.31427,0.01154,2.25325,0.08008,0.01718,0.03688,0.18512,0.96351,1.74506,1.59016,0,1.6644,0,0.1188,0.08008,1.74506,1.59016,0.43021,0.3341,0.46159,0.44754,1.6644,0.03626,0.30089
2026-06-12 11:00:00,3.25318,0,0.02261,0,0,0,0,0.00194,0.25142,0.75588,0.93003,1.09405,0.00759,0.11873,0.42967,0,0,0,0,0,0,0.46093,1.53968,0.11943,0.31564,0.01155,2.26431,0.08013,0.01701,0.03682,0.18519,0.96343,1.74505,1.59149,0,1.66542,0,0.11873,0.08013,1.74505,1.59149,0.42967,0.33347,0.46093,0.44639,1.66542,0.03624,0.29574
2026-06-12 12:00:00,3.24872,0,0.02259,0,0,0,0,0.00194,0.25114,0.75509,0.93739,1.10528,0.00759,0.11866,0.42914,0,0,0,0,0,0,0.46028,1.54208,0.11952,0.31702,0.01155,2.27536,0.08019,0.01685,0.03677,0.18525,0.96339,1.74505,1.59277,0,1.66647,0,0.11866,0.08019,1.74505,1.59277,0.42914,0.33284,0.46028,0.44527,1.66647,0.03623,0.29677
2026-06-12 13:00:00,3.24941,0,0.02257,0,0,0,0,0.00194,0.25087,0.75071,0.94338,1.11464,0.00759,0.11858,0.42864,0,0,0,0,0,0,0.45964,1.54289,0.11922,0.31659,0.01155,2.27291,0.08025,0.01671,0.03671,0.18527,0.9626,1.7117,1.59401,0,1.66752,0,0.11858,0.08025,1.7117,1.59401,0.42864,0.33221,0.45964,0.44418,1.66752,0.03622,0.29846
2026-06-12 14:00:00,3.2501,0,0.02255,0,0,0,0,0.00193,0.25061,0.74304,0.94676,1.12253,0.00758,0.11851,0.42814,0,0,0,0,0,0,0.459,1.54267,0.11892,0.31615,0.01156,2.27047,0.08028,0.01656,0.03666,0.18527,0.96182,1.66725,1.59522,0,1.66857,0,0.11851,0.08028,1.66725,1.59522,0.42814,0.33159,0.459,0.44311,1.66857,0.03622,0.29339
2026-06-12 15:00:00,3.25079,0,0.02253,0,0,0,0,0.00193,0.25034,0.73531,0.94716,1.12956,0.00758,0.11844,0.42765,0,0,0,0,0,0,0.45834,1.54162,0.11862,0.31571,0.01156,2.26802,0.08033,0.01642,0.03661,0.18522,0.96105,1.6191,1.59638,0,1.66963,0,0.11844,0.08033,1.6191,1.59638,0.42765,0.33097,0.45834,0.44206,1.66963,0.03621,0.2917
2026-06-12 16:00:00,3.25148,0,0.02251,0,0,0,0,0.00192,0.25009,0.72758,0.94403,1.13572,0.00758,0.11837,0.42718,0,0,0,0,0,0,0.4577,1.53977,0.11831,0.31528,0.01157,2.26557,0.08036,0.01627,0.03655,0.18513,0.96023,1.5697,1.59751,0,1.67069,0,0.11837,0.08036,1.5697,1.59751,0.42718,0.33036,0.4577,0.44102,1.67069,0.03618,0.29086
2026-06-12 17:00:00,3.25217,0,0.02249,0,0,0,0,0.00192,0.24984,0.71987,0.93861,1.14012,0.00758,0.1183,0.42671,0,0,0,0,0,0,0.45707,1.53733,0.11801,0.31484,0.01157,2.26313,0.0804,0.01613,0.0365,0.18502,0.95944,1.5199,1.59862,0,1.67174,0,0.1183,0.0804,1.5199,1.59862,0.42671,0.32975,0.45707,0.44001,1.67174,0.03616,0.29035
2026-06-12 18:00:00,3.25286,0,0.02247,0,0,0,0,0.00191,0.24958,0.71551,0.93188,1.14194,0.00758,0.11824,0.42625,0,0,0,0,0,0,0.45644,1.53452,0.11771,0.31441,0.01158,2.26068,0.08043,0.01598,0.03644,0.1849,0.95863,1.46996,1.59968,0,1.6728,0,0.11824,0.08043,1.46996,1.59968,0.42625,0.32914,0.45644,0.43901,1.6728,0.03614,0.29001
2026-06-12 19:00:00,3.27786,0,0.02245,0,0,0,0,0.0019,0.24932,0.70061,0.92445,1.14063,0.00758,0.11818,0.4258,0,0,0,0,0,0,0.4558,1.53147,0.11753,0.31376,0.01158,2.26084,0.08047,0.01611,0.03639,0.18477,0.95901,1.41997,1.60072,0,1.67384,0,0.11818,0.08047,1.41997,1.60072,0.4258,0.32855,0.4558,0.43804,1.67384,0.03612,0.28977
2026-06-12 20:00:00,3.30286,0,0.02243,0,0,0,0,0.00189,0.24907,0.69253,0.91745,1.13639,0.00758,0.11811,0.42535,0,0,0,0,0,0,0.45518,1.52827,0.11735,0.31312,0.01158,2.26099,0.08048,0.01623,0.03634,0.18463,0.95939,1.36997,1.60172,0,1.67486,0,0.11811,0.08048,1.36997,1.60172,0.42535,0.32798,0.45518,0.43708,1.67486,0.03611,0.28959
2026-06-12 21:00:00,3.32786,0,0.02241,0,0,0,0,0.00189,0.24882,0.67795,0.90837,1.13015,0.00758,0.11806,0.4249,0,0,0,0,0,0,0.45456,1.52698,0.11718,0.31247,0.01159,2.26115,0.08051,0.01636,0.03629,0.18449,0.95979,1.31995,1.6027,0,1.67587,0,0.11806,0.08051,1.31995,1.6027,0.4249,0.32741,0.45456,0.43613,1.67587,0.0361,0.28945
2026-06-12 22:00:00,3.35287,0,0.02239,0,0,0,0,0.00188,0.24856,0.67008,0.89798,1.12269,0.00758,0.118,0.42447,0,0,0,0,0,0,0.45395,1.5299,0.117,0.31182,0.01159,2.26131,0.08054,0.01648,0.03624,0.18435,0.96017,1.26994,1.60366,0,1.67687,0,0.118,0.08054,1.26994,1.60366,0.42447,0.32684,0.45395,0.4352,1.67687,0.03609,0.28934
2026-06-12 23:00:00,3.37787,0,0.02237,0,0,0,0,0.00187,0.2483,0.66873,0.88722,1.1149,0.00758,0.11794,0.42404,0,0,0,0,0,0,0.45334,1.53649,0.11682,0.31118,0.0116,2.26146,0.08056,0.0166,0.03619,0.1842,0.96054,1.21993,1.60459,0,1.67786,0,0.11794,0.08056,1.21993,1.60459,0.42404,0.32627,0.45334,0.43429,1.67786,0.03607,0.28924
2026-06-13 00:00:00,3.40287,0,0.02235,0,0,0,0,0.00187,0.24805,0.66737,0.87609,1.10638,0.00758,0.1179,0.4236,0,0,0,0,0,0,0.45275,1.5454,0.11664,0.31053,0.0116,2.26162,0.08057,0.01673,0.03614,0.18408,0.96093,1.16992,1.60515,0,1.67883,0,0.1179,0.08057,1.16992,1.60515,0.4236,0.32572,0.45275,0.43339,1.67883,0.03606,0.28917
2026-06-13 01:00:00,3.41264,0,0.02233,0,0,0,0,0.00187,0.2478,0.67874,0.86863,1.09638,0.00758,0.11785,0.42318,0,0,0,0,0,0,0.45217,1.5558,0.11683,0.31142,0.01207,2.27454,0.08058,0.01663,0.03609,0.184,0.96143,1.11991,1.60458,0,1.67978,0,0.11785,0.08058,1.11991,1.60458,0.42318,0.32518,0.45217,0.43249,1.67978,0.03605,0.2891
2026-06-13 02:00:00,3.4224,0,0.02231,0,0,0,0,0.00186,0.24754,0.68989,0.86498,1.08542,0.00758,0.11781,0.42276,0,0,0,0,0,0,0.45159,1.56714,0.11702,0.31232,0.01207,2.28745,0.08065,0.01653,0.03604,0.18396,0.96195,1.0699,1.60236,0,1.68071,0,0.11781,0.08065,1.0699,1.60236,0.42276,0.32465,0.45159,0.43162,1.68071,0.03605,0.28905
2026-06-13 03:00:00,3.43217,0,0.02229,0,0,0,0,0.00186,0.24728,0.70733,0.86581,1.07397,0.00758,0.11776,0.42233,0,0,0,0,0,0,0.45101,1.57917,0.11721,0.31322,0.01207,2.30037,0.08073,0.01644,0.03599,0.18395,0.96246,1.05323,1.59838,0,1.68162,0,0.11776,0.08073,1.05323,1.59838,0.42233,0.32412,0.45101,0.43075,1.68162,0.03604,0.289
2026-06-13 04:00:00,3.44193,0,0.02227,0,0,0,0,0.00186,0.24703,0.7182,0.87273,1.06376,0.00757,0.11773,0.42192,0,0,0,0,0,0,0.45045,1.59179,0.11739,0.31411,0.01208,2.31329,0.0808,0.01634,0.03595,0.18396,0.96297,1.04766,1.59266,0,1.68253,0,0.11773,0.0808,1.04766,1.59266,0.42192,0.3236,0.45045,0.4299,1.68253,0.03603,0.28896
2026-06-13 05:00:00,3.4517,0,0.02224,0,0,0,0,0.00185,0.24676,0.72892,0.88357,1.0568,0.00757,0.11769,0.42151,0,0,0,0,0,0,0.4499,1.6048,0.11758,0.315,0.01208,2.3262,0.08087,0.01624,0.0359,0.18397,0.96347,1.04581,1.58527,0,1.68339,0,0.11769,0.08087,1.04581,1.58527,0.42151,0.32309,0.4499,0.42907,1.68339,0.03601,0.28892
2026-06-13 06:00:00,3.46146,0,0.02222,0,0,0,0,0.00186,0.24651,0.7364,0.89655,1.0538,0.00757,0.11765,0.4211,0,0,0,0,0,0,0.44935,1.61807,0.11777,0.3159,0.01209,2.33912,0.08092,0.01614,0.03585,0.184,0.96397,1.04518,1.57627,0,1.68418,0,0.11765,0.08092,1.04518,1.57627,0.4211,0.32259,0.44935,0.42824,1.68418,0.036,0.28889
2026-06-13 07:00:00,3.45218,0,0.02221,0,0,0,0,0.00186,0.24625,0.74099,0.90895,1.05582,0.00757,0.11762,0.42069,0,0,0,0,0,0,0.44881,1.63151,0.1178,0.31678,0.01209,2.34763,0.08097,0.01581,0.0358,0.18403,0.96338,1.04497,1.56574,0,1.68484,0,0.11762,0.08097,1.04497,1.56574,0.42069,0.32209,0.44881,0.42743,1.68484,0.036,0.28886
2026-06-13 08:00:00,3.4429,0,0.02219,0,0,0,0,0.00186,0.24599,0.74567,0.92024,1.06286,0.00757,0.11759,0.42029,0,0,0,0,0,0,0.44828,1.64504,0.11784,0.31766,0.0121,2.35613,0.08101,0.01548,0.03576,0.18402,0.96279,1.04489,1.55378,0,1.6853,0,0.11759,0.08101,1.04489,1.55378,0.42029,0.3216,0.44828,0.42664,1.6853,0.03599,0.28883
2026-06-13 09:00:00,3.43362,0,0.02217,0,0,0,0,0.00186,0.24573,0.75029,0.92926,1.07335,0.00757,0.11757,0.41988,0,0,0,0,0,0,0.44776,1.65628,0.11787,0.31854,0.0121,2.36464,0.08104,0.01515,0.03571,0.184,0.96219,1.04486,1.54045,0,1.68545,0,0.11757,0.08104,1.04486,1.54045,0.41988,0.32112,0.44776,0.42585,1.68545,0.03598,0.2888
2026-06-13 10:00:00,3.42434,0,0.02215,0,0,0,0,0.00186,0.24547,0.75492,0.93658,1.08515,0.00757,0.11754,0.41949,0,0,0,0,0,0,0.44724,1.66303,0.1179,0.31942,0.0121,2.37314,0.08109,0.01482,0.03566,0.18396,0.96158,1.04485,1.52582,0,1.68522,0,0.11754,0.08109,1.04485,1.52582,0.41949,0.32064,0.44724,0.42508,1.68522,0.03597,0.28878
2026-06-13 11:00:00,3.41506,0,0.02212,0,0,0,0,0.00186,0.24521,0.75641,0.94283,1.09654,0.00757,0.11751,0.4191,0,0,0,0,0,0,0.44673,1.66627,0.11794,0.3203,0.01211,2.38165,0.08111,0.01449,0.03562,0.1839,0.96099,1.0115,1.50997,0,1.6845,0,0.11751,0.08111,1.0115,1.50997,0.4191,0.32017,0.44673,0.42433,1.6845,0.03596,0.28876
2026-06-13 12:00:00,3.40578,0,0.0221,0,0,0,0,0.00186,0.24495,0.75482,0.94866,1.1065,0.00757,0.11749,0.4187,0,0,0,0,0,0,0.44623,1.66715,0.11797,0.32118,0.01211,2.39015,0.08113,0.01416,0.03557,0.1838,0.96039,0.96706,1.49295,0,1.6832,0,0.11749,0.08113,0.96706,1.49295,0.4187,0.3197,0.44623,0.42358,1.6832,0.03595,0.28803
2026-06-13 13:00:00,3.40532,0,0.02209,0,0,0,0,0.00186,0.24469,0.75005,0.95315,1.11458,0.00757,0.11747,0.41831,0,0,0,0,0,0,0.44573,1.6666,0.11763,0.32042,0.01212,2.38621,0.08115,0.01396,0.03552,0.18366,0.9593,0.91889,1.47482,0,1.68124,0,0.11747,0.08115,0.91889,1.47482,0.41831,0.31924,0.44573,0.42285,1.68124,0.03594,0.28657
2026-06-13 14:00:00,3.40485,0,0.02207,0,0,0,0,0.00185,0.24444,0.74208,0.95517,1.12118,0.00757,0.11746,0.41793,0,0,0,0,0,0,0.44524,1.66523,0.1173,0.31965,0.01212,2.38227,0.08117,0.01375,0.03548,0.18347,0.95821,0.8695,1.45566,0,1.67857,0,0.11746,0.08117,0.8695,1.45566,0.41793,0.31878,0.44524,0.42212,1.67857,0.03593,0.28178
2026-06-13 15:00:00,3.40439,0,0.02206,0,0,0,0,0.00184,0.24418,0.73408,0.95445,1.12686,0.00757,0.11744,0.41754,0,0,0,0,0,0,0.44475,1.66296,0.11696,0.31889,0.01213,2.37833,0.0812,0.01355,0.03543,0.18324,0.95712,0.81969,1.4355,0,1.67512,0,0.11744,0.0812,0.81969,1.4355,0.41754,0.31833,0.44475,0.4214,1.67512,0.03592,0.28018
2026-06-13 16:00:00,3.40392,0,0.02205,0,0,0,0,0.00184,0.24392,0.72604,0.95046,1.13167,0.00757,0.11743,0.41716,0,0,0,0,0,0,0.44427,1.65973,0.11662,0.31813,0.01213,2.37438,0.08121,0.01335,0.03538,0.18297,0.95601,0.76975,1.41441,0,1.67084,0,0.11743,0.08121,0.76975,1.41441,0.41716,0.31788,0.44427,0.4207,1.67084,0.0359,0.27938
2026-06-13 17:00:00,3.40346,0,0.02204,0,0,0,0,0.00183,0.24367,0.7179,0.94436,1.13476,0.00756,0.11742,0.41678,0,0,0,0,0,0,0.4438,1.65581,0.11629,0.31736,0.01213,2.37044,0.08123,0.01314,0.03534,0.18267,0.9549,0.7531,1.39243,0,1.66569,0,0.11742,0.08123,0.7531,1.39243,0.41678,0.31744,0.4438,0.42,1.66569,0.03587,0.2789
2026-06-13 18:00:00,3.40299,0,0.02203,0,0,0,0,0.00182,0.24342,0.71284,0.93704,1.13544,0.00756,0.1174,0.4164,0,0,0,0,0,0,0.44333,1.65146,0.11595,0.3166,0.01214,2.3665,0.08124,0.01294,0.03529,0.18238,0.9538,0.74754,1.36987,0,1.65963,0,0.1174,0.08124,0.74754,1.36987,0.4164,0.317,0.44333,0.41932,1.65963,0.03585,0.27858
2026-06-13 19:00:00,3.42445,0,0.02202,0,0,0,0,0.00182,0.24316,0.69794,0.92901,1.13321,0.00756,0.1174,0.41603,0,0,0,0,0,0,0.44286,1.64683,0.11577,0.31584,0.01214,2.36473,0.08126,0.01282,0.03525,0.1821,0.9537,0.74569,1.34744,0,1.65266,0,0.1174,0.08126,0.74569,1.34744,0.41603,0.31657,0.44286,0.41864,1.65266,0.03583,0.27835
2026-06-13 20:00:00,3.44591,0,0.02201,0,0,0,0,0.00181,0.24291,0.68945,0.92134,1.12828,0.00756,0.11739,0.41566,0,0,0,0,0,0,0.4424,1.64201,0.11559,0.31507,0.01215,2.36297,0.08126,0.0127,0.0352,0.18185,0.95362,0.74507,1.32579,0,1.64477,0,0.11739,0.08126,0.74507,1.32579,0.41566,0.31614,0.4424,0.41796,1.64477,0.03583,0.27818
2026-06-13 21:00:00,3.46737,0,0.022,0,0,0,0,0.0018,0.24266,0.67469,0.91167,1.12148,0.00756,0.11739,0.41529,0,0,0,0,0,0,0.44195,1.63917,0.11542,0.31431,0.01215,2.3612,0.08128,0.01258,0.03516,0.1816,0.95353,0.74486,1.30516,0,1.63591,0,0.11739,0.08128,0.74486,1.30516,0.41529,0.31572,0.44195,0.4173,1.63591,0.03582,0.27805
2026-06-13 22:00:00,3.48883,0,0.02198,0,0,0,0,0.0018,0.24241,0.66624,0.90081,1.11353,0.00756,0.11738,0.41491,0,0,0,0,0,0,0.4415,1.64033,0.11524,0.31354,0.01216,2.35943,0.08129,0.01245,0.03512,0.18134,0.95342,0.74479,1.28558,0,1.62612,0,0.11738,0.08129,0.74479,1.28558,0.41491,0.3153,0.4415,0.41665,1.62612,0.0358,0.27794
2026-06-13 23:00:00,3.51029,0,0.02197,0,0,0,0,0.00179,0.24214,0.66403,0.88962,1.10522,0.00756,0.11739,0.41455,0,0,0,0,0,0,0.44105,1.64475,0.11506,0.31278,0.01216,2.35767,0.08129,0.01233,0.03507,0.1811,0.95333,0.74476,1.26704,0,1.61539,0,0.11739,0.08129,0.74476,1.26704,0.41455,0.31489,0.44105,0.41601,1.61539,0.03579,0.27786
2026-06-14 00:00:00,3.53175,0,0.02195,0,0,0,0,0.00178,0.24188,0.6619,0.87802,1.0962,0.00756,0.11738,0.41418,0,0,0,0,0,0,0.44061,1.65124,0.11488,0.31201,0.01217,2.3559,0.08131,0.01221,0.03503,0.18087,0.95323,0.74475,1.24949,0,1.60376,0,0.11738,0.08131,0.74475,1.24949,0.41418,0.31448,0.44061,0.41537,1.60376,0.03577,0.27778
2026-06-14 01:00:00,3.53704,0,0.02194,0,0,0,0,0.00178,0.24162,0.67232,0.86992,1.08575,0.00756,0.11738,0.41381,0,0,0,0,0,0,0.44018,1.65906,0.11505,0.31275,0.01262,2.36602,0.08132,0.01212,0.03499,0.18068,0.95336,0.74474,1.2329,0,1.59131,0,0.11738,0.08132,0.74474,1.2329,0.41381,0.31407,0.44018,0.41474,1.59131,0.03577,0.27772
2026-06-14 02:00:00,3.54233,0,0.02192,0,0,0,0,0.00178,0.24135,0.68271,0.86549,1.07441,0.00756,0.11739,0.41345,0,0,0,0,0,0,0.43975,1.66771,0.11522,0.3135,0.01262,2.37613,0.08137,0.01204,0.03494,0.18049,0.95348,0.74474,1.217,0,1.57813,0,0.11739,0.08137,0.74474,1.217,0.41345,0.31366,0.43975,0.41412,1.57813,0.03576,0.27767
2026-06-14 03:00:00,3.54762,0,0.0219,0,0,0,0,0.00178,0.24108,0.69925,0.86542,1.06261,0.00756,0.11739,0.4131,0,0,0,0,0,0,0.43932,1.67705,0.11539,0.31424,0.01263,2.38625,0.08144,0.01195,0.0349,0.18032,0.9536,0.74472,1.20102,0,1.56431,0,0.11739,0.08144,0.74472,1.20102,0.4131,0.31325,0.43932,0.4135,1.56431,0.03575,0.27762
2026-06-14 04:00:00,3.55291,0,0.02189,0,0,0,0,0.00177,0.24082,0.70955,0.8714,1.05195,0.00756,0.11739,0.41273,0,0,0,0,0,0,0.43889,1.687,0.11555,0.31498,0.01263,2.39637,0.08151,0.01186,0.03486,0.18015,0.95372,0.74472,1.18406,0,1.54997,0,0.11739,0.08151,0.74472,1.18406,0.41273,0.31286,0.43889,0.41289,1.54997,0.03574,0.27758
2026-06-14 05:00:00,3.5582,0,0.02187,0,0,0,0,0.00177,0.24056,0.71976,0.88127,1.04439,0.00756,0.1174,0.41238,0,0,0,0,0,0,0.43847,1.69739,0.11572,0.31573,0.01264,2.40648,0.08157,0.01178,0.03481,0.18,0.95384,0.74472,1.16565,0,1.53522,0,0.1174,0.08157,0.74472,1.16565,0.41238,0.31246,0.43847,0.4123,1.53522,0.03573,0.27755
2026-06-14 06:00:00,3.56349,0,0.02185,0,0,0,0,0.00177,0.24029,0.72682,0.89332,1.04067,0.00755,0.11741,0.41202,0,0,0,0,0,0,0.43806,1.70805,0.11589,0.31647,0.01264,2.4166,0.08162,0.01169,0.03477,0.17986,0.95396,0.74471,1.14567,0,1.52019,0,0.11741,0.08162,0.74471,1.14567,0.41202,0.31207,0.43806,0.41171,1.52019,0.03572,0.27752
2026-06-14 07:00:00,3.55299,0,0.02183,0,0,0,0,0.00177,0.24003,0.7309,0.9049,1.04188,0.00755,0.11741,0.41166,0,0,0,0,0,0,0.43763,1.71888,0.11588,0.31707,0.01265,2.42268,0.08166,0.01163,0.03473,0.17972,0.95323,0.74471,1.12415,0,1.50497,0,0.11741,0.08166,0.74471,1.12415,0.41166,0.31168,0.43763,0.41113,1.50497,0.03571,0.27749
2026-06-14 08:00:00,3.54248,0,0.02181,0,0,0,0,0.00177,0.23978,0.73493,0.91546,1.04806,0.00755,0.11741,0.41131,0,0,0,0,0,0,0.43722,1.72983,0.11587,0.31766,0.01265,2.42877,0.0817,0.01157,0.03469,0.1796,0.9525,0.7447,1.10117,0,1.48961,0,0.11741,0.0817,0.7447,1.10117,0.41131,0.31129,0.43722,0.41056,1.48961,0.0357,0.27746
2026-06-14 09:00:00,3.53198,0,0.02179,0,0,0,0,0.00177,0.23952,0.73897,0.92377,1.05767,0.00755,0.11743,0.41096,0,0,0,0,0,0,0.43682,1.73857,0.11586,0.31826,0.01265,2.43485,0.08173,0.01151,0.03465,0.17949,0.95178,0.74469,1.07768,0,1.47414,0,0.11743,0.08173,0.74469,1.07768,0.41096,0.31091,0.43682,0.41,1.47414,0.0357,0.27744
2026-06-14 10:00:00,3.52148,0,0.02177,0,0,0,0,0.00178,0.23925,0.74307,0.93035,1.06864,0.00755,0.11743,0.4106,0,0,0,0,0,0,0.43642,1.74318,0.11585,0.31885,0.01266,2.44093,0.08176,0.01145,0.03461,0.17936,0.95104,0.74468,1.05486,0,1.45854,0,0.11743,0.08176,0.74468,1.05486,0.4106,0.31054,0.43642,0.40945,1.45854,0.03568,0.27742
2026-06-14 11:00:00,3.51097,0,0.02175,0,0,0,0,0.00178,0.239,0.74403,0.9358,1.07929,0.00755,0.11745,0.41026,0,0,0,0,0,0,0.43601,1.74469,0.11584,0.31944,0.01266,2.44702,0.08178,0.01139,0.03457,0.17926,0.95031,0.74468,1.03307,0,1.44278,0,0.11745,0.08178,0.74468,1.03307,0.41026,0.31016,0.43601,0.40891,1.44278,0.03567,0.2774
2026-06-14 12:00:00,3.50047,0,0.02173,0,0,0,0,0.00178,0.23874,0.74182,0.94084,1.08858,0.00755,0.11745,0.40991,0,0,0,0,0,0,0.43561,1.74427,0.11583,0.32004,0.01267,2.4531,0.0818,0.01133,0.03453,0.17915,0.94958,0.74468,1.01239,0,1.42678,0,0.11745,0.0818,0.74468,1.01239,0.40991,0.30979,0.43561,0.40837,1.42678,0.03566,0.27677
2026-06-14 13:00:00,3.49905,0,0.02171,0,0,0,0,0.00178,0.23848,0.73606,0.94457,1.09599,0.00755,0.11747,0.40956,0,0,0,0,0,0,0.43522,1.74259,0.11541,0.31909,0.01267,2.44764,0.08183,0.01128,0.03449,0.17905,0.94837,0.74467,0.99281,0,1.41047,0,0.11747,0.08183,0.74467,0.99281,0.40956,0.30941,0.43522,0.40783,1.41047,0.03565,0.27556
2026-06-14 14:00:00,3.49764,0,0.0217,0,0,0,0,0.00178,0.23822,0.72719,0.94581,1.10189,0.00755,0.11748,0.40921,0,0,0,0,0,0,0.43483,1.74007,0.11499,0.31815,0.01268,2.44218,0.08184,0.01123,0.03444,0.17897,0.94717,0.74467,0.97427,0,1.3938,0,0.11748,0.08184,0.74467,0.97427,0.40921,0.30904,0.43483,0.40731,1.3938,0.03565,0.27125
2026-06-14 15:00:00,3.49622,0,0.02168,0,0,0,0,0.00178,0.23797,0.7183,0.94418,1.10684,0.00755,0.11749,0.40887,0,0,0,0,0,0,0.43444,1.73662,0.11457,0.3172,0.01268,2.43673,0.08186,0.01118,0.0344,0.17888,0.94596,0.74465,0.95674,0,1.37677,0,0.11749,0.08186,0.74465,0.95674,0.40887,0.30867,0.43444,0.40679,1.37677,0.03564,0.26982
2026-06-14 16:00:00,3.4948,0,0.02166,0,0,0,0,0.00178,0.23772,0.70947,0.93919,1.11092,0.00755,0.1175,0.40852,0,0,0,0,0,0,0.43405,1.73204,0.11414,0.31625,0.01268,2.43127,0.08187,0.01112,0.03436,0.1788,0.94474,0.74465,0.94016,0,1.3594,0,0.1175,0.08187,0.74465,0.94016,0.40852,0.3083,0.43405,0.40628,1.3594,0.03563,0.2691
2026-06-14 17:00:00,3.49339,0,0.02164,0,0,0,0,0.00178,0.23745,0.70062,0.93203,1.1133,0.00755,0.11751,0.40817,0,0,0,0,0,0,0.43367,1.72667,0.11372,0.31531,0.01269,2.42581,0.08189,0.01107,0.03431,0.17871,0.94352,0.74465,0.92447,0,1.34175,0,0.11751,0.08189,0.74465,0.92447,0.40817,0.30793,0.43367,0.40578,1.34175,0.03561,0.26867
2026-06-14 18:00:00,3.49197,0,0.02162,0,0,0,0,0.00178,0.2372,0.69494,0.92365,1.11319,0.00755,0.11753,0.40783,0,0,0,0,0,0,0.43328,1.72078,0.1133,0.31436,0.01269,2.42035,0.0819,0.01102,0.03427,0.17864,0.94231,0.74464,0.90963,0,1.32391,0,0.11753,0.0819,0.74464,0.90963,0.40783,0.30757,0.43328,0.40527,1.32391,0.0356,0.26838
2026-06-14 19:00:00,3.51126,0,0.0216,0,0,0,0,0.00177,0.23695,0.68005,0.91467,1.11011,0.00754,0.11754,0.40748,0,0,0,0,0,0,0.43289,1.71457,0.1126,0.31364,0.0127,2.41662,0.08192,0.01097,0.03423,0.17856,0.94208,0.74464,0.8956,0,1.30592,0,0.11754,0.08192,0.74464,0.8956,0.40748,0.30721,0.43289,0.40478,1.30592,0.03559,0.26818
2026-06-14 20:00:00,3.53056,0,0.02158,0,0,0,0,0.00177,0.23669,0.67157,0.9061,1.10421,0.00754,0.11755,0.40714,0,0,0,0,0,0,0.43251,1.70815,0.11189,0.31292,0.0127,2.41289,0.08193,0.01092,0.03419,0.1785,0.94187,0.74463,0.88181,0,1.2879,0,0.11755,0.08193,0.74463,0.88181,0.40714,0.30685,0.43251,0.40429,1.2879,0.03559,0.26802
2026-06-14 21:00:00,3.54985,0,0.02156,0,0,0,0,0.00176,0.23644,0.65691,0.89575,1.09641,0.00754,0.11757,0.4068,0,0,0,0,0,0,0.43214,1.70377,0.11119,0.3122,0.01271,2.40917,0.08193,0.01087,0.03416,0.17844,0.94166,0.74462,0.86837,0,1.2699,0,0.11757,0.08193,0.74462,0.86837,0.4068,0.3065,0.43214,0.4038,1.2699,0.03558,0.2679
2026-06-14 22:00:00,3.56914,0,0.02154,0,0,0,0,0.00176,0.2362,0.64853,0.8845,1.0875,0.00754,0.11758,0.40645,0,0,0,0,0,0,0.43176,1.70347,0.11048,0.31147,0.01271,2.40544,0.08194,0.01083,0.03412,0.17837,0.94144,0.74461,0.85573,0,1.25202,0,0.11758,0.08194,0.74461,0.85573,0.40645,0.30614,0.43176,0.40331,1.25202,0.03557,0.26781
2026-06-14 23:00:00,3.58844,0,0.02152,0,0,0,0,0.00175,0.23595,0.64639,0.87309,1.07831,0.00754,0.11761,0.40611,0,0,0,0,0,0,0.43138,1.70634,0.10978,0.31075,0.01271,2.40171,0.08195,0.01078,0.03408,0.17831,0.94122,0.74461,0.84382,0,1.23433,0,0.11761,0.08195,0.74461,0.84382,0.40611,0.3058,0.43138,0.40284,1.23433,0.03556,0.26773
2026-06-15 00:00:00,3.60773,0,0.0215,0,0,0,0,0.00174,0.23569,0.64425,0.86137,1.0685,0.00754,0.11762,0.40578,0,0,0,0,0,0,0.43102,1.71123,0.10907,0.31003,0.01272,2.39798,0.08196,0.01073,0.03404,0.17823,0.94098,0.74461,0.83261,0,1.21686,0,0.11762,0.08196,0.74461,0.83261,0.40578,0.30545,0.43102,0.40236,1.21686,0.03554,0.26766
2026-06-15 01:00:00,3.61007,0,0.02148,0,0,0,0,0.00174,0.23544,0.6553,0.8532,1.05752,0.00754,0.11764,0.40543,0,0,0,0,0,0,0.43065,1.71741,0.1081,0.31084,0.01318,2.40551,0.08197,0.01069,0.034,0.17818,0.94087,0.7446,0.82207,0,1.19966,0,0.11764,0.08197,0.7446,0.82207,0.40543,0.30509,0.43065,0.40189,1.19966,0.03554,0.26761
2026-06-15 02:00:00,3.6124,0,0.02146,0,0,0,0,0.00173,0.23519,0.66624,0.84872,1.04587,0.00754,0.11765,0.40509,0,0,0,0,0,0,0.43029,1.72441,0.10713,0.31165,0.01319,2.41304,0.08202,0.01064,0.03397,0.17812,0.94075,0.7446,0.81214,0,1.18278,0,0.11765,0.08202,0.7446,0.81214,0.40509,0.30475,0.43029,0.40142,1.18278,0.03553,0.26756
2026-06-15 03:00:00,3.61474,0,0.02144,0,0,0,0,0.00172,0.23493,0.68313,0.84874,1.0339,0.00754,0.11766,0.40476,0,0,0,0,0,0,0.42992,1.73214,0.10616,0.31247,0.01319,2.42057,0.0821,0.0106,0.03393,0.17806,0.94064,0.74458,0.80281,0,1.16624,0,0.11766,0.0821,0.74458,0.80281,0.40476,0.3044,0.42992,0.40096,1.16624,0.03552,0.26752
2026-06-15 04:00:00,3.61708,0,0.02142,0,0,0,0,0.00171,0.23468,0.69389,0.85502,1.02318,0.00754,0.11769,0.40441,0,0,0,0,0,0,0.42956,1.74058,0.10518,0.31328,0.0132,2.4281,0.08217,0.01055,0.03389,0.178,0.94051,0.74458,0.79403,0,1.1502,0,0.11769,0.08217,0.74458,0.79403,0.40441,0.30405,0.42956,0.4005,1.1502,0.03551,0.26748
2026-06-15 05:00:00,3.61941,0,0.0214,0,0,0,0,0.00171,0.23443,0.70454,0.86524,1.0156,0.00754,0.1177,0.40408,0,0,0,0,0,0,0.4292,1.74953,0.10421,0.31409,0.0132,2.43563,0.08223,0.01051,0.03386,0.17793,0.9404,0.74457,0.78576,0,1.13468,0,0.1177,0.08223,0.74457,0.78576,0.40408,0.30371,0.4292,0.40005,1.13468,0.0355,0.26745
2026-06-15 06:00:00,3.62175,0,0.02138,0,0,0,0,0.0017,0.23418,0.71212,0.87762,1.01192,0.00754,0.11772,0.40374,0,0,0,0,0,0,0.42884,1.75878,0.10324,0.3149,0.0132,2.44316,0.08228,0.01046,0.03382,0.17787,0.94027,0.74457,0.77799,0,1.11966,0,0.11772,0.08228,0.74457,0.77799,0.40374,0.30336,0.42884,0.39961,1.11966,0.03549,0.26742
2026-06-15 07:00:00,3.6108,0,0.02136,0,0,0,0,0.0017,0.23391,0.71745,0.88957,1.01333,0.00754,0.11774,0.4034,0,0,0,0,0,0,0.42847,1.76824,0.10223,0.31542,0.01321,2.44713,0.08232,0.01042,0.03378,0.17781,0.93932,0.74457,0.77069,0,1.10513,0,0.11774,0.08232,0.74457,0.77069,0.4034,0.30302,0.42847,0.39917,1.10513,0.03548,0.2674
2026-06-15 08:00:00,3.59985,0,0.02134,0,0,0,0,0.0017,0.23366,0.7228,0.90056,1.01985,0.00753,0.11776,0.40306,0,0,0,0,0,0,0.42811,1.77783,0.10122,0.31595,0.01321,2.4511,0.08236,0.01037,0.03375,0.17775,0.93838,0.74456,0.76383,0,1.09105,0,0.11776,0.08236,0.74456,0.76383,0.40306,0.30268,0.42811,0.39874,1.09105,0.03547,0.26738
2026-06-15 09:00:00,3.58891,0,0.02132,0,0,0,0,0.00169,0.23341,0.7281,0.90951,1.02982,0.00753,0.11778,0.40273,0,0,0,0,0,0,0.42776,1.7853,0.10021,0.31647,0.01322,2.45507,0.08239,0.01033,0.03372,0.17771,0.93745,0.74456,0.75738,0,1.07744,0,0.11778,0.08239,0.74456,0.75738,0.40273,0.30234,0.42776,0.39832,1.07744,0.03547,0.26735
2026-06-15 10:00:00,3.57796,0,0.0213,0,0,0,0,0.00169,0.23314,0.73349,0.91702,1.04119,0.00753,0.11779,0.4024,0,0,0,0,0,0,0.42741,1.78885,0.0992,0.31699,0.01322,2.45904,0.08241,0.01029,0.03368,0.17764,0.93649,0.74455,0.75132,0,1.06429,0,0.11779,0.08241,0.74455,0.75132,0.4024,0.302,0.42741,0.3979,1.06429,0.03545,0.26734
2026-06-15 11:00:00,3.56701,0,0.02127,0,0,0,0,0.00169,0.23288,0.73582,0.92359,1.05229,0.00753,0.11781,0.40205,0,0,0,0,0,0,0.42704,1.7896,0.09819,0.31752,0.01323,2.46301,0.08245,0.01024,0.03365,0.17759,0.93555,0.74455,0.74563,0,1.05159,0,0.11781,0.08245,0.74455,0.74563,0.40205,0.30167,0.42704,0.39748,1.05159,0.03544,0.26732
2026-06-15 12:00:00,3.55606,0,0.02125,0,0,0,0,0.00169,0.23261,0.73516,0.92982,1.06212,0.00753,0.11783,0.40172,0,0,0,0,0,0,0.42669,1.78846,0.09718,0.31804,0.01323,2.46698,0.08246,0.0102,0.03361,0.17753,0.9346,0.74454,0.74029,0,1.03934,0,0.11783,0.08246,0.74454,0.74029,0.40172,0.30133,0.42669,0.39706,1.03934,0.03543,0.26694
2026-06-15 13:00:00,3.55098,0,0.02124,0,0,0,0,0.00169,0.23234,0.73074,0.9348,1.07031,0.00753,0.11785,0.40139,0,0,0,0,0,0,0.42634,1.78618,0.09637,0.31706,0.01324,2.46036,0.08249,0.01016,0.03357,0.17747,0.93335,0.74454,0.73528,0,1.02754,0,0.11785,0.08249,0.74454,0.73528,0.40139,0.30099,0.42634,0.39667,1.02754,0.03542,0.26676
2026-06-15 14:00:00,3.54589,0,0.02122,0,0,0,0,0.0017,0.23207,0.72326,0.93743,1.07721,0.00753,0.11787,0.40104,0,0,0,0,0,0,0.426,1.78315,0.09556,0.31608,0.01324,2.45373,0.0825,0.01012,0.03353,0.17742,0.93209,0.74454,0.73057,0,1.01619,0,0.11787,0.0825,0.74454,0.73057,0.40104,0.30066,0.426,0.39626,1.01619,0.03541,0.26225
2026-06-15 15:00:00,3.54081,0,0.0212,0,0,0,0,0.0017,0.2318,0.71574,0.93723,1.08334,0.00753,0.11789,0.40071,0,0,0,0,0,0,0.42564,1.77904,0.09475,0.3151,0.01324,2.44711,0.08253,0.01007,0.0335,0.17737,0.93084,0.74452,0.72617,0,1.0053,0,0.11789,0.08253,0.74452,0.72617,0.40071,0.30032,0.42564,0.39586,1.0053,0.0354,0.26074
2026-06-15 16:00:00,3.53573,0,0.02117,0,0,0,0,0.0017,0.23154,0.70819,0.93362,1.08866,0.00753,0.11791,0.40038,0,0,0,0,0,0,0.42529,1.77351,0.09393,0.31412,0.01325,2.44049,0.08254,0.01003,0.03346,0.1773,0.92958,0.74452,0.72204,0,0.99483,0,0.11791,0.08254,0.74452,0.72204,0.40038,0.29999,0.42529,0.39546,0.99483,0.03538,0.25999
2026-06-15 17:00:00,3.53064,0,0.02115,0,0,0,0,0.0017,0.23128,0.7006,0.92788,1.09237,0.00753,0.11792,0.40004,0,0,0,0,0,0,0.42494,1.76695,0.09312,0.31314,0.01325,2.43386,0.08256,0.00999,0.03342,0.17723,0.9283,0.74451,0.71817,0,0.9848,0,0.11792,0.08256,0.74451,0.71817,0.40004,0.29966,0.42494,0.39506,0.9848,0.03535,0.25954
2026-06-15 18:00:00,3.52556,0,0.02113,0,0,0,0,0.00169,0.23101,0.69608,0.92091,1.0937,0.00753,0.11795,0.39971,0,0,0,0,0,0,0.4246,1.75976,0.09231,0.31216,0.01326,2.42724,0.08257,0.00995,0.03338,0.17716,0.92704,0.74451,0.71454,0,0.97519,0,0.11795,0.08257,0.74451,0.71454,0.39971,0.29932,0.4246,0.39467,0.97519,0.03533,0.25924
2026-06-15 19:00:00,3.535,0,0.02111,0,0,0,0,0.00169,0.23076,0.68193,0.91326,1.09206,0.00753,0.11796,0.39938,0,0,0,0,0,0,0.42425,1.75214,0.0917,0.31169,0.01326,2.4204,0.08258,0.00991,0.03335,0.17711,0.92686,0.74451,0.71115,0,0.966,0,0.11796,0.08258,0.74451,0.71115,0.39938,0.29899,0.42425,0.39427,0.966,0.03532,0.25902
2026-06-15 20:00:00,3.54443,0,0.0211,0,0,0,0,0.00169,0.2305,0.67404,0.906,1.0876,0.00753,0.11799,0.39904,0,0,0,0,0,0,0.4239,1.74427,0.09108,0.31122,0.01327,2.41356,0.08258,0.00987,0.03331,0.17706,0.92667,0.7445,0.70797,0,0.95724,0,0.11799,0.08258,0.7445,0.70797,0.39904,0.29866,0.4239,0.39389,0.95724,0.03531,0.25886
2026-06-15 21:00:00,3.55387,0,0.02107,0,0,0,0,0.00168,0.23024,0.66001,0.89682,1.08126,0.00752,0.11801,0.3987,0,0,0,0,0,0,0.42356,1.73758,0.09047,0.31075,0.01327,2.40673,0.0826,0.00983,0.03328,0.177,0.92649,0.74449,0.705,0,0.94886,0,0.11801,0.0826,0.74449,0.705,0.3987,0.29833,0.42356,0.3935,0.94886,0.0353,0.25874
2026-06-15 22:00:00,3.56331,0,0.02105,0,0,0,0,0.00167,0.22998,0.65222,0.88655,1.07378,0.00752,0.11803,0.39837,0,0,0,0,0,0,0.42321,1.73332,0.08985,0.31027,0.01327,2.39989,0.08261,0.00979,0.03325,0.17694,0.9263,0.74448,0.70223,0,0.94087,0,0.11803,0.08261,0.74448,0.70223,0.39837,0.298,0.42321,0.39311,0.94087,0.03529,0.25863
2026-06-15 23:00:00,3.57274,0,0.02103,0,0,0,0,0.00167,0.22973,0.65046,0.87596,1.06596,0.00752,0.11805,0.39803,0,0,0,0,0,0,0.42286,1.73091,0.08923,0.3098,0.01328,2.39305,0.08261,0.00975,0.03321,0.17688,0.9261,0.74448,0.69964,0,0.93326,0,0.11805,0.08261,0.74448,0.69964,0.39803,0.29767,0.42286,0.39274,0.93326,0.03527,0.25855
2026-06-16 00:00:00,3.58218,0,0.02101,0,0,0,0,0.00166,0.22948,0.6487,0.86498,1.05746,0.00752,0.11806,0.3977,0,0,0,0,0,0,0.42252,1.7297,0.08862,0.30933,0.01328,2.38621,0.08263,0.00971,0.03318,0.17683,0.92592,0.74447,0.69723,0,0.92601,0,0.11806,0.08263,0.74447,0.69723,0.3977,0.29735,0.42252,0.39235,0.92601,0.03526,0.25848
2026-06-16 01:00:00,3.58143,0,0.02099,0,0,0,0,0.00166,0.22922,0.6594,0.85748,1.04763,0.00752,0.11809,0.39737,0,0,0,0,0,0,0.42218,1.72923,0.08815,0.31042,0.01374,2.3882,0.08263,0.00967,0.03315,0.17678,0.92573,0.74447,0.69498,0,0.91914,0,0.11809,0.08263,0.74447,0.69498,0.39737,0.29702,0.42218,0.39198,0.91914,0.03525,0.25843
2026-06-16 02:00:00,3.58068,0,0.02097,0,0,0,0,0.00166,0.22898,0.67004,0.85357,1.03698,0.00752,0.1181,0.39703,0,0,0,0,0,0,0.42184,1.72925,0.08768,0.31151,0.01374,2.3902,0.08269,0.00964,0.03311,0.17674,0.92553,0.74447,0.69289,0,0.9126,0,0.1181,0.08269,0.74447,0.69289,0.39703,0.29669,0.42184,0.3916,0.9126,0.03524,0.25838
2026-06-16 03:00:00,3.57992,0,0.02095,0,0,0,0,0.00165,0.22873,0.68667,0.85395,1.02588,0.00752,0.11813,0.3967,0,0,0,0,0,0,0.4215,1.73018,0.08722,0.31261,0.01375,2.39219,0.08276,0.0096,0.03308,0.1767,0.92535,0.74445,0.69094,0,0.90639,0,0.11813,0.08276,0.74445,0.69094,0.3967,0.29636,0.4215,0.39123,0.90639,0.03524,0.25833
2026-06-16 04:00:00,3.57917,0,0.02093,0,0,0,0,0.00165,0.22847,0.69728,0.8603,1.01592,0.00752,0.11814,0.39637,0,0,0,0,0,0,0.42116,1.73241,0.08675,0.3137,0.01375,2.39419,0.08283,0.00956,0.03305,0.17665,0.92516,0.74445,0.68913,0,0.9005,0,0.11814,0.08283,0.74445,0.68913,0.39637,0.29603,0.42116,0.39085,0.9005,0.03523,0.2583
2026-06-16 05:00:00,3.57842,0,0.02091,0,0,0,0,0.00165,0.22822,0.70777,0.87046,1.00903,0.00752,0.11816,0.39603,0,0,0,0,0,0,0.42082,1.7356,0.08628,0.31479,0.01375,2.39618,0.08289,0.00953,0.03301,0.1766,0.92495,0.74444,0.68744,0,0.89492,0,0.11816,0.08289,0.74444,0.68744,0.39603,0.2957,0.42082,0.39048,0.89492,0.03521,0.25826
2026-06-16 06:00:00,3.57767,0,0.02089,0,0,0,0,0.00165,0.22796,0.71525,0.88278,1.00591,0.00752,0.11819,0.3957,0,0,0,0,0,0,0.42048,1.73941,0.08581,0.31588,0.01376,2.39818,0.08294,0.00949,0.03298,0.17655,0.92476,0.74444,0.68588,0,0.88964,0,0.11819,0.08294,0.74444,0.68588,0.3957,0.29537,0.42048,0.39012,0.88964,0.0352,0.25823
2026-06-16 07:00:00,3.56537,0,0.02087,0,0,0,0,0.00164,0.22771,0.71984,0.89468,1.00764,0.00752,0.1182,0.39537,0,0,0,0,0,0,0.42013,1.74363,0.08544,0.3164,0.01376,2.39902,0.08298,0.00946,0.03295,0.1765,0.92372,0.74443,0.68444,0,0.88465,0,0.1182,0.08298,0.74443,0.68444,0.39537,0.29505,0.42013,0.38975,0.88465,0.03519,0.25821
2026-06-16 08:00:00,3.55306,0,0.02085,0,0,0,0,0.00164,0.22745,0.72451,0.90563,1.01426,0.00752,0.11823,0.39503,0,0,0,0,0,0,0.41979,1.74808,0.08506,0.31691,0.01377,2.39986,0.08302,0.00942,0.03292,0.17647,0.92267,0.74443,0.6831,0,0.87994,0,0.11823,0.08302,0.74443,0.6831,0.39503,0.29472,0.41979,0.3894,0.87994,0.03519,0.25818
2026-06-16 09:00:00,3.54076,0,0.02083,0,0,0,0,0.00163,0.22719,0.72913,0.91438,1.02424,0.00752,0.11825,0.3947,0,0,0,0,0,0,0.41945,1.75114,0.08469,0.31743,0.01377,2.4007,0.08305,0.00939,0.03288,0.17642,0.92162,0.74443,0.68187,0,0.87548,0,0.11825,0.08305,0.74443,0.68187,0.3947,0.29439,0.41945,0.38905,0.87548,0.03518,0.25816
2026-06-16 10:00:00,3.52846,0,0.02081,0,0,0,0,0.00163,0.22694,0.73376,0.92148,1.0356,0.00751,0.11827,0.39437,0,0,0,0,0,0,0.41912,1.75144,0.08431,0.31795,0.01378,2.40154,0.08307,0.00935,0.03285,0.17637,0.92056,0.74442,0.68074,0,0.87128,0,0.11827,0.08307,0.74442,0.68074,0.39437,0.29407,0.41912,0.3887,0.87128,0.03517,0.25814
2026-06-16 11:00:00,3.51615,0,0.02079,0,0,0,0,0.00162,0.22667,0.73541,0.92752,1.04668,0.00751,0.11829,0.39403,0,0,0,0,0,0,0.41877,1.74968,0.08394,0.31846,0.01378,2.40238,0.0831,0.00932,0.03282,0.17632,0.91951,0.74442,0.67969,0,0.86733,0,0.11829,0.0831,0.74442,0.67969,0.39403,0.29375,0.41877,0.38835,0.86733,0.03515,0.25812
2026-06-16 12:00:00,3.50385,0,0.02077,0,0,0,0,0.00162,0.22642,0.73405,0.93317,1.05645,0.00751,0.1183,0.3937,0,0,0,0,0,0,0.41843,1.74655,0.08356,0.31898,0.01378,2.40322,0.08312,0.00928,0.03279,0.17627,0.91845,0.74441,0.67874,0,0.86361,0,0.1183,0.08312,0.74441,0.67874,0.3937,0.29343,0.41843,0.38801,0.86361,0.03514,0.25775
2026-06-16 13:00:00,3.50067,0,0.02075,0,0,0,0,0.00162,0.22616,0.72876,0.93752,1.06442,0.00751,0.11833,0.39337,0,0,0,0,0,0,0.4181,1.74256,0.08324,0.31796,0.01379,2.39621,0.08314,0.00925,0.03276,0.17621,0.91724,0.74441,0.67786,0,0.86011,0,0.11833,0.08314,0.74441,0.67786,0.39337,0.29311,0.4181,0.38767,0.86011,0.03513,0.25751
2026-06-16 14:00:00,3.49749,0,0.02074,0,0,0,0,0.00161,0.22591,0.72037,0.93947,1.07093,0.00751,0.11835,0.39303,0,0,0,0,0,0,0.41776,1.73804,0.08292,0.31693,0.01379,2.38921,0.08316,0.00921,0.03272,0.17618,0.91603,0.74441,0.67707,0,0.85683,0,0.11835,0.08316,0.74441,0.67707,0.39303,0.29278,0.41776,0.38732,0.85683,0.03513,0.25316
2026-06-16 15:00:00,3.49431,0,0.02072,0,0,0,0,0.00161,0.22565,0.71204,0.93858,1.07655,0.00751,0.11837,0.3927,0,0,0,0,0,0,0.41742,1.73282,0.0826,0.31591,0.0138,2.3822,0.08318,0.00918,0.03269,0.17613,0.91483,0.74439,0.67635,0,0.85374,0,0.11837,0.08318,0.74439,0.67635,0.3927,0.29245,0.41742,0.38698,0.85374,0.03512,0.25171
2026-06-16 16:00:00,3.49113,0,0.02071,0,0,0,0,0.00161,0.22539,0.70375,0.93418,1.08132,0.00751,0.11839,0.39237,0,0,0,0,0,0,0.41709,1.72671,0.08227,0.31489,0.0138,2.37519,0.08319,0.00914,0.03266,0.17608,0.91361,0.74439,0.67569,0,0.85085,0,0.11839,0.08319,0.74439,0.67569,0.39237,0.29213,0.41709,0.38664,0.85085,0.03511,0.25098
2026-06-16 17:00:00,3.48795,0,0.0207,0,0,0,0,0.00161,0.22513,0.69545,0.92761,1.08443,0.00751,0.11841,0.39203,0,0,0,0,0,0,0.41675,1.71998,0.08195,0.31386,0.01381,2.36819,0.08321,0.0091,0.03262,0.17604,0.91239,0.74438,0.6751,0,0.84815,0,0.11841,0.08321,0.74438,0.6751,0.39203,0.2918,0.41675,0.3863,0.84815,0.0351,0.25055
2026-06-16 18:00:00,3.48477,0,0.02069,0,0,0,0,0.00161,0.22486,0.69014,0.91983,1.08512,0.00751,0.11843,0.3917,0,0,0,0,0,0,0.41642,1.71282,0.08163,0.31284,0.01381,2.36118,0.08321,0.00907,0.03259,0.17599,0.91118,0.74438,0.67457,0,0.84561,0,0.11843,0.08321,0.74438,0.67457,0.3917,0.29148,0.41642,0.38597,0.84561,0.03509,0.25026
2026-06-16 19:00:00,3.49926,0,0.02068,0,0,0,0,0.00161,0.2246,0.67583,0.91143,1.08278,0.00751,0.11845,0.39137,0,0,0,0,0,0,0.41607,1.7054,0.08134,0.31257,0.01381,2.35584,0.08323,0.00904,0.03256,0.17595,0.91104,0.74437,0.6741,0,0.84325,0,0.11845,0.08323,0.74437,0.6741,0.39137,0.29116,0.41607,0.38563,0.84325,0.03508,0.25005
2026-06-16 20:00:00,3.51375,0,0.02067,0,0,0,0,0.0016,0.22433,0.66758,0.90343,1.07758,0.00751,0.11847,0.39103,0,0,0,0,0,0,0.41574,1.69782,0.08106,0.31229,0.01382,2.35051,0.08324,0.009,0.03253,0.1759,0.91089,0.74437,0.67368,0,0.84104,0,0.11847,0.08324,0.74437,0.67368,0.39103,0.29084,0.41574,0.3853,0.84104,0.03507,0.2499
2026-06-16 21:00:00,3.52824,0,0.02066,0,0,0,0,0.0016,0.22407,0.65348,0.89365,1.07045,0.00751,0.11849,0.3907,0,0,0,0,0,0,0.4154,1.69171,0.08077,0.31202,0.01382,2.34517,0.08324,0.00897,0.0325,0.17587,0.91077,0.74436,0.67331,0,0.83898,0,0.11849,0.08324,0.74436,0.67331,0.3907,0.29051,0.4154,0.38496,0.83898,0.03507,0.24978
2026-06-16 22:00:00,3.54273,0,0.02065,0,0,0,0,0.00159,0.2238,0.6454,0.88293,1.06222,0.00751,0.11852,0.39037,0,0,0,0,0,0,0.41506,1.68857,0.08048,0.31175,0.01383,2.33983,0.08326,0.00894,0.03246,0.17581,0.91061,0.74435,0.673,0,0.83707,0,0.11852,0.08326,0.74435,0.673,0.39037,0.29019,0.41506,0.38463,0.83707,0.03505,0.24968
2026-06-16 23:00:00,3.55722,0,0.02063,0,0,0,0,0.00158,0.22354,0.64324,0.87203,1.05368,0.00751,0.11853,0.39004,0,0,0,0,0,0,0.41473,1.68777,0.0802,0.31147,0.01383,2.3345,0.08326,0.0089,0.03243,0.17577,0.91046,0.74435,0.67272,0,0.8353,0,0.11853,0.08326,0.74435,0.67272,0.39004,0.28986,0.41473,0.38429,0.8353,0.03504,0.2496
2026-06-17 00:00:00,3.57171,0,0.02061,0,0,0,0,0.00158,0.22328,0.64108,0.86086,1.04452,0.0075,0.11856,0.3897,0,0,0,0,0,0,0.4144,1.68845,0.07991,0.3112,0.01384,2.32916,0.08328,0.00887,0.0324,0.17572,0.91032,0.74434,0.67249,0,0.83366,0,0.11856,0.08328,0.74434,0.67249,0.3897,0.28954,0.4144,0.38396,0.83366,0.03503,0.24954
2026-06-17 01:00:00,3.56915,0,0.0206,0,0,0,0,0.00158,0.22302,0.65134,0.8531,1.03418,0.0075,0.11858,0.38937,0,0,0,0,0,0,0.41406,1.69009,0.07965,0.31243,0.01431,2.33312,0.08329,0.00884,0.0319,0.17568,0.90959,0.74434,0.67232,0,0.83213,0,0.11858,0.08329,0.74434,0.67232,0.38937,0.28923,0.41406,0.38363,0.83213,0.03502,0.24948
2026-06-17 02:00:00,3.56659,0,0.02058,0,0,0,0,0.00158,0.22277,0.66148,0.84889,1.02313,0.0075,0.11859,0.38904,0,0,0,0,0,0,0.41372,1.69233,0.0794,0.31365,0.01431,2.33708,0.08334,0.00881,0.03187,0.17563,0.90886,0.74433,0.67217,0,0.83073,0,0.11859,0.08334,0.74433,0.67217,0.38904,0.28891,0.41372,0.38329,0.83073,0.03501,0.24943
2026-06-17 03:00:00,3.56403,0,0.02057,0,0,0,0,0.00157,0.22251,0.6773,0.84892,1.01178,0.0075,0.11862,0.3887,0,0,0,0,0,0,0.41339,1.69523,0.07914,0.31488,0.01432,2.34104,0.08342,0.00878,0.03185,0.1756,0.90815,0.74432,0.67205,0,0.82943,0,0.11862,0.08342,0.74432,0.67205,0.3887,0.28858,0.41339,0.38296,0.82943,0.03501,0.24939
2026-06-17 04:00:00,3.56146,0,0.02055,0,0,0,0,0.00157,0.22226,0.68725,0.85491,1.00162,0.0075,0.11864,0.38837,0,0,0,0,0,0,0.41306,1.69892,0.07888,0.31611,0.01432,2.34499,0.08349,0.00875,0.03182,0.17555,0.90742,0.74432,0.67197,0,0.82825,0,0.11864,0.08349,0.74432,0.67197,0.38837,0.28826,0.41306,0.38263,0.82825,0.035,0.24935
2026-06-17 05:00:00,3.5589,0,0.02053,0,0,0,0,0.00157,0.222,0.69715,0.8646,0.9945,0.0075,0.11866,0.38805,0,0,0,0,0,0,0.41273,1.70318,0.07863,0.31733,0.01433,2.34895,0.08355,0.00872,0.03179,0.17549,0.90668,0.74431,0.67193,0,0.82716,0,0.11866,0.08355,0.74431,0.67193,0.38805,0.28794,0.41273,0.38229,0.82716,0.03498,0.24932
2026-06-17 06:00:00,3.55634,0,0.02051,0,0,0,0,0.00157,0.22175,0.70408,0.87634,0.99109,0.0075,0.11868,0.38771,0,0,0,0,0,0,0.41238,1.70781,0.07837,0.31856,0.01433,2.35291,0.0836,0.00869,0.03176,0.17545,0.90595,0.74431,0.67191,0,0.82616,0,0.11868,0.0836,0.74431,0.67191,0.38771,0.28762,0.41238,0.38197,0.82616,0.03497,0.24929
2026-06-17 07:00:00,3.54368,0,0.02049,0,0,0,0,0.00156,0.2215,0.7083,0.88765,0.99251,0.0075,0.1187,0.38738,0,0,0,0,0,0,0.41205,1.71267,0.07813,0.31887,0.01434,2.35387,0.08364,0.00866,0.03173,0.1754,0.9047,0.7443,0.67192,0,0.82526,0,0.1187,0.08364,0.7443,0.67192,0.38738,0.2873,0.41205,0.38164,0.82526,0.03496,0.24927
2026-06-17 08:00:00,3.53101,0,0.02048,0,0,0,0,0.00156,0.22125,0.71253,0.898,0.99877,0.0075,0.11872,0.38705,0,0,0,0,0,0,0.41172,1.71767,0.07788,0.31919,0.01434,2.35483,0.08368,0.00863,0.0317,0.17537,0.90347,0.7443,0.67196,0,0.82444,0,0.11872,0.08368,0.7443,0.67196,0.38705,0.28697,0.41172,0.38133,0.82444,0.03496,0.24925
2026-06-17 09:00:00,3.51835,0,0.02046,0,0,0,0,0.00155,0.22098,0.71677,0.90623,1.00829,0.0075,0.11874,0.38671,0,0,0,0,0,0,0.41139,1.72109,0.07764,0.3195,0.01435,2.35579,0.08372,0.0086,0.03167,0.17533,0.90222,0.74429,0.67203,0,0.82372,0,0.11874,0.08372,0.74429,0.67203,0.38671,0.28665,0.41139,0.38101,0.82372,0.03495,0.24922
2026-06-17 10:00:00,3.50569,0,0.02044,0,0,0,0,0.00155,0.22072,0.72101,0.91286,1.01912,0.0075,0.11877,0.38638,0,0,0,0,0,0,0.41105,1.72143,0.0774,0.31981,0.01435,2.35676,0.08374,0.00857,0.03164,0.17529,0.90097,0.74429,0.67212,0,0.82306,0,0.11877,0.08374,0.74429,0.67212,0.38638,0.28633,0.41105,0.3807,0.82306,0.03494,0.24921
2026-06-17 11:00:00,3.49302,0,0.02042,0,0,0,0,0.00154,0.22047,0.72247,0.91845,1.02965,0.0075,0.11878,0.38605,0,0,0,0,0,0,0.41072,1.71945,0.07715,0.32013,0.01435,2.35772,0.08377,0.00854,0.03161,0.17523,0.89972,0.74429,0.67223,0,0.82248,0,0.11878,0.08377,0.74429,0.67223,0.38605,0.28601,0.41072,0.38039,0.82248,0.03492,0.24919
2026-06-17 12:00:00,3.48036,0,0.0204,0,0,0,0,0.00154,0.22021,0.72097,0.92366,1.03888,0.0075,0.11881,0.38571,0,0,0,0,0,0,0.41038,1.716,0.07691,0.32044,0.01436,2.35868,0.08379,0.00851,0.03158,0.17519,0.89847,0.74428,0.67236,0,0.82197,0,0.11881,0.08379,0.74428,0.67236,0.38571,0.28569,0.41038,0.38007,0.82197,0.03491,0.24878
2026-06-17 13:00:00,3.47779,0,0.02038,0,0,0,0,0.00153,0.21995,0.71545,0.92761,1.04638,0.00749,0.11882,0.38538,0,0,0,0,0,0,0.41005,1.71154,0.07667,0.31911,0.01436,2.35084,0.08382,0.00848,0.03155,0.17516,0.89708,0.74428,0.67253,0,0.82153,0,0.11882,0.08382,0.74428,0.67253,0.38538,0.28537,0.41005,0.37976,0.82153,0.03491,0.24833
2026-06-17 14:00:00,3.47522,0,0.02036,0,0,0,0,0.00153,0.2197,0.70717,0.92924,1.05247,0.00749,0.11884,0.38505,0,0,0,0,0,0,0.40971,1.70645,0.07644,0.31778,0.01437,2.343,0.08383,0.00845,0.03152,0.17512,0.89569,0.74427,0.6727,0,0.82115,0,0.11884,0.08383,0.74427,0.6727,0.38505,0.28505,0.40971,0.37946,0.82115,0.0349,0.24426
2026-06-17 15:00:00,3.47265,0,0.02034,0,0,0,0,0.00153,0.21945,0.69889,0.928,1.0577,0.00749,0.11887,0.38471,0,0,0,0,0,0,0.40938,1.70063,0.0762,0.31645,0.01437,2.33516,0.08384,0.00842,0.0315,0.17508,0.8943,0.74426,0.67289,0,0.82084,0,0.11887,0.08384,0.74426,0.67289,0.38471,0.28473,0.40938,0.37914,0.82084,0.03489,0.2429
2026-06-17 16:00:00,3.47008,0,0.02032,0,0,0,0,0.00152,0.21918,0.69067,0.92336,1.06211,0.00749,0.11888,0.38438,0,0,0,0,0,0,0.40905,1.69392,0.07596,0.31512,0.01438,2.32731,0.08385,0.00839,0.03147,0.17504,0.8929,0.74426,0.6731,0,0.82057,0,0.11888,0.08385,0.74426,0.6731,0.38438,0.28441,0.40905,0.37883,0.82057,0.03488,0.24223
2026-06-17 17:00:00,3.46751,0,0.0203,0,0,0,0,0.00152,0.21893,0.68251,0.91662,1.06492,0.00749,0.11891,0.38405,0,0,0,0,0,0,0.40872,1.68654,0.07573,0.31379,0.01438,2.31947,0.08387,0.00836,0.03144,0.175,0.89151,0.74425,0.67333,0,0.82036,0,0.11891,0.08387,0.74425,0.67333,0.38405,0.28409,0.40872,0.37852,0.82036,0.03487,0.24182
2026-06-17 18:00:00,3.46494,0,0.02028,0,0,0,0,0.00152,0.21868,0.67723,0.90871,1.06533,0.00749,0.11893,0.38371,0,0,0,0,0,0,0.40838,1.67875,0.07549,0.31246,0.01438,2.31163,0.08388,0.00833,0.03141,0.17496,0.89011,0.74425,0.67356,0,0.8202,0,0.11893,0.08388,0.74425,0.67356,0.38371,0.28377,0.40838,0.37821,0.8202,0.03486,0.24155
2026-06-17 19:00:00,3.47627,0,0.02026,0,0,0,0,0.00151,0.21842,0.66318,0.90023,1.06276,0.00749,0.11895,0.38338,0,0,0,0,0,0,0.40805,1.67069,0.07526,0.31182,0.01439,2.30523,0.0839,0.0083,0.03138,0.17492,0.88953,0.74424,0.67382,0,0.82009,0,0.11895,0.0839,0.74424,0.67382,0.38338,0.28345,0.40805,0.3779,0.82009,0.03485,0.24135
2026-06-17 20:00:00,3.48761,0,0.02025,0,0,0,0,0.00151,0.21816,0.6549,0.89211,1.05739,0.00749,0.11897,0.38305,0,0,0,0,0,0,0.40772,1.66246,0.07504,0.31118,0.01439,2.29884,0.08391,0.00828,0.03135,0.17488,0.88896,0.74424,0.67409,0,0.82003,0,0.11897,0.08391,0.74424,0.67409,0.38305,0.28313,0.40772,0.3776,0.82003,0.03484,0.24121
2026-06-17 21:00:00,3.49894,0,0.02022,0,0,0,0,0.0015,0.21791,0.64122,0.88223,1.05016,0.00749,0.11899,0.38271,0,0,0,0,0,0,0.40739,1.6556,0.07481,0.31055,0.0144,2.29245,0.08392,0.00825,0.03133,0.17484,0.88841,0.74423,0.67437,0,0.82,0,0.11899,0.08392,0.74423,0.67437,0.38271,0.2828,0.40739,0.37728,0.82,0.03484,0.24109
2026-06-17 22:00:00,3.51027,0,0.0202,0,0,0,0,0.00151,0.21765,0.63319,0.8714,1.04187,0.00749,0.11901,0.38238,0,0,0,0,0,0,0.40705,1.65158,0.07458,0.30991,0.0144,2.28605,0.08393,0.00822,0.0313,0.17479,0.88782,0.74423,0.67466,0,0.82001,0,0.11901,0.08393,0.74423,0.67466,0.38238,0.28248,0.40705,0.37697,0.82001,0.03482,0.241
2026-06-17 23:00:00,3.52161,0,0.02018,0,0,0,0,0.0015,0.21739,0.63059,0.86044,1.03329,0.00749,0.11903,0.38206,0,0,0,0,0,0,0.40672,1.64986,0.07436,0.30927,0.01441,2.27965,0.08394,0.0082,0.03127,0.17475,0.88725,0.74423,0.67496,0,0.82007,0,0.11903,0.08394,0.74423,0.67496,0.38206,0.28216,0.40672,0.37666,0.82007,0.03481,0.24093
2026-06-18 00:00:00,3.53294,0,0.02016,0,0,0,0,0.0015,0.21713,0.62799,0.84921,1.02408,0.00749,0.11906,0.38172,0,0,0,0,0,0,0.40638,1.64959,0.07413,0.30863,0.01441,2.27326,0.08395,0.00817,0.03124,0.17471,0.88667,0.74422,0.67529,0,0.82015,0,0.11906,0.08395,0.74422,0.67529,0.38172,0.28184,0.40638,0.37635,0.82015,0.0348,0.24087
2026-06-18 01:00:00,3.52674,0,0.02014,0,0,0,0,0.0015,0.21688,0.63662,0.84119,1.01367,0.00749,0.11907,0.38139,0,0,0,0,0,0,0.40605,1.65025,0.07392,0.30925,0.01489,2.27537,0.08396,0.00814,0.03074,0.17467,0.88539,0.74422,0.67561,0,0.82028,0,0.11907,0.08396,0.74422,0.67561,0.38139,0.28152,0.40605,0.37603,0.82028,0.03479,0.24082
2026-06-18 02:00:00,3.52054,0,0.02013,0,0,0,0,0.00149,0.21662,0.64505,0.83646,1.00259,0.00748,0.1191,0.38106,0,0,0,0,0,0,0.40571,1.6515,0.07371,0.30988,0.0149,2.27748,0.08402,0.00812,0.03072,0.17464,0.88415,0.74421,0.67595,0,0.82043,0,0.1191,0.08402,0.74421,0.67595,0.38106,0.28121,0.40571,0.37572,0.82043,0.03479,0.24077
2026-06-18 03:00:00,3.51434,0,0.0201,0,0,0,0,0.00149,0.21636,0.65866,0.83556,0.99122,0.00748,0.11912,0.38072,0,0,0,0,0,0,0.40538,1.65326,0.0735,0.3105,0.0149,2.27959,0.08409,0.00809,0.03069,0.17461,0.88287,0.7442,0.67629,0,0.82061,0,0.11912,0.08409,0.7442,0.67629,0.38072,0.28089,0.40538,0.37542,0.82061,0.03478,0.24073
2026-06-18 04:00:00,3.50813,0,0.02008,0,0,0,0,0.00149,0.2161,0.66678,0.84006,0.98097,0.00748,0.11913,0.38039,0,0,0,0,0,0,0.40505,1.65555,0.07329,0.31112,0.01491,2.28171,0.08417,0.00806,0.03066,0.17457,0.88159,0.74419,0.67664,0,0.82082,0,0.11913,0.08417,0.74419,0.67664,0.38039,0.28057,0.40505,0.3751,0.82082,0.03477,0.2407
2026-06-18 05:00:00,3.50193,0,0.02006,0,0,0,0,0.00149,0.21584,0.67476,0.84784,0.97355,0.00748,0.11916,0.38006,0,0,0,0,0,0,0.40473,1.65821,0.07308,0.31175,0.01491,2.28382,0.08423,0.00804,0.03064,0.17452,0.88033,0.74419,0.677,0,0.82106,0,0.11916,0.08423,0.74419,0.677,0.38006,0.28024,0.40473,0.37479,0.82106,0.03475,0.24067
2026-06-18 06:00:00,3.49573,0,0.02004,0,0,0,0,0.00149,0.21557,0.67998,0.85741,0.96953,0.00748,0.11918,0.37972,0,0,0,0,0,0,0.40439,1.66111,0.07287,0.31237,0.01492,2.28593,0.08428,0.00801,0.03061,0.17448,0.87905,0.74419,0.67737,0,0.82132,0,0.11918,0.08428,0.74419,0.67737,0.37972,0.27992,0.40439,0.37448,0.82132,0.03474,0.24064
2026-06-18 07:00:00,3.48285,0,0.02002,0,0,0,0,0.00148,0.2153,0.68274,0.86652,0.96989,0.00748,0.1192,0.37939,0,0,0,0,0,0,0.40406,1.66416,0.07267,0.31201,0.01492,2.2848,0.08432,0.00799,0.03059,0.17444,0.87735,0.74418,0.67774,0,0.82162,0,0.1192,0.08432,0.74418,0.67774,0.37939,0.2796,0.40406,0.37417,0.82162,0.03473,0.24062
2026-06-18 08:00:00,3.46996,0,0.02001,0,0,0,0,0.00148,0.21504,0.68549,0.87471,0.97461,0.00748,0.11922,0.37907,0,0,0,0,0,0,0.40372,1.66731,0.07246,0.31165,0.01492,2.28367,0.08436,0.00796,0.03056,0.17442,0.87564,0.74418,0.67813,0,0.82193,0,0.11922,0.08436,0.74418,0.67813,0.37907,0.27928,0.40372,0.37387,0.82193,0.03473,0.2406
2026-06-18 09:00:00,3.45708,0,0.01999,0,0,0,0,0.00148,0.21477,0.68819,0.88086,0.98222,0.00748,0.11925,0.37873,0,0,0,0,0,0,0.40339,1.66908,0.07226,0.31129,0.01493,2.28255,0.0844,0.00794,0.03054,0.17438,0.87394,0.74416,0.67851,0,0.82226,0,0.11925,0.0844,0.74416,0.67851,0.37873,0.27896,0.40339,0.37357,0.82226,0.03472,0.24058
2026-06-18 10:00:00,3.4442,0,0.01998,0,0,0,0,0.00148,0.21451,0.69088,0.88555,0.99095,0.00748,0.11926,0.3784,0,0,0,0,0,0,0.40305,1.66812,0.07206,0.31093,0.01493,2.28142,0.08442,0.00792,0.03051,0.17434,0.87222,0.74416,0.67891,0,0.82261,0,0.11926,0.08442,0.74416,0.67891,0.3784,0.27864,0.40305,0.37328,0.82261,0.03471,0.24056
2026-06-18 11:00:00,3.43131,0,0.01997,0,0,0,0,0.00148,0.21426,0.69102,0.88925,0.99934,0.00748,0.11928,0.37807,0,0,0,0,0,0,0.40272,1.66505,0.07185,0.31057,0.01494,2.28029,0.08445,0.00789,0.03049,0.1743,0.8705,0.74416,0.67931,0,0.82299,0,0.11928,0.08445,0.74416,0.67931,0.37807,0.27832,0.40272,0.37298,0.82299,0.03469,0.24054
2026-06-18 12:00:00,3.41843,0,0.01996,0,0,0,0,0.00148,0.214,0.68864,0.89256,1.00649,0.00748,0.11931,0.37773,0,0,0,0,0,0,0.40239,1.66042,0.07165,0.31021,0.01494,2.27916,0.08447,0.00787,0.03046,0.17426,0.86879,0.74415,0.67972,0,0.8234,0,0.11931,0.08447,0.74415,0.67972,0.37773,0.278,0.40239,0.37268,0.8234,0.03468,0.24018
2026-06-18 13:00:00,3.41334,0,0.01995,0,0,0,0,0.00148,0.21374,0.68291,0.8947,1.012,0.00748,0.11932,0.3774,0,0,0,0,0,0,0.40206,1.6549,0.07145,0.30846,0.01495,2.27033,0.08449,0.00784,0.03043,0.17423,0.86698,0.74415,0.68013,0,0.82381,0,0.11932,0.08449,0.74415,0.68013,0.3774,0.27768,0.40206,0.37239,0.82381,0.03468,0.23988
2026-06-18 14:00:00,3.40826,0,0.01995,0,0,0,0,0.00147,0.21349,0.67462,0.89475,1.01618,0.00748,0.11935,0.37707,0,0,0,0,0,0,0.40172,1.64901,0.07124,0.30672,0.01495,2.26151,0.0845,0.00782,0.0304,0.17418,0.86517,0.74414,0.68055,0,0.82424,0,0.11935,0.0845,0.74414,0.68055,0.37707,0.27736,0.40172,0.37209,0.82424,0.03467,0.23591
2026-06-18 15:00:00,3.40317,0,0.01993,0,0,0,0,0.00146,0.21323,0.66648,0.89233,1.01954,0.00747,0.11937,0.37674,0,0,0,0,0,0,0.40139,1.64247,0.07104,0.30497,0.01495,2.25269,0.08453,0.00779,0.03038,0.17415,0.86337,0.74414,0.68097,0,0.82469,0,0.11937,0.08453,0.74414,0.68097,0.37674,0.27705,0.40139,0.37179,0.82469,0.03466,0.23459
2026-06-18 16:00:00,3.39808,0,0.01992,0,0,0,0,0.00146,0.21297,0.65828,0.88693,1.02212,0.00747,0.11938,0.3764,0,0,0,0,0,0,0.40106,1.63524,0.07083,0.30323,0.01496,2.24386,0.08454,0.00776,0.03035,0.17411,0.86155,0.74413,0.68139,0,0.82515,0,0.11938,0.08454,0.74413,0.68139,0.3764,0.27673,0.40106,0.37149,0.82515,0.03465,0.23393
2026-06-18 17:00:00,3.393,0,0.0199,0,0,0,0,0.00145,0.21272,0.65017,0.87976,1.02323,0.00747,0.11941,0.37607,0,0,0,0,0,0,0.40073,1.62752,0.07063,0.30148,0.01496,2.23504,0.08456,0.00774,0.03032,0.17407,0.85974,0.74413,0.68182,0,0.82564,0,0.11941,0.08456,0.74413,0.68182,0.37607,0.2764,0.40073,0.37119,0.82564,0.03464,0.23353
2026-06-18 18:00:00,3.38791,0,0.01989,0,0,0,0,0.00145,0.21247,0.64456,0.87157,1.02222,0.00747,0.11943,0.37574,0,0,0,0,0,0,0.4004,1.61948,0.07042,0.29974,0.01497,2.22621,0.08456,0.00771,0.03029,0.17404,0.85792,0.74413,0.68225,0,0.82612,0,0.11943,0.08456,0.74413,0.68225,0.37574,0.27608,0.4004,0.3709,0.82612,0.03463,0.23327
2026-06-18 19:00:00,3.39389,0,0.01987,0,0,0,0,0.00145,0.21222,0.63155,0.86284,1.01861,0.00747,0.11945,0.3754,0,0,0,0,0,0,0.40007,1.61124,0.07022,0.29875,0.01497,2.21873,0.08457,0.00769,0.03027,0.17401,0.85676,0.74412,0.68268,0,0.82663,0,0.11945,0.08457,0.74412,0.68268,0.3754,0.27576,0.40007,0.3706,0.82663,0.03462,0.23308
2026-06-18 20:00:00,3.39988,0,0.01986,0,0,0,0,0.00144,0.21195,0.62355,0.85448,1.0126,0.00747,0.11947,0.37508,0,0,0,0,0,0,0.39973,1.60287,0.07002,0.29777,0.01498,2.21125,0.08459,0.00767,0.03024,0.17397,0.8556,0.74412,0.68312,0,0.82714,0,0.11947,0.08459,0.74412,0.68312,0.37508,0.27544,0.39973,0.3703,0.82714,0.03461,0.23294
2026-06-18 21:00:00,3.40587,0,0.01984,0,0,0,0,0.00144,0.2117,0.61077,0.84457,1.00498,0.00747,0.1195,0.37475,0,0,0,0,0,0,0.3994,1.59556,0.06982,0.29678,0.01498,2.20377,0.0846,0.00765,0.03022,0.17394,0.85445,0.7441,0.68356,0,0.82766,0,0.1195,0.0846,0.7441,0.68356,0.37475,0.27512,0.3994,0.37,0.82766,0.03461,0.23283
2026-06-18 22:00:00,3.41185,0,0.01982,0,0,0,0,0.00144,0.21145,0.60297,0.834,0.99641,0.00747,0.11951,0.37441,0,0,0,0,0,0,0.39906,1.59057,0.06961,0.2958,0.01499,2.19629,0.08462,0.00762,0.03019,0.1739,0.85326,0.7441,0.68401,0,0.8282,0,0.11951,0.08462,0.7441,0.68401,0.37441,0.2748,0.39906,0.3697,0.8282,0.03459,0.23274
2026-06-18 23:00:00,3.41784,0,0.0198,0,0,0,0,0.00144,0.2112,0.59999,0.82335,0.9876,0.00747,0.11953,0.37408,0,0,0,0,0,0,0.39873,1.58749,0.06941,0.29481,0.01499,2.18881,0.08462,0.0076,0.03017,0.17386,0.85211,0.74409,0.68447,0,0.82875,0,0.11953,0.08462,0.74409,0.68447,0.37408,0.27448,0.39873,0.3694,0.82875,0.03458,0.23267
2026-06-19 00:00:00,3.42382,0,0.01978,0,0,0,0,0.00144,0.21094,0.59702,0.81249,0.97827,0.00747,0.11956,0.37375,0,0,0,0,0,0,0.3984,1.58563,0.06921,0.29383,0.01499,2.18133,0.08464,0.00758,0.03014,0.17383,0.85094,0.74409,0.68492,0,0.8293,0,0.11956,0.08464,0.74409,0.68492,0.37375,0.27416,0.3984,0.36909,0.8293,0.03457,0.23261
2026-06-19 01:00:00,3.41618,0,0.01977,0,0,0,0,0.00143,0.21069,0.60398,0.80449,0.96794,0.00747,0.11957,0.37341,0,0,0,0,0,0,0.39807,1.58456,0.06902,0.29394,0.01547,2.18103,0.08464,0.00756,0.02965,0.17379,0.84908,0.74409,0.68537,0,0.82986,0,0.11957,0.08464,0.74409,0.68537,0.37341,0.27384,0.39807,0.3688,0.82986,0.03456,0.23256
2026-06-19 02:00:00,3.40854,0,0.01975,0,0,0,0,0.00143,0.21043,0.61079,0.79946,0.95713,0.00747,0.1196,0.37308,0,0,0,0,0,0,0.39773,1.58399,0.06883,0.29405,0.01547,2.18073,0.0847,0.00754,0.02962,0.17377,0.84722,0.74408,0.68582,0,0.83043,0,0.1196,0.0847,0.74408,0.68582,0.37308,0.27352,0.39773,0.36849,0.83043,0.03456,0.23251
2026-06-19 03:00:00,3.40091,0,0.01973,0,0,0,0,0.00143,0.21017,0.62216,0.79775,0.94611,0.00747,0.11962,0.37275,0,0,0,0,0,0,0.3974,1.58384,0.06864,0.29416,0.01548,2.18043,0.08477,0.00752,0.0296,0.17374,0.84536,0.74408,0.68628,0,0.831,0,0.11962,0.08477,0.74408,0.68628,0.37275,0.2732,0.3974,0.36819,0.831,0.03455,0.23248
2026-06-19 04:00:00,3.39327,0,0.01971,0,0,0,0,0.00143,0.20991,0.62872,0.80087,0.9361,0.00746,0.11964,0.37241,0,0,0,0,0,0,0.39707,1.58415,0.06845,0.29428,0.01548,2.18013,0.08485,0.00749,0.02958,0.1737,0.84349,0.74407,0.68674,0,0.8316,0,0.11964,0.08485,0.74407,0.68674,0.37241,0.27289,0.39707,0.36788,0.8316,0.03454,0.23244
2026-06-19 05:00:00,3.38563,0,0.01969,0,0,0,0,0.00142,0.20966,0.63521,0.80684,0.92863,0.00746,0.11966,0.37208,0,0,0,0,0,0,0.39674,1.58477,0.06826,0.29439,0.01549,2.17983,0.0849,0.00747,0.02955,0.17366,0.84161,0.74407,0.6872,0,0.83218,0,0.11966,0.0849,0.74407,0.6872,0.37208,0.27257,0.39674,0.36759,0.83218,0.03452,0.23241
2026-06-19 06:00:00,3.37799,0,0.01967,0,0,0,0,0.00142,0.2094,0.63925,0.81443,0.92419,0.00746,0.11968,0.37175,0,0,0,0,0,0,0.3964,1.5856,0.06807,0.2945,0.01549,2.17953,0.08496,0.00745,0.02953,0.17362,0.83975,0.74407,0.68766,0,0.83278,0,0.11968,0.08496,0.74407,0.68766,0.37175,0.27225,0.3964,0.36728,0.83278,0.03451,0.23239
2026-06-19 07:00:00,3.36341,0,0.01965,0,0,0,0,0.00141,0.20914,0.64073,0.82163,0.92361,0.00746,0.1197,0.37141,0,0,0,0,0,0,0.39608,1.58656,0.06789,0.29366,0.01549,2.17646,0.085,0.00743,0.02951,0.17358,0.83757,0.74406,0.68813,0,0.83338,0,0.1197,0.085,0.74406,0.68813,0.37141,0.27193,0.39608,0.36699,0.83338,0.0345,0.23236
2026-06-19 08:00:00,3.34883,0,0.01963,0,0,0,0,0.00141,0.20889,0.64221,0.82799,0.92688,0.00746,0.11972,0.37109,0,0,0,0,0,0,0.39575,1.58761,0.06771,0.29282,0.0155,2.17339,0.08503,0.00741,0.02948,0.17356,0.83538,0.74406,0.68859,0,0.83399,0,0.11972,0.08503,0.74406,0.68859,0.37109,0.27161,0.39575,0.36669,0.83399,0.0345,0.23234
2026-06-19 09:00:00,3.33426,0,0.01961,0,0,0,0,0.00141,0.20863,0.64368,0.8325,0.93271,0.00746,0.11975,0.37076,0,0,0,0,0,0,0.39542,1.58758,0.06753,0.29199,0.0155,2.17033,0.08507,0.00739,0.02946,0.17353,0.8332,0.74404,0.68906,0,0.83461,0,0.11975,0.08507,0.74404,0.68906,0.37076,0.27129,0.39542,0.3664,0.83461,0.03449,0.23232
2026-06-19 10:00:00,3.31968,0,0.01959,0,0,0,0,0.0014,0.20837,0.64514,0.83556,0.93954,0.00746,0.11976,0.37042,0,0,0,0,0,0,0.39508,1.58531,0.06734,0.29115,0.01551,2.16726,0.0851,0.00736,0.02943,0.1735,0.83099,0.74404,0.68953,0,0.83524,0,0.11976,0.0851,0.74404,0.68953,0.37042,0.27097,0.39508,0.3661,0.83524,0.03448,0.23231
2026-06-19 11:00:00,3.3051,0,0.01957,0,0,0,0,0.0014,0.20812,0.64439,0.83766,0.94609,0.00746,0.11979,0.37009,0,0,0,0,0,0,0.39475,1.58117,0.06716,0.29031,0.01551,2.16419,0.08512,0.00734,0.02941,0.17346,0.82881,0.74403,0.69001,0,0.83586,0,0.11979,0.08512,0.74403,0.69001,0.37009,0.27064,0.39475,0.36582,0.83586,0.03447,0.23229
2026-06-19 12:00:00,3.29052,0,0.01955,0,0,0,0,0.0014,0.20787,0.6413,0.8394,0.95151,0.00746,0.11981,0.36976,0,0,0,0,0,0,0.39442,1.57592,0.06698,0.28947,0.01552,2.16112,0.08514,0.00732,0.02938,0.17342,0.8266,0.74403,0.69049,0,0.83649,0,0.11981,0.08514,0.74403,0.69049,0.36976,0.27032,0.39442,0.36552,0.83649,0.03445,0.23194
2026-06-19 13:00:00,3.28388,0,0.01953,0,0,0,0,0.0014,0.20762,0.63531,0.84007,0.95537,0.00746,0.11982,0.36942,0,0,0,0,0,0,0.39409,1.56992,0.0668,0.28746,0.01552,2.15133,0.08516,0.0073,0.02936,0.1734,0.82429,0.74403,0.69096,0,0.83713,0,0.11982,0.08516,0.74403,0.69096,0.36942,0.27,0.39409,0.36523,0.83713,0.03445,0.23164
2026-06-19 14:00:00,3.27724,0,0.01952,0,0,0,0,0.0014,0.20735,0.62714,0.83887,0.95796,0.00746,0.11985,0.36909,0,0,0,0,0,0,0.39374,1.56335,0.06661,0.28546,0.01552,2.14154,0.08518,0.00728,0.02933,0.17337,0.82196,0.74402,0.69144,0,0.83777,0,0.11985,0.08518,0.74402,0.69144,0.36909,0.26968,0.39374,0.36494,0.83777,0.03444,0.22783
2026-06-19 15:00:00,3.2706,0,0.01949,0,0,0,0,0.0014,0.2071,0.61907,0.83545,0.95975,0.00746,0.11987,0.36876,0,0,0,0,0,0,0.39341,1.55618,0.06643,0.28345,0.01553,2.13175,0.0852,0.00726,0.02931,0.17334,0.81963,0.74401,0.69191,0,0.83843,0,0.11987,0.0852,0.74401,0.69191,0.36876,0.26936,0.39341,0.36465,0.83843,0.03443,0.22655
2026-06-19 16:00:00,3.26395,0,0.01947,0,0,0,0,0.0014,0.20685,0.61115,0.82942,0.96082,0.00746,0.11989,0.36842,0,0,0,0,0,0,0.39308,1.54822,0.06625,0.28144,0.01553,2.12196,0.08521,0.00724,0.02928,0.17331,0.8173,0.744,0.69239,0,0.83908,0,0.11989,0.08521,0.744,0.69239,0.36842,0.26905,0.39308,0.36436,0.83908,0.03442,0.22592
2026-06-19 17:00:00,3.25731,0,0.01945,0,0,0,0,0.0014,0.20659,0.60332,0.82187,0.96056,0.00745,0.11991,0.36809,0,0,0,0,0,0,0.39275,1.53962,0.06606,0.27944,0.01554,2.11217,0.08523,0.00722,0.02926,0.17327,0.81498,0.744,0.69287,0,0.83974,0,0.11991,0.08523,0.744,0.69287,0.36809,0.26873,0.39275,0.36407,0.83974,0.03441,0.22554
2026-06-19 18:00:00,3.25067,0,0.01943,0,0,0,0,0.0014,0.20633,0.59769,0.81347,0.9584,0.00745,0.11994,0.36777,0,0,0,0,0,0,0.39241,1.53061,0.06588,0.27743,0.01554,2.10238,0.08524,0.0072,0.02923,0.17324,0.81265,0.74399,0.69335,0,0.8404,0,0.11994,0.08524,0.74399,0.69335,0.36777,0.26841,0.39241,0.36377,0.8404,0.0344,0.22528
2026-06-19 19:00:00,3.25348,0,0.01941,0,0,0,0,0.00139,0.20608,0.58575,0.80469,0.95393,0.00745,0.11995,0.36743,0,0,0,0,0,0,0.39209,1.52135,0.0657,0.27617,0.01555,2.09358,0.08525,0.00718,0.02921,0.17321,0.81105,0.74399,0.69383,0,0.84106,0,0.11995,0.08525,0.74399,0.69383,0.36743,0.26809,0.39209,0.36348,0.84106,0.03439,0.2251
2026-06-19 20:00:00,3.25629,0,0.0194,0,0,0,0,0.00139,0.20582,0.57824,0.79624,0.94735,0.00745,0.11997,0.3671,0,0,0,0,0,0,0.39176,1.51193,0.06552,0.27491,0.01555,2.08478,0.08527,0.00716,0.02918,0.17318,0.80943,0.74399,0.69431,0,0.84173,0,0.11997,0.08527,0.74399,0.69431,0.3671,0.26777,0.39176,0.36318,0.84173,0.03438,0.22497
2026-06-19 21:00:00,3.2591,0,0.01937,0,0,0,0,0.00138,0.20556,0.56666,0.78651,0.9394,0.00745,0.12,0.36677,0,0,0,0,0,0,0.39143,1.50347,0.06534,0.27365,0.01555,2.07598,0.08527,0.00714,0.02916,0.17315,0.80784,0.74398,0.69479,0,0.8424,0,0.12,0.08527,0.74398,0.69479,0.36677,0.26745,0.39143,0.36289,0.8424,0.03438,0.22486
2026-06-19 22:00:00,3.2619,0,0.01935,0,0,0,0,0.00138,0.2053,0.55938,0.77631,0.93068,0.00745,0.12001,0.36643,0,0,0,0,0,0,0.39109,1.49727,0.06515,0.27239,0.01556,2.06717,0.08529,0.00712,0.02914,0.17311,0.80622,0.74398,0.69528,0,0.84307,0,0.12001,0.08529,0.74398,0.69528,0.36643,0.26713,0.39109,0.36259,0.84307,0.03436,0.22478
2026-06-19 23:00:00,3.26471,0,0.01933,0,0,0,0,0.00137,0.20504,0.55621,0.76614,0.9218,0.00745,0.12004,0.3661,0,0,0,0,0,0,0.39076,1.4931,0.06497,0.27113,0.01556,2.05837,0.0853,0.0071,0.02911,0.17308,0.80461,0.74397,0.69576,0,0.84374,0,0.12004,0.0853,0.74397,0.69576,0.3661,0.26681,0.39076,0.36229,0.84374,0.03435,0.22471
2026-06-20 00:00:00,3.26752,0,0.01931,0,0,0,0,0.00137,0.20477,0.55303,0.75584,0.9125,0.00745,0.12006,0.36577,0,0,0,0,0,0,0.39043,1.49021,0.06479,0.26987,0.01557,2.04957,0.08531,0.00708,0.02909,0.17305,0.803,0.74397,0.69625,0,0.84441,0,0.12006,0.08531,0.74397,0.69625,0.36577,0.26649,0.39043,0.362,0.84441,0.03434,0.22465
2026-06-20 01:00:00,3.26048,0,0.01929,0,0,0,0,0.00137,0.20451,0.55831,0.74809,0.90242,0.00745,0.12007,0.36543,0,0,0,0,0,0,0.3901,1.48814,0.06462,0.26971,0.01604,2.048,0.08532,0.00706,0.0286,0.17302,0.80068,0.74396,0.69673,0,0.84509,0,0.12007,0.08532,0.74396,0.69673,0.36543,0.26617,0.3901,0.3617,0.84509,0.03433,0.2246
2026-06-20 02:00:00,3.25345,0,0.01928,0,0,0,0,0.00136,0.20425,0.56335,0.74292,0.89202,0.00745,0.1201,0.3651,0,0,0,0,0,0,0.38976,1.48658,0.06445,0.26955,0.01605,2.04643,0.08537,0.00704,0.02858,0.173,0.79837,0.74396,0.69722,0,0.84577,0,0.1201,0.08537,0.74396,0.69722,0.3651,0.26585,0.38976,0.3614,0.84577,0.03433,0.22456
2026-06-20 03:00:00,3.24641,0,0.01925,0,0,0,0,0.00136,0.20399,0.5721,0.74056,0.88151,0.00745,0.12012,0.36477,0,0,0,0,0,0,0.38943,1.48546,0.06428,0.26939,0.01605,2.04486,0.08545,0.00703,0.02856,0.17297,0.79606,0.74395,0.6977,0,0.84644,0,0.12012,0.08545,0.74395,0.6977,0.36477,0.26553,0.38943,0.3611,0.84644,0.03432,0.22452
2026-06-20 04:00:00,3.23937,0,0.01923,0,0,0,0,0.00136,0.20372,0.57677,0.74232,0.87196,0.00745,0.12014,0.36444,0,0,0,0,0,0,0.3891,1.48471,0.0641,0.26923,0.01605,2.04328,0.08552,0.00701,0.02853,0.17294,0.79374,0.74394,0.69819,0,0.84712,0,0.12014,0.08552,0.74394,0.69819,0.36444,0.2652,0.3891,0.3608,0.84712,0.03431,0.22449
2026-06-20 05:00:00,3.23234,0,0.01921,0,0,0,0,0.00136,0.20347,0.58125,0.74642,0.86465,0.00745,0.12016,0.36411,0,0,0,0,0,0,0.38877,1.48427,0.06393,0.26907,0.01606,2.04171,0.08558,0.00699,0.02851,0.17289,0.79141,0.74394,0.69867,0,0.8478,0,0.12016,0.08558,0.74394,0.69867,0.36411,0.26489,0.38877,0.3605,0.8478,0.03429,0.22446
2026-06-20 06:00:00,3.2253,0,0.01919,0,0,0,0,0.00135,0.20322,0.58366,0.75182,0.85994,0.00744,0.12019,0.36378,0,0,0,0,0,0,0.38843,1.48402,0.06376,0.26891,0.01606,2.04014,0.08562,0.00697,0.02849,0.17286,0.78909,0.74393,0.69916,0,0.84848,0,0.12019,0.08562,0.74393,0.69916,0.36378,0.26457,0.38843,0.36021,0.84848,0.03428,0.22444
2026-06-20 07:00:00,3.20797,0,0.01917,0,0,0,0,0.00136,0.20295,0.58448,0.75682,0.85853,0.00744,0.1202,0.36345,0,0,0,0,0,0,0.3881,1.4839,0.0636,0.26789,0.01607,2.03616,0.08567,0.00695,0.02847,0.17283,0.78645,0.74393,0.69965,0,0.84917,0,0.1202,0.08567,0.74393,0.69965,0.36345,0.26425,0.3881,0.3599,0.84917,0.03427,0.22441
2026-06-20 08:00:00,3.19064,0,0.01916,0,0,0,0,0.00135,0.2027,0.58522,0.76109,0.86036,0.00744,0.12022,0.36311,0,0,0,0,0,0,0.38777,1.48385,0.06343,0.26687,0.01607,2.03217,0.08571,0.00693,0.02845,0.17282,0.78382,0.74392,0.70014,0,0.84986,0,0.12022,0.08571,0.74392,0.70014,0.36311,0.26393,0.38777,0.35961,0.84986,0.03427,0.22439
2026-06-20 09:00:00,3.17331,0,0.01914,0,0,0,0,0.00135,0.20245,0.58597,0.76388,0.86429,0.00744,0.12025,0.36278,0,0,0,0,0,0,0.38744,1.48299,0.06327,0.26585,0.01608,2.02819,0.08574,0.00692,0.02843,0.17279,0.78119,0.74391,0.70062,0,0.85054,0,0.12025,0.08574,0.74391,0.70062,0.36278,0.26361,0.38744,0.35933,0.85054,0.03426,0.22438
2026-06-20 10:00:00,3.15597,0,0.01913,0,0,0,0,0.00134,0.20219,0.58672,0.76564,0.86902,0.00744,0.12026,0.36245,0,0,0,0,0,0,0.3871,1.48029,0.06311,0.26482,0.01608,2.02421,0.08576,0.0069,0.0284,0.17276,0.77853,0.74391,0.70112,0,0.85123,0,0.12026,0.08576,0.74391,0.70112,0.36245,0.26329,0.3871,0.35904,0.85123,0.03425,0.22436
2026-06-20 11:00:00,3.13864,0,0.01912,0,0,0,0,0.00134,0.20193,0.58559,0.76665,0.87344,0.00744,0.12029,0.36211,0,0,0,0,0,0,0.38677,1.47602,0.06294,0.2638,0.01609,2.02022,0.08579,0.00688,0.02838,0.17273,0.77589,0.7439,0.70161,0,0.85192,0,0.12029,0.08579,0.7439,0.70161,0.36211,0.26297,0.38677,0.35875,0.85192,0.03424,0.22434
2026-06-20 12:00:00,3.12131,0,0.01911,0,0,0,0,0.00133,0.20167,0.58273,0.7674,0.87692,0.00744,0.12031,0.36178,0,0,0,0,0,0,0.38644,1.47053,0.06278,0.26278,0.01609,2.01624,0.08581,0.00686,0.02836,0.17269,0.77324,0.7439,0.7021,0,0.85262,0,0.12031,0.08581,0.7439,0.7021,0.36178,0.26265,0.38644,0.35846,0.85262,0.03422,0.22179
2026-06-20 13:00:00,3.11475,0,0.0191,0,0,0,0,0.00133,0.20142,0.57789,0.76731,0.87921,0.00744,0.12033,0.36145,0,0,0,0,0,0,0.38611,1.46454,0.06261,0.26081,0.01609,2.00638,0.08584,0.00684,0.02834,0.17267,0.77075,0.74389,0.70259,0,0.85332,0,0.12033,0.08584,0.74389,0.70259,0.36145,0.26233,0.38611,0.35818,0.85332,0.03422,0.21764
2026-06-20 14:00:00,3.10818,0,0.0191,0,0,0,0,0.00133,0.20117,0.57134,0.76568,0.88054,0.00744,0.12035,0.36111,0,0,0,0,0,0,0.38577,1.45801,0.06245,0.25885,0.0161,1.99652,0.08585,0.00682,0.02831,0.17263,0.76824,0.74389,0.70308,0,0.85402,0,0.12035,0.08585,0.74389,0.70308,0.36111,0.26201,0.38577,0.35788,0.85402,0.03421,0.21764
2026-06-20 15:00:00,3.10162,0,0.01908,0,0,0,0,0.00132,0.2009,0.56481,0.76244,0.88127,0.00744,0.12037,0.36078,0,0,0,0,0,0,0.38544,1.45101,0.06228,0.25688,0.0161,1.98666,0.08587,0.00681,0.02829,0.1726,0.76576,0.74389,0.70357,0,0.85472,0,0.12037,0.08587,0.74389,0.70357,0.36078,0.26169,0.38544,0.35759,0.85472,0.0342,0.21764
2026-06-20 16:00:00,3.09505,0,0.01907,0,0,0,0,0.00132,0.20065,0.5583,0.75723,0.88144,0.00744,0.12039,0.36045,0,0,0,0,0,0,0.38511,1.44341,0.06211,0.25491,0.01611,1.9768,0.08588,0.00679,0.02827,0.17258,0.76326,0.74388,0.70406,0,0.85542,0,0.12039,0.08588,0.74388,0.70406,0.36045,0.26137,0.38511,0.3573,0.85542,0.03419,0.21764
2026-06-20 17:00:00,3.08849,0,0.01905,0,0,0,0,0.00132,0.2004,0.55187,0.7509,0.88054,0.00744,0.12041,0.36012,0,0,0,0,0,0,0.38478,1.4353,0.06195,0.25295,0.01611,1.96694,0.08589,0.00677,0.02824,0.17255,0.76075,0.74388,0.70455,0,0.85613,0,0.12041,0.08589,0.74388,0.70455,0.36012,0.26106,0.38478,0.35701,0.85613,0.03418,0.21764
2026-06-20 18:00:00,3.08192,0,0.01904,0,0,0,0,0.00132,0.20014,0.54723,0.74389,0.87818,0.00744,0.12044,0.35979,0,0,0,0,0,0,0.38444,1.42688,0.06178,0.25098,0.01612,1.95708,0.08591,0.00675,0.02822,0.17252,0.75825,0.74387,0.70504,0,0.85683,0,0.12044,0.08591,0.74387,0.70504,0.35979,0.26074,0.38444,0.35672,0.85683,0.03417,0.21764
2026-06-20 19:00:00,3.13597,0,0.01902,0,0,0,0,0.00131,0.19989,0.53721,0.7367,0.87408,0.00744,0.12045,0.35946,0,0,0,0,0,0,0.38411,1.41824,0.06162,0.25056,0.01612,1.95386,0.08592,0.00673,0.0282,0.17249,0.75545,0.74387,0.70553,0,0.85753,0,0.12045,0.08592,0.74387,0.70553,0.35946,0.26042,0.38411,0.35643,0.85753,0.03416,0.21764
2026-06-20 20:00:00,3.19002,0,0.01901,0,0,0,0,0.00131,0.19964,0.53066,0.73001,0.86842,0.00743,0.12048,0.35912,0,0,0,0,0,0,0.38379,1.40948,0.06145,0.25014,0.01612,1.95064,0.08594,0.00672,0.02818,0.17246,0.75266,0.74386,0.70602,0,0.85824,0,0.12048,0.08594,0.74386,0.70602,0.35912,0.2601,0.38379,0.35614,0.85824,0.03415,0.21764
2026-06-20 21:00:00,3.24408,0,0.01899,0,0,0,0,0.0013,0.19938,0.52078,0.72235,0.86171,0.00743,0.1205,0.35879,0,0,0,0,0,0,0.38346,1.40283,0.06129,0.24973,0.01613,1.94742,0.08595,0.0067,0.02816,0.17244,0.74986,0.74385,0.70653,0,0.85894,0,0.1205,0.08595,0.74385,0.70653,0.35879,0.25978,0.38346,0.35584,0.85894,0.03415,0.21764
2026-06-20 22:00:00,3.29813,0,0.01897,0,0,0,0,0.0013,0.19912,0.51438,0.71438,0.85446,0.00743,0.12051,0.35846,0,0,0,0,0,0,0.38312,1.40131,0.06112,0.24931,0.01613,1.94419,0.08596,0.00668,0.02813,0.17241,0.74704,0.74385,0.70702,0,0.85964,0,0.12051,0.08596,0.74385,0.70702,0.35846,0.25946,0.38312,0.35554,0.85964,0.03413,0.21764
2026-06-20 23:00:00,3.35218,0,0.01895,0,0,0,0,0.00129,0.19886,0.51141,0.70656,0.84722,0.00743,0.12054,0.35812,0,0,0,0,0,0,0.38279,1.40464,0.06096,0.24889,0.01614,1.94097,0.08597,0.00667,0.02811,0.17238,0.74425,0.74384,0.70751,0,0.86035,0,0.12054,0.08597,0.74384,0.70751,0.35812,0.25913,0.38279,0.35525,0.86035,0.03412,0.21764
2026-06-21 00:00:00,3.40623,0,0.01893,0,0,0,0,0.00129,0.19861,0.50839,0.69866,0.8398,0.00743,0.12056,0.35779,0,0,0,0,0,0,0.38246,1.41105,0.06079,0.24847,0.01614,1.93775,0.08599,0.00665,0.02809,0.17235,0.74145,0.74384,0.708,0,0.86105,0,0.12056,0.08599,0.74384,0.708,0.35779,0.25881,0.38246,0.35495,0.86105,0.03411,0.21764
2026-06-21 01:00:00,3.36263,0,0.01892,0,0,0,0,0.00128,0.19834,0.513,0.69305,0.83184,0.00743,0.12058,0.35746,0,0,0,0,0,0,0.38213,1.41942,0.06064,0.24916,0.01662,1.94414,0.08599,0.00663,0.0276,0.17232,0.73829,0.74383,0.70849,0,0.86176,0,0.12058,0.08599,0.74383,0.70849,0.35746,0.25849,0.38213,0.35465,0.86176,0.0341,0.21764
2026-06-21 02:00:00,3.31902,0,0.0189,0,0,0,0,0.00128,0.19809,0.51752,0.68986,0.82371,0.00743,0.1206,0.35712,0,0,0,0,0,0,0.38178,1.42904,0.06048,0.24985,0.01662,1.95052,0.08605,0.00662,0.02758,0.1723,0.73516,0.74383,0.70898,0,0.86246,0,0.1206,0.08605,0.74383,0.70898,0.35712,0.25817,0.38178,0.35436,0.86246,0.0341,0.21764
2026-06-21 03:00:00,3.27542,0,0.01888,0,0,0,0,0.00128,0.19784,0.52526,0.68928,0.81556,0.00743,0.12062,0.3568,0,0,0,0,0,0,0.38145,1.43777,0.06033,0.25054,0.01662,1.95691,0.08612,0.0066,0.02756,0.17227,0.73201,0.74383,0.70948,0,0.86316,0,0.12062,0.08612,0.74383,0.70948,0.3568,0.25785,0.38145,0.35406,0.86316,0.03409,0.21764
2026-06-21 04:00:00,3.23182,0,0.01886,0,0,0,0,0.00127,0.19758,0.52959,0.6926,0.80831,0.00743,0.12064,0.35647,0,0,0,0,0,0,0.38112,1.44325,0.06018,0.25122,0.01663,1.96329,0.0862,0.00658,0.02753,0.17225,0.72884,0.74382,0.70997,0,0.86387,0,0.12064,0.0862,0.74382,0.70997,0.35647,0.25753,0.38112,0.35376,0.86387,0.03408,0.21764
2026-06-21 05:00:00,3.18821,0,0.01884,0,0,0,0,0.00127,0.19732,0.53388,0.69813,0.80311,0.00743,0.12066,0.35613,0,0,0,0,0,0,0.38079,1.44567,0.06002,0.25191,0.01663,1.96968,0.08625,0.00657,0.02751,0.17221,0.72568,0.74382,0.71046,0,0.86457,0,0.12066,0.08625,0.74382,0.71046,0.35613,0.25721,0.38079,0.35346,0.86457,0.03406,0.21764
2026-06-21 06:00:00,3.14461,0,0.01882,0,0,0,0,0.00127,0.19707,0.53651,0.70495,0.80035,0.00743,0.12069,0.3558,0,0,0,0,0,0,0.38045,1.44615,0.05987,0.2526,0.01664,1.97606,0.08629,0.00655,0.02749,0.17217,0.72253,0.74381,0.71095,0,0.86528,0,0.12069,0.08629,0.74381,0.71095,0.3558,0.2569,0.38045,0.35317,0.86528,0.03405,0.21764
2026-06-21 07:00:00,3.13126,0,0.0188,0,0,0,0,0.00127,0.19682,0.53798,0.71157,0.80067,0.00743,0.1207,0.35547,0,0,0,0,0,0,0.38012,1.44539,0.05972,0.25217,0.01664,1.9719,0.08634,0.00653,0.02747,0.17215,0.71981,0.74381,0.71145,0,0.86598,0,0.1207,0.08634,0.74381,0.71145,0.35547,0.25658,0.38012,0.35288,0.86598,0.03404,0.21764
2026-06-21 08:00:00,3.11792,0,0.01878,0,0,0,0,0.00127,0.19655,0.5395,0.71761,0.80406,0.00743,0.12073,0.35513,0,0,0,0,0,0,0.37979,1.44384,0.05958,0.25175,0.01665,1.96774,0.08637,0.00652,0.02745,0.17213,0.71711,0.7438,0.71194,0,0.86668,0,0.12073,0.08637,0.7438,0.71194,0.35513,0.25626,0.37979,0.35259,0.86668,0.03404,0.21764
2026-06-21 09:00:00,3.10457,0,0.01876,0,0,0,0,0.00127,0.1963,0.54097,0.72244,0.80946,0.00742,0.12075,0.3548,0,0,0,0,0,0,0.37947,1.44119,0.05943,0.25132,0.01665,1.96359,0.08641,0.00651,0.02743,0.1721,0.7144,0.74379,0.71244,0,0.8674,0,0.12075,0.08641,0.74379,0.71244,0.3548,0.25594,0.37947,0.3523,0.8674,0.03403,0.21764
2026-06-21 10:00:00,3.09122,0,0.01874,0,0,0,0,0.00127,0.19604,0.54249,0.72648,0.8157,0.00742,0.12076,0.35447,0,0,0,0,0,0,0.37913,1.43689,0.05928,0.25089,0.01665,1.95943,0.08644,0.00649,0.02741,0.17208,0.71168,0.74379,0.71294,0,0.86811,0,0.12076,0.08644,0.74379,0.71294,0.35447,0.25562,0.37913,0.35201,0.86811,0.03402,0.21764
2026-06-21 11:00:00,3.07788,0,0.01872,0,0,0,0,0.00128,0.19579,0.54239,0.7299,0.8218,0.00742,0.12079,0.35413,0,0,0,0,0,0,0.3788,1.43116,0.05914,0.25047,0.01666,1.95527,0.08647,0.00648,0.02739,0.17205,0.70897,0.74378,0.71343,0,0.86881,0,0.12079,0.08647,0.74378,0.71343,0.35413,0.2553,0.3788,0.35172,0.86881,0.03401,0.21764
2026-06-21 12:00:00,3.06453,0,0.0187,0,0,0,0,0.00128,0.19552,0.54073,0.73313,0.82715,0.00742,0.12081,0.3538,0,0,0,0,0,0,0.37847,1.42452,0.05899,0.25004,0.01666,1.95111,0.08648,0.00646,0.02737,0.17202,0.70625,0.74378,0.71392,0,0.86952,0,0.12081,0.08648,0.74378,0.71392,0.3538,0.25498,0.37847,0.35144,0.86952,0.034,0.21766
