GMT,FRAC1,LTDC1,HIDC1,BHNC1,MPAC1,OWCC1,BNCC1,BCKC1,MEEC1,HPIC1,POHC1,EXQC1,DSNC1,STVC1,NWMC1,LGCC1,WARC1,LGAC1,PNEC1,LBDC1,OREC1,PATC1,HETC1,LNRC1,CHVC1F,DCMC1,NDPC1,MDSC1,NDVC1,NSWC1,AVYC1,NMSC1,OBBC1,RIPC1,PTTC1,VNSC1,KNFC1L,STVC1,MDSC1,OBBC1,RIPC1,NWMC1,CRDC1,PATC1,MZRC1,VNSC1,AVYC1L,NDPC1L
,QINE,QINE,QINE,QINE,QINE,QINE,QINE,QINE,QINE,QINE,QINE,QINE,QINE,QINE,QINE,QINE,QINE,QINE,QINE,QINE,QINE,QINE,QINE,QINE,QINE,QINE,QINE,QINE,QINE,QINE,QINE,QINE,QINE,QINE,QINE,QINE,QINE,QINE,QINE,QINE,QINE,QINE,QINE,QINE,QINE,QINE,SQIN,SQIN
2026-03-18 18:00:00,6.80451,0.00494,0.07616,0.05042,0.019,0.004,0.01,0.013,0.10173,1.1716,2.09311,4.87453,0.002,0.19402,1.21936,0.00101,0.00395,0.00488,0,-0.02431,0.00074,1.15813,2.57244,0.59453,1.18409,0.009,5.24973,2.86579,0.36751,0.73894,0.75408,3.96717,0.22202,0.19071,0.00289,4.62942,0.02055,0.19402,2.86579,0.22202,0.19071,1.21936,1.2421,1.15813,4.33157,4.62942,0.69677,1.41161
2026-03-18 19:00:00,5.69367,0.00493,0.08546,0.06051,0.019,0.004,0.009,0.013,0.10173,1.15246,2.06861,4.81539,0.00208,0.19402,1.21205,0.0011,0.00394,0.00487,0,-0.02025,0.00074,1.15813,2.57374,0.57545,1.10768,0.009,5.22736,2.83862,0.3477,0.75307,0.73008,4.03896,0.22202,0.18831,0.00289,4.62942,0.0205,0.19402,2.83862,0.22202,0.18831,1.21205,1.24606,1.15813,4.32339,4.62942,0.69058,1.41347
2026-03-18 20:00:00,4.88566,0.00492,0.08532,0.06051,0.019,0.004,0.009,0.013,0.10334,1.11468,2.04424,4.63686,0.00208,0.19602,1.2157,0.0011,0.00394,0.0048,0,-0.01618,0.00068,1.15413,2.49763,0.5571,1.06086,0.009,5.205,2.81151,0.35211,0.73965,0.71408,4.11484,0.23503,0.18711,0.00289,4.61958,0.02044,0.19602,2.81151,0.23503,0.18711,1.2157,1.2421,1.15413,4.31381,4.61958,0.6874,1.41487
2026-03-18 21:00:00,4.48237,0.00492,0.07585,0.06051,0.02,0.004,0.01,0.013,0.10497,1.12093,2.02808,4.48526,0.00208,0.19802,1.2157,0.0011,0.00393,0.00479,0,-0.01621,0.00074,1.15413,2.42135,0.55675,1.05479,0.009,5.18263,2.78449,0.3565,0.73188,0.68708,4.19061,0.24203,0.18711,0.00316,4.60975,0.02039,0.19802,2.78449,0.24203,0.18711,1.2157,1.2421,1.15413,4.30297,4.60975,0.68354,1.41595
2026-03-18 22:00:00,4.38274,0.00491,0.0851,0.06051,0.02,0.004,0.01,0.013,0.10497,1.09606,1.98796,4.36403,0.00208,0.20102,1.2157,0.00101,0.00392,0.0048,0,-0.01218,0.00062,1.15413,2.40472,0.54785,1.04156,0.009,5.16026,2.76203,0.36088,0.71069,0.67007,4.26568,0.23503,0.18711,0.00316,4.59993,0.02034,0.20102,2.76203,0.23503,0.18711,1.2157,1.24606,1.15413,4.29118,4.59993,0.67853,1.41682
2026-03-18 23:00:00,4.28171,0.0049,0.09435,0.06051,0.02,0.004,0.01,0.012,0.10831,1.09606,1.94035,4.15912,0.002,0.20202,1.2157,0.00101,0.00392,0.00485,0,-0.00812,0.00068,1.15413,2.46268,0.52858,1.04726,0.01,5.13789,2.73962,0.35725,0.69939,0.66607,4.34123,0.23203,0.18711,0.00289,4.59012,0.02028,0.20202,2.73962,0.23203,0.18711,1.2157,1.2421,1.15413,4.27853,4.59012,0.67337,1.41753
2026-03-19 00:00:00,4.07907,0.00489,0.09416,0.05042,0.02,0.004,0.009,0.012,0.11516,1.10225,1.90112,3.8129,0.002,0.20702,1.2157,0.00093,0.00391,0.00484,0,-0.00812,0.00056,1.15413,2.49952,0.50967,1.07266,0.01,5.11553,2.72172,0.36674,0.76157,0.65907,4.41859,0.23203,0.19558,0.00289,4.57052,0.02023,0.20702,2.72172,0.23203,0.19558,1.2157,1.2421,1.15413,4.26518,4.57052,0.6692,1.41812
2026-03-19 01:00:00,3.97747,0.00489,0.0987,0.05042,0.02,0.004,0.009,0.012,0.11516,1.15246,1.90893,3.52793,0.002,0.20702,1.21936,0.00093,0.0039,0.00485,0,-0.00812,0.00046,1.15413,2.47885,0.51819,1.12901,0.012,5.24226,2.6994,0.39272,0.79338,0.64907,4.49064,0.22803,0.20551,0.00289,4.56074,0.02018,0.20702,2.6994,0.22803,0.20551,1.21936,1.2421,1.15413,4.25131,4.56074,0.66675,1.41862
2026-03-19 02:00:00,3.97796,0.00488,0.11751,0.06051,0.02,0.004,0.009,0.012,0.11692,1.20366,1.93247,3.24979,0.002,0.20902,1.22302,0.00086,0.0039,0.0049,0,-0.00812,0.00056,1.15413,2.53619,0.53635,1.23765,0.012,5.36899,2.68159,0.41051,0.83367,0.64507,4.56477,0.22803,0.21058,0.00289,4.54119,0.02013,0.20902,2.68159,0.22803,0.21058,1.22302,1.2421,1.15413,4.23704,4.54119,0.66594,1.41905
2026-03-19 03:00:00,4.07956,0.00487,0.13155,0.06051,0.02,0.004,0.009,0.012,0.11342,1.2689,2.03616,2.94441,0.002,0.21102,1.22302,0.00086,0.00389,0.00489,0,0,0.00051,1.15413,2.66907,0.53744,1.31996,0.013,5.49573,2.66825,0.44211,0.87537,0.64607,4.63951,0.22803,0.21058,0.00289,4.53143,0.02008,0.21102,2.66825,0.22803,0.21058,1.22302,1.2421,1.15413,4.22244,4.53143,0.66547,1.41942
2026-03-19 04:00:00,4.28128,0.00486,0.13155,0.06051,0.019,0.004,0.009,0.012,0.11001,1.34287,2.11778,2.66453,0.002,0.21202,1.22669,0.00079,0.00388,0.0049,0,0.00812,0.00051,1.15413,2.83789,0.53744,1.35494,0.013,5.62245,2.65493,0.43959,0.91495,0.67007,4.71575,0.22803,0.20551,0.00289,4.51194,0.02002,0.21202,2.65493,0.22803,0.20551,1.22669,1.24447,1.15413,4.20752,4.51194,0.66615,1.41975
2026-03-19 05:00:00,4.58397,0.00486,0.12219,0.06051,0.019,0.004,0.009,0.012,0.11001,1.39116,2.26025,2.58155,0.002,0.21202,1.22669,0.00079,0.00388,0.00496,0,0.00812,0.00051,1.15813,2.95453,0.54597,1.38759,0.014,5.74918,2.64605,0.43693,0.97078,0.69108,4.79303,0.22803,0.203,0.00262,4.49248,0.01997,0.21202,2.64605,0.22803,0.203,1.22669,1.24714,1.15813,4.19251,4.49248,0.66756,1.42004
2026-03-19 06:00:00,4.98443,0.00485,0.10336,0.06051,0.018,0.004,0.009,0.012,0.10831,1.41214,2.35495,2.58805,0.002,0.21202,1.22669,0.00079,0.00387,0.00496,0,0.00406,0.00056,1.15813,3.05228,0.56413,1.43628,0.014,5.87592,2.62392,0.43412,0.97078,0.76709,4.87,0.22803,0.20426,0.00262,4.47307,0.01992,0.21202,2.62392,0.22803,0.20426,1.22669,1.25002,1.15813,4.17755,4.47307,0.66856,1.42029
2026-03-19 07:00:00,5.27922,0.00485,0.08832,0.06051,0.018,0.004,0.009,0.012,0.10831,1.4333,2.48726,2.59915,0.002,0.21402,1.22669,0.00079,0.00386,0.00504,0,0.00406,0.00051,1.15813,3.12889,0.57376,1.47339,0.014,5.92291,2.61508,0.44016,0.95666,0.77509,4.77593,0.22803,0.20551,0.00262,4.45368,0.01987,0.21402,2.61508,0.22803,0.20551,1.22669,1.24606,1.15813,4.16274,4.45368,0.66926,1.42052
2026-03-19 08:00:00,5.64392,0.00484,0.07702,0.06051,0.018,0.004,0.009,0.012,0.10663,1.40513,2.47832,2.7216,0.002,0.21202,1.23036,0.00072,0.00386,0.00503,0,0.00406,0.00051,1.15813,3.14712,0.56413,1.45685,0.014,5.9699,2.59302,0.45372,0.93756,0.83809,4.68009,0.22503,0.20426,0.00262,4.43433,0.01982,0.21202,2.59302,0.22503,0.20426,1.23036,1.25002,1.15813,4.14792,4.43433,0.66936,1.42073
2026-03-19 09:00:00,6.00812,0.00484,0.07045,0.05042,0.018,0.004,0.009,0.012,0.10831,1.40513,2.48726,2.84434,0.002,0.21102,1.23036,0.00079,0.00385,0.00501,0,-0.00506,0.00056,1.15813,3.1476,0.56413,1.42065,0.014,6.01691,2.56223,0.43914,0.91846,0.82009,4.58284,0.22503,0.20176,0.00262,4.41501,0.01976,0.21102,2.56223,0.22503,0.20176,1.23036,1.254,1.15813,4.13304,4.41501,0.6692,1.42091
2026-03-19 10:00:00,6.1006,0.00484,0.06863,0.05042,0.018,0.004,0.009,0.012,0.10831,1.39116,2.48726,2.97018,0.00217,0.21102,1.23403,0.00079,0.00384,0.00493,0,-0.01115,0.00062,1.16213,3.18793,0.57395,1.38563,0.014,6.0639,2.53153,0.43771,0.90925,0.82409,4.48349,0.22202,0.19927,0.00262,4.39574,0.01971,0.21102,2.53153,0.22202,0.19927,1.23403,1.25797,1.16213,4.11812,4.39574,0.66808,1.42108
2026-03-19 11:00:00,6.09143,0.00484,0.07711,0.05042,0.018,0.004,0.009,0.012,0.10831,1.34971,2.45161,3.04034,0.00217,0.20902,1.23036,0.00079,0.00384,0.00491,0,-0.01321,0.00051,1.16613,3.12769,0.57432,1.36737,0.014,6.11089,2.50968,0.41852,0.86613,0.82009,4.38258,0.22202,0.19927,0.00262,4.38611,0.01966,0.20902,2.50968,0.22202,0.19927,1.23036,1.25797,1.16613,4.10271,4.38611,0.66641,1.42123
2026-03-19 12:00:00,6.22839,0.00483,0.09023,0.05042,0.018,0.004,0.009,0.013,0.10663,1.33605,2.40744,3.16227,0.00226,0.20602,1.23403,0.00079,0.00383,0.00483,0,-0.01118,0.00056,1.17013,2.99355,0.57432,1.33387,0.014,6.15788,2.48788,0.4109,0.8287,0.78909,4.28109,0.22202,0.19927,0.00262,4.35729,0.01961,0.20602,2.48788,0.22202,0.19927,1.23403,1.26196,1.17013,4.08652,4.35729,0.66515,1.4254
2026-03-19 13:00:00,6.43276,0.00483,0.09491,0.05042,0.018,0.004,0.009,0.013,0.10663,1.33605,2.38112,3.45172,0.00226,0.20402,1.23403,0.00079,0.00382,0.00482,0,-0.01321,0.00062,1.17413,2.93639,0.56579,1.26459,0.014,6.04203,2.46178,0.38902,0.80327,0.78009,4.25079,0.22202,0.20176,0.00289,4.34769,0.01956,0.20402,2.46178,0.22202,0.20176,1.23403,1.26994,1.17413,4.06976,4.34769,0.66376,1.43953
2026-03-19 14:00:00,6.41155,0.00482,0.08747,0.04034,0.018,0.004,0.009,0.013,0.10663,1.29552,2.33759,3.80856,0.00226,0.20102,1.23036,0.00079,0.00382,0.00475,0,-0.01524,0.00051,1.17813,2.91592,0.55764,1.21976,0.014,5.92617,2.43577,0.37943,0.76937,0.77109,4.2207,0.22503,0.203,0.00289,4.32854,0.01951,0.20102,2.43577,0.22503,0.203,1.23036,1.26595,1.17813,4.05272,4.32854,0.66245,1.47524
2026-03-19 15:00:00,6.38994,0.00482,0.07993,0.05042,0.018,0.004,0.009,0.013,0.10497,1.2689,2.26025,4.17203,0.00226,0.20102,1.23036,0.00086,0.00381,0.00473,0,-0.01221,0.00062,1.18213,2.83598,0.5482,1.198,0.014,5.81032,2.40985,0.3664,0.74112,0.72408,4.18978,0.22202,0.20051,0.00262,4.29988,0.01946,0.20102,2.40985,0.22202,0.20051,1.23036,1.26595,1.18213,4.03539,4.29988,0.66022,1.48714
2026-03-19 16:00:00,6.36899,0.00481,0.08176,0.05042,0.018,0.004,0.009,0.013,0.10663,1.24913,2.21787,4.5336,0.00245,0.20102,1.23036,0.00086,0.0038,0.00467,0,-0.01224,0.00056,1.18613,2.71251,0.53856,1.17497,0.014,5.69447,2.39691,0.36036,0.72558,0.72108,4.15633,0.22202,0.19804,0.00289,4.28082,0.0194,0.20102,2.39691,0.22202,0.19804,1.23036,1.26994,1.18613,4.01766,4.28082,0.6554,1.49309
2026-03-19 17:00:00,6.27815,0.00481,0.08264,0.05042,0.018,0.004,0.009,0.013,0.10663,1.24258,2.15919,4.83607,0.00245,0.20202,1.22669,0.00093,0.0038,0.00466,0,-0.01221,0.00062,1.18613,2.62957,0.53875,1.13488,0.014,5.57861,2.384,0.35437,0.69941,0.69408,4.12181,0.22202,0.19804,0.00289,4.25723,0.01935,0.20202,2.384,0.22202,0.19804,1.22669,1.27795,1.18613,3.99956,4.25723,0.64936,1.49666
2026-03-19 18:00:00,6.61436,0.0048,0.08829,0.05042,0.018,0.004,0.009,0.013,0.10173,1.2101,2.10953,5.02328,0.00245,0.19302,1.22669,0.00093,0.00379,0.00465,0,-0.01221,0.00056,1.18613,2.60391,0.52096,1.07545,0.014,5.46275,2.3668,0.34843,0.66899,0.68708,4.08879,0.22202,0.19927,0.00316,4.23331,0.0193,0.19302,2.3668,0.22202,0.19927,1.22669,1.28196,1.18613,3.98144,4.23331,0.64468,1.49904
2026-03-19 19:00:00,7.08935,0.00479,0.08455,0.04034,0.018,0.004,0.009,0.013,0.09858,1.1716,2.10953,5.03864,0.00245,0.19402,1.22669,0.00093,0.00378,0.00464,0,-0.01224,0.00056,1.19013,2.59725,0.51152,1.03624,0.013,5.4356,2.36251,0.34607,0.65978,0.67808,4.08021,0.22202,0.20176,0.00316,4.21437,0.01925,0.19402,2.36251,0.22202,0.20176,1.22669,1.28598,1.19013,3.96368,4.21437,0.64134,1.50074
2026-03-19 20:00:00,7.28089,0.00478,0.08452,0.05042,0.019,0.004,0.009,0.012,0.10014,1.15246,2.01198,4.8731,0.00245,0.19402,1.22669,0.00093,0.00378,0.00458,0,-0.01224,0.00056,1.19013,2.55358,0.51114,0.98925,0.013,5.40845,2.34965,0.32633,0.65978,0.65907,4.07326,0.22202,0.203,0.00316,4.19547,0.0192,0.19402,2.34965,0.22202,0.203,1.22669,1.29,1.19013,3.94616,4.19547,0.63972,1.50202
2026-03-19 21:00:00,7.18777,0.00478,0.08458,0.05042,0.019,0.004,0.009,0.012,0.10014,1.13349,1.99595,4.70013,0.00245,0.19302,1.22669,0.00093,0.00377,0.00463,0,-0.01121,0.00046,1.19013,2.51185,0.50206,0.96461,0.013,5.38129,2.34109,0.32952,0.65978,0.64307,4.066,0.22202,0.20176,0.00316,4.19547,0.01916,0.19302,2.34109,0.22202,0.20176,1.22669,1.28598,1.19013,3.92906,4.19547,0.63787,1.50301
2026-03-19 22:00:00,7.09321,0.00477,0.07522,0.04034,0.019,0.004,0.009,0.012,0.10173,1.10846,1.97998,4.52683,0.00245,0.19102,1.22669,0.00086,0.00376,0.00463,0,-0.01318,0.00041,1.19013,2.4355,0.50187,0.97305,0.013,5.35413,2.33254,0.3476,0.64283,0.64207,4.05838,0.22202,0.20176,0.00316,4.15777,0.01911,0.19102,2.33254,0.22202,0.20176,1.22669,1.28598,1.19013,3.91249,4.15777,0.63574,1.5038
2026-03-19 23:00:00,7.2833,0.00476,0.07522,0.04034,0.019,0.004,0.009,0.012,0.10334,1.11468,1.96408,4.18094,0.00245,0.18902,1.22669,0.00086,0.00376,0.00462,0,-0.01519,0.00041,1.19013,2.43593,0.48372,0.97962,0.013,5.32699,2.31972,0.35061,0.67111,0.62607,4.05075,0.22202,0.19927,0.00316,4.14836,0.01906,0.18902,2.31972,0.22202,0.19927,1.22669,1.28196,1.19013,3.89637,4.14836,0.6337,1.50445
2026-03-20 00:00:00,7.18944,0.00476,0.07525,0.04034,0.019,0.004,0.009,0.012,0.10497,1.11468,1.93247,3.71847,0.00245,0.18802,1.22669,0.00086,0.00375,0.00461,0,-0.01315,0.00037,1.18613,2.45367,0.47427,1.02151,0.013,5.29983,2.31119,0.35364,0.71846,0.61307,4.04341,0.22202,0.19804,0.00316,4.12959,0.01901,0.18802,2.31119,0.22202,0.19804,1.22669,1.27795,1.18613,3.8808,4.12959,0.63203,1.50499
2026-03-20 01:00:00,6.96472,0.00475,0.08514,0.05042,0.019,0.004,0.009,0.012,0.1117,1.14612,1.91676,3.31217,0.00245,0.18602,1.22669,0.00079,0.00374,0.00461,0,-0.01109,0.00037,1.18213,2.45178,0.47427,1.07919,0.012,5.42515,2.30267,0.36424,0.75239,0.61307,4.01776,0.21802,0.19804,0.00289,4.11085,0.01896,0.18602,2.30267,0.21802,0.19804,1.22669,1.27526,1.18213,3.86566,4.11085,0.63146,1.50545
2026-03-20 02:00:00,7.03465,0.00474,0.08558,0.05042,0.019,0.004,0.009,0.012,0.11342,1.19085,1.97202,3.02165,0.00245,0.18602,1.22669,0.00072,0.00374,0.00461,0,-0.00906,0.00037,1.18213,2.54732,0.47427,1.15404,0.012,5.55049,2.29841,0.37514,0.77855,0.60607,3.99312,0.21502,0.19558,0.00289,4.09214,0.01891,0.18602,2.29841,0.21502,0.19558,1.22669,1.27259,1.18213,3.85091,4.09214,0.63189,1.50584
2026-03-20 03:00:00,7.24867,0.00473,0.08599,0.05042,0.019,0.004,0.009,0.012,0.11342,1.22953,2.00395,2.73215,0.00245,0.18502,1.22302,0.00072,0.00373,0.00466,0,-0.00403,0.00033,1.19013,2.66199,0.49243,1.23646,0.012,5.67581,2.2899,0.38617,0.81319,0.61007,3.96938,0.21802,0.19314,0.00262,4.07347,0.01887,0.18502,2.2899,0.21802,0.19314,1.22302,1.26994,1.19013,3.83657,4.07347,0.63322,1.50618
2026-03-20 04:00:00,7.32069,0.00473,0.0962,0.06051,0.018,0.004,0.009,0.012,0.11692,1.3157,2.12603,2.44348,0.00245,0.18302,1.22302,0.00072,0.00372,0.00467,0,0.00403,0.00033,1.18213,2.75722,0.50187,1.28757,0.012,5.80113,2.28564,0.39733,0.86478,0.62007,3.94823,0.22202,0.19071,0.00262,4.05484,0.01882,0.18302,2.28564,0.22202,0.19071,1.22302,1.26994,1.18213,3.82269,4.05484,0.63719,1.50648
2026-03-20 05:00:00,7.17834,0.00472,0.09714,0.06051,0.0175,0.004,0.009,0.012,0.11871,1.34971,2.22631,2.44288,0.00235,0.18002,1.22302,0.00066,0.00372,0.00472,0,0.00806,0.00037,1.18613,2.87166,0.51132,1.33972,0.012,5.92647,2.27291,0.42393,0.86054,0.65007,3.92841,0.22202,0.18951,0.00262,4.02695,0.01877,0.18002,2.27291,0.22202,0.18951,1.22302,1.27202,1.18613,3.80923,4.02695,0.64256,1.50674
2026-03-20 06:00:00,7.00393,0.00471,0.08826,0.06051,0.017,0.004,0.009,0.012,0.11692,1.37726,2.31167,2.62328,0.00235,0.17802,1.22302,0.00066,0.00371,0.00471,0,0.00806,0.00037,1.18613,3.00752,0.52077,1.39219,0.012,6.05179,2.26443,0.44946,0.85139,0.71508,3.90728,0.22202,0.18831,0.00262,4.01768,0.01872,0.17802,2.26443,0.22202,0.18831,1.22302,1.27394,1.18613,3.79612,4.01768,0.64665,1.50698
2026-03-20 07:00:00,6.67353,0.0047,0.07878,0.06051,0.017,0.004,0.009,0.012,0.11692,1.42622,2.39865,2.6947,0.00235,0.17702,1.21936,0.00066,0.0037,0.00471,0,-0.00206,0.00041,1.18613,3.06778,0.52929,1.44352,0.012,6.1128,2.24749,0.46625,0.86837,0.74908,3.80879,0.22202,0.18831,0.00238,4.00841,0.01867,0.17702,2.24749,0.22202,0.18831,1.21936,1.27394,1.18613,3.78321,4.00841,0.64969,1.50718
2026-03-20 08:00:00,6.28918,0.00469,0.07875,0.06051,0.017,0.004,0.009,0.012,0.11871,1.42622,2.46941,2.76634,0.00235,0.17602,1.21936,0.00066,0.0037,0.0047,0,-0.02231,0.00041,1.18613,3.06657,0.5478,1.44294,0.011,6.17382,2.22638,0.47876,0.89874,0.78909,3.70924,0.22202,0.18711,0.00238,3.9899,0.01862,0.17602,2.22638,0.22202,0.18711,1.21936,1.27394,1.18613,3.77036,3.9899,0.65117,1.50737
2026-03-20 09:00:00,5.94636,0.00469,0.08861,0.05042,0.017,0.004,0.009,0.012,0.11692,1.41917,2.50517,2.95682,0.00235,0.17502,1.21936,0.00066,0.00369,0.00468,0,-0.03037,0.00041,1.18613,3.10497,0.54853,1.38921,0.011,6.23483,2.20532,0.49066,0.88458,0.81109,3.6104,0.22202,0.18711,0.00238,3.98066,0.01857,0.17502,2.20532,0.22202,0.18711,1.21936,1.26994,1.18613,3.75745,3.98066,0.6529,1.50754
2026-03-20 10:00:00,5.71852,0.00468,0.08867,0.05042,0.017,0.004,0.009,0.012,0.11692,1.41214,2.48726,3.14758,0.00245,0.17402,1.2157,0.00066,0.00369,0.00462,0,-0.02225,0.00041,1.18613,3.1451,0.53945,1.38891,0.011,6.29583,2.18431,0.40319,0.84856,0.79709,3.51228,0.22202,0.18711,0.00238,3.97143,0.01853,0.17402,2.18431,0.22202,0.18711,1.2157,1.27394,1.18613,3.74419,3.97143,0.65491,1.5077
2026-03-20 11:00:00,5.59025,0.00467,0.07881,0.05042,0.017,0.004,0.009,0.012,0.11692,1.41214,2.50517,3.16214,0.00245,0.17202,1.21936,0.00066,0.00369,0.00461,0,-0.01698,0.00051,1.19013,3.10651,0.53964,1.36975,0.01,6.35684,2.15918,0.397,0.86343,0.79309,3.41458,0.22202,0.18592,0.00262,3.96221,0.01848,0.17202,2.15918,0.22202,0.18592,1.21936,1.27394,1.19013,3.73048,3.96221,0.65684,1.50784
2026-03-20 12:00:00,5.20865,0.00467,0.08861,0.05042,0.017,0.004,0.008,0.012,0.11692,1.38419,2.46941,3.22946,0.00255,0.17102,1.2157,0.00072,0.00368,0.00459,0,-0.0186,0.00041,1.19013,3.1049,0.53964,1.2959,0.01,6.41786,2.13831,0.38873,0.84927,0.77109,3.31701,0.21802,0.18711,0.00262,3.95299,0.01843,0.17102,2.13831,0.21802,0.18711,1.2157,1.27795,1.19013,3.71638,3.95299,0.65842,1.52083
2026-03-20 13:00:00,4.91195,0.00466,0.08864,0.05042,0.017,0.004,0.008,0.012,0.11516,1.36344,2.42506,3.58605,0.00255,0.17002,1.21205,0.00072,0.00367,0.00452,0,-0.01009,0.00046,1.19413,3.08503,0.53964,1.24212,0.01,6.40386,2.10917,0.37036,0.78282,0.74908,3.38408,0.22202,0.18592,0.00262,3.94379,0.01838,0.17002,2.10917,0.22202,0.18592,1.21205,1.28196,1.19413,3.70178,3.94379,0.65913,1.53528
2026-03-20 14:00:00,4.81259,0.00466,0.08873,0.04034,0.017,0.004,0.008,0.012,0.11516,1.34971,2.38988,4.00351,0.00266,0.16902,1.21205,0.00072,0.00367,0.00445,0,0.00854,0.00041,1.19413,3.01072,0.52966,1.24929,0.01,6.38986,2.0843,0.36992,0.74183,0.75408,3.45035,0.22202,0.18592,0.00262,3.92541,0.01834,0.16902,2.0843,0.22202,0.18592,1.21205,1.28196,1.19413,3.68673,3.92541,0.65904,1.53984
2026-03-20 15:00:00,4.81355,0.00466,0.08879,0.05042,0.017,0.004,0.008,0.012,0.11516,1.34971,2.32893,4.36074,0.00266,0.16802,1.21205,0.00072,0.00366,0.00444,0,0.01092,0.00046,1.19813,2.9144,0.5164,1.244,0.01,6.37587,2.06364,0.35493,0.74324,0.73208,3.51615,0.22202,0.18592,0.00262,3.91624,0.01829,0.16802,2.06364,0.22202,0.18592,1.21205,1.28598,1.19813,3.67114,3.91624,0.65846,1.5444
2026-03-20 16:00:00,5.01131,0.00466,0.08879,0.05042,0.017,0.004,0.008,0.012,0.11692,1.30896,2.28588,4.65823,0.00277,0.16702,1.20839,0.00079,0.00365,0.00443,0,-0.01421,0.00041,1.20213,2.82099,0.50916,1.1671,0.009,6.36186,2.04715,0.34792,0.72767,0.70308,3.5804,0.22202,0.18592,0.00262,3.90707,0.01824,0.16702,2.04715,0.22202,0.18592,1.20839,1.28598,1.20213,3.65491,3.90707,0.65635,1.54896
2026-03-20 17:00:00,5.40606,0.00465,0.0987,0.04034,0.017,0.004,0.008,0.012,0.11516,1.28884,2.24325,4.95708,0.00277,0.16602,1.21205,0.00079,0.00365,0.00437,0,-0.02351,0.00046,1.20613,2.77137,0.51099,1.11056,0.009,6.34786,2.0266,0.34099,0.70857,0.69108,3.64383,0.22202,0.18592,0.00289,3.8979,0.0182,0.16602,2.0266,0.22202,0.18592,1.21205,1.28196,1.20613,3.63836,3.8979,0.65342,1.55352
2026-03-20 18:00:00,6.19598,0.00465,0.0987,0.04034,0.017,0.004,0.008,0.012,0.11692,1.2557,2.18424,5.19652,0.00288,0.16602,1.20839,0.00086,0.00364,0.00436,0,-0.01377,0.00046,1.21013,2.68009,0.51388,1.11035,0.009,6.33387,2.01019,0.33413,0.69583,0.68808,3.70797,0.22202,0.18711,0.00289,3.87961,0.01815,0.16602,2.01019,0.22202,0.18711,1.20839,1.27795,1.21013,3.62173,3.87961,0.6512,1.55808
2026-03-20 19:00:00,7.18462,0.00465,0.08885,0.04034,0.017,0.004,0.008,0.012,0.11516,1.23604,2.15088,5.2577,0.00288,0.16602,1.20474,0.00086,0.00363,0.00436,0,-0.01215,0.00041,1.21013,2.64537,0.49879,1.09061,0.008,6.26254,1.99791,0.33154,0.67673,0.66107,3.79221,0.22202,0.18831,0.00289,3.87048,0.0181,0.16602,1.99791,0.22202,0.18831,1.20474,1.26994,1.21013,3.60507,3.87048,0.64961,1.56264
2026-03-20 20:00:00,8.07438,0.00464,0.08876,0.05142,0.017,0.004,0.008,0.012,0.11516,1.19085,2.13429,5.19855,0.00288,0.16502,1.20839,0.00086,0.00363,0.00435,0,-0.0146,0.00046,1.21013,2.64657,0.48362,1.00771,0.008,6.1912,1.98158,0.32891,0.65554,0.66307,3.87737,0.22202,0.18951,0.00289,3.86136,0.01806,0.16502,1.98158,0.22202,0.18951,1.20839,1.26595,1.21013,3.58837,3.86136,0.64895,1.5672
2026-03-20 21:00:00,8.66744,0.00463,0.08864,0.05242,0.018,0.004,0.008,0.012,0.11342,1.20366,2.07676,4.96114,0.00288,0.16602,1.20839,0.00086,0.00362,0.00435,0,-0.01701,0.00041,1.21514,2.60866,0.48011,0.96348,0.008,6.11988,1.96935,0.32625,0.66048,0.64907,3.88633,0.22202,0.19314,0.00316,3.85225,0.01801,0.16602,1.96935,0.22202,0.19314,1.20839,1.26196,1.21514,3.57188,3.85225,0.64831,1.57176
2026-03-20 22:00:00,9.06219,0.00463,0.07878,0.04234,0.018,0.004,0.008,0.012,0.11692,1.18447,2.06861,4.72408,0.00288,0.16502,1.20474,0.00086,0.00361,0.00435,0,-0.00403,0.00041,1.21514,2.58916,0.48942,1.01882,0.008,6.04855,1.96935,0.35898,0.70427,0.64207,3.89561,0.22202,0.19192,0.00316,3.83405,0.01796,0.16502,1.96935,0.22202,0.19192,1.20474,1.25797,1.21514,3.55558,3.83405,0.64799,1.57632
2026-03-20 23:00:00,9.28513,0.00462,0.07881,0.05242,0.019,0.004,0.008,0.012,0.11692,1.19724,2.02808,4.42563,0.00288,0.16602,1.20474,0.00086,0.00361,0.00435,0,0,0.00037,1.21514,2.62331,0.48967,1.07493,0.008,5.97721,1.94903,0.3652,0.72052,0.62607,3.90516,0.22202,0.19071,0.00316,3.80681,0.01792,0.16602,1.94903,0.22202,0.19071,1.20474,1.254,1.21514,3.53942,3.80681,0.64795,1.58088
2026-03-21 00:00:00,9.24,0.00462,0.0789,0.05242,0.018,0.004,0.008,0.012,0.11692,1.2101,2.03616,3.94854,0.00288,0.16702,1.20839,0.00079,0.0036,0.00439,0,-0.00812,0.00029,1.21514,2.64063,0.47921,1.09347,0.008,5.90588,1.94091,0.37951,0.75448,0.62307,3.91468,0.21802,0.19071,0.00289,3.79775,0.01787,0.16702,1.94091,0.21802,0.19071,1.20839,1.25002,1.21514,3.52375,3.79775,0.64787,1.58544
2026-03-21 01:00:00,9.39173,0.00461,0.09853,0.05242,0.018,0.004,0.008,0.012,0.11692,1.27552,2.06047,3.41112,0.00288,0.22903,1.20839,0.00079,0.00359,0.00439,0,-0.00406,0.00029,1.21013,2.69506,0.48852,1.16263,0.008,6.01769,1.93281,0.39186,0.84356,0.60307,3.92698,0.21802,0.19071,0.00289,3.77967,0.01783,0.22903,1.93281,0.21802,0.19071,1.20839,1.24606,1.21013,3.5083,3.77967,0.64828,1.59001
2026-03-21 02:00:00,9.7426,0.0046,0.0985,0.05142,0.018,0.004,0.008,0.012,0.11692,1.37726,2.15919,2.93424,0.00288,0.22903,1.20474,0.00079,0.00359,0.00438,0,0.00541,0.00026,1.21013,2.80827,0.49802,1.2895,0.008,6.12949,1.92875,0.4044,0.92272,0.62007,3.93966,0.21802,0.19071,0.00289,3.76161,0.01778,0.22903,1.92875,0.21802,0.19071,1.20474,1.24606,1.21013,3.49282,3.76161,0.64907,1.59457
2026-03-21 03:00:00,9.8937,0.00459,0.09856,0.05042,0.017,0.004,0.008,0.012,0.11692,1.47613,2.25174,2.6962,0.00288,0.23103,1.20474,0.00072,0.00358,0.00438,0,0.01218,0.00023,1.21013,2.9849,0.50681,1.39034,0.008,6.24129,1.91258,0.41713,0.94465,0.61707,3.95312,0.21802,0.19071,0.00289,3.7436,0.01774,0.23103,1.91258,0.21802,0.19071,1.20474,1.2421,1.21013,3.4776,3.7436,0.65064,1.59913
2026-03-21 04:00:00,9.946,0.00459,0.10842,0.06051,0.016,0.004,0.008,0.012,0.12052,1.52701,2.38112,2.51698,0.00288,0.23103,1.20839,0.00072,0.00357,0.00444,0,0.01489,0.00029,1.20613,3.19721,0.51604,1.45997,0.008,6.3531,1.90855,0.43005,0.94044,0.64307,3.96886,0.21802,0.19071,0.00262,3.72561,0.0177,0.23103,1.90855,0.21802,0.19071,1.20839,1.2421,1.20613,3.46272,3.72561,0.65449,1.59613
2026-03-21 05:00:00,9.87569,0.00458,0.09853,0.05042,0.015,0.004,0.008,0.012,0.12422,1.61644,2.5866,2.45682,0.00288,0.23303,1.20839,0.00072,0.00357,0.00444,0,0.01757,0.00026,1.21013,3.38876,0.52541,1.51169,0.008,6.4649,1.90451,0.44316,0.96734,0.70108,3.98573,0.21802,0.18951,0.00262,3.70767,0.01765,0.23303,1.90451,0.21802,0.18951,1.20839,1.23814,1.21013,3.44797,3.70767,0.65947,1.59313
2026-03-21 06:00:00,9.46586,0.00458,0.09847,0.05042,0.015,0.004,0.008,0.012,0.12422,1.64688,2.73462,2.6735,0.00288,0.23303,1.21205,0.00072,0.00356,0.00449,0,0.02024,0.00033,1.20213,3.58114,0.54449,1.54765,0.008,6.5767,1.8884,0.45646,0.97511,0.75408,4.00146,0.22202,0.18951,0.00238,3.69871,0.01761,0.23303,1.8884,0.22202,0.18951,1.21205,1.23814,1.20213,3.43333,3.69871,0.66331,1.59013
2026-03-21 07:00:00,8.64088,0.00457,0.08867,0.05042,0.015,0.004,0.008,0.012,0.12236,1.63924,2.81019,2.99029,0.00288,0.23103,1.20839,0.00066,0.00356,0.00449,0,0.01889,0.00026,1.20213,3.64043,0.56257,1.53385,0.009,6.60959,1.87635,0.46694,0.96731,0.81509,3.99795,0.22503,0.18831,0.00238,3.68082,0.01757,0.23103,1.87635,0.22503,0.18831,1.20839,1.23814,1.20213,3.4191,3.68082,0.66591,1.58713
2026-03-21 08:00:00,7.90603,0.00457,0.08873,0.05042,0.015,0.004,0.008,0.012,0.12422,1.64688,2.88681,3.30262,0.003,0.23103,1.20839,0.00066,0.00355,0.00448,0,0.00877,0.00026,1.20613,3.68037,0.5714,1.49978,0.009,6.64247,1.8523,0.466,0.97084,0.82909,3.9928,0.22503,0.18831,0.00238,3.66297,0.01752,0.23103,1.8523,0.22503,0.18831,1.20839,1.23814,1.20613,3.40498,3.66297,0.66689,1.58413
2026-03-21 09:00:00,7.66723,0.00457,0.08882,0.05042,0.015,0.004,0.008,0.012,0.12422,1.65454,2.85796,3.55074,0.003,0.22903,1.21205,0.00066,0.00355,0.00447,0,-0.00609,0.00029,1.19813,3.69811,0.5812,1.46364,0.009,6.67535,1.83232,0.47946,0.96307,0.83809,3.98752,0.22503,0.18831,0.00238,3.65406,0.01748,0.22903,1.83232,0.22503,0.18831,1.21205,1.23814,1.19813,3.3908,3.65406,0.66771,1.58113
2026-03-21 10:00:00,7.72405,0.00457,0.07905,0.04034,0.015,0.004,0.008,0.012,0.12422,1.64688,2.85796,3.79865,0.003,0.23503,1.21205,0.00066,0.00354,0.00447,0,-0.01083,0.00033,1.19813,3.67808,0.59067,1.37832,0.01,6.70824,1.80844,0.47453,0.95036,0.8611,3.98134,0.22503,0.18831,0.00238,3.64515,0.01743,0.23503,1.80844,0.22503,0.18831,1.21205,1.23419,1.19813,3.37633,3.64515,0.66765,1.57813
2026-03-21 11:00:00,7.68345,0.00456,0.07896,0.05042,0.015,0.004,0.008,0.012,0.12236,1.63924,2.84837,4.05027,0.003,0.23603,1.20839,0.00066,0.00354,0.00445,0,-0.02973,0.00033,1.19813,3.59996,0.59127,1.30881,0.01,6.74112,1.78861,0.45922,0.94892,0.79709,3.97454,0.22202,0.18831,0.00238,3.63626,0.01739,0.23603,1.78861,0.22202,0.18831,1.20839,1.23419,1.19813,3.3614,3.63626,0.66697,1.57513
2026-03-21 12:00:00,7.75836,0.00456,0.07887,0.05042,0.015,0.004,0.008,0.012,0.12422,1.60134,2.7912,4.20456,0.003,0.23803,1.21205,0.00072,0.00353,0.00438,0,-0.04862,0.00037,1.19413,3.48276,0.59138,1.27111,0.01,6.774,1.76884,0.42766,0.94465,0.78409,3.96798,0.22202,0.18831,0.00262,3.63626,0.01734,0.23803,1.76884,0.22202,0.18831,1.21205,1.23419,1.19413,3.34602,3.63626,0.66653,1.56448
2026-03-21 13:00:00,7.94877,0.00455,0.07887,0.05042,0.015,0.004,0.008,0.012,0.12052,1.60134,2.70655,4.42727,0.003,0.23803,1.21205,0.00072,0.00352,0.00438,0,-0.0432,0.00037,1.19413,3.50026,0.58196,1.23567,0.01,6.66052,1.74519,0.44579,0.8747,0.76208,3.95039,0.21802,0.18831,0.00262,3.62737,0.0173,0.23803,1.74519,0.21802,0.18831,1.21205,1.23814,1.19413,3.33026,3.62737,0.66548,1.55614
2026-03-21 14:00:00,7.95024,0.00455,0.07887,0.05042,0.015,0.004,0.008,0.012,0.12236,1.52701,2.67863,4.65052,0.003,0.23803,1.21205,0.00072,0.00352,0.00436,0,-0.02767,0.00037,1.19013,3.48861,0.58187,1.20136,0.01,6.54704,1.71381,0.40628,0.81248,0.74508,3.93246,0.21802,0.18711,0.00262,3.61849,0.01725,0.23803,1.71381,0.21802,0.18711,1.21205,1.23814,1.19013,3.31421,3.61849,0.66408,1.55611
2026-03-21 15:00:00,7.7589,0.00454,0.06895,0.04034,0.015,0.004,0.008,0.012,0.12422,1.51238,2.60487,4.81856,0.003,0.23803,1.2157,0.00072,0.00351,0.00429,0,-0.002,0.00037,1.19013,3.36789,0.58139,1.18429,0.011,6.43356,1.69429,0.39249,0.82234,0.74508,3.91331,0.21802,0.18711,0.00262,3.61849,0.01721,0.23803,1.69429,0.21802,0.18711,1.2157,1.23814,1.19013,3.29786,3.61849,0.66147,1.55608
2026-03-21 16:00:00,7.1828,0.00454,0.06895,0.05042,0.015,0.004,0.008,0.012,0.12801,1.46894,2.56839,4.98682,0.003,0.23603,1.2157,0.00079,0.0035,0.00429,0,0.01353,0.00037,1.19013,3.28427,0.57191,1.16832,0.011,6.32007,1.67871,0.37114,0.80536,0.70308,3.89069,0.22202,0.18592,0.00262,3.60077,0.01717,0.23603,1.67871,0.22202,0.18592,1.2157,1.2421,1.19013,3.28096,3.60077,0.65539,1.55604
2026-03-21 17:00:00,6.60716,0.00453,0.07884,0.05042,0.015,0.004,0.008,0.012,0.12963,1.44039,2.47832,5.09967,0.003,0.23803,1.2157,0.00079,0.0035,0.00428,0,0.01624,0.00033,1.19413,3.22309,0.56173,1.11752,0.012,6.2066,1.65929,0.35792,0.746,0.69508,3.86638,0.22202,0.18592,0.00289,3.60077,0.01712,0.23803,1.65929,0.22202,0.18592,1.2157,1.24606,1.19413,3.26354,3.60077,0.64761,1.556
2026-03-21 18:00:00,6.22388,0.00453,0.07889,0.05042,0.015,0.004,0.008,0.012,0.12963,1.37726,2.45161,5.21108,0.003,0.23803,1.21936,0.00086,0.00349,0.00427,0,0.00812,0.00029,1.19413,3.12456,0.55266,1.06865,0.012,6.09311,1.64768,0.35046,0.7234,0.68708,3.84384,0.22202,0.18592,0.00289,3.59192,0.01708,0.23803,1.64768,0.22202,0.18592,1.21936,1.24606,1.19413,3.24551,3.59192,0.64161,1.55595
2026-03-21 19:00:00,5.74509,0.00452,0.08884,0.05042,0.015,0.004,0.008,0.012,0.12963,1.34971,2.38988,5.21108,0.003,0.23603,1.21936,0.00086,0.00349,0.00421,0,-0.00406,0.00033,1.19413,3.02566,0.54409,1.053,0.013,6.05412,1.63223,0.38065,0.73894,0.67508,3.83031,0.22503,0.18473,0.00289,3.58308,0.01704,0.23603,1.63223,0.22503,0.18473,1.21936,1.24606,1.19413,3.22751,3.58308,0.63692,1.5559
2026-03-21 20:00:00,5.16938,0.00451,0.09866,0.04034,0.015,0.004,0.008,0.012,0.12801,1.32925,2.32029,5.09881,0.003,0.23803,1.21936,0.00072,0.00348,0.00421,0,-0.01895,0.00033,1.19013,2.91745,0.52677,1.01743,0.013,6.01513,1.62067,0.36498,0.72058,0.66507,3.81865,0.22503,0.18473,0.00316,3.57425,0.017,0.23803,1.62067,0.22503,0.18473,1.21936,1.24606,1.19013,3.20964,3.57425,0.63409,1.55584
2026-03-21 21:00:00,4.69059,0.0045,0.08889,0.05042,0.016,0.004,0.008,0.012,0.1261,1.28884,2.32029,4.98624,0.00288,0.23803,1.21936,0.00044,0.00348,0.0042,0,-0.03652,0.00026,1.18213,2.89935,0.5183,0.94882,0.013,5.97614,1.60913,0.34619,0.68526,0.64907,3.80595,0.22503,0.18473,0.00289,3.57425,0.01696,0.23803,1.60913,0.22503,0.18473,1.21936,1.2421,1.18213,3.19198,3.57425,0.63022,1.55577
2026-03-21 22:00:00,4.49965,0.0045,0.089,0.05042,0.016,0.004,0.008,0.012,0.1261,1.28217,2.28588,4.81879,0.00288,0.24003,1.21936,0.00079,0.00347,0.0042,0,-0.03787,0.00029,1.17813,2.85669,0.5097,0.9446,0.013,5.93714,1.60529,0.33603,0.7001,0.63107,3.79071,0.22503,0.18355,0.00316,3.54782,0.01691,0.24003,1.60529,0.22503,0.18355,1.21936,1.23814,1.17813,3.1746,3.54782,0.62382,1.5557
2026-03-21 23:00:00,4.49965,0.00449,0.09899,0.04034,0.017,0.004,0.008,0.012,0.12422,1.24258,2.18424,4.48301,0.00288,0.24003,1.21936,0.00072,0.00346,0.0042,0,-0.02033,0.00026,1.19013,2.80606,0.51019,1.00462,0.013,5.89816,1.59378,0.33713,0.734,0.62507,3.77449,0.22503,0.18355,0.00316,3.53023,0.01687,0.24003,1.59378,0.22503,0.18355,1.21936,1.23814,1.19013,3.15756,3.53023,0.61644,1.55561
2026-03-22 00:00:00,4.49965,0.00448,0.08931,0.03025,0.017,0.004,0.008,0.012,0.11871,1.24913,2.15088,4.09158,0.00288,0.24203,1.21936,0.00079,0.00346,0.00424,0,-0.00412,0.0002,1.18613,2.81239,0.50959,1.04597,0.013,5.85916,1.58995,0.33245,0.71916,0.62407,3.75985,0.22803,0.18473,0.00316,3.51269,0.01683,0.24203,1.58995,0.22803,0.18473,1.21936,1.23814,1.18613,3.14101,3.51269,0.61063,1.55551
2026-03-22 01:00:00,4.88294,0.00447,0.08939,0.0242,0.017,0.004,0.008,0.012,0.11516,1.2689,2.15919,3.64416,0.00288,0.24303,1.21936,0.00072,0.00345,0.00424,0,-0.00412,0.0002,1.18213,2.79969,0.50959,1.05114,0.013,5.96498,1.58613,0.37583,0.72057,0.61007,3.75738,0.22503,0.18355,0.00289,3.50394,0.01679,0.24303,1.58613,0.22503,0.18355,1.21936,1.23419,1.18213,3.125,3.50394,0.60663,1.55539
2026-03-22 02:00:00,5.74689,0.00446,0.08956,0.03025,0.016,0.004,0.008,0.012,0.11516,1.2557,2.14258,3.25383,0.00288,0.24503,1.22302,0.00072,0.00345,0.00423,0,-0.00412,0.0002,1.19013,2.88504,0.51819,1.09308,0.012,6.07079,1.5823,0.38475,0.7566,0.60307,3.75696,0.22803,0.18473,0.00289,3.50394,0.01675,0.24503,1.5823,0.22803,0.18473,1.22302,1.23419,1.19013,3.10946,3.50394,0.60468,1.55524
2026-03-22 03:00:00,6.70528,0.00446,0.0995,0.02017,0.016,0.004,0.008,0.012,0.11516,1.28217,2.16752,2.91869,0.00288,0.24703,1.22302,0.00066,0.00344,0.00423,0,-0.00006,0.00017,1.18213,2.91229,0.50899,1.20595,0.012,6.17662,1.57466,0.39406,0.78626,0.60407,3.75628,0.22503,0.18473,0.00289,3.48645,0.01671,0.24703,1.57466,0.22503,0.18473,1.22302,1.23419,1.18213,3.09446,3.48645,0.60246,1.55506
2026-03-22 04:00:00,7.46984,0.00445,0.0995,0,0.015,0.004,0.008,0.012,0.11692,1.33605,2.20102,2.58186,0.00288,0.25103,1.22302,0.00066,0.00343,0.00429,0,-0.01221,0.00017,1.18213,2.94381,0.50864,1.25225,0.012,6.28243,1.57084,0.41748,0.79332,0.62407,3.75513,0.22503,0.18473,0.00262,3.4603,0.01666,0.25103,1.57084,0.22503,0.18473,1.22302,1.23419,1.18213,3.08004,3.4603,0.59978,1.55484
2026-03-22 05:00:00,8.04454,0.00445,0.07981,0,0.015,0.004,0.008,0.012,0.11692,1.37726,2.28588,2.58163,0.00288,0.25203,1.22302,0.00066,0.00343,0.00429,0,-0.0203,0.00017,1.18213,3.05886,0.50864,1.2381,0.012,6.38825,1.5556,0.38801,0.80677,0.64407,3.754,0.22503,0.18473,0.00262,3.45159,0.01662,0.25203,1.5556,0.22503,0.18473,1.22302,1.23419,1.18213,3.06609,3.45159,0.59712,1.55456
2026-03-22 06:00:00,8.54415,0.00444,0.07981,0.03559,0.015,0.004,0.008,0.012,0.11871,1.40513,2.37238,2.69454,0.003,0.25403,1.22669,0.00066,0.00342,0.00435,0,-0.01624,0.00017,1.17413,3.19494,0.50921,1.28203,0.012,6.49407,1.55179,0.40955,0.85271,0.66607,3.75337,0.22202,0.18473,0.00238,3.45159,0.01658,0.25403,1.55179,0.22202,0.18473,1.22669,1.23419,1.17413,3.05254,3.45159,0.59496,1.55418
2026-03-22 07:00:00,8.68036,0.00444,0.06998,0.03551,0.015,0.004,0.008,0.012,0.1261,1.41917,2.45161,2.73951,0.00316,0.25603,1.22669,0.00066,0.00342,0.00432,0,-0.01218,0.00015,1.17813,3.25454,0.51749,1.32557,0.012,6.52559,1.5404,0.4212,0.85342,0.69808,3.74351,0.22202,0.18473,0.00238,3.43421,0.01654,0.25603,1.5404,0.22202,0.18473,1.22669,1.23024,1.17813,3.03925,3.43421,0.59343,1.55364
2026-03-22 08:00:00,8.4319,0.00443,0.07001,0.03545,0.015,0.004,0.008,0.012,0.12801,1.41214,2.49621,2.80574,0.00316,0.25803,1.23036,0.00066,0.00341,0.00417,0,-0.00003,0.00017,1.17413,3.19666,0.52593,1.27971,0.012,6.55711,1.52903,0.43017,0.85059,0.73208,3.73418,0.22202,0.18473,0.00238,3.40822,0.0165,0.25803,1.52903,0.22202,0.18473,1.23036,1.23419,1.17413,3.02611,3.40822,0.59242,1.55285
2026-03-22 09:00:00,8.1834,0.00443,0.07001,0.0354,0.015,0.004,0.008,0.012,0.12963,1.39813,2.50517,2.80577,0.00316,0.26003,1.23036,0.00066,0.00341,0.00393,0,0.01213,0.0002,1.17813,3.23339,0.53516,1.21521,0.012,6.58864,1.50637,0.44088,0.84353,0.73208,3.72445,0.22503,0.18355,0.00238,3.41688,0.01646,0.26003,1.50637,0.22503,0.18355,1.23036,1.23419,1.17813,3.0132,3.41688,0.591,1.55151
2026-03-22 10:00:00,8.32532,0.00443,0.07984,0.03532,0.015,0.004,0.008,0.012,0.12963,1.38419,2.50517,2.97641,0.00316,0.26103,1.23403,0.00066,0.0034,0.00424,0,0.01263,0.0002,1.17813,3.27208,0.53568,1.20466,0.011,6.62016,1.49507,0.44102,0.8061,0.71508,3.71348,0.22503,0.18355,0.00238,3.40822,0.01642,0.26103,1.49507,0.22503,0.18355,1.23403,1.23814,1.17813,3.00042,3.40822,0.58835,1.54885
2026-03-22 11:00:00,8.56327,0.00443,0.08967,0.03521,0.015,0.004,0.008,0.012,0.12801,1.36344,2.48726,3.14716,0.00333,0.26303,1.23403,0.00066,0.0034,0.00419,0,0.00959,0.00017,1.18213,3.17662,0.53569,1.20833,0.011,6.65168,1.48004,0.43677,0.77358,0.71508,3.68704,0.22202,0.18355,0.00238,3.39958,0.01638,0.26303,1.48004,0.22202,0.18355,1.23403,1.2421,1.18213,2.98754,3.39958,0.58517,1.54086
2026-03-22 12:00:00,8.68208,0.00442,0.07981,0.03512,0.015,0.004,0.008,0.012,0.12801,1.36344,2.47832,3.27379,0.00333,0.26303,1.23403,0.00066,0.00339,0.00423,0,0.00656,0.0002,1.18613,3.04158,0.53534,1.15487,0.011,6.6832,1.46506,0.42849,0.73753,0.71508,3.66129,0.22503,0.18473,0.00238,3.39094,0.01634,0.26303,1.46506,0.22503,0.18473,1.23403,1.25002,1.18613,2.97441,3.39094,0.58269,1.49177
2026-03-22 13:00:00,8.87875,0.00442,0.07981,0.03505,0.015,0.004,0.008,0.012,0.12963,1.33605,2.38112,3.38919,0.00333,0.26303,1.23771,0.00066,0.00338,0.00417,0,-0.00056,0.00023,1.18613,3.00102,0.5355,1.08649,0.011,6.56835,1.44267,0.40447,0.7234,0.67408,3.62858,0.22202,0.18711,0.00262,3.38231,0.0163,0.26303,1.44267,0.22202,0.18711,1.23771,1.254,1.18613,2.96115,3.38231,0.58061,1.47061
2026-03-22 14:00:00,8.97705,0.00441,0.07981,0.03498,0.015,0.004,0.008,0.012,0.12801,1.30224,2.33759,3.49122,0.00333,0.26503,1.23771,0.00066,0.00338,0.00415,0,-0.01577,0.00023,1.19013,3.00445,0.52739,1.10824,0.01,6.4535,1.4278,0.39961,0.71281,0.68208,3.59644,0.21802,0.18951,0.00262,3.38231,0.01626,0.26503,1.4278,0.21802,0.18951,1.23771,1.26196,1.19013,2.94784,3.38231,0.5791,1.46265
2026-03-22 15:00:00,8.77997,0.00441,0.08964,0.03492,0.015,0.004,0.008,0.012,0.10334,1.28884,2.31167,3.58712,0.00333,0.26303,1.23771,0.00072,0.00337,0.00409,0,-0.03502,0.0002,1.20213,2.90177,0.51869,1.11262,0.01,6.335,1.41298,0.37639,0.67326,0.65407,3.56348,0.21802,0.19192,0.00262,3.36509,0.01622,0.26303,1.41298,0.21802,0.19192,1.23771,1.26595,1.20213,2.93436,3.36509,0.57679,1.45999
2026-03-22 16:00:00,8.18857,0.0044,0.07978,0.03483,0.015,0.004,0.008,0.012,0.08817,1.2557,2.25174,3.61788,0.00333,0.26103,1.24139,0.00072,0.00336,0.00409,0,-0.04261,0.00023,1.21914,2.79885,0.51782,1.0633,0.01,6.21649,1.39451,0.36157,0.65277,0.65007,3.52836,0.21802,0.19436,0.00262,3.34789,0.01618,0.26103,1.39451,0.21802,0.19436,1.24139,1.26595,1.21914,2.92064,3.34789,0.57231,1.45867
2026-03-22 17:00:00,7.49722,0.0044,0.07981,0.03468,0.015,0.004,0.007,0.012,0.08676,1.26229,2.24325,3.6953,0.00333,0.26003,1.24139,0.00079,0.00336,0.00408,0,-0.04264,0.00023,1.22714,2.79198,0.52683,1.03189,0.01,6.09798,1.37978,0.34255,0.67117,0.63907,3.49228,0.22202,0.19681,0.00316,3.33931,0.01614,0.26003,1.37978,0.22202,0.19681,1.24139,1.26994,1.22714,2.90683,3.33931,0.56685,1.45787
2026-03-22 18:00:00,6.80587,0.00439,0.09953,0.03457,0.015,0.00399,0.007,0.012,0.08817,1.22304,2.18424,3.65966,0.00333,0.26003,1.24139,0.00079,0.00335,0.00408,0,-0.03911,0.00023,1.23114,2.74752,0.52702,0.98656,0.01,5.97948,1.3651,0.32163,0.66481,0.62307,3.45739,0.22202,0.19927,0.00289,3.33931,0.0161,0.26003,1.3651,0.22202,0.19927,1.24139,1.27795,1.23114,2.89305,3.33931,0.5626,1.45734
2026-03-22 19:00:00,6.01677,0.00438,0.08967,0.03448,0.015,0.004,0.007,0.012,0.10497,1.17803,2.15919,3.60637,0.00333,0.25603,1.23771,0.00079,0.00334,0.00407,0,-0.03605,0.00023,1.23514,2.70344,0.49987,0.95572,0.009,5.92545,1.34681,0.34726,0.62308,0.61207,3.45739,0.22202,0.20051,0.00316,3.31363,0.01606,0.25603,1.34681,0.22202,0.20051,1.23771,1.28196,1.23514,2.87927,3.31363,0.55947,1.45696
2026-03-22 20:00:00,5.32549,0.00437,0.07975,0.03441,0.015,0.004,0.007,0.012,0.11692,1.1652,2.10132,3.59515,0.00333,0.25403,1.24139,0.00079,0.00334,0.00407,0,-0.02893,0.0002,1.24314,2.65423,0.4897,0.94029,0.009,5.87143,1.33588,0.3412,0.60539,0.60007,3.45863,0.22503,0.20176,0.00346,3.31363,0.01602,0.25403,1.33588,0.22503,0.20176,1.24139,1.28196,1.24314,2.86557,3.31363,0.55775,1.45668
2026-03-22 21:00:00,4.93063,0.00437,0.07972,0.03435,0.015,0.004,0.008,0.012,0.11516,1.15882,2.08493,3.54055,0.00333,0.25403,1.23771,0.00079,0.00333,0.00406,0,-0.01371,0.0002,1.24314,2.61668,0.49765,0.88758,0.009,5.8174,1.3286,0.32447,0.63293,0.59307,3.45928,0.22503,0.203,0.00316,3.30508,0.01598,0.25403,1.3286,0.22503,0.203,1.23771,1.28598,1.24314,2.85197,3.30508,0.55555,1.45646
2026-03-22 22:00:00,4.73348,0.00436,0.07975,0.03428,0.015,0.004,0.008,0.012,0.11516,1.13349,2.06047,3.51527,0.00333,0.25203,1.23771,0.00072,0.00333,0.00406,0,-0.00459,0.00017,1.24714,2.57211,0.48907,0.842,0.009,5.76337,1.31408,0.31584,0.67108,0.58507,3.45876,0.22202,0.20426,0.00316,3.31363,0.01594,0.25203,1.31408,0.22202,0.20426,1.23771,1.28196,1.24714,2.83839,3.31363,0.55228,1.45628
2026-03-22 23:00:00,4.53591,0.00435,0.0666,0.03416,0.015,0.00399,0.008,0.012,0.12052,1.10846,1.99595,3.46111,0.00333,0.25203,1.23403,0.00072,0.00333,0.00405,0,-0.00153,0.00015,1.25214,2.51971,0.46203,0.85866,0.009,5.70935,1.30684,0.31017,0.65833,0.57106,3.45778,0.22503,0.20426,0.00316,3.30508,0.0159,0.25203,1.30684,0.22503,0.20426,1.23403,1.28196,1.25214,2.82505,3.30508,0.54867,1.45613
2026-03-23 00:00:00,4.43712,0.00435,0.06006,0.03407,0.016,0.004,0.008,0.012,0.12052,1.13349,1.96408,3.44583,0.00333,0.25203,1.23036,0.00079,0.00332,0.00404,0,-0.00406,0.00015,1.23114,2.60215,0.45253,0.92561,0.009,5.65532,1.2996,0.32538,0.6767,0.57206,3.45739,0.22202,0.20551,0.00289,3.28788,0.01586,0.25203,1.2996,0.22202,0.20551,1.23036,1.28598,1.23114,2.81207,3.28788,0.54579,1.45601
2026-03-23 01:00:00,4.43712,0.00434,0.07319,0.034,0.015,0.004,0.008,0.011,0.12052,1.14612,1.97998,3.4245,0.00333,0.25603,1.23036,0.00072,0.00331,0.00404,0,0,0.00012,1.23114,2.62902,0.47036,0.97532,0.009,5.67308,1.29238,0.32492,0.74527,0.56006,3.45602,0.22503,0.20551,0.00289,3.27926,0.01582,0.25603,1.29238,0.22503,0.20551,1.23036,1.28598,1.23114,2.79939,3.27926,0.54401,1.45591
2026-03-23 02:00:00,4.43712,0.00434,0.07981,0.03393,0.015,0.004,0.008,0.011,0.1117,1.15882,1.98796,3.36497,0.00333,0.25603,1.23036,0.00072,0.00331,0.00404,0,0.00406,0.00012,1.23114,2.59771,0.47072,1.02592,0.008,5.69083,1.28877,0.33516,0.74247,0.55406,3.45572,0.22202,0.20551,0.00262,3.28788,0.01578,0.25603,1.28877,0.22202,0.20551,1.23036,1.27394,1.23114,2.78705,3.28788,0.54336,1.45582
2026-03-23 03:00:00,4.53591,0.00434,0.07993,0.03388,0.015,0.004,0.008,0.011,0.09252,1.24258,2.02808,3.33682,0.00333,0.25603,1.22669,0.00072,0.0033,0.00408,0,-0.00406,0.00009,1.23114,2.69957,0.46198,1.13155,0.008,5.70859,1.27797,0.33509,0.74106,0.55306,3.45557,0.22503,0.20551,0.00262,3.27065,0.01575,0.25603,1.27797,0.22503,0.20551,1.22669,1.26994,1.23114,2.7751,3.27065,0.54289,1.45575
2026-03-23 04:00:00,4.73348,0.00434,0.07993,0.0338,0.015,0.004,0.008,0.011,0.09252,1.28217,2.13429,3.35644,0.00316,0.25403,1.22669,0.00066,0.00329,0.00409,0,-0.00609,0.00009,1.23514,2.86619,0.46162,1.24453,0.008,5.72635,1.28157,0.34561,0.75942,0.56006,3.45598,0.22503,0.20551,0.00262,3.25346,0.01571,0.25403,1.28157,0.22503,0.20551,1.22669,1.26595,1.23514,2.76352,3.25346,0.54305,1.45568
2026-03-23 05:00:00,5.02942,0.00433,0.08317,0.03369,0.015,0.00399,0.008,0.011,0.09858,1.34287,2.20944,3.36813,0.00333,0.25203,1.22669,0.00066,0.00329,0.00414,0,0,0.00009,1.23514,3.02174,0.47981,1.28438,0.008,5.7441,1.27797,0.35744,0.73894,0.57206,3.4568,0.22202,0.20551,0.00238,3.24488,0.01567,0.25203,1.27797,0.22202,0.20551,1.22669,1.26196,1.23514,2.75212,3.24488,0.54366,1.45562
2026-03-23 06:00:00,5.32494,0.00433,0.07978,0.0336,0.014,0.00399,0.008,0.011,0.10497,1.40513,2.30306,3.413,0.00333,0.25203,1.23036,0.0006,0.00328,0.00413,0,0.01015,0.00007,1.23514,3.07949,0.48964,1.27979,0.009,5.76186,1.27079,0.38023,0.72976,0.59607,3.45739,0.22202,0.20931,0.00238,3.23632,0.01563,0.25203,1.27079,0.22202,0.20931,1.23036,1.26196,1.23514,2.7406,3.23632,0.54408,1.45557
2026-03-23 07:00:00,5.46299,0.00433,0.07649,0.03353,0.014,0.00399,0.008,0.011,0.10334,1.41917,2.40744,3.51868,0.00333,0.25203,1.22669,0.0006,0.00328,0.00413,0,0.01422,0.00009,1.22714,3.11708,0.48964,1.27491,0.009,5.84878,1.26361,0.38991,0.70783,0.61207,3.45818,0.22202,0.20931,0.00238,3.21921,0.01559,0.25203,1.26361,0.22202,0.20931,1.22669,1.26196,1.22714,2.72964,3.21921,0.54436,1.45553
2026-03-23 08:00:00,5.67007,0.00432,0.07981,0.03347,0.014,0.00399,0.008,0.011,0.10497,1.41917,2.4605,3.59418,0.00333,0.25103,1.22302,0.0006,0.00327,0.00412,0,0.01422,0.00009,1.23114,3.23266,0.49835,1.26889,0.01,5.93569,1.25288,0.40401,0.72267,0.64207,3.45866,0.22202,0.20551,0.00214,3.21067,0.01556,0.25103,1.25288,0.22202,0.20551,1.22302,1.26595,1.23114,2.71922,3.21067,0.54433,1.45548
2026-03-23 09:00:00,5.81762,0.00432,0.07978,0.03342,0.014,0.00399,0.008,0.012,0.09105,1.44039,2.45161,3.68904,0.00333,0.25103,1.22302,0.0006,0.00327,0.00411,0,0.00003,0.00009,1.22714,3.27185,0.50706,1.24489,0.01,6.02261,1.24216,0.40742,0.73965,0.63907,3.45898,0.22202,0.20176,0.00238,3.21067,0.01552,0.25103,1.24216,0.22202,0.20176,1.22302,1.26595,1.22714,2.70895,3.21067,0.54412,1.45545
2026-03-23 10:00:00,5.81638,0.00431,0.07975,0.03334,0.014,0.00397,0.008,0.012,0.09551,1.4475,2.44274,3.78688,0.0035,0.24903,1.21936,0.0006,0.00326,0.00405,0,-0.01618,0.00009,1.22314,3.25328,0.51577,1.18918,0.01,6.10953,1.22437,0.37206,0.72552,0.63907,3.4586,0.22202,0.19681,0.00238,3.20176,0.01548,0.24903,1.22437,0.22202,0.19681,1.21936,1.26595,1.22314,2.69875,3.20176,0.54322,1.45541
2026-03-23 11:00:00,5.81513,0.00431,0.07981,0.03323,0.014,0.00398,0.008,0.012,0.09858,1.4333,2.46941,3.82829,0.00369,0.25103,1.22302,0.0006,0.00326,0.00405,0,-0.01821,0.0001,1.22714,3.17554,0.50668,1.10916,0.01,6.19644,1.20311,0.37128,0.7036,0.63907,3.45785,0.22202,0.19436,0.00238,3.18396,0.01545,0.25103,1.20311,0.22202,0.19436,1.22302,1.26994,1.22714,2.68849,3.18396,0.54195,1.45538
2026-03-23 12:00:00,5.85825,0.0043,0.08967,0.03315,0.014,0.00397,0.008,0.012,0.09703,1.39813,2.4605,3.81648,0.00369,0.24903,1.21936,0.00066,0.00325,0.00409,0,-0.02228,0.00009,1.22714,3.11781,0.4972,1.0546,0.01,6.28336,1.18548,0.36721,0.66614,0.64207,3.45739,0.22202,0.19192,0.00238,3.18396,0.01541,0.24903,1.18548,0.22202,0.19192,1.21936,1.26994,1.22714,2.67807,3.18396,0.54098,1.44443
2026-03-23 13:00:00,5.89141,0.0043,0.08964,0.03308,0.014,0.00397,0.008,0.012,0.0896,1.37726,2.41624,3.80704,0.00369,0.24903,1.2157,0.00066,0.00324,0.00403,0,-0.02634,0.0001,1.23114,3.11851,0.48811,1.08888,0.01,6.1998,1.17143,0.3555,0.68877,0.61907,3.44275,0.22202,0.18951,0.00238,3.17508,0.01537,0.24903,1.17143,0.22202,0.18951,1.2157,1.26994,1.23114,2.66732,3.17508,0.53941,1.43187
2026-03-23 14:00:00,5.92458,0.00429,0.07975,0.03301,0.014,0.00397,0.007,0.012,0.08537,1.37726,2.39865,3.82249,0.00369,0.24903,1.2157,0.00066,0.00324,0.00402,0,-0.0304,0.00009,1.22714,3.09916,0.48887,1.03839,0.01,6.11624,1.15743,0.34196,0.67323,0.61907,3.42763,0.22202,0.18951,0.00238,3.16621,0.01534,0.24903,1.15743,0.22202,0.18951,1.2157,1.26994,1.22714,2.65606,3.16621,0.53736,1.42957
2026-03-23 15:00:00,5.95776,0.00429,0.06986,0.03296,0.014,0.00396,0.007,0.012,0.09252,1.33605,2.29447,3.8024,0.00369,0.24903,1.2157,0.00066,0.00323,0.004,0,-0.01622,0.00012,1.22314,3.06272,0.4987,0.95311,0.01,6.03269,1.13652,0.33295,0.60183,0.60007,3.41077,0.22202,0.18951,0.00238,3.13967,0.0153,0.24903,1.13652,0.22202,0.18951,1.2157,1.26595,1.22314,2.64437,3.13967,0.53356,1.42727
2026-03-23 16:00:00,5.99092,0.00429,0.07195,0.03289,0.014,0.00396,0.007,0.012,0.10014,1.32925,2.26025,3.75654,0.00369,0.25203,1.2157,0.00072,0.00322,0.00395,0,0.00691,0.0001,1.22314,2.97021,0.51347,1.08408,0.01,5.94913,1.12957,0.33261,0.60699,0.58907,3.38876,0.22202,0.18951,0.00238,3.13967,0.01526,0.25203,1.12957,0.22202,0.18951,1.2157,1.26595,1.22314,2.63249,3.13967,0.52464,1.42497
2026-03-23 17:00:00,6.02409,0.00429,0.07406,0.03278,0.014,0.00395,0.007,0.012,0.09551,1.30224,2.26878,3.72214,0.00369,0.25103,1.2157,0.00072,0.00322,0.00393,0,0.00689,0.00012,1.21013,2.8763,0.51125,1.07743,0.01,5.86557,1.11225,0.34643,0.62316,0.58106,3.36425,0.22503,0.18951,0.00238,3.11323,0.01523,0.25103,1.11225,0.22503,0.18951,1.2157,1.26196,1.21013,2.6205,3.11323,0.5132,1.42267
2026-03-23 18:00:00,6.05726,0.00428,0.07617,0.03269,0.01398,0.00395,0.007,0.01199,0.084,1.27552,2.23477,3.62215,0.00369,0.24703,1.21205,0.00072,0.00321,0.00388,0,0.00687,0.0001,1.21013,2.78204,0.50902,1.07078,0.01,5.78201,1.10535,0.32953,0.60331,0.58106,3.34236,0.22202,0.18831,0.00262,3.10443,0.01519,0.24703,1.10535,0.22202,0.18831,1.21205,1.28196,1.21013,2.60827,3.10443,0.50438,1.42037
2026-03-23 19:00:00,6.142,0.00428,0.07611,0.03262,0.01395,0.00395,0.00699,0.01198,0.08416,1.2369,2.14258,3.59407,0.00369,0.24703,1.21137,0.00071,0.00321,0.00387,0,0.00685,0.00006,1.21514,2.71435,0.50708,1.06342,0.01,5.74056,1.09158,0.32529,0.60173,0.56959,3.32792,0.22199,0.18826,0.00258,3.09297,0.01515,0.24703,1.09158,0.22199,0.18826,1.21137,1.28103,1.21514,2.59598,3.09297,0.498,1.41807
2026-03-23 20:00:00,6.22675,0.00427,0.07604,0.03256,0.01393,0.00395,0.00698,0.01197,0.08427,1.21376,2.1192,3.60093,0.00368,0.24734,1.21055,0.00071,0.0032,0.00387,0,0.00683,0.00006,1.21656,2.67998,0.50513,1.05606,0.00992,5.69912,1.08383,0.32104,0.60081,0.5612,3.31672,0.22198,0.18821,0.00258,3.08127,0.01512,0.24734,1.08383,0.22198,0.18821,1.21055,1.28014,1.21656,2.58374,3.08127,0.49488,1.41577
2026-03-23 21:00:00,6.3115,0.00427,0.07597,0.03251,0.0139,0.00395,0.00696,0.01195,0.08413,1.19077,2.09356,3.56501,0.00368,0.24769,1.20977,0.0007,0.0032,0.00386,0,0.00682,0.00006,1.22031,2.65393,0.50319,1.04871,0.00984,5.65767,1.07705,0.3168,0.60019,0.55207,3.29737,0.22196,0.18816,0.00258,3.0694,0.01508,0.24769,1.07705,0.22196,0.18816,1.20977,1.27914,1.22031,2.57151,3.0694,0.49129,1.41347
2026-03-23 22:00:00,6.39624,0.00426,0.07589,0.03243,0.01388,0.00394,0.00696,0.01194,0.08395,1.1679,2.07076,3.48079,0.00367,0.24803,1.20908,0.00069,0.00319,0.00386,0,0.0068,0.00006,1.22296,2.62998,0.50124,1.04135,0.00974,5.61622,1.07073,0.31255,0.59972,0.54764,3.27741,0.22193,0.18812,0.00258,3.05743,0.01504,0.24803,1.07073,0.22193,0.18812,1.20908,1.27809,1.22296,2.55937,3.05743,0.48709,1.41117
2026-03-23 23:00:00,6.48099,0.00426,0.07581,0.03232,0.01385,0.00393,0.00696,0.01193,0.08384,1.16019,2.05449,3.45958,0.00366,0.24825,1.20848,0.00068,0.00319,0.00386,0,0.00678,0.00006,1.22462,2.60653,0.4993,1.03399,0.00965,5.57478,1.06495,0.3083,0.5993,0.54338,3.25757,0.22192,0.18809,0.00258,3.04464,0.01501,0.24825,1.06495,0.22192,0.18809,1.20848,1.27704,1.22462,2.54735,3.04464,0.48303,1.40887
2026-03-24 00:00:00,6.50645,0.00425,0.07574,0.03224,0.01384,0.00393,0.00695,0.01192,0.08379,1.16744,2.04534,3.43632,0.00365,0.24836,1.20794,0.00067,0.00318,0.0039,0,0.00676,0.00006,1.22554,2.58322,0.49735,1.02663,0.00959,5.53333,1.06017,0.30406,0.59826,0.53985,3.23849,0.2219,0.18804,0.00258,3.03168,0.01497,0.24836,1.06017,0.2219,0.18804,1.20794,1.27603,1.22554,2.53571,3.03168,0.47971,1.41229
2026-03-24 01:00:00,6.62332,0.00425,0.07567,0.03217,0.01381,0.00393,0.00695,0.01191,0.08373,1.1998,2.05887,3.41826,0.00366,0.24823,1.20746,0.00067,0.00317,0.0039,0,0.00674,0.00006,1.22593,2.5765,0.49845,1.03465,0.01003,5.5582,1.05608,0.30678,0.60383,0.53767,3.24335,0.22188,0.18801,0.00258,3.01902,0.01493,0.24823,1.05608,0.22188,0.18801,1.20746,1.27504,1.22593,2.52449,3.01902,0.47772,1.41571
2026-03-24 02:00:00,6.74018,0.00424,0.0756,0.0321,0.01379,0.00393,0.00695,0.0119,0.08367,1.23241,2.08719,3.40661,0.00365,0.24781,1.20698,0.00066,0.00317,0.00389,0,0.00673,0.00006,1.22594,2.5905,0.49954,1.04267,0.01002,5.58306,1.05245,0.3095,0.61292,0.53668,3.24936,0.22186,0.18799,0.00258,3.00671,0.0149,0.24781,1.05245,0.22186,0.18799,1.20698,1.2741,1.22594,2.51368,3.00671,0.47689,1.41913
2026-03-24 03:00:00,6.85705,0.00423,0.07553,0.03205,0.01376,0.00393,0.00695,0.0119,0.08362,1.28291,2.13578,3.40226,0.00363,0.24713,1.20647,0.00064,0.00316,0.00389,0,0.00671,0.00006,1.22569,2.60965,0.50064,1.0507,0.01003,5.60792,1.04924,0.31222,0.62333,0.53576,3.25543,0.22183,0.18804,0.00258,2.99476,0.01487,0.24713,1.04924,0.22183,0.18804,1.20647,1.2732,1.22569,2.50324,2.99476,0.47611,1.42256
2026-03-24 04:00:00,6.97392,0.00422,0.07546,0.03198,0.01374,0.00391,0.00694,0.01189,0.08357,1.31857,2.19461,3.42055,0.00362,0.24625,1.2059,0.00064,0.00315,0.00394,0,0.00669,0.00006,1.22527,2.62864,0.50174,1.05872,0.01004,5.63279,1.04635,0.31495,0.63426,0.53506,3.26169,0.22182,0.18811,0.00258,2.9832,0.01483,0.24625,1.04635,0.22182,0.18811,1.2059,1.27235,1.22527,2.49321,2.9832,0.47551,1.42598
2026-03-24 05:00:00,7.09078,0.00422,0.07539,0.03187,0.01373,0.00391,0.00694,0.01188,0.08353,1.36212,2.26304,3.45416,0.00363,0.24538,1.20526,0.00063,0.00315,0.00393,0,0.00668,0.00006,1.22473,2.64794,0.50283,1.06674,0.01004,5.65766,1.04382,0.31767,0.63898,0.5346,3.26814,0.22179,0.18807,0.00258,2.97201,0.0148,0.24538,1.04382,0.22179,0.18807,1.20526,1.27154,1.22473,2.48354,2.97201,0.47512,1.4294
2026-03-24 06:00:00,7.20765,0.00421,0.07532,0.03178,0.0137,0.00391,0.00694,0.01188,0.08349,1.383,2.32747,3.50844,0.00362,0.24451,1.20455,0.00062,0.00314,0.00393,0,0.00666,0.00006,1.22413,2.66732,0.50393,1.07476,0.01004,5.68252,1.04161,0.32039,0.64371,0.53419,3.27463,0.22177,0.18804,0.00258,2.96123,0.01476,0.24451,1.04161,0.22177,0.18804,1.20455,1.27076,1.22413,2.47425,2.96123,0.47476,1.43282
2026-03-24 07:00:00,7.24338,0.0042,0.07526,0.03171,0.01368,0.00391,0.00694,0.01187,0.08346,1.39799,2.384,3.56809,0.00362,0.24368,1.20379,0.00062,0.00314,0.00391,0,0.00664,0.00006,1.22348,2.71732,0.50562,1.08486,0.01004,5.78801,1.03872,0.32026,0.64532,0.53458,3.27845,0.22175,0.188,0.00258,2.95083,0.01473,0.24368,1.03872,0.22175,0.188,1.20379,1.27001,1.22348,2.46531,2.95083,0.47519,1.43624
2026-03-24 08:00:00,7.27911,0.00419,0.0752,0.03165,0.01366,0.00391,0.00693,0.01185,0.08342,1.41306,2.42974,3.63674,0.00361,0.24286,1.20299,0.00061,0.00313,0.00391,0,0.00663,0.00006,1.22282,2.80555,0.50731,1.09495,0.01004,5.8935,1.0328,0.32013,0.64604,0.53564,3.28292,0.22173,0.18796,0.00258,2.94082,0.01469,0.24286,1.0328,0.22173,0.18796,1.20299,1.26928,1.22282,2.45673,2.94082,0.47628,1.43967
2026-03-24 09:00:00,7.31485,0.00419,0.07514,0.0316,0.01364,0.0039,0.00693,0.01184,0.08339,1.42044,2.46632,3.70069,0.00361,0.24208,1.20217,0.00061,0.00313,0.00389,0,0.00661,0.00006,1.22217,2.90334,0.50901,1.10505,0.01003,5.99899,1.02303,0.32001,0.64625,0.53785,3.28858,0.22171,0.18794,0.00258,2.93118,0.01466,0.24208,1.02303,0.22171,0.18794,1.20217,1.26855,1.22217,2.44851,2.93118,0.47854,1.44309
2026-03-24 10:00:00,7.35058,0.00418,0.07507,0.03152,0.01362,0.0039,0.00693,0.01183,0.08335,1.41998,2.49566,3.75587,0.0036,0.24134,1.20135,0.00059,0.00312,0.00388,0,0.00659,0.00006,1.22151,3.00353,0.5107,1.11515,0.01002,6.10447,1.01011,0.31988,0.64619,0.54354,3.29765,0.22169,0.1879,0.00258,2.92193,0.01462,0.24134,1.01011,0.22169,0.1879,1.20135,1.26783,1.22151,2.44059,2.92193,0.48424,1.44651
2026-03-24 11:00:00,7.38631,0.00417,0.075,0.03141,0.0136,0.00389,0.00693,0.01182,0.08332,1.41945,2.5078,3.79997,0.00359,0.24065,1.20053,0.00058,0.00312,0.00386,0,0.00658,0.00005,1.22087,3.10431,0.51239,1.12524,0.01,6.20996,0.99438,0.31975,0.64604,0.55098,3.30847,0.22167,0.18787,0.00258,2.91304,0.01459,0.24065,0.99438,0.22167,0.18787,1.20053,1.26708,1.22087,2.43285,2.91304,0.49168,1.44993
2026-03-24 12:00:00,7.42204,0.00417,0.07494,0.03133,0.01357,0.00389,0.00692,0.01181,0.08329,1.41883,2.51462,3.83484,0.00359,0.23998,1.19974,0.00058,0.00311,0.00384,0,0.00656,0.00005,1.22023,3.20527,0.51408,1.13534,0.01,6.31545,0.9782,0.31962,0.64584,0.55669,3.31758,0.22165,0.18784,0.00258,2.90448,0.01455,0.23998,0.9782,0.22165,0.18784,1.19974,1.26633,1.22023,2.42508,2.90448,0.4974,1.45213
2026-03-24 13:00:00,7.4207,0.00416,0.07488,0.03126,0.01356,0.00389,0.00692,0.01179,0.08326,1.40302,2.51086,3.85993,0.00359,0.23935,1.19898,0.00057,0.00311,0.00384,0,0.00654,0.00005,1.21959,3.23682,0.5138,1.13748,0.00998,6.26992,0.96374,0.3175,0.64345,0.55994,3.31822,0.22163,0.18782,0.00258,2.89618,0.01452,0.23935,0.96374,0.22163,0.18782,1.19898,1.26557,1.21959,2.41708,2.89618,0.50065,1.50717
2026-03-24 14:00:00,7.41936,0.00416,0.07482,0.03119,0.01354,0.00389,0.00692,0.01179,0.08324,1.37916,2.49985,3.86956,0.00357,0.23872,1.19825,0.00055,0.0031,0.00382,0,0.00653,0.00005,1.21895,3.18158,0.51351,1.13962,0.00996,6.22438,0.95078,0.31538,0.64031,0.56013,3.31579,0.22161,0.18778,0.00258,2.88806,0.01448,0.23872,0.95078,0.22161,0.18778,1.19825,1.2648,1.21895,2.40868,2.88806,0.50084,1.52471
2026-03-24 15:00:00,7.41803,0.00416,0.07476,0.03114,0.01351,0.00389,0.00693,0.01177,0.0832,1.35531,2.48002,3.87293,0.00356,0.23812,1.19756,0.00055,0.0031,0.00379,0,0.00651,0.00005,1.21831,3.10463,0.51323,1.14176,0.00993,6.17885,0.9392,0.31326,0.63673,0.55881,3.31185,0.2216,0.18776,0.00258,2.87997,0.01444,0.23812,0.9392,0.2216,0.18776,1.19756,1.26403,1.21831,2.39983,2.87997,0.49951,1.53056
2026-03-24 16:00:00,7.41669,0.00416,0.07469,0.03107,0.01349,0.00388,0.00693,0.01175,0.08318,1.33924,2.45606,3.86629,0.00355,0.23752,1.1969,0.00054,0.00309,0.00379,0,0.00649,0.00005,1.21766,3.02227,0.51295,1.1439,0.00987,6.13332,0.92881,0.31113,0.63307,0.55234,3.30277,0.22157,0.18773,0.00258,2.8718,0.01441,0.23752,0.92881,0.22157,0.18773,1.1969,1.26325,1.21766,2.39058,2.8718,0.49304,1.53349
2026-03-24 17:00:00,7.41535,0.00415,0.07463,0.03096,0.01347,0.00387,0.00693,0.01175,0.08316,1.30724,2.42761,3.85221,0.00354,0.23694,1.19628,0.00053,0.00308,0.00377,0,0.00648,0.00005,1.21701,2.93855,0.51266,1.14604,0.00975,6.08778,0.91952,0.30901,0.62898,0.54299,3.29081,0.22155,0.1877,0.00258,2.86347,0.01438,0.23694,0.91952,0.22155,0.1877,1.19628,1.26249,1.21701,2.38103,2.86347,0.4837,1.53524
2026-03-24 18:00:00,7.41401,0.00415,0.07456,0.03087,0.01346,0.00387,0.00693,0.01174,0.08313,1.29103,2.40172,3.83021,0.00353,0.23637,1.1957,0.00052,0.00308,0.00376,0,0.00646,0.00005,1.21635,2.85449,0.51238,1.14818,0.0096,6.04225,0.91118,0.30689,0.62468,0.53594,3.28116,0.22154,0.18768,0.00258,2.85493,0.01434,0.23637,0.91118,0.22154,0.18768,1.1957,1.26172,1.21635,2.3713,2.85493,0.47666,1.53641
2026-03-24 19:00:00,7.45211,0.00414,0.07451,0.0308,0.01343,0.00388,0.00691,0.01173,0.0831,1.25954,2.37201,3.81125,0.00353,0.23583,1.19516,0.00052,0.00307,0.00375,0,0.00644,0.00005,1.21569,2.7975,0.51275,1.15235,0.0095,6.02796,0.90371,0.30761,0.62428,0.53066,3.27767,0.22151,0.18765,0.00258,2.84618,0.01431,0.23583,0.90371,0.22151,0.18765,1.19516,1.26097,1.21569,2.36146,2.84618,0.47139,1.53725
2026-03-24 20:00:00,7.49021,0.00414,0.07445,0.03074,0.01341,0.00387,0.00691,0.01171,0.08307,1.24383,2.34632,3.7889,0.00352,0.23529,1.19466,0.00052,0.00307,0.00374,0,0.00642,0.00005,1.21503,2.77446,0.51312,1.15653,0.00941,6.01368,0.897,0.30833,0.62526,0.5282,3.27701,0.22149,0.18763,0.00258,2.83724,0.01427,0.23529,0.897,0.22149,0.18763,1.19466,1.26023,1.21503,2.3516,2.83724,0.46894,1.53787
2026-03-24 21:00:00,7.52832,0.00413,0.07439,0.03069,0.01339,0.00387,0.00691,0.01171,0.08304,1.22811,2.32035,3.76821,0.00352,0.23477,1.19419,0.00052,0.00307,0.00373,0,0.00641,0.00005,1.21436,2.75988,0.51349,1.1607,0.00933,5.99939,0.89099,0.30906,0.62677,0.52547,3.2761,0.22148,0.1876,0.00258,2.82815,0.01424,0.23477,0.89099,0.22148,0.1876,1.19419,1.25951,1.21436,2.34176,2.82815,0.46623,1.53836
2026-03-24 22:00:00,7.56642,0.00413,0.07432,0.03061,0.01337,0.00386,0.00691,0.0117,0.08301,1.21238,2.2978,3.74476,0.00351,0.23426,1.19376,0.00051,0.00306,0.00371,0,0.00639,0.00005,1.21371,2.74743,0.51386,1.16487,0.00926,5.9851,0.88558,0.30978,0.62842,0.52289,3.27529,0.22145,0.18758,0.00258,2.81896,0.01421,0.23426,0.88558,0.22145,0.18758,1.19376,1.25881,1.21371,2.33202,2.81896,0.46365,1.53875
2026-03-24 23:00:00,7.60452,0.00412,0.07425,0.0305,0.01335,0.00385,0.00691,0.01169,0.083,1.2126,2.28218,3.72474,0.0035,0.23378,1.19338,0.00051,0.00306,0.00369,0,0.00637,0.00005,1.21306,2.7355,0.51423,1.16905,0.0092,5.97082,0.88075,0.3105,0.63012,0.52075,3.27494,0.22143,0.18756,0.00258,2.8097,0.01417,0.23378,0.88075,0.22143,0.18756,1.19338,1.25813,1.21306,2.32238,2.8097,0.46151,1.53907
2026-03-25 00:00:00,7.64262,0.00412,0.07419,0.03041,0.01333,0.00385,0.00691,0.01168,0.08298,1.22906,2.27477,3.70483,0.00349,0.2333,1.19303,0.00051,0.00305,0.00369,0,0.00635,0.00005,1.21242,2.72372,0.5146,1.17322,0.00915,5.95653,0.8764,0.31122,0.63186,0.51894,3.2749,0.22142,0.18753,0.00258,2.80043,0.01414,0.2333,0.8764,0.22142,0.18753,1.19303,1.25746,1.21242,2.31293,2.80043,0.45969,1.53934
2026-03-25 01:00:00,7.71824,0.00411,0.07414,0.03034,0.0133,0.00385,0.0069,0.01168,0.08297,1.27137,2.29207,3.68762,0.0035,0.23285,1.19273,0.00051,0.00305,0.00367,0,0.00634,0.00005,1.21181,2.76149,0.51816,1.1912,0.00956,6.08106,0.87251,0.31462,0.63707,0.51868,3.28505,0.22139,0.18751,0.00258,2.79118,0.01411,0.23285,0.87251,0.22139,0.18751,1.19273,1.25684,1.21181,2.30365,2.79118,0.45943,1.53956
2026-03-25 02:00:00,7.79386,0.00411,0.07408,0.03028,0.01328,0.00385,0.00688,0.01167,0.08295,1.31431,2.32638,3.67732,0.0035,0.2324,1.19247,0.00051,0.00304,0.00365,0,0.00632,0.00005,1.2112,2.86119,0.52172,1.20919,0.00952,6.20558,0.86907,0.31802,0.64302,0.51971,3.29649,0.22137,0.18749,0.00258,2.782,0.01408,0.2324,0.86907,0.22137,0.18749,1.19247,1.25623,1.2112,2.29459,2.782,0.46047,1.53975
2026-03-25 03:00:00,7.86948,0.00411,0.07402,0.03023,0.01327,0.00384,0.00688,0.01165,0.08292,1.37442,2.38265,3.67669,0.00349,0.23198,1.19226,0.00051,0.00304,0.00364,0,0.00631,0.00004,1.2106,2.97637,0.52529,1.22718,0.00949,6.33011,0.86602,0.32142,0.64929,0.52225,3.30944,0.22136,0.18748,0.00258,2.77291,0.01405,0.23198,0.86602,0.22136,0.18748,1.19226,1.25566,1.2106,2.28576,2.77291,0.46302,1.53992
2026-03-25 04:00:00,7.9451,0.00411,0.07395,0.03016,0.01324,0.00383,0.00688,0.01165,0.0829,1.41868,2.44946,3.70027,0.00347,0.23156,1.19208,0.0005,0.00303,0.00362,0,0.00629,0.00004,1.21004,3.09541,0.52885,1.24516,0.00946,6.45464,0.86327,0.32482,0.65586,0.52917,3.32677,0.22133,0.18745,0.00258,2.76396,0.01401,0.23156,0.86327,0.22133,0.18745,1.19208,1.25511,1.21004,2.27718,2.76396,0.46995,1.54007
2026-03-25 05:00:00,8.02072,0.0041,0.07389,0.03005,0.01322,0.00383,0.00688,0.01164,0.08287,1.47211,2.52519,3.74192,0.00346,0.23117,1.19195,0.0005,0.00302,0.00361,0,0.00628,0.00004,1.20949,3.21543,0.53241,1.26314,0.00943,6.57916,0.86082,0.32822,0.66266,0.53835,3.34637,0.22132,0.18743,0.00258,2.75517,0.01398,0.23117,0.86082,0.22132,0.18743,1.19195,1.2546,1.20949,2.26885,2.75517,0.47914,1.5402
2026-03-25 06:00:00,8.09634,0.0041,0.07383,0.02996,0.0132,0.00383,0.00688,0.01162,0.08284,1.50073,2.59548,3.80516,0.00347,0.23078,1.19185,0.0005,0.00302,0.00359,0,0.00626,0.00004,1.20897,3.33568,0.53597,1.28113,0.00941,6.70369,0.85861,0.33162,0.66956,0.54539,3.36382,0.2213,0.18741,0.00258,2.74657,0.01395,0.23078,0.85861,0.2213,0.18741,1.19185,1.25411,1.20897,2.26057,2.74657,0.48619,1.54031
2026-03-25 07:00:00,8.10281,0.0041,0.07377,0.02989,0.01319,0.00383,0.00688,0.01161,0.08281,1.52371,2.65133,3.87327,0.00346,0.23041,1.1918,0.0005,0.00301,0.00359,0,0.00625,0.00004,1.20848,3.42185,0.53819,1.28944,0.00939,6.75788,0.85662,0.33083,0.67125,0.55031,3.36944,0.22127,0.18738,0.00258,2.73813,0.01392,0.23041,0.85662,0.22127,0.18738,1.1918,1.25366,1.20848,2.25256,2.73813,0.49111,1.54041
2026-03-25 08:00:00,8.10928,0.00409,0.07372,0.02983,0.01316,0.00383,0.00688,0.01161,0.08279,1.54683,2.69393,3.94833,0.00345,0.23005,1.19178,0.0005,0.00301,0.00359,0,0.00623,0.00004,1.20801,3.46533,0.54042,1.29775,0.00937,6.81207,0.85485,0.33004,0.67138,0.55236,3.37216,0.22126,0.18737,0.00257,2.72986,0.01389,0.23005,0.85485,0.22126,0.18737,1.19178,1.25325,1.20801,2.24487,2.72986,0.49315,1.54051
2026-03-25 09:00:00,8.11576,0.00409,0.07365,0.02978,0.01314,0.00383,0.00687,0.0116,0.08276,1.56131,2.73829,4.0157,0.00344,0.2297,1.1918,0.0005,0.003,0.00358,0,0.00622,0.00004,1.20757,3.49814,0.54264,1.30606,0.00936,6.86627,0.85326,0.32926,0.67078,0.55434,3.37482,0.22124,0.18735,0.00257,2.72179,0.01386,0.2297,0.85326,0.22124,0.18735,1.1918,1.25287,1.20757,2.23746,2.72179,0.4951,1.54059
2026-03-25 10:00:00,8.12223,0.00408,0.07359,0.0297,0.01312,0.00382,0.00688,0.01159,0.08272,1.56687,2.76379,4.06801,0.00344,0.22936,1.19186,0.00049,0.00299,0.00357,0,0.0062,0.00004,1.20717,3.52829,0.54486,1.31437,0.00934,6.92046,0.85183,0.32847,0.6698,0.5553,3.37644,0.22121,0.18733,0.00257,2.71394,0.01382,0.22936,0.85183,0.22121,0.18733,1.19186,1.25253,1.20717,2.23032,2.71394,0.49604,1.54067
2026-03-25 11:00:00,8.1287,0.00408,0.07352,0.02959,0.01309,0.00381,0.00688,0.01158,0.0827,1.57229,2.77821,4.11002,0.00343,0.22904,1.19195,0.00049,0.00299,0.00356,0,0.00618,0.00004,1.20679,3.55779,0.54709,1.32268,0.00933,6.97465,0.85055,0.32768,0.66864,0.55539,3.3772,0.2212,0.18731,0.00257,2.70633,0.01379,0.22904,0.85055,0.2212,0.18731,1.19195,1.25222,1.20679,2.2235,2.70633,0.49611,1.54073
2026-03-25 12:00:00,8.13517,0.00407,0.07346,0.0295,0.01308,0.00381,0.00688,0.01158,0.08267,1.57754,2.78796,4.14867,0.00343,0.22872,1.19207,0.00049,0.00298,0.00356,0,0.00617,0.00004,1.20645,3.58709,0.54931,1.33099,0.00932,7.02884,0.8494,0.32689,0.66734,0.55565,3.37812,0.22118,0.18729,0.00257,2.69896,0.01376,0.22872,0.8494,0.22118,0.18729,1.19207,1.25195,1.20645,2.21696,2.69896,0.49634,1.5512
2026-03-25 13:00:00,8.10035,0.00407,0.07341,0.02944,0.01306,0.00381,0.00687,0.01157,0.08264,1.55058,2.78531,4.16783,0.00342,0.22842,1.19222,0.00049,0.00298,0.00355,0,0.00615,0.00004,1.20614,3.59499,0.54819,1.3248,0.00931,7.00539,0.84836,0.32329,0.66274,0.55474,3.369,0.22116,0.18727,0.00257,2.69187,0.01373,0.22842,0.84836,0.22116,0.18727,1.19222,1.25172,1.20614,2.21069,2.69187,0.49541,1.56401
2026-03-25 14:00:00,8.06554,0.00407,0.07335,0.02938,0.01303,0.00381,0.00687,0.01156,0.08261,1.51471,2.76423,4.1774,0.00342,0.22813,1.1924,0.00048,0.00297,0.00355,0,0.00613,0.00004,1.20587,3.57617,0.54707,1.31862,0.0093,6.98194,0.84744,0.3197,0.65704,0.55307,3.35915,0.22115,0.18725,0.00257,2.68501,0.01369,0.22813,0.84744,0.22115,0.18725,1.1924,1.25152,1.20587,2.2047,2.68501,0.49373,1.5679
2026-03-25 15:00:00,8.03072,0.00407,0.07329,0.02934,0.01301,0.00381,0.00687,0.01156,0.08259,1.47945,2.72264,4.18022,0.00341,0.22785,1.1926,0.00048,0.00297,0.00354,0,0.00612,0.00004,1.20563,3.55068,0.54595,1.31243,0.00929,6.95849,0.84661,0.3161,0.65082,0.54972,3.34761,0.22112,0.18723,0.00257,2.67842,0.01366,0.22785,0.84661,0.22112,0.18723,1.1926,1.25136,1.20563,2.19896,2.67842,0.49038,1.57178
2026-03-25 16:00:00,7.9959,0.00406,0.07322,0.02929,0.013,0.0038,0.00687,0.01154,0.08256,1.4532,2.68047,4.16909,0.0034,0.22757,1.19283,0.00048,0.00296,0.00352,0,0.0061,0.00004,1.20543,3.52351,0.54482,1.30624,0.00927,6.93504,0.84586,0.3125,0.64432,0.54163,3.33132,0.22111,0.18721,0.00257,2.67209,0.01363,0.22757,0.84586,0.22111,0.18721,1.19283,1.25123,1.20543,2.19349,2.67209,0.48229,1.57567
2026-03-25 17:00:00,7.96109,0.00406,0.07316,0.02921,0.01298,0.00379,0.00686,0.01153,0.08253,1.40953,2.64753,4.13934,0.00339,0.22731,1.19309,0.00047,0.00296,0.00352,0,0.00608,0.00004,1.20526,3.49593,0.5437,1.30006,0.00926,6.91159,0.84519,0.30891,0.63773,0.53117,3.3127,0.22109,0.1872,0.00257,2.66601,0.01359,0.22731,0.84519,0.22109,0.1872,1.19309,1.25114,1.20526,2.18826,2.66601,0.47184,1.57955
2026-03-25 18:00:00,7.92627,0.00406,0.0731,0.02914,0.01295,0.0038,0.00685,0.01152,0.08251,1.38393,2.61111,4.09448,0.00338,0.22704,1.19337,0.00047,0.00295,0.00351,0,0.00606,0.00004,1.20512,3.46825,0.54258,1.29387,0.00925,6.88814,0.84459,0.30531,0.63034,0.5231,3.29646,0.22107,0.18717,0.00257,2.66019,0.01356,0.22704,0.84459,0.22107,0.18717,1.19337,1.25108,1.20512,2.18328,2.66019,0.46379,1.58344
2026-03-25 19:00:00,7.92719,0.00405,0.07304,0.02909,0.01293,0.00379,0.00685,0.01151,0.08248,1.34452,2.56774,4.05624,0.00337,0.2268,1.19368,0.00047,0.00294,0.00351,0,0.00605,0.00004,1.20503,3.41779,0.54131,1.29032,0.00924,6.80727,0.84404,0.30412,0.62607,0.51731,3.2852,0.22105,0.18716,0.00257,2.65461,0.01353,0.2268,0.84404,0.22105,0.18716,1.19368,1.25105,1.20503,2.17853,2.65461,0.45801,1.58732
2026-03-25 20:00:00,7.92811,0.00405,0.07299,0.02904,0.01291,0.00379,0.00684,0.0115,0.08245,1.3226,2.52953,4.02421,0.00337,0.22655,1.19401,0.00047,0.00294,0.0035,0,0.00603,0.00003,1.20497,3.33891,0.54005,1.28678,0.00924,6.7264,0.84355,0.30294,0.62316,0.51456,3.27701,0.22103,0.18714,0.00257,2.64928,0.0135,0.22655,0.84355,0.22103,0.18714,1.19401,1.25106,1.20497,2.17401,2.64928,0.45529,1.5912
2026-03-25 21:00:00,7.92904,0.00404,0.07293,0.02899,0.01289,0.00379,0.00684,0.01149,0.08242,1.30094,2.4922,3.98815,0.00336,0.22632,1.19436,0.00047,0.00294,0.00349,0,0.00602,0.00003,1.20494,3.25292,0.53878,1.28323,0.00923,6.64553,0.84311,0.30175,0.62075,0.51147,3.26848,0.22101,0.18713,0.00257,2.64419,0.01347,0.22632,0.84311,0.22101,0.18713,1.19436,1.25109,1.20494,2.1697,2.64419,0.45224,1.59509
2026-03-25 22:00:00,7.92996,0.00404,0.07286,0.02892,0.01287,0.00377,0.00684,0.01148,0.08241,1.27939,2.45987,3.94764,0.00336,0.22609,1.19473,0.00046,0.00293,0.00348,0,0.006,0.00003,1.20495,3.16515,0.53751,1.27968,0.00922,6.56466,0.84272,0.30056,0.61857,0.50824,3.25979,0.22099,0.18711,0.00257,2.63932,0.01344,0.22609,0.84272,0.22099,0.18711,1.19473,1.25116,1.20495,2.1656,2.63932,0.44903,1.59897
2026-03-25 23:00:00,7.93088,0.00403,0.0728,0.02882,0.01285,0.00378,0.00684,0.01148,0.08239,1.27506,2.43519,3.91136,0.00335,0.22587,1.19511,0.00046,0.00292,0.00347,0,0.00599,0.00003,1.20498,3.07694,0.53625,1.27614,0.00921,6.48379,0.84236,0.29938,0.61643,0.50534,3.25143,0.22097,0.18708,0.00257,2.63467,0.01341,0.22587,0.84236,0.22097,0.18708,1.19511,1.25125,1.20498,2.1617,2.63467,0.44614,1.60286
2026-03-26 00:00:00,7.9318,0.00402,0.07274,0.02873,0.01283,0.00377,0.00683,0.01147,0.08238,1.28804,2.41975,3.87658,0.00334,0.22565,1.19551,0.00046,0.00292,0.00347,0,0.00597,0.00003,1.20505,2.98861,0.53498,1.27259,0.0092,6.40292,0.84204,0.29819,0.61435,0.50293,3.24354,0.22095,0.18707,0.00257,2.63024,0.01338,0.22565,0.84204,0.22095,0.18707,1.19551,1.25137,1.20505,2.158,2.63024,0.44373,1.60674
2026-03-26 01:00:00,7.96839,0.00402,0.07268,0.02866,0.01281,0.00377,0.00683,0.01146,0.08235,1.32616,2.42763,3.84565,0.00333,0.22544,1.19593,0.00046,0.00292,0.00346,0,0.00596,0.00003,1.20515,2.96859,0.53595,1.27735,0.00965,6.47101,0.84175,0.29967,0.61555,0.50159,3.24504,0.22093,0.18705,0.00257,2.62601,0.01335,0.22544,0.84175,0.22093,0.18705,1.19593,1.25152,1.20515,2.15449,2.62601,0.44237,1.60053
2026-03-26 02:00:00,8.00497,0.00401,0.07262,0.02861,0.01279,0.00377,0.00683,0.01146,0.08232,1.36434,2.45293,3.82238,0.00334,0.22523,1.19636,0.00046,0.00291,0.00345,0,0.00594,0.00003,1.20529,3.03398,0.53692,1.28212,0.00965,6.53909,0.84153,0.30116,0.61795,0.50107,3.24737,0.22091,0.18703,0.00257,2.62198,0.01332,0.22523,0.84153,0.22091,0.18703,1.19636,1.25169,1.20529,2.15116,2.62198,0.44184,1.59432
2026-03-26 03:00:00,8.04156,0.004,0.07256,0.02856,0.01276,0.00376,0.00683,0.01145,0.08231,1.41989,2.49983,3.81018,0.00334,0.22503,1.1968,0.00046,0.00291,0.00344,0,0.00593,0.00003,1.20545,3.12073,0.53789,1.28688,0.00964,6.60718,0.84135,0.30265,0.62076,0.50066,3.24982,0.22089,0.18702,0.00257,2.61815,0.01329,0.22503,0.84135,0.22089,0.18702,1.1968,1.2519,1.20545,2.148,2.61815,0.44141,1.58811
2026-03-26 04:00:00,8.07814,0.004,0.0725,0.02849,0.01274,0.00376,0.00684,0.01143,0.08228,1.45836,2.55583,3.82048,0.00333,0.22483,1.19725,0.00045,0.00291,0.00344,0,0.00591,0.00003,1.20564,3.21282,0.53886,1.29164,0.00963,6.67527,0.8412,0.30413,0.62377,0.50048,3.25249,0.22087,0.18701,0.00257,2.61451,0.01325,0.22483,0.8412,0.22087,0.18701,1.19725,1.25213,1.20564,2.14501,2.61451,0.44122,1.5819
2026-03-26 05:00:00,8.11473,0.00399,0.07243,0.02838,0.01273,0.00375,0.00684,0.01142,0.08227,1.50574,2.61972,3.84923,0.00331,0.22464,1.19772,0.00045,0.0029,0.00342,0,0.0059,0.00003,1.20586,3.30624,0.53983,1.29641,0.00963,6.74335,0.84105,0.30562,0.62681,0.50051,3.25536,0.22085,0.18699,0.00257,2.61106,0.01322,0.22464,0.84105,0.22085,0.18699,1.19772,1.25238,1.20586,2.14217,2.61106,0.44123,1.57569
2026-03-26 06:00:00,8.15131,0.00399,0.07237,0.02829,0.01271,0.00375,0.00684,0.01142,0.08223,1.52715,2.67626,3.89834,0.00331,0.22445,1.19819,0.00045,0.0029,0.00341,0,0.00588,0.00003,1.20611,3.39999,0.5408,1.30117,0.00962,6.81144,0.84093,0.3071,0.62991,0.50048,3.25819,0.22084,0.18697,0.00257,2.60777,0.01319,0.22445,0.84093,0.22084,0.18697,1.19819,1.25265,1.20611,2.13949,2.60777,0.4412,1.56948
2026-03-26 07:00:00,8.13214,0.00398,0.07232,0.02822,0.01269,0.00375,0.00683,0.01141,0.0822,1.53707,2.71848,3.95169,0.00331,0.22427,1.19866,0.00045,0.00289,0.00341,0,0.00587,0.00003,1.20638,3.46376,0.54088,1.29829,0.00961,6.82724,0.84079,0.30562,0.62901,0.5005,3.25437,0.22081,0.18696,0.00257,2.60464,0.01316,0.22427,0.84079,0.22081,0.18696,1.19866,1.25294,1.20638,2.13696,2.60464,0.4412,1.56327
2026-03-26 08:00:00,8.11297,0.00398,0.07226,0.02817,0.01267,0.00375,0.00684,0.01139,0.08217,1.54701,2.75517,4.01014,0.0033,0.22409,1.19915,0.00045,0.00289,0.00341,0,0.00585,0.00003,1.20669,3.48996,0.54097,1.29542,0.00961,6.84304,0.84068,0.30413,0.62677,0.50046,3.25051,0.22079,0.18694,0.00257,2.60168,0.01313,0.22409,0.84068,0.22079,0.18694,1.19915,1.25326,1.20669,2.13458,2.60168,0.44116,1.55706
2026-03-26 09:00:00,8.0938,0.00398,0.0722,0.02813,0.01266,0.00375,0.00684,0.01138,0.08214,1.54836,2.76738,4.0592,0.00329,0.22392,1.19964,0.00045,0.00288,0.0034,0,0.00584,0.00003,1.20701,3.50676,0.54105,1.29254,0.0096,6.85884,0.84057,0.30265,0.62408,0.50034,3.24658,0.22078,0.18693,0.00257,2.59887,0.01311,0.22392,0.84057,0.22078,0.18693,1.19964,1.25358,1.20701,2.13232,2.59887,0.44105,1.55085
2026-03-26 10:00:00,8.07463,0.00397,0.07213,0.02807,0.01265,0.00374,0.00685,0.01138,0.08213,1.54093,2.77133,4.09543,0.00329,0.22374,1.20012,0.00044,0.00287,0.00338,0,0.00582,0.00003,1.20735,3.52123,0.54113,1.28966,0.0096,6.87463,0.84047,0.30116,0.62117,0.49999,3.24242,0.22075,0.18691,0.00257,2.59621,0.01308,0.22374,0.84047,0.22075,0.18691,1.20012,1.25392,1.20735,2.1302,2.59621,0.44072,1.54464
2026-03-26 11:00:00,8.05546,0.00397,0.07207,0.02799,0.01264,0.00373,0.00685,0.01138,0.0821,1.53349,2.76671,4.12107,0.00328,0.22358,1.20062,0.00044,0.00287,0.00338,0,0.00581,0.00003,1.20773,3.53513,0.54122,1.28679,0.00959,6.89043,0.84037,0.29967,0.61828,0.49951,3.23814,0.22073,0.1869,0.00257,2.5937,0.01305,0.22358,0.84037,0.22073,0.1869,1.20062,1.25428,1.20773,2.1282,2.5937,0.44026,1.53843
2026-03-26 12:00:00,8.03629,0.00397,0.07201,0.02793,0.01262,0.00373,0.00685,0.01137,0.08208,1.52603,2.75757,4.12596,0.00328,0.22341,1.20112,0.00044,0.00286,0.00338,0,0.00579,0.00003,1.20811,3.54887,0.5413,1.28391,0.00959,6.90623,0.84029,0.29819,0.61527,0.49914,3.23397,0.22072,0.18688,0.00257,2.59132,0.01302,0.22341,0.84029,0.22072,0.18688,1.20112,1.25465,1.20811,2.12632,2.59132,0.43991,1.54238
2026-03-26 13:00:00,7.91962,0.00396,0.07195,0.02788,0.0126,0.00373,0.00684,0.01136,0.08205,1.50041,2.73711,4.12166,0.00327,0.22325,1.20162,0.00044,0.00286,0.00337,0,0.00577,0.00002,1.20851,3.51692,0.5389,1.2744,0.00958,6.80017,0.8402,0.2941,0.60932,0.49867,3.22247,0.2207,0.18686,0.00257,2.58907,0.01299,0.22325,0.8402,0.2207,0.18686,1.20162,1.25504,1.20851,2.12455,2.58907,0.43944,1.5343
2026-03-26 14:00:00,7.80295,0.00396,0.0719,0.02783,0.01259,0.00373,0.00683,0.01135,0.08203,1.46644,2.70527,4.10985,0.00327,0.22308,1.20212,0.00043,0.00285,0.00337,0,0.00576,0.00002,1.20894,3.42789,0.5365,1.26489,0.00958,6.6941,0.84014,0.29002,0.60214,0.49811,3.21087,0.22068,0.18685,0.00257,2.58695,0.01296,0.22308,0.84014,0.22068,0.18685,1.20212,1.25544,1.20894,2.12288,2.58695,0.43887,1.51205
2026-03-26 15:00:00,7.68628,0.00395,0.07183,0.02778,0.01257,0.00373,0.00683,0.01134,0.08201,1.43289,2.66642,4.09186,0.00327,0.22293,1.20262,0.00043,0.00285,0.00337,0,0.00574,0.00002,1.20938,3.3246,0.5341,1.25539,0.00957,6.58804,0.84006,0.28593,0.59458,0.49709,3.19881,0.22066,0.18682,0.00257,2.58494,0.01293,0.22293,0.84006,0.22066,0.18682,1.20262,1.25586,1.20938,2.12133,2.58494,0.43784,1.50464
2026-03-26 16:00:00,7.5696,0.00394,0.07177,0.02771,0.01255,0.00371,0.00683,0.01132,0.082,1.40807,2.62863,4.06273,0.00326,0.22277,1.20312,0.00043,0.00284,0.00335,0,0.00572,0.00002,1.20983,3.21774,0.53169,1.24588,0.00956,6.48198,0.84,0.28184,0.58684,0.49472,3.1854,0.22064,0.18681,0.00257,2.58305,0.0129,0.22277,0.84,0.22064,0.18681,1.20312,1.25627,1.20983,2.11985,2.58305,0.43547,1.50093
2026-03-26 17:00:00,7.45293,0.00394,0.0717,0.0276,0.01253,0.00372,0.00683,0.01132,0.08198,1.36678,2.58427,4.02356,0.00325,0.22262,1.20361,0.00042,0.00284,0.00335,0,0.00571,0.00002,1.21031,3.10999,0.52929,1.23637,0.00956,6.37591,0.83993,0.27776,0.57907,0.49171,3.17134,0.22062,0.1868,0.00257,2.58127,0.01287,0.22262,0.83993,0.22062,0.1868,1.20361,1.2567,1.21031,2.11849,2.58127,0.43244,1.49871
2026-03-26 18:00:00,7.33626,0.00393,0.07164,0.02752,0.01251,0.00371,0.00683,0.01131,0.08195,1.34257,2.54207,3.97939,0.00324,0.22246,1.20411,0.00042,0.00283,0.00334,0,0.00569,0.00002,1.21079,3.00202,0.52689,1.22686,0.00955,6.26985,0.83987,0.27367,0.57127,0.4894,3.15798,0.22061,0.18678,0.00257,2.57959,0.01284,0.22246,0.83987,0.22061,0.18678,1.20411,1.25713,1.21079,2.1172,2.57959,0.43011,1.49722
2026-03-26 19:00:00,7.31432,0.00393,0.07159,0.02745,0.0125,0.00371,0.00682,0.0113,0.08194,1.30262,2.49708,3.9409,0.00323,0.22232,1.2046,0.00042,0.00283,0.00334,0,0.00568,0.00002,1.21129,2.92517,0.52488,1.21957,0.00954,6.22044,0.83982,0.27245,0.56672,0.48762,3.1426,0.22058,0.18676,0.00257,2.578,0.01281,0.22232,0.83982,0.22058,0.18676,1.2046,1.25756,1.21129,2.116,2.578,0.4283,1.49616
2026-03-26 20:00:00,7.29238,0.00392,0.07153,0.0274,0.01248,0.00371,0.00681,0.0113,0.08193,1.27941,2.45673,3.89776,0.00322,0.22216,1.20509,0.00042,0.00282,0.00333,0,0.00566,0.00002,1.2118,2.88728,0.52286,1.21227,0.00954,6.17104,0.83976,0.27123,0.56342,0.48659,3.12796,0.22057,0.18674,0.00257,2.57653,0.01278,0.22216,0.83976,0.22057,0.18674,1.20509,1.25802,1.2118,2.11489,2.57653,0.42722,1.49537
2026-03-26 21:00:00,7.27044,0.00391,0.07147,0.02736,0.01246,0.00371,0.00681,0.01129,0.08192,1.25652,2.41652,3.85583,0.00321,0.22202,1.20557,0.00042,0.00282,0.00332,0,0.00565,0.00002,1.21231,2.85914,0.52085,1.20498,0.00953,6.12163,0.83972,0.27001,0.56065,0.48518,3.11293,0.22055,0.18673,0.00257,2.57513,0.01276,0.22202,0.83972,0.22055,0.18673,1.20557,1.25847,1.21231,2.11385,2.57513,0.42577,1.49475
2026-03-26 22:00:00,7.24849,0.0039,0.0714,0.02731,0.01243,0.00371,0.0068,0.01128,0.08189,1.2338,2.38046,3.81242,0.0032,0.22187,1.20605,0.00041,0.00281,0.00331,0,0.00563,0.00002,1.21283,2.83343,0.51884,1.19768,0.00952,6.07222,0.83966,0.26878,0.55803,0.48287,3.09699,0.22052,0.18671,0.00257,2.57382,0.01273,0.22187,0.83966,0.22052,0.18671,1.20605,1.25893,1.21283,2.11289,2.57382,0.42341,1.49426
2026-03-26 23:00:00,7.22655,0.0039,0.07134,0.02723,0.01242,0.00371,0.0068,0.01127,0.08188,1.22724,2.35163,3.7728,0.00321,0.22173,1.20652,0.00041,0.00281,0.0033,0,0.00562,0.00002,1.21337,2.80833,0.51682,1.19038,0.00951,6.02282,0.83962,0.26756,0.55545,0.48022,3.08073,0.22051,0.18669,0.00256,2.57259,0.0127,0.22173,0.83962,0.22051,0.18669,1.20652,1.25939,1.21337,2.11199,2.57259,0.42071,1.49385
2026-03-27 00:00:00,7.20461,0.00389,0.07128,0.02717,0.0124,0.00371,0.0068,0.01127,0.08185,1.23673,2.33119,3.73385,0.0032,0.22159,1.20699,0.00041,0.0028,0.0033,0,0.0056,0.00002,1.21391,2.78338,0.51481,1.18309,0.00951,5.97341,0.83957,0.26634,0.55292,0.47814,3.06503,0.22049,0.18668,0.00256,2.57144,0.01267,0.22159,0.83957,0.22049,0.18668,1.20699,1.25985,1.21391,2.11116,2.57144,0.41858,1.49352
2026-03-27 01:00:00,7.28728,0.00389,0.07123,0.02712,0.01238,0.0037,0.0068,0.01126,0.08181,1.2713,2.33571,3.69972,0.00319,0.22145,1.20745,0.00041,0.0028,0.00329,0,0.00559,0.00002,1.21445,2.801,0.51556,1.18468,0.00995,6.04731,0.83954,0.26871,0.55457,0.4768,3.06641,0.22046,0.18667,0.00256,2.57037,0.01264,0.22145,0.83954,0.22046,0.18667,1.20745,1.26032,1.21445,2.11039,2.57037,0.41721,1.49323
2026-03-27 02:00:00,7.36994,0.00389,0.07117,0.02707,0.01236,0.0037,0.0068,0.01126,0.08179,1.30587,2.35651,3.67273,0.00318,0.22131,1.2079,0.00041,0.00279,0.00328,0,0.00557,0.00002,1.21501,2.87181,0.51631,1.18626,0.00995,6.12121,0.83953,0.27107,0.55773,0.47627,3.06859,0.22045,0.18664,0.00256,2.56937,0.01261,0.22131,0.83953,0.22045,0.18664,1.2079,1.26078,1.21501,2.10969,2.56937,0.41666,1.49299
2026-03-27 03:00:00,7.45261,0.00388,0.07112,0.02702,0.01233,0.00371,0.0068,0.01125,0.08176,1.35644,2.39788,3.65577,0.00318,0.22118,1.20835,0.00041,0.00279,0.00327,0,0.00556,0.00002,1.21556,2.95592,0.51707,1.18785,0.00994,6.19511,0.83957,0.27344,0.56144,0.47579,3.07085,0.22043,0.18663,0.00256,2.56843,0.01259,0.22118,0.83957,0.22043,0.18663,1.20835,1.26125,1.21556,2.10904,2.56843,0.41617,1.49277
2026-03-27 04:00:00,7.53527,0.00388,0.07106,0.02695,0.01232,0.00369,0.00681,0.01125,0.08174,1.39103,2.44836,3.66272,0.00318,0.22104,1.20879,0.0004,0.00278,0.00327,0,0.00554,0.00002,1.21612,3.04335,0.51782,1.18943,0.00994,6.26901,0.83959,0.27581,0.56543,0.47562,3.07342,0.2204,0.18662,0.00256,2.56757,0.01256,0.22104,0.83959,0.2204,0.18662,1.20879,1.2617,1.21612,2.10845,2.56757,0.416,1.49259
2026-03-27 05:00:00,7.61794,0.00388,0.07101,0.02684,0.0123,0.00369,0.0068,0.01124,0.0817,1.43379,2.50663,3.68677,0.00317,0.22091,1.20921,0.0004,0.00278,0.00325,0,0.00553,0.00001,1.21669,3.13161,0.51857,1.19102,0.00994,6.34291,0.83961,0.27817,0.56959,0.4757,3.07623,0.22039,0.1866,0.00256,2.56676,0.01253,0.22091,0.83961,0.22039,0.1866,1.20921,1.26217,1.21669,2.1079,2.56676,0.41608,1.49243
2026-03-27 06:00:00,7.7006,0.00387,0.07096,0.02676,0.01228,0.00368,0.00681,0.01123,0.08167,1.45241,2.55866,3.73056,0.00315,0.22077,1.20964,0.0004,0.00277,0.00325,0,0.00551,0.00001,1.21725,3.22008,0.51932,1.1926,0.00993,6.41681,0.83961,0.28054,0.57376,0.47572,3.079,0.22037,0.18659,0.00256,2.56601,0.0125,0.22077,0.83961,0.22037,0.18659,1.20964,1.26262,1.21725,2.10742,2.56601,0.4161,1.49228
2026-03-27 07:00:00,7.70429,0.00387,0.07092,0.02669,0.01226,0.00369,0.00681,0.01123,0.08164,1.4631,2.5992,3.77978,0.00315,0.22064,1.21006,0.0004,0.00277,0.00324,0,0.0055,0.00001,1.21781,3.28333,0.51979,1.19318,0.00993,6.44634,0.83961,0.27968,0.57441,0.47583,3.07857,0.22035,0.18658,0.00256,2.56531,0.01247,0.22064,0.83961,0.22035,0.18658,1.21006,1.26307,1.21781,2.10698,2.56531,0.4162,1.49215
2026-03-27 08:00:00,7.70797,0.00386,0.07087,0.02664,0.01225,0.00369,0.00681,0.01121,0.08161,1.47367,2.62682,3.83478,0.00315,0.2205,1.21047,0.0004,0.00276,0.00324,0,0.00548,0.00001,1.21838,3.315,0.52026,1.19375,0.00993,6.47587,0.8396,0.27881,0.57369,0.47589,3.07806,0.22033,0.18656,0.00256,2.56467,0.01244,0.2205,0.8396,0.22033,0.18656,1.21047,1.26353,1.21838,2.10658,2.56467,0.41625,1.49203
2026-03-27 09:00:00,7.71166,0.00386,0.07082,0.0266,0.01223,0.00368,0.00681,0.0112,0.08159,1.47618,2.64442,3.8822,0.00315,0.22037,1.21087,0.0004,0.00276,0.00323,0,0.00547,0.00001,1.21893,3.33877,0.52073,1.19433,0.00992,6.5054,0.83961,0.27795,0.57244,0.47596,3.0776,0.22031,0.18654,0.00256,2.56408,0.01241,0.22037,0.83961,0.22031,0.18654,1.21087,1.26398,1.21893,2.10624,2.56408,0.41632,1.49193
2026-03-27 10:00:00,7.71534,0.00385,0.07076,0.02655,0.01222,0.00367,0.00682,0.01118,0.08157,1.47085,2.65429,3.91733,0.00314,0.22024,1.21127,0.00039,0.00276,0.00322,0,0.00546,0.00001,1.21949,3.36058,0.5212,1.19491,0.00992,6.53493,0.8396,0.27709,0.57098,0.47602,3.07713,0.22029,0.18653,0.00256,2.56354,0.01239,0.22024,0.8396,0.22029,0.18653,1.21127,1.26443,1.21949,2.10594,2.56354,0.41639,1.49183
2026-03-27 11:00:00,7.71903,0.00385,0.0707,0.02647,0.0122,0.00366,0.00682,0.01118,0.08156,1.46548,2.65708,3.93975,0.00314,0.22011,1.21165,0.00039,0.00275,0.00321,0,0.00544,0.00001,1.22006,3.38193,0.52167,1.19548,0.00991,6.56446,0.83959,0.27622,0.56943,0.47606,3.07663,0.22027,0.18651,0.00256,2.56305,0.01236,0.22011,0.83959,0.22027,0.18651,1.21165,1.26486,1.22006,2.10567,2.56305,0.41645,1.49174
2026-03-27 12:00:00,7.72271,0.00384,0.07064,0.02641,0.01219,0.00367,0.00681,0.01117,0.08154,1.46009,2.65487,3.95245,0.00313,0.21998,1.21203,0.00039,0.00275,0.00321,0,0.00543,0.00001,1.22061,3.40308,0.52214,1.19606,0.00991,6.59399,0.83957,0.27536,0.56787,0.4761,3.07615,0.22025,0.18649,0.00256,2.56261,0.01233,0.21998,0.83957,0.22025,0.18649,1.21203,1.26529,1.22061,2.10544,2.56261,0.4165,1.47098
2026-03-27 13:00:00,7.63073,0.00384,0.07059,0.02636,0.01218,0.00367,0.00681,0.01116,0.08153,1.43845,2.64006,3.95623,0.00312,0.21985,1.2124,0.00039,0.00274,0.0032,0,0.00541,0.00001,1.22116,3.38158,0.52037,1.18937,0.0099,6.50606,0.83956,0.27173,0.56293,0.47593,3.06196,0.22024,0.18648,0.00256,2.56221,0.0123,0.21985,0.83956,0.22024,0.18648,1.2124,1.26573,1.22116,2.10525,2.56221,0.41635,1.44976
2026-03-27 14:00:00,7.53876,0.00384,0.07054,0.02631,0.01216,0.00367,0.0068,0.01115,0.08152,1.40913,2.61781,3.95336,0.00312,0.21972,1.21276,0.00039,0.00274,0.0032,0,0.0054,0.00001,1.2217,3.30679,0.5186,1.18267,0.0099,6.41814,0.83954,0.2681,0.55689,0.47556,3.04756,0.22022,0.18646,0.00256,2.56185,0.01227,0.21972,0.83954,0.22022,0.18646,1.21276,1.26614,1.2217,2.10508,2.56185,0.41599,1.44965
2026-03-27 15:00:00,7.44678,0.00384,0.07048,0.02626,0.01214,0.00366,0.0068,0.01115,0.08152,1.37999,2.58627,3.94384,0.00312,0.2196,1.21311,0.00039,0.00273,0.00319,0,0.00538,0.00001,1.22226,3.21865,0.51683,1.17598,0.00989,6.33021,0.83952,0.26448,0.55043,0.47483,3.0328,0.22019,0.18645,0.00256,2.56152,0.01225,0.2196,0.83952,0.22019,0.18645,1.21311,1.26656,1.22226,2.10495,2.56152,0.41526,1.44953
2026-03-27 16:00:00,7.3548,0.00384,0.07042,0.02619,0.01212,0.00366,0.0068,0.01114,0.0815,1.35879,2.55125,3.92297,0.00311,0.21946,1.21345,0.00038,0.00272,0.00318,0,0.00536,0.00001,1.22279,3.12717,0.51505,1.16929,0.00988,6.24228,0.83951,0.26085,0.54378,0.47298,3.01691,0.22018,0.18643,0.00256,2.56123,0.01222,0.21946,0.83951,0.22018,0.18643,1.21345,1.26698,1.22279,2.10485,2.56123,0.41341,1.4494
2026-03-27 17:00:00,7.26283,0.00383,0.07035,0.02609,0.01211,0.00365,0.0068,0.01113,0.08148,1.32215,2.51208,3.89443,0.0031,0.21934,1.21378,0.00038,0.00272,0.00317,0,0.00535,0.00001,1.22332,3.03486,0.51328,1.16259,0.00988,6.15436,0.83949,0.25722,0.53704,0.47058,3.00047,0.22016,0.18641,0.00256,2.56097,0.01219,0.21934,0.83949,0.22016,0.18641,1.21378,1.26739,1.22332,2.10478,2.56097,0.41101,1.44926
2026-03-27 18:00:00,7.17085,0.00383,0.0703,0.026,0.01209,0.00365,0.0068,0.01113,0.08146,1.30125,2.47584,3.85798,0.00309,0.21921,1.21411,0.00038,0.00271,0.00317,0,0.00533,0.00001,1.22386,2.94233,0.51151,1.1559,0.00987,6.06643,0.83947,0.25359,0.53031,0.46875,2.98458,0.22014,0.1864,0.00256,2.56075,0.01216,0.21921,0.83947,0.22014,0.1864,1.21411,1.26778,1.22386,2.10473,2.56075,0.40916,1.4491
2026-03-27 19:00:00,7.16354,0.00383,0.07024,0.02593,0.01207,0.00365,0.00678,0.01113,0.08143,1.2651,2.43709,3.82442,0.00309,0.21909,1.21442,0.00038,0.00271,0.00316,0,0.00532,0.00001,1.22439,2.87653,0.51004,1.15032,0.00986,6.02673,0.83944,0.2525,0.52635,0.46729,2.97286,0.22012,0.18638,0.00256,2.56056,0.01213,0.21909,0.83944,0.22012,0.18638,1.21442,1.26817,1.22439,2.1047,2.56056,0.4077,1.44892
2026-03-27 20:00:00,7.15624,0.00382,0.07018,0.02588,0.01205,0.00364,0.00678,0.01112,0.08141,1.24458,2.40257,3.78802,0.00308,0.21896,1.21473,0.00038,0.0027,0.00316,0,0.0053,0.00001,1.2249,2.84417,0.50857,1.14475,0.00986,5.98702,0.83942,0.2514,0.52355,0.46641,2.96173,0.2201,0.18636,0.00256,2.5604,0.01211,0.21896,0.83942,0.2201,0.18636,1.21473,1.26856,1.2249,2.1047,2.5604,0.40682,1.44872
2026-03-27 21:00:00,7.14894,0.00381,0.07012,0.02584,0.01203,0.00365,0.00677,0.01111,0.08138,1.22431,2.36795,3.75361,0.00306,0.21883,1.21503,0.00038,0.0027,0.00316,0,0.00529,0.00001,1.22542,2.82019,0.5071,1.13917,0.00985,5.94732,0.8394,0.25031,0.52111,0.46519,2.95025,0.22009,0.18635,0.00256,2.56026,0.01208,0.21883,0.8394,0.22009,0.18635,1.21503,1.26893,1.22542,2.10471,2.56026,0.4056,1.44849
2026-03-27 22:00:00,7.14163,0.00381,0.07006,0.02579,0.01201,0.00364,0.00677,0.01111,0.08136,1.20403,2.3367,3.71774,0.00305,0.2187,1.21532,0.00037,0.0027,0.00314,0,0.00528,0,1.22593,2.79829,0.50562,1.13359,0.00984,5.90761,0.83937,0.24922,0.51883,0.46315,2.93796,0.22006,0.18634,0.00256,2.56015,0.01205,0.2187,0.83937,0.22006,0.18634,1.21532,1.26931,1.22593,2.10475,2.56015,0.40357,1.44823
2026-03-27 23:00:00,7.13433,0.0038,0.07,0.02571,0.01199,0.00363,0.00677,0.0111,0.08133,1.19922,2.31245,3.68539,0.00305,0.21858,1.21559,0.00037,0.00269,0.00314,0,0.00526,0,1.22643,2.77691,0.50415,1.12802,0.00984,5.86791,0.83936,0.24812,0.51664,0.4608,2.92537,0.22004,0.18631,0.00256,2.56006,0.01203,0.21858,0.83936,0.22004,0.18631,1.21559,1.26967,1.22643,2.1048,2.56006,0.40123,1.44793
2026-03-28 00:00:00,7.12702,0.0038,0.06994,0.02565,0.01197,0.00362,0.00677,0.01109,0.08129,1.20966,2.29602,3.65335,0.00305,0.21845,1.21586,0.00037,0.00269,0.00313,0,0.00525,0,1.22693,2.75566,0.50268,1.12244,0.00983,5.8282,0.83932,0.24703,0.51447,0.45894,2.91326,0.22003,0.18631,0.00256,2.55999,0.012,0.21845,0.83932,0.22003,0.18631,1.21586,1.27002,1.22693,2.10487,2.55999,0.39938,1.44758
2026-03-28 01:00:00,7.20799,0.0038,0.06989,0.0256,0.01195,0.00363,0.00677,0.01108,0.08127,1.2434,2.3028,3.62499,0.00305,0.21833,1.21612,0.00037,0.00269,0.00313,0,0.00524,0,1.22741,2.77562,0.50369,1.12535,0.01029,5.90083,0.83931,0.24901,0.51661,0.45773,2.91827,0.22,0.1863,0.00256,2.55994,0.01198,0.21833,0.83931,0.22,0.1863,1.21612,1.27037,1.22741,2.10497,2.55994,0.39818,1.44716
2026-03-28 02:00:00,7.28897,0.00379,0.06983,0.02556,0.01195,0.00363,0.00677,0.01108,0.08124,1.27732,2.32483,3.60354,0.00304,0.2182,1.21637,0.00037,0.00268,0.00312,0,0.00522,0,1.22789,2.84706,0.50471,1.12825,0.01028,5.97345,0.83932,0.25098,0.52008,0.45724,2.92399,0.21998,0.18627,0.00256,2.55991,0.01195,0.2182,0.83932,0.21998,0.18627,1.21637,1.2707,1.22789,2.10507,2.55991,0.3977,1.44667
2026-03-28 03:00:00,7.36994,0.00379,0.06978,0.02552,0.01193,0.00362,0.00677,0.01106,0.08122,1.32679,2.3667,3.59127,0.00303,0.21808,1.21662,0.00037,0.00268,0.00311,0,0.00521,0,1.22837,2.93136,0.50572,1.13116,0.01028,6.04608,0.83936,0.25296,0.52401,0.4568,2.92976,0.21997,0.18626,0.00256,2.5599,0.01193,0.21808,0.83936,0.21997,0.18626,1.21662,1.27103,1.22837,2.10519,2.5599,0.39726,1.44606
2026-03-28 04:00:00,7.45091,0.00379,0.06973,0.02547,0.01191,0.00361,0.00677,0.01105,0.08119,1.36107,2.41721,3.60142,0.00303,0.21796,1.21685,0.00036,0.00267,0.0031,0,0.0052,0,1.22883,3.01887,0.50673,1.13407,0.01027,6.1187,0.8394,0.25493,0.52816,0.45662,2.93578,0.21994,0.18625,0.00256,2.55991,0.0119,0.21796,0.8394,0.21994,0.18625,1.21685,1.27134,1.22883,2.10531,2.55991,0.39709,1.4453
2026-03-28 05:00:00,7.53189,0.00379,0.06967,0.0254,0.0119,0.0036,0.00678,0.01105,0.08118,1.40326,2.47581,3.62761,0.00302,0.21784,1.21708,0.00036,0.00267,0.00309,0,0.00518,0,1.22928,3.10719,0.50775,1.13697,0.01026,6.19133,0.83943,0.25691,0.5324,0.45665,2.94203,0.21992,0.18624,0.00256,2.55993,0.01188,0.21784,0.83943,0.21992,0.18624,1.21708,1.27166,1.22928,2.10546,2.55993,0.39713,1.44432
2026-03-28 06:00:00,7.61286,0.00378,0.06962,0.02534,0.01189,0.00361,0.00678,0.01103,0.08116,1.42251,2.52863,3.67296,0.00302,0.21771,1.2173,0.00036,0.00266,0.00309,0,0.00517,0,1.22974,3.19571,0.50876,1.13988,0.01026,6.26395,0.83945,0.25888,0.53665,0.45664,2.94823,0.21991,0.18621,0.00256,2.55996,0.01185,0.21771,0.83945,0.21991,0.18621,1.2173,1.27196,1.22974,2.10561,2.55996,0.39713,1.44301
2026-03-28 07:00:00,7.61885,0.00378,0.06958,0.02529,0.01187,0.00361,0.00678,0.01102,0.08115,1.43352,2.56949,3.7222,0.00302,0.21759,1.21752,0.00036,0.00266,0.00308,0,0.00516,0,1.23017,3.25986,0.50928,1.14164,0.01026,6.29847,0.83945,0.25859,0.53808,0.45669,2.95251,0.21989,0.1862,0.00256,2.56001,0.01182,0.21759,0.83945,0.21989,0.1862,1.21752,1.27225,1.23017,2.10578,2.56001,0.39718,1.44119
2026-03-28 08:00:00,7.62484,0.00377,0.06953,0.02525,0.01185,0.00361,0.00678,0.01101,0.08113,1.44442,2.59828,3.77773,0.00302,0.21746,1.21772,0.00036,0.00265,0.00308,0,0.00514,0,1.2306,3.29351,0.5098,1.1434,0.01025,6.33299,0.83946,0.25831,0.53852,0.4567,2.95675,0.21986,0.18619,0.00256,2.56008,0.0118,0.21746,0.83946,0.21986,0.18619,1.21772,1.27254,1.2306,2.10596,2.56008,0.39719,1.43845
2026-03-28 09:00:00,7.63084,0.00377,0.06948,0.02521,0.01183,0.00361,0.00678,0.01101,0.08111,1.44769,2.61678,3.82602,0.003,0.21735,1.21792,0.00036,0.00265,0.00308,0,0.00513,0,1.23103,3.31952,0.51032,1.14516,0.01025,6.36751,0.83946,0.25802,0.53868,0.4567,2.96098,0.21985,0.18617,0.00256,2.56015,0.01178,0.21735,0.83946,0.21985,0.18617,1.21792,1.27282,1.23103,2.10615,2.56015,0.39719,1.43389
2026-03-28 10:00:00,7.63683,0.00376,0.06942,0.02516,0.01181,0.0036,0.00678,0.011,0.0811,1.44325,2.62773,3.8618,0.00299,0.21722,1.21811,0.00035,0.00264,0.00306,0,0.00512,0,1.23144,3.34363,0.51084,1.14692,0.01025,6.40203,0.83947,0.25773,0.53859,0.45661,2.96512,0.21983,0.18615,0.00256,2.56024,0.01175,0.21722,0.83947,0.21983,0.18615,1.21811,1.2731,1.23144,2.10635,2.56024,0.39711,1.42476
2026-03-28 11:00:00,7.64282,0.00376,0.06936,0.02509,0.01181,0.00361,0.00678,0.01099,0.08108,1.43866,2.63176,3.88549,0.00299,0.2171,1.21829,0.00035,0.00264,0.00306,0,0.0051,0,1.23184,3.36726,0.51136,1.14868,0.01024,6.43655,0.83945,0.25745,0.53851,0.45649,2.96923,0.21982,0.18614,0.00256,2.56035,0.01172,0.2171,0.83945,0.21982,0.18614,1.21829,1.27335,1.23184,2.10656,2.56035,0.39699,1.39737
2026-03-28 12:00:00,7.64881,0.00375,0.06931,0.02503,0.01179,0.0036,0.00678,0.01099,0.08106,1.43402,2.63083,3.89924,0.003,0.21697,1.21846,0.00035,0.00263,0.00306,0,0.00509,0,1.23225,3.39078,0.51188,1.15044,0.01024,6.47107,0.83945,0.25716,0.53843,0.4564,2.97336,0.2198,0.18613,0.00256,2.56046,0.0117,0.21697,0.83945,0.2198,0.18613,1.21846,1.2736,1.23225,2.10677,2.56046,0.39689,1.39419
2026-03-28 13:00:00,7.56305,0.00375,0.06925,0.02498,0.01177,0.0036,0.00678,0.01099,0.08103,1.4132,2.61646,3.9037,0.00299,0.21686,1.21863,0.00035,0.00263,0.00305,0,0.00508,0,1.23264,3.3714,0.50987,1.14492,0.01024,6.38581,0.83943,0.25473,0.53521,0.45614,2.97,0.21977,0.18611,0.00255,2.56058,0.01167,0.21686,0.83943,0.21977,0.18611,1.21863,1.27386,1.23264,2.107,2.56058,0.39663,1.39157
2026-03-28 14:00:00,7.47728,0.00375,0.0692,0.02494,0.01176,0.0036,0.00677,0.01098,0.08101,1.38482,2.59468,3.90162,0.00298,0.21673,1.21879,0.00035,0.00262,0.00305,0,0.00506,0,1.23301,3.29847,0.50787,1.1394,0.01023,6.30056,0.83943,0.25231,0.53112,0.45573,2.96649,0.21976,0.1861,0.00255,2.56071,0.01165,0.21673,0.83943,0.21976,0.1861,1.21879,1.27409,1.23301,2.10722,2.56071,0.39622,1.39147
2026-03-28 15:00:00,7.39152,0.00375,0.06914,0.02489,0.01175,0.0036,0.00677,0.01097,0.08099,1.35648,2.56393,3.89282,0.00297,0.21661,1.21894,0.00035,0.00262,0.00304,0,0.00505,0,1.2334,3.21211,0.50586,1.13389,0.01023,6.2153,0.8394,0.24988,0.52672,0.45495,2.96261,0.21974,0.18608,0.00255,2.56085,0.01162,0.21661,0.8394,0.21974,0.18608,1.21894,1.27433,1.2334,2.10746,2.56085,0.39544,1.39135
2026-03-28 16:00:00,7.30575,0.00374,0.06908,0.02482,0.01173,0.00359,0.00677,0.01097,0.08097,1.33619,2.52943,3.87195,0.00297,0.21649,1.21908,0.00034,0.00261,0.00303,0,0.00503,0,1.23376,3.12241,0.50385,1.12837,0.01022,6.13004,0.8394,0.24745,0.52213,0.45305,2.95761,0.21971,0.18606,0.00255,2.56099,0.01159,0.21649,0.8394,0.21971,0.18606,1.21908,1.27454,1.23376,2.10768,2.56099,0.39354,1.39123
2026-03-28 17:00:00,7.21998,0.00374,0.06902,0.02472,0.01172,0.00358,0.00676,0.01097,0.08095,1.3007,2.49066,3.84351,0.00296,0.21637,1.2192,0.00034,0.00261,0.00302,0,0.00502,0,1.23411,3.03186,0.50185,1.12285,0.01022,6.04479,0.83938,0.24503,0.51747,0.45059,2.95205,0.2197,0.18605,0.00255,2.56114,0.01157,0.21637,0.83938,0.2197,0.18605,1.2192,1.27476,1.23411,2.10793,2.56114,0.39108,1.39109
2026-03-28 18:00:00,7.13422,0.00374,0.06896,0.02463,0.0117,0.00358,0.00676,0.01096,0.08092,1.28069,2.455,3.80731,0.00294,0.21624,1.21933,0.00034,0.0026,0.00302,0,0.005,0,1.23447,2.94111,0.49984,1.11733,0.01021,5.95953,0.83937,0.2426,0.51286,0.4487,2.94706,0.21968,0.18603,0.00255,2.56129,0.01154,0.21624,0.83937,0.21968,0.18603,1.21933,1.27497,1.23447,2.10816,2.56129,0.38919,1.39093
2026-03-28 19:00:00,7.11946,0.00373,0.06891,0.02457,0.01168,0.00358,0.00675,0.01095,0.08089,1.24443,2.41542,3.77221,0.00293,0.21612,1.21946,0.00034,0.0026,0.00301,0,0.00499,0,1.23481,2.8756,0.498,1.11124,0.01021,5.9174,0.83935,0.24161,0.50994,0.44719,2.9358,0.21965,0.18602,0.00255,2.56147,0.01152,0.21612,0.83935,0.21965,0.18602,1.21946,1.27516,1.23481,2.1084,2.56147,0.38769,1.39076
2026-03-28 20:00:00,7.1047,0.00373,0.06885,0.02452,0.01168,0.00359,0.00675,0.01094,0.08086,1.22343,2.37979,3.73417,0.00293,0.216,1.21957,0.00034,0.00259,0.00301,0,0.00497,0,1.23514,2.84172,0.49617,1.10515,0.0102,5.87526,0.83933,0.24062,0.50766,0.44625,2.92512,0.21964,0.18599,0.00255,2.56163,0.01149,0.216,0.83933,0.21964,0.18599,1.21957,1.27535,1.23514,2.10864,2.56163,0.38676,1.39056
2026-03-28 21:00:00,7.08994,0.00372,0.0688,0.02448,0.01166,0.00358,0.00674,0.01093,0.08084,1.20271,2.34349,3.69808,0.00293,0.21588,1.21968,0.00034,0.00259,0.003,0,0.00496,0,1.23547,2.81575,0.49433,1.09906,0.0102,5.83313,0.8393,0.23963,0.5056,0.44494,2.91406,0.21962,0.18598,0.00255,2.56179,0.01146,0.21588,0.8393,0.21962,0.18598,1.21968,1.27552,1.23547,2.10888,2.56179,0.38546,1.39034
2026-03-28 22:00:00,7.07518,0.00372,0.06875,0.02443,0.01164,0.00357,0.00674,0.01091,0.08082,1.18213,2.31027,3.65929,0.00293,0.21575,1.21978,0.00033,0.00258,0.00299,0,0.00494,0,1.23579,2.79175,0.49249,1.09297,0.01019,5.79099,0.83929,0.23863,0.50365,0.44273,2.90209,0.2196,0.18597,0.00255,2.56196,0.01144,0.21575,0.83929,0.2196,0.18597,1.21978,1.2757,1.23579,2.10911,2.56196,0.38326,1.39009
2026-03-28 23:00:00,7.06042,0.00371,0.0687,0.02435,0.01162,0.00356,0.00675,0.0109,0.08081,1.17659,2.28387,3.62374,0.00292,0.21564,1.21987,0.00033,0.00258,0.00298,0,0.00492,0,1.23609,2.76825,0.49066,1.08688,0.01018,5.74886,0.83927,0.23764,0.50174,0.44015,2.88977,0.21958,0.18594,0.00255,2.56213,0.01142,0.21564,0.83927,0.21958,0.18594,1.21987,1.27587,1.23609,2.10936,2.56213,0.38069,1.3898
2026-03-29 00:00:00,7.04566,0.0037,0.06865,0.02429,0.01161,0.00357,0.00674,0.0109,0.08079,1.18573,2.26497,3.58796,0.00291,0.21551,1.21996,0.00033,0.00257,0.00298,0,0.00491,0,1.2364,2.74486,0.48882,1.08079,0.01018,5.70672,0.83926,0.23665,0.49979,0.43812,2.87799,0.21956,0.18593,0.00255,2.5623,0.01139,0.21551,0.83926,0.21956,0.18593,1.21996,1.27602,1.2364,2.1096,2.5623,0.37867,1.38946
2026-03-29 01:00:00,7.05601,0.0037,0.0686,0.02424,0.01159,0.00357,0.00673,0.01089,0.08077,1.21575,2.26617,3.55442,0.0029,0.2154,1.22004,0.00033,0.00257,0.00297,0,0.0049,0,1.23669,2.73402,0.48841,1.08102,0.01062,5.70743,0.83922,0.23756,0.50066,0.43673,2.87843,0.21955,0.18592,0.00255,2.56247,0.01137,0.2154,0.83922,0.21955,0.18592,1.22004,1.27618,1.23669,2.10985,2.56247,0.37729,1.38906
2026-03-29 02:00:00,7.06637,0.00369,0.06856,0.02419,0.01158,0.00356,0.00673,0.01088,0.08076,1.24551,2.28147,3.52758,0.0029,0.21527,1.22012,0.00033,0.00256,0.00297,0,0.00488,0,1.23697,2.73883,0.488,1.08124,0.01062,5.70813,0.83924,0.23848,0.50225,0.43607,2.87962,0.21953,0.1859,0.00255,2.56264,0.01134,0.21527,0.83924,0.21953,0.1859,1.22012,1.27632,1.23697,2.11008,2.56264,0.37664,1.38857
2026-03-29 03:00:00,7.07673,0.00368,0.0685,0.02416,0.01156,0.00356,0.00674,0.01088,0.08074,1.29014,2.31497,3.5092,0.00289,0.21515,1.22019,0.00033,0.00256,0.00296,0,0.00487,0,1.23724,2.74754,0.4876,1.08147,0.01062,5.70884,0.83929,0.23939,0.5042,0.43534,2.88071,0.2195,0.18589,0.00255,2.56283,0.01132,0.21515,0.83929,0.2195,0.18589,1.22019,1.27646,1.23724,2.11033,2.56283,0.37592,1.38798
2026-03-29 04:00:00,7.08708,0.00368,0.06845,0.02411,0.01156,0.00355,0.00674,0.01087,0.08073,1.31995,2.35602,3.51028,0.0029,0.21503,1.22025,0.00032,0.00256,0.00295,0,0.00486,0,1.23752,2.75725,0.48719,1.0817,0.01061,5.70954,0.83933,0.2403,0.50627,0.43454,2.88173,0.21949,0.18588,0.00255,2.563,0.0113,0.21503,0.83933,0.21949,0.18588,1.22025,1.27659,1.23752,2.11055,2.563,0.37512,1.38725
2026-03-29 05:00:00,7.09744,0.00367,0.06839,0.02403,0.01154,0.00355,0.00675,0.01086,0.0807,1.35713,2.40445,3.52603,0.00289,0.21491,1.22031,0.00032,0.00255,0.00294,0,0.00484,0,1.23778,2.76718,0.48678,1.08192,0.01061,5.71025,0.83936,0.24122,0.50835,0.43379,2.88283,0.21947,0.18587,0.00255,2.56317,0.01127,0.21491,0.83936,0.21947,0.18587,1.22031,1.27672,1.23778,2.11079,2.56317,0.37438,1.3863
2026-03-29 06:00:00,7.10779,0.00367,0.06833,0.02397,0.01153,0.00355,0.00675,0.01085,0.08068,1.37214,2.44737,3.55935,0.00288,0.21479,1.22036,0.00032,0.00255,0.00294,0,0.00483,0,1.23803,2.77718,0.48637,1.08215,0.01061,5.71095,0.83937,0.24213,0.51051,0.43317,2.88404,0.21945,0.18584,0.00255,2.56334,0.01125,0.21479,0.83937,0.21945,0.18584,1.22036,1.27683,1.23803,2.11103,2.56334,0.37377,1.38504
2026-03-29 07:00:00,7.07803,0.00366,0.06828,0.02392,0.01152,0.00354,0.00675,0.01086,0.08065,1.37924,2.48074,3.59573,0.00287,0.21467,1.2204,0.00032,0.00254,0.00293,0,0.00482,0,1.23829,2.81399,0.48659,1.08162,0.0106,5.77808,0.83938,0.24102,0.51003,0.43275,2.8826,0.21944,0.18583,0.00255,2.56351,0.01123,0.21467,0.83938,0.21944,0.18583,1.2204,1.27694,1.23829,2.11126,2.56351,0.37335,1.38327
2026-03-29 08:00:00,7.04826,0.00366,0.06823,0.02388,0.0115,0.00354,0.00674,0.01085,0.08062,1.38633,2.50278,3.63805,0.00286,0.21454,1.22044,0.00032,0.00254,0.00293,0,0.00481,0,1.23853,2.8843,0.4868,1.08108,0.0106,5.84521,0.8394,0.23992,0.50869,0.43246,2.88132,0.21942,0.18582,0.00255,2.56368,0.0112,0.21454,0.8394,0.21942,0.18582,1.22044,1.27705,1.23853,2.1115,2.56368,0.37307,1.38062
2026-03-29 09:00:00,7.0185,0.00366,0.06817,0.02385,0.0115,0.00354,0.00675,0.01084,0.0806,1.3862,2.51471,3.67399,0.00287,0.21443,1.22048,0.00032,0.00253,0.00292,0,0.0048,0,1.23876,2.96299,0.48702,1.08055,0.0106,5.91234,0.83939,0.23881,0.50707,0.43208,2.87994,0.21939,0.18581,0.00255,2.56385,0.01118,0.21443,0.83939,0.21939,0.18581,1.22048,1.27714,1.23876,2.11173,2.56385,0.37269,1.3762
2026-03-29 10:00:00,6.98873,0.00366,0.06811,0.0238,0.01149,0.00353,0.00676,0.01083,0.08057,1.37859,2.51952,3.69975,0.00287,0.2143,1.22051,0.00031,0.00253,0.00291,0,0.00478,0,1.239,3.04377,0.48724,1.08002,0.01059,5.97947,0.8394,0.2377,0.50525,0.43137,2.87821,0.21938,0.18578,0.00255,2.56403,0.01116,0.2143,0.8394,0.21938,0.18578,1.22051,1.27724,1.239,2.11197,2.56403,0.37198,1.36736
2026-03-29 11:00:00,6.95897,0.00365,0.06805,0.02372,0.01147,0.00353,0.00676,0.01083,0.08055,1.37109,2.5181,3.7141,0.00286,0.21419,1.22052,0.00031,0.00253,0.0029,0,0.00477,0,1.23921,3.12507,0.48745,1.07948,0.01059,6.0466,0.83938,0.2366,0.50343,0.4305,2.87635,0.21936,0.18577,0.00255,2.5642,0.01113,0.21419,0.83938,0.21936,0.18577,1.22052,1.27732,1.23921,2.1122,2.5642,0.37112,1.34085
2026-03-29 12:00:00,6.9292,0.00365,0.06799,0.02366,0.01146,0.00352,0.00677,0.01082,0.08052,1.36361,2.51174,3.71871,0.00285,0.21406,1.22054,0.00031,0.00252,0.0029,0,0.00476,0,1.23942,3.20654,0.48767,1.07895,0.01059,6.11373,0.83938,0.23549,0.50161,0.42982,2.87465,0.21935,0.18576,0.00255,2.56437,0.01111,0.21406,0.83938,0.21935,0.18576,1.22054,1.27739,1.23942,2.11243,2.56437,0.37044,1.30913
2026-03-29 13:00:00,6.89476,0.00364,0.06793,0.02362,0.01145,0.00352,0.00677,0.01082,0.08049,1.34215,2.49542,3.71583,0.00285,0.21394,1.22056,0.00031,0.00252,0.00289,0,0.00474,0,1.23964,3.22637,0.48604,1.07246,0.01058,6.0415,0.83937,0.23274,0.4972,0.42917,2.86136,0.21932,0.18573,0.00255,2.56454,0.01109,0.21394,0.83937,0.21932,0.18573,1.22056,1.27747,1.23964,2.11265,2.56454,0.36979,1.30391
2026-03-29 14:00:00,6.86031,0.00364,0.06788,0.02358,0.01144,0.00353,0.00677,0.01082,0.08047,1.31369,2.47289,3.70695,0.00284,0.21382,1.22056,0.0003,0.00251,0.00289,0,0.00473,0,1.23984,3.16913,0.48442,1.06597,0.01058,5.96928,0.83936,0.23,0.49209,0.42857,2.84811,0.2193,0.18572,0.00255,2.5647,0.01106,0.21382,0.83936,0.2193,0.18572,1.22056,1.27753,1.23984,2.11288,2.5647,0.36919,1.30374
2026-03-29 15:00:00,6.82587,0.00363,0.06783,0.02354,0.01142,0.00353,0.00676,0.01081,0.08045,1.28557,2.44274,3.69232,0.00284,0.2137,1.22057,0.0003,0.00251,0.00289,0,0.00472,0,1.24003,3.09262,0.48279,1.05949,0.01058,5.89705,0.83935,0.22725,0.4867,0.42758,2.83448,0.21929,0.18572,0.00255,2.56487,0.01104,0.2137,0.83935,0.21929,0.18572,1.22057,1.27759,1.24003,2.11309,2.56487,0.3682,1.30355
2026-03-29 16:00:00,6.79143,0.00363,0.06778,0.02349,0.0114,0.00352,0.00677,0.0108,0.08044,1.26476,2.40911,3.66847,0.00283,0.21357,1.22057,0.0003,0.0025,0.00287,0,0.0047,0,1.24022,3.01131,0.48116,1.053,0.01057,5.82482,0.83932,0.2245,0.48117,0.42544,2.8197,0.21926,0.1857,0.00255,2.56503,0.01102,0.21357,0.83932,0.21926,0.1857,1.22057,1.27764,1.24022,2.11331,2.56503,0.36606,1.30334
2026-03-29 17:00:00,6.75698,0.00362,0.06772,0.02342,0.01138,0.00352,0.00677,0.01079,0.08042,1.23,2.37101,3.63831,0.00282,0.21346,1.22056,0.00029,0.00249,0.00287,0,0.00468,0,1.2404,2.92878,0.47954,1.04651,0.01056,5.7526,0.83932,0.22176,0.47561,0.42275,2.80438,0.21924,0.18568,0.00255,2.56519,0.01099,0.21346,0.83932,0.21924,0.18568,1.22056,1.27769,1.2404,2.11351,2.56519,0.36339,1.3031
2026-03-29 18:00:00,6.72254,0.00361,0.06768,0.02336,0.01137,0.00352,0.00677,0.01079,0.08041,1.20955,2.33608,3.60135,0.00281,0.21333,1.22055,0.00029,0.00249,0.00286,0,0.00467,0,1.24057,2.84595,0.47791,1.04002,0.01056,5.68037,0.8393,0.21901,0.47005,0.42066,2.78966,0.21923,0.18567,0.00255,2.56535,0.01097,0.21333,0.8393,0.21923,0.18567,1.22055,1.27773,1.24057,2.11372,2.56535,0.36131,1.30285
2026-03-29 19:00:00,6.72121,0.00361,0.06763,0.02331,0.01136,0.00352,0.00677,0.01079,0.0804,1.17556,2.30109,3.56352,0.0028,0.21322,1.22053,0.00029,0.00249,0.00286,0,0.00466,0,1.24075,2.78547,0.47551,1.03293,0.01055,5.63692,0.83928,0.21791,0.46374,0.41905,2.77515,0.2192,0.18565,0.00255,2.5655,0.01094,0.21322,0.83928,0.2192,0.18565,1.22053,1.27776,1.24075,2.11392,2.5655,0.35971,1.30256
2026-03-29 20:00:00,6.71988,0.0036,0.06759,0.02327,0.01134,0.00352,0.00676,0.01078,0.0804,1.15573,2.27001,3.52231,0.00279,0.21309,1.22051,0.00029,0.00248,0.00285,0,0.00464,0,1.24091,2.753,0.47311,1.02584,0.01055,5.59347,0.83926,0.2168,0.45815,0.41808,2.76128,0.21918,0.18564,0.00255,2.56565,0.01092,0.21309,0.83926,0.21918,0.18564,1.22051,1.2778,1.24091,2.11411,2.56565,0.35875,1.30223
2026-03-29 21:00:00,6.71856,0.00359,0.06753,0.02324,0.01132,0.00352,0.00676,0.01077,0.08038,1.13605,2.23886,3.4838,0.00279,0.21298,1.22049,0.00029,0.00248,0.00285,0,0.00463,0,1.24106,2.72752,0.47071,1.01876,0.01055,5.55002,0.83924,0.2157,0.45283,0.41676,2.74705,0.21917,0.18562,0.00255,2.56579,0.0109,0.21298,0.83924,0.21917,0.18562,1.22049,1.27782,1.24106,2.1143,2.56579,0.35743,1.30186
2026-03-29 22:00:00,6.71723,0.00359,0.06748,0.02319,0.01132,0.0035,0.00675,0.01078,0.08038,1.1165,2.21036,3.44561,0.00278,0.21285,1.22046,0.00029,0.00248,0.00284,0,0.00462,0,1.24122,2.70379,0.4683,1.01167,0.01054,5.50657,0.83922,0.2146,0.4476,0.41456,2.73195,0.21914,0.1856,0.00255,2.56593,0.01087,0.21285,0.83922,0.21914,0.1856,1.22046,1.27784,1.24122,2.11449,2.56593,0.35525,1.30144
2026-03-29 23:00:00,6.7159,0.00358,0.06742,0.02312,0.0113,0.00351,0.00675,0.01077,0.08036,1.11088,2.1886,3.41088,0.00277,0.21274,1.22043,0.00029,0.00247,0.00283,0,0.0046,0,1.24136,2.6805,0.4659,1.00458,0.01054,5.46312,0.83921,0.21349,0.44244,0.41203,2.71652,0.21912,0.18559,0.00255,2.56607,0.01084,0.21274,0.83921,0.21912,0.18559,1.22043,1.27785,1.24136,2.11466,2.56607,0.35273,1.30096
2026-03-30 00:00:00,6.71457,0.00358,0.06736,0.02306,0.01129,0.0035,0.00675,0.01076,0.08033,1.11887,2.17378,3.37627,0.00277,0.21261,1.22039,0.00029,0.00247,0.00283,0,0.00459,0,1.2415,2.65733,0.4635,0.99749,0.01053,5.41967,0.83918,0.21239,0.43725,0.41004,2.70163,0.21911,0.18558,0.00255,2.5662,0.01082,0.21261,0.83918,0.21911,0.18558,1.22039,1.27786,1.2415,2.11483,2.5662,0.35075,1.30039
2026-03-30 01:00:00,6.7369,0.00357,0.06731,0.02301,0.01127,0.0035,0.00675,0.01076,0.08032,1.14752,2.18148,3.3484,0.00278,0.2125,1.22035,0.00029,0.00246,0.00282,0,0.00458,0,1.24164,2.64727,0.46323,0.99823,0.01099,5.4195,0.83917,0.21346,0.44165,0.4087,2.70141,0.21909,0.18556,0.00255,2.56632,0.0108,0.2125,0.83917,0.21909,0.18556,1.22035,1.27787,1.24164,2.115,2.56632,0.34942,1.29973
2026-03-30 02:00:00,6.75923,0.00357,0.06726,0.02297,0.01125,0.0035,0.00675,0.01076,0.08029,1.1761,2.20229,3.32711,0.00277,0.21237,1.22031,0.00029,0.00246,0.00281,0,0.00457,0,1.24176,2.65359,0.46296,0.99898,0.01099,5.41933,0.83918,0.21453,0.44695,0.40809,2.70191,0.21907,0.18555,0.00255,2.56645,0.01078,0.21237,0.83918,0.21907,0.18555,1.22031,1.27787,1.24176,2.11516,2.56645,0.34882,1.29892
2026-03-30 03:00:00,6.78156,0.00357,0.06721,0.02294,0.01124,0.00349,0.00676,0.01075,0.08028,1.21827,2.24126,3.31357,0.00275,0.21226,1.22026,0.00029,0.00245,0.0028,0,0.00456,0,1.24188,2.66401,0.46269,0.99972,0.01098,5.41916,0.83923,0.2156,0.45263,0.40744,2.70238,0.21905,0.18554,0.00255,2.56656,0.01076,0.21226,0.83923,0.21905,0.18554,1.22026,1.27787,1.24188,2.11532,2.56656,0.34818,1.29794
2026-03-30 04:00:00,6.80388,0.00357,0.06716,0.02289,0.01122,0.00349,0.00676,0.01074,0.08026,1.24688,2.28777,3.32198,0.00274,0.21213,1.22021,0.00028,0.00245,0.0028,0,0.00454,0,1.24201,2.67545,0.46243,1.00046,0.01098,5.41899,0.83927,0.21667,0.4584,0.40683,2.70288,0.21903,0.18551,0.00254,2.56667,0.01073,0.21213,0.83927,0.21903,0.18551,1.22021,1.27786,1.24201,2.11547,2.56667,0.34758,1.29672
2026-03-30 05:00:00,6.82621,0.00356,0.06711,0.02281,0.0112,0.00348,0.00676,0.01074,0.08024,1.28239,2.34234,3.34407,0.00275,0.21202,1.22015,0.00028,0.00244,0.00278,0,0.00453,0,1.24212,2.68714,0.46216,1.00121,0.01098,5.41882,0.8393,0.21774,0.46431,0.40633,2.70348,0.21902,0.1855,0.00254,2.56678,0.01071,0.21202,0.8393,0.21902,0.1855,1.22015,1.27785,1.24212,2.11561,2.56678,0.34708,1.29514
2026-03-30 06:00:00,6.84854,0.00356,0.06706,0.02275,0.01119,0.00348,0.00676,0.01073,0.08022,1.29744,2.39184,3.38407,0.00275,0.21189,1.22009,0.00028,0.00244,0.00278,0,0.00452,0,1.24223,2.6989,0.46189,1.00195,0.01097,5.41865,0.83932,0.21881,0.47017,0.40589,2.70416,0.219,0.18549,0.00254,2.56688,0.01069,0.21189,0.83932,0.219,0.18549,1.22009,1.27782,1.24223,2.11576,2.56688,0.34665,1.29304
2026-03-30 07:00:00,6.83077,0.00356,0.06702,0.02271,0.01118,0.00348,0.00676,0.01072,0.0802,1.30516,2.4285,3.42993,0.00274,0.21177,1.22003,0.00028,0.00244,0.00278,0,0.00451,0,1.24234,2.70795,0.4625,1.00248,0.01097,5.42346,0.83933,0.21804,0.47012,0.40561,2.70699,0.21898,0.18547,0.00254,2.56697,0.01067,0.21177,0.83933,0.21898,0.18547,1.22003,1.27779,1.24234,2.1159,2.56697,0.34638,1.2901
2026-03-30 08:00:00,6.813,0.00356,0.06697,0.02266,0.01116,0.00348,0.00676,0.01072,0.08019,1.31289,2.45562,3.48272,0.00273,0.21165,1.21996,0.00028,0.00243,0.00277,0,0.00449,0,1.24244,2.71357,0.46311,1.00302,0.01097,5.42828,0.83934,0.21727,0.4693,0.40544,2.70991,0.21897,0.18545,0.00254,2.56707,0.01065,0.21165,0.83934,0.21897,0.18545,1.21996,1.27777,1.24244,2.11604,2.56707,0.34621,1.28569
2026-03-30 09:00:00,6.79524,0.00356,0.06692,0.02261,0.01115,0.00348,0.00677,0.01072,0.08017,1.31377,2.47269,3.52915,0.00273,0.21153,1.21989,0.00028,0.00243,0.00277,0,0.00448,0,1.24253,2.71834,0.46373,1.00355,0.01097,5.4331,0.83935,0.2165,0.46818,0.4052,2.71277,0.21894,0.18544,0.00254,2.56716,0.01063,0.21153,0.83935,0.21894,0.18544,1.21989,1.27773,1.24253,2.11617,2.56716,0.34597,1.27834
2026-03-30 10:00:00,6.77747,0.00356,0.06686,0.02255,0.01113,0.00347,0.00677,0.01071,0.08016,1.3079,2.48248,3.56269,0.00272,0.21141,1.21982,0.00027,0.00243,0.00277,0,0.00447,0,1.24262,2.7229,0.46434,1.00408,0.01096,5.43791,0.83934,0.21572,0.4669,0.40475,2.7154,0.21892,0.18543,0.00254,2.56725,0.0106,0.21141,0.83934,0.21892,0.18543,1.21982,1.2777,1.24262,2.11631,2.56725,0.34552,1.26363
2026-03-30 11:00:00,6.7597,0.00356,0.06681,0.02244,0.01112,0.00346,0.00678,0.0107,0.08014,1.30203,2.4866,3.58632,0.00272,0.21129,1.21974,0.00027,0.00242,0.00276,0,0.00445,0,1.2427,2.72743,0.46495,1.00462,0.01096,5.44273,0.83935,0.21495,0.46553,0.40422,2.71796,0.21891,0.18541,0.00254,2.56733,0.01058,0.21129,0.83935,0.21891,0.18541,1.21974,1.27766,1.2427,2.11644,2.56733,0.34498,1.21951
2026-03-30 12:00:00,6.74193,0.00356,0.06675,0.02236,0.01112,0.00346,0.00678,0.0107,0.08014,1.29614,2.48598,3.60015,0.00271,0.21117,1.21967,0.00027,0.00242,0.00276,0,0.00444,0,1.24278,2.7319,0.46556,1.00515,0.01096,5.44754,0.83933,0.21418,0.46421,0.40379,2.72062,0.21889,0.1854,0.00254,2.56741,0.01056,0.21117,0.83933,0.21889,0.1854,1.21967,1.27761,1.24278,2.11655,2.56741,0.34455,1.20379
2026-03-30 13:00:00,6.70877,0.00355,0.0667,0.02229,0.0111,0.00347,0.00676,0.01069,0.08012,1.2763,2.46974,3.60388,0.00272,0.21105,1.21959,0.00027,0.00242,0.00275,0,0.00442,0,1.24285,2.72864,0.46385,0.99905,0.01095,5.42139,0.83933,0.21166,0.45747,0.40331,2.7084,0.21888,0.18539,0.00254,2.56749,0.01054,0.21105,0.83933,0.21888,0.18539,1.21959,1.27757,1.24285,2.11667,2.56749,0.34408,1.19844
2026-03-30 14:00:00,6.6756,0.00354,0.06665,0.02224,0.01109,0.00346,0.00676,0.01068,0.0801,1.25003,2.44769,3.60206,0.00272,0.21092,1.2195,0.00027,0.00241,0.00275,0,0.00441,0,1.24293,2.71581,0.46215,0.99296,0.01095,5.39524,0.83931,0.20913,0.44995,0.4028,2.69614,0.21886,0.18536,0.00254,2.56755,0.01052,0.21092,0.83931,0.21886,0.18536,1.2195,1.27752,1.24293,2.11679,2.56755,0.34358,1.19825
2026-03-30 15:00:00,6.64244,0.00354,0.0666,0.0222,0.01108,0.00346,0.00676,0.01067,0.08007,1.22396,2.41857,3.59375,0.00271,0.21081,1.21941,0.00027,0.00241,0.00274,0,0.00439,0,1.24299,2.70054,0.46044,0.98687,0.01095,5.3691,0.83931,0.20661,0.4421,0.40194,2.68353,0.21883,0.18535,0.00254,2.56762,0.0105,0.21081,0.83931,0.21883,0.18535,1.21941,1.27746,1.24299,2.1169,2.56762,0.34272,1.19803
2026-03-30 16:00:00,6.60928,0.00353,0.06655,0.02215,0.01107,0.00345,0.00676,0.01066,0.08005,1.20482,2.38601,3.57152,0.00269,0.21068,1.21932,0.00026,0.0024,0.00273,0,0.00438,0,1.24305,2.68467,0.45874,0.98077,0.01095,5.34295,0.83929,0.20409,0.43422,0.40001,2.66984,0.21882,0.18534,0.00254,2.56768,0.01047,0.21068,0.83929,0.21882,0.18534,1.21932,1.2774,1.24305,2.117,2.56768,0.34078,1.19779
2026-03-30 17:00:00,6.57611,0.00353,0.0665,0.02207,0.01106,0.00345,0.00676,0.01065,0.08004,1.17298,2.3483,3.54343,0.00268,0.21057,1.21923,0.00026,0.00239,0.00272,0,0.00437,0,1.24312,2.66864,0.45704,0.97468,0.01094,5.3168,0.83927,0.20156,0.42624,0.39754,2.65562,0.2188,0.18532,0.00254,2.56775,0.01045,0.21057,0.83927,0.2188,0.18532,1.21923,1.27734,1.24312,2.11709,2.56775,0.33832,1.19752
2026-03-30 18:00:00,6.54295,0.00352,0.06645,0.02201,0.01105,0.00346,0.00675,0.01064,0.08003,1.15476,2.31436,3.50894,0.00268,0.21044,1.21914,0.00026,0.00239,0.00272,0,0.00435,0,1.24317,2.65259,0.45533,0.96858,0.01094,5.29065,0.83926,0.19904,0.41821,0.39563,2.64197,0.21878,0.1853,0.00254,2.5678,0.01043,0.21044,0.83926,0.21878,0.1853,1.21914,1.27727,1.24317,2.11719,2.5678,0.33642,1.19722
2026-03-30 19:00:00,6.52598,0.00352,0.06641,0.02196,0.01103,0.00346,0.00675,0.01063,0.08003,1.12183,2.27512,3.47085,0.00266,0.21033,1.21904,0.00026,0.00239,0.00272,0,0.00434,0,1.24322,2.63608,0.45231,0.96064,0.01094,5.2597,0.83925,0.19726,0.41426,0.3941,2.63153,0.21876,0.18529,0.00254,2.56785,0.01041,0.21033,0.83925,0.21876,0.18529,1.21904,1.2772,1.24322,2.11728,2.56785,0.3349,1.19689
2026-03-30 20:00:00,6.50902,0.00351,0.06636,0.02193,0.01102,0.00346,0.00673,0.01063,0.08002,1.10231,2.23987,3.4288,0.00265,0.2102,1.21894,0.00026,0.00238,0.00271,0,0.00433,0,1.24328,2.61902,0.44928,0.9527,0.01093,5.22874,0.83923,0.19547,0.4107,0.39311,2.62161,0.21874,0.18528,0.00254,2.5679,0.01039,0.2102,0.83923,0.21874,0.18528,1.21894,1.27713,1.24328,2.11735,2.5679,0.33391,1.19652
2026-03-30 21:00:00,6.49205,0.0035,0.06631,0.0219,0.011,0.00345,0.00673,0.01062,0.08001,1.08308,2.20398,3.38947,0.00265,0.21008,1.21884,0.00026,0.00238,0.00271,0,0.00432,0,1.24332,2.60184,0.44626,0.94476,0.01093,5.19779,0.83922,0.19369,0.40722,0.39169,2.61131,0.21871,0.18526,0.00254,2.56794,0.01037,0.21008,0.83922,0.21871,0.18526,1.21884,1.27705,1.24332,2.11743,2.56794,0.33251,1.1961
2026-03-30 22:00:00,6.47508,0.00349,0.06625,0.02187,0.01098,0.00345,0.00673,0.01061,0.07999,1.06423,2.16995,3.34586,0.00265,0.20996,1.21873,0.00025,0.00237,0.0027,0,0.0043,0,1.24336,2.58461,0.44323,0.93682,0.01092,5.16683,0.83919,0.19191,0.40373,0.3892,2.59991,0.21869,0.18525,0.00254,2.56797,0.01034,0.20996,0.83919,0.21869,0.18525,1.21873,1.27698,1.24336,2.1175,2.56797,0.33003,1.19562
2026-03-30 23:00:00,6.45812,0.00349,0.0662,0.02182,0.01097,0.00344,0.00673,0.01061,0.07996,1.05764,2.14258,3.30574,0.00265,0.20984,1.21862,0.00025,0.00237,0.00269,0,0.00429,0,1.2434,2.56738,0.44021,0.92888,0.01092,5.13588,0.83917,0.19012,0.40027,0.38626,2.58805,0.21867,0.18523,0.00254,2.568,0.01032,0.20984,0.83917,0.21867,0.18523,1.21862,1.27689,1.2434,2.11756,2.568,0.3271,1.19506
2026-03-31 00:00:00,6.44115,0.00348,0.06614,0.02179,0.01095,0.00344,0.00673,0.0106,0.07994,1.06259,2.12161,3.26517,0.00264,0.20972,1.2185,0.00025,0.00236,0.00269,0,0.00428,0,1.24343,2.55015,0.43718,0.92094,0.01091,5.10492,0.83915,0.18834,0.39685,0.38396,2.57684,0.21865,0.18522,0.00254,2.56802,0.0103,0.20972,0.83915,0.21865,0.18522,1.2185,1.2768,1.24343,2.11763,2.56802,0.32481,1.19441
2026-03-31 01:00:00,6.43496,0.00348,0.06609,0.02176,0.01094,0.00344,0.00673,0.01059,0.07991,1.08243,2.11642,3.22836,0.00263,0.2096,1.21839,0.00025,0.00236,0.00269,0,0.00427,0,1.24346,2.53943,0.43522,0.91685,0.01137,5.08783,0.83913,0.18797,0.39509,0.38228,2.56912,0.21864,0.1852,0.00254,2.56805,0.01028,0.2096,0.83913,0.21864,0.1852,1.21839,1.27672,1.24346,2.11768,2.56805,0.32314,1.19365
2026-03-31 02:00:00,6.42877,0.00348,0.06605,0.02173,0.01093,0.00343,0.00673,0.01059,0.07989,1.10151,2.12145,3.19801,0.00263,0.20948,1.21828,0.00025,0.00235,0.00268,0,0.00426,0,1.24349,2.53684,0.43326,0.91275,0.01136,5.07074,0.83915,0.1876,0.39392,0.38135,2.56215,0.21862,0.18518,0.00254,2.56806,0.01026,0.20948,0.83915,0.21862,0.18518,1.21828,1.27663,1.24349,2.11772,2.56806,0.32223,1.19273
2026-03-31 03:00:00,6.42259,0.00347,0.06599,0.0217,0.01091,0.00344,0.00672,0.01059,0.07986,1.13117,2.14087,3.17428,0.00262,0.20936,1.21816,0.00025,0.00235,0.00268,0,0.00425,0,1.24351,2.53629,0.43131,0.90866,0.01136,5.05365,0.8392,0.18723,0.39306,0.38018,2.55494,0.2186,0.18518,0.00254,2.56807,0.01024,0.20936,0.8392,0.2186,0.18518,1.21816,1.27654,1.24351,2.11776,2.56807,0.32107,1.19161
2026-03-31 04:00:00,6.4164,0.00347,0.06594,0.02165,0.0109,0.00343,0.00672,0.01058,0.07984,1.14896,2.16474,3.16597,0.00262,0.20924,1.21804,0.00024,0.00235,0.00266,0,0.00423,0,1.24353,2.53624,0.42935,0.90457,0.01136,5.03656,0.83924,0.18685,0.39223,0.37844,2.54714,0.21858,0.18516,0.00254,2.56807,0.01021,0.20924,0.83924,0.21858,0.18516,1.21804,1.27643,1.24353,2.1178,2.56807,0.31934,1.1902
2026-03-31 05:00:00,6.41021,0.00347,0.06589,0.02158,0.01089,0.00342,0.00673,0.01057,0.0798,1.17152,2.19466,3.16806,0.00262,0.20912,1.21792,0.00024,0.00234,0.00265,0,0.00422,0,1.24356,2.53633,0.42739,0.90047,0.01135,5.01947,0.83926,0.18648,0.3915,0.37652,2.53918,0.21856,0.18514,0.00254,2.56807,0.01019,0.20912,0.83926,0.21856,0.18514,1.21792,1.27634,1.24356,2.11783,2.56807,0.31743,1.18839
2026-03-31 06:00:00,6.40402,0.00346,0.06585,0.02153,0.01088,0.00341,0.00673,0.01056,0.07977,1.17721,2.21945,3.18429,0.00262,0.209,1.2178,0.00024,0.00234,0.00265,0,0.00421,0,1.24357,2.53644,0.42543,0.89638,0.01135,5.00238,0.83929,0.18611,0.39077,0.37498,2.53159,0.21855,0.18513,0.00254,2.56806,0.01017,0.209,0.83929,0.21855,0.18513,1.2178,1.27623,1.24357,2.11787,2.56806,0.3159,1.18599
2026-03-31 07:00:00,6.37218,0.00346,0.0658,0.02148,0.01087,0.00342,0.00673,0.01056,0.07975,1.177,2.23535,3.20252,0.0026,0.20888,1.21767,0.00024,0.00234,0.00265,0,0.0042,0,1.24358,2.53459,0.42376,0.89129,0.01135,4.98379,0.8393,0.18385,0.38866,0.37387,2.52263,0.21853,0.18512,0.00254,2.56805,0.01015,0.20888,0.8393,0.21853,0.18512,1.21767,1.27612,1.24358,2.11789,2.56805,0.31479,1.18262
2026-03-31 08:00:00,6.34033,0.00345,0.06576,0.02144,0.01085,0.00342,0.00674,0.01056,0.07972,1.17663,2.24394,3.22624,0.00259,0.20875,1.21755,0.00024,0.00233,0.00264,0,0.00419,0,1.2436,2.53027,0.42208,0.88619,0.01135,4.96519,0.83931,0.1816,0.38582,0.37317,2.5141,0.2185,0.18509,0.00254,2.56803,0.01013,0.20875,0.83931,0.2185,0.18509,1.21755,1.27602,1.2436,2.11792,2.56803,0.3141,1.17756
2026-03-31 09:00:00,6.30849,0.00345,0.0657,0.02141,0.01084,0.00342,0.00674,0.01055,0.0797,1.17104,2.24534,3.24441,0.00259,0.20864,1.21742,0.00024,0.00233,0.00264,0,0.00418,0,1.2436,2.52533,0.42041,0.8811,0.01134,4.94659,0.83931,0.17934,0.3826,0.37223,2.50532,0.21849,0.18508,0.00254,2.56802,0.01011,0.20864,0.83931,0.21849,0.18508,1.21742,1.27591,1.2436,2.11795,2.56802,0.31317,1.16913
2026-03-31 10:00:00,6.27665,0.00344,0.06565,0.02137,0.01084,0.00341,0.00674,0.01055,0.07968,1.16039,2.23909,3.25365,0.0026,0.20851,1.21729,0.00023,0.00232,0.00262,0,0.00416,0,1.2436,2.52024,0.41873,0.876,0.01134,4.928,0.83931,0.17708,0.37928,0.37059,2.49583,0.21847,0.18507,0.00254,2.568,0.01009,0.20851,0.83931,0.21847,0.18507,1.21729,1.2758,1.2436,2.11797,2.568,0.31154,1.15228
2026-03-31 11:00:00,6.2448,0.00344,0.06559,0.02129,0.01082,0.00341,0.00674,0.01054,0.07967,1.14979,2.22871,3.25551,0.00259,0.2084,1.21716,0.00023,0.00231,0.00262,0,0.00415,0,1.24361,2.51511,0.41705,0.87091,0.01134,4.90941,0.8393,0.17483,0.37586,0.36869,2.4861,0.21845,0.18504,0.00254,2.56798,0.01007,0.2084,0.8393,0.21845,0.18504,1.21716,1.27568,1.24361,2.11799,2.56798,0.30965,1.10171
2026-03-31 12:00:00,6.21296,0.00343,0.06554,0.02124,0.01081,0.00342,0.00675,0.01053,0.07965,1.13946,2.21466,3.25012,0.00259,0.20827,1.21702,0.00023,0.00231,0.00261,0,0.00414,0,1.2436,2.50998,0.41538,0.86581,0.01134,4.89081,0.83931,0.17257,0.37249,0.36719,2.47675,0.21844,0.18504,0.00254,2.56795,0.01005,0.20827,0.83931,0.21844,0.18504,1.21702,1.27556,1.2436,2.11801,2.56795,0.30815,1.07894
2026-03-31 13:00:00,6.17342,0.00343,0.06549,0.02119,0.01079,0.00342,0.00675,0.01053,0.07964,1.11393,2.19046,3.23669,0.00258,0.20816,1.21689,0.00023,0.00231,0.00261,0,0.00413,0,1.2436,2.49904,0.4123,0.85556,0.01134,4.84939,0.83929,0.1703,0.36807,0.366,2.46617,0.21842,0.18503,0.00254,2.56792,0.01003,0.20816,0.83929,0.21842,0.18503,1.21689,1.27545,1.2436,2.11801,2.56792,0.30697,1.07598
2026-03-31 14:00:00,6.13388,0.00343,0.06544,0.02115,0.01079,0.00341,0.00675,0.01053,0.07962,1.08401,2.16193,3.21918,0.00258,0.20803,1.21675,0.00023,0.0023,0.0026,0,0.00411,0,1.24359,2.48079,0.40922,0.84531,0.01133,4.80797,0.83928,0.16803,0.36365,0.36518,2.45594,0.2184,0.18501,0.00254,2.56789,0.01001,0.20803,0.83928,0.2184,0.18501,1.21675,1.27532,1.24359,2.11802,2.56789,0.30615,1.06924
2026-03-31 15:00:00,6.09434,0.00343,0.06539,0.02112,0.01077,0.00341,0.00675,0.01052,0.0796,1.05472,2.12714,3.19761,0.00257,0.20792,1.21661,0.00023,0.0023,0.0026,0,0.0041,0,1.24358,2.4607,0.40614,0.83505,0.01133,4.76656,0.83927,0.16576,0.35924,0.36398,2.44536,0.21838,0.18499,0.00254,2.56785,0.00998,0.20792,0.83927,0.21838,0.18499,1.21661,1.2752,1.24358,2.11802,2.56785,0.30496,1.0625
2026-03-31 16:00:00,6.05479,0.00343,0.06533,0.02107,0.01075,0.0034,0.00676,0.01051,0.0796,1.03056,2.08669,3.16646,0.00256,0.20779,1.21647,0.00022,0.00229,0.00259,0,0.00408,0,1.24357,2.44016,0.40306,0.8248,0.01133,4.72514,0.83926,0.16349,0.35484,0.36172,2.43371,0.21836,0.18498,0.00254,2.56781,0.00996,0.20779,0.83926,0.21836,0.18498,1.21647,1.27507,1.24357,2.11801,2.56781,0.30271,1.05577
2026-03-31 17:00:00,6.01525,0.00342,0.06528,0.02099,0.01073,0.0034,0.00676,0.0105,0.07958,0.99793,2.04598,3.13099,0.00254,0.20768,1.21633,0.00022,0.00229,0.00258,0,0.00407,0,1.24356,2.4195,0.39998,0.81455,0.01132,4.68372,0.83924,0.16122,0.35043,0.35902,2.42161,0.21835,0.18496,0.00254,2.56777,0.00994,0.20768,0.83924,0.21835,0.18496,1.21633,1.27495,1.24356,2.118,2.56777,0.30002,1.04903
2026-03-31 18:00:00,5.97571,0.00342,0.06524,0.02093,0.01071,0.00339,0.00675,0.01051,0.07957,0.97462,2.00589,3.09294,0.00254,0.20755,1.21618,0.00022,0.00228,0.00258,0,0.00405,0,1.24354,2.39881,0.3969,0.8043,0.01132,4.6423,0.83924,0.15895,0.34601,0.3569,2.4101,0.21833,0.18494,0.00254,2.56772,0.00992,0.20755,0.83924,0.21833,0.18494,1.21618,1.27482,1.24354,2.11799,2.56772,0.29791,1.04229
2026-03-31 19:00:00,5.96507,0.00342,0.06519,0.02089,0.01071,0.00339,0.00675,0.0105,0.07954,0.94854,1.97054,3.04888,0.00253,0.20744,1.21604,0.00022,0.00228,0.00258,0,0.00404,0,1.24352,2.37974,0.39314,0.79424,0.01132,4.60478,0.83921,0.15771,0.34229,0.35543,2.40098,0.2183,0.18493,0.00253,2.56767,0.0099,0.20744,0.83921,0.2183,0.18493,1.21604,1.27469,1.24352,2.11798,2.56767,0.29645,1.03555
2026-03-31 20:00:00,5.95443,0.00341,0.06515,0.02085,0.01069,0.00339,0.00674,0.01049,0.07952,0.9315,1.93087,3.00381,0.00253,0.20731,1.21589,0.00022,0.00227,0.00257,0,0.00403,0,1.24351,2.36271,0.38938,0.78418,0.01131,4.56727,0.8392,0.15647,0.33903,0.35473,2.39262,0.21829,0.18491,0.00253,2.56761,0.00988,0.20731,0.8392,0.21829,0.18491,1.21589,1.27456,1.24351,2.11796,2.56761,0.29576,1.02881
2026-03-31 21:00:00,5.94379,0.0034,0.0651,0.02081,0.01067,0.00339,0.00674,0.0105,0.0795,0.91463,1.89548,2.95908,0.00252,0.2072,1.21575,0.00022,0.00227,0.00257,0,0.00402,0,1.24348,2.34618,0.38562,0.77412,0.01131,4.52975,0.83918,0.15522,0.33586,0.35395,2.38419,0.21827,0.1849,0.00253,2.56755,0.00987,0.2072,0.83918,0.21827,0.1849,1.21575,1.27442,1.24348,2.11793,2.56755,0.29499,1.02207
2026-03-31 22:00:00,5.93315,0.0034,0.06504,0.02076,0.01066,0.00338,0.00674,0.01049,0.07949,0.89799,1.86274,2.91851,0.00252,0.20707,1.2156,0.00021,0.00227,0.00255,0,0.00401,0,1.24346,2.32979,0.38185,0.76406,0.0113,4.49223,0.83917,0.15398,0.33282,0.35312,2.37568,0.21824,0.18489,0.00253,2.56748,0.00985,0.20707,0.83917,0.21824,0.18489,1.2156,1.27429,1.24346,2.11788,2.56748,0.29415,1.01533
2026-03-31 23:00:00,5.92251,0.00339,0.06499,0.02069,0.01066,0.00337,0.00675,0.01048,0.07949,0.88972,1.83319,2.87352,0.00251,0.20696,1.21545,0.00021,0.00226,0.00254,0,0.004,0,1.24344,2.31342,0.37809,0.754,0.0113,4.45472,0.83914,0.15274,0.32983,0.35238,2.36726,0.21823,0.18488,0.00253,2.56741,0.00983,0.20696,0.83914,0.21823,0.18488,1.21545,1.27414,1.24344,2.11785,2.56741,0.29339,1.00859
2026-04-01 00:00:00,5.91187,0.00339,0.06493,0.02063,0.01065,0.00337,0.00675,0.01047,0.07947,0.88928,1.81373,2.83279,0.0025,0.20683,1.2153,0.00021,0.00226,0.00254,0,0.00399,0,1.24341,2.29707,0.37433,0.74394,0.0113,4.4172,0.83912,0.1515,0.3269,0.35177,2.35895,0.21821,0.18486,0.00253,2.56734,0.00981,0.20683,0.83912,0.21821,0.18486,1.2153,1.274,1.24341,2.11782,2.56734,0.29275,1.00186
2026-04-01 01:00:00,5.92772,0.00338,0.06488,0.02058,0.01063,0.00337,0.00673,0.01047,0.07946,0.90191,1.80103,2.79592,0.0025,0.20672,1.21515,0.00021,0.00226,0.00254,0,0.00398,0,1.24338,2.28836,0.37474,0.7419,0.01174,4.42567,0.8391,0.155,0.33048,0.35196,2.36371,0.21819,0.18484,0.00253,2.56726,0.00979,0.20672,0.8391,0.21819,0.18484,1.21515,1.27386,1.24338,2.11777,2.56726,0.29291,1.01077
2026-04-01 02:00:00,5.94357,0.00338,0.06483,0.02054,0.01062,0.00338,0.00673,0.01047,0.07944,0.91425,1.79848,2.76355,0.0025,0.20659,1.215,0.00021,0.00225,0.00253,0,0.00397,0,1.24334,2.2892,0.37514,0.73985,0.01174,4.43414,0.83912,0.15849,0.33598,0.35291,2.36921,0.21818,0.18483,0.00253,2.56718,0.00977,0.20659,0.83912,0.21818,0.18483,1.215,1.27371,1.24334,2.11772,2.56718,0.29383,1.01968
2026-04-01 03:00:00,5.95943,0.00338,0.06478,0.02051,0.01061,0.00337,0.00674,0.01046,0.07944,0.93393,1.80887,2.74176,0.0025,0.20648,1.21485,0.00021,0.00225,0.00253,0,0.00395,0,1.24331,2.29243,0.37555,0.73781,0.01174,4.44262,0.83917,0.16199,0.34233,0.35493,2.3758,0.21815,0.18482,0.00253,2.56709,0.00975,0.20648,0.83917,0.21815,0.18482,1.21485,1.27357,1.24331,2.11768,2.56709,0.29582,1.0286
2026-04-01 04:00:00,5.97528,0.00338,0.06473,0.02046,0.0106,0.00336,0.00674,0.01045,0.07942,0.94553,1.82407,2.72691,0.0025,0.20635,1.21469,0.0002,0.00225,0.00251,0,0.00394,0,1.24327,2.29626,0.37596,0.73576,0.01174,4.45109,0.83922,0.16549,0.34913,0.36019,2.38563,0.21814,0.1848,0.00253,2.567,0.00973,0.20635,0.83922,0.21814,0.1848,1.21469,1.27342,1.24327,2.11762,2.567,0.30105,1.03751
2026-04-01 05:00:00,5.99113,0.00337,0.06468,0.02039,0.01059,0.00335,0.00675,0.01045,0.07941,0.96065,1.84514,2.72227,0.00249,0.20623,1.21453,0.0002,0.00224,0.00251,0,0.00393,0,1.24323,2.30023,0.37636,0.73371,0.01174,4.45956,0.83923,0.16898,0.35614,0.36708,2.39709,0.21812,0.18479,0.00253,2.56691,0.00971,0.20623,0.83923,0.21812,0.18479,1.21453,1.27329,1.24323,2.11756,2.56691,0.30793,1.04642
2026-04-01 06:00:00,6.00698,0.00337,0.06463,0.02033,0.01058,0.00336,0.00675,0.01044,0.07938,0.96417,1.86309,2.7306,0.00248,0.20611,1.21438,0.0002,0.00224,0.0025,0,0.00392,0,1.2432,2.30425,0.37677,0.73167,0.01173,4.46803,0.83926,0.17248,0.36321,0.37236,2.40696,0.2181,0.18478,0.00253,2.56681,0.00969,0.20611,0.83926,0.2181,0.18478,1.21438,1.27314,1.2432,2.1175,2.56681,0.3132,1.05534
2026-04-01 07:00:00,5.99076,0.00337,0.06459,0.02028,0.01057,0.00336,0.00675,0.01044,0.07935,0.96751,1.87779,2.74368,0.00248,0.20599,1.21422,0.0002,0.00224,0.0025,0,0.00391,0,1.24316,2.30703,0.37831,0.73813,0.01173,4.48776,0.83927,0.17348,0.36533,0.37639,2.40882,0.21809,0.18476,0.00253,2.56671,0.00967,0.20599,0.83927,0.21809,0.18476,1.21422,1.27298,1.24316,2.11744,2.56671,0.31724,1.06425
2026-04-01 08:00:00,5.97455,0.00336,0.06455,0.02024,0.01056,0.00336,0.00674,0.01044,0.07933,0.97076,1.88864,2.76255,0.00247,0.20587,1.21406,0.0002,0.00223,0.00249,0,0.0039,0,1.24312,2.30827,0.37984,0.74459,0.01173,4.50749,0.83929,0.17447,0.36633,0.37861,2.40889,0.21807,0.18474,0.00253,2.56662,0.00965,0.20587,0.83929,0.21807,0.18474,1.21406,1.27283,1.24312,2.11738,2.56662,0.31948,1.07316
2026-04-01 09:00:00,5.95833,0.00336,0.0645,0.0202,0.01055,0.00335,0.00675,0.01043,0.07931,0.97033,1.89505,2.77828,0.00247,0.20575,1.2139,0.0002,0.00223,0.00249,0,0.00389,0,1.24308,2.30912,0.38138,0.75105,0.01173,4.52721,0.83929,0.17547,0.36692,0.38145,2.4096,0.21804,0.18473,0.00253,2.56651,0.00963,0.20575,0.83929,0.21804,0.18473,1.2139,1.27268,1.24308,2.11731,2.56651,0.32237,1.08208
2026-04-01 10:00:00,5.94211,0.00335,0.06445,0.02016,0.01054,0.00335,0.00676,0.01042,0.0793,0.96638,1.89696,2.79075,0.00247,0.20563,1.21374,0.0002,0.00222,0.00248,0,0.00387,0,1.24303,2.30987,0.38291,0.75751,0.01173,4.54694,0.83928,0.17647,0.36732,0.3857,2.41172,0.21803,0.18472,0.00253,2.5664,0.00961,0.20563,0.83928,0.21803,0.18472,1.21374,1.27253,1.24303,2.11726,2.5664,0.32667,1.09099
2026-04-01 11:00:00,5.9259,0.00335,0.06441,0.02008,0.01053,0.00335,0.00676,0.01041,0.07928,0.96243,1.89663,2.79937,0.00247,0.20552,1.21358,0.0002,0.00222,0.00247,0,0.00386,0,1.24299,2.31059,0.38445,0.76397,0.01173,4.56667,0.83928,0.17746,0.3676,0.39042,2.4143,0.21801,0.1847,0.00253,2.56629,0.00959,0.20552,0.83928,0.21801,0.1847,1.21358,1.27237,1.24299,2.11719,2.56629,0.33142,1.0999
2026-04-01 12:00:00,5.90968,0.00334,0.06437,0.02002,0.01053,0.00335,0.00677,0.01042,0.07927,0.95848,1.89357,2.80355,0.00245,0.20539,1.21341,0.0002,0.00221,0.00247,0,0.00385,0,1.24295,2.31132,0.38598,0.77043,0.01173,4.5864,0.83927,0.17846,0.36783,0.39416,2.41589,0.21799,0.18468,0.00253,2.56618,0.00957,0.20539,0.83927,0.21799,0.18468,1.21341,1.27221,1.24295,2.11711,2.56618,0.33519,1.11043
2026-04-01 13:00:00,5.87732,0.00334,0.06433,0.01998,0.01052,0.00335,0.00677,0.01041,0.07926,0.94796,1.88474,2.80271,0.00244,0.20528,1.21324,0.0002,0.00221,0.00247,0,0.00384,0,1.2429,2.30681,0.385,0.77104,0.01172,4.60686,0.83927,0.18172,0.37638,0.39652,2.42584,0.21798,0.18468,0.00253,2.56607,0.00955,0.20528,0.83927,0.21798,0.18468,1.21324,1.27205,1.2429,2.11705,2.56607,0.33756,1.29259
2026-04-01 14:00:00,5.84496,0.00334,0.06429,0.01994,0.0105,0.00335,0.00677,0.0104,0.07925,0.93454,1.87098,2.79906,0.00244,0.20515,1.21308,0.00019,0.0022,0.00246,0,0.00382,0,1.24284,2.2957,0.38402,0.77165,0.01172,4.62731,0.83926,0.18499,0.38578,0.39741,2.43433,0.21796,0.18466,0.00253,2.56595,0.00953,0.20515,0.83926,0.21796,0.18466,1.21308,1.27189,1.24284,2.11697,2.56595,0.33846,1.29259
2026-04-01 15:00:00,5.81261,0.00334,0.06424,0.0199,0.01049,0.00334,0.00676,0.0104,0.07925,0.92175,1.85365,2.79248,0.00244,0.20504,1.21292,0.00019,0.0022,0.00246,0,0.00381,0,1.2428,2.28295,0.38304,0.77226,0.01172,4.64777,0.83924,0.18825,0.39565,0.39813,2.44266,0.21793,0.18464,0.00253,2.56584,0.00952,0.20504,0.83924,0.21793,0.18464,1.21292,1.27174,1.2428,2.11689,2.56584,0.33919,1.29259
2026-04-01 16:00:00,5.78025,0.00333,0.06418,0.01985,0.01048,0.00334,0.00677,0.0104,0.07923,0.91275,1.83266,2.78005,0.00243,0.20491,1.21275,0.00019,0.0022,0.00245,0,0.0038,0,1.24274,2.26979,0.38205,0.77286,0.01172,4.66822,0.83923,0.19151,0.40564,0.39818,2.45029,0.21792,0.18463,0.00253,2.56573,0.0095,0.20491,0.83923,0.21792,0.18463,1.21275,1.27157,1.24274,2.11681,2.56573,0.33924,1.29259
2026-04-01 17:00:00,5.74789,0.00333,0.06413,0.01978,0.01048,0.00333,0.00677,0.01039,0.07922,0.89814,1.81144,2.76267,0.00242,0.2048,1.21259,0.00018,0.00219,0.00244,0,0.00378,0,1.24269,2.25652,0.38107,0.77347,0.01171,4.68867,0.83922,0.19478,0.41569,0.39772,2.45742,0.2179,0.18461,0.00253,2.5656,0.00948,0.2048,0.83922,0.2179,0.18461,1.21259,1.27142,1.24269,2.11672,2.5656,0.33878,1.29259
2026-04-01 18:00:00,5.71553,0.00333,0.06407,0.01972,0.01046,0.00333,0.00677,0.01038,0.07919,0.89013,1.78845,2.74171,0.00241,0.20467,1.21242,0.00018,0.00219,0.00244,0,0.00377,0,1.24264,2.24323,0.38009,0.77408,0.01171,4.70913,0.8392,0.19804,0.42576,0.39745,2.46473,0.21788,0.1846,0.00253,2.56548,0.00946,0.20467,0.8392,0.21788,0.1846,1.21242,1.27125,1.24264,2.11664,2.56548,0.33851,1.29259
2026-04-01 19:00:00,5.73168,0.00332,0.06402,0.01971,0.01045,0.00333,0.00677,0.01038,0.07918,0.89499,1.77428,2.72043,0.00242,0.20456,1.21226,0.00018,0.00218,0.00244,0,0.00387,0,1.24258,2.23425,0.39725,0.77074,0.0117,4.71955,0.83919,0.2162,0.45091,0.39922,2.50295,0.21786,0.18458,0.00253,2.56535,0.00963,0.20456,0.83919,0.21786,0.18458,1.21226,1.27108,1.24258,2.11654,2.56535,0.34028,1.29259
2026-04-01 20:00:00,5.74782,0.00332,0.06397,0.01984,0.01043,0.00334,0.00676,0.01038,0.07916,0.90585,1.7679,2.70261,0.00242,0.20443,1.21209,0.00018,0.00218,0.00243,0,0.00397,0,1.24252,2.23065,0.4144,0.76741,0.0117,4.72996,0.83917,0.23435,0.48248,0.40326,2.54341,0.21784,0.18457,0.00253,2.56522,0.0098,0.20443,0.83917,0.21784,0.18457,1.21209,1.27092,1.24252,2.11645,2.56522,0.34432,1.29259
2026-04-01 21:00:00,5.76397,0.00331,0.06392,0.02011,0.01042,0.00334,0.00677,0.01037,0.07914,0.91733,1.7731,2.68437,0.00242,0.20431,1.21192,0.00018,0.00217,0.00243,0,0.00407,0,1.24247,2.22839,0.43156,0.76407,0.0117,4.74038,0.83915,0.25251,0.51647,0.41146,2.58806,0.21782,0.18456,0.00253,2.56508,0.00997,0.20431,0.83915,0.21782,0.18456,1.21192,1.27075,1.24247,2.11635,2.56508,0.35252,1.29259
2026-04-01 22:00:00,5.78011,0.00331,0.06387,0.02057,0.0104,0.00336,0.00677,0.01036,0.07914,0.92905,1.78733,2.67544,0.00246,0.20419,1.21175,0.00017,0.00217,0.00242,0,0.00416,0,1.24241,2.22647,0.44871,0.76073,0.01169,4.7508,0.83913,0.27067,0.55198,0.43231,2.64533,0.21779,0.18454,0.00253,2.56494,0.01014,0.20419,0.83913,0.21779,0.18454,1.21175,1.27059,1.24241,2.11626,2.56494,0.37335,1.29259
2026-04-01 23:00:00,5.79626,0.0033,0.06383,0.02139,0.01039,0.00336,0.00678,0.01037,0.07912,0.94638,1.80671,2.67448,0.00254,0.20407,1.21158,0.00017,0.00217,0.00242,0,0.00426,0,1.24234,2.22464,0.46587,0.7574,0.01169,4.76121,0.83912,0.28882,0.58774,0.45949,2.70893,0.21777,0.18453,0.00253,2.5648,0.01031,0.20407,0.83912,0.21777,0.18453,1.21158,1.27042,1.24234,2.11615,2.5648,0.40052,1.29259
2026-04-02 00:00:00,5.8124,0.0033,0.06379,0.02202,0.01037,0.00337,0.00682,0.01037,0.07911,0.96879,1.83514,2.68517,0.0026,0.20395,1.21141,0.00017,0.00216,0.00241,0,0.00436,0,1.24229,2.22282,0.48302,0.75406,0.01169,4.77163,0.8391,0.30698,0.62394,0.48039,2.76626,0.21776,0.18451,0.00253,2.56467,0.01048,0.20395,0.8391,0.21776,0.18451,1.21141,1.27025,1.24229,2.11604,2.56467,0.42141,1.29259
2026-04-02 01:00:00,6.05098,0.0033,0.06379,0.02249,0.01035,0.00338,0.00688,0.01038,0.07909,1.02032,1.87241,2.70912,0.00263,0.20383,1.21124,0.00017,0.00216,0.00241,0,0.00442,0,1.24223,2.23724,0.51491,0.76613,0.01215,4.85104,0.83909,0.31651,0.64589,0.49779,2.81385,0.21774,0.1845,0.00253,2.56453,0.01049,0.20383,0.83909,0.21774,0.1845,1.21124,1.27009,1.24223,2.11593,2.56453,0.43878,1.29259
2026-04-02 02:00:00,6.28955,0.0033,0.06384,0.02283,0.01035,0.00338,0.00693,0.01041,0.07909,1.07158,1.94903,2.74287,0.00265,0.20371,1.21107,0.00017,0.00215,0.00239,0,0.00449,0,1.24216,2.27193,0.54681,0.7782,0.01214,4.93044,0.8391,0.32604,0.66373,0.50955,2.85578,0.21772,0.18449,0.00253,2.56438,0.01051,0.20371,0.8391,0.21772,0.18449,1.21107,1.26991,1.24216,2.11582,2.56438,0.4505,1.29259
2026-04-02 03:00:00,6.52813,0.00331,0.06401,0.02303,0.01033,0.00338,0.00699,0.01043,0.07908,1.1274,2.02037,2.78736,0.00268,0.20359,1.2109,0.00017,0.00215,0.00239,0,0.00455,0,1.24211,2.31168,0.5787,0.79027,0.01214,5.00985,0.83916,0.33557,0.67814,0.52677,2.90317,0.2177,0.18448,0.00253,2.56423,0.01052,0.20359,0.83916,0.2177,0.18448,1.2109,1.26975,1.24211,2.1157,2.56423,0.46767,1.29259
2026-04-02 04:00:00,6.7667,0.00331,0.06426,0.02329,0.01031,0.00337,0.00704,0.01045,0.07907,1.17791,2.10311,2.85814,0.00274,0.20347,1.21072,0.00016,0.00215,0.00239,0,0.00461,0,1.24204,2.35271,0.61059,0.80234,0.01214,5.08925,0.8392,0.34509,0.69301,0.55818,2.96477,0.21768,0.18446,0.00253,2.56407,0.01053,0.20347,0.8392,0.21768,0.18446,1.21072,1.26957,1.24204,2.11559,2.56407,0.49907,1.29259
2026-04-02 05:00:00,7.00528,0.00332,0.06456,0.02367,0.0103,0.00338,0.00708,0.01047,0.07904,1.23015,2.1925,2.9518,0.00283,0.20335,1.21055,0.00016,0.00214,0.00237,0,0.00468,0,1.24197,2.39405,0.64249,0.81441,0.01214,5.16865,0.83924,0.35462,0.70821,0.5956,3.03246,0.21766,0.18444,0.00253,2.56391,0.01055,0.20335,0.83924,0.21766,0.18444,1.21055,1.26941,1.24197,2.11547,2.56391,0.53654,1.29259
2026-04-02 06:00:00,7.24385,0.00333,0.06486,0.02397,0.0103,0.00337,0.00711,0.0105,0.07902,1.27489,2.27944,3.04076,0.00289,0.20323,1.21037,0.00016,0.00214,0.00237,0,0.00474,0,1.24191,2.43547,0.67438,0.82648,0.01213,5.24806,0.83926,0.36415,0.72357,0.62483,3.09198,0.21765,0.18443,0.00253,2.56376,0.01056,0.20323,0.83926,0.21765,0.18443,1.21037,1.26923,1.24191,2.11534,2.56376,0.56585,1.29259
2026-04-02 07:00:00,7.28396,0.00335,0.06515,0.02434,0.01029,0.00338,0.00714,0.01051,0.07901,1.29151,2.34489,3.28379,0.00295,0.20311,1.21019,0.00016,0.00214,0.00236,0,0.00474,0,1.24184,2.5051,0.68126,0.83907,0.01213,5.37181,0.8393,0.35727,0.72323,0.64488,3.1367,0.21763,0.18441,0.00253,2.5636,0.01217,0.20311,0.8393,0.21763,0.18441,1.21019,1.26905,1.24184,2.11523,2.5636,0.58598,1.29259
2026-04-02 08:00:00,7.32406,0.00338,0.06544,0.02504,0.01027,0.00339,0.00716,0.01053,0.07901,1.30776,2.40031,3.53347,0.00305,0.20299,1.21002,0.00016,0.00214,0.00236,0,0.00474,0,1.24177,2.60998,0.68813,0.85165,0.01213,5.49555,0.83932,0.35039,0.71679,0.65414,3.17057,0.21761,0.1844,0.00253,2.56344,0.01378,0.20299,0.83932,0.21761,0.1844,1.21002,1.26889,1.24177,2.11512,2.56344,0.59526,1.29259
2026-04-02 09:00:00,7.36417,0.00341,0.06574,0.02614,0.01026,0.00341,0.00719,0.01054,0.07903,1.32194,2.44081,3.77859,0.00327,0.20288,1.20984,0.00016,0.00214,0.00235,0,0.00474,0,1.24171,2.72368,0.69501,0.86424,0.01213,5.6193,0.83936,0.34352,0.7074,0.66416,3.20517,0.21759,0.18438,0.00252,2.56328,0.01539,0.20288,0.83936,0.21759,0.18438,1.20984,1.26871,1.24171,2.115,2.56328,0.60526,1.29259
2026-04-02 10:00:00,7.40428,0.00343,0.06606,0.02789,0.01025,0.00348,0.00724,0.01057,0.07906,1.33435,2.47,4.002,0.00405,0.20275,1.20967,0.00016,0.00213,0.00234,0,0.00473,0,1.24164,2.83958,0.70189,0.87683,0.01213,5.74304,0.83938,0.33664,0.69648,0.67426,3.23979,0.21757,0.18437,0.00252,2.56311,0.017,0.20275,0.83938,0.21757,0.18437,1.20967,1.26854,1.24164,2.11487,2.56311,0.61531,1.29259
2026-04-02 11:00:00,7.44438,0.00347,0.06637,0.03085,0.01024,0.00352,0.00733,0.0106,0.07914,1.34707,2.49496,4.21412,0.00523,0.20264,1.20949,0.00016,0.00213,0.00234,0,0.00473,0,1.24157,2.95603,0.70876,0.88941,0.01213,5.86679,0.83942,0.32976,0.68485,0.68302,3.27308,0.21756,0.18436,0.00252,2.56295,0.01861,0.20264,0.83942,0.21756,0.18436,1.20949,1.26835,1.24157,2.11476,2.56295,0.62401,1.29259
2026-04-02 12:00:00,7.48449,0.00353,0.0667,0.03317,0.01023,0.00354,0.0075,0.01064,0.07925,1.35998,2.51791,4.41117,0.0061,0.20251,1.20931,0.00016,0.00213,0.00233,0,0.00473,0,1.2415,3.07261,0.71564,0.902,0.01213,5.99053,0.83942,0.32288,0.67275,0.69039,3.30499,0.21754,0.18434,0.00252,2.56278,0.02022,0.20251,0.83942,0.21754,0.18434,1.20931,1.26817,1.2415,2.11463,2.56278,0.63133,1.29071
