GMT,FRAC1,LTDC1,HIDC1,BHNC1,MPAC1,OWCC1,BNCC1,BCKC1,MEEC1,HPIC1,POHC1,EXQC1,DSNC1,STVC1,NWMC1,LGCC1,WARC1,LGAC1,PNEC1,LBDC1,OREC1,PATC1,HETC1,LNRC1,CHVC1F,DCMC1,NDPC1,MDSC1,NDVC1,NSWC1,AVYC1,NMSC1,OBBC1,RIPC1,PTTC1,VNSC1,KNFC1L,STVC1,MDSC1,OBBC1,RIPC1,NWMC1,CRDC1,PATC1,MZRC1,VNSC1,AVYC1L,NDPC1L
,QINE,QINE,QINE,QINE,QINE,QINE,QINE,QINE,QINE,QINE,QINE,QINE,QINE,QINE,QINE,QINE,QINE,QINE,QINE,QINE,QINE,QINE,QINE,QINE,QINE,QINE,QINE,QINE,QINE,QINE,QINE,QINE,QINE,QINE,QINE,QINE,QINE,QINE,QINE,QINE,QINE,QINE,QINE,QINE,QINE,QINE,SQIN,SQIN
2026-05-20 12:00:00,2.84718,0,0.02863,-0.02709,0.013,0.001,0,0.002,0.28798,0.63031,0.95583,0.69924,0.00604,0.10401,0.46771,0.00001,0,0.00001,0,0.00588,0.00001,0.39804,1.5058,0.18461,0.42893,0.007,1.742,0.18523,0.03893,0.1201,0.24613,1.50584,2.00722,2.07655,0.00003,2.30272,0.002,0.10401,0.18523,2.00722,2.07655,0.46771,0.48327,0.39804,0.70155,2.30272,0.07727,0.65138
2026-05-20 13:00:00,2.89706,0,0.01874,-0.04409,-0.011,0.001,0,0.002,0.29245,0.63487,0.96688,1.05153,0.00604,0.10401,0.46771,0.00001,0,0.00001,0,0.00003,0.00001,0.39804,1.49062,0.17512,0.42484,0.007,1.74413,0.18523,0.03875,0.13599,0.24503,1.49482,1.96622,2.07655,0.00003,2.30272,0.00199,0.10401,0.18523,1.96622,2.07655,0.46771,0.48589,0.39804,0.70053,2.30272,0.07702,0.64691
2026-05-20 14:00:00,2.94688,0,0.01874,-0.03709,0.001,0.001,0,0.002,0.28391,0.63487,0.96688,1.39853,0.00604,0.10401,0.46504,0.00001,0,0.00001,0,-0.01171,0.00001,0.40204,1.43806,0.18453,0.43639,0.007,1.74627,0.18523,0.03856,0.11611,0.24503,1.48391,1.93622,2.07655,0.00003,2.30272,0.00198,0.10401,0.18523,1.93622,2.07655,0.46504,0.48589,0.40204,0.69949,2.30272,0.07687,0.64415
2026-05-20 15:00:00,2.94709,0,0.02863,-0.03392,0.001,0.001,0,0.002,0.27591,0.64403,0.95583,1.74325,0.00604,0.10201,0.46504,0.00001,0,0.00001,0,-0.02051,0.00001,0.40004,1.43204,0.17331,0.40967,0.007,1.7484,0.18758,0.03884,0.05053,0.24703,1.47298,1.89521,2.08013,0.00003,2.30272,0.00198,0.10201,0.18758,1.89521,2.08013,0.46504,0.48589,0.40004,0.69845,2.30272,0.07666,0.64323
2026-05-20 16:00:00,2.89756,0,0.02866,-0.02909,0.001,0.001,0,0.002,0.27394,0.63487,0.97244,2.15964,0.00576,0.10001,0.46238,0.00001,0,0.00001,0,-0.02195,0.00001,0.40004,1.43815,0.16326,0.43291,0.007,1.76074,0.18523,0.03919,0.06295,0.24903,1.46195,1.84321,2.07655,0.00004,2.30272,0.00197,0.10001,0.18523,1.84321,2.07655,0.46238,0.48327,0.40004,0.69734,2.30272,0.07631,0.64277
2026-05-20 17:00:00,2.79736,0,0.02857,-0.022,0.001,0.001,0,0.002,0.27591,0.62578,0.98359,2.43355,0.00576,0.09901,0.46238,0.00001,0,0.00001,0,-0.01754,0.00001,0.40004,1.42517,0.16331,0.42323,0.007,1.77309,0.18523,0.03882,0.06871,0.24503,1.45089,1.8022,2.07655,0.00003,2.30272,0.00196,0.09901,0.18523,1.8022,2.07655,0.46238,0.48327,0.40004,0.69625,2.30272,0.07591,0.64249
2026-05-20 18:00:00,2.69739,0,0.03849,0.005,0.001,0.001,0,0.002,0.2819,0.64403,0.97244,2.49483,0.0055,0.09801,0.46238,0.00001,0,0.00001,0,-0.01315,0.00001,0.40204,1.37372,0.16181,0.43255,0.007,1.78543,0.18758,0.03918,0.09438,0.25003,1.43995,1.7512,2.08013,0.00004,2.30272,0.00195,0.09801,0.18758,1.7512,2.08013,0.46238,0.48066,0.40204,0.69526,2.30272,0.07559,0.64231
2026-05-20 19:00:00,2.54732,0,0.0484,0.0005,0.001,0.001,0,0.002,0.2779,0.63487,0.95033,2.4865,0.0055,0.09701,0.45972,0.00001,0,0.00001,0,-0.0176,0.00001,0.40204,1.37516,0.17937,0.40739,0.007,1.78703,0.18758,0.03817,0.11177,0.24703,1.44001,1.72219,2.08013,0.00003,2.30272,0.00195,0.09701,0.18758,1.72219,2.08013,0.45972,0.48066,0.40204,0.69433,2.30272,0.07535,0.64218
2026-05-20 20:00:00,2.29711,0,0.04826,-0.0235,-0.012,0.001,0,0.002,0.27989,0.62578,0.94484,2.55438,0.00524,0.09601,0.45972,0.00001,0,0.00001,0,-0.01763,0.00001,0.39804,1.45424,0.18808,0.38302,0.007,1.78863,0.18523,0.03888,0.08943,0.24903,1.44012,1.70519,2.07655,0.00003,2.30272,0.00194,0.09601,0.18523,1.70519,2.07655,0.45972,0.47806,0.39804,0.69339,2.30272,0.0752,0.64208
2026-05-20 21:00:00,2.04663,0,0.02857,-0.02459,0,0.001,0,0.002,0.28594,0.60782,0.96135,2.6248,0.00524,0.09501,0.45442,0.00001,0,0.00001,0,-0.00592,0.00001,0.39804,1.45971,0.17673,0.39924,0.007,1.79025,0.18289,0.03888,0.06957,0.24903,1.4402,1.69419,2.08013,0.00003,2.31046,0.00194,0.09501,0.18289,1.69419,2.08013,0.45442,0.47546,0.39804,0.69255,2.31046,0.075,0.642
2026-05-20 22:00:00,1.89634,0,0.02863,-0.02792,0,0.001,0,0.001,0.28391,0.60337,0.96135,2.55319,0.005,0.09301,0.45442,0.00001,0,0.00001,0,0.00288,0.00001,0.39804,1.44231,0.17482,0.36947,0.007,1.79185,0.18289,0.03853,0.06957,0.24603,1.44014,1.70019,2.08013,0.00001,2.31046,0.00193,0.09301,0.18289,1.70019,2.08013,0.45442,0.47287,0.39804,0.69181,2.31046,0.07466,0.64194
2026-05-20 23:00:00,1.7964,0,0.02863,-0.02075,0,0.001,0,0.001,0.2819,0.61676,0.95033,2.19791,0.005,0.09301,0.45178,0.00001,0,0.00001,0,0.00435,0.00001,0.39304,1.42293,0.19306,0.37683,0.007,1.79345,0.18056,0.03988,0.12834,0.24503,1.44,1.68819,2.08371,0.00002,2.30272,0.00193,0.09301,0.18056,1.68819,2.08371,0.45178,0.47028,0.39304,0.69098,2.30272,0.07427,0.64189
2026-05-21 00:00:00,1.74655,0,0.02863,-0.00783,0,0.001,0,0.001,0.2779,0.60337,0.93936,1.70225,0.00475,0.09201,0.45178,0.00001,0,0.00001,0,0.00144,0.00001,0.39004,1.42219,0.18284,0.33411,0.006,1.79505,0.18056,0.03918,0.1424,0.24703,1.43995,1.70019,2.0873,0.00002,2.30272,0.00192,0.09201,0.18056,1.70019,2.0873,0.45178,0.47028,0.39004,0.69001,2.30272,0.07396,0.64185
2026-05-21 01:00:00,1.79721,0,0.03848,0.02367,0,0.001,0,0.001,0.26787,0.60782,0.94484,1.27692,0.00452,0.09101,0.44915,0.00001,0,0.00001,0,0.0088,0.00001,0.38804,1.44218,0.17272,0.34306,0.006,1.80252,0.18056,0.03781,0.12089,0.24503,1.43998,1.70019,2.09089,0.00002,2.30272,0.00192,0.09101,0.18056,1.70019,2.09089,0.44915,0.4677,0.38804,0.68897,2.30272,0.07373,0.64181
2026-05-21 02:00:00,1.99709,0,0.04843,0.04509,0,-0.011,0,0.001,0.26787,0.60337,0.91224,0.77999,0.00452,0.09001,0.44915,0.00001,0,0.00001,0,0.01468,0.00001,0.38504,1.42137,0.16246,0.35227,0.007,1.80998,0.18289,0.03852,0.15317,0.24703,1.44008,1.68819,2.09089,0,2.31046,0.00191,0.09001,0.18289,1.68819,2.09089,0.44915,0.46513,0.38504,0.68785,2.31046,0.07359,0.64178
2026-05-21 03:00:00,2.2468,0,0.05823,0.04542,0,0.001,0,0.001,0.27591,0.59454,0.9339,0.2857,0.00429,0.08901,0.44652,0.00001,0,0.00001,0,0.01177,0.00001,0.38504,1.34815,0.17283,0.32423,0.007,1.81744,0.18056,0.03887,0.16395,0.24503,1.44016,1.70519,2.0873,0.00002,2.31046,0.00191,0.08901,0.18056,1.70519,2.0873,0.44652,0.46256,0.38504,0.68662,2.31046,0.0734,0.64176
2026-05-21 04:00:00,2.44718,0,0.05814,0.05192,0,0.001,0,0.001,0.2819,0.59454,0.90687,0.00208,0.00429,0.08701,0.44652,0.00001,0,0.00001,0,0.01174,0.00001,0.38304,1.32582,0.18331,0.32562,0.007,1.82491,0.18056,0.03852,0.1623,0.24303,1.4401,1.70519,2.07655,0.00002,2.31821,0.00191,0.08701,0.18056,1.70519,2.07655,0.44652,0.46,0.38304,0.68537,2.31821,0.07307,0.64173
2026-05-21 05:00:00,2.64782,0,0.05823,0.047,0.013,0.001,0,0.001,0.27989,0.59895,0.91763,0.0715,0.00429,0.08501,0.44652,0.00001,0,0.00001,0,0.00877,0.00001,0.38004,1.40337,0.16399,0.3292,0.006,1.83237,0.18056,0.03925,0.14576,0.24403,1.43998,1.70019,2.06939,0.00002,2.31821,0.0019,0.08501,0.18056,1.70019,2.06939,0.44652,0.45745,0.38004,0.68417,2.31821,0.07269,0.64171
2026-05-21 06:00:00,2.80234,0,0.05823,0.03342,0,0.013,0,0.001,0.27989,0.60337,0.90151,0.27716,0.00429,0.08401,0.44389,0.00001,0,0.00001,0,0.00436,0.00001,0.38004,1.40154,0.17372,0.36925,0.006,1.83983,0.18289,0.03854,0.14576,0.24403,1.43995,1.71119,2.05867,0.00002,2.33374,0.0019,0.08401,0.18289,1.71119,2.05867,0.44389,0.45745,0.38004,0.68294,2.33374,0.0724,0.6417
2026-05-21 07:00:00,2.91101,0,0.04825,0.02908,0,0.001,0,0.001,0.2779,0.62126,0.89084,0.34135,0.00408,0.08301,0.44389,0.00001,0,0.00001,0,0.00141,0.00001,0.38004,1.40052,0.17377,0.37546,0.006,1.85551,0.18056,0.03889,0.13166,0.24303,1.44065,1.71119,2.04085,0.00002,2.33374,0.0019,0.08301,0.18056,1.71119,2.04085,0.44389,0.4549,0.38004,0.68164,2.33374,0.07217,0.64168
2026-05-21 08:00:00,2.97091,0,0.03833,0.02959,0,0.001,0,0.001,0.27591,0.63487,0.89617,0.40616,0.00408,0.08301,0.44389,0.00001,0,0.00001,0,0.00285,0.00001,0.38004,1.46074,0.17381,0.40139,0.006,1.87121,0.18056,0.03819,0.10765,0.24503,1.44145,1.71119,2.02309,0.00002,2.33374,0.00189,0.08301,0.18056,1.71119,2.02309,0.44389,0.4549,0.38004,0.68031,2.33374,0.07204,0.64167
2026-05-21 09:00:00,2.98135,0,0.03845,0.024,0,0.001,0,0.001,0.27394,0.65326,0.88553,0.5339,0.00408,0.08201,0.44389,0.00001,0,0.00001,0,0.00577,0.00001,0.38004,1.52199,0.17386,0.43999,0.006,1.88689,0.17824,0.03854,0.12584,0.24203,1.44219,1.71719,2.00186,0.00002,2.34153,0.00189,0.08201,0.17824,1.71719,2.00186,0.44389,0.4549,0.38004,0.67902,2.34153,0.07185,0.64165
2026-05-21 10:00:00,3.05511,0,0.02871,0.01842,0,0.001,0,0.002,0.2819,0.66257,0.91763,0.66187,0.00408,0.08201,0.44389,0.00001,0,0.00001,0,0.00138,0.00001,0.38004,1.5843,0.17391,0.4607,0.006,1.90257,0.17592,0.03889,0.12913,0.24103,1.44282,1.71119,1.98775,0.00003,2.34932,0.00188,0.08201,0.17592,1.71119,1.98775,0.44389,0.45236,0.38004,0.67769,2.34932,0.07154,0.64164
2026-05-21 11:00:00,3.19246,0,0.02863,0.01409,0,0.001,0,0.001,0.28391,0.66257,0.92304,0.65529,0.00408,0.08201,0.44389,0.00001,0,0.00001,0,-0.00153,0.00001,0.38304,1.58778,0.18354,0.46173,0.006,1.91827,0.17592,0.03819,0.12001,0.24403,1.4434,1.71719,1.96667,0.00002,2.35712,0.00188,0.08201,0.17592,1.71719,1.96667,0.44389,0.45236,0.38304,0.67626,2.35712,0.07117,0.64163
2026-05-21 12:00:00,3.32587,0,0.03398,0.01134,0,0.001,0,0.002,0.28594,0.67195,0.96688,0.77929,0.00408,0.08301,0.44389,0.00001,0,0.00001,0,-0.00445,0.00001,0.38304,1.63126,0.1835,0.47613,0.006,1.93395,0.17592,0.03961,0.11836,0.24503,1.44406,1.71719,1.95617,0.00003,2.36494,0.00187,0.08301,0.17592,1.71719,1.95617,0.44389,0.45236,0.38304,0.67475,2.36494,0.07089,0.6388
2026-05-21 13:00:00,3.45447,0,0.02862,0.00817,0.013,0.001,0,0.002,0.2819,0.67668,0.97244,1.1719,0.00408,0.08301,0.44389,0.00001,0,0.00001,0,0.07186,0.00001,0.38504,1.6759,0.1835,0.50947,0.006,1.94626,0.18056,0.03783,0.13908,0.24203,1.45882,1.72819,1.94219,0.00002,2.37277,0.00186,0.08301,0.18056,1.72819,1.94219,0.44389,0.45745,0.38504,0.6731,2.37277,0.07067,0.63592
2026-05-21 14:00:00,3.5825,0,0.02589,0.00675,0,0.001,0,0.002,0.28391,0.68617,0.978,1.55646,0.00408,0.08401,0.44389,0.00001,0,0.00001,0,0.15553,0.00001,0.38004,1.66013,0.1835,0.52219,0.006,1.95857,0.18289,0.03854,0.12333,0.24203,1.47364,1.72219,1.92477,0.00002,2.37277,0.00186,0.08401,0.18289,1.72219,1.92477,0.44389,0.4549,0.38004,0.6714,2.37277,0.07054,0.6359
2026-05-21 15:00:00,3.71018,0,0.03182,0.01067,0,0.001,0,0.002,0.2819,0.67668,1.00608,1.86601,0.00408,0.08401,0.44389,0.00001,0,0.00001,0,0.06751,0.00001,0.37804,1.6529,0.1835,0.52194,0.006,1.97089,0.18758,0.0399,0.10762,0.24403,1.48844,1.72819,1.90396,0.00003,2.36494,0.00185,0.08401,0.18758,1.72819,1.90396,0.44389,0.4549,0.37804,0.66974,2.36494,0.07037,0.63589
2026-05-21 16:00:00,3.70982,0,0.0473,0.01717,-0.012,0.001,0,0.002,0.29245,0.70054,0.9948,2.11026,0.00429,0.08601,0.44652,0.00001,0,0.00001,0,-0.02496,0.00001,0.38004,1.59859,0.1835,0.50475,0.006,1.9832,0.18994,0.04062,0.12171,0.24203,1.50312,1.72819,1.88324,0.00003,2.36494,0.00184,0.08601,0.18994,1.72819,1.88324,0.44652,0.4549,0.38004,0.66826,2.36494,0.07008,0.63587
2026-05-21 17:00:00,3.64594,0,0.04324,0.02292,0,0.001,0,0.002,0.29245,0.68617,0.978,2.3545,0.00452,0.0863,0.44652,0.00001,0,0.00001,0,-0.02496,0.00001,0.37804,1.56514,0.19296,0.51781,0.005,1.99551,0.18994,0.03813,0.106,0.24503,1.51773,1.72219,1.85917,0.00003,2.35712,0.00184,0.0863,0.18994,1.72219,1.85917,0.44652,0.4549,0.37804,0.66701,2.35712,0.06974,0.63585
2026-05-21 18:00:00,3.58214,0,0.03365,0.02467,0,0.001,0,0.002,0.28798,0.68617,1.01743,2.46934,0.00452,0.08657,0.44652,0.00001,0,0.00001,0,-0.01763,0.00001,0.37804,1.57076,0.19225,0.49458,0.005,2.00782,0.18994,0.03955,0.09855,0.24303,1.53243,1.71719,1.84517,0.00003,2.35712,0.00183,0.08657,0.18994,1.71719,1.84517,0.44652,0.4549,0.37804,0.66603,2.35712,0.06947,0.63583
2026-05-21 19:00:00,3.45447,0,0.04429,0.02892,0,0.001,0,0.002,0.28798,0.68617,1.01175,2.38682,0.00452,0.08684,0.44915,0.00001,0,0.00001,0,-0.09979,0.00001,0.38004,1.55912,0.19128,0.4687,0.005,2.02348,0.18994,0.04026,0.09108,0.24203,1.54682,1.71119,1.82336,0.00003,2.33374,0.00183,0.08684,0.18994,1.71119,1.82336,0.44915,0.45745,0.38004,0.66532,2.33374,0.06927,0.63581
2026-05-21 20:00:00,3.32615,0,0.04204,0.03209,0,0.001,0,0.001,0.28391,0.68141,1.00608,2.31172,0.00452,0.08707,0.45178,0.00001,0,0.00001,0,-0.19079,0.00001,0.38004,1.53295,0.20004,0.44492,0.005,2.03913,0.18994,0.04027,0.10682,0.24303,1.56128,1.71719,1.8125,0.00002,2.33374,0.00182,0.08707,0.18994,1.71719,1.8125,0.45178,0.45745,0.38004,0.6647,2.33374,0.06915,0.63579
2026-05-21 21:00:00,3.19812,0,0.02107,0.036,-0.012,0.001,0,0.001,0.28594,0.67668,0.98359,2.31099,0.00452,0.08735,0.45178,0.00001,0,0.00001,0,-0.09691,0.00001,0.38304,1.52913,0.20925,0.42749,0.006,2.05478,0.18994,0.04064,0.12257,0.24503,1.55977,1.71719,1.79446,0.00002,2.31046,0.00182,0.08735,0.18994,1.71719,1.79446,0.45178,0.46,0.38304,0.66411,2.31046,0.06899,0.63576
2026-05-21 22:00:00,3.1984,0,0.01026,0.04209,0,-0.011,0,0.001,0.29003,0.65791,0.9948,2.24586,0.00452,0.0877,0.45178,0.00001,0,0.00001,0,0.00583,0.00001,0.38504,1.56058,0.19861,0.43359,0.006,2.07043,0.18758,0.03922,0.09358,0.24203,1.55812,1.71719,1.78727,0.00002,2.28727,0.00181,0.0877,0.18758,1.71719,1.78727,0.45178,0.46,0.38504,0.66353,2.28727,0.06871,0.63572
2026-05-21 23:00:00,3.19812,0,0.01918,0.035,0,0.001,0,0.001,0.2949,0.65326,0.96135,2.05265,0.00452,0.08796,0.45178,0.00001,0,0.00001,0,0.00585,0.00001,0.38304,1.58994,0.16843,0.4222,0.005,2.08609,0.18758,0.041,0.12669,0.24203,1.55644,1.71119,1.77651,0.00002,2.27957,0.00181,0.08796,0.18758,1.71119,1.77651,0.45178,0.45745,0.38304,0.66296,2.27957,0.06839,0.63569
2026-05-22 00:00:00,3.06952,0,0.02815,0.02384,0,0.001,0,0.001,0.29735,0.64864,0.98359,1.6627,0.00452,0.08815,0.45178,0.00001,0,0.00001,0,0,0.00001,0.38004,1.58088,0.1779,0.42896,0.005,2.10174,0.18523,0.03852,0.14902,0.24303,1.55481,1.71719,1.76577,0.00001,2.24886,0.0018,0.08815,0.18523,1.71719,1.76577,0.45178,0.4549,0.38004,0.66241,2.24886,0.06813,0.63564
2026-05-22 01:00:00,3.06988,0,0.02762,0.01959,0,0.001,0,0.001,0.29003,0.65791,0.978,1.20633,0.00452,0.08825,0.45178,0.00001,0,0.00001,0,0.01763,0.00001,0.37604,1.5665,0.1779,0.40218,0.005,2.13949,0.18289,0.03922,0.13413,0.24103,1.55588,1.70519,1.75506,0.00002,2.23357,0.0018,0.08825,0.18289,1.70519,1.75506,0.45178,0.4549,0.37604,0.66184,2.23357,0.06794,0.63559
2026-05-22 02:00:00,3.19848,0,0.02754,0.01767,0,0.001,0,0.001,0.2779,0.63487,0.96688,0.81635,0.00452,0.08823,0.45178,0.00001,0,0.00001,0,0.03525,0.00001,0.37304,1.56615,0.16817,0.40893,0.005,2.17725,0.18056,0.04029,0.12751,0.24203,1.55705,1.71119,1.7515,0.00001,2.21833,0.00179,0.08823,0.18056,1.71119,1.7515,0.45178,0.45745,0.37304,0.66124,2.21833,0.06783,0.63553
2026-05-22 03:00:00,3.32615,0,0.0374,0.011,0,0.001,0,0.001,0.27591,0.63944,0.96688,0.42712,0.00452,0.08806,0.45178,0.00001,0,0.00001,0,0.0206,0.00001,0.37104,1.53525,0.16768,0.42611,0.005,2.215,0.18056,0.04058,0.12751,0.24103,1.55814,1.71719,1.74437,0.00001,2.19554,0.00179,0.08806,0.18056,1.71719,1.74437,0.45178,0.45236,0.37104,0.66062,2.19554,0.06766,0.63545
2026-05-22 04:00:00,3.39003,0,0.04729,-0.00658,0,0.001,0,0.001,0.27591,0.64403,0.95033,0.10302,0.00452,0.08779,0.44915,0.00001,0,0.00001,0,0.00006,0.00001,0.36604,1.51483,0.17735,0.43941,0.007,2.25275,0.18056,0.0413,0.1565,0.23903,1.55912,1.71119,1.73726,0.00002,2.20314,0.00178,0.08779,0.18056,1.71119,1.73726,0.44915,0.45236,0.36604,0.65992,2.20314,0.06739,0.63536
2026-05-22 05:00:00,3.51835,0,0.04724,-0.00342,0,0.001,0,0.001,0.27989,0.66725,0.95033,0.03777,0.00452,0.08749,0.44915,0.00001,0,0.00001,0,0.00297,0.00001,0.36604,1.55382,0.19716,0.44439,0.009,2.2905,0.18056,0.04059,0.1565,0.23703,1.56008,1.72219,1.73372,0.00002,2.18797,0.00178,0.08749,0.18056,1.72219,1.73372,0.44915,0.44982,0.36604,0.65908,2.18797,0.06707,0.63523
2026-05-22 06:00:00,3.73375,0,0.04712,0.01284,0,0.013,0,0.001,0.27989,0.68617,0.92846,0.10212,0.00452,0.08724,0.44915,0.00001,0,0.00001,0,0.00883,0.00001,0.36404,1.63167,0.18747,0.43618,0.01,2.32826,0.18056,0.04131,0.16727,0.23803,1.56108,1.71719,1.73017,0.00002,2.17287,0.00177,0.08724,0.18056,1.71719,1.73017,0.44915,0.44982,0.36404,0.65817,2.17287,0.06681,0.63507
2026-05-22 07:00:00,3.83516,0,0.04715,0.01175,0,0.001,0,0.001,0.2819,0.71996,0.9339,0.2343,0.00429,0.08701,0.44915,0.00001,0,0.00001,0,0.07337,0.00001,0.36404,1.69302,0.18743,0.49319,0.01,2.40436,0.18289,0.04096,0.19791,0.23903,1.56227,1.71719,1.72663,0.00002,2.15029,0.00177,0.08701,0.18289,1.71719,1.72663,0.44915,0.44982,0.36404,0.65729,2.15029,0.06663,0.63484
2026-05-22 08:00:00,3.80897,0,0.04715,0.00425,0.012,0.001,0,0.001,0.27198,0.74465,0.95033,0.36723,0.00429,0.08601,0.44652,0.00001,0,0.00001,0,0.06751,0.00001,0.36104,1.75794,0.18739,0.51398,0.01,2.48045,0.18056,0.03996,0.18881,0.23903,1.56352,1.71719,1.72309,0.00002,2.15029,0.00176,0.08601,0.18056,1.71719,1.72309,0.44652,0.44982,0.36104,0.65641,2.15029,0.06651,0.6345
2026-05-22 09:00:00,3.72791,0,0.04712,0.00725,0,0.001,0,0.001,0.27394,0.74465,0.978,0.36855,0.00408,0.08601,0.44652,0.00001,0,0.00001,0,-0.00291,0.00001,0.36104,1.86449,0.18739,0.53095,0.01,2.55655,0.18056,0.04133,0.19046,0.23803,1.56476,1.71719,1.71956,0.00002,2.15029,0.00176,0.08601,0.18056,1.71719,1.71956,0.44652,0.44982,0.36104,0.65556,2.15029,0.06636,0.63393
2026-05-22 10:00:00,3.6465,0,0.04703,0.01434,0,0.001,0,0.001,0.2779,0.78001,1.00043,0.36836,0.00408,0.08501,0.44652,0.00001,0,0.00001,0,0.00589,0.00001,0.36104,1.95546,0.19703,0.54505,0.01,2.63266,0.18056,0.04062,0.17636,0.23703,1.56587,1.72219,1.71602,0.00001,2.13529,0.00176,0.08501,0.18056,1.72219,1.71602,0.44652,0.44982,0.36104,0.65474,2.13529,0.0661,0.63279
2026-05-22 11:00:00,3.44503,0,0.047,0.01217,0,0.001,0,0.001,0.28594,0.79544,1.03457,0.43629,0.00408,0.08501,0.44652,0.00001,0,0.00001,0,0.00883,0.00001,0.35904,1.97297,0.19699,0.57242,0.01,2.70875,0.18056,0.04062,0.14573,0.23603,1.56695,1.72819,1.71956,0.00001,2.12781,0.00175,0.08501,0.18056,1.72819,1.71956,0.44652,0.44982,0.35904,0.65392,2.12781,0.06581,0.62936
2026-05-22 12:00:00,3.28443,0,0.0372,0.02,0,0.001,0,0.001,0.28594,0.79544,1.05765,0.77459,0.00388,0.08501,0.44389,0.00001,0,0.00001,0,0.00883,0.00001,0.36104,1.99596,0.19699,0.59698,0.01,2.78485,0.18289,0.0417,0.12916,0.23903,1.56808,1.73419,1.71956,0.00002,2.12034,0.00175,0.08501,0.18289,1.73419,1.71956,0.44389,0.45236,0.36104,0.65302,2.12034,0.06557,0.62571
2026-05-22 13:00:00,3.22861,0,0.02734,0.03067,0,0.001,0,0.001,0.2779,0.82153,1.08685,1.17865,0.00388,0.08501,0.44389,0.00001,0,0.00001,0,-0.06748,0.00001,0.35904,2.01933,0.20754,0.59064,0.01,2.82967,0.18523,0.041,0.09438,0.23703,1.56667,1.72819,1.71956,0.00002,2.11289,0.00174,0.08501,0.18523,1.72819,1.71956,0.44389,0.45236,0.35904,0.65214,2.11289,0.0654,0.62511
2026-05-22 14:00:00,3.1731,0,0.02754,0.03667,0,0.001,0,0.001,0.2779,0.80582,1.09274,1.51622,0.00388,0.08501,0.44389,0.00001,0,0.00001,0,-0.07925,0.00001,0.35604,2.02253,0.21809,0.60232,0.01,2.87448,0.18758,0.04173,0.10097,0.23803,1.56531,1.71719,1.71602,0.00001,2.09057,0.00173,0.08501,0.18758,1.71719,1.71602,0.44389,0.45745,0.35604,0.65128,2.09057,0.06529,0.62509
2026-05-22 15:00:00,3.1731,0,0.02784,0.03742,0,0.001,0,0.001,0.27394,0.8268,1.09865,1.98754,0.00408,0.08401,0.44652,0.00001,0,0.00001,0,-0.00883,0.00001,0.35904,2.03997,0.2084,0.59952,0.01,2.91929,0.18758,0.03995,0.10094,0.23603,1.56393,1.71719,1.71602,0.00002,2.07575,0.00173,0.08401,0.18758,1.71719,1.71602,0.44652,0.46256,0.35904,0.65051,2.07575,0.06514,0.62506
2026-05-22 16:00:00,3.1169,0,0.0282,0.03775,0,0.001,0,0.001,0.27591,0.8321,1.11051,2.45756,0.00452,0.08101,0.44652,0.00001,0,0.00001,0,-0.01468,0.00001,0.35904,2.05009,0.20927,0.58125,0.01,2.9641,0.18758,0.04066,0.10838,0.23503,1.56244,1.72219,1.7125,0.00002,2.06836,0.00172,0.08101,0.18758,1.72219,1.7125,0.44652,0.46513,0.35904,0.64991,2.06836,0.06489,0.62504
2026-05-22 17:00:00,3.11659,0,0.01877,0.04184,0,0.001,0,0.001,0.2779,0.83741,1.12843,2.79392,0.005,0.08001,0.44915,0.00001,0,0.00001,0,-0.02643,0.00001,0.36104,2.03963,0.21981,0.56042,0.009,3.00892,0.18758,0.04101,0.13902,0.23703,1.5609,1.71719,1.70897,0.00002,2.06836,0.00171,0.08001,0.18758,1.71719,1.70897,0.44915,0.47028,0.36104,0.64948,2.06836,0.0646,0.62501
2026-05-22 18:00:00,3.17217,0,0.01934,0.03042,0,0.001,0,0.001,0.27003,0.8321,1.12244,2.79392,0.00604,0.08001,0.44652,0.00001,0,0.00001,0,-0.02643,0.00001,0.36604,1.98673,0.21981,0.55496,0.009,3.05373,0.18994,0.04201,0.11418,0.23703,1.55943,1.71119,1.70545,0.00002,2.06098,0.0017,0.08001,0.18994,1.71119,1.70545,0.44652,0.47287,0.36604,0.64916,2.06098,0.06437,0.62498
2026-05-22 19:00:00,3.17248,0,0.02881,0.01867,0,0.001,0,0.001,0.27394,0.82153,1.13443,2.66081,0.00764,0.08001,0.44652,0.00001,0,0.00001,0,-0.0264,0.00001,0.36604,1.9354,0.21895,0.55104,0.009,3.02496,0.18994,0.04139,0.12495,0.23703,1.55824,1.71719,1.70545,0.00002,2.06098,0.0017,0.08001,0.18994,1.71719,1.70545,0.44652,0.47028,0.36604,0.64889,2.06098,0.06419,0.62495
2026-05-22 20:00:00,3.1169,0,0.03633,0.013,-0.012,0.001,0,0.001,0.27003,0.82153,1.12843,2.72873,0.00881,0.08101,0.44389,0.00001,0,0.00001,0,-0.02051,0.00001,0.36804,1.90691,0.2084,0.54872,0.009,2.99621,0.18994,0.04068,0.15809,0.23603,1.55714,1.70519,1.70193,0.00002,2.06098,0.00169,0.08101,0.18994,1.70519,1.70193,0.44389,0.4677,0.36804,0.64871,2.06098,0.06409,0.62491
2026-05-22 21:00:00,3.00519,0,0.03385,0.01467,0,0.001,0,0.001,0.26572,0.81104,1.12843,2.72873,0.00939,0.08101,0.44389,0.00001,0,0.00001,0,0.00589,0.00001,0.36804,1.87322,0.2084,0.52919,0.009,2.96744,0.18758,0.04276,0.12333,0.23703,1.55598,1.70519,1.70193,0.00001,2.05362,0.00169,0.08101,0.18758,1.70519,1.70193,0.44389,0.46513,0.36804,0.64872,2.05362,0.06395,0.62487
2026-05-22 22:00:00,3.00526,0,0.01216,0.013,0,0.001,0,0.001,0.27003,0.79028,1.09274,2.52836,0.00969,0.08101,0.44389,0.00001,0,0.00001,0,0.0176,0.00001,0.36804,1.83308,0.2173,0.53124,0.009,2.93867,0.18523,0.04134,0.0836,0.23503,1.55472,1.70019,1.70193,0.00001,2.04626,0.00169,0.08101,0.18523,1.70019,1.70193,0.44389,0.46,0.36804,0.64892,2.04626,0.0637,0.62482
2026-05-22 23:00:00,3.06115,0,0.01907,-0.00083,0,-0.011,0,0.001,0.27198,0.78001,1.09865,2.19333,0.00969,0.08201,0.44127,0.00001,0,0.00001,0,0.00586,0.00001,0.37104,1.78697,0.20684,0.51868,0.008,2.90991,0.18523,0.04205,0.0836,0.23503,1.55345,1.70019,1.70193,0.00001,2.03891,0.00168,0.08201,0.18523,1.70019,1.70193,0.44127,0.45745,0.37104,0.64924,2.03891,0.06342,0.62476
2026-05-23 00:00:00,3.06146,0,0.02576,-0.00158,0,0.001,0,0.001,0.27591,0.76475,1.10457,1.78918,0.00969,0.08201,0.44127,0.00001,0,0.00001,0,-0.00294,0.00001,0.37304,1.77627,0.20684,0.52436,0.008,2.88115,0.18523,0.0417,0.13163,0.23503,1.55221,1.69419,1.69841,0.00001,2.03891,0.00168,0.08201,0.18523,1.69419,1.69841,0.44127,0.45236,0.37304,0.64958,2.03891,0.0632,0.6247
2026-05-23 01:00:00,3.06146,0,0.02353,0.00367,0,0,0,0.001,0.27003,0.76982,1.11051,1.38441,0.00969,0.08201,0.44389,0.00001,0,0.00001,0,0.00583,0.00001,0.37604,1.77938,0.20688,0.49332,0.008,2.89876,0.18523,0.0417,0.15565,0.23503,1.55319,1.69419,1.69841,0.00001,2.03891,0.00168,0.08201,0.18523,1.69419,1.69841,0.44389,0.44982,0.37604,0.6498,2.03891,0.06304,0.62462
2026-05-23 02:00:00,3.17255,0,0.03242,0.00609,0,0,0,0.001,0.25727,0.75969,1.06928,0.91436,0.01001,0.08301,0.44127,0.00001,0,0.00001,0,0.03517,0.00001,0.37304,1.7756,0.20692,0.44362,0.008,2.91637,0.18758,0.0417,0.13163,0.23403,1.55424,1.70019,1.70193,0,2.04626,0.00167,0.08301,0.18758,1.70019,1.70193,0.44127,0.44477,0.37304,0.64993,2.04626,0.06294,0.62453
2026-05-23 03:00:00,3.39558,0,0.04179,-0.00017,0,0.001,0,0.001,0.25936,0.73968,1.06346,0.4444,0.01001,0.08301,0.44389,0.00001,0,0.00001,0,0.01171,0.00001,0.37304,1.781,0.20733,0.48409,0.008,2.93398,0.18289,0.04205,0.16642,0.23503,1.55524,1.69419,1.69841,0,2.04626,0.00167,0.08301,0.18289,1.69419,1.69841,0.44389,0.44225,0.37304,0.65001,2.04626,0.0628,0.62441
2026-05-23 04:00:00,3.56305,0,0.06046,0.00025,0,0.001,0,0.001,0.25936,0.74465,1.07512,0.24273,0.01033,0.08301,0.44127,0.00001,0,0.00001,0,-0.01468,0.00001,0.37104,1.81777,0.19884,0.50375,0.008,2.9516,0.18289,0.04278,0.19705,0.23303,1.55614,1.68819,1.70193,0.00001,2.05362,0.00167,0.08301,0.18289,1.68819,1.70193,0.44127,0.44225,0.37104,0.64999,2.05362,0.06257,0.62427
2026-05-23 05:00:00,3.67469,0,0.06017,0.01017,0,0.001,0,0.001,0.26572,0.74965,1.03457,0.17627,0.01066,0.08401,0.44127,0.00001,0,0.00001,0,0,0.00001,0.36604,1.89676,0.20927,0.53662,0.008,2.96921,0.18289,0.04136,0.19705,0.23303,1.55702,1.69419,1.69841,0.00001,2.05362,0.00166,0.08401,0.18289,1.69419,1.69841,0.44127,0.43974,0.36604,0.64993,2.05362,0.0623,0.62409
2026-05-23 06:00:00,3.71689,0,0.05995,0.00825,0,0.001,0,0.001,0.26572,0.78514,1.04608,0.17906,0.011,0.08501,0.44389,0.00001,0,0.00001,0,0.01174,0.00001,0.36604,1.95948,0.20923,0.55119,0.008,2.98682,0.18056,0.04171,0.16642,0.23503,1.55795,1.70519,1.69841,0.00001,2.06098,0.00166,0.08501,0.18056,1.70519,1.69841,0.44389,0.44225,0.36604,0.64967,2.06098,0.06209,0.62384
2026-05-23 07:00:00,3.73408,0,0.05981,0.00217,0,0.001,0,0.001,0.25107,0.80062,1.03457,0.30158,0.011,0.08601,0.44127,0.00001,0,0.00001,0,0.01177,0.00001,0.36404,2.02621,0.20923,0.59922,0.007,3.01453,0.18056,0.04171,0.1424,0.23303,1.55841,1.70019,1.70193,0.00001,2.06098,0.00166,0.08601,0.18056,1.70019,1.70193,0.44127,0.4467,0.36404,0.64915,2.06098,0.06194,0.6235
2026-05-23 08:00:00,3.73962,0,0.04086,0.00192,0,0.001,0,0.001,0.24903,0.8321,1.05765,0.28076,0.01135,0.08701,0.44127,0.00001,0,0.00001,0,-0.02343,0.00001,0.35904,2.09537,0.21892,0.64729,0.007,3.04223,0.18289,0.04171,0.1598,0.23303,1.55893,1.71719,1.70193,0.00001,2.06836,0.00165,0.08701,0.18289,1.71719,1.70193,0.44127,0.45114,0.35904,0.64852,2.06836,0.06184,0.62299
2026-05-23 09:00:00,3.68935,0,0.04077,0.00275,0,0.001,0,0.001,0.24903,0.84274,1.09274,0.24719,0.01135,0.08801,0.44127,0.00001,0,0.00001,0,-0.02637,0.00001,0.35604,2.18631,0.22856,0.64306,0.007,3.06993,0.18523,0.04279,0.1424,0.23203,1.55941,1.71119,1.70193,0.00001,2.07575,0.00164,0.08801,0.18523,1.71119,1.70193,0.44127,0.4556,0.35604,0.64772,2.07575,0.06171,0.62213
2026-05-23 10:00:00,3.63912,0,0.05013,0.00258,0,0.001,0,0.001,0.24903,0.85885,1.09865,0.18201,0.01171,0.09001,0.44389,0.00001,0,0.00001,0,-0.00877,0.00001,0.35604,2.25838,0.2277,0.65624,0.007,3.09762,0.18523,0.04173,0.1424,0.22903,1.55979,1.71119,1.70193,0.00001,2.08316,0.00164,0.09001,0.18523,1.71119,1.70193,0.44389,0.46,0.35604,0.6468,2.08316,0.0615,0.62042
2026-05-23 11:00:00,3.58909,0,0.04083,0.00042,0,0.001,0,0.001,0.24492,0.86425,1.11646,-0.01746,0.01171,0.09101,0.44389,0.00001,0,0.00001,0,-0.00291,0.00001,0.35604,2.27135,0.2172,0.65041,0.007,3.12533,0.18523,0.04173,0.12501,0.23103,1.56015,1.67719,1.69841,0.00001,2.09057,0.00164,0.09101,0.18523,1.67719,1.69841,0.44389,0.46513,0.35604,0.64592,2.09057,0.06124,0.61529
2026-05-23 12:00:00,3.60838,0,0.03147,-0.0065,0,0.001,0,0.001,0.24087,0.86425,1.14648,0.53333,0.01208,0.08901,0.44652,0.00001,0,0.00001,0,-0.00291,0.00001,0.35904,2.26508,0.22729,0.64625,0.008,3.15303,0.18758,0.04209,0.10762,0.22903,1.56056,1.60418,1.69841,0.00001,2.10543,0.00163,0.08901,0.18758,1.60418,1.69841,0.44652,0.4677,0.35904,0.6452,2.10543,0.06104,0.61482
2026-05-23 13:00:00,3.60838,0,0.03147,-0.00667,0,0.001,0,0.001,0.24289,0.85885,1.15253,1.0649,0.01208,0.08801,0.44915,0.00001,0,0.00001,0,-0.01171,0.00001,0.35904,2.23772,0.22771,0.64615,0.011,3.1606,0.18758,0.04246,0.12501,0.22903,1.55816,1.56517,1.69841,0.00001,2.12034,0.00162,0.08801,0.18758,1.56517,1.69841,0.44915,0.47028,0.35904,0.64465,2.12034,0.06089,0.61946
2026-05-23 14:00:00,3.56433,0,0.04092,-0.00442,0.012,0.001,0,0.001,0.24697,0.85346,1.1586,1.59799,0.01208,0.08801,0.45178,0.00001,0,0.00001,0,-0.01463,0.00001,0.36404,2.21396,0.22853,0.66343,0.013,3.16816,0.18994,0.0424,0.10264,0.23303,1.55581,1.54917,1.69841,0.00001,2.12781,0.00161,0.08801,0.18994,1.54917,1.69841,0.45178,0.47546,0.36404,0.6442,2.12781,0.0608,0.61112
2026-05-23 15:00:00,3.52028,0,0.0315,-0.00517,-0.012,0.001,0,0.001,0.24903,0.85885,1.16468,1.62362,0.01208,0.08901,0.45178,0.00001,0,0.00001,0,0.003,0.00001,0.36804,2.16019,0.22898,0.66115,0.013,3.17574,0.19706,0.04347,0.07201,0.23103,1.55346,1.53817,1.69841,0.00001,2.12781,0.00161,0.08901,0.19706,1.53817,1.69841,0.45178,0.48066,0.36804,0.64398,2.12781,0.06068,0.60834
2026-05-23 16:00:00,3.43225,0,0.0127,-0.004,0,0.001,0,0.001,0.26147,0.8268,1.1586,1.63403,0.01208,0.09001,0.45178,0.00001,0,0.00001,0,0.003,0.00001,0.38004,2.11353,0.22914,0.66103,0.013,3.18331,0.19945,0.04241,0.07036,0.23203,1.551,1.53217,1.6949,0.00002,2.14279,0.0016,0.09001,0.19945,1.53217,1.6949,0.45178,0.48589,0.38004,0.64397,2.14279,0.06048,0.60695
2026-05-23 17:00:00,3.34404,0,0.02181,-0.00342,0,0.001,0,0.001,0.25727,0.8268,1.15253,1.6385,0.01171,0.09101,0.45178,0.00001,0,0.00001,0,-0.01754,0.00001,0.38004,2.08875,0.24997,0.64776,0.012,3.19087,0.20185,0.0424,0.101,0.23103,1.54851,1.52117,1.69841,0.00001,2.15029,0.00159,0.09101,0.20185,1.52117,1.69841,0.45178,0.49114,0.38004,0.64419,2.15029,0.06024,0.60612
2026-05-23 18:00:00,3.25563,0,0.03015,0.0115,0,0.001,0,0.001,0.25936,0.8321,1.14648,1.64281,0.01171,0.09101,0.45178,0.00001,0,0.00001,0,-0.02343,0.00001,0.38504,2.06646,0.24089,0.63299,0.012,3.19845,0.20185,0.04347,0.12501,0.23503,1.54606,1.52117,1.70193,0.00001,2.1578,0.00158,0.09101,0.20185,1.52117,1.70193,0.45178,0.48851,0.38504,0.64481,2.1578,0.06005,0.60556
2026-05-23 19:00:00,3.16761,0,0.02839,0.01734,0,0.001,0,0.001,0.26572,0.81627,1.13443,1.63806,0.01135,0.09101,0.45178,0.00001,0,0.00001,0,0.02937,0.00001,0.39504,2.06629,0.24226,0.63114,0.012,3.19828,0.20185,0.04241,0.10762,0.23003,1.54352,1.52117,1.70545,0.00001,2.16533,0.00158,0.09101,0.20185,1.52117,1.70545,0.45178,0.49114,0.39504,0.64582,2.16533,0.05991,0.60516
2026-05-23 20:00:00,3.03567,0,0.01725,0.00608,0,0.001,0,0.001,0.26787,0.80062,1.12843,1.63059,0.01135,0.09101,0.45178,0.00001,0,0.00001,0,0.03814,0.00001,0.39504,2.05124,0.24282,0.5957,0.012,3.1981,0.19945,0.04276,0.11259,0.23103,1.54101,1.52117,1.70897,0.00001,2.18041,0.00157,0.09101,0.19945,1.52117,1.70897,0.45178,0.48327,0.39504,0.64707,2.18041,0.05982,0.60486
2026-05-23 21:00:00,2.94764,0,0.02506,0.013,0,0.001,0,0.001,0.27198,0.78514,1.12843,1.62325,0.011,0.09901,0.45178,0.00001,0,0.00001,0,-0.03523,0.00001,0.40004,1.97234,0.23328,0.58123,0.012,3.19793,0.19706,0.04384,0.13661,0.23103,1.53849,1.51617,1.7125,0.00001,2.20314,0.00157,0.09901,0.19706,1.51617,1.7125,0.45178,0.48066,0.40004,0.6485,2.20314,0.0597,0.60463
2026-05-23 22:00:00,2.90334,0,0.0234,0.012,0,0.001,0,0.001,0.26787,0.78001,1.11646,1.61152,0.01066,0.10001,0.45178,0.00001,0,0.00001,0,-0.03228,0.00001,0.40204,1.8832,0.23459,0.55942,0.012,3.19777,0.19706,0.0417,0.13163,0.22903,1.53587,1.52117,1.7125,0.00001,2.20314,0.00156,0.10001,0.19706,1.52117,1.7125,0.45178,0.47546,0.40204,0.65003,2.20314,0.0595,0.60445
2026-05-23 23:00:00,2.81513,0,0.01261,-0.00358,0,0.001,0,0.001,0.27003,0.75969,1.09865,1.60298,0.01033,0.09901,0.45442,0.00001,0,0.00001,0,-0.00589,0.00001,0.39804,1.88801,0.21486,0.5549,0.012,3.19759,0.19468,0.04348,0.11839,0.23103,1.53322,1.51617,1.71956,0.00001,2.21833,0.00156,0.09901,0.19468,1.51617,1.71956,0.45442,0.4677,0.39804,0.65156,2.21833,0.05926,0.6043
2026-05-24 00:00:00,2.7271,0,0.01211,-0.01242,0,0.001,0,0.001,0.26787,0.73968,1.08098,1.60046,0.01001,0.09901,0.45442,0.00001,0,0.00001,0,-0.00294,0.00001,0.40004,1.86407,0.22463,0.54085,0.012,3.19742,0.19231,0.04133,0.13413,0.23003,1.53062,1.52117,1.71602,0.00001,2.22595,0.00155,0.09901,0.19231,1.52117,1.71602,0.45442,0.46256,0.40004,0.65298,2.22595,0.05907,0.60417
2026-05-24 01:00:00,2.72691,0,0.00276,-0.004,0,0.001,0,0.001,0.27591,0.73968,1.07512,1.59064,0.00969,0.09901,0.45972,0.00001,0,0.00001,0,-0.04403,0.00001,0.40204,1.79632,0.22386,0.52673,0.012,3.21842,0.19231,0.04347,0.14075,0.22903,1.53061,1.51017,1.7125,0.00001,2.23357,0.00155,0.09901,0.19231,1.51017,1.7125,0.45972,0.45745,0.40204,0.65431,2.23357,0.05893,0.60406
2026-05-24 02:00:00,2.81494,0,0.02142,0.00783,0,0,0,0.001,0.27198,0.71996,1.05765,1.57384,0.00939,0.10001,0.45707,0.00001,0,0.00001,0,-0.04697,0.00001,0.39804,1.79687,0.21376,0.51294,0.012,3.23943,0.19231,0.04203,0.1424,0.22903,1.53067,1.51017,1.70897,0.00001,2.24121,0.00154,0.10001,0.19231,1.51017,1.70897,0.45707,0.45745,0.39804,0.65546,2.24121,0.05885,0.60397
2026-05-24 03:00:00,2.85904,0,0.02117,0.00175,0,0.013,0,0.001,0.27003,0.71508,1.05185,1.55594,0.00939,0.10101,0.45707,0.00001,0,0.00001,0,0.00583,0.00001,0.39804,1.86711,0.21376,0.49452,0.012,3.26044,0.19231,0.04347,0.14902,0.22803,1.5307,1.51017,1.70545,0.00001,2.25652,0.00154,0.10101,0.19231,1.51017,1.70545,0.45707,0.4549,0.39804,0.65634,2.25652,0.05873,0.60389
2026-05-24 04:00:00,2.90334,0,0.0209,-0.00292,0,0.001,0,0.001,0.26787,0.72978,1.02312,1.54712,0.00909,0.10201,0.45707,0.00001,0,0.00001,0,0.00874,0.00001,0.39004,1.93705,0.21294,0.51038,0.012,3.28144,0.19468,0.04132,0.15565,0.23003,1.53064,1.50517,1.69841,0.00001,2.25652,0.00154,0.10201,0.19468,1.50517,1.69841,0.45707,0.45236,0.39004,0.65698,2.25652,0.05854,0.60382
2026-05-24 05:00:00,3.03567,0,0.02992,0.01425,0,0.001,0,0.001,0.26572,0.74465,1.01743,1.53255,0.00881,0.10201,0.45972,0.00001,0,0.00001,0,0.00874,0.00001,0.38804,1.90978,0.22257,0.51083,0.012,3.30245,0.19468,0.04417,0.17304,0.22903,1.53054,1.51617,1.69139,0.00001,2.24886,0.00153,0.10201,0.19468,1.51617,1.69139,0.45972,0.44982,0.38804,0.65741,2.24886,0.05832,0.60376
2026-05-24 06:00:00,3.21191,0,0.0295,0.018,0,0.001,0,0.001,0.26787,0.76475,1.00608,1.52408,0.00853,0.10201,0.45972,0.00001,0,0.00001,0,0.01168,0.00001,0.38504,1.96751,0.21284,0.52466,0.012,3.32345,0.19706,0.0424,0.14902,0.22703,1.53051,1.51617,1.68088,0.00001,2.24886,0.00153,0.10201,0.19706,1.51617,1.68088,0.45972,0.44982,0.38504,0.65763,2.24886,0.05814,0.60371
2026-05-24 07:00:00,3.28248,0,0.05739,0.00658,0,0.001,0,0.001,0.27003,0.80062,1.00043,1.50103,0.00826,0.10201,0.46238,0.00001,0,0.00001,0,-0.00003,0.00001,0.38304,2.06655,0.21284,0.54025,0.012,3.35343,0.19945,0.0424,0.15565,0.22503,1.53048,1.51617,1.67738,0.00001,2.24886,0.00153,0.10201,0.19945,1.51617,1.67738,0.46238,0.44982,0.38304,0.65773,2.24886,0.05801,0.60366
2026-05-24 08:00:00,3.32217,0,0.05726,0.00467,0,0.001,0,0.001,0.27003,0.80062,1.03457,1.48956,0.00826,0.10301,0.46238,0.00001,0,0.00001,0,0.00291,0.00001,0.38304,2.10836,0.22253,0.57195,0.012,3.38342,0.20185,0.04167,0.15564,0.22703,1.53048,1.52117,1.66691,0.00001,2.24886,0.00152,0.10301,0.20185,1.52117,1.66691,0.46238,0.44729,0.38304,0.65778,2.24886,0.05793,0.60361
2026-05-24 09:00:00,3.38834,0,0.04776,0.00383,0,0.001,0,0.001,0.26572,0.82153,1.05185,1.47921,0.00826,0.10401,0.46238,0.00001,0,0.00001,0,0.0088,0.00001,0.38004,2.15264,0.23303,0.60599,0.012,3.41341,0.20426,0.04173,0.15979,0.22903,1.53046,1.52717,1.65645,0.00001,2.27187,0.00152,0.10401,0.20426,1.52717,1.65645,0.46238,0.44982,0.38004,0.65777,2.27187,0.05782,0.60357
2026-05-24 10:00:00,3.52066,0,0.05702,0.00667,0,-0.011,0,0.001,0.26572,0.84274,1.06346,1.47172,0.00826,0.10401,0.46504,0.00001,0,0.00001,0,0.00294,0.00001,0.38004,2.17869,0.23381,0.59712,0.012,3.44339,0.20426,0.04173,0.15979,0.22703,1.53037,1.52717,1.65298,0.00001,2.27957,0.00152,0.10401,0.20426,1.52717,1.65298,0.46504,0.45236,0.38004,0.65781,2.27957,0.05764,0.60354
2026-05-24 11:00:00,3.65298,0,0.05705,0.00283,0,0.001,0,0.001,0.26572,0.84274,1.08685,1.49549,0.00826,0.10601,0.46771,0.00001,0,0.00001,0,-0.0088,0.00001,0.38004,2.24423,0.22408,0.62499,0.012,3.47338,0.20426,0.04065,0.1341,0.22402,1.53025,1.52717,1.6495,0.00001,2.295,0.00151,0.10601,0.20426,1.52717,1.6495,0.46771,0.4549,0.38004,0.65788,2.295,0.05743,0.6035
2026-05-24 12:00:00,3.62199,0,0.05708,-0.00317,0,0.001,0,0.001,0.27394,0.84274,1.11051,1.51622,0.008,0.10801,0.46771,0.00001,0,0.00001,0,-0.0088,0.00001,0.38004,2.24945,0.23454,0.66372,0.011,3.50336,0.20426,0.04207,0.14484,0.22503,1.53017,1.53817,1.64603,0.00001,2.295,0.00151,0.10801,0.20426,1.53817,1.64603,0.46771,0.45745,0.38004,0.65801,2.295,0.05726,0.59724
2026-05-24 13:00:00,3.58723,0,0.03825,-0.00508,0,0.001,0,0.001,0.2819,0.86425,1.13443,1.52849,0.00764,0.11001,0.46771,0.00001,0,0.00001,0,0,0.00001,0.38004,2.25685,0.23536,0.66233,0.011,3.51037,0.20668,0.04172,0.10676,0.22402,1.52772,1.53817,1.64257,0.00001,2.30272,0.0015,0.11001,0.20668,1.53817,1.64257,0.46771,0.45745,0.38004,0.65816,2.30272,0.05713,0.59096
2026-05-24 14:00:00,3.55247,0,0.01947,-0.009,0,0.001,0,0.001,0.28391,0.88058,1.14045,1.5479,0.00729,0.11301,0.47039,0.00001,0,0.00001,0,-0.0088,0.00001,0.37804,2.28918,0.23546,0.64328,0.012,3.51738,0.20668,0.04208,0.09602,0.22703,1.52533,1.53817,1.63911,0.00001,2.30272,0.00149,0.11301,0.20668,1.53817,1.63911,0.47039,0.46256,0.37804,0.65825,2.30272,0.05706,0.59093
2026-05-24 15:00:00,3.51772,0,0.02889,-0.00725,0,0.001,0,0.001,0.27198,0.87512,1.14648,1.57015,0.00729,0.11301,0.47307,0.00001,0,0.00001,0,-0.01469,0.00001,0.38304,2.25453,0.25292,0.60488,0.012,3.51293,0.20426,0.04245,0.12168,0.22503,1.5229,1.53217,1.63565,0.00001,2.28727,0.00149,0.11301,0.20426,1.53217,1.63565,0.47307,0.46256,0.38304,0.65833,2.28727,0.05695,0.5909
2026-05-24 16:00:00,3.48296,0,0.03834,-0.00425,0,0.001,0,0.001,0.26147,0.88058,1.16468,1.59254,0.00729,0.11301,0.47307,0.00001,0,0.00001,0,0.0352,0.00001,0.38804,2.20876,0.27891,0.6166,0.012,3.50848,0.20426,0.04066,0.10429,0.22503,1.52038,1.53217,1.62977,0.00001,2.27957,0.00148,0.11301,0.20426,1.53217,1.62977,0.47307,0.46256,0.38804,0.65849,2.27957,0.05677,0.59086
2026-05-24 17:00:00,3.44819,0,0.03862,-0.00333,0,0.001,0,0.001,0.26147,0.87512,1.18303,1.60141,0.00696,0.11201,0.47575,0.00001,0,0.00001,0,0.02934,0.00001,0.39804,2.1659,0.31553,0.59116,0.012,3.50404,0.20426,0.04136,0.09687,0.22703,1.51786,1.52717,1.62683,0.00001,2.27957,0.00147,0.11201,0.20426,1.52717,1.62683,0.47575,0.46256,0.39804,0.65876,2.27957,0.05656,0.59081
2026-05-24 18:00:00,3.41343,0,0.0304,0.00275,0,0.001,0,0.001,0.25312,0.86425,1.17078,1.60584,0.00696,0.11301,0.47575,0.00001,0,0.00001,0,-0.02352,0.00001,0.40505,2.1259,0.33196,0.51781,0.012,3.49959,0.20426,0.04136,0.10517,0.22503,1.51537,1.52117,1.62683,0.00001,2.27187,0.00146,0.11301,0.20426,1.52117,1.62683,0.47575,0.46513,0.40505,0.65901,2.27187,0.0564,0.59076
2026-05-24 19:00:00,3.43608,0,0.02293,0.00342,0,0.001,0,0.001,0.23687,0.86425,1.16468,1.61974,0.00664,0.11201,0.47575,0.00001,0,0.00001,0,-0.0294,0.00001,0.41505,2.04693,0.33771,0.503,0.012,3.50106,0.20426,0.04206,0.10765,0.22503,1.51663,1.52117,1.6239,0.00001,2.27187,0.00145,0.11201,0.20426,1.52117,1.6239,0.47575,0.46256,0.41505,0.65922,2.27187,0.05627,0.59071
2026-05-24 20:00:00,3.45873,0,0.03425,-0.00008,0,0.001,0,0.001,0.22718,0.85346,1.1586,1.63734,0.00633,0.11401,0.47575,0.00001,0,0.00001,0,-0.02351,0.00001,0.41505,1.97264,0.35405,0.48759,0.012,3.50252,0.20426,0.04171,0.11674,0.22503,1.51794,1.52117,1.62097,0.00001,2.25652,0.00145,0.11401,0.20426,1.52117,1.62097,0.47575,0.46256,0.41505,0.65949,2.25652,0.0562,0.59065
2026-05-24 21:00:00,3.48139,0,0.03622,0.00275,0,0.001,0,0.001,0.2235,0.84809,1.15253,1.63245,0.00633,0.11501,0.47575,0.00001,0,0.00001,0,0.0176,0.00001,0.41505,1.99203,0.3627,0.47436,0.012,3.50399,0.20185,0.04136,0.11094,0.22703,1.51922,1.52117,1.61804,0.00001,2.24121,0.00145,0.11501,0.20185,1.52117,1.61804,0.47575,0.46256,0.41505,0.65982,2.24121,0.0561,0.59058
2026-05-24 22:00:00,3.50404,0,0.02884,0.01109,0,0.001,0,0.001,0.24289,0.84274,1.1586,1.62505,0.00604,0.11601,0.47575,0.00001,0,0.00001,0,-0.0264,0.00001,0.41705,1.99954,0.35247,0.45995,0.012,3.50546,0.20185,0.04171,0.12834,0.22503,1.52045,1.51617,1.61804,0.00001,2.24121,0.00144,0.11601,0.20185,1.51617,1.61804,0.47575,0.46256,0.41705,0.66016,2.24121,0.05593,0.5905
2026-05-24 23:00:00,3.52669,0,0.02111,0.01725,0,0.001,0,0.001,0.24492,0.81627,1.14648,1.61931,0.00576,0.11701,0.47575,0.00001,0,0.00001,0,-0.04694,0.00001,0.41205,1.94161,0.33256,0.44162,0.012,3.50692,0.20185,0.04135,0.14405,0.22402,1.52163,1.51617,1.61219,0.00001,2.23357,0.00144,0.11701,0.20185,1.51617,1.61219,0.47575,0.46256,0.41205,0.66051,2.23357,0.05573,0.59041
2026-05-25 00:00:00,3.57424,0,0.02194,-0.00075,0,0.001,0,0.001,0.23489,0.80582,1.12244,1.61377,0.0055,0.11901,0.47844,0.00001,0,0.00001,0,0.01177,0.00001,0.41505,1.87584,0.33256,0.45837,0.013,3.50839,0.20185,0.04206,0.12666,0.22503,1.52287,1.51017,1.60635,0.00001,2.21833,0.00143,0.11901,0.20185,1.51017,1.60635,0.47844,0.46256,0.41505,0.6608,2.21833,0.05558,0.5903
2026-05-25 01:00:00,3.58863,0,0.03144,-0.00808,-0.012,0.001,0,0.001,0.23292,0.80582,1.13443,1.61868,0.00524,0.12001,0.47844,0.00001,0,0.00001,0,0.01471,0.00001,0.41705,1.8626,0.35275,0.43893,0.013,3.53106,0.20185,0.04063,0.16642,0.22503,1.53156,1.51017,1.60343,0.00001,2.21833,0.00143,0.12001,0.20185,1.51017,1.60343,0.47844,0.46513,0.41705,0.661,2.21833,0.05546,0.59017
2026-05-25 02:00:00,3.60303,0,0.03147,-0.00142,0.012,0.001,0,0.001,0.23097,0.80062,1.10457,1.61498,0.00524,0.12101,0.47844,0.00001,0,0.00001,0,0.01471,0.00001,0.41505,1.87723,0.35303,0.43634,0.013,3.55374,0.20185,0.04069,0.16642,0.22202,1.54029,1.51017,1.59761,0.00001,2.21073,0.00142,0.12101,0.20185,1.51017,1.59761,0.47844,0.46513,0.41505,0.6612,2.21073,0.05539,0.59002
2026-05-25 03:00:00,3.61742,0,0.03147,-0.005,0,0.001,0,0.001,0.22903,0.80062,1.08098,1.59944,0.005,0.12201,0.48114,0.00001,0,0.00001,0,-0.02051,0.00001,0.41505,1.88456,0.33312,0.45172,0.014,3.57641,0.20426,0.0407,0.1341,0.22503,1.54901,1.50517,1.5947,0.00001,2.21833,0.00142,0.12201,0.20426,1.50517,1.5947,0.48114,0.46513,0.41505,0.66137,2.21833,0.05529,0.58983
2026-05-25 04:00:00,3.63181,0,0.03147,-0.00967,0,0.001,0,0.001,0.22534,0.80582,1.07512,1.60916,0.005,0.12301,0.48384,0.00001,0,0.00001,0,-0.0264,0.00001,0.41205,1.90314,0.33366,0.43302,0.015,3.59908,0.20426,0.03997,0.13575,0.22402,1.55764,1.51017,1.59179,0.00001,2.23357,0.00142,0.12301,0.20426,1.51017,1.59179,0.48384,0.46513,0.41205,0.66154,2.23357,0.05512,0.5896
2026-05-25 05:00:00,3.64621,0,0.04089,-0.01375,0,0.001,0,0.001,0.21987,0.80582,1.07512,1.5969,0.00452,0.12401,0.48384,0.00001,0,0.00001,0,0.04402,0.00001,0.41005,1.98386,0.35344,0.44974,0.024,3.62176,0.20426,0.0414,0.14405,0.22402,1.56625,1.51617,1.58598,0.00001,2.23357,0.00141,0.12401,0.20426,1.51617,1.58598,0.48384,0.48327,0.41005,0.6617,2.23357,0.05493,0.5893
2026-05-25 06:00:00,3.6606,0,0.05025,0.003,0,0.001,0,0.001,0.21453,0.8268,1.08098,1.57981,0.00429,0.12501,0.48384,0.00001,0,0.00001,0,0.03817,0.00001,0.40705,2.10042,0.37267,0.48378,0.021,3.64443,0.20668,0.04034,0.14405,0.22302,1.5749,1.51017,1.58018,0.00001,2.24121,0.00141,0.12501,0.20668,1.51017,1.58018,0.48384,0.46513,0.40705,0.66193,2.24121,0.05477,0.5889
2026-05-25 07:00:00,3.64861,0,0.05034,0.01308,0,0.001,0,0.001,0.2163,0.8268,1.09274,1.57619,0.00408,0.12601,0.48925,0.00001,0,0.00001,0,-0.00291,0.00001,0.40505,2.18194,0.38235,0.50123,0.02,3.64764,0.20426,0.03997,0.11091,0.22302,1.57349,1.51017,1.57714,0.00001,2.24121,0.00141,0.12601,0.20426,1.51017,1.57714,0.48925,0.46513,0.40505,0.66225,2.24121,0.05466,0.58835
2026-05-25 08:00:00,3.63662,0,0.05508,0.01408,0,0.001,0,0.001,0.2163,0.84809,1.08685,1.58356,0.00388,0.12801,0.48925,0.00001,0,0.00001,0,-0.00294,0.00001,0.40705,2.22442,0.38276,0.50221,0.02,3.65085,0.20426,0.0396,0.101,0.22402,1.57211,1.51617,1.57409,0.00001,2.24886,0.0014,0.12801,0.20426,1.51617,1.57409,0.48925,0.4677,0.40705,0.66257,2.24886,0.05459,0.58751
2026-05-25 09:00:00,3.62464,0,0.06914,0.01208,0,0.001,0,0.001,0.21808,0.83741,1.11646,1.58989,0.00369,0.12801,0.49197,0.00001,0,0.00001,0,-0.00294,0.00001,0.40505,2.22648,0.39299,0.5195,0.021,3.65406,0.20668,0.04066,0.10929,0.22202,1.57072,1.52117,1.56497,0.00001,2.25652,0.0014,0.12801,0.20668,1.52117,1.56497,0.49197,0.47028,0.40505,0.66296,2.25652,0.0545,0.58612
2026-05-25 10:00:00,3.61265,0,0.05674,0.00027,0,0.001,0,0.001,0.21987,0.84274,1.11646,1.59922,0.00333,0.12901,0.4947,0.00001,0,0.00001,0,0,0.00001,0.40505,2.21024,0.38119,0.57101,0.021,3.65727,0.21153,0.0403,0.11692,0.22002,1.56924,1.52117,1.56194,0.00001,2.25652,0.0014,0.12901,0.21153,1.52117,1.56194,0.4947,0.47546,0.40505,0.66341,2.25652,0.05435,0.58333
2026-05-25 11:00:00,3.60066,0,0.04434,0.00024,0,0.001,0,0.001,0.2163,0.83741,1.12843,1.59574,0.00333,0.13001,0.4947,0.00001,0,0.00001,0,0,0.00001,0.40505,2.1901,0.3694,0.62254,0.02,3.66048,0.21397,0.04065,0.12455,0.22202,1.56776,1.49917,1.55891,0.00001,2.26419,0.00139,0.13001,0.21397,1.49917,1.55891,0.4947,0.48066,0.40505,0.66388,2.26419,0.05418,0.57496
2026-05-25 12:00:00,3.58867,0,0.03194,0.00021,0,0.001,0,0.001,0.21453,0.83741,1.14648,1.61439,0.00316,0.13001,0.4947,0.00001,0,0.00001,0,0,0.00001,0.40505,2.16775,0.35761,0.67405,0.02,3.66369,0.21642,0.03993,0.13219,0.22302,1.56633,1.47216,1.55589,0.00001,2.26419,0.00139,0.13001,0.21642,1.47216,1.55589,0.4947,0.48589,0.40505,0.6644,2.26419,0.05405,0.57379
2026-05-25 13:00:00,3.57928,0,0.03192,0.00019,0,0.00099,0,0.001,0.21446,0.8245,1.14045,1.6182,0.00312,0.13001,0.49524,0,0,0.00001,0,0,0,0.40826,2.15518,0.34407,0.67072,0.019,3.64422,0.2167,0.03956,0.13572,0.22269,1.56063,1.42406,1.55384,0,2.26093,0.00138,0.13001,0.2167,1.42406,1.55384,0.49524,0.48707,0.40826,0.66505,2.26093,0.05395,0.57299
2026-05-25 14:00:00,3.56989,0,0.0319,0.00017,0,0.00099,0,0.00099,0.21439,0.80828,1.13612,1.62419,0.00311,0.12994,0.49567,0,0,0.00001,0,0,0,0.41226,2.14197,0.33053,0.66738,0.019,3.62475,0.21686,0.03918,0.13743,0.22262,1.55495,1.37473,1.55176,0,2.25762,0.00137,0.12994,0.21686,1.37473,1.55176,0.49567,0.48833,0.41226,0.66588,2.25762,0.05389,0.57296
2026-05-25 15:00:00,3.5605,0,0.03187,0.00016,0,0.00099,0,0.00099,0.21432,0.79224,1.12845,1.63796,0.00311,0.1297,0.49601,0,0,0.00001,0,0,0,0.41595,2.12774,0.317,0.66405,0.01901,3.60528,0.21691,0.03881,0.13787,0.22279,1.54925,1.35831,1.54978,0,2.25432,0.00137,0.1297,0.21691,1.35831,1.54978,0.49601,0.48963,0.41595,0.66687,2.25432,0.0538,0.57293
2026-05-25 16:00:00,3.55111,0,0.03184,0.00014,0,0.00098,0,0.00099,0.21425,0.77638,1.11464,1.63431,0.0031,0.12944,0.49624,0,0,0.00001,0,0,0,0.41866,2.11221,0.30346,0.66071,0.01901,3.5858,0.21694,0.03844,0.13765,0.22311,1.54349,1.35287,1.54777,0,2.25108,0.00136,0.12944,0.21694,1.35287,1.54777,0.49624,0.49088,0.41866,0.66797,2.25108,0.05364,0.57289
2026-05-25 17:00:00,3.54172,0,0.0318,0.0001,0,0.00098,0,0.00098,0.21417,0.76074,1.09773,1.62553,0.0031,0.1292,0.49638,0,0,0.00001,0,0,0,0.42079,2.09593,0.28992,0.65738,0.01901,3.56633,0.21707,0.03806,0.13712,0.22264,1.53769,1.3511,1.54589,0,2.24798,0.00135,0.1292,0.21707,1.3511,1.54589,0.49638,0.49204,0.42079,0.66917,2.24798,0.05346,0.57284
2026-05-25 18:00:00,3.53233,0,0.03177,0.00007,0,0.00098,0,0.00098,0.21409,0.74196,1.08214,1.61417,0.00309,0.12898,0.49642,0,0,0.00001,0,0,0,0.42259,2.07924,0.27638,0.65404,0.01901,3.54686,0.2172,0.03769,0.13641,0.22117,1.53195,1.35055,1.54437,0,2.24503,0.00134,0.12898,0.2172,1.35055,1.54437,0.49642,0.49315,0.42259,0.67045,2.24503,0.05332,0.5728
2026-05-25 19:00:00,3.55664,0,0.03174,0.00005,0,0.00098,0,0.00098,0.21401,0.72987,1.06671,1.59756,0.00309,0.12889,0.4964,0,0,0.00001,0,0,0,0.42416,2.06233,0.26235,0.65138,0.01902,3.53319,0.2174,0.03766,0.13603,0.2194,1.5268,1.35039,1.54293,0,2.24226,0.00134,0.12889,0.2174,1.35039,1.54293,0.4964,0.49422,0.42416,0.67179,2.24226,0.05321,0.57274
2026-05-25 20:00:00,3.58095,0,0.03171,0.00004,0,0.00098,0,0.00098,0.21393,0.71772,1.05006,1.57774,0.00308,0.12894,0.49633,0,0,0.00001,0,0,0,0.42554,2.0453,0.24833,0.64872,0.01902,3.51952,0.21762,0.03763,0.13578,0.21773,1.52171,1.35038,1.54142,0,2.2397,0.00133,0.12894,0.21762,1.35038,1.54142,0.49633,0.49522,0.42554,0.67316,2.2397,0.05315,0.57268
2026-05-25 21:00:00,3.60526,0,0.03168,0.00003,0,0.00097,0,0.00097,0.21385,0.71239,1.03276,1.55856,0.00308,0.12911,0.49623,0,0,0.00001,0,0,0,0.42682,2.03243,0.2343,0.64606,0.01902,3.50586,0.21772,0.03761,0.13554,0.21592,1.51658,1.3504,1.54017,0,2.23732,0.00133,0.12911,0.21772,1.3504,1.54017,0.49623,0.49617,0.42682,0.67455,2.23732,0.05306,0.57262
2026-05-25 22:00:00,3.62957,0,0.03166,0.00003,0,0.00097,0,0.00097,0.21378,0.70701,1.01786,1.54014,0.00307,0.12938,0.49616,0,0,0.00001,0,0,0,0.42801,2.02604,0.23325,0.64341,0.01902,3.49219,0.21788,0.03758,0.13533,0.21388,1.5114,1.35044,1.53926,0,2.23512,0.00132,0.12938,0.21788,1.35044,1.53926,0.49616,0.49705,0.42801,0.67595,2.23512,0.05292,0.57254
2026-05-25 23:00:00,3.65388,0,0.03163,0.00002,0,0.00096,0,0.00096,0.2137,0.70164,1.00621,1.52106,0.00307,0.12962,0.49611,0,0,0.00001,0,0,0,0.4291,2.02315,0.23221,0.64075,0.01903,3.47852,0.21803,0.03755,0.13514,0.21233,1.5062,1.3505,1.53845,0,2.23311,0.00131,0.12962,0.21803,1.3505,1.53845,0.49611,0.49788,0.4291,0.67734,2.23311,0.05275,0.57245
2026-05-26 00:00:00,3.67819,0,0.0316,0.00002,0,0.00096,0,0.00096,0.21363,0.70966,0.99757,1.50136,0.00306,0.12984,0.49611,0,0,0.00001,0,0,0,0.43014,2.02216,0.23117,0.63809,0.01903,3.46485,0.218,0.03752,0.13497,0.21116,1.50102,1.35055,1.53711,0,2.23126,0.00131,0.12984,0.218,1.35055,1.53711,0.49611,0.49863,0.43014,0.67874,2.23126,0.05261,0.57235
2026-05-26 01:00:00,3.68517,0,0.03158,0.00001,0,0.00096,0,0.00096,0.21356,0.74167,0.99212,1.48357,0.00306,0.13,0.49572,0,0,0,0,0,0,0.43109,2.02219,0.23088,0.64069,0.01948,3.47189,0.21784,0.03769,0.13568,0.21034,1.4995,1.35061,1.53471,0,2.22957,0.00131,0.13,0.21784,1.35061,1.53471,0.49572,0.49933,0.43109,0.68011,2.22957,0.05252,0.57222
2026-05-26 02:00:00,3.69215,0,0.03156,0.00001,0,0.00096,0,0.00095,0.21348,0.76741,0.99137,1.46918,0.00305,0.13014,0.49498,0,0,0,0,0,0,0.43199,2.02276,0.23059,0.64329,0.01949,3.47893,0.21763,0.03787,0.13649,0.20975,1.49802,1.35066,1.53092,0,2.22803,0.0013,0.13014,0.21763,1.35066,1.53092,0.49498,0.49996,0.43199,0.68148,2.22803,0.05246,0.57208
2026-05-26 03:00:00,3.69914,0,0.03153,0.00001,0,0.00096,0,0.00095,0.21341,0.80063,1.00308,1.45825,0.00305,0.13024,0.49441,0,0,0,0,0,0,0.43282,2.02658,0.2303,0.64589,0.01949,3.48597,0.21743,0.03806,0.13732,0.20929,1.49652,1.3507,1.5254,0,2.22665,0.0013,0.13024,0.21743,1.3507,1.5254,0.49441,0.50055,0.43282,0.68283,2.22665,0.05238,0.5719
2026-05-26 04:00:00,3.70612,0,0.03151,0,0,0.00095,0,0.00095,0.21334,0.8345,1.02455,1.45272,0.00304,0.13031,0.49396,0,0,0,0,0,0,0.43358,2.03513,0.23,0.64849,0.01949,3.49301,0.21735,0.03823,0.13819,0.20886,1.49494,1.35076,1.51833,0,2.2254,0.0013,0.13031,0.21735,1.35076,1.51833,0.49396,0.5011,0.43358,0.68415,2.2254,0.05224,0.57167
2026-05-26 05:00:00,3.7131,0,0.03149,0,0,0.00095,0,0.00095,0.21327,0.86545,1.05092,1.44807,0.00304,0.13039,0.49363,0,0,0,0,0,0,0.43429,2.04625,0.22971,0.65109,0.01949,3.50005,0.21729,0.0384,0.13905,0.20852,1.49337,1.35081,1.51042,0,2.22428,0.00129,0.13039,0.21729,1.35081,1.51042,0.49363,0.50159,0.43429,0.68543,2.22428,0.05209,0.57138
2026-05-26 06:00:00,3.72008,0,0.03146,0,0,0.00095,0,0.00095,0.21319,0.88958,1.08227,1.45052,0.00303,0.13048,0.49338,0,0,0,0,0,0,0.43495,2.05876,0.22942,0.65369,0.0195,3.50709,0.21724,0.03858,0.13992,0.20825,1.49182,1.35086,1.50245,0,2.22322,0.00129,0.13048,0.21724,1.35086,1.50245,0.49338,0.50201,0.43495,0.68668,2.22322,0.05197,0.571
2026-05-26 07:00:00,3.71034,0,0.03144,0,0,0.00094,0,0.00094,0.21312,0.89515,1.12265,1.47179,0.00303,0.13059,0.49321,0,0,0,0,0,0,0.43547,2.07202,0.22907,0.65269,0.0195,3.51153,0.21718,0.03836,0.14017,0.20804,1.49008,1.35092,1.49472,0,2.22215,0.00129,0.13059,0.21718,1.35092,1.49472,0.49321,0.50235,0.43547,0.68789,2.22215,0.05187,0.57046
2026-05-26 08:00:00,3.7006,0,0.03142,0,0,0.00094,0,0.00094,0.21305,0.90082,1.15963,1.49578,0.00302,0.13069,0.49311,0,0,0,0,0,0,0.43596,2.08567,0.22873,0.65169,0.0195,3.51596,0.21713,0.03813,0.14025,0.20791,1.48837,1.35097,1.48735,0,2.221,0.00128,0.13069,0.21713,1.35097,1.48735,0.49311,0.50263,0.43596,0.68907,2.221,0.05182,0.56965
2026-05-26 09:00:00,3.69086,0,0.0314,0,0,0.00094,0,0.00093,0.21298,0.90643,1.1827,1.52432,0.00302,0.13082,0.49305,0,0,0,0,0,0,0.43641,2.09667,0.22838,0.65069,0.0195,3.5204,0.2171,0.03792,0.14028,0.20778,1.48665,1.35101,1.48035,0,2.21967,0.00128,0.13082,0.2171,1.35101,1.48035,0.49305,0.50285,0.43641,0.69022,2.21967,0.05174,0.5683
2026-05-26 10:00:00,3.68111,0,0.03138,0,0,0.00093,0,0.00093,0.2129,0.90838,1.19565,1.56081,0.00301,0.13095,0.49304,0,0,0,0,0,0,0.43681,2.10316,0.22803,0.6497,0.01951,3.52484,0.21705,0.0377,0.14027,0.20762,1.48487,1.35107,1.47371,0,2.21807,0.00128,0.13095,0.21705,1.35107,1.47371,0.49304,0.50302,0.43681,0.69134,2.21807,0.05161,0.5656
2026-05-26 11:00:00,3.67137,0,0.03136,0,0,0.00093,0,0.00092,0.21282,0.90665,1.20469,1.5969,0.003,0.13109,0.49307,0,0,0,0,0,0,0.43717,2.10704,0.22769,0.6487,0.01951,3.52927,0.21702,0.03747,0.14027,0.20743,1.48306,1.35112,1.46741,0,2.21616,0.00127,0.13109,0.21702,1.35112,1.46741,0.49307,0.50317,0.43717,0.69243,2.21616,0.05145,0.5575
2026-05-26 12:00:00,3.66163,0,0.03134,0,0,0.00093,0,0.00092,0.21273,0.90114,1.21115,1.62169,0.003,0.13124,0.49313,0,0,0,0,0,0,0.43748,2.10939,0.22734,0.6477,0.01951,3.53371,0.21699,0.03725,0.1402,0.2073,1.48129,1.35117,1.46146,0,2.21394,0.00127,0.13124,0.21699,1.35117,1.46146,0.49313,0.50331,0.43748,0.69349,2.21394,0.05133,0.54654
2026-05-26 13:00:00,3.64441,0,0.03132,0,0,0.00093,0,0.00092,0.21265,0.88187,1.2135,1.63527,0.00299,0.13138,0.49323,0,0,0,0,0,0,0.43773,2.11098,0.22607,0.64154,0.01952,3.51951,0.21695,0.03669,0.13897,0.20718,1.47739,1.35123,1.45581,0,2.21138,0.00126,0.13138,0.21695,1.35123,1.45581,0.49323,0.50342,0.43773,0.69452,2.21138,0.05124,0.54619
2026-05-26 14:00:00,3.62718,0,0.0313,0,0,0.00093,0,0.00092,0.21257,0.85929,1.21104,1.64311,0.00299,0.13154,0.49334,0,0,0,0,0,0,0.43796,2.11226,0.2248,0.63538,0.01952,3.5053,0.21693,0.03613,0.13763,0.20713,1.47352,1.35128,1.45047,0,2.20851,0.00125,0.13154,0.21693,1.35128,1.45047,0.49334,0.50353,0.43796,0.69551,2.20851,0.05119,0.54528
2026-05-26 15:00:00,3.60996,0,0.03128,0,0,0.00092,0,0.00092,0.21249,0.83724,1.20114,1.64783,0.00298,0.13169,0.49347,0,0,0,0,0,0,0.43815,2.10975,0.22353,0.62923,0.01952,3.4911,0.21689,0.03559,0.13621,0.20704,1.46965,1.35132,1.44541,0,2.20537,0.00124,0.13169,0.21689,1.35132,1.44541,0.49347,0.50362,0.43815,0.69647,2.20537,0.05111,0.54437
2026-05-26 16:00:00,3.59274,0,0.03125,0,0,0.00092,0,0.00091,0.21241,0.81564,1.18346,1.64866,0.00298,0.13185,0.49361,0,0,0,0,0,0,0.43831,2.10142,0.22226,0.62307,0.01952,3.4769,0.21687,0.03503,0.13479,0.20689,1.4657,1.35138,1.44062,0,2.20199,0.00124,0.13185,0.21687,1.35138,1.44062,0.49361,0.50371,0.43831,0.6974,2.20199,0.05098,0.54346
2026-05-26 17:00:00,3.57551,0,0.03123,0,0,0.00091,0,0.00091,0.21233,0.79449,1.16281,1.64476,0.00297,0.132,0.49376,0,0,0,0,0,0,0.43846,2.08971,0.22099,0.61691,0.01953,3.46269,0.21685,0.03447,0.13333,0.20672,1.46172,1.35143,1.43608,0,2.19841,0.00123,0.132,0.21685,1.35143,1.43608,0.49376,0.50379,0.43846,0.6983,2.19841,0.05082,0.54255
2026-05-26 18:00:00,3.55829,0,0.03121,0,0,0.00091,0,0.00091,0.21226,0.77054,1.14125,1.63399,0.00297,0.13215,0.49391,0,0,0,0,0,0,0.4386,2.07616,0.21972,0.61075,0.01953,3.44849,0.21684,0.03391,0.13185,0.20659,1.45779,1.35148,1.43178,0,2.19466,0.00122,0.13215,0.21684,1.35148,1.43178,0.49391,0.50387,0.4386,0.69916,2.19466,0.0507,0.54164
2026-05-26 19:00:00,3.55376,0,0.03119,0,0,0.00091,0,0.0009,0.21219,0.753,1.11939,1.61559,0.00296,0.13231,0.49406,0,0,0,0,0,0,0.43871,2.06163,0.21798,0.60433,0.01953,3.42721,0.21682,0.03353,0.13065,0.20653,1.45321,1.35154,1.42772,0,2.19078,0.00122,0.13231,0.21682,1.35154,1.42772,0.49406,0.50396,0.43871,0.7,2.19078,0.05064,0.54073
2026-05-26 20:00:00,3.54923,0,0.03117,0,0,0.00091,0,0.0009,0.21211,0.73587,1.09786,1.59313,0.00296,0.13246,0.49422,0,0,0,0,0,0,0.43882,2.04656,0.21623,0.5979,0.01954,3.40594,0.2168,0.03315,0.12951,0.20652,1.44867,1.35159,1.42386,0,2.18681,0.00121,0.13246,0.2168,1.35159,1.42386,0.49422,0.50406,0.43882,0.7008,2.18681,0.05063,0.53982
2026-05-26 21:00:00,3.54471,0,0.03114,0,0,0.00091,0,0.00089,0.21204,0.72539,1.0789,1.56933,0.00295,0.13262,0.49435,0,0,0,0,0,0,0.43891,2.03251,0.21449,0.59148,0.01954,3.38466,0.21679,0.03278,0.12843,0.20653,1.44418,1.35163,1.42021,0,2.18277,0.0012,0.13262,0.21679,1.35163,1.42021,0.49435,0.50415,0.43891,0.70158,2.18277,0.05065,0.53891
2026-05-26 22:00:00,3.54018,0,0.03111,0,0,0.0009,0,0.00089,0.21196,0.71499,1.06017,1.54512,0.00295,0.13276,0.4945,0,0,0,0,0,0,0.43902,2.0203,0.21274,0.58505,0.01954,3.36338,0.21677,0.0324,0.12734,0.20662,1.43975,1.35169,1.41675,0,2.17869,0.0012,0.13276,0.21677,1.35169,1.41675,0.4945,0.50425,0.43902,0.70232,2.17869,0.05075,0.538
2026-05-26 23:00:00,3.53565,0,0.03107,0,0,0.0009,0,0.00088,0.21189,0.70491,1.04359,1.52113,0.00294,0.13291,0.49462,0,0,0,0,0,0,0.43912,2.00913,0.211,0.57863,0.01954,3.34211,0.21676,0.03202,0.12631,0.20677,1.43539,1.35174,1.41349,0,2.17461,0.0012,0.13291,0.21676,1.35174,1.41349,0.49462,0.50435,0.43912,0.70303,2.17461,0.05091,0.53709
2026-05-27 00:00:00,3.53112,0,0.03104,0,0,0.0009,0,0.00088,0.21181,0.70682,1.02944,1.49919,0.00294,0.13305,0.49475,0,0,0,0,0,0,0.43922,2.0007,0.20925,0.5722,0.01955,3.32083,0.21675,0.03164,0.12527,0.20689,1.43098,1.3518,1.41039,0,2.17053,0.00119,0.13305,0.21675,1.3518,1.41039,0.49475,0.50446,0.43922,0.70373,2.17053,0.05103,0.53618
2026-05-27 01:00:00,3.52617,0,0.03101,0,0,0.0009,0,0.00088,0.21174,0.72457,1.01728,1.4781,0.00293,0.13318,0.49443,0,0,0,0,0,0,0.43933,1.9918,0.20763,0.56715,0.02001,3.30594,0.21673,0.03128,0.12494,0.20697,1.42719,1.35185,1.40746,0,2.16648,0.00119,0.13318,0.21673,1.35185,1.40746,0.49443,0.50457,0.43933,0.70439,2.16648,0.05111,0.53527
2026-05-27 02:00:00,3.52121,0,0.03098,0,0,0.0009,0,0.00087,0.21167,0.73616,1.00951,1.45875,0.00293,0.13332,0.49371,0,0,0,0,0,0,0.43944,1.98252,0.20602,0.56209,0.02001,3.29104,0.21677,0.03093,0.12461,0.20698,1.42336,1.3519,1.40468,0,2.16248,0.00118,0.13332,0.21677,1.3519,1.40468,0.49371,0.50468,0.43944,0.70504,2.16248,0.05113,0.53436
2026-05-27 03:00:00,3.51626,0,0.03095,0,0,0.00089,0,0.00087,0.2116,0.75334,1.00991,1.44182,0.00292,0.13345,0.49312,0,0,0,0,0,0,0.43954,1.97391,0.2044,0.55704,0.02001,3.27615,0.21683,0.03058,0.12428,0.20698,1.41949,1.35195,1.40205,0,2.15855,0.00118,0.13345,0.21683,1.35195,1.40205,0.49312,0.50479,0.43954,0.70566,2.15855,0.05113,0.53508
2026-05-27 04:00:00,3.51131,0,0.03093,0,0,0.00089,0,0.00087,0.21153,0.77013,1.01778,1.42701,0.00292,0.13358,0.49261,0,0,0,0,0,0,0.43965,1.96666,0.20278,0.55199,0.02002,3.26126,0.21688,0.03022,0.12395,0.20692,1.41555,1.352,1.39956,0,2.15468,0.00118,0.13358,0.21688,1.352,1.39956,0.49261,0.5049,0.43965,0.70626,2.15468,0.05107,0.5358
2026-05-27 05:00:00,3.50635,0,0.0309,0,0,0.00089,0,0.00087,0.21145,0.78378,1.02825,1.41602,0.00291,0.1337,0.49219,0,0,0,0,0,0,0.43977,1.96031,0.20117,0.54693,0.02002,3.24636,0.21693,0.02987,0.12362,0.2068,1.41159,1.35205,1.39721,0,2.1509,0.00117,0.1337,0.21693,1.35205,1.39721,0.49219,0.50501,0.43977,0.70683,2.1509,0.05096,0.53653
2026-05-27 06:00:00,3.5014,0,0.03087,0,0,0.00089,0,0.00087,0.21138,0.79151,1.04164,1.41228,0.00291,0.13383,0.49183,0,0,0,0,0,0,0.43988,1.95453,0.19955,0.54188,0.02002,3.23147,0.21696,0.02951,0.12329,0.20672,1.40765,1.35211,1.39499,0,2.14721,0.00117,0.13383,0.21696,1.35211,1.39499,0.49183,0.50508,0.43988,0.7074,2.14721,0.05089,0.53725
2026-05-27 07:00:00,3.48227,0,0.03085,0,0,0.00089,0,0.00087,0.21131,0.79285,1.05551,1.4161,0.0029,0.13394,0.49152,0,0,0,0,0,0,0.44,1.94911,0.19777,0.53627,0.02003,3.21794,0.21699,0.02907,0.1215,0.20665,1.40163,1.35216,1.39287,0,2.14362,0.00117,0.13394,0.21699,1.35216,1.39287,0.49152,0.5051,0.44,0.70794,2.14362,0.05083,0.53797
2026-05-27 08:00:00,3.46314,0,0.03083,0,0,0.00089,0,0.00087,0.21123,0.79404,1.06734,1.42358,0.0029,0.13405,0.49126,0,0,0,0,0,0,0.44011,1.94393,0.196,0.53065,0.02003,3.20441,0.21702,0.02863,0.11969,0.20661,1.39565,1.35221,1.39088,0,2.14013,0.00116,0.13405,0.21702,1.35221,1.39088,0.49126,0.50508,0.44011,0.70847,2.14013,0.0508,0.5387
2026-05-27 09:00:00,3.44401,0,0.03081,0,0,0.00089,0,0.00087,0.21116,0.79529,1.07468,1.43382,0.00289,0.13416,0.49103,0,0,0,0,0,0,0.44019,1.9378,0.19422,0.52504,0.02003,3.19089,0.21703,0.0282,0.11785,0.20658,1.38968,1.35226,1.38899,0,2.13675,0.00116,0.13416,0.21703,1.35226,1.38899,0.49103,0.50502,0.44019,0.70899,2.13675,0.05078,0.53942
2026-05-27 10:00:00,3.42488,0,0.03078,0,0,0.00088,0,0.00087,0.21108,0.79366,1.0783,1.44506,0.00289,0.13426,0.49083,0,0,0,0,0,0,0.44026,1.92992,0.19244,0.51943,0.02003,3.17736,0.21706,0.02776,0.11601,0.20655,1.38369,1.35231,1.3872,0,2.13349,0.00116,0.13426,0.21706,1.35231,1.3872,0.49083,0.50493,0.44026,0.70949,2.13349,0.05076,0.54014
2026-05-27 11:00:00,3.40575,0,0.03076,0,0,0.00088,0,0.00087,0.21101,0.7895,1.07967,1.45486,0.00288,0.13437,0.49065,0,0,0,0,0,0,0.44029,1.92086,0.19067,0.51381,0.02004,3.16383,0.21707,0.02732,0.11415,0.20652,1.37773,1.35236,1.38551,0,2.13034,0.00115,0.13437,0.21707,1.35236,1.38551,0.49065,0.50482,0.44029,0.70997,2.13034,0.05075,0.54086
2026-05-27 12:00:00,3.38662,0,0.03074,0,0,0.00088,0,0.00087,0.21093,0.7827,1.07942,1.46074,0.00287,0.13446,0.49049,0,0,0,0,0,0,0.44028,1.91111,0.18889,0.5082,0.02004,3.1503,0.21708,0.02688,0.11231,0.20651,1.37176,1.35242,1.38391,0,2.1273,0.00115,0.13446,0.21708,1.35242,1.38391,0.49049,0.5047,0.44028,0.71045,2.1273,0.05074,0.54459
2026-05-27 13:00:00,3.36841,0,0.03072,0,0,0.00088,0,0.00087,0.21086,0.77074,1.07646,1.46266,0.00287,0.13456,0.49034,0,0,0,0,0,0,0.44025,1.90087,0.18698,0.50198,0.02004,3.1315,0.21709,0.02671,0.11214,0.20647,1.36676,1.35247,1.38239,0,2.12438,0.00114,0.13456,0.21709,1.35247,1.38239,0.49034,0.50457,0.44025,0.7109,2.12438,0.0507,0.54775
2026-05-27 14:00:00,3.3502,0,0.0307,0,0,0.00088,0,0.00086,0.21079,0.75664,1.07051,1.46192,0.00286,0.13464,0.49021,0,0,0,0,0,0,0.4402,1.89028,0.18507,0.49576,0.02004,3.1127,0.21709,0.02655,0.11204,0.20639,1.36175,1.35252,1.38096,0,2.12157,0.00113,0.13464,0.21709,1.35252,1.38096,0.49021,0.50443,0.4402,0.71135,2.12157,0.05063,0.54775
2026-05-27 15:00:00,3.33199,0,0.03067,0,0,0.00087,0,0.00085,0.21071,0.74311,1.06117,1.45936,0.00286,0.13472,0.49009,0,0,0,0,0,0,0.44011,1.87924,0.18316,0.48955,0.02005,3.0939,0.2171,0.02638,0.11199,0.20625,1.35666,1.35257,1.3796,0,2.11888,0.00113,0.13472,0.2171,1.35257,1.3796,0.49009,0.50429,0.44011,0.71176,2.11888,0.0505,0.54776
2026-05-27 16:00:00,3.31378,0,0.03065,0,0,0.00087,0,0.00085,0.21064,0.73008,1.04801,1.45432,0.00285,0.13481,0.48996,0,0,0,0,0,0,0.44002,1.86761,0.18124,0.48333,0.02005,3.07509,0.21711,0.0262,0.112,0.2059,1.35135,1.35262,1.37832,0,2.11629,0.00112,0.13481,0.21711,1.35262,1.37832,0.48996,0.50415,0.44002,0.71217,2.11629,0.05016,0.54777
2026-05-27 17:00:00,3.29557,0,0.03063,0,0,0.00086,0,0.00084,0.21056,0.71758,1.03296,1.44634,0.00285,0.13488,0.48985,0,0,0,0,0,0,0.43991,1.85558,0.17933,0.47711,0.02005,3.05629,0.21712,0.02603,0.11199,0.20545,1.34597,1.35267,1.37711,0,2.11382,0.00111,0.13488,0.21712,1.35267,1.37711,0.48985,0.504,0.43991,0.71256,2.11382,0.04972,0.54778
2026-05-27 18:00:00,3.27736,0,0.03061,0,0,0.00086,0,0.00084,0.21048,0.70347,1.01705,1.43506,0.00284,0.13497,0.48973,0,0,0,0,0,0,0.4398,1.84329,0.17742,0.47089,0.02006,3.03749,0.21712,0.02586,0.11202,0.20511,1.34067,1.35273,1.37596,0,2.11146,0.0011,0.13497,0.21712,1.35273,1.37596,0.48973,0.50386,0.4398,0.71293,2.11146,0.04938,0.54779
2026-05-27 19:00:00,3.2685,0,0.03059,0.00001,0,0.00086,0,0.00083,0.2104,0.68909,1.00146,1.42151,0.00284,0.13503,0.48963,0,0,0,0,0,0,0.43968,1.83084,0.17857,0.46559,0.02006,3.02366,0.21712,0.02882,0.11716,0.20505,1.34664,1.35278,1.37488,0,2.10919,0.00126,0.13503,0.21712,1.35278,1.37488,0.48963,0.50371,0.43968,0.71328,2.10919,0.04933,0.5478
2026-05-27 20:00:00,3.25964,0,0.03057,0.00007,0,0.00086,0,0.00082,0.21032,0.67541,0.98627,1.40808,0.00283,0.13511,0.48953,0,0,0,0,0,0,0.43954,1.81829,0.17973,0.4603,0.02006,3.00982,0.21713,0.03179,0.12334,0.20533,1.35294,1.35283,1.37385,0,2.10702,0.00143,0.13511,0.21713,1.35283,1.37385,0.48953,0.50356,0.43954,0.71362,2.10702,0.04962,0.54782
2026-05-27 21:00:00,3.25078,0,0.03054,0.00016,0,0.00086,0,0.00082,0.21024,0.66618,0.97047,1.39529,0.00283,0.13517,0.48942,0,0,0,0,0,0,0.43941,1.80697,0.18088,0.455,0.02006,2.99599,0.21712,0.03475,0.13013,0.20601,1.35965,1.35288,1.37289,0,2.10494,0.0016,0.13517,0.21712,1.35288,1.37289,0.48942,0.50342,0.43941,0.71393,2.10494,0.05031,0.54783
2026-05-27 22:00:00,3.24192,0,0.0305,0.00033,0,0.00085,0,0.00081,0.21016,0.65727,0.95541,1.38381,0.00282,0.13523,0.48932,0,0,0,0,0,0,0.43928,1.79799,0.18203,0.4497,0.02007,2.98215,0.21713,0.0377,0.13724,0.2079,1.36754,1.35293,1.37197,0,2.10295,0.00176,0.13523,0.21713,1.35293,1.37197,0.48932,0.50328,0.43928,0.71423,2.10295,0.0522,0.54785
2026-05-27 23:00:00,3.23306,0,0.03047,0.00061,0,0.00085,0,0.00081,0.21009,0.64869,0.94234,1.378,0.00282,0.1353,0.4892,0,0,0,0,0,0,0.43914,1.79071,0.18319,0.44441,0.02007,2.96832,0.21713,0.04066,0.14487,0.21041,1.37606,1.35298,1.3711,0,2.10105,0.00193,0.1353,0.21713,1.35298,1.3711,0.4892,0.50314,0.43914,0.71452,2.10105,0.05471,0.54787
2026-05-28 00:00:00,3.2242,0,0.03045,0.00084,0,0.00085,0,0.00081,0.21002,0.64669,0.93129,1.37084,0.00281,0.13535,0.4891,0,0,0,0,0,0,0.439,1.78453,0.18434,0.43911,0.02007,2.95448,0.21714,0.04362,0.15248,0.21233,1.38401,1.35304,1.37028,0,2.09924,0.00209,0.13535,0.21714,1.35304,1.37028,0.4891,0.503,0.439,0.71478,2.09924,0.05664,0.54789
2026-05-28 01:00:00,3.21389,0,0.03044,0.00099,0,0.00085,0,0.0008,0.20995,0.65932,0.92447,1.36146,0.00281,0.13541,0.48855,0,0,0,0,0,0,0.43887,1.77903,0.18729,0.44457,0.02053,2.96666,0.21713,0.04515,0.15155,0.21349,1.3848,1.35309,1.36951,0,2.09751,0.00198,0.13541,0.21713,1.35309,1.36951,0.48855,0.50287,0.43887,0.71503,2.09751,0.0578,0.54792
2026-05-28 02:00:00,3.20359,0,0.03049,0.00103,0,0.00084,0,0.0008,0.20987,0.66828,0.92493,1.35196,0.0028,0.13546,0.48764,0,0,0,0,0,0,0.43873,1.77397,0.19024,0.45003,0.02054,2.97884,0.21717,0.04669,0.15008,0.21369,1.38461,1.35315,1.36877,0,2.09586,0.00188,0.13546,0.21717,1.35315,1.36877,0.48764,0.50274,0.43873,0.71526,2.09586,0.05798,0.54795
2026-05-28 03:00:00,3.19328,0,0.03062,0.00097,0,0.00084,0,0.0008,0.2098,0.67948,0.93445,1.34364,0.0028,0.13552,0.48685,0,0,0,0,0,0,0.4386,1.77298,0.19319,0.45548,0.02054,2.99102,0.21725,0.04822,0.14834,0.21349,1.38402,1.35319,1.36809,0,2.09427,0.00177,0.13552,0.21725,1.35319,1.36809,0.48685,0.50261,0.4386,0.71549,2.09427,0.05776,0.548
2026-05-28 04:00:00,3.18297,0,0.03084,0.00084,0,0.00084,0,0.00079,0.20972,0.68977,0.95285,1.33777,0.00279,0.13557,0.48615,0,0,0,0,0,0,0.43848,1.77912,0.19614,0.46094,0.02054,3.0032,0.2173,0.04974,0.14645,0.21187,1.38201,1.35324,1.36743,0,2.09277,0.00166,0.13557,0.2173,1.35324,1.36743,0.48615,0.50247,0.43848,0.71569,2.09277,0.05613,0.54805
2026-05-28 05:00:00,3.17267,0,0.03109,0.00059,0,0.00083,0,0.00079,0.20965,0.69801,0.97496,1.33678,0.00279,0.13561,0.48555,0,0,0,0,0,0,0.43834,1.79055,0.19909,0.4664,0.02055,3.01538,0.21735,0.05127,0.14447,0.20945,1.37921,1.3533,1.36682,0,2.09133,0.00156,0.13561,0.21735,1.3533,1.36682,0.48555,0.50233,0.43834,0.71589,2.09133,0.0537,0.54811
2026-05-28 06:00:00,3.16236,0,0.03134,0.0004,0,0.00083,0,0.00079,0.20957,0.70331,0.9999,1.34316,0.00278,0.13566,0.48502,0,0,0,0,0,0,0.43822,1.80533,0.20204,0.47186,0.02055,3.02756,0.21739,0.0528,0.14247,0.20764,1.37702,1.35335,1.36623,0,2.08995,0.00145,0.13566,0.21739,1.35335,1.36623,0.48502,0.50216,0.43822,0.71607,2.08995,0.05188,0.5482
2026-05-28 07:00:00,3.14918,0,0.03156,0.00026,0,0.00083,0,0.00079,0.2095,0.71122,1.02456,1.3579,0.00278,0.1357,0.48456,0,0,0,0,0,0,0.43809,1.82226,0.20341,0.48173,0.02055,3.05273,0.21743,0.05068,0.14258,0.20627,1.3739,1.3534,1.36569,0,2.08864,0.00141,0.1357,0.21743,1.3534,1.36569,0.48456,0.50195,0.43809,0.71624,2.08864,0.0505,0.54832
2026-05-28 08:00:00,3.13599,0,0.0317,0.00018,0,0.00083,0,0.00079,0.20942,0.71905,1.04638,1.37902,0.00277,0.13575,0.48415,0,0,0,0,0,0,0.43795,1.84055,0.20477,0.49161,0.02055,3.0779,0.21746,0.04857,0.14136,0.20563,1.37154,1.35346,1.36517,0,2.08739,0.00136,0.13575,0.21746,1.35346,1.36517,0.48415,0.5017,0.43795,0.71641,2.08739,0.04986,0.54851
2026-05-28 09:00:00,3.12281,0,0.03171,0.00017,0,0.00082,0,0.00079,0.20934,0.72668,1.06599,1.40385,0.00277,0.13579,0.48377,0,0,0,0,0,0,0.4378,1.85579,0.20614,0.50148,0.02056,3.10307,0.21749,0.04645,0.13946,0.20492,1.3691,1.3535,1.36468,0,2.0862,0.00132,0.13579,0.21749,1.3535,1.36468,0.48377,0.50141,0.4378,0.71656,2.0862,0.04916,0.54881
2026-05-28 10:00:00,3.10963,0,0.03161,0.00015,0,0.00082,0,0.00079,0.20926,0.73323,1.08511,1.4385,0.00276,0.13583,0.48344,0,0,0,0,0,0,0.43763,1.86481,0.20751,0.51135,0.02056,3.12823,0.21751,0.04433,0.13716,0.20429,1.36672,1.35355,1.36422,0,2.08508,0.00128,0.13583,0.21751,1.35355,1.36422,0.48344,0.50111,0.43763,0.71671,2.08508,0.04852,0.54943
2026-05-28 11:00:00,3.09644,0,0.03145,0.00013,0,0.00081,0,0.00079,0.20919,0.73901,1.1033,1.46695,0.00275,0.13586,0.48313,0,0,0,0,0,0,0.43742,1.86955,0.20887,0.52123,0.02056,3.1534,0.21752,0.04221,0.13471,0.20377,1.36448,1.35361,1.36378,0,2.084,0.00123,0.13586,0.21752,1.35361,1.36378,0.48313,0.50078,0.43742,0.71685,2.084,0.048,0.55127
2026-05-28 12:00:00,3.08326,0,0.03127,0.00012,0,0.00081,0,0.00079,0.20911,0.74417,1.12081,1.489,0.00275,0.1359,0.48286,0,0,0,0,0,0,0.43719,1.87147,0.21024,0.5311,0.02057,3.17857,0.21753,0.04009,0.13215,0.20334,1.3623,1.35366,1.36338,0,2.08298,0.00119,0.1359,0.21753,1.35366,1.36338,0.48286,0.50044,0.43719,0.71697,2.08298,0.04756,0.56727
2026-05-28 13:00:00,3.07262,0,0.03109,0.0001,0,0.00081,0,0.00078,0.20904,0.74242,1.13528,1.50924,0.00274,0.13594,0.4826,0,0,0,0,0,0,0.43692,1.87162,0.20977,0.52866,0.02057,3.17328,0.21754,0.0388,0.13016,0.20312,1.35842,1.35371,1.36298,0,2.082,0.00117,0.13594,0.21754,1.35371,1.36298,0.4826,0.5001,0.43692,0.71709,2.082,0.04735,0.57305
2026-05-28 14:00:00,3.06198,0,0.03092,0.00008,0,0.00081,0,0.00078,0.20896,0.73964,1.14538,1.52729,0.00274,0.13597,0.48237,0,0,0,0,0,0,0.43665,1.87077,0.20929,0.52621,0.02057,3.16799,0.21756,0.03753,0.1284,0.20309,1.35471,1.35377,1.36262,0,2.08107,0.00115,0.13597,0.21756,1.35377,1.36262,0.48237,0.49976,0.43665,0.7172,2.08107,0.04731,0.57666
2026-05-28 15:00:00,3.05135,0,0.03077,0.00006,0,0.00081,0,0.00077,0.20889,0.73642,1.15094,1.54363,0.00273,0.136,0.48216,0,0,0,0,0,0,0.43635,1.86673,0.20882,0.52377,0.02057,3.16269,0.21757,0.03624,0.12681,0.2031,1.35105,1.35381,1.36228,0,2.08019,0.00113,0.136,0.21757,1.35381,1.36228,0.48216,0.49942,0.43635,0.71729,2.08019,0.04732,0.58027
2026-05-28 16:00:00,3.04071,0,0.03064,0.00004,0,0.0008,0,0.00078,0.20882,0.73285,1.15134,1.5568,0.00273,0.13603,0.48194,0,0,0,0,0,0,0.43603,1.85797,0.20835,0.52133,0.02058,3.1574,0.21758,0.03495,0.12531,0.20327,1.34754,1.35386,1.36196,0,2.07934,0.00111,0.13603,0.21758,1.35386,1.36196,0.48194,0.49908,0.43603,0.71737,2.07934,0.04749,0.58388
2026-05-28 17:00:00,3.03007,0,0.03053,0.00003,0,0.0008,0,0.00077,0.20874,0.72898,1.14901,1.56545,0.00272,0.13607,0.48175,0,0,0,0,0,0,0.43572,1.84596,0.20787,0.51888,0.02058,3.15211,0.21758,0.03367,0.12381,0.20353,1.34414,1.35392,1.36165,0,2.07854,0.00109,0.13607,0.21758,1.35392,1.36165,0.48175,0.49874,0.43572,0.71744,2.07854,0.04776,0.58749
2026-05-28 18:00:00,3.01943,0,0.03043,0.00002,0,0.0008,0,0.00077,0.20867,0.7236,1.1447,1.56926,0.00272,0.13609,0.48156,0,0,0,0,0,0,0.43538,1.83188,0.2074,0.51644,0.02058,3.14682,0.21759,0.03238,0.12235,0.2037,1.34066,1.35397,1.36137,0,2.07777,0.00107,0.13609,0.21759,1.35397,1.36137,0.48156,0.4984,0.43538,0.71749,2.07777,0.04795,0.5911
2026-05-28 19:00:00,3.0113,0,0.03035,0.00001,0,0.0008,0,0.00077,0.2086,0.71692,1.13976,1.56992,0.00271,0.13612,0.48138,0,0,0,0,0,0,0.43499,1.81648,0.20848,0.52246,0.02058,3.14702,0.21759,0.03673,0.12485,0.20396,1.35027,1.35402,1.36109,0,2.07703,0.00105,0.13612,0.21759,1.35402,1.36109,0.48138,0.49808,0.43499,0.71754,2.07703,0.04821,0.59471
2026-05-28 20:00:00,3.00316,0,0.03028,0,0,0.00079,0,0.00076,0.20853,0.70977,1.13474,1.57076,0.00271,0.13615,0.48122,0,0,0,0,0,0,0.43463,1.80025,0.20955,0.52847,0.02059,3.14722,0.21759,0.0411,0.12941,0.20424,1.3599,1.35408,1.36084,0,2.07633,0.00103,0.13615,0.21759,1.35408,1.36084,0.48122,0.49777,0.43463,0.71756,2.07633,0.0485,0.59832
2026-05-28 21:00:00,2.99503,0,0.03022,0,0,0.00079,0,0.00076,0.20846,0.70466,1.12834,1.57191,0.0027,0.13617,0.48104,0,0,0,0,0,0,0.43428,1.78633,0.21063,0.53449,0.02059,3.14743,0.2176,0.04545,0.13507,0.20475,1.36976,1.35412,1.3606,0,2.07565,0.00102,0.13617,0.2176,1.35412,1.3606,0.48104,0.49746,0.43428,0.71757,2.07565,0.04901,0.60193
2026-05-28 22:00:00,2.98689,0,0.03016,0,0,0.00079,0,0.00076,0.20838,0.69935,1.12213,1.57388,0.0027,0.1362,0.48089,0,0,0,0,0,0,0.43394,1.77728,0.21171,0.5405,0.02059,3.14763,0.2176,0.0498,0.14126,0.20588,1.38026,1.35417,1.36038,0,2.075,0.001,0.1362,0.2176,1.35417,1.36038,0.48089,0.49716,0.43394,0.71757,2.075,0.05016,0.60554
2026-05-28 23:00:00,2.97876,0,0.03012,0,0,0.00078,0,0.00076,0.20831,0.69386,1.117,1.57689,0.00269,0.13622,0.48072,0,0,0,0,0,0,0.43363,1.77191,0.21278,0.54651,0.0206,3.14783,0.21761,0.05416,0.14772,0.20735,1.39107,1.35423,1.36018,0,2.07437,0.00098,0.13622,0.21761,1.35423,1.36018,0.48072,0.49686,0.43363,0.71756,2.07437,0.05163,0.60916
2026-05-29 00:00:00,2.97062,0,0.03008,0,0,0.00078,0,0.00075,0.20823,0.69384,1.11247,1.57976,0.00269,0.13625,0.48057,0,0,0,0,0,0,0.43332,1.76887,0.21386,0.55253,0.0206,3.14803,0.21761,0.05851,0.15434,0.20848,1.40155,1.35428,1.35997,0,2.07377,0.00096,0.13625,0.21761,1.35428,1.35997,0.48057,0.49658,0.43332,0.71752,2.07377,0.05276,0.61277
2026-05-29 01:00:00,2.98403,0,0.03005,0,0,0.00078,0,0.00075,0.20814,0.72246,1.11033,1.58146,0.00268,0.13627,0.47998,0,0,0,0,0,0,0.43301,1.76731,0.2165,0.5663,0.02105,3.17541,0.21762,0.05933,0.15735,0.20912,1.41552,1.35434,1.35979,0,2.07319,0.00096,0.13627,0.21762,1.35434,1.35979,0.47998,0.49631,0.43301,0.71747,2.07319,0.0534,0.60913
2026-05-29 02:00:00,2.99743,0,0.03003,0,0,0.00078,0,0.00074,0.20806,0.74902,1.11257,1.58176,0.00268,0.13629,0.47903,0,0,0,0,0,0,0.43271,1.76671,0.21914,0.58007,0.02105,3.20278,0.21766,0.06015,0.15911,0.20917,1.42888,1.35439,1.35962,0,2.07262,0.00095,0.13629,0.21766,1.35439,1.35962,0.47903,0.49605,0.43271,0.71742,2.07262,0.05346,0.60549
2026-05-29 03:00:00,3.01084,0,0.03005,0,0,0.00078,0,0.00074,0.20798,0.77991,1.12472,1.58112,0.00267,0.13632,0.4782,0,0,0,0,0,0,0.43243,1.77344,0.22179,0.59383,0.02106,3.23016,0.21772,0.06097,0.16032,0.20896,1.442,1.35443,1.35946,0,2.07207,0.00095,0.13632,0.21772,1.35443,1.35946,0.4782,0.49579,0.43243,0.71736,2.07207,0.05325,0.60185
2026-05-29 04:00:00,3.02424,0,0.03009,0,0,0.00078,0,0.00073,0.2079,0.81215,1.15021,1.58128,0.00267,0.13634,0.47747,0,0,0,0,0,0,0.43215,1.79287,0.22443,0.6076,0.02106,3.25753,0.21778,0.06179,0.16119,0.20781,1.45417,1.35449,1.3593,0,2.07154,0.00095,0.13634,0.21778,1.35449,1.3593,0.47747,0.49553,0.43215,0.71728,2.07154,0.0521,0.59822
2026-05-29 05:00:00,3.03765,0,0.03015,0,0,0.00078,0,0.00073,0.20783,0.84382,1.18179,1.58449,0.00266,0.13637,0.47684,0,0,0,0,0,0,0.43189,1.8217,0.22707,0.62137,0.02106,3.2849,0.21783,0.0626,0.16192,0.20615,1.46581,1.35454,1.35917,0,2.07102,0.00094,0.13637,0.21783,1.35454,1.35917,0.47684,0.49528,0.43189,0.7172,2.07102,0.05043,0.59458
2026-05-29 06:00:00,3.05105,0,0.03021,0,0,0.00078,0,0.00072,0.20775,0.87254,1.21864,1.59565,0.00266,0.13638,0.47628,0,0,0,0,0,0,0.43163,1.85649,0.22971,0.63514,0.02106,3.31228,0.21788,0.06342,0.16254,0.2049,1.47787,1.35459,1.35903,0,2.07052,0.00094,0.13638,0.21788,1.35459,1.35903,0.47628,0.495,0.43163,0.71712,2.07052,0.04917,0.59094
2026-05-29 07:00:00,3.04371,0,0.03025,0,0,0.00078,0,0.00072,0.20768,0.88384,1.25728,1.61784,0.00265,0.13641,0.47579,0,0,0,0,0,0,0.43137,1.89508,0.2292,0.63533,0.02107,3.33555,0.21791,0.06057,0.16303,0.20395,1.47392,1.35465,1.35891,0,2.07004,0.00094,0.13641,0.21791,1.35465,1.35891,0.47579,0.49468,0.43137,0.71703,2.07004,0.04823,0.5873
2026-05-29 08:00:00,3.03637,0,0.03027,0,0,0.00078,0,0.00072,0.20761,0.89528,1.30379,1.64585,0.00265,0.13643,0.47535,0,0,0,0,0,0,0.43112,1.93587,0.22869,0.63552,0.02107,3.35882,0.21793,0.05773,0.16216,0.2035,1.47045,1.3547,1.35879,0,2.06957,0.00093,0.13643,0.21793,1.3547,1.35879,0.47535,0.49434,0.43112,0.71693,2.06957,0.04778,0.58367
2026-05-29 09:00:00,3.02903,0,0.03025,0,0,0.00078,0,0.00071,0.20753,0.90705,1.33487,1.67789,0.00264,0.13645,0.47496,0,0,0,0,0,0,0.43084,1.97004,0.22819,0.63571,0.02107,3.3821,0.21796,0.05488,0.16062,0.203,1.46694,1.35475,1.35869,0,2.06912,0.00093,0.13645,0.21796,1.35475,1.35869,0.47496,0.49396,0.43084,0.71683,2.06912,0.04728,0.58003
2026-05-29 10:00:00,3.02169,0,0.03018,0,0,0.00077,0,0.00072,0.20746,0.91641,1.35472,1.71156,0.00264,0.13647,0.47462,0,0,0,0,0,0,0.43055,1.99212,0.22768,0.63591,0.02108,3.40537,0.21797,0.05203,0.15865,0.2025,1.46342,1.35481,1.35858,0,2.06868,0.00093,0.13647,0.21797,1.35481,1.35858,0.47462,0.49356,0.43055,0.71672,2.06868,0.04679,0.57639
2026-05-29 11:00:00,3.01435,0,0.0301,0,0,0.00077,0,0.00072,0.20739,0.92322,1.36977,1.75084,0.00263,0.13648,0.4743,0,0,0,0,0,0,0.43023,2.00639,0.22717,0.6361,0.02108,3.42864,0.21799,0.04918,0.15647,0.20206,1.45998,1.35486,1.3585,0,2.06825,0.00092,0.13648,0.21799,1.35486,1.3585,0.4743,0.49315,0.43023,0.71662,2.06825,0.04636,0.57275
2026-05-29 12:00:00,3.00701,0,0.03,0,0,0.00076,0,0.00072,0.20732,0.92723,1.3823,1.7799,0.00262,0.1365,0.47401,0,0,0,0,0,0,0.42989,2.01747,0.22666,0.63629,0.02108,3.45191,0.21801,0.04633,0.15399,0.20171,1.45661,1.35491,1.35842,0,2.06784,0.00092,0.1365,0.21801,1.35491,1.35842,0.47401,0.49274,0.42989,0.71651,2.06784,0.04601,0.56229
2026-05-29 13:00:00,2.99699,0,0.02992,0,0,0.00076,0,0.00071,0.20724,0.90897,1.39022,1.79652,0.00262,0.13652,0.47375,0,0,0,0,0,0,0.42952,2.02445,0.22392,0.62682,0.02108,3.43186,0.21802,0.04436,0.14966,0.20151,1.4466,1.35497,1.35833,0,2.06744,0.00091,0.13652,0.21802,1.35497,1.35833,0.47375,0.49232,0.42952,0.71638,2.06744,0.04581,0.5537
2026-05-29 14:00:00,2.98697,0,0.02983,0,0,0.00076,0,0.00071,0.20717,0.88799,1.3915,1.80672,0.00261,0.13654,0.47351,0,0,0,0,0,0,0.42915,2.02855,0.22119,0.61734,0.02109,3.41181,0.21803,0.04239,0.14562,0.20142,1.43668,1.35502,1.35826,0,2.06705,0.0009,0.13654,0.21803,1.35502,1.35826,0.47351,0.49189,0.42915,0.71626,2.06705,0.04571,0.55362
2026-05-29 15:00:00,2.97696,0,0.02976,0,0,0.00076,0,0.0007,0.20709,0.86698,1.38172,1.8138,0.00261,0.13655,0.47329,0,0,0,0,0,0,0.42875,2.02549,0.21845,0.60787,0.02109,3.39176,0.21804,0.04042,0.14174,0.20134,1.42677,1.35506,1.35819,0,2.06668,0.0009,0.13655,0.21804,1.35506,1.35819,0.47329,0.49147,0.42875,0.71612,2.06668,0.04562,0.55354
2026-05-29 16:00:00,2.96694,0,0.02969,0,0,0.00075,0,0.0007,0.20702,0.84594,1.36031,1.81677,0.0026,0.13658,0.47307,0,0,0,0,0,0,0.42835,2.01313,0.21571,0.5984,0.02109,3.3717,0.21805,0.03845,0.13796,0.20121,1.41683,1.35512,1.35813,0,2.06631,0.00089,0.13658,0.21805,1.35512,1.35813,0.47307,0.49107,0.42835,0.71598,2.06631,0.0455,0.55344
2026-05-29 17:00:00,2.95692,0,0.02962,0,0,0.00075,0,0.00069,0.20694,0.8249,1.33456,1.81359,0.0026,0.13659,0.47288,0,0,0,0,0,0,0.42794,1.99867,0.21298,0.58892,0.02109,3.35165,0.21806,0.03647,0.13424,0.20109,1.4069,1.35517,1.35807,0,2.06596,0.00088,0.13659,0.21806,1.35517,1.35807,0.47288,0.49068,0.42794,0.71583,2.06596,0.04539,0.55333
2026-05-29 18:00:00,2.9469,0,0.02957,0,0,0.00075,0,0.00069,0.20687,0.80126,1.30689,1.80044,0.00259,0.1366,0.47269,0,0,0,0,0,0,0.42753,1.98193,0.21024,0.57945,0.0211,3.3316,0.21806,0.0345,0.13055,0.20099,1.397,1.35522,1.35803,0,2.06561,0.00087,0.1366,0.21806,1.35522,1.35803,0.47269,0.49029,0.42753,0.71567,2.06561,0.0453,0.55322
2026-05-29 19:00:00,3.05688,0,0.02952,0,0,0.00075,0,0.00068,0.20679,0.78179,1.27804,1.77604,0.00259,0.13663,0.47251,0,0,0,0,0,0,0.42713,1.9629,0.20709,0.57016,0.0211,3.30566,0.21806,0.03349,0.12744,0.20093,1.38666,1.35528,1.35797,0,2.06527,0.00087,0.13663,0.21806,1.35528,1.35797,0.47251,0.48991,0.42713,0.7155,2.06527,0.04524,0.55309
2026-05-29 20:00:00,3.16685,0,0.02948,0,0,0.00074,0,0.00068,0.20672,0.76231,1.24739,1.74587,0.00258,0.13664,0.47234,0,0,0,0,0,0,0.42674,1.94242,0.20394,0.56086,0.0211,3.27972,0.21807,0.03246,0.12471,0.20088,1.37632,1.35533,1.35794,0,2.06493,0.00086,0.13664,0.21807,1.35533,1.35794,0.47234,0.48954,0.42674,0.71532,2.06493,0.0452,0.55294
2026-05-29 21:00:00,3.27683,0,0.02945,0,0,0.00074,0,0.00068,0.20665,0.74814,1.21529,1.71344,0.00258,0.13666,0.47218,0,0,0,0,0,0,0.42635,1.9254,0.20079,0.55157,0.02111,3.25378,0.21807,0.03144,0.12217,0.20083,1.366,1.35537,1.35789,0,2.06459,0.00086,0.13666,0.21807,1.35537,1.35789,0.47218,0.48919,0.42635,0.71513,2.06459,0.04516,0.55277
2026-05-29 22:00:00,3.3868,0,0.02941,0,0,0.00074,0,0.00067,0.20658,0.73394,1.18936,1.67984,0.00257,0.13667,0.47203,0,0,0,0,0,0,0.42597,1.91535,0.19763,0.54228,0.02111,3.22784,0.21808,0.03041,0.11982,0.20074,1.35563,1.35543,1.35787,0,2.06426,0.00085,0.13667,0.21808,1.35543,1.35787,0.47203,0.48885,0.42597,0.71494,2.06426,0.04508,0.55258
2026-05-29 23:00:00,3.49678,0,0.02937,0,0,0.00073,0,0.00067,0.20651,0.7198,1.16406,1.64472,0.00257,0.1367,0.47187,0,0,0,0,0,0,0.42561,1.9101,0.19448,0.53298,0.02111,3.2019,0.21808,0.02939,0.11749,0.20066,1.34526,1.35548,1.35783,0,2.06393,0.00084,0.1367,0.21808,1.35548,1.35783,0.47187,0.4885,0.42561,0.71474,2.06393,0.045,0.55236
2026-05-30 00:00:00,3.60675,0,0.02934,0,0,0.00073,0,0.00067,0.20644,0.71659,1.13922,1.60816,0.00256,0.13671,0.47173,0,0,0,0,0,0,0.42525,1.90791,0.19133,0.52369,0.02111,3.17596,0.21809,0.02836,0.11517,0.20059,1.3349,1.35553,1.35781,0,2.0636,0.00084,0.13671,0.21809,1.35553,1.35781,0.47173,0.48819,0.42525,0.71453,2.0636,0.04493,0.5521
2026-05-30 01:00:00,3.70348,0,0.02932,0,0,0.00073,0,0.00067,0.20637,0.73057,1.1162,1.57632,0.00256,0.13672,0.47115,0,0,0,0,0,0,0.4249,1.90766,0.18908,0.51957,0.02158,3.17527,0.21808,0.02805,0.11399,0.20052,1.32889,1.35559,1.35778,0,2.06328,0.00084,0.13672,0.21808,1.35559,1.35778,0.47115,0.48788,0.4249,0.7143,2.06328,0.04488,0.55179
2026-05-30 02:00:00,3.80021,0,0.02929,0,0,0.00073,0,0.00066,0.20629,0.73934,1.09808,1.54713,0.00255,0.13674,0.4702,0,0,0,0,0,0,0.42456,1.90865,0.18684,0.51546,0.02158,3.17459,0.21812,0.02773,0.11306,0.20049,1.32291,1.35564,1.35776,0,2.06296,0.00083,0.13674,0.21812,1.35564,1.35776,0.4702,0.48758,0.42456,0.71408,2.06296,0.04485,0.55142
2026-05-30 03:00:00,3.89694,0,0.02927,0,0,0.00073,0,0.00066,0.20621,0.7539,1.08834,1.51892,0.00255,0.13675,0.46939,0,0,0,0,0,0,0.42423,1.9141,0.18459,0.51134,0.02158,3.1739,0.2182,0.02741,0.11224,0.20043,1.31692,1.35569,1.35775,0,2.06263,0.00083,0.13675,0.2182,1.35569,1.35775,0.46939,0.48729,0.42423,0.71385,2.06263,0.04481,0.55098
2026-05-30 04:00:00,3.99367,0,0.02924,0,0,0.00072,0,0.00066,0.20613,0.7689,1.08716,1.49255,0.00254,0.13678,0.46867,0,0,0,0,0,0,0.42392,1.92632,0.18234,0.50722,0.02159,3.17321,0.21826,0.02708,0.1115,0.20035,1.31088,1.35574,1.35773,0,2.06231,0.00083,0.13678,0.21826,1.35574,1.35773,0.46867,0.48701,0.42392,0.71362,2.06231,0.04474,0.55042
2026-05-30 05:00:00,4.0904,0,0.02921,0,0,0.00072,0,0.00065,0.20605,0.78131,1.0893,1.47057,0.00254,0.13679,0.46806,0,0,0,0,0,0,0.42361,1.94311,0.1801,0.50311,0.02159,3.17253,0.21831,0.02676,0.11082,0.20023,1.30484,1.35579,1.35773,0,2.06199,0.00082,0.13679,0.21831,1.35579,1.35773,0.46806,0.48674,0.42361,0.71337,2.06199,0.04465,0.5497
2026-05-30 06:00:00,4.18713,0,0.02919,0,0,0.00071,0,0.00065,0.20597,0.78821,1.09515,1.45625,0.00253,0.13681,0.46751,0,0,0,0,0,0,0.42332,1.9628,0.17785,0.49899,0.02159,3.17184,0.21836,0.02644,0.11016,0.20016,1.29882,1.35585,1.35771,0,2.06167,0.00082,0.13681,0.21836,1.35585,1.35771,0.46751,0.48644,0.42332,0.71314,2.06167,0.04459,0.54874
2026-05-30 07:00:00,4.09497,0,0.02917,0,0,0.00071,0,0.00065,0.20589,0.79398,1.10282,1.45069,0.00253,0.13682,0.46704,0,0,0,0,0,0,0.42304,1.98421,0.17684,0.49743,0.02159,3.17962,0.21839,0.02637,0.10979,0.2001,1.29513,1.3559,1.35771,0,2.06135,0.00082,0.13682,0.21839,1.3559,1.35771,0.46704,0.48611,0.42304,0.7129,2.06135,0.04454,0.54739
2026-05-30 08:00:00,4.00281,0,0.02914,0,0,0.00071,0,0.00064,0.2058,0.79983,1.11,1.45004,0.00252,0.13683,0.46661,0,0,0,0,0,0,0.42275,2.00654,0.17583,0.49586,0.0216,3.18739,0.21843,0.02628,0.10952,0.20006,1.29145,1.35595,1.3577,0,2.06105,0.00081,0.13683,0.21843,1.35595,1.3577,0.46661,0.48575,0.42275,0.71266,2.06105,0.04451,0.54538
2026-05-30 09:00:00,3.91066,0,0.02912,0,0,0.00071,0,0.00064,0.20572,0.80579,1.11508,1.45322,0.00252,0.13685,0.46624,0,0,0,0,0,0,0.42246,2.02826,0.17483,0.4943,0.0216,3.19517,0.21844,0.0262,0.10928,0.19999,1.28777,1.356,1.3577,0,2.06074,0.00081,0.13685,0.21844,1.356,1.3577,0.46624,0.48536,0.42246,0.71241,2.06074,0.04446,0.54202
2026-05-30 10:00:00,3.8185,0,0.02909,0,0,0.00071,0,0.00064,0.20564,0.80872,1.11917,1.45884,0.00251,0.13686,0.46591,0,0,0,0,0,0,0.42216,2.03814,0.17382,0.49273,0.0216,3.20295,0.21846,0.02611,0.10905,0.19991,1.28404,1.35605,1.3577,0,2.06044,0.00081,0.13686,0.21846,1.35605,1.3577,0.46591,0.48495,0.42216,0.71218,2.06044,0.04439,0.53529
2026-05-30 11:00:00,3.72634,0,0.02907,0,0,0.00071,0,0.00064,0.20556,0.80858,1.12256,1.46465,0.0025,0.13688,0.4656,0,0,0,0,0,0,0.42182,2.04072,0.17281,0.49117,0.0216,3.21072,0.21847,0.02602,0.10884,0.19982,1.28031,1.3561,1.35771,0,2.06013,0.0008,0.13688,0.21847,1.3561,1.35771,0.4656,0.48453,0.42182,0.71194,2.06013,0.04431,0.51513
2026-05-30 12:00:00,3.63418,0,0.02904,0,0,0.00071,0,0.00064,0.20549,0.80507,1.12569,1.46884,0.0025,0.13689,0.46533,0,0,0,0,0,0,0.42146,2.03941,0.1718,0.4896,0.02161,3.2185,0.21849,0.02594,0.10865,0.19974,1.2766,1.35616,1.3577,0,2.05984,0.0008,0.13689,0.21849,1.35616,1.3577,0.46533,0.48412,0.42146,0.7117,2.05984,0.04424,0.51327
2026-05-30 13:00:00,3.60462,0,0.02902,0,0,0.00071,0,0.00064,0.20542,0.79852,1.12681,1.47181,0.00249,0.13691,0.46508,0,0,0,0,0,0,0.42109,2.03598,0.17113,0.48683,0.02161,3.20178,0.2185,0.02573,0.10802,0.19968,1.27298,1.35621,1.35772,0,2.05955,0.00079,0.13691,0.2185,1.35621,1.35772,0.46508,0.48369,0.42109,0.71145,2.05955,0.04419,0.50417
2026-05-30 14:00:00,3.57507,0,0.029,0,0,0.00071,0,0.00064,0.20535,0.78869,1.12371,1.47403,0.00249,0.13693,0.46486,0,0,0,0,0,0,0.42069,2.03136,0.17047,0.48406,0.02161,3.18507,0.21852,0.02551,0.10734,0.19963,1.26937,1.35626,1.35772,0,2.05926,0.00078,0.13693,0.21852,1.35626,1.35772,0.46486,0.48327,0.42069,0.71121,2.05926,0.04416,0.49729
2026-05-30 15:00:00,3.54551,0,0.02897,0,0,0.00071,0,0.00064,0.20527,0.77863,1.11728,1.47589,0.00248,0.13694,0.46466,0,0,0,0,0,0,0.42029,2.02291,0.1698,0.48129,0.02162,3.16836,0.21853,0.02529,0.10666,0.19959,1.26577,1.35631,1.35773,0,2.05897,0.00078,0.13694,0.21853,1.35631,1.35773,0.46466,0.48285,0.42029,0.71096,2.05897,0.04412,0.49499
2026-05-30 16:00:00,3.51595,0,0.02895,0,0,0.00069,0,0.00063,0.2052,0.76843,1.10815,1.47618,0.00248,0.13696,0.46446,0,0,0,0,0,0,0.41989,2.00923,0.16913,0.47851,0.02162,3.15164,0.21853,0.02507,0.10594,0.19953,1.26213,1.35636,1.35775,0,2.05869,0.00077,0.13696,0.21853,1.35636,1.35775,0.46446,0.48243,0.41989,0.71071,2.05869,0.04405,0.49384
2026-05-30 17:00:00,3.4864,0,0.02893,0,0,0.00069,0,0.00063,0.20513,0.7581,1.09821,1.4728,0.00247,0.13697,0.46429,0,0,0,0,0,0,0.41947,1.99626,0.16847,0.47574,0.02162,3.13493,0.21854,0.02485,0.10519,0.19944,1.25846,1.35641,1.35775,0,2.05841,0.00076,0.13697,0.21854,1.35641,1.35775,0.46429,0.48203,0.41947,0.71045,2.05841,0.04396,0.49315
2026-05-30 18:00:00,3.45684,0,0.0289,0,0,0.00068,0,0.00063,0.20505,0.74432,1.08675,1.46589,0.00247,0.13699,0.46411,0,0,0,0,0,0,0.41907,1.98085,0.1678,0.47297,0.02162,3.11821,0.21854,0.02463,0.10447,0.19937,1.25483,1.35647,1.35777,0,2.05813,0.00075,0.13699,0.21854,1.35647,1.35777,0.46411,0.48164,0.41907,0.71018,2.05813,0.0439,0.49269
2026-05-30 19:00:00,3.45478,0,0.02888,0,0,0.00068,0,0.00063,0.20498,0.73006,1.07455,1.45642,0.00246,0.137,0.46396,0,0,0,0,0,0,0.41866,1.96389,0.16723,0.47149,0.02163,3.10008,0.21855,0.02481,0.10444,0.19931,1.25306,1.35652,1.35778,0,2.05785,0.00074,0.137,0.21855,1.35652,1.35778,0.46396,0.48126,0.41866,0.70991,2.05785,0.04385,0.49237
2026-05-30 20:00:00,3.45271,0,0.02887,0,0,0.00068,0,0.00063,0.20491,0.71567,1.06112,1.44619,0.00246,0.13702,0.4638,0,0,0,0,0,0,0.41826,1.94594,0.16665,0.47002,0.02163,3.08194,0.21856,0.02498,0.10454,0.19927,1.25132,1.35657,1.3578,0,2.05757,0.00074,0.13702,0.21856,1.35657,1.3578,0.4638,0.4809,0.41826,0.70964,2.05757,0.04382,0.49212
2026-05-30 21:00:00,3.45065,0,0.02884,0,0,0.00068,0,0.00063,0.20483,0.70786,1.04551,1.43499,0.00245,0.13703,0.46366,0,0,0,0,0,0,0.41787,1.92911,0.16608,0.46854,0.02163,3.06381,0.21856,0.02516,0.1047,0.19923,1.24957,1.35662,1.35781,0,2.05729,0.00073,0.13703,0.21856,1.35662,1.35781,0.46366,0.48055,0.41787,0.70936,2.05729,0.04378,0.49193
2026-05-30 22:00:00,3.44859,0,0.02882,0,0,0.00068,0,0.00062,0.20476,0.70005,1.02965,1.42311,0.00245,0.13704,0.46353,0,0,0,0,0,0,0.41749,1.91487,0.16551,0.46706,0.02163,3.04567,0.21857,0.02533,0.10491,0.19916,1.24779,1.35667,1.35783,0,2.057,0.00073,0.13704,0.21857,1.35667,1.35783,0.46353,0.48021,0.41749,0.70908,2.057,0.04372,0.49178
2026-05-30 23:00:00,3.44652,0,0.0288,0,0,0.00068,0,0.00061,0.20469,0.69204,1.01568,1.41031,0.00244,0.13706,0.46339,0,0,0,0,0,0,0.41712,1.90243,0.16493,0.46559,0.02164,3.02754,0.21857,0.0255,0.10515,0.19908,1.24601,1.35672,1.35785,0,2.05673,0.00072,0.13706,0.21857,1.35672,1.35785,0.46339,0.47988,0.41712,0.70879,2.05673,0.04365,0.49165
2026-05-31 00:00:00,3.44446,0,0.02878,0,0,0.00068,0,0.00061,0.20462,0.69795,1.00395,1.39571,0.00244,0.13707,0.46327,0,0,0,0,0,0,0.41676,1.89112,0.16436,0.46411,0.02164,3.0094,0.21856,0.02567,0.10538,0.19901,1.24423,1.35678,1.35787,0,2.05644,0.00072,0.13707,0.21856,1.35678,1.35787,0.46327,0.47956,0.41676,0.70849,2.05644,0.04359,0.49155
2026-05-31 01:00:00,3.43913,0,0.02876,0,0,0.00068,0,0.0006,0.20455,0.73244,0.99429,1.38049,0.00243,0.13709,0.4627,0,0,0,0,0,0,0.41641,1.88053,0.1647,0.46637,0.02209,3.00789,0.21857,0.02588,0.10596,0.19897,1.24376,1.35683,1.35789,0,2.05616,0.00072,0.13709,0.21857,1.35683,1.35789,0.4627,0.47926,0.41641,0.70819,2.05616,0.04355,0.49146
2026-05-31 02:00:00,3.4338,0,0.02874,0,0,0.00068,0,0.00059,0.20448,0.7607,0.98981,1.36674,0.00243,0.1371,0.46178,0,0,0,0,0,0,0.41608,1.8704,0.16504,0.46863,0.0221,3.00638,0.21861,0.02609,0.10651,0.19895,1.24332,1.35688,1.35791,0,2.05586,0.00071,0.1371,0.21861,1.35688,1.35791,0.46178,0.47896,0.41608,0.70789,2.05586,0.04353,0.49138
2026-05-31 03:00:00,3.42847,0,0.02872,0,0,0.00068,0,0.00059,0.20441,0.79722,0.99763,1.35521,0.00242,0.13712,0.46097,0,0,0,0,0,0,0.41576,1.8635,0.16538,0.47089,0.0221,3.00488,0.21868,0.02629,0.1071,0.1989,1.24284,1.35693,1.35793,0,2.05557,0.00071,0.13712,0.21868,1.35693,1.35793,0.46097,0.47868,0.41576,0.70758,2.05557,0.04349,0.49132
2026-05-31 04:00:00,3.42314,0,0.0287,0,0,0.00067,0,0.00058,0.20433,0.83495,1.01831,1.34758,0.00242,0.13713,0.46028,0,0,0,0,0,0,0.41545,1.86195,0.16571,0.47315,0.0221,3.00337,0.21874,0.02649,0.10768,0.19884,1.24235,1.35698,1.35796,0,2.05528,0.00071,0.13713,0.21874,1.35698,1.35796,0.46028,0.47841,0.41545,0.70727,2.05528,0.04343,0.49126
2026-05-31 05:00:00,3.41781,0,0.02868,0,0,0.00067,0,0.00057,0.20426,0.86985,1.04497,1.34331,0.00241,0.13714,0.45968,0,0,0,0,0,0,0.41515,1.86415,0.16605,0.47541,0.0221,3.00186,0.21879,0.0267,0.10827,0.19877,1.24186,1.35704,1.35799,0,2.05498,0.0007,0.13714,0.21879,1.35704,1.35799,0.45968,0.47815,0.41515,0.70697,2.05498,0.04336,0.49121
2026-05-31 06:00:00,3.41248,0,0.02866,0,0,0.00066,0,0.00057,0.20419,0.89765,1.07781,1.3445,0.00241,0.13716,0.45915,0,0,0,0,0,0,0.41487,1.86874,0.16639,0.47767,0.02211,3.00035,0.21884,0.0269,0.10885,0.19872,1.24138,1.35709,1.35801,0,2.05468,0.0007,0.13716,0.21884,1.35709,1.35801,0.45915,0.47787,0.41487,0.70667,2.05468,0.04331,0.49116
2026-05-31 07:00:00,3.40068,0,0.02864,0,0,0.00066,0,0.00057,0.20412,0.90831,1.12037,1.36345,0.0024,0.13717,0.4587,0,0,0,0,0,0,0.41458,1.87487,0.16668,0.4797,0.02211,3.00658,0.21886,0.02679,0.10928,0.19869,1.24039,1.35714,1.35804,0,2.05439,0.0007,0.13717,0.21886,1.35714,1.35804,0.4587,0.47756,0.41458,0.70637,2.05439,0.04327,0.49112
2026-05-31 08:00:00,3.38888,0,0.02862,0,0,0.00066,0,0.00056,0.20405,0.9192,1.16125,1.39018,0.0024,0.13719,0.45829,0,0,0,0,0,0,0.41432,1.88194,0.16697,0.48172,0.02211,3.0128,0.21889,0.02667,0.10956,0.19865,1.23941,1.3572,1.35806,0,2.0541,0.00069,0.13719,0.21889,1.3572,1.35806,0.45829,0.47722,0.41432,0.70607,2.0541,0.04324,0.49109
2026-05-31 09:00:00,3.37708,0,0.02859,0,0,0.00066,0,0.00056,0.20397,0.93007,1.18795,1.42156,0.00239,0.1372,0.45794,0,0,0,0,0,0,0.41404,1.88832,0.16726,0.48375,0.02211,3.01903,0.21892,0.02655,0.10982,0.19861,1.23842,1.35724,1.35809,0,2.05381,0.00069,0.1372,0.21892,1.35724,1.35809,0.45794,0.47683,0.41404,0.70577,2.05381,0.0432,0.49106
2026-05-31 10:00:00,3.36527,0,0.02856,0,0,0.00065,0,0.00056,0.20389,0.9369,1.20497,1.46159,0.00239,0.13722,0.45762,0,0,0,0,0,0,0.41374,1.89284,0.16754,0.48578,0.02212,3.02525,0.21894,0.02643,0.11001,0.19856,1.23739,1.35729,1.35811,0,2.05352,0.00069,0.13722,0.21894,1.35729,1.35811,0.45762,0.47644,0.41374,0.70547,2.05352,0.04314,0.49103
2026-05-31 11:00:00,3.35347,0,0.02852,0,0,0.00065,0,0.00055,0.20381,0.93926,1.21825,1.50262,0.00238,0.13723,0.45734,0,0,0,0,0,0,0.41342,1.89607,0.16783,0.4878,0.02212,3.03147,0.21896,0.02631,0.11019,0.19849,1.23637,1.35735,1.35814,0,2.05323,0.00068,0.13723,0.21896,1.35735,1.35814,0.45734,0.47604,0.41342,0.70518,2.05323,0.04307,0.491
2026-05-31 12:00:00,3.34167,0,0.02849,0,0,0.00065,0,0.00055,0.20373,0.93715,1.22876,1.53249,0.00237,0.13724,0.45709,0,0,0,0,0,0,0.41308,1.89838,0.16812,0.48983,0.02212,3.0377,0.21898,0.02619,0.11034,0.19843,1.23537,1.3574,1.35817,0,2.05295,0.00068,0.13724,0.21898,1.3574,1.35817,0.45709,0.47563,0.41308,0.70488,2.05295,0.04302,0.4875
2026-05-31 13:00:00,3.32906,0,0.02846,0,0,0.00065,0,0.00056,0.20364,0.92594,1.23482,1.55145,0.00237,0.13726,0.45685,0,0,0,0,0,0,0.41271,1.90016,0.16748,0.48837,0.02213,3.03114,0.21898,0.02589,0.10962,0.19839,1.23247,1.35745,1.3582,0,2.05267,0.00067,0.13726,0.21898,1.35745,1.3582,0.45685,0.47522,0.41271,0.70459,2.05267,0.04298,0.47793
2026-05-31 14:00:00,3.31645,0,0.02844,0,0,0.00065,0,0.00056,0.20355,0.91029,1.23557,1.56498,0.00236,0.13727,0.45665,0,0,0,0,0,0,0.41234,1.90172,0.16683,0.4869,0.02213,3.02459,0.21898,0.02557,0.1088,0.19835,1.22956,1.35751,1.35822,0,2.0524,0.00066,0.13727,0.21898,1.35751,1.35822,0.45665,0.47481,0.41234,0.7043,2.0524,0.04295,0.4729
2026-05-31 15:00:00,3.30384,0,0.02841,0,0,0.00064,0,0.00056,0.20347,0.89471,1.23012,1.57533,0.00236,0.13729,0.45645,0,0,0,0,0,0,0.41196,1.90086,0.16619,0.48544,0.02213,3.01804,0.21899,0.02526,0.10797,0.19832,1.22666,1.35756,1.35826,0,2.05212,0.00066,0.13729,0.21899,1.35756,1.35826,0.45645,0.4744,0.41196,0.70401,2.05212,0.04292,0.47122
2026-05-31 16:00:00,3.29122,0,0.02838,0,0,0.00064,0,0.00056,0.20339,0.8791,1.21828,1.58153,0.00235,0.1373,0.45628,0,0,0,0,0,0,0.41156,1.89618,0.16554,0.48397,0.02213,3.01148,0.219,0.02494,0.1071,0.19825,1.22372,1.35761,1.35828,0,2.05185,0.00065,0.1373,0.219,1.35761,1.35828,0.45628,0.47401,0.41156,0.70371,2.05185,0.04286,0.47039
2026-05-31 17:00:00,3.27861,0,0.02835,0,0,0.00063,0,0.00056,0.20331,0.86358,1.20359,1.58257,0.00235,0.13732,0.45613,0,0,0,0,0,0,0.41116,1.88889,0.1649,0.48251,0.02214,3.00493,0.21901,0.02462,0.10625,0.19819,1.22078,1.35767,1.35832,0,2.05157,0.00064,0.13732,0.21901,1.35767,1.35832,0.45613,0.47362,0.41116,0.70341,2.05157,0.04279,0.46988
2026-05-31 18:00:00,3.266,0,0.02833,0,0,0.00063,0,0.00056,0.20323,0.84377,1.18779,1.57756,0.00234,0.13733,0.45597,0,0,0,0,0,0,0.41077,1.87997,0.16425,0.48104,0.02214,2.99837,0.21902,0.02432,0.10535,0.19813,1.21785,1.35772,1.35834,0,2.0513,0.00063,0.13733,0.21902,1.35772,1.35834,0.45597,0.47324,0.41077,0.70311,2.0513,0.04273,0.46955
2026-05-31 19:00:00,3.27211,0,0.0283,0,0,0.00063,0,0.00055,0.20315,0.82519,1.17142,1.56639,0.00234,0.13734,0.45584,0,0,0,0,0,0,0.41037,1.86999,0.16359,0.47888,0.02214,2.98656,0.21903,0.0243,0.10471,0.19808,1.21557,1.35776,1.35838,0,2.05102,0.00062,0.13734,0.21903,1.35776,1.35838,0.45584,0.47287,0.41037,0.7028,2.05102,0.04269,0.46931
2026-05-31 20:00:00,3.27822,0,0.02828,0,0,0.00063,0,0.00055,0.20308,0.80665,1.15346,1.55182,0.00233,0.13736,0.4557,0,0,0,0,0,0,0.40999,1.85935,0.16293,0.47672,0.02214,2.97475,0.21903,0.02428,0.10414,0.19806,1.2133,1.35782,1.35841,0,2.05074,0.00062,0.13736,0.21903,1.35782,1.35841,0.4557,0.47253,0.40999,0.7025,2.05074,0.04267,0.46913
2026-05-31 21:00:00,3.28433,0,0.02826,0,0,0.00063,0,0.00054,0.203,0.7969,1.13339,1.53595,0.00233,0.13737,0.45557,0,0,0,0,0,0,0.4096,1.84965,0.16228,0.47457,0.02215,2.96294,0.21904,0.02426,0.10366,0.19801,1.21103,1.35787,1.35844,0,2.05047,0.00062,0.13737,0.21904,1.35787,1.35844,0.45557,0.47219,0.4096,0.70218,2.05047,0.04264,0.46899
2026-05-31 22:00:00,3.29043,0,0.02823,0,0,0.00062,0,0.00054,0.20293,0.78709,1.11388,1.51952,0.00232,0.13739,0.45546,0,0,0,0,0,0,0.40924,1.84207,0.16162,0.47241,0.02215,2.95113,0.21903,0.02424,0.10316,0.19795,1.20874,1.35791,1.35848,0,2.05019,0.00061,0.13739,0.21903,1.35791,1.35848,0.45546,0.47186,0.40924,0.70187,2.05019,0.04259,0.46888
2026-05-31 23:00:00,3.29654,0,0.02821,0,0,0.00062,0,0.00053,0.20286,0.77738,1.09784,1.50189,0.00232,0.1374,0.45534,0,0,0,0,0,0,0.40889,1.83604,0.16096,0.47025,0.02215,2.93932,0.21904,0.02422,0.10272,0.19789,1.20643,1.35797,1.3585,0,2.04991,0.0006,0.1374,0.21904,1.35797,1.3585,0.45534,0.47155,0.40889,0.70155,2.04991,0.04253,0.46879
2026-06-01 00:00:00,3.30265,0,0.02819,0,0,0.00062,0,0.00053,0.20279,0.78515,1.08598,1.48235,0.00231,0.13742,0.45523,0,0,0,0,0,0,0.40854,1.83099,0.1603,0.46809,0.02216,2.92751,0.21904,0.02421,0.10228,0.19785,1.20415,1.35802,1.35854,0,2.04963,0.0006,0.13742,0.21904,1.35802,1.35854,0.45523,0.47125,0.40854,0.70123,2.04963,0.04249,0.46871
2026-06-01 01:00:00,3.32032,0,0.02817,0,0,0.00061,0,0.00053,0.20272,0.81758,1.07802,1.46284,0.00231,0.13743,0.45468,0,0,0,0,0,0,0.40821,1.82656,0.1605,0.46942,0.02262,2.93071,0.21904,0.02444,0.10284,0.19779,1.20436,1.35807,1.35857,0,2.04934,0.0006,0.13743,0.21904,1.35807,1.35857,0.45468,0.47095,0.40821,0.70091,2.04934,0.04245,0.46864
2026-06-01 02:00:00,3.338,0,0.02815,0,0,0.00061,0,0.00052,0.20265,0.84156,1.07474,1.44622,0.0023,0.13744,0.45377,0,0,0,0,0,0,0.4079,1.82253,0.1607,0.47075,0.02262,2.9339,0.21909,0.02467,0.10347,0.19777,1.20458,1.35813,1.3586,0,2.04906,0.00059,0.13744,0.21909,1.35813,1.3586,0.45377,0.47067,0.4079,0.70057,2.04906,0.04243,0.46859
2026-06-01 03:00:00,3.35567,0,0.02813,0,0,0.00061,0,0.00052,0.20258,0.8749,1.08361,1.43372,0.0023,0.13746,0.45298,0,0,0,0,0,0,0.40758,1.82145,0.1609,0.47208,0.02262,2.9371,0.21916,0.0249,0.10416,0.19774,1.2048,1.35818,1.35863,0,2.04877,0.00059,0.13746,0.21916,1.35818,1.35863,0.45298,0.47041,0.40758,0.70025,2.04877,0.0424,0.46854
2026-06-01 04:00:00,3.37334,0,0.0281,0,0,0.0006,0,0.00052,0.20251,0.90865,1.10816,1.42525,0.00229,0.13747,0.4523,0,0,0,0,0,0,0.40729,1.82538,0.16109,0.4734,0.02263,2.9403,0.21922,0.02512,0.10485,0.19768,1.20497,1.35824,1.35867,0,2.04848,0.00059,0.13747,0.21922,1.35824,1.35867,0.4523,0.47015,0.40729,0.69992,2.04848,0.04234,0.4685
2026-06-01 05:00:00,3.39102,0,0.02808,0,0,0.0006,0,0.00052,0.20244,0.9384,1.13931,1.42132,0.00229,0.13749,0.45172,0,0,0,0,0,0,0.40701,1.83288,0.16129,0.47473,0.02263,2.94349,0.21926,0.02535,0.10557,0.19761,1.20514,1.35829,1.3587,0,2.04818,0.00058,0.13749,0.21926,1.35829,1.3587,0.45172,0.4699,0.40701,0.6996,2.04818,0.04227,0.46846
2026-06-01 06:00:00,3.40869,0,0.02806,0,0,0.0006,0,0.00052,0.20237,0.95918,1.17397,1.42775,0.00228,0.1375,0.45121,0,0,0,0,0,0,0.40673,1.84267,0.16149,0.47606,0.02263,2.94669,0.21931,0.02559,0.1063,0.19754,1.20534,1.35834,1.35874,0,2.0479,0.00058,0.1375,0.21931,1.35834,1.35874,0.45121,0.46964,0.40673,0.69927,2.0479,0.04222,0.46843
2026-06-01 07:00:00,3.40577,0,0.02804,0,0,0.0006,0,0.00052,0.20229,0.96916,1.20797,1.44881,0.00228,0.13752,0.45077,0,0,0,0,0,0,0.40647,1.85391,0.1617,0.4784,0.02264,2.95779,0.21935,0.02554,0.10689,0.1975,1.20544,1.3584,1.35877,0,2.04761,0.00058,0.13752,0.21935,1.3584,1.35877,0.45077,0.46936,0.40647,0.69895,2.04761,0.04218,0.4684
2026-06-01 08:00:00,3.40285,0,0.02802,0,0,0.0006,0,0.00052,0.20222,0.9792,1.23652,1.47845,0.00227,0.13753,0.45037,0,0,0,0,0,0,0.40622,1.86607,0.16191,0.48074,0.02264,2.9689,0.21938,0.02549,0.10738,0.19747,1.20554,1.35845,1.35881,0,2.04732,0.00057,0.13753,0.21938,1.35845,1.35881,0.45037,0.46903,0.40622,0.69863,2.04732,0.04215,0.46837
2026-06-01 09:00:00,3.39994,0,0.028,0,0,0.0006,0,0.00051,0.20215,0.98938,1.25667,1.51221,0.00227,0.13754,0.45004,0,0,0,0,0,0,0.40595,1.87712,0.16212,0.48309,0.02264,2.98001,0.2194,0.02544,0.10785,0.19744,1.20566,1.35849,1.35884,0,2.04703,0.00057,0.13754,0.2194,1.35849,1.35884,0.45004,0.46868,0.40595,0.69833,2.04703,0.04212,0.46835
2026-06-01 10:00:00,3.39702,0,0.02797,0,0,0.00059,0,0.0005,0.20207,0.9948,1.27131,1.54621,0.00226,0.13756,0.44973,0,0,0,0,0,0,0.40568,1.88561,0.16232,0.48543,0.02264,2.99111,0.21943,0.02539,0.10824,0.19738,1.20574,1.35855,1.35887,0,2.04674,0.00057,0.13756,0.21943,1.35855,1.35887,0.44973,0.46829,0.40568,0.69801,2.04674,0.04207,0.46833
2026-06-01 11:00:00,3.3941,0,0.02795,0,0,0.00059,0,0.0005,0.202,0.99541,1.28341,1.57586,0.00225,0.13757,0.44947,0,0,0,0,0,0,0.40538,1.89235,0.16253,0.48777,0.02265,3.00222,0.21945,0.02534,0.10864,0.19732,1.20582,1.3586,1.35891,0,2.04646,0.00056,0.13757,0.21945,1.3586,1.35891,0.44947,0.46791,0.40538,0.69771,2.04646,0.04201,0.46831
2026-06-01 12:00:00,3.39118,0,0.02793,0,0,0.00059,0,0.00049,0.20192,0.9912,1.29277,1.59778,0.00225,0.13759,0.44923,0,0,0,0,0,0,0.40505,1.898,0.16274,0.49011,0.02265,3.01332,0.21946,0.0253,0.10904,0.19728,1.20591,1.35865,1.35894,0,2.04618,0.00056,0.13759,0.21946,1.35865,1.35894,0.44923,0.46752,0.40505,0.69741,2.04618,0.04197,0.4672
2026-06-01 13:00:00,3.38116,0,0.02791,0,0,0.00059,0,0.00049,0.20185,0.97958,1.29736,1.61338,0.00224,0.1376,0.44901,0,0,0,0,0,0,0.40471,1.90295,0.16214,0.48942,0.02265,3.01116,0.21947,0.02508,0.10852,0.19725,1.20417,1.35871,1.35898,0,2.0459,0.00055,0.1376,0.21947,1.35871,1.35898,0.44901,0.46712,0.40471,0.69711,2.0459,0.04194,0.46476
2026-06-01 14:00:00,3.37113,0,0.02789,0,0,0.00058,0,0.00049,0.20178,0.9631,1.29637,1.62556,0.00224,0.13762,0.44882,0,0,0,0,0,0,0.40435,1.90739,0.16154,0.48872,0.02265,3.009,0.21948,0.02485,0.10792,0.19722,1.20243,1.35876,1.35901,0,2.04563,0.00054,0.13762,0.21948,1.35876,1.35901,0.44882,0.46673,0.40435,0.6968,2.04563,0.04192,0.45923
2026-06-01 15:00:00,3.36111,0,0.02787,0,0,0.00058,0,0.00048,0.2017,0.94648,1.28947,1.63493,0.00223,0.13763,0.44864,0,0,0,0,0,0,0.40398,1.90924,0.16095,0.48803,0.02266,3.00685,0.21948,0.02463,0.10732,0.19719,1.2007,1.3588,1.35905,0,2.04536,0.00054,0.13763,0.21948,1.3588,1.35905,0.44864,0.46634,0.40398,0.69651,2.04536,0.04189,0.45739
2026-06-01 16:00:00,3.35108,0,0.02785,0,0,0.00057,0,0.00048,0.20163,0.92992,1.2768,1.63997,0.00223,0.13763,0.44848,0,0,0,0,0,0,0.4036,1.90699,0.16035,0.48734,0.02266,3.00469,0.21949,0.02441,0.10669,0.19714,1.19893,1.35886,1.35908,0,2.04509,0.00053,0.13763,0.21949,1.35886,1.35908,0.44848,0.46596,0.4036,0.6962,2.04509,0.04184,0.45647
2026-06-01 17:00:00,3.34106,0,0.02783,0,0,0.00056,0,0.00048,0.20156,0.91326,1.26141,1.63958,0.00222,0.13765,0.44834,0,0,0,0,0,0,0.40321,1.902,0.15975,0.48664,0.02266,3.00253,0.2195,0.02418,0.10605,0.19708,1.19716,1.35891,1.35912,0,2.04482,0.00052,0.13765,0.2195,1.35891,1.35912,0.44834,0.46558,0.40321,0.6959,2.04482,0.04178,0.45592
2026-06-01 18:00:00,3.33103,0,0.02781,0,0,0.00056,0,0.00048,0.20148,0.89168,1.24492,1.63333,0.00222,0.13766,0.44819,0,0,0,0,0,0,0.40284,1.89524,0.15915,0.48595,0.02267,3.00037,0.2195,0.02397,0.10539,0.19705,1.1954,1.35896,1.35915,0,2.04455,0.00051,0.13766,0.2195,1.35896,1.35915,0.44819,0.46522,0.40284,0.69559,2.04455,0.04174,0.45555
2026-06-01 19:00:00,3.34214,0,0.02779,0,0,0.00056,0,0.00047,0.20139,0.87178,1.22773,1.62145,0.00221,0.13768,0.44807,0,0,0,0,0,0,0.40247,1.88737,0.1586,0.48492,0.02267,2.99242,0.21951,0.02408,0.10495,0.19701,1.1944,1.35902,1.35919,0,2.04428,0.00051,0.13768,0.21951,1.35902,1.35919,0.44807,0.46487,0.40247,0.69529,2.04428,0.04171,0.45529
2026-06-01 20:00:00,3.35326,0,0.02777,0,0,0.00055,0,0.00047,0.20131,0.8517,1.2087,1.60644,0.00221,0.13769,0.44794,0,0,0,0,0,0,0.40209,1.87879,0.15806,0.48388,0.02267,2.98447,0.21951,0.02418,0.10465,0.19699,1.19341,1.35907,1.35922,0,2.04401,0.0005,0.13769,0.21951,1.35907,1.35922,0.44794,0.46453,0.40209,0.69498,2.04401,0.04169,0.45509
2026-06-01 21:00:00,3.36437,0,0.02775,0,0,0.00055,0,0.00046,0.20123,0.84139,1.1875,1.59017,0.0022,0.13771,0.44783,0,0,0,0,0,0,0.40173,1.87147,0.15751,0.48285,0.02267,2.97652,0.21951,0.02429,0.1044,0.19695,1.19241,1.35911,1.35926,0,2.04375,0.0005,0.13771,0.21951,1.35911,1.35926,0.44783,0.4642,0.40173,0.69465,2.04375,0.04166,0.45494
2026-06-01 22:00:00,3.37548,0,0.02773,0,0,0.00055,0,0.00046,0.20115,0.83109,1.16718,1.57327,0.0022,0.13772,0.44771,0,0,0,0,0,0,0.40138,1.86681,0.15696,0.48181,0.02268,2.96857,0.21952,0.0244,0.10419,0.19689,1.19138,1.35917,1.3593,0,2.04348,0.00049,0.13772,0.21952,1.35917,1.3593,0.44771,0.46389,0.40138,0.69433,2.04348,0.04161,0.45481
2026-06-01 23:00:00,3.3866,0,0.02771,0,0,0.00055,0,0.00046,0.20107,0.8206,1.15063,1.55493,0.00219,0.13773,0.44761,0,0,0,0,0,0,0.40103,1.86405,0.15642,0.48077,0.02268,2.96062,0.21952,0.0245,0.10399,0.19682,1.19035,1.35922,1.35933,0,2.0432,0.00049,0.13773,0.21952,1.35922,1.35933,0.44761,0.46359,0.40103,0.69402,2.0432,0.04155,0.45471
2026-06-02 00:00:00,3.39771,0,0.02769,0,0,0.00055,0,0.00046,0.20099,0.82998,1.13802,1.53459,0.00219,0.13775,0.44752,0,0,0,0,0,0,0.4007,1.8625,0.15587,0.47974,0.02268,2.95267,0.21953,0.02462,0.1038,0.19678,1.18934,1.35927,1.35938,0,2.04293,0.00048,0.13775,0.21953,1.35927,1.35938,0.44752,0.4633,0.4007,0.6937,2.04293,0.04151,0.45463
2026-06-02 01:00:00,3.41522,0,0.02767,0,0,0.00055,0,0.00045,0.20091,0.86539,1.12783,1.51445,0.00218,0.13776,0.44697,0,0,0,0,0,0,0.40039,1.86172,0.15612,0.48167,0.02313,2.95922,0.21953,0.02487,0.10447,0.19675,1.19037,1.35933,1.35941,0,2.04265,0.00048,0.13776,0.21953,1.35933,1.35941,0.44697,0.46302,0.40039,0.69337,2.04265,0.04148,0.45456
2026-06-02 02:00:00,3.43273,0,0.02765,0,0,0.00055,0,0.00045,0.20084,0.89113,1.12627,1.49742,0.00218,0.13778,0.44608,0,0,0,0,0,0,0.40007,1.86142,0.15637,0.48361,0.02314,2.96576,0.21957,0.02512,0.10518,0.19672,1.19141,1.35938,1.35945,0,2.04237,0.00047,0.13778,0.21957,1.35938,1.35945,0.44608,0.46276,0.40007,0.69305,2.04237,0.04146,0.4545
2026-06-02 03:00:00,3.45024,0,0.02763,0,0,0.00055,0,0.00045,0.20077,0.92763,1.14209,1.48431,0.00217,0.13779,0.4453,0,0,0,0,0,0,0.39978,1.86369,0.15662,0.48555,0.02314,2.97231,0.21964,0.02537,0.10591,0.19669,1.19244,1.35942,1.35948,0,2.04209,0.00047,0.13779,0.21964,1.35942,1.35948,0.4453,0.46249,0.39978,0.69272,2.04209,0.04143,0.45445
2026-06-02 04:00:00,3.46775,0,0.02761,0,0,0.00054,0,0.00045,0.20069,0.96481,1.1707,1.47404,0.00217,0.13781,0.44463,0,0,0,0,0,0,0.3995,1.87009,0.15686,0.48748,0.02314,2.97885,0.21969,0.02562,0.10664,0.19663,1.19344,1.35948,1.35952,0,2.04181,0.00047,0.13781,0.21969,1.35948,1.35952,0.44463,0.46225,0.3995,0.69239,2.04181,0.04138,0.4544
2026-06-02 05:00:00,3.48526,0,0.02759,0,0,0.00054,0,0.00044,0.20062,0.99717,1.20347,1.47088,0.00216,0.13782,0.44406,0,0,0,0,0,0,0.39922,1.87938,0.15711,0.48941,0.02315,2.9854,0.21975,0.02587,0.1074,0.19657,1.19444,1.35953,1.35955,0,2.04152,0.00046,0.13782,0.21975,1.35953,1.35955,0.44406,0.46202,0.39922,0.69207,2.04152,0.04132,0.45436
2026-06-02 06:00:00,3.50277,0,0.02756,0,0,0.00054,0,0.00044,0.20055,1.01945,1.24115,1.48293,0.00216,0.13783,0.44356,0,0,0,0,0,0,0.39896,1.89049,0.15736,0.49135,0.02315,2.99194,0.21979,0.02613,0.10818,0.19653,1.19546,1.35959,1.35959,0,2.04124,0.00046,0.13783,0.21979,1.35959,1.35959,0.44356,0.46178,0.39896,0.69175,2.04124,0.04128,0.45432
2026-06-02 07:00:00,3.49892,0,0.02755,0,0,0.00054,0,0.00044,0.20048,1.02851,1.27797,1.50872,0.00215,0.13785,0.44313,0,0,0,0,0,0,0.39872,1.90276,0.15751,0.49319,0.02315,3.00259,0.21983,0.02602,0.10863,0.1965,1.19586,1.35964,1.35962,0,2.04096,0.00046,0.13785,0.21983,1.35964,1.35962,0.44313,0.46151,0.39872,0.69143,2.04096,0.04125,0.45429
2026-06-02 08:00:00,3.49506,0,0.02753,0,0,0.00054,0,0.00043,0.2004,1.03761,1.3081,1.54051,0.00215,0.13786,0.44274,0,0,0,0,0,0,0.39847,1.91578,0.15766,0.49502,0.02315,3.01325,0.21986,0.0259,0.10895,0.19647,1.19624,1.35969,1.35966,0,2.04067,0.00045,0.13786,0.21986,1.35969,1.35966,0.44274,0.4612,0.39847,0.69111,2.04067,0.04123,0.45426
2026-06-02 09:00:00,3.49121,0,0.02751,0,0,0.00053,0,0.00042,0.20033,1.04675,1.32844,1.57685,0.00214,0.13788,0.44241,0,0,0,0,0,0,0.39823,1.9272,0.15781,0.49686,0.02316,3.0239,0.21988,0.02579,0.10921,0.19645,1.19664,1.35975,1.3597,0,2.04039,0.00045,0.13788,0.21988,1.35975,1.3597,0.44241,0.46086,0.39823,0.6908,2.04039,0.0412,0.45423
2026-06-02 10:00:00,3.48736,0,0.02749,0,0,0.00053,0,0.00042,0.20025,1.05059,1.34254,1.61359,0.00214,0.13789,0.44211,0,0,0,0,0,0,0.39797,1.93543,0.15796,0.4987,0.02316,3.03455,0.2199,0.02568,0.10947,0.1964,1.19701,1.3598,1.35974,0,2.04011,0.00045,0.13789,0.2199,1.3598,1.35974,0.44211,0.4605,0.39797,0.69049,2.04011,0.04115,0.45421
2026-06-02 11:00:00,3.4835,0,0.02746,0,0,0.00052,0,0.00041,0.20018,1.04898,1.35358,1.645,0.00213,0.13791,0.44186,0,0,0,0,0,0,0.39768,1.94158,0.15811,0.50053,0.02316,3.04521,0.21991,0.02556,0.10966,0.19634,1.19736,1.35985,1.35978,0,2.03983,0.00044,0.13791,0.21991,1.35985,1.35978,0.44186,0.46013,0.39768,0.69019,2.03983,0.04109,0.45419
2026-06-02 12:00:00,3.47965,0,0.02744,0,0,0.00052,0,0.00041,0.20011,1.04196,1.36126,1.66731,0.00212,0.13792,0.44164,0,0,0,0,0,0,0.39738,1.94627,0.15826,0.50237,0.02316,3.05586,0.21993,0.02546,0.10985,0.19629,1.19774,1.35991,1.35981,0,2.03956,0.00044,0.13792,0.21993,1.35991,1.35981,0.44164,0.45974,0.39738,0.68989,2.03956,0.04105,0.45308
2026-06-02 13:00:00,3.47025,0,0.02742,0,0,0.00052,0,0.00041,0.20004,1.02761,1.36359,1.68243,0.00212,0.13793,0.44142,0,0,0,0,0,0,0.39705,1.95009,0.15758,0.50083,0.02317,3.05192,0.21994,0.02524,0.10926,0.19627,1.19634,1.35996,1.35985,0,2.0393,0.00043,0.13793,0.21994,1.35996,1.35985,0.44142,0.45936,0.39705,0.6896,2.0393,0.04102,0.45032
2026-06-02 14:00:00,3.46085,0,0.02741,0,0,0.00052,0,0.0004,0.19996,1.00799,1.35967,1.69356,0.00211,0.13795,0.44124,0,0,0,0,0,0,0.3967,1.95347,0.1569,0.4993,0.02317,3.04798,0.21995,0.02502,0.10864,0.19625,1.19494,1.36001,1.35988,0,2.03903,0.00043,0.13795,0.21995,1.36001,1.35988,0.44124,0.45897,0.3967,0.6893,2.03903,0.041,0.44619
2026-06-02 15:00:00,3.45145,0,0.02738,0,0,0.00052,0,0.0004,0.19989,0.98839,1.34958,1.7013,0.00211,0.13796,0.44107,0,0,0,0,0,0,0.39635,1.95426,0.15622,0.49776,0.02317,3.04404,0.21997,0.0248,0.10798,0.19622,1.19354,1.36006,1.35992,0,2.03876,0.00042,0.13796,0.21997,1.36006,1.35992,0.44107,0.45859,0.39635,0.68901,2.03876,0.04097,0.44481
2026-06-02 16:00:00,3.44204,0,0.02736,0,0,0.00051,0,0.00041,0.19982,0.96899,1.33369,1.70413,0.0021,0.13798,0.44092,0,0,0,0,0,0,0.39598,1.95114,0.15553,0.49622,0.02318,3.04009,0.21997,0.02458,0.10729,0.19616,1.19211,1.36011,1.35995,0,2.0385,0.00041,0.13798,0.21997,1.36011,1.35995,0.44092,0.45822,0.39598,0.68871,2.0385,0.04092,0.44412
2026-06-02 17:00:00,3.43264,0,0.02734,0,0,0.00051,0,0.00041,0.19974,0.94971,1.31518,1.70088,0.0021,0.13799,0.44078,0,0,0,0,0,0,0.39561,1.94547,0.15485,0.49469,0.02318,3.03615,0.21997,0.02436,0.10664,0.19609,1.19067,1.36016,1.36,0,2.03824,0.00041,0.13799,0.21997,1.36016,1.36,0.44078,0.45786,0.39561,0.68841,2.03824,0.04086,0.44371
2026-06-02 18:00:00,3.42324,0,0.02732,0,0,0.00051,0,0.0004,0.19966,0.92527,1.29569,1.69142,0.00209,0.13801,0.44065,0,0,0,0,0,0,0.39524,1.93818,0.15417,0.49315,0.02318,3.03221,0.21998,0.02415,0.10594,0.19605,1.18926,1.36022,1.36003,0,2.03798,0.0004,0.13801,0.21998,1.36022,1.36003,0.44065,0.45751,0.39524,0.68811,2.03798,0.04082,0.44343
2026-06-02 19:00:00,3.43406,0,0.0273,0,0,0.0005,0,0.0004,0.19957,0.9024,1.27551,1.67622,0.00209,0.13802,0.44053,0,0,0,0,0,0,0.39487,1.92984,0.15354,0.49167,0.02318,3.02369,0.21998,0.02426,0.10553,0.19603,1.18853,1.36027,1.36007,0,2.03772,0.0004,0.13802,0.21998,1.36027,1.36007,0.44053,0.45717,0.39487,0.6878,2.03772,0.04079,0.44324
2026-06-02 20:00:00,3.44489,0,0.02728,0,0,0.0005,0,0.0004,0.19948,0.87962,1.25359,1.6579,0.00208,0.13803,0.44041,0,0,0,0,0,0,0.39451,1.92084,0.1529,0.49019,0.02319,3.01518,0.21998,0.02437,0.1052,0.19601,1.18782,1.36032,1.3601,0,2.03746,0.00039,0.13803,0.21998,1.36032,1.3601,0.44041,0.45682,0.39451,0.6875,2.03746,0.04077,0.44309
2026-06-02 21:00:00,3.45571,0,0.02726,0,0,0.0005,0,0.00039,0.1994,0.86747,1.22941,1.63839,0.00208,0.13805,0.44031,0,0,0,0,0,0,0.39417,1.91321,0.15227,0.48871,0.02319,3.00666,0.21999,0.02448,0.10492,0.19597,1.1871,1.36037,1.36014,0,2.0372,0.00039,0.13805,0.21999,1.36037,1.36014,0.44031,0.45651,0.39417,0.68719,2.0372,0.04075,0.44297
2026-06-02 22:00:00,3.46653,0,0.02722,0,0,0.00049,0,0.00038,0.19932,0.85536,1.20633,1.61825,0.00207,0.13806,0.4402,0,0,0,0,0,0,0.39381,1.9084,0.15164,0.48723,0.02319,2.99814,0.21999,0.02458,0.1047,0.19593,1.18634,1.36042,1.36017,0,2.03694,0.00038,0.13806,0.21999,1.36042,1.36017,0.4402,0.45621,0.39381,0.68688,2.03694,0.04071,0.44288
2026-06-02 23:00:00,3.47736,0,0.02719,0,0,0.00049,0,0.00038,0.19924,0.84331,1.1875,1.59674,0.00207,0.13808,0.44011,0,0,0,0,0,0,0.39348,1.90551,0.151,0.48575,0.0232,2.98963,0.22,0.0247,0.10446,0.19588,1.18561,1.36047,1.36022,0,2.03667,0.00038,0.13808,0.22,1.36047,1.36022,0.44011,0.45591,0.39348,0.68657,2.03667,0.04067,0.44281
2026-06-03 00:00:00,3.48818,0,0.02716,0,0,0.00049,0,0.00037,0.19916,0.85209,1.17283,1.57319,0.00206,0.13809,0.44002,0,0,0,0,0,0,0.39316,1.90386,0.15037,0.48427,0.0232,2.98111,0.22,0.02481,0.10428,0.19583,1.18487,1.36053,1.36025,0,2.0364,0.00037,0.13809,0.22,1.36053,1.36025,0.44002,0.45564,0.39316,0.68625,2.0364,0.04063,0.44274
2026-06-03 01:00:00,3.50215,0,0.02713,0,0,0.00049,0,0.00037,0.19908,0.88663,1.161,1.54992,0.00206,0.13811,0.43949,0,0,0,0,0,0,0.39285,1.90298,0.15011,0.4851,0.02366,2.98548,0.22001,0.02498,0.10471,0.19581,1.18563,1.36058,1.36029,0,2.03614,0.00037,0.13811,0.22001,1.36058,1.36029,0.43949,0.45537,0.39285,0.68594,2.03614,0.04061,0.44269
2026-06-03 02:00:00,3.51613,0,0.0271,0,0,0.00049,0,0.00037,0.19901,0.91081,1.15858,1.53013,0.00205,0.13812,0.4386,0,0,0,0,0,0,0.39255,1.9026,0.14986,0.48593,0.02366,2.98986,0.22004,0.02514,0.10513,0.19578,1.18639,1.36063,1.36033,0,2.03587,0.00036,0.13812,0.22004,1.36063,1.36033,0.4386,0.45511,0.39255,0.68561,2.03587,0.04059,0.44265
2026-06-03 03:00:00,3.5301,0,0.02707,0,0,0.00049,0,0.00036,0.19894,0.94566,1.17354,1.51451,0.00205,0.13813,0.43783,0,0,0,0,0,0,0.39227,1.90456,0.1496,0.48675,0.02367,2.99423,0.22011,0.02531,0.1056,0.19576,1.18715,1.36068,1.36036,0,2.03559,0.00036,0.13813,0.22011,1.36068,1.36036,0.43783,0.45486,0.39227,0.6853,2.03559,0.04057,0.44261
2026-06-03 04:00:00,3.54407,0,0.02704,0,0,0.00049,0,0.00036,0.19887,0.98073,1.20082,1.50206,0.00204,0.13815,0.43717,0,0,0,0,0,0,0.39199,1.91019,0.14934,0.48758,0.02367,2.9986,0.22017,0.02548,0.10606,0.19572,1.18788,1.36073,1.36041,0,2.03533,0.00036,0.13815,0.22017,1.36073,1.36041,0.43717,0.45463,0.39199,0.68498,2.03533,0.04053,0.44257
2026-06-03 05:00:00,3.55805,0,0.02702,0,0,0.00049,0,0.00036,0.1988,1.01063,1.23183,1.49739,0.00204,0.13816,0.43659,0,0,0,0,0,0,0.39173,1.91832,0.14909,0.48841,0.02367,3.00298,0.22023,0.02565,0.10653,0.19567,1.18862,1.36079,1.36044,0,2.03505,0.00035,0.13816,0.22023,1.36079,1.36044,0.43659,0.4544,0.39173,0.68466,2.03505,0.04049,0.44254
2026-06-03 06:00:00,3.57202,0,0.02699,0,0,0.00049,0,0.00036,0.19872,1.03008,1.26725,1.50812,0.00203,0.13818,0.4361,0,0,0,0,0,0,0.39148,1.92804,0.14883,0.48924,0.02367,3.00735,0.22027,0.02582,0.10699,0.19563,1.18937,1.36084,1.36048,0,2.03478,0.00035,0.13818,0.22027,1.36084,1.36048,0.4361,0.45417,0.39148,0.68434,2.03478,0.04046,0.44251
2026-06-03 07:00:00,3.56589,0,0.02697,0,0,0.00049,0,0.00035,0.19865,1.03647,1.30121,1.53225,0.00203,0.13819,0.43568,0,0,0,0,0,0,0.39124,1.93876,0.14877,0.48991,0.02368,3.01489,0.22031,0.02564,0.10716,0.19561,1.18928,1.36089,1.36051,0,2.0345,0.00035,0.13819,0.22031,1.36089,1.36051,0.43568,0.45391,0.39124,0.68403,2.0345,0.04043,0.44249
2026-06-03 08:00:00,3.55977,0,0.02694,0,0,0.00049,0,0.00035,0.19858,1.04288,1.32811,1.56197,0.00202,0.13821,0.43531,0,0,0,0,0,0,0.39101,1.95013,0.1487,0.49057,0.02368,3.02243,0.22034,0.02546,0.10718,0.1956,1.18919,1.36095,1.36055,0,2.03423,0.00034,0.13821,0.22034,1.36095,1.36055,0.43531,0.45362,0.39101,0.68373,2.03423,0.04042,0.44247
2026-06-03 09:00:00,3.55364,0,0.02692,0,0,0.00048,0,0.00035,0.1985,1.0493,1.34516,1.59576,0.00202,0.13822,0.43498,0,0,0,0,0,0,0.39076,1.9598,0.14864,0.49124,0.02368,3.02998,0.22037,0.02528,0.10715,0.19557,1.1891,1.361,1.36059,0,2.03395,0.00034,0.13822,0.22037,1.361,1.36059,0.43498,0.45329,0.39076,0.68343,2.03395,0.04039,0.44245
2026-06-03 10:00:00,3.54751,0,0.0269,0,0,0.00048,0,0.00035,0.19843,1.0503,1.35602,1.62941,0.00201,0.13823,0.43469,0,0,0,0,0,0,0.39052,1.96626,0.14858,0.49191,0.02369,3.03752,0.22038,0.02509,0.10707,0.19552,1.18897,1.36105,1.36063,0,2.03368,0.00034,0.13823,0.22038,1.36105,1.36063,0.43469,0.45295,0.39052,0.68313,2.03368,0.04034,0.44243
2026-06-03 11:00:00,3.54139,0,0.02687,0,0,0.00047,0,0.00034,0.19835,1.04605,1.36381,1.65729,0.00201,0.13825,0.43444,0,0,0,0,0,0,0.39025,1.97061,0.14851,0.49257,0.02369,3.04506,0.2204,0.02492,0.10699,0.19546,1.18885,1.36111,1.36066,0,2.03342,0.00033,0.13825,0.2204,1.36111,1.36066,0.43444,0.45258,0.39025,0.68284,2.03342,0.04029,0.44241
2026-06-03 12:00:00,3.53526,0,0.02685,0,0,0.00047,0,0.00034,0.19828,1.03644,1.36825,1.67597,0.002,0.13826,0.43423,0,0,0,0,0,0,0.38995,1.97364,0.14845,0.49324,0.02369,3.0526,0.22041,0.02474,0.10688,0.19542,1.18874,1.36116,1.3607,0,2.03316,0.00033,0.13826,0.22041,1.36116,1.3607,0.43423,0.45221,0.38995,0.68255,2.03316,0.04025,0.43916
2026-06-03 13:00:00,3.57248,0,0.02683,0,0,0.00047,0,0.00034,0.1982,1.02769,1.36778,1.688,0.00199,0.13828,0.43402,0,0,0,0,0,0,0.38964,1.97591,0.14829,0.49237,0.02369,3.05274,0.22044,0.02451,0.10619,0.1954,1.18745,1.36121,1.36073,0,2.0329,0.00033,0.13828,0.22044,1.36121,1.36073,0.43402,0.45183,0.38964,0.68226,2.0329,0.04023,0.43386
2026-06-03 14:00:00,3.6097,0,0.02681,0,0,0.00047,0,0.00033,0.19813,1.01363,1.36273,1.69696,0.00199,0.13829,0.43384,0,0,0,0,0,0,0.38931,1.97754,0.14813,0.49149,0.0237,3.05287,0.22045,0.02427,0.10545,0.1954,1.18616,1.36127,1.36077,0,2.03264,0.00033,0.13829,0.22045,1.36127,1.36077,0.43384,0.45145,0.38931,0.68197,2.03264,0.04023,0.43386
2026-06-03 15:00:00,3.64693,0,0.02679,0,0,0.00047,0,0.00033,0.19806,0.99969,1.35494,1.70322,0.00198,0.1383,0.43368,0,0,0,0,0,0,0.38895,1.97905,0.14797,0.49062,0.0237,3.05301,0.22047,0.02404,0.10469,0.19542,1.18493,1.36131,1.36082,0,2.03238,0.00033,0.1383,0.22047,1.36131,1.36082,0.43368,0.45107,0.38895,0.68169,2.03238,0.04026,0.43386
2026-06-03 16:00:00,3.68415,0,0.02677,0,0,0.00046,0,0.00033,0.19798,0.98568,1.34437,1.70535,0.00198,0.13831,0.43353,0,0,0,0,0,0,0.3886,1.98072,0.14781,0.48975,0.0237,3.05315,0.22048,0.02381,0.10394,0.1955,1.18373,1.36136,1.36085,0,2.03213,0.00033,0.13831,0.22048,1.36136,1.36085,0.43353,0.45071,0.3886,0.6814,2.03213,0.04034,0.43386
2026-06-03 17:00:00,3.72137,0,0.02675,0,0,0.00046,0,0.00032,0.1979,0.97181,1.3323,1.70313,0.00197,0.13832,0.43339,0,0,0,0,0,0,0.38824,1.98249,0.14765,0.48887,0.0237,3.05328,0.22049,0.02358,0.10317,0.1956,1.18255,1.36142,1.36089,0,2.03188,0.00033,0.13832,0.22049,1.36142,1.36089,0.43339,0.45036,0.38824,0.68111,2.03188,0.04045,0.43386
2026-06-03 18:00:00,3.75859,0,0.02673,0,0,0.00046,0,0.00032,0.19782,0.95275,1.31963,1.69791,0.00197,0.13834,0.43327,0,0,0,0,0,0,0.38787,1.98432,0.14749,0.488,0.02371,3.05342,0.2205,0.02335,0.10243,0.19569,1.18137,1.36147,1.36092,0,2.03163,0.00033,0.13834,0.2205,1.36147,1.36092,0.43327,0.45002,0.38787,0.68082,2.03163,0.04054,0.43386
2026-06-03 19:00:00,3.74533,0,0.02673,0,0,0.00046,0,0.00032,0.19774,0.93719,1.30757,1.69027,0.00196,0.13835,0.43316,0,0,0,0,0,0,0.38751,1.98619,0.14984,0.49467,0.02371,3.07368,0.22051,0.02485,0.10605,0.1958,1.19043,1.36152,1.36096,0,2.03139,0.00037,0.13835,0.22051,1.36152,1.36096,0.43316,0.44968,0.38751,0.68053,2.03139,0.04067,0.43386
2026-06-03 20:00:00,3.73207,0,0.02675,0,0,0.00045,0,0.00031,0.19765,0.92149,1.29582,1.6813,0.00196,0.13837,0.43304,0,0,0,0,0,0,0.38716,1.98809,0.15219,0.50134,0.02371,3.09394,0.22052,0.02634,0.11024,0.19597,1.19952,1.36158,1.361,0,2.03114,0.00041,0.13837,0.22052,1.36158,1.361,0.43304,0.44936,0.38716,0.68023,2.03114,0.04083,0.43386
2026-06-03 21:00:00,3.71882,0,0.02683,0,0,0.00045,0,0.0003,0.19757,0.91645,1.28398,1.67183,0.00195,0.13838,0.43294,0,0,0,0,0,0,0.38681,1.9942,0.15455,0.50801,0.02372,3.1142,0.22053,0.02784,0.11476,0.19628,1.20877,1.36162,1.36104,0,2.03089,0.00045,0.13838,0.22053,1.36162,1.36104,0.43294,0.44905,0.38681,0.67993,2.03089,0.04114,0.43386
2026-06-03 22:00:00,3.70556,0,0.02697,0,0,0.00045,0,0.0003,0.1975,0.91141,1.27509,1.66291,0.00195,0.1384,0.43284,0,0,0,0,0,0,0.38648,2.00713,0.1569,0.51467,0.02372,3.13446,0.22054,0.02934,0.11946,0.19697,1.2184,1.36167,1.36107,0,2.03063,0.00049,0.1384,0.22054,1.36167,1.36107,0.43284,0.44874,0.38648,0.67963,2.03063,0.04184,0.43386
2026-06-03 23:00:00,3.6923,0,0.02713,0,0,0.00044,0,0.00029,0.19742,0.90625,1.2716,1.65454,0.00194,0.13841,0.43275,0,0,0,0,0,0,0.38616,2.02826,0.15925,0.52134,0.02372,3.15472,0.22055,0.03084,0.12429,0.19788,1.22824,1.36173,1.36111,0,2.03038,0.00053,0.13841,0.22055,1.36173,1.36111,0.43275,0.44845,0.38616,0.67933,2.03038,0.04275,0.43386
2026-06-04 00:00:00,3.67904,0,0.02729,0,0,0.00044,0,0.00029,0.19734,0.92246,1.27271,1.6463,0.00194,0.13842,0.43267,0,0,0,0,0,0,0.38584,2.05176,0.1616,0.52801,0.02372,3.17498,0.22057,0.03234,0.12913,0.19856,1.23787,1.36178,1.36114,0,2.03012,0.00057,0.13842,0.22057,1.36178,1.36114,0.43267,0.44818,0.38584,0.67903,2.03012,0.04345,0.43386
2026-06-04 01:00:00,3.6867,0,0.02744,0,0,0.00044,0,0.00029,0.19727,0.95752,1.27648,1.63948,0.00193,0.13844,0.43214,0,0,0,0,0,0,0.38554,2.07583,0.16383,0.52966,0.02419,3.19001,0.22056,0.03258,0.13004,0.19897,1.23854,1.36183,1.36119,0,2.02986,0.00053,0.13844,0.22056,1.36183,1.36119,0.43214,0.44792,0.38554,0.67872,2.02986,0.04385,0.43386
2026-06-04 02:00:00,3.69436,0,0.02756,0,0,0.00044,0,0.00029,0.1972,0.98169,1.28895,1.63602,0.00193,0.13845,0.43126,0,0,0,0,0,0,0.38525,2.10019,0.16605,0.53131,0.02419,3.20505,0.22061,0.03282,0.1305,0.19902,1.23886,1.36189,1.36122,0,2.0296,0.0005,0.13845,0.22061,1.36189,1.36122,0.43126,0.44766,0.38525,0.67842,2.0296,0.04389,0.43386
2026-06-04 03:00:00,3.70202,0,0.02766,0,0,0.00043,0,0.00029,0.19712,1.01657,1.31461,1.63634,0.00192,0.13847,0.43049,0,0,0,0,0,0,0.38496,2.1177,0.16828,0.53296,0.02419,3.22008,0.2207,0.03307,0.13077,0.19889,1.239,1.36193,1.36126,0,2.02934,0.00046,0.13847,0.2207,1.36193,1.36126,0.43049,0.44742,0.38496,0.6781,2.02934,0.04375,0.43386
2026-06-04 04:00:00,3.70967,0,0.02773,0,0,0.00043,0,0.00029,0.19705,1.05141,1.34812,1.63908,0.00192,0.13848,0.42984,0,0,0,0,0,0,0.38469,2.12381,0.1705,0.5346,0.02419,3.23511,0.22076,0.03331,0.13092,0.19818,1.23856,1.36199,1.3613,0,2.02908,0.00042,0.13848,0.22076,1.36199,1.3613,0.42984,0.44719,0.38469,0.6778,2.02908,0.04304,0.43386
2026-06-04 05:00:00,3.71733,0,0.02778,0,0,0.00042,0,0.00029,0.19698,1.08075,1.38353,1.6485,0.00191,0.1385,0.42927,0,0,0,0,0,0,0.38443,2.1231,0.17273,0.53625,0.0242,3.25015,0.22082,0.03356,0.13097,0.19717,1.23781,1.36204,1.36134,0,2.02881,0.00039,0.1385,0.22082,1.36204,1.36134,0.42927,0.44697,0.38443,0.67749,2.02881,0.04201,0.43386
2026-06-04 06:00:00,3.72499,0,0.02781,0,0,0.00042,0,0.00029,0.1969,1.09947,1.42188,1.66962,0.00191,0.13851,0.42878,0,0,0,0,0,0,0.38418,2.11872,0.17495,0.5379,0.0242,3.26518,0.22087,0.0338,0.13102,0.1964,1.2373,1.36209,1.36138,0,2.02855,0.00035,0.13851,0.22087,1.36209,1.36138,0.42878,0.44674,0.38418,0.67719,2.02855,0.04123,0.43386
2026-06-04 07:00:00,3.71816,0,0.02782,0,0,0.00042,0,0.00029,0.19683,1.10113,1.45642,1.69961,0.0019,0.13852,0.42837,0,0,0,0,0,0,0.38395,2.11237,0.17395,0.53416,0.0242,3.25281,0.2209,0.03303,0.12966,0.19584,1.23367,1.36215,1.36141,0,2.02829,0.00034,0.13852,0.2209,1.36215,1.36141,0.42837,0.44649,0.38395,0.67689,2.02829,0.04065,0.43386
2026-06-04 08:00:00,3.71134,0,0.0278,0,0,0.00042,0,0.00029,0.19675,1.10265,1.48053,1.73274,0.0019,0.13854,0.42799,0,0,0,0,0,0,0.38372,2.10494,0.17295,0.53043,0.02421,3.24043,0.22092,0.03226,0.12791,0.19558,1.23036,1.3622,1.36145,0,2.02802,0.00032,0.13854,0.22092,1.3622,1.36145,0.42799,0.44621,0.38372,0.6766,2.02802,0.04039,0.43386
2026-06-04 09:00:00,3.70451,0,0.02772,0,0,0.00042,0,0.00029,0.19668,1.10405,1.49172,1.76841,0.00189,0.13855,0.42768,0,0,0,0,0,0,0.38349,2.09705,0.17195,0.52669,0.02421,3.22806,0.22095,0.03149,0.12603,0.19532,1.22705,1.36224,1.36149,0,2.02776,0.00031,0.13855,0.22095,1.36224,1.36149,0.42768,0.4459,0.38349,0.67631,2.02776,0.04013,0.43386
2026-06-04 10:00:00,3.69768,0,0.02758,0,0,0.00041,0,0.00029,0.1966,1.10029,1.49482,1.80181,0.00189,0.13857,0.42739,0,0,0,0,0,0,0.38325,2.08901,0.17095,0.52295,0.02421,3.21569,0.22097,0.03072,0.12402,0.19512,1.22379,1.3623,1.36153,0,2.0275,0.00029,0.13857,0.22097,1.3623,1.36153,0.42739,0.44556,0.38325,0.67602,2.0275,0.03993,0.43386
2026-06-04 11:00:00,3.69086,0,0.02743,0,0,0.00041,0,0.00029,0.19653,1.09144,1.49351,1.82636,0.00188,0.13858,0.42714,0,0,0,0,0,0,0.38299,2.0809,0.16995,0.51922,0.02421,3.20331,0.22099,0.02996,0.12197,0.195,1.22061,1.36235,1.36156,0,2.02726,0.00027,0.13858,0.22099,1.36235,1.36156,0.42714,0.4452,0.38299,0.67574,2.02726,0.0398,0.43386
2026-06-04 12:00:00,3.68403,0,0.02727,0,0,0.00041,0,0.00028,0.19645,1.07753,1.48819,1.83856,0.00187,0.1386,0.42693,0,0,0,0,0,0,0.38271,2.07275,0.16895,0.51548,0.02422,3.19094,0.22101,0.02919,0.11987,0.19489,1.21745,1.3624,1.3616,0,2.02701,0.00026,0.1386,0.22101,1.3624,1.3616,0.42693,0.44483,0.38271,0.67546,2.02701,0.03969,0.43389
